accuracy,aupr_oos,auroc,calibration_embedding_sha256,checkpoint_sha256,dataset,f1_all,f1_k,f1_u,false_accept_rate,false_reject_rate,fpr95,id_recall,input_sample_order_hash,kir,known_recall,method,oos_f1,oos_precision,oos_recall,oos_rejection,oos_used_for_training,representation_mode,seed,split_validation,stage,test_embedding_sha256,test_used_for_selection,train_embedding_sha256,trainable_parameters,training_time_seconds,source_stage,metrics_path,representation,distance,boundary,supervision,protocol_version,effective_cluster_count,minimum_cluster_size,run_dir
0.8717532467532467,0.968786301571126,0.9256567604355717,89174d7f6c2a42642e0340052d648fb4ba1d52f58b7c995d0e338719ce940537,a59ebd5a8e4753eb9a6eaa43a2ce417e3d6a9bf9e48acf1aba14cebea36e1938,banking77,0.7691237472003842,0.7614204325444194,0.9154867256637168,0.10818965517241379,0.1723684210526316,0.2986842105263158,0.8276315789473684,7903ed596e2907b79cc722d9dde41dcf89305d434576571b08cf8ed155c4ff02,0.25,0.8276315789473684,trainable_k1,0.9154867256637168,0.9404545454545454,0.8918103448275863,0.8918103448275863,False,last2_minilm_plus_projection,13,"{'calibration_count': 242, 'calibration_sample_ids_sha256': '7056e9f0713226f6db8fe5f0ea7ec804a8296f186683ef6b46f73d61a16601f1', 'dataset': 'banking77', 'kir': 0.25, 'oos_used_for_training': False, 'overlap_counts': {'calibration_test': 0, 'train_calibration': 0, 'train_test': 0}, 'seed': 13, 'test_count': 3080, 'test_known_count': 760, 'test_oos_count': 2320, 'test_sample_ids_sha256': '7903ed596e2907b79cc722d9dde41dcf89305d434576571b08cf8ed155c4ff02', 'test_used_for_selection': False, 'train_count': 2177, 'train_sample_ids_sha256': '611ed7f2a81de84c9bb1564b20f74ecf6806669fb2655c26378cccbbe20ae77a'}",minilm_trainable_kir_sweep_v1/kir_0.25,0c2d9ade417a17a60fcb553e549e2d7e01cf7d2ccaf600c9e0c1f4784d5c03de,False,cbfdde83fa73be1d29becb97f71533bfa13e1232f9b6f9cf129d384d528c7062,3746944.0,9.169151306152344,minilm_trainable_kir_sweep_v1,artifacts/s2c/runs/protocol_v2_textoir_v1/minilm_trainable_kir_sweep_v1/kir_0.25/runs/banking77/seed_13/metrics.json,last2_minilm_plus_projection,mahalanobis_diag,mean_std,known_only_train_and_calibration,protocol_v2_textoir_v1,,,
0.8801948051948052,0.96790581565507,0.9272203947368423,16cdac79b60375134d246db51ed6091b6d996a6c6b4f3d25d70ec3fa3446c804,785f4453412898f373ce6ac9273da6ef2a97fad9143abf653f4fc76e36a30cfe,banking77,0.7939882940487182,0.7874023685186046,0.9191208791208791,0.09870689655172414,0.18289473684210528,0.2631578947368421,0.8171052631578948,f6d2fc6e4baaba4e85eed5e576b0b653dc0916816133001d202078519abd2cbd,0.25,0.8171052631578948,trainable_k1,0.9191208791208791,0.9376681614349776,0.9012931034482758,0.9012931034482758,False,last2_minilm_plus_projection,42,"{'calibration_count': 253, 'calibration_sample_ids_sha256': 'e1150e7f889fe8581a005992f23556a297ff74eb87ed92f6dfc3b2c9fe01e033', 'dataset': 'banking77', 'kir': 0.25, 'oos_used_for_training': False, 'overlap_counts': {'calibration_test': 0, 'train_calibration': 0, 'train_test': 0}, 'seed': 42, 'test_count': 3080, 'test_known_count': 760, 'test_oos_count': 2320, 'test_sample_ids_sha256': 'f6d2fc6e4baaba4e85eed5e576b0b653dc0916816133001d202078519abd2cbd', 'test_used_for_selection': False, 'train_count': 2290, 'train_sample_ids_sha256': '9dbe4e6b13687e4983346f7138f6cd1b3a9888cfb1915696199ecfc48ebad3cd'}",minilm_trainable_kir_sweep_v1/kir_0.25,cf19ced1cbe245a287cfaeaff6c2f32644349fa3a3273da7ba31a5b7621ef775,False,cd8281d903faecb745b50e90d3dfdc23d098c92424904c9d024a8afcb661efa4,3746944.0,8.928512334823608,minilm_trainable_kir_sweep_v1,artifacts/s2c/runs/protocol_v2_textoir_v1/minilm_trainable_kir_sweep_v1/kir_0.25/runs/banking77/seed_42/metrics.json,last2_minilm_plus_projection,mahalanobis_diag,mean_std,known_only_train_and_calibration,protocol_v2_textoir_v1,,,
0.8954545454545455,0.9722067940438386,0.9331040154264973,50e903bf2a8e572669f826c3407f8690f9802f1e627aa8c212813988c65a59a6,585b30238339bb9eb13f0546b4525c774b3b507a246d69b1b863cc8de44cc10c,banking77,0.8149099652712799,0.8088265307304798,0.9304952215464813,0.07672413793103448,0.1868421052631579,0.24473684210526317,0.8131578947368421,af844565d3f0ce66016c398c5520863c27c97e52b027da55a6b5c2d12cf52e23,0.25,0.8131578947368421,trainable_k1,0.9304952215464813,0.9378283712784589,0.9232758620689655,0.9232758620689655,False,last2_minilm_plus_projection,87,"{'calibration_count': 265, 'calibration_sample_ids_sha256': '64604e0f1adf9f350d69adec19e88839faf9c8a3f1c1ff0f5cb6a8fa109f2396', 'dataset': 'banking77', 'kir': 0.25, 'oos_used_for_training': False, 'overlap_counts': {'calibration_test': 0, 'train_calibration': 0, 'train_test': 0}, 'seed': 87, 'test_count': 3080, 'test_known_count': 760, 'test_oos_count': 2320, 'test_sample_ids_sha256': 'af844565d3f0ce66016c398c5520863c27c97e52b027da55a6b5c2d12cf52e23', 'test_used_for_selection': False, 'train_count': 2394, 'train_sample_ids_sha256': '8bf773cb3df524ebb90092367b60b6029197fdea20aa7c5c644b17484af7da52'}",minilm_trainable_kir_sweep_v1/kir_0.25,3a2702e97c41bee8d041cd710cd5b4eae991d8dded2bf6252b521370b957ea44,False,6bb3432aadbc4e7a188788c6e78157e35765b6e990cda141bf71937740b264ea,3746944.0,8.979233264923096,minilm_trainable_kir_sweep_v1,artifacts/s2c/runs/protocol_v2_textoir_v1/minilm_trainable_kir_sweep_v1/kir_0.25/runs/banking77/seed_87/metrics.json,last2_minilm_plus_projection,mahalanobis_diag,mean_std,known_only_train_and_calibration,protocol_v2_textoir_v1,,,
0.8918831168831168,0.9694606522842194,0.9305064655172413,82cd91d95d033fd1cc160830a5576c8002dc1b349d938add5c6d948a60c06520,b009b6ef42d8fedf801c296682ec72a4944b88ba7ccf1861c0a43b6e5621d0b9,banking77,0.7976710049892831,0.7906632889327773,0.9308176100628931,0.075,0.19078947368421054,0.2868421052631579,0.8092105263157895,3cfd2a03d5f028bc4fff8583d49fa6bc61715b5d7ed4badb9ad022bf59731862,0.25,0.8092105263157895,trainable_k1,0.9308176100628931,0.9367088607594937,0.925,0.925,False,last2_minilm_plus_projection,100,"{'calibration_count': 248, 'calibration_sample_ids_sha256': '28ab530c628c534c61c644e07aacca23deb0a71842b6462a9969a0cbf8d035fc', 'dataset': 'banking77', 'kir': 0.25, 'oos_used_for_training': False, 'overlap_counts': {'calibration_test': 0, 'train_calibration': 0, 'train_test': 0}, 'seed': 100, 'test_count': 3080, 'test_known_count': 760, 'test_oos_count': 2320, 'test_sample_ids_sha256': '3cfd2a03d5f028bc4fff8583d49fa6bc61715b5d7ed4badb9ad022bf59731862', 'test_used_for_selection': False, 'train_count': 2221, 'train_sample_ids_sha256': '65a3055ca57a77f44e902938b9e2b3361d9fb810bd7bf734e29930399c80bc31'}",minilm_trainable_kir_sweep_extension_v1/kir_0.25,52dd2792e237fa060f76a5079c4c705392c368f92135679312d984d56b7f2b4a,False,d176a2349af61818fef105920f03446c6b8d8ae3032f0dd240934009b07699f4,3746944.0,8.631697416305542,minilm_trainable_kir_sweep_extension_v1,artifacts/s2c/runs/protocol_v2_textoir_v1/minilm_trainable_kir_sweep_extension_v1/kir_0.25/runs/banking77/seed_100/metrics.json,last2_minilm_plus_projection,mahalanobis_diag,mean_std,known_only_train_and_calibration,protocol_v2_textoir_v1,,,
0.837012987012987,0.9567111504764729,0.8983904264972776,763816ecbb783507950c76fd65dfca4d6ea82ad0f23e2464cc5870d7eb25f52b,3b11ca5cf50a63db4af0450b24fa94d6cf2de2ebf4e8e7033f203f601e872f50,banking77,0.7498148479796339,0.7426066270278735,0.8867710460630814,0.15775862068965518,0.175,0.40789473684210525,0.825,621232736fb039df977ae34d290585b503217a8239a671a9e69a18c1f26c0ba0,0.25,0.825,trainable_k1,0.8867710460630814,0.9362721609966459,0.8422413793103448,0.8422413793103448,False,last2_minilm_plus_projection,123,"{'calibration_count': 250, 'calibration_sample_ids_sha256': 'd2128b2692473f6040ae00043d59772f1ce4b3c4d0e051ca7a38046a4cd2bef6', 'dataset': 'banking77', 'kir': 0.25, 'oos_used_for_training': False, 'overlap_counts': {'calibration_test': 0, 'train_calibration': 0, 'train_test': 0}, 'seed': 123, 'test_count': 3080, 'test_known_count': 760, 'test_oos_count': 2320, 'test_sample_ids_sha256': '621232736fb039df977ae34d290585b503217a8239a671a9e69a18c1f26c0ba0', 'test_used_for_selection': False, 'train_count': 2243, 'train_sample_ids_sha256': '1a985be0a3c7d154dc291a9ad3891193b2e77883d47e33f8a54b3c4f58badbfd'}",minilm_trainable_kir_sweep_extension_v1/kir_0.25,a9069c301002f560203b0a29a4456692157b5dc28a8b4e03966d94105aa3c31c,False,b00bc41482ce6a0a5e888af77212e2c40244ec3c0c8b259d2c71b9389cca6154,3746944.0,9.068476438522339,minilm_trainable_kir_sweep_extension_v1,artifacts/s2c/runs/protocol_v2_textoir_v1/minilm_trainable_kir_sweep_extension_v1/kir_0.25/runs/banking77/seed_123/metrics.json,last2_minilm_plus_projection,mahalanobis_diag,mean_std,known_only_train_and_calibration,protocol_v2_textoir_v1,,,
0.8314935064935065,0.8997160473749267,0.911104504048583,bb54af0688b34a7fb91a789119d12de77161fcc6e6fee92311d1981cdc01def4,bff191707643a9e619fd805f80752fbbda5e427b8ab9a26484f019edcaef720d,banking77,0.8199086432567366,0.819216709280921,0.8462021343377275,0.1358974358974359,0.18289473684210528,0.325,0.8171052631578948,e1bd681af3de63e9038614f8dbf5a7c9cf0f609daa7f7cedd6008c12df5f79f3,0.5,0.8171052631578948,trainable_k1,0.8462021343377275,0.8290282902829028,0.8641025641025641,0.8641025641025641,False,last2_minilm_plus_projection,13,"{'calibration_count': 494, 'calibration_sample_ids_sha256': '7e9f8a006e6987233e126938289385afb22a3f4d51d029c37d7f4df71748092d', 'dataset': 'banking77', 'kir': 0.5, 'oos_used_for_training': False, 'overlap_counts': {'calibration_test': 0, 'train_calibration': 0, 'train_test': 0}, 'seed': 13, 'test_count': 3080, 'test_known_count': 1520, 'test_oos_count': 1560, 'test_sample_ids_sha256': 'e1bd681af3de63e9038614f8dbf5a7c9cf0f609daa7f7cedd6008c12df5f79f3', 'test_used_for_selection': False, 'train_count': 4436, 'train_sample_ids_sha256': '9a70211ac673282d36e26f9e0a7ede421ea15e31c4ff5288ace1658081b947ea'}",minilm_trainable_kir_sweep_v1/kir_0.50,ac5565547e6b9aa56aef6bb2d107355b6f450949fdfb97ab7bed047368135ff2,False,799bd77a75fb9ca8bf207d9c74c6ae71cfb2ee23d098df87d7036592fbc30634,3746944.0,17.42287540435791,minilm_trainable_kir_sweep_v1,artifacts/s2c/runs/protocol_v2_textoir_v1/minilm_trainable_kir_sweep_v1/kir_0.50/runs/banking77/seed_13/metrics.json,last2_minilm_plus_projection,mahalanobis_diag,mean_std,known_only_train_and_calibration,protocol_v2_textoir_v1,,,
0.824025974025974,0.8851886213770147,0.9006448211875844,59e5762f492bc95f7f3426e4a537e861682d2b71554bc4eb52fe518f32bfbeb1,9966d4dd80e8973aca5ae3e3449c3d6304ac4ba94f736c109deab3edd51ed409,banking77,0.8168639763258652,0.8162172308812371,0.8414403032217309,0.14615384615384616,0.18026315789473685,0.35460526315789476,0.8197368421052631,b61c5e2bfb07dd947297d03c696201360641779efcacbd3143584ed15086949b,0.5,0.8197368421052631,trainable_k1,0.8414403032217309,0.8293897882938979,0.8538461538461538,0.8538461538461538,False,last2_minilm_plus_projection,42,"{'calibration_count': 495, 'calibration_sample_ids_sha256': 'd98919d5b02f4003b740ee83d1d7ea576778049810926cc1ec0f449c8a20f300', 'dataset': 'banking77', 'kir': 0.5, 'oos_used_for_training': False, 'overlap_counts': {'calibration_test': 0, 'train_calibration': 0, 'train_test': 0}, 'seed': 42, 'test_count': 3080, 'test_known_count': 1520, 'test_oos_count': 1560, 'test_sample_ids_sha256': 'b61c5e2bfb07dd947297d03c696201360641779efcacbd3143584ed15086949b', 'test_used_for_selection': False, 'train_count': 4482, 'train_sample_ids_sha256': '72f467b1358e454fe7d59be2d1daf76e366eabcc0cf2a6a04a222620d5f054c0'}",minilm_trainable_kir_sweep_v1/kir_0.50,b61d69233778c680a93fa52e734bef576c35afae7951d27921d41305e0582a79,False,8dee0e7656c99a32aa56b5d3ddfb72fcef623b21d7647da9d67f7c55c1e1069d,3746944.0,16.20440101623535,minilm_trainable_kir_sweep_v1,artifacts/s2c/runs/protocol_v2_textoir_v1/minilm_trainable_kir_sweep_v1/kir_0.50/runs/banking77/seed_42/metrics.json,last2_minilm_plus_projection,mahalanobis_diag,mean_std,known_only_train_and_calibration,protocol_v2_textoir_v1,,,
0.839935064935065,0.8918112259260201,0.9123578778677464,ddb6ae6b2e196962b21e2674fa462ce25e5124f474a1f6679dc5ae3df804e956,a8f59401e6206d70357440ed06dfa9f5b1f213fc549a15051fc4df0e99921363,banking77,0.8324583407388371,0.8318533492455537,0.8554480174836091,0.12179487179487179,0.17960526315789474,0.2881578947368421,0.8203947368421053,c5cc6e33cd9826a911f968acd1805d581729eb91e761213e30ea7400c0a16d96,0.5,0.8203947368421053,trainable_k1,0.8554480174836091,0.8338405356055996,0.8782051282051282,0.8782051282051282,False,last2_minilm_plus_projection,87,"{'calibration_count': 492, 'calibration_sample_ids_sha256': '4e642faf7d8304230cd548b39b52a89489bf9dab182d7e0568be1f8b777933a3', 'dataset': 'banking77', 'kir': 0.5, 'oos_used_for_training': False, 'overlap_counts': {'calibration_test': 0, 'train_calibration': 0, 'train_test': 0}, 'seed': 87, 'test_count': 3080, 'test_known_count': 1520, 'test_oos_count': 1560, 'test_sample_ids_sha256': 'c5cc6e33cd9826a911f968acd1805d581729eb91e761213e30ea7400c0a16d96', 'test_used_for_selection': False, 'train_count': 4448, 'train_sample_ids_sha256': '269270af7290c5c79dc99607595fb735fffa6b817f0939f508ca8ab66f24abd4'}",minilm_trainable_kir_sweep_v1/kir_0.50,d16249831cba5d649fc2bfe60d2bda5b62facea1a5264aaaf762d20012cc96e1,False,f3506d44d247d7485438c993836febe9b9bcc3e09210e942dca598202feab85f,3746944.0,17.63998317718506,minilm_trainable_kir_sweep_v1,artifacts/s2c/runs/protocol_v2_textoir_v1/minilm_trainable_kir_sweep_v1/kir_0.50/runs/banking77/seed_87/metrics.json,last2_minilm_plus_projection,mahalanobis_diag,mean_std,known_only_train_and_calibration,protocol_v2_textoir_v1,,,
0.8107142857142857,0.8847468854188911,0.8979318488529016,16f95ab158601c92eec5bf851b65c256457f5f039a9c1c6927952fc548b12762,3fbb27cf4302ac0ad180e18a0c1750612250cf81a9c265dc34a6d1be6f8798c9,banking77,0.8064088330915219,0.8058946619987237,0.8259473346178549,0.17564102564102563,0.1763157894736842,0.4131578947368421,0.8236842105263158,1db85c4da03f1656262e2c4f7b72be7562b7a2ced91c14bd23bfdae460481a1f,0.5,0.8236842105263158,trainable_k1,0.8259473346178549,0.8275418275418276,0.8243589743589743,0.8243589743589743,False,last2_minilm_plus_projection,100,"{'calibration_count': 494, 'calibration_sample_ids_sha256': 'b51176470c3114eb3421db2e1eeea62db319764e160bd6b89fe1e51c7f031170', 'dataset': 'banking77', 'kir': 0.5, 'oos_used_for_training': False, 'overlap_counts': {'calibration_test': 0, 'train_calibration': 0, 'train_test': 0}, 'seed': 100, 'test_count': 3080, 'test_known_count': 1520, 'test_oos_count': 1560, 'test_sample_ids_sha256': '1db85c4da03f1656262e2c4f7b72be7562b7a2ced91c14bd23bfdae460481a1f', 'test_used_for_selection': False, 'train_count': 4445, 'train_sample_ids_sha256': 'fa42de81d53fea1740afabf0f4e66b30c0076041b55982e9fe063aebbc526720'}",minilm_trainable_kir_sweep_extension_v1/kir_0.50,b283f9224c9525cdf5e1dd37630eb80aa774649ba0cf3029cb9f7e9559bea299,False,40b98f931f74daa49cf133da5636663e867bd951e232e5827791bca6275066d4,3746944.0,16.216049432754517,minilm_trainable_kir_sweep_extension_v1,artifacts/s2c/runs/protocol_v2_textoir_v1/minilm_trainable_kir_sweep_extension_v1/kir_0.50/runs/banking77/seed_100/metrics.json,last2_minilm_plus_projection,mahalanobis_diag,mean_std,known_only_train_and_calibration,protocol_v2_textoir_v1,,,
0.8022727272727272,0.8700534389761899,0.8850476551956815,8981e91d6f3ae4589055d2a2bbd71d12e4384dd97febe5a9d8ea7e2be8ca4885,cb6cbd41d36ce2c3a3556668b016ac62121968b64626d95c79365d1f51c4a14c,banking77,0.8080381054482829,0.8080084423605449,0.809165302782324,0.2076923076923077,0.17039473684210527,0.44013157894736843,0.8296052631578947,04caf050fae3c5aff286c785022103751d7ceff7265436876635fcac4dde0cd6,0.5,0.8296052631578947,trainable_k1,0.809165302782324,0.8267558528428094,0.7923076923076923,0.7923076923076923,False,last2_minilm_plus_projection,123,"{'calibration_count': 482, 'calibration_sample_ids_sha256': '25ac9988e764edd8c82efd3725b74808dccc2b371f1b51f6bba08964fac85e01', 'dataset': 'banking77', 'kir': 0.5, 'oos_used_for_training': False, 'overlap_counts': {'calibration_test': 0, 'train_calibration': 0, 'train_test': 0}, 'seed': 123, 'test_count': 3080, 'test_known_count': 1520, 'test_oos_count': 1560, 'test_sample_ids_sha256': '04caf050fae3c5aff286c785022103751d7ceff7265436876635fcac4dde0cd6', 'test_used_for_selection': False, 'train_count': 4351, 'train_sample_ids_sha256': '02c944c874268924e4aba065107abcbdf6c8a4628139b590572ae436a96474ba'}",minilm_trainable_kir_sweep_extension_v1/kir_0.50,17831cfb72b39205cd38429c4e95a4be24ec5994a05122f62d6fdd171a31b885,False,d19715d5981b988d0428e6bcff71e639bd4ef1825625bfc25ae970c93d42eb5c,3746944.0,15.460662364959717,minilm_trainable_kir_sweep_extension_v1,artifacts/s2c/runs/protocol_v2_textoir_v1/minilm_trainable_kir_sweep_extension_v1/kir_0.50/runs/banking77/seed_123/metrics.json,last2_minilm_plus_projection,mahalanobis_diag,mean_std,known_only_train_and_calibration,protocol_v2_textoir_v1,,,
0.7824675324675324,0.6486885732336582,0.8678890653357532,cd1ed2afd0962bd9ba60bd0634b5100a984c22cd70e935e13336444fe806137e,c5c0225f3fd1db9c00901269627ad4f7b5e20d48dea4bb3715fb4c8f2639ad14,banking77,0.8297927993746245,0.8327180726829818,0.6601269474899019,0.24736842105263157,0.1728448275862069,0.3931034482758621,0.8271551724137931,6ff6e6b5b55a9ec7bd3c3625df6ea9481649d47a6ce1a312bc90391f4ba631de,0.75,0.8271551724137931,trainable_k1,0.6601269474899019,0.5878725590955807,0.7526315789473684,0.7526315789473684,False,last2_minilm_plus_projection,13,"{'calibration_count': 741, 'calibration_sample_ids_sha256': 'd0a31f5ec70f0a11c9c78cda37415fc9e59277e7dc52a2932e7bf9f080aaf375', 'dataset': 'banking77', 'kir': 0.75, 'oos_used_for_training': False, 'overlap_counts': {'calibration_test': 0, 'train_calibration': 0, 'train_test': 0}, 'seed': 13, 'test_count': 3080, 'test_known_count': 2320, 'test_oos_count': 760, 'test_sample_ids_sha256': '6ff6e6b5b55a9ec7bd3c3625df6ea9481649d47a6ce1a312bc90391f4ba631de', 'test_used_for_selection': False, 'train_count': 6669, 'train_sample_ids_sha256': 'abc8410bbee32c0749d6119ac6995fc55ee5dd1ec7299f340fd9ed260ec1ae91'}",minilm_trainable_kir_sweep_v1/kir_0.75,cd7bf284f8f9290a600f9dfba13ef99011457fdb7d94de33c917136945c6eb89,False,07e05917550fca393ad50e11722488a0efefa3e7c8c64604a9fded0a3da64ee9,3746944.0,24.789024353027344,minilm_trainable_kir_sweep_v1,artifacts/s2c/runs/protocol_v2_textoir_v1/minilm_trainable_kir_sweep_v1/kir_0.75/runs/banking77/seed_13/metrics.json,last2_minilm_plus_projection,mahalanobis_diag,mean_std,known_only_train_and_calibration,protocol_v2_textoir_v1,,,
0.812012987012987,0.7352194854120246,0.9112760889292197,b91de1a74210a8528b60dfb977c880fa6245bd3b916f4e01a9a3b141d4f876c9,e6382912f38b37b509033c1d61b7d5f733b798d554d8b5d77b98d52432fd3727,banking77,0.8465133935600306,0.8485692671167083,0.7272727272727273,0.13157894736842105,0.17025862068965517,0.3103448275862069,0.8297413793103449,89cad036f09d5138ad2372a4b63c6dfa8d6d4acfd1ca105e648958dd1fa7ea0b,0.75,0.8297413793103449,trainable_k1,0.7272727272727273,0.6255924170616114,0.868421052631579,0.868421052631579,False,last2_minilm_plus_projection,42,"{'calibration_count': 757, 'calibration_sample_ids_sha256': '572c95477986992a34ea13a26ce173fa9942333022ca2a1c276eec81f683a4fd', 'dataset': 'banking77', 'kir': 0.75, 'oos_used_for_training': False, 'overlap_counts': {'calibration_test': 0, 'train_calibration': 0, 'train_test': 0}, 'seed': 42, 'test_count': 3080, 'test_known_count': 2320, 'test_oos_count': 760, 'test_sample_ids_sha256': '89cad036f09d5138ad2372a4b63c6dfa8d6d4acfd1ca105e648958dd1fa7ea0b', 'test_used_for_selection': False, 'train_count': 6837, 'train_sample_ids_sha256': 'd2b7d76a183e30a50aff84121c75fe7b9c599bfda94432533ef61f57d18beb3c'}",minilm_trainable_kir_sweep_v1/kir_0.75,a323bfa8f357fa696381148595c25e4fb9f50f2e7f39bbebdbfe0cadfc832d75,False,7f38760a63b0e712503cf51e498d41930929308a639d089a1abd8d718ead53d1,3746944.0,24.506030082702637,minilm_trainable_kir_sweep_v1,artifacts/s2c/runs/protocol_v2_textoir_v1/minilm_trainable_kir_sweep_v1/kir_0.75/runs/banking77/seed_42/metrics.json,last2_minilm_plus_projection,mahalanobis_diag,mean_std,known_only_train_and_calibration,protocol_v2_textoir_v1,,,
0.8058441558441558,0.7163102904007737,0.8960509301270417,4193ff34ad400c3193bdb91214cd587bcaabfef8908ea63f6917de8c2c3f570a,8f5369154bd46a7fa4c9dc16455a7b2b3b613bb5084b8c4dc1aeced1d0dcf247,banking77,0.8495955076276699,0.8522015009734945,0.6984478935698448,0.17105263157894737,0.17844827586206896,0.3706896551724138,0.8215517241379311,fb2ca8fe538f5f73b3ddd68c84a6a975c394a4e29cc5c9392d9575add0d02e1b,0.75,0.8215517241379311,trainable_k1,0.6984478935698448,0.603448275862069,0.8289473684210527,0.8289473684210527,False,last2_minilm_plus_projection,87,"{'calibration_count': 762, 'calibration_sample_ids_sha256': '3cf2c0b294b3beeccbedda4992128c17dbbed589fb3524e84df75feadd90f5ce', 'dataset': 'banking77', 'kir': 0.75, 'oos_used_for_training': False, 'overlap_counts': {'calibration_test': 0, 'train_calibration': 0, 'train_test': 0}, 'seed': 87, 'test_count': 3080, 'test_known_count': 2320, 'test_oos_count': 760, 'test_sample_ids_sha256': 'fb2ca8fe538f5f73b3ddd68c84a6a975c394a4e29cc5c9392d9575add0d02e1b', 'test_used_for_selection': False, 'train_count': 6877, 'train_sample_ids_sha256': '49393717f086865cb578078f439375025c415b510b055e1ba0b9e8ed464cc262'}",minilm_trainable_kir_sweep_v1/kir_0.75,22041da9804789a94e556b42bd88a57acc8de225d96eff94ba14e4e82d902df3,False,303679e9a823099741d78028f995a3baf7ffd60d29726f9ab60d37f6dc3f6201,3746944.0,24.868643760681152,minilm_trainable_kir_sweep_v1,artifacts/s2c/runs/protocol_v2_textoir_v1/minilm_trainable_kir_sweep_v1/kir_0.75/runs/banking77/seed_87/metrics.json,last2_minilm_plus_projection,mahalanobis_diag,mean_std,known_only_train_and_calibration,protocol_v2_textoir_v1,,,
0.7951298701298701,0.7076481398306274,0.8930728221415608,6b00f8f913de5232a1545ecc16d495a761cdd0f74ac341fff2adadfed097cc1d,87a6e7c7c518c5374b5e82550d0fc71878306227ad511ee2847065aa0ff0ae6c,banking77,0.8422789425569616,0.8450741417080618,0.6801573917931422,0.20394736842105263,0.17844827586206896,0.3978448275862069,0.8215517241379311,46533206570f4e1495cf31d7eb88638347dbc9dfdf417c50ed99188985aca663,0.75,0.8215517241379311,trainable_k1,0.6801573917931422,0.5937193326790972,0.7960526315789473,0.7960526315789473,False,last2_minilm_plus_projection,100,"{'calibration_count': 734, 'calibration_sample_ids_sha256': '359590aee7f425d0ac18ddf844a083e7a91d98f64e7157d792ab72c316e89cd7', 'dataset': 'banking77', 'kir': 0.75, 'oos_used_for_training': False, 'overlap_counts': {'calibration_test': 0, 'train_calibration': 0, 'train_test': 0}, 'seed': 100, 'test_count': 3080, 'test_known_count': 2320, 'test_oos_count': 760, 'test_sample_ids_sha256': '46533206570f4e1495cf31d7eb88638347dbc9dfdf417c50ed99188985aca663', 'test_used_for_selection': False, 'train_count': 6618, 'train_sample_ids_sha256': '7eae9b68f15d6b9372f55cf6eaa8b3742c3ddee32cfa2f60334bd53e3340c07a'}",minilm_trainable_kir_sweep_extension_v1/kir_0.75,9905c39f599ebb1fa8b5e768c0a06b0b387b05a4158c9e2c6f03fa05486a0633,False,60debaed816f6f3954412130a2271987b511d09bb3523842f5a71e4bfb4acdc3,3746944.0,22.732343196868896,minilm_trainable_kir_sweep_extension_v1,artifacts/s2c/runs/protocol_v2_textoir_v1/minilm_trainable_kir_sweep_extension_v1/kir_0.75/runs/banking77/seed_100/metrics.json,last2_minilm_plus_projection,mahalanobis_diag,mean_std,known_only_train_and_calibration,protocol_v2_textoir_v1,,,
0.788961038961039,0.6846870603739995,0.8769169691470055,f2c6b9fb22948465fce4f2ef5b3f0b41df1b43f77929981ff65d70a3368aa196,246cf8c2b82ad6dd6a2c9644b9a5d06c0794a071028d397a58b3da90e07cd4c5,banking77,0.8383752198051533,0.8413357121006444,0.6666666666666666,0.22631578947368422,0.1793103448275862,0.4314655172413793,0.8206896551724138,49e4ec4af7513edaf598ee072d9c5d0f2aaa58dddda4b5544fe3445a8f5faa11,0.75,0.8206896551724138,trainable_k1,0.6666666666666666,0.5856573705179283,0.7736842105263158,0.7736842105263158,False,last2_minilm_plus_projection,123,"{'calibration_count': 742, 'calibration_sample_ids_sha256': 'cb9656535ca9e2f525afe1d8c86c88313dd1c743f9d8cc11dee8943bba7d4ffe', 'dataset': 'banking77', 'kir': 0.75, 'oos_used_for_training': False, 'overlap_counts': {'calibration_test': 0, 'train_calibration': 0, 'train_test': 0}, 'seed': 123, 'test_count': 3080, 'test_known_count': 2320, 'test_oos_count': 760, 'test_sample_ids_sha256': '49e4ec4af7513edaf598ee072d9c5d0f2aaa58dddda4b5544fe3445a8f5faa11', 'test_used_for_selection': False, 'train_count': 6679, 'train_sample_ids_sha256': '44faa2aad803eb9d5fb75c8aa06f03d17fab1d232e1377d84fb78e4e3153bc93'}",minilm_trainable_kir_sweep_extension_v1/kir_0.75,c886f86c016a11b1929143fbd86d926723c7efa020c659704a357fc8026972b0,False,0324645572b4006231c45e04e75ecb63418dfb18f01cf3dee1a3af7834f4e949,3746944.0,24.11681628227234,minilm_trainable_kir_sweep_extension_v1,artifacts/s2c/runs/protocol_v2_textoir_v1/minilm_trainable_kir_sweep_extension_v1/kir_0.75/runs/banking77/seed_123/metrics.json,last2_minilm_plus_projection,mahalanobis_diag,mean_std,known_only_train_and_calibration,protocol_v2_textoir_v1,,,
0.9229824561403509,0.9897681447868008,0.9641397353031703,43c8af28d5ad473568ee66ede304f413457272ecdb9bb86406c074d303659fd7,1f384f384657b1173f5e368c122662ce772a972c5eb5bbb9578c29623fe4bdf9,clinc150,0.8010298070270482,0.7970355415806978,0.9528118939883645,0.030263157894736843,0.2631578947368421,0.14649122807017545,0.736842105263158,0df4a737cb090c7f62747aef653481cf7c0da51c1c8796d7bbadc7e227e0cfc5,0.25,0.736842105263158,trainable_k1,0.9528118939883645,0.9364675984752223,0.9697368421052631,0.9697368421052631,False,last2_minilm_plus_projection,13,"{'calibration_count': 760, 'calibration_sample_ids_sha256': '64488fc45eae6c299619c64dfdac15454f9fedf6bb784067d02b45238b1044a8', 'dataset': 'clinc150', 'kir': 0.25, 'oos_used_for_training': False, 'overlap_counts': {'calibration_test': 0, 'train_calibration': 0, 'train_test': 0}, 'seed': 13, 'test_count': 5700, 'test_known_count': 1140, 'test_oos_count': 4560, 'test_sample_ids_sha256': '0df4a737cb090c7f62747aef653481cf7c0da51c1c8796d7bbadc7e227e0cfc5', 'test_used_for_selection': False, 'train_count': 3800, 'train_sample_ids_sha256': '6e5401fe1649429cc195230a494aa46ad5dc0e6784f089137d69c4b26d7c98fa'}",minilm_trainable_kir_sweep_v1/kir_0.25,8a5293b45cf217d025f03a9dcb4f19a2a56bf0899f9689a9ad7441454a1afca9,False,4b99bf1f25735695e105e25afcb607b9d5d159c6a96163e397e66f54de47e39c,3746944.0,17.141008853912354,minilm_trainable_kir_sweep_v1,artifacts/s2c/runs/protocol_v2_textoir_v1/minilm_trainable_kir_sweep_v1/kir_0.25/runs/clinc150/seed_13/metrics.json,last2_minilm_plus_projection,mahalanobis_diag,mean_std,known_only_train_and_calibration,protocol_v2_textoir_v1,,,
0.9150877192982456,0.9808865225779669,0.9437163357956295,ce8a8ac2f2ebab751c7ba3e96b7ce7fb38f24da2cea677957a8b482e71f5e512,30ab08984b2e6ef3b9ce71238f5de3052cc795cae0375eaa4bb2adcdd6f56f46,clinc150,0.7837064085470472,0.7793839612978534,0.9479594040164111,0.03728070175438596,0.2736842105263158,0.2219298245614035,0.7263157894736842,f1a34ed5dd5c885afcbb92060ca5c57f6147d0ee381a5c4ce816e191af627193,0.25,0.7263157894736842,trainable_k1,0.9479594040164111,0.9336452573373033,0.9627192982456141,0.9627192982456141,False,last2_minilm_plus_projection,42,"{'calibration_count': 760, 'calibration_sample_ids_sha256': 'fd8b441540374d3c3523a1efbfccd38844bf274e7df50cf5c4ef91373726a3d2', 'dataset': 'clinc150', 'kir': 0.25, 'oos_used_for_training': False, 'overlap_counts': {'calibration_test': 0, 'train_calibration': 0, 'train_test': 0}, 'seed': 42, 'test_count': 5700, 'test_known_count': 1140, 'test_oos_count': 4560, 'test_sample_ids_sha256': 'f1a34ed5dd5c885afcbb92060ca5c57f6147d0ee381a5c4ce816e191af627193', 'test_used_for_selection': False, 'train_count': 3800, 'train_sample_ids_sha256': '7f627028f6048acff444c6c6ec8aefd08ce8050019b35367620f70873df40d69'}",minilm_trainable_kir_sweep_v1/kir_0.25,72f0a1caf38d77c00400118120dc74216700dda62e3d396e443010ace0c7af26,False,0b820e0f1d3ab5b304bfe7a911b420489f181d345fe8b66b57de35a7229d2a22,3746944.0,11.416199207305908,minilm_trainable_kir_sweep_v1,artifacts/s2c/runs/protocol_v2_textoir_v1/minilm_trainable_kir_sweep_v1/kir_0.25/runs/clinc150/seed_42/metrics.json,last2_minilm_plus_projection,mahalanobis_diag,mean_std,known_only_train_and_calibration,protocol_v2_textoir_v1,,,
0.9140350877192982,0.985925089762027,0.9516970606340412,82b21e7f67b493635dad50a7d04b701da599d1b2c724f2387fd749c3252d8cb6,1cdb3655d10dc53b706f095fbec131a80bcb3bfd3c405f751a4d23faa98e486d,clinc150,0.7856815672130488,0.781426650006744,0.9473684210526315,0.04078947368421053,0.2631578947368421,0.22807017543859648,0.736842105263158,de15966ca3aba55563eed5127636104a3616bf0dd91a5fa196f4d5291043a5f9,0.25,0.736842105263158,trainable_k1,0.9473684210526315,0.9358151476251605,0.9592105263157895,0.9592105263157895,False,last2_minilm_plus_projection,87,"{'calibration_count': 760, 'calibration_sample_ids_sha256': '946704ea7e2887bcf6fc1dfba2d3d44582961f0d889a1202a76307852a9f7be1', 'dataset': 'clinc150', 'kir': 0.25, 'oos_used_for_training': False, 'overlap_counts': {'calibration_test': 0, 'train_calibration': 0, 'train_test': 0}, 'seed': 87, 'test_count': 5700, 'test_known_count': 1140, 'test_oos_count': 4560, 'test_sample_ids_sha256': 'de15966ca3aba55563eed5127636104a3616bf0dd91a5fa196f4d5291043a5f9', 'test_used_for_selection': False, 'train_count': 3800, 'train_sample_ids_sha256': '8c42d7da07ebefc5ad61da57defd50189763a3a8c80e1428cc836736f8d1b758'}",minilm_trainable_kir_sweep_v1/kir_0.25,4bef0c0c8ff685d439c98e0f9e0c2ab6bfab084bd49acc0fb761646d800fa8f2,False,41021d25a17a7424b74eef27421970d58b8934d6251257032b61343c6ad8c306,3746944.0,12.352023839950562,minilm_trainable_kir_sweep_v1,artifacts/s2c/runs/protocol_v2_textoir_v1/minilm_trainable_kir_sweep_v1/kir_0.25/runs/clinc150/seed_87/metrics.json,last2_minilm_plus_projection,mahalanobis_diag,mean_std,known_only_train_and_calibration,protocol_v2_textoir_v1,,,
0.9380701754385965,0.992405893833116,0.9754012773160974,8af313572c2a54aecb9f19bc5fa1cc6a3a8ce9f9ce55f114c77d733483b3bbc5,939a12d80fdb705779e5e44666aa770c97d98cd553156268907e3b910c0cb58f,clinc150,0.8293119919847214,0.8258061289020987,0.9625347891243845,0.014035087719298246,0.25087719298245614,0.10526315789473684,0.7491228070175439,35aa4146da8f784406cb79eb4180b3f1252e277eab667b4f677695f619563153,0.25,0.7491228070175439,trainable_k1,0.9625347891243845,0.9401923881221247,0.9859649122807017,0.9859649122807017,False,last2_minilm_plus_projection,100,"{'calibration_count': 760, 'calibration_sample_ids_sha256': '804650afb50fa210639621ff8d043e7b35feda55179bd609f7f4d932af9526a2', 'dataset': 'clinc150', 'kir': 0.25, 'oos_used_for_training': False, 'overlap_counts': {'calibration_test': 0, 'train_calibration': 0, 'train_test': 0}, 'seed': 100, 'test_count': 5700, 'test_known_count': 1140, 'test_oos_count': 4560, 'test_sample_ids_sha256': '35aa4146da8f784406cb79eb4180b3f1252e277eab667b4f677695f619563153', 'test_used_for_selection': False, 'train_count': 3800, 'train_sample_ids_sha256': 'b10e75b987bb18463221c716e4a5787dfb65962e7a1eb8e0cbeeb2cd79ad9cd8'}",minilm_trainable_kir_sweep_extension_v1/kir_0.25,1d7679ea5ee342f7196338d033e47759e2b43d3c51b6abfafe7d6bcf7bc0555a,False,0c14f35a8b488272ea1a950dd3e4ba279c71e89556d001c8e2c90ade998f2f1e,3746944.0,28.26775336265564,minilm_trainable_kir_sweep_extension_v1,artifacts/s2c/runs/protocol_v2_textoir_v1/minilm_trainable_kir_sweep_extension_v1/kir_0.25/runs/clinc150/seed_100/metrics.json,last2_minilm_plus_projection,mahalanobis_diag,mean_std,known_only_train_and_calibration,protocol_v2_textoir_v1,,,
0.9140350877192982,0.9891291381746725,0.9593136349646045,59385aae81e3d662ac0489fae72f2de1d0da203220f28b18f21c99d08f77e292,fd4d6b1e3e0dfe93141bc375638a690eac504c53c7cea8bedfe4cad4d8a54312,clinc150,0.7847672034972499,0.7804837296318093,0.9475392103839914,0.039473684210526314,0.2675438596491228,0.22807017543859648,0.7324561403508771,a43504b12b861528365a6828605bd6e7b855c87d72fa9983816e385862caaa85,0.25,0.7324561403508771,trainable_k1,0.9475392103839914,0.9348986125933831,0.9605263157894737,0.9605263157894737,False,last2_minilm_plus_projection,123,"{'calibration_count': 760, 'calibration_sample_ids_sha256': '42a07f766c7500b7ef53d22302b0a6f89dd3b20e0a03ef9a43bfd360fc82e8e7', 'dataset': 'clinc150', 'kir': 0.25, 'oos_used_for_training': False, 'overlap_counts': {'calibration_test': 0, 'train_calibration': 0, 'train_test': 0}, 'seed': 123, 'test_count': 5700, 'test_known_count': 1140, 'test_oos_count': 4560, 'test_sample_ids_sha256': 'a43504b12b861528365a6828605bd6e7b855c87d72fa9983816e385862caaa85', 'test_used_for_selection': False, 'train_count': 3800, 'train_sample_ids_sha256': 'bd330da5debd3d0536125d6f83fd25249591b244850c3276349b8a7b0e8481ac'}",minilm_trainable_kir_sweep_extension_v1/kir_0.25,43965a4b967c26fc8f77b004be67d6fe68f6f9ff7c82781c1c1959e67dac0011,False,db3fc1b3a52518867e6eecc12ad679b3dcaf628c14e341e742f7c48cff666cf4,3746944.0,11.56428575515747,minilm_trainable_kir_sweep_extension_v1,artifacts/s2c/runs/protocol_v2_textoir_v1/minilm_trainable_kir_sweep_extension_v1/kir_0.25/runs/clinc150/seed_123/metrics.json,last2_minilm_plus_projection,mahalanobis_diag,mean_std,known_only_train_and_calibration,protocol_v2_textoir_v1,,,
0.878421052631579,0.969613073854642,0.9580215136876005,c2ad0b2270e500d539a610b6b50a3c852110f9e4b4d8b27bb43c23c152fc1611,b8cd685427b2902aa3f0a22552a4d51e804f8de5785c6ad12bc1916c12423de7,clinc150,0.8261993158424226,0.8251207671930192,0.9070904645476773,0.03217391304347826,0.25466666666666665,0.18133333333333335,0.7453333333333334,3d57fe28640cb4c4ced43a08544ba53acd8ae99bc6f60bdf58db6d763fbeb05e,0.5,0.7453333333333334,trainable_k1,0.9070904645476773,0.8535276073619632,0.9678260869565217,0.9678260869565217,False,last2_minilm_plus_projection,13,"{'calibration_count': 1500, 'calibration_sample_ids_sha256': '0a82f6590b94d8e365a518d6a3135c8f52f4ff4b89511eb131117204523f8c40', 'dataset': 'clinc150', 'kir': 0.5, 'oos_used_for_training': False, 'overlap_counts': {'calibration_test': 0, 'train_calibration': 0, 'train_test': 0}, 'seed': 13, 'test_count': 5700, 'test_known_count': 2250, 'test_oos_count': 3450, 'test_sample_ids_sha256': '3d57fe28640cb4c4ced43a08544ba53acd8ae99bc6f60bdf58db6d763fbeb05e', 'test_used_for_selection': False, 'train_count': 7500, 'train_sample_ids_sha256': '40dc5dc0f817d7a8c1a7179d287ef154064731ff498b408a424012d78b43a6b4'}",minilm_trainable_kir_sweep_v1/kir_0.50,4b9b08e85006b5128550c67cd7a5bf5f94dfb12b0f0118469ad9a750e6e5d39e,False,7e8cce2c2007eefec59d923e00b18e9f9300237746835e1395b1ad0e82ad0f48,3746944.0,23.036463499069214,minilm_trainable_kir_sweep_v1,artifacts/s2c/runs/protocol_v2_textoir_v1/minilm_trainable_kir_sweep_v1/kir_0.50/runs/clinc150/seed_13/metrics.json,last2_minilm_plus_projection,mahalanobis_diag,mean_std,known_only_train_and_calibration,protocol_v2_textoir_v1,,,
0.8642105263157894,0.9595486046293606,0.9461893719806764,b550e90c17f410f8e4fc40d5bbd11a483914b5467127d0876a42d875caeb2c96,b62af6a2e5f4af2b636643f5746fc60311c9b8df15a1b12ce779142e635a0a09,clinc150,0.8075141354234163,0.8063190545791508,0.8971451987433411,0.04811594202898551,0.2608888888888889,0.25555555555555554,0.739111111111111,b0ada1a699899dbb8f4eab14d5c6550707963bcdb5949651834205b495428292,0.5,0.739111111111111,trainable_k1,0.8971451987433411,0.8483595970033583,0.9518840579710145,0.9518840579710145,False,last2_minilm_plus_projection,42,"{'calibration_count': 1500, 'calibration_sample_ids_sha256': '539c5ca5380a36d4f77a634f5a45dbf28a2ad33d679f9a85d5b7a928a5fb8a00', 'dataset': 'clinc150', 'kir': 0.5, 'oos_used_for_training': False, 'overlap_counts': {'calibration_test': 0, 'train_calibration': 0, 'train_test': 0}, 'seed': 42, 'test_count': 5700, 'test_known_count': 2250, 'test_oos_count': 3450, 'test_sample_ids_sha256': 'b0ada1a699899dbb8f4eab14d5c6550707963bcdb5949651834205b495428292', 'test_used_for_selection': False, 'train_count': 7500, 'train_sample_ids_sha256': 'e8248b161f6a8e8dce1e5d34e7fc7d2ee3eaa0f59fb231c0b7080bcdef21e0e8'}",minilm_trainable_kir_sweep_v1/kir_0.50,0f5448183d9b259f678ec8c8bb3b774cf8f992aa524f13c1e2d2d055d418ec7c,False,d6c20596b5707dc5a33ce34c033cf62cb2b662825ffd30c383e9c04e44898a53,3746944.0,22.18031597137451,minilm_trainable_kir_sweep_v1,artifacts/s2c/runs/protocol_v2_textoir_v1/minilm_trainable_kir_sweep_v1/kir_0.50/runs/clinc150/seed_42/metrics.json,last2_minilm_plus_projection,mahalanobis_diag,mean_std,known_only_train_and_calibration,protocol_v2_textoir_v1,,,
0.8792982456140351,0.9565369353120585,0.9497262479871176,5632572c1bd531c8704255d64f40e72f7e4c9c12e8cea97ed155a73579b5b35e,ff2e12e6d871f7470896a7693f7132e1a4574644358cbbcff2ee0a4a05772b00,clinc150,0.8234017136184874,0.8222647753104556,0.9086720867208672,0.028115942028985506,0.2564444444444444,0.17422222222222222,0.7435555555555555,47c810f687c018b342bf95e1cd6bfe24a1b91a088db1085d05dd8d1ce960b7a8,0.5,0.7435555555555555,trainable_k1,0.9086720867208672,0.8531806615776082,0.9718840579710145,0.9718840579710145,False,last2_minilm_plus_projection,87,"{'calibration_count': 1500, 'calibration_sample_ids_sha256': '19a2791903e30d022cbc4263c69547ecc6cde2c94eaa81b7f0bb279ddbd27a7e', 'dataset': 'clinc150', 'kir': 0.5, 'oos_used_for_training': False, 'overlap_counts': {'calibration_test': 0, 'train_calibration': 0, 'train_test': 0}, 'seed': 87, 'test_count': 5700, 'test_known_count': 2250, 'test_oos_count': 3450, 'test_sample_ids_sha256': '47c810f687c018b342bf95e1cd6bfe24a1b91a088db1085d05dd8d1ce960b7a8', 'test_used_for_selection': False, 'train_count': 7500, 'train_sample_ids_sha256': '1d7e70db190f5246905f7ec9eddc37502b4c34592379f79a1b72f479bd6f0475'}",minilm_trainable_kir_sweep_v1/kir_0.50,d0ddaa713f1323d3145b2eb461956ffddd9104a06278e223f641b2ea6f6d3641,False,88add4f6a8efd2a51b99527a0c875758c8bd5054897e3ec222f9eed7aa98e697,3746944.0,22.459213256835938,minilm_trainable_kir_sweep_v1,artifacts/s2c/runs/protocol_v2_textoir_v1/minilm_trainable_kir_sweep_v1/kir_0.50/runs/clinc150/seed_87/metrics.json,last2_minilm_plus_projection,mahalanobis_diag,mean_std,known_only_train_and_calibration,protocol_v2_textoir_v1,,,
0.8757894736842106,0.9727051957009589,0.959203607085346,72cc757ffe7fe92736dc6a08549c6bd3a2252d887a821b18587b2048dcda9e3e,9ae3d314670123792b14e5f2b940d9714ecb343c75dbdcfc1b91a3e8e72d1df8,clinc150,0.8249194600480021,0.8238497026169713,0.9051512673753066,0.03739130434782609,0.252,0.18755555555555556,0.748,e63a6967dd9733009422bfe7d1dec9b918c39abf1b37fb5badd6415a3461db4a,0.5,0.748,trainable_k1,0.9051512673753066,0.8541666666666666,0.9626086956521739,0.9626086956521739,False,last2_minilm_plus_projection,100,"{'calibration_count': 1500, 'calibration_sample_ids_sha256': '7f650640d61cd2070b49770f2872367d62369b9f2881bd55373afb57cb32b07c', 'dataset': 'clinc150', 'kir': 0.5, 'oos_used_for_training': False, 'overlap_counts': {'calibration_test': 0, 'train_calibration': 0, 'train_test': 0}, 'seed': 100, 'test_count': 5700, 'test_known_count': 2250, 'test_oos_count': 3450, 'test_sample_ids_sha256': 'e63a6967dd9733009422bfe7d1dec9b918c39abf1b37fb5badd6415a3461db4a', 'test_used_for_selection': False, 'train_count': 7500, 'train_sample_ids_sha256': '6083c7e17d3451c0b8c03193147cf6d6e170664424b79832f602ec4f543bafce'}",minilm_trainable_kir_sweep_extension_v1/kir_0.50,938c776eb756ff2fc82432e336f6a7b38588643b0ddcf9219663594eed728e61,False,2fa8f8a800bc3ef5bda3b993ea697e4acfc3335864501e8a384d980be8559455,3746944.0,22.4428768157959,minilm_trainable_kir_sweep_extension_v1,artifacts/s2c/runs/protocol_v2_textoir_v1/minilm_trainable_kir_sweep_extension_v1/kir_0.50/runs/clinc150/seed_100/metrics.json,last2_minilm_plus_projection,mahalanobis_diag,mean_std,known_only_train_and_calibration,protocol_v2_textoir_v1,,,
0.8692982456140351,0.9661621473228265,0.9531961352657006,2307f5fb8d12c2a5292967239fbac6f97d895680b0c07cc9c04d051658ca1ef3,6dcf7d54b65f9b238f41b07319d0bf2ea33f0538cd673b007dc63d831dd48ef4,clinc150,0.8087962224646499,0.8075280163572003,0.9039116805233747,0.03884057971014493,0.25377777777777777,0.21333333333333335,0.7462222222222222,2ebaec84e475d669f7837412dc86dbdc4c74e3f388a91ffffb248f1807ba695f,0.5,0.7462222222222222,trainable_k1,0.9039116805233747,0.8531000771803448,0.9611594202898551,0.9611594202898551,False,last2_minilm_plus_projection,123,"{'calibration_count': 1500, 'calibration_sample_ids_sha256': 'bf7e1dfed86656ca1128c51ca882787dbc2dce10349b6e5e6725c0a97ce94311', 'dataset': 'clinc150', 'kir': 0.5, 'oos_used_for_training': False, 'overlap_counts': {'calibration_test': 0, 'train_calibration': 0, 'train_test': 0}, 'seed': 123, 'test_count': 5700, 'test_known_count': 2250, 'test_oos_count': 3450, 'test_sample_ids_sha256': '2ebaec84e475d669f7837412dc86dbdc4c74e3f388a91ffffb248f1807ba695f', 'test_used_for_selection': False, 'train_count': 7500, 'train_sample_ids_sha256': '262b0bde662c7d107a0b8f41d1c350bac891c6b60527975e353247558f17bb47'}",minilm_trainable_kir_sweep_extension_v1/kir_0.50,aff6d91cdb699c175ae9e4a098e555150e35200f1d24b7aedd626480aae43e27,False,7fc1111835db48d7f9e70aa8997517fc678f891ee1867f16a2b4120141da0039,3746944.0,22.96462106704712,minilm_trainable_kir_sweep_extension_v1,artifacts/s2c/runs/protocol_v2_textoir_v1/minilm_trainable_kir_sweep_extension_v1/kir_0.50/runs/clinc150/seed_123/metrics.json,last2_minilm_plus_projection,mahalanobis_diag,mean_std,known_only_train_and_calibration,protocol_v2_textoir_v1,,,
0.8228070175438597,0.9211589379942506,0.9450418447293447,7dde823d9acec46863302ba28e05e96ab7cb74bd1ba562e3ca7b91440c9dad7a,dab8097b069ea88fef35eca3e7bdc0921681d18de6a21d33a6b75a8406ef938a,clinc150,0.8206112737544194,0.820589866827606,0.8230088495575221,0.046153846153846156,0.25357142857142856,0.23541666666666666,0.7464285714285714,7741297790f04e44ac1cf582b5d96ba4a898410582111a3557e713263c0c95ed,0.75,0.7464285714285714,trainable_k1,0.8230088495575221,0.7237354085603113,0.9538461538461539,0.9538461538461539,False,last2_minilm_plus_projection,13,"{'calibration_count': 2240, 'calibration_sample_ids_sha256': '0497652ef76fc306dfadff2ca6136d12ba9af42e7eb0a3309ddc699468eaa972', 'dataset': 'clinc150', 'kir': 0.75, 'oos_used_for_training': False, 'overlap_counts': {'calibration_test': 0, 'train_calibration': 0, 'train_test': 0}, 'seed': 13, 'test_count': 5700, 'test_known_count': 3360, 'test_oos_count': 2340, 'test_sample_ids_sha256': '7741297790f04e44ac1cf582b5d96ba4a898410582111a3557e713263c0c95ed', 'test_used_for_selection': False, 'train_count': 11200, 'train_sample_ids_sha256': '6d1a369e285979a4bc91d9b0f15f453de8f951114f09a9253e91e175cdcdbd4c'}",minilm_trainable_kir_sweep_v1/kir_0.75,fd7109626b747a27990d055c6839518ade58924a6fa0d0d67e92c39404d45b22,False,b1790f35b35bc7dadbdd45af8804f9ceea0a2be8312c11f5198f52823d049012,3746944.0,34.7118399143219,minilm_trainable_kir_sweep_v1,artifacts/s2c/runs/protocol_v2_textoir_v1/minilm_trainable_kir_sweep_v1/kir_0.75/runs/clinc150/seed_13/metrics.json,last2_minilm_plus_projection,mahalanobis_diag,mean_std,known_only_train_and_calibration,protocol_v2_textoir_v1,,,
0.8259649122807018,0.9308015936582519,0.9525565984940986,e911a94bbb5a2e891f4c83252d1cd6f053506578482494f3c3386c0ce4ab4e00,a951505d0d0449a98fdb9d97ca6b0058a22cc286306038f32f7dba78786e3608,clinc150,0.824382257045602,0.8243933333912352,0.823141706334676,0.039316239316239315,0.26011904761904764,0.22589285714285715,0.7398809523809524,3df49aa1eb5465c3117efdb14c7f5f5aab0ee019140637b33bab946a701e8195,0.75,0.7398809523809524,trainable_k1,0.823141706334676,0.7200512491992312,0.9606837606837607,0.9606837606837607,False,last2_minilm_plus_projection,42,"{'calibration_count': 2240, 'calibration_sample_ids_sha256': '8479a1a4cece46d49158595102f57f91471836f7697f9dad7eb5d16582216f26', 'dataset': 'clinc150', 'kir': 0.75, 'oos_used_for_training': False, 'overlap_counts': {'calibration_test': 0, 'train_calibration': 0, 'train_test': 0}, 'seed': 42, 'test_count': 5700, 'test_known_count': 3360, 'test_oos_count': 2340, 'test_sample_ids_sha256': '3df49aa1eb5465c3117efdb14c7f5f5aab0ee019140637b33bab946a701e8195', 'test_used_for_selection': False, 'train_count': 11200, 'train_sample_ids_sha256': 'b511b2ec34b03acefdc1a7403d8bc7f22b398aaafa6846fe4d1408e23b72c0eb'}",minilm_trainable_kir_sweep_v1/kir_0.75,e7152839075e894e4093d859bcbfd6b3916841246366f0bf9288fe13d8b030e5,False,6c2909d4b342cb625f83c09cfaf99f82bc86030780b8d5729c9a09ffe2b27506,3746944.0,33.94681692123413,minilm_trainable_kir_sweep_v1,artifacts/s2c/runs/protocol_v2_textoir_v1/minilm_trainable_kir_sweep_v1/kir_0.75/runs/clinc150/seed_42/metrics.json,last2_minilm_plus_projection,mahalanobis_diag,mean_std,known_only_train_and_calibration,protocol_v2_textoir_v1,,,
0.8312280701754386,0.9096249572475938,0.9461285358160358,d66b8be404c80e15b8eef0d281f1a236e01c45809e1eb7781f40cc860a9449dd,58782413e44db5d7751a46612c97061145cf62b33dfabfdd8a20a3b298299ee0,clinc150,0.827797940585045,0.8277759124141166,0.8302650957290133,0.03632478632478633,0.24910714285714286,0.18720238095238095,0.7508928571428571,6f56ec7f0be33504f483867cb407f47be88db6d9e1ef6198600d3fcd20781dda,0.75,0.7508928571428571,trainable_k1,0.8302650957290133,0.7293014230271668,0.9636752136752137,0.9636752136752137,False,last2_minilm_plus_projection,87,"{'calibration_count': 2240, 'calibration_sample_ids_sha256': '073d1c9333fb65feaaf69b074fe20a408410d8ea881ffbc01cd8069a25c3c5bb', 'dataset': 'clinc150', 'kir': 0.75, 'oos_used_for_training': False, 'overlap_counts': {'calibration_test': 0, 'train_calibration': 0, 'train_test': 0}, 'seed': 87, 'test_count': 5700, 'test_known_count': 3360, 'test_oos_count': 2340, 'test_sample_ids_sha256': '6f56ec7f0be33504f483867cb407f47be88db6d9e1ef6198600d3fcd20781dda', 'test_used_for_selection': False, 'train_count': 11200, 'train_sample_ids_sha256': '5fb564f8fb0e6f84aaeacb2f210d0a79c1195c3c31b8df45663fb32b88d118b4'}",minilm_trainable_kir_sweep_v1/kir_0.75,6c9a3b21edd06fa1f9aec99a11aef42d046f6bed122adb5451f6c7f9e3a2243d,False,4889b0507a5c8b0a6f0b86459ee985dd90ebb785c431da0bfa5757f867b04b21,3746944.0,34.35529661178589,minilm_trainable_kir_sweep_v1,artifacts/s2c/runs/protocol_v2_textoir_v1/minilm_trainable_kir_sweep_v1/kir_0.75/runs/clinc150/seed_87/metrics.json,last2_minilm_plus_projection,mahalanobis_diag,mean_std,known_only_train_and_calibration,protocol_v2_textoir_v1,,,
0.8385964912280702,0.9349668659863393,0.9543171296296297,d63674c55db12e5c65d2af17434e9ef636a0b885a940823f83b9fe32e4d82d5f,a17b88c75f93eea36f48c83e73f5737d89c64798ed9b97500d8b259690d01f54,clinc150,0.840427967758085,0.8404915892545313,0.8333023601561048,0.04188034188034188,0.23779761904761904,0.20208333333333334,0.762202380952381,9abcb3b52966871b8ac470800fdc2d2927540f64970affdafd8df53f34f983d8,0.75,0.762202380952381,trainable_k1,0.8333023601561048,0.7372574810917462,0.9581196581196582,0.9581196581196582,False,last2_minilm_plus_projection,100,"{'calibration_count': 2240, 'calibration_sample_ids_sha256': 'a8063741f33313bf9fa53c28d9b062bdc99055da1e17ce1e21c31e9c7d220217', 'dataset': 'clinc150', 'kir': 0.75, 'oos_used_for_training': False, 'overlap_counts': {'calibration_test': 0, 'train_calibration': 0, 'train_test': 0}, 'seed': 100, 'test_count': 5700, 'test_known_count': 3360, 'test_oos_count': 2340, 'test_sample_ids_sha256': '9abcb3b52966871b8ac470800fdc2d2927540f64970affdafd8df53f34f983d8', 'test_used_for_selection': False, 'train_count': 11200, 'train_sample_ids_sha256': '3a932038cf3e7bba6acbfc4c73ea74a5c0970c388ab7bf0bfcdf96713c2553a9'}",minilm_trainable_kir_sweep_extension_v1/kir_0.75,d9cbdb117d2ee8adbc277d7198ad65de65bacaa8c73688f451ea5f8c868d0b58,False,e780fc5c8609f409cbe698e9c64f5cb9cf1ac7ff98622b7686e33ff80883f102,3746944.0,33.82280898094177,minilm_trainable_kir_sweep_extension_v1,artifacts/s2c/runs/protocol_v2_textoir_v1/minilm_trainable_kir_sweep_extension_v1/kir_0.75/runs/clinc150/seed_100/metrics.json,last2_minilm_plus_projection,mahalanobis_diag,mean_std,known_only_train_and_calibration,protocol_v2_textoir_v1,,,
0.8343859649122807,0.9255911521635527,0.9521731277981278,edea51cfa6f6c299260494762f01ee8fac230d74b007a1581d27060e23da5a89,e279f981442d8354b1ea1e75e0c296e8abdc4deec3a0bac8c4b10ebee6fc359f,clinc150,0.8324034603041841,0.8324003831130555,0.8327481057105895,0.03717948717948718,0.24345238095238095,0.21726190476190477,0.756547619047619,e9f1c577cab2b099b6b13940846bd773e43c84e9d92180b35523c6de2aa55d79,0.75,0.756547619047619,trainable_k1,0.8327481057105895,0.7336372517095409,0.9628205128205128,0.9628205128205128,False,last2_minilm_plus_projection,123,"{'calibration_count': 2240, 'calibration_sample_ids_sha256': 'd4a210f4984e783b330cd1bac36956f43011f25ba5c0bca862aed1b4f08d044c', 'dataset': 'clinc150', 'kir': 0.75, 'oos_used_for_training': False, 'overlap_counts': {'calibration_test': 0, 'train_calibration': 0, 'train_test': 0}, 'seed': 123, 'test_count': 5700, 'test_known_count': 3360, 'test_oos_count': 2340, 'test_sample_ids_sha256': 'e9f1c577cab2b099b6b13940846bd773e43c84e9d92180b35523c6de2aa55d79', 'test_used_for_selection': False, 'train_count': 11200, 'train_sample_ids_sha256': '7dd82fefd0ded4aaefd6ea0b3e376887874eae9f201b3ee9523f0d01fec4e1dd'}",minilm_trainable_kir_sweep_extension_v1/kir_0.75,b82210bc25859b483500df10ff74245aa9b2d9f3be5c08c0b681e1db45cd6933,False,8cff4fc788a47f048b34c41ee58cdded8e5222d902081d78b8a28ba6c506bb6c,3746944.0,34.099244832992554,minilm_trainable_kir_sweep_extension_v1,artifacts/s2c/runs/protocol_v2_textoir_v1/minilm_trainable_kir_sweep_extension_v1/kir_0.75/runs/clinc150/seed_123/metrics.json,last2_minilm_plus_projection,mahalanobis_diag,mean_std,known_only_train_and_calibration,protocol_v2_textoir_v1,,,
0.9015,0.9625178109218019,0.9283866666666668,0ed42eb3f69b85dc148ad0d21774724e6159e8c109547eb0b0c27124cacb68a6,dccac3b26ff92de31595169d8aa1b166695ace29aecddaa73e754736b6a4bac3,stackoverflow,0.8376694373285117,0.8182316912030043,0.9348581679560489,0.07355555555555555,0.16666666666666666,0.19666666666666666,0.8333333333333334,8122f7786ed1a216932c2f9400394854d245fd41cffbaa9b102e9f62e05327d8,0.25,0.8333333333333334,trainable_k1,0.9348581679560489,0.9434261145055443,0.9264444444444444,0.9264444444444444,False,last2_minilm_plus_projection,13,"{'calibration_count': 500, 'calibration_sample_ids_sha256': '7c7187881a775d35bd5d1ebb169f38d6490a5a12962644b405fa3f21b48dffd2', 'dataset': 'stackoverflow', 'kir': 0.25, 'oos_used_for_training': False, 'overlap_counts': {'calibration_test': 0, 'train_calibration': 0, 'train_test': 0}, 'seed': 13, 'test_count': 6000, 'test_known_count': 1500, 'test_oos_count': 4500, 'test_sample_ids_sha256': '8122f7786ed1a216932c2f9400394854d245fd41cffbaa9b102e9f62e05327d8', 'test_used_for_selection': False, 'train_count': 3000, 'train_sample_ids_sha256': 'e9898553da4f74b0cbffc05d94b14bc349e6bdf0dff2dcebb5c12f6d5d9470fe'}",minilm_trainable_kir_sweep_v1/kir_0.25,4cde564b3cacdfa4ee443ba92cacfdaf2bce1cbeb7d220de7e9225fd47d70b4f,False,bcb8a246bb355e687548936fbd216256281c6633f3562ffcab4944b3c4e84ac9,198016.0,7.909253835678101,minilm_trainable_kir_sweep_v1,artifacts/s2c/runs/protocol_v2_textoir_v1/minilm_trainable_kir_sweep_v1/kir_0.25/runs/stackoverflow/seed_13/metrics.json,last2_minilm_plus_projection,mahalanobis_diag,mean_std,known_only_train_and_calibration,protocol_v2_textoir_v1,,,
0.9298333333333333,0.9790898154769205,0.9535537777777778,581b82d265595c85a01978057a4455c3841889bd39cf765537cb659b1bc27b12,eff0ea5e44c13a7f3b96564aa0e859d5019aec2405ac4cac8ab01d17dda6cd6f,stackoverflow,0.8737185899712864,0.857538160896978,0.9546207353428288,0.03933333333333333,0.156,0.14066666666666666,0.844,317fb36870d1c247d014ffb0e96d620db1cc8ef5b01d7e0afbd0495a253e1cff,0.25,0.844,trainable_k1,0.9546207353428288,0.9486504279131007,0.9606666666666667,0.9606666666666667,False,last2_minilm_plus_projection,42,"{'calibration_count': 500, 'calibration_sample_ids_sha256': '68572f36d22c5563983bc385c709d56c097e784d036319549112dcd992ef9c62', 'dataset': 'stackoverflow', 'kir': 0.25, 'oos_used_for_training': False, 'overlap_counts': {'calibration_test': 0, 'train_calibration': 0, 'train_test': 0}, 'seed': 42, 'test_count': 6000, 'test_known_count': 1500, 'test_oos_count': 4500, 'test_sample_ids_sha256': '317fb36870d1c247d014ffb0e96d620db1cc8ef5b01d7e0afbd0495a253e1cff', 'test_used_for_selection': False, 'train_count': 3000, 'train_sample_ids_sha256': '3de3ead5b2d9d37fffa99fc121bec3b18bdd658d3cb1b20d6e550a174d00bc81'}",minilm_trainable_kir_sweep_v1/kir_0.25,e6f0582fdc6801d2f228fc8e1ecf4b33c43df5cf7ee14f3f6013505659960aa8,False,126ce50dfd1e3047efb1ddc0ad6b823dfe3c6f0f32bce43644fd916a2036c758,3746944.0,10.694949388504028,minilm_trainable_kir_sweep_v1,artifacts/s2c/runs/protocol_v2_textoir_v1/minilm_trainable_kir_sweep_v1/kir_0.25/runs/stackoverflow/seed_42/metrics.json,last2_minilm_plus_projection,mahalanobis_diag,mean_std,known_only_train_and_calibration,protocol_v2_textoir_v1,,,
0.9398333333333333,0.983611668321172,0.963934962962963,ea887952bd461529f30a8c0db554323e29bcf6a2745529388d8ed6c4cca1b4fd,8194bd3cd7c24c84e37560e4f0f30ebd8a70e45fe5fe23ee6f648341fd44d11f,stackoverflow,0.886162434075719,0.8710137594022251,0.9619058074431881,0.026444444444444444,0.152,0.12133333333333333,0.848,4c1daf514fd0d2a7441db6c037f7938d5ce823e0efcd750d08e89d18188cec69,0.25,0.848,trainable_k1,0.9619058074431881,0.9505315686699934,0.9735555555555555,0.9735555555555555,False,last2_minilm_plus_projection,87,"{'calibration_count': 500, 'calibration_sample_ids_sha256': '4751c242853a195e085c6c63f993a55fa6c08e9f4e96513955c5fb63ed7fe0a7', 'dataset': 'stackoverflow', 'kir': 0.25, 'oos_used_for_training': False, 'overlap_counts': {'calibration_test': 0, 'train_calibration': 0, 'train_test': 0}, 'seed': 87, 'test_count': 6000, 'test_known_count': 1500, 'test_oos_count': 4500, 'test_sample_ids_sha256': '4c1daf514fd0d2a7441db6c037f7938d5ce823e0efcd750d08e89d18188cec69', 'test_used_for_selection': False, 'train_count': 3000, 'train_sample_ids_sha256': '0e987f7c93ce5efc6cb45fe223e175802dfad3a25731fadf270c1acda819b6aa'}",minilm_trainable_kir_sweep_v1/kir_0.25,1373a3f4f33c3add2d6808469312c7c8bd0f53acef8c269ae72425fd009cc697,False,e47bf43a1997873aeec20921abffd94e028ba77926d606b8807cc514da321f93,3746944.0,9.894963026046753,minilm_trainable_kir_sweep_v1,artifacts/s2c/runs/protocol_v2_textoir_v1/minilm_trainable_kir_sweep_v1/kir_0.25/runs/stackoverflow/seed_87/metrics.json,last2_minilm_plus_projection,mahalanobis_diag,mean_std,known_only_train_and_calibration,protocol_v2_textoir_v1,,,
0.9478333333333333,0.9856112004540502,0.9700856296296297,8ec3cb90f00623473c190f8cf1a754e5d62d1ace990fd6b744b50e9573123b41,5fcae9ed09369966fdcff8b1582d707e8612c580bfb0042c73fa7493d93db0e3,stackoverflow,0.9008138022892632,0.8876862119657805,0.9664517539066768,0.017333333333333333,0.15266666666666667,0.096,0.8473333333333333,28570bb05d0fe5197c6a86d199c30ff175bd85d125020a2f6cefc4a39eba138b,0.25,0.8473333333333333,trainable_k1,0.9664517539066768,0.950763276714685,0.9826666666666667,0.9826666666666667,False,last2_minilm_plus_projection,100,"{'calibration_count': 500, 'calibration_sample_ids_sha256': '292e940cf39083d515129bff025418ebc9e94fe6e1937075febbfe99bf9d453f', 'dataset': 'stackoverflow', 'kir': 0.25, 'oos_used_for_training': False, 'overlap_counts': {'calibration_test': 0, 'train_calibration': 0, 'train_test': 0}, 'seed': 100, 'test_count': 6000, 'test_known_count': 1500, 'test_oos_count': 4500, 'test_sample_ids_sha256': '28570bb05d0fe5197c6a86d199c30ff175bd85d125020a2f6cefc4a39eba138b', 'test_used_for_selection': False, 'train_count': 3000, 'train_sample_ids_sha256': 'b79967eb25889abbad11410998812ead2f59432296e17a40749f0d1312f2cab1'}",minilm_trainable_kir_sweep_extension_v1/kir_0.25,ab839155c348c22cd6c0002d502368451e1e282378dd356dd733dc5a106400ee,False,4b8986318d01c36cd8c5508b268eb117fdb42fa2bc7d25b8818f9f98a55ecf30,3746944.0,9.447281837463379,minilm_trainable_kir_sweep_extension_v1,artifacts/s2c/runs/protocol_v2_textoir_v1/minilm_trainable_kir_sweep_extension_v1/kir_0.25/runs/stackoverflow/seed_100/metrics.json,last2_minilm_plus_projection,mahalanobis_diag,mean_std,known_only_train_and_calibration,protocol_v2_textoir_v1,,,
0.9333333333333333,0.9756586320026046,0.9488235555555556,2b3e9977129d501329a505fd40f355bcbf37d7127065ab2fd4b29fc8219fda35,911f2da3c0e8473812ae2def09370c89015cb6cf0e9abfd821446c60c6433145,stackoverflow,0.8834991622766871,0.8689693781608477,0.9561480828558836,0.035777777777777776,0.158,0.144,0.842,2cd98709ec208302b540be0e5bdf051abbf7d9f4c3d1e914ace28d5a1bacfb34,0.25,0.842,trainable_k1,0.9561480828558836,0.948208041958042,0.9642222222222222,0.9642222222222222,False,last2_minilm_plus_projection,123,"{'calibration_count': 500, 'calibration_sample_ids_sha256': '59577951561e12b5495e280df99e5f0e60d1f29ee206dc1f778922475a0a71f5', 'dataset': 'stackoverflow', 'kir': 0.25, 'oos_used_for_training': False, 'overlap_counts': {'calibration_test': 0, 'train_calibration': 0, 'train_test': 0}, 'seed': 123, 'test_count': 6000, 'test_known_count': 1500, 'test_oos_count': 4500, 'test_sample_ids_sha256': '2cd98709ec208302b540be0e5bdf051abbf7d9f4c3d1e914ace28d5a1bacfb34', 'test_used_for_selection': False, 'train_count': 3000, 'train_sample_ids_sha256': 'd9372e03e3d53079703e345c274fe7ec9737059013014d0ca5619fb45eebb4be'}",minilm_trainable_kir_sweep_extension_v1/kir_0.25,598c09b092206b295fabe301bb831c7a1fb1fe7087318bde087fd589677222d5,False,67241822da44558ec651ed0a7e7800e03300cc29617c8f6351ec5e5c019e18ed,3746944.0,9.490009784698486,minilm_trainable_kir_sweep_extension_v1,artifacts/s2c/runs/protocol_v2_textoir_v1/minilm_trainable_kir_sweep_extension_v1/kir_0.25/runs/stackoverflow/seed_123/metrics.json,last2_minilm_plus_projection,mahalanobis_diag,mean_std,known_only_train_and_calibration,protocol_v2_textoir_v1,,,
0.8496666666666667,0.8624639062641226,0.9058574444444444,077154a08592684ee77900e5dc43c46480cf1230e01a16fba64fc50baddcbc09,006d27e7030761616a5de81792925a08869b6a6309712e98c27d6b9ff1e6b85c,stackoverflow,0.8523954175911279,0.8519771296120553,0.8565782973818541,0.133,0.15733333333333333,0.22266666666666668,0.8426666666666667,fd77b022d10332484f6f691c48b923ab7ee82243605a089c7c1ed33ad39103e1,0.5,0.8426666666666667,trainable_k1,0.8565782973818541,0.8464041653107712,0.867,0.867,False,last2_minilm_plus_projection,13,"{'calibration_count': 1000, 'calibration_sample_ids_sha256': 'ef35331650e5545c204b807b12522db56462c653ac8f91b5ff3b4b8d61aa28ae', 'dataset': 'stackoverflow', 'kir': 0.5, 'oos_used_for_training': False, 'overlap_counts': {'calibration_test': 0, 'train_calibration': 0, 'train_test': 0}, 'seed': 13, 'test_count': 6000, 'test_known_count': 3000, 'test_oos_count': 3000, 'test_sample_ids_sha256': 'fd77b022d10332484f6f691c48b923ab7ee82243605a089c7c1ed33ad39103e1', 'test_used_for_selection': False, 'train_count': 6000, 'train_sample_ids_sha256': '4aa9ef44044337f0794ca79a36c5ab0653560fb0bb955310f2f481d4cda23660'}",minilm_trainable_kir_sweep_v1/kir_0.50,d3891e4ea9fd6b337ad0c11162f532d8195a4bc73a1f9d3599120df43305eda6,False,8d1eed4635ac46805c908b52ea6b0311154592ffc9561774d9f113e76a5d3a1b,3746944.0,17.177334308624268,minilm_trainable_kir_sweep_v1,artifacts/s2c/runs/protocol_v2_textoir_v1/minilm_trainable_kir_sweep_v1/kir_0.50/runs/stackoverflow/seed_13/metrics.json,last2_minilm_plus_projection,mahalanobis_diag,mean_std,known_only_train_and_calibration,protocol_v2_textoir_v1,,,
0.8648333333333333,0.9119942660488355,0.9267934444444444,2d346113c799e722d81977f6a7dcc6f57bb6efab710c0268de90a9a941c35e5a,67a7e6e30e39b9ee02c498b4215280c483a208bd100a80b03026f30a4a9a8fae,stackoverflow,0.8576590966593717,0.8558767437770463,0.8754826254826255,0.093,0.165,0.20066666666666666,0.835,ed50cc34f4a8e69711527e7db4d5bed877b2e768861d442975d1a7b4907b16c6,0.5,0.835,trainable_k1,0.8754826254826255,0.8460820895522388,0.907,0.907,False,last2_minilm_plus_projection,42,"{'calibration_count': 1000, 'calibration_sample_ids_sha256': 'a85bbfa45b01fb75f8796b3c10c2351fce11f5f306ab68d5cd1c7fa90e8dea80', 'dataset': 'stackoverflow', 'kir': 0.5, 'oos_used_for_training': False, 'overlap_counts': {'calibration_test': 0, 'train_calibration': 0, 'train_test': 0}, 'seed': 42, 'test_count': 6000, 'test_known_count': 3000, 'test_oos_count': 3000, 'test_sample_ids_sha256': 'ed50cc34f4a8e69711527e7db4d5bed877b2e768861d442975d1a7b4907b16c6', 'test_used_for_selection': False, 'train_count': 6000, 'train_sample_ids_sha256': '17727b522cfc3c92c4f785352e87fb160b6209e3336dea82231592012ad53df7'}",minilm_trainable_kir_sweep_v1/kir_0.50,c4bca64707c63f1a4b9910ef4de09b439ccf1ca76d7928e0294cc5d2803878f2,False,6a222bc029dd12396978809bc664adabd636867ec60b95eceadf97dc33a7f382,3746944.0,18.801823377609253,minilm_trainable_kir_sweep_v1,artifacts/s2c/runs/protocol_v2_textoir_v1/minilm_trainable_kir_sweep_v1/kir_0.50/runs/stackoverflow/seed_42/metrics.json,last2_minilm_plus_projection,mahalanobis_diag,mean_std,known_only_train_and_calibration,protocol_v2_textoir_v1,,,
0.8601666666666666,0.8888527044060599,0.9198784444444444,32c002d69ea401a7b5fc9385884605ef308016de790ee09fb4369b539dfde4fa,00d419f9a882d189e1ed8dbd017056b7999d1472aaf4beff832068017978880e,stackoverflow,0.8595641369722073,0.8585993483948545,0.8692120227457352,0.10833333333333334,0.16,0.212,0.84,53f65be0e59d34bf1a888b93bca28cd91c57b620e14840d33339b37230b27f1f,0.5,0.84,trainable_k1,0.8692120227457352,0.8478605388272583,0.8916666666666667,0.8916666666666667,False,last2_minilm_plus_projection,87,"{'calibration_count': 1000, 'calibration_sample_ids_sha256': 'a09fab8a1d75afae2c79693e2d0ac0cd6155a44ebaafbbe0df73e48731f0ff60', 'dataset': 'stackoverflow', 'kir': 0.5, 'oos_used_for_training': False, 'overlap_counts': {'calibration_test': 0, 'train_calibration': 0, 'train_test': 0}, 'seed': 87, 'test_count': 6000, 'test_known_count': 3000, 'test_oos_count': 3000, 'test_sample_ids_sha256': '53f65be0e59d34bf1a888b93bca28cd91c57b620e14840d33339b37230b27f1f', 'test_used_for_selection': False, 'train_count': 6000, 'train_sample_ids_sha256': '329d15b05282178d6ec40c81836bff0b8a5ceb6bd87bc222a7c209b698b3e377'}",minilm_trainable_kir_sweep_v1/kir_0.50,494e9483b4594ac8de7bae3467357cf56566df7464535fe22c3dcf018ed9b998,False,5e89c45c0b6548cf09d7333f7dd0101c1807f68814f042a1defd2f7b1b9a1056,3746944.0,18.181092023849487,minilm_trainable_kir_sweep_v1,artifacts/s2c/runs/protocol_v2_textoir_v1/minilm_trainable_kir_sweep_v1/kir_0.50/runs/stackoverflow/seed_87/metrics.json,last2_minilm_plus_projection,mahalanobis_diag,mean_std,known_only_train_and_calibration,protocol_v2_textoir_v1,,,
0.892,0.9319233325702037,0.9465268888888889,d3a6fc5784885991f31c16f51c99c10c3f06e16215ba187ebbd26bd0911f42e1,f16c03167b1e100363346f5ae9ab7eccbe29218b4625638eeebcc7f963d428e8,stackoverflow,0.8835864480412401,0.8817847659041507,0.9016032694121345,0.044,0.16466666666666666,0.159,0.8353333333333334,d3314a896b71cb10edb01ba43bef7ace11f1de7e30f9f7352aeae33c2a87e025,0.5,0.8353333333333334,trainable_k1,0.9016032694121345,0.8530636525877454,0.956,0.956,False,last2_minilm_plus_projection,100,"{'calibration_count': 1000, 'calibration_sample_ids_sha256': '71e49d8405931c585d44f87abac9fbf975addcec26b124e4fbea0fc8f6e25892', 'dataset': 'stackoverflow', 'kir': 0.5, 'oos_used_for_training': False, 'overlap_counts': {'calibration_test': 0, 'train_calibration': 0, 'train_test': 0}, 'seed': 100, 'test_count': 6000, 'test_known_count': 3000, 'test_oos_count': 3000, 'test_sample_ids_sha256': 'd3314a896b71cb10edb01ba43bef7ace11f1de7e30f9f7352aeae33c2a87e025', 'test_used_for_selection': False, 'train_count': 6000, 'train_sample_ids_sha256': 'a31503f88695c1422434e7043467d66e49cbe6b5fadcf2ce1811e0fb38d5bb8a'}",minilm_trainable_kir_sweep_extension_v1/kir_0.50,6bde11e526424dc300bd82b86ef3dd56da736fca814c0b22fdcf928641d1f33f,False,e6efa8b31283171dc800a0bf4eefe24ab76c4971a8cd123e85a5d460257872cf,3746944.0,17.743273496627808,minilm_trainable_kir_sweep_extension_v1,artifacts/s2c/runs/protocol_v2_textoir_v1/minilm_trainable_kir_sweep_extension_v1/kir_0.50/runs/stackoverflow/seed_100/metrics.json,last2_minilm_plus_projection,mahalanobis_diag,mean_std,known_only_train_and_calibration,protocol_v2_textoir_v1,,,
0.874,0.8724901009917846,0.9185344444444443,ec0e2491d5d7f142cfce49df62c2f70e4c5180d14e09deeab00b321b45c34ba9,4f8376fdd5d1fa4b562e2bcc20177b731c5767b696253a5ca6d4c4fab0d34768,stackoverflow,0.874333776004836,0.8737014425407359,0.8806571106458367,0.08866666666666667,0.15833333333333333,0.20166666666666666,0.8416666666666667,83ce93e49e13634c8979000e8050204eec37061fad5b5e6a7b65247c682b87f7,0.5,0.8416666666666667,trainable_k1,0.8806571106458367,0.8519788095980056,0.9113333333333333,0.9113333333333333,False,last2_minilm_plus_projection,123,"{'calibration_count': 1000, 'calibration_sample_ids_sha256': 'd81b3e5d864240f0d778c89e3d24bb56a8a5a7194d3ecff83588b5ad06d1581a', 'dataset': 'stackoverflow', 'kir': 0.5, 'oos_used_for_training': False, 'overlap_counts': {'calibration_test': 0, 'train_calibration': 0, 'train_test': 0}, 'seed': 123, 'test_count': 6000, 'test_known_count': 3000, 'test_oos_count': 3000, 'test_sample_ids_sha256': '83ce93e49e13634c8979000e8050204eec37061fad5b5e6a7b65247c682b87f7', 'test_used_for_selection': False, 'train_count': 6000, 'train_sample_ids_sha256': 'f1bbe850c4e5af1a7fce4ecea1879234914210600199db9e1b412d69d1e068e1'}",minilm_trainable_kir_sweep_extension_v1/kir_0.50,5bc29546c9adc12303cd8764d6a931b38cd3db7303c7d48c01e384a035de27d5,False,302d8ddebbbcdf3c253c07a2128a07f1edc3ea94e3e4f1d80fc4ea85113081d4,3746944.0,17.674827814102173,minilm_trainable_kir_sweep_extension_v1,artifacts/s2c/runs/protocol_v2_textoir_v1/minilm_trainable_kir_sweep_extension_v1/kir_0.50/runs/stackoverflow/seed_123/metrics.json,last2_minilm_plus_projection,mahalanobis_diag,mean_std,known_only_train_and_calibration,protocol_v2_textoir_v1,,,
0.849,0.7860156586107498,0.9366668148148148,3940ca9646334b45b54800c1a684c2cd4413b69696e56e9556eeef0c83f98a33,61d8bf245a22683ed4d7460b7e0f4279623d643e2ab66db53f50501647eeda1d,stackoverflow,0.8731885403519126,0.8795246075826206,0.7781475318912923,0.06466666666666666,0.15622222222222223,0.17066666666666666,0.8437777777777777,4a18ae5f002d56c0da340eddff81164875949a833424db8a7e408f0b9b864792,0.75,0.8437777777777777,trainable_k1,0.7781475318912923,0.6661918328584995,0.9353333333333333,0.9353333333333333,False,last2_minilm_plus_projection,13,"{'calibration_count': 1500, 'calibration_sample_ids_sha256': 'bf6044687b280a09682cae19ead91a95baa95f5a889711be8ec0aa7fae6d7861', 'dataset': 'stackoverflow', 'kir': 0.75, 'oos_used_for_training': False, 'overlap_counts': {'calibration_test': 0, 'train_calibration': 0, 'train_test': 0}, 'seed': 13, 'test_count': 6000, 'test_known_count': 4500, 'test_oos_count': 1500, 'test_sample_ids_sha256': '4a18ae5f002d56c0da340eddff81164875949a833424db8a7e408f0b9b864792', 'test_used_for_selection': False, 'train_count': 9000, 'train_sample_ids_sha256': 'dd0087df350946cd332bd18661c9cf606dd2d85f543b6dd34cfc0d7f96ba2903'}",minilm_trainable_kir_sweep_v1/kir_0.75,556e6995e628f9fb4c50ec90332ed26cf980d01c342686aa301cf3f691df6898,False,ad4d4c299bc82eea623aef7086a44ce6d575bd35e18d9ce852ace34fc09f535a,3746944.0,26.58565855026245,minilm_trainable_kir_sweep_v1,artifacts/s2c/runs/protocol_v2_textoir_v1/minilm_trainable_kir_sweep_v1/kir_0.75/runs/stackoverflow/seed_13/metrics.json,last2_minilm_plus_projection,mahalanobis_diag,mean_std,known_only_train_and_calibration,protocol_v2_textoir_v1,,,
0.8403333333333334,0.8115610099826195,0.9275505185185186,50349065664672a90a482d09e90be1a4dc852e4808599335f36f3b21e8c7ab23,378498edd5de0104e2ecc6090bccf017080edc9064eb2a21ce11cb9f71ea2a27,stackoverflow,0.871379383978064,0.8795674597880586,0.748558246828143,0.13466666666666666,0.14888888888888888,0.21488888888888888,0.8511111111111112,04d485f913950fa2a62cfd2bde5f88a2036399bcd21d0c35d177b3ba8a2b3c53,0.75,0.8511111111111112,trainable_k1,0.748558246828143,0.6595528455284553,0.8653333333333333,0.8653333333333333,False,last2_minilm_plus_projection,42,"{'calibration_count': 1500, 'calibration_sample_ids_sha256': '0708c2ea6a0102085ab56321934c0779ace619c7db257fe1e381ff3012747177', 'dataset': 'stackoverflow', 'kir': 0.75, 'oos_used_for_training': False, 'overlap_counts': {'calibration_test': 0, 'train_calibration': 0, 'train_test': 0}, 'seed': 42, 'test_count': 6000, 'test_known_count': 4500, 'test_oos_count': 1500, 'test_sample_ids_sha256': '04d485f913950fa2a62cfd2bde5f88a2036399bcd21d0c35d177b3ba8a2b3c53', 'test_used_for_selection': False, 'train_count': 9000, 'train_sample_ids_sha256': '0412dc51c8e0b73b85adbd9fb64b1e05438f4313b42e2bc3b075f4ded60fdeb7'}",minilm_trainable_kir_sweep_v1/kir_0.75,4ab074d83be9b7b6af2b8161761eeda03d28cbcfc4f7bbe74dadd93c2aaefced,False,edd6e61c154e540e1a73ac6a91525d1b9209dc82723d68c75058a1c71e5ab87a,3746944.0,26.367056846618652,minilm_trainable_kir_sweep_v1,artifacts/s2c/runs/protocol_v2_textoir_v1/minilm_trainable_kir_sweep_v1/kir_0.75/runs/stackoverflow/seed_42/metrics.json,last2_minilm_plus_projection,mahalanobis_diag,mean_std,known_only_train_and_calibration,protocol_v2_textoir_v1,,,
0.843,0.7666542381963952,0.9305234074074071,971fdbc4294f2cd33553fd4f40b36713045e03966bdaa0994950a808acdb4716,d346cfc05d01f53621de405ce24121af4a0b4691a3ed611ee1332db63b57093a,stackoverflow,0.867446594850703,0.8737009569626969,0.7736311631707982,0.05333333333333334,0.1668888888888889,0.17466666666666666,0.8331111111111111,6afeff4f0bd02a1c8564af680d7397479477e65ac2c1aff38aa3bc0d98e95fd3,0.75,0.8331111111111111,trainable_k1,0.7736311631707982,0.654076462459696,0.9466666666666667,0.9466666666666667,False,last2_minilm_plus_projection,87,"{'calibration_count': 1500, 'calibration_sample_ids_sha256': '6c5c9c580d117b19acf7cf79ac95df4d9616376eb1855f32090f9e82703c63c7', 'dataset': 'stackoverflow', 'kir': 0.75, 'oos_used_for_training': False, 'overlap_counts': {'calibration_test': 0, 'train_calibration': 0, 'train_test': 0}, 'seed': 87, 'test_count': 6000, 'test_known_count': 4500, 'test_oos_count': 1500, 'test_sample_ids_sha256': '6afeff4f0bd02a1c8564af680d7397479477e65ac2c1aff38aa3bc0d98e95fd3', 'test_used_for_selection': False, 'train_count': 9000, 'train_sample_ids_sha256': '64c29ae604aa39060038a99b8239f531dcbcce66ff50bedf63621e4f92431b94'}",minilm_trainable_kir_sweep_v1/kir_0.75,fef970eee4dce1ab79edfddb378fef0934a9db04475b34ec9ad5b7db28480634,False,c1c44f10ab5c663a49bc442d418dd8884e58a0602403c0be5c8d125a683223b0,3746944.0,26.35523772239685,minilm_trainable_kir_sweep_v1,artifacts/s2c/runs/protocol_v2_textoir_v1/minilm_trainable_kir_sweep_v1/kir_0.75/runs/stackoverflow/seed_87/metrics.json,last2_minilm_plus_projection,mahalanobis_diag,mean_std,known_only_train_and_calibration,protocol_v2_textoir_v1,,,
0.8288333333333333,0.7480205170589439,0.9126514074074075,f7789f35ed09560db5b28f8b40be5fb149d4688b1dcd0e3155b7b267f50406ab,ae10eb030121248a2526824655e87cd8e17f0140fe8a9179d2cd542838384441,stackoverflow,0.8677509570516391,0.8775902836295038,0.7201610583836641,0.16533333333333333,0.16111111111111112,0.22533333333333333,0.8388888888888889,0b21103e05ba2f984d70ee5f29c82293554fbf12160fa5052cd817776efa3d15,0.75,0.8388888888888889,trainable_k1,0.7201610583836641,0.6332827516439049,0.8346666666666667,0.8346666666666667,False,last2_minilm_plus_projection,100,"{'calibration_count': 1500, 'calibration_sample_ids_sha256': '09ed8588b5a4dff4a024902c507ad0e7548f8f1f5949854717422117309cb347', 'dataset': 'stackoverflow', 'kir': 0.75, 'oos_used_for_training': False, 'overlap_counts': {'calibration_test': 0, 'train_calibration': 0, 'train_test': 0}, 'seed': 100, 'test_count': 6000, 'test_known_count': 4500, 'test_oos_count': 1500, 'test_sample_ids_sha256': '0b21103e05ba2f984d70ee5f29c82293554fbf12160fa5052cd817776efa3d15', 'test_used_for_selection': False, 'train_count': 9000, 'train_sample_ids_sha256': '1bba64b682982018254238b01974ccbc9ed520c3779ee3ed2ffad018b9fdc51d'}",minilm_trainable_kir_sweep_extension_v1/kir_0.75,6796f39300b54f8eece2f65a65de6f9fdc76c98383b24505ded71f81ccf58868,False,cd7cee7d486967c1a4504353cc8134091250605b5fa5749ce2f1bbde65d4b823,3746944.0,25.29149866104126,minilm_trainable_kir_sweep_extension_v1,artifacts/s2c/runs/protocol_v2_textoir_v1/minilm_trainable_kir_sweep_extension_v1/kir_0.75/runs/stackoverflow/seed_100/metrics.json,last2_minilm_plus_projection,mahalanobis_diag,mean_std,known_only_train_and_calibration,protocol_v2_textoir_v1,,,
0.8608333333333333,0.752448305020067,0.937789037037037,36e975357e43e426f828e7f2092cee65e5cc37cc400593cc6f0f813caf4ed4e9,3c5ca38e0276c2b80acfb7b6a4afd31e65296bb984c7958a2044ae795e1601db,stackoverflow,0.8842356034374308,0.8902052287153467,0.7946912242686891,0.022,0.16111111111111112,0.13733333333333334,0.8388888888888889,5b8e4cb6199bdfc36f3da6374b99fd4bb9430a01388e01de396e761b95a83c3d,0.75,0.8388888888888889,trainable_k1,0.7946912242686891,0.6692518248175182,0.978,0.978,False,last2_minilm_plus_projection,123,"{'calibration_count': 1500, 'calibration_sample_ids_sha256': '5e46879048b4cdc4e6d4b5aae0f5891500c70cb42f7b13e5d1ef0948faedc3b4', 'dataset': 'stackoverflow', 'kir': 0.75, 'oos_used_for_training': False, 'overlap_counts': {'calibration_test': 0, 'train_calibration': 0, 'train_test': 0}, 'seed': 123, 'test_count': 6000, 'test_known_count': 4500, 'test_oos_count': 1500, 'test_sample_ids_sha256': '5b8e4cb6199bdfc36f3da6374b99fd4bb9430a01388e01de396e761b95a83c3d', 'test_used_for_selection': False, 'train_count': 9000, 'train_sample_ids_sha256': '28a7e1a41ce0f0b5d82d3ac802a938f3954d1a86831ccf47e63afb53ac0383a4'}",minilm_trainable_kir_sweep_extension_v1/kir_0.75,79464e2372c944e62de468850a5dbeada127563709069d964a70aeabc7786fc3,False,a3a5d074a487caa13bf07f90a57814a2511c0e9a61998a2ebbc9480255bf5eab,3746944.0,26.57426929473877,minilm_trainable_kir_sweep_extension_v1,artifacts/s2c/runs/protocol_v2_textoir_v1/minilm_trainable_kir_sweep_extension_v1/kir_0.75/runs/stackoverflow/seed_123/metrics.json,last2_minilm_plus_projection,mahalanobis_diag,mean_std,known_only_train_and_calibration,protocol_v2_textoir_v1,,,
0.7785714285714286,0.9511886250485464,0.8865840517241378,,,banking77,0.6942125342425277,0.6863017224441293,0.8445179584120983,0.2297413793103448,0.1644736842105263,,0.8355263157894737,,0.25,,fixed_k2,0.8445179584120983,,,,,,13,,,,,,,,,,frozen_minilm,euclidean,ours_mean_std,frozen_known_only,protocol_v2_textoir_v1,38.0,17.0,../artifacts/s2c/runs/protocol_v2_textoir_v1/mogb_baseline_v1/banking77/kir_0.25/seed_13/fixed_k2
0.8305194805194805,0.9089321509176868,0.8268370009074409,,,banking77,0.5220544414587288,0.5022903316342857,0.8975725281231498,0.0198275862068965,0.6223684210526316,,0.3776315789473684,,0.25,,mogb_minilm,0.8975725281231498,,,,,,13,,,,,,,,,,frozen_minilm,euclidean,mogb_mean,frozen_known_only,protocol_v2_textoir_v1,47.0,10.0,../artifacts/s2c/runs/protocol_v2_textoir_v1/mogb_baseline_v1/banking77/kir_0.25/seed_13/mogb_minilm
0.8665584415584415,0.9460288376458644,0.876804673321234,,,banking77,0.6757053325275224,0.6630141730954451,0.916837361736993,0.0353448275862069,0.4263157894736842,,0.5736842105263158,,0.25,,mogb_partition_ours_boundary,0.916837361736993,,,,,,13,,,,,,,,,,frozen_minilm,mahalanobis_diag,mean_std,frozen_known_only,protocol_v2_textoir_v1,47.0,10.0,../artifacts/s2c/runs/protocol_v2_textoir_v1/mogb_baseline_v1/banking77/kir_0.25/seed_13/mogb_partition_ours_boundary
0.8396103896103896,0.943725000649045,0.8675862068965517,,,banking77,0.6414134683819155,0.6278383912444689,0.8993399339933993,0.0603448275862069,0.4578947368421052,,0.5421052631578948,,0.25,,ours_partition_mogb_boundary,0.8993399339933993,,,,,,13,,,,,,,,,,frozen_minilm,euclidean,mogb_mean,frozen_known_only,protocol_v2_textoir_v1,38.0,17.0,../artifacts/s2c/runs/protocol_v2_textoir_v1/mogb_baseline_v1/banking77/kir_0.25/seed_13/ours_partition_mogb_boundary
0.7730519480519481,0.956349615574852,0.89252722323049,,,banking77,0.660082507066534,0.6505895671055713,0.8404483663248271,0.2405172413793103,0.1460526315789473,,0.8539473684210526,,0.25,,random_partition,0.8404483663248271,,,,,,13,,,,,,,,,,frozen_minilm,euclidean,ours_mean_std,frozen_known_only,protocol_v2_textoir_v1,38.0,38.0,../artifacts/s2c/runs/protocol_v2_textoir_v1/mogb_baseline_v1/banking77/kir_0.25/seed_13/random_partition
0.7727272727272727,0.9566772846897644,0.8923945099818511,,,banking77,0.6577315978802118,0.6481065656304237,0.8406072106261859,0.2362068965517241,0.1631578947368421,,0.8368421052631578,,0.25,,single_centroid,0.8406072106261859,,,,,,13,,,,,,,,,,frozen_minilm,euclidean,ours_mean_std,frozen_known_only,protocol_v2_textoir_v1,19.0,77.0,../artifacts/s2c/runs/protocol_v2_textoir_v1/mogb_baseline_v1/banking77/kir_0.25/seed_13/single_centroid
0.8217532467532468,0.9589125039840052,0.9061445099818513,,,banking77,0.7328515645102931,0.7253261173242116,0.875835061045842,0.180603448275862,0.1578947368421052,,0.8421052631578947,,0.25,,fixed_k2,0.875835061045842,,,,,,42,,,,,,,,,,frozen_minilm,euclidean,ours_mean_std,frozen_known_only,protocol_v2_textoir_v1,38.0,18.0,../artifacts/s2c/runs/protocol_v2_textoir_v1/mogb_baseline_v1/banking77/kir_0.25/seed_42/fixed_k2
0.8512987012987013,0.936922059461883,0.8640250680580763,,,banking77,0.6009923308051042,0.5847652466004745,0.9093069306930692,0.0103448275862068,0.5710526315789474,,0.4289473684210526,,0.25,,mogb_minilm,0.9093069306930692,,,,,,42,,,,,,,,,,frozen_minilm,euclidean,mogb_mean,frozen_known_only,protocol_v2_textoir_v1,40.0,10.0,../artifacts/s2c/runs/protocol_v2_textoir_v1/mogb_baseline_v1/banking77/kir_0.25/seed_42/mogb_minilm
0.8814935064935064,0.9482773280204736,0.8927574863883849,,,banking77,0.7414261021053612,0.7317982244675587,0.9243557772236076,0.0413793103448275,0.3526315789473684,,0.6473684210526316,,0.25,,mogb_partition_ours_boundary,0.9243557772236076,,,,,,42,,,,,,,,,,frozen_minilm,mahalanobis_diag,mean_std,frozen_known_only,protocol_v2_textoir_v1,40.0,10.0,../artifacts/s2c/runs/protocol_v2_textoir_v1/mogb_baseline_v1/banking77/kir_0.25/seed_42/mogb_partition_ours_boundary
0.8681818181818182,0.953199341652942,0.8932049682395645,,,banking77,0.6893290130339611,0.6772993738850777,0.9178921568627452,0.0314655172413793,0.4328947368421053,,0.5671052631578948,,0.25,,ours_partition_mogb_boundary,0.9178921568627452,,,,,,42,,,,,,,,,,frozen_minilm,euclidean,mogb_mean,frozen_known_only,protocol_v2_textoir_v1,38.0,18.0,../artifacts/s2c/runs/protocol_v2_textoir_v1/mogb_baseline_v1/banking77/kir_0.25/seed_42/ours_partition_mogb_boundary
0.772077922077922,0.9503376799300948,0.8902954854809437,,,banking77,0.6812348007577484,0.6731539947480232,0.8347701149425287,0.2487068965517241,0.1486842105263157,,0.8513157894736842,,0.25,,random_partition,0.8347701149425287,,,,,,42,,,,,,,,,,frozen_minilm,euclidean,ours_mean_std,frozen_known_only,protocol_v2_textoir_v1,38.0,39.0,../artifacts/s2c/runs/protocol_v2_textoir_v1/mogb_baseline_v1/banking77/kir_0.25/seed_42/random_partition
0.7762987012987013,0.9475713966707616,0.8861728675136116,,,banking77,0.683214457189832,0.6750361481234591,0.8386023294509152,0.2396551724137931,0.1618421052631579,,0.8381578947368421,,0.25,,single_centroid,0.8386023294509152,,,,,,42,,,,,,,,,,frozen_minilm,euclidean,ours_mean_std,frozen_known_only,protocol_v2_textoir_v1,19.0,78.0,../artifacts/s2c/runs/protocol_v2_textoir_v1/mogb_baseline_v1/banking77/kir_0.25/seed_42/single_centroid
0.7905844155844156,0.9517318139539188,0.8839502041742285,,,banking77,0.7161514662165342,0.709000709326779,0.852015847121883,0.2120689655172414,0.1881578947368421,,0.8118421052631579,,0.25,,fixed_k2,0.852015847121883,,,,,,87,,,,,,,,,,frozen_minilm,euclidean,ours_mean_std,frozen_known_only,protocol_v2_textoir_v1,38.0,7.0,../artifacts/s2c/runs/protocol_v2_textoir_v1/mogb_baseline_v1/banking77/kir_0.25/seed_87/fixed_k2
0.8402597402597403,0.9476142319483434,0.889722663339383,,,banking77,0.5704707487833717,0.5529923654692158,0.9025600317523318,0.0198275862068965,0.5855263157894737,,0.4144736842105263,,0.25,,mogb_minilm,0.9025600317523318,,,,,,87,,,,,,,,,,frozen_minilm,euclidean,mogb_mean,frozen_known_only,protocol_v2_textoir_v1,35.0,10.0,../artifacts/s2c/runs/protocol_v2_textoir_v1/mogb_baseline_v1/banking77/kir_0.25/seed_87/mogb_minilm
0.8834415584415585,0.9605395681608876,0.9108507259528132,,,banking77,0.7446154701985688,0.7350898286291974,0.9256026600166252,0.0400862068965517,0.3486842105263157,,0.6513157894736843,,0.25,,mogb_partition_ours_boundary,0.9256026600166252,,,,,,87,,,,,,,,,,frozen_minilm,mahalanobis_diag,mean_std,frozen_known_only,protocol_v2_textoir_v1,35.0,10.0,../artifacts/s2c/runs/protocol_v2_textoir_v1/mogb_baseline_v1/banking77/kir_0.25/seed_87/mogb_partition_ours_boundary
0.8457792207792207,0.9458746426259528,0.8691487068965518,,,banking77,0.6487910161267313,0.6354066681147252,0.9030936283548452,0.05,0.4697368421052632,,0.5302631578947368,,0.25,,ours_partition_mogb_boundary,0.9030936283548452,,,,,,87,,,,,,,,,,frozen_minilm,euclidean,mogb_mean,frozen_known_only,protocol_v2_textoir_v1,38.0,7.0,../artifacts/s2c/runs/protocol_v2_textoir_v1/mogb_baseline_v1/banking77/kir_0.25/seed_87/ours_partition_mogb_boundary
0.813961038961039,0.9586503390278304,0.9029656306715064,,,banking77,0.7275978268450344,0.7201364407921567,0.869364161849711,0.1896551724137931,0.1644736842105263,,0.8355263157894737,,0.25,,random_partition,0.869364161849711,,,,,,87,,,,,,,,,,frozen_minilm,euclidean,ours_mean_std,frozen_known_only,protocol_v2_textoir_v1,38.0,16.0,../artifacts/s2c/runs/protocol_v2_textoir_v1/mogb_baseline_v1/banking77/kir_0.25/seed_87/random_partition
0.825974025974026,0.9563866104117646,0.8986870462794919,,,banking77,0.737717671964054,0.7302907364500211,0.8788294467306813,0.171551724137931,0.1736842105263158,,0.8263157894736842,,0.25,,single_centroid,0.8788294467306813,,,,,,87,,,,,,,,,,frozen_minilm,euclidean,ours_mean_std,frozen_known_only,protocol_v2_textoir_v1,19.0,32.0,../artifacts/s2c/runs/protocol_v2_textoir_v1/mogb_baseline_v1/banking77/kir_0.25/seed_87/single_centroid
0.8467532467532467,0.9599274742527284,0.9091248865698728,,,banking77,0.7293712113173935,0.7203860745474292,0.900088809946714,0.1262931034482758,0.206578947368421,,0.7934210526315789,,0.25,,fixed_k2,0.900088809946714,,,,,,100,,,,,,,,,,frozen_minilm,euclidean,ours_mean_std,frozen_known_only,protocol_v2_textoir_v1,38.0,16.0,../artifacts/s2c/runs/protocol_v2_textoir_v1/mogb_baseline_v1/banking77/kir_0.25/seed_100/fixed_k2
0.8412337662337662,0.943364998588182,0.8788242967332125,,,banking77,0.5420944839644022,0.5230209790845443,0.9044910766817024,0.0060344827586206,0.6223684210526316,,0.3776315789473684,,0.25,,mogb_minilm,0.9044910766817024,,,,,,100,,,,,,,,,,frozen_minilm,euclidean,mogb_mean,frozen_known_only,protocol_v2_textoir_v1,47.0,10.0,../artifacts/s2c/runs/protocol_v2_textoir_v1/mogb_baseline_v1/banking77/kir_0.25/seed_100/mogb_minilm
0.8727272727272727,0.9435385836073292,0.8854423774954628,,,banking77,0.6937340322158583,0.6817884387030174,0.9207003089598352,0.0366379310344827,0.3947368421052631,,0.6052631578947368,,0.25,,mogb_partition_ours_boundary,0.9207003089598352,,,,,,100,,,,,,,,,,frozen_minilm,mahalanobis_diag,mean_std,frozen_known_only,protocol_v2_textoir_v1,47.0,10.0,../artifacts/s2c/runs/protocol_v2_textoir_v1/mogb_baseline_v1/banking77/kir_0.25/seed_100/mogb_partition_ours_boundary
0.862012987012987,0.957651509524588,0.9093404038112524,,,banking77,0.6504733408607947,0.6364896831394945,0.9161628375654978,0.0202586206896551,0.4855263157894737,,0.5144736842105263,,0.25,,ours_partition_mogb_boundary,0.9161628375654978,,,,,,100,,,,,,,,,,frozen_minilm,euclidean,mogb_mean,frozen_known_only,protocol_v2_textoir_v1,38.0,16.0,../artifacts/s2c/runs/protocol_v2_textoir_v1/mogb_baseline_v1/banking77/kir_0.25/seed_100/ours_partition_mogb_boundary
0.825,0.9567593393477052,0.904271778584392,,,banking77,0.7136135194336282,0.7047637123856321,0.8817598533455545,0.1706896551724138,0.1578947368421052,,0.8421052631578947,,0.25,,random_partition,0.8817598533455545,,,,,,100,,,,,,,,,,frozen_minilm,euclidean,ours_mean_std,frozen_known_only,protocol_v2_textoir_v1,38.0,26.0,../artifacts/s2c/runs/protocol_v2_textoir_v1/mogb_baseline_v1/banking77/kir_0.25/seed_100/random_partition
0.8188311688311688,0.9559145568223124,0.903598003629764,,,banking77,0.7055333084141744,0.6964641777575378,0.8778467908902692,0.1775862068965517,0.156578947368421,,0.843421052631579,,0.25,,single_centroid,0.8778467908902692,,,,,,100,,,,,,,,,,frozen_minilm,euclidean,ours_mean_std,frozen_known_only,protocol_v2_textoir_v1,19.0,53.0,../artifacts/s2c/runs/protocol_v2_textoir_v1/mogb_baseline_v1/banking77/kir_0.25/seed_100/single_centroid
0.7503246753246753,0.9374952456741864,0.8543250907441016,,,banking77,0.6824006303254772,0.6753462210512748,0.8164344065353195,0.2676724137931034,0.1881578947368421,,0.8118421052631579,,0.25,,fixed_k2,0.8164344065353195,,,,,,123,,,,,,,,,,frozen_minilm,euclidean,ours_mean_std,frozen_known_only,protocol_v2_textoir_v1,38.0,7.0,../artifacts/s2c/runs/protocol_v2_textoir_v1/mogb_baseline_v1/banking77/kir_0.25/seed_123/fixed_k2
0.8376623376623377,0.944132023551134,0.8858025181488203,,,banking77,0.5581741558238851,0.5401291484815326,0.9010292953285828,0.0189655172413793,0.6,,0.4,,0.25,,mogb_minilm,0.9010292953285828,,,,,,123,,,,,,,,,,frozen_minilm,euclidean,mogb_mean,frozen_known_only,protocol_v2_textoir_v1,48.0,10.0,../artifacts/s2c/runs/protocol_v2_textoir_v1/mogb_baseline_v1/banking77/kir_0.25/seed_123/mogb_minilm
0.8672077922077922,0.953778820747426,0.8923820326678765,,,banking77,0.7020024785083341,0.690776115511928,0.9153033754400496,0.0474137931034482,0.3934210526315789,,0.6065789473684211,,0.25,,mogb_partition_ours_boundary,0.9153033754400496,,,,,,123,,,,,,,,,,frozen_minilm,mahalanobis_diag,mean_std,frozen_known_only,protocol_v2_textoir_v1,48.0,10.0,../artifacts/s2c/runs/protocol_v2_textoir_v1/mogb_baseline_v1/banking77/kir_0.25/seed_123/mogb_partition_ours_boundary
0.8386363636363636,0.9334710760649308,0.8483756805807623,,,banking77,0.6445261174494565,0.6312181416059462,0.8973776584761511,0.0633620689655172,0.4605263157894737,,0.5394736842105263,,0.25,,ours_partition_mogb_boundary,0.8973776584761511,,,,,,123,,,,,,,,,,frozen_minilm,euclidean,mogb_mean,frozen_known_only,protocol_v2_textoir_v1,38.0,7.0,../artifacts/s2c/runs/protocol_v2_textoir_v1/mogb_baseline_v1/banking77/kir_0.25/seed_123/ours_partition_mogb_boundary
0.7603896103896104,0.9471321358964816,0.8817570326678765,,,banking77,0.6832046230195502,0.6757996362800958,0.8238993710691824,0.265948275862069,0.1460526315789473,,0.8539473684210526,,0.25,,random_partition,0.8238993710691824,,,,,,123,,,,,,,,,,frozen_minilm,euclidean,ours_mean_std,frozen_known_only,protocol_v2_textoir_v1,38.0,16.0,../artifacts/s2c/runs/protocol_v2_textoir_v1/mogb_baseline_v1/banking77/kir_0.25/seed_123/random_partition
0.7584415584415585,0.94616619241124,0.8769782214156079,,,banking77,0.6800751324725732,0.6725668358108803,0.82273276904474,0.2668103448275862,0.15,,0.85,,0.25,,single_centroid,0.82273276904474,,,,,,123,,,,,,,,,,frozen_minilm,euclidean,ours_mean_std,frozen_known_only,protocol_v2_textoir_v1,19.0,32.0,../artifacts/s2c/runs/protocol_v2_textoir_v1/mogb_baseline_v1/banking77/kir_0.25/seed_123/single_centroid
0.7305194805194806,0.8218622492255807,0.8506768724696356,,,banking77,0.748752682890136,0.7491308994463979,0.7343804537521815,0.3256410256410256,0.1664473684210526,,0.8335526315789474,,0.5,,fixed_k2,0.7343804537521815,,,,,,13,,,,,,,,,,frozen_minilm,euclidean,ours_mean_std,frozen_known_only,protocol_v2_textoir_v1,76.0,17.0,../artifacts/s2c/runs/protocol_v2_textoir_v1/mogb_baseline_v1/banking77/kir_0.50/seed_13/fixed_k2
0.6646103896103897,0.8088798253683434,0.8481039136302294,,,banking77,0.4863692965093084,0.479439632515249,0.7496965282835639,0.0102564102564102,0.6677631578947368,,0.3322368421052631,,0.5,,mogb_minilm,0.7496965282835639,,,,,,13,,,,,,,,,,frozen_minilm,euclidean,mogb_mean,frozen_known_only,protocol_v2_textoir_v1,102.0,10.0,../artifacts/s2c/runs/protocol_v2_textoir_v1/mogb_baseline_v1/banking77/kir_0.50/seed_13/mogb_minilm
0.7405844155844156,0.8354461810245664,0.8681553643724697,,,banking77,0.6440544487832364,0.640147139240373,0.7925322114120431,0.0339743589743589,0.4842105263157895,,0.5157894736842106,,0.5,,mogb_partition_ours_boundary,0.7925322114120431,,,,,,13,,,,,,,,,,frozen_minilm,mahalanobis_diag,mean_std,frozen_known_only,protocol_v2_textoir_v1,102.0,10.0,../artifacts/s2c/runs/protocol_v2_textoir_v1/mogb_baseline_v1/banking77/kir_0.50/seed_13/mogb_partition_ours_boundary
0.7311688311688311,0.8034006134614469,0.8363992914979755,,,banking77,0.6528600498375109,0.6494087725702323,0.7840085859940972,0.0634615384615384,0.4644736842105263,,0.5355263157894736,,0.5,,ours_partition_mogb_boundary,0.7840085859940972,,,,,,13,,,,,,,,,,frozen_minilm,euclidean,mogb_mean,frozen_known_only,protocol_v2_textoir_v1,76.0,17.0,../artifacts/s2c/runs/protocol_v2_textoir_v1/mogb_baseline_v1/banking77/kir_0.50/seed_13/ours_partition_mogb_boundary
0.6983766233766234,0.8306520514168136,0.8469268724696356,,,banking77,0.7238933303273655,0.7246780475971889,0.6940740740740741,0.3993589743589744,0.1335526315789473,,0.8664473684210526,,0.5,,random_partition,0.6940740740740741,,,,,,13,,,,,,,,,,frozen_minilm,euclidean,ours_mean_std,frozen_known_only,protocol_v2_textoir_v1,76.0,38.0,../artifacts/s2c/runs/protocol_v2_textoir_v1/mogb_baseline_v1/banking77/kir_0.50/seed_13/random_partition
0.6938311688311688,0.8231346256062809,0.8397128036437247,,,banking77,0.7188516591530244,0.719594013292976,0.6906422018348624,0.3967948717948718,0.1473684210526315,,0.8526315789473684,,0.5,,single_centroid,0.6906422018348624,,,,,,13,,,,,,,,,,frozen_minilm,euclidean,ours_mean_std,frozen_known_only,protocol_v2_textoir_v1,38.0,77.0,../artifacts/s2c/runs/protocol_v2_textoir_v1/mogb_baseline_v1/banking77/kir_0.50/seed_13/single_centroid
0.7568181818181818,0.8421430946011242,0.8662099358974359,,,banking77,0.7704182899538378,0.7705623067375199,0.7649456521739131,0.2782051282051282,0.1697368421052631,,0.8302631578947368,,0.5,,fixed_k2,0.7649456521739131,,,,,,42,,,,,,,,,,frozen_minilm,euclidean,ours_mean_std,frozen_known_only,protocol_v2_textoir_v1,76.0,9.0,../artifacts/s2c/runs/protocol_v2_textoir_v1/mogb_baseline_v1/banking77/kir_0.50/seed_42/fixed_k2
0.6532467532467533,0.7726589961195081,0.8298523954116059,,,banking77,0.4544525439718033,0.446844156789235,0.7435712569093967,0.0083333333333333,0.6934210526315789,,0.306578947368421,,0.5,,mogb_minilm,0.7435712569093967,,,,,,42,,,,,,,,,,frozen_minilm,euclidean,mogb_mean,frozen_known_only,protocol_v2_textoir_v1,94.0,10.0,../artifacts/s2c/runs/protocol_v2_textoir_v1/mogb_baseline_v1/banking77/kir_0.50/seed_42/mogb_minilm
0.7344155844155844,0.7903822285099552,0.8456321693657219,,,banking77,0.6245478450630955,0.6202388240655674,0.7882906429691584,0.0333333333333333,0.4986842105263158,,0.5013157894736842,,0.5,,mogb_partition_ours_boundary,0.7882906429691584,,,,,,42,,,,,,,,,,frozen_minilm,mahalanobis_diag,mean_std,frozen_known_only,protocol_v2_textoir_v1,94.0,10.0,../artifacts/s2c/runs/protocol_v2_textoir_v1/mogb_baseline_v1/banking77/kir_0.50/seed_42/mogb_partition_ours_boundary
0.7392857142857143,0.8297187134649421,0.8509859986504723,,,banking77,0.6581230081747024,0.6545776741245045,0.792845702082221,0.048076923076923,0.4611842105263158,,0.5388157894736842,,0.5,,ours_partition_mogb_boundary,0.792845702082221,,,,,,42,,,,,,,,,,frozen_minilm,euclidean,mogb_mean,frozen_known_only,protocol_v2_textoir_v1,76.0,9.0,../artifacts/s2c/runs/protocol_v2_textoir_v1/mogb_baseline_v1/banking77/kir_0.50/seed_42/ours_partition_mogb_boundary
0.7256493506493507,0.8236967955102183,0.8555402327935221,,,banking77,0.7465585357599137,0.7470899548760396,0.7263646093471281,0.3474358974358974,0.1480263157894736,,0.8519736842105263,,0.5,,random_partition,0.7263646093471281,,,,,,42,,,,,,,,,,frozen_minilm,euclidean,ours_mean_std,frozen_known_only,protocol_v2_textoir_v1,76.0,27.0,../artifacts/s2c/runs/protocol_v2_textoir_v1/mogb_baseline_v1/banking77/kir_0.50/seed_42/random_partition
0.7373376623376623,0.8261510502952716,0.8561323380566803,,,banking77,0.7482330614745255,0.7483011789000883,0.7456445993031359,0.3141025641025641,0.1578947368421052,,0.8421052631578947,,0.5,,single_centroid,0.7456445993031359,,,,,,42,,,,,,,,,,frozen_minilm,euclidean,ours_mean_std,frozen_known_only,protocol_v2_textoir_v1,38.0,55.0,../artifacts/s2c/runs/protocol_v2_textoir_v1/mogb_baseline_v1/banking77/kir_0.50/seed_42/single_centroid
0.7519480519480519,0.8396830289016443,0.8657688090418354,,,banking77,0.7731885201557746,0.773577434214276,0.7584097859327217,0.2846153846153846,0.1756578947368421,,0.8243421052631579,,0.5,,fixed_k2,0.7584097859327217,,,,,,87,,,,,,,,,,frozen_minilm,euclidean,ours_mean_std,frozen_known_only,protocol_v2_textoir_v1,76.0,7.0,../artifacts/s2c/runs/protocol_v2_textoir_v1/mogb_baseline_v1/banking77/kir_0.50/seed_87/fixed_k2
0.6795454545454546,0.7785285142001181,0.8420888157894736,,,banking77,0.511439502557496,0.5049187638689931,0.7592275727206063,0.0044871794871794,0.6434210526315789,,0.3565789473684211,,0.5,,mogb_minilm,0.7592275727206063,,,,,,87,,,,,,,,,,frozen_minilm,euclidean,mogb_mean,frozen_known_only,protocol_v2_textoir_v1,87.0,10.0,../artifacts/s2c/runs/protocol_v2_textoir_v1/mogb_baseline_v1/banking77/kir_0.50/seed_87/mogb_minilm
0.7613636363636364,0.8123224158427194,0.8597313596491227,,,banking77,0.6704466276399693,0.6668448248450803,0.807315133845746,0.0237179487179487,0.4539473684210526,,0.5460526315789473,,0.5,,mogb_partition_ours_boundary,0.807315133845746,,,,,,87,,,,,,,,,,frozen_minilm,mahalanobis_diag,mean_std,frozen_known_only,protocol_v2_textoir_v1,87.0,10.0,../artifacts/s2c/runs/protocol_v2_textoir_v1/mogb_baseline_v1/banking77/kir_0.50/seed_87/mogb_partition_ours_boundary
0.7467532467532467,0.8256984050656104,0.8479259446693657,,,banking77,0.6712600337001332,0.667950967569341,0.7970045466702327,0.0448717948717948,0.4532894736842105,,0.5467105263157894,,0.5,,ours_partition_mogb_boundary,0.7970045466702327,,,,,,87,,,,,,,,,,frozen_minilm,euclidean,mogb_mean,frozen_known_only,protocol_v2_textoir_v1,76.0,7.0,../artifacts/s2c/runs/protocol_v2_textoir_v1/mogb_baseline_v1/banking77/kir_0.50/seed_87/ours_partition_mogb_boundary
0.750974025974026,0.8476550252865476,0.8757662786774629,,,banking77,0.771544281760677,0.771948311792141,0.7561911405650505,0.3051282051282051,0.1467105263157894,,0.8532894736842105,,0.5,,random_partition,0.7561911405650505,,,,,,87,,,,,,,,,,frozen_minilm,euclidean,ours_mean_std,frozen_known_only,protocol_v2_textoir_v1,76.0,16.0,../artifacts/s2c/runs/protocol_v2_textoir_v1/mogb_baseline_v1/banking77/kir_0.50/seed_87/random_partition
0.7470779220779221,0.8368014029046673,0.8662445175438596,,,banking77,0.7649150122137269,0.7652032287381223,0.7539627842866988,0.2987179487179487,0.1631578947368421,,0.8368421052631578,,0.5,,single_centroid,0.7539627842866988,,,,,,87,,,,,,,,,,frozen_minilm,euclidean,ours_mean_std,frozen_known_only,protocol_v2_textoir_v1,38.0,32.0,../artifacts/s2c/runs/protocol_v2_textoir_v1/mogb_baseline_v1/banking77/kir_0.50/seed_87/single_centroid
0.7662337662337663,0.8552615754413172,0.8740523785425102,,,banking77,0.7637773043902342,0.7632658607881613,0.783212161269002,0.2403846153846154,0.1848684210526315,,0.8151315789473684,,0.5,,fixed_k2,0.783212161269002,,,,,,100,,,,,,,,,,frozen_minilm,euclidean,ours_mean_std,frozen_known_only,protocol_v2_textoir_v1,76.0,16.0,../artifacts/s2c/runs/protocol_v2_textoir_v1/mogb_baseline_v1/banking77/kir_0.50/seed_100/fixed_k2
0.6561688311688312,0.773111002756248,0.8173414304993253,,,banking77,0.4681933295043734,0.4609223594563406,0.7444901913296198,0.0147435897435897,0.6789473684210526,,0.3210526315789473,,0.5,,mogb_minilm,0.7444901913296198,,,,,,100,,,,,,,,,,frozen_minilm,euclidean,mogb_mean,frozen_known_only,protocol_v2_textoir_v1,105.0,10.0,../artifacts/s2c/runs/protocol_v2_textoir_v1/mogb_baseline_v1/banking77/kir_0.50/seed_100/mogb_minilm
0.7353896103896104,0.8080232594803448,0.8451142881241566,,,banking77,0.6352506311074062,0.6312186324709624,0.7884665792922674,0.0358974358974358,0.494078947368421,,0.5059210526315789,,0.5,,mogb_partition_ours_boundary,0.7884665792922674,,,,,,100,,,,,,,,,,frozen_minilm,mahalanobis_diag,mean_std,frozen_known_only,protocol_v2_textoir_v1,105.0,10.0,../artifacts/s2c/runs/protocol_v2_textoir_v1/mogb_baseline_v1/banking77/kir_0.50/seed_100/mogb_partition_ours_boundary
0.7392857142857143,0.8455595154223046,0.8704769736842104,,,banking77,0.6539493692794779,0.6502828909697643,0.7932755450485947,0.032051282051282,0.4848684210526315,,0.5151315789473685,,0.5,,ours_partition_mogb_boundary,0.7932755450485947,,,,,,100,,,,,,,,,,frozen_minilm,euclidean,mogb_mean,frozen_known_only,protocol_v2_textoir_v1,76.0,16.0,../artifacts/s2c/runs/protocol_v2_textoir_v1/mogb_baseline_v1/banking77/kir_0.50/seed_100/ours_partition_mogb_boundary
0.7201298701298702,0.8331028237657631,0.8534341261808368,,,banking77,0.7467078626343077,0.7475746980735781,0.7137681159420289,0.3685897435897436,0.1414473684210526,,0.8585526315789473,,0.5,,random_partition,0.7137681159420289,,,,,,100,,,,,,,,,,frozen_minilm,euclidean,ours_mean_std,frozen_known_only,protocol_v2_textoir_v1,76.0,18.0,../artifacts/s2c/runs/protocol_v2_textoir_v1/mogb_baseline_v1/banking77/kir_0.50/seed_100/random_partition
0.7292207792207792,0.8336883196901819,0.8553437078272604,,,banking77,0.7478147458750691,0.7482716231481866,0.7304534094966083,0.3442307692307692,0.1434210526315789,,0.8565789473684211,,0.5,,single_centroid,0.7304534094966083,,,,,,100,,,,,,,,,,frozen_minilm,euclidean,ours_mean_std,frozen_known_only,protocol_v2_textoir_v1,38.0,37.0,../artifacts/s2c/runs/protocol_v2_textoir_v1/mogb_baseline_v1/banking77/kir_0.50/seed_100/single_centroid
0.7340909090909091,0.8199942470128376,0.8421031545209177,,,banking77,0.7520598836970233,0.752584342084974,0.7321304649548924,0.3237179487179487,0.1756578947368421,,0.8243421052631579,,0.5,,fixed_k2,0.7321304649548924,,,,,,123,,,,,,,,,,frozen_minilm,euclidean,ours_mean_std,frozen_known_only,protocol_v2_textoir_v1,76.0,7.0,../artifacts/s2c/runs/protocol_v2_textoir_v1/mogb_baseline_v1/banking77/kir_0.50/seed_123/fixed_k2
0.672077922077922,0.8025917980265235,0.8407211538461538,,,banking77,0.5095860938475171,0.5031883930477293,0.7526987242394504,0.0166666666666666,0.6460526315789473,,0.3539473684210527,,0.5,,mogb_minilm,0.7526987242394504,,,,,,123,,,,,,,,,,frozen_minilm,euclidean,mogb_mean,frozen_known_only,protocol_v2_textoir_v1,87.0,10.0,../artifacts/s2c/runs/protocol_v2_textoir_v1/mogb_baseline_v1/banking77/kir_0.50/seed_123/mogb_minilm
0.7474025974025974,0.8237952075554726,0.8543146929824561,,,banking77,0.6661867764875642,0.6628425013748888,0.7932692307692307,0.048076923076923,0.4598684210526316,,0.5401315789473684,,0.5,,mogb_partition_ours_boundary,0.7932692307692307,,,,,,123,,,,,,,,,,frozen_minilm,mahalanobis_diag,mean_std,frozen_known_only,protocol_v2_textoir_v1,87.0,10.0,../artifacts/s2c/runs/protocol_v2_textoir_v1/mogb_baseline_v1/banking77/kir_0.50/seed_123/mogb_partition_ours_boundary
0.724025974025974,0.7968284153530236,0.8263866396761135,,,banking77,0.6477110398893807,0.6443392534081935,0.7758389261744967,0.0737179487179487,0.4736842105263157,,0.5263157894736843,,0.5,,ours_partition_mogb_boundary,0.7758389261744967,,,,,,123,,,,,,,,,,frozen_minilm,euclidean,mogb_mean,frozen_known_only,protocol_v2_textoir_v1,76.0,7.0,../artifacts/s2c/runs/protocol_v2_textoir_v1/mogb_baseline_v1/banking77/kir_0.50/seed_123/ours_partition_mogb_boundary
0.7074675324675325,0.8171267115543785,0.8467746288798921,,,banking77,0.7472988271034321,0.7487881036139803,0.6907063197026022,0.4044871794871795,0.1322368421052631,,0.8677631578947369,,0.5,,random_partition,0.6907063197026022,,,,,,123,,,,,,,,,,frozen_minilm,euclidean,ours_mean_std,frozen_known_only,protocol_v2_textoir_v1,76.0,16.0,../artifacts/s2c/runs/protocol_v2_textoir_v1/mogb_baseline_v1/banking77/kir_0.50/seed_123/random_partition
0.712012987012987,0.8181088529238436,0.8456043353576248,,,banking77,0.7458827406646478,0.74707181910783,0.7006977598237238,0.3884615384615384,0.1375,,0.8625,,0.5,,single_centroid,0.7006977598237238,,,,,,123,,,,,,,,,,frozen_minilm,euclidean,ours_mean_std,frozen_known_only,protocol_v2_textoir_v1,38.0,32.0,../artifacts/s2c/runs/protocol_v2_textoir_v1/mogb_baseline_v1/banking77/kir_0.50/seed_123/single_centroid
0.727922077922078,0.5424623374054139,0.8047623638838475,,,banking77,0.7935354037876169,0.7977550496420033,0.5487959442332065,0.4302631578947368,0.1659482758620689,,0.834051724137931,,0.75,,fixed_k2,0.5487959442332065,,,,,,13,,,,,,,,,,frozen_minilm,euclidean,ours_mean_std,frozen_known_only,protocol_v2_textoir_v1,116.0,7.0,../artifacts/s2c/runs/protocol_v2_textoir_v1/mogb_baseline_v1/banking77/kir_0.75/seed_13/fixed_k2
0.4646103896103896,0.4243313847832702,0.7663946234119781,,,banking77,0.433316973658012,0.4325594898582552,0.4772510340439071,0.0131578947368421,0.7038793103448275,,0.2961206896551724,,0.75,,mogb_minilm,0.4772510340439071,,,,,,13,,,,,,,,,,frozen_minilm,euclidean,mogb_mean,frozen_known_only,protocol_v2_textoir_v1,133.0,10.0,../artifacts/s2c/runs/protocol_v2_textoir_v1/mogb_baseline_v1/banking77/kir_0.75/seed_13/mogb_minilm
0.5837662337662337,0.4739618569298445,0.7908053539019964,,,banking77,0.5925310479835579,0.5935559240644104,0.5330882352941176,0.0460526315789473,0.5323275862068966,,0.4676724137931034,,0.75,,mogb_partition_ours_boundary,0.5330882352941176,,,,,,13,,,,,,,,,,frozen_minilm,mahalanobis_diag,mean_std,frozen_known_only,protocol_v2_textoir_v1,133.0,10.0,../artifacts/s2c/runs/protocol_v2_textoir_v1/mogb_baseline_v1/banking77/kir_0.75/seed_13/mogb_partition_ours_boundary
0.6116883116883117,0.5282459939437947,0.7977801724137931,,,banking77,0.6535444406449934,0.6554255514157241,0.5444400159426066,0.1013157894736842,0.4594827586206896,,0.5405172413793103,,0.75,,ours_partition_mogb_boundary,0.5444400159426066,,,,,,13,,,,,,,,,,frozen_minilm,euclidean,mogb_mean,frozen_known_only,protocol_v2_textoir_v1,116.0,7.0,../artifacts/s2c/runs/protocol_v2_textoir_v1/mogb_baseline_v1/banking77/kir_0.75/seed_13/ours_partition_mogb_boundary
0.7058441558441558,0.5166654138127648,0.8002591878402905,,,banking77,0.783194970314109,0.7886983318712488,0.464,0.5802631578947368,0.1275862068965517,,0.8724137931034482,,0.75,,random_partition,0.464,,,,,,13,,,,,,,,,,frozen_minilm,euclidean,ours_mean_std,frozen_known_only,protocol_v2_textoir_v1,116.0,16.0,../artifacts/s2c/runs/protocol_v2_textoir_v1/mogb_baseline_v1/banking77/kir_0.75/seed_13/random_partition
0.6987012987012987,0.5137051820472545,0.7942456896551725,,,banking77,0.7744310270281128,0.779718572900894,0.4677533664068037,0.5657894736842105,0.1383620689655172,,0.8616379310344827,,0.75,,single_centroid,0.4677533664068037,,,,,,13,,,,,,,,,,frozen_minilm,euclidean,ours_mean_std,frozen_known_only,protocol_v2_textoir_v1,58.0,32.0,../artifacts/s2c/runs/protocol_v2_textoir_v1/mogb_baseline_v1/banking77/kir_0.75/seed_13/single_centroid
0.7451298701298701,0.5891361199829579,0.8403794237749546,,,banking77,0.7953667217694224,0.7985079815810571,0.6131736526946108,0.3263157894736842,0.171551724137931,,0.8284482758620689,,0.75,,fixed_k2,0.6131736526946108,,,,,,42,,,,,,,,,,frozen_minilm,euclidean,ours_mean_std,frozen_known_only,protocol_v2_textoir_v1,116.0,7.0,../artifacts/s2c/runs/protocol_v2_textoir_v1/mogb_baseline_v1/banking77/kir_0.75/seed_42/fixed_k2
0.4525974025974026,0.464922185266882,0.7971069646098005,,,banking77,0.4086718495158096,0.4075572128108146,0.4733207784055241,0.0078947368421052,0.7206896551724138,,0.2793103448275862,,0.75,,mogb_minilm,0.4733207784055241,,,,,,42,,,,,,,,,,frozen_minilm,euclidean,mogb_mean,frozen_known_only,protocol_v2_textoir_v1,129.0,10.0,../artifacts/s2c/runs/protocol_v2_textoir_v1/mogb_baseline_v1/banking77/kir_0.75/seed_42/mogb_minilm
0.5659090909090909,0.4973435548491359,0.8111757032667877,,,banking77,0.5627444167962178,0.5633408040546184,0.5281539558089807,0.025,0.5625,,0.4375,,0.75,,mogb_partition_ours_boundary,0.5281539558089807,,,,,,42,,,,,,,,,,frozen_minilm,mahalanobis_diag,mean_std,frozen_known_only,protocol_v2_textoir_v1,129.0,10.0,../artifacts/s2c/runs/protocol_v2_textoir_v1/mogb_baseline_v1/banking77/kir_0.75/seed_42/mogb_partition_ours_boundary
0.6103896103896104,0.5624582012660859,0.8223139745916517,,,banking77,0.6488693244201716,0.6505807558892678,0.5496062992125984,0.081578947368421,0.4663793103448276,,0.5336206896551724,,0.75,,ours_partition_mogb_boundary,0.5496062992125984,,,,,,42,,,,,,,,,,frozen_minilm,euclidean,mogb_mean,frozen_known_only,protocol_v2_textoir_v1,116.0,7.0,../artifacts/s2c/runs/protocol_v2_textoir_v1/mogb_baseline_v1/banking77/kir_0.75/seed_42/ours_partition_mogb_boundary
0.7321428571428571,0.5731313453040903,0.8420871143375681,,,banking77,0.7832318308942068,0.7867782399276954,0.5775401069518716,0.431578947368421,0.1310344827586207,,0.8689655172413793,,0.75,,random_partition,0.5775401069518716,,,,,,42,,,,,,,,,,frozen_minilm,euclidean,ours_mean_std,frozen_known_only,protocol_v2_textoir_v1,116.0,16.0,../artifacts/s2c/runs/protocol_v2_textoir_v1/mogb_baseline_v1/banking77/kir_0.75/seed_42/random_partition
0.7269480519480519,0.5663810233638911,0.8387953720508168,,,banking77,0.7788643892953979,0.7824376022636758,0.5716180371352785,0.4328947368421053,0.1366379310344827,,0.8633620689655173,,0.75,,single_centroid,0.5716180371352785,,,,,,42,,,,,,,,,,frozen_minilm,euclidean,ours_mean_std,frozen_known_only,protocol_v2_textoir_v1,58.0,32.0,../artifacts/s2c/runs/protocol_v2_textoir_v1/mogb_baseline_v1/banking77/kir_0.75/seed_42/single_centroid
0.7545454545454545,0.5884607027962563,0.8409913793103448,,,banking77,0.8116459750099474,0.8151943639573879,0.6058394160583942,0.3447368421052632,0.1663793103448275,,0.8336206896551724,,0.75,,fixed_k2,0.6058394160583942,,,,,,87,,,,,,,,,,frozen_minilm,euclidean,ours_mean_std,frozen_known_only,protocol_v2_textoir_v1,116.0,7.0,../artifacts/s2c/runs/protocol_v2_textoir_v1/mogb_baseline_v1/banking77/kir_0.75/seed_87/fixed_k2
0.4733766233766234,0.5009173276365309,0.8110821234119783,,,banking77,0.4486180681538979,0.4480298180722405,0.4827365728900256,0.006578947368421,0.6952586206896552,,0.3047413793103448,,0.75,,mogb_minilm,0.4827365728900256,,,,,,87,,,,,,,,,,frozen_minilm,euclidean,mogb_mean,frozen_known_only,protocol_v2_textoir_v1,158.0,10.0,../artifacts/s2c/runs/protocol_v2_textoir_v1/mogb_baseline_v1/banking77/kir_0.75/seed_87/mogb_minilm
0.6,0.4897792921646045,0.8051270417422868,,,banking77,0.6217631906981547,0.6231639325058818,0.5405201658499812,0.056578947368421,0.506896551724138,,0.493103448275862,,0.75,,mogb_partition_ours_boundary,0.5405201658499812,,,,,,87,,,,,,,,,,frozen_minilm,mahalanobis_diag,mean_std,frozen_known_only,protocol_v2_textoir_v1,158.0,10.0,../artifacts/s2c/runs/protocol_v2_textoir_v1/mogb_baseline_v1/banking77/kir_0.75/seed_87/mogb_partition_ours_boundary
0.6220779220779221,0.5748569130016812,0.8308598003629765,,,banking77,0.663436567522859,0.6652799266330732,0.5565217391304348,0.0736842105263157,0.4594827586206896,,0.5405172413793103,,0.75,,ours_partition_mogb_boundary,0.5565217391304348,,,,,,87,,,,,,,,,,frozen_minilm,euclidean,mogb_mean,frozen_known_only,protocol_v2_textoir_v1,116.0,7.0,../artifacts/s2c/runs/protocol_v2_textoir_v1/mogb_baseline_v1/banking77/kir_0.75/seed_87/ours_partition_mogb_boundary
0.7373376623376623,0.5558032243153406,0.8168375680580762,,,banking77,0.8019420124481477,0.80625772930445,0.5516304347826086,0.4657894736842105,0.1318965517241379,,0.868103448275862,,0.75,,random_partition,0.5516304347826086,,,,,,87,,,,,,,,,,frozen_minilm,euclidean,ours_mean_std,frozen_known_only,protocol_v2_textoir_v1,116.0,16.0,../artifacts/s2c/runs/protocol_v2_textoir_v1/mogb_baseline_v1/banking77/kir_0.75/seed_87/random_partition
0.737012987012987,0.5526386454814952,0.8183802177858439,,,banking77,0.7972512771702772,0.8012064295798053,0.5678524374176548,0.4328947368421053,0.1409482758620689,,0.8590517241379311,,0.75,,single_centroid,0.5678524374176548,,,,,,87,,,,,,,,,,frozen_minilm,euclidean,ours_mean_std,frozen_known_only,protocol_v2_textoir_v1,58.0,32.0,../artifacts/s2c/runs/protocol_v2_textoir_v1/mogb_baseline_v1/banking77/kir_0.75/seed_87/single_centroid
0.7464285714285714,0.579642611606913,0.8387239110707804,,,banking77,0.8064794121159801,0.8101478121038863,0.5937122128174124,0.3539473684210526,0.1737068965517241,,0.8262931034482759,,0.75,,fixed_k2,0.5937122128174124,,,,,,100,,,,,,,,,,frozen_minilm,euclidean,ours_mean_std,frozen_known_only,protocol_v2_textoir_v1,116.0,9.0,../artifacts/s2c/runs/protocol_v2_textoir_v1/mogb_baseline_v1/banking77/kir_0.75/seed_100/fixed_k2
0.4512987012987013,0.5009837538229381,0.7946920372050815,,,banking77,0.4099356051176451,0.4088606479761645,0.4722831193235202,0.0078947368421052,0.7237068965517242,,0.2762931034482758,,0.75,,mogb_minilm,0.4722831193235202,,,,,,100,,,,,,,,,,frozen_minilm,euclidean,mogb_mean,frozen_known_only,protocol_v2_textoir_v1,140.0,10.0,../artifacts/s2c/runs/protocol_v2_textoir_v1/mogb_baseline_v1/banking77/kir_0.75/seed_100/mogb_minilm
0.5753246753246753,0.4953427880009771,0.8067343466424682,,,banking77,0.5875678558933541,0.5886472449728866,0.5249632892804699,0.0592105263157894,0.5383620689655172,,0.4616379310344828,,0.75,,mogb_partition_ours_boundary,0.5249632892804699,,,,,,100,,,,,,,,,,frozen_minilm,mahalanobis_diag,mean_std,frozen_known_only,protocol_v2_textoir_v1,140.0,10.0,../artifacts/s2c/runs/protocol_v2_textoir_v1/mogb_baseline_v1/banking77/kir_0.75/seed_100/mogb_partition_ours_boundary
0.6149350649350649,0.5538982129313518,0.8308059210526317,,,banking77,0.6574649693024167,0.659341058133216,0.5486518171160609,0.0763157894736842,0.4728448275862069,,0.5271551724137931,,0.75,,ours_partition_mogb_boundary,0.5486518171160609,,,,,,100,,,,,,,,,,frozen_minilm,euclidean,mogb_mean,frozen_known_only,protocol_v2_textoir_v1,116.0,9.0,../artifacts/s2c/runs/protocol_v2_textoir_v1/mogb_baseline_v1/banking77/kir_0.75/seed_100/ours_partition_mogb_boundary
0.727922077922078,0.5400261854264744,0.8124506578947368,,,banking77,0.7905835894689673,0.7948489476888467,0.5431928127159641,0.4828947368421052,0.1267241379310345,,0.8732758620689656,,0.75,,random_partition,0.5431928127159641,,,,,,100,,,,,,,,,,frozen_minilm,euclidean,ours_mean_std,frozen_known_only,protocol_v2_textoir_v1,116.0,18.0,../artifacts/s2c/runs/protocol_v2_textoir_v1/mogb_baseline_v1/banking77/kir_0.75/seed_100/random_partition
0.7204545454545455,0.5403673589367565,0.8101100272232304,,,banking77,0.7825669044411686,0.7867828255822084,0.5380434782608695,0.4789473684210526,0.1362068965517241,,0.8637931034482759,,0.75,,single_centroid,0.5380434782608695,,,,,,100,,,,,,,,,,frozen_minilm,euclidean,ours_mean_std,frozen_known_only,protocol_v2_textoir_v1,58.0,37.0,../artifacts/s2c/runs/protocol_v2_textoir_v1/mogb_baseline_v1/banking77/kir_0.75/seed_100/single_centroid
0.750974025974026,0.6179585043696556,0.8362431941923776,,,banking77,0.8061184733064787,0.809602811714563,0.6040268456375839,0.3486842105263157,0.1655172413793103,,0.8344827586206897,,0.75,,fixed_k2,0.6040268456375839,,,,,,123,,,,,,,,,,frozen_minilm,euclidean,ours_mean_std,frozen_known_only,protocol_v2_textoir_v1,116.0,7.0,../artifacts/s2c/runs/protocol_v2_textoir_v1/mogb_baseline_v1/banking77/kir_0.75/seed_123/fixed_k2
0.4577922077922078,0.49228640796684,0.8194243421052633,,,banking77,0.4190987558031048,0.4181154472261526,0.4761306532663316,0.0026315789473684,0.718103448275862,,0.2818965517241379,,0.75,,mogb_minilm,0.4761306532663316,,,,,,123,,,,,,,,,,frozen_minilm,euclidean,mogb_mean,frozen_known_only,protocol_v2_textoir_v1,147.0,10.0,../artifacts/s2c/runs/protocol_v2_textoir_v1/mogb_baseline_v1/banking77/kir_0.75/seed_123/mogb_minilm
0.5659090909090909,0.5662725130436645,0.8384363656987295,,,banking77,0.5657502333249466,0.5663677770768631,0.5299326957137797,0.0157894736842105,0.5668103448275862,,0.4331896551724138,,0.75,,mogb_partition_ours_boundary,0.5299326957137797,,,,,,123,,,,,,,,,,frozen_minilm,mahalanobis_diag,mean_std,frozen_known_only,protocol_v2_textoir_v1,147.0,10.0,../artifacts/s2c/runs/protocol_v2_textoir_v1/mogb_baseline_v1/banking77/kir_0.75/seed_123/mogb_partition_ours_boundary
0.6194805194805195,0.5859221130823882,0.8232395644283121,,,banking77,0.6604048509561068,0.662233715478429,0.5543307086614173,0.0736842105263157,0.4637931034482758,,0.5362068965517242,,0.75,,ours_partition_mogb_boundary,0.5543307086614173,,,,,,123,,,,,,,,,,frozen_minilm,euclidean,mogb_mean,frozen_known_only,protocol_v2_textoir_v1,116.0,7.0,../artifacts/s2c/runs/protocol_v2_textoir_v1/mogb_baseline_v1/banking77/kir_0.75/seed_123/ours_partition_mogb_boundary
0.7233766233766233,0.584393718550978,0.8291963475499092,,,banking77,0.7857174094681736,0.7900818837058537,0.5325779036827195,0.5052631578947369,0.1189655172413793,,0.8810344827586207,,0.75,,random_partition,0.5325779036827195,,,,,,123,,,,,,,,,,frozen_minilm,euclidean,ours_mean_std,frozen_known_only,protocol_v2_textoir_v1,116.0,16.0,../artifacts/s2c/runs/protocol_v2_textoir_v1/mogb_baseline_v1/banking77/kir_0.75/seed_123/random_partition
0.7181818181818181,0.5741583134138637,0.8260225725952812,,,banking77,0.7774791026057317,0.7816120433787869,0.5377685377685377,0.4894736842105263,0.1271551724137931,,0.8728448275862069,,0.75,,single_centroid,0.5377685377685377,,,,,,123,,,,,,,,,,frozen_minilm,euclidean,ours_mean_std,frozen_known_only,protocol_v2_textoir_v1,58.0,32.0,../artifacts/s2c/runs/protocol_v2_textoir_v1/mogb_baseline_v1/banking77/kir_0.75/seed_123/single_centroid
0.912280701754386,0.9783943380945588,0.9345900661742076,,,clinc150,0.7854688163755604,0.7812348228558924,0.9463605701229464,0.0462719298245614,0.2473684210526315,,0.7526315789473684,,0.25,,fixed_k2,0.9463605701229464,,,,,,13,,,,,,,,,,frozen_minilm,euclidean,ours_mean_std,frozen_known_only,protocol_v2_textoir_v1,76.0,16.0,../artifacts/s2c/runs/protocol_v2_textoir_v1/mogb_baseline_v1/clinc150/kir_0.25/seed_13/fixed_k2
0.8731578947368421,0.9722469613557536,0.9204505232379192,,,clinc150,0.552799420888672,0.5429802024827017,0.9259297203155414,0.0089912280701754,0.5982456140350877,,0.4017543859649123,,0.25,,mogb_minilm,0.9259297203155414,,,,,,13,,,,,,,,,,frozen_minilm,euclidean,mogb_mean,frozen_known_only,protocol_v2_textoir_v1,61.0,10.0,../artifacts/s2c/runs/protocol_v2_textoir_v1/mogb_baseline_v1/clinc150/kir_0.25/seed_13/mogb_minilm
0.9071929824561404,0.9760167096490552,0.9367974761465064,,,clinc150,0.7325053051951195,0.7269349545847502,0.9441786283891548,0.0263157894736842,0.3552631578947368,,0.6447368421052632,,0.25,,mogb_partition_ours_boundary,0.9441786283891548,,,,,,13,,,,,,,,,,frozen_minilm,mahalanobis_diag,mean_std,frozen_known_only,protocol_v2_textoir_v1,61.0,10.0,../artifacts/s2c/runs/protocol_v2_textoir_v1/mogb_baseline_v1/clinc150/kir_0.25/seed_13/mogb_partition_ours_boundary
0.8721052631578947,0.9663446903241726,0.9096931748230226,,,clinc150,0.5638965119717422,0.554383565065965,0.925388494391273,0.0140350877192982,0.5798245614035088,,0.4201754385964912,,0.25,,ours_partition_mogb_boundary,0.925388494391273,,,,,,13,,,,,,,,,,frozen_minilm,euclidean,mogb_mean,frozen_known_only,protocol_v2_textoir_v1,76.0,16.0,../artifacts/s2c/runs/protocol_v2_textoir_v1/mogb_baseline_v1/clinc150/kir_0.25/seed_13/ours_partition_mogb_boundary
0.9078947368421052,0.981730484777785,0.940660780240074,,,clinc150,0.7887268550662173,0.7846570460145224,0.9433795990306236,0.0609649122807017,0.2070175438596491,,0.7929824561403509,,0.25,,random_partition,0.9433795990306236,,,,,,13,,,,,,,,,,frozen_minilm,euclidean,ours_mean_std,frozen_known_only,protocol_v2_textoir_v1,76.0,50.0,../artifacts/s2c/runs/protocol_v2_textoir_v1/mogb_baseline_v1/clinc150/kir_0.25/seed_13/random_partition
0.909122807017544,0.9826875211833712,0.9427870113881196,,,clinc150,0.7888420911606385,0.7847521047280769,0.9442615755979812,0.056359649122807,0.2201754385964912,,0.7798245614035088,,0.25,,single_centroid,0.9442615755979812,,,,,,13,,,,,,,,,,frozen_minilm,euclidean,ours_mean_std,frozen_known_only,protocol_v2_textoir_v1,38.0,100.0,../artifacts/s2c/runs/protocol_v2_textoir_v1/mogb_baseline_v1/clinc150/kir_0.25/seed_13/single_centroid
0.9101754385964912,0.9715037696387244,0.9282196445060018,,,clinc150,0.7797406831331793,0.7753949518413624,0.9448784722222222,0.0451754385964912,0.2649122807017544,,0.7350877192982457,,0.25,,fixed_k2,0.9448784722222222,,,,,,42,,,,,,,,,,frozen_minilm,euclidean,ours_mean_std,frozen_known_only,protocol_v2_textoir_v1,76.0,13.0,../artifacts/s2c/runs/protocol_v2_textoir_v1/mogb_baseline_v1/clinc150/kir_0.25/seed_42/fixed_k2
0.86,0.958846994852714,0.8889312096029547,,,clinc150,0.4690188607303663,0.4571751970918815,0.9190780789927911,0.0074561403508771,0.6692982456140351,,0.3307017543859649,,0.25,,mogb_minilm,0.9190780789927911,,,,,,42,,,,,,,,,,frozen_minilm,euclidean,mogb_mean,frozen_known_only,protocol_v2_textoir_v1,77.0,10.0,../artifacts/s2c/runs/protocol_v2_textoir_v1/mogb_baseline_v1/clinc150/kir_0.25/seed_42/mogb_minilm
0.8882456140350877,0.963986166612252,0.9029739919975378,,,clinc150,0.6447081265767621,0.637102439977218,0.9337242173594388,0.0221491228070175,0.4666666666666667,,0.5333333333333333,,0.25,,mogb_partition_ours_boundary,0.9337242173594388,,,,,,42,,,,,,,,,,frozen_minilm,mahalanobis_diag,mean_std,frozen_known_only,protocol_v2_textoir_v1,77.0,10.0,../artifacts/s2c/runs/protocol_v2_textoir_v1/mogb_baseline_v1/clinc150/kir_0.25/seed_42/mogb_partition_ours_boundary
0.8768421052631579,0.9560904261919014,0.8970560172360726,,,clinc150,0.565039328694321,0.5554819464931721,0.928219852337982,0.0074561403508771,0.5842105263157895,,0.4157894736842105,,0.25,,ours_partition_mogb_boundary,0.928219852337982,,,,,,42,,,,,,,,,,frozen_minilm,euclidean,mogb_mean,frozen_known_only,protocol_v2_textoir_v1,76.0,13.0,../artifacts/s2c/runs/protocol_v2_textoir_v1/mogb_baseline_v1/clinc150/kir_0.25/seed_42/ours_partition_mogb_boundary
0.8963157894736842,0.9794615312301294,0.9334004693751924,,,clinc150,0.7671566988956524,0.762736025448847,0.9351422898742554,0.0703947368421052,0.2342105263157894,,0.7657894736842106,,0.25,,random_partition,0.9351422898742554,,,,,,42,,,,,,,,,,frozen_minilm,euclidean,ours_mean_std,frozen_known_only,protocol_v2_textoir_v1,76.0,50.0,../artifacts/s2c/runs/protocol_v2_textoir_v1/mogb_baseline_v1/clinc150/kir_0.25/seed_42/random_partition
0.9008771929824562,0.9797215843157088,0.9347076023391812,,,clinc150,0.772959365889378,0.7686109015270975,0.938201011656037,0.0644736842105263,0.2350877192982456,,0.7649122807017543,,0.25,,single_centroid,0.938201011656037,,,,,,42,,,,,,,,,,frozen_minilm,euclidean,ours_mean_std,frozen_known_only,protocol_v2_textoir_v1,38.0,100.0,../artifacts/s2c/runs/protocol_v2_textoir_v1/mogb_baseline_v1/clinc150/kir_0.25/seed_42/single_centroid
0.8956140350877193,0.9748773840471144,0.9241847491535856,,,clinc150,0.7612168144013597,0.7566327941386519,0.9354095843842528,0.0646929824561403,0.2578947368421053,,0.7421052631578947,,0.25,,fixed_k2,0.9354095843842528,,,,,,87,,,,,,,,,,frozen_minilm,euclidean,ours_mean_std,frozen_known_only,protocol_v2_textoir_v1,76.0,15.0,../artifacts/s2c/runs/protocol_v2_textoir_v1/mogb_baseline_v1/clinc150/kir_0.25/seed_87/fixed_k2
0.867719298245614,0.9544528036783012,0.8917978608802708,,,clinc150,0.5165800461524818,0.5058786379638549,0.9232335573203012,0.0057017543859649,0.6385964912280702,,0.3614035087719298,,0.25,,mogb_minilm,0.9232335573203012,,,,,,87,,,,,,,,,,frozen_minilm,euclidean,mogb_mean,frozen_known_only,protocol_v2_textoir_v1,63.0,10.0,../artifacts/s2c/runs/protocol_v2_textoir_v1/mogb_baseline_v1/clinc150/kir_0.25/seed_87/mogb_minilm
0.8996491228070176,0.9696617122594282,0.9158167897814712,,,clinc150,0.693603729332261,0.687121947250206,0.939911448450348,0.0223684210526315,0.4105263157894737,,0.5894736842105264,,0.25,,mogb_partition_ours_boundary,0.939911448450348,,,,,,87,,,,,,,,,,frozen_minilm,mahalanobis_diag,mean_std,frozen_known_only,protocol_v2_textoir_v1,63.0,10.0,../artifacts/s2c/runs/protocol_v2_textoir_v1/mogb_baseline_v1/clinc150/kir_0.25/seed_87/mogb_partition_ours_boundary
0.871578947368421,0.9581714303029616,0.8811699753770392,,,clinc150,0.5744970786514769,0.565288396298809,0.9244270080528598,0.0182017543859649,0.5692982456140351,,0.4307017543859649,,0.25,,ours_partition_mogb_boundary,0.9244270080528598,,,,,,87,,,,,,,,,,frozen_minilm,euclidean,mogb_mean,frozen_known_only,protocol_v2_textoir_v1,76.0,15.0,../artifacts/s2c/runs/protocol_v2_textoir_v1/mogb_baseline_v1/clinc150/kir_0.25/seed_87/ours_partition_mogb_boundary
0.8957894736842106,0.9793026001819682,0.933985649430594,,,clinc150,0.7750222783622385,0.7708153304083475,0.9348863006100944,0.0758771929824561,0.2114035087719298,,0.7885964912280702,,0.25,,random_partition,0.9348863006100944,,,,,,87,,,,,,,,,,frozen_minilm,euclidean,ours_mean_std,frozen_known_only,protocol_v2_textoir_v1,76.0,50.0,../artifacts/s2c/runs/protocol_v2_textoir_v1/mogb_baseline_v1/clinc150/kir_0.25/seed_87/random_partition
0.8964912280701754,0.9784768947561469,0.932873191751308,,,clinc150,0.7755840380803358,0.7713767125425474,0.9354624085163008,0.075,0.2105263157894736,,0.7894736842105263,,0.25,,single_centroid,0.9354624085163008,,,,,,87,,,,,,,,,,frozen_minilm,euclidean,ours_mean_std,frozen_known_only,protocol_v2_textoir_v1,38.0,100.0,../artifacts/s2c/runs/protocol_v2_textoir_v1/mogb_baseline_v1/clinc150/kir_0.25/seed_87/single_centroid
0.9285964912280702,0.9794385651054668,0.9480549784549092,,,clinc150,0.8100742538418142,0.806214218579657,0.9567555938037866,0.0247807017543859,0.2535087719298246,,0.7464912280701754,,0.25,,fixed_k2,0.9567555938037866,,,,,,100,,,,,,,,,,frozen_minilm,euclidean,ours_mean_std,frozen_known_only,protocol_v2_textoir_v1,76.0,13.0,../artifacts/s2c/runs/protocol_v2_textoir_v1/mogb_baseline_v1/clinc150/kir_0.25/seed_100/fixed_k2
0.8735087719298246,0.962490211104767,0.9144531009541398,,,clinc150,0.5427412747637941,0.5326420699150679,0.9265110590153908,0.0032894736842105,0.6192982456140351,,0.3807017543859649,,0.25,,mogb_minilm,0.9265110590153908,,,,,,100,,,,,,,,,,frozen_minilm,euclidean,mogb_mean,frozen_known_only,protocol_v2_textoir_v1,67.0,10.0,../artifacts/s2c/runs/protocol_v2_textoir_v1/mogb_baseline_v1/clinc150/kir_0.25/seed_100/mogb_minilm
0.9105263157894736,0.9777166664909376,0.9423899661434288,,,clinc150,0.7197737523748331,0.7137966515077956,0.9469035853222584,0.0125,0.3929824561403509,,0.6070175438596491,,0.25,,mogb_partition_ours_boundary,0.9469035853222584,,,,,,100,,,,,,,,,,frozen_minilm,mahalanobis_diag,mean_std,frozen_known_only,protocol_v2_textoir_v1,67.0,10.0,../artifacts/s2c/runs/protocol_v2_textoir_v1/mogb_baseline_v1/clinc150/kir_0.25/seed_100/mogb_partition_ours_boundary
0.8824561403508772,0.9672024831664836,0.914627192982456,,,clinc150,0.5898180313867981,0.5808292518933391,0.9313916521382424,0.0041666666666666,0.5701754385964912,,0.4298245614035088,,0.25,,ours_partition_mogb_boundary,0.9313916521382424,,,,,,100,,,,,,,,,,frozen_minilm,euclidean,mogb_mean,frozen_known_only,protocol_v2_textoir_v1,76.0,13.0,../artifacts/s2c/runs/protocol_v2_textoir_v1/mogb_baseline_v1/clinc150/kir_0.25/seed_100/ours_partition_mogb_boundary
0.9310526315789474,0.9868066301529947,0.9615818328716528,,,clinc150,0.8311811774653984,0.82784355876216,0.9580106881884612,0.0368421052631578,0.1903508771929824,,0.8096491228070175,,0.25,,random_partition,0.9580106881884612,,,,,,100,,,,,,,,,,frozen_minilm,euclidean,ours_mean_std,frozen_known_only,protocol_v2_textoir_v1,76.0,50.0,../artifacts/s2c/runs/protocol_v2_textoir_v1/mogb_baseline_v1/clinc150/kir_0.25/seed_100/random_partition
0.924561403508772,0.9861223386019308,0.9591745537088334,,,clinc150,0.8152807577028962,0.8116297122801954,0.9540204837655264,0.0399122807017543,0.2105263157894736,,0.7894736842105263,,0.25,,single_centroid,0.9540204837655264,,,,,,100,,,,,,,,,,frozen_minilm,euclidean,ours_mean_std,frozen_known_only,protocol_v2_textoir_v1,38.0,100.0,../artifacts/s2c/runs/protocol_v2_textoir_v1/mogb_baseline_v1/clinc150/kir_0.25/seed_100/single_centroid
0.901578947368421,0.9796308358652618,0.937388811942136,,,clinc150,0.764172828238498,0.7595408570885569,0.9401877319362584,0.0554824561403508,0.2587719298245614,,0.7412280701754386,,0.25,,fixed_k2,0.9401877319362584,,,,,,123,,,,,,,,,,frozen_minilm,euclidean,ours_mean_std,frozen_known_only,protocol_v2_textoir_v1,76.0,17.0,../artifacts/s2c/runs/protocol_v2_textoir_v1/mogb_baseline_v1/clinc150/kir_0.25/seed_123/fixed_k2
0.87,0.9693113007148544,0.9146962526931364,,,clinc150,0.5308783798214524,0.5205218081174073,0.9244281045751634,0.0074561403508771,0.6192982456140351,,0.3807017543859649,,0.25,,mogb_minilm,0.9244281045751634,,,,,,123,,,,,,,,,,frozen_minilm,euclidean,mogb_mean,frozen_known_only,protocol_v2_textoir_v1,66.0,10.0,../artifacts/s2c/runs/protocol_v2_textoir_v1/mogb_baseline_v1/clinc150/kir_0.25/seed_123/mogb_minilm
0.9029824561403508,0.9802306829139829,0.9393303708833488,,,clinc150,0.7175239695263377,0.7116206052380817,0.941851812480068,0.0285087719298245,0.3657894736842105,,0.6342105263157894,,0.25,,mogb_partition_ours_boundary,0.941851812480068,,,,,,123,,,,,,,,,,frozen_minilm,mahalanobis_diag,mean_std,frozen_known_only,protocol_v2_textoir_v1,66.0,10.0,../artifacts/s2c/runs/protocol_v2_textoir_v1/mogb_baseline_v1/clinc150/kir_0.25/seed_123/mogb_partition_ours_boundary
0.8671929824561404,0.9674032444488284,0.9063683056325024,,,clinc150,0.5402239546626599,0.53016509249975,0.9224607168532404,0.0151315789473684,0.6017543859649123,,0.3982456140350877,,0.25,,ours_partition_mogb_boundary,0.9224607168532404,,,,,,123,,,,,,,,,,frozen_minilm,euclidean,mogb_mean,frozen_known_only,protocol_v2_textoir_v1,76.0,17.0,../artifacts/s2c/runs/protocol_v2_textoir_v1/mogb_baseline_v1/clinc150/kir_0.25/seed_123/ours_partition_mogb_boundary
0.9024561403508772,0.985517980879526,0.9489631425053862,,,clinc150,0.7769311252873595,0.7726245793761027,0.940579869915114,0.0644736842105263,0.2149122807017544,,0.7850877192982456,,0.25,,random_partition,0.940579869915114,,,,,,123,,,,,,,,,,frozen_minilm,euclidean,ours_mean_std,frozen_known_only,protocol_v2_textoir_v1,76.0,50.0,../artifacts/s2c/runs/protocol_v2_textoir_v1/mogb_baseline_v1/clinc150/kir_0.25/seed_123/random_partition
0.8991228070175439,0.9855118522654392,0.947882617728532,,,clinc150,0.7692833882317327,0.7648325359184233,0.9384157761374904,0.0660087719298245,0.2263157894736842,,0.7736842105263158,,0.25,,single_centroid,0.9384157761374904,,,,,,123,,,,,,,,,,frozen_minilm,euclidean,ours_mean_std,frozen_known_only,protocol_v2_textoir_v1,38.0,100.0,../artifacts/s2c/runs/protocol_v2_textoir_v1/mogb_baseline_v1/clinc150/kir_0.25/seed_123/single_centroid
0.8598245614035088,0.9375546974437962,0.9226496618357488,,,clinc150,0.8075556552565762,0.8064090376824171,0.8935519733185103,0.0681159420289855,0.236,,0.764,,0.5,,fixed_k2,0.8935519733185103,,,,,,13,,,,,,,,,,frozen_minilm,euclidean,ours_mean_std,frozen_known_only,protocol_v2_textoir_v1,150.0,16.0,../artifacts/s2c/runs/protocol_v2_textoir_v1/mogb_baseline_v1/clinc150/kir_0.50/seed_13/fixed_k2
0.7228070175438597,0.8932833326886456,0.8834571336553945,,,clinc150,0.4490273375575833,0.4441788533715305,0.8126636515115448,0.0104347826086956,0.6835555555555556,,0.3164444444444444,,0.5,,mogb_minilm,0.8126636515115448,,,,,,13,,,,,,,,,,frozen_minilm,euclidean,mogb_mean,frozen_known_only,protocol_v2_textoir_v1,126.0,10.0,../artifacts/s2c/runs/protocol_v2_textoir_v1/mogb_baseline_v1/clinc150/kir_0.50/seed_13/mogb_minilm
0.8047368421052632,0.9261131280497884,0.9141612882447664,,,clinc150,0.6642467645684205,0.6616416988434637,0.8596266939401688,0.0255072463768115,0.4488888888888889,,0.5511111111111111,,0.5,,mogb_partition_ours_boundary,0.8596266939401688,,,,,,13,,,,,,,,,,frozen_minilm,mahalanobis_diag,mean_std,frozen_known_only,protocol_v2_textoir_v1,126.0,10.0,../artifacts/s2c/runs/protocol_v2_textoir_v1/mogb_baseline_v1/clinc150/kir_0.50/seed_13/mogb_partition_ours_boundary
0.7603508771929824,0.9028654859599988,0.8918372946859904,,,clinc150,0.5702744817053852,0.5667662094333816,0.833394902105652,0.0191304347826086,0.572,,0.428,,0.5,,ours_partition_mogb_boundary,0.833394902105652,,,,,,13,,,,,,,,,,frozen_minilm,euclidean,mogb_mean,frozen_known_only,protocol_v2_textoir_v1,150.0,16.0,../artifacts/s2c/runs/protocol_v2_textoir_v1/mogb_baseline_v1/clinc150/kir_0.50/seed_13/ours_partition_mogb_boundary
0.8568421052631578,0.945421763729158,0.9280403220611916,,,clinc150,0.8110612637258592,0.8100063257514737,0.8901816118047673,0.0907246376811594,0.2048888888888889,,0.7951111111111111,,0.5,,random_partition,0.8901816118047673,,,,,,13,,,,,,,,,,frozen_minilm,euclidean,ours_mean_std,frozen_known_only,protocol_v2_textoir_v1,150.0,50.0,../artifacts/s2c/runs/protocol_v2_textoir_v1/mogb_baseline_v1/clinc150/kir_0.50/seed_13/random_partition
0.8596491228070176,0.943540956811787,0.9272738164251207,,,clinc150,0.8124978686870881,0.8114211670134402,0.8932504942106749,0.0831884057971014,0.2084444444444444,,0.7915555555555556,,0.5,,single_centroid,0.8932504942106749,,,,,,13,,,,,,,,,,frozen_minilm,euclidean,ours_mean_std,frozen_known_only,protocol_v2_textoir_v1,75.0,100.0,../artifacts/s2c/runs/protocol_v2_textoir_v1/mogb_baseline_v1/clinc150/kir_0.50/seed_13/single_centroid
0.8549122807017544,0.9379846386927296,0.928633687600644,,,clinc150,0.7942523859174728,0.7929601827465685,0.8911676237353021,0.0553623188405797,0.2688888888888889,,0.731111111111111,,0.5,,fixed_k2,0.8911676237353021,,,,,,42,,,,,,,,,,frozen_minilm,euclidean,ours_mean_std,frozen_known_only,protocol_v2_textoir_v1,150.0,13.0,../artifacts/s2c/runs/protocol_v2_textoir_v1/mogb_baseline_v1/clinc150/kir_0.50/seed_42/fixed_k2
0.7175438596491228,0.8902825110259178,0.8825811272141706,,,clinc150,0.4275814690032287,0.4224838660071282,0.8099016937107664,0.0089855072463768,0.6995555555555556,,0.3004444444444444,,0.5,,mogb_minilm,0.8099016937107664,,,,,,42,,,,,,,,,,frozen_minilm,euclidean,mogb_mean,frozen_known_only,protocol_v2_textoir_v1,129.0,10.0,../artifacts/s2c/runs/protocol_v2_textoir_v1/mogb_baseline_v1/clinc150/kir_0.50/seed_42/mogb_minilm
0.7889473684210526,0.9303871630432282,0.9126765861513688,,,clinc150,0.6145761911588284,0.6114371229401934,0.8500063075564527,0.0234782608695652,0.4924444444444444,,0.5075555555555555,,0.5,,mogb_partition_ours_boundary,0.8500063075564527,,,,,,42,,,,,,,,,,frozen_minilm,mahalanobis_diag,mean_std,frozen_known_only,protocol_v2_textoir_v1,129.0,10.0,../artifacts/s2c/runs/protocol_v2_textoir_v1/mogb_baseline_v1/clinc150/kir_0.50/seed_42/mogb_partition_ours_boundary
0.7550877192982456,0.9045570721993104,0.8971390660225443,,,clinc150,0.5480715512929405,0.5442946385784247,0.8313400048816207,0.0127536231884057,0.5946666666666667,,0.4053333333333333,,0.5,,ours_partition_mogb_boundary,0.8313400048816207,,,,,,42,,,,,,,,,,frozen_minilm,euclidean,mogb_mean,frozen_known_only,protocol_v2_textoir_v1,150.0,13.0,../artifacts/s2c/runs/protocol_v2_textoir_v1/mogb_baseline_v1/clinc150/kir_0.50/seed_42/ours_partition_mogb_boundary
0.8487719298245614,0.943285833912722,0.9255040257648952,,,clinc150,0.8006302876150952,0.7995328079921992,0.8829412593323003,0.0915942028985507,0.2288888888888889,,0.7711111111111111,,0.5,,random_partition,0.8829412593323003,,,,,,42,,,,,,,,,,frozen_minilm,euclidean,ours_mean_std,frozen_known_only,protocol_v2_textoir_v1,150.0,50.0,../artifacts/s2c/runs/protocol_v2_textoir_v1/mogb_baseline_v1/clinc150/kir_0.50/seed_42/random_partition
0.846140350877193,0.9423475771316242,0.9238795491143316,,,clinc150,0.7957298066105891,0.794586409290042,0.8814846056516238,0.0913043478260869,0.2346666666666666,,0.7653333333333333,,0.5,,single_centroid,0.8814846056516238,,,,,,42,,,,,,,,,,frozen_minilm,euclidean,ours_mean_std,frozen_known_only,protocol_v2_textoir_v1,75.0,100.0,../artifacts/s2c/runs/protocol_v2_textoir_v1/mogb_baseline_v1/clinc150/kir_0.50/seed_42/single_centroid
0.8610526315789474,0.9351556078241994,0.9247085346215782,,,clinc150,0.8075776287301073,0.8064012319270677,0.8958073889580739,0.0617391304347826,0.24,,0.76,,0.5,,fixed_k2,0.8958073889580739,,,,,,87,,,,,,,,,,frozen_minilm,euclidean,ours_mean_std,frozen_known_only,protocol_v2_textoir_v1,150.0,10.0,../artifacts/s2c/runs/protocol_v2_textoir_v1/mogb_baseline_v1/clinc150/kir_0.50/seed_87/fixed_k2
0.7321052631578947,0.8785612625227123,0.8735846698872786,,,clinc150,0.4714741018932011,0.4668581346945632,0.8176716417910448,0.0075362318840579,0.6671111111111111,,0.3328888888888889,,0.5,,mogb_minilm,0.8176716417910448,,,,,,87,,,,,,,,,,frozen_minilm,euclidean,mogb_mean,frozen_known_only,protocol_v2_textoir_v1,138.0,10.0,../artifacts/s2c/runs/protocol_v2_textoir_v1/mogb_baseline_v1/clinc150/kir_0.50/seed_87/mogb_minilm
0.8056140350877193,0.9050570906553488,0.8928693075684381,,,clinc150,0.6598794870236049,0.6572158024273868,0.8596558317399617,0.0226086956521739,0.4546666666666666,,0.5453333333333333,,0.5,,mogb_partition_ours_boundary,0.8596558317399617,,,,,,87,,,,,,,,,,frozen_minilm,mahalanobis_diag,mean_std,frozen_known_only,protocol_v2_textoir_v1,138.0,10.0,../artifacts/s2c/runs/protocol_v2_textoir_v1/mogb_baseline_v1/clinc150/kir_0.50/seed_87/mogb_partition_ours_boundary
0.767719298245614,0.8956434640125017,0.8820371014492754,,,clinc150,0.5858663327968165,0.5825011468028706,0.8382552823427654,0.0168115942028985,0.556,,0.4439999999999999,,0.5,,ours_partition_mogb_boundary,0.8382552823427654,,,,,,87,,,,,,,,,,frozen_minilm,euclidean,mogb_mean,frozen_known_only,protocol_v2_textoir_v1,150.0,10.0,../artifacts/s2c/runs/protocol_v2_textoir_v1/mogb_baseline_v1/clinc150/kir_0.50/seed_87/ours_partition_mogb_boundary
0.861578947368421,0.9378838542790768,0.9275957487922706,,,clinc150,0.8153861668677663,0.81431168006843,0.8959726768179878,0.0875362318840579,0.1906666666666666,,0.8093333333333333,,0.5,,random_partition,0.8959726768179878,,,,,,87,,,,,,,,,,frozen_minilm,euclidean,ours_mean_std,frozen_known_only,protocol_v2_textoir_v1,150.0,50.0,../artifacts/s2c/runs/protocol_v2_textoir_v1/mogb_baseline_v1/clinc150/kir_0.50/seed_87/random_partition
0.858421052631579,0.936240195833705,0.925390917874396,,,clinc150,0.8108151411942055,0.8097118417741564,0.8935625976978826,0.088695652173913,0.1968888888888889,,0.8031111111111111,,0.5,,single_centroid,0.8935625976978826,,,,,,87,,,,,,,,,,frozen_minilm,euclidean,ours_mean_std,frozen_known_only,protocol_v2_textoir_v1,75.0,100.0,../artifacts/s2c/runs/protocol_v2_textoir_v1/mogb_baseline_v1/clinc150/kir_0.50/seed_87/single_centroid
0.8571929824561404,0.932473575283586,0.9220727858293076,,,clinc150,0.8087313565669035,0.8076461468335225,0.8901220865704772,0.0701449275362318,0.2444444444444444,,0.7555555555555555,,0.5,,fixed_k2,0.8901220865704772,,,,,,100,,,,,,,,,,frozen_minilm,euclidean,ours_mean_std,frozen_known_only,protocol_v2_textoir_v1,150.0,10.0,../artifacts/s2c/runs/protocol_v2_textoir_v1/mogb_baseline_v1/clinc150/kir_0.50/seed_100/fixed_k2
0.7266666666666667,0.8739335266061747,0.8646879227053139,,,clinc150,0.4621121291551101,0.4574154360294886,0.814364113576712,0.0107246376811594,0.6751111111111111,,0.3248888888888889,,0.5,,mogb_minilm,0.814364113576712,,,,,,100,,,,,,,,,,frozen_minilm,euclidean,mogb_mean,frozen_known_only,protocol_v2_textoir_v1,150.0,10.0,../artifacts/s2c/runs/protocol_v2_textoir_v1/mogb_baseline_v1/clinc150/kir_0.50/seed_100/mogb_minilm
0.8001754385964912,0.9173216280068844,0.9019826086956522,,,clinc150,0.6592934180407348,0.6566788057959181,0.8553893364019947,0.0304347826086956,0.456,,0.544,,0.5,,mogb_partition_ours_boundary,0.8553893364019947,,,,,,100,,,,,,,,,,frozen_minilm,mahalanobis_diag,mean_std,frozen_known_only,protocol_v2_textoir_v1,150.0,10.0,../artifacts/s2c/runs/protocol_v2_textoir_v1/mogb_baseline_v1/clinc150/kir_0.50/seed_100/mogb_partition_ours_boundary
0.7587719298245614,0.8987918016424369,0.8858647342995168,,,clinc150,0.5667031570646789,0.5631642128923227,0.8321239699913909,0.0194202898550724,0.5768888888888889,,0.4231111111111111,,0.5,,ours_partition_mogb_boundary,0.8321239699913909,,,,,,100,,,,,,,,,,frozen_minilm,euclidean,mogb_mean,frozen_known_only,protocol_v2_textoir_v1,150.0,10.0,../artifacts/s2c/runs/protocol_v2_textoir_v1/mogb_baseline_v1/clinc150/kir_0.50/seed_100/ours_partition_mogb_boundary
0.8570175438596491,0.9496765519733406,0.9319447342995169,,,clinc150,0.8155966771133115,0.814603000774756,0.8901224025049815,0.0936231884057971,0.1995555555555555,,0.8004444444444444,,0.5,,random_partition,0.8901224025049815,,,,,,100,,,,,,,,,,frozen_minilm,euclidean,ours_mean_std,frozen_known_only,protocol_v2_textoir_v1,150.0,50.0,../artifacts/s2c/runs/protocol_v2_textoir_v1/mogb_baseline_v1/clinc150/kir_0.50/seed_100/random_partition
0.8528070175438597,0.9490768179515816,0.9313525281803542,,,clinc150,0.8071592671886425,0.8060859297582499,0.8876595744680851,0.0930434782608695,0.2093333333333333,,0.7906666666666666,,0.5,,single_centroid,0.8876595744680851,,,,,,100,,,,,,,,,,frozen_minilm,euclidean,ours_mean_std,frozen_known_only,protocol_v2_textoir_v1,75.0,100.0,../artifacts/s2c/runs/protocol_v2_textoir_v1/mogb_baseline_v1/clinc150/kir_0.50/seed_100/single_centroid
0.8498245614035088,0.9420728766988432,0.9268126247987116,,,clinc150,0.7865986685508901,0.7852282518662278,0.8893799199005662,0.0666666666666666,0.2537777777777777,,0.7462222222222222,,0.5,,fixed_k2,0.8893799199005662,,,,,,123,,,,,,,,,,frozen_minilm,euclidean,ours_mean_std,frozen_known_only,protocol_v2_textoir_v1,150.0,10.0,../artifacts/s2c/runs/protocol_v2_textoir_v1/mogb_baseline_v1/clinc150/kir_0.50/seed_123/fixed_k2
0.7198245614035088,0.8801827937512003,0.8777375845410629,,,clinc150,0.4374949818853867,0.4325099228760861,0.8113744075829384,0.0075362318840579,0.696,,0.304,,0.5,,mogb_minilm,0.8113744075829384,,,,,,123,,,,,,,,,,frozen_minilm,euclidean,mogb_mean,frozen_known_only,protocol_v2_textoir_v1,133.0,10.0,../artifacts/s2c/runs/protocol_v2_textoir_v1/mogb_baseline_v1/clinc150/kir_0.50/seed_123/mogb_minilm
0.7931578947368421,0.9195336124425776,0.9046946215781,,,clinc150,0.6319127043421816,0.6289636235752429,0.8530937618625838,0.0228985507246376,0.4808888888888888,,0.5191111111111111,,0.5,,mogb_partition_ours_boundary,0.8530937618625838,,,,,,123,,,,,,,,,,frozen_minilm,mahalanobis_diag,mean_std,frozen_known_only,protocol_v2_textoir_v1,133.0,10.0,../artifacts/s2c/runs/protocol_v2_textoir_v1/mogb_baseline_v1/clinc150/kir_0.50/seed_123/mogb_partition_ours_boundary
0.753859649122807,0.9060139771414306,0.8922411594202898,,,clinc150,0.5495499821482573,0.5457966753480402,0.8310479921645446,0.016231884057971,0.5884444444444444,,0.4115555555555555,,0.5,,ours_partition_mogb_boundary,0.8310479921645446,,,,,,123,,,,,,,,,,frozen_minilm,euclidean,mogb_mean,frozen_known_only,protocol_v2_textoir_v1,150.0,10.0,../artifacts/s2c/runs/protocol_v2_textoir_v1/mogb_baseline_v1/clinc150/kir_0.50/seed_123/ours_partition_mogb_boundary
0.8535087719298246,0.9564559802265664,0.9381985185185184,,,clinc150,0.79486107222835,0.7935360521767172,0.894237576100807,0.0846376811594202,0.2022222222222222,,0.7977777777777778,,0.5,,random_partition,0.894237576100807,,,,,,123,,,,,,,,,,frozen_minilm,euclidean,ours_mean_std,frozen_known_only,protocol_v2_textoir_v1,150.0,50.0,../artifacts/s2c/runs/protocol_v2_textoir_v1/mogb_baseline_v1/clinc150/kir_0.50/seed_123/random_partition
0.8487719298245614,0.9553626675685056,0.936704541062802,,,clinc150,0.7872648732925318,0.7858789481846332,0.8912092563849302,0.0846376811594202,0.2128888888888888,,0.7871111111111111,,0.5,,single_centroid,0.8912092563849302,,,,,,123,,,,,,,,,,frozen_minilm,euclidean,ours_mean_std,frozen_known_only,protocol_v2_textoir_v1,75.0,100.0,../artifacts/s2c/runs/protocol_v2_textoir_v1/mogb_baseline_v1/clinc150/kir_0.50/seed_123/single_centroid
0.8170175438596491,0.8655761803484501,0.9193774165649166,,,clinc150,0.8164688472452872,0.8164675843021124,0.8166102968808718,0.0713675213675213,0.2407738095238095,,0.7592261904761904,,0.75,,fixed_k2,0.8166102968808718,,,,,,13,,,,,,,,,,frozen_minilm,euclidean,ours_mean_std,frozen_known_only,protocol_v2_textoir_v1,224.0,15.0,../artifacts/s2c/runs/protocol_v2_textoir_v1/mogb_baseline_v1/clinc150/kir_0.75/seed_13/fixed_k2
0.5703508771929825,0.7563153321585463,0.8736878052503052,,,clinc150,0.4044135320379743,0.4021719626691986,0.655469301340861,0.0076923076923076,0.7211309523809524,,0.2788690476190476,,0.75,,mogb_minilm,0.655469301340861,,,,,,13,,,,,,,,,,frozen_minilm,euclidean,mogb_mean,frozen_known_only,protocol_v2_textoir_v1,214.0,10.0,../artifacts/s2c/runs/protocol_v2_textoir_v1/mogb_baseline_v1/clinc150/kir_0.75/seed_13/mogb_minilm
0.6791228070175439,0.8452472045512411,0.904739774114774,,,clinc150,0.5901802618321985,0.5890327532984816,0.718701217608492,0.0162393162393162,0.525,,0.475,,0.75,,mogb_partition_ours_boundary,0.718701217608492,,,,,,13,,,,,,,,,,frozen_minilm,mahalanobis_diag,mean_std,frozen_known_only,protocol_v2_textoir_v1,214.0,10.0,../artifacts/s2c/runs/protocol_v2_textoir_v1/mogb_baseline_v1/clinc150/kir_0.75/seed_13/mogb_partition_ours_boundary
0.6489473684210526,0.8013701484978752,0.8889840252340253,,,clinc150,0.5672671130796392,0.5660932793609553,0.6987364895722332,0.0192307692307692,0.575595238095238,,0.4244047619047619,,0.75,,ours_partition_mogb_boundary,0.6987364895722332,,,,,,13,,,,,,,,,,frozen_minilm,euclidean,mogb_mean,frozen_known_only,protocol_v2_textoir_v1,224.0,15.0,../artifacts/s2c/runs/protocol_v2_textoir_v1/mogb_baseline_v1/clinc150/kir_0.75/seed_13/ours_partition_mogb_boundary
0.8187719298245614,0.8777696300670181,0.9185640516890516,,,clinc150,0.8221544652828386,0.8221913601940669,0.818022235225278,0.1038461538461538,0.2053571428571428,,0.7946428571428572,,0.75,,random_partition,0.818022235225278,,,,,,13,,,,,,,,,,frozen_minilm,euclidean,ours_mean_std,frozen_known_only,protocol_v2_textoir_v1,224.0,50.0,../artifacts/s2c/runs/protocol_v2_textoir_v1/mogb_baseline_v1/clinc150/kir_0.75/seed_13/random_partition
0.8117543859649122,0.8735808146294705,0.9168514702889704,,,clinc150,0.8134080136454842,0.813418708401896,0.8122102009273571,0.1017094017094017,0.2184523809523809,,0.781547619047619,,0.75,,single_centroid,0.8122102009273571,,,,,,13,,,,,,,,,,frozen_minilm,euclidean,ours_mean_std,frozen_known_only,protocol_v2_textoir_v1,112.0,100.0,../artifacts/s2c/runs/protocol_v2_textoir_v1/mogb_baseline_v1/clinc150/kir_0.75/seed_13/single_centroid
0.8096491228070175,0.8597566265360508,0.9174754527879528,,,clinc150,0.8088918204336192,0.8088831600305186,0.8098617855808741,0.0735042735042735,0.2517857142857143,,0.7482142857142857,,0.75,,fixed_k2,0.8098617855808741,,,,,,42,,,,,,,,,,frozen_minilm,euclidean,ours_mean_std,frozen_known_only,protocol_v2_textoir_v1,224.0,10.0,../artifacts/s2c/runs/protocol_v2_textoir_v1/mogb_baseline_v1/clinc150/kir_0.75/seed_42/fixed_k2
0.5710526315789474,0.7662877682881035,0.8730611518111517,,,clinc150,0.4001079859395502,0.3978297118968882,0.6552746787176953,0.0085470085470085,0.7205357142857143,,0.2794642857142857,,0.75,,mogb_minilm,0.6552746787176953,,,,,,42,,,,,,,,,,frozen_minilm,euclidean,mogb_mean,frozen_known_only,protocol_v2_textoir_v1,201.0,10.0,../artifacts/s2c/runs/protocol_v2_textoir_v1/mogb_baseline_v1/clinc150/kir_0.75/seed_42/mogb_minilm
0.67,0.8423195847620075,0.90750814000814,,,clinc150,0.566462772082466,0.5651596427138058,0.7124132613723978,0.0128205128205128,0.5461309523809523,,0.4538690476190476,,0.75,,mogb_partition_ours_boundary,0.7124132613723978,,,,,,42,,,,,,,,,,frozen_minilm,mahalanobis_diag,mean_std,frozen_known_only,protocol_v2_textoir_v1,201.0,10.0,../artifacts/s2c/runs/protocol_v2_textoir_v1/mogb_baseline_v1/clinc150/kir_0.75/seed_42/mogb_partition_ours_boundary
0.6468421052631579,0.7889899805284762,0.8798850223850225,,,clinc150,0.5603277096163237,0.559094163733569,0.6984848484848485,0.0149572649572649,0.5818452380952381,,0.4181547619047618,,0.75,,ours_partition_mogb_boundary,0.6984848484848485,,,,,,42,,,,,,,,,,frozen_minilm,euclidean,mogb_mean,frozen_known_only,protocol_v2_textoir_v1,224.0,10.0,../artifacts/s2c/runs/protocol_v2_textoir_v1/mogb_baseline_v1/clinc150/kir_0.75/seed_42/ours_partition_mogb_boundary
0.8128070175438596,0.8790492080461316,0.9212580128205128,,,clinc150,0.8170358381627915,0.8171054886520199,0.8092349833692036,0.1162393162393162,0.2092261904761904,,0.7907738095238095,,0.75,,random_partition,0.8092349833692036,,,,,,42,,,,,,,,,,frozen_minilm,euclidean,ours_mean_std,frozen_known_only,protocol_v2_textoir_v1,224.0,50.0,../artifacts/s2c/runs/protocol_v2_textoir_v1/mogb_baseline_v1/clinc150/kir_0.75/seed_42/random_partition
0.8101754385964912,0.8695971883494188,0.9182760989010988,,,clinc150,0.8133838606458739,0.8134355430869729,0.8075954272427824,0.1094017094017094,0.2193452380952381,,0.7806547619047619,,0.75,,single_centroid,0.8075954272427824,,,,,,42,,,,,,,,,,frozen_minilm,euclidean,ours_mean_std,frozen_known_only,protocol_v2_textoir_v1,112.0,100.0,../artifacts/s2c/runs/protocol_v2_textoir_v1/mogb_baseline_v1/clinc150/kir_0.75/seed_42/single_centroid
0.8164912280701755,0.8630657360745249,0.918771621896622,,,clinc150,0.8119677662507678,0.8119037555869321,0.8191369606003752,0.067094017094017,0.2401785714285714,,0.7598214285714285,,0.75,,fixed_k2,0.8191369606003752,,,,,,87,,,,,,,,,,frozen_minilm,euclidean,ours_mean_std,frozen_known_only,protocol_v2_textoir_v1,224.0,10.0,../artifacts/s2c/runs/protocol_v2_textoir_v1/mogb_baseline_v1/clinc150/kir_0.75/seed_87/fixed_k2
0.5794736842105264,0.7363958796168435,0.8467474308099309,,,clinc150,0.4206219092079394,0.4184843761161966,0.6600256154831364,0.0089743589743589,0.7047619047619048,,0.2952380952380952,,0.75,,mogb_minilm,0.6600256154831364,,,,,,87,,,,,,,,,,frozen_minilm,euclidean,mogb_mean,frozen_known_only,protocol_v2_textoir_v1,209.0,10.0,../artifacts/s2c/runs/protocol_v2_textoir_v1/mogb_baseline_v1/clinc150/kir_0.75/seed_87/mogb_minilm
0.6773684210526316,0.7935775455856516,0.8799725274725276,,,clinc150,0.5856304987682801,0.584460463218108,0.7166744803875605,0.02008547008547,0.5255952380952381,,0.4744047619047619,,0.75,,mogb_partition_ours_boundary,0.7166744803875605,,,,,,87,,,,,,,,,,frozen_minilm,mahalanobis_diag,mean_std,frozen_known_only,protocol_v2_textoir_v1,209.0,10.0,../artifacts/s2c/runs/protocol_v2_textoir_v1/mogb_baseline_v1/clinc150/kir_0.75/seed_87/mogb_partition_ours_boundary
0.6480701754385965,0.789171426323433,0.8733580077330078,,,clinc150,0.5653426926135425,0.5641507582595869,0.6988393402565669,0.0222222222222222,0.5714285714285714,,0.4285714285714286,,0.75,,ours_partition_mogb_boundary,0.6988393402565669,,,,,,87,,,,,,,,,,frozen_minilm,euclidean,mogb_mean,frozen_known_only,protocol_v2_textoir_v1,224.0,10.0,../artifacts/s2c/runs/protocol_v2_textoir_v1/mogb_baseline_v1/clinc150/kir_0.75/seed_87/ours_partition_mogb_boundary
0.8280701754385965,0.8721416729207659,0.9214963624338623,,,clinc150,0.826043548437886,0.8260086408513677,0.8299531981279251,0.0905982905982906,0.1964285714285714,,0.8035714285714286,,0.75,,random_partition,0.8299531981279251,,,,,,87,,,,,,,,,,frozen_minilm,euclidean,ours_mean_std,frozen_known_only,protocol_v2_textoir_v1,224.0,50.0,../artifacts/s2c/runs/protocol_v2_textoir_v1/mogb_baseline_v1/clinc150/kir_0.75/seed_87/random_partition
0.8208771929824561,0.8640769440857515,0.9173294413919412,,,clinc150,0.8181404949315024,0.818089316557821,0.8238724727838258,0.0944444444444444,0.2038690476190476,,0.7961309523809523,,0.75,,single_centroid,0.8238724727838258,,,,,,87,,,,,,,,,,frozen_minilm,euclidean,ours_mean_std,frozen_known_only,protocol_v2_textoir_v1,112.0,100.0,../artifacts/s2c/runs/protocol_v2_textoir_v1/mogb_baseline_v1/clinc150/kir_0.75/seed_87/single_centroid
0.8243859649122807,0.8669918950661886,0.9224384411884412,,,clinc150,0.825395505579123,0.8254231235333215,0.8223022947088944,0.0735042735042735,0.2276785714285714,,0.7723214285714286,,0.75,,fixed_k2,0.8223022947088944,,,,,,100,,,,,,,,,,frozen_minilm,euclidean,ours_mean_std,frozen_known_only,protocol_v2_textoir_v1,224.0,10.0,../artifacts/s2c/runs/protocol_v2_textoir_v1/mogb_baseline_v1/clinc150/kir_0.75/seed_100/fixed_k2
0.5821052631578948,0.7670461789457552,0.8705214692714692,,,clinc150,0.4278446100282795,0.425768424774152,0.660377358490566,0.0128205128205128,0.6982142857142857,,0.3017857142857143,,0.75,,mogb_minilm,0.660377358490566,,,,,,100,,,,,,,,,,frozen_minilm,euclidean,mogb_mean,frozen_known_only,protocol_v2_textoir_v1,207.0,10.0,../artifacts/s2c/runs/protocol_v2_textoir_v1/mogb_baseline_v1/clinc150/kir_0.75/seed_100/mogb_minilm
0.6898245614035088,0.8258048777072083,0.8975778388278388,,,clinc150,0.6114717755954328,0.6104755616321078,0.723047739487828,0.0226495726495726,0.5056547619047619,,0.4943452380952381,,0.75,,mogb_partition_ours_boundary,0.723047739487828,,,,,,100,,,,,,,,,,frozen_minilm,mahalanobis_diag,mean_std,frozen_known_only,protocol_v2_textoir_v1,207.0,10.0,../artifacts/s2c/runs/protocol_v2_textoir_v1/mogb_baseline_v1/clinc150/kir_0.75/seed_100/mogb_partition_ours_boundary
0.6629824561403509,0.8054192450391005,0.8882991198616197,,,clinc150,0.5905465869699709,0.5895041613496858,0.7072982564419071,0.0205128205128205,0.5502976190476191,,0.4497023809523809,,0.75,,ours_partition_mogb_boundary,0.7072982564419071,,,,,,100,,,,,,,,,,frozen_minilm,euclidean,mogb_mean,frozen_known_only,protocol_v2_textoir_v1,224.0,10.0,../artifacts/s2c/runs/protocol_v2_textoir_v1/mogb_baseline_v1/clinc150/kir_0.75/seed_100/ours_partition_mogb_boundary
0.8347368421052631,0.896207155705712,0.9303089387464388,,,clinc150,0.8370815199043767,0.8371232008927072,0.8324132492113565,0.0978632478632478,0.1848214285714285,,0.8151785714285714,,0.75,,random_partition,0.8324132492113565,,,,,,100,,,,,,,,,,frozen_minilm,euclidean,ours_mean_std,frozen_known_only,protocol_v2_textoir_v1,224.0,50.0,../artifacts/s2c/runs/protocol_v2_textoir_v1/mogb_baseline_v1/clinc150/kir_0.75/seed_100/random_partition
0.8285964912280702,0.8882441241992907,0.9274801587301588,,,clinc150,0.8298363090431602,0.8298636307564209,0.8267762771579565,0.0974358974358974,0.1955357142857142,,0.8044642857142857,,0.75,,single_centroid,0.8267762771579565,,,,,,100,,,,,,,,,,frozen_minilm,euclidean,ours_mean_std,frozen_known_only,protocol_v2_textoir_v1,112.0,100.0,../artifacts/s2c/runs/protocol_v2_textoir_v1/mogb_baseline_v1/clinc150/kir_0.75/seed_100/single_centroid
0.8084210526315789,0.8562161437882707,0.9130892602767602,,,clinc150,0.8090054810359091,0.8090208789403007,0.807280915744042,0.0807692307692307,0.2494047619047619,,0.7505952380952381,,0.75,,fixed_k2,0.807280915744042,,,,,,123,,,,,,,,,,frozen_minilm,euclidean,ours_mean_std,frozen_known_only,protocol_v2_textoir_v1,224.0,10.0,../artifacts/s2c/runs/protocol_v2_textoir_v1/mogb_baseline_v1/clinc150/kir_0.75/seed_123/fixed_k2
0.5878947368421052,0.7342064418772013,0.8575068681318679,,,clinc150,0.4368665176793386,0.4348257708619997,0.665430161221287,0.0034188034188034,0.6955357142857143,,0.3044642857142857,,0.75,,mogb_minilm,0.665430161221287,,,,,,123,,,,,,,,,,frozen_minilm,euclidean,mogb_mean,frozen_known_only,protocol_v2_textoir_v1,206.0,10.0,../artifacts/s2c/runs/protocol_v2_textoir_v1/mogb_baseline_v1/clinc150/kir_0.75/seed_123/mogb_minilm
0.6970175438596491,0.8216003471646838,0.893988603988604,,,clinc150,0.6263243453865717,0.6254175955150288,0.7278803309993634,0.0226495726495726,0.4931547619047619,,0.5068452380952381,,0.75,,mogb_partition_ours_boundary,0.7278803309993634,,,,,,123,,,,,,,,,,frozen_minilm,mahalanobis_diag,mean_std,frozen_known_only,protocol_v2_textoir_v1,206.0,10.0,../artifacts/s2c/runs/protocol_v2_textoir_v1/mogb_baseline_v1/clinc150/kir_0.75/seed_123/mogb_partition_ours_boundary
0.6475438596491228,0.7802530917095813,0.870782203907204,,,clinc150,0.5629659710081564,0.561754386584225,0.6986634264884569,0.017094017094017,0.5785714285714286,,0.4214285714285714,,0.75,,ours_partition_mogb_boundary,0.6986634264884569,,,,,,123,,,,,,,,,,frozen_minilm,euclidean,mogb_mean,frozen_known_only,protocol_v2_textoir_v1,224.0,10.0,../artifacts/s2c/runs/protocol_v2_textoir_v1/mogb_baseline_v1/clinc150/kir_0.75/seed_123/ours_partition_mogb_boundary
0.8166666666666667,0.8812455146287134,0.9221852106227106,,,clinc150,0.8149519930006924,0.8149012691900828,0.82063305978898,0.1025641025641025,0.2017857142857143,,0.7982142857142858,,0.75,,random_partition,0.82063305978898,,,,,,123,,,,,,,,,,frozen_minilm,euclidean,ours_mean_std,frozen_known_only,protocol_v2_textoir_v1,224.0,50.0,../artifacts/s2c/runs/protocol_v2_textoir_v1/mogb_baseline_v1/clinc150/kir_0.75/seed_123/random_partition
0.8140350877192982,0.8782394221906265,0.9200153897028898,,,clinc150,0.8122792243667675,0.8122381993343835,0.8168740279937792,0.1021367521367521,0.2092261904761904,,0.7907738095238095,,0.75,,single_centroid,0.8168740279937792,,,,,,123,,,,,,,,,,frozen_minilm,euclidean,ours_mean_std,frozen_known_only,protocol_v2_textoir_v1,112.0,100.0,../artifacts/s2c/runs/protocol_v2_textoir_v1/mogb_baseline_v1/clinc150/kir_0.75/seed_123/single_centroid
0.808,0.942966944228629,0.898853925925926,,,stackoverflow,0.7507401228212122,0.7278566039228973,0.8651577173127859,0.2015555555555555,0.142,,0.858,,0.25,,fixed_k2,0.8651577173127859,,,,,,13,,,,,,,,,,frozen_minilm,euclidean,ours_mean_std,frozen_known_only,protocol_v2_textoir_v1,10.0,149.0,../artifacts/s2c/runs/protocol_v2_textoir_v1/mogb_baseline_v1/stackoverflow/kir_0.25/seed_13/fixed_k2
0.8206666666666667,0.93695736395644,0.8854228148148149,,,stackoverflow,0.5471203003166764,0.4781981019451239,0.8917312921744385,0.0162222222222222,0.668,,0.3319999999999999,,0.25,,mogb_minilm,0.8917312921744385,,,,,,13,,,,,,,,,,frozen_minilm,euclidean,mogb_mean,frozen_known_only,protocol_v2_textoir_v1,39.0,10.0,../artifacts/s2c/runs/protocol_v2_textoir_v1/mogb_baseline_v1/stackoverflow/kir_0.25/seed_13/mogb_minilm
0.8766666666666667,0.9602080281454926,0.9171888888888888,,,stackoverflow,0.7426510492344759,0.7067867917600743,0.9219723366064828,0.0297777777777777,0.4033333333333333,,0.5966666666666667,,0.25,,mogb_partition_ours_boundary,0.9219723366064828,,,,,,13,,,,,,,,,,frozen_minilm,mahalanobis_diag,mean_std,frozen_known_only,protocol_v2_textoir_v1,39.0,10.0,../artifacts/s2c/runs/protocol_v2_textoir_v1/mogb_baseline_v1/stackoverflow/kir_0.25/seed_13/mogb_partition_ours_boundary
0.8565,0.90606662690872,0.8363771851851852,,,stackoverflow,0.7010038284759069,0.6591870965427548,0.9100874881416676,0.0406666666666666,0.4466666666666666,,0.5533333333333333,,0.25,,ours_partition_mogb_boundary,0.9100874881416676,,,,,,13,,,,,,,,,,frozen_minilm,euclidean,mogb_mean,frozen_known_only,protocol_v2_textoir_v1,10.0,149.0,../artifacts/s2c/runs/protocol_v2_textoir_v1/mogb_baseline_v1/stackoverflow/kir_0.25/seed_13/ours_partition_mogb_boundary
0.895,0.956012294590287,0.9241145185185188,,,stackoverflow,0.8336274419133467,0.8143201063005435,0.9301641199773628,0.0868888888888888,0.1506666666666666,,0.8493333333333333,,0.25,,random_partition,0.9301641199773628,,,,,,13,,,,,,,,,,frozen_minilm,euclidean,ours_mean_std,frozen_known_only,protocol_v2_textoir_v1,10.0,300.0,../artifacts/s2c/runs/protocol_v2_textoir_v1/mogb_baseline_v1/stackoverflow/kir_0.25/seed_13/random_partition
0.8956666666666667,0.9545070449820336,0.9230798518518516,,,stackoverflow,0.8322180645352352,0.8125248519737791,0.9306841273425152,0.084,0.1573333333333333,,0.8426666666666667,,0.25,,single_centroid,0.9306841273425152,,,,,,13,,,,,,,,,,frozen_minilm,euclidean,ours_mean_std,frozen_known_only,protocol_v2_textoir_v1,5.0,600.0,../artifacts/s2c/runs/protocol_v2_textoir_v1/mogb_baseline_v1/stackoverflow/kir_0.25/seed_13/single_centroid
0.765,0.932542627858582,0.8945829629629629,,,stackoverflow,0.7393272858651018,0.7202616572671753,0.8346554288547348,0.2517777777777777,0.134,,0.866,,0.25,,fixed_k2,0.8346554288547348,,,,,,42,,,,,,,,,,frozen_minilm,euclidean,ours_mean_std,frozen_known_only,protocol_v2_textoir_v1,10.0,149.0,../artifacts/s2c/runs/protocol_v2_textoir_v1/mogb_baseline_v1/stackoverflow/kir_0.25/seed_42/fixed_k2
0.819,0.8986100578344981,0.8299065185185187,,,stackoverflow,0.497747469785648,0.4188733968637967,0.8921178343949044,0.004,0.7106666666666667,,0.2893333333333333,,0.25,,mogb_minilm,0.8921178343949044,,,,,,42,,,,,,,,,,frozen_minilm,euclidean,mogb_mean,frozen_known_only,protocol_v2_textoir_v1,32.0,10.0,../artifacts/s2c/runs/protocol_v2_textoir_v1/mogb_baseline_v1/stackoverflow/kir_0.25/seed_42/mogb_minilm
0.8781666666666667,0.9581718414564746,0.9132197037037036,,,stackoverflow,0.6790878181919392,0.6299595893677561,0.924728962312855,0.0048888888888888,0.4713333333333333,,0.5286666666666666,,0.25,,mogb_partition_ours_boundary,0.924728962312855,,,,,,42,,,,,,,,,,frozen_minilm,mahalanobis_diag,mean_std,frozen_known_only,protocol_v2_textoir_v1,32.0,10.0,../artifacts/s2c/runs/protocol_v2_textoir_v1/mogb_baseline_v1/stackoverflow/kir_0.25/seed_42/mogb_partition_ours_boundary
0.839,0.8466187085895095,0.7727533333333334,,,stackoverflow,0.6785120202727949,0.634099457327141,0.9005748350010645,0.06,0.4426666666666666,,0.5573333333333333,,0.25,,ours_partition_mogb_boundary,0.9005748350010645,,,,,,42,,,,,,,,,,frozen_minilm,euclidean,mogb_mean,frozen_known_only,protocol_v2_textoir_v1,10.0,149.0,../artifacts/s2c/runs/protocol_v2_textoir_v1/mogb_baseline_v1/stackoverflow/kir_0.25/seed_42/ours_partition_mogb_boundary
0.7675,0.951536264753602,0.916487851851852,,,stackoverflow,0.7700352372619405,0.7568467819035853,0.8359775140537165,0.2564444444444444,0.106,,0.894,,0.25,,random_partition,0.8359775140537165,,,,,,42,,,,,,,,,,frozen_minilm,euclidean,ours_mean_std,frozen_known_only,protocol_v2_textoir_v1,10.0,300.0,../artifacts/s2c/runs/protocol_v2_textoir_v1/mogb_baseline_v1/stackoverflow/kir_0.25/seed_42/random_partition
0.7783333333333333,0.9496206585851455,0.9155662222222224,,,stackoverflow,0.7736911007070325,0.759396424484353,0.8451644818204304,0.2406666666666666,0.1126666666666666,,0.8873333333333333,,0.25,,single_centroid,0.8451644818204304,,,,,,42,,,,,,,,,,frozen_minilm,euclidean,ours_mean_std,frozen_known_only,protocol_v2_textoir_v1,5.0,600.0,../artifacts/s2c/runs/protocol_v2_textoir_v1/mogb_baseline_v1/stackoverflow/kir_0.25/seed_42/single_centroid
0.8416666666666667,0.956035802312262,0.913491851851852,,,stackoverflow,0.789610759306775,0.7690116196379475,0.8926064576509125,0.1522222222222222,0.1553333333333333,,0.8446666666666667,,0.25,,fixed_k2,0.8926064576509125,,,,,,87,,,,,,,,,,frozen_minilm,euclidean,ours_mean_std,frozen_known_only,protocol_v2_textoir_v1,10.0,179.0,../artifacts/s2c/runs/protocol_v2_textoir_v1/mogb_baseline_v1/stackoverflow/kir_0.25/seed_87/fixed_k2
0.8161666666666667,0.9380926923751848,0.876148,,,stackoverflow,0.4994948099512815,0.4212979659387551,0.8904790300139137,0.0044444444444444,0.7213333333333334,,0.2786666666666666,,0.25,,mogb_minilm,0.8904790300139137,,,,,,87,,,,,,,,,,frozen_minilm,euclidean,mogb_mean,frozen_known_only,protocol_v2_textoir_v1,42.0,10.0,../artifacts/s2c/runs/protocol_v2_textoir_v1/mogb_baseline_v1/stackoverflow/kir_0.25/seed_87/mogb_minilm
0.879,0.967807471900958,0.9243536296296296,,,stackoverflow,0.7143219622203061,0.6721806356251658,0.9250285951960072,0.0115555555555555,0.446,,0.554,,0.25,,mogb_partition_ours_boundary,0.9250285951960072,,,,,,87,,,,,,,,,,frozen_minilm,mahalanobis_diag,mean_std,frozen_known_only,protocol_v2_textoir_v1,42.0,10.0,../artifacts/s2c/runs/protocol_v2_textoir_v1/mogb_baseline_v1/stackoverflow/kir_0.25/seed_87/mogb_partition_ours_boundary
0.8531666666666666,0.9262172536280486,0.8637094814814814,,,stackoverflow,0.685843022725534,0.6412808580398716,0.908653846153846,0.034,0.4806666666666667,,0.5193333333333333,,0.25,,ours_partition_mogb_boundary,0.908653846153846,,,,,,87,,,,,,,,,,frozen_minilm,euclidean,mogb_mean,frozen_known_only,protocol_v2_textoir_v1,10.0,179.0,../artifacts/s2c/runs/protocol_v2_textoir_v1/mogb_baseline_v1/stackoverflow/kir_0.25/seed_87/ours_partition_mogb_boundary
0.8355,0.962112748332578,0.9220051851851851,,,stackoverflow,0.7935896603192408,0.7747028726190772,0.888023598820059,0.1637777777777777,0.1413333333333333,,0.8586666666666667,,0.25,,random_partition,0.888023598820059,,,,,,87,,,,,,,,,,frozen_minilm,euclidean,ours_mean_std,frozen_known_only,protocol_v2_textoir_v1,10.0,300.0,../artifacts/s2c/runs/protocol_v2_textoir_v1/mogb_baseline_v1/stackoverflow/kir_0.25/seed_87/random_partition
0.8388333333333333,0.9619625112308424,0.9214514074074072,,,stackoverflow,0.7949681282490033,0.7758496109576967,0.8905607147055367,0.1582222222222222,0.146,,0.854,,0.25,,single_centroid,0.8905607147055367,,,,,,87,,,,,,,,,,frozen_minilm,euclidean,ours_mean_std,frozen_known_only,protocol_v2_textoir_v1,5.0,600.0,../artifacts/s2c/runs/protocol_v2_textoir_v1/mogb_baseline_v1/stackoverflow/kir_0.25/seed_87/single_centroid
0.8966666666666666,0.9613806772397068,0.932198074074074,,,stackoverflow,0.8350794566135348,0.8157970550341751,0.9314914645103324,0.0784444444444444,0.1713333333333333,,0.8286666666666667,,0.25,,fixed_k2,0.9314914645103324,,,,,,100,,,,,,,,,,frozen_minilm,euclidean,ours_mean_std,frozen_known_only,protocol_v2_textoir_v1,10.0,231.0,../artifacts/s2c/runs/protocol_v2_textoir_v1/mogb_baseline_v1/stackoverflow/kir_0.25/seed_100/fixed_k2
0.8221666666666667,0.9322091049793786,0.8785337777777776,,,stackoverflow,0.5480994069507599,0.479172992975475,0.8927314768271841,0.0133333333333333,0.6713333333333333,,0.3286666666666666,,0.25,,mogb_minilm,0.8927314768271841,,,,,,100,,,,,,,,,,frozen_minilm,euclidean,mogb_mean,frozen_known_only,protocol_v2_textoir_v1,45.0,10.0,../artifacts/s2c/runs/protocol_v2_textoir_v1/mogb_baseline_v1/stackoverflow/kir_0.25/seed_100/mogb_minilm
0.8786666666666667,0.9679691442633894,0.922184148148148,,,stackoverflow,0.7562760391461727,0.7229354751704566,0.922978859024753,0.0346666666666666,0.3793333333333333,,0.6206666666666667,,0.25,,mogb_partition_ours_boundary,0.922978859024753,,,,,,100,,,,,,,,,,frozen_minilm,mahalanobis_diag,mean_std,frozen_known_only,protocol_v2_textoir_v1,45.0,10.0,../artifacts/s2c/runs/protocol_v2_textoir_v1/mogb_baseline_v1/stackoverflow/kir_0.25/seed_100/mogb_partition_ours_boundary
0.8826666666666667,0.9385238742484784,0.8901805925925925,,,stackoverflow,0.7416330310270048,0.7045694187100333,0.9269510926118626,0.0102222222222222,0.4373333333333333,,0.5626666666666666,,0.25,,ours_partition_mogb_boundary,0.9269510926118626,,,,,,100,,,,,,,,,,frozen_minilm,euclidean,mogb_mean,frozen_known_only,protocol_v2_textoir_v1,10.0,231.0,../artifacts/s2c/runs/protocol_v2_textoir_v1/mogb_baseline_v1/stackoverflow/kir_0.25/seed_100/ours_partition_mogb_boundary
0.8981666666666667,0.970631671564549,0.9408235555555554,,,stackoverflow,0.8452107949578506,0.8277582135354404,0.9324737020699017,0.084,0.146,,0.854,,0.25,,random_partition,0.9324737020699017,,,,,,100,,,,,,,,,,frozen_minilm,euclidean,ours_mean_std,frozen_known_only,protocol_v2_textoir_v1,10.0,300.0,../artifacts/s2c/runs/protocol_v2_textoir_v1/mogb_baseline_v1/stackoverflow/kir_0.25/seed_100/random_partition
0.8993333333333333,0.9694615768454892,0.9394336296296296,,,stackoverflow,0.8457686184068333,0.8282556754215331,0.9333333333333332,0.0822222222222222,0.1466666666666666,,0.8533333333333333,,0.25,,single_centroid,0.9333333333333332,,,,,,100,,,,,,,,,,frozen_minilm,euclidean,ours_mean_std,frozen_known_only,protocol_v2_textoir_v1,5.0,600.0,../artifacts/s2c/runs/protocol_v2_textoir_v1/mogb_baseline_v1/stackoverflow/kir_0.25/seed_100/single_centroid
0.7425,0.9283024259952736,0.8748194074074074,,,stackoverflow,0.725195842412521,0.7084025634133749,0.8091622374082511,0.2895555555555555,0.1366666666666666,,0.8633333333333333,,0.25,,fixed_k2,0.8091622374082511,,,,,,123,,,,,,,,,,frozen_minilm,euclidean,ours_mean_std,frozen_known_only,protocol_v2_textoir_v1,10.0,118.0,../artifacts/s2c/runs/protocol_v2_textoir_v1/mogb_baseline_v1/stackoverflow/kir_0.25/seed_123/fixed_k2
0.8436666666666667,0.9221497591887984,0.8661577777777778,,,stackoverflow,0.6110573406094942,0.5522806784686356,0.9049406513137872,0.0088888888888888,0.598,,0.402,,0.25,,mogb_minilm,0.9049406513137872,,,,,,123,,,,,,,,,,frozen_minilm,euclidean,mogb_mean,frozen_known_only,protocol_v2_textoir_v1,29.0,10.0,../artifacts/s2c/runs/protocol_v2_textoir_v1/mogb_baseline_v1/stackoverflow/kir_0.25/seed_123/mogb_minilm
0.8976666666666666,0.9475120370965284,0.9053122962962964,,,stackoverflow,0.7802096502123624,0.7491972508830184,0.9352716468590832,0.0206666666666666,0.3446666666666667,,0.6553333333333333,,0.25,,mogb_partition_ours_boundary,0.9352716468590832,,,,,,123,,,,,,,,,,frozen_minilm,mahalanobis_diag,mean_std,frozen_known_only,protocol_v2_textoir_v1,29.0,10.0,../artifacts/s2c/runs/protocol_v2_textoir_v1/mogb_baseline_v1/stackoverflow/kir_0.25/seed_123/mogb_partition_ours_boundary
0.8191666666666667,0.8823348676491116,0.7949641481481481,,,stackoverflow,0.6456605199826951,0.5976875291167315,0.8855254743125133,0.0768888888888889,0.4853333333333333,,0.5146666666666666,,0.25,,ours_partition_mogb_boundary,0.8855254743125133,,,,,,123,,,,,,,,,,frozen_minilm,euclidean,mogb_mean,frozen_known_only,protocol_v2_textoir_v1,10.0,118.0,../artifacts/s2c/runs/protocol_v2_textoir_v1/mogb_baseline_v1/stackoverflow/kir_0.25/seed_123/ours_partition_mogb_boundary
0.8138333333333333,0.9384916512341566,0.8992687407407408,,,stackoverflow,0.8007643525951026,0.787143593059086,0.8688681502751855,0.1931111111111111,0.1513333333333333,,0.8486666666666667,,0.25,,random_partition,0.8688681502751855,,,,,,123,,,,,,,,,,frozen_minilm,euclidean,ours_mean_std,frozen_known_only,protocol_v2_textoir_v1,10.0,300.0,../artifacts/s2c/runs/protocol_v2_textoir_v1/mogb_baseline_v1/stackoverflow/kir_0.25/seed_123/random_partition
0.8206666666666667,0.938158485005898,0.9000562962962964,,,stackoverflow,0.8039338618686337,0.789848412680492,0.8743611078093427,0.1826666666666666,0.1566666666666666,,0.8433333333333333,,0.25,,single_centroid,0.8743611078093427,,,,,,123,,,,,,,,,,frozen_minilm,euclidean,ours_mean_std,frozen_known_only,protocol_v2_textoir_v1,5.0,600.0,../artifacts/s2c/runs/protocol_v2_textoir_v1/mogb_baseline_v1/stackoverflow/kir_0.25/seed_123/single_centroid
0.6461666666666667,0.7636089090745848,0.8267111111111112,,,stackoverflow,0.7312628392541963,0.7460997884383276,0.5828933474128828,0.54,0.1183333333333333,,0.8816666666666667,,0.5,,fixed_k2,0.5828933474128828,,,,,,13,,,,,,,,,,frozen_minilm,euclidean,ours_mean_std,frozen_known_only,protocol_v2_textoir_v1,20.0,118.0,../artifacts/s2c/runs/protocol_v2_textoir_v1/mogb_baseline_v1/stackoverflow/kir_0.50/seed_13/fixed_k2
0.6388333333333334,0.8015602505787192,0.8605508888888889,,,stackoverflow,0.4585184886906548,0.4310773384240245,0.7329299913569577,0.0106666666666666,0.7103333333333334,,0.2896666666666666,,0.5,,mogb_minilm,0.7329299913569577,,,,,,13,,,,,,,,,,frozen_minilm,euclidean,mogb_mean,frozen_known_only,protocol_v2_textoir_v1,74.0,10.0,../artifacts/s2c/runs/protocol_v2_textoir_v1/mogb_baseline_v1/stackoverflow/kir_0.50/seed_13/mogb_minilm
0.7583333333333333,0.7995608395289127,0.8681834444444444,,,stackoverflow,0.6742800631117692,0.6614553915871868,0.8025267783575941,0.026,0.4533333333333333,,0.5466666666666666,,0.5,,mogb_partition_ours_boundary,0.8025267783575941,,,,,,13,,,,,,,,,,frozen_minilm,mahalanobis_diag,mean_std,frozen_known_only,protocol_v2_textoir_v1,74.0,10.0,../artifacts/s2c/runs/protocol_v2_textoir_v1/mogb_baseline_v1/stackoverflow/kir_0.50/seed_13/mogb_partition_ours_boundary
0.678,0.6493859915869499,0.7156366666666666,,,stackoverflow,0.6412855588014174,0.6330975636701904,0.7231655101136867,0.1836666666666666,0.4413333333333333,,0.5586666666666666,,0.5,,ours_partition_mogb_boundary,0.7231655101136867,,,,,,13,,,,,,,,,,frozen_minilm,euclidean,mogb_mean,frozen_known_only,protocol_v2_textoir_v1,20.0,118.0,../artifacts/s2c/runs/protocol_v2_textoir_v1/mogb_baseline_v1/stackoverflow/kir_0.50/seed_13/ours_partition_mogb_boundary
0.715,0.8231341913324727,0.8750533333333332,,,stackoverflow,0.7943742466569094,0.8050126132378279,0.6879905808477237,0.4156666666666667,0.1143333333333333,,0.8856666666666667,,0.5,,random_partition,0.6879905808477237,,,,,,13,,,,,,,,,,frozen_minilm,euclidean,ours_mean_std,frozen_known_only,protocol_v2_textoir_v1,20.0,300.0,../artifacts/s2c/runs/protocol_v2_textoir_v1/mogb_baseline_v1/stackoverflow/kir_0.50/seed_13/random_partition
0.7198333333333333,0.8217523017158999,0.8754305555555555,,,stackoverflow,0.7950521077520563,0.8049870288130873,0.695702897141746,0.4036666666666667,0.118,,0.882,,0.5,,single_centroid,0.695702897141746,,,,,,13,,,,,,,,,,frozen_minilm,euclidean,ours_mean_std,frozen_known_only,protocol_v2_textoir_v1,10.0,600.0,../artifacts/s2c/runs/protocol_v2_textoir_v1/mogb_baseline_v1/stackoverflow/kir_0.50/seed_13/single_centroid
0.6676666666666666,0.7590929120264975,0.8237117777777778,,,stackoverflow,0.7311336135664732,0.7404846781955559,0.6376229672756475,0.4706666666666667,0.131,,0.869,,0.5,,fixed_k2,0.6376229672756475,,,,,,42,,,,,,,,,,frozen_minilm,euclidean,ours_mean_std,frozen_known_only,protocol_v2_textoir_v1,20.0,126.0,../artifacts/s2c/runs/protocol_v2_textoir_v1/mogb_baseline_v1/stackoverflow/kir_0.50/seed_42/fixed_k2
0.6351666666666667,0.8034067311024371,0.8616684444444443,,,stackoverflow,0.4466999646755574,0.418208829531797,0.7316113161131611,0.0086666666666666,0.7186666666666667,,0.2813333333333333,,0.5,,mogb_minilm,0.7316113161131611,,,,,,42,,,,,,,,,,frozen_minilm,euclidean,mogb_mean,frozen_known_only,protocol_v2_textoir_v1,78.0,10.0,../artifacts/s2c/runs/protocol_v2_textoir_v1/mogb_baseline_v1/stackoverflow/kir_0.50/seed_42/mogb_minilm
0.7481666666666666,0.8405770675099432,0.8780657777777777,,,stackoverflow,0.6555490943987803,0.6414397742150462,0.7966422962361224,0.0193333333333333,0.4813333333333333,,0.5186666666666666,,0.5,,mogb_partition_ours_boundary,0.7966422962361224,,,,,,42,,,,,,,,,,frozen_minilm,mahalanobis_diag,mean_std,frozen_known_only,protocol_v2_textoir_v1,78.0,10.0,../artifacts/s2c/runs/protocol_v2_textoir_v1/mogb_baseline_v1/stackoverflow/kir_0.50/seed_42/mogb_partition_ours_boundary
0.6723333333333333,0.6170257481054957,0.697064888888889,,,stackoverflow,0.6320607170210828,0.623093643846866,0.7217314487632509,0.183,0.447,,0.5529999999999999,,0.5,,ours_partition_mogb_boundary,0.7217314487632509,,,,,,42,,,,,,,,,,frozen_minilm,euclidean,mogb_mean,frozen_known_only,protocol_v2_textoir_v1,20.0,126.0,../artifacts/s2c/runs/protocol_v2_textoir_v1/mogb_baseline_v1/stackoverflow/kir_0.50/seed_42/ours_partition_mogb_boundary
0.7806666666666666,0.8724567747533756,0.9054074444444444,,,stackoverflow,0.804679086233893,0.806046034190253,0.7910096066702919,0.2726666666666666,0.1116666666666666,,0.8883333333333333,,0.5,,random_partition,0.7910096066702919,,,,,,42,,,,,,,,,,frozen_minilm,euclidean,ours_mean_std,frozen_known_only,protocol_v2_textoir_v1,20.0,300.0,../artifacts/s2c/runs/protocol_v2_textoir_v1/mogb_baseline_v1/stackoverflow/kir_0.50/seed_42/random_partition
0.7848333333333334,0.8700455375086527,0.9052701111111112,,,stackoverflow,0.8057545922611464,0.8066672107412065,0.7966284074605452,0.2596666666666666,0.1183333333333333,,0.8816666666666667,,0.5,,single_centroid,0.7966284074605452,,,,,,42,,,,,,,,,,frozen_minilm,euclidean,ours_mean_std,frozen_known_only,protocol_v2_textoir_v1,10.0,600.0,../artifacts/s2c/runs/protocol_v2_textoir_v1/mogb_baseline_v1/stackoverflow/kir_0.50/seed_42/single_centroid
0.6906666666666667,0.7801449983280113,0.8369004444444443,,,stackoverflow,0.7557664373099274,0.7658278934292466,0.6551518761167362,0.45,0.129,,0.871,,0.5,,fixed_k2,0.6551518761167362,,,,,,87,,,,,,,,,,frozen_minilm,euclidean,ours_mean_std,frozen_known_only,protocol_v2_textoir_v1,20.0,118.0,../artifacts/s2c/runs/protocol_v2_textoir_v1/mogb_baseline_v1/stackoverflow/kir_0.50/seed_87/fixed_k2
0.635,0.7899092536360274,0.8488495555555555,,,stackoverflow,0.4491968680096521,0.4209937822900323,0.7312277252058498,0.0083333333333333,0.7206666666666667,,0.2793333333333333,,0.5,,mogb_minilm,0.7312277252058498,,,,,,87,,,,,,,,,,frozen_minilm,euclidean,mogb_mean,frozen_known_only,protocol_v2_textoir_v1,74.0,10.0,../artifacts/s2c/runs/protocol_v2_textoir_v1/mogb_baseline_v1/stackoverflow/kir_0.50/seed_87/mogb_minilm
0.7443333333333333,0.8324482984585813,0.8824311111111112,,,stackoverflow,0.6537524518375926,0.6397505812461318,0.7937711577522004,0.023,0.4846666666666667,,0.5153333333333333,,0.5,,mogb_partition_ours_boundary,0.7937711577522004,,,,,,87,,,,,,,,,,frozen_minilm,mahalanobis_diag,mean_std,frozen_known_only,protocol_v2_textoir_v1,74.0,10.0,../artifacts/s2c/runs/protocol_v2_textoir_v1/mogb_baseline_v1/stackoverflow/kir_0.50/seed_87/mogb_partition_ours_boundary
0.6961666666666667,0.7031023494040394,0.7590097777777779,,,stackoverflow,0.6525984043794486,0.6437275277491493,0.7413071706824412,0.1436666666666666,0.454,,0.546,,0.5,,ours_partition_mogb_boundary,0.7413071706824412,,,,,,87,,,,,,,,,,frozen_minilm,euclidean,mogb_mean,frozen_known_only,protocol_v2_textoir_v1,20.0,118.0,../artifacts/s2c/runs/protocol_v2_textoir_v1/mogb_baseline_v1/stackoverflow/kir_0.50/seed_87/ours_partition_mogb_boundary
0.7671666666666667,0.8303596261620292,0.8806653333333332,,,stackoverflow,0.8082021444281459,0.8129045835165438,0.7611777535441657,0.302,0.136,,0.864,,0.5,,random_partition,0.7611777535441657,,,,,,87,,,,,,,,,,frozen_minilm,euclidean,ours_mean_std,frozen_known_only,protocol_v2_textoir_v1,20.0,300.0,../artifacts/s2c/runs/protocol_v2_textoir_v1/mogb_baseline_v1/stackoverflow/kir_0.50/seed_87/random_partition
0.7711666666666667,0.8313172470349915,0.8805640000000001,,,stackoverflow,0.8098064648722701,0.8141721709047877,0.7661494045470949,0.2923333333333333,0.1396666666666666,,0.8603333333333334,,0.5,,single_centroid,0.7661494045470949,,,,,,87,,,,,,,,,,frozen_minilm,euclidean,ours_mean_std,frozen_known_only,protocol_v2_textoir_v1,10.0,600.0,../artifacts/s2c/runs/protocol_v2_textoir_v1/mogb_baseline_v1/stackoverflow/kir_0.50/seed_87/single_centroid
0.7026666666666667,0.7588329297541421,0.8323296666666666,,,stackoverflow,0.7290730029505788,0.732580983260748,0.6939931998488855,0.3876666666666666,0.1523333333333333,,0.8476666666666667,,0.5,,fixed_k2,0.6939931998488855,,,,,,100,,,,,,,,,,frozen_minilm,euclidean,ours_mean_std,frozen_known_only,protocol_v2_textoir_v1,20.0,118.0,../artifacts/s2c/runs/protocol_v2_textoir_v1/mogb_baseline_v1/stackoverflow/kir_0.50/seed_100/fixed_k2
0.6346666666666667,0.8266341415187699,0.8798437777777778,,,stackoverflow,0.4367131651087204,0.4071695397947302,0.7321494182486221,0.0036666666666666,0.7253333333333334,,0.2746666666666666,,0.5,,mogb_minilm,0.7321494182486221,,,,,,100,,,,,,,,,,frozen_minilm,euclidean,mogb_mean,frozen_known_only,protocol_v2_textoir_v1,65.0,10.0,../artifacts/s2c/runs/protocol_v2_textoir_v1/mogb_baseline_v1/stackoverflow/kir_0.50/seed_100/mogb_minilm
0.7536666666666667,0.8805561601666922,0.9040705555555556,,,stackoverflow,0.6469155736998627,0.6313429089075411,0.802642221623079,0.0076666666666666,0.4803333333333333,,0.5196666666666667,,0.5,,mogb_partition_ours_boundary,0.802642221623079,,,,,,100,,,,,,,,,,frozen_minilm,mahalanobis_diag,mean_std,frozen_known_only,protocol_v2_textoir_v1,65.0,10.0,../artifacts/s2c/runs/protocol_v2_textoir_v1/mogb_baseline_v1/stackoverflow/kir_0.50/seed_100/mogb_partition_ours_boundary
0.7,0.6650682714381798,0.7557845555555556,,,stackoverflow,0.6426653129875843,0.6317055999424513,0.752262443438914,0.1133333333333333,0.4706666666666667,,0.5293333333333333,,0.5,,ours_partition_mogb_boundary,0.752262443438914,,,,,,100,,,,,,,,,,frozen_minilm,euclidean,mogb_mean,frozen_known_only,protocol_v2_textoir_v1,20.0,118.0,../artifacts/s2c/runs/protocol_v2_textoir_v1/mogb_baseline_v1/stackoverflow/kir_0.50/seed_100/ours_partition_mogb_boundary
0.8165,0.849966494259435,0.9070113333333334,,,stackoverflow,0.8210659772876436,0.8203100514759184,0.8286252354048964,0.1933333333333333,0.1403333333333333,,0.8596666666666667,,0.5,,random_partition,0.8286252354048964,,,,,,100,,,,,,,,,,frozen_minilm,euclidean,ours_mean_std,frozen_known_only,protocol_v2_textoir_v1,20.0,300.0,../artifacts/s2c/runs/protocol_v2_textoir_v1/mogb_baseline_v1/stackoverflow/kir_0.50/seed_100/random_partition
0.8206666666666667,0.8483061380913308,0.9057544444444444,,,stackoverflow,0.8234804878073413,0.8224470091174172,0.8338152747065828,0.183,0.1426666666666666,,0.8573333333333333,,0.5,,single_centroid,0.8338152747065828,,,,,,100,,,,,,,,,,frozen_minilm,euclidean,ours_mean_std,frozen_known_only,protocol_v2_textoir_v1,10.0,600.0,../artifacts/s2c/runs/protocol_v2_textoir_v1/mogb_baseline_v1/stackoverflow/kir_0.50/seed_100/single_centroid
0.6391666666666667,0.7576906816742752,0.8103122222222222,,,stackoverflow,0.6907056228977069,0.699095070636394,0.6068111455108359,0.51,0.125,,0.875,,0.5,,fixed_k2,0.6068111455108359,,,,,,123,,,,,,,,,,frozen_minilm,euclidean,ours_mean_std,frozen_known_only,protocol_v2_textoir_v1,20.0,118.0,../artifacts/s2c/runs/protocol_v2_textoir_v1/mogb_baseline_v1/stackoverflow/kir_0.50/seed_123/fixed_k2
0.6091666666666666,0.7112668373797029,0.787542,,,stackoverflow,0.3737734824619087,0.3393429620139166,0.7180786869418296,0.0083333333333333,0.7703333333333333,,0.2296666666666666,,0.5,,mogb_minilm,0.7180786869418296,,,,,,123,,,,,,,,,,frozen_minilm,euclidean,mogb_mean,frozen_known_only,protocol_v2_textoir_v1,58.0,10.0,../artifacts/s2c/runs/protocol_v2_textoir_v1/mogb_baseline_v1/stackoverflow/kir_0.50/seed_123/mogb_minilm
0.6991666666666667,0.729467454597005,0.798943888888889,,,stackoverflow,0.5367119144518955,0.5137060388144017,0.766770670826833,0.017,0.581,,0.419,,0.5,,mogb_partition_ours_boundary,0.766770670826833,,,,,,123,,,,,,,,,,frozen_minilm,mahalanobis_diag,mean_std,frozen_known_only,protocol_v2_textoir_v1,58.0,10.0,../artifacts/s2c/runs/protocol_v2_textoir_v1/mogb_baseline_v1/stackoverflow/kir_0.50/seed_123/mogb_partition_ours_boundary
0.6711666666666667,0.6752149491065444,0.7372991111111111,,,stackoverflow,0.6107376043090513,0.5988971121327722,0.7291425260718424,0.161,0.4623333333333333,,0.5376666666666667,,0.5,,ours_partition_mogb_boundary,0.7291425260718424,,,,,,123,,,,,,,,,,frozen_minilm,euclidean,mogb_mean,frozen_known_only,protocol_v2_textoir_v1,20.0,118.0,../artifacts/s2c/runs/protocol_v2_textoir_v1/mogb_baseline_v1/stackoverflow/kir_0.50/seed_123/ours_partition_mogb_boundary
0.7256666666666667,0.8360340079269208,0.8725501111111111,,,stackoverflow,0.7618833015090988,0.7655521115685975,0.7251952009141116,0.3653333333333333,0.1156666666666666,,0.8843333333333333,,0.5,,random_partition,0.7251952009141116,,,,,,123,,,,,,,,,,frozen_minilm,euclidean,ours_mean_std,frozen_known_only,protocol_v2_textoir_v1,20.0,300.0,../artifacts/s2c/runs/protocol_v2_textoir_v1/mogb_baseline_v1/stackoverflow/kir_0.50/seed_123/random_partition
0.7323333333333333,0.829742613248503,0.8713174444444444,,,stackoverflow,0.764888659601915,0.7678591459672078,0.7351837959489872,0.3466666666666667,0.124,,0.876,,0.5,,single_centroid,0.7351837959489872,,,,,,123,,,,,,,,,,frozen_minilm,euclidean,ours_mean_std,frozen_known_only,protocol_v2_textoir_v1,10.0,600.0,../artifacts/s2c/runs/protocol_v2_textoir_v1/mogb_baseline_v1/stackoverflow/kir_0.50/seed_123/single_centroid
0.6871666666666667,0.5153773332419788,0.7925125925925925,,,stackoverflow,0.7504397605664747,0.7702502877187828,0.4532818532818533,0.6086666666666667,0.1117777777777777,,0.8882222222222222,,0.75,,fixed_k2,0.4532818532818533,,,,,,13,,,,,,,,,,frozen_minilm,euclidean,ours_mean_std,frozen_known_only,protocol_v2_textoir_v1,30.0,118.0,../artifacts/s2c/runs/protocol_v2_textoir_v1/mogb_baseline_v1/stackoverflow/kir_0.75/seed_13/fixed_k2
0.4001666666666666,0.4993648798883425,0.8265428148148147,,,stackoverflow,0.3204666793469222,0.3115612930278714,0.4540474741326841,0.0053333333333333,0.7955555555555556,,0.2044444444444444,,0.75,,mogb_minilm,0.4540474741326841,,,,,,13,,,,,,,,,,frozen_minilm,euclidean,mogb_mean,frozen_known_only,protocol_v2_textoir_v1,100.0,10.0,../artifacts/s2c/runs/protocol_v2_textoir_v1/mogb_baseline_v1/stackoverflow/kir_0.75/seed_13/mogb_minilm
0.529,0.4304253345469528,0.7910893333333333,,,stackoverflow,0.482000118479956,0.4799602769723064,0.5125977410947002,0.0166666666666666,0.6177777777777778,,0.3822222222222222,,0.75,,mogb_partition_ours_boundary,0.5125977410947002,,,,,,13,,,,,,,,,,frozen_minilm,mahalanobis_diag,mean_std,frozen_known_only,protocol_v2_textoir_v1,100.0,10.0,../artifacts/s2c/runs/protocol_v2_textoir_v1/mogb_baseline_v1/stackoverflow/kir_0.75/seed_13/mogb_partition_ours_boundary
0.5698333333333333,0.4169173027601455,0.7033105185185186,,,stackoverflow,0.6174869731398304,0.6261741388705199,0.4871794871794871,0.24,0.4533333333333333,,0.5466666666666666,,0.75,,ours_partition_mogb_boundary,0.4871794871794871,,,,,,13,,,,,,,,,,frozen_minilm,euclidean,mogb_mean,frozen_known_only,protocol_v2_textoir_v1,30.0,118.0,../artifacts/s2c/runs/protocol_v2_textoir_v1/mogb_baseline_v1/stackoverflow/kir_0.75/seed_13/ours_partition_mogb_boundary
0.7508333333333334,0.6557075314454108,0.8716266666666668,,,stackoverflow,0.8043886093853589,0.8182401866354031,0.5966149506346967,0.436,0.1088888888888888,,0.8911111111111111,,0.75,,random_partition,0.5966149506346967,,,,,,13,,,,,,,,,,frozen_minilm,euclidean,ours_mean_std,frozen_known_only,protocol_v2_textoir_v1,30.0,300.0,../artifacts/s2c/runs/protocol_v2_textoir_v1/mogb_baseline_v1/stackoverflow/kir_0.75/seed_13/random_partition
0.7515,0.6522110184862154,0.8711577777777778,,,stackoverflow,0.8040321503299259,0.8174904254870875,0.6021580229725026,0.4233333333333333,0.1128888888888888,,0.8871111111111111,,0.75,,single_centroid,0.6021580229725026,,,,,,13,,,,,,,,,,frozen_minilm,euclidean,ours_mean_std,frozen_known_only,protocol_v2_textoir_v1,15.0,600.0,../artifacts/s2c/runs/protocol_v2_textoir_v1/mogb_baseline_v1/stackoverflow/kir_0.75/seed_13/single_centroid
0.712,0.542034782836207,0.7960860740740742,,,stackoverflow,0.7624431388355335,0.7758669499011905,0.5610859728506787,0.4626666666666666,0.126,,0.874,,0.75,,fixed_k2,0.5610859728506787,,,,,,42,,,,,,,,,,frozen_minilm,euclidean,ours_mean_std,frozen_known_only,protocol_v2_textoir_v1,30.0,126.0,../artifacts/s2c/runs/protocol_v2_textoir_v1/mogb_baseline_v1/stackoverflow/kir_0.75/seed_42/fixed_k2
0.3943333333333333,0.4046853658308483,0.7468154074074073,,,stackoverflow,0.3126891283998402,0.3034705020930014,0.4509685230024213,0.0066666666666666,0.804,,0.1959999999999999,,0.75,,mogb_minilm,0.4509685230024213,,,,,,42,,,,,,,,,,frozen_minilm,euclidean,mogb_mean,frozen_known_only,protocol_v2_textoir_v1,98.0,10.0,../artifacts/s2c/runs/protocol_v2_textoir_v1/mogb_baseline_v1/stackoverflow/kir_0.75/seed_42/mogb_minilm
0.5165,0.3922563858919098,0.7428017777777779,,,stackoverflow,0.4743805932023595,0.4723229623565208,0.5052450558899398,0.0206666666666666,0.6324444444444445,,0.3675555555555555,,0.75,,mogb_partition_ours_boundary,0.5052450558899398,,,,,,42,,,,,,,,,,frozen_minilm,mahalanobis_diag,mean_std,frozen_known_only,protocol_v2_textoir_v1,98.0,10.0,../artifacts/s2c/runs/protocol_v2_textoir_v1/mogb_baseline_v1/stackoverflow/kir_0.75/seed_42/mogb_partition_ours_boundary
0.5653333333333334,0.4089508928201428,0.7091445925925925,,,stackoverflow,0.6129065162238279,0.6213002416977224,0.487000634115409,0.232,0.462,,0.538,,0.75,,ours_partition_mogb_boundary,0.487000634115409,,,,,,42,,,,,,,,,,frozen_minilm,euclidean,mogb_mean,frozen_known_only,protocol_v2_textoir_v1,30.0,126.0,../artifacts/s2c/runs/protocol_v2_textoir_v1/mogb_baseline_v1/stackoverflow/kir_0.75/seed_42/ours_partition_mogb_boundary
0.795,0.7702091337646022,0.9117872592592592,,,stackoverflow,0.8150305094887604,0.8202743881045557,0.7363723302518329,0.23,0.1071111111111111,,0.8928888888888888,,0.75,,random_partition,0.7363723302518329,,,,,,42,,,,,,,,,,frozen_minilm,euclidean,ours_mean_std,frozen_known_only,protocol_v2_textoir_v1,30.0,300.0,../artifacts/s2c/runs/protocol_v2_textoir_v1/mogb_baseline_v1/stackoverflow/kir_0.75/seed_42/random_partition
0.7973333333333333,0.7645457886254453,0.9101797037037038,,,stackoverflow,0.817080080069515,0.8222794532777077,0.7390894819466248,0.2153333333333333,0.1128888888888888,,0.8871111111111111,,0.75,,single_centroid,0.7390894819466248,,,,,,42,,,,,,,,,,frozen_minilm,euclidean,ours_mean_std,frozen_known_only,protocol_v2_textoir_v1,15.0,600.0,../artifacts/s2c/runs/protocol_v2_textoir_v1/mogb_baseline_v1/stackoverflow/kir_0.75/seed_42/single_centroid
0.6855,0.4729278565587071,0.7885853333333332,,,stackoverflow,0.7527535319131659,0.7745979601731144,0.4250871080139373,0.634,0.1186666666666666,,0.8813333333333333,,0.75,,fixed_k2,0.4250871080139373,,,,,,87,,,,,,,,,,frozen_minilm,euclidean,ours_mean_std,frozen_known_only,protocol_v2_textoir_v1,30.0,98.0,../artifacts/s2c/runs/protocol_v2_textoir_v1/mogb_baseline_v1/stackoverflow/kir_0.75/seed_87/fixed_k2
0.421,0.581777238630704,0.8628362962962963,,,stackoverflow,0.3585894215736091,0.3516656706178916,0.462445685909373,0.0066666666666666,0.7675555555555555,,0.2324444444444444,,0.75,,mogb_minilm,0.462445685909373,,,,,,87,,,,,,,,,,frozen_minilm,euclidean,mogb_mean,frozen_known_only,protocol_v2_textoir_v1,91.0,10.0,../artifacts/s2c/runs/protocol_v2_textoir_v1/mogb_baseline_v1/stackoverflow/kir_0.75/seed_87/mogb_minilm
0.56,0.5786841526921958,0.8551994074074075,,,stackoverflow,0.5343256056277617,0.5346299237107921,0.5297608343823054,0.018,0.5751111111111111,,0.4248888888888888,,0.75,,mogb_partition_ours_boundary,0.5297608343823054,,,,,,87,,,,,,,,,,frozen_minilm,mahalanobis_diag,mean_std,frozen_known_only,protocol_v2_textoir_v1,91.0,10.0,../artifacts/s2c/runs/protocol_v2_textoir_v1/mogb_baseline_v1/stackoverflow/kir_0.75/seed_87/mogb_partition_ours_boundary
0.5796666666666667,0.3824023617488569,0.6937782222222223,,,stackoverflow,0.6262086079003412,0.6346435102648079,0.4996850724333403,0.2066666666666666,0.4606666666666666,,0.5393333333333333,,0.75,,ours_partition_mogb_boundary,0.4996850724333403,,,,,,87,,,,,,,,,,frozen_minilm,euclidean,mogb_mean,frozen_known_only,protocol_v2_textoir_v1,30.0,98.0,../artifacts/s2c/runs/protocol_v2_textoir_v1/mogb_baseline_v1/stackoverflow/kir_0.75/seed_87/ours_partition_mogb_boundary
0.783,0.6667561224022269,0.8865814814814814,,,stackoverflow,0.8235608177007242,0.8340631217604823,0.6660262568043548,0.3066666666666666,0.1295555555555555,,0.8704444444444445,,0.75,,random_partition,0.6660262568043548,,,,,,87,,,,,,,,,,frozen_minilm,euclidean,ours_mean_std,frozen_known_only,protocol_v2_textoir_v1,30.0,300.0,../artifacts/s2c/runs/protocol_v2_textoir_v1/mogb_baseline_v1/stackoverflow/kir_0.75/seed_87/random_partition
0.7858333333333334,0.6605793610181256,0.8856512592592592,,,stackoverflow,0.8254313100140762,0.8355838496621472,0.6731432152930116,0.284,0.1371111111111111,,0.8628888888888889,,0.75,,single_centroid,0.6731432152930116,,,,,,87,,,,,,,,,,frozen_minilm,euclidean,ours_mean_std,frozen_known_only,protocol_v2_textoir_v1,15.0,600.0,../artifacts/s2c/runs/protocol_v2_textoir_v1/mogb_baseline_v1/stackoverflow/kir_0.75/seed_87/single_centroid
0.6733333333333333,0.3980271257566605,0.7320522962962963,,,stackoverflow,0.7451226584524806,0.7693514201150224,0.3816912335143522,0.672,0.1302222222222222,,0.8697777777777778,,0.75,,fixed_k2,0.3816912335143522,,,,,,100,,,,,,,,,,frozen_minilm,euclidean,ours_mean_std,frozen_known_only,protocol_v2_textoir_v1,30.0,98.0,../artifacts/s2c/runs/protocol_v2_textoir_v1/mogb_baseline_v1/stackoverflow/kir_0.75/seed_100/fixed_k2
0.411,0.4853878502244323,0.799214962962963,,,stackoverflow,0.3475308153103965,0.3403002762725108,0.4559889008786804,0.014,0.7795555555555556,,0.2204444444444444,,0.75,,mogb_minilm,0.4559889008786804,,,,,,100,,,,,,,,,,frozen_minilm,euclidean,mogb_mean,frozen_known_only,protocol_v2_textoir_v1,97.0,10.0,../artifacts/s2c/runs/protocol_v2_textoir_v1/mogb_baseline_v1/stackoverflow/kir_0.75/seed_100/mogb_minilm
0.5535,0.5059620388883611,0.8057171851851852,,,stackoverflow,0.534075989269176,0.5348984465248022,0.5217391304347826,0.032,0.5808888888888889,,0.4191111111111111,,0.75,,mogb_partition_ours_boundary,0.5217391304347826,,,,,,100,,,,,,,,,,frozen_minilm,mahalanobis_diag,mean_std,frozen_known_only,protocol_v2_textoir_v1,97.0,10.0,../artifacts/s2c/runs/protocol_v2_textoir_v1/mogb_baseline_v1/stackoverflow/kir_0.75/seed_100/mogb_partition_ours_boundary
0.5556666666666666,0.3265098852658835,0.6597795555555556,,,stackoverflow,0.6101044496597021,0.619798262610687,0.4646972553949298,0.2606666666666666,0.4808888888888888,,0.5191111111111111,,0.75,,ours_partition_mogb_boundary,0.4646972553949298,,,,,,100,,,,,,,,,,frozen_minilm,euclidean,mogb_mean,frozen_known_only,protocol_v2_textoir_v1,30.0,98.0,../artifacts/s2c/runs/protocol_v2_textoir_v1/mogb_baseline_v1/stackoverflow/kir_0.75/seed_100/ours_partition_mogb_boundary
0.7648333333333334,0.5994068240315106,0.8594542222222221,,,stackoverflow,0.8107619099947612,0.8237392952563325,0.6161011310711909,0.3826666666666666,0.1288888888888889,,0.8711111111111112,,0.75,,random_partition,0.6161011310711909,,,,,,100,,,,,,,,,,frozen_minilm,euclidean,ours_mean_std,frozen_known_only,protocol_v2_textoir_v1,30.0,300.0,../artifacts/s2c/runs/protocol_v2_textoir_v1/mogb_baseline_v1/stackoverflow/kir_0.75/seed_100/random_partition
0.7683333333333333,0.6022030715361243,0.859275111111111,,,stackoverflow,0.8140519438207918,0.826857063598511,0.6219751471550032,0.366,0.1348888888888889,,0.8651111111111112,,0.75,,single_centroid,0.6219751471550032,,,,,,100,,,,,,,,,,frozen_minilm,euclidean,ours_mean_std,frozen_known_only,protocol_v2_textoir_v1,15.0,600.0,../artifacts/s2c/runs/protocol_v2_textoir_v1/mogb_baseline_v1/stackoverflow/kir_0.75/seed_100/single_centroid
0.6471666666666667,0.4207019918995536,0.7696571851851852,,,stackoverflow,0.7125340870163612,0.7359971117326878,0.3605887162714636,0.706,0.1122222222222222,,0.8877777777777778,,0.75,,fixed_k2,0.3605887162714636,,,,,,123,,,,,,,,,,frozen_minilm,euclidean,ours_mean_std,frozen_known_only,protocol_v2_textoir_v1,30.0,98.0,../artifacts/s2c/runs/protocol_v2_textoir_v1/mogb_baseline_v1/stackoverflow/kir_0.75/seed_123/fixed_k2
0.4011666666666666,0.4367145936712419,0.7810148148148148,,,stackoverflow,0.3153855709596245,0.3060133035736628,0.4559695817490494,0.0006666666666666,0.7946666666666666,,0.2053333333333333,,0.75,,mogb_minilm,0.4559695817490494,,,,,,123,,,,,,,,,,frozen_minilm,euclidean,mogb_mean,frozen_known_only,protocol_v2_textoir_v1,97.0,10.0,../artifacts/s2c/runs/protocol_v2_textoir_v1/mogb_baseline_v1/stackoverflow/kir_0.75/seed_123/mogb_minilm
0.5143333333333333,0.4133437735370858,0.7666539259259258,,,stackoverflow,0.4544168060383442,0.4507768149517318,0.5090166723375298,0.0026666666666666,0.6404444444444445,,0.3595555555555555,,0.75,,mogb_partition_ours_boundary,0.5090166723375298,,,,,,123,,,,,,,,,,frozen_minilm,mahalanobis_diag,mean_std,frozen_known_only,protocol_v2_textoir_v1,97.0,10.0,../artifacts/s2c/runs/protocol_v2_textoir_v1/mogb_baseline_v1/stackoverflow/kir_0.75/seed_123/mogb_partition_ours_boundary
0.5543333333333333,0.31543096562128,0.6673761481481482,,,stackoverflow,0.5942850274427153,0.6015434722003563,0.485408356078102,0.2293333333333333,0.4682222222222222,,0.5317777777777778,,0.75,,ours_partition_mogb_boundary,0.485408356078102,,,,,,123,,,,,,,,,,frozen_minilm,euclidean,mogb_mean,frozen_known_only,protocol_v2_textoir_v1,30.0,98.0,../artifacts/s2c/runs/protocol_v2_textoir_v1/mogb_baseline_v1/stackoverflow/kir_0.75/seed_123/ours_partition_mogb_boundary
0.7563333333333333,0.6214561784991373,0.8811488888888889,,,stackoverflow,0.8002166481086175,0.8112056580500473,0.6353814989871708,0.3726666666666666,0.1157777777777777,,0.8842222222222222,,0.75,,random_partition,0.6353814989871708,,,,,,123,,,,,,,,,,frozen_minilm,euclidean,ours_mean_std,frozen_known_only,protocol_v2_textoir_v1,30.0,300.0,../artifacts/s2c/runs/protocol_v2_textoir_v1/mogb_baseline_v1/stackoverflow/kir_0.75/seed_123/random_partition
0.7581666666666667,0.6264967397782997,0.8822314074074075,,,stackoverflow,0.8013030818231378,0.8117966736617448,0.6438992042440318,0.3526666666666667,0.1211111111111111,,0.8788888888888888,,0.75,,single_centroid,0.6438992042440318,,,,,,123,,,,,,,,,,frozen_minilm,euclidean,ours_mean_std,frozen_known_only,protocol_v2_textoir_v1,15.0,600.0,../artifacts/s2c/runs/protocol_v2_textoir_v1/mogb_baseline_v1/stackoverflow/kir_0.75/seed_123/single_centroid
