method,seed,point,precision,recall,threshold
fixed_k2,13,0,0.5,1.0,0.43603836318866285
fixed_k2,13,1,0.5024284039524368,1.0,0.5751488043745733
fixed_k2,13,2,0.504965494024575,1.0,0.6014991190914488
fixed_k2,13,3,0.5071899847741499,0.9993333333333333,0.6145009176777537
fixed_k2,13,4,0.5096072096582214,0.999,0.6302753428299513
fixed_k2,13,5,0.5122201333105452,0.999,0.6389677758984195
fixed_k2,13,6,0.5146881979041402,0.9986666666666667,0.6449332998027505
fixed_k2,13,7,0.5168364703850803,0.9976666666666667,0.6521138648842355
fixed_k2,13,8,0.5191806977955216,0.997,0.6606401410584956
fixed_k2,13,9,0.521898447042401,0.997,0.6647104622342067
fixed_k2,13,10,0.5246447991580424,0.997,0.6702553089155386
fixed_k2,13,11,0.5274202080761771,0.997,0.6741203791469567
fixed_k2,13,12,0.5300478638539267,0.9966666666666667,0.6783005024264043
fixed_k2,13,13,0.5328818392443415,0.9966666666666667,0.6811959380845107
fixed_k2,13,14,0.5355671026697725,0.9963333333333333,0.6845103826208533
fixed_k2,13,15,0.5381012430192758,0.9956666666666667,0.6881734793606503
fixed_k2,13,16,0.540662923383445,0.995,0.6915370732036082
fixed_k2,13,17,0.5432525951557093,0.9943333333333333,0.6945660019312914
fixed_k2,13,18,0.5460538362937191,0.994,0.6970332963712734
fixed_k2,13,19,0.5488860246731725,0.9936666666666667,0.6995232238248256
fixed_k2,13,20,0.5515645250879466,0.993,0.701544324741443
fixed_k2,13,21,0.5546453174455409,0.993,0.7049496590797074
fixed_k2,13,22,0.5577607189664857,0.993,0.7073602986443922
fixed_k2,13,23,0.5609113161363208,0.993,0.7092604318915736
fixed_k2,13,24,0.5635296345389131,0.992,0.7112225525150919
fixed_k2,13,25,0.5663683107979433,0.9913333333333333,0.7142606654308324
fixed_k2,13,26,0.5692396092702547,0.9906666666666667,0.7159706776471922
fixed_k2,13,27,0.572529377769216,0.9906666666666667,0.7183029930333161
fixed_k2,13,28,0.5754698701801977,0.99,0.7204060446738135
fixed_k2,13,29,0.5784447476125512,0.9893333333333333,0.7226486196230416
fixed_k2,13,30,0.5814546167418153,0.9886666666666667,0.7249436722702884
fixed_k2,13,31,0.5846972983632419,0.9883333333333333,0.7267697987031471
fixed_k2,13,32,0.586788335647689,0.986,0.7283947794515166
fixed_k2,13,33,0.5897026541608461,0.985,0.7301944089724264
fixed_k2,13,34,0.5930536036940374,0.9846666666666667,0.7324726207182454
fixed_k2,13,35,0.5956372450010099,0.983,0.7355281889726871
fixed_k2,13,36,0.5986588091851249,0.982,0.7377522395508933
fixed_k2,13,37,0.6017174401962789,0.981,0.7392979226437009
fixed_k2,13,38,0.6048138243159844,0.98,0.7412461964953285
fixed_k2,13,39,0.608155661353757,0.9793333333333333,0.7427650110864864
fixed_k2,13,40,0.6113309727140179,0.9783333333333334,0.7446456508965825
fixed_k2,13,41,0.6141270173967721,0.9766666666666667,0.7470769545501463
fixed_k2,13,42,0.617169373549884,0.9753333333333334,0.7487119206769843
fixed_k2,13,43,0.6202504776056039,0.974,0.7505336643055955
fixed_k2,13,44,0.6231574449903867,0.9723333333333334,0.7525274922623572
fixed_k2,13,45,0.6265319286175016,0.9713333333333334,0.7544668251438897
fixed_k2,13,46,0.6305994373512227,0.9713333333333334,0.7569746588424028
fixed_k2,13,47,0.6338488346765411,0.97,0.7586586711158769
fixed_k2,13,48,0.6371409778557334,0.9686666666666667,0.7608069657955053
fixed_k2,13,49,0.6409181196203928,0.968,0.7624800423783223
fixed_k2,13,50,0.6447456120862031,0.9673333333333334,0.7647338868792966
fixed_k2,13,51,0.6486244687989264,0.9666666666666667,0.7669552680844081
fixed_k2,13,52,0.6518802071605494,0.965,0.7690810960693248
fixed_k2,13,53,0.654726819315348,0.9626666666666667,0.7707111165389803
fixed_k2,13,54,0.6585254508103173,0.9616666666666667,0.772182696358531
fixed_k2,13,55,0.6621466329579407,0.9603333333333334,0.774472110803777
fixed_k2,13,56,0.6655866697523721,0.9586666666666667,0.7764425766303534
fixed_k2,13,57,0.6690748077371242,0.957,0.7785697398704098
fixed_k2,13,58,0.6726120628960338,0.9553333333333334,0.7815087296207684
fixed_k2,13,59,0.676435830772867,0.954,0.78370968002968
fixed_k2,13,60,0.679838133777672,0.952,0.7853445598745827
fixed_k2,13,61,0.6835291297051067,0.9503333333333334,0.7869132730919127
fixed_k2,13,62,0.6877565805361023,0.9493333333333334,0.7886058584484709
fixed_k2,13,63,0.6918024811481391,0.948,0.7903452721742092
fixed_k2,13,64,0.6956628277382995,0.9463333333333334,0.7921254484371523
fixed_k2,13,65,0.6993334979017527,0.9443333333333334,0.7945734780872954
fixed_k2,13,66,0.7033076349166874,0.9426666666666667,0.7966155966077076
fixed_k2,13,67,0.7070909546479579,0.9406666666666667,0.7990648758590548
fixed_k2,13,68,0.7116889674324666,0.9396666666666667,0.8016062647161614
fixed_k2,13,69,0.7153396082421776,0.9373333333333334,0.803813757589092
fixed_k2,13,70,0.7203281209946167,0.9366666666666666,0.8057615553784763
fixed_k2,13,71,0.7241022991475071,0.9343333333333333,0.8085949133727617
fixed_k2,13,72,0.7287164800833117,0.933,0.8113926264595676
fixed_k2,13,73,0.7328785095775388,0.931,0.8136400343264026
fixed_k2,13,74,0.73657762496694,0.9283333333333333,0.8158258634128308
fixed_k2,13,75,0.7411356971474273,0.9266666666666666,0.8180547312513896
fixed_k2,13,76,0.7449610319806503,0.924,0.8208162573300632
fixed_k2,13,77,0.7491194798157681,0.9216666666666666,0.8228723027980045
fixed_k2,13,78,0.7536192297186561,0.9196666666666666,0.8253797416572113
fixed_k2,13,79,0.7570917102726522,0.9163333333333333,0.8268766386233775
fixed_k2,13,80,0.762565953901694,0.9153333333333333,0.8292158945428414
fixed_k2,13,81,0.7675721086530384,0.9136666666666666,0.8316051623774687
fixed_k2,13,82,0.7726630895227337,0.912,0.8351271270724602
fixed_k2,13,83,0.7755625178011962,0.9076666666666666,0.8380240323399166
fixed_k2,13,84,0.7799482907210572,0.905,0.8405908950978183
fixed_k2,13,85,0.784120544769632,0.902,0.8433691335965429
fixed_k2,13,86,0.7889505992399883,0.8996666666666666,0.8469158707035982
fixed_k2,13,87,0.7929814214096137,0.8963333333333333,0.8496113454084367
fixed_k2,13,88,0.7961916096399881,0.892,0.8536738798300546
fixed_k2,13,89,0.7994596217352147,0.8876666666666667,0.8557737902986053
fixed_k2,13,90,0.8036958497425023,0.8843333333333333,0.8589378308609444
fixed_k2,13,91,0.8073983491287068,0.8803333333333333,0.8624772897790006
fixed_k2,13,92,0.8108608454180808,0.876,0.8659969266128749
fixed_k2,13,93,0.8137651821862348,0.871,0.8691637373842444
fixed_k2,13,94,0.8170386670858221,0.8663333333333333,0.8715471210042262
fixed_k2,13,95,0.8194224055855284,0.8606666666666667,0.8739629642470348
fixed_k2,13,96,0.8224927907721884,0.8556666666666667,0.8767345455652448
fixed_k2,13,97,0.826269815593659,0.8513333333333334,0.8793575238281284
fixed_k2,13,98,0.8303921568627451,0.847,0.8813147982116274
fixed_k2,13,99,0.833993399339934,0.8423333333333334,0.8838989017488765
fixed_k2,13,100,0.8376666666666667,0.8376666666666667,0.8874722887071591
fixed_k2,13,101,0.8400673400673401,0.8316666666666667,0.8902633073025326
fixed_k2,13,102,0.8428571428571429,0.826,0.8928705999400255
fixed_k2,13,103,0.8450171821305842,0.8196666666666667,0.8953613489910893
fixed_k2,13,104,0.846875,0.813,0.8980394160477561
fixed_k2,13,105,0.8487719298245614,0.8063333333333333,0.9008156303262275
fixed_k2,13,106,0.851063829787234,0.8,0.9029271225525108
fixed_k2,13,107,0.8523297491039427,0.7926666666666666,0.9054521361652865
fixed_k2,13,108,0.855072463768116,0.7866666666666666,0.908123924292767
fixed_k2,13,109,0.8575091575091575,0.7803333333333333,0.9107939578222048
fixed_k2,13,110,0.8592592592592593,0.7733333333333333,0.914538607746718
fixed_k2,13,111,0.8602996254681647,0.7656666666666667,0.9170097037325725
fixed_k2,13,112,0.8617424242424242,0.7583333333333333,0.9191027763147701
fixed_k2,13,113,0.8628352490421456,0.7506666666666667,0.9214050949113406
fixed_k2,13,114,0.8631782945736434,0.7423333333333333,0.9239255950799363
fixed_k2,13,115,0.8647058823529412,0.735,0.9261951827096662
fixed_k2,13,116,0.8638888888888889,0.7256666666666667,0.9289989686706722
fixed_k2,13,117,0.8642570281124498,0.7173333333333334,0.9320433374939681
fixed_k2,13,118,0.8666666666666667,0.7106666666666667,0.9346622028357792
fixed_k2,13,119,0.8683127572016461,0.7033333333333334,0.937372637398125
fixed_k2,13,120,0.8691666666666666,0.6953333333333334,0.9393254238203033
fixed_k2,13,121,0.8696202531645569,0.687,0.9413453323178065
fixed_k2,13,122,0.8700854700854701,0.6786666666666666,0.9442561981860156
fixed_k2,13,123,0.870995670995671,0.6706666666666666,0.9461680272023512
fixed_k2,13,124,0.8714912280701754,0.6623333333333333,0.948507670928745
fixed_k2,13,125,0.8737777777777778,0.6553333333333333,0.9508176768109677
fixed_k2,13,126,0.8770270270270271,0.649,0.9534021949639154
fixed_k2,13,127,0.8780821917808219,0.641,0.9560339327246834
fixed_k2,13,128,0.8787037037037037,0.6326666666666667,0.9581390575422802
fixed_k2,13,129,0.8788732394366198,0.624,0.9601187269157568
fixed_k2,13,130,0.8804761904761905,0.6163333333333333,0.9626956963046148
fixed_k2,13,131,0.8806763285024155,0.6076666666666667,0.9642775614665127
fixed_k2,13,132,0.8818627450980392,0.5996666666666667,0.9669531022453665
fixed_k2,13,133,0.882587064676617,0.5913333333333334,0.9692434944171544
fixed_k2,13,134,0.8823232323232323,0.5823333333333334,0.9712668931811441
fixed_k2,13,135,0.8835897435897436,0.5743333333333334,0.9738303371906061
fixed_k2,13,136,0.884375,0.566,0.9759556450917699
fixed_k2,13,137,0.8851851851851852,0.5576666666666666,0.977879078787944
fixed_k2,13,138,0.8849462365591397,0.5486666666666666,0.979865976295529
fixed_k2,13,139,0.8852459016393442,0.54,0.9824020111607443
fixed_k2,13,140,0.8861111111111111,0.5316666666666666,0.9852650711817872
fixed_k2,13,141,0.8858757062146893,0.5226666666666666,0.987720324869505
fixed_k2,13,142,0.8879310344827587,0.515,0.9908066876850593
fixed_k2,13,143,0.8894736842105263,0.507,0.9932235292365723
fixed_k2,13,144,0.8892857142857142,0.498,0.9953173094648269
fixed_k2,13,145,0.889090909090909,0.489,0.9972922359978046
fixed_k2,13,146,0.8895061728395062,0.48033333333333333,0.9993297393623433
fixed_k2,13,147,0.889308176100629,0.4713333333333333,1.0013551416053452
fixed_k2,13,148,0.889102564102564,0.4623333333333333,1.003638965164227
fixed_k2,13,149,0.8895424836601307,0.45366666666666666,1.0057507516336355
fixed_k2,13,150,0.8893333333333333,0.44466666666666665,1.0082867702390983
fixed_k2,13,151,0.8904761904761904,0.43633333333333335,1.0100775988949375
fixed_k2,13,152,0.8916666666666667,0.428,1.0125273087081097
fixed_k2,13,153,0.8929078014184397,0.4196666666666667,1.0143119180118265
fixed_k2,13,154,0.8963768115942029,0.41233333333333333,1.0162094493398701
fixed_k2,13,155,0.8962962962962963,0.4033333333333333,1.018302799384865
fixed_k2,13,156,0.8954545454545455,0.394,1.0204242194735569
fixed_k2,13,157,0.8953488372093024,0.385,1.022886265467855
fixed_k2,13,158,0.8936507936507937,0.37533333333333335,1.0249287901735935
fixed_k2,13,159,0.8943089430894309,0.36666666666666664,1.0264711809670057
fixed_k2,13,160,0.8941666666666667,0.3576666666666667,1.0284619681105749
fixed_k2,13,161,0.8931623931623932,0.34833333333333333,1.0313225731291709
fixed_k2,13,162,0.8947368421052632,0.34,1.0334704367468441
fixed_k2,13,163,0.8945945945945946,0.331,1.0364887786947432
fixed_k2,13,164,0.8935185185185185,0.32166666666666666,1.0392843597291905
fixed_k2,13,165,0.8942857142857142,0.313,1.0410955109283357
fixed_k2,13,166,0.8970588235294118,0.305,1.0436357944878973
fixed_k2,13,167,0.8949494949494949,0.29533333333333334,1.0463659833171335
fixed_k2,13,168,0.8958333333333334,0.2866666666666667,1.0491338929497644
fixed_k2,13,169,0.8935483870967742,0.277,1.0512359630670451
fixed_k2,13,170,0.8944444444444445,0.2683333333333333,1.0535438150053364
fixed_k2,13,171,0.8977011494252873,0.26033333333333336,1.0563204932981047
fixed_k2,13,172,0.9011904761904762,0.25233333333333335,1.0586657481964987
fixed_k2,13,173,0.9037037037037037,0.244,1.0619797126080548
fixed_k2,13,174,0.9076923076923077,0.236,1.065277799352598
fixed_k2,13,175,0.9093333333333333,0.22733333333333333,1.067830911326945
fixed_k2,13,176,0.9055555555555556,0.21733333333333332,1.0709459141107356
fixed_k2,13,177,0.9072463768115943,0.20866666666666667,1.0738633019262194
fixed_k2,13,178,0.9090909090909091,0.2,1.0761770925289251
fixed_k2,13,179,0.9063492063492063,0.19033333333333333,1.0799646013329125
fixed_k2,13,180,0.9133333333333333,0.18266666666666667,1.0825413631452754
fixed_k2,13,181,0.9157894736842105,0.174,1.0856018793962772
fixed_k2,13,182,0.9203703703703704,0.16566666666666666,1.0879331929943001
fixed_k2,13,183,0.9235294117647059,0.157,1.0912083487540938
fixed_k2,13,184,0.9229166666666667,0.14766666666666667,1.094807903189231
fixed_k2,13,185,0.9177777777777778,0.13766666666666666,1.0988183128208895
fixed_k2,13,186,0.9166666666666666,0.12833333333333333,1.1027819841768227
fixed_k2,13,187,0.9153846153846154,0.119,1.1063974565327246
fixed_k2,13,188,0.9194444444444444,0.11033333333333334,1.1120484581428505
fixed_k2,13,189,0.9181818181818182,0.101,1.1159074785164786
fixed_k2,13,190,0.9133333333333333,0.09133333333333334,1.1210732467424582
fixed_k2,13,191,0.9111111111111111,0.082,1.1256656549549195
fixed_k2,13,192,0.9083333333333333,0.07266666666666667,1.1329445551089552
fixed_k2,13,193,0.9047619047619048,0.06333333333333334,1.1382408059985822
fixed_k2,13,194,0.9111111111111111,0.05466666666666667,1.1455327478903887
fixed_k2,13,195,0.9,0.045,1.1524946350329939
fixed_k2,13,196,0.9,0.036,1.1625408464439284
fixed_k2,13,197,0.8888888888888888,0.02666666666666667,1.1728484563450723
fixed_k2,13,198,0.9166666666666666,0.018333333333333333,1.1870761834404524
fixed_k2,13,199,0.9333333333333333,0.009333333333333334,1.2148094488908632
fixed_k2,13,200,1.0,0.0,inf
fixed_k2,42,0,0.5,1.0,0.44192232352709726
fixed_k2,42,1,0.5024284039524368,1.0,0.5543895761499796
fixed_k2,42,2,0.5047971721932335,0.9996666666666667,0.5888132249628312
fixed_k2,42,3,0.5071899847741499,0.9993333333333333,0.6110871560010818
fixed_k2,42,4,0.5096072096582214,0.999,0.6260294201222711
fixed_k2,42,5,0.5120492223551529,0.9986666666666667,0.6404199729616792
fixed_k2,42,6,0.5146881979041402,0.9986666666666667,0.6493141076506301
fixed_k2,42,7,0.5173545156276982,0.9986666666666667,0.6542212938093572
fixed_k2,42,8,0.520048602673147,0.9986666666666667,0.6610112712186622
fixed_k2,42,9,0.5227708951317397,0.9986666666666667,0.6656321063336168
fixed_k2,42,10,0.525521838273987,0.9986666666666667,0.6709673922615892
fixed_k2,42,11,0.5283018867924528,0.9986666666666667,0.6751850388958133
fixed_k2,42,12,0.5311115050522957,0.9986666666666667,0.6808608830570272
fixed_k2,42,13,0.5335947246480128,0.998,0.6852102348132867
fixed_k2,42,14,0.5361046407453861,0.9973333333333333,0.6884752218645627
fixed_k2,42,15,0.5390019816249324,0.9973333333333333,0.6921684008307781
fixed_k2,42,16,0.5419308096359355,0.9973333333333333,0.695744289786478
fixed_k2,42,17,0.5445274084866144,0.9966666666666667,0.6986442004307055
fixed_k2,42,18,0.5475187694561435,0.9966666666666667,0.7028633705820576
fixed_k2,42,19,0.5505431780519241,0.9966666666666667,0.7060313040071674
fixed_k2,42,20,0.5536011849657471,0.9966666666666667,0.7081128740842721
fixed_k2,42,21,0.5565071681251164,0.9963333333333333,0.709790132225973
fixed_k2,42,22,0.5592585658116458,0.9956666666666667,0.7120784607788863
fixed_k2,42,23,0.5622293353417436,0.9953333333333333,0.7145309925386575
fixed_k2,42,24,0.5652338572240106,0.995,0.7168685201222763
fixed_k2,42,25,0.5680822700438012,0.9943333333333333,0.719573885532375
fixed_k2,42,26,0.5707718827810764,0.9933333333333333,0.7226726129913659
fixed_k2,42,27,0.5738778655365054,0.993,0.7247099761194182
fixed_k2,42,28,0.5772137182716528,0.993,0.726550534356068
fixed_k2,42,29,0.5803936854414344,0.9926666666666667,0.7288767004837801
fixed_k2,42,30,0.5836110566555577,0.9923333333333333,0.730650389491323
fixed_k2,42,31,0.5866692959968448,0.9916666666666667,0.7330284397821131
fixed_k2,42,32,0.5897639357270383,0.991,0.7354490857437789
fixed_k2,42,33,0.5930951905807225,0.9906666666666667,0.7378419366630261
fixed_k2,42,34,0.5960650471792812,0.9896666666666667,0.7398412067166208
fixed_k2,42,35,0.5988689153706322,0.9883333333333333,0.7418457511633932
fixed_k2,42,36,0.6017069701280228,0.987,0.7436084230892216
fixed_k2,42,37,0.604784297689634,0.986,0.7458935400428389
fixed_k2,42,38,0.6083110471096482,0.9856666666666667,0.7482937308484827
fixed_k2,42,39,0.6110536120885945,0.984,0.7500230444104122
fixed_k2,42,40,0.6144553218079567,0.9833333333333333,0.7518451829195502
fixed_k2,42,41,0.6178998113603018,0.9826666666666667,0.7539447872949494
fixed_k2,42,42,0.6213878928496098,0.982,0.7561240325200667
fixed_k2,42,43,0.6242835915941414,0.9803333333333333,0.7581791080758596
fixed_k2,42,44,0.6272164067506943,0.9786666666666667,0.760146503527493
fixed_k2,42,45,0.6310470866480327,0.9783333333333334,0.7623593853845937
fixed_k2,42,46,0.634278294741398,0.977,0.7641500411222947
fixed_k2,42,47,0.6375517316488782,0.9756666666666667,0.7660641101435446
fixed_k2,42,48,0.6406489804867354,0.974,0.7685326816208548
fixed_k2,42,49,0.6446700507614214,0.9736666666666667,0.7705589998663654
fixed_k2,42,50,0.6474116862919351,0.9713333333333334,0.7716867003022685
fixed_k2,42,51,0.6515320957280251,0.971,0.7737878774772307
fixed_k2,42,52,0.6550326503039856,0.9696666666666667,0.7758516661800755
fixed_k2,42,53,0.6585808206755838,0.9683333333333334,0.7778996322394499
fixed_k2,42,54,0.6626341018032412,0.9676666666666667,0.7801127559634113
fixed_k2,42,55,0.6658239485175822,0.9656666666666667,0.781832875526839
fixed_k2,42,56,0.6699838000462855,0.965,0.7836898971726797
fixed_k2,42,57,0.6744348636681426,0.9646666666666667,0.7859948775390521
fixed_k2,42,58,0.6784792302276461,0.9636666666666667,0.7879719284302261
fixed_k2,42,59,0.6825809501299929,0.9626666666666667,0.7902807153053989
fixed_k2,42,60,0.685551059271602,0.96,0.7923829625674599
fixed_k2,42,61,0.6892831455286502,0.9583333333333334,0.7944683341149072
fixed_k2,42,62,0.6933107944940835,0.957,0.7972589304878955
fixed_k2,42,63,0.6970802919708029,0.955,0.7988801142662401
fixed_k2,42,64,0.7002450980392156,0.9523333333333334,0.8016655966542342
fixed_k2,42,65,0.7032098765432099,0.9493333333333334,0.8043450884408989
fixed_k2,42,66,0.7082089552238806,0.949,0.8070519281477313
fixed_k2,42,67,0.7120300751879699,0.947,0.8093172878927494
fixed_k2,42,68,0.7156565656565657,0.9446666666666667,0.8119624456354765
fixed_k2,42,69,0.7193384223918575,0.9423333333333334,0.8139041816457632
fixed_k2,42,70,0.7228205128205129,0.9396666666666667,0.8158418403523687
fixed_k2,42,71,0.7276485788113695,0.9386666666666666,0.8187030386672003
fixed_k2,42,72,0.73203125,0.937,0.8207401122750999
fixed_k2,42,73,0.7362204724409449,0.935,0.8232024225381694
fixed_k2,42,74,0.7396825396825397,0.932,0.8253915195046249
fixed_k2,42,75,0.7448,0.931,0.828362973385375
fixed_k2,42,76,0.7491935483870967,0.929,0.8298718601425815
fixed_k2,42,77,0.7525745257452574,0.9256666666666666,0.8326195897067011
fixed_k2,42,78,0.7560109289617486,0.9223333333333333,0.8345424602261216
fixed_k2,42,79,0.7600550964187328,0.9196666666666666,0.8380456799383238
fixed_k2,42,80,0.7636111111111111,0.9163333333333333,0.8412798245954382
fixed_k2,42,81,0.7686274509803922,0.9146666666666666,0.8442962872856336
fixed_k2,42,82,0.7725988700564972,0.9116666666666666,0.8477069680490021
fixed_k2,42,83,0.7763532763532763,0.9083333333333333,0.849423569725617
fixed_k2,42,84,0.781896551724138,0.907,0.852990810087256
fixed_k2,42,85,0.7855072463768116,0.9033333333333333,0.855394279359101
fixed_k2,42,86,0.7885964912280702,0.899,0.8581191737731532
fixed_k2,42,87,0.7926253687315634,0.8956666666666667,0.8603368632131398
fixed_k2,42,88,0.7958333333333333,0.8913333333333333,0.8637750771755396
fixed_k2,42,89,0.8,0.888,0.8666784329304904
fixed_k2,42,90,0.803939393939394,0.8843333333333333,0.8691654126762393
fixed_k2,42,91,0.8070336391437309,0.8796666666666667,0.8717645488203011
fixed_k2,42,92,0.8114197530864198,0.8763333333333333,0.8751788165377833
fixed_k2,42,93,0.8143302180685358,0.8713333333333333,0.8783963825857136
fixed_k2,42,94,0.8185534591194968,0.8676666666666667,0.8820189306302751
fixed_k2,42,95,0.8228571428571428,0.864,0.8853956411050646
fixed_k2,42,96,0.8253205128205128,0.8583333333333333,0.890170833465683
fixed_k2,42,97,0.8294498381877022,0.8543333333333333,0.8942297785576363
fixed_k2,42,98,0.8330065359477125,0.8496666666666667,0.8982362826246756
fixed_k2,42,99,0.836963696369637,0.8453333333333334,0.9011430269008667
fixed_k2,42,100,0.8403333333333334,0.8403333333333334,0.9054564209632908
fixed_k2,42,101,0.8431504543924605,0.835,0.9086840622551454
fixed_k2,42,102,0.8480108806528391,0.8313333333333334,0.9122407033637462
fixed_k2,42,103,0.850223290965304,0.825,0.9158005852252936
fixed_k2,42,104,0.8535230822631031,0.8196666666666667,0.9195024991864651
fixed_k2,42,105,0.8572430726061031,0.8146666666666667,0.9239456875518997
fixed_k2,42,106,0.8606876993973768,0.8093333333333333,0.9284058201689067
fixed_k2,42,107,0.861698316015765,0.8016666666666666,0.9322614842466366
fixed_k2,42,108,0.8638174574429555,0.795,0.9354279046402304
fixed_k2,42,109,0.866349322592457,0.7886666666666666,0.9402550378277735
fixed_k2,42,110,0.8689374305812662,0.7823333333333333,0.9427112321041985
fixed_k2,42,111,0.8727068513665294,0.777,0.9459641674136336
fixed_k2,42,112,0.8754259750094661,0.7706666666666667,0.9495581333648009
fixed_k2,42,113,0.8785905783224818,0.7646666666666667,0.9526929182683062
fixed_k2,42,114,0.8795040681906238,0.7566666666666667,0.9555489724636916
fixed_k2,42,115,0.8820070560564485,0.75,0.9583898715929678
fixed_k2,42,116,0.8837762792542642,0.7426666666666667,0.9607283272223964
fixed_k2,42,117,0.8847852268165396,0.7346666666666667,0.9637884001911976
fixed_k2,42,118,0.885412433969931,0.7263333333333334,0.967198482416638
fixed_k2,42,119,0.8881118881118881,0.7196666666666667,0.9707976854046059
fixed_k2,42,120,0.8908788004997917,0.713,0.9734789294133055
fixed_k2,42,121,0.8954027836355968,0.7076666666666667,0.9776401189674497
fixed_k2,42,122,0.898334045279795,0.701,0.9812232825445613
fixed_k2,42,123,0.8996105581999134,0.693,0.9849184003282061
fixed_k2,42,124,0.9009206488382289,0.685,0.9879402883013434
fixed_k2,42,125,0.9044868947134607,0.6786666666666666,0.9907249047045973
fixed_k2,42,126,0.9058982440342188,0.6706666666666666,0.9948162380209612
fixed_k2,42,127,0.9068918302145139,0.6623333333333333,0.9974831236331018
fixed_k2,42,128,0.9088385006941231,0.6546666666666666,1.0012709729353
fixed_k2,42,129,0.9094321914594087,0.646,1.0041383575999896
fixed_k2,42,130,0.9105188005711566,0.6376666666666667,1.007557615059688
fixed_k2,42,131,0.9130854659584742,0.6303333333333333,1.0102001531656077
fixed_k2,42,132,0.9152376286134248,0.6226666666666667,1.0123553886941496
fixed_k2,42,133,0.9159622078567876,0.614,1.015416877417304
fixed_k2,42,134,0.9187279151943463,0.6066666666666667,1.0183897962822313
fixed_k2,42,135,0.920041004613019,0.5983333333333334,1.0212175647092323
fixed_k2,42,136,0.9250390421655388,0.5923333333333334,1.0251098629107658
fixed_k2,42,137,0.9249074563722898,0.583,1.0278888075954749
fixed_k2,42,138,0.9263836646963998,0.5746666666666667,1.0300820376458717
fixed_k2,42,139,0.9300928454396504,0.5676666666666667,1.0337640376160282
fixed_k2,42,140,0.9317046085508051,0.5593333333333333,1.0371590779041544
fixed_k2,42,141,0.9333709768492378,0.551,1.0406585659934804
fixed_k2,42,142,0.9345203905801264,0.5423333333333333,1.0434461149257725
fixed_k2,42,143,0.9357101110461719,0.5336666666666666,1.0459930485978086
fixed_k2,42,144,0.9351576442593694,0.524,1.048896071808704
fixed_k2,42,145,0.9376135675348274,0.516,1.0533241487131084
fixed_k2,42,146,0.9376927822331894,0.5066666666666667,1.0558307272493952
fixed_k2,42,147,0.9396605908233815,0.49833333333333335,1.0591015555062107
fixed_k2,42,148,0.9404228058936579,0.48933333333333334,1.0625969902491916
fixed_k2,42,149,0.9418680600914435,0.4806666666666667,1.065780429566877
fixed_k2,42,150,0.9427048634243838,0.4716666666666667,1.069265897161478
fixed_k2,42,151,0.9435757987763427,0.46266666666666667,1.072724756982438
fixed_k2,42,152,0.945176960444136,0.454,1.075723716749275
fixed_k2,42,153,0.9447200566973778,0.44433333333333336,1.0785478236988344
fixed_k2,42,154,0.946415640839971,0.43566666666666665,1.0811341984196519
fixed_k2,42,155,0.9467061435973353,0.42633333333333334,1.0839406281979638
fixed_k2,42,156,0.9507948523845572,0.4186666666666667,1.0872799229310186
fixed_k2,42,157,0.9512006196746708,0.4093333333333333,1.0901647905803913
fixed_k2,42,158,0.950832672482157,0.39966666666666667,1.0934692118068927
fixed_k2,42,159,0.9553208773354996,0.392,1.0961575431385666
fixed_k2,42,160,0.9558701082431307,0.38266666666666665,1.0990873056873103
fixed_k2,42,161,0.955593509820666,0.373,1.1020575259682588
fixed_k2,42,162,0.9561787905346187,0.3636666666666667,1.1056547155904632
fixed_k2,42,163,0.9567956795679567,0.35433333333333333,1.1090428870828528
fixed_k2,42,164,0.9574468085106383,0.345,1.1127960701066895
fixed_k2,42,165,0.9600380589914367,0.3363333333333333,1.1173626898941291
fixed_k2,42,166,0.960822722820764,0.327,1.1209410295750377
fixed_k2,42,167,0.9616548940464178,0.31766666666666665,1.1242216684787771
fixed_k2,42,168,0.9625390218522373,0.30833333333333335,1.1276121362516733
fixed_k2,42,169,0.9645542427497314,0.29933333333333334,1.1320431934938524
fixed_k2,42,170,0.9667036625971143,0.29033333333333333,1.1348614014713154
fixed_k2,42,171,0.9667049368541906,0.2806666666666667,1.1382674075939372
fixed_k2,42,172,0.9667063020214031,0.271,1.1420277067334808
fixed_k2,42,173,0.9679012345679012,0.2613333333333333,1.1450256367276297
fixed_k2,42,174,0.9705128205128205,0.25233333333333335,1.1498561125153537
fixed_k2,42,175,0.972,0.243,1.1528393299614312
fixed_k2,42,176,0.9736111111111111,0.23366666666666666,1.1560989174177492
fixed_k2,42,177,0.9739130434782609,0.224,1.1602081690978034
fixed_k2,42,178,0.9757575757575757,0.21466666666666667,1.1644538865321499
fixed_k2,42,179,0.9777777777777777,0.20533333333333334,1.1678510735171694
fixed_k2,42,180,0.9783333333333334,0.19566666666666666,1.1718738622385805
fixed_k2,42,181,0.9789473684210527,0.186,1.175865422879695
fixed_k2,42,182,0.9814814814814815,0.17666666666666667,1.1793416343308143
fixed_k2,42,183,0.9823529411764705,0.167,1.184346111511197
fixed_k2,42,184,0.9833333333333333,0.15733333333333333,1.188310524879536
fixed_k2,42,185,0.9844444444444445,0.14766666666666667,1.1934058623341302
fixed_k2,42,186,0.9880952380952381,0.13833333333333334,1.197890232366338
fixed_k2,42,187,0.9897435897435898,0.12866666666666668,1.2031188656792204
fixed_k2,42,188,0.9888888888888889,0.11866666666666667,1.2075506965853342
fixed_k2,42,189,0.9878787878787879,0.10866666666666666,1.213634696385385
fixed_k2,42,190,0.99,0.099,1.2209262309848297
fixed_k2,42,191,0.9888888888888889,0.089,1.2268248433436018
fixed_k2,42,192,0.9875,0.079,1.233007320093033
fixed_k2,42,193,0.9857142857142858,0.069,1.2391653489248997
fixed_k2,42,194,0.9888888888888889,0.059333333333333335,1.2462475482975086
fixed_k2,42,195,0.9866666666666667,0.04933333333333333,1.2561437732941645
fixed_k2,42,196,1.0,0.04,1.2637308001615946
fixed_k2,42,197,1.0,0.03,1.2744928212287434
fixed_k2,42,198,1.0,0.02,1.287416662994102
fixed_k2,42,199,1.0,0.01,1.3087477715340674
fixed_k2,42,200,1.0,0.0,inf
fixed_k2,87,0,0.5,1.0,0.4306555192680668
fixed_k2,87,1,0.5024284039524368,1.0,0.539208811634542
fixed_k2,87,2,0.504965494024575,1.0,0.5781616880810437
fixed_k2,87,3,0.5073591608864828,0.9996666666666667,0.5976855475317664
fixed_k2,87,4,0.5094371705492263,0.9986666666666667,0.6109445005242907
fixed_k2,87,5,0.5120492223551529,0.9986666666666667,0.6185742579043255
fixed_k2,87,6,0.5145164061157876,0.9983333333333333,0.6286191113578142
fixed_k2,87,7,0.5168364703850803,0.9976666666666667,0.6350708807149409
fixed_k2,87,8,0.5191806977955216,0.997,0.6431944748960758
fixed_k2,87,9,0.521898447042401,0.997,0.6496104897709304
fixed_k2,87,10,0.5242939835116647,0.9963333333333333,0.6550266743195754
fixed_k2,87,11,0.5268912008464116,0.996,0.6599582143538275
fixed_k2,87,12,0.5296933167878036,0.996,0.6651822545901395
fixed_k2,87,13,0.5323471751915879,0.9956666666666667,0.6693770843081632
fixed_k2,87,14,0.5348503852356209,0.995,0.6737395330032778
fixed_k2,87,15,0.5377409475770132,0.995,0.6774785658245729
fixed_k2,87,16,0.5404817967759464,0.9946666666666667,0.6807651056358979
fixed_k2,87,17,0.5432525951557093,0.9943333333333333,0.6839806961277622
fixed_k2,87,18,0.545870719648416,0.9936666666666667,0.6869754994181676
fixed_k2,87,19,0.5485177683667832,0.993,0.6898482992618025
fixed_k2,87,20,0.5515645250879466,0.993,0.691730117780802
fixed_k2,87,21,0.5539005771737107,0.9916666666666667,0.6944238873150349
fixed_k2,87,22,0.5566373338326156,0.991,0.6972588478509613
fixed_k2,87,23,0.5594050084729806,0.9903333333333333,0.6999590580904179
fixed_k2,87,24,0.5620147699299375,0.9893333333333333,0.7022549574136683
fixed_k2,87,25,0.5650352313844982,0.989,0.7043763011841799
fixed_k2,87,26,0.5678988699482858,0.9883333333333333,0.7074076060520086
fixed_k2,87,27,0.5709882488923136,0.988,0.7099071546060463
fixed_k2,87,28,0.5741135438868437,0.9876666666666667,0.711733660725865
fixed_k2,87,29,0.5766907035665563,0.9863333333333333,0.7138948035795807
fixed_k2,87,30,0.5791021368359145,0.9846666666666667,0.7160905468914548
fixed_k2,87,31,0.5823309012029185,0.9843333333333333,0.7190338079700174
fixed_k2,87,32,0.5850029756000793,0.983,0.7214634644996205
fixed_k2,87,33,0.5879066054679705,0.982,0.7237332770807616
fixed_k2,87,34,0.5902429231078097,0.98,0.7263858940503568
fixed_k2,87,35,0.5932134922237932,0.979,0.7282978734441817
fixed_k2,87,36,0.5958138589717538,0.9773333333333334,0.7302731629317792
fixed_k2,87,37,0.5988550398691475,0.9763333333333334,0.7327229123993344
fixed_k2,87,38,0.6017280394980457,0.975,0.7348136098080347
fixed_k2,87,39,0.6042227282136203,0.973,0.7363137479112845
fixed_k2,87,40,0.6071651739220996,0.9716666666666667,0.7382757973911528
fixed_k2,87,41,0.610144623768602,0.9703333333333334,0.7400363387960077
fixed_k2,87,42,0.6137945581101033,0.97,0.742467366200702
fixed_k2,87,43,0.6174909785608151,0.9696666666666667,0.7445438262643832
fixed_k2,87,44,0.6208075197607349,0.9686666666666667,0.7474376776075864
fixed_k2,87,45,0.6248118684153945,0.9686666666666667,0.7489994965999108
fixed_k2,87,46,0.6277861934646181,0.967,0.7511090460765766
fixed_k2,87,47,0.6301459377042039,0.9643333333333334,0.7529187306083865
fixed_k2,87,48,0.6338522253891691,0.9636666666666667,0.7542956487806032
fixed_k2,87,49,0.6367247848157139,0.9616666666666667,0.7568180763268345
fixed_k2,87,50,0.6400799822261719,0.9603333333333334,0.7589574596148141
fixed_k2,87,51,0.6432565421605905,0.9586666666666667,0.7609359984727554
fixed_k2,87,52,0.646025669894168,0.9563333333333334,0.7629777013809936
fixed_k2,87,53,0.6497392881432782,0.9553333333333334,0.7642260407966526
fixed_k2,87,54,0.6530472494864187,0.9536666666666667,0.7661639623487929
fixed_k2,87,55,0.6568604918409561,0.9526666666666667,0.768029272501571
fixed_k2,87,56,0.6602638278176348,0.951,0.7700298456081652
fixed_k2,87,57,0.6639477977161501,0.9496666666666667,0.771376048994771
fixed_k2,87,58,0.6676836423374795,0.9483333333333334,0.7734021206733834
fixed_k2,87,59,0.6721815173717797,0.948,0.7753180009947365
fixed_k2,87,60,0.6750773625327303,0.9453333333333334,0.7777694994644465
fixed_k2,87,61,0.6782546152001918,0.943,0.7792449049418534
fixed_k2,87,62,0.6824438541415118,0.942,0.7811051565196112
fixed_k2,87,63,0.6857212357090732,0.9396666666666667,0.7832563612216393
fixed_k2,87,64,0.6895368782161235,0.938,0.7845431630538403
fixed_k2,87,65,0.6936558874352012,0.9366666666666666,0.7869020075532119
fixed_k2,87,66,0.6968415816960954,0.934,0.7889165685018241
fixed_k2,87,67,0.7000751691305437,0.9313333333333333,0.7905144375604292
fixed_k2,87,68,0.7041151224438273,0.9296666666666666,0.7933675537867084
fixed_k2,87,69,0.7068702290076336,0.926,0.7951616048828238
fixed_k2,87,70,0.7112820512820512,0.9246666666666666,0.7972573209619184
fixed_k2,87,71,0.7147286821705426,0.922,0.7994783560531729
fixed_k2,87,72,0.7174479166666666,0.9183333333333333,0.8020776628037329
fixed_k2,87,73,0.7204724409448819,0.915,0.8045880244849531
fixed_k2,87,74,0.7248677248677249,0.9133333333333333,0.8070895082885268
fixed_k2,87,75,0.7290666666666666,0.9113333333333333,0.8101396572942352
fixed_k2,87,76,0.7330645161290322,0.909,0.8133508204675407
fixed_k2,87,77,0.7365853658536585,0.906,0.8160223381135666
fixed_k2,87,78,0.7398907103825136,0.9026666666666666,0.8182601714631556
fixed_k2,87,79,0.7443526170798898,0.9006666666666666,0.8200428070126075
fixed_k2,87,80,0.7483333333333333,0.898,0.8226645871152052
fixed_k2,87,81,0.7521008403361344,0.895,0.8253427059633331
fixed_k2,87,82,0.7556497175141242,0.8916666666666667,0.8279793422163164
fixed_k2,87,83,0.7589743589743589,0.888,0.8298264964430939
fixed_k2,87,84,0.7629310344827587,0.885,0.832653816393616
fixed_k2,87,85,0.767536231884058,0.8826666666666667,0.8350800000339635
fixed_k2,87,86,0.7716374269005848,0.8796666666666667,0.8376544809531418
fixed_k2,87,87,0.7737463126843658,0.8743333333333333,0.8413855708071971
fixed_k2,87,88,0.7791666666666667,0.8726666666666667,0.8441153395907904
fixed_k2,87,89,0.7831831831831831,0.8693333333333333,0.8460874464328104
fixed_k2,87,90,0.7875757575757576,0.8663333333333333,0.8482970519323377
fixed_k2,87,91,0.7908256880733945,0.862,0.8516649841516608
fixed_k2,87,92,0.7947530864197531,0.8583333333333333,0.8542201643833771
fixed_k2,87,93,0.797196261682243,0.853,0.856008710197751
fixed_k2,87,94,0.8009433962264151,0.849,0.8586792270610086
fixed_k2,87,95,0.8025396825396826,0.8426666666666667,0.8616057586259415
fixed_k2,87,96,0.8048076923076923,0.837,0.8642895501255404
fixed_k2,87,97,0.8071197411003236,0.8313333333333334,0.8672786544015955
fixed_k2,87,98,0.8107843137254902,0.827,0.8693094358439238
fixed_k2,87,99,0.8151815181518152,0.8233333333333334,0.8730661408088605
fixed_k2,87,100,0.8186666666666667,0.8186666666666667,0.8751491785830238
fixed_k2,87,101,0.8216088858970044,0.8136666666666666,0.8777090344778137
fixed_k2,87,102,0.8248894933696022,0.8086666666666666,0.8819447094472748
fixed_k2,87,103,0.8282377189969082,0.8036666666666666,0.8847995441920394
fixed_k2,87,104,0.8320027768136063,0.799,0.8871454488928556
fixed_k2,87,105,0.8351455629603648,0.7936666666666666,0.8916176692086549
fixed_k2,87,106,0.8383551931939028,0.7883333333333333,0.8942534230294095
fixed_k2,87,107,0.8412755284844142,0.7826666666666666,0.8966802409789345
fixed_k2,87,108,0.8424483882651214,0.7753333333333333,0.8994814730663268
fixed_k2,87,109,0.844013181984621,0.7683333333333333,0.903348703869594
fixed_k2,87,110,0.8448722695298038,0.7606666666666667,0.9065232238079634
fixed_k2,87,111,0.8457506551853239,0.753,0.9093896923346432
fixed_k2,87,112,0.8485422188564937,0.747,0.9127505031317887
fixed_k2,87,113,0.8502489467636921,0.74,0.9157130280564331
fixed_k2,87,114,0.8519953506392871,0.733,0.9199844200325772
fixed_k2,87,115,0.8529988239905919,0.7253333333333334,0.923141102287725
fixed_k2,87,116,0.8536295120983737,0.7173333333333334,0.9268554369717169
fixed_k2,87,117,0.8550782818145323,0.71,0.9294211846676023
fixed_k2,87,118,0.8565623730190979,0.7026666666666667,0.9316640387573236
fixed_k2,87,119,0.8572603866721514,0.6946666666666667,0.9345316699291689
fixed_k2,87,120,0.8592253227821741,0.6876666666666666,0.9364025213366961
fixed_k2,87,121,0.8612399831294812,0.6806666666666666,0.9394852624624538
fixed_k2,87,122,0.8628791114908159,0.6733333333333333,0.9424000372999541
fixed_k2,87,123,0.8632626568585028,0.665,0.9453411593978296
fixed_k2,87,124,0.8632178868917142,0.6563333333333333,0.9482071105217765
fixed_k2,87,125,0.8658374055975122,0.6496666666666666,0.9501771494711773
fixed_k2,87,126,0.8667266996848266,0.6416666666666667,0.9532667484697028
fixed_k2,87,127,0.8680967594705614,0.634,0.956376601900826
fixed_k2,87,128,0.8690421101341971,0.626,0.9599629505590248
fixed_k2,87,129,0.8718911309244486,0.6193333333333333,0.9623602079624187
fixed_k2,87,130,0.871965730604474,0.6106666666666667,0.9657606501186419
fixed_k2,87,131,0.8744567841622405,0.6036666666666667,0.96911745174642
fixed_k2,87,132,0.876531112199902,0.5963333333333334,0.9723177946173919
fixed_k2,87,133,0.8751864743908503,0.5866666666666667,0.9745479576231134
fixed_k2,87,134,0.8763250883392226,0.5786666666666667,0.976687952378105
fixed_k2,87,135,0.8790363915940543,0.5716666666666667,0.9789869106133414
fixed_k2,87,136,0.8802706923477356,0.5636666666666666,0.9812539891772664
fixed_k2,87,137,0.881544156530936,0.5556666666666666,0.98408507844587
fixed_k2,87,138,0.8839333691563676,0.5483333333333333,0.9869828951200456
fixed_k2,87,139,0.8847624249044238,0.54,0.9890823403178206
fixed_k2,87,140,0.8856191004997224,0.5316666666666666,0.991896861649605
fixed_k2,87,141,0.8865047995482778,0.5233333333333333,0.9952960644212759
fixed_k2,87,142,0.8856978747846066,0.514,0.9977805061743349
fixed_k2,87,143,0.8854471069549971,0.505,1.0008569583619822
fixed_k2,87,144,0.8851873884592505,0.496,1.0036681588849097
fixed_k2,87,145,0.887946698970321,0.4886666666666667,1.0058913713998823
fixed_k2,87,146,0.8877236273904997,0.4796666666666667,1.0087832672895412
fixed_k2,87,147,0.8893777498428661,0.4716666666666667,1.0124811768112347
fixed_k2,87,148,0.8891736066623959,0.46266666666666667,1.0150639135899726
fixed_k2,87,149,0.8902677988242979,0.4543333333333333,1.0172528370084521
fixed_k2,87,150,0.8914057295136576,0.446,1.0202552789147386
fixed_k2,87,151,0.8898708361658736,0.43633333333333335,1.0238085741149832
fixed_k2,87,152,0.890353920888272,0.42766666666666664,1.0260142244418362
fixed_k2,87,153,0.8922749822820695,0.4196666666666667,1.0277874408179926
fixed_k2,87,154,0.8921071687183201,0.4106666666666667,1.0296743828561599
fixed_k2,87,155,0.8926720947446336,0.402,1.032050417108036
fixed_k2,87,156,0.8909916729750189,0.3923333333333333,1.0342046624601124
fixed_k2,87,157,0.8915569326103796,0.38366666666666666,1.0373446333245375
fixed_k2,87,158,0.8905630452022204,0.37433333333333335,1.0390942986567127
fixed_k2,87,159,0.8911454102355808,0.36566666666666664,1.0408947466497942
fixed_k2,87,160,0.8892589508742714,0.356,1.0425744290582044
fixed_k2,87,161,0.892399658411614,0.34833333333333333,1.0470042746077162
fixed_k2,87,162,0.8913234005258545,0.339,1.0495349495497166
fixed_k2,87,163,0.8928892889288929,0.33066666666666666,1.0520070162912456
fixed_k2,87,164,0.8926919518963923,0.32166666666666666,1.0545372219455944
fixed_k2,87,165,0.8962892483349191,0.314,1.0569324586243702
fixed_k2,87,166,0.8952007835455436,0.30466666666666664,1.0594762739963068
fixed_k2,87,167,0.8970736629667003,0.29633333333333334,1.0630651888093356
fixed_k2,87,168,0.8969823100936525,0.28733333333333333,1.0652747945459915
fixed_k2,87,169,0.8979591836734694,0.2786666666666667,1.067608693985939
fixed_k2,87,170,0.897891231964484,0.26966666666666667,1.070720702551585
fixed_k2,87,171,0.8989667049368542,0.261,1.074291490660609
fixed_k2,87,172,0.8989298454221165,0.252,1.0787910335170217
fixed_k2,87,173,0.8964241676942046,0.24233333333333335,1.0821578868628692
fixed_k2,87,174,0.8962868117797695,0.23333333333333334,1.084355594131017
fixed_k2,87,175,0.8988015978695073,0.225,1.087320581585137
fixed_k2,87,176,0.8986111111111111,0.21566666666666667,1.0914337554392672
fixed_k2,87,177,0.8971014492753623,0.20633333333333334,1.0943765731338424
fixed_k2,87,178,0.896969696969697,0.19733333333333333,1.0974421514446226
fixed_k2,87,179,0.8952380952380953,0.188,1.1006580242473323
fixed_k2,87,180,0.8983333333333333,0.17966666666666667,1.1051117162212816
fixed_k2,87,181,0.9017543859649123,0.17133333333333334,1.1080406350042855
fixed_k2,87,182,0.9018518518518519,0.16233333333333333,1.1117576598495582
fixed_k2,87,183,0.8960784313725491,0.15233333333333332,1.1173002904593021
fixed_k2,87,184,0.8916666666666667,0.14266666666666666,1.1203690937377697
fixed_k2,87,185,0.8911111111111111,0.13366666666666666,1.124757962256471
fixed_k2,87,186,0.8952380952380953,0.12533333333333332,1.1308773937873482
fixed_k2,87,187,0.8948717948717949,0.11633333333333333,1.1360265295672325
fixed_k2,87,188,0.8916666666666667,0.107,1.1421398117943617
fixed_k2,87,189,0.8939393939393939,0.09833333333333333,1.1477802671209674
fixed_k2,87,190,0.9066666666666666,0.09066666666666667,1.1532471231324752
fixed_k2,87,191,0.8962962962962963,0.08066666666666666,1.1588763617683255
fixed_k2,87,192,0.9,0.072,1.166885350471585
fixed_k2,87,193,0.9095238095238095,0.06366666666666666,1.1744148579604856
fixed_k2,87,194,0.8944444444444445,0.05366666666666667,1.1826819838799811
fixed_k2,87,195,0.9,0.045,1.1906007822398603
fixed_k2,87,196,0.925,0.037,1.2007330305883763
fixed_k2,87,197,0.9222222222222223,0.027666666666666666,1.2122989538202626
fixed_k2,87,198,0.9333333333333333,0.018666666666666668,1.2287815739843448
fixed_k2,87,199,0.9333333333333333,0.009333333333333334,1.2589779544504207
fixed_k2,87,200,1.0,0.0,inf
frozen_k1,13,0,0.5,1.0,0.5930380856701735
frozen_k1,13,1,0.5024284039524368,1.0,0.7060296952403519
frozen_k1,13,2,0.504628850361892,0.9993333333333333,0.7297910996351924
frozen_k1,13,3,0.5071899847741499,0.9993333333333333,0.7435133656812382
frozen_k1,13,4,0.5094371705492263,0.9986666666666667,0.7533701206159519
frozen_k1,13,5,0.5118783113997607,0.9983333333333333,0.7608942961660452
frozen_k1,13,6,0.5145164061157876,0.9983333333333333,0.7656593657265611
frozen_k1,13,7,0.5170091521326196,0.998,0.7721560059286171
frozen_k1,13,8,0.5195278597465718,0.9976666666666667,0.7767859733194595
frozen_k1,13,9,0.5222474262781365,0.9976666666666667,0.782104440708819
frozen_k1,13,10,0.5246447991580424,0.997,0.7881277102372648
frozen_k1,13,11,0.5272438723329219,0.9966666666666667,0.7920701654418654
frozen_k1,13,12,0.5298705903208651,0.9963333333333333,0.7971245349231164
frozen_k1,13,13,0.5327036178934237,0.9963333333333333,0.8029420306797885
frozen_k1,13,14,0.5355671026697725,0.9963333333333333,0.8067080047640618
frozen_k1,13,15,0.5384615384615384,0.9963333333333333,0.8117150083092457
frozen_k1,13,16,0.5413874298134396,0.9963333333333333,0.8154811003920781
frozen_k1,13,17,0.5441631761063559,0.996,0.8186931677358644
frozen_k1,13,18,0.5469694195202344,0.9956666666666667,0.8226871177333371
frozen_k1,13,19,0.5499907935923403,0.9956666666666667,0.8268136372138027
frozen_k1,13,20,0.5530457322718015,0.9956666666666667,0.8297113629576278
frozen_k1,13,21,0.5561347979892013,0.9956666666666667,0.8329973540962942
frozen_k1,13,22,0.5592585658116458,0.9956666666666667,0.8356407245987105
frozen_k1,13,23,0.5622293353417436,0.9953333333333333,0.8386719646860703
frozen_k1,13,24,0.5654232153001325,0.9953333333333333,0.841727655090506
frozen_k1,13,25,0.568463149876214,0.995,0.8439597060417227
frozen_k1,13,26,0.5715380195364873,0.9946666666666667,0.8457737999232413
frozen_k1,13,27,0.5744557888653439,0.994,0.8480114873123024
frozen_k1,13,28,0.5776012400697539,0.9936666666666667,0.8498108629858393
frozen_k1,13,29,0.5809783667900994,0.9936666666666667,0.851761611053104
frozen_k1,13,30,0.5840031366398746,0.993,0.8539955905182682
frozen_k1,13,31,0.5874580950502859,0.993,0.8567141348079215
frozen_k1,13,32,0.5909541757587781,0.993,0.8590008393049882
frozen_k1,13,33,0.5942925563759729,0.9926666666666667,0.8621167182743837
frozen_k1,13,34,0.5972696245733788,0.9916666666666667,0.8650298990131192
frozen_k1,13,35,0.6008887093516462,0.9916666666666667,0.8669871037728222
frozen_k1,13,36,0.6043487096118675,0.9913333333333333,0.8700032199581977
frozen_k1,13,37,0.6078511551829892,0.991,0.871789170208726
frozen_k1,13,38,0.6116025509154495,0.991,0.8736073036777605
frozen_k1,13,39,0.6147795487476713,0.99,0.8756203334530243
frozen_k1,13,40,0.6184128306602791,0.9896666666666667,0.8771742930351539
frozen_k1,13,41,0.622301404317753,0.9896666666666667,0.879607300704417
frozen_k1,13,42,0.6258173381143218,0.989,0.8816209649282195
frozen_k1,13,43,0.6287412438972617,0.9873333333333333,0.8834600932253568
frozen_k1,13,44,0.6317026276436659,0.9856666666666667,0.8862561567986702
frozen_k1,13,45,0.6353472371533003,0.985,0.888285436863006
frozen_k1,13,46,0.6390391690110365,0.9843333333333333,0.8903578766432771
frozen_k1,13,47,0.6429971683729035,0.984,0.8922008853714114
frozen_k1,13,48,0.6465687349265512,0.983,0.8939902813174979
frozen_k1,13,49,0.6506290002207018,0.9826666666666667,0.8962275901500413
frozen_k1,13,50,0.6542990446567429,0.9816666666666667,0.8983696813636532
frozen_k1,13,51,0.6580183404160144,0.9806666666666667,0.9003910529759114
frozen_k1,13,52,0.6620130601215942,0.98,0.9024619203665568
frozen_k1,13,53,0.6658354114713217,0.979,0.9042214210377698
frozen_k1,13,54,0.6697101118466103,0.978,0.9070974260722058
frozen_k1,13,55,0.6729487474143875,0.976,0.9097819170079345
frozen_k1,13,56,0.6766952094422587,0.9746666666666667,0.9117819325866029
frozen_k1,13,57,0.6809601491493824,0.974,0.9136544828081887
frozen_k1,13,58,0.6852851443323164,0.9733333333333334,0.916161670490699
frozen_k1,13,59,0.688489718742614,0.971,0.9179220447664775
frozen_k1,13,60,0.6931682932635087,0.9706666666666667,0.9198429106540129
frozen_k1,13,61,0.6971949172860226,0.9693333333333334,0.9214777357390558
frozen_k1,13,62,0.7007969089591886,0.9673333333333334,0.9240832717815843
frozen_k1,13,63,0.7049379712965216,0.966,0.9266230502205232
frozen_k1,13,64,0.7093849546679736,0.965,0.9285688774096015
frozen_k1,13,65,0.7143915082695631,0.9646666666666667,0.931522757154104
frozen_k1,13,66,0.7189753792588908,0.9636666666666667,0.9340532569331174
frozen_k1,13,67,0.7236281633675771,0.9626666666666667,0.9364985062718723
frozen_k1,13,68,0.7283514264074729,0.9616666666666667,0.9384870280353252
frozen_k1,13,69,0.7326380055965404,0.96,0.9408989696058389
frozen_k1,13,70,0.736734170725455,0.958,0.9425664039881133
frozen_k1,13,71,0.7403771635236372,0.9553333333333334,0.9449420024450611
frozen_k1,13,72,0.74355636552981,0.952,0.9470616054519003
frozen_k1,13,73,0.7457360272894253,0.9473333333333334,0.9497795128892353
frozen_k1,13,74,0.7484792382967469,0.9433333333333334,0.9518170556028365
frozen_k1,13,75,0.7517995201279659,0.94,0.9536776796601298
frozen_k1,13,76,0.7543671056167697,0.9356666666666666,0.95509622589244
frozen_k1,13,77,0.7567054998645354,0.931,0.9566037045033134
frozen_k1,13,78,0.7599016662114176,0.9273333333333333,0.9582549173805665
frozen_k1,13,79,0.7634260534288075,0.924,0.9606559941267833
frozen_k1,13,80,0.7650652596500972,0.9183333333333333,0.9620635801743167
frozen_k1,13,81,0.7672920750490059,0.9133333333333333,0.9637883012881504
frozen_k1,13,82,0.7692742163230726,0.908,0.9649894966922571
frozen_k1,13,83,0.7704357732839647,0.9016666666666666,0.9665006744700471
frozen_k1,13,84,0.7719046251077276,0.8956666666666667,0.9680783751676943
frozen_k1,13,85,0.7736887858591712,0.89,0.9694287360953237
frozen_k1,13,86,0.7746273019584917,0.8833333333333333,0.9704941256343226
frozen_k1,13,87,0.7752875258035977,0.8763333333333333,0.9719254440694581
frozen_k1,13,88,0.775662005355549,0.869,0.9736477683170754
frozen_k1,13,89,0.7768768768768769,0.8623333333333333,0.9748214839910263
frozen_k1,13,90,0.7787878787878788,0.8566666666666667,0.9761996977191527
frozen_k1,13,91,0.7798165137614679,0.85,0.9774696677012543
frozen_k1,13,92,0.7824074074074074,0.845,0.9786964938878328
frozen_k1,13,93,0.7844236760124611,0.8393333333333334,0.980220477756565
frozen_k1,13,94,0.7839622641509434,0.831,0.9812230730875764
frozen_k1,13,95,0.7847619047619048,0.824,0.9820265918997046
frozen_k1,13,96,0.7852564102564102,0.8166666666666667,0.9830007885765192
frozen_k1,13,97,0.7867313915857606,0.8103333333333333,0.9837423578131312
frozen_k1,13,98,0.7866013071895425,0.8023333333333333,0.9847079502503034
frozen_k1,13,99,0.7867986798679868,0.7946666666666666,0.9859106734163705
frozen_k1,13,100,0.7873333333333333,0.7873333333333333,0.9869419331588017
frozen_k1,13,101,0.7882867721305957,0.7806666666666666,0.9878014666565083
frozen_k1,13,102,0.7898673920435226,0.7743333333333333,0.9885690504729028
frozen_k1,13,103,0.790106492614222,0.7666666666666667,0.9894863412684461
frozen_k1,13,104,0.7906976744186046,0.7593333333333333,0.9904545503628709
frozen_k1,13,105,0.7927043142756928,0.7533333333333333,0.9910718267731632
frozen_k1,13,106,0.7919177596596951,0.7446666666666667,0.9918958647863978
frozen_k1,13,107,0.7918308849874597,0.7366666666666667,0.9926889255893085
frozen_k1,13,108,0.7931908728721477,0.73,0.9934275247692937
frozen_k1,13,109,0.7945807396558038,0.7233333333333334,0.9940134690326687
frozen_k1,13,110,0.7945205479452054,0.7153333333333334,0.995013547626435
frozen_k1,13,111,0.7963309621864471,0.709,0.9955419667047486
frozen_k1,13,112,0.7978038621734191,0.7023333333333334,0.9962593163346863
frozen_k1,13,113,0.798544618919954,0.695,0.9968718637369173
frozen_k1,13,114,0.7989151491669896,0.6873333333333334,0.9974411583997965
frozen_k1,13,115,0.79968639749118,0.68,0.9979928552966201
frozen_k1,13,116,0.7988893296310988,0.6713333333333333,0.9987017465542501
frozen_k1,13,117,0.7980730630268968,0.6626666666666666,0.9993148707813543
frozen_k1,13,118,0.7976432344575376,0.6543333333333333,0.9998356743808527
frozen_k1,13,119,0.7980255039078569,0.6466666666666666,1.0004976074511094
frozen_k1,13,120,0.7980008329862557,0.6386666666666667,1.0011063895077585
frozen_k1,13,121,0.799662589624631,0.632,1.0016279569410458
frozen_k1,13,122,0.7983767620674925,0.623,1.0022888764262594
frozen_k1,13,123,0.7983556901774124,0.615,1.002954936469563
frozen_k1,13,124,0.8000876808417361,0.6083333333333333,1.0036147406490836
frozen_k1,13,125,0.8014215904042647,0.6013333333333334,1.0041706867532127
frozen_k1,13,126,0.8009905447996398,0.593,1.0047709467085004
frozen_k1,13,127,0.8014605203103605,0.5853333333333334,1.005383747428416
frozen_k1,13,128,0.8033317908375752,0.5786666666666667,1.0060566236297166
frozen_k1,13,129,0.8033786954481464,0.5706666666666667,1.0066467480580548
frozen_k1,13,130,0.8024750118990956,0.562,1.0072715206404539
frozen_k1,13,131,0.803476581361661,0.5546666666666666,1.0078408077414662
frozen_k1,13,132,0.8035276825085742,0.5466666666666666,1.0084778217086237
frozen_k1,13,133,0.8055693684733963,0.54,1.009245898314212
frozen_k1,13,134,0.8071680969207471,0.533,1.010215868761442
frozen_k1,13,135,0.8072783188108662,0.525,1.010575262319306
frozen_k1,13,136,0.8084331077563769,0.5176666666666667,1.0110999766867212
frozen_k1,13,137,0.8080380750925437,0.5093333333333333,1.011681207686953
frozen_k1,13,138,0.8076303062869425,0.501,1.0121518629093482
frozen_k1,13,139,0.8088476242490442,0.49366666666666664,1.0126908037117146
frozen_k1,13,140,0.807329261521377,0.4846666666666667,1.013338454618481
frozen_k1,13,141,0.8063241106719368,0.476,1.0140016942051058
frozen_k1,13,142,0.8058587018954624,0.4676666666666667,1.014508074212949
frozen_k1,13,143,0.8059614260666277,0.45966666666666667,1.0149792450335082
frozen_k1,13,144,0.8066627007733492,0.452,1.015541689008757
frozen_k1,13,145,0.8079951544518473,0.44466666666666665,1.0162718735446932
frozen_k1,13,146,0.8106107341147439,0.438,1.0170684428743644
frozen_k1,13,147,0.8108108108108109,0.43,1.0176900452868007
frozen_k1,13,148,0.8135810377962844,0.42333333333333334,1.0181399756377378
frozen_k1,13,149,0.8158066623122142,0.41633333333333333,1.018905452334977
frozen_k1,13,150,0.8154563624250499,0.408,1.019565045492192
frozen_k1,13,151,0.8164513936097892,0.4003333333333333,1.020369316381496
frozen_k1,13,152,0.8188757807078417,0.3933333333333333,1.0210657039530828
frozen_k1,13,153,0.8185683912119065,0.385,1.0216771845633987
frozen_k1,13,154,0.8204199855177408,0.37766666666666665,1.0223991459310358
frozen_k1,13,155,0.8238341968911918,0.371,1.0228671170031276
frozen_k1,13,156,0.8213474640423921,0.3616666666666667,1.023574243495046
frozen_k1,13,157,0.8241673121611154,0.3546666666666667,1.024384953091712
frozen_k1,13,158,0.8223632038065027,0.3456666666666667,1.025159828725182
frozen_k1,13,159,0.8245329000812348,0.3383333333333333,1.0258276250108789
frozen_k1,13,160,0.8251457119067444,0.3303333333333333,1.0266450975490387
frozen_k1,13,161,0.8266438941076003,0.32266666666666666,1.0272392626040139
frozen_k1,13,162,0.8290972830850132,0.31533333333333335,1.0279969077854605
frozen_k1,13,163,0.828982898289829,0.307,1.028645853075039
frozen_k1,13,164,0.8325624421831638,0.3,1.0293114476115643
frozen_k1,13,165,0.8325404376784015,0.2916666666666667,1.0298297445718982
frozen_k1,13,166,0.8383937316356513,0.2853333333333333,1.0306992892033984
frozen_k1,13,167,0.8375378405650857,0.27666666666666667,1.0317240820401476
frozen_k1,13,168,0.8428720083246618,0.27,1.0323768994194311
frozen_k1,13,169,0.8464017185821697,0.26266666666666666,1.0332654302696767
frozen_k1,13,170,0.8512763596004439,0.25566666666666665,1.0339620386035862
frozen_k1,13,171,0.8541905855338691,0.248,1.0348434326336224
frozen_k1,13,172,0.8573127229488704,0.24033333333333334,1.0359450385956939
frozen_k1,13,173,0.8581997533908755,0.232,1.0368241104936755
frozen_k1,13,174,0.8553137003841229,0.22266666666666668,1.0377325251945893
frozen_k1,13,175,0.8575233022636485,0.21466666666666667,1.0386719294286686
frozen_k1,13,176,0.8626907073509015,0.20733333333333334,1.0394673300267787
frozen_k1,13,177,0.8668596237337193,0.19966666666666666,1.0400601526641016
frozen_k1,13,178,0.8683812405446294,0.19133333333333333,1.040984630605436
frozen_k1,13,179,0.8700475435816165,0.183,1.0419269171355083
frozen_k1,13,180,0.8685524126455907,0.174,1.0427682295917016
frozen_k1,13,181,0.8666666666666667,0.16466666666666666,1.0436798240545824
frozen_k1,13,182,0.8703703703703703,0.15666666666666668,1.0443578249111936
frozen_k1,13,183,0.8705882352941177,0.148,1.0450343427604023
frozen_k1,13,184,0.86875,0.139,1.0459560676058788
frozen_k1,13,185,0.8733333333333333,0.131,1.0469755156190648
frozen_k1,13,186,0.8714285714285714,0.122,1.048029595522992
frozen_k1,13,187,0.8794871794871795,0.11433333333333333,1.0491617646864584
frozen_k1,13,188,0.8916666666666667,0.107,1.0505488138269046
frozen_k1,13,189,0.8909090909090909,0.098,1.0519438936808547
frozen_k1,13,190,0.8866666666666667,0.08866666666666667,1.0529473296993799
frozen_k1,13,191,0.9,0.081,1.0541988378905545
frozen_k1,13,192,0.9083333333333333,0.07266666666666667,1.055827469565276
frozen_k1,13,193,0.9095238095238095,0.06366666666666666,1.0577899267534976
frozen_k1,13,194,0.9166666666666666,0.055,1.0593027862375368
frozen_k1,13,195,0.92,0.046,1.061534995236678
frozen_k1,13,196,0.9083333333333333,0.036333333333333336,1.0629021149145
frozen_k1,13,197,0.9222222222222223,0.027666666666666666,1.0654066255046741
frozen_k1,13,198,0.95,0.019,1.0673523780832088
frozen_k1,13,199,0.9,0.009,1.070687746621544
frozen_k1,13,200,1.0,0.0,inf
frozen_k1,42,0,0.5,1.0,0.5930380856701735
frozen_k1,42,1,0.5024284039524368,1.0,0.7072631926783565
frozen_k1,42,2,0.5047971721932335,0.9996666666666667,0.7346962870689427
frozen_k1,42,3,0.5073591608864828,0.9996666666666667,0.7493685701396884
frozen_k1,42,4,0.5096072096582214,0.999,0.7621672102652213
frozen_k1,42,5,0.5122201333105452,0.999,0.7704566305601355
frozen_k1,42,6,0.5146881979041402,0.9986666666666667,0.7763914798430376
frozen_k1,42,7,0.5173545156276982,0.9986666666666667,0.7842578574473392
frozen_k1,42,8,0.5197014407220969,0.998,0.7887740623853798
frozen_k1,42,9,0.5222474262781365,0.9976666666666667,0.793216611821876
frozen_k1,42,10,0.5246447991580424,0.997,0.8001975910660725
frozen_k1,42,11,0.5274202080761771,0.997,0.8054006246886328
frozen_k1,42,12,0.5302251373869882,0.997,0.809320859553285
frozen_k1,42,13,0.5328818392443415,0.9966666666666667,0.8129866181125307
frozen_k1,42,14,0.5355671026697725,0.9963333333333333,0.8164448571380519
frozen_k1,42,15,0.5384615384615384,0.9963333333333333,0.819959349551179
frozen_k1,42,16,0.5410251765984423,0.9956666666666667,0.8235450322538669
frozen_k1,42,17,0.5437989437260973,0.9953333333333333,0.825560858689195
frozen_k1,42,18,0.5467863028749314,0.9953333333333333,0.8284385124875162
frozen_k1,42,19,0.549622537285951,0.995,0.8317951565688987
frozen_k1,42,20,0.5526754304758378,0.995,0.834552919885028
frozen_k1,42,21,0.5557624278532861,0.995,0.8371999394048552
frozen_k1,42,22,0.5585096423890658,0.9943333333333333,0.8399893706718137
frozen_k1,42,23,0.5616644699679909,0.9943333333333333,0.8428235375684376
frozen_k1,42,24,0.5646657829956447,0.994,0.8448642049006486
frozen_k1,42,25,0.5675109502951818,0.9933333333333333,0.8466604831623203
frozen_k1,42,26,0.5707718827810764,0.9933333333333333,0.8491532092389747
frozen_k1,42,27,0.5738778655365054,0.993,0.851490641406034
frozen_k1,42,28,0.5768261964735516,0.9923333333333333,0.8534399562288993
frozen_k1,42,29,0.580198791658546,0.9923333333333333,0.8554655452733292
frozen_k1,42,30,0.5836110566555577,0.9923333333333333,0.8583266722644638
frozen_k1,42,31,0.5864720962334845,0.9913333333333333,0.8604887088560632
frozen_k1,42,32,0.589565562388415,0.9906666666666667,0.8622688201671598
frozen_k1,42,33,0.5926960686489723,0.99,0.8650224222707266
frozen_k1,42,34,0.5962658100782975,0.99,0.8664134572289528
frozen_k1,42,35,0.5998788123611392,0.99,0.869717797542107
frozen_k1,42,36,0.6035358666937615,0.99,0.8714471993575531
frozen_k1,42,37,0.6070333265180945,0.9896666666666667,0.8733451992613284
frozen_k1,42,38,0.6107796749639992,0.9896666666666667,0.8751711756647319
frozen_k1,42,39,0.6143655557855516,0.9893333333333333,0.8768942108874382
frozen_k1,42,40,0.6179962507810872,0.989,0.8787784571632038
frozen_k1,42,41,0.6212534059945504,0.988,0.8808975212517919
frozen_k1,42,42,0.6249736342543767,0.9876666666666667,0.8828253076717831
frozen_k1,42,43,0.6289535130545532,0.9876666666666667,0.8850194207101856
frozen_k1,42,44,0.6323435163426618,0.9866666666666667,0.8872971765361671
frozen_k1,42,45,0.636207267254354,0.9863333333333333,0.8890521087645333
frozen_k1,42,46,0.6401211858904999,0.986,0.8912794965089725
frozen_k1,42,47,0.6440862557177086,0.9856666666666667,0.8931567651358693
frozen_k1,42,48,0.6481034860776146,0.9853333333333333,0.8953026696944949
frozen_k1,42,49,0.6521739130434783,0.985,0.8973037853919548
frozen_k1,42,50,0.6565207731615197,0.985,0.8994002294929169
frozen_k1,42,51,0.660254976515321,0.984,0.902041919764687
frozen_k1,42,52,0.6642648052240486,0.9833333333333333,0.9040120713296628
frozen_k1,42,53,0.6685558830197235,0.983,0.9068258989525193
frozen_k1,42,54,0.6726774708970554,0.9823333333333333,0.9091781196321641
frozen_k1,42,55,0.6770857274189841,0.982,0.9114358286953277
frozen_k1,42,56,0.6808609118259662,0.9806666666666667,0.9138534846362281
frozen_k1,42,57,0.6851549755301795,0.98,0.9167822619051705
frozen_k1,42,58,0.6890401314245482,0.9786666666666667,0.9192285142393547
frozen_k1,42,59,0.6936894351217207,0.9783333333333334,0.9214777357390558
frozen_k1,42,60,0.6979290645084504,0.9773333333333334,0.9240832717815843
frozen_k1,42,61,0.7022296811316231,0.9763333333333334,0.9274168287288724
frozen_k1,42,62,0.7065926104805602,0.9753333333333334,0.9308704026430697
frozen_k1,42,63,0.7115057163707127,0.975,0.933942430782541
frozen_k1,42,64,0.7160009801519236,0.974,0.9366444091146824
frozen_k1,42,65,0.7213033818810171,0.974,0.9395167000718877
frozen_k1,42,66,0.7261875155433971,0.9733333333333334,0.9420740470378908
frozen_k1,42,67,0.7303933851165122,0.9716666666666667,0.9449873156657572
frozen_k1,42,68,0.7346629638980056,0.97,0.948080864231954
frozen_k1,42,69,0.7374713813279064,0.9663333333333334,0.9509799871842688
frozen_k1,42,70,0.7416047167392976,0.9643333333333334,0.9538058219696823
frozen_k1,42,71,0.7455437871351072,0.962,0.9556605192868007
frozen_k1,42,72,0.7492840406144233,0.9593333333333334,0.9574194316274164
frozen_k1,42,73,0.7522959853056941,0.9556666666666667,0.959993160628378
frozen_k1,42,74,0.7561491668870669,0.953,0.9620635801743167
frozen_k1,42,75,0.7592641962143428,0.9493333333333334,0.9638909239174828
frozen_k1,42,76,0.762698199408761,0.946,0.9656493658808065
frozen_k1,42,77,0.7661880249254944,0.9426666666666667,0.9681278253696334
frozen_k1,42,78,0.768642447418738,0.938,0.9700077370339536
frozen_k1,42,79,0.7716882401542274,0.934,0.9716294884104041
frozen_k1,42,80,0.7741666666666667,0.929,0.9741250390998227
frozen_k1,42,81,0.7778711484593838,0.9256666666666666,0.9757390626355265
frozen_k1,42,82,0.7816384180790961,0.9223333333333333,0.9770442974481491
frozen_k1,42,83,0.7849002849002849,0.9183333333333333,0.9786964938878328
frozen_k1,42,84,0.7879310344827586,0.914,0.9803341453588927
frozen_k1,42,85,0.7901449275362319,0.9086666666666666,0.9817556791533747
frozen_k1,42,86,0.7923976608187134,0.9033333333333333,0.9829818853224396
frozen_k1,42,87,0.7955752212389381,0.899,0.9839313035633465
frozen_k1,42,88,0.7973214285714286,0.893,0.9853681472167102
frozen_k1,42,89,0.7996996996996997,0.8876666666666667,0.986934831760614
frozen_k1,42,90,0.8021212121212121,0.8823333333333333,0.9881352866448947
frozen_k1,42,91,0.8042813455657493,0.8766666666666667,0.9893479806462371
frozen_k1,42,92,0.807716049382716,0.8723333333333333,0.9905073517404832
frozen_k1,42,93,0.8099688473520249,0.8666666666666667,0.9914660491684874
frozen_k1,42,94,0.810377358490566,0.859,0.9926401978411019
frozen_k1,42,95,0.813015873015873,0.8536666666666667,0.9934640203354325
frozen_k1,42,96,0.8150641025641026,0.8476666666666667,0.9942318327624308
frozen_k1,42,97,0.8177993527508091,0.8423333333333334,0.9952810741781238
frozen_k1,42,98,0.822875816993464,0.8393333333333334,0.9962411240983909
frozen_k1,42,99,0.8250825082508251,0.8333333333333334,0.9970750092219497
frozen_k1,42,100,0.827,0.827,0.9976224360060988
frozen_k1,42,101,0.8296869740828005,0.8216666666666667,0.998404019378051
frozen_k1,42,102,0.8303298197891874,0.814,0.9992274869828068
frozen_k1,42,103,0.8327035383029887,0.808,0.9999089082134959
frozen_k1,42,104,0.8337382853175981,0.8006666666666666,1.0007026455049868
frozen_k1,42,105,0.8351455629603648,0.7936666666666666,1.001407971805046
frozen_k1,42,106,0.836937256292095,0.787,1.0021310963938126
frozen_k1,42,107,0.8391257613758509,0.7806666666666666,1.002954936469563
frozen_k1,42,108,0.8424483882651214,0.7753333333333333,1.0037584653937235
frozen_k1,42,109,0.8436470157451483,0.768,1.0043552207053705
frozen_k1,42,110,0.8452425027767494,0.761,1.0052207993980222
frozen_k1,42,111,0.8468738300262074,0.754,1.0057628879025855
frozen_k1,42,112,0.8489208633093526,0.7473333333333333,1.0065215820357896
frozen_k1,42,113,0.8502489467636921,0.74,1.007259625538778
frozen_k1,42,114,0.8531576908175126,0.734,1.0078661985113744
frozen_k1,42,115,0.8561348490787927,0.728,1.008702637831483
frozen_k1,42,116,0.8583895279650933,0.7213333333333334,1.0097607745225887
frozen_k1,42,117,0.8598956242472903,0.714,1.0103305404473923
frozen_k1,42,118,0.8622511174319383,0.7073333333333334,1.0109612643511043
frozen_k1,42,119,0.8642533936651584,0.7003333333333334,1.0115229712172555
frozen_k1,42,120,0.8646397334443982,0.692,1.0120616463625174
frozen_k1,42,121,0.8663011387600169,0.6846666666666666,1.0126908037117146
frozen_k1,42,122,0.8680051260145237,0.6773333333333333,1.0133092615004502
frozen_k1,42,123,0.8710514928602336,0.671,1.0139647987611466
frozen_k1,42,124,0.8702323542306006,0.6616666666666666,1.0144713770476625
frozen_k1,42,125,0.8747223456241671,0.6563333333333333,1.0150515508591536
frozen_k1,42,126,0.8770823953174246,0.6493333333333333,1.015631974107919
frozen_k1,42,127,0.879963486992241,0.6426666666666667,1.0162718735446932
frozen_k1,42,128,0.8824618232299861,0.6356666666666667,1.0170187888267872
frozen_k1,42,129,0.8831534490849366,0.6273333333333333,1.0176469936239387
frozen_k1,42,130,0.8857686815802,0.6203333333333333,1.0181277888554694
frozen_k1,42,131,0.8874939642684694,0.6126666666666667,1.0186606009683343
frozen_k1,42,132,0.8878000979911808,0.604,1.0193567951800706
frozen_k1,42,133,0.8896071606166086,0.5963333333333334,1.0201434606081021
frozen_k1,42,134,0.889449772841999,0.5873333333333334,1.020746829589354
frozen_k1,42,135,0.8903126601742696,0.579,1.0213894048356358
frozen_k1,42,136,0.892243623112962,0.5713333333333334,1.0220295109946598
frozen_k1,42,137,0.8942358540454786,0.5636666666666666,1.022453740256416
frozen_k1,42,138,0.8979043524986566,0.557,1.023024280374978
frozen_k1,42,139,0.8989623156744948,0.5486666666666666,1.0237323833994325
frozen_k1,42,140,0.9006107717934481,0.5406666666666666,1.0243152429381546
frozen_k1,42,141,0.9023150762281197,0.5326666666666666,1.0249567127782302
frozen_k1,42,142,0.9046524985640436,0.525,1.0255256971587476
frozen_k1,42,143,0.9064874342489772,0.517,1.0261833960921731
frozen_k1,42,144,0.907792980368828,0.5086666666666667,1.0267912673764958
frozen_k1,42,145,0.9109630526953362,0.5013333333333333,1.027228919668325
frozen_k1,42,146,0.9148673658235656,0.49433333333333335,1.0278000102740907
frozen_k1,42,147,0.9145191703331238,0.485,1.0283125005446965
frozen_k1,42,148,0.9154388212684177,0.47633333333333333,1.028872395787184
frozen_k1,42,149,0.9196603527106466,0.4693333333333333,1.0294068437745671
frozen_k1,42,150,0.9193870752831446,0.46,1.0298959756216026
frozen_k1,42,151,0.9225016995241332,0.4523333333333333,1.0306856108748466
frozen_k1,42,152,0.9222761970853574,0.443,1.0312512215497294
frozen_k1,42,153,0.92487597448618,0.435,1.0319065438537796
frozen_k1,42,154,0.9275887038377987,0.427,1.0323432379876036
frozen_k1,42,155,0.9296817172464841,0.4186666666666667,1.0330204766796498
frozen_k1,42,156,0.9288417865253595,0.409,1.0335438891612785
frozen_k1,42,157,0.9310611928737413,0.40066666666666667,1.0341178465257865
frozen_k1,42,158,0.9318001586042823,0.39166666666666666,1.0346621065609798
frozen_k1,42,159,0.9333874898456539,0.383,1.0352776298814055
frozen_k1,42,160,0.9333888426311407,0.37366666666666665,1.036114060560876
frozen_k1,42,161,0.9350982066609735,0.365,1.036793129100431
frozen_k1,42,162,0.9342681858019282,0.35533333333333333,1.0376679294060431
frozen_k1,42,163,0.9342934293429342,0.346,1.0382914113758446
frozen_k1,42,164,0.937095282146161,0.33766666666666667,1.0389406934927015
frozen_k1,42,165,0.9372026641294006,0.3283333333333333,1.0394130053987118
frozen_k1,42,166,0.9382957884427032,0.31933333333333336,1.039779341323956
frozen_k1,42,167,0.9394550958627649,0.31033333333333335,1.0403490262146526
frozen_k1,42,168,0.9406867845993756,0.30133333333333334,1.0412086001894738
frozen_k1,42,169,0.9419978517722879,0.29233333333333333,1.0418224503611304
frozen_k1,42,170,0.9433962264150944,0.2833333333333333,1.0424831622818806
frozen_k1,42,171,0.9448909299655568,0.2743333333333333,1.0432490870464914
frozen_k1,42,172,0.9464285714285714,0.265,1.0437873489732612
frozen_k1,42,173,0.9493827160493827,0.25633333333333336,1.0443969725478
frozen_k1,42,174,0.9512820512820512,0.24733333333333332,1.0450235205528577
frozen_k1,42,175,0.952,0.238,1.0456700385268451
frozen_k1,42,176,0.9541666666666667,0.229,1.0461469833253976
frozen_k1,42,177,0.9550724637681159,0.21966666666666668,1.0468980157575802
frozen_k1,42,178,0.956060606060606,0.21033333333333334,1.047634716906581
frozen_k1,42,179,0.9555555555555556,0.20066666666666666,1.0484166612831367
frozen_k1,42,180,0.9566666666666667,0.19133333333333333,1.0490895427322666
frozen_k1,42,181,0.9596491228070175,0.18233333333333332,1.0501579071397893
frozen_k1,42,182,0.9648148148148148,0.17366666666666666,1.0509322408098554
frozen_k1,42,183,0.9647058823529412,0.164,1.0518067243035412
frozen_k1,42,184,0.9645833333333333,0.15433333333333332,1.052597997294893
frozen_k1,42,185,0.9666666666666667,0.145,1.0533983006275207
frozen_k1,42,186,0.9666666666666667,0.13533333333333333,1.0542750602295665
frozen_k1,42,187,0.9717948717948718,0.12633333333333333,1.0550654959728147
frozen_k1,42,188,0.9777777777777777,0.11733333333333333,1.056137861403074
frozen_k1,42,189,0.9757575757575757,0.10733333333333334,1.0576694425306286
frozen_k1,42,190,0.98,0.098,1.05883334040596
frozen_k1,42,191,0.9814814814814815,0.08833333333333333,1.0597415923549038
frozen_k1,42,192,0.9875,0.079,1.061415377190346
frozen_k1,42,193,0.9857142857142858,0.069,1.062444459949621
frozen_k1,42,194,0.9833333333333333,0.059,1.0641448935419762
frozen_k1,42,195,0.9866666666666667,0.04933333333333333,1.0654066255046741
frozen_k1,42,196,0.9833333333333333,0.03933333333333333,1.0669053247922502
frozen_k1,42,197,0.9888888888888889,0.029666666666666668,1.0682963636454716
frozen_k1,42,198,0.9833333333333333,0.019666666666666666,1.0706738619463119
frozen_k1,42,199,0.9666666666666667,0.009666666666666667,1.0738906065083875
frozen_k1,42,200,1.0,0.0,inf
frozen_k1,87,0,0.5,1.0,0.5930380856701735
frozen_k1,87,1,0.5024284039524368,1.0,0.7099843624561815
frozen_k1,87,2,0.5047971721932335,0.9996666666666667,0.7331956138454833
frozen_k1,87,3,0.5073591608864828,0.9996666666666667,0.745826908026135
frozen_k1,87,4,0.5097772487672164,0.9993333333333333,0.7549855050491416
frozen_k1,87,5,0.5123910442659374,0.9993333333333333,0.7617548003428359
frozen_k1,87,6,0.5150317814808452,0.9993333333333333,0.7674163066769125
frozen_k1,87,7,0.5175271973752374,0.999,0.7741183567967834
frozen_k1,87,8,0.5202221836486721,0.999,0.780100096027257
frozen_k1,87,9,0.5229453847496074,0.999,0.7872340620936962
frozen_k1,87,10,0.525521838273987,0.9986666666666667,0.7908553487022709
frozen_k1,87,11,0.5281255510491977,0.9983333333333333,0.7958231028763135
frozen_k1,87,12,0.5309342315192341,0.9983333333333333,0.8013354434503384
frozen_k1,87,13,0.5337729459989307,0.9983333333333333,0.8056105953184989
frozen_k1,87,14,0.5366421788209998,0.9983333333333333,0.8102579845490983
frozen_k1,87,15,0.5395424247883265,0.9983333333333333,0.8138523772237304
frozen_k1,87,16,0.5424741894584314,0.9983333333333333,0.8179511676490505
frozen_k1,87,17,0.5452558732471317,0.998,0.8221286364746062
frozen_k1,87,18,0.5480681193920527,0.9976666666666667,0.8261325166995265
frozen_k1,87,19,0.5509114343583134,0.9973333333333333,0.8296039826050651
frozen_k1,87,20,0.5539714867617108,0.9973333333333333,0.8326098159540662
frozen_k1,87,21,0.557065723328989,0.9973333333333333,0.8355819664155575
frozen_k1,87,22,0.5600074892342258,0.997,0.8384873047945081
frozen_k1,87,23,0.5631707776313312,0.997,0.8412871153865739
frozen_k1,87,24,0.5661806476046204,0.9966666666666667,0.8437775407877163
frozen_k1,87,25,0.5694153494572463,0.9966666666666667,0.8456618147364017
frozen_k1,87,26,0.5724956904807508,0.9963333333333333,0.8479325639256959
frozen_k1,87,27,0.5756116355230206,0.996,0.8503044026301656
frozen_k1,87,28,0.5789575663631079,0.996,0.8527615587924408
frozen_k1,87,29,0.581952835704541,0.9953333333333333,0.8549086243608415
frozen_k1,87,30,0.5853754165849834,0.9953333333333333,0.8578047359163032
frozen_k1,87,31,0.5886412936304476,0.995,0.8605745514675809
frozen_k1,87,32,0.5919460424518944,0.9946666666666667,0.8633851347546675
frozen_k1,87,33,0.5948912392735981,0.9936666666666667,0.8660123418891253
frozen_k1,87,34,0.5984742019674764,0.9936666666666667,0.8689841767892063
frozen_k1,87,35,0.6021005857402545,0.9936666666666667,0.8712666358752749
frozen_k1,87,36,0.6055679739890266,0.9933333333333333,0.8732620861124697
frozen_k1,87,37,0.6086689838478838,0.9923333333333333,0.8752105875567099
frozen_k1,87,38,0.6122197078790372,0.992,0.8769019819366856
frozen_k1,87,39,0.6160215276340302,0.992,0.8794675775045058
frozen_k1,87,40,0.6194542803582587,0.9913333333333333,0.8816209649282195
frozen_k1,87,41,0.6227206036470342,0.9903333333333333,0.8834341284449405
frozen_k1,87,42,0.6260282640793081,0.9893333333333333,0.8862197433491505
frozen_k1,87,43,0.6295903205264275,0.9886666666666667,0.8881233016429738
frozen_k1,87,44,0.6336252937406537,0.9886666666666667,0.8901526372772509
frozen_k1,87,45,0.6370672973554075,0.9876666666666667,0.8917845341798634
frozen_k1,87,46,0.6407703960181779,0.987,0.8931477652009657
frozen_k1,87,47,0.6447397081245916,0.9866666666666667,0.8953757245052009
frozen_k1,87,48,0.6485419864064899,0.986,0.8971866492358461
frozen_k1,87,49,0.6512911057161774,0.9836666666666667,0.8991689685396227
frozen_k1,87,50,0.6551877360586537,0.983,0.9012310627009774
frozen_k1,87,51,0.6586893312458063,0.9816666666666667,0.9031418989994866
frozen_k1,87,52,0.662913758162576,0.9813333333333333,0.9050838196135724
frozen_k1,87,53,0.6667422353207889,0.9803333333333333,0.9079360105013822
frozen_k1,87,54,0.6699383702351062,0.9783333333333334,0.9100448187495495
frozen_k1,87,55,0.6736382440818203,0.977,0.9114358286953277
frozen_k1,87,56,0.6778523489932886,0.9763333333333334,0.9135262477307019
frozen_k1,87,57,0.6821253786996038,0.9756666666666667,0.9151959528514566
frozen_k1,87,58,0.6852851443323164,0.9733333333333334,0.9169356580733867
frozen_k1,87,59,0.6891987709761286,0.972,0.9190624934684393
frozen_k1,87,60,0.6936443703880029,0.9713333333333334,0.9205806142168347
frozen_k1,87,61,0.6976744186046512,0.97,0.9222316041675402
frozen_k1,87,62,0.7007969089591886,0.9673333333333334,0.9243037812382658
frozen_k1,87,63,0.7051812211140842,0.9663333333333334,0.9268997572718413
frozen_k1,87,64,0.7096299926488606,0.9653333333333334,0.9285688774096015
frozen_k1,87,65,0.7143915082695631,0.9646666666666667,0.9308704026430697
frozen_k1,87,66,0.7184779905496145,0.963,0.9324788618736781
frozen_k1,87,67,0.7228764720621398,0.9616666666666667,0.9342118029064888
frozen_k1,87,68,0.726836657409745,0.9596666666666667,0.9362742931989589
frozen_k1,87,69,0.7313660646146019,0.9583333333333334,0.9383182299927664
frozen_k1,87,70,0.7357087926172776,0.9566666666666667,0.9407804750059557
frozen_k1,87,71,0.7398605011624904,0.9546666666666667,0.9423595131529128
frozen_k1,87,72,0.7440770632647749,0.9526666666666667,0.9443841795292226
frozen_k1,87,73,0.7486224088165836,0.951,0.9463222226472529
frozen_k1,87,74,0.7513885215551441,0.947,0.9482442094953382
frozen_k1,87,75,0.7541988802985871,0.943,0.9504429074744027
frozen_k1,87,76,0.7583982800322494,0.9406666666666667,0.9524499982987388
frozen_k1,87,77,0.7613112977512869,0.9366666666666666,0.9544023798143405
frozen_k1,87,78,0.7653646544659929,0.934,0.9561897889384207
frozen_k1,87,79,0.7686587716882401,0.9303333333333333,0.9577624729478833
frozen_k1,87,80,0.7722854762565954,0.927,0.9599007620856674
frozen_k1,87,81,0.7754130495659479,0.923,0.9619247393909577
frozen_k1,87,82,0.7771815871222818,0.9173333333333333,0.9634897076311071
frozen_k1,87,83,0.7789803474793506,0.9116666666666666,0.9652677176861673
frozen_k1,87,84,0.7813846595805803,0.9066666666666666,0.96693254169698
frozen_k1,87,85,0.7832512315270936,0.901,0.9683913117148147
frozen_k1,87,86,0.785735165156387,0.896,0.9702292175594787
frozen_k1,87,87,0.7864936596874078,0.889,0.9719937102016916
frozen_k1,87,88,0.7875632252305861,0.8823333333333333,0.9738588747527638
frozen_k1,87,89,0.7885885885885886,0.8753333333333333,0.9750290830108458
frozen_k1,87,90,0.7890909090909091,0.868,0.9771067264726822
frozen_k1,87,91,0.7923547400611621,0.8636666666666667,0.9780223322085944
frozen_k1,87,92,0.7944444444444444,0.858,0.979189685907535
frozen_k1,87,93,0.7953271028037383,0.851,0.9805901533762589
frozen_k1,87,94,0.7981132075471699,0.846,0.98183591164361
frozen_k1,87,95,0.8012698412698412,0.8413333333333334,0.9832778398302139
frozen_k1,87,96,0.8025641025641026,0.8346666666666667,0.9847161131706077
frozen_k1,87,97,0.8038834951456311,0.828,0.9865209904612766
frozen_k1,87,98,0.8055555555555556,0.8216666666666667,0.98757228032241
frozen_k1,87,99,0.8082508250825082,0.8163333333333334,0.9889981633755756
frozen_k1,87,100,0.8106666666666666,0.8106666666666666,0.9898293431388685
frozen_k1,87,101,0.8111746886570178,0.8033333333333333,0.9907743161768763
frozen_k1,87,102,0.8126487589255356,0.7966666666666666,0.991658909698618
frozen_k1,87,103,0.8134661628306424,0.7893333333333333,0.992839606863392
frozen_k1,87,104,0.8146476917736897,0.7823333333333333,0.9937602518332637
frozen_k1,87,105,0.8148018239214311,0.7743333333333333,0.9950526645425078
frozen_k1,87,106,0.8167316554413329,0.768,0.9959127627986057
frozen_k1,87,107,0.8176280902902185,0.7606666666666667,0.9971372550538731
frozen_k1,87,108,0.8196305686345527,0.7543333333333333,0.9983638293281006
frozen_k1,87,109,0.8205785426583669,0.747,0.999503652666853
frozen_k1,87,110,0.8222880414661237,0.7403333333333333,1.0007052150678577
frozen_k1,87,111,0.822163983526769,0.732,1.0018112230454805
frozen_k1,87,112,0.823930329420674,0.7253333333333334,1.0029407263751398
frozen_k1,87,113,0.8257372654155496,0.7186666666666667,1.0041910811978607
frozen_k1,87,114,0.8248740798140256,0.7096666666666667,1.005058623190192
frozen_k1,87,115,0.8263426107408859,0.7026666666666667,1.0060034631089294
frozen_k1,87,116,0.8278460928203094,0.6956666666666667,1.0066508817545614
frozen_k1,87,117,0.8285828984343637,0.688,1.0076103289144478
frozen_k1,87,118,0.8293376676147908,0.6803333333333333,1.0084366081756302
frozen_k1,87,119,0.8301110654051831,0.6726666666666666,1.009398681849517
frozen_k1,87,120,0.8296543107038734,0.664,1.0102719417213661
frozen_k1,87,121,0.8300295234078447,0.656,1.0113158845426518
frozen_k1,87,122,0.8308415207176421,0.6483333333333333,1.0120159595015035
frozen_k1,87,123,0.8308091735179576,0.64,1.0130936750805686
frozen_k1,87,124,0.8312143796580447,0.632,1.0138710767259385
frozen_k1,87,125,0.8316303864948912,0.624,1.014703468406911
frozen_k1,87,126,0.8325078793336335,0.6163333333333333,1.0155886008746868
frozen_k1,87,127,0.8315837517115472,0.6073333333333333,1.01660678371804
frozen_k1,87,128,0.8320222119389171,0.5993333333333334,1.0173134242319306
frozen_k1,87,129,0.8315344908493665,0.5906666666666667,1.017940059228349
frozen_k1,87,130,0.8324607329842932,0.583,1.0186930066547957
frozen_k1,87,131,0.8324480927088364,0.5746666666666667,1.0196675143687608
frozen_k1,87,132,0.8343949044585988,0.5676666666666667,1.0207093160717997
frozen_k1,87,133,0.836399801093983,0.5606666666666666,1.021740233381805
frozen_k1,87,134,0.8359414437152953,0.552,1.0227303834357693
frozen_k1,87,135,0.8349564325986674,0.543,1.0234288807389005
frozen_k1,87,136,0.836022904737116,0.5353333333333333,1.0243388328625387
frozen_k1,87,137,0.8355367530407192,0.5266666666666666,1.0252143498477726
frozen_k1,87,138,0.8350349274583557,0.518,1.0261884249318596
frozen_k1,87,139,0.8367012561441836,0.5106666666666667,1.0268212549406976
frozen_k1,87,140,0.8367573570238757,0.5023333333333333,1.0276943490999537
frozen_k1,87,141,0.8362507058159232,0.49366666666666664,1.0287308283255474
frozen_k1,87,142,0.8363009764503159,0.48533333333333334,1.0296874442364978
frozen_k1,87,143,0.8381063705435418,0.478,1.0306876922035575
frozen_k1,87,144,0.8393813206424747,0.4703333333333333,1.0314771220508925
frozen_k1,87,145,0.8394912174439734,0.462,1.0325303126871768
frozen_k1,87,146,0.8402220851326342,0.454,1.0332170607644744
frozen_k1,87,147,0.8390949088623507,0.445,1.0337008975045754
frozen_k1,87,148,0.840486867392697,0.43733333333333335,1.0345803273737875
frozen_k1,87,149,0.8399738732854344,0.42866666666666664,1.0354611337010993
frozen_k1,87,150,0.8394403730846103,0.42,1.0362774196922633
frozen_k1,87,151,0.8416043507817811,0.4126666666666667,1.0374203619701945
frozen_k1,87,152,0.8445523941707148,0.4056666666666667,1.0382703835274807
frozen_k1,87,153,0.8469170800850461,0.3983333333333333,1.039568205189749
frozen_k1,87,154,0.8472121650977552,0.39,1.0401713891560929
frozen_k1,87,155,0.847520355292376,0.38166666666666665,1.0412557922217456
frozen_k1,87,156,0.8501135503406511,0.37433333333333335,1.0420162275770453
frozen_k1,87,157,0.8528272656855151,0.367,1.0428477655919681
frozen_k1,87,158,0.8509119746233148,0.3576666666666667,1.0436021650190872
frozen_k1,87,159,0.8545897644191714,0.3506666666666667,1.0443571773044409
frozen_k1,87,160,0.8517901748542881,0.341,1.0450512782428023
frozen_k1,87,161,0.852263023057216,0.33266666666666667,1.0456460812357196
frozen_k1,87,162,0.8536371603856266,0.32466666666666666,1.046376675039456
frozen_k1,87,163,0.8522522522522522,0.31533333333333335,1.04739212339268
frozen_k1,87,164,0.850925925925926,0.30633333333333335,1.048068419889057
frozen_k1,87,165,0.8533333333333334,0.2986666666666667,1.0490729124747342
frozen_k1,87,166,0.8539215686274509,0.29033333333333333,1.0498962626671684
frozen_k1,87,167,0.8535353535353535,0.2816666666666667,1.0506961086582867
frozen_k1,87,168,0.8541666666666666,0.2733333333333333,1.0514699609112361
frozen_k1,87,169,0.8559139784946237,0.2653333333333333,1.0522081252905575
frozen_k1,87,170,0.8588888888888889,0.25766666666666665,1.0529868155961484
frozen_k1,87,171,0.8586206896551725,0.249,1.0541380757818395
frozen_k1,87,172,0.861904761904762,0.24133333333333334,1.05500631859807
frozen_k1,87,173,0.8666666666666667,0.234,1.0562013284622163
frozen_k1,87,174,0.8692307692307693,0.226,1.0571249300001888
frozen_k1,87,175,0.8693333333333333,0.21733333333333332,1.0579676479673026
frozen_k1,87,176,0.875,0.21,1.0587940394766135
frozen_k1,87,177,0.8768115942028986,0.20166666666666666,1.05971982977896
frozen_k1,87,178,0.8787878787878788,0.19333333333333333,1.0611747362536783
frozen_k1,87,179,0.8809523809523809,0.185,1.061900587546487
frozen_k1,87,180,0.8866666666666667,0.17733333333333334,1.0626819967183625
frozen_k1,87,181,0.887719298245614,0.16866666666666666,1.063727477967279
frozen_k1,87,182,0.8907407407407407,0.16033333333333333,1.0644974078119949
frozen_k1,87,183,0.8901960784313725,0.15133333333333332,1.0657225485803141
frozen_k1,87,184,0.8895833333333333,0.14233333333333334,1.0664782223317288
frozen_k1,87,185,0.8933333333333333,0.134,1.0676515907733233
frozen_k1,87,186,0.8976190476190476,0.12566666666666668,1.0687820275087598
frozen_k1,87,187,0.9,0.117,1.0703255639396418
frozen_k1,87,188,0.9,0.108,1.0718631072344849
frozen_k1,87,189,0.8939393939393939,0.09833333333333333,1.0728018274206241
frozen_k1,87,190,0.89,0.089,1.0742241415044895
frozen_k1,87,191,0.8851851851851852,0.07966666666666666,1.0750886301249618
frozen_k1,87,192,0.8875,0.071,1.0760136657616703
frozen_k1,87,193,0.8857142857142857,0.062,1.0770033091745264
frozen_k1,87,194,0.8777777777777778,0.05266666666666667,1.077840018594452
frozen_k1,87,195,0.8866666666666667,0.044333333333333336,1.0797723127883867
frozen_k1,87,196,0.8833333333333333,0.035333333333333335,1.082240099397111
frozen_k1,87,197,0.8666666666666667,0.026,1.0849025565926254
frozen_k1,87,198,0.8666666666666667,0.017333333333333333,1.0888455391362237
frozen_k1,87,199,0.8333333333333334,0.008333333333333333,1.0924489895812268
frozen_k1,87,200,1.0,0.0,inf
mogb_fair,13,0,0.5,1.0,0.686779612417216
mogb_fair,13,1,0.5024284039524368,1.0,0.8017349679334661
mogb_fair,13,2,0.5044605285305505,0.999,0.8391735858303974
mogb_fair,13,3,0.507020808661817,0.999,0.8576402231997494
mogb_fair,13,4,0.5094371705492263,0.9986666666666667,0.8721359978078138
mogb_fair,13,5,0.5117074004443685,0.998,0.8825023058968259
mogb_fair,13,6,0.5143446143274352,0.998,0.8896602496675242
mogb_fair,13,7,0.5170091521326196,0.998,0.8979882994251319
mogb_fair,13,8,0.5197014407220969,0.998,0.9050996038682824
mogb_fair,13,9,0.5222474262781365,0.9976666666666667,0.91324756626674
mogb_fair,13,10,0.5249956148044203,0.9976666666666667,0.9193567358705458
mogb_fair,13,11,0.5277728795626874,0.9976666666666667,0.9256551836184508
mogb_fair,13,12,0.5305796844531111,0.9976666666666667,0.9309807870865264
mogb_fair,13,13,0.5332382819461772,0.9973333333333333,0.9369144365039246
mogb_fair,13,14,0.5361046407453861,0.9973333333333333,0.9427501593327408
mogb_fair,13,15,0.5386416861826698,0.9966666666666667,0.94735094618484
mogb_fair,13,16,0.5415685564209383,0.9966666666666667,0.952383174505138
mogb_fair,13,17,0.5441631761063559,0.996,0.9585262925172636
mogb_fair,13,18,0.5467863028749314,0.9953333333333333,0.9620876167664516
mogb_fair,13,19,0.549622537285951,0.995,0.9670677820280884
mogb_fair,13,20,0.5524902795778559,0.9946666666666667,0.9701578433737014
mogb_fair,13,21,0.555390057717371,0.9943333333333333,0.9745743319578092
mogb_fair,13,22,0.5585096423890658,0.9943333333333333,0.977572212182852
mogb_fair,13,23,0.5614761815100734,0.994,0.98114286247488
mogb_fair,13,24,0.5644764249195228,0.9936666666666667,0.9843069562231884
mogb_fair,13,25,0.5669396305465626,0.9923333333333333,0.9870885960386354
mogb_fair,13,26,0.5698142118368129,0.9916666666666667,0.9891833258039422
mogb_fair,13,27,0.5727220188788288,0.991,0.992396039174222
mogb_fair,13,28,0.5758573919782988,0.9906666666666667,0.9947336606690406
mogb_fair,13,29,0.5786396413954394,0.9896666666666667,0.9973967829989648
mogb_fair,13,30,0.5818466967261321,0.9893333333333333,0.999904930783266
mogb_fair,13,31,0.5846972983632419,0.9883333333333333,1.003019255036128
mogb_fair,13,32,0.588176949018052,0.9883333333333333,1.0052741764081072
mogb_fair,13,33,0.5912991418878467,0.9876666666666667,1.008239441829334
mogb_fair,13,34,0.5947791164658635,0.9873333333333333,1.0105754074453557
mogb_fair,13,35,0.5977777777777777,0.9863333333333333,1.0127541646186728
mogb_fair,13,36,0.6008130081300813,0.9853333333333333,1.015208798212251
mogb_fair,13,37,0.603680981595092,0.984,1.018588987522646
mogb_fair,13,38,0.6067901234567902,0.983,1.021448013939748
mogb_fair,13,39,0.6105590062111801,0.983,1.0238258384783252
mogb_fair,13,40,0.61375,0.982,1.0265550265581178
mogb_fair,13,41,0.6176100628930817,0.982,1.0295424844795693
mogb_fair,13,42,0.6210970464135022,0.9813333333333333,1.0321570403315508
mogb_fair,13,43,0.6248407643312102,0.981,1.0348586239796504
mogb_fair,13,44,0.6277777777777778,0.9793333333333333,1.037316847916002
mogb_fair,13,45,0.6309677419354839,0.978,1.0404675911338217
mogb_fair,13,46,0.6341991341991342,0.9766666666666667,1.042811122201702
mogb_fair,13,47,0.6374727668845316,0.9753333333333334,1.044519420367251
mogb_fair,13,48,0.6412280701754386,0.9746666666666667,1.0471470275557535
mogb_fair,13,49,0.6452538631346578,0.9743333333333334,1.0503889192750644
mogb_fair,13,50,0.6484444444444445,0.9726666666666667,1.052400463582137
mogb_fair,13,51,0.6521252796420581,0.9716666666666667,1.0546179381851837
mogb_fair,13,52,0.6563063063063063,0.9713333333333334,1.0572647935718973
mogb_fair,13,53,0.6603174603174603,0.9706666666666667,1.0602741844494563
mogb_fair,13,54,0.6646118721461187,0.9703333333333334,1.0631348329346098
mogb_fair,13,55,0.6685057471264367,0.9693333333333334,1.065494017952348
mogb_fair,13,56,0.6724537037037037,0.9683333333333334,1.0674533040072711
mogb_fair,13,57,0.676923076923077,0.968,1.0697338868304855
mogb_fair,13,58,0.6807511737089202,0.9666666666666667,1.0733802454470254
mogb_fair,13,59,0.6851063829787234,0.966,1.0751646720332266
mogb_fair,13,60,0.689047619047619,0.9646666666666667,1.0768193067291556
mogb_fair,13,61,0.6920863309352518,0.962,1.0796516449514697
mogb_fair,13,62,0.696376811594203,0.961,1.0821004999159654
mogb_fair,13,63,0.6997566909975669,0.9586666666666667,1.0854219882960523
mogb_fair,13,64,0.7029411764705882,0.956,1.0892816873950506
mogb_fair,13,65,0.7064197530864198,0.9536666666666667,1.092200271102075
mogb_fair,13,66,0.7101990049751243,0.9516666666666667,1.0948230278196216
mogb_fair,13,67,0.7130325814536341,0.9483333333333334,1.0972128161936712
mogb_fair,13,68,0.7156565656565657,0.9446666666666667,1.1003171393729014
mogb_fair,13,69,0.7188295165394402,0.9416666666666667,1.1026996117261063
mogb_fair,13,70,0.7215384615384616,0.938,1.10552237301252
mogb_fair,13,71,0.7248062015503876,0.935,1.108605474468826
mogb_fair,13,72,0.7283854166666667,0.9323333333333333,1.1118553358813985
mogb_fair,13,73,0.731758530183727,0.9293333333333333,1.1143678099239454
mogb_fair,13,74,0.7354497354497355,0.9266666666666666,1.1175103277148286
mogb_fair,13,75,0.7384,0.923,1.1199386134758764
mogb_fair,13,76,0.7424731182795699,0.9206666666666666,1.1232642582581271
mogb_fair,13,77,0.7468834688346884,0.9186666666666666,1.1255566386882023
mogb_fair,13,78,0.7505464480874317,0.9156666666666666,1.1280833530065448
mogb_fair,13,79,0.7550964187327823,0.9136666666666666,1.1305153440107416
mogb_fair,13,80,0.7572222222222222,0.9086666666666666,1.1330770939446642
mogb_fair,13,81,0.7584757635191931,0.9023333333333333,1.136272273524423
mogb_fair,13,82,0.7603842893472732,0.897,1.1397913931881392
mogb_fair,13,83,0.7634653747506412,0.893,1.1421881026906302
mogb_fair,13,84,0.7665995975855131,0.889,1.1443968378784344
mogb_fair,13,85,0.7689185271093071,0.884,1.146583053413028
mogb_fair,13,86,0.7712781515062884,0.879,1.1488328953448157
mogb_fair,13,87,0.773679551490115,0.874,1.1513095979693977
mogb_fair,13,88,0.7764215540339386,0.8693333333333333,1.1548614931108774
mogb_fair,13,89,0.778311805346951,0.8636666666666667,1.1579395505904104
mogb_fair,13,90,0.7811458017581085,0.859,1.1604267709458254
mogb_fair,13,91,0.7837259100642399,0.854,1.1628023989276792
mogb_fair,13,92,0.7866625501698055,0.8493333333333334,1.1652592967420878
mogb_fair,13,93,0.7871611093798692,0.842,1.166973868255156
mogb_fair,13,94,0.7886127713117332,0.8356666666666667,1.168808936847996
mogb_fair,13,95,0.7910447761194029,0.8303333333333334,1.1711819207186889
mogb_fair,13,96,0.7935235652452709,0.825,1.173361191830623
mogb_fair,13,97,0.7937843962447394,0.8173333333333334,1.1754888716951888
mogb_fair,13,98,0.7953579601176856,0.811,1.177577707289764
mogb_fair,13,99,0.7956421261142291,0.8033333333333333,1.1794618730062147
mogb_fair,13,100,0.7985995331777259,0.7983333333333333,1.1816798526516343
mogb_fair,13,101,0.8010101010101011,0.793,1.183429685557786
mogb_fair,13,102,0.8006802721088435,0.7846666666666666,1.1859911564142855
mogb_fair,13,103,0.8017182130584193,0.7776666666666666,1.1882716717285955
mogb_fair,13,104,0.803125,0.771,1.189830410575801
mogb_fair,13,105,0.8042105263157895,0.764,1.1915571912002738
mogb_fair,13,106,0.8042553191489362,0.756,1.1932718059679304
mogb_fair,13,107,0.8046594982078853,0.7483333333333333,1.1951439100896009
mogb_fair,13,108,0.8050724637681159,0.7406666666666667,1.1963933252153938
mogb_fair,13,109,0.8058608058608059,0.7333333333333333,1.198352064765904
mogb_fair,13,110,0.8066666666666666,0.726,1.1999982330739571
mogb_fair,13,111,0.8067415730337079,0.718,1.2019847052579782
mogb_fair,13,112,0.8071969696969697,0.7103333333333334,1.20303695190534
mogb_fair,13,113,0.80727969348659,0.7023333333333334,1.205191150641477
mogb_fair,13,114,0.8089147286821705,0.6956666666666667,1.2068557302398149
mogb_fair,13,115,0.8094117647058824,0.688,1.2083426610005017
mogb_fair,13,116,0.8119047619047619,0.682,1.2095515143124906
mogb_fair,13,117,0.8120481927710843,0.674,1.2110851056084804
mogb_fair,13,118,0.8121951219512196,0.666,1.212784596580928
mogb_fair,13,119,0.8127572016460906,0.6583333333333333,1.214036197812839
mogb_fair,13,120,0.81375,0.651,1.2156578580271082
mogb_fair,13,121,0.8122362869198312,0.6416666666666667,1.21761336718187
mogb_fair,13,122,0.8153846153846154,0.636,1.2191867284722528
mogb_fair,13,123,0.8164502164502164,0.6286666666666667,1.221288069761158
mogb_fair,13,124,0.8179824561403509,0.6216666666666667,1.2227944308110492
mogb_fair,13,125,0.8191111111111111,0.6143333333333333,1.2246475832802124
mogb_fair,13,126,0.8202702702702702,0.607,1.2262747280127508
mogb_fair,13,127,0.8228310502283105,0.6006666666666667,1.228136610503784
mogb_fair,13,128,0.8236111111111111,0.593,1.2297414809722926
mogb_fair,13,129,0.8234741784037559,0.5846666666666667,1.2314161236869894
mogb_fair,13,130,0.8252380952380952,0.5776666666666667,1.2334667354702047
mogb_fair,13,131,0.8256038647342995,0.5696666666666667,1.2355003959318689
mogb_fair,13,132,0.8269607843137254,0.5623333333333334,1.237843408613142
mogb_fair,13,133,0.8278606965174129,0.5546666666666666,1.2393200256998411
mogb_fair,13,134,0.8272727272727273,0.546,1.2405872351764886
mogb_fair,13,135,0.8282051282051283,0.5383333333333333,1.2424114084707798
mogb_fair,13,136,0.828125,0.53,1.2438997638075824
mogb_fair,13,137,0.8269841269841269,0.521,1.2460326435507676
mogb_fair,13,138,0.8274193548387097,0.513,1.2471637301819842
mogb_fair,13,139,0.8300546448087431,0.5063333333333333,1.2490273586635074
mogb_fair,13,140,0.83,0.498,1.2510887486678506
mogb_fair,13,141,0.8282485875706215,0.4886666666666667,1.2531613038875151
mogb_fair,13,142,0.8293103448275863,0.481,1.255256234155101
mogb_fair,13,143,0.8292397660818713,0.4726666666666667,1.2572948399286992
mogb_fair,13,144,0.8321428571428572,0.466,1.2591056850162947
mogb_fair,13,145,0.8333333333333334,0.4583333333333333,1.261265441622744
mogb_fair,13,146,0.8333333333333334,0.45,1.262986230521345
mogb_fair,13,147,0.8339622641509434,0.442,1.2647439167109376
mogb_fair,13,148,0.8352564102564103,0.43433333333333335,1.266449924404022
mogb_fair,13,149,0.8333333333333334,0.425,1.2685123723524372
mogb_fair,13,150,0.836,0.418,1.2700514334750326
mogb_fair,13,151,0.8346938775510204,0.409,1.2721053507640656
mogb_fair,13,152,0.8333333333333334,0.4,1.2741794197663838
mogb_fair,13,153,0.8319148936170213,0.391,1.2765150734872648
mogb_fair,13,154,0.8318840579710145,0.38266666666666665,1.2794092108078443
mogb_fair,13,155,0.8325925925925926,0.37466666666666665,1.281028999062238
mogb_fair,13,156,0.8318181818181818,0.366,1.2828543104181214
mogb_fair,13,157,0.8302325581395349,0.357,1.2844791830981652
mogb_fair,13,158,0.830952380952381,0.349,1.2865540428661244
mogb_fair,13,159,0.8317073170731707,0.341,1.2885389670824112
mogb_fair,13,160,0.83,0.332,1.29073261385432
mogb_fair,13,161,0.82991452991453,0.32366666666666666,1.2927913572484582
mogb_fair,13,162,0.8298245614035088,0.31533333333333335,1.294527880245154
mogb_fair,13,163,0.8279279279279279,0.30633333333333335,1.2971732022672724
mogb_fair,13,164,0.8240740740740741,0.2966666666666667,1.2993540328146933
mogb_fair,13,165,0.8257142857142857,0.289,1.302289682127723
mogb_fair,13,166,0.8264705882352941,0.281,1.304625970029369
mogb_fair,13,167,0.8282828282828283,0.2733333333333333,1.3067976434758228
mogb_fair,13,168,0.8291666666666667,0.2653333333333333,1.3093296861318302
mogb_fair,13,169,0.8290322580645161,0.257,1.3120057118419586
mogb_fair,13,170,0.83,0.249,1.3149942407752324
mogb_fair,13,171,0.8264367816091954,0.23966666666666667,1.3174353468336035
mogb_fair,13,172,0.8261904761904761,0.23133333333333334,1.320397480798804
mogb_fair,13,173,0.825925925925926,0.223,1.3239351270364714
mogb_fair,13,174,0.8243589743589743,0.21433333333333332,1.3272384536520851
mogb_fair,13,175,0.8226666666666667,0.20566666666666666,1.330601299705746
mogb_fair,13,176,0.825,0.198,1.335326359923285
mogb_fair,13,177,0.8289855072463768,0.19066666666666668,1.3395465339198147
mogb_fair,13,178,0.8333333333333334,0.18333333333333332,1.3423906129197682
mogb_fair,13,179,0.834920634920635,0.17533333333333334,1.3458701813764675
mogb_fair,13,180,0.8383333333333334,0.16766666666666666,1.3499161902411634
mogb_fair,13,181,0.8350877192982457,0.15866666666666668,1.3557041694356846
mogb_fair,13,182,0.8333333333333334,0.15,1.3599258040824598
mogb_fair,13,183,0.8333333333333334,0.14166666666666666,1.3632988820371164
mogb_fair,13,184,0.825,0.132,1.3694557940639298
mogb_fair,13,185,0.8177777777777778,0.12266666666666666,1.3740761417176282
mogb_fair,13,186,0.8166666666666667,0.11433333333333333,1.3789657483868916
mogb_fair,13,187,0.8153846153846154,0.106,1.3854280968966235
mogb_fair,13,188,0.8027777777777778,0.09633333333333334,1.389983905815917
mogb_fair,13,189,0.806060606060606,0.08866666666666667,1.394768047753871
mogb_fair,13,190,0.8,0.08,1.401305901730882
mogb_fair,13,191,0.8,0.072,1.4072635169803691
mogb_fair,13,192,0.7916666666666666,0.06333333333333334,1.414218263408053
mogb_fair,13,193,0.7666666666666667,0.05366666666666667,1.419344671171702
mogb_fair,13,194,0.7833333333333333,0.047,1.4271537972627262
mogb_fair,13,195,0.7666666666666667,0.03833333333333333,1.4348449713386109
mogb_fair,13,196,0.7666666666666667,0.030666666666666665,1.447282442611777
mogb_fair,13,197,0.7444444444444445,0.022333333333333334,1.462126433842499
mogb_fair,13,198,0.7,0.014,1.486247379143498
mogb_fair,13,199,0.7333333333333333,0.007333333333333333,1.545186580389669
mogb_fair,13,200,1.0,0.0,inf
mogb_fair,42,0,0.5,1.0,0.7071418840632474
mogb_fair,42,1,0.5024284039524368,1.0,0.8039076968101315
mogb_fair,42,2,0.504628850361892,0.9993333333333333,0.8410316579079531
mogb_fair,42,3,0.507020808661817,0.999,0.8644463496197881
mogb_fair,42,4,0.5096072096582214,0.999,0.8761715204855375
mogb_fair,42,5,0.5117074004443685,0.998,0.8884559100456917
mogb_fair,42,6,0.5143446143274352,0.998,0.8976224506061288
mogb_fair,42,7,0.5168364703850803,0.9976666666666667,0.9056291221699964
mogb_fair,42,8,0.5193542787710467,0.9973333333333333,0.914933837631506
mogb_fair,42,9,0.521898447042401,0.997,0.9212906345791112
mogb_fair,42,10,0.5244693913348535,0.9966666666666667,0.9277824314354256
mogb_fair,42,11,0.5270675365896668,0.9963333333333333,0.9332707254974624
mogb_fair,42,12,0.5298705903208651,0.9963333333333333,0.9381164265597804
mogb_fair,42,13,0.5325253965425057,0.996,0.9434485555153822
mogb_fair,42,14,0.5353879233112345,0.996,0.9475657235288164
mogb_fair,42,15,0.5379210952981445,0.9953333333333333,0.9511596543084572
mogb_fair,42,16,0.5404817967759464,0.9946666666666667,0.9568013253388457
mogb_fair,42,17,0.5432525951557093,0.9943333333333333,0.9611681969395324
mogb_fair,42,18,0.5460538362937191,0.994,0.964093063032542
mogb_fair,42,19,0.5488860246731725,0.9936666666666667,0.9681291311111136
mogb_fair,42,20,0.5519348268839104,0.9936666666666667,0.9719846106126372
mogb_fair,42,21,0.5548315025134984,0.9933333333333333,0.9748178383706398
mogb_fair,42,22,0.5577607189664857,0.993,0.978658230813466
mogb_fair,42,23,0.5609113161363208,0.993,0.9814721458214064
mogb_fair,42,24,0.563908350691157,0.9926666666666667,0.9842128344898246
mogb_fair,42,25,0.5667491906303561,0.992,0.9882267186029166
mogb_fair,42,26,0.5696226776479602,0.9913333333333333,0.9915959066247696
mogb_fair,42,27,0.5729146599884415,0.9913333333333333,0.9943199844393734
mogb_fair,42,28,0.5762449137764,0.9913333333333333,0.9977311442031216
mogb_fair,42,29,0.5796141103098811,0.9913333333333333,0.9999845839198388
mogb_fair,42,30,0.5830229366790826,0.9913333333333333,1.0030097055619978
mogb_fair,42,31,0.5864720962334845,0.9913333333333333,1.0061534496090268
mogb_fair,42,32,0.5897639357270383,0.991,1.009196986542466
mogb_fair,42,33,0.5924965076830971,0.9896666666666667,1.0122800131961698
mogb_fair,42,34,0.595864284280265,0.9893333333333333,1.0153321979332752
mogb_fair,42,35,0.599272874166835,0.989,1.0177058996430697
mogb_fair,42,36,0.6025198130461288,0.9883333333333333,1.0205709697405725
mogb_fair,42,37,0.6062154978531997,0.9883333333333333,1.0224675272705788
mogb_fair,42,38,0.6093396420489611,0.9873333333333333,1.024549033439677
mogb_fair,42,39,0.6127095839370731,0.9866666666666667,1.026917596397993
mogb_fair,42,40,0.6163299312643199,0.9863333333333333,1.030311124311053
mogb_fair,42,41,0.6197862083420667,0.9856666666666667,1.0341825903168251
mogb_fair,42,42,0.6234971524994727,0.9853333333333333,1.0367803955599042
mogb_fair,42,43,0.6270430906389302,0.9846666666666667,1.039224893206616
mogb_fair,42,44,0.6308481093783379,0.9843333333333333,1.041949143316664
mogb_fair,42,45,0.6344872070522468,0.9836666666666667,1.0449527006767434
mogb_fair,42,46,0.6381735555074659,0.983,1.048183275293855
mogb_fair,42,47,0.6423437159660205,0.983,1.0512027078155306
mogb_fair,42,48,0.6456917342688007,0.9816666666666667,1.054307825808745
mogb_fair,42,49,0.6499668947252262,0.9816666666666667,1.056441749101625
mogb_fair,42,50,0.6538546989557876,0.981,1.059400113705136
mogb_fair,42,51,0.6577946768060836,0.9803333333333333,1.0619408564172876
mogb_fair,42,52,0.6620130601215942,0.98,1.0640940155249612
mogb_fair,42,53,0.6656087055089549,0.9786666666666667,1.066973523688437
mogb_fair,42,54,0.6694818534581146,0.9776666666666667,1.0701084600472397
mogb_fair,42,55,0.67271891519191,0.9756666666666667,1.072698021632282
mogb_fair,42,56,0.6766952094422587,0.9746666666666667,1.075776577011217
mogb_fair,42,57,0.6804940573292939,0.9733333333333334,1.0791663341115072
mogb_fair,42,58,0.6841117108659939,0.9716666666666667,1.0830800878627769
mogb_fair,42,59,0.6882533679981092,0.9706666666666667,1.085753010670498
mogb_fair,42,60,0.6926922161390145,0.97,1.0888390626990891
mogb_fair,42,61,0.6971949172860226,0.9693333333333334,1.0921490969132357
mogb_fair,42,62,0.70152137164936,0.9683333333333334,1.096015203838576
mogb_fair,42,63,0.7058394160583942,0.967,1.1002293234469236
mogb_fair,42,64,0.7100490196078432,0.9656666666666667,1.1045240336243134
mogb_fair,42,65,0.7140740740740741,0.964,1.1098041537950638
mogb_fair,42,66,0.7181592039800995,0.9623333333333334,1.1136015011786733
mogb_fair,42,67,0.7218045112781954,0.96,1.1173016590524945
mogb_fair,42,68,0.7262626262626263,0.9586666666666667,1.1209358011225523
mogb_fair,42,69,0.7305343511450382,0.957,1.1238996174055582
mogb_fair,42,70,0.7343589743589743,0.9546666666666667,1.1266650825146165
mogb_fair,42,71,0.7369509043927649,0.9506666666666667,1.130687387170498
mogb_fair,42,72,0.7408854166666666,0.9483333333333334,1.1345036046487564
mogb_fair,42,73,0.7448818897637796,0.946,1.136840476931144
mogb_fair,42,74,0.7481481481481481,0.9426666666666667,1.1410480419101214
mogb_fair,42,75,0.7509333333333333,0.9386666666666666,1.1449486580381365
mogb_fair,42,76,0.7543010752688172,0.9353333333333333,1.1486968167732234
mogb_fair,42,77,0.756639566395664,0.9306666666666666,1.1532069990428362
mogb_fair,42,78,0.7576502732240438,0.9243333333333333,1.1567827866559126
mogb_fair,42,79,0.7600550964187328,0.9196666666666666,1.1603275152325876
mogb_fair,42,80,0.7616666666666667,0.914,1.1628777842428746
mogb_fair,42,81,0.7641456582633053,0.9093333333333333,1.1657827410001462
mogb_fair,42,82,0.7649717514124293,0.9026666666666666,1.1697373211627653
mogb_fair,42,83,0.7658119658119659,0.896,1.1731758443878522
mogb_fair,42,84,0.7686781609195402,0.8916666666666667,1.175365728662082
mogb_fair,42,85,0.7701449275362319,0.8856666666666667,1.1779953064468391
mogb_fair,42,86,0.7716374269005848,0.8796666666666667,1.181844979490283
mogb_fair,42,87,0.7734513274336283,0.874,1.184509086703822
mogb_fair,42,88,0.7741071428571429,0.867,1.1867691061107448
mogb_fair,42,89,0.7741741741741742,0.8593333333333333,1.189572829533394
mogb_fair,42,90,0.7757575757575758,0.8533333333333334,1.193211549906786
mogb_fair,42,91,0.7782874617737003,0.8483333333333334,1.1953253875192331
mogb_fair,42,92,0.7805555555555556,0.843,1.1976328880219202
mogb_fair,42,93,0.7809968847352025,0.8356666666666667,1.1996015458373326
mogb_fair,42,94,0.7827044025157233,0.8296666666666667,1.2018754724832312
mogb_fair,42,95,0.7841269841269841,0.8233333333333334,1.2043700222547318
mogb_fair,42,96,0.7865384615384615,0.818,1.206528084092806
mogb_fair,42,97,0.7883495145631068,0.812,1.2103427707957266
mogb_fair,42,98,0.7901960784313725,0.806,1.2124811215017988
mogb_fair,42,99,0.7920792079207921,0.8,1.2147129047009926
mogb_fair,42,100,0.7933333333333333,0.7933333333333333,1.216714839330361
mogb_fair,42,101,0.7933355772467183,0.7856666666666666,1.2194772133526464
mogb_fair,42,102,0.7946276776606597,0.779,1.2217508232945544
mogb_fair,42,103,0.7945723119203023,0.771,1.2235248715550555
mogb_fair,42,104,0.797292606733773,0.7656666666666667,1.2257258145578438
mogb_fair,42,105,0.7997193967029113,0.76,1.2281599481398024
mogb_fair,42,106,0.8007798652959943,0.753,1.2301342193790992
mogb_fair,42,107,0.8007882479398065,0.745,1.2325205947111098
mogb_fair,42,108,0.8026077508149221,0.7386666666666667,1.234211601115664
mogb_fair,42,109,0.8041010618820945,0.732,1.2356506201689414
mogb_fair,42,110,0.8056275453535727,0.7253333333333334,1.2376617197345376
mogb_fair,42,111,0.8053163609135155,0.717,1.2397621654364457
mogb_fair,42,112,0.806134040136312,0.7096666666666667,1.2417618667113972
mogb_fair,42,113,0.8073535044044428,0.7026666666666667,1.244220654076284
mogb_fair,42,114,0.8082138705927935,0.6953333333333334,1.2460979358606767
mogb_fair,42,115,0.8083104664837318,0.6873333333333334,1.2476705793946314
mogb_fair,42,116,0.8080126933756446,0.679,1.2497636026351142
mogb_fair,42,117,0.8089120835006022,0.6716666666666666,1.2517934063943454
mogb_fair,42,118,0.8082080455099553,0.663,1.2538408311801927
mogb_fair,42,119,0.8087206910736322,0.6553333333333333,1.2553598020695895
mogb_fair,42,120,0.8109121199500208,0.649,1.2566139396658027
mogb_fair,42,121,0.8114719527625475,0.6413333333333333,1.2581572213576302
mogb_fair,42,122,0.8116189662537378,0.6333333333333333,1.2596587484253503
mogb_fair,42,123,0.812202509736045,0.6256666666666667,1.260908375777125
mogb_fair,42,124,0.8128014028934678,0.618,1.26225808521711
mogb_fair,42,125,0.814749000444247,0.6113333333333333,1.2640063604871763
mogb_fair,42,126,0.8162989644304367,0.6043333333333333,1.2655205116470802
mogb_fair,42,127,0.8155251141552512,0.5953333333333334,1.2664095985200845
mogb_fair,42,128,0.8162037037037037,0.5876666666666667,1.267800350715635
mogb_fair,42,129,0.8169014084507042,0.58,1.2692974963154264
mogb_fair,42,130,0.8166666666666667,0.5716666666666667,1.2709299875689166
mogb_fair,42,131,0.8164251207729468,0.5633333333333334,1.2725765492406726
mogb_fair,42,132,0.8161764705882353,0.555,1.2736401396276242
mogb_fair,42,133,0.8164179104477612,0.547,1.275607237429697
mogb_fair,42,134,0.8166666666666667,0.539,1.2765187870947388
mogb_fair,42,135,0.818974358974359,0.5323333333333333,1.2777651608777958
mogb_fair,42,136,0.8197916666666667,0.5246666666666666,1.2792939459839787
mogb_fair,42,137,0.8232804232804233,0.5186666666666667,1.280886661139853
mogb_fair,42,138,0.8247311827956989,0.5113333333333333,1.282592497356008
mogb_fair,42,139,0.8273224043715847,0.5046666666666667,1.2835739544915736
mogb_fair,42,140,0.8266666666666667,0.496,1.28504522632441
mogb_fair,42,141,0.8259887005649718,0.48733333333333334,1.286148434112348
mogb_fair,42,142,0.8258620689655173,0.479,1.2873927746049778
mogb_fair,42,143,0.8251461988304094,0.4703333333333333,1.288669179494056
mogb_fair,42,144,0.8244047619047619,0.46166666666666667,1.2900557349437265
mogb_fair,42,145,0.8272727272727273,0.455,1.2914570855691707
mogb_fair,42,146,0.825925925925926,0.446,1.2931621515656948
mogb_fair,42,147,0.8251572327044026,0.43733333333333335,1.294218699800472
mogb_fair,42,148,0.825,0.429,1.2959057499040718
mogb_fair,42,149,0.8254901960784313,0.421,1.2970059163997414
mogb_fair,42,150,0.824,0.412,1.2981857386460036
mogb_fair,42,151,0.8231292517006803,0.4033333333333333,1.2996469067421743
mogb_fair,42,152,0.8229166666666666,0.395,1.3011032629202974
mogb_fair,42,153,0.825531914893617,0.388,1.303045892420586
mogb_fair,42,154,0.8246376811594203,0.37933333333333336,1.304549650099835
mogb_fair,42,155,0.8237037037037037,0.37066666666666664,1.3061490194219032
mogb_fair,42,156,0.8242424242424242,0.3626666666666667,1.3078643460357835
mogb_fair,42,157,0.8232558139534883,0.354,1.3092042903710384
mogb_fair,42,158,0.8261904761904761,0.347,1.3107932701383522
mogb_fair,42,159,0.824390243902439,0.338,1.3118926294618596
mogb_fair,42,160,0.8241666666666667,0.32966666666666666,1.3130989040410634
mogb_fair,42,161,0.8239316239316239,0.32133333333333336,1.315079197993113
mogb_fair,42,162,0.8228070175438597,0.31266666666666665,1.3168663269917644
mogb_fair,42,163,0.8234234234234235,0.30466666666666664,1.3184876472823572
mogb_fair,42,164,0.8222222222222222,0.296,1.3203898786257997
mogb_fair,42,165,0.820952380952381,0.28733333333333333,1.3222848387940718
mogb_fair,42,166,0.8196078431372549,0.2786666666666667,1.3241767334003507
mogb_fair,42,167,0.8171717171717172,0.26966666666666667,1.32648822903974
mogb_fair,42,168,0.8177083333333334,0.26166666666666666,1.3291163921473688
mogb_fair,42,169,0.8204301075268817,0.25433333333333336,1.3312940646307192
mogb_fair,42,170,0.8166666666666667,0.245,1.33363289578555
mogb_fair,42,171,0.8206896551724138,0.238,1.3359002587343862
mogb_fair,42,172,0.8226190476190476,0.23033333333333333,1.338135128254912
mogb_fair,42,173,0.8209876543209876,0.22166666666666668,1.3405484412965625
mogb_fair,42,174,0.8217948717948718,0.21366666666666667,1.3431341930368867
mogb_fair,42,175,0.824,0.206,1.344884379698827
mogb_fair,42,176,0.8236111111111111,0.19766666666666666,1.3476698346522706
mogb_fair,42,177,0.8246376811594203,0.18966666666666668,1.3503000389767263
mogb_fair,42,178,0.8287878787878787,0.18233333333333332,1.3539367151467476
mogb_fair,42,179,0.8301587301587302,0.17433333333333334,1.3572637648801
mogb_fair,42,180,0.8233333333333334,0.16466666666666666,1.3602266466645403
mogb_fair,42,181,0.8228070175438597,0.15633333333333332,1.3635770621521055
mogb_fair,42,182,0.8222222222222222,0.148,1.3674896973584572
mogb_fair,42,183,0.8254901960784313,0.14033333333333334,1.371365855034269
mogb_fair,42,184,0.8354166666666667,0.13366666666666666,1.3747202474280928
mogb_fair,42,185,0.8311111111111111,0.12466666666666666,1.3783280755155758
mogb_fair,42,186,0.8285714285714286,0.116,1.382329389576782
mogb_fair,42,187,0.8333333333333334,0.10833333333333334,1.388142056767969
mogb_fair,42,188,0.8333333333333334,0.1,1.392769396765294
mogb_fair,42,189,0.8363636363636363,0.092,1.397576510737062
mogb_fair,42,190,0.8333333333333334,0.08333333333333333,1.4042399684462767
mogb_fair,42,191,0.8407407407407408,0.07566666666666666,1.41210592161029
mogb_fair,42,192,0.8333333333333334,0.06666666666666667,1.4201213603600868
mogb_fair,42,193,0.8333333333333334,0.058333333333333334,1.4278063327452557
mogb_fair,42,194,0.8388888888888889,0.050333333333333334,1.437899639260165
mogb_fair,42,195,0.8133333333333334,0.04066666666666666,1.4474821896464412
mogb_fair,42,196,0.8166666666666667,0.03266666666666666,1.4599425328419426
mogb_fair,42,197,0.8222222222222222,0.024666666666666667,1.470684293019237
mogb_fair,42,198,0.8166666666666667,0.01633333333333333,1.4910470942988148
mogb_fair,42,199,0.7333333333333333,0.007333333333333333,1.5250740622619334
mogb_fair,42,200,1.0,0.0,inf
mogb_fair,87,0,0.5,1.0,0.6700637315897806
mogb_fair,87,1,0.5024284039524368,1.0,0.803401479675435
mogb_fair,87,2,0.504628850361892,0.9993333333333333,0.8468304608313001
mogb_fair,87,3,0.507020808661817,0.999,0.8650890591528088
mogb_fair,87,4,0.5096072096582214,0.999,0.8781375706698011
mogb_fair,87,5,0.5122201333105452,0.999,0.888787656242721
mogb_fair,87,6,0.5146881979041402,0.9986666666666667,0.8959763508447982
mogb_fair,87,7,0.5171818338801588,0.9983333333333333,0.9033998379138009
mogb_fair,87,8,0.5198750216976219,0.9983333333333333,0.9112665528156711
mogb_fair,87,9,0.5224219158960042,0.998,0.9161737393892118
mogb_fair,87,10,0.5251710226276092,0.998,0.9238047960229736
mogb_fair,87,11,0.5279492153059425,0.998,0.9295047984772477
mogb_fair,87,12,0.5307569579861726,0.998,0.9355436462448542
mogb_fair,87,13,0.5335947246480128,0.998,0.940306985351007
mogb_fair,87,14,0.5362838201039241,0.9976666666666667,0.9450147739035186
mogb_fair,87,15,0.5390019816249324,0.9973333333333333,0.9497478823717804
mogb_fair,87,16,0.5419308096359355,0.9973333333333333,0.954208129044854
mogb_fair,87,17,0.5445274084866144,0.9966666666666667,0.9592220861829992
mogb_fair,87,18,0.5471525361655375,0.996,0.9634980153064006
mogb_fair,87,19,0.5501749217455348,0.996,0.9673077454720876
mogb_fair,87,20,0.5530457322718015,0.9956666666666667,0.9707730219896472
mogb_fair,87,21,0.5559486129212438,0.9953333333333333,0.9745568754625646
mogb_fair,87,22,0.5590713349560007,0.9953333333333333,0.9775324003451912
mogb_fair,87,23,0.5620410468838261,0.995,0.9815633240785728
mogb_fair,87,24,0.5650444991478887,0.9946666666666667,0.985628962124829
mogb_fair,87,25,0.5677013902113883,0.9936666666666667,0.9887841954813428
mogb_fair,87,26,0.5709634169699291,0.9936666666666667,0.9919274063308584
mogb_fair,87,27,0.5738778655365054,0.993,0.99454113729198
mogb_fair,87,28,0.5768261964735516,0.9923333333333333,0.997725552521354
mogb_fair,87,29,0.5798090040927695,0.9916666666666667,1.000327449887445
mogb_fair,87,30,0.5830229366790826,0.9913333333333333,1.003312365392888
mogb_fair,87,31,0.5862748964701242,0.991,1.0064759698397503
mogb_fair,87,32,0.5897639357270383,0.991,1.009915766737465
mogb_fair,87,33,0.5922969467172221,0.9893333333333333,1.0127060373947472
mogb_fair,87,34,0.5950612326842,0.988,1.0143453584348134
mogb_fair,87,35,0.5980609977782266,0.987,1.0164220775557002
mogb_fair,87,36,0.6006909164803902,0.9853333333333333,1.0187785938437448
mogb_fair,87,37,0.603557554692292,0.984,1.020844361295406
mogb_fair,87,38,0.6068710141946102,0.9833333333333333,1.0230162133393048
mogb_fair,87,39,0.6098116332022355,0.982,1.025777730051661
mogb_fair,87,40,0.6121641324724015,0.9796666666666667,1.0295309334046392
mogb_fair,87,41,0.6155942150492559,0.979,1.031852381479338
mogb_fair,87,42,0.6190677072347606,0.9783333333333334,1.0336436591533456
mogb_fair,87,43,0.6221609000212269,0.977,1.0362677863903256
mogb_fair,87,44,0.6257209997863704,0.9763333333333334,1.0384716656790494
mogb_fair,87,45,0.6288970113953989,0.975,1.0404766358609876
mogb_fair,87,46,0.6314650508547933,0.9726666666666667,1.0425581397377774
mogb_fair,87,47,0.6349379220213461,0.9716666666666667,1.044986167564172
mogb_fair,87,48,0.6382372286779215,0.9703333333333334,1.0473969550812503
mogb_fair,87,49,0.6413595232840432,0.9686666666666667,1.050189836071056
mogb_fair,87,50,0.6449677849366807,0.9676666666666667,1.053604809220975
mogb_fair,87,51,0.6488481324088571,0.967,1.0556857083486322
mogb_fair,87,52,0.6521053816707949,0.9653333333333334,1.057310136743269
mogb_fair,87,53,0.6554069372024485,0.9636666666666667,1.0592309457685058
mogb_fair,87,54,0.6589041095890411,0.962,1.0618227405703622
mogb_fair,87,55,0.662528735632184,0.9606666666666667,1.064259544760059
mogb_fair,87,56,0.6659722222222222,0.959,1.0668911482006382
mogb_fair,87,57,0.6694638694638695,0.9573333333333334,1.0687191544455303
mogb_fair,87,58,0.6730046948356807,0.9556666666666667,1.070795824547411
mogb_fair,87,59,0.676595744680851,0.954,1.0733733523450697
mogb_fair,87,60,0.68,0.952,1.0753142719610913
mogb_fair,87,61,0.6832134292565947,0.9496666666666667,1.0768750350699317
mogb_fair,87,62,0.68743961352657,0.9486666666666667,1.078364089777752
mogb_fair,87,63,0.6905109489051094,0.946,1.0805084258256188
mogb_fair,87,64,0.6938725490196078,0.9436666666666667,1.082972975677841
mogb_fair,87,65,0.697037037037037,0.941,1.085561498423253
mogb_fair,87,66,0.7007462686567164,0.939,1.0882752657458008
mogb_fair,87,67,0.7042606516290727,0.9366666666666666,1.0911327143833351
mogb_fair,87,68,0.7070707070707071,0.9333333333333333,1.0935353412549
mogb_fair,87,69,0.710941475826972,0.9313333333333333,1.095920133360512
mogb_fair,87,70,0.7148717948717949,0.9293333333333333,1.099002526661358
mogb_fair,87,71,0.7183462532299741,0.9266666666666666,1.102485181529178
mogb_fair,87,72,0.7213541666666666,0.9233333333333333,1.1047241824030378
mogb_fair,87,73,0.7246719160104987,0.9203333333333333,1.1069320525468604
mogb_fair,87,74,0.7275132275132276,0.9166666666666666,1.1093656462384307
mogb_fair,87,75,0.7306666666666667,0.9133333333333333,1.1118740737449269
mogb_fair,87,76,0.7325268817204301,0.9083333333333333,1.1138071867190955
mogb_fair,87,77,0.7357723577235772,0.905,1.1163054391031515
mogb_fair,87,78,0.7371584699453552,0.8993333333333333,1.11852877406295
mogb_fair,87,79,0.7399449035812672,0.8953333333333333,1.1208498775933904
mogb_fair,87,80,0.7419444444444444,0.8903333333333333,1.1238872858224584
mogb_fair,87,81,0.7434173669467787,0.8846666666666667,1.1255032878898317
mogb_fair,87,82,0.7454802259887006,0.8796666666666667,1.1273796327122103
mogb_fair,87,83,0.7484330484330485,0.8756666666666667,1.1292950177812142
mogb_fair,87,84,0.7505747126436781,0.8706666666666667,1.13157441318778
mogb_fair,87,85,0.7524637681159421,0.8653333333333333,1.1332345458034454
mogb_fair,87,86,0.7558479532163743,0.8616666666666667,1.1351227204191685
mogb_fair,87,87,0.7584070796460177,0.857,1.1376409717738882
mogb_fair,87,88,0.7613095238095238,0.8526666666666667,1.1396516655584654
mogb_fair,87,89,0.7636636636636637,0.8476666666666667,1.142548449215807
mogb_fair,87,90,0.7648484848484849,0.8413333333333334,1.14446443196195
mogb_fair,87,91,0.7669724770642202,0.836,1.1464224843114343
mogb_fair,87,92,0.7682098765432098,0.8296666666666667,1.148204221072995
mogb_fair,87,93,0.7713395638629283,0.8253333333333334,1.1497335150413992
mogb_fair,87,94,0.7732704402515723,0.8196666666666667,1.1513447322136532
mogb_fair,87,95,0.7749206349206349,0.8136666666666666,1.153554807074415
mogb_fair,87,96,0.7775641025641026,0.8086666666666666,1.1548043566375636
mogb_fair,87,97,0.7776699029126214,0.801,1.1568587335239178
mogb_fair,87,98,0.7797385620915033,0.7953333333333333,1.1581378644487197
mogb_fair,87,99,0.7821782178217822,0.79,1.1598956759197945
mogb_fair,87,100,0.783,0.783,1.161238281557038
mogb_fair,87,101,0.7835745540222148,0.776,1.1627599047075452
mogb_fair,87,102,0.7844270656239375,0.769,1.164399618291767
mogb_fair,87,103,0.7859841978701477,0.7626666666666667,1.1668944633496448
mogb_fair,87,104,0.7872266574106214,0.756,1.1682348665425075
mogb_fair,87,105,0.7884210526315789,0.749,1.1693568371365135
mogb_fair,87,106,0.7886524822695036,0.7413333333333333,1.1710135155284158
mogb_fair,87,107,0.7899641577060932,0.7346666666666667,1.172963811604354
mogb_fair,87,108,0.7905797101449276,0.7273333333333334,1.1744662947116966
mogb_fair,87,109,0.7923076923076923,0.721,1.1756927980649323
mogb_fair,87,110,0.794074074074074,0.7146666666666667,1.1777029520108084
mogb_fair,87,111,0.7951310861423221,0.7076666666666667,1.1788522233323049
mogb_fair,87,112,0.7977272727272727,0.702,1.1803313081596705
mogb_fair,87,113,0.7984674329501916,0.6946666666666667,1.1815033417268332
mogb_fair,87,114,0.7992248062015503,0.6873333333333334,1.1832183620476062
mogb_fair,87,115,0.8019607843137255,0.6816666666666666,1.1850886895229205
mogb_fair,87,116,0.8043650793650794,0.6756666666666666,1.186449038178837
mogb_fair,87,117,0.804417670682731,0.6676666666666666,1.187634514654233
mogb_fair,87,118,0.8060975609756098,0.661,1.18903121202918
mogb_fair,87,119,0.808641975308642,0.655,1.1903127733523882
mogb_fair,87,120,0.8095833333333333,0.6476666666666666,1.1916826948966164
mogb_fair,87,121,0.8080168776371308,0.6383333333333333,1.1930801202363572
mogb_fair,87,122,0.8098290598290598,0.6316666666666667,1.1951046529188358
mogb_fair,87,123,0.8121212121212121,0.6253333333333333,1.196891148241122
mogb_fair,87,124,0.8122807017543859,0.6173333333333333,1.1987050564781163
mogb_fair,87,125,0.8137777777777778,0.6103333333333333,1.2001486622241848
mogb_fair,87,126,0.8157657657657658,0.6036666666666667,1.2014457402441217
mogb_fair,87,127,0.8159817351598173,0.5956666666666667,1.2028930680407606
mogb_fair,87,128,0.8171296296296297,0.5883333333333334,1.2047675962523654
mogb_fair,87,129,0.815962441314554,0.5793333333333334,1.2061811762223882
mogb_fair,87,130,0.8147619047619048,0.5703333333333334,1.2077770015186542
mogb_fair,87,131,0.8140096618357487,0.5616666666666666,1.2093643781236418
mogb_fair,87,132,0.8142156862745098,0.5536666666666666,1.2110445227427449
mogb_fair,87,133,0.8154228855721393,0.5463333333333333,1.2128098606022255
mogb_fair,87,134,0.8136363636363636,0.537,1.2142097811695145
mogb_fair,87,135,0.8148717948717948,0.5296666666666666,1.215858087043267
mogb_fair,87,136,0.8166666666666667,0.5226666666666666,1.217204280192085
mogb_fair,87,137,0.817989417989418,0.5153333333333333,1.2186843071919715
mogb_fair,87,138,0.8193548387096774,0.508,1.2200207096267524
mogb_fair,87,139,0.8180327868852459,0.499,1.2214941595165152
mogb_fair,87,140,0.8177777777777778,0.49066666666666664,1.2229145292192898
mogb_fair,87,141,0.8175141242937853,0.48233333333333334,1.2240587539630734
mogb_fair,87,142,0.8189655172413793,0.475,1.2255749093070734
mogb_fair,87,143,0.8222222222222222,0.4686666666666667,1.2265530567774
mogb_fair,87,144,0.8220238095238095,0.4603333333333333,1.227933370825636
mogb_fair,87,145,0.8206060606060606,0.4513333333333333,1.2298278883949425
mogb_fair,87,146,0.8197530864197531,0.44266666666666665,1.2314687126618284
mogb_fair,87,147,0.819496855345912,0.43433333333333335,1.2328774841353916
mogb_fair,87,148,0.8205128205128205,0.4266666666666667,1.2346967091298455
mogb_fair,87,149,0.8222222222222222,0.41933333333333334,1.2364610399047318
mogb_fair,87,150,0.8226666666666667,0.41133333333333333,1.2382861387030744
mogb_fair,87,151,0.8217687074829932,0.4026666666666667,1.2401393464735138
mogb_fair,87,152,0.8208333333333333,0.394,1.241642549760249
mogb_fair,87,153,0.8198581560283688,0.38533333333333336,1.243265694523529
mogb_fair,87,154,0.8188405797101449,0.37666666666666665,1.2449165968363043
mogb_fair,87,155,0.82,0.369,1.247127655966073
mogb_fair,87,156,0.818939393939394,0.36033333333333334,1.2490790811651007
mogb_fair,87,157,0.8217054263565892,0.35333333333333333,1.2510143780138907
mogb_fair,87,158,0.8253968253968254,0.3466666666666667,1.253061174325574
mogb_fair,87,159,0.8268292682926829,0.339,1.2555414985366886
mogb_fair,87,160,0.8266666666666667,0.33066666666666666,1.257266023314244
mogb_fair,87,161,0.8264957264957264,0.32233333333333336,1.2592631243756245
mogb_fair,87,162,0.8280701754385965,0.31466666666666665,1.2618070155061976
mogb_fair,87,163,0.827027027027027,0.306,1.2642148638487032
mogb_fair,87,164,0.825925925925926,0.29733333333333334,1.266171672106394
mogb_fair,87,165,0.8247619047619048,0.2886666666666667,1.268954673396562
mogb_fair,87,166,0.8245098039215686,0.2803333333333333,1.2713699809907966
mogb_fair,87,167,0.8242424242424242,0.272,1.273994166839931
mogb_fair,87,168,0.8270833333333333,0.26466666666666666,1.2758343454739285
mogb_fair,87,169,0.8290322580645161,0.257,1.277465179794603
mogb_fair,87,170,0.8266666666666667,0.248,1.2790346435333833
mogb_fair,87,171,0.8241379310344827,0.239,1.2815996160484753
mogb_fair,87,172,0.8214285714285714,0.23,1.2839155524796662
mogb_fair,87,173,0.8222222222222222,0.222,1.2869101609469191
mogb_fair,87,174,0.8179487179487179,0.21266666666666667,1.2900967705067892
mogb_fair,87,175,0.816,0.204,1.2922860459542214
mogb_fair,87,176,0.8152777777777778,0.19566666666666666,1.29512029303945
mogb_fair,87,177,0.8144927536231884,0.18733333333333332,1.298130670671625
mogb_fair,87,178,0.8151515151515152,0.17933333333333334,1.3003666401770722
mogb_fair,87,179,0.8126984126984127,0.17066666666666666,1.304037727849766
mogb_fair,87,180,0.81,0.162,1.307305505804467
mogb_fair,87,181,0.8070175438596491,0.15333333333333332,1.3103380256821215
mogb_fair,87,182,0.8092592592592592,0.14566666666666667,1.3145056817736598
mogb_fair,87,183,0.807843137254902,0.13733333333333334,1.318150978802481
mogb_fair,87,184,0.8083333333333333,0.12933333333333333,1.3221133087732546
mogb_fair,87,185,0.8066666666666666,0.121,1.3256025814648764
mogb_fair,87,186,0.8047619047619048,0.11266666666666666,1.33166651898456
mogb_fair,87,187,0.7974358974358975,0.10366666666666667,1.3351178676424438
mogb_fair,87,188,0.8027777777777778,0.09633333333333334,1.3408748419835133
mogb_fair,87,189,0.8090909090909091,0.089,1.3475746034371676
mogb_fair,87,190,0.8066666666666666,0.08066666666666666,1.353626473769551
mogb_fair,87,191,0.7925925925925926,0.07133333333333333,1.3610253508850283
mogb_fair,87,192,0.8083333333333333,0.06466666666666666,1.368869732144369
mogb_fair,87,193,0.8095238095238095,0.056666666666666664,1.3788078815126124
mogb_fair,87,194,0.8055555555555556,0.04833333333333333,1.3894783726127191
mogb_fair,87,195,0.7933333333333333,0.03966666666666667,1.4072082730724478
mogb_fair,87,196,0.775,0.031,1.4252219767107157
mogb_fair,87,197,0.7777777777777778,0.023333333333333334,1.4447863610978973
mogb_fair,87,198,0.7666666666666667,0.015333333333333332,1.4637743896978377
mogb_fair,87,199,0.6333333333333333,0.006333333333333333,1.5018729225504222
mogb_fair,87,200,1.0,0.0,inf
trainable_k1,13,0,0.5,1.0,0.3748759496875358
trainable_k1,13,1,0.5024284039524368,1.0,0.5070396648985944
trainable_k1,13,2,0.504965494024575,1.0,0.5279907817074626
trainable_k1,13,3,0.5075283369988157,1.0,0.5451793354363422
trainable_k1,13,4,0.5101173269852066,1.0,0.5548476803388892
trainable_k1,13,5,0.512732866176722,1.0,0.5648407300327517
trainable_k1,13,6,0.5152035732691977,0.9996666666666667,0.5750361209489621
trainable_k1,13,7,0.5176998791227767,0.9993333333333333,0.583177194204902
trainable_k1,13,8,0.5203957646241972,0.9993333333333333,0.5887581893584993
trainable_k1,13,9,0.5229453847496074,0.999,0.5937530433837075
trainable_k1,13,10,0.5256972460971759,0.999,0.5995156029336408
trainable_k1,13,11,0.528478222535708,0.999,0.6039873960261085
trainable_k1,13,12,0.5309342315192341,0.9983333333333333,0.6082079980252333
trainable_k1,13,13,0.5337729459989307,0.9983333333333333,0.6116531434683282
trainable_k1,13,14,0.5364629994624619,0.998,0.6159173374280505
trainable_k1,13,15,0.5393622770671951,0.998,0.6206498905216972
trainable_k1,13,16,0.5421119362434341,0.9976666666666667,0.6253858988392146
trainable_k1,13,17,0.544891640866873,0.9973333333333333,0.6298866182849913
trainable_k1,13,18,0.5477018861014467,0.997,0.633929263613004
trainable_k1,13,19,0.5507273062051188,0.997,0.6375974885324935
trainable_k1,13,20,0.5536011849657471,0.9966666666666667,0.6416654824507949
trainable_k1,13,21,0.5565071681251164,0.9963333333333333,0.6457355675406804
trainable_k1,13,22,0.5596330275229358,0.9963333333333333,0.6492501675354704
trainable_k1,13,23,0.5627942007154961,0.9963333333333333,0.6520489021257783
trainable_k1,13,24,0.5658019314523764,0.996,0.6551297879833232
trainable_k1,13,25,0.5688440297086269,0.9956666666666667,0.6577386036639646
trainable_k1,13,26,0.57172955372534,0.995,0.6604733098578042
trainable_k1,13,27,0.5746484299749567,0.9943333333333333,0.6634829902070115
trainable_k1,13,28,0.5779887618678551,0.9943333333333333,0.6669842583098767
trainable_k1,13,29,0.5809783667900994,0.9936666666666667,0.6697778879068967
trainable_k1,13,30,0.5843952166241914,0.9936666666666667,0.6725221046227332
trainable_k1,13,31,0.5878524945770065,0.9936666666666667,0.6766567034752413
trainable_k1,13,32,0.5913509224360246,0.9936666666666667,0.6800688082443581
trainable_k1,13,33,0.594691678307723,0.9933333333333333,0.6825442005347169
trainable_k1,13,34,0.5982734390684602,0.9933333333333333,0.6865557349005788
trainable_k1,13,35,0.6018986063421531,0.9933333333333333,0.6884830865905784
trainable_k1,13,36,0.6055679739890266,0.9933333333333333,0.6918029674804577
trainable_k1,13,37,0.609282355346555,0.9933333333333333,0.6947701401848133
trainable_k1,13,38,0.612836864842625,0.993,0.6971039389548617
trainable_k1,13,39,0.61622852411509,0.9923333333333333,0.6998729667381514
trainable_k1,13,40,0.6198708602374505,0.992,0.7037171281161612
trainable_k1,13,41,0.6237686019702369,0.992,0.7073303460137796
trainable_k1,13,42,0.6275047458342122,0.9916666666666667,0.7099123118116865
trainable_k1,13,43,0.6315007429420505,0.9916666666666667,0.7129763953328406
trainable_k1,13,44,0.6351207007049776,0.991,0.7158781941015145
trainable_k1,13,45,0.6390023650827779,0.9906666666666667,0.7197684463284384
trainable_k1,13,46,0.6429344297771046,0.9903333333333333,0.7232432521562884
trainable_k1,13,47,0.6471357002831627,0.9903333333333333,0.725597750843508
trainable_k1,13,48,0.6513922385441789,0.9903333333333333,0.7291142455220501
trainable_k1,13,49,0.6552637386890311,0.9896666666666667,0.7310982548355699
trainable_k1,13,50,0.6594090202177294,0.9893333333333333,0.7346047417919267
trainable_k1,13,51,0.6631626034444196,0.9883333333333333,0.737970639918777
trainable_k1,13,52,0.6671920738572393,0.9876666666666667,0.7419609328432729
trainable_k1,13,53,0.6712763545681252,0.987,0.7447706735272832
trainable_k1,13,54,0.6754165715590048,0.9863333333333333,0.748512576983163
trainable_k1,13,55,0.6796138818662376,0.9856666666666667,0.7516679606061185
trainable_k1,13,56,0.6841009025688498,0.9853333333333333,0.7553365806395118
trainable_k1,13,57,0.6884176182707994,0.9846666666666667,0.7589141669161988
trainable_k1,13,58,0.6927951185167801,0.984,0.762462490343614
trainable_k1,13,59,0.6974710470337981,0.9836666666666667,0.7658597007013752
trainable_k1,13,60,0.7022137586288979,0.9833333333333333,0.7703480517847647
trainable_k1,13,61,0.706784943658595,0.9826666666666667,0.7743341552965581
trainable_k1,13,62,0.710939386621589,0.9813333333333333,0.778021024269107
trainable_k1,13,63,0.7156409632692775,0.9806666666666667,0.7821276923498652
trainable_k1,13,64,0.7201666258270032,0.9796666666666667,0.7872303080639412
trainable_k1,13,65,0.725253023944705,0.9793333333333333,0.7918405603591565
trainable_k1,13,66,0.7299179308629694,0.9783333333333334,0.796247547537108
trainable_k1,13,67,0.7344024054121774,0.977,0.80178055317214
trainable_k1,13,68,0.7397121938904317,0.9766666666666667,0.8072944545558741
trainable_k1,13,69,0.7448486390231494,0.976,0.8122579918725084
trainable_k1,13,70,0.7498077416047167,0.975,0.8160515373277523
trainable_k1,13,71,0.7548437096357531,0.974,0.8206054087935296
trainable_k1,13,72,0.7599583441812028,0.973,0.8247944888952992
trainable_k1,13,73,0.7646287063762792,0.9713333333333334,0.8307257965603622
trainable_k1,13,74,0.7691087014017456,0.9693333333333334,0.8366772564262815
trainable_k1,13,75,0.7736603572380698,0.9673333333333334,0.8438558412735416
trainable_k1,13,76,0.778554152109648,0.9656666666666667,0.8505286750029784
trainable_k1,13,77,0.7835274993226767,0.964,0.8566979931508563
trainable_k1,13,78,0.7880360557224801,0.9616666666666667,0.8630204691279085
trainable_k1,13,79,0.7920683007435968,0.9586666666666667,0.868788557307858
trainable_k1,13,80,0.7978339350180506,0.9576666666666667,0.8768301372482367
trainable_k1,13,81,0.8031363763651638,0.956,0.8821872006268645
trainable_k1,13,82,0.8071166337192883,0.9526666666666667,0.8887289333795054
trainable_k1,13,83,0.8108800911421248,0.949,0.8958138131860598
trainable_k1,13,84,0.8149425287356322,0.9453333333333334,0.904040639710343
trainable_k1,13,85,0.8176811594202898,0.9403333333333334,0.9125851266657531
trainable_k1,13,86,0.8198830409356725,0.9346666666666666,0.9204754571371526
trainable_k1,13,87,0.8215339233038348,0.9283333333333333,0.9275714041922054
trainable_k1,13,88,0.8238095238095238,0.9226666666666666,0.9362216633185513
trainable_k1,13,89,0.8258258258258259,0.9166666666666666,0.941726422500707
trainable_k1,13,90,0.8287878787878787,0.9116666666666666,0.9487752491615307
trainable_k1,13,91,0.8327217125382264,0.9076666666666666,0.9565822408638532
trainable_k1,13,92,0.8348765432098766,0.9016666666666666,0.9618087194194606
trainable_k1,13,93,0.8376947040498443,0.8963333333333333,0.9679723343901248
trainable_k1,13,94,0.8393081761006289,0.8896666666666667,0.9781984378354168
trainable_k1,13,95,0.8428571428571429,0.885,0.9845660233346505
trainable_k1,13,96,0.844551282051282,0.8783333333333333,0.9890583439976005
trainable_k1,13,97,0.8453074433656957,0.8706666666666667,0.9973103538205453
trainable_k1,13,98,0.8464052287581699,0.8633333333333333,1.0025308593582807
trainable_k1,13,99,0.8468646864686469,0.8553333333333333,1.0075254482633549
trainable_k1,13,100,0.8493333333333334,0.8493333333333334,1.0126351404178948
trainable_k1,13,101,0.8505050505050505,0.842,1.0183730420176587
trainable_k1,13,102,0.85,0.833,1.0239951125956432
trainable_k1,13,103,0.8518900343642611,0.8263333333333334,1.0294358386008786
trainable_k1,13,104,0.8524305555555556,0.8183333333333334,1.033017095188081
trainable_k1,13,105,0.8536842105263158,0.811,1.0379194068705744
trainable_k1,13,106,0.8531914893617021,0.802,1.0433083382683133
trainable_k1,13,107,0.8548387096774194,0.795,1.0472720212852307
trainable_k1,13,108,0.856159420289855,0.7876666666666666,1.049635402221431
trainable_k1,13,109,0.8571428571428571,0.78,1.0542804389373504
trainable_k1,13,110,0.8585185185185186,0.7726666666666666,1.05843398768471
trainable_k1,13,111,0.8584269662921349,0.764,1.0618803648942234
trainable_k1,13,112,0.8590909090909091,0.756,1.0651574233270749
trainable_k1,13,113,0.8593869731800766,0.7476666666666667,1.0682552062202972
trainable_k1,13,114,0.8596899224806202,0.7393333333333333,1.0732714750373924
trainable_k1,13,115,0.8596078431372549,0.7306666666666667,1.078709603928024
trainable_k1,13,116,0.8587301587301587,0.7213333333333334,1.083037630944633
trainable_k1,13,117,0.8586345381526105,0.7126666666666667,1.0870625718511868
trainable_k1,13,118,0.8601626016260162,0.7053333333333334,1.0901060667477969
trainable_k1,13,119,0.8613168724279835,0.6976666666666667,1.0935026445889289
trainable_k1,13,120,0.8608333333333333,0.6886666666666666,1.0967018640781285
trainable_k1,13,121,0.860337552742616,0.6796666666666666,1.099953402868771
trainable_k1,13,122,0.8611111111111112,0.6716666666666666,1.1034875866025193
trainable_k1,13,123,0.8632034632034632,0.6646666666666666,1.106368995289062
trainable_k1,13,124,0.8635964912280701,0.6563333333333333,1.1092961761940336
trainable_k1,13,125,0.8631111111111112,0.6473333333333333,1.111967961701354
trainable_k1,13,126,0.863063063063063,0.6386666666666667,1.1156499703572802
trainable_k1,13,127,0.8639269406392694,0.6306666666666667,1.1183982693022514
trainable_k1,13,128,0.8634259259259259,0.6216666666666667,1.1208813346829058
trainable_k1,13,129,0.863849765258216,0.6133333333333333,1.124628534638356
trainable_k1,13,130,0.8652380952380953,0.6056666666666667,1.1272872778814258
trainable_k1,13,131,0.8657004830917875,0.5973333333333334,1.1304597175584346
trainable_k1,13,132,0.865686274509804,0.5886666666666667,1.1345948135350858
trainable_k1,13,133,0.8646766169154229,0.5793333333333334,1.1371487281931782
trainable_k1,13,134,0.8641414141414141,0.5703333333333334,1.1397852638791335
trainable_k1,13,135,0.8646153846153846,0.562,1.1424619497296504
trainable_k1,13,136,0.8651041666666667,0.5536666666666666,1.145454680871593
trainable_k1,13,137,0.8661375661375661,0.5456666666666666,1.1480236902329584
trainable_k1,13,138,0.8661290322580645,0.537,1.1508850948979217
trainable_k1,13,139,0.8688524590163934,0.53,1.153962225378361
trainable_k1,13,140,0.87,0.522,1.1568370653873126
trainable_k1,13,141,0.8711864406779661,0.514,1.160406596804568
trainable_k1,13,142,0.8706896551724138,0.505,1.1638481067791098
trainable_k1,13,143,0.8695906432748538,0.49566666666666664,1.1679109665477896
trainable_k1,13,144,0.8696428571428572,0.487,1.1697617925110597
trainable_k1,13,145,0.8690909090909091,0.478,1.172859062951836
trainable_k1,13,146,0.8672839506172839,0.4683333333333333,1.1758166240796302
trainable_k1,13,147,0.8685534591194969,0.4603333333333333,1.1792142113361854
trainable_k1,13,148,0.8685897435897436,0.45166666666666666,1.182043135273526
trainable_k1,13,149,0.8699346405228758,0.44366666666666665,1.1848749469647673
trainable_k1,13,150,0.8686666666666667,0.43433333333333335,1.1874539583488937
trainable_k1,13,151,0.8707482993197279,0.4266666666666667,1.1901065417511634
trainable_k1,13,152,0.8722222222222222,0.4186666666666667,1.1926915187349492
trainable_k1,13,153,0.873758865248227,0.4106666666666667,1.196244783258431
trainable_k1,13,154,0.8746376811594203,0.4023333333333333,1.1994486491013234
trainable_k1,13,155,0.8740740740740741,0.3933333333333333,1.2028499843316396
trainable_k1,13,156,0.871969696969697,0.38366666666666666,1.2054826401153023
trainable_k1,13,157,0.8689922480620155,0.37366666666666665,1.2084922528866613
trainable_k1,13,158,0.8706349206349207,0.36566666666666664,1.2114200635452101
trainable_k1,13,159,0.8691056910569106,0.35633333333333334,1.2145584211848908
trainable_k1,13,160,0.8691666666666666,0.3476666666666667,1.2177862887314796
trainable_k1,13,161,0.8700854700854701,0.3393333333333333,1.220325776830774
trainable_k1,13,162,0.8692982456140351,0.3303333333333333,1.223144887902831
trainable_k1,13,163,0.8729729729729729,0.323,1.2265834037675145
trainable_k1,13,164,0.8768518518518519,0.31566666666666665,1.2297554754918727
trainable_k1,13,165,0.8819047619047619,0.30866666666666664,1.2325614091606798
trainable_k1,13,166,0.8803921568627451,0.29933333333333334,1.2357010106341144
trainable_k1,13,167,0.8808080808080808,0.2906666666666667,1.239461017698051
trainable_k1,13,168,0.88125,0.282,1.2429906844446754
trainable_k1,13,169,0.8806451612903226,0.273,1.2464516538146115
trainable_k1,13,170,0.8844444444444445,0.2653333333333333,1.2490394466086023
trainable_k1,13,171,0.8873563218390804,0.25733333333333336,1.2521678979045172
trainable_k1,13,172,0.888095238095238,0.24866666666666667,1.255495253836765
trainable_k1,13,173,0.8888888888888888,0.24,1.2581131880152836
trainable_k1,13,174,0.8884615384615384,0.231,1.261405273380344
trainable_k1,13,175,0.8906666666666667,0.22266666666666668,1.2643883135964482
trainable_k1,13,176,0.8902777777777777,0.21366666666666667,1.2667856272670053
trainable_k1,13,177,0.8913043478260869,0.205,1.2702929895750634
trainable_k1,13,178,0.8893939393939394,0.19566666666666666,1.2740123778392556
trainable_k1,13,179,0.8920634920634921,0.18733333333333332,1.278265323586935
trainable_k1,13,180,0.89,0.178,1.281693700434408
trainable_k1,13,181,0.8912280701754386,0.16933333333333334,1.2852968848828512
trainable_k1,13,182,0.8925925925925926,0.16066666666666668,1.290485343387935
trainable_k1,13,183,0.8921568627450981,0.15166666666666667,1.2944750336061919
trainable_k1,13,184,0.89375,0.143,1.2994607668078555
trainable_k1,13,185,0.8888888888888888,0.13333333333333333,1.3037834667281192
trainable_k1,13,186,0.8904761904761904,0.12466666666666666,1.309909332445958
trainable_k1,13,187,0.8846153846153846,0.115,1.3149307562249213
trainable_k1,13,188,0.8972222222222223,0.10766666666666666,1.3218262108922598
trainable_k1,13,189,0.8909090909090909,0.098,1.3281321526864276
trainable_k1,13,190,0.8933333333333333,0.08933333333333333,1.3350748833700352
trainable_k1,13,191,0.9,0.081,1.34154817531503
trainable_k1,13,192,0.8916666666666667,0.07133333333333333,1.3462493816942567
trainable_k1,13,193,0.8904761904761904,0.06233333333333333,1.3544245637352101
trainable_k1,13,194,0.8833333333333333,0.053,1.3617299184340301
trainable_k1,13,195,0.8933333333333333,0.04466666666666667,1.3698321257328596
trainable_k1,13,196,0.9083333333333333,0.036333333333333336,1.379363884171804
trainable_k1,13,197,0.9,0.027,1.3928309292611785
trainable_k1,13,198,0.8666666666666667,0.017333333333333333,1.4160386960325342
trainable_k1,13,199,0.8666666666666667,0.008666666666666666,1.443560350855094
trainable_k1,13,200,1.0,0.0,inf
trainable_k1,42,0,0.5,1.0,0.43135109347783845
trainable_k1,42,1,0.5024284039524368,1.0,0.5498232285287193
trainable_k1,42,2,0.504965494024575,1.0,0.5705362342110049
trainable_k1,42,3,0.5073591608864828,0.9996666666666667,0.5848554985386321
trainable_k1,42,4,0.5099472878762116,0.9996666666666667,0.5950206546419966
trainable_k1,42,5,0.5125619552213296,0.9996666666666667,0.6028892708187759
trainable_k1,42,6,0.5150317814808452,0.9993333333333333,0.6101699115552454
trainable_k1,42,7,0.5176998791227767,0.9993333333333333,0.616094953090543
trainable_k1,42,8,0.5202221836486721,0.999,0.6208943197292106
trainable_k1,42,9,0.5229453847496074,0.999,0.6246592969523191
trainable_k1,42,10,0.5256972460971759,0.999,0.6284744525485043
trainable_k1,42,11,0.5283018867924528,0.9986666666666667,0.6331299989751599
trainable_k1,42,12,0.5311115050522957,0.9986666666666667,0.6376837247630661
trainable_k1,42,13,0.5337729459989307,0.9983333333333333,0.64195422694731
trainable_k1,42,14,0.5364629994624619,0.998,0.6456990288679219
trainable_k1,42,15,0.5391821293460638,0.9976666666666667,0.64870689539341
trainable_k1,42,16,0.5417496830284368,0.997,0.6518426980444284
trainable_k1,42,17,0.5445274084866144,0.9966666666666667,0.6554384787391001
trainable_k1,42,18,0.5473356528108405,0.9963333333333333,0.6581075614954118
trainable_k1,42,19,0.5503590498987295,0.9963333333333333,0.6626628514084808
trainable_k1,42,20,0.5534160340677652,0.9963333333333333,0.666209923926663
trainable_k1,42,21,0.5563209830571588,0.996,0.668592598529045
trainable_k1,42,22,0.5592585658116458,0.9956666666666667,0.6721549707181724
trainable_k1,42,23,0.5624176237996611,0.9956666666666667,0.6746466848143717
trainable_k1,42,24,0.5656125733762545,0.9956666666666667,0.6770106727446962
trainable_k1,42,25,0.568463149876214,0.995,0.6795348612283515
trainable_k1,42,26,0.5715380195364873,0.9946666666666667,0.6820778319774063
trainable_k1,42,27,0.5740705066461183,0.9933333333333333,0.6849911206657818
trainable_k1,42,28,0.5774074791707033,0.9933333333333333,0.6877252317387279
trainable_k1,42,29,0.5807834730072111,0.9933333333333333,0.6907245370426082
trainable_k1,42,30,0.5840031366398746,0.993,0.6946720758333443
trainable_k1,42,31,0.5874580950502859,0.993,0.697404433183475
trainable_k1,42,32,0.5909541757587781,0.993,0.6998010921576931
trainable_k1,42,33,0.5942925563759729,0.9926666666666667,0.7026364811799942
trainable_k1,42,34,0.5978719132704277,0.9926666666666667,0.7046148710131643
trainable_k1,42,35,0.6012926681478489,0.9923333333333333,0.7070011657169448
trainable_k1,42,36,0.604958341800447,0.9923333333333333,0.7103591339663674
trainable_k1,42,37,0.6082600695154365,0.9916666666666667,0.7130838273631758
trainable_k1,42,38,0.611808269903312,0.9913333333333333,0.7159745712937864
trainable_k1,42,39,0.6154005381908507,0.991,0.7188331588052633
trainable_k1,42,40,0.6192459904186628,0.991,0.7210654409582236
trainable_k1,42,41,0.6229302033116747,0.9906666666666667,0.7236095421050837
trainable_k1,42,42,0.6266610419742671,0.9903333333333333,0.7277994729186674
trainable_k1,42,43,0.6306516663128847,0.9903333333333333,0.7302196684123914
trainable_k1,42,44,0.6342661824396496,0.9896666666666667,0.7324918606520698
trainable_k1,42,45,0.6383573425069877,0.9896666666666667,0.7359988049696761
trainable_k1,42,46,0.6422852196494265,0.9893333333333333,0.7399849538156432
trainable_k1,42,47,0.6460466129383576,0.9886666666666667,0.7431145140263555
trainable_k1,42,48,0.6502959877219908,0.9886666666666667,0.7468687692700199
trainable_k1,42,49,0.6546016331935555,0.9886666666666667,0.7501905704435888
trainable_k1,42,50,0.6587425016662963,0.9883333333333333,0.7537819789012099
trainable_k1,42,51,0.6627152762245583,0.9876666666666667,0.7566533151618493
trainable_k1,42,52,0.6669668993469939,0.9873333333333333,0.7603050161664823
trainable_k1,42,53,0.6712763545681252,0.987,0.7634125198073533
trainable_k1,42,54,0.6756448299475005,0.9866666666666667,0.7673089938963253
trainable_k1,42,55,0.6803033785336704,0.9866666666666667,0.7706129867975594
trainable_k1,42,56,0.6847951862994677,0.9863333333333333,0.7733860532385763
trainable_k1,42,57,0.6893498019109765,0.986,0.7772280733677633
trainable_k1,42,58,0.6939685519831026,0.9856666666666667,0.7802632669068665
trainable_k1,42,59,0.6986528007563224,0.9853333333333333,0.7837049074454187
trainable_k1,42,60,0.7031659128778862,0.9846666666666667,0.7874171567114746
trainable_k1,42,61,0.7079836969551666,0.9843333333333333,0.7925617869855711
trainable_k1,42,62,0.7131127746921033,0.9843333333333333,0.7961983872064592
trainable_k1,42,63,0.7183167112624665,0.9843333333333333,0.8008382084969878
trainable_k1,42,64,0.7231070815976476,0.9836666666666667,0.8065950339345814
trainable_k1,42,65,0.7279684028634905,0.983,0.8120036969811127
trainable_k1,42,66,0.7329022631186272,0.9823333333333333,0.816823702108832
trainable_k1,42,67,0.7381608619393636,0.982,0.8215388726201479
trainable_k1,42,68,0.7437515778843726,0.982,0.825770488181297
trainable_k1,42,69,0.7486644619689646,0.981,0.8312510841134639
trainable_k1,42,70,0.7533965649833376,0.9796666666666667,0.836411661171469
trainable_k1,42,71,0.758977008524929,0.9793333333333333,0.8430925669238186
trainable_k1,42,72,0.7641239260609216,0.9783333333333334,0.8506832704683533
trainable_k1,42,73,0.7693518761479926,0.9773333333333334,0.8564430322829076
trainable_k1,42,74,0.775191748214758,0.977,0.8650401085293583
trainable_k1,42,75,0.7808584377499334,0.9763333333333334,0.8721434171648372
trainable_k1,42,76,0.7868279569892473,0.9756666666666667,0.8801929568710922
trainable_k1,42,77,0.7913279132791328,0.9733333333333334,0.8876545914466029
trainable_k1,42,78,0.7961748633879782,0.9713333333333334,0.8944380207147336
trainable_k1,42,79,0.8013774104683196,0.9696666666666667,0.9050746846112634
trainable_k1,42,80,0.8069444444444445,0.9683333333333334,0.9108885188886031
trainable_k1,42,81,0.8106442577030812,0.9646666666666667,0.9185824650635515
trainable_k1,42,82,0.8144067796610169,0.961,0.9256669919952903
trainable_k1,42,83,0.8182336182336183,0.9573333333333334,0.9344416497202567
trainable_k1,42,84,0.821551724137931,0.953,0.9414712870975793
trainable_k1,42,85,0.8255072463768116,0.9493333333333334,0.9517217122458845
trainable_k1,42,86,0.8292397660818713,0.9453333333333334,0.9603231632556568
trainable_k1,42,87,0.8324483775811209,0.9406666666666667,0.9659657421488197
trainable_k1,42,88,0.8354166666666667,0.9356666666666666,0.9718383169462369
trainable_k1,42,89,0.8390390390390391,0.9313333333333333,0.9788745180890922
trainable_k1,42,90,0.8412121212121212,0.9253333333333333,0.9863632979620914
trainable_k1,42,91,0.8428134556574923,0.9186666666666666,0.9925455468624048
trainable_k1,42,92,0.8441358024691358,0.9116666666666666,0.9969460294860376
trainable_k1,42,93,0.8467289719626169,0.906,1.0019883956306106
trainable_k1,42,94,0.8490566037735849,0.9,1.0070512254625725
trainable_k1,42,95,0.8517460317460317,0.8943333333333333,1.0104398840429583
trainable_k1,42,96,0.8519230769230769,0.886,1.0155490482170613
trainable_k1,42,97,0.8546925566343042,0.8803333333333333,1.020272659787047
trainable_k1,42,98,0.8558823529411764,0.873,1.025083330338954
trainable_k1,42,99,0.8577557755775578,0.8663333333333333,1.029021195250873
trainable_k1,42,100,0.8586666666666667,0.8586666666666667,1.0351353813813169
trainable_k1,42,101,0.8599798047795355,0.8516666666666667,1.0395831234309874
trainable_k1,42,102,0.861271676300578,0.8443333333333334,1.0447430137325415
trainable_k1,42,103,0.8622466506355204,0.8366666666666667,1.048465435843752
trainable_k1,42,104,0.8628948281846581,0.8286666666666667,1.0531405140064414
trainable_k1,42,105,0.8642581550333216,0.8213333333333334,1.0567110117990686
trainable_k1,42,106,0.8656504785537044,0.814,1.0610288973276287
trainable_k1,42,107,0.8670727337871731,0.8066666666666666,1.065114254951063
trainable_k1,42,108,0.8674393335747917,0.7983333333333333,1.0692038910879118
trainable_k1,42,109,0.8678139875503479,0.79,1.0722210782724053
trainable_k1,42,110,0.8685671973343206,0.782,1.0771137037511076
trainable_k1,42,111,0.8693373268438787,0.774,1.0815469746474862
trainable_k1,42,112,0.8712608860280197,0.767,1.0855589839037876
trainable_k1,42,113,0.871313672922252,0.7583333333333333,1.089429864267565
trainable_k1,42,114,0.8721425803951957,0.7503333333333333,1.0923849516315804
trainable_k1,42,115,0.875343002744022,0.7443333333333333,1.0971604812721503
trainable_k1,42,116,0.8766362554541849,0.7366666666666667,1.1004598444909919
trainable_k1,42,117,0.8771577679646728,0.7283333333333334,1.1044187156366871
trainable_k1,42,118,0.8793173506704591,0.7213333333333334,1.107832416867923
trainable_k1,42,119,0.8807075277663513,0.7136666666666667,1.1110973019915797
trainable_k1,42,120,0.8821324448146606,0.706,1.1135992553004253
trainable_k1,42,121,0.883171657528469,0.698,1.116837202214052
trainable_k1,42,122,0.8850918410935498,0.6906666666666667,1.1199557812344882
trainable_k1,42,123,0.8866291648636954,0.683,1.1232891764121145
trainable_k1,42,124,0.8882069267864972,0.6753333333333333,1.1272159821558798
trainable_k1,42,125,0.8907152376721457,0.6683333333333333,1.1301259590780415
trainable_k1,42,126,0.8910400720396218,0.6596666666666666,1.1333739916513383
trainable_k1,42,127,0.8945686900958466,0.6533333333333333,1.1364251983973757
trainable_k1,42,128,0.8963442850532161,0.6456666666666667,1.138908349365068
trainable_k1,42,129,0.8981698732989207,0.638,1.1420622176206054
trainable_k1,42,130,0.8995716325559258,0.63,1.1463737663671048
trainable_k1,42,131,0.8995654273297924,0.621,1.1495563005865317
trainable_k1,42,132,0.9005389514943655,0.6126666666666667,1.1520511605969155
trainable_k1,42,133,0.9010442565887619,0.604,1.1549861445942977
trainable_k1,42,134,0.9030792529025744,0.5963333333333334,1.158479198870319
trainable_k1,42,135,0.9051768323936443,0.5886666666666667,1.1622817830917564
trainable_k1,42,136,0.905257678292556,0.5796666666666667,1.166040556898438
trainable_k1,42,137,0.9069275515600211,0.5716666666666667,1.1695469531945863
trainable_k1,42,138,0.906501880709296,0.5623333333333334,1.1727445742873943
trainable_k1,42,139,0.9082468596395412,0.5543333333333333,1.174987613868226
trainable_k1,42,140,0.9089394780677401,0.5456666666666666,1.1781445806369515
trainable_k1,42,141,0.9090909090909091,0.5366666666666666,1.180729437227805
trainable_k1,42,142,0.9115450890292935,0.529,1.184182514345454
trainable_k1,42,143,0.9129164231443601,0.5206666666666667,1.188389372311908
trainable_k1,42,144,0.9155264723378941,0.513,1.1909764907197289
trainable_k1,42,145,0.9152029073288915,0.5036666666666667,1.194502235311598
trainable_k1,42,146,0.9173349784083898,0.49566666666666664,1.1980660580840896
trainable_k1,42,147,0.918918918918919,0.48733333333333334,1.2024750149240258
trainable_k1,42,148,0.9212043561819346,0.47933333333333333,1.2059385609792532
trainable_k1,42,149,0.9229261920313521,0.471,1.2092558073063018
trainable_k1,42,150,0.9247168554297135,0.46266666666666667,1.211830235442906
trainable_k1,42,151,0.9272603670972128,0.45466666666666666,1.2146688754830977
trainable_k1,42,152,0.9285218598195697,0.446,1.218097297311053
trainable_k1,42,153,0.9298369950389794,0.43733333333333335,1.2212653197847185
trainable_k1,42,154,0.9304851556842868,0.42833333333333334,1.2247034155431702
trainable_k1,42,155,0.9341228719467062,0.4206666666666667,1.2277265240550908
trainable_k1,42,156,0.9348978046934141,0.4116666666666667,1.2309052991053144
trainable_k1,42,157,0.9364833462432223,0.403,1.234482684293654
trainable_k1,42,158,0.9389373513084853,0.39466666666666667,1.2388266496226834
trainable_k1,42,159,0.9382615759545085,0.385,1.243495579524387
trainable_k1,42,160,0.9375520399666945,0.37533333333333335,1.2465828684863116
trainable_k1,42,161,0.9385140905209223,0.36633333333333334,1.250402841800751
trainable_k1,42,162,0.9386503067484663,0.357,1.2539782339002883
trainable_k1,42,163,0.9387938793879388,0.3476666666666667,1.2572927240829095
trainable_k1,42,164,0.9380203515263644,0.338,1.2613578833580463
trainable_k1,42,165,0.9410085632730733,0.32966666666666666,1.2647205878702144
trainable_k1,42,166,0.9422135161606269,0.32066666666666666,1.2672038806523431
trainable_k1,42,167,0.9424242424242424,0.311,1.2703049358778553
trainable_k1,42,168,0.9458333333333333,0.30266666666666664,1.274681135989382
trainable_k1,42,169,0.946236559139785,0.29333333333333333,1.2776225848324134
trainable_k1,42,170,0.9488888888888889,0.2846666666666667,1.2830058971244669
trainable_k1,42,171,0.9517241379310345,0.276,1.2879305465436928
trainable_k1,42,172,0.955952380952381,0.26766666666666666,1.2919341327689695
trainable_k1,42,173,0.9592592592592593,0.259,1.2952872651337184
trainable_k1,42,174,0.958974358974359,0.24933333333333332,1.3007802072239683
trainable_k1,42,175,0.96,0.24,1.305538770681331
trainable_k1,42,176,0.9625,0.231,1.3102970779723668
trainable_k1,42,177,0.9608695652173913,0.221,1.3152434307846956
trainable_k1,42,178,0.9621212121212122,0.21166666666666667,1.3209657858357473
trainable_k1,42,179,0.9666666666666667,0.203,1.3250359268745868
trainable_k1,42,180,0.9683333333333334,0.19366666666666665,1.3312822075932043
trainable_k1,42,181,0.968421052631579,0.184,1.3381402692830418
trainable_k1,42,182,0.9666666666666667,0.174,1.344426018474717
trainable_k1,42,183,0.9647058823529412,0.164,1.3506991930333343
trainable_k1,42,184,0.9645833333333333,0.15433333333333332,1.3566127218907378
trainable_k1,42,185,0.9688888888888889,0.14533333333333334,1.362764621213766
trainable_k1,42,186,0.9738095238095238,0.13633333333333333,1.3700088750612969
trainable_k1,42,187,0.9743589743589743,0.12666666666666668,1.3774691452799959
trainable_k1,42,188,0.9833333333333333,0.118,1.3852818198460453
trainable_k1,42,189,0.9848484848484849,0.10833333333333334,1.3972944504702707
trainable_k1,42,190,0.99,0.099,1.405185355415203
trainable_k1,42,191,0.9925925925925926,0.08933333333333333,1.4164400587422816
trainable_k1,42,192,1.0,0.08,1.4325117803551195
trainable_k1,42,193,1.0,0.07,1.4457432228414173
trainable_k1,42,194,1.0,0.06,1.4599093843978526
trainable_k1,42,195,1.0,0.05,1.4762734782706541
trainable_k1,42,196,1.0,0.04,1.4924835433175687
trainable_k1,42,197,1.0,0.03,1.5169777331863326
trainable_k1,42,198,1.0,0.02,1.5369104280643038
trainable_k1,42,199,1.0,0.01,1.5755600271244983
trainable_k1,42,200,1.0,0.0,inf
trainable_k1,87,0,0.5,1.0,0.37279993047731086
trainable_k1,87,1,0.5024284039524368,1.0,0.5031973687153136
trainable_k1,87,2,0.504965494024575,1.0,0.5250556881242464
trainable_k1,87,3,0.5075283369988157,1.0,0.5410185056688632
trainable_k1,87,4,0.5101173269852066,1.0,0.5530808236894288
trainable_k1,87,5,0.512732866176722,1.0,0.5626167361575225
trainable_k1,87,6,0.5153753650575502,1.0,0.5704728440507763
trainable_k1,87,7,0.5180452426178553,1.0,0.5779882386663499
trainable_k1,87,8,0.5207429265752473,1.0,0.5866059254371713
trainable_k1,87,9,0.5234688536032106,1.0,0.5922676585040969
trainable_k1,87,10,0.5262234695667427,1.0,0.5957884572207132
trainable_k1,87,11,0.5290072297654734,1.0,0.5994540912111904
trainable_k1,87,12,0.5318205991845417,1.0,0.6049055893936434
trainable_k1,87,13,0.5346640527535199,1.0,0.610578620463753
trainable_k1,87,14,0.5373588962551514,0.9996666666666667,0.6134567229434813
trainable_k1,87,15,0.5400828679517204,0.9993333333333333,0.6183753872199544
trainable_k1,87,16,0.5430175692809274,0.9993333333333333,0.6219718029178891
trainable_k1,87,17,0.5459843380076489,0.9993333333333333,0.6255279918535084
trainable_k1,87,18,0.548983702618568,0.9993333333333333,0.6281688050881432
trainable_k1,87,19,0.5518320751242866,0.999,0.6327284399275915
trainable_k1,87,20,0.5548972412516201,0.999,0.636406408267733
trainable_k1,87,21,0.5579966486687767,0.999,0.6397382019387091
trainable_k1,87,22,0.5609436435124509,0.9986666666666667,0.6435201374470395
trainable_k1,87,23,0.5639239314630013,0.9983333333333333,0.6472509098121172
trainable_k1,87,24,0.5669380799091082,0.998,0.6507563156369488
trainable_k1,87,25,0.570177109122072,0.998,0.6547253461926135
trainable_k1,87,26,0.5734533614250144,0.998,0.6569670240104073
trainable_k1,87,27,0.5767674821806974,0.998,0.6597657531145956
trainable_k1,87,28,0.5799263708583607,0.9976666666666667,0.663663163350031
trainable_k1,87,29,0.5829273046189827,0.997,0.667117773040007
trainable_k1,87,30,0.586159576553617,0.9966666666666667,0.67049761008087
trainable_k1,87,31,0.5896272924472491,0.9966666666666667,0.6733373977785274
trainable_k1,87,32,0.5931362824836341,0.9966666666666667,0.6766558844706552
trainable_k1,87,33,0.5966872879664737,0.9966666666666667,0.6791280014410375
trainable_k1,87,34,0.6002810680586228,0.9966666666666667,0.6833500519618986
trainable_k1,87,35,0.603918400323167,0.9966666666666667,0.6868230909888244
trainable_k1,87,36,0.6076000812842918,0.9966666666666667,0.690996594547849
trainable_k1,87,37,0.6109180126763443,0.996,0.6942025001501185
trainable_k1,87,38,0.6146883357333882,0.996,0.6973272571967151
trainable_k1,87,39,0.6185054854067481,0.996,0.7009435774549045
trainable_k1,87,40,0.6221620495730056,0.9956666666666667,0.7047698121928998
trainable_k1,87,41,0.6258645986166422,0.9953333333333333,0.7083954551043411
trainable_k1,87,42,0.6294030795190888,0.9946666666666667,0.7124774922145413
trainable_k1,87,43,0.633198896200382,0.9943333333333333,0.7155614681824959
trainable_k1,87,44,0.6372569963682974,0.9943333333333333,0.7184341686160283
trainable_k1,87,45,0.6411524403354117,0.994,0.7213096582168472
trainable_k1,87,46,0.6453148669119239,0.994,0.7245358694889936
trainable_k1,87,47,0.6495316924417338,0.994,0.7275906987857903
trainable_k1,87,48,0.6535847401885552,0.9936666666666667,0.7308439339404376
trainable_k1,87,49,0.6576914588391084,0.9933333333333333,0.7336806533684446
trainable_k1,87,50,0.6618529215729838,0.993,0.735855993073737
trainable_k1,87,51,0.6660702303735182,0.9926666666666667,0.7386370762226301
trainable_k1,87,52,0.6703445170006755,0.9923333333333333,0.7432797431035899
trainable_k1,87,53,0.6749036499659941,0.9923333333333333,0.7472453245185784
trainable_k1,87,54,0.6795252225519288,0.9923333333333333,0.7509972465570941
trainable_k1,87,55,0.6832911974258791,0.991,0.7536801842920825
trainable_k1,87,56,0.6875723212219393,0.9903333333333333,0.7571931587763844
trainable_k1,87,57,0.6923793987415521,0.9903333333333333,0.7605032865834725
trainable_k1,87,58,0.697019478995541,0.99,0.7640934477825216
trainable_k1,87,59,0.7014890096903805,0.9893333333333333,0.7691515598395964
trainable_k1,87,60,0.7064984527493454,0.9893333333333333,0.7720471128466645
trainable_k1,87,61,0.7103812035483098,0.9876666666666667,0.7765788878660207
trainable_k1,87,62,0.7155276503260082,0.9876666666666667,0.7795308286082672
trainable_k1,87,63,0.7197762101678423,0.9863333333333333,0.7838939582034329
trainable_k1,87,64,0.7248223474638569,0.986,0.7890089725129852
trainable_k1,87,65,0.729202666008393,0.9846666666666667,0.7931206889811645
trainable_k1,87,66,0.7333996518279035,0.983,0.8002316238944785
trainable_k1,87,67,0.7386619894763218,0.9826666666666667,0.8060253637960211
trainable_k1,87,68,0.7437515778843726,0.982,0.8128133540576827
trainable_k1,87,69,0.74917323836174,0.9816666666666667,0.8185561378347488
trainable_k1,87,70,0.7541655985644706,0.9806666666666667,0.8239214647083004
trainable_k1,87,71,0.7592353397055025,0.9796666666666667,0.8297140511152368
trainable_k1,87,72,0.7641239260609216,0.9783333333333334,0.8352009986867629
trainable_k1,87,73,0.7683022828653897,0.976,0.8398509566580211
trainable_k1,87,74,0.7738693467336684,0.9753333333333334,0.8453743431045363
trainable_k1,87,75,0.7787256731538257,0.9736666666666667,0.8504615170200999
trainable_k1,87,76,0.7841977962913196,0.9726666666666667,0.8559827960258587
trainable_k1,87,77,0.7897588729341641,0.9716666666666667,0.8612745795150643
trainable_k1,87,78,0.7937721933897842,0.9686666666666667,0.8683180787957159
trainable_k1,87,79,0.7992288625722941,0.9673333333333334,0.8746323522292051
trainable_k1,87,80,0.802832546514857,0.9636666666666667,0.8827681228676459
trainable_k1,87,81,0.8062167460095211,0.9596666666666667,0.8913643043584948
trainable_k1,87,82,0.8113527252188647,0.9576666666666667,0.898899967910843
trainable_k1,87,83,0.8142979208202791,0.953,0.9061404173818927
trainable_k1,87,84,0.8178684286124677,0.949,0.915477945321214
trainable_k1,87,85,0.8209214720370906,0.9443333333333334,0.9203362612281949
trainable_k1,87,86,0.8237357497807658,0.9393333333333334,0.9300566568625172
trainable_k1,87,87,0.8263049248009436,0.934,0.9381531507644517
trainable_k1,87,88,0.8307051472775959,0.9306666666666666,0.9462610278747848
trainable_k1,87,89,0.8336835785049534,0.9256666666666666,0.9549100524505508
trainable_k1,87,90,0.8361102696152681,0.92,0.9619043153402701
trainable_k1,87,91,0.8398043411800673,0.9156666666666666,0.9671829263369693
trainable_k1,87,92,0.8420240666460969,0.9096666666666666,0.975179448369423
trainable_k1,87,93,0.8436624104640299,0.903,0.9820039761913064
trainable_k1,87,94,0.8459603898145237,0.897,0.9938445195771594
trainable_k1,87,95,0.8486194858774992,0.8913333333333333,1.000882635245231
trainable_k1,87,96,0.8516501121435437,0.886,1.0081534884577112
trainable_k1,87,97,0.8524749272080233,0.8783333333333333,1.0165059909027174
trainable_k1,87,98,0.853969291081346,0.8713333333333333,1.0224103766009536
trainable_k1,87,99,0.8541735400857803,0.863,1.0303078447426464
trainable_k1,87,100,0.8553815394868377,0.8556666666666667,1.0365675627314714
trainable_k1,87,101,0.8566139347021205,0.8483333333333334,1.0437438337020088
trainable_k1,87,102,0.8582114926895614,0.8413333333333334,1.052218933798733
trainable_k1,87,103,0.8608725523874957,0.8353333333333334,1.0583798024400537
trainable_k1,87,104,0.8608122179798681,0.8266666666666667,1.062807922019315
trainable_k1,87,105,0.8618028761837951,0.819,1.0684788041134239
trainable_k1,87,106,0.8621056362991847,0.8106666666666666,1.0748966297598652
trainable_k1,87,107,0.8645646721605159,0.8043333333333333,1.0814235896158024
trainable_k1,87,108,0.8638174574429555,0.795,1.0862355998563014
trainable_k1,87,109,0.866349322592457,0.7886666666666666,1.091206039832065
trainable_k1,87,110,0.8667160310995927,0.7803333333333333,1.0943967657691773
trainable_k1,87,111,0.8678397603893673,0.7726666666666666,1.0984995316135782
trainable_k1,87,112,0.8697463082165846,0.7656666666666667,1.1027910030904529
trainable_k1,87,113,0.871313672922252,0.7583333333333333,1.1079784920372098
trainable_k1,87,114,0.8725300271212708,0.7506666666666667,1.11440097401679
trainable_k1,87,115,0.8722069776558212,0.7416666666666667,1.1178273559450267
trainable_k1,87,116,0.8730662435541452,0.7336666666666667,1.1222418425490117
trainable_k1,87,117,0.8731433159373746,0.725,1.1266523408326041
trainable_k1,87,118,0.8736286062576188,0.7166666666666667,1.1303415605788376
trainable_k1,87,119,0.8741258741258742,0.7083333333333334,1.1339351129480613
trainable_k1,87,120,0.8742190753852561,0.6996666666666667,1.1377242074877023
trainable_k1,87,121,0.8743146351750316,0.691,1.1417689143364207
trainable_k1,87,122,0.8748398120461341,0.6826666666666666,1.1447275628218145
trainable_k1,87,123,0.8775421895283427,0.676,1.1476024956717676
trainable_k1,87,124,0.8785620341955283,0.668,1.150862255839878
trainable_k1,87,125,0.8782763216348289,0.659,1.1554862366943335
trainable_k1,87,126,0.8793336334984241,0.651,1.1593230497782776
trainable_k1,87,127,0.8804198995892286,0.643,1.1620285670622639
trainable_k1,87,128,0.8847755668671912,0.6373333333333333,1.1656431216349261
trainable_k1,87,129,0.8878460816518067,0.6306666666666667,1.1687939849562483
trainable_k1,87,130,0.8891004283674441,0.6226666666666667,1.1715366915263699
trainable_k1,87,131,0.8884596813133752,0.6133333333333333,1.1747213483128298
trainable_k1,87,132,0.890249877511024,0.6056666666666667,1.1775291773846475
trainable_k1,87,133,0.8901044256588762,0.5966666666666667,1.18044424278342
trainable_k1,87,134,0.8904593639575972,0.588,1.1831800528596055
trainable_k1,87,135,0.8903126601742696,0.579,1.1861571488726468
trainable_k1,87,136,0.8912024986985945,0.5706666666666667,1.1892759236595676
trainable_k1,87,137,0.8931782125859333,0.563,1.1919437956346317
trainable_k1,87,138,0.8936055883933369,0.5543333333333333,1.1949380729316292
trainable_k1,87,139,0.8935008192244676,0.5453333333333333,1.198743212063069
trainable_k1,87,140,0.8928373126041088,0.536,1.201058292626566
trainable_k1,87,141,0.893845285149633,0.5276666666666666,1.2043691222749242
trainable_k1,87,142,0.893739230327398,0.5186666666666667,1.2078577154791215
trainable_k1,87,143,0.8942139099941555,0.51,1.2110834904287073
trainable_k1,87,144,0.8941106484235574,0.501,1.2141801189979695
trainable_k1,87,145,0.8940036341611145,0.492,1.2170553462534424
trainable_k1,87,146,0.8926588525601481,0.48233333333333334,1.2211707644733547
trainable_k1,87,147,0.8925204274041484,0.47333333333333333,1.2241251947402656
trainable_k1,87,148,0.8936579115951313,0.465,1.2269539263427574
trainable_k1,87,149,0.8948399738732854,0.45666666666666667,1.230740591719758
trainable_k1,87,150,0.894070619586942,0.44733333333333336,1.23512661001693
trainable_k1,87,151,0.8966689326988443,0.43966666666666665,1.2379379674687747
trainable_k1,87,152,0.8959056210964608,0.43033333333333335,1.2421966313762554
trainable_k1,87,153,0.8965272856130404,0.4216666666666667,1.2439400485604524
trainable_k1,87,154,0.894927536231884,0.4116666666666667,1.247730633260512
trainable_k1,87,155,0.8970370370370371,0.4036666666666667,1.2509189087158092
trainable_k1,87,156,0.896969696969697,0.39466666666666667,1.2542530870413733
trainable_k1,87,157,0.896124031007752,0.38533333333333336,1.257889483512121
trainable_k1,87,158,0.8992063492063492,0.37766666666666665,1.2614250869909094
trainable_k1,87,159,0.9008130081300812,0.36933333333333335,1.265479380790723
trainable_k1,87,160,0.9033333333333333,0.36133333333333334,1.268875845995347
trainable_k1,87,161,0.9051282051282051,0.353,1.2720064062618472
trainable_k1,87,162,0.9052631578947369,0.344,1.275729997424809
trainable_k1,87,163,0.9063063063063063,0.3353333333333333,1.279721267867557
trainable_k1,87,164,0.9074074074074074,0.32666666666666666,1.2831038124889826
trainable_k1,87,165,0.9104761904761904,0.31866666666666665,1.287365032213058
trainable_k1,87,166,0.9107843137254902,0.30966666666666665,1.2900364113744773
trainable_k1,87,167,0.9101010101010101,0.30033333333333334,1.2939361528098907
trainable_k1,87,168,0.9125,0.292,1.298074632569679
trainable_k1,87,169,0.9096774193548387,0.282,1.3020704664641656
trainable_k1,87,170,0.9088888888888889,0.27266666666666667,1.3063472339449187
trainable_k1,87,171,0.9091954022988505,0.26366666666666666,1.310091423852276
trainable_k1,87,172,0.9130952380952381,0.25566666666666665,1.3148827621253543
trainable_k1,87,173,0.9123456790123456,0.24633333333333332,1.3187932876212565
trainable_k1,87,174,0.9141025641025641,0.23766666666666666,1.3224878490687435
trainable_k1,87,175,0.92,0.23,1.3258309862530204
trainable_k1,87,176,0.9180555555555555,0.22033333333333333,1.330293059344874
trainable_k1,87,177,0.9144927536231884,0.21033333333333334,1.3348695127366552
trainable_k1,87,178,0.9151515151515152,0.20133333333333334,1.3396008628970175
trainable_k1,87,179,0.9158730158730158,0.19233333333333333,1.343117907061255
trainable_k1,87,180,0.92,0.184,1.3483440730244665
trainable_k1,87,181,0.9228070175438596,0.17533333333333334,1.3533936331285161
trainable_k1,87,182,0.9222222222222223,0.166,1.3599682050157413
trainable_k1,87,183,0.9235294117647059,0.157,1.3646312225304613
trainable_k1,87,184,0.9208333333333333,0.14733333333333334,1.3698847573394772
trainable_k1,87,185,0.9355555555555556,0.14033333333333334,1.3747375629110106
trainable_k1,87,186,0.9452380952380952,0.13233333333333333,1.380392162784991
trainable_k1,87,187,0.941025641025641,0.12233333333333334,1.3875001253486614
trainable_k1,87,188,0.9472222222222222,0.11366666666666667,1.3961835852574678
trainable_k1,87,189,0.9575757575757575,0.10533333333333333,1.4024166882416942
trainable_k1,87,190,0.9566666666666667,0.09566666666666666,1.409612694736818
trainable_k1,87,191,0.9555555555555556,0.086,1.4178071541030086
trainable_k1,87,192,0.95,0.076,1.4274173574509206
trainable_k1,87,193,0.9571428571428572,0.067,1.4373827570121342
trainable_k1,87,194,0.95,0.057,1.4473718594226972
trainable_k1,87,195,0.9466666666666667,0.04733333333333333,1.4575825912317002
trainable_k1,87,196,0.95,0.038,1.4686829216045123
trainable_k1,87,197,0.9555555555555556,0.028666666666666667,1.4807195571704137
trainable_k1,87,198,0.95,0.019,1.5010784788602871
trainable_k1,87,199,0.9333333333333333,0.009333333333333334,1.5279143401565278
trainable_k1,87,200,1.0,0.0,inf
