k,distance,boundary,rule,fusion,fusion_weight,threshold,utility,known_coverage,known_correct_accept_rate,known_wrong_accept_rate
1,euclidean,mean_std_0.0,nearest_sphere,none,0.0,0.9,0.416,0.426,0.424,0.002
1,euclidean,mean_std_0.0,nearest_sphere,none,0.25,0.9,0.416,0.426,0.424,0.002
1,euclidean,mean_std_0.0,nearest_sphere,none,0.5,0.9,0.416,0.426,0.424,0.002
1,euclidean,mean_std_0.0,nearest_sphere,none,1.0,0.9,0.416,0.426,0.424,0.002
1,euclidean,mean_std_0.0,nearest_sphere,none,2.0,0.9,0.416,0.426,0.424,0.002
1,euclidean,mean_std_0.0,nearest_sphere,ratio,0.0,0.9,0.416,0.426,0.424,0.002
1,euclidean,mean_std_0.0,nearest_sphere,ratio,0.25,0.9,0.188,0.188,0.188,0.0
1,euclidean,mean_std_0.0,nearest_sphere,ratio,0.5,0.9,0.046,0.046,0.046,0.0
1,euclidean,mean_std_0.0,nearest_sphere,ratio,1.0,0.9,0.006,0.006,0.006,0.0
1,euclidean,mean_std_0.0,nearest_sphere,ratio,2.0,0.9,0.0,0.0,0.0,0.0
1,euclidean,mean_std_0.0,nearest_sphere,inverse_margin,0.0,0.9,0.416,0.426,0.424,0.002
1,euclidean,mean_std_0.0,nearest_sphere,inverse_margin,0.25,0.9,0.07,0.07,0.07,0.0
1,euclidean,mean_std_0.0,nearest_sphere,inverse_margin,0.5,0.9,0.014,0.014,0.014,0.0
1,euclidean,mean_std_0.0,nearest_sphere,inverse_margin,1.0,0.9,0.0,0.0,0.0,0.0
1,euclidean,mean_std_0.0,nearest_sphere,inverse_margin,2.0,0.9,0.0,0.0,0.0,0.0
1,euclidean,mean_std_0.0,nearest_sphere,max_ratio,0.0,0.9,0.416,0.426,0.424,0.002
1,euclidean,mean_std_0.0,nearest_sphere,max_ratio,0.25,0.9,0.416,0.426,0.424,0.002
1,euclidean,mean_std_0.0,nearest_sphere,max_ratio,0.5,0.9,0.416,0.426,0.424,0.002
1,euclidean,mean_std_0.0,nearest_sphere,max_ratio,1.0,0.9,0.416,0.426,0.424,0.002
1,euclidean,mean_std_0.0,nearest_sphere,max_ratio,2.0,0.9,0.152,0.152,0.152,0.0
1,euclidean,mean_std_0.0,normalized_union,none,0.0,0.9,0.416,0.426,0.424,0.002
1,euclidean,mean_std_0.0,normalized_union,none,0.25,0.9,0.416,0.426,0.424,0.002
1,euclidean,mean_std_0.0,normalized_union,none,0.5,0.9,0.416,0.426,0.424,0.002
1,euclidean,mean_std_0.0,normalized_union,none,1.0,0.9,0.416,0.426,0.424,0.002
1,euclidean,mean_std_0.0,normalized_union,none,2.0,0.9,0.416,0.426,0.424,0.002
1,euclidean,mean_std_0.0,normalized_union,ratio,0.0,0.9,0.416,0.426,0.424,0.002
1,euclidean,mean_std_0.0,normalized_union,ratio,0.25,0.9,0.188,0.188,0.188,0.0
1,euclidean,mean_std_0.0,normalized_union,ratio,0.5,0.9,0.046,0.046,0.046,0.0
1,euclidean,mean_std_0.0,normalized_union,ratio,1.0,0.9,0.006,0.006,0.006,0.0
1,euclidean,mean_std_0.0,normalized_union,ratio,2.0,0.9,0.0,0.0,0.0,0.0
1,euclidean,mean_std_0.0,normalized_union,inverse_margin,0.0,0.9,0.416,0.426,0.424,0.002
1,euclidean,mean_std_0.0,normalized_union,inverse_margin,0.25,0.9,0.07,0.07,0.07,0.0
1,euclidean,mean_std_0.0,normalized_union,inverse_margin,0.5,0.9,0.014,0.014,0.014,0.0
1,euclidean,mean_std_0.0,normalized_union,inverse_margin,1.0,0.9,0.0,0.0,0.0,0.0
1,euclidean,mean_std_0.0,normalized_union,inverse_margin,2.0,0.9,0.0,0.0,0.0,0.0
1,euclidean,mean_std_0.0,normalized_union,max_ratio,0.0,0.9,0.416,0.426,0.424,0.002
1,euclidean,mean_std_0.0,normalized_union,max_ratio,0.25,0.9,0.416,0.426,0.424,0.002
1,euclidean,mean_std_0.0,normalized_union,max_ratio,0.5,0.9,0.416,0.426,0.424,0.002
1,euclidean,mean_std_0.0,normalized_union,max_ratio,1.0,0.9,0.416,0.426,0.424,0.002
1,euclidean,mean_std_0.0,normalized_union,max_ratio,2.0,0.9,0.152,0.152,0.152,0.0
1,euclidean,mean_std_0.25,nearest_sphere,none,0.0,0.9,0.554,0.564,0.562,0.002
1,euclidean,mean_std_0.25,nearest_sphere,none,0.25,0.9,0.554,0.564,0.562,0.002
1,euclidean,mean_std_0.25,nearest_sphere,none,0.5,0.9,0.554,0.564,0.562,0.002
1,euclidean,mean_std_0.25,nearest_sphere,none,1.0,0.9,0.554,0.564,0.562,0.002
1,euclidean,mean_std_0.25,nearest_sphere,none,2.0,0.9,0.554,0.564,0.562,0.002
1,euclidean,mean_std_0.25,nearest_sphere,ratio,0.0,0.9,0.554,0.564,0.562,0.002
1,euclidean,mean_std_0.25,nearest_sphere,ratio,0.25,0.9,0.294,0.294,0.294,0.0
1,euclidean,mean_std_0.25,nearest_sphere,ratio,0.5,0.9,0.108,0.108,0.108,0.0
1,euclidean,mean_std_0.25,nearest_sphere,ratio,1.0,0.9,0.008,0.008,0.008,0.0
1,euclidean,mean_std_0.25,nearest_sphere,ratio,2.0,0.9,0.0,0.0,0.0,0.0
1,euclidean,mean_std_0.25,nearest_sphere,inverse_margin,0.0,0.9,0.554,0.564,0.562,0.002
1,euclidean,mean_std_0.25,nearest_sphere,inverse_margin,0.25,0.9,0.128,0.128,0.128,0.0
1,euclidean,mean_std_0.25,nearest_sphere,inverse_margin,0.5,0.9,0.024,0.024,0.024,0.0
1,euclidean,mean_std_0.25,nearest_sphere,inverse_margin,1.0,0.9,0.0,0.0,0.0,0.0
1,euclidean,mean_std_0.25,nearest_sphere,inverse_margin,2.0,0.9,0.0,0.0,0.0,0.0
1,euclidean,mean_std_0.25,nearest_sphere,max_ratio,0.0,0.9,0.554,0.564,0.562,0.002
1,euclidean,mean_std_0.25,nearest_sphere,max_ratio,0.25,0.9,0.554,0.564,0.562,0.002
1,euclidean,mean_std_0.25,nearest_sphere,max_ratio,0.5,0.9,0.554,0.564,0.562,0.002
1,euclidean,mean_std_0.25,nearest_sphere,max_ratio,1.0,0.9,0.554,0.564,0.562,0.002
1,euclidean,mean_std_0.25,nearest_sphere,max_ratio,2.0,0.9,0.182,0.182,0.182,0.0
1,euclidean,mean_std_0.25,normalized_union,none,0.0,0.9,0.554,0.564,0.562,0.002
1,euclidean,mean_std_0.25,normalized_union,none,0.25,0.9,0.554,0.564,0.562,0.002
1,euclidean,mean_std_0.25,normalized_union,none,0.5,0.9,0.554,0.564,0.562,0.002
1,euclidean,mean_std_0.25,normalized_union,none,1.0,0.9,0.554,0.564,0.562,0.002
1,euclidean,mean_std_0.25,normalized_union,none,2.0,0.9,0.554,0.564,0.562,0.002
1,euclidean,mean_std_0.25,normalized_union,ratio,0.0,0.9,0.554,0.564,0.562,0.002
1,euclidean,mean_std_0.25,normalized_union,ratio,0.25,0.9,0.294,0.294,0.294,0.0
1,euclidean,mean_std_0.25,normalized_union,ratio,0.5,0.9,0.108,0.108,0.108,0.0
1,euclidean,mean_std_0.25,normalized_union,ratio,1.0,0.9,0.008,0.008,0.008,0.0
1,euclidean,mean_std_0.25,normalized_union,ratio,2.0,0.9,0.0,0.0,0.0,0.0
1,euclidean,mean_std_0.25,normalized_union,inverse_margin,0.0,0.9,0.554,0.564,0.562,0.002
1,euclidean,mean_std_0.25,normalized_union,inverse_margin,0.25,0.9,0.128,0.128,0.128,0.0
1,euclidean,mean_std_0.25,normalized_union,inverse_margin,0.5,0.9,0.024,0.024,0.024,0.0
1,euclidean,mean_std_0.25,normalized_union,inverse_margin,1.0,0.9,0.0,0.0,0.0,0.0
1,euclidean,mean_std_0.25,normalized_union,inverse_margin,2.0,0.9,0.0,0.0,0.0,0.0
1,euclidean,mean_std_0.25,normalized_union,max_ratio,0.0,0.9,0.554,0.564,0.562,0.002
1,euclidean,mean_std_0.25,normalized_union,max_ratio,0.25,0.9,0.554,0.564,0.562,0.002
1,euclidean,mean_std_0.25,normalized_union,max_ratio,0.5,0.9,0.554,0.564,0.562,0.002
1,euclidean,mean_std_0.25,normalized_union,max_ratio,1.0,0.9,0.554,0.564,0.562,0.002
1,euclidean,mean_std_0.25,normalized_union,max_ratio,2.0,0.9,0.182,0.182,0.182,0.0
1,euclidean,mean_std_0.5,nearest_sphere,none,0.0,0.9,0.692,0.702,0.7,0.002
1,euclidean,mean_std_0.5,nearest_sphere,none,0.25,0.9,0.692,0.702,0.7,0.002
1,euclidean,mean_std_0.5,nearest_sphere,none,0.5,0.9,0.692,0.702,0.7,0.002
1,euclidean,mean_std_0.5,nearest_sphere,none,1.0,0.9,0.692,0.702,0.7,0.002
1,euclidean,mean_std_0.5,nearest_sphere,none,2.0,0.9,0.692,0.702,0.7,0.002
1,euclidean,mean_std_0.5,nearest_sphere,ratio,0.0,0.9,0.692,0.702,0.7,0.002
1,euclidean,mean_std_0.5,nearest_sphere,ratio,0.25,0.9,0.394,0.404,0.402,0.002
1,euclidean,mean_std_0.5,nearest_sphere,ratio,0.5,0.9,0.178,0.178,0.178,0.0
1,euclidean,mean_std_0.5,nearest_sphere,ratio,1.0,0.9,0.018,0.018,0.018,0.0
1,euclidean,mean_std_0.5,nearest_sphere,ratio,2.0,0.9,0.0,0.0,0.0,0.0
1,euclidean,mean_std_0.5,nearest_sphere,inverse_margin,0.0,0.9,0.692,0.702,0.7,0.002
1,euclidean,mean_std_0.5,nearest_sphere,inverse_margin,0.25,0.9,0.2,0.2,0.2,0.0
1,euclidean,mean_std_0.5,nearest_sphere,inverse_margin,0.5,0.9,0.04,0.04,0.04,0.0
1,euclidean,mean_std_0.5,nearest_sphere,inverse_margin,1.0,0.9,0.002,0.002,0.002,0.0
1,euclidean,mean_std_0.5,nearest_sphere,inverse_margin,2.0,0.9,0.0,0.0,0.0,0.0
1,euclidean,mean_std_0.5,nearest_sphere,max_ratio,0.0,0.9,0.692,0.702,0.7,0.002
1,euclidean,mean_std_0.5,nearest_sphere,max_ratio,0.25,0.9,0.692,0.702,0.7,0.002
1,euclidean,mean_std_0.5,nearest_sphere,max_ratio,0.5,0.9,0.692,0.702,0.7,0.002
1,euclidean,mean_std_0.5,nearest_sphere,max_ratio,1.0,0.9,0.692,0.702,0.7,0.002
1,euclidean,mean_std_0.5,nearest_sphere,max_ratio,2.0,0.9,0.186,0.186,0.186,0.0
1,euclidean,mean_std_0.5,normalized_union,none,0.0,0.9,0.692,0.702,0.7,0.002
1,euclidean,mean_std_0.5,normalized_union,none,0.25,0.9,0.692,0.702,0.7,0.002
1,euclidean,mean_std_0.5,normalized_union,none,0.5,0.9,0.692,0.702,0.7,0.002
1,euclidean,mean_std_0.5,normalized_union,none,1.0,0.9,0.692,0.702,0.7,0.002
1,euclidean,mean_std_0.5,normalized_union,none,2.0,0.9,0.692,0.702,0.7,0.002
1,euclidean,mean_std_0.5,normalized_union,ratio,0.0,0.9,0.692,0.702,0.7,0.002
1,euclidean,mean_std_0.5,normalized_union,ratio,0.25,0.9,0.394,0.404,0.402,0.002
1,euclidean,mean_std_0.5,normalized_union,ratio,0.5,0.9,0.178,0.178,0.178,0.0
1,euclidean,mean_std_0.5,normalized_union,ratio,1.0,0.9,0.018,0.018,0.018,0.0
1,euclidean,mean_std_0.5,normalized_union,ratio,2.0,0.9,0.0,0.0,0.0,0.0
1,euclidean,mean_std_0.5,normalized_union,inverse_margin,0.0,0.9,0.692,0.702,0.7,0.002
1,euclidean,mean_std_0.5,normalized_union,inverse_margin,0.25,0.9,0.2,0.2,0.2,0.0
1,euclidean,mean_std_0.5,normalized_union,inverse_margin,0.5,0.9,0.04,0.04,0.04,0.0
1,euclidean,mean_std_0.5,normalized_union,inverse_margin,1.0,0.9,0.002,0.002,0.002,0.0
1,euclidean,mean_std_0.5,normalized_union,inverse_margin,2.0,0.9,0.0,0.0,0.0,0.0
1,euclidean,mean_std_0.5,normalized_union,max_ratio,0.0,0.9,0.692,0.702,0.7,0.002
1,euclidean,mean_std_0.5,normalized_union,max_ratio,0.25,0.9,0.692,0.702,0.7,0.002
1,euclidean,mean_std_0.5,normalized_union,max_ratio,0.5,0.9,0.692,0.702,0.7,0.002
1,euclidean,mean_std_0.5,normalized_union,max_ratio,1.0,0.9,0.692,0.702,0.7,0.002
1,euclidean,mean_std_0.5,normalized_union,max_ratio,2.0,0.9,0.186,0.186,0.186,0.0
1,euclidean,mean_std_0.75,nearest_sphere,none,0.0,0.9,0.758,0.768,0.766,0.002
1,euclidean,mean_std_0.75,nearest_sphere,none,0.25,0.9,0.758,0.768,0.766,0.002
1,euclidean,mean_std_0.75,nearest_sphere,none,0.5,0.9,0.758,0.768,0.766,0.002
1,euclidean,mean_std_0.75,nearest_sphere,none,1.0,0.9,0.758,0.768,0.766,0.002
1,euclidean,mean_std_0.75,nearest_sphere,none,2.0,0.9,0.758,0.768,0.766,0.002
1,euclidean,mean_std_0.75,nearest_sphere,ratio,0.0,0.9,0.758,0.768,0.766,0.002
1,euclidean,mean_std_0.75,nearest_sphere,ratio,0.25,0.9,0.49,0.5,0.498,0.002
1,euclidean,mean_std_0.75,nearest_sphere,ratio,0.5,0.9,0.26,0.26,0.26,0.0
1,euclidean,mean_std_0.75,nearest_sphere,ratio,1.0,0.9,0.028,0.028,0.028,0.0
1,euclidean,mean_std_0.75,nearest_sphere,ratio,2.0,0.9,0.0,0.0,0.0,0.0
1,euclidean,mean_std_0.75,nearest_sphere,inverse_margin,0.0,0.9,0.758,0.768,0.766,0.002
1,euclidean,mean_std_0.75,nearest_sphere,inverse_margin,0.25,0.9,0.262,0.262,0.262,0.0
1,euclidean,mean_std_0.75,nearest_sphere,inverse_margin,0.5,0.9,0.062,0.062,0.062,0.0
1,euclidean,mean_std_0.75,nearest_sphere,inverse_margin,1.0,0.9,0.004,0.004,0.004,0.0
1,euclidean,mean_std_0.75,nearest_sphere,inverse_margin,2.0,0.9,0.0,0.0,0.0,0.0
1,euclidean,mean_std_0.75,nearest_sphere,max_ratio,0.0,0.9,0.758,0.768,0.766,0.002
1,euclidean,mean_std_0.75,nearest_sphere,max_ratio,0.25,0.9,0.758,0.768,0.766,0.002
1,euclidean,mean_std_0.75,nearest_sphere,max_ratio,0.5,0.9,0.758,0.768,0.766,0.002
1,euclidean,mean_std_0.75,nearest_sphere,max_ratio,1.0,0.9,0.758,0.768,0.766,0.002
1,euclidean,mean_std_0.75,nearest_sphere,max_ratio,2.0,0.9,0.186,0.186,0.186,0.0
1,euclidean,mean_std_0.75,normalized_union,none,0.0,0.9,0.758,0.768,0.766,0.002
1,euclidean,mean_std_0.75,normalized_union,none,0.25,0.9,0.758,0.768,0.766,0.002
1,euclidean,mean_std_0.75,normalized_union,none,0.5,0.9,0.758,0.768,0.766,0.002
1,euclidean,mean_std_0.75,normalized_union,none,1.0,0.9,0.758,0.768,0.766,0.002
1,euclidean,mean_std_0.75,normalized_union,none,2.0,0.9,0.758,0.768,0.766,0.002
1,euclidean,mean_std_0.75,normalized_union,ratio,0.0,0.9,0.758,0.768,0.766,0.002
1,euclidean,mean_std_0.75,normalized_union,ratio,0.25,0.9,0.49,0.5,0.498,0.002
1,euclidean,mean_std_0.75,normalized_union,ratio,0.5,0.9,0.26,0.26,0.26,0.0
1,euclidean,mean_std_0.75,normalized_union,ratio,1.0,0.9,0.028,0.028,0.028,0.0
1,euclidean,mean_std_0.75,normalized_union,ratio,2.0,0.9,0.0,0.0,0.0,0.0
1,euclidean,mean_std_0.75,normalized_union,inverse_margin,0.0,0.9,0.758,0.768,0.766,0.002
1,euclidean,mean_std_0.75,normalized_union,inverse_margin,0.25,0.9,0.262,0.262,0.262,0.0
1,euclidean,mean_std_0.75,normalized_union,inverse_margin,0.5,0.9,0.062,0.062,0.062,0.0
1,euclidean,mean_std_0.75,normalized_union,inverse_margin,1.0,0.9,0.004,0.004,0.004,0.0
1,euclidean,mean_std_0.75,normalized_union,inverse_margin,2.0,0.9,0.0,0.0,0.0,0.0
1,euclidean,mean_std_0.75,normalized_union,max_ratio,0.0,0.9,0.758,0.768,0.766,0.002
1,euclidean,mean_std_0.75,normalized_union,max_ratio,0.25,0.9,0.758,0.768,0.766,0.002
1,euclidean,mean_std_0.75,normalized_union,max_ratio,0.5,0.9,0.758,0.768,0.766,0.002
1,euclidean,mean_std_0.75,normalized_union,max_ratio,1.0,0.9,0.758,0.768,0.766,0.002
1,euclidean,mean_std_0.75,normalized_union,max_ratio,2.0,0.9,0.186,0.186,0.186,0.0
1,euclidean,mean_std_1.0,nearest_sphere,none,0.0,0.9,0.802,0.812,0.81,0.002
1,euclidean,mean_std_1.0,nearest_sphere,none,0.25,0.9,0.802,0.812,0.81,0.002
1,euclidean,mean_std_1.0,nearest_sphere,none,0.5,0.9,0.802,0.812,0.81,0.002
1,euclidean,mean_std_1.0,nearest_sphere,none,1.0,0.9,0.802,0.812,0.81,0.002
1,euclidean,mean_std_1.0,nearest_sphere,none,2.0,0.9,0.802,0.812,0.81,0.002
1,euclidean,mean_std_1.0,nearest_sphere,ratio,0.0,0.9,0.802,0.812,0.81,0.002
1,euclidean,mean_std_1.0,nearest_sphere,ratio,0.25,0.9,0.586,0.596,0.594,0.002
1,euclidean,mean_std_1.0,nearest_sphere,ratio,0.5,0.9,0.336,0.336,0.336,0.0
1,euclidean,mean_std_1.0,nearest_sphere,ratio,1.0,0.9,0.048,0.048,0.048,0.0
1,euclidean,mean_std_1.0,nearest_sphere,ratio,2.0,0.9,0.0,0.0,0.0,0.0
1,euclidean,mean_std_1.0,nearest_sphere,inverse_margin,0.0,0.9,0.802,0.812,0.81,0.002
1,euclidean,mean_std_1.0,nearest_sphere,inverse_margin,0.25,0.9,0.336,0.336,0.336,0.0
1,euclidean,mean_std_1.0,nearest_sphere,inverse_margin,0.5,0.9,0.082,0.082,0.082,0.0
1,euclidean,mean_std_1.0,nearest_sphere,inverse_margin,1.0,0.9,0.006,0.006,0.006,0.0
1,euclidean,mean_std_1.0,nearest_sphere,inverse_margin,2.0,0.9,0.0,0.0,0.0,0.0
1,euclidean,mean_std_1.0,nearest_sphere,max_ratio,0.0,0.9,0.802,0.812,0.81,0.002
1,euclidean,mean_std_1.0,nearest_sphere,max_ratio,0.25,0.9,0.802,0.812,0.81,0.002
1,euclidean,mean_std_1.0,nearest_sphere,max_ratio,0.5,0.9,0.802,0.812,0.81,0.002
1,euclidean,mean_std_1.0,nearest_sphere,max_ratio,1.0,0.9,0.802,0.812,0.81,0.002
1,euclidean,mean_std_1.0,nearest_sphere,max_ratio,2.0,0.9,0.186,0.186,0.186,0.0
1,euclidean,mean_std_1.0,normalized_union,none,0.0,0.9,0.802,0.812,0.81,0.002
1,euclidean,mean_std_1.0,normalized_union,none,0.25,0.9,0.802,0.812,0.81,0.002
1,euclidean,mean_std_1.0,normalized_union,none,0.5,0.9,0.802,0.812,0.81,0.002
1,euclidean,mean_std_1.0,normalized_union,none,1.0,0.9,0.802,0.812,0.81,0.002
1,euclidean,mean_std_1.0,normalized_union,none,2.0,0.9,0.802,0.812,0.81,0.002
1,euclidean,mean_std_1.0,normalized_union,ratio,0.0,0.9,0.802,0.812,0.81,0.002
1,euclidean,mean_std_1.0,normalized_union,ratio,0.25,0.9,0.586,0.596,0.594,0.002
1,euclidean,mean_std_1.0,normalized_union,ratio,0.5,0.9,0.336,0.336,0.336,0.0
1,euclidean,mean_std_1.0,normalized_union,ratio,1.0,0.9,0.048,0.048,0.048,0.0
1,euclidean,mean_std_1.0,normalized_union,ratio,2.0,0.9,0.0,0.0,0.0,0.0
1,euclidean,mean_std_1.0,normalized_union,inverse_margin,0.0,0.9,0.802,0.812,0.81,0.002
1,euclidean,mean_std_1.0,normalized_union,inverse_margin,0.25,0.9,0.336,0.336,0.336,0.0
1,euclidean,mean_std_1.0,normalized_union,inverse_margin,0.5,0.9,0.082,0.082,0.082,0.0
1,euclidean,mean_std_1.0,normalized_union,inverse_margin,1.0,0.9,0.006,0.006,0.006,0.0
1,euclidean,mean_std_1.0,normalized_union,inverse_margin,2.0,0.9,0.0,0.0,0.0,0.0
1,euclidean,mean_std_1.0,normalized_union,max_ratio,0.0,0.9,0.802,0.812,0.81,0.002
1,euclidean,mean_std_1.0,normalized_union,max_ratio,0.25,0.9,0.802,0.812,0.81,0.002
1,euclidean,mean_std_1.0,normalized_union,max_ratio,0.5,0.9,0.802,0.812,0.81,0.002
1,euclidean,mean_std_1.0,normalized_union,max_ratio,1.0,0.9,0.802,0.812,0.81,0.002
1,euclidean,mean_std_1.0,normalized_union,max_ratio,2.0,0.9,0.186,0.186,0.186,0.0
1,euclidean,mean_std_1.5,nearest_sphere,none,0.0,0.9,0.85,0.87,0.866,0.004
1,euclidean,mean_std_1.5,nearest_sphere,none,0.25,0.9,0.85,0.87,0.866,0.004
1,euclidean,mean_std_1.5,nearest_sphere,none,0.5,0.9,0.85,0.87,0.866,0.004
1,euclidean,mean_std_1.5,nearest_sphere,none,1.0,0.9,0.85,0.87,0.866,0.004
1,euclidean,mean_std_1.5,nearest_sphere,none,2.0,0.9,0.85,0.87,0.866,0.004
1,euclidean,mean_std_1.5,nearest_sphere,ratio,0.0,0.9,0.85,0.87,0.866,0.004
1,euclidean,mean_std_1.5,nearest_sphere,ratio,0.25,0.9,0.74,0.75,0.748,0.002
1,euclidean,mean_std_1.5,nearest_sphere,ratio,0.5,0.9,0.454,0.464,0.462,0.002
1,euclidean,mean_std_1.5,nearest_sphere,ratio,1.0,0.9,0.08,0.08,0.08,0.0
1,euclidean,mean_std_1.5,nearest_sphere,ratio,2.0,0.9,0.0,0.0,0.0,0.0
1,euclidean,mean_std_1.5,nearest_sphere,inverse_margin,0.0,0.9,0.85,0.87,0.866,0.004
1,euclidean,mean_std_1.5,nearest_sphere,inverse_margin,0.25,0.9,0.438,0.438,0.438,0.0
1,euclidean,mean_std_1.5,nearest_sphere,inverse_margin,0.5,0.9,0.132,0.132,0.132,0.0
1,euclidean,mean_std_1.5,nearest_sphere,inverse_margin,1.0,0.9,0.014,0.014,0.014,0.0
1,euclidean,mean_std_1.5,nearest_sphere,inverse_margin,2.0,0.9,0.0,0.0,0.0,0.0
1,euclidean,mean_std_1.5,nearest_sphere,max_ratio,0.0,0.9,0.85,0.87,0.866,0.004
1,euclidean,mean_std_1.5,nearest_sphere,max_ratio,0.25,0.9,0.85,0.87,0.866,0.004
1,euclidean,mean_std_1.5,nearest_sphere,max_ratio,0.5,0.9,0.85,0.87,0.866,0.004
1,euclidean,mean_std_1.5,nearest_sphere,max_ratio,1.0,0.9,0.858,0.868,0.866,0.002
1,euclidean,mean_std_1.5,nearest_sphere,max_ratio,2.0,0.9,0.186,0.186,0.186,0.0
1,euclidean,mean_std_1.5,normalized_union,none,0.0,0.9,0.842,0.872,0.866,0.006
1,euclidean,mean_std_1.5,normalized_union,none,0.25,0.9,0.842,0.872,0.866,0.006
1,euclidean,mean_std_1.5,normalized_union,none,0.5,0.9,0.842,0.872,0.866,0.006
1,euclidean,mean_std_1.5,normalized_union,none,1.0,0.9,0.842,0.872,0.866,0.006
1,euclidean,mean_std_1.5,normalized_union,none,2.0,0.9,0.842,0.872,0.866,0.006
1,euclidean,mean_std_1.5,normalized_union,ratio,0.0,0.9,0.842,0.872,0.866,0.006
1,euclidean,mean_std_1.5,normalized_union,ratio,0.25,0.9,0.74,0.75,0.748,0.002
1,euclidean,mean_std_1.5,normalized_union,ratio,0.5,0.9,0.454,0.464,0.462,0.002
1,euclidean,mean_std_1.5,normalized_union,ratio,1.0,0.9,0.08,0.08,0.08,0.0
1,euclidean,mean_std_1.5,normalized_union,ratio,2.0,0.9,0.0,0.0,0.0,0.0
1,euclidean,mean_std_1.5,normalized_union,inverse_margin,0.0,0.9,0.842,0.872,0.866,0.006
1,euclidean,mean_std_1.5,normalized_union,inverse_margin,0.25,0.9,0.438,0.438,0.438,0.0
1,euclidean,mean_std_1.5,normalized_union,inverse_margin,0.5,0.9,0.132,0.132,0.132,0.0
1,euclidean,mean_std_1.5,normalized_union,inverse_margin,1.0,0.9,0.014,0.014,0.014,0.0
1,euclidean,mean_std_1.5,normalized_union,inverse_margin,2.0,0.9,0.0,0.0,0.0,0.0
1,euclidean,mean_std_1.5,normalized_union,max_ratio,0.0,0.9,0.842,0.872,0.866,0.006
1,euclidean,mean_std_1.5,normalized_union,max_ratio,0.25,0.9,0.842,0.872,0.866,0.006
1,euclidean,mean_std_1.5,normalized_union,max_ratio,0.5,0.9,0.842,0.872,0.866,0.006
1,euclidean,mean_std_1.5,normalized_union,max_ratio,1.0,0.9,0.858,0.868,0.866,0.002
1,euclidean,mean_std_1.5,normalized_union,max_ratio,2.0,0.9,0.186,0.186,0.186,0.0
1,euclidean,mean_std_2.0,nearest_sphere,none,0.0,0.9,0.846,0.896,0.886,0.01
1,euclidean,mean_std_2.0,nearest_sphere,none,0.25,0.9,0.846,0.896,0.886,0.01
1,euclidean,mean_std_2.0,nearest_sphere,none,0.5,0.9,0.846,0.896,0.886,0.01
1,euclidean,mean_std_2.0,nearest_sphere,none,1.0,0.9,0.846,0.896,0.886,0.01
1,euclidean,mean_std_2.0,nearest_sphere,none,2.0,0.9,0.846,0.896,0.886,0.01
1,euclidean,mean_std_2.0,nearest_sphere,ratio,0.0,0.9,0.846,0.896,0.886,0.01
1,euclidean,mean_std_2.0,nearest_sphere,ratio,0.25,0.9,0.792,0.802,0.8,0.002
1,euclidean,mean_std_2.0,nearest_sphere,ratio,0.5,0.9,0.566,0.576,0.574,0.002
1,euclidean,mean_std_2.0,nearest_sphere,ratio,1.0,0.9,0.136,0.136,0.136,0.0
1,euclidean,mean_std_2.0,nearest_sphere,ratio,2.0,0.9,0.0,0.0,0.0,0.0
1,euclidean,mean_std_2.0,nearest_sphere,inverse_margin,0.0,0.9,0.846,0.896,0.886,0.01
1,euclidean,mean_std_2.0,nearest_sphere,inverse_margin,0.25,0.9,0.498,0.508,0.506,0.002
1,euclidean,mean_std_2.0,nearest_sphere,inverse_margin,0.5,0.9,0.196,0.196,0.196,0.0
1,euclidean,mean_std_2.0,nearest_sphere,inverse_margin,1.0,0.9,0.018,0.018,0.018,0.0
1,euclidean,mean_std_2.0,nearest_sphere,inverse_margin,2.0,0.9,0.0,0.0,0.0,0.0
1,euclidean,mean_std_2.0,nearest_sphere,max_ratio,0.0,0.9,0.846,0.896,0.886,0.01
1,euclidean,mean_std_2.0,nearest_sphere,max_ratio,0.25,0.9,0.846,0.896,0.886,0.01
1,euclidean,mean_std_2.0,nearest_sphere,max_ratio,0.5,0.9,0.846,0.896,0.886,0.01
1,euclidean,mean_std_2.0,nearest_sphere,max_ratio,1.0,0.9,0.868,0.888,0.884,0.004
1,euclidean,mean_std_2.0,nearest_sphere,max_ratio,2.0,0.9,0.186,0.186,0.186,0.0
1,euclidean,mean_std_2.0,normalized_union,none,0.0,0.9,0.82,0.9,0.884,0.016
1,euclidean,mean_std_2.0,normalized_union,none,0.25,0.9,0.82,0.9,0.884,0.016
1,euclidean,mean_std_2.0,normalized_union,none,0.5,0.9,0.82,0.9,0.884,0.016
1,euclidean,mean_std_2.0,normalized_union,none,1.0,0.9,0.82,0.9,0.884,0.016
1,euclidean,mean_std_2.0,normalized_union,none,2.0,0.9,0.82,0.9,0.884,0.016
1,euclidean,mean_std_2.0,normalized_union,ratio,0.0,0.9,0.82,0.9,0.884,0.016
1,euclidean,mean_std_2.0,normalized_union,ratio,0.25,0.9,0.792,0.802,0.8,0.002
1,euclidean,mean_std_2.0,normalized_union,ratio,0.5,0.9,0.566,0.576,0.574,0.002
1,euclidean,mean_std_2.0,normalized_union,ratio,1.0,0.9,0.136,0.136,0.136,0.0
1,euclidean,mean_std_2.0,normalized_union,ratio,2.0,0.9,0.0,0.0,0.0,0.0
1,euclidean,mean_std_2.0,normalized_union,inverse_margin,0.0,0.9,0.82,0.9,0.884,0.016
1,euclidean,mean_std_2.0,normalized_union,inverse_margin,0.25,0.9,0.498,0.508,0.506,0.002
1,euclidean,mean_std_2.0,normalized_union,inverse_margin,0.5,0.9,0.196,0.196,0.196,0.0
1,euclidean,mean_std_2.0,normalized_union,inverse_margin,1.0,0.9,0.018,0.018,0.018,0.0
1,euclidean,mean_std_2.0,normalized_union,inverse_margin,2.0,0.9,0.0,0.0,0.0,0.0
1,euclidean,mean_std_2.0,normalized_union,max_ratio,0.0,0.9,0.82,0.9,0.884,0.016
1,euclidean,mean_std_2.0,normalized_union,max_ratio,0.25,0.9,0.82,0.9,0.884,0.016
1,euclidean,mean_std_2.0,normalized_union,max_ratio,0.5,0.9,0.82,0.9,0.884,0.016
1,euclidean,mean_std_2.0,normalized_union,max_ratio,1.0,0.9,0.868,0.888,0.884,0.004
1,euclidean,mean_std_2.0,normalized_union,max_ratio,2.0,0.9,0.186,0.186,0.186,0.0
1,euclidean,mean_std_3.0,nearest_sphere,none,0.0,0.9,0.864,0.964,0.944,0.02
1,euclidean,mean_std_3.0,nearest_sphere,none,0.25,0.9,0.864,0.964,0.944,0.02
1,euclidean,mean_std_3.0,nearest_sphere,none,0.5,0.9,0.864,0.964,0.944,0.02
1,euclidean,mean_std_3.0,nearest_sphere,none,1.0,0.9,0.864,0.964,0.944,0.02
1,euclidean,mean_std_3.0,nearest_sphere,none,2.0,0.9,0.864,0.964,0.944,0.02
1,euclidean,mean_std_3.0,nearest_sphere,ratio,0.0,0.9,0.864,0.964,0.944,0.02
1,euclidean,mean_std_3.0,nearest_sphere,ratio,0.25,0.9,0.864,0.874,0.872,0.002
1,euclidean,mean_std_3.0,nearest_sphere,ratio,0.5,0.9,0.746,0.756,0.754,0.002
1,euclidean,mean_std_3.0,nearest_sphere,ratio,1.0,0.9,0.256,0.256,0.256,0.0
1,euclidean,mean_std_3.0,nearest_sphere,ratio,2.0,0.9,0.004,0.004,0.004,0.0
1,euclidean,mean_std_3.0,nearest_sphere,inverse_margin,0.0,0.9,0.864,0.964,0.944,0.02
1,euclidean,mean_std_3.0,nearest_sphere,inverse_margin,0.25,0.9,0.62,0.63,0.628,0.002
1,euclidean,mean_std_3.0,nearest_sphere,inverse_margin,0.5,0.9,0.276,0.276,0.276,0.0
1,euclidean,mean_std_3.0,nearest_sphere,inverse_margin,1.0,0.9,0.038,0.038,0.038,0.0
1,euclidean,mean_std_3.0,nearest_sphere,inverse_margin,2.0,0.9,0.0,0.0,0.0,0.0
1,euclidean,mean_std_3.0,nearest_sphere,max_ratio,0.0,0.9,0.864,0.964,0.944,0.02
1,euclidean,mean_std_3.0,nearest_sphere,max_ratio,0.25,0.9,0.864,0.964,0.944,0.02
1,euclidean,mean_std_3.0,nearest_sphere,max_ratio,0.5,0.9,0.864,0.964,0.944,0.02
1,euclidean,mean_std_3.0,nearest_sphere,max_ratio,1.0,0.9,0.908,0.928,0.924,0.004
1,euclidean,mean_std_3.0,nearest_sphere,max_ratio,2.0,0.9,0.186,0.186,0.186,0.0
1,euclidean,mean_std_3.0,normalized_union,none,0.0,0.9,0.824,0.964,0.936,0.028
1,euclidean,mean_std_3.0,normalized_union,none,0.25,0.9,0.824,0.964,0.936,0.028
1,euclidean,mean_std_3.0,normalized_union,none,0.5,0.9,0.824,0.964,0.936,0.028
1,euclidean,mean_std_3.0,normalized_union,none,1.0,0.9,0.824,0.964,0.936,0.028
1,euclidean,mean_std_3.0,normalized_union,none,2.0,0.9,0.824,0.964,0.936,0.028
1,euclidean,mean_std_3.0,normalized_union,ratio,0.0,0.9,0.824,0.964,0.936,0.028
1,euclidean,mean_std_3.0,normalized_union,ratio,0.25,0.9,0.864,0.874,0.872,0.002
1,euclidean,mean_std_3.0,normalized_union,ratio,0.5,0.9,0.746,0.756,0.754,0.002
1,euclidean,mean_std_3.0,normalized_union,ratio,1.0,0.9,0.256,0.256,0.256,0.0
1,euclidean,mean_std_3.0,normalized_union,ratio,2.0,0.9,0.004,0.004,0.004,0.0
1,euclidean,mean_std_3.0,normalized_union,inverse_margin,0.0,0.9,0.824,0.964,0.936,0.028
1,euclidean,mean_std_3.0,normalized_union,inverse_margin,0.25,0.9,0.62,0.63,0.628,0.002
1,euclidean,mean_std_3.0,normalized_union,inverse_margin,0.5,0.9,0.276,0.276,0.276,0.0
1,euclidean,mean_std_3.0,normalized_union,inverse_margin,1.0,0.9,0.038,0.038,0.038,0.0
1,euclidean,mean_std_3.0,normalized_union,inverse_margin,2.0,0.9,0.0,0.0,0.0,0.0
1,euclidean,mean_std_3.0,normalized_union,max_ratio,0.0,0.9,0.824,0.964,0.936,0.028
1,euclidean,mean_std_3.0,normalized_union,max_ratio,0.25,0.9,0.824,0.964,0.936,0.028
1,euclidean,mean_std_3.0,normalized_union,max_ratio,0.5,0.9,0.824,0.964,0.936,0.028
1,euclidean,mean_std_3.0,normalized_union,max_ratio,1.0,0.9,0.908,0.928,0.924,0.004
1,euclidean,mean_std_3.0,normalized_union,max_ratio,2.0,0.9,0.186,0.186,0.186,0.0
1,euclidean,center_quantile_0.5,nearest_sphere,none,0.0,0.9,0.262,0.262,0.262,0.0
1,euclidean,center_quantile_0.5,nearest_sphere,none,0.25,0.9,0.262,0.262,0.262,0.0
1,euclidean,center_quantile_0.5,nearest_sphere,none,0.5,0.9,0.262,0.262,0.262,0.0
1,euclidean,center_quantile_0.5,nearest_sphere,none,1.0,0.9,0.262,0.262,0.262,0.0
1,euclidean,center_quantile_0.5,nearest_sphere,none,2.0,0.9,0.262,0.262,0.262,0.0
1,euclidean,center_quantile_0.5,nearest_sphere,ratio,0.0,0.9,0.262,0.262,0.262,0.0
1,euclidean,center_quantile_0.5,nearest_sphere,ratio,0.25,0.9,0.088,0.088,0.088,0.0
1,euclidean,center_quantile_0.5,nearest_sphere,ratio,0.5,0.9,0.018,0.018,0.018,0.0
1,euclidean,center_quantile_0.5,nearest_sphere,ratio,1.0,0.9,0.002,0.002,0.002,0.0
1,euclidean,center_quantile_0.5,nearest_sphere,ratio,2.0,0.9,0.0,0.0,0.0,0.0
1,euclidean,center_quantile_0.5,nearest_sphere,inverse_margin,0.0,0.9,0.262,0.262,0.262,0.0
1,euclidean,center_quantile_0.5,nearest_sphere,inverse_margin,0.25,0.9,0.026,0.026,0.026,0.0
1,euclidean,center_quantile_0.5,nearest_sphere,inverse_margin,0.5,0.9,0.006,0.006,0.006,0.0
1,euclidean,center_quantile_0.5,nearest_sphere,inverse_margin,1.0,0.9,0.0,0.0,0.0,0.0
1,euclidean,center_quantile_0.5,nearest_sphere,inverse_margin,2.0,0.9,0.0,0.0,0.0,0.0
1,euclidean,center_quantile_0.5,nearest_sphere,max_ratio,0.0,0.9,0.262,0.262,0.262,0.0
1,euclidean,center_quantile_0.5,nearest_sphere,max_ratio,0.25,0.9,0.262,0.262,0.262,0.0
1,euclidean,center_quantile_0.5,nearest_sphere,max_ratio,0.5,0.9,0.262,0.262,0.262,0.0
1,euclidean,center_quantile_0.5,nearest_sphere,max_ratio,1.0,0.9,0.262,0.262,0.262,0.0
1,euclidean,center_quantile_0.5,nearest_sphere,max_ratio,2.0,0.9,0.098,0.098,0.098,0.0
1,euclidean,center_quantile_0.5,normalized_union,none,0.0,0.9,0.262,0.262,0.262,0.0
1,euclidean,center_quantile_0.5,normalized_union,none,0.25,0.9,0.262,0.262,0.262,0.0
1,euclidean,center_quantile_0.5,normalized_union,none,0.5,0.9,0.262,0.262,0.262,0.0
1,euclidean,center_quantile_0.5,normalized_union,none,1.0,0.9,0.262,0.262,0.262,0.0
1,euclidean,center_quantile_0.5,normalized_union,none,2.0,0.9,0.262,0.262,0.262,0.0
1,euclidean,center_quantile_0.5,normalized_union,ratio,0.0,0.9,0.262,0.262,0.262,0.0
1,euclidean,center_quantile_0.5,normalized_union,ratio,0.25,0.9,0.088,0.088,0.088,0.0
1,euclidean,center_quantile_0.5,normalized_union,ratio,0.5,0.9,0.018,0.018,0.018,0.0
1,euclidean,center_quantile_0.5,normalized_union,ratio,1.0,0.9,0.002,0.002,0.002,0.0
1,euclidean,center_quantile_0.5,normalized_union,ratio,2.0,0.9,0.0,0.0,0.0,0.0
1,euclidean,center_quantile_0.5,normalized_union,inverse_margin,0.0,0.9,0.262,0.262,0.262,0.0
1,euclidean,center_quantile_0.5,normalized_union,inverse_margin,0.25,0.9,0.026,0.026,0.026,0.0
1,euclidean,center_quantile_0.5,normalized_union,inverse_margin,0.5,0.9,0.006,0.006,0.006,0.0
1,euclidean,center_quantile_0.5,normalized_union,inverse_margin,1.0,0.9,0.0,0.0,0.0,0.0
1,euclidean,center_quantile_0.5,normalized_union,inverse_margin,2.0,0.9,0.0,0.0,0.0,0.0
1,euclidean,center_quantile_0.5,normalized_union,max_ratio,0.0,0.9,0.262,0.262,0.262,0.0
1,euclidean,center_quantile_0.5,normalized_union,max_ratio,0.25,0.9,0.262,0.262,0.262,0.0
1,euclidean,center_quantile_0.5,normalized_union,max_ratio,0.5,0.9,0.262,0.262,0.262,0.0
1,euclidean,center_quantile_0.5,normalized_union,max_ratio,1.0,0.9,0.262,0.262,0.262,0.0
1,euclidean,center_quantile_0.5,normalized_union,max_ratio,2.0,0.9,0.098,0.098,0.098,0.0
1,euclidean,intent_quantile_0.5,nearest_sphere,none,0.0,0.9,0.256,0.256,0.256,0.0
1,euclidean,intent_quantile_0.5,nearest_sphere,none,0.25,0.9,0.256,0.256,0.256,0.0
1,euclidean,intent_quantile_0.5,nearest_sphere,none,0.5,0.9,0.256,0.256,0.256,0.0
1,euclidean,intent_quantile_0.5,nearest_sphere,none,1.0,0.9,0.256,0.256,0.256,0.0
1,euclidean,intent_quantile_0.5,nearest_sphere,none,2.0,0.9,0.256,0.256,0.256,0.0
1,euclidean,intent_quantile_0.5,nearest_sphere,ratio,0.0,0.9,0.256,0.256,0.256,0.0
1,euclidean,intent_quantile_0.5,nearest_sphere,ratio,0.25,0.9,0.088,0.088,0.088,0.0
1,euclidean,intent_quantile_0.5,nearest_sphere,ratio,0.5,0.9,0.018,0.018,0.018,0.0
1,euclidean,intent_quantile_0.5,nearest_sphere,ratio,1.0,0.9,0.002,0.002,0.002,0.0
1,euclidean,intent_quantile_0.5,nearest_sphere,ratio,2.0,0.9,0.0,0.0,0.0,0.0
1,euclidean,intent_quantile_0.5,nearest_sphere,inverse_margin,0.0,0.9,0.256,0.256,0.256,0.0
1,euclidean,intent_quantile_0.5,nearest_sphere,inverse_margin,0.25,0.9,0.026,0.026,0.026,0.0
1,euclidean,intent_quantile_0.5,nearest_sphere,inverse_margin,0.5,0.9,0.006,0.006,0.006,0.0
1,euclidean,intent_quantile_0.5,nearest_sphere,inverse_margin,1.0,0.9,0.0,0.0,0.0,0.0
1,euclidean,intent_quantile_0.5,nearest_sphere,inverse_margin,2.0,0.9,0.0,0.0,0.0,0.0
1,euclidean,intent_quantile_0.5,nearest_sphere,max_ratio,0.0,0.9,0.256,0.256,0.256,0.0
1,euclidean,intent_quantile_0.5,nearest_sphere,max_ratio,0.25,0.9,0.256,0.256,0.256,0.0
1,euclidean,intent_quantile_0.5,nearest_sphere,max_ratio,0.5,0.9,0.256,0.256,0.256,0.0
1,euclidean,intent_quantile_0.5,nearest_sphere,max_ratio,1.0,0.9,0.256,0.256,0.256,0.0
1,euclidean,intent_quantile_0.5,nearest_sphere,max_ratio,2.0,0.9,0.098,0.098,0.098,0.0
1,euclidean,intent_quantile_0.5,normalized_union,none,0.0,0.9,0.256,0.256,0.256,0.0
1,euclidean,intent_quantile_0.5,normalized_union,none,0.25,0.9,0.256,0.256,0.256,0.0
1,euclidean,intent_quantile_0.5,normalized_union,none,0.5,0.9,0.256,0.256,0.256,0.0
1,euclidean,intent_quantile_0.5,normalized_union,none,1.0,0.9,0.256,0.256,0.256,0.0
1,euclidean,intent_quantile_0.5,normalized_union,none,2.0,0.9,0.256,0.256,0.256,0.0
1,euclidean,intent_quantile_0.5,normalized_union,ratio,0.0,0.9,0.256,0.256,0.256,0.0
1,euclidean,intent_quantile_0.5,normalized_union,ratio,0.25,0.9,0.088,0.088,0.088,0.0
1,euclidean,intent_quantile_0.5,normalized_union,ratio,0.5,0.9,0.018,0.018,0.018,0.0
1,euclidean,intent_quantile_0.5,normalized_union,ratio,1.0,0.9,0.002,0.002,0.002,0.0
1,euclidean,intent_quantile_0.5,normalized_union,ratio,2.0,0.9,0.0,0.0,0.0,0.0
1,euclidean,intent_quantile_0.5,normalized_union,inverse_margin,0.0,0.9,0.256,0.256,0.256,0.0
1,euclidean,intent_quantile_0.5,normalized_union,inverse_margin,0.25,0.9,0.026,0.026,0.026,0.0
1,euclidean,intent_quantile_0.5,normalized_union,inverse_margin,0.5,0.9,0.006,0.006,0.006,0.0
1,euclidean,intent_quantile_0.5,normalized_union,inverse_margin,1.0,0.9,0.0,0.0,0.0,0.0
1,euclidean,intent_quantile_0.5,normalized_union,inverse_margin,2.0,0.9,0.0,0.0,0.0,0.0
1,euclidean,intent_quantile_0.5,normalized_union,max_ratio,0.0,0.9,0.256,0.256,0.256,0.0
1,euclidean,intent_quantile_0.5,normalized_union,max_ratio,0.25,0.9,0.256,0.256,0.256,0.0
1,euclidean,intent_quantile_0.5,normalized_union,max_ratio,0.5,0.9,0.256,0.256,0.256,0.0
1,euclidean,intent_quantile_0.5,normalized_union,max_ratio,1.0,0.9,0.256,0.256,0.256,0.0
1,euclidean,intent_quantile_0.5,normalized_union,max_ratio,2.0,0.9,0.098,0.098,0.098,0.0
1,euclidean,center_quantile_0.7,nearest_sphere,none,0.0,0.9,0.47,0.48,0.478,0.002
1,euclidean,center_quantile_0.7,nearest_sphere,none,0.25,0.9,0.47,0.48,0.478,0.002
1,euclidean,center_quantile_0.7,nearest_sphere,none,0.5,0.9,0.47,0.48,0.478,0.002
1,euclidean,center_quantile_0.7,nearest_sphere,none,1.0,0.9,0.47,0.48,0.478,0.002
1,euclidean,center_quantile_0.7,nearest_sphere,none,2.0,0.9,0.47,0.48,0.478,0.002
1,euclidean,center_quantile_0.7,nearest_sphere,ratio,0.0,0.9,0.47,0.48,0.478,0.002
1,euclidean,center_quantile_0.7,nearest_sphere,ratio,0.25,0.9,0.234,0.234,0.234,0.0
1,euclidean,center_quantile_0.7,nearest_sphere,ratio,0.5,0.9,0.066,0.066,0.066,0.0
1,euclidean,center_quantile_0.7,nearest_sphere,ratio,1.0,0.9,0.006,0.006,0.006,0.0
1,euclidean,center_quantile_0.7,nearest_sphere,ratio,2.0,0.9,0.0,0.0,0.0,0.0
1,euclidean,center_quantile_0.7,nearest_sphere,inverse_margin,0.0,0.9,0.47,0.48,0.478,0.002
1,euclidean,center_quantile_0.7,nearest_sphere,inverse_margin,0.25,0.9,0.09,0.09,0.09,0.0
1,euclidean,center_quantile_0.7,nearest_sphere,inverse_margin,0.5,0.9,0.014,0.014,0.014,0.0
1,euclidean,center_quantile_0.7,nearest_sphere,inverse_margin,1.0,0.9,0.0,0.0,0.0,0.0
1,euclidean,center_quantile_0.7,nearest_sphere,inverse_margin,2.0,0.9,0.0,0.0,0.0,0.0
1,euclidean,center_quantile_0.7,nearest_sphere,max_ratio,0.0,0.9,0.47,0.48,0.478,0.002
1,euclidean,center_quantile_0.7,nearest_sphere,max_ratio,0.25,0.9,0.47,0.48,0.478,0.002
1,euclidean,center_quantile_0.7,nearest_sphere,max_ratio,0.5,0.9,0.47,0.48,0.478,0.002
1,euclidean,center_quantile_0.7,nearest_sphere,max_ratio,1.0,0.9,0.47,0.48,0.478,0.002
1,euclidean,center_quantile_0.7,nearest_sphere,max_ratio,2.0,0.9,0.148,0.148,0.148,0.0
1,euclidean,center_quantile_0.7,normalized_union,none,0.0,0.9,0.47,0.48,0.478,0.002
1,euclidean,center_quantile_0.7,normalized_union,none,0.25,0.9,0.47,0.48,0.478,0.002
1,euclidean,center_quantile_0.7,normalized_union,none,0.5,0.9,0.47,0.48,0.478,0.002
1,euclidean,center_quantile_0.7,normalized_union,none,1.0,0.9,0.47,0.48,0.478,0.002
1,euclidean,center_quantile_0.7,normalized_union,none,2.0,0.9,0.47,0.48,0.478,0.002
1,euclidean,center_quantile_0.7,normalized_union,ratio,0.0,0.9,0.47,0.48,0.478,0.002
1,euclidean,center_quantile_0.7,normalized_union,ratio,0.25,0.9,0.234,0.234,0.234,0.0
1,euclidean,center_quantile_0.7,normalized_union,ratio,0.5,0.9,0.066,0.066,0.066,0.0
1,euclidean,center_quantile_0.7,normalized_union,ratio,1.0,0.9,0.006,0.006,0.006,0.0
1,euclidean,center_quantile_0.7,normalized_union,ratio,2.0,0.9,0.0,0.0,0.0,0.0
1,euclidean,center_quantile_0.7,normalized_union,inverse_margin,0.0,0.9,0.47,0.48,0.478,0.002
1,euclidean,center_quantile_0.7,normalized_union,inverse_margin,0.25,0.9,0.09,0.09,0.09,0.0
1,euclidean,center_quantile_0.7,normalized_union,inverse_margin,0.5,0.9,0.014,0.014,0.014,0.0
1,euclidean,center_quantile_0.7,normalized_union,inverse_margin,1.0,0.9,0.0,0.0,0.0,0.0
1,euclidean,center_quantile_0.7,normalized_union,inverse_margin,2.0,0.9,0.0,0.0,0.0,0.0
1,euclidean,center_quantile_0.7,normalized_union,max_ratio,0.0,0.9,0.47,0.48,0.478,0.002
1,euclidean,center_quantile_0.7,normalized_union,max_ratio,0.25,0.9,0.47,0.48,0.478,0.002
1,euclidean,center_quantile_0.7,normalized_union,max_ratio,0.5,0.9,0.47,0.48,0.478,0.002
1,euclidean,center_quantile_0.7,normalized_union,max_ratio,1.0,0.9,0.47,0.48,0.478,0.002
1,euclidean,center_quantile_0.7,normalized_union,max_ratio,2.0,0.9,0.148,0.148,0.148,0.0
1,euclidean,intent_quantile_0.7,nearest_sphere,none,0.0,0.9,0.47,0.48,0.478,0.002
1,euclidean,intent_quantile_0.7,nearest_sphere,none,0.25,0.9,0.47,0.48,0.478,0.002
1,euclidean,intent_quantile_0.7,nearest_sphere,none,0.5,0.9,0.47,0.48,0.478,0.002
1,euclidean,intent_quantile_0.7,nearest_sphere,none,1.0,0.9,0.47,0.48,0.478,0.002
1,euclidean,intent_quantile_0.7,nearest_sphere,none,2.0,0.9,0.47,0.48,0.478,0.002
1,euclidean,intent_quantile_0.7,nearest_sphere,ratio,0.0,0.9,0.47,0.48,0.478,0.002
1,euclidean,intent_quantile_0.7,nearest_sphere,ratio,0.25,0.9,0.23,0.23,0.23,0.0
1,euclidean,intent_quantile_0.7,nearest_sphere,ratio,0.5,0.9,0.062,0.062,0.062,0.0
1,euclidean,intent_quantile_0.7,nearest_sphere,ratio,1.0,0.9,0.006,0.006,0.006,0.0
1,euclidean,intent_quantile_0.7,nearest_sphere,ratio,2.0,0.9,0.0,0.0,0.0,0.0
1,euclidean,intent_quantile_0.7,nearest_sphere,inverse_margin,0.0,0.9,0.47,0.48,0.478,0.002
1,euclidean,intent_quantile_0.7,nearest_sphere,inverse_margin,0.25,0.9,0.088,0.088,0.088,0.0
1,euclidean,intent_quantile_0.7,nearest_sphere,inverse_margin,0.5,0.9,0.014,0.014,0.014,0.0
1,euclidean,intent_quantile_0.7,nearest_sphere,inverse_margin,1.0,0.9,0.0,0.0,0.0,0.0
1,euclidean,intent_quantile_0.7,nearest_sphere,inverse_margin,2.0,0.9,0.0,0.0,0.0,0.0
1,euclidean,intent_quantile_0.7,nearest_sphere,max_ratio,0.0,0.9,0.47,0.48,0.478,0.002
1,euclidean,intent_quantile_0.7,nearest_sphere,max_ratio,0.25,0.9,0.47,0.48,0.478,0.002
1,euclidean,intent_quantile_0.7,nearest_sphere,max_ratio,0.5,0.9,0.47,0.48,0.478,0.002
1,euclidean,intent_quantile_0.7,nearest_sphere,max_ratio,1.0,0.9,0.47,0.48,0.478,0.002
1,euclidean,intent_quantile_0.7,nearest_sphere,max_ratio,2.0,0.9,0.148,0.148,0.148,0.0
1,euclidean,intent_quantile_0.7,normalized_union,none,0.0,0.9,0.47,0.48,0.478,0.002
1,euclidean,intent_quantile_0.7,normalized_union,none,0.25,0.9,0.47,0.48,0.478,0.002
1,euclidean,intent_quantile_0.7,normalized_union,none,0.5,0.9,0.47,0.48,0.478,0.002
1,euclidean,intent_quantile_0.7,normalized_union,none,1.0,0.9,0.47,0.48,0.478,0.002
1,euclidean,intent_quantile_0.7,normalized_union,none,2.0,0.9,0.47,0.48,0.478,0.002
1,euclidean,intent_quantile_0.7,normalized_union,ratio,0.0,0.9,0.47,0.48,0.478,0.002
1,euclidean,intent_quantile_0.7,normalized_union,ratio,0.25,0.9,0.23,0.23,0.23,0.0
1,euclidean,intent_quantile_0.7,normalized_union,ratio,0.5,0.9,0.062,0.062,0.062,0.0
1,euclidean,intent_quantile_0.7,normalized_union,ratio,1.0,0.9,0.006,0.006,0.006,0.0
1,euclidean,intent_quantile_0.7,normalized_union,ratio,2.0,0.9,0.0,0.0,0.0,0.0
1,euclidean,intent_quantile_0.7,normalized_union,inverse_margin,0.0,0.9,0.47,0.48,0.478,0.002
1,euclidean,intent_quantile_0.7,normalized_union,inverse_margin,0.25,0.9,0.088,0.088,0.088,0.0
1,euclidean,intent_quantile_0.7,normalized_union,inverse_margin,0.5,0.9,0.014,0.014,0.014,0.0
1,euclidean,intent_quantile_0.7,normalized_union,inverse_margin,1.0,0.9,0.0,0.0,0.0,0.0
1,euclidean,intent_quantile_0.7,normalized_union,inverse_margin,2.0,0.9,0.0,0.0,0.0,0.0
1,euclidean,intent_quantile_0.7,normalized_union,max_ratio,0.0,0.9,0.47,0.48,0.478,0.002
1,euclidean,intent_quantile_0.7,normalized_union,max_ratio,0.25,0.9,0.47,0.48,0.478,0.002
1,euclidean,intent_quantile_0.7,normalized_union,max_ratio,0.5,0.9,0.47,0.48,0.478,0.002
1,euclidean,intent_quantile_0.7,normalized_union,max_ratio,1.0,0.9,0.47,0.48,0.478,0.002
1,euclidean,intent_quantile_0.7,normalized_union,max_ratio,2.0,0.9,0.148,0.148,0.148,0.0
1,euclidean,center_quantile_0.8,nearest_sphere,none,0.0,0.9,0.672,0.682,0.68,0.002
1,euclidean,center_quantile_0.8,nearest_sphere,none,0.25,0.9,0.672,0.682,0.68,0.002
1,euclidean,center_quantile_0.8,nearest_sphere,none,0.5,0.9,0.672,0.682,0.68,0.002
1,euclidean,center_quantile_0.8,nearest_sphere,none,1.0,0.9,0.672,0.682,0.68,0.002
1,euclidean,center_quantile_0.8,nearest_sphere,none,2.0,0.9,0.672,0.682,0.68,0.002
1,euclidean,center_quantile_0.8,nearest_sphere,ratio,0.0,0.9,0.672,0.682,0.68,0.002
1,euclidean,center_quantile_0.8,nearest_sphere,ratio,0.25,0.9,0.384,0.394,0.392,0.002
1,euclidean,center_quantile_0.8,nearest_sphere,ratio,0.5,0.9,0.162,0.162,0.162,0.0
1,euclidean,center_quantile_0.8,nearest_sphere,ratio,1.0,0.9,0.01,0.01,0.01,0.0
1,euclidean,center_quantile_0.8,nearest_sphere,ratio,2.0,0.9,0.0,0.0,0.0,0.0
1,euclidean,center_quantile_0.8,nearest_sphere,inverse_margin,0.0,0.9,0.672,0.682,0.68,0.002
1,euclidean,center_quantile_0.8,nearest_sphere,inverse_margin,0.25,0.9,0.174,0.174,0.174,0.0
1,euclidean,center_quantile_0.8,nearest_sphere,inverse_margin,0.5,0.9,0.028,0.028,0.028,0.0
1,euclidean,center_quantile_0.8,nearest_sphere,inverse_margin,1.0,0.9,0.0,0.0,0.0,0.0
1,euclidean,center_quantile_0.8,nearest_sphere,inverse_margin,2.0,0.9,0.0,0.0,0.0,0.0
1,euclidean,center_quantile_0.8,nearest_sphere,max_ratio,0.0,0.9,0.672,0.682,0.68,0.002
1,euclidean,center_quantile_0.8,nearest_sphere,max_ratio,0.25,0.9,0.672,0.682,0.68,0.002
1,euclidean,center_quantile_0.8,nearest_sphere,max_ratio,0.5,0.9,0.672,0.682,0.68,0.002
1,euclidean,center_quantile_0.8,nearest_sphere,max_ratio,1.0,0.9,0.672,0.682,0.68,0.002
1,euclidean,center_quantile_0.8,nearest_sphere,max_ratio,2.0,0.9,0.172,0.172,0.172,0.0
1,euclidean,center_quantile_0.8,normalized_union,none,0.0,0.9,0.672,0.682,0.68,0.002
1,euclidean,center_quantile_0.8,normalized_union,none,0.25,0.9,0.672,0.682,0.68,0.002
1,euclidean,center_quantile_0.8,normalized_union,none,0.5,0.9,0.672,0.682,0.68,0.002
1,euclidean,center_quantile_0.8,normalized_union,none,1.0,0.9,0.672,0.682,0.68,0.002
1,euclidean,center_quantile_0.8,normalized_union,none,2.0,0.9,0.672,0.682,0.68,0.002
1,euclidean,center_quantile_0.8,normalized_union,ratio,0.0,0.9,0.672,0.682,0.68,0.002
1,euclidean,center_quantile_0.8,normalized_union,ratio,0.25,0.9,0.384,0.394,0.392,0.002
1,euclidean,center_quantile_0.8,normalized_union,ratio,0.5,0.9,0.162,0.162,0.162,0.0
1,euclidean,center_quantile_0.8,normalized_union,ratio,1.0,0.9,0.01,0.01,0.01,0.0
1,euclidean,center_quantile_0.8,normalized_union,ratio,2.0,0.9,0.0,0.0,0.0,0.0
1,euclidean,center_quantile_0.8,normalized_union,inverse_margin,0.0,0.9,0.672,0.682,0.68,0.002
1,euclidean,center_quantile_0.8,normalized_union,inverse_margin,0.25,0.9,0.174,0.174,0.174,0.0
1,euclidean,center_quantile_0.8,normalized_union,inverse_margin,0.5,0.9,0.028,0.028,0.028,0.0
1,euclidean,center_quantile_0.8,normalized_union,inverse_margin,1.0,0.9,0.0,0.0,0.0,0.0
1,euclidean,center_quantile_0.8,normalized_union,inverse_margin,2.0,0.9,0.0,0.0,0.0,0.0
1,euclidean,center_quantile_0.8,normalized_union,max_ratio,0.0,0.9,0.672,0.682,0.68,0.002
1,euclidean,center_quantile_0.8,normalized_union,max_ratio,0.25,0.9,0.672,0.682,0.68,0.002
1,euclidean,center_quantile_0.8,normalized_union,max_ratio,0.5,0.9,0.672,0.682,0.68,0.002
1,euclidean,center_quantile_0.8,normalized_union,max_ratio,1.0,0.9,0.672,0.682,0.68,0.002
1,euclidean,center_quantile_0.8,normalized_union,max_ratio,2.0,0.9,0.172,0.172,0.172,0.0
1,euclidean,intent_quantile_0.8,nearest_sphere,none,0.0,0.9,0.67,0.68,0.678,0.002
1,euclidean,intent_quantile_0.8,nearest_sphere,none,0.25,0.9,0.67,0.68,0.678,0.002
1,euclidean,intent_quantile_0.8,nearest_sphere,none,0.5,0.9,0.67,0.68,0.678,0.002
1,euclidean,intent_quantile_0.8,nearest_sphere,none,1.0,0.9,0.67,0.68,0.678,0.002
1,euclidean,intent_quantile_0.8,nearest_sphere,none,2.0,0.9,0.67,0.68,0.678,0.002
1,euclidean,intent_quantile_0.8,nearest_sphere,ratio,0.0,0.9,0.67,0.68,0.678,0.002
1,euclidean,intent_quantile_0.8,nearest_sphere,ratio,0.25,0.9,0.38,0.39,0.388,0.002
1,euclidean,intent_quantile_0.8,nearest_sphere,ratio,0.5,0.9,0.16,0.16,0.16,0.0
1,euclidean,intent_quantile_0.8,nearest_sphere,ratio,1.0,0.9,0.01,0.01,0.01,0.0
1,euclidean,intent_quantile_0.8,nearest_sphere,ratio,2.0,0.9,0.0,0.0,0.0,0.0
1,euclidean,intent_quantile_0.8,nearest_sphere,inverse_margin,0.0,0.9,0.67,0.68,0.678,0.002
1,euclidean,intent_quantile_0.8,nearest_sphere,inverse_margin,0.25,0.9,0.174,0.174,0.174,0.0
1,euclidean,intent_quantile_0.8,nearest_sphere,inverse_margin,0.5,0.9,0.028,0.028,0.028,0.0
1,euclidean,intent_quantile_0.8,nearest_sphere,inverse_margin,1.0,0.9,0.0,0.0,0.0,0.0
1,euclidean,intent_quantile_0.8,nearest_sphere,inverse_margin,2.0,0.9,0.0,0.0,0.0,0.0
1,euclidean,intent_quantile_0.8,nearest_sphere,max_ratio,0.0,0.9,0.67,0.68,0.678,0.002
1,euclidean,intent_quantile_0.8,nearest_sphere,max_ratio,0.25,0.9,0.67,0.68,0.678,0.002
1,euclidean,intent_quantile_0.8,nearest_sphere,max_ratio,0.5,0.9,0.67,0.68,0.678,0.002
1,euclidean,intent_quantile_0.8,nearest_sphere,max_ratio,1.0,0.9,0.67,0.68,0.678,0.002
1,euclidean,intent_quantile_0.8,nearest_sphere,max_ratio,2.0,0.9,0.172,0.172,0.172,0.0
1,euclidean,intent_quantile_0.8,normalized_union,none,0.0,0.9,0.67,0.68,0.678,0.002
1,euclidean,intent_quantile_0.8,normalized_union,none,0.25,0.9,0.67,0.68,0.678,0.002
1,euclidean,intent_quantile_0.8,normalized_union,none,0.5,0.9,0.67,0.68,0.678,0.002
1,euclidean,intent_quantile_0.8,normalized_union,none,1.0,0.9,0.67,0.68,0.678,0.002
1,euclidean,intent_quantile_0.8,normalized_union,none,2.0,0.9,0.67,0.68,0.678,0.002
1,euclidean,intent_quantile_0.8,normalized_union,ratio,0.0,0.9,0.67,0.68,0.678,0.002
1,euclidean,intent_quantile_0.8,normalized_union,ratio,0.25,0.9,0.38,0.39,0.388,0.002
1,euclidean,intent_quantile_0.8,normalized_union,ratio,0.5,0.9,0.16,0.16,0.16,0.0
1,euclidean,intent_quantile_0.8,normalized_union,ratio,1.0,0.9,0.01,0.01,0.01,0.0
1,euclidean,intent_quantile_0.8,normalized_union,ratio,2.0,0.9,0.0,0.0,0.0,0.0
1,euclidean,intent_quantile_0.8,normalized_union,inverse_margin,0.0,0.9,0.67,0.68,0.678,0.002
1,euclidean,intent_quantile_0.8,normalized_union,inverse_margin,0.25,0.9,0.174,0.174,0.174,0.0
1,euclidean,intent_quantile_0.8,normalized_union,inverse_margin,0.5,0.9,0.028,0.028,0.028,0.0
1,euclidean,intent_quantile_0.8,normalized_union,inverse_margin,1.0,0.9,0.0,0.0,0.0,0.0
1,euclidean,intent_quantile_0.8,normalized_union,inverse_margin,2.0,0.9,0.0,0.0,0.0,0.0
1,euclidean,intent_quantile_0.8,normalized_union,max_ratio,0.0,0.9,0.67,0.68,0.678,0.002
1,euclidean,intent_quantile_0.8,normalized_union,max_ratio,0.25,0.9,0.67,0.68,0.678,0.002
1,euclidean,intent_quantile_0.8,normalized_union,max_ratio,0.5,0.9,0.67,0.68,0.678,0.002
1,euclidean,intent_quantile_0.8,normalized_union,max_ratio,1.0,0.9,0.67,0.68,0.678,0.002
1,euclidean,intent_quantile_0.8,normalized_union,max_ratio,2.0,0.9,0.172,0.172,0.172,0.0
1,euclidean,center_quantile_0.9,nearest_sphere,none,0.0,0.9,0.818,0.838,0.834,0.004
1,euclidean,center_quantile_0.9,nearest_sphere,none,0.25,0.9,0.818,0.838,0.834,0.004
1,euclidean,center_quantile_0.9,nearest_sphere,none,0.5,0.9,0.818,0.838,0.834,0.004
1,euclidean,center_quantile_0.9,nearest_sphere,none,1.0,0.9,0.818,0.838,0.834,0.004
1,euclidean,center_quantile_0.9,nearest_sphere,none,2.0,0.9,0.818,0.838,0.834,0.004
1,euclidean,center_quantile_0.9,nearest_sphere,ratio,0.0,0.9,0.818,0.838,0.834,0.004
1,euclidean,center_quantile_0.9,nearest_sphere,ratio,0.25,0.9,0.676,0.686,0.684,0.002
1,euclidean,center_quantile_0.9,nearest_sphere,ratio,0.5,0.9,0.422,0.422,0.422,0.0
1,euclidean,center_quantile_0.9,nearest_sphere,ratio,1.0,0.9,0.076,0.076,0.076,0.0
1,euclidean,center_quantile_0.9,nearest_sphere,ratio,2.0,0.9,0.0,0.0,0.0,0.0
1,euclidean,center_quantile_0.9,nearest_sphere,inverse_margin,0.0,0.9,0.818,0.838,0.834,0.004
1,euclidean,center_quantile_0.9,nearest_sphere,inverse_margin,0.25,0.9,0.414,0.414,0.414,0.0
1,euclidean,center_quantile_0.9,nearest_sphere,inverse_margin,0.5,0.9,0.128,0.128,0.128,0.0
1,euclidean,center_quantile_0.9,nearest_sphere,inverse_margin,1.0,0.9,0.014,0.014,0.014,0.0
1,euclidean,center_quantile_0.9,nearest_sphere,inverse_margin,2.0,0.9,0.0,0.0,0.0,0.0
1,euclidean,center_quantile_0.9,nearest_sphere,max_ratio,0.0,0.9,0.818,0.838,0.834,0.004
1,euclidean,center_quantile_0.9,nearest_sphere,max_ratio,0.25,0.9,0.818,0.838,0.834,0.004
1,euclidean,center_quantile_0.9,nearest_sphere,max_ratio,0.5,0.9,0.818,0.838,0.834,0.004
1,euclidean,center_quantile_0.9,nearest_sphere,max_ratio,1.0,0.9,0.826,0.836,0.834,0.002
1,euclidean,center_quantile_0.9,nearest_sphere,max_ratio,2.0,0.9,0.186,0.186,0.186,0.0
1,euclidean,center_quantile_0.9,normalized_union,none,0.0,0.9,0.8,0.84,0.832,0.008
1,euclidean,center_quantile_0.9,normalized_union,none,0.25,0.9,0.8,0.84,0.832,0.008
1,euclidean,center_quantile_0.9,normalized_union,none,0.5,0.9,0.8,0.84,0.832,0.008
1,euclidean,center_quantile_0.9,normalized_union,none,1.0,0.9,0.8,0.84,0.832,0.008
1,euclidean,center_quantile_0.9,normalized_union,none,2.0,0.9,0.8,0.84,0.832,0.008
1,euclidean,center_quantile_0.9,normalized_union,ratio,0.0,0.9,0.8,0.84,0.832,0.008
1,euclidean,center_quantile_0.9,normalized_union,ratio,0.25,0.9,0.668,0.688,0.684,0.004
1,euclidean,center_quantile_0.9,normalized_union,ratio,0.5,0.9,0.422,0.422,0.422,0.0
1,euclidean,center_quantile_0.9,normalized_union,ratio,1.0,0.9,0.076,0.076,0.076,0.0
1,euclidean,center_quantile_0.9,normalized_union,ratio,2.0,0.9,0.0,0.0,0.0,0.0
1,euclidean,center_quantile_0.9,normalized_union,inverse_margin,0.0,0.9,0.8,0.84,0.832,0.008
1,euclidean,center_quantile_0.9,normalized_union,inverse_margin,0.25,0.9,0.414,0.414,0.414,0.0
1,euclidean,center_quantile_0.9,normalized_union,inverse_margin,0.5,0.9,0.128,0.128,0.128,0.0
1,euclidean,center_quantile_0.9,normalized_union,inverse_margin,1.0,0.9,0.014,0.014,0.014,0.0
1,euclidean,center_quantile_0.9,normalized_union,inverse_margin,2.0,0.9,0.0,0.0,0.0,0.0
1,euclidean,center_quantile_0.9,normalized_union,max_ratio,0.0,0.9,0.8,0.84,0.832,0.008
1,euclidean,center_quantile_0.9,normalized_union,max_ratio,0.25,0.9,0.8,0.84,0.832,0.008
1,euclidean,center_quantile_0.9,normalized_union,max_ratio,0.5,0.9,0.8,0.84,0.832,0.008
1,euclidean,center_quantile_0.9,normalized_union,max_ratio,1.0,0.9,0.816,0.836,0.832,0.004
1,euclidean,center_quantile_0.9,normalized_union,max_ratio,2.0,0.9,0.186,0.186,0.186,0.0
1,euclidean,intent_quantile_0.9,nearest_sphere,none,0.0,0.9,0.818,0.838,0.834,0.004
1,euclidean,intent_quantile_0.9,nearest_sphere,none,0.25,0.9,0.818,0.838,0.834,0.004
1,euclidean,intent_quantile_0.9,nearest_sphere,none,0.5,0.9,0.818,0.838,0.834,0.004
1,euclidean,intent_quantile_0.9,nearest_sphere,none,1.0,0.9,0.818,0.838,0.834,0.004
1,euclidean,intent_quantile_0.9,nearest_sphere,none,2.0,0.9,0.818,0.838,0.834,0.004
1,euclidean,intent_quantile_0.9,nearest_sphere,ratio,0.0,0.9,0.818,0.838,0.834,0.004
1,euclidean,intent_quantile_0.9,nearest_sphere,ratio,0.25,0.9,0.674,0.684,0.682,0.002
1,euclidean,intent_quantile_0.9,nearest_sphere,ratio,0.5,0.9,0.406,0.406,0.406,0.0
1,euclidean,intent_quantile_0.9,nearest_sphere,ratio,1.0,0.9,0.072,0.072,0.072,0.0
1,euclidean,intent_quantile_0.9,nearest_sphere,ratio,2.0,0.9,0.0,0.0,0.0,0.0
1,euclidean,intent_quantile_0.9,nearest_sphere,inverse_margin,0.0,0.9,0.818,0.838,0.834,0.004
1,euclidean,intent_quantile_0.9,nearest_sphere,inverse_margin,0.25,0.9,0.396,0.396,0.396,0.0
1,euclidean,intent_quantile_0.9,nearest_sphere,inverse_margin,0.5,0.9,0.12,0.12,0.12,0.0
1,euclidean,intent_quantile_0.9,nearest_sphere,inverse_margin,1.0,0.9,0.01,0.01,0.01,0.0
1,euclidean,intent_quantile_0.9,nearest_sphere,inverse_margin,2.0,0.9,0.0,0.0,0.0,0.0
1,euclidean,intent_quantile_0.9,nearest_sphere,max_ratio,0.0,0.9,0.818,0.838,0.834,0.004
1,euclidean,intent_quantile_0.9,nearest_sphere,max_ratio,0.25,0.9,0.818,0.838,0.834,0.004
1,euclidean,intent_quantile_0.9,nearest_sphere,max_ratio,0.5,0.9,0.818,0.838,0.834,0.004
1,euclidean,intent_quantile_0.9,nearest_sphere,max_ratio,1.0,0.9,0.826,0.836,0.834,0.002
1,euclidean,intent_quantile_0.9,nearest_sphere,max_ratio,2.0,0.9,0.186,0.186,0.186,0.0
1,euclidean,intent_quantile_0.9,normalized_union,none,0.0,0.9,0.8,0.84,0.832,0.008
1,euclidean,intent_quantile_0.9,normalized_union,none,0.25,0.9,0.8,0.84,0.832,0.008
1,euclidean,intent_quantile_0.9,normalized_union,none,0.5,0.9,0.8,0.84,0.832,0.008
1,euclidean,intent_quantile_0.9,normalized_union,none,1.0,0.9,0.8,0.84,0.832,0.008
1,euclidean,intent_quantile_0.9,normalized_union,none,2.0,0.9,0.8,0.84,0.832,0.008
1,euclidean,intent_quantile_0.9,normalized_union,ratio,0.0,0.9,0.8,0.84,0.832,0.008
1,euclidean,intent_quantile_0.9,normalized_union,ratio,0.25,0.9,0.666,0.686,0.682,0.004
1,euclidean,intent_quantile_0.9,normalized_union,ratio,0.5,0.9,0.406,0.406,0.406,0.0
1,euclidean,intent_quantile_0.9,normalized_union,ratio,1.0,0.9,0.072,0.072,0.072,0.0
1,euclidean,intent_quantile_0.9,normalized_union,ratio,2.0,0.9,0.0,0.0,0.0,0.0
1,euclidean,intent_quantile_0.9,normalized_union,inverse_margin,0.0,0.9,0.8,0.84,0.832,0.008
1,euclidean,intent_quantile_0.9,normalized_union,inverse_margin,0.25,0.9,0.396,0.396,0.396,0.0
1,euclidean,intent_quantile_0.9,normalized_union,inverse_margin,0.5,0.9,0.12,0.12,0.12,0.0
1,euclidean,intent_quantile_0.9,normalized_union,inverse_margin,1.0,0.9,0.01,0.01,0.01,0.0
1,euclidean,intent_quantile_0.9,normalized_union,inverse_margin,2.0,0.9,0.0,0.0,0.0,0.0
1,euclidean,intent_quantile_0.9,normalized_union,max_ratio,0.0,0.9,0.8,0.84,0.832,0.008
1,euclidean,intent_quantile_0.9,normalized_union,max_ratio,0.25,0.9,0.8,0.84,0.832,0.008
1,euclidean,intent_quantile_0.9,normalized_union,max_ratio,0.5,0.9,0.8,0.84,0.832,0.008
1,euclidean,intent_quantile_0.9,normalized_union,max_ratio,1.0,0.9,0.816,0.836,0.832,0.004
1,euclidean,intent_quantile_0.9,normalized_union,max_ratio,2.0,0.9,0.186,0.186,0.186,0.0
1,euclidean,center_quantile_0.95,nearest_sphere,none,0.0,0.9,0.848,0.898,0.888,0.01
1,euclidean,center_quantile_0.95,nearest_sphere,none,0.25,0.9,0.848,0.898,0.888,0.01
1,euclidean,center_quantile_0.95,nearest_sphere,none,0.5,0.9,0.848,0.898,0.888,0.01
1,euclidean,center_quantile_0.95,nearest_sphere,none,1.0,0.9,0.848,0.898,0.888,0.01
1,euclidean,center_quantile_0.95,nearest_sphere,none,2.0,0.9,0.848,0.898,0.888,0.01
1,euclidean,center_quantile_0.95,nearest_sphere,ratio,0.0,0.9,0.848,0.898,0.888,0.01
1,euclidean,center_quantile_0.95,nearest_sphere,ratio,0.25,0.9,0.8,0.81,0.808,0.002
1,euclidean,center_quantile_0.95,nearest_sphere,ratio,0.5,0.9,0.592,0.602,0.6,0.002
1,euclidean,center_quantile_0.95,nearest_sphere,ratio,1.0,0.9,0.168,0.168,0.168,0.0
1,euclidean,center_quantile_0.95,nearest_sphere,ratio,2.0,0.9,0.004,0.004,0.004,0.0
1,euclidean,center_quantile_0.95,nearest_sphere,inverse_margin,0.0,0.9,0.848,0.898,0.888,0.01
1,euclidean,center_quantile_0.95,nearest_sphere,inverse_margin,0.25,0.9,0.514,0.524,0.522,0.002
1,euclidean,center_quantile_0.95,nearest_sphere,inverse_margin,0.5,0.9,0.212,0.212,0.212,0.0
1,euclidean,center_quantile_0.95,nearest_sphere,inverse_margin,1.0,0.9,0.026,0.026,0.026,0.0
1,euclidean,center_quantile_0.95,nearest_sphere,inverse_margin,2.0,0.9,0.0,0.0,0.0,0.0
1,euclidean,center_quantile_0.95,nearest_sphere,max_ratio,0.0,0.9,0.848,0.898,0.888,0.01
1,euclidean,center_quantile_0.95,nearest_sphere,max_ratio,0.25,0.9,0.848,0.898,0.888,0.01
1,euclidean,center_quantile_0.95,nearest_sphere,max_ratio,0.5,0.9,0.848,0.898,0.888,0.01
1,euclidean,center_quantile_0.95,nearest_sphere,max_ratio,1.0,0.9,0.878,0.888,0.886,0.002
1,euclidean,center_quantile_0.95,nearest_sphere,max_ratio,2.0,0.9,0.186,0.186,0.186,0.0
1,euclidean,center_quantile_0.95,normalized_union,none,0.0,0.9,0.83,0.9,0.886,0.014
1,euclidean,center_quantile_0.95,normalized_union,none,0.25,0.9,0.83,0.9,0.886,0.014
1,euclidean,center_quantile_0.95,normalized_union,none,0.5,0.9,0.83,0.9,0.886,0.014
1,euclidean,center_quantile_0.95,normalized_union,none,1.0,0.9,0.83,0.9,0.886,0.014
1,euclidean,center_quantile_0.95,normalized_union,none,2.0,0.9,0.83,0.9,0.886,0.014
1,euclidean,center_quantile_0.95,normalized_union,ratio,0.0,0.9,0.83,0.9,0.886,0.014
1,euclidean,center_quantile_0.95,normalized_union,ratio,0.25,0.9,0.8,0.81,0.808,0.002
1,euclidean,center_quantile_0.95,normalized_union,ratio,0.5,0.9,0.592,0.602,0.6,0.002
1,euclidean,center_quantile_0.95,normalized_union,ratio,1.0,0.9,0.168,0.168,0.168,0.0
1,euclidean,center_quantile_0.95,normalized_union,ratio,2.0,0.9,0.004,0.004,0.004,0.0
1,euclidean,center_quantile_0.95,normalized_union,inverse_margin,0.0,0.9,0.83,0.9,0.886,0.014
1,euclidean,center_quantile_0.95,normalized_union,inverse_margin,0.25,0.9,0.514,0.524,0.522,0.002
1,euclidean,center_quantile_0.95,normalized_union,inverse_margin,0.5,0.9,0.212,0.212,0.212,0.0
1,euclidean,center_quantile_0.95,normalized_union,inverse_margin,1.0,0.9,0.026,0.026,0.026,0.0
1,euclidean,center_quantile_0.95,normalized_union,inverse_margin,2.0,0.9,0.0,0.0,0.0,0.0
1,euclidean,center_quantile_0.95,normalized_union,max_ratio,0.0,0.9,0.83,0.9,0.886,0.014
1,euclidean,center_quantile_0.95,normalized_union,max_ratio,0.25,0.9,0.83,0.9,0.886,0.014
1,euclidean,center_quantile_0.95,normalized_union,max_ratio,0.5,0.9,0.83,0.9,0.886,0.014
1,euclidean,center_quantile_0.95,normalized_union,max_ratio,1.0,0.9,0.878,0.888,0.886,0.002
1,euclidean,center_quantile_0.95,normalized_union,max_ratio,2.0,0.9,0.186,0.186,0.186,0.0
1,euclidean,intent_quantile_0.95,nearest_sphere,none,0.0,0.9,0.848,0.898,0.888,0.01
1,euclidean,intent_quantile_0.95,nearest_sphere,none,0.25,0.9,0.848,0.898,0.888,0.01
1,euclidean,intent_quantile_0.95,nearest_sphere,none,0.5,0.9,0.848,0.898,0.888,0.01
1,euclidean,intent_quantile_0.95,nearest_sphere,none,1.0,0.9,0.848,0.898,0.888,0.01
1,euclidean,intent_quantile_0.95,nearest_sphere,none,2.0,0.9,0.848,0.898,0.888,0.01
1,euclidean,intent_quantile_0.95,nearest_sphere,ratio,0.0,0.9,0.848,0.898,0.888,0.01
1,euclidean,intent_quantile_0.95,nearest_sphere,ratio,0.25,0.9,0.792,0.802,0.8,0.002
1,euclidean,intent_quantile_0.95,nearest_sphere,ratio,0.5,0.9,0.58,0.59,0.588,0.002
1,euclidean,intent_quantile_0.95,nearest_sphere,ratio,1.0,0.9,0.164,0.164,0.164,0.0
1,euclidean,intent_quantile_0.95,nearest_sphere,ratio,2.0,0.9,0.004,0.004,0.004,0.0
1,euclidean,intent_quantile_0.95,nearest_sphere,inverse_margin,0.0,0.9,0.848,0.898,0.888,0.01
1,euclidean,intent_quantile_0.95,nearest_sphere,inverse_margin,0.25,0.9,0.502,0.512,0.51,0.002
1,euclidean,intent_quantile_0.95,nearest_sphere,inverse_margin,0.5,0.9,0.212,0.212,0.212,0.0
1,euclidean,intent_quantile_0.95,nearest_sphere,inverse_margin,1.0,0.9,0.026,0.026,0.026,0.0
1,euclidean,intent_quantile_0.95,nearest_sphere,inverse_margin,2.0,0.9,0.0,0.0,0.0,0.0
1,euclidean,intent_quantile_0.95,nearest_sphere,max_ratio,0.0,0.9,0.848,0.898,0.888,0.01
1,euclidean,intent_quantile_0.95,nearest_sphere,max_ratio,0.25,0.9,0.848,0.898,0.888,0.01
1,euclidean,intent_quantile_0.95,nearest_sphere,max_ratio,0.5,0.9,0.848,0.898,0.888,0.01
1,euclidean,intent_quantile_0.95,nearest_sphere,max_ratio,1.0,0.9,0.878,0.888,0.886,0.002
1,euclidean,intent_quantile_0.95,nearest_sphere,max_ratio,2.0,0.9,0.186,0.186,0.186,0.0
1,euclidean,intent_quantile_0.95,normalized_union,none,0.0,0.9,0.83,0.9,0.886,0.014
1,euclidean,intent_quantile_0.95,normalized_union,none,0.25,0.9,0.83,0.9,0.886,0.014
1,euclidean,intent_quantile_0.95,normalized_union,none,0.5,0.9,0.83,0.9,0.886,0.014
1,euclidean,intent_quantile_0.95,normalized_union,none,1.0,0.9,0.83,0.9,0.886,0.014
1,euclidean,intent_quantile_0.95,normalized_union,none,2.0,0.9,0.83,0.9,0.886,0.014
1,euclidean,intent_quantile_0.95,normalized_union,ratio,0.0,0.9,0.83,0.9,0.886,0.014
1,euclidean,intent_quantile_0.95,normalized_union,ratio,0.25,0.9,0.792,0.802,0.8,0.002
1,euclidean,intent_quantile_0.95,normalized_union,ratio,0.5,0.9,0.58,0.59,0.588,0.002
1,euclidean,intent_quantile_0.95,normalized_union,ratio,1.0,0.9,0.164,0.164,0.164,0.0
1,euclidean,intent_quantile_0.95,normalized_union,ratio,2.0,0.9,0.004,0.004,0.004,0.0
1,euclidean,intent_quantile_0.95,normalized_union,inverse_margin,0.0,0.9,0.83,0.9,0.886,0.014
1,euclidean,intent_quantile_0.95,normalized_union,inverse_margin,0.25,0.9,0.502,0.512,0.51,0.002
1,euclidean,intent_quantile_0.95,normalized_union,inverse_margin,0.5,0.9,0.212,0.212,0.212,0.0
1,euclidean,intent_quantile_0.95,normalized_union,inverse_margin,1.0,0.9,0.026,0.026,0.026,0.0
1,euclidean,intent_quantile_0.95,normalized_union,inverse_margin,2.0,0.9,0.0,0.0,0.0,0.0
1,euclidean,intent_quantile_0.95,normalized_union,max_ratio,0.0,0.9,0.83,0.9,0.886,0.014
1,euclidean,intent_quantile_0.95,normalized_union,max_ratio,0.25,0.9,0.83,0.9,0.886,0.014
1,euclidean,intent_quantile_0.95,normalized_union,max_ratio,0.5,0.9,0.83,0.9,0.886,0.014
1,euclidean,intent_quantile_0.95,normalized_union,max_ratio,1.0,0.9,0.878,0.888,0.886,0.002
1,euclidean,intent_quantile_0.95,normalized_union,max_ratio,2.0,0.9,0.186,0.186,0.186,0.0
1,euclidean,center_quantile_0.99,nearest_sphere,none,0.0,0.9,0.852,0.982,0.956,0.026
1,euclidean,center_quantile_0.99,nearest_sphere,none,0.25,0.9,0.852,0.982,0.956,0.026
1,euclidean,center_quantile_0.99,nearest_sphere,none,0.5,0.9,0.852,0.982,0.956,0.026
1,euclidean,center_quantile_0.99,nearest_sphere,none,1.0,0.9,0.852,0.982,0.956,0.026
1,euclidean,center_quantile_0.99,nearest_sphere,none,2.0,0.9,0.852,0.982,0.956,0.026
1,euclidean,center_quantile_0.99,nearest_sphere,ratio,0.0,0.9,0.852,0.982,0.956,0.026
1,euclidean,center_quantile_0.99,nearest_sphere,ratio,0.25,0.9,0.87,0.88,0.878,0.002
1,euclidean,center_quantile_0.99,nearest_sphere,ratio,0.5,0.9,0.778,0.788,0.786,0.002
1,euclidean,center_quantile_0.99,nearest_sphere,ratio,1.0,0.9,0.318,0.318,0.318,0.0
1,euclidean,center_quantile_0.99,nearest_sphere,ratio,2.0,0.9,0.012,0.012,0.012,0.0
1,euclidean,center_quantile_0.99,nearest_sphere,inverse_margin,0.0,0.9,0.852,0.982,0.956,0.026
1,euclidean,center_quantile_0.99,nearest_sphere,inverse_margin,0.25,0.9,0.654,0.664,0.662,0.002
1,euclidean,center_quantile_0.99,nearest_sphere,inverse_margin,0.5,0.9,0.326,0.326,0.326,0.0
1,euclidean,center_quantile_0.99,nearest_sphere,inverse_margin,1.0,0.9,0.046,0.046,0.046,0.0
1,euclidean,center_quantile_0.99,nearest_sphere,inverse_margin,2.0,0.9,0.0,0.0,0.0,0.0
1,euclidean,center_quantile_0.99,nearest_sphere,max_ratio,0.0,0.9,0.852,0.982,0.956,0.026
1,euclidean,center_quantile_0.99,nearest_sphere,max_ratio,0.25,0.9,0.852,0.982,0.956,0.026
1,euclidean,center_quantile_0.99,nearest_sphere,max_ratio,0.5,0.9,0.852,0.982,0.956,0.026
1,euclidean,center_quantile_0.99,nearest_sphere,max_ratio,1.0,0.9,0.918,0.938,0.934,0.004
1,euclidean,center_quantile_0.99,nearest_sphere,max_ratio,2.0,0.9,0.186,0.186,0.186,0.0
1,euclidean,center_quantile_0.99,normalized_union,none,0.0,0.9,0.822,0.982,0.95,0.032
1,euclidean,center_quantile_0.99,normalized_union,none,0.25,0.9,0.822,0.982,0.95,0.032
1,euclidean,center_quantile_0.99,normalized_union,none,0.5,0.9,0.822,0.982,0.95,0.032
1,euclidean,center_quantile_0.99,normalized_union,none,1.0,0.9,0.822,0.982,0.95,0.032
1,euclidean,center_quantile_0.99,normalized_union,none,2.0,0.9,0.822,0.982,0.95,0.032
1,euclidean,center_quantile_0.99,normalized_union,ratio,0.0,0.9,0.822,0.982,0.95,0.032
1,euclidean,center_quantile_0.99,normalized_union,ratio,0.25,0.9,0.862,0.882,0.878,0.004
1,euclidean,center_quantile_0.99,normalized_union,ratio,0.5,0.9,0.778,0.788,0.786,0.002
1,euclidean,center_quantile_0.99,normalized_union,ratio,1.0,0.9,0.318,0.318,0.318,0.0
1,euclidean,center_quantile_0.99,normalized_union,ratio,2.0,0.9,0.012,0.012,0.012,0.0
1,euclidean,center_quantile_0.99,normalized_union,inverse_margin,0.0,0.9,0.822,0.982,0.95,0.032
1,euclidean,center_quantile_0.99,normalized_union,inverse_margin,0.25,0.9,0.654,0.664,0.662,0.002
1,euclidean,center_quantile_0.99,normalized_union,inverse_margin,0.5,0.9,0.326,0.326,0.326,0.0
1,euclidean,center_quantile_0.99,normalized_union,inverse_margin,1.0,0.9,0.046,0.046,0.046,0.0
1,euclidean,center_quantile_0.99,normalized_union,inverse_margin,2.0,0.9,0.0,0.0,0.0,0.0
1,euclidean,center_quantile_0.99,normalized_union,max_ratio,0.0,0.9,0.822,0.982,0.95,0.032
1,euclidean,center_quantile_0.99,normalized_union,max_ratio,0.25,0.9,0.822,0.982,0.95,0.032
1,euclidean,center_quantile_0.99,normalized_union,max_ratio,0.5,0.9,0.822,0.982,0.95,0.032
1,euclidean,center_quantile_0.99,normalized_union,max_ratio,1.0,0.9,0.918,0.938,0.934,0.004
1,euclidean,center_quantile_0.99,normalized_union,max_ratio,2.0,0.9,0.186,0.186,0.186,0.0
1,euclidean,intent_quantile_0.99,nearest_sphere,none,0.0,0.9,0.858,0.978,0.954,0.024
1,euclidean,intent_quantile_0.99,nearest_sphere,none,0.25,0.9,0.858,0.978,0.954,0.024
1,euclidean,intent_quantile_0.99,nearest_sphere,none,0.5,0.9,0.858,0.978,0.954,0.024
1,euclidean,intent_quantile_0.99,nearest_sphere,none,1.0,0.9,0.858,0.978,0.954,0.024
1,euclidean,intent_quantile_0.99,nearest_sphere,none,2.0,0.9,0.858,0.978,0.954,0.024
1,euclidean,intent_quantile_0.99,nearest_sphere,ratio,0.0,0.9,0.858,0.978,0.954,0.024
1,euclidean,intent_quantile_0.99,nearest_sphere,ratio,0.25,0.9,0.868,0.878,0.876,0.002
1,euclidean,intent_quantile_0.99,nearest_sphere,ratio,0.5,0.9,0.776,0.786,0.784,0.002
1,euclidean,intent_quantile_0.99,nearest_sphere,ratio,1.0,0.9,0.306,0.306,0.306,0.0
1,euclidean,intent_quantile_0.99,nearest_sphere,ratio,2.0,0.9,0.008,0.008,0.008,0.0
1,euclidean,intent_quantile_0.99,nearest_sphere,inverse_margin,0.0,0.9,0.858,0.978,0.954,0.024
1,euclidean,intent_quantile_0.99,nearest_sphere,inverse_margin,0.25,0.9,0.652,0.662,0.66,0.002
1,euclidean,intent_quantile_0.99,nearest_sphere,inverse_margin,0.5,0.9,0.318,0.318,0.318,0.0
1,euclidean,intent_quantile_0.99,nearest_sphere,inverse_margin,1.0,0.9,0.042,0.042,0.042,0.0
1,euclidean,intent_quantile_0.99,nearest_sphere,inverse_margin,2.0,0.9,0.0,0.0,0.0,0.0
1,euclidean,intent_quantile_0.99,nearest_sphere,max_ratio,0.0,0.9,0.858,0.978,0.954,0.024
1,euclidean,intent_quantile_0.99,nearest_sphere,max_ratio,0.25,0.9,0.858,0.978,0.954,0.024
1,euclidean,intent_quantile_0.99,nearest_sphere,max_ratio,0.5,0.9,0.858,0.978,0.954,0.024
1,euclidean,intent_quantile_0.99,nearest_sphere,max_ratio,1.0,0.9,0.918,0.938,0.934,0.004
1,euclidean,intent_quantile_0.99,nearest_sphere,max_ratio,2.0,0.9,0.186,0.186,0.186,0.0
1,euclidean,intent_quantile_0.99,normalized_union,none,0.0,0.9,0.8,0.98,0.944,0.036
1,euclidean,intent_quantile_0.99,normalized_union,none,0.25,0.9,0.8,0.98,0.944,0.036
1,euclidean,intent_quantile_0.99,normalized_union,none,0.5,0.9,0.8,0.98,0.944,0.036
1,euclidean,intent_quantile_0.99,normalized_union,none,1.0,0.9,0.8,0.98,0.944,0.036
1,euclidean,intent_quantile_0.99,normalized_union,none,2.0,0.9,0.8,0.98,0.944,0.036
1,euclidean,intent_quantile_0.99,normalized_union,ratio,0.0,0.9,0.8,0.98,0.944,0.036
1,euclidean,intent_quantile_0.99,normalized_union,ratio,0.25,0.9,0.86,0.88,0.876,0.004
1,euclidean,intent_quantile_0.99,normalized_union,ratio,0.5,0.9,0.776,0.786,0.784,0.002
1,euclidean,intent_quantile_0.99,normalized_union,ratio,1.0,0.9,0.306,0.306,0.306,0.0
1,euclidean,intent_quantile_0.99,normalized_union,ratio,2.0,0.9,0.008,0.008,0.008,0.0
1,euclidean,intent_quantile_0.99,normalized_union,inverse_margin,0.0,0.9,0.8,0.98,0.944,0.036
1,euclidean,intent_quantile_0.99,normalized_union,inverse_margin,0.25,0.9,0.652,0.662,0.66,0.002
1,euclidean,intent_quantile_0.99,normalized_union,inverse_margin,0.5,0.9,0.318,0.318,0.318,0.0
1,euclidean,intent_quantile_0.99,normalized_union,inverse_margin,1.0,0.9,0.042,0.042,0.042,0.0
1,euclidean,intent_quantile_0.99,normalized_union,inverse_margin,2.0,0.9,0.0,0.0,0.0,0.0
1,euclidean,intent_quantile_0.99,normalized_union,max_ratio,0.0,0.9,0.8,0.98,0.944,0.036
1,euclidean,intent_quantile_0.99,normalized_union,max_ratio,0.25,0.9,0.8,0.98,0.944,0.036
1,euclidean,intent_quantile_0.99,normalized_union,max_ratio,0.5,0.9,0.8,0.98,0.944,0.036
1,euclidean,intent_quantile_0.99,normalized_union,max_ratio,1.0,0.9,0.918,0.938,0.934,0.004
1,euclidean,intent_quantile_0.99,normalized_union,max_ratio,2.0,0.9,0.186,0.186,0.186,0.0
1,mahalanobis_diag,mean_std_0.0,nearest_sphere,none,0.0,0.9,0.416,0.426,0.424,0.002
1,mahalanobis_diag,mean_std_0.0,nearest_sphere,none,0.25,0.9,0.416,0.426,0.424,0.002
1,mahalanobis_diag,mean_std_0.0,nearest_sphere,none,0.5,0.9,0.416,0.426,0.424,0.002
1,mahalanobis_diag,mean_std_0.0,nearest_sphere,none,1.0,0.9,0.416,0.426,0.424,0.002
1,mahalanobis_diag,mean_std_0.0,nearest_sphere,none,2.0,0.9,0.416,0.426,0.424,0.002
1,mahalanobis_diag,mean_std_0.0,nearest_sphere,ratio,0.0,0.9,0.416,0.426,0.424,0.002
1,mahalanobis_diag,mean_std_0.0,nearest_sphere,ratio,0.25,0.9,0.18,0.18,0.18,0.0
1,mahalanobis_diag,mean_std_0.0,nearest_sphere,ratio,0.5,0.9,0.042,0.042,0.042,0.0
1,mahalanobis_diag,mean_std_0.0,nearest_sphere,ratio,1.0,0.9,0.002,0.002,0.002,0.0
1,mahalanobis_diag,mean_std_0.0,nearest_sphere,ratio,2.0,0.9,0.0,0.0,0.0,0.0
1,mahalanobis_diag,mean_std_0.0,nearest_sphere,inverse_margin,0.0,0.9,0.416,0.426,0.424,0.002
1,mahalanobis_diag,mean_std_0.0,nearest_sphere,inverse_margin,0.25,0.9,0.062,0.062,0.062,0.0
1,mahalanobis_diag,mean_std_0.0,nearest_sphere,inverse_margin,0.5,0.9,0.006,0.006,0.006,0.0
1,mahalanobis_diag,mean_std_0.0,nearest_sphere,inverse_margin,1.0,0.9,0.0,0.0,0.0,0.0
1,mahalanobis_diag,mean_std_0.0,nearest_sphere,inverse_margin,2.0,0.9,0.0,0.0,0.0,0.0
1,mahalanobis_diag,mean_std_0.0,nearest_sphere,max_ratio,0.0,0.9,0.416,0.426,0.424,0.002
1,mahalanobis_diag,mean_std_0.0,nearest_sphere,max_ratio,0.25,0.9,0.416,0.426,0.424,0.002
1,mahalanobis_diag,mean_std_0.0,nearest_sphere,max_ratio,0.5,0.9,0.416,0.426,0.424,0.002
1,mahalanobis_diag,mean_std_0.0,nearest_sphere,max_ratio,1.0,0.9,0.414,0.424,0.422,0.002
1,mahalanobis_diag,mean_std_0.0,nearest_sphere,max_ratio,2.0,0.9,0.1,0.1,0.1,0.0
1,mahalanobis_diag,mean_std_0.0,normalized_union,none,0.0,0.9,0.416,0.426,0.424,0.002
1,mahalanobis_diag,mean_std_0.0,normalized_union,none,0.25,0.9,0.416,0.426,0.424,0.002
1,mahalanobis_diag,mean_std_0.0,normalized_union,none,0.5,0.9,0.416,0.426,0.424,0.002
1,mahalanobis_diag,mean_std_0.0,normalized_union,none,1.0,0.9,0.416,0.426,0.424,0.002
1,mahalanobis_diag,mean_std_0.0,normalized_union,none,2.0,0.9,0.416,0.426,0.424,0.002
1,mahalanobis_diag,mean_std_0.0,normalized_union,ratio,0.0,0.9,0.416,0.426,0.424,0.002
1,mahalanobis_diag,mean_std_0.0,normalized_union,ratio,0.25,0.9,0.18,0.18,0.18,0.0
1,mahalanobis_diag,mean_std_0.0,normalized_union,ratio,0.5,0.9,0.042,0.042,0.042,0.0
1,mahalanobis_diag,mean_std_0.0,normalized_union,ratio,1.0,0.9,0.002,0.002,0.002,0.0
1,mahalanobis_diag,mean_std_0.0,normalized_union,ratio,2.0,0.9,0.0,0.0,0.0,0.0
1,mahalanobis_diag,mean_std_0.0,normalized_union,inverse_margin,0.0,0.9,0.416,0.426,0.424,0.002
1,mahalanobis_diag,mean_std_0.0,normalized_union,inverse_margin,0.25,0.9,0.062,0.062,0.062,0.0
1,mahalanobis_diag,mean_std_0.0,normalized_union,inverse_margin,0.5,0.9,0.006,0.006,0.006,0.0
1,mahalanobis_diag,mean_std_0.0,normalized_union,inverse_margin,1.0,0.9,0.0,0.0,0.0,0.0
1,mahalanobis_diag,mean_std_0.0,normalized_union,inverse_margin,2.0,0.9,0.0,0.0,0.0,0.0
1,mahalanobis_diag,mean_std_0.0,normalized_union,max_ratio,0.0,0.9,0.416,0.426,0.424,0.002
1,mahalanobis_diag,mean_std_0.0,normalized_union,max_ratio,0.25,0.9,0.416,0.426,0.424,0.002
1,mahalanobis_diag,mean_std_0.0,normalized_union,max_ratio,0.5,0.9,0.416,0.426,0.424,0.002
1,mahalanobis_diag,mean_std_0.0,normalized_union,max_ratio,1.0,0.9,0.414,0.424,0.422,0.002
1,mahalanobis_diag,mean_std_0.0,normalized_union,max_ratio,2.0,0.9,0.1,0.1,0.1,0.0
1,mahalanobis_diag,mean_std_0.25,nearest_sphere,none,0.0,0.9,0.542,0.552,0.55,0.002
1,mahalanobis_diag,mean_std_0.25,nearest_sphere,none,0.25,0.9,0.542,0.552,0.55,0.002
1,mahalanobis_diag,mean_std_0.25,nearest_sphere,none,0.5,0.9,0.542,0.552,0.55,0.002
1,mahalanobis_diag,mean_std_0.25,nearest_sphere,none,1.0,0.9,0.542,0.552,0.55,0.002
1,mahalanobis_diag,mean_std_0.25,nearest_sphere,none,2.0,0.9,0.542,0.552,0.55,0.002
1,mahalanobis_diag,mean_std_0.25,nearest_sphere,ratio,0.0,0.9,0.542,0.552,0.55,0.002
1,mahalanobis_diag,mean_std_0.25,nearest_sphere,ratio,0.25,0.9,0.284,0.284,0.284,0.0
1,mahalanobis_diag,mean_std_0.25,nearest_sphere,ratio,0.5,0.9,0.096,0.096,0.096,0.0
1,mahalanobis_diag,mean_std_0.25,nearest_sphere,ratio,1.0,0.9,0.006,0.006,0.006,0.0
1,mahalanobis_diag,mean_std_0.25,nearest_sphere,ratio,2.0,0.9,0.0,0.0,0.0,0.0
1,mahalanobis_diag,mean_std_0.25,nearest_sphere,inverse_margin,0.0,0.9,0.542,0.552,0.55,0.002
1,mahalanobis_diag,mean_std_0.25,nearest_sphere,inverse_margin,0.25,0.9,0.11,0.11,0.11,0.0
1,mahalanobis_diag,mean_std_0.25,nearest_sphere,inverse_margin,0.5,0.9,0.012,0.012,0.012,0.0
1,mahalanobis_diag,mean_std_0.25,nearest_sphere,inverse_margin,1.0,0.9,0.0,0.0,0.0,0.0
1,mahalanobis_diag,mean_std_0.25,nearest_sphere,inverse_margin,2.0,0.9,0.0,0.0,0.0,0.0
1,mahalanobis_diag,mean_std_0.25,nearest_sphere,max_ratio,0.0,0.9,0.542,0.552,0.55,0.002
1,mahalanobis_diag,mean_std_0.25,nearest_sphere,max_ratio,0.25,0.9,0.542,0.552,0.55,0.002
1,mahalanobis_diag,mean_std_0.25,nearest_sphere,max_ratio,0.5,0.9,0.542,0.552,0.55,0.002
1,mahalanobis_diag,mean_std_0.25,nearest_sphere,max_ratio,1.0,0.9,0.54,0.55,0.548,0.002
1,mahalanobis_diag,mean_std_0.25,nearest_sphere,max_ratio,2.0,0.9,0.1,0.1,0.1,0.0
1,mahalanobis_diag,mean_std_0.25,normalized_union,none,0.0,0.9,0.542,0.552,0.55,0.002
1,mahalanobis_diag,mean_std_0.25,normalized_union,none,0.25,0.9,0.542,0.552,0.55,0.002
1,mahalanobis_diag,mean_std_0.25,normalized_union,none,0.5,0.9,0.542,0.552,0.55,0.002
1,mahalanobis_diag,mean_std_0.25,normalized_union,none,1.0,0.9,0.542,0.552,0.55,0.002
1,mahalanobis_diag,mean_std_0.25,normalized_union,none,2.0,0.9,0.542,0.552,0.55,0.002
1,mahalanobis_diag,mean_std_0.25,normalized_union,ratio,0.0,0.9,0.542,0.552,0.55,0.002
1,mahalanobis_diag,mean_std_0.25,normalized_union,ratio,0.25,0.9,0.284,0.284,0.284,0.0
1,mahalanobis_diag,mean_std_0.25,normalized_union,ratio,0.5,0.9,0.096,0.096,0.096,0.0
1,mahalanobis_diag,mean_std_0.25,normalized_union,ratio,1.0,0.9,0.006,0.006,0.006,0.0
1,mahalanobis_diag,mean_std_0.25,normalized_union,ratio,2.0,0.9,0.0,0.0,0.0,0.0
1,mahalanobis_diag,mean_std_0.25,normalized_union,inverse_margin,0.0,0.9,0.542,0.552,0.55,0.002
1,mahalanobis_diag,mean_std_0.25,normalized_union,inverse_margin,0.25,0.9,0.11,0.11,0.11,0.0
1,mahalanobis_diag,mean_std_0.25,normalized_union,inverse_margin,0.5,0.9,0.012,0.012,0.012,0.0
1,mahalanobis_diag,mean_std_0.25,normalized_union,inverse_margin,1.0,0.9,0.0,0.0,0.0,0.0
1,mahalanobis_diag,mean_std_0.25,normalized_union,inverse_margin,2.0,0.9,0.0,0.0,0.0,0.0
1,mahalanobis_diag,mean_std_0.25,normalized_union,max_ratio,0.0,0.9,0.542,0.552,0.55,0.002
1,mahalanobis_diag,mean_std_0.25,normalized_union,max_ratio,0.25,0.9,0.542,0.552,0.55,0.002
1,mahalanobis_diag,mean_std_0.25,normalized_union,max_ratio,0.5,0.9,0.542,0.552,0.55,0.002
1,mahalanobis_diag,mean_std_0.25,normalized_union,max_ratio,1.0,0.9,0.54,0.55,0.548,0.002
1,mahalanobis_diag,mean_std_0.25,normalized_union,max_ratio,2.0,0.9,0.1,0.1,0.1,0.0
1,mahalanobis_diag,mean_std_0.5,nearest_sphere,none,0.0,0.9,0.684,0.694,0.692,0.002
1,mahalanobis_diag,mean_std_0.5,nearest_sphere,none,0.25,0.9,0.684,0.694,0.692,0.002
1,mahalanobis_diag,mean_std_0.5,nearest_sphere,none,0.5,0.9,0.684,0.694,0.692,0.002
1,mahalanobis_diag,mean_std_0.5,nearest_sphere,none,1.0,0.9,0.684,0.694,0.692,0.002
1,mahalanobis_diag,mean_std_0.5,nearest_sphere,none,2.0,0.9,0.684,0.694,0.692,0.002
1,mahalanobis_diag,mean_std_0.5,nearest_sphere,ratio,0.0,0.9,0.684,0.694,0.692,0.002
1,mahalanobis_diag,mean_std_0.5,nearest_sphere,ratio,0.25,0.9,0.368,0.378,0.376,0.002
1,mahalanobis_diag,mean_std_0.5,nearest_sphere,ratio,0.5,0.9,0.144,0.144,0.144,0.0
1,mahalanobis_diag,mean_std_0.5,nearest_sphere,ratio,1.0,0.9,0.008,0.008,0.008,0.0
1,mahalanobis_diag,mean_std_0.5,nearest_sphere,ratio,2.0,0.9,0.0,0.0,0.0,0.0
1,mahalanobis_diag,mean_std_0.5,nearest_sphere,inverse_margin,0.0,0.9,0.684,0.694,0.692,0.002
1,mahalanobis_diag,mean_std_0.5,nearest_sphere,inverse_margin,0.25,0.9,0.148,0.148,0.148,0.0
1,mahalanobis_diag,mean_std_0.5,nearest_sphere,inverse_margin,0.5,0.9,0.02,0.02,0.02,0.0
1,mahalanobis_diag,mean_std_0.5,nearest_sphere,inverse_margin,1.0,0.9,0.0,0.0,0.0,0.0
1,mahalanobis_diag,mean_std_0.5,nearest_sphere,inverse_margin,2.0,0.9,0.0,0.0,0.0,0.0
1,mahalanobis_diag,mean_std_0.5,nearest_sphere,max_ratio,0.0,0.9,0.684,0.694,0.692,0.002
1,mahalanobis_diag,mean_std_0.5,nearest_sphere,max_ratio,0.25,0.9,0.684,0.694,0.692,0.002
1,mahalanobis_diag,mean_std_0.5,nearest_sphere,max_ratio,0.5,0.9,0.684,0.694,0.692,0.002
1,mahalanobis_diag,mean_std_0.5,nearest_sphere,max_ratio,1.0,0.9,0.682,0.692,0.69,0.002
1,mahalanobis_diag,mean_std_0.5,nearest_sphere,max_ratio,2.0,0.9,0.1,0.1,0.1,0.0
1,mahalanobis_diag,mean_std_0.5,normalized_union,none,0.0,0.9,0.684,0.694,0.692,0.002
1,mahalanobis_diag,mean_std_0.5,normalized_union,none,0.25,0.9,0.684,0.694,0.692,0.002
1,mahalanobis_diag,mean_std_0.5,normalized_union,none,0.5,0.9,0.684,0.694,0.692,0.002
1,mahalanobis_diag,mean_std_0.5,normalized_union,none,1.0,0.9,0.684,0.694,0.692,0.002
1,mahalanobis_diag,mean_std_0.5,normalized_union,none,2.0,0.9,0.684,0.694,0.692,0.002
1,mahalanobis_diag,mean_std_0.5,normalized_union,ratio,0.0,0.9,0.684,0.694,0.692,0.002
1,mahalanobis_diag,mean_std_0.5,normalized_union,ratio,0.25,0.9,0.368,0.378,0.376,0.002
1,mahalanobis_diag,mean_std_0.5,normalized_union,ratio,0.5,0.9,0.144,0.144,0.144,0.0
1,mahalanobis_diag,mean_std_0.5,normalized_union,ratio,1.0,0.9,0.008,0.008,0.008,0.0
1,mahalanobis_diag,mean_std_0.5,normalized_union,ratio,2.0,0.9,0.0,0.0,0.0,0.0
1,mahalanobis_diag,mean_std_0.5,normalized_union,inverse_margin,0.0,0.9,0.684,0.694,0.692,0.002
1,mahalanobis_diag,mean_std_0.5,normalized_union,inverse_margin,0.25,0.9,0.148,0.148,0.148,0.0
1,mahalanobis_diag,mean_std_0.5,normalized_union,inverse_margin,0.5,0.9,0.02,0.02,0.02,0.0
1,mahalanobis_diag,mean_std_0.5,normalized_union,inverse_margin,1.0,0.9,0.0,0.0,0.0,0.0
1,mahalanobis_diag,mean_std_0.5,normalized_union,inverse_margin,2.0,0.9,0.0,0.0,0.0,0.0
1,mahalanobis_diag,mean_std_0.5,normalized_union,max_ratio,0.0,0.9,0.684,0.694,0.692,0.002
1,mahalanobis_diag,mean_std_0.5,normalized_union,max_ratio,0.25,0.9,0.684,0.694,0.692,0.002
1,mahalanobis_diag,mean_std_0.5,normalized_union,max_ratio,0.5,0.9,0.684,0.694,0.692,0.002
1,mahalanobis_diag,mean_std_0.5,normalized_union,max_ratio,1.0,0.9,0.682,0.692,0.69,0.002
1,mahalanobis_diag,mean_std_0.5,normalized_union,max_ratio,2.0,0.9,0.1,0.1,0.1,0.0
1,mahalanobis_diag,mean_std_0.75,nearest_sphere,none,0.0,0.9,0.756,0.766,0.764,0.002
1,mahalanobis_diag,mean_std_0.75,nearest_sphere,none,0.25,0.9,0.756,0.766,0.764,0.002
1,mahalanobis_diag,mean_std_0.75,nearest_sphere,none,0.5,0.9,0.756,0.766,0.764,0.002
1,mahalanobis_diag,mean_std_0.75,nearest_sphere,none,1.0,0.9,0.756,0.766,0.764,0.002
1,mahalanobis_diag,mean_std_0.75,nearest_sphere,none,2.0,0.9,0.756,0.766,0.764,0.002
1,mahalanobis_diag,mean_std_0.75,nearest_sphere,ratio,0.0,0.9,0.756,0.766,0.764,0.002
1,mahalanobis_diag,mean_std_0.75,nearest_sphere,ratio,0.25,0.9,0.476,0.486,0.484,0.002
1,mahalanobis_diag,mean_std_0.75,nearest_sphere,ratio,0.5,0.9,0.226,0.226,0.226,0.0
1,mahalanobis_diag,mean_std_0.75,nearest_sphere,ratio,1.0,0.9,0.016,0.016,0.016,0.0
1,mahalanobis_diag,mean_std_0.75,nearest_sphere,ratio,2.0,0.9,0.0,0.0,0.0,0.0
1,mahalanobis_diag,mean_std_0.75,nearest_sphere,inverse_margin,0.0,0.9,0.756,0.766,0.764,0.002
1,mahalanobis_diag,mean_std_0.75,nearest_sphere,inverse_margin,0.25,0.9,0.224,0.224,0.224,0.0
1,mahalanobis_diag,mean_std_0.75,nearest_sphere,inverse_margin,0.5,0.9,0.032,0.032,0.032,0.0
1,mahalanobis_diag,mean_std_0.75,nearest_sphere,inverse_margin,1.0,0.9,0.0,0.0,0.0,0.0
1,mahalanobis_diag,mean_std_0.75,nearest_sphere,inverse_margin,2.0,0.9,0.0,0.0,0.0,0.0
1,mahalanobis_diag,mean_std_0.75,nearest_sphere,max_ratio,0.0,0.9,0.756,0.766,0.764,0.002
1,mahalanobis_diag,mean_std_0.75,nearest_sphere,max_ratio,0.25,0.9,0.756,0.766,0.764,0.002
1,mahalanobis_diag,mean_std_0.75,nearest_sphere,max_ratio,0.5,0.9,0.756,0.766,0.764,0.002
1,mahalanobis_diag,mean_std_0.75,nearest_sphere,max_ratio,1.0,0.9,0.754,0.764,0.762,0.002
1,mahalanobis_diag,mean_std_0.75,nearest_sphere,max_ratio,2.0,0.9,0.1,0.1,0.1,0.0
1,mahalanobis_diag,mean_std_0.75,normalized_union,none,0.0,0.9,0.756,0.766,0.764,0.002
1,mahalanobis_diag,mean_std_0.75,normalized_union,none,0.25,0.9,0.756,0.766,0.764,0.002
1,mahalanobis_diag,mean_std_0.75,normalized_union,none,0.5,0.9,0.756,0.766,0.764,0.002
1,mahalanobis_diag,mean_std_0.75,normalized_union,none,1.0,0.9,0.756,0.766,0.764,0.002
1,mahalanobis_diag,mean_std_0.75,normalized_union,none,2.0,0.9,0.756,0.766,0.764,0.002
1,mahalanobis_diag,mean_std_0.75,normalized_union,ratio,0.0,0.9,0.756,0.766,0.764,0.002
1,mahalanobis_diag,mean_std_0.75,normalized_union,ratio,0.25,0.9,0.476,0.486,0.484,0.002
1,mahalanobis_diag,mean_std_0.75,normalized_union,ratio,0.5,0.9,0.226,0.226,0.226,0.0
1,mahalanobis_diag,mean_std_0.75,normalized_union,ratio,1.0,0.9,0.016,0.016,0.016,0.0
1,mahalanobis_diag,mean_std_0.75,normalized_union,ratio,2.0,0.9,0.0,0.0,0.0,0.0
1,mahalanobis_diag,mean_std_0.75,normalized_union,inverse_margin,0.0,0.9,0.756,0.766,0.764,0.002
1,mahalanobis_diag,mean_std_0.75,normalized_union,inverse_margin,0.25,0.9,0.224,0.224,0.224,0.0
1,mahalanobis_diag,mean_std_0.75,normalized_union,inverse_margin,0.5,0.9,0.032,0.032,0.032,0.0
1,mahalanobis_diag,mean_std_0.75,normalized_union,inverse_margin,1.0,0.9,0.0,0.0,0.0,0.0
1,mahalanobis_diag,mean_std_0.75,normalized_union,inverse_margin,2.0,0.9,0.0,0.0,0.0,0.0
1,mahalanobis_diag,mean_std_0.75,normalized_union,max_ratio,0.0,0.9,0.756,0.766,0.764,0.002
1,mahalanobis_diag,mean_std_0.75,normalized_union,max_ratio,0.25,0.9,0.756,0.766,0.764,0.002
1,mahalanobis_diag,mean_std_0.75,normalized_union,max_ratio,0.5,0.9,0.756,0.766,0.764,0.002
1,mahalanobis_diag,mean_std_0.75,normalized_union,max_ratio,1.0,0.9,0.754,0.764,0.762,0.002
1,mahalanobis_diag,mean_std_0.75,normalized_union,max_ratio,2.0,0.9,0.1,0.1,0.1,0.0
1,mahalanobis_diag,mean_std_1.0,nearest_sphere,none,0.0,0.9,0.802,0.812,0.81,0.002
1,mahalanobis_diag,mean_std_1.0,nearest_sphere,none,0.25,0.9,0.802,0.812,0.81,0.002
1,mahalanobis_diag,mean_std_1.0,nearest_sphere,none,0.5,0.9,0.802,0.812,0.81,0.002
1,mahalanobis_diag,mean_std_1.0,nearest_sphere,none,1.0,0.9,0.802,0.812,0.81,0.002
1,mahalanobis_diag,mean_std_1.0,nearest_sphere,none,2.0,0.9,0.802,0.812,0.81,0.002
1,mahalanobis_diag,mean_std_1.0,nearest_sphere,ratio,0.0,0.9,0.802,0.812,0.81,0.002
1,mahalanobis_diag,mean_std_1.0,nearest_sphere,ratio,0.25,0.9,0.57,0.58,0.578,0.002
1,mahalanobis_diag,mean_std_1.0,nearest_sphere,ratio,0.5,0.9,0.296,0.296,0.296,0.0
1,mahalanobis_diag,mean_std_1.0,nearest_sphere,ratio,1.0,0.9,0.022,0.022,0.022,0.0
1,mahalanobis_diag,mean_std_1.0,nearest_sphere,ratio,2.0,0.9,0.0,0.0,0.0,0.0
1,mahalanobis_diag,mean_std_1.0,nearest_sphere,inverse_margin,0.0,0.9,0.802,0.812,0.81,0.002
1,mahalanobis_diag,mean_std_1.0,nearest_sphere,inverse_margin,0.25,0.9,0.292,0.292,0.292,0.0
1,mahalanobis_diag,mean_std_1.0,nearest_sphere,inverse_margin,0.5,0.9,0.054,0.054,0.054,0.0
1,mahalanobis_diag,mean_std_1.0,nearest_sphere,inverse_margin,1.0,0.9,0.0,0.0,0.0,0.0
1,mahalanobis_diag,mean_std_1.0,nearest_sphere,inverse_margin,2.0,0.9,0.0,0.0,0.0,0.0
1,mahalanobis_diag,mean_std_1.0,nearest_sphere,max_ratio,0.0,0.9,0.802,0.812,0.81,0.002
1,mahalanobis_diag,mean_std_1.0,nearest_sphere,max_ratio,0.25,0.9,0.802,0.812,0.81,0.002
1,mahalanobis_diag,mean_std_1.0,nearest_sphere,max_ratio,0.5,0.9,0.802,0.812,0.81,0.002
1,mahalanobis_diag,mean_std_1.0,nearest_sphere,max_ratio,1.0,0.9,0.8,0.81,0.808,0.002
1,mahalanobis_diag,mean_std_1.0,nearest_sphere,max_ratio,2.0,0.9,0.1,0.1,0.1,0.0
1,mahalanobis_diag,mean_std_1.0,normalized_union,none,0.0,0.9,0.802,0.812,0.81,0.002
1,mahalanobis_diag,mean_std_1.0,normalized_union,none,0.25,0.9,0.802,0.812,0.81,0.002
1,mahalanobis_diag,mean_std_1.0,normalized_union,none,0.5,0.9,0.802,0.812,0.81,0.002
1,mahalanobis_diag,mean_std_1.0,normalized_union,none,1.0,0.9,0.802,0.812,0.81,0.002
1,mahalanobis_diag,mean_std_1.0,normalized_union,none,2.0,0.9,0.802,0.812,0.81,0.002
1,mahalanobis_diag,mean_std_1.0,normalized_union,ratio,0.0,0.9,0.802,0.812,0.81,0.002
1,mahalanobis_diag,mean_std_1.0,normalized_union,ratio,0.25,0.9,0.57,0.58,0.578,0.002
1,mahalanobis_diag,mean_std_1.0,normalized_union,ratio,0.5,0.9,0.296,0.296,0.296,0.0
1,mahalanobis_diag,mean_std_1.0,normalized_union,ratio,1.0,0.9,0.022,0.022,0.022,0.0
1,mahalanobis_diag,mean_std_1.0,normalized_union,ratio,2.0,0.9,0.0,0.0,0.0,0.0
1,mahalanobis_diag,mean_std_1.0,normalized_union,inverse_margin,0.0,0.9,0.802,0.812,0.81,0.002
1,mahalanobis_diag,mean_std_1.0,normalized_union,inverse_margin,0.25,0.9,0.292,0.292,0.292,0.0
1,mahalanobis_diag,mean_std_1.0,normalized_union,inverse_margin,0.5,0.9,0.054,0.054,0.054,0.0
1,mahalanobis_diag,mean_std_1.0,normalized_union,inverse_margin,1.0,0.9,0.0,0.0,0.0,0.0
1,mahalanobis_diag,mean_std_1.0,normalized_union,inverse_margin,2.0,0.9,0.0,0.0,0.0,0.0
1,mahalanobis_diag,mean_std_1.0,normalized_union,max_ratio,0.0,0.9,0.802,0.812,0.81,0.002
1,mahalanobis_diag,mean_std_1.0,normalized_union,max_ratio,0.25,0.9,0.802,0.812,0.81,0.002
1,mahalanobis_diag,mean_std_1.0,normalized_union,max_ratio,0.5,0.9,0.802,0.812,0.81,0.002
1,mahalanobis_diag,mean_std_1.0,normalized_union,max_ratio,1.0,0.9,0.8,0.81,0.808,0.002
1,mahalanobis_diag,mean_std_1.0,normalized_union,max_ratio,2.0,0.9,0.1,0.1,0.1,0.0
1,mahalanobis_diag,mean_std_1.5,nearest_sphere,none,0.0,0.9,0.836,0.866,0.86,0.006
1,mahalanobis_diag,mean_std_1.5,nearest_sphere,none,0.25,0.9,0.836,0.866,0.86,0.006
1,mahalanobis_diag,mean_std_1.5,nearest_sphere,none,0.5,0.9,0.836,0.866,0.86,0.006
1,mahalanobis_diag,mean_std_1.5,nearest_sphere,none,1.0,0.9,0.836,0.866,0.86,0.006
1,mahalanobis_diag,mean_std_1.5,nearest_sphere,none,2.0,0.9,0.836,0.866,0.86,0.006
1,mahalanobis_diag,mean_std_1.5,nearest_sphere,ratio,0.0,0.9,0.836,0.866,0.86,0.006
1,mahalanobis_diag,mean_std_1.5,nearest_sphere,ratio,0.25,0.9,0.726,0.736,0.734,0.002
1,mahalanobis_diag,mean_std_1.5,nearest_sphere,ratio,0.5,0.9,0.434,0.444,0.442,0.002
1,mahalanobis_diag,mean_std_1.5,nearest_sphere,ratio,1.0,0.9,0.054,0.054,0.054,0.0
1,mahalanobis_diag,mean_std_1.5,nearest_sphere,ratio,2.0,0.9,0.0,0.0,0.0,0.0
1,mahalanobis_diag,mean_std_1.5,nearest_sphere,inverse_margin,0.0,0.9,0.836,0.866,0.86,0.006
1,mahalanobis_diag,mean_std_1.5,nearest_sphere,inverse_margin,0.25,0.9,0.406,0.406,0.406,0.0
1,mahalanobis_diag,mean_std_1.5,nearest_sphere,inverse_margin,0.5,0.9,0.086,0.086,0.086,0.0
1,mahalanobis_diag,mean_std_1.5,nearest_sphere,inverse_margin,1.0,0.9,0.004,0.004,0.004,0.0
1,mahalanobis_diag,mean_std_1.5,nearest_sphere,inverse_margin,2.0,0.9,0.0,0.0,0.0,0.0
1,mahalanobis_diag,mean_std_1.5,nearest_sphere,max_ratio,0.0,0.9,0.836,0.866,0.86,0.006
1,mahalanobis_diag,mean_std_1.5,nearest_sphere,max_ratio,0.25,0.9,0.836,0.866,0.86,0.006
1,mahalanobis_diag,mean_std_1.5,nearest_sphere,max_ratio,0.5,0.9,0.836,0.866,0.86,0.006
1,mahalanobis_diag,mean_std_1.5,nearest_sphere,max_ratio,1.0,0.9,0.838,0.858,0.854,0.004
1,mahalanobis_diag,mean_std_1.5,nearest_sphere,max_ratio,2.0,0.9,0.1,0.1,0.1,0.0
1,mahalanobis_diag,mean_std_1.5,normalized_union,none,0.0,0.9,0.836,0.866,0.86,0.006
1,mahalanobis_diag,mean_std_1.5,normalized_union,none,0.25,0.9,0.836,0.866,0.86,0.006
1,mahalanobis_diag,mean_std_1.5,normalized_union,none,0.5,0.9,0.836,0.866,0.86,0.006
1,mahalanobis_diag,mean_std_1.5,normalized_union,none,1.0,0.9,0.836,0.866,0.86,0.006
1,mahalanobis_diag,mean_std_1.5,normalized_union,none,2.0,0.9,0.836,0.866,0.86,0.006
1,mahalanobis_diag,mean_std_1.5,normalized_union,ratio,0.0,0.9,0.836,0.866,0.86,0.006
1,mahalanobis_diag,mean_std_1.5,normalized_union,ratio,0.25,0.9,0.726,0.736,0.734,0.002
1,mahalanobis_diag,mean_std_1.5,normalized_union,ratio,0.5,0.9,0.434,0.444,0.442,0.002
1,mahalanobis_diag,mean_std_1.5,normalized_union,ratio,1.0,0.9,0.054,0.054,0.054,0.0
1,mahalanobis_diag,mean_std_1.5,normalized_union,ratio,2.0,0.9,0.0,0.0,0.0,0.0
1,mahalanobis_diag,mean_std_1.5,normalized_union,inverse_margin,0.0,0.9,0.836,0.866,0.86,0.006
1,mahalanobis_diag,mean_std_1.5,normalized_union,inverse_margin,0.25,0.9,0.406,0.406,0.406,0.0
1,mahalanobis_diag,mean_std_1.5,normalized_union,inverse_margin,0.5,0.9,0.086,0.086,0.086,0.0
1,mahalanobis_diag,mean_std_1.5,normalized_union,inverse_margin,1.0,0.9,0.004,0.004,0.004,0.0
1,mahalanobis_diag,mean_std_1.5,normalized_union,inverse_margin,2.0,0.9,0.0,0.0,0.0,0.0
1,mahalanobis_diag,mean_std_1.5,normalized_union,max_ratio,0.0,0.9,0.836,0.866,0.86,0.006
1,mahalanobis_diag,mean_std_1.5,normalized_union,max_ratio,0.25,0.9,0.836,0.866,0.86,0.006
1,mahalanobis_diag,mean_std_1.5,normalized_union,max_ratio,0.5,0.9,0.836,0.866,0.86,0.006
1,mahalanobis_diag,mean_std_1.5,normalized_union,max_ratio,1.0,0.9,0.838,0.858,0.854,0.004
1,mahalanobis_diag,mean_std_1.5,normalized_union,max_ratio,2.0,0.9,0.1,0.1,0.1,0.0
1,mahalanobis_diag,mean_std_2.0,nearest_sphere,none,0.0,0.9,0.818,0.898,0.882,0.016
1,mahalanobis_diag,mean_std_2.0,nearest_sphere,none,0.25,0.9,0.818,0.898,0.882,0.016
1,mahalanobis_diag,mean_std_2.0,nearest_sphere,none,0.5,0.9,0.818,0.898,0.882,0.016
1,mahalanobis_diag,mean_std_2.0,nearest_sphere,none,1.0,0.9,0.818,0.898,0.882,0.016
1,mahalanobis_diag,mean_std_2.0,nearest_sphere,none,2.0,0.9,0.818,0.898,0.882,0.016
1,mahalanobis_diag,mean_std_2.0,nearest_sphere,ratio,0.0,0.9,0.818,0.898,0.882,0.016
1,mahalanobis_diag,mean_std_2.0,nearest_sphere,ratio,0.25,0.9,0.788,0.798,0.796,0.002
1,mahalanobis_diag,mean_std_2.0,nearest_sphere,ratio,0.5,0.9,0.55,0.56,0.558,0.002
1,mahalanobis_diag,mean_std_2.0,nearest_sphere,ratio,1.0,0.9,0.098,0.098,0.098,0.0
1,mahalanobis_diag,mean_std_2.0,nearest_sphere,ratio,2.0,0.9,0.0,0.0,0.0,0.0
1,mahalanobis_diag,mean_std_2.0,nearest_sphere,inverse_margin,0.0,0.9,0.818,0.898,0.882,0.016
1,mahalanobis_diag,mean_std_2.0,nearest_sphere,inverse_margin,0.25,0.9,0.49,0.49,0.49,0.0
1,mahalanobis_diag,mean_std_2.0,nearest_sphere,inverse_margin,0.5,0.9,0.142,0.142,0.142,0.0
1,mahalanobis_diag,mean_std_2.0,nearest_sphere,inverse_margin,1.0,0.9,0.006,0.006,0.006,0.0
1,mahalanobis_diag,mean_std_2.0,nearest_sphere,inverse_margin,2.0,0.9,0.0,0.0,0.0,0.0
1,mahalanobis_diag,mean_std_2.0,nearest_sphere,max_ratio,0.0,0.9,0.818,0.898,0.882,0.016
1,mahalanobis_diag,mean_std_2.0,nearest_sphere,max_ratio,0.25,0.9,0.818,0.898,0.882,0.016
1,mahalanobis_diag,mean_std_2.0,nearest_sphere,max_ratio,0.5,0.9,0.818,0.898,0.882,0.016
1,mahalanobis_diag,mean_std_2.0,nearest_sphere,max_ratio,1.0,0.9,0.85,0.88,0.874,0.006
1,mahalanobis_diag,mean_std_2.0,nearest_sphere,max_ratio,2.0,0.9,0.1,0.1,0.1,0.0
1,mahalanobis_diag,mean_std_2.0,normalized_union,none,0.0,0.9,0.818,0.898,0.882,0.016
1,mahalanobis_diag,mean_std_2.0,normalized_union,none,0.25,0.9,0.818,0.898,0.882,0.016
1,mahalanobis_diag,mean_std_2.0,normalized_union,none,0.5,0.9,0.818,0.898,0.882,0.016
1,mahalanobis_diag,mean_std_2.0,normalized_union,none,1.0,0.9,0.818,0.898,0.882,0.016
1,mahalanobis_diag,mean_std_2.0,normalized_union,none,2.0,0.9,0.818,0.898,0.882,0.016
1,mahalanobis_diag,mean_std_2.0,normalized_union,ratio,0.0,0.9,0.818,0.898,0.882,0.016
1,mahalanobis_diag,mean_std_2.0,normalized_union,ratio,0.25,0.9,0.788,0.798,0.796,0.002
1,mahalanobis_diag,mean_std_2.0,normalized_union,ratio,0.5,0.9,0.55,0.56,0.558,0.002
1,mahalanobis_diag,mean_std_2.0,normalized_union,ratio,1.0,0.9,0.098,0.098,0.098,0.0
1,mahalanobis_diag,mean_std_2.0,normalized_union,ratio,2.0,0.9,0.0,0.0,0.0,0.0
1,mahalanobis_diag,mean_std_2.0,normalized_union,inverse_margin,0.0,0.9,0.818,0.898,0.882,0.016
1,mahalanobis_diag,mean_std_2.0,normalized_union,inverse_margin,0.25,0.9,0.49,0.49,0.49,0.0
1,mahalanobis_diag,mean_std_2.0,normalized_union,inverse_margin,0.5,0.9,0.142,0.142,0.142,0.0
1,mahalanobis_diag,mean_std_2.0,normalized_union,inverse_margin,1.0,0.9,0.006,0.006,0.006,0.0
1,mahalanobis_diag,mean_std_2.0,normalized_union,inverse_margin,2.0,0.9,0.0,0.0,0.0,0.0
1,mahalanobis_diag,mean_std_2.0,normalized_union,max_ratio,0.0,0.9,0.818,0.898,0.882,0.016
1,mahalanobis_diag,mean_std_2.0,normalized_union,max_ratio,0.25,0.9,0.818,0.898,0.882,0.016
1,mahalanobis_diag,mean_std_2.0,normalized_union,max_ratio,0.5,0.9,0.818,0.898,0.882,0.016
1,mahalanobis_diag,mean_std_2.0,normalized_union,max_ratio,1.0,0.9,0.85,0.88,0.874,0.006
1,mahalanobis_diag,mean_std_2.0,normalized_union,max_ratio,2.0,0.9,0.1,0.1,0.1,0.0
1,mahalanobis_diag,mean_std_3.0,nearest_sphere,none,0.0,0.9,0.796,0.956,0.924,0.032
1,mahalanobis_diag,mean_std_3.0,nearest_sphere,none,0.25,0.9,0.796,0.956,0.924,0.032
1,mahalanobis_diag,mean_std_3.0,nearest_sphere,none,0.5,0.9,0.796,0.956,0.924,0.032
1,mahalanobis_diag,mean_std_3.0,nearest_sphere,none,1.0,0.9,0.796,0.956,0.924,0.032
1,mahalanobis_diag,mean_std_3.0,nearest_sphere,none,2.0,0.9,0.796,0.956,0.924,0.032
1,mahalanobis_diag,mean_std_3.0,nearest_sphere,ratio,0.0,0.9,0.796,0.956,0.924,0.032
1,mahalanobis_diag,mean_std_3.0,nearest_sphere,ratio,0.25,0.9,0.844,0.874,0.868,0.006
1,mahalanobis_diag,mean_std_3.0,nearest_sphere,ratio,0.5,0.9,0.73,0.74,0.738,0.002
1,mahalanobis_diag,mean_std_3.0,nearest_sphere,ratio,1.0,0.9,0.194,0.194,0.194,0.0
1,mahalanobis_diag,mean_std_3.0,nearest_sphere,ratio,2.0,0.9,0.0,0.0,0.0,0.0
1,mahalanobis_diag,mean_std_3.0,nearest_sphere,inverse_margin,0.0,0.9,0.796,0.956,0.924,0.032
1,mahalanobis_diag,mean_std_3.0,nearest_sphere,inverse_margin,0.25,0.9,0.608,0.618,0.616,0.002
1,mahalanobis_diag,mean_std_3.0,nearest_sphere,inverse_margin,0.5,0.9,0.21,0.21,0.21,0.0
1,mahalanobis_diag,mean_std_3.0,nearest_sphere,inverse_margin,1.0,0.9,0.012,0.012,0.012,0.0
1,mahalanobis_diag,mean_std_3.0,nearest_sphere,inverse_margin,2.0,0.9,0.0,0.0,0.0,0.0
1,mahalanobis_diag,mean_std_3.0,nearest_sphere,max_ratio,0.0,0.9,0.796,0.956,0.924,0.032
1,mahalanobis_diag,mean_std_3.0,nearest_sphere,max_ratio,0.25,0.9,0.796,0.956,0.924,0.032
1,mahalanobis_diag,mean_std_3.0,nearest_sphere,max_ratio,0.5,0.9,0.796,0.956,0.924,0.032
1,mahalanobis_diag,mean_std_3.0,nearest_sphere,max_ratio,1.0,0.9,0.87,0.91,0.902,0.008
1,mahalanobis_diag,mean_std_3.0,nearest_sphere,max_ratio,2.0,0.9,0.1,0.1,0.1,0.0
1,mahalanobis_diag,mean_std_3.0,normalized_union,none,0.0,0.9,0.822,0.962,0.934,0.028
1,mahalanobis_diag,mean_std_3.0,normalized_union,none,0.25,0.9,0.822,0.962,0.934,0.028
1,mahalanobis_diag,mean_std_3.0,normalized_union,none,0.5,0.9,0.822,0.962,0.934,0.028
1,mahalanobis_diag,mean_std_3.0,normalized_union,none,1.0,0.9,0.822,0.962,0.934,0.028
1,mahalanobis_diag,mean_std_3.0,normalized_union,none,2.0,0.9,0.822,0.962,0.934,0.028
1,mahalanobis_diag,mean_std_3.0,normalized_union,ratio,0.0,0.9,0.822,0.962,0.934,0.028
1,mahalanobis_diag,mean_std_3.0,normalized_union,ratio,0.25,0.9,0.844,0.874,0.868,0.006
1,mahalanobis_diag,mean_std_3.0,normalized_union,ratio,0.5,0.9,0.73,0.74,0.738,0.002
1,mahalanobis_diag,mean_std_3.0,normalized_union,ratio,1.0,0.9,0.194,0.194,0.194,0.0
1,mahalanobis_diag,mean_std_3.0,normalized_union,ratio,2.0,0.9,0.0,0.0,0.0,0.0
1,mahalanobis_diag,mean_std_3.0,normalized_union,inverse_margin,0.0,0.9,0.822,0.962,0.934,0.028
1,mahalanobis_diag,mean_std_3.0,normalized_union,inverse_margin,0.25,0.9,0.608,0.618,0.616,0.002
1,mahalanobis_diag,mean_std_3.0,normalized_union,inverse_margin,0.5,0.9,0.21,0.21,0.21,0.0
1,mahalanobis_diag,mean_std_3.0,normalized_union,inverse_margin,1.0,0.9,0.012,0.012,0.012,0.0
1,mahalanobis_diag,mean_std_3.0,normalized_union,inverse_margin,2.0,0.9,0.0,0.0,0.0,0.0
1,mahalanobis_diag,mean_std_3.0,normalized_union,max_ratio,0.0,0.9,0.822,0.962,0.934,0.028
1,mahalanobis_diag,mean_std_3.0,normalized_union,max_ratio,0.25,0.9,0.822,0.962,0.934,0.028
1,mahalanobis_diag,mean_std_3.0,normalized_union,max_ratio,0.5,0.9,0.822,0.962,0.934,0.028
1,mahalanobis_diag,mean_std_3.0,normalized_union,max_ratio,1.0,0.9,0.87,0.91,0.902,0.008
1,mahalanobis_diag,mean_std_3.0,normalized_union,max_ratio,2.0,0.9,0.1,0.1,0.1,0.0
1,mahalanobis_diag,center_quantile_0.5,nearest_sphere,none,0.0,0.9,0.26,0.26,0.26,0.0
1,mahalanobis_diag,center_quantile_0.5,nearest_sphere,none,0.25,0.9,0.26,0.26,0.26,0.0
1,mahalanobis_diag,center_quantile_0.5,nearest_sphere,none,0.5,0.9,0.26,0.26,0.26,0.0
1,mahalanobis_diag,center_quantile_0.5,nearest_sphere,none,1.0,0.9,0.26,0.26,0.26,0.0
1,mahalanobis_diag,center_quantile_0.5,nearest_sphere,none,2.0,0.9,0.26,0.26,0.26,0.0
1,mahalanobis_diag,center_quantile_0.5,nearest_sphere,ratio,0.0,0.9,0.26,0.26,0.26,0.0
1,mahalanobis_diag,center_quantile_0.5,nearest_sphere,ratio,0.25,0.9,0.088,0.088,0.088,0.0
1,mahalanobis_diag,center_quantile_0.5,nearest_sphere,ratio,0.5,0.9,0.016,0.016,0.016,0.0
1,mahalanobis_diag,center_quantile_0.5,nearest_sphere,ratio,1.0,0.9,0.0,0.0,0.0,0.0
1,mahalanobis_diag,center_quantile_0.5,nearest_sphere,ratio,2.0,0.9,0.0,0.0,0.0,0.0
1,mahalanobis_diag,center_quantile_0.5,nearest_sphere,inverse_margin,0.0,0.9,0.26,0.26,0.26,0.0
1,mahalanobis_diag,center_quantile_0.5,nearest_sphere,inverse_margin,0.25,0.9,0.022,0.022,0.022,0.0
1,mahalanobis_diag,center_quantile_0.5,nearest_sphere,inverse_margin,0.5,0.9,0.002,0.002,0.002,0.0
1,mahalanobis_diag,center_quantile_0.5,nearest_sphere,inverse_margin,1.0,0.9,0.0,0.0,0.0,0.0
1,mahalanobis_diag,center_quantile_0.5,nearest_sphere,inverse_margin,2.0,0.9,0.0,0.0,0.0,0.0
1,mahalanobis_diag,center_quantile_0.5,nearest_sphere,max_ratio,0.0,0.9,0.26,0.26,0.26,0.0
1,mahalanobis_diag,center_quantile_0.5,nearest_sphere,max_ratio,0.25,0.9,0.26,0.26,0.26,0.0
1,mahalanobis_diag,center_quantile_0.5,nearest_sphere,max_ratio,0.5,0.9,0.26,0.26,0.26,0.0
1,mahalanobis_diag,center_quantile_0.5,nearest_sphere,max_ratio,1.0,0.9,0.26,0.26,0.26,0.0
1,mahalanobis_diag,center_quantile_0.5,nearest_sphere,max_ratio,2.0,0.9,0.09,0.09,0.09,0.0
1,mahalanobis_diag,center_quantile_0.5,normalized_union,none,0.0,0.9,0.26,0.26,0.26,0.0
1,mahalanobis_diag,center_quantile_0.5,normalized_union,none,0.25,0.9,0.26,0.26,0.26,0.0
1,mahalanobis_diag,center_quantile_0.5,normalized_union,none,0.5,0.9,0.26,0.26,0.26,0.0
1,mahalanobis_diag,center_quantile_0.5,normalized_union,none,1.0,0.9,0.26,0.26,0.26,0.0
1,mahalanobis_diag,center_quantile_0.5,normalized_union,none,2.0,0.9,0.26,0.26,0.26,0.0
1,mahalanobis_diag,center_quantile_0.5,normalized_union,ratio,0.0,0.9,0.26,0.26,0.26,0.0
1,mahalanobis_diag,center_quantile_0.5,normalized_union,ratio,0.25,0.9,0.088,0.088,0.088,0.0
1,mahalanobis_diag,center_quantile_0.5,normalized_union,ratio,0.5,0.9,0.016,0.016,0.016,0.0
1,mahalanobis_diag,center_quantile_0.5,normalized_union,ratio,1.0,0.9,0.0,0.0,0.0,0.0
1,mahalanobis_diag,center_quantile_0.5,normalized_union,ratio,2.0,0.9,0.0,0.0,0.0,0.0
1,mahalanobis_diag,center_quantile_0.5,normalized_union,inverse_margin,0.0,0.9,0.26,0.26,0.26,0.0
1,mahalanobis_diag,center_quantile_0.5,normalized_union,inverse_margin,0.25,0.9,0.022,0.022,0.022,0.0
1,mahalanobis_diag,center_quantile_0.5,normalized_union,inverse_margin,0.5,0.9,0.002,0.002,0.002,0.0
1,mahalanobis_diag,center_quantile_0.5,normalized_union,inverse_margin,1.0,0.9,0.0,0.0,0.0,0.0
1,mahalanobis_diag,center_quantile_0.5,normalized_union,inverse_margin,2.0,0.9,0.0,0.0,0.0,0.0
1,mahalanobis_diag,center_quantile_0.5,normalized_union,max_ratio,0.0,0.9,0.26,0.26,0.26,0.0
1,mahalanobis_diag,center_quantile_0.5,normalized_union,max_ratio,0.25,0.9,0.26,0.26,0.26,0.0
1,mahalanobis_diag,center_quantile_0.5,normalized_union,max_ratio,0.5,0.9,0.26,0.26,0.26,0.0
1,mahalanobis_diag,center_quantile_0.5,normalized_union,max_ratio,1.0,0.9,0.26,0.26,0.26,0.0
1,mahalanobis_diag,center_quantile_0.5,normalized_union,max_ratio,2.0,0.9,0.09,0.09,0.09,0.0
1,mahalanobis_diag,intent_quantile_0.5,nearest_sphere,none,0.0,0.9,0.26,0.26,0.26,0.0
1,mahalanobis_diag,intent_quantile_0.5,nearest_sphere,none,0.25,0.9,0.26,0.26,0.26,0.0
1,mahalanobis_diag,intent_quantile_0.5,nearest_sphere,none,0.5,0.9,0.26,0.26,0.26,0.0
1,mahalanobis_diag,intent_quantile_0.5,nearest_sphere,none,1.0,0.9,0.26,0.26,0.26,0.0
1,mahalanobis_diag,intent_quantile_0.5,nearest_sphere,none,2.0,0.9,0.26,0.26,0.26,0.0
1,mahalanobis_diag,intent_quantile_0.5,nearest_sphere,ratio,0.0,0.9,0.26,0.26,0.26,0.0
1,mahalanobis_diag,intent_quantile_0.5,nearest_sphere,ratio,0.25,0.9,0.086,0.086,0.086,0.0
1,mahalanobis_diag,intent_quantile_0.5,nearest_sphere,ratio,0.5,0.9,0.016,0.016,0.016,0.0
1,mahalanobis_diag,intent_quantile_0.5,nearest_sphere,ratio,1.0,0.9,0.0,0.0,0.0,0.0
1,mahalanobis_diag,intent_quantile_0.5,nearest_sphere,ratio,2.0,0.9,0.0,0.0,0.0,0.0
1,mahalanobis_diag,intent_quantile_0.5,nearest_sphere,inverse_margin,0.0,0.9,0.26,0.26,0.26,0.0
1,mahalanobis_diag,intent_quantile_0.5,nearest_sphere,inverse_margin,0.25,0.9,0.02,0.02,0.02,0.0
1,mahalanobis_diag,intent_quantile_0.5,nearest_sphere,inverse_margin,0.5,0.9,0.002,0.002,0.002,0.0
1,mahalanobis_diag,intent_quantile_0.5,nearest_sphere,inverse_margin,1.0,0.9,0.0,0.0,0.0,0.0
1,mahalanobis_diag,intent_quantile_0.5,nearest_sphere,inverse_margin,2.0,0.9,0.0,0.0,0.0,0.0
1,mahalanobis_diag,intent_quantile_0.5,nearest_sphere,max_ratio,0.0,0.9,0.26,0.26,0.26,0.0
1,mahalanobis_diag,intent_quantile_0.5,nearest_sphere,max_ratio,0.25,0.9,0.26,0.26,0.26,0.0
1,mahalanobis_diag,intent_quantile_0.5,nearest_sphere,max_ratio,0.5,0.9,0.26,0.26,0.26,0.0
1,mahalanobis_diag,intent_quantile_0.5,nearest_sphere,max_ratio,1.0,0.9,0.26,0.26,0.26,0.0
1,mahalanobis_diag,intent_quantile_0.5,nearest_sphere,max_ratio,2.0,0.9,0.09,0.09,0.09,0.0
1,mahalanobis_diag,intent_quantile_0.5,normalized_union,none,0.0,0.9,0.26,0.26,0.26,0.0
1,mahalanobis_diag,intent_quantile_0.5,normalized_union,none,0.25,0.9,0.26,0.26,0.26,0.0
1,mahalanobis_diag,intent_quantile_0.5,normalized_union,none,0.5,0.9,0.26,0.26,0.26,0.0
1,mahalanobis_diag,intent_quantile_0.5,normalized_union,none,1.0,0.9,0.26,0.26,0.26,0.0
1,mahalanobis_diag,intent_quantile_0.5,normalized_union,none,2.0,0.9,0.26,0.26,0.26,0.0
1,mahalanobis_diag,intent_quantile_0.5,normalized_union,ratio,0.0,0.9,0.26,0.26,0.26,0.0
1,mahalanobis_diag,intent_quantile_0.5,normalized_union,ratio,0.25,0.9,0.086,0.086,0.086,0.0
1,mahalanobis_diag,intent_quantile_0.5,normalized_union,ratio,0.5,0.9,0.016,0.016,0.016,0.0
1,mahalanobis_diag,intent_quantile_0.5,normalized_union,ratio,1.0,0.9,0.0,0.0,0.0,0.0
1,mahalanobis_diag,intent_quantile_0.5,normalized_union,ratio,2.0,0.9,0.0,0.0,0.0,0.0
1,mahalanobis_diag,intent_quantile_0.5,normalized_union,inverse_margin,0.0,0.9,0.26,0.26,0.26,0.0
1,mahalanobis_diag,intent_quantile_0.5,normalized_union,inverse_margin,0.25,0.9,0.02,0.02,0.02,0.0
1,mahalanobis_diag,intent_quantile_0.5,normalized_union,inverse_margin,0.5,0.9,0.002,0.002,0.002,0.0
1,mahalanobis_diag,intent_quantile_0.5,normalized_union,inverse_margin,1.0,0.9,0.0,0.0,0.0,0.0
1,mahalanobis_diag,intent_quantile_0.5,normalized_union,inverse_margin,2.0,0.9,0.0,0.0,0.0,0.0
1,mahalanobis_diag,intent_quantile_0.5,normalized_union,max_ratio,0.0,0.9,0.26,0.26,0.26,0.0
1,mahalanobis_diag,intent_quantile_0.5,normalized_union,max_ratio,0.25,0.9,0.26,0.26,0.26,0.0
1,mahalanobis_diag,intent_quantile_0.5,normalized_union,max_ratio,0.5,0.9,0.26,0.26,0.26,0.0
1,mahalanobis_diag,intent_quantile_0.5,normalized_union,max_ratio,1.0,0.9,0.26,0.26,0.26,0.0
1,mahalanobis_diag,intent_quantile_0.5,normalized_union,max_ratio,2.0,0.9,0.09,0.09,0.09,0.0
1,mahalanobis_diag,center_quantile_0.7,nearest_sphere,none,0.0,0.9,0.474,0.484,0.482,0.002
1,mahalanobis_diag,center_quantile_0.7,nearest_sphere,none,0.25,0.9,0.474,0.484,0.482,0.002
1,mahalanobis_diag,center_quantile_0.7,nearest_sphere,none,0.5,0.9,0.474,0.484,0.482,0.002
1,mahalanobis_diag,center_quantile_0.7,nearest_sphere,none,1.0,0.9,0.474,0.484,0.482,0.002
1,mahalanobis_diag,center_quantile_0.7,nearest_sphere,none,2.0,0.9,0.474,0.484,0.482,0.002
1,mahalanobis_diag,center_quantile_0.7,nearest_sphere,ratio,0.0,0.9,0.474,0.484,0.482,0.002
1,mahalanobis_diag,center_quantile_0.7,nearest_sphere,ratio,0.25,0.9,0.222,0.222,0.222,0.0
1,mahalanobis_diag,center_quantile_0.7,nearest_sphere,ratio,0.5,0.9,0.06,0.06,0.06,0.0
1,mahalanobis_diag,center_quantile_0.7,nearest_sphere,ratio,1.0,0.9,0.002,0.002,0.002,0.0
1,mahalanobis_diag,center_quantile_0.7,nearest_sphere,ratio,2.0,0.9,0.0,0.0,0.0,0.0
1,mahalanobis_diag,center_quantile_0.7,nearest_sphere,inverse_margin,0.0,0.9,0.474,0.484,0.482,0.002
1,mahalanobis_diag,center_quantile_0.7,nearest_sphere,inverse_margin,0.25,0.9,0.084,0.084,0.084,0.0
1,mahalanobis_diag,center_quantile_0.7,nearest_sphere,inverse_margin,0.5,0.9,0.008,0.008,0.008,0.0
1,mahalanobis_diag,center_quantile_0.7,nearest_sphere,inverse_margin,1.0,0.9,0.0,0.0,0.0,0.0
1,mahalanobis_diag,center_quantile_0.7,nearest_sphere,inverse_margin,2.0,0.9,0.0,0.0,0.0,0.0
1,mahalanobis_diag,center_quantile_0.7,nearest_sphere,max_ratio,0.0,0.9,0.474,0.484,0.482,0.002
1,mahalanobis_diag,center_quantile_0.7,nearest_sphere,max_ratio,0.25,0.9,0.474,0.484,0.482,0.002
1,mahalanobis_diag,center_quantile_0.7,nearest_sphere,max_ratio,0.5,0.9,0.474,0.484,0.482,0.002
1,mahalanobis_diag,center_quantile_0.7,nearest_sphere,max_ratio,1.0,0.9,0.472,0.482,0.48,0.002
1,mahalanobis_diag,center_quantile_0.7,nearest_sphere,max_ratio,2.0,0.9,0.1,0.1,0.1,0.0
1,mahalanobis_diag,center_quantile_0.7,normalized_union,none,0.0,0.9,0.474,0.484,0.482,0.002
1,mahalanobis_diag,center_quantile_0.7,normalized_union,none,0.25,0.9,0.474,0.484,0.482,0.002
1,mahalanobis_diag,center_quantile_0.7,normalized_union,none,0.5,0.9,0.474,0.484,0.482,0.002
1,mahalanobis_diag,center_quantile_0.7,normalized_union,none,1.0,0.9,0.474,0.484,0.482,0.002
1,mahalanobis_diag,center_quantile_0.7,normalized_union,none,2.0,0.9,0.474,0.484,0.482,0.002
1,mahalanobis_diag,center_quantile_0.7,normalized_union,ratio,0.0,0.9,0.474,0.484,0.482,0.002
1,mahalanobis_diag,center_quantile_0.7,normalized_union,ratio,0.25,0.9,0.222,0.222,0.222,0.0
1,mahalanobis_diag,center_quantile_0.7,normalized_union,ratio,0.5,0.9,0.06,0.06,0.06,0.0
1,mahalanobis_diag,center_quantile_0.7,normalized_union,ratio,1.0,0.9,0.002,0.002,0.002,0.0
1,mahalanobis_diag,center_quantile_0.7,normalized_union,ratio,2.0,0.9,0.0,0.0,0.0,0.0
1,mahalanobis_diag,center_quantile_0.7,normalized_union,inverse_margin,0.0,0.9,0.474,0.484,0.482,0.002
1,mahalanobis_diag,center_quantile_0.7,normalized_union,inverse_margin,0.25,0.9,0.084,0.084,0.084,0.0
1,mahalanobis_diag,center_quantile_0.7,normalized_union,inverse_margin,0.5,0.9,0.008,0.008,0.008,0.0
1,mahalanobis_diag,center_quantile_0.7,normalized_union,inverse_margin,1.0,0.9,0.0,0.0,0.0,0.0
1,mahalanobis_diag,center_quantile_0.7,normalized_union,inverse_margin,2.0,0.9,0.0,0.0,0.0,0.0
1,mahalanobis_diag,center_quantile_0.7,normalized_union,max_ratio,0.0,0.9,0.474,0.484,0.482,0.002
1,mahalanobis_diag,center_quantile_0.7,normalized_union,max_ratio,0.25,0.9,0.474,0.484,0.482,0.002
1,mahalanobis_diag,center_quantile_0.7,normalized_union,max_ratio,0.5,0.9,0.474,0.484,0.482,0.002
1,mahalanobis_diag,center_quantile_0.7,normalized_union,max_ratio,1.0,0.9,0.472,0.482,0.48,0.002
1,mahalanobis_diag,center_quantile_0.7,normalized_union,max_ratio,2.0,0.9,0.1,0.1,0.1,0.0
1,mahalanobis_diag,intent_quantile_0.7,nearest_sphere,none,0.0,0.9,0.472,0.482,0.48,0.002
1,mahalanobis_diag,intent_quantile_0.7,nearest_sphere,none,0.25,0.9,0.472,0.482,0.48,0.002
1,mahalanobis_diag,intent_quantile_0.7,nearest_sphere,none,0.5,0.9,0.472,0.482,0.48,0.002
1,mahalanobis_diag,intent_quantile_0.7,nearest_sphere,none,1.0,0.9,0.472,0.482,0.48,0.002
1,mahalanobis_diag,intent_quantile_0.7,nearest_sphere,none,2.0,0.9,0.472,0.482,0.48,0.002
1,mahalanobis_diag,intent_quantile_0.7,nearest_sphere,ratio,0.0,0.9,0.472,0.482,0.48,0.002
1,mahalanobis_diag,intent_quantile_0.7,nearest_sphere,ratio,0.25,0.9,0.22,0.22,0.22,0.0
1,mahalanobis_diag,intent_quantile_0.7,nearest_sphere,ratio,0.5,0.9,0.06,0.06,0.06,0.0
1,mahalanobis_diag,intent_quantile_0.7,nearest_sphere,ratio,1.0,0.9,0.002,0.002,0.002,0.0
1,mahalanobis_diag,intent_quantile_0.7,nearest_sphere,ratio,2.0,0.9,0.0,0.0,0.0,0.0
1,mahalanobis_diag,intent_quantile_0.7,nearest_sphere,inverse_margin,0.0,0.9,0.472,0.482,0.48,0.002
1,mahalanobis_diag,intent_quantile_0.7,nearest_sphere,inverse_margin,0.25,0.9,0.082,0.082,0.082,0.0
1,mahalanobis_diag,intent_quantile_0.7,nearest_sphere,inverse_margin,0.5,0.9,0.008,0.008,0.008,0.0
1,mahalanobis_diag,intent_quantile_0.7,nearest_sphere,inverse_margin,1.0,0.9,0.0,0.0,0.0,0.0
1,mahalanobis_diag,intent_quantile_0.7,nearest_sphere,inverse_margin,2.0,0.9,0.0,0.0,0.0,0.0
1,mahalanobis_diag,intent_quantile_0.7,nearest_sphere,max_ratio,0.0,0.9,0.472,0.482,0.48,0.002
1,mahalanobis_diag,intent_quantile_0.7,nearest_sphere,max_ratio,0.25,0.9,0.472,0.482,0.48,0.002
1,mahalanobis_diag,intent_quantile_0.7,nearest_sphere,max_ratio,0.5,0.9,0.472,0.482,0.48,0.002
1,mahalanobis_diag,intent_quantile_0.7,nearest_sphere,max_ratio,1.0,0.9,0.47,0.48,0.478,0.002
1,mahalanobis_diag,intent_quantile_0.7,nearest_sphere,max_ratio,2.0,0.9,0.1,0.1,0.1,0.0
1,mahalanobis_diag,intent_quantile_0.7,normalized_union,none,0.0,0.9,0.472,0.482,0.48,0.002
1,mahalanobis_diag,intent_quantile_0.7,normalized_union,none,0.25,0.9,0.472,0.482,0.48,0.002
1,mahalanobis_diag,intent_quantile_0.7,normalized_union,none,0.5,0.9,0.472,0.482,0.48,0.002
1,mahalanobis_diag,intent_quantile_0.7,normalized_union,none,1.0,0.9,0.472,0.482,0.48,0.002
1,mahalanobis_diag,intent_quantile_0.7,normalized_union,none,2.0,0.9,0.472,0.482,0.48,0.002
1,mahalanobis_diag,intent_quantile_0.7,normalized_union,ratio,0.0,0.9,0.472,0.482,0.48,0.002
1,mahalanobis_diag,intent_quantile_0.7,normalized_union,ratio,0.25,0.9,0.22,0.22,0.22,0.0
1,mahalanobis_diag,intent_quantile_0.7,normalized_union,ratio,0.5,0.9,0.06,0.06,0.06,0.0
1,mahalanobis_diag,intent_quantile_0.7,normalized_union,ratio,1.0,0.9,0.002,0.002,0.002,0.0
1,mahalanobis_diag,intent_quantile_0.7,normalized_union,ratio,2.0,0.9,0.0,0.0,0.0,0.0
1,mahalanobis_diag,intent_quantile_0.7,normalized_union,inverse_margin,0.0,0.9,0.472,0.482,0.48,0.002
1,mahalanobis_diag,intent_quantile_0.7,normalized_union,inverse_margin,0.25,0.9,0.082,0.082,0.082,0.0
1,mahalanobis_diag,intent_quantile_0.7,normalized_union,inverse_margin,0.5,0.9,0.008,0.008,0.008,0.0
1,mahalanobis_diag,intent_quantile_0.7,normalized_union,inverse_margin,1.0,0.9,0.0,0.0,0.0,0.0
1,mahalanobis_diag,intent_quantile_0.7,normalized_union,inverse_margin,2.0,0.9,0.0,0.0,0.0,0.0
1,mahalanobis_diag,intent_quantile_0.7,normalized_union,max_ratio,0.0,0.9,0.472,0.482,0.48,0.002
1,mahalanobis_diag,intent_quantile_0.7,normalized_union,max_ratio,0.25,0.9,0.472,0.482,0.48,0.002
1,mahalanobis_diag,intent_quantile_0.7,normalized_union,max_ratio,0.5,0.9,0.472,0.482,0.48,0.002
1,mahalanobis_diag,intent_quantile_0.7,normalized_union,max_ratio,1.0,0.9,0.47,0.48,0.478,0.002
1,mahalanobis_diag,intent_quantile_0.7,normalized_union,max_ratio,2.0,0.9,0.1,0.1,0.1,0.0
1,mahalanobis_diag,center_quantile_0.8,nearest_sphere,none,0.0,0.9,0.678,0.688,0.686,0.002
1,mahalanobis_diag,center_quantile_0.8,nearest_sphere,none,0.25,0.9,0.678,0.688,0.686,0.002
1,mahalanobis_diag,center_quantile_0.8,nearest_sphere,none,0.5,0.9,0.678,0.688,0.686,0.002
1,mahalanobis_diag,center_quantile_0.8,nearest_sphere,none,1.0,0.9,0.678,0.688,0.686,0.002
1,mahalanobis_diag,center_quantile_0.8,nearest_sphere,none,2.0,0.9,0.678,0.688,0.686,0.002
1,mahalanobis_diag,center_quantile_0.8,nearest_sphere,ratio,0.0,0.9,0.678,0.688,0.686,0.002
1,mahalanobis_diag,center_quantile_0.8,nearest_sphere,ratio,0.25,0.9,0.378,0.388,0.386,0.002
1,mahalanobis_diag,center_quantile_0.8,nearest_sphere,ratio,0.5,0.9,0.144,0.144,0.144,0.0
1,mahalanobis_diag,center_quantile_0.8,nearest_sphere,ratio,1.0,0.9,0.006,0.006,0.006,0.0
1,mahalanobis_diag,center_quantile_0.8,nearest_sphere,ratio,2.0,0.9,0.0,0.0,0.0,0.0
1,mahalanobis_diag,center_quantile_0.8,nearest_sphere,inverse_margin,0.0,0.9,0.678,0.688,0.686,0.002
1,mahalanobis_diag,center_quantile_0.8,nearest_sphere,inverse_margin,0.25,0.9,0.164,0.164,0.164,0.0
1,mahalanobis_diag,center_quantile_0.8,nearest_sphere,inverse_margin,0.5,0.9,0.012,0.012,0.012,0.0
1,mahalanobis_diag,center_quantile_0.8,nearest_sphere,inverse_margin,1.0,0.9,0.0,0.0,0.0,0.0
1,mahalanobis_diag,center_quantile_0.8,nearest_sphere,inverse_margin,2.0,0.9,0.0,0.0,0.0,0.0
1,mahalanobis_diag,center_quantile_0.8,nearest_sphere,max_ratio,0.0,0.9,0.678,0.688,0.686,0.002
1,mahalanobis_diag,center_quantile_0.8,nearest_sphere,max_ratio,0.25,0.9,0.678,0.688,0.686,0.002
1,mahalanobis_diag,center_quantile_0.8,nearest_sphere,max_ratio,0.5,0.9,0.678,0.688,0.686,0.002
1,mahalanobis_diag,center_quantile_0.8,nearest_sphere,max_ratio,1.0,0.9,0.676,0.686,0.684,0.002
1,mahalanobis_diag,center_quantile_0.8,nearest_sphere,max_ratio,2.0,0.9,0.1,0.1,0.1,0.0
1,mahalanobis_diag,center_quantile_0.8,normalized_union,none,0.0,0.9,0.678,0.688,0.686,0.002
1,mahalanobis_diag,center_quantile_0.8,normalized_union,none,0.25,0.9,0.678,0.688,0.686,0.002
1,mahalanobis_diag,center_quantile_0.8,normalized_union,none,0.5,0.9,0.678,0.688,0.686,0.002
1,mahalanobis_diag,center_quantile_0.8,normalized_union,none,1.0,0.9,0.678,0.688,0.686,0.002
1,mahalanobis_diag,center_quantile_0.8,normalized_union,none,2.0,0.9,0.678,0.688,0.686,0.002
1,mahalanobis_diag,center_quantile_0.8,normalized_union,ratio,0.0,0.9,0.678,0.688,0.686,0.002
1,mahalanobis_diag,center_quantile_0.8,normalized_union,ratio,0.25,0.9,0.378,0.388,0.386,0.002
1,mahalanobis_diag,center_quantile_0.8,normalized_union,ratio,0.5,0.9,0.144,0.144,0.144,0.0
1,mahalanobis_diag,center_quantile_0.8,normalized_union,ratio,1.0,0.9,0.006,0.006,0.006,0.0
1,mahalanobis_diag,center_quantile_0.8,normalized_union,ratio,2.0,0.9,0.0,0.0,0.0,0.0
1,mahalanobis_diag,center_quantile_0.8,normalized_union,inverse_margin,0.0,0.9,0.678,0.688,0.686,0.002
1,mahalanobis_diag,center_quantile_0.8,normalized_union,inverse_margin,0.25,0.9,0.164,0.164,0.164,0.0
1,mahalanobis_diag,center_quantile_0.8,normalized_union,inverse_margin,0.5,0.9,0.012,0.012,0.012,0.0
1,mahalanobis_diag,center_quantile_0.8,normalized_union,inverse_margin,1.0,0.9,0.0,0.0,0.0,0.0
1,mahalanobis_diag,center_quantile_0.8,normalized_union,inverse_margin,2.0,0.9,0.0,0.0,0.0,0.0
1,mahalanobis_diag,center_quantile_0.8,normalized_union,max_ratio,0.0,0.9,0.678,0.688,0.686,0.002
1,mahalanobis_diag,center_quantile_0.8,normalized_union,max_ratio,0.25,0.9,0.678,0.688,0.686,0.002
1,mahalanobis_diag,center_quantile_0.8,normalized_union,max_ratio,0.5,0.9,0.678,0.688,0.686,0.002
1,mahalanobis_diag,center_quantile_0.8,normalized_union,max_ratio,1.0,0.9,0.676,0.686,0.684,0.002
1,mahalanobis_diag,center_quantile_0.8,normalized_union,max_ratio,2.0,0.9,0.1,0.1,0.1,0.0
1,mahalanobis_diag,intent_quantile_0.8,nearest_sphere,none,0.0,0.9,0.676,0.686,0.684,0.002
1,mahalanobis_diag,intent_quantile_0.8,nearest_sphere,none,0.25,0.9,0.676,0.686,0.684,0.002
1,mahalanobis_diag,intent_quantile_0.8,nearest_sphere,none,0.5,0.9,0.676,0.686,0.684,0.002
1,mahalanobis_diag,intent_quantile_0.8,nearest_sphere,none,1.0,0.9,0.676,0.686,0.684,0.002
1,mahalanobis_diag,intent_quantile_0.8,nearest_sphere,none,2.0,0.9,0.676,0.686,0.684,0.002
1,mahalanobis_diag,intent_quantile_0.8,nearest_sphere,ratio,0.0,0.9,0.676,0.686,0.684,0.002
1,mahalanobis_diag,intent_quantile_0.8,nearest_sphere,ratio,0.25,0.9,0.372,0.382,0.38,0.002
1,mahalanobis_diag,intent_quantile_0.8,nearest_sphere,ratio,0.5,0.9,0.142,0.142,0.142,0.0
1,mahalanobis_diag,intent_quantile_0.8,nearest_sphere,ratio,1.0,0.9,0.006,0.006,0.006,0.0
1,mahalanobis_diag,intent_quantile_0.8,nearest_sphere,ratio,2.0,0.9,0.0,0.0,0.0,0.0
1,mahalanobis_diag,intent_quantile_0.8,nearest_sphere,inverse_margin,0.0,0.9,0.676,0.686,0.684,0.002
1,mahalanobis_diag,intent_quantile_0.8,nearest_sphere,inverse_margin,0.25,0.9,0.164,0.164,0.164,0.0
1,mahalanobis_diag,intent_quantile_0.8,nearest_sphere,inverse_margin,0.5,0.9,0.012,0.012,0.012,0.0
1,mahalanobis_diag,intent_quantile_0.8,nearest_sphere,inverse_margin,1.0,0.9,0.0,0.0,0.0,0.0
1,mahalanobis_diag,intent_quantile_0.8,nearest_sphere,inverse_margin,2.0,0.9,0.0,0.0,0.0,0.0
1,mahalanobis_diag,intent_quantile_0.8,nearest_sphere,max_ratio,0.0,0.9,0.676,0.686,0.684,0.002
1,mahalanobis_diag,intent_quantile_0.8,nearest_sphere,max_ratio,0.25,0.9,0.676,0.686,0.684,0.002
1,mahalanobis_diag,intent_quantile_0.8,nearest_sphere,max_ratio,0.5,0.9,0.676,0.686,0.684,0.002
1,mahalanobis_diag,intent_quantile_0.8,nearest_sphere,max_ratio,1.0,0.9,0.674,0.684,0.682,0.002
1,mahalanobis_diag,intent_quantile_0.8,nearest_sphere,max_ratio,2.0,0.9,0.1,0.1,0.1,0.0
1,mahalanobis_diag,intent_quantile_0.8,normalized_union,none,0.0,0.9,0.676,0.686,0.684,0.002
1,mahalanobis_diag,intent_quantile_0.8,normalized_union,none,0.25,0.9,0.676,0.686,0.684,0.002
1,mahalanobis_diag,intent_quantile_0.8,normalized_union,none,0.5,0.9,0.676,0.686,0.684,0.002
1,mahalanobis_diag,intent_quantile_0.8,normalized_union,none,1.0,0.9,0.676,0.686,0.684,0.002
1,mahalanobis_diag,intent_quantile_0.8,normalized_union,none,2.0,0.9,0.676,0.686,0.684,0.002
1,mahalanobis_diag,intent_quantile_0.8,normalized_union,ratio,0.0,0.9,0.676,0.686,0.684,0.002
1,mahalanobis_diag,intent_quantile_0.8,normalized_union,ratio,0.25,0.9,0.372,0.382,0.38,0.002
1,mahalanobis_diag,intent_quantile_0.8,normalized_union,ratio,0.5,0.9,0.142,0.142,0.142,0.0
1,mahalanobis_diag,intent_quantile_0.8,normalized_union,ratio,1.0,0.9,0.006,0.006,0.006,0.0
1,mahalanobis_diag,intent_quantile_0.8,normalized_union,ratio,2.0,0.9,0.0,0.0,0.0,0.0
1,mahalanobis_diag,intent_quantile_0.8,normalized_union,inverse_margin,0.0,0.9,0.676,0.686,0.684,0.002
1,mahalanobis_diag,intent_quantile_0.8,normalized_union,inverse_margin,0.25,0.9,0.164,0.164,0.164,0.0
1,mahalanobis_diag,intent_quantile_0.8,normalized_union,inverse_margin,0.5,0.9,0.012,0.012,0.012,0.0
1,mahalanobis_diag,intent_quantile_0.8,normalized_union,inverse_margin,1.0,0.9,0.0,0.0,0.0,0.0
1,mahalanobis_diag,intent_quantile_0.8,normalized_union,inverse_margin,2.0,0.9,0.0,0.0,0.0,0.0
1,mahalanobis_diag,intent_quantile_0.8,normalized_union,max_ratio,0.0,0.9,0.676,0.686,0.684,0.002
1,mahalanobis_diag,intent_quantile_0.8,normalized_union,max_ratio,0.25,0.9,0.676,0.686,0.684,0.002
1,mahalanobis_diag,intent_quantile_0.8,normalized_union,max_ratio,0.5,0.9,0.676,0.686,0.684,0.002
1,mahalanobis_diag,intent_quantile_0.8,normalized_union,max_ratio,1.0,0.9,0.674,0.684,0.682,0.002
1,mahalanobis_diag,intent_quantile_0.8,normalized_union,max_ratio,2.0,0.9,0.1,0.1,0.1,0.0
1,mahalanobis_diag,center_quantile_0.9,nearest_sphere,none,0.0,0.9,0.808,0.838,0.832,0.006
1,mahalanobis_diag,center_quantile_0.9,nearest_sphere,none,0.25,0.9,0.808,0.838,0.832,0.006
1,mahalanobis_diag,center_quantile_0.9,nearest_sphere,none,0.5,0.9,0.808,0.838,0.832,0.006
1,mahalanobis_diag,center_quantile_0.9,nearest_sphere,none,1.0,0.9,0.808,0.838,0.832,0.006
1,mahalanobis_diag,center_quantile_0.9,nearest_sphere,none,2.0,0.9,0.808,0.838,0.832,0.006
1,mahalanobis_diag,center_quantile_0.9,nearest_sphere,ratio,0.0,0.9,0.808,0.838,0.832,0.006
1,mahalanobis_diag,center_quantile_0.9,nearest_sphere,ratio,0.25,0.9,0.67,0.68,0.678,0.002
1,mahalanobis_diag,center_quantile_0.9,nearest_sphere,ratio,0.5,0.9,0.404,0.404,0.404,0.0
1,mahalanobis_diag,center_quantile_0.9,nearest_sphere,ratio,1.0,0.9,0.048,0.048,0.048,0.0
1,mahalanobis_diag,center_quantile_0.9,nearest_sphere,ratio,2.0,0.9,0.0,0.0,0.0,0.0
1,mahalanobis_diag,center_quantile_0.9,nearest_sphere,inverse_margin,0.0,0.9,0.808,0.838,0.832,0.006
1,mahalanobis_diag,center_quantile_0.9,nearest_sphere,inverse_margin,0.25,0.9,0.388,0.388,0.388,0.0
1,mahalanobis_diag,center_quantile_0.9,nearest_sphere,inverse_margin,0.5,0.9,0.082,0.082,0.082,0.0
1,mahalanobis_diag,center_quantile_0.9,nearest_sphere,inverse_margin,1.0,0.9,0.004,0.004,0.004,0.0
1,mahalanobis_diag,center_quantile_0.9,nearest_sphere,inverse_margin,2.0,0.9,0.0,0.0,0.0,0.0
1,mahalanobis_diag,center_quantile_0.9,nearest_sphere,max_ratio,0.0,0.9,0.808,0.838,0.832,0.006
1,mahalanobis_diag,center_quantile_0.9,nearest_sphere,max_ratio,0.25,0.9,0.808,0.838,0.832,0.006
1,mahalanobis_diag,center_quantile_0.9,nearest_sphere,max_ratio,0.5,0.9,0.808,0.838,0.832,0.006
1,mahalanobis_diag,center_quantile_0.9,nearest_sphere,max_ratio,1.0,0.9,0.812,0.832,0.828,0.004
1,mahalanobis_diag,center_quantile_0.9,nearest_sphere,max_ratio,2.0,0.9,0.1,0.1,0.1,0.0
1,mahalanobis_diag,center_quantile_0.9,normalized_union,none,0.0,0.9,0.798,0.838,0.83,0.008
1,mahalanobis_diag,center_quantile_0.9,normalized_union,none,0.25,0.9,0.798,0.838,0.83,0.008
1,mahalanobis_diag,center_quantile_0.9,normalized_union,none,0.5,0.9,0.798,0.838,0.83,0.008
1,mahalanobis_diag,center_quantile_0.9,normalized_union,none,1.0,0.9,0.798,0.838,0.83,0.008
1,mahalanobis_diag,center_quantile_0.9,normalized_union,none,2.0,0.9,0.798,0.838,0.83,0.008
1,mahalanobis_diag,center_quantile_0.9,normalized_union,ratio,0.0,0.9,0.798,0.838,0.83,0.008
1,mahalanobis_diag,center_quantile_0.9,normalized_union,ratio,0.25,0.9,0.67,0.68,0.678,0.002
1,mahalanobis_diag,center_quantile_0.9,normalized_union,ratio,0.5,0.9,0.404,0.404,0.404,0.0
1,mahalanobis_diag,center_quantile_0.9,normalized_union,ratio,1.0,0.9,0.048,0.048,0.048,0.0
1,mahalanobis_diag,center_quantile_0.9,normalized_union,ratio,2.0,0.9,0.0,0.0,0.0,0.0
1,mahalanobis_diag,center_quantile_0.9,normalized_union,inverse_margin,0.0,0.9,0.798,0.838,0.83,0.008
1,mahalanobis_diag,center_quantile_0.9,normalized_union,inverse_margin,0.25,0.9,0.388,0.388,0.388,0.0
1,mahalanobis_diag,center_quantile_0.9,normalized_union,inverse_margin,0.5,0.9,0.082,0.082,0.082,0.0
1,mahalanobis_diag,center_quantile_0.9,normalized_union,inverse_margin,1.0,0.9,0.004,0.004,0.004,0.0
1,mahalanobis_diag,center_quantile_0.9,normalized_union,inverse_margin,2.0,0.9,0.0,0.0,0.0,0.0
1,mahalanobis_diag,center_quantile_0.9,normalized_union,max_ratio,0.0,0.9,0.798,0.838,0.83,0.008
1,mahalanobis_diag,center_quantile_0.9,normalized_union,max_ratio,0.25,0.9,0.798,0.838,0.83,0.008
1,mahalanobis_diag,center_quantile_0.9,normalized_union,max_ratio,0.5,0.9,0.798,0.838,0.83,0.008
1,mahalanobis_diag,center_quantile_0.9,normalized_union,max_ratio,1.0,0.9,0.812,0.832,0.828,0.004
1,mahalanobis_diag,center_quantile_0.9,normalized_union,max_ratio,2.0,0.9,0.1,0.1,0.1,0.0
1,mahalanobis_diag,intent_quantile_0.9,nearest_sphere,none,0.0,0.9,0.804,0.834,0.828,0.006
1,mahalanobis_diag,intent_quantile_0.9,nearest_sphere,none,0.25,0.9,0.804,0.834,0.828,0.006
1,mahalanobis_diag,intent_quantile_0.9,nearest_sphere,none,0.5,0.9,0.804,0.834,0.828,0.006
1,mahalanobis_diag,intent_quantile_0.9,nearest_sphere,none,1.0,0.9,0.804,0.834,0.828,0.006
1,mahalanobis_diag,intent_quantile_0.9,nearest_sphere,none,2.0,0.9,0.804,0.834,0.828,0.006
1,mahalanobis_diag,intent_quantile_0.9,nearest_sphere,ratio,0.0,0.9,0.804,0.834,0.828,0.006
1,mahalanobis_diag,intent_quantile_0.9,nearest_sphere,ratio,0.25,0.9,0.646,0.656,0.654,0.002
1,mahalanobis_diag,intent_quantile_0.9,nearest_sphere,ratio,0.5,0.9,0.38,0.38,0.38,0.0
1,mahalanobis_diag,intent_quantile_0.9,nearest_sphere,ratio,1.0,0.9,0.036,0.036,0.036,0.0
1,mahalanobis_diag,intent_quantile_0.9,nearest_sphere,ratio,2.0,0.9,0.0,0.0,0.0,0.0
1,mahalanobis_diag,intent_quantile_0.9,nearest_sphere,inverse_margin,0.0,0.9,0.804,0.834,0.828,0.006
1,mahalanobis_diag,intent_quantile_0.9,nearest_sphere,inverse_margin,0.25,0.9,0.37,0.37,0.37,0.0
1,mahalanobis_diag,intent_quantile_0.9,nearest_sphere,inverse_margin,0.5,0.9,0.072,0.072,0.072,0.0
1,mahalanobis_diag,intent_quantile_0.9,nearest_sphere,inverse_margin,1.0,0.9,0.002,0.002,0.002,0.0
1,mahalanobis_diag,intent_quantile_0.9,nearest_sphere,inverse_margin,2.0,0.9,0.0,0.0,0.0,0.0
1,mahalanobis_diag,intent_quantile_0.9,nearest_sphere,max_ratio,0.0,0.9,0.804,0.834,0.828,0.006
1,mahalanobis_diag,intent_quantile_0.9,nearest_sphere,max_ratio,0.25,0.9,0.804,0.834,0.828,0.006
1,mahalanobis_diag,intent_quantile_0.9,nearest_sphere,max_ratio,0.5,0.9,0.804,0.834,0.828,0.006
1,mahalanobis_diag,intent_quantile_0.9,nearest_sphere,max_ratio,1.0,0.9,0.81,0.83,0.826,0.004
1,mahalanobis_diag,intent_quantile_0.9,nearest_sphere,max_ratio,2.0,0.9,0.1,0.1,0.1,0.0
1,mahalanobis_diag,intent_quantile_0.9,normalized_union,none,0.0,0.9,0.804,0.834,0.828,0.006
1,mahalanobis_diag,intent_quantile_0.9,normalized_union,none,0.25,0.9,0.804,0.834,0.828,0.006
1,mahalanobis_diag,intent_quantile_0.9,normalized_union,none,0.5,0.9,0.804,0.834,0.828,0.006
1,mahalanobis_diag,intent_quantile_0.9,normalized_union,none,1.0,0.9,0.804,0.834,0.828,0.006
1,mahalanobis_diag,intent_quantile_0.9,normalized_union,none,2.0,0.9,0.804,0.834,0.828,0.006
1,mahalanobis_diag,intent_quantile_0.9,normalized_union,ratio,0.0,0.9,0.804,0.834,0.828,0.006
1,mahalanobis_diag,intent_quantile_0.9,normalized_union,ratio,0.25,0.9,0.646,0.656,0.654,0.002
1,mahalanobis_diag,intent_quantile_0.9,normalized_union,ratio,0.5,0.9,0.38,0.38,0.38,0.0
1,mahalanobis_diag,intent_quantile_0.9,normalized_union,ratio,1.0,0.9,0.036,0.036,0.036,0.0
1,mahalanobis_diag,intent_quantile_0.9,normalized_union,ratio,2.0,0.9,0.0,0.0,0.0,0.0
1,mahalanobis_diag,intent_quantile_0.9,normalized_union,inverse_margin,0.0,0.9,0.804,0.834,0.828,0.006
1,mahalanobis_diag,intent_quantile_0.9,normalized_union,inverse_margin,0.25,0.9,0.37,0.37,0.37,0.0
1,mahalanobis_diag,intent_quantile_0.9,normalized_union,inverse_margin,0.5,0.9,0.072,0.072,0.072,0.0
1,mahalanobis_diag,intent_quantile_0.9,normalized_union,inverse_margin,1.0,0.9,0.002,0.002,0.002,0.0
1,mahalanobis_diag,intent_quantile_0.9,normalized_union,inverse_margin,2.0,0.9,0.0,0.0,0.0,0.0
1,mahalanobis_diag,intent_quantile_0.9,normalized_union,max_ratio,0.0,0.9,0.804,0.834,0.828,0.006
1,mahalanobis_diag,intent_quantile_0.9,normalized_union,max_ratio,0.25,0.9,0.804,0.834,0.828,0.006
1,mahalanobis_diag,intent_quantile_0.9,normalized_union,max_ratio,0.5,0.9,0.804,0.834,0.828,0.006
1,mahalanobis_diag,intent_quantile_0.9,normalized_union,max_ratio,1.0,0.9,0.81,0.83,0.826,0.004
1,mahalanobis_diag,intent_quantile_0.9,normalized_union,max_ratio,2.0,0.9,0.1,0.1,0.1,0.0
1,mahalanobis_diag,center_quantile_0.95,nearest_sphere,none,0.0,0.9,0.826,0.896,0.882,0.014
1,mahalanobis_diag,center_quantile_0.95,nearest_sphere,none,0.25,0.9,0.826,0.896,0.882,0.014
1,mahalanobis_diag,center_quantile_0.95,nearest_sphere,none,0.5,0.9,0.826,0.896,0.882,0.014
1,mahalanobis_diag,center_quantile_0.95,nearest_sphere,none,1.0,0.9,0.826,0.896,0.882,0.014
1,mahalanobis_diag,center_quantile_0.95,nearest_sphere,none,2.0,0.9,0.826,0.896,0.882,0.014
1,mahalanobis_diag,center_quantile_0.95,nearest_sphere,ratio,0.0,0.9,0.826,0.896,0.882,0.014
1,mahalanobis_diag,center_quantile_0.95,nearest_sphere,ratio,0.25,0.9,0.796,0.806,0.804,0.002
1,mahalanobis_diag,center_quantile_0.95,nearest_sphere,ratio,0.5,0.9,0.588,0.598,0.596,0.002
1,mahalanobis_diag,center_quantile_0.95,nearest_sphere,ratio,1.0,0.9,0.126,0.126,0.126,0.0
1,mahalanobis_diag,center_quantile_0.95,nearest_sphere,ratio,2.0,0.9,0.0,0.0,0.0,0.0
1,mahalanobis_diag,center_quantile_0.95,nearest_sphere,inverse_margin,0.0,0.9,0.826,0.896,0.882,0.014
1,mahalanobis_diag,center_quantile_0.95,nearest_sphere,inverse_margin,0.25,0.9,0.504,0.504,0.504,0.0
1,mahalanobis_diag,center_quantile_0.95,nearest_sphere,inverse_margin,0.5,0.9,0.16,0.16,0.16,0.0
1,mahalanobis_diag,center_quantile_0.95,nearest_sphere,inverse_margin,1.0,0.9,0.004,0.004,0.004,0.0
1,mahalanobis_diag,center_quantile_0.95,nearest_sphere,inverse_margin,2.0,0.9,0.0,0.0,0.0,0.0
1,mahalanobis_diag,center_quantile_0.95,nearest_sphere,max_ratio,0.0,0.9,0.826,0.896,0.882,0.014
1,mahalanobis_diag,center_quantile_0.95,nearest_sphere,max_ratio,0.25,0.9,0.826,0.896,0.882,0.014
1,mahalanobis_diag,center_quantile_0.95,nearest_sphere,max_ratio,0.5,0.9,0.826,0.896,0.882,0.014
1,mahalanobis_diag,center_quantile_0.95,nearest_sphere,max_ratio,1.0,0.9,0.85,0.88,0.874,0.006
1,mahalanobis_diag,center_quantile_0.95,nearest_sphere,max_ratio,2.0,0.9,0.1,0.1,0.1,0.0
1,mahalanobis_diag,center_quantile_0.95,normalized_union,none,0.0,0.9,0.826,0.896,0.882,0.014
1,mahalanobis_diag,center_quantile_0.95,normalized_union,none,0.25,0.9,0.826,0.896,0.882,0.014
1,mahalanobis_diag,center_quantile_0.95,normalized_union,none,0.5,0.9,0.826,0.896,0.882,0.014
1,mahalanobis_diag,center_quantile_0.95,normalized_union,none,1.0,0.9,0.826,0.896,0.882,0.014
1,mahalanobis_diag,center_quantile_0.95,normalized_union,none,2.0,0.9,0.826,0.896,0.882,0.014
1,mahalanobis_diag,center_quantile_0.95,normalized_union,ratio,0.0,0.9,0.826,0.896,0.882,0.014
1,mahalanobis_diag,center_quantile_0.95,normalized_union,ratio,0.25,0.9,0.796,0.806,0.804,0.002
1,mahalanobis_diag,center_quantile_0.95,normalized_union,ratio,0.5,0.9,0.588,0.598,0.596,0.002
1,mahalanobis_diag,center_quantile_0.95,normalized_union,ratio,1.0,0.9,0.126,0.126,0.126,0.0
1,mahalanobis_diag,center_quantile_0.95,normalized_union,ratio,2.0,0.9,0.0,0.0,0.0,0.0
1,mahalanobis_diag,center_quantile_0.95,normalized_union,inverse_margin,0.0,0.9,0.826,0.896,0.882,0.014
1,mahalanobis_diag,center_quantile_0.95,normalized_union,inverse_margin,0.25,0.9,0.504,0.504,0.504,0.0
1,mahalanobis_diag,center_quantile_0.95,normalized_union,inverse_margin,0.5,0.9,0.16,0.16,0.16,0.0
1,mahalanobis_diag,center_quantile_0.95,normalized_union,inverse_margin,1.0,0.9,0.004,0.004,0.004,0.0
1,mahalanobis_diag,center_quantile_0.95,normalized_union,inverse_margin,2.0,0.9,0.0,0.0,0.0,0.0
1,mahalanobis_diag,center_quantile_0.95,normalized_union,max_ratio,0.0,0.9,0.826,0.896,0.882,0.014
1,mahalanobis_diag,center_quantile_0.95,normalized_union,max_ratio,0.25,0.9,0.826,0.896,0.882,0.014
1,mahalanobis_diag,center_quantile_0.95,normalized_union,max_ratio,0.5,0.9,0.826,0.896,0.882,0.014
1,mahalanobis_diag,center_quantile_0.95,normalized_union,max_ratio,1.0,0.9,0.85,0.88,0.874,0.006
1,mahalanobis_diag,center_quantile_0.95,normalized_union,max_ratio,2.0,0.9,0.1,0.1,0.1,0.0
1,mahalanobis_diag,intent_quantile_0.95,nearest_sphere,none,0.0,0.9,0.824,0.894,0.88,0.014
1,mahalanobis_diag,intent_quantile_0.95,nearest_sphere,none,0.25,0.9,0.824,0.894,0.88,0.014
1,mahalanobis_diag,intent_quantile_0.95,nearest_sphere,none,0.5,0.9,0.824,0.894,0.88,0.014
1,mahalanobis_diag,intent_quantile_0.95,nearest_sphere,none,1.0,0.9,0.824,0.894,0.88,0.014
1,mahalanobis_diag,intent_quantile_0.95,nearest_sphere,none,2.0,0.9,0.824,0.894,0.88,0.014
1,mahalanobis_diag,intent_quantile_0.95,nearest_sphere,ratio,0.0,0.9,0.824,0.894,0.88,0.014
1,mahalanobis_diag,intent_quantile_0.95,nearest_sphere,ratio,0.25,0.9,0.776,0.786,0.784,0.002
1,mahalanobis_diag,intent_quantile_0.95,nearest_sphere,ratio,0.5,0.9,0.534,0.544,0.542,0.002
1,mahalanobis_diag,intent_quantile_0.95,nearest_sphere,ratio,1.0,0.9,0.088,0.088,0.088,0.0
1,mahalanobis_diag,intent_quantile_0.95,nearest_sphere,ratio,2.0,0.9,0.0,0.0,0.0,0.0
1,mahalanobis_diag,intent_quantile_0.95,nearest_sphere,inverse_margin,0.0,0.9,0.824,0.894,0.88,0.014
1,mahalanobis_diag,intent_quantile_0.95,nearest_sphere,inverse_margin,0.25,0.9,0.478,0.478,0.478,0.0
1,mahalanobis_diag,intent_quantile_0.95,nearest_sphere,inverse_margin,0.5,0.9,0.138,0.138,0.138,0.0
1,mahalanobis_diag,intent_quantile_0.95,nearest_sphere,inverse_margin,1.0,0.9,0.004,0.004,0.004,0.0
1,mahalanobis_diag,intent_quantile_0.95,nearest_sphere,inverse_margin,2.0,0.9,0.0,0.0,0.0,0.0
1,mahalanobis_diag,intent_quantile_0.95,nearest_sphere,max_ratio,0.0,0.9,0.824,0.894,0.88,0.014
1,mahalanobis_diag,intent_quantile_0.95,nearest_sphere,max_ratio,0.25,0.9,0.824,0.894,0.88,0.014
1,mahalanobis_diag,intent_quantile_0.95,nearest_sphere,max_ratio,0.5,0.9,0.824,0.894,0.88,0.014
1,mahalanobis_diag,intent_quantile_0.95,nearest_sphere,max_ratio,1.0,0.9,0.848,0.878,0.872,0.006
1,mahalanobis_diag,intent_quantile_0.95,nearest_sphere,max_ratio,2.0,0.9,0.1,0.1,0.1,0.0
1,mahalanobis_diag,intent_quantile_0.95,normalized_union,none,0.0,0.9,0.824,0.894,0.88,0.014
1,mahalanobis_diag,intent_quantile_0.95,normalized_union,none,0.25,0.9,0.824,0.894,0.88,0.014
1,mahalanobis_diag,intent_quantile_0.95,normalized_union,none,0.5,0.9,0.824,0.894,0.88,0.014
1,mahalanobis_diag,intent_quantile_0.95,normalized_union,none,1.0,0.9,0.824,0.894,0.88,0.014
1,mahalanobis_diag,intent_quantile_0.95,normalized_union,none,2.0,0.9,0.824,0.894,0.88,0.014
1,mahalanobis_diag,intent_quantile_0.95,normalized_union,ratio,0.0,0.9,0.824,0.894,0.88,0.014
1,mahalanobis_diag,intent_quantile_0.95,normalized_union,ratio,0.25,0.9,0.776,0.786,0.784,0.002
1,mahalanobis_diag,intent_quantile_0.95,normalized_union,ratio,0.5,0.9,0.534,0.544,0.542,0.002
1,mahalanobis_diag,intent_quantile_0.95,normalized_union,ratio,1.0,0.9,0.088,0.088,0.088,0.0
1,mahalanobis_diag,intent_quantile_0.95,normalized_union,ratio,2.0,0.9,0.0,0.0,0.0,0.0
1,mahalanobis_diag,intent_quantile_0.95,normalized_union,inverse_margin,0.0,0.9,0.824,0.894,0.88,0.014
1,mahalanobis_diag,intent_quantile_0.95,normalized_union,inverse_margin,0.25,0.9,0.478,0.478,0.478,0.0
1,mahalanobis_diag,intent_quantile_0.95,normalized_union,inverse_margin,0.5,0.9,0.138,0.138,0.138,0.0
1,mahalanobis_diag,intent_quantile_0.95,normalized_union,inverse_margin,1.0,0.9,0.004,0.004,0.004,0.0
1,mahalanobis_diag,intent_quantile_0.95,normalized_union,inverse_margin,2.0,0.9,0.0,0.0,0.0,0.0
1,mahalanobis_diag,intent_quantile_0.95,normalized_union,max_ratio,0.0,0.9,0.824,0.894,0.88,0.014
1,mahalanobis_diag,intent_quantile_0.95,normalized_union,max_ratio,0.25,0.9,0.824,0.894,0.88,0.014
1,mahalanobis_diag,intent_quantile_0.95,normalized_union,max_ratio,0.5,0.9,0.824,0.894,0.88,0.014
1,mahalanobis_diag,intent_quantile_0.95,normalized_union,max_ratio,1.0,0.9,0.848,0.878,0.872,0.006
1,mahalanobis_diag,intent_quantile_0.95,normalized_union,max_ratio,2.0,0.9,0.1,0.1,0.1,0.0
1,mahalanobis_diag,center_quantile_0.99,nearest_sphere,none,0.0,0.9,0.782,0.972,0.934,0.038
1,mahalanobis_diag,center_quantile_0.99,nearest_sphere,none,0.25,0.9,0.782,0.972,0.934,0.038
1,mahalanobis_diag,center_quantile_0.99,nearest_sphere,none,0.5,0.9,0.782,0.972,0.934,0.038
1,mahalanobis_diag,center_quantile_0.99,nearest_sphere,none,1.0,0.9,0.782,0.972,0.934,0.038
1,mahalanobis_diag,center_quantile_0.99,nearest_sphere,none,2.0,0.9,0.782,0.972,0.934,0.038
1,mahalanobis_diag,center_quantile_0.99,nearest_sphere,ratio,0.0,0.9,0.782,0.972,0.934,0.038
1,mahalanobis_diag,center_quantile_0.99,nearest_sphere,ratio,0.25,0.9,0.852,0.882,0.876,0.006
1,mahalanobis_diag,center_quantile_0.99,nearest_sphere,ratio,0.5,0.9,0.77,0.78,0.778,0.002
1,mahalanobis_diag,center_quantile_0.99,nearest_sphere,ratio,1.0,0.9,0.268,0.268,0.268,0.0
1,mahalanobis_diag,center_quantile_0.99,nearest_sphere,ratio,2.0,0.9,0.002,0.002,0.002,0.0
1,mahalanobis_diag,center_quantile_0.99,nearest_sphere,inverse_margin,0.0,0.9,0.782,0.972,0.934,0.038
1,mahalanobis_diag,center_quantile_0.99,nearest_sphere,inverse_margin,0.25,0.9,0.65,0.66,0.658,0.002
1,mahalanobis_diag,center_quantile_0.99,nearest_sphere,inverse_margin,0.5,0.9,0.252,0.252,0.252,0.0
1,mahalanobis_diag,center_quantile_0.99,nearest_sphere,inverse_margin,1.0,0.9,0.016,0.016,0.016,0.0
1,mahalanobis_diag,center_quantile_0.99,nearest_sphere,inverse_margin,2.0,0.9,0.0,0.0,0.0,0.0
1,mahalanobis_diag,center_quantile_0.99,nearest_sphere,max_ratio,0.0,0.9,0.782,0.972,0.934,0.038
1,mahalanobis_diag,center_quantile_0.99,nearest_sphere,max_ratio,0.25,0.9,0.782,0.972,0.934,0.038
1,mahalanobis_diag,center_quantile_0.99,nearest_sphere,max_ratio,0.5,0.9,0.782,0.972,0.934,0.038
1,mahalanobis_diag,center_quantile_0.99,nearest_sphere,max_ratio,1.0,0.9,0.87,0.92,0.91,0.01
1,mahalanobis_diag,center_quantile_0.99,nearest_sphere,max_ratio,2.0,0.9,0.1,0.1,0.1,0.0
1,mahalanobis_diag,center_quantile_0.99,normalized_union,none,0.0,0.9,0.83,0.98,0.95,0.03
1,mahalanobis_diag,center_quantile_0.99,normalized_union,none,0.25,0.9,0.83,0.98,0.95,0.03
1,mahalanobis_diag,center_quantile_0.99,normalized_union,none,0.5,0.9,0.83,0.98,0.95,0.03
1,mahalanobis_diag,center_quantile_0.99,normalized_union,none,1.0,0.9,0.83,0.98,0.95,0.03
1,mahalanobis_diag,center_quantile_0.99,normalized_union,none,2.0,0.9,0.83,0.98,0.95,0.03
1,mahalanobis_diag,center_quantile_0.99,normalized_union,ratio,0.0,0.9,0.83,0.98,0.95,0.03
1,mahalanobis_diag,center_quantile_0.99,normalized_union,ratio,0.25,0.9,0.844,0.884,0.876,0.008
1,mahalanobis_diag,center_quantile_0.99,normalized_union,ratio,0.5,0.9,0.77,0.78,0.778,0.002
1,mahalanobis_diag,center_quantile_0.99,normalized_union,ratio,1.0,0.9,0.268,0.268,0.268,0.0
1,mahalanobis_diag,center_quantile_0.99,normalized_union,ratio,2.0,0.9,0.002,0.002,0.002,0.0
1,mahalanobis_diag,center_quantile_0.99,normalized_union,inverse_margin,0.0,0.9,0.83,0.98,0.95,0.03
1,mahalanobis_diag,center_quantile_0.99,normalized_union,inverse_margin,0.25,0.9,0.65,0.66,0.658,0.002
1,mahalanobis_diag,center_quantile_0.99,normalized_union,inverse_margin,0.5,0.9,0.252,0.252,0.252,0.0
1,mahalanobis_diag,center_quantile_0.99,normalized_union,inverse_margin,1.0,0.9,0.016,0.016,0.016,0.0
1,mahalanobis_diag,center_quantile_0.99,normalized_union,inverse_margin,2.0,0.9,0.0,0.0,0.0,0.0
1,mahalanobis_diag,center_quantile_0.99,normalized_union,max_ratio,0.0,0.9,0.83,0.98,0.95,0.03
1,mahalanobis_diag,center_quantile_0.99,normalized_union,max_ratio,0.25,0.9,0.83,0.98,0.95,0.03
1,mahalanobis_diag,center_quantile_0.99,normalized_union,max_ratio,0.5,0.9,0.83,0.98,0.95,0.03
1,mahalanobis_diag,center_quantile_0.99,normalized_union,max_ratio,1.0,0.9,0.88,0.92,0.912,0.008
1,mahalanobis_diag,center_quantile_0.99,normalized_union,max_ratio,2.0,0.9,0.1,0.1,0.1,0.0
1,mahalanobis_diag,intent_quantile_0.99,nearest_sphere,none,0.0,0.9,0.792,0.962,0.928,0.034
1,mahalanobis_diag,intent_quantile_0.99,nearest_sphere,none,0.25,0.9,0.792,0.962,0.928,0.034
1,mahalanobis_diag,intent_quantile_0.99,nearest_sphere,none,0.5,0.9,0.792,0.962,0.928,0.034
1,mahalanobis_diag,intent_quantile_0.99,nearest_sphere,none,1.0,0.9,0.792,0.962,0.928,0.034
1,mahalanobis_diag,intent_quantile_0.99,nearest_sphere,none,2.0,0.9,0.792,0.962,0.928,0.034
1,mahalanobis_diag,intent_quantile_0.99,nearest_sphere,ratio,0.0,0.9,0.792,0.962,0.928,0.034
1,mahalanobis_diag,intent_quantile_0.99,nearest_sphere,ratio,0.25,0.9,0.84,0.87,0.864,0.006
1,mahalanobis_diag,intent_quantile_0.99,nearest_sphere,ratio,0.5,0.9,0.736,0.746,0.744,0.002
1,mahalanobis_diag,intent_quantile_0.99,nearest_sphere,ratio,1.0,0.9,0.19,0.19,0.19,0.0
1,mahalanobis_diag,intent_quantile_0.99,nearest_sphere,ratio,2.0,0.9,0.0,0.0,0.0,0.0
1,mahalanobis_diag,intent_quantile_0.99,nearest_sphere,inverse_margin,0.0,0.9,0.792,0.962,0.928,0.034
1,mahalanobis_diag,intent_quantile_0.99,nearest_sphere,inverse_margin,0.25,0.9,0.608,0.618,0.616,0.002
1,mahalanobis_diag,intent_quantile_0.99,nearest_sphere,inverse_margin,0.5,0.9,0.202,0.202,0.202,0.0
1,mahalanobis_diag,intent_quantile_0.99,nearest_sphere,inverse_margin,1.0,0.9,0.008,0.008,0.008,0.0
1,mahalanobis_diag,intent_quantile_0.99,nearest_sphere,inverse_margin,2.0,0.9,0.0,0.0,0.0,0.0
1,mahalanobis_diag,intent_quantile_0.99,nearest_sphere,max_ratio,0.0,0.9,0.792,0.962,0.928,0.034
1,mahalanobis_diag,intent_quantile_0.99,nearest_sphere,max_ratio,0.25,0.9,0.792,0.962,0.928,0.034
1,mahalanobis_diag,intent_quantile_0.99,nearest_sphere,max_ratio,0.5,0.9,0.792,0.962,0.928,0.034
1,mahalanobis_diag,intent_quantile_0.99,nearest_sphere,max_ratio,1.0,0.9,0.866,0.916,0.906,0.01
1,mahalanobis_diag,intent_quantile_0.99,nearest_sphere,max_ratio,2.0,0.9,0.1,0.1,0.1,0.0
1,mahalanobis_diag,intent_quantile_0.99,normalized_union,none,0.0,0.9,0.774,0.964,0.926,0.038
1,mahalanobis_diag,intent_quantile_0.99,normalized_union,none,0.25,0.9,0.774,0.964,0.926,0.038
1,mahalanobis_diag,intent_quantile_0.99,normalized_union,none,0.5,0.9,0.774,0.964,0.926,0.038
1,mahalanobis_diag,intent_quantile_0.99,normalized_union,none,1.0,0.9,0.774,0.964,0.926,0.038
1,mahalanobis_diag,intent_quantile_0.99,normalized_union,none,2.0,0.9,0.774,0.964,0.926,0.038
1,mahalanobis_diag,intent_quantile_0.99,normalized_union,ratio,0.0,0.9,0.774,0.964,0.926,0.038
1,mahalanobis_diag,intent_quantile_0.99,normalized_union,ratio,0.25,0.9,0.84,0.87,0.864,0.006
1,mahalanobis_diag,intent_quantile_0.99,normalized_union,ratio,0.5,0.9,0.736,0.746,0.744,0.002
1,mahalanobis_diag,intent_quantile_0.99,normalized_union,ratio,1.0,0.9,0.19,0.19,0.19,0.0
1,mahalanobis_diag,intent_quantile_0.99,normalized_union,ratio,2.0,0.9,0.0,0.0,0.0,0.0
1,mahalanobis_diag,intent_quantile_0.99,normalized_union,inverse_margin,0.0,0.9,0.774,0.964,0.926,0.038
1,mahalanobis_diag,intent_quantile_0.99,normalized_union,inverse_margin,0.25,0.9,0.608,0.618,0.616,0.002
1,mahalanobis_diag,intent_quantile_0.99,normalized_union,inverse_margin,0.5,0.9,0.202,0.202,0.202,0.0
1,mahalanobis_diag,intent_quantile_0.99,normalized_union,inverse_margin,1.0,0.9,0.008,0.008,0.008,0.0
1,mahalanobis_diag,intent_quantile_0.99,normalized_union,inverse_margin,2.0,0.9,0.0,0.0,0.0,0.0
1,mahalanobis_diag,intent_quantile_0.99,normalized_union,max_ratio,0.0,0.9,0.774,0.964,0.926,0.038
1,mahalanobis_diag,intent_quantile_0.99,normalized_union,max_ratio,0.25,0.9,0.774,0.964,0.926,0.038
1,mahalanobis_diag,intent_quantile_0.99,normalized_union,max_ratio,0.5,0.9,0.774,0.964,0.926,0.038
1,mahalanobis_diag,intent_quantile_0.99,normalized_union,max_ratio,1.0,0.9,0.866,0.916,0.906,0.01
1,mahalanobis_diag,intent_quantile_0.99,normalized_union,max_ratio,2.0,0.9,0.1,0.1,0.1,0.0
2,euclidean,mean_std_0.0,nearest_sphere,none,0.0,0.9,0.28,0.31,0.304,0.006
2,euclidean,mean_std_0.0,nearest_sphere,none,0.25,0.9,0.28,0.31,0.304,0.006
2,euclidean,mean_std_0.0,nearest_sphere,none,0.5,0.9,0.28,0.31,0.304,0.006
2,euclidean,mean_std_0.0,nearest_sphere,none,1.0,0.9,0.28,0.31,0.304,0.006
2,euclidean,mean_std_0.0,nearest_sphere,none,2.0,0.9,0.28,0.31,0.304,0.006
2,euclidean,mean_std_0.0,nearest_sphere,ratio,0.0,0.9,0.28,0.31,0.304,0.006
2,euclidean,mean_std_0.0,nearest_sphere,ratio,0.25,0.9,0.102,0.102,0.102,0.0
2,euclidean,mean_std_0.0,nearest_sphere,ratio,0.5,0.9,0.026,0.026,0.026,0.0
2,euclidean,mean_std_0.0,nearest_sphere,ratio,1.0,0.9,0.004,0.004,0.004,0.0
2,euclidean,mean_std_0.0,nearest_sphere,ratio,2.0,0.9,0.0,0.0,0.0,0.0
2,euclidean,mean_std_0.0,nearest_sphere,inverse_margin,0.0,0.9,0.28,0.31,0.304,0.006
2,euclidean,mean_std_0.0,nearest_sphere,inverse_margin,0.25,0.9,0.032,0.032,0.032,0.0
2,euclidean,mean_std_0.0,nearest_sphere,inverse_margin,0.5,0.9,0.008,0.008,0.008,0.0
2,euclidean,mean_std_0.0,nearest_sphere,inverse_margin,1.0,0.9,0.0,0.0,0.0,0.0
2,euclidean,mean_std_0.0,nearest_sphere,inverse_margin,2.0,0.9,0.0,0.0,0.0,0.0
2,euclidean,mean_std_0.0,nearest_sphere,max_ratio,0.0,0.9,0.28,0.31,0.304,0.006
2,euclidean,mean_std_0.0,nearest_sphere,max_ratio,0.25,0.9,0.28,0.31,0.304,0.006
2,euclidean,mean_std_0.0,nearest_sphere,max_ratio,0.5,0.9,0.28,0.31,0.304,0.006
2,euclidean,mean_std_0.0,nearest_sphere,max_ratio,1.0,0.9,0.284,0.304,0.3,0.004
2,euclidean,mean_std_0.0,nearest_sphere,max_ratio,2.0,0.9,0.084,0.084,0.084,0.0
2,euclidean,mean_std_0.0,normalized_union,none,0.0,0.9,0.482,0.582,0.562,0.02
2,euclidean,mean_std_0.0,normalized_union,none,0.25,0.9,0.482,0.582,0.562,0.02
2,euclidean,mean_std_0.0,normalized_union,none,0.5,0.9,0.482,0.582,0.562,0.02
2,euclidean,mean_std_0.0,normalized_union,none,1.0,0.9,0.482,0.582,0.562,0.02
2,euclidean,mean_std_0.0,normalized_union,none,2.0,0.9,0.482,0.582,0.562,0.02
2,euclidean,mean_std_0.0,normalized_union,ratio,0.0,0.9,0.482,0.582,0.562,0.02
2,euclidean,mean_std_0.0,normalized_union,ratio,0.25,0.9,0.184,0.184,0.184,0.0
2,euclidean,mean_std_0.0,normalized_union,ratio,0.5,0.9,0.032,0.032,0.032,0.0
2,euclidean,mean_std_0.0,normalized_union,ratio,1.0,0.9,0.004,0.004,0.004,0.0
2,euclidean,mean_std_0.0,normalized_union,ratio,2.0,0.9,0.0,0.0,0.0,0.0
2,euclidean,mean_std_0.0,normalized_union,inverse_margin,0.0,0.9,0.482,0.582,0.562,0.02
2,euclidean,mean_std_0.0,normalized_union,inverse_margin,0.25,0.9,0.046,0.046,0.046,0.0
2,euclidean,mean_std_0.0,normalized_union,inverse_margin,0.5,0.9,0.008,0.008,0.008,0.0
2,euclidean,mean_std_0.0,normalized_union,inverse_margin,1.0,0.9,0.0,0.0,0.0,0.0
2,euclidean,mean_std_0.0,normalized_union,inverse_margin,2.0,0.9,0.0,0.0,0.0,0.0
2,euclidean,mean_std_0.0,normalized_union,max_ratio,0.0,0.9,0.482,0.582,0.562,0.02
2,euclidean,mean_std_0.0,normalized_union,max_ratio,0.25,0.9,0.482,0.582,0.562,0.02
2,euclidean,mean_std_0.0,normalized_union,max_ratio,0.5,0.9,0.482,0.582,0.562,0.02
2,euclidean,mean_std_0.0,normalized_union,max_ratio,1.0,0.9,0.526,0.566,0.558,0.008
2,euclidean,mean_std_0.0,normalized_union,max_ratio,2.0,0.9,0.148,0.148,0.148,0.0
2,euclidean,mean_std_0.25,nearest_sphere,none,0.0,0.9,0.38,0.42,0.412,0.008
2,euclidean,mean_std_0.25,nearest_sphere,none,0.25,0.9,0.38,0.42,0.412,0.008
2,euclidean,mean_std_0.25,nearest_sphere,none,0.5,0.9,0.38,0.42,0.412,0.008
2,euclidean,mean_std_0.25,nearest_sphere,none,1.0,0.9,0.38,0.42,0.412,0.008
2,euclidean,mean_std_0.25,nearest_sphere,none,2.0,0.9,0.38,0.42,0.412,0.008
2,euclidean,mean_std_0.25,nearest_sphere,ratio,0.0,0.9,0.38,0.42,0.412,0.008
2,euclidean,mean_std_0.25,nearest_sphere,ratio,0.25,0.9,0.158,0.158,0.158,0.0
2,euclidean,mean_std_0.25,nearest_sphere,ratio,0.5,0.9,0.04,0.04,0.04,0.0
2,euclidean,mean_std_0.25,nearest_sphere,ratio,1.0,0.9,0.008,0.008,0.008,0.0
2,euclidean,mean_std_0.25,nearest_sphere,ratio,2.0,0.9,0.0,0.0,0.0,0.0
2,euclidean,mean_std_0.25,nearest_sphere,inverse_margin,0.0,0.9,0.38,0.42,0.412,0.008
2,euclidean,mean_std_0.25,nearest_sphere,inverse_margin,0.25,0.9,0.054,0.054,0.054,0.0
2,euclidean,mean_std_0.25,nearest_sphere,inverse_margin,0.5,0.9,0.014,0.014,0.014,0.0
2,euclidean,mean_std_0.25,nearest_sphere,inverse_margin,1.0,0.9,0.0,0.0,0.0,0.0
2,euclidean,mean_std_0.25,nearest_sphere,inverse_margin,2.0,0.9,0.0,0.0,0.0,0.0
2,euclidean,mean_std_0.25,nearest_sphere,max_ratio,0.0,0.9,0.38,0.42,0.412,0.008
2,euclidean,mean_std_0.25,nearest_sphere,max_ratio,0.25,0.9,0.38,0.42,0.412,0.008
2,euclidean,mean_std_0.25,nearest_sphere,max_ratio,0.5,0.9,0.38,0.42,0.412,0.008
2,euclidean,mean_std_0.25,nearest_sphere,max_ratio,1.0,0.9,0.388,0.408,0.404,0.004
2,euclidean,mean_std_0.25,nearest_sphere,max_ratio,2.0,0.9,0.11,0.11,0.11,0.0
2,euclidean,mean_std_0.25,normalized_union,none,0.0,0.9,0.576,0.696,0.672,0.024
2,euclidean,mean_std_0.25,normalized_union,none,0.25,0.9,0.576,0.696,0.672,0.024
2,euclidean,mean_std_0.25,normalized_union,none,0.5,0.9,0.576,0.696,0.672,0.024
2,euclidean,mean_std_0.25,normalized_union,none,1.0,0.9,0.576,0.696,0.672,0.024
2,euclidean,mean_std_0.25,normalized_union,none,2.0,0.9,0.576,0.696,0.672,0.024
2,euclidean,mean_std_0.25,normalized_union,ratio,0.0,0.9,0.576,0.696,0.672,0.024
2,euclidean,mean_std_0.25,normalized_union,ratio,0.25,0.9,0.288,0.288,0.288,0.0
2,euclidean,mean_std_0.25,normalized_union,ratio,0.5,0.9,0.056,0.056,0.056,0.0
2,euclidean,mean_std_0.25,normalized_union,ratio,1.0,0.9,0.008,0.008,0.008,0.0
2,euclidean,mean_std_0.25,normalized_union,ratio,2.0,0.9,0.0,0.0,0.0,0.0
2,euclidean,mean_std_0.25,normalized_union,inverse_margin,0.0,0.9,0.576,0.696,0.672,0.024
2,euclidean,mean_std_0.25,normalized_union,inverse_margin,0.25,0.9,0.076,0.076,0.076,0.0
2,euclidean,mean_std_0.25,normalized_union,inverse_margin,0.5,0.9,0.014,0.014,0.014,0.0
2,euclidean,mean_std_0.25,normalized_union,inverse_margin,1.0,0.9,0.0,0.0,0.0,0.0
2,euclidean,mean_std_0.25,normalized_union,inverse_margin,2.0,0.9,0.0,0.0,0.0,0.0
2,euclidean,mean_std_0.25,normalized_union,max_ratio,0.0,0.9,0.576,0.696,0.672,0.024
2,euclidean,mean_std_0.25,normalized_union,max_ratio,0.25,0.9,0.576,0.696,0.672,0.024
2,euclidean,mean_std_0.25,normalized_union,max_ratio,0.5,0.9,0.576,0.696,0.672,0.024
2,euclidean,mean_std_0.25,normalized_union,max_ratio,1.0,0.9,0.62,0.68,0.668,0.012
2,euclidean,mean_std_0.25,normalized_union,max_ratio,2.0,0.9,0.164,0.164,0.164,0.0
2,euclidean,mean_std_0.5,nearest_sphere,none,0.0,0.9,0.48,0.53,0.52,0.01
2,euclidean,mean_std_0.5,nearest_sphere,none,0.25,0.9,0.48,0.53,0.52,0.01
2,euclidean,mean_std_0.5,nearest_sphere,none,0.5,0.9,0.48,0.53,0.52,0.01
2,euclidean,mean_std_0.5,nearest_sphere,none,1.0,0.9,0.48,0.53,0.52,0.01
2,euclidean,mean_std_0.5,nearest_sphere,none,2.0,0.9,0.48,0.53,0.52,0.01
2,euclidean,mean_std_0.5,nearest_sphere,ratio,0.0,0.9,0.48,0.53,0.52,0.01
2,euclidean,mean_std_0.5,nearest_sphere,ratio,0.25,0.9,0.208,0.218,0.216,0.002
2,euclidean,mean_std_0.5,nearest_sphere,ratio,0.5,0.9,0.064,0.064,0.064,0.0
2,euclidean,mean_std_0.5,nearest_sphere,ratio,1.0,0.9,0.008,0.008,0.008,0.0
2,euclidean,mean_std_0.5,nearest_sphere,ratio,2.0,0.9,0.0,0.0,0.0,0.0
2,euclidean,mean_std_0.5,nearest_sphere,inverse_margin,0.0,0.9,0.48,0.53,0.52,0.01
2,euclidean,mean_std_0.5,nearest_sphere,inverse_margin,0.25,0.9,0.074,0.074,0.074,0.0
2,euclidean,mean_std_0.5,nearest_sphere,inverse_margin,0.5,0.9,0.02,0.02,0.02,0.0
2,euclidean,mean_std_0.5,nearest_sphere,inverse_margin,1.0,0.9,0.0,0.0,0.0,0.0
2,euclidean,mean_std_0.5,nearest_sphere,inverse_margin,2.0,0.9,0.0,0.0,0.0,0.0
2,euclidean,mean_std_0.5,nearest_sphere,max_ratio,0.0,0.9,0.48,0.53,0.52,0.01
2,euclidean,mean_std_0.5,nearest_sphere,max_ratio,0.25,0.9,0.48,0.53,0.52,0.01
2,euclidean,mean_std_0.5,nearest_sphere,max_ratio,0.5,0.9,0.48,0.53,0.52,0.01
2,euclidean,mean_std_0.5,nearest_sphere,max_ratio,1.0,0.9,0.494,0.514,0.51,0.004
2,euclidean,mean_std_0.5,nearest_sphere,max_ratio,2.0,0.9,0.13,0.13,0.13,0.0
2,euclidean,mean_std_0.5,normalized_union,none,0.0,0.9,0.622,0.792,0.758,0.034
2,euclidean,mean_std_0.5,normalized_union,none,0.25,0.9,0.622,0.792,0.758,0.034
2,euclidean,mean_std_0.5,normalized_union,none,0.5,0.9,0.622,0.792,0.758,0.034
2,euclidean,mean_std_0.5,normalized_union,none,1.0,0.9,0.622,0.792,0.758,0.034
2,euclidean,mean_std_0.5,normalized_union,none,2.0,0.9,0.622,0.792,0.758,0.034
2,euclidean,mean_std_0.5,normalized_union,ratio,0.0,0.9,0.622,0.792,0.758,0.034
2,euclidean,mean_std_0.5,normalized_union,ratio,0.25,0.9,0.382,0.402,0.398,0.004
2,euclidean,mean_std_0.5,normalized_union,ratio,0.5,0.9,0.094,0.094,0.094,0.0
2,euclidean,mean_std_0.5,normalized_union,ratio,1.0,0.9,0.008,0.008,0.008,0.0
2,euclidean,mean_std_0.5,normalized_union,ratio,2.0,0.9,0.0,0.0,0.0,0.0
2,euclidean,mean_std_0.5,normalized_union,inverse_margin,0.0,0.9,0.622,0.792,0.758,0.034
2,euclidean,mean_std_0.5,normalized_union,inverse_margin,0.25,0.9,0.112,0.112,0.112,0.0
2,euclidean,mean_std_0.5,normalized_union,inverse_margin,0.5,0.9,0.022,0.022,0.022,0.0
2,euclidean,mean_std_0.5,normalized_union,inverse_margin,1.0,0.9,0.0,0.0,0.0,0.0
2,euclidean,mean_std_0.5,normalized_union,inverse_margin,2.0,0.9,0.0,0.0,0.0,0.0
2,euclidean,mean_std_0.5,normalized_union,max_ratio,0.0,0.9,0.622,0.792,0.758,0.034
2,euclidean,mean_std_0.5,normalized_union,max_ratio,0.25,0.9,0.622,0.792,0.758,0.034
2,euclidean,mean_std_0.5,normalized_union,max_ratio,0.5,0.9,0.622,0.792,0.758,0.034
2,euclidean,mean_std_0.5,normalized_union,max_ratio,1.0,0.9,0.68,0.77,0.752,0.018
2,euclidean,mean_std_0.5,normalized_union,max_ratio,2.0,0.9,0.172,0.172,0.172,0.0
2,euclidean,mean_std_0.75,nearest_sphere,none,0.0,0.9,0.544,0.604,0.592,0.012
2,euclidean,mean_std_0.75,nearest_sphere,none,0.25,0.9,0.544,0.604,0.592,0.012
2,euclidean,mean_std_0.75,nearest_sphere,none,0.5,0.9,0.544,0.604,0.592,0.012
2,euclidean,mean_std_0.75,nearest_sphere,none,1.0,0.9,0.544,0.604,0.592,0.012
2,euclidean,mean_std_0.75,nearest_sphere,none,2.0,0.9,0.544,0.604,0.592,0.012
2,euclidean,mean_std_0.75,nearest_sphere,ratio,0.0,0.9,0.544,0.604,0.592,0.012
2,euclidean,mean_std_0.75,nearest_sphere,ratio,0.25,0.9,0.276,0.286,0.284,0.002
2,euclidean,mean_std_0.75,nearest_sphere,ratio,0.5,0.9,0.096,0.096,0.096,0.0
2,euclidean,mean_std_0.75,nearest_sphere,ratio,1.0,0.9,0.01,0.01,0.01,0.0
2,euclidean,mean_std_0.75,nearest_sphere,ratio,2.0,0.9,0.0,0.0,0.0,0.0
2,euclidean,mean_std_0.75,nearest_sphere,inverse_margin,0.0,0.9,0.544,0.604,0.592,0.012
2,euclidean,mean_std_0.75,nearest_sphere,inverse_margin,0.25,0.9,0.104,0.104,0.104,0.0
2,euclidean,mean_std_0.75,nearest_sphere,inverse_margin,0.5,0.9,0.026,0.026,0.026,0.0
2,euclidean,mean_std_0.75,nearest_sphere,inverse_margin,1.0,0.9,0.0,0.0,0.0,0.0
2,euclidean,mean_std_0.75,nearest_sphere,inverse_margin,2.0,0.9,0.0,0.0,0.0,0.0
2,euclidean,mean_std_0.75,nearest_sphere,max_ratio,0.0,0.9,0.544,0.604,0.592,0.012
2,euclidean,mean_std_0.75,nearest_sphere,max_ratio,0.25,0.9,0.544,0.604,0.592,0.012
2,euclidean,mean_std_0.75,nearest_sphere,max_ratio,0.5,0.9,0.544,0.604,0.592,0.012
2,euclidean,mean_std_0.75,nearest_sphere,max_ratio,1.0,0.9,0.564,0.584,0.58,0.004
2,euclidean,mean_std_0.75,nearest_sphere,max_ratio,2.0,0.9,0.142,0.142,0.142,0.0
2,euclidean,mean_std_0.75,normalized_union,none,0.0,0.9,0.668,0.848,0.812,0.036
2,euclidean,mean_std_0.75,normalized_union,none,0.25,0.9,0.668,0.848,0.812,0.036
2,euclidean,mean_std_0.75,normalized_union,none,0.5,0.9,0.668,0.848,0.812,0.036
2,euclidean,mean_std_0.75,normalized_union,none,1.0,0.9,0.668,0.848,0.812,0.036
2,euclidean,mean_std_0.75,normalized_union,none,2.0,0.9,0.668,0.848,0.812,0.036
2,euclidean,mean_std_0.75,normalized_union,ratio,0.0,0.9,0.668,0.848,0.812,0.036
2,euclidean,mean_std_0.75,normalized_union,ratio,0.25,0.9,0.482,0.502,0.498,0.004
2,euclidean,mean_std_0.75,normalized_union,ratio,0.5,0.9,0.15,0.15,0.15,0.0
2,euclidean,mean_std_0.75,normalized_union,ratio,1.0,0.9,0.01,0.01,0.01,0.0
2,euclidean,mean_std_0.75,normalized_union,ratio,2.0,0.9,0.0,0.0,0.0,0.0
2,euclidean,mean_std_0.75,normalized_union,inverse_margin,0.0,0.9,0.668,0.848,0.812,0.036
2,euclidean,mean_std_0.75,normalized_union,inverse_margin,0.25,0.9,0.17,0.17,0.17,0.0
2,euclidean,mean_std_0.75,normalized_union,inverse_margin,0.5,0.9,0.028,0.028,0.028,0.0
2,euclidean,mean_std_0.75,normalized_union,inverse_margin,1.0,0.9,0.0,0.0,0.0,0.0
2,euclidean,mean_std_0.75,normalized_union,inverse_margin,2.0,0.9,0.0,0.0,0.0,0.0
2,euclidean,mean_std_0.75,normalized_union,max_ratio,0.0,0.9,0.668,0.848,0.812,0.036
2,euclidean,mean_std_0.75,normalized_union,max_ratio,0.25,0.9,0.668,0.848,0.812,0.036
2,euclidean,mean_std_0.75,normalized_union,max_ratio,0.5,0.9,0.668,0.848,0.812,0.036
2,euclidean,mean_std_0.75,normalized_union,max_ratio,1.0,0.9,0.748,0.818,0.804,0.014
2,euclidean,mean_std_0.75,normalized_union,max_ratio,2.0,0.9,0.174,0.174,0.174,0.0
2,euclidean,mean_std_1.0,nearest_sphere,none,0.0,0.9,0.652,0.712,0.7,0.012
2,euclidean,mean_std_1.0,nearest_sphere,none,0.25,0.9,0.652,0.712,0.7,0.012
2,euclidean,mean_std_1.0,nearest_sphere,none,0.5,0.9,0.652,0.712,0.7,0.012
2,euclidean,mean_std_1.0,nearest_sphere,none,1.0,0.9,0.652,0.712,0.7,0.012
2,euclidean,mean_std_1.0,nearest_sphere,none,2.0,0.9,0.652,0.712,0.7,0.012
2,euclidean,mean_std_1.0,nearest_sphere,ratio,0.0,0.9,0.652,0.712,0.7,0.012
2,euclidean,mean_std_1.0,nearest_sphere,ratio,0.25,0.9,0.362,0.372,0.37,0.002
2,euclidean,mean_std_1.0,nearest_sphere,ratio,0.5,0.9,0.124,0.124,0.124,0.0
2,euclidean,mean_std_1.0,nearest_sphere,ratio,1.0,0.9,0.014,0.014,0.014,0.0
2,euclidean,mean_std_1.0,nearest_sphere,ratio,2.0,0.9,0.0,0.0,0.0,0.0
2,euclidean,mean_std_1.0,nearest_sphere,inverse_margin,0.0,0.9,0.652,0.712,0.7,0.012
2,euclidean,mean_std_1.0,nearest_sphere,inverse_margin,0.25,0.9,0.128,0.128,0.128,0.0
2,euclidean,mean_std_1.0,nearest_sphere,inverse_margin,0.5,0.9,0.032,0.032,0.032,0.0
2,euclidean,mean_std_1.0,nearest_sphere,inverse_margin,1.0,0.9,0.004,0.004,0.004,0.0
2,euclidean,mean_std_1.0,nearest_sphere,inverse_margin,2.0,0.9,0.0,0.0,0.0,0.0
2,euclidean,mean_std_1.0,nearest_sphere,max_ratio,0.0,0.9,0.652,0.712,0.7,0.012
2,euclidean,mean_std_1.0,nearest_sphere,max_ratio,0.25,0.9,0.652,0.712,0.7,0.012
2,euclidean,mean_std_1.0,nearest_sphere,max_ratio,0.5,0.9,0.652,0.712,0.7,0.012
2,euclidean,mean_std_1.0,nearest_sphere,max_ratio,1.0,0.9,0.66,0.68,0.676,0.004
2,euclidean,mean_std_1.0,nearest_sphere,max_ratio,2.0,0.9,0.164,0.164,0.164,0.0
2,euclidean,mean_std_1.0,normalized_union,none,0.0,0.9,0.71,0.89,0.854,0.036
2,euclidean,mean_std_1.0,normalized_union,none,0.25,0.9,0.71,0.89,0.854,0.036
2,euclidean,mean_std_1.0,normalized_union,none,0.5,0.9,0.71,0.89,0.854,0.036
2,euclidean,mean_std_1.0,normalized_union,none,1.0,0.9,0.71,0.89,0.854,0.036
2,euclidean,mean_std_1.0,normalized_union,none,2.0,0.9,0.71,0.89,0.854,0.036
2,euclidean,mean_std_1.0,normalized_union,ratio,0.0,0.9,0.71,0.89,0.854,0.036
2,euclidean,mean_std_1.0,normalized_union,ratio,0.25,0.9,0.574,0.594,0.59,0.004
2,euclidean,mean_std_1.0,normalized_union,ratio,0.5,0.9,0.214,0.214,0.214,0.0
2,euclidean,mean_std_1.0,normalized_union,ratio,1.0,0.9,0.014,0.014,0.014,0.0
2,euclidean,mean_std_1.0,normalized_union,ratio,2.0,0.9,0.0,0.0,0.0,0.0
2,euclidean,mean_std_1.0,normalized_union,inverse_margin,0.0,0.9,0.71,0.89,0.854,0.036
2,euclidean,mean_std_1.0,normalized_union,inverse_margin,0.25,0.9,0.224,0.224,0.224,0.0
2,euclidean,mean_std_1.0,normalized_union,inverse_margin,0.5,0.9,0.034,0.034,0.034,0.0
2,euclidean,mean_std_1.0,normalized_union,inverse_margin,1.0,0.9,0.004,0.004,0.004,0.0
2,euclidean,mean_std_1.0,normalized_union,inverse_margin,2.0,0.9,0.0,0.0,0.0,0.0
2,euclidean,mean_std_1.0,normalized_union,max_ratio,0.0,0.9,0.71,0.89,0.854,0.036
2,euclidean,mean_std_1.0,normalized_union,max_ratio,0.25,0.9,0.71,0.89,0.854,0.036
2,euclidean,mean_std_1.0,normalized_union,max_ratio,0.5,0.9,0.71,0.89,0.854,0.036
2,euclidean,mean_std_1.0,normalized_union,max_ratio,1.0,0.9,0.78,0.85,0.836,0.014
2,euclidean,mean_std_1.0,normalized_union,max_ratio,2.0,0.9,0.174,0.174,0.174,0.0
2,euclidean,mean_std_1.5,nearest_sphere,none,0.0,0.9,0.748,0.848,0.828,0.02
2,euclidean,mean_std_1.5,nearest_sphere,none,0.25,0.9,0.748,0.848,0.828,0.02
2,euclidean,mean_std_1.5,nearest_sphere,none,0.5,0.9,0.748,0.848,0.828,0.02
2,euclidean,mean_std_1.5,nearest_sphere,none,1.0,0.9,0.748,0.848,0.828,0.02
2,euclidean,mean_std_1.5,nearest_sphere,none,2.0,0.9,0.748,0.848,0.828,0.02
2,euclidean,mean_std_1.5,nearest_sphere,ratio,0.0,0.9,0.748,0.848,0.828,0.02
2,euclidean,mean_std_1.5,nearest_sphere,ratio,0.25,0.9,0.504,0.524,0.52,0.004
2,euclidean,mean_std_1.5,nearest_sphere,ratio,0.5,0.9,0.222,0.232,0.23,0.002
2,euclidean,mean_std_1.5,nearest_sphere,ratio,1.0,0.9,0.026,0.026,0.026,0.0
2,euclidean,mean_std_1.5,nearest_sphere,ratio,2.0,0.9,0.0,0.0,0.0,0.0
2,euclidean,mean_std_1.5,nearest_sphere,inverse_margin,0.0,0.9,0.748,0.848,0.828,0.02
2,euclidean,mean_std_1.5,nearest_sphere,inverse_margin,0.25,0.9,0.224,0.224,0.224,0.0
2,euclidean,mean_std_1.5,nearest_sphere,inverse_margin,0.5,0.9,0.054,0.054,0.054,0.0
2,euclidean,mean_std_1.5,nearest_sphere,inverse_margin,1.0,0.9,0.006,0.006,0.006,0.0
2,euclidean,mean_std_1.5,nearest_sphere,inverse_margin,2.0,0.9,0.0,0.0,0.0,0.0
2,euclidean,mean_std_1.5,nearest_sphere,max_ratio,0.0,0.9,0.748,0.848,0.828,0.02
2,euclidean,mean_std_1.5,nearest_sphere,max_ratio,0.25,0.9,0.748,0.848,0.828,0.02
2,euclidean,mean_std_1.5,nearest_sphere,max_ratio,0.5,0.9,0.748,0.848,0.828,0.02
2,euclidean,mean_std_1.5,nearest_sphere,max_ratio,1.0,0.9,0.778,0.808,0.802,0.006
2,euclidean,mean_std_1.5,nearest_sphere,max_ratio,2.0,0.9,0.172,0.172,0.172,0.0
2,euclidean,mean_std_1.5,normalized_union,none,0.0,0.9,0.706,0.946,0.898,0.048
2,euclidean,mean_std_1.5,normalized_union,none,0.25,0.9,0.706,0.946,0.898,0.048
2,euclidean,mean_std_1.5,normalized_union,none,0.5,0.9,0.706,0.946,0.898,0.048
2,euclidean,mean_std_1.5,normalized_union,none,1.0,0.9,0.706,0.946,0.898,0.048
2,euclidean,mean_std_1.5,normalized_union,none,2.0,0.9,0.706,0.946,0.898,0.048
2,euclidean,mean_std_1.5,normalized_union,ratio,0.0,0.9,0.706,0.946,0.898,0.048
2,euclidean,mean_std_1.5,normalized_union,ratio,0.25,0.9,0.708,0.758,0.748,0.01
2,euclidean,mean_std_1.5,normalized_union,ratio,0.5,0.9,0.36,0.37,0.368,0.002
2,euclidean,mean_std_1.5,normalized_union,ratio,1.0,0.9,0.028,0.028,0.028,0.0
2,euclidean,mean_std_1.5,normalized_union,ratio,2.0,0.9,0.0,0.0,0.0,0.0
2,euclidean,mean_std_1.5,normalized_union,inverse_margin,0.0,0.9,0.706,0.946,0.898,0.048
2,euclidean,mean_std_1.5,normalized_union,inverse_margin,0.25,0.9,0.326,0.326,0.326,0.0
2,euclidean,mean_std_1.5,normalized_union,inverse_margin,0.5,0.9,0.07,0.07,0.07,0.0
2,euclidean,mean_std_1.5,normalized_union,inverse_margin,1.0,0.9,0.006,0.006,0.006,0.0
2,euclidean,mean_std_1.5,normalized_union,inverse_margin,2.0,0.9,0.0,0.0,0.0,0.0
2,euclidean,mean_std_1.5,normalized_union,max_ratio,0.0,0.9,0.706,0.946,0.898,0.048
2,euclidean,mean_std_1.5,normalized_union,max_ratio,0.25,0.9,0.706,0.946,0.898,0.048
2,euclidean,mean_std_1.5,normalized_union,max_ratio,0.5,0.9,0.706,0.946,0.898,0.048
2,euclidean,mean_std_1.5,normalized_union,max_ratio,1.0,0.9,0.822,0.892,0.878,0.014
2,euclidean,mean_std_1.5,normalized_union,max_ratio,2.0,0.9,0.174,0.174,0.174,0.0
2,euclidean,mean_std_2.0,nearest_sphere,none,0.0,0.9,0.8,0.91,0.888,0.022
2,euclidean,mean_std_2.0,nearest_sphere,none,0.25,0.9,0.8,0.91,0.888,0.022
2,euclidean,mean_std_2.0,nearest_sphere,none,0.5,0.9,0.8,0.91,0.888,0.022
2,euclidean,mean_std_2.0,nearest_sphere,none,1.0,0.9,0.8,0.91,0.888,0.022
2,euclidean,mean_std_2.0,nearest_sphere,none,2.0,0.9,0.8,0.91,0.888,0.022
2,euclidean,mean_std_2.0,nearest_sphere,ratio,0.0,0.9,0.8,0.91,0.888,0.022
2,euclidean,mean_std_2.0,nearest_sphere,ratio,0.25,0.9,0.596,0.626,0.62,0.006
2,euclidean,mean_std_2.0,nearest_sphere,ratio,0.5,0.9,0.318,0.328,0.326,0.002
2,euclidean,mean_std_2.0,nearest_sphere,ratio,1.0,0.9,0.046,0.046,0.046,0.0
2,euclidean,mean_std_2.0,nearest_sphere,ratio,2.0,0.9,0.0,0.0,0.0,0.0
2,euclidean,mean_std_2.0,nearest_sphere,inverse_margin,0.0,0.9,0.8,0.91,0.888,0.022
2,euclidean,mean_std_2.0,nearest_sphere,inverse_margin,0.25,0.9,0.266,0.276,0.274,0.002
2,euclidean,mean_std_2.0,nearest_sphere,inverse_margin,0.5,0.9,0.068,0.068,0.068,0.0
2,euclidean,mean_std_2.0,nearest_sphere,inverse_margin,1.0,0.9,0.008,0.008,0.008,0.0
2,euclidean,mean_std_2.0,nearest_sphere,inverse_margin,2.0,0.9,0.0,0.0,0.0,0.0
2,euclidean,mean_std_2.0,nearest_sphere,max_ratio,0.0,0.9,0.8,0.91,0.888,0.022
2,euclidean,mean_std_2.0,nearest_sphere,max_ratio,0.25,0.9,0.8,0.91,0.888,0.022
2,euclidean,mean_std_2.0,nearest_sphere,max_ratio,0.5,0.9,0.8,0.91,0.888,0.022
2,euclidean,mean_std_2.0,nearest_sphere,max_ratio,1.0,0.9,0.83,0.86,0.854,0.006
2,euclidean,mean_std_2.0,nearest_sphere,max_ratio,2.0,0.9,0.174,0.174,0.174,0.0
2,euclidean,mean_std_2.0,normalized_union,none,0.0,0.9,0.718,0.968,0.918,0.05
2,euclidean,mean_std_2.0,normalized_union,none,0.25,0.9,0.718,0.968,0.918,0.05
2,euclidean,mean_std_2.0,normalized_union,none,0.5,0.9,0.718,0.968,0.918,0.05
2,euclidean,mean_std_2.0,normalized_union,none,1.0,0.9,0.718,0.968,0.918,0.05
2,euclidean,mean_std_2.0,normalized_union,none,2.0,0.9,0.718,0.968,0.918,0.05
2,euclidean,mean_std_2.0,normalized_union,ratio,0.0,0.9,0.718,0.968,0.918,0.05
2,euclidean,mean_std_2.0,normalized_union,ratio,0.25,0.9,0.75,0.82,0.806,0.014
2,euclidean,mean_std_2.0,normalized_union,ratio,0.5,0.9,0.474,0.494,0.49,0.004
2,euclidean,mean_std_2.0,normalized_union,ratio,1.0,0.9,0.054,0.054,0.054,0.0
2,euclidean,mean_std_2.0,normalized_union,ratio,2.0,0.9,0.0,0.0,0.0,0.0
2,euclidean,mean_std_2.0,normalized_union,inverse_margin,0.0,0.9,0.718,0.968,0.918,0.05
2,euclidean,mean_std_2.0,normalized_union,inverse_margin,0.25,0.9,0.392,0.402,0.4,0.002
2,euclidean,mean_std_2.0,normalized_union,inverse_margin,0.5,0.9,0.092,0.092,0.092,0.0
2,euclidean,mean_std_2.0,normalized_union,inverse_margin,1.0,0.9,0.008,0.008,0.008,0.0
2,euclidean,mean_std_2.0,normalized_union,inverse_margin,2.0,0.9,0.0,0.0,0.0,0.0
2,euclidean,mean_std_2.0,normalized_union,max_ratio,0.0,0.9,0.718,0.968,0.918,0.05
2,euclidean,mean_std_2.0,normalized_union,max_ratio,0.25,0.9,0.718,0.968,0.918,0.05
2,euclidean,mean_std_2.0,normalized_union,max_ratio,0.5,0.9,0.718,0.968,0.918,0.05
2,euclidean,mean_std_2.0,normalized_union,max_ratio,1.0,0.9,0.842,0.902,0.89,0.012
2,euclidean,mean_std_2.0,normalized_union,max_ratio,2.0,0.9,0.174,0.174,0.174,0.0
2,euclidean,mean_std_3.0,nearest_sphere,none,0.0,0.9,0.832,0.972,0.944,0.028
2,euclidean,mean_std_3.0,nearest_sphere,none,0.25,0.9,0.832,0.972,0.944,0.028
2,euclidean,mean_std_3.0,nearest_sphere,none,0.5,0.9,0.832,0.972,0.944,0.028
2,euclidean,mean_std_3.0,nearest_sphere,none,1.0,0.9,0.832,0.972,0.944,0.028
2,euclidean,mean_std_3.0,nearest_sphere,none,2.0,0.9,0.832,0.972,0.944,0.028
2,euclidean,mean_std_3.0,nearest_sphere,ratio,0.0,0.9,0.832,0.972,0.944,0.028
2,euclidean,mean_std_3.0,nearest_sphere,ratio,0.25,0.9,0.788,0.838,0.828,0.01
2,euclidean,mean_std_3.0,nearest_sphere,ratio,0.5,0.9,0.502,0.512,0.51,0.002
2,euclidean,mean_std_3.0,nearest_sphere,ratio,1.0,0.9,0.082,0.082,0.082,0.0
2,euclidean,mean_std_3.0,nearest_sphere,ratio,2.0,0.9,0.0,0.0,0.0,0.0
2,euclidean,mean_std_3.0,nearest_sphere,inverse_margin,0.0,0.9,0.832,0.972,0.944,0.028
2,euclidean,mean_std_3.0,nearest_sphere,inverse_margin,0.25,0.9,0.404,0.414,0.412,0.002
2,euclidean,mean_std_3.0,nearest_sphere,inverse_margin,0.5,0.9,0.128,0.128,0.128,0.0
2,euclidean,mean_std_3.0,nearest_sphere,inverse_margin,1.0,0.9,0.018,0.018,0.018,0.0
2,euclidean,mean_std_3.0,nearest_sphere,inverse_margin,2.0,0.9,0.0,0.0,0.0,0.0
2,euclidean,mean_std_3.0,nearest_sphere,max_ratio,0.0,0.9,0.832,0.972,0.944,0.028
2,euclidean,mean_std_3.0,nearest_sphere,max_ratio,0.25,0.9,0.832,0.972,0.944,0.028
2,euclidean,mean_std_3.0,nearest_sphere,max_ratio,0.5,0.9,0.832,0.972,0.944,0.028
2,euclidean,mean_std_3.0,nearest_sphere,max_ratio,1.0,0.9,0.864,0.894,0.888,0.006
2,euclidean,mean_std_3.0,nearest_sphere,max_ratio,2.0,0.9,0.174,0.174,0.174,0.0
2,euclidean,mean_std_3.0,normalized_union,none,0.0,0.9,0.684,0.994,0.932,0.062
2,euclidean,mean_std_3.0,normalized_union,none,0.25,0.9,0.684,0.994,0.932,0.062
2,euclidean,mean_std_3.0,normalized_union,none,0.5,0.9,0.684,0.994,0.932,0.062
2,euclidean,mean_std_3.0,normalized_union,none,1.0,0.9,0.684,0.994,0.932,0.062
2,euclidean,mean_std_3.0,normalized_union,none,2.0,0.9,0.684,0.994,0.932,0.062
2,euclidean,mean_std_3.0,normalized_union,ratio,0.0,0.9,0.684,0.994,0.932,0.062
2,euclidean,mean_std_3.0,normalized_union,ratio,0.25,0.9,0.812,0.912,0.892,0.02
2,euclidean,mean_std_3.0,normalized_union,ratio,0.5,0.9,0.678,0.698,0.694,0.004
2,euclidean,mean_std_3.0,normalized_union,ratio,1.0,0.9,0.106,0.106,0.106,0.0
2,euclidean,mean_std_3.0,normalized_union,ratio,2.0,0.9,0.0,0.0,0.0,0.0
2,euclidean,mean_std_3.0,normalized_union,inverse_margin,0.0,0.9,0.684,0.994,0.932,0.062
2,euclidean,mean_std_3.0,normalized_union,inverse_margin,0.25,0.9,0.494,0.504,0.502,0.002
2,euclidean,mean_std_3.0,normalized_union,inverse_margin,0.5,0.9,0.156,0.156,0.156,0.0
2,euclidean,mean_std_3.0,normalized_union,inverse_margin,1.0,0.9,0.018,0.018,0.018,0.0
2,euclidean,mean_std_3.0,normalized_union,inverse_margin,2.0,0.9,0.0,0.0,0.0,0.0
2,euclidean,mean_std_3.0,normalized_union,max_ratio,0.0,0.9,0.684,0.994,0.932,0.062
2,euclidean,mean_std_3.0,normalized_union,max_ratio,0.25,0.9,0.684,0.994,0.932,0.062
2,euclidean,mean_std_3.0,normalized_union,max_ratio,0.5,0.9,0.684,0.994,0.932,0.062
2,euclidean,mean_std_3.0,normalized_union,max_ratio,1.0,0.9,0.85,0.91,0.898,0.012
2,euclidean,mean_std_3.0,normalized_union,max_ratio,2.0,0.9,0.174,0.174,0.174,0.0
2,euclidean,center_quantile_0.5,nearest_sphere,none,0.0,0.9,0.232,0.252,0.248,0.004
2,euclidean,center_quantile_0.5,nearest_sphere,none,0.25,0.9,0.232,0.252,0.248,0.004
2,euclidean,center_quantile_0.5,nearest_sphere,none,0.5,0.9,0.232,0.252,0.248,0.004
2,euclidean,center_quantile_0.5,nearest_sphere,none,1.0,0.9,0.232,0.252,0.248,0.004
2,euclidean,center_quantile_0.5,nearest_sphere,none,2.0,0.9,0.232,0.252,0.248,0.004
2,euclidean,center_quantile_0.5,nearest_sphere,ratio,0.0,0.9,0.232,0.252,0.248,0.004
2,euclidean,center_quantile_0.5,nearest_sphere,ratio,0.25,0.9,0.064,0.064,0.064,0.0
2,euclidean,center_quantile_0.5,nearest_sphere,ratio,0.5,0.9,0.022,0.022,0.022,0.0
2,euclidean,center_quantile_0.5,nearest_sphere,ratio,1.0,0.9,0.0,0.0,0.0,0.0
2,euclidean,center_quantile_0.5,nearest_sphere,ratio,2.0,0.9,0.0,0.0,0.0,0.0
2,euclidean,center_quantile_0.5,nearest_sphere,inverse_margin,0.0,0.9,0.232,0.252,0.248,0.004
2,euclidean,center_quantile_0.5,nearest_sphere,inverse_margin,0.25,0.9,0.026,0.026,0.026,0.0
2,euclidean,center_quantile_0.5,nearest_sphere,inverse_margin,0.5,0.9,0.008,0.008,0.008,0.0
2,euclidean,center_quantile_0.5,nearest_sphere,inverse_margin,1.0,0.9,0.0,0.0,0.0,0.0
2,euclidean,center_quantile_0.5,nearest_sphere,inverse_margin,2.0,0.9,0.0,0.0,0.0,0.0
2,euclidean,center_quantile_0.5,nearest_sphere,max_ratio,0.0,0.9,0.232,0.252,0.248,0.004
2,euclidean,center_quantile_0.5,nearest_sphere,max_ratio,0.25,0.9,0.232,0.252,0.248,0.004
2,euclidean,center_quantile_0.5,nearest_sphere,max_ratio,0.5,0.9,0.232,0.252,0.248,0.004
2,euclidean,center_quantile_0.5,nearest_sphere,max_ratio,1.0,0.9,0.228,0.248,0.244,0.004
2,euclidean,center_quantile_0.5,nearest_sphere,max_ratio,2.0,0.9,0.078,0.078,0.078,0.0
2,euclidean,center_quantile_0.5,normalized_union,none,0.0,0.9,0.404,0.504,0.484,0.02
2,euclidean,center_quantile_0.5,normalized_union,none,0.25,0.9,0.404,0.504,0.484,0.02
2,euclidean,center_quantile_0.5,normalized_union,none,0.5,0.9,0.404,0.504,0.484,0.02
2,euclidean,center_quantile_0.5,normalized_union,none,1.0,0.9,0.404,0.504,0.484,0.02
2,euclidean,center_quantile_0.5,normalized_union,none,2.0,0.9,0.404,0.504,0.484,0.02
2,euclidean,center_quantile_0.5,normalized_union,ratio,0.0,0.9,0.404,0.504,0.484,0.02
2,euclidean,center_quantile_0.5,normalized_union,ratio,0.25,0.9,0.134,0.134,0.134,0.0
2,euclidean,center_quantile_0.5,normalized_union,ratio,0.5,0.9,0.026,0.026,0.026,0.0
2,euclidean,center_quantile_0.5,normalized_union,ratio,1.0,0.9,0.0,0.0,0.0,0.0
2,euclidean,center_quantile_0.5,normalized_union,ratio,2.0,0.9,0.0,0.0,0.0,0.0
2,euclidean,center_quantile_0.5,normalized_union,inverse_margin,0.0,0.9,0.404,0.504,0.484,0.02
2,euclidean,center_quantile_0.5,normalized_union,inverse_margin,0.25,0.9,0.038,0.038,0.038,0.0
2,euclidean,center_quantile_0.5,normalized_union,inverse_margin,0.5,0.9,0.008,0.008,0.008,0.0
2,euclidean,center_quantile_0.5,normalized_union,inverse_margin,1.0,0.9,0.0,0.0,0.0,0.0
2,euclidean,center_quantile_0.5,normalized_union,inverse_margin,2.0,0.9,0.0,0.0,0.0,0.0
2,euclidean,center_quantile_0.5,normalized_union,max_ratio,0.0,0.9,0.404,0.504,0.484,0.02
2,euclidean,center_quantile_0.5,normalized_union,max_ratio,0.25,0.9,0.404,0.504,0.484,0.02
2,euclidean,center_quantile_0.5,normalized_union,max_ratio,0.5,0.9,0.404,0.504,0.484,0.02
2,euclidean,center_quantile_0.5,normalized_union,max_ratio,1.0,0.9,0.45,0.49,0.482,0.008
2,euclidean,center_quantile_0.5,normalized_union,max_ratio,2.0,0.9,0.14,0.14,0.14,0.0
2,euclidean,intent_quantile_0.5,nearest_sphere,none,0.0,0.9,0.262,0.272,0.27,0.002
2,euclidean,intent_quantile_0.5,nearest_sphere,none,0.25,0.9,0.262,0.272,0.27,0.002
2,euclidean,intent_quantile_0.5,nearest_sphere,none,0.5,0.9,0.262,0.272,0.27,0.002
2,euclidean,intent_quantile_0.5,nearest_sphere,none,1.0,0.9,0.262,0.272,0.27,0.002
2,euclidean,intent_quantile_0.5,nearest_sphere,none,2.0,0.9,0.262,0.272,0.27,0.002
2,euclidean,intent_quantile_0.5,nearest_sphere,ratio,0.0,0.9,0.262,0.272,0.27,0.002
2,euclidean,intent_quantile_0.5,nearest_sphere,ratio,0.25,0.9,0.104,0.104,0.104,0.0
2,euclidean,intent_quantile_0.5,nearest_sphere,ratio,0.5,0.9,0.034,0.034,0.034,0.0
2,euclidean,intent_quantile_0.5,nearest_sphere,ratio,1.0,0.9,0.006,0.006,0.006,0.0
2,euclidean,intent_quantile_0.5,nearest_sphere,ratio,2.0,0.9,0.0,0.0,0.0,0.0
2,euclidean,intent_quantile_0.5,nearest_sphere,inverse_margin,0.0,0.9,0.262,0.272,0.27,0.002
2,euclidean,intent_quantile_0.5,nearest_sphere,inverse_margin,0.25,0.9,0.038,0.038,0.038,0.0
2,euclidean,intent_quantile_0.5,nearest_sphere,inverse_margin,0.5,0.9,0.012,0.012,0.012,0.0
2,euclidean,intent_quantile_0.5,nearest_sphere,inverse_margin,1.0,0.9,0.0,0.0,0.0,0.0
2,euclidean,intent_quantile_0.5,nearest_sphere,inverse_margin,2.0,0.9,0.0,0.0,0.0,0.0
2,euclidean,intent_quantile_0.5,nearest_sphere,max_ratio,0.0,0.9,0.262,0.272,0.27,0.002
2,euclidean,intent_quantile_0.5,nearest_sphere,max_ratio,0.25,0.9,0.262,0.272,0.27,0.002
2,euclidean,intent_quantile_0.5,nearest_sphere,max_ratio,0.5,0.9,0.262,0.272,0.27,0.002
2,euclidean,intent_quantile_0.5,nearest_sphere,max_ratio,1.0,0.9,0.262,0.272,0.27,0.002
2,euclidean,intent_quantile_0.5,nearest_sphere,max_ratio,2.0,0.9,0.084,0.084,0.084,0.0
2,euclidean,intent_quantile_0.5,normalized_union,none,0.0,0.9,0.262,0.272,0.27,0.002
2,euclidean,intent_quantile_0.5,normalized_union,none,0.25,0.9,0.262,0.272,0.27,0.002
2,euclidean,intent_quantile_0.5,normalized_union,none,0.5,0.9,0.262,0.272,0.27,0.002
2,euclidean,intent_quantile_0.5,normalized_union,none,1.0,0.9,0.262,0.272,0.27,0.002
2,euclidean,intent_quantile_0.5,normalized_union,none,2.0,0.9,0.262,0.272,0.27,0.002
2,euclidean,intent_quantile_0.5,normalized_union,ratio,0.0,0.9,0.262,0.272,0.27,0.002
2,euclidean,intent_quantile_0.5,normalized_union,ratio,0.25,0.9,0.104,0.104,0.104,0.0
2,euclidean,intent_quantile_0.5,normalized_union,ratio,0.5,0.9,0.034,0.034,0.034,0.0
2,euclidean,intent_quantile_0.5,normalized_union,ratio,1.0,0.9,0.006,0.006,0.006,0.0
2,euclidean,intent_quantile_0.5,normalized_union,ratio,2.0,0.9,0.0,0.0,0.0,0.0
2,euclidean,intent_quantile_0.5,normalized_union,inverse_margin,0.0,0.9,0.262,0.272,0.27,0.002
2,euclidean,intent_quantile_0.5,normalized_union,inverse_margin,0.25,0.9,0.038,0.038,0.038,0.0
2,euclidean,intent_quantile_0.5,normalized_union,inverse_margin,0.5,0.9,0.012,0.012,0.012,0.0
2,euclidean,intent_quantile_0.5,normalized_union,inverse_margin,1.0,0.9,0.0,0.0,0.0,0.0
2,euclidean,intent_quantile_0.5,normalized_union,inverse_margin,2.0,0.9,0.0,0.0,0.0,0.0
2,euclidean,intent_quantile_0.5,normalized_union,max_ratio,0.0,0.9,0.262,0.272,0.27,0.002
2,euclidean,intent_quantile_0.5,normalized_union,max_ratio,0.25,0.9,0.262,0.272,0.27,0.002
2,euclidean,intent_quantile_0.5,normalized_union,max_ratio,0.5,0.9,0.262,0.272,0.27,0.002
2,euclidean,intent_quantile_0.5,normalized_union,max_ratio,1.0,0.9,0.262,0.272,0.27,0.002
2,euclidean,intent_quantile_0.5,normalized_union,max_ratio,2.0,0.9,0.084,0.084,0.084,0.0
2,euclidean,center_quantile_0.7,nearest_sphere,none,0.0,0.9,0.38,0.43,0.42,0.01
2,euclidean,center_quantile_0.7,nearest_sphere,none,0.25,0.9,0.38,0.43,0.42,0.01
2,euclidean,center_quantile_0.7,nearest_sphere,none,0.5,0.9,0.38,0.43,0.42,0.01
2,euclidean,center_quantile_0.7,nearest_sphere,none,1.0,0.9,0.38,0.43,0.42,0.01
2,euclidean,center_quantile_0.7,nearest_sphere,none,2.0,0.9,0.38,0.43,0.42,0.01
2,euclidean,center_quantile_0.7,nearest_sphere,ratio,0.0,0.9,0.38,0.43,0.42,0.01
2,euclidean,center_quantile_0.7,nearest_sphere,ratio,0.25,0.9,0.156,0.156,0.156,0.0
2,euclidean,center_quantile_0.7,nearest_sphere,ratio,0.5,0.9,0.038,0.038,0.038,0.0
2,euclidean,center_quantile_0.7,nearest_sphere,ratio,1.0,0.9,0.008,0.008,0.008,0.0
2,euclidean,center_quantile_0.7,nearest_sphere,ratio,2.0,0.9,0.0,0.0,0.0,0.0
2,euclidean,center_quantile_0.7,nearest_sphere,inverse_margin,0.0,0.9,0.38,0.43,0.42,0.01
2,euclidean,center_quantile_0.7,nearest_sphere,inverse_margin,0.25,0.9,0.054,0.054,0.054,0.0
2,euclidean,center_quantile_0.7,nearest_sphere,inverse_margin,0.5,0.9,0.016,0.016,0.016,0.0
2,euclidean,center_quantile_0.7,nearest_sphere,inverse_margin,1.0,0.9,0.0,0.0,0.0,0.0
2,euclidean,center_quantile_0.7,nearest_sphere,inverse_margin,2.0,0.9,0.0,0.0,0.0,0.0
2,euclidean,center_quantile_0.7,nearest_sphere,max_ratio,0.0,0.9,0.38,0.43,0.42,0.01
2,euclidean,center_quantile_0.7,nearest_sphere,max_ratio,0.25,0.9,0.38,0.43,0.42,0.01
2,euclidean,center_quantile_0.7,nearest_sphere,max_ratio,0.5,0.9,0.38,0.43,0.42,0.01
2,euclidean,center_quantile_0.7,nearest_sphere,max_ratio,1.0,0.9,0.398,0.418,0.414,0.004
2,euclidean,center_quantile_0.7,nearest_sphere,max_ratio,2.0,0.9,0.12,0.12,0.12,0.0
2,euclidean,center_quantile_0.7,normalized_union,none,0.0,0.9,0.572,0.712,0.684,0.028
2,euclidean,center_quantile_0.7,normalized_union,none,0.25,0.9,0.572,0.712,0.684,0.028
2,euclidean,center_quantile_0.7,normalized_union,none,0.5,0.9,0.572,0.712,0.684,0.028
2,euclidean,center_quantile_0.7,normalized_union,none,1.0,0.9,0.572,0.712,0.684,0.028
2,euclidean,center_quantile_0.7,normalized_union,none,2.0,0.9,0.572,0.712,0.684,0.028
2,euclidean,center_quantile_0.7,normalized_union,ratio,0.0,0.9,0.572,0.712,0.684,0.028
2,euclidean,center_quantile_0.7,normalized_union,ratio,0.25,0.9,0.328,0.338,0.336,0.002
2,euclidean,center_quantile_0.7,normalized_union,ratio,0.5,0.9,0.064,0.064,0.064,0.0
2,euclidean,center_quantile_0.7,normalized_union,ratio,1.0,0.9,0.008,0.008,0.008,0.0
2,euclidean,center_quantile_0.7,normalized_union,ratio,2.0,0.9,0.0,0.0,0.0,0.0
2,euclidean,center_quantile_0.7,normalized_union,inverse_margin,0.0,0.9,0.572,0.712,0.684,0.028
2,euclidean,center_quantile_0.7,normalized_union,inverse_margin,0.25,0.9,0.08,0.08,0.08,0.0
2,euclidean,center_quantile_0.7,normalized_union,inverse_margin,0.5,0.9,0.018,0.018,0.018,0.0
2,euclidean,center_quantile_0.7,normalized_union,inverse_margin,1.0,0.9,0.0,0.0,0.0,0.0
2,euclidean,center_quantile_0.7,normalized_union,inverse_margin,2.0,0.9,0.0,0.0,0.0,0.0
2,euclidean,center_quantile_0.7,normalized_union,max_ratio,0.0,0.9,0.572,0.712,0.684,0.028
2,euclidean,center_quantile_0.7,normalized_union,max_ratio,0.25,0.9,0.572,0.712,0.684,0.028
2,euclidean,center_quantile_0.7,normalized_union,max_ratio,0.5,0.9,0.572,0.712,0.684,0.028
2,euclidean,center_quantile_0.7,normalized_union,max_ratio,1.0,0.9,0.624,0.694,0.68,0.014
2,euclidean,center_quantile_0.7,normalized_union,max_ratio,2.0,0.9,0.172,0.172,0.172,0.0
2,euclidean,intent_quantile_0.7,nearest_sphere,none,0.0,0.9,0.472,0.482,0.48,0.002
2,euclidean,intent_quantile_0.7,nearest_sphere,none,0.25,0.9,0.472,0.482,0.48,0.002
2,euclidean,intent_quantile_0.7,nearest_sphere,none,0.5,0.9,0.472,0.482,0.48,0.002
2,euclidean,intent_quantile_0.7,nearest_sphere,none,1.0,0.9,0.472,0.482,0.48,0.002
2,euclidean,intent_quantile_0.7,nearest_sphere,none,2.0,0.9,0.472,0.482,0.48,0.002
2,euclidean,intent_quantile_0.7,nearest_sphere,ratio,0.0,0.9,0.472,0.482,0.48,0.002
2,euclidean,intent_quantile_0.7,nearest_sphere,ratio,0.25,0.9,0.228,0.228,0.228,0.0
2,euclidean,intent_quantile_0.7,nearest_sphere,ratio,0.5,0.9,0.072,0.072,0.072,0.0
2,euclidean,intent_quantile_0.7,nearest_sphere,ratio,1.0,0.9,0.014,0.014,0.014,0.0
2,euclidean,intent_quantile_0.7,nearest_sphere,ratio,2.0,0.9,0.0,0.0,0.0,0.0
2,euclidean,intent_quantile_0.7,nearest_sphere,inverse_margin,0.0,0.9,0.472,0.482,0.48,0.002
2,euclidean,intent_quantile_0.7,nearest_sphere,inverse_margin,0.25,0.9,0.076,0.076,0.076,0.0
2,euclidean,intent_quantile_0.7,nearest_sphere,inverse_margin,0.5,0.9,0.024,0.024,0.024,0.0
2,euclidean,intent_quantile_0.7,nearest_sphere,inverse_margin,1.0,0.9,0.002,0.002,0.002,0.0
2,euclidean,intent_quantile_0.7,nearest_sphere,inverse_margin,2.0,0.9,0.0,0.0,0.0,0.0
2,euclidean,intent_quantile_0.7,nearest_sphere,max_ratio,0.0,0.9,0.472,0.482,0.48,0.002
2,euclidean,intent_quantile_0.7,nearest_sphere,max_ratio,0.25,0.9,0.472,0.482,0.48,0.002
2,euclidean,intent_quantile_0.7,nearest_sphere,max_ratio,0.5,0.9,0.472,0.482,0.48,0.002
2,euclidean,intent_quantile_0.7,nearest_sphere,max_ratio,1.0,0.9,0.472,0.482,0.48,0.002
2,euclidean,intent_quantile_0.7,nearest_sphere,max_ratio,2.0,0.9,0.14,0.14,0.14,0.0
2,euclidean,intent_quantile_0.7,normalized_union,none,0.0,0.9,0.472,0.482,0.48,0.002
2,euclidean,intent_quantile_0.7,normalized_union,none,0.25,0.9,0.472,0.482,0.48,0.002
2,euclidean,intent_quantile_0.7,normalized_union,none,0.5,0.9,0.472,0.482,0.48,0.002
2,euclidean,intent_quantile_0.7,normalized_union,none,1.0,0.9,0.472,0.482,0.48,0.002
2,euclidean,intent_quantile_0.7,normalized_union,none,2.0,0.9,0.472,0.482,0.48,0.002
2,euclidean,intent_quantile_0.7,normalized_union,ratio,0.0,0.9,0.472,0.482,0.48,0.002
2,euclidean,intent_quantile_0.7,normalized_union,ratio,0.25,0.9,0.228,0.228,0.228,0.0
2,euclidean,intent_quantile_0.7,normalized_union,ratio,0.5,0.9,0.072,0.072,0.072,0.0
2,euclidean,intent_quantile_0.7,normalized_union,ratio,1.0,0.9,0.014,0.014,0.014,0.0
2,euclidean,intent_quantile_0.7,normalized_union,ratio,2.0,0.9,0.0,0.0,0.0,0.0
2,euclidean,intent_quantile_0.7,normalized_union,inverse_margin,0.0,0.9,0.472,0.482,0.48,0.002
2,euclidean,intent_quantile_0.7,normalized_union,inverse_margin,0.25,0.9,0.076,0.076,0.076,0.0
2,euclidean,intent_quantile_0.7,normalized_union,inverse_margin,0.5,0.9,0.024,0.024,0.024,0.0
2,euclidean,intent_quantile_0.7,normalized_union,inverse_margin,1.0,0.9,0.002,0.002,0.002,0.0
2,euclidean,intent_quantile_0.7,normalized_union,inverse_margin,2.0,0.9,0.0,0.0,0.0,0.0
2,euclidean,intent_quantile_0.7,normalized_union,max_ratio,0.0,0.9,0.472,0.482,0.48,0.002
2,euclidean,intent_quantile_0.7,normalized_union,max_ratio,0.25,0.9,0.472,0.482,0.48,0.002
2,euclidean,intent_quantile_0.7,normalized_union,max_ratio,0.5,0.9,0.472,0.482,0.48,0.002
2,euclidean,intent_quantile_0.7,normalized_union,max_ratio,1.0,0.9,0.472,0.482,0.48,0.002
2,euclidean,intent_quantile_0.7,normalized_union,max_ratio,2.0,0.9,0.14,0.14,0.14,0.0
2,euclidean,center_quantile_0.8,nearest_sphere,none,0.0,0.9,0.522,0.582,0.57,0.012
2,euclidean,center_quantile_0.8,nearest_sphere,none,0.25,0.9,0.522,0.582,0.57,0.012
2,euclidean,center_quantile_0.8,nearest_sphere,none,0.5,0.9,0.522,0.582,0.57,0.012
2,euclidean,center_quantile_0.8,nearest_sphere,none,1.0,0.9,0.522,0.582,0.57,0.012
2,euclidean,center_quantile_0.8,nearest_sphere,none,2.0,0.9,0.522,0.582,0.57,0.012
2,euclidean,center_quantile_0.8,nearest_sphere,ratio,0.0,0.9,0.522,0.582,0.57,0.012
2,euclidean,center_quantile_0.8,nearest_sphere,ratio,0.25,0.9,0.254,0.264,0.262,0.002
2,euclidean,center_quantile_0.8,nearest_sphere,ratio,0.5,0.9,0.078,0.078,0.078,0.0
2,euclidean,center_quantile_0.8,nearest_sphere,ratio,1.0,0.9,0.008,0.008,0.008,0.0
2,euclidean,center_quantile_0.8,nearest_sphere,ratio,2.0,0.9,0.0,0.0,0.0,0.0
2,euclidean,center_quantile_0.8,nearest_sphere,inverse_margin,0.0,0.9,0.522,0.582,0.57,0.012
2,euclidean,center_quantile_0.8,nearest_sphere,inverse_margin,0.25,0.9,0.082,0.082,0.082,0.0
2,euclidean,center_quantile_0.8,nearest_sphere,inverse_margin,0.5,0.9,0.022,0.022,0.022,0.0
2,euclidean,center_quantile_0.8,nearest_sphere,inverse_margin,1.0,0.9,0.0,0.0,0.0,0.0
2,euclidean,center_quantile_0.8,nearest_sphere,inverse_margin,2.0,0.9,0.0,0.0,0.0,0.0
2,euclidean,center_quantile_0.8,nearest_sphere,max_ratio,0.0,0.9,0.522,0.582,0.57,0.012
2,euclidean,center_quantile_0.8,nearest_sphere,max_ratio,0.25,0.9,0.522,0.582,0.57,0.012
2,euclidean,center_quantile_0.8,nearest_sphere,max_ratio,0.5,0.9,0.522,0.582,0.57,0.012
2,euclidean,center_quantile_0.8,nearest_sphere,max_ratio,1.0,0.9,0.538,0.558,0.554,0.004
2,euclidean,center_quantile_0.8,nearest_sphere,max_ratio,2.0,0.9,0.14,0.14,0.14,0.0
2,euclidean,center_quantile_0.8,normalized_union,none,0.0,0.9,0.608,0.838,0.792,0.046
2,euclidean,center_quantile_0.8,normalized_union,none,0.25,0.9,0.608,0.838,0.792,0.046
2,euclidean,center_quantile_0.8,normalized_union,none,0.5,0.9,0.608,0.838,0.792,0.046
2,euclidean,center_quantile_0.8,normalized_union,none,1.0,0.9,0.608,0.838,0.792,0.046
2,euclidean,center_quantile_0.8,normalized_union,none,2.0,0.9,0.608,0.838,0.792,0.046
2,euclidean,center_quantile_0.8,normalized_union,ratio,0.0,0.9,0.608,0.838,0.792,0.046
2,euclidean,center_quantile_0.8,normalized_union,ratio,0.25,0.9,0.472,0.492,0.488,0.004
2,euclidean,center_quantile_0.8,normalized_union,ratio,0.5,0.9,0.152,0.152,0.152,0.0
2,euclidean,center_quantile_0.8,normalized_union,ratio,1.0,0.9,0.008,0.008,0.008,0.0
2,euclidean,center_quantile_0.8,normalized_union,ratio,2.0,0.9,0.0,0.0,0.0,0.0
2,euclidean,center_quantile_0.8,normalized_union,inverse_margin,0.0,0.9,0.608,0.838,0.792,0.046
2,euclidean,center_quantile_0.8,normalized_union,inverse_margin,0.25,0.9,0.166,0.166,0.166,0.0
2,euclidean,center_quantile_0.8,normalized_union,inverse_margin,0.5,0.9,0.024,0.024,0.024,0.0
2,euclidean,center_quantile_0.8,normalized_union,inverse_margin,1.0,0.9,0.0,0.0,0.0,0.0
2,euclidean,center_quantile_0.8,normalized_union,inverse_margin,2.0,0.9,0.0,0.0,0.0,0.0
2,euclidean,center_quantile_0.8,normalized_union,max_ratio,0.0,0.9,0.608,0.838,0.792,0.046
2,euclidean,center_quantile_0.8,normalized_union,max_ratio,0.25,0.9,0.608,0.838,0.792,0.046
2,euclidean,center_quantile_0.8,normalized_union,max_ratio,0.5,0.9,0.608,0.838,0.792,0.046
2,euclidean,center_quantile_0.8,normalized_union,max_ratio,1.0,0.9,0.684,0.804,0.78,0.024
2,euclidean,center_quantile_0.8,normalized_union,max_ratio,2.0,0.9,0.174,0.174,0.174,0.0
2,euclidean,intent_quantile_0.8,nearest_sphere,none,0.0,0.9,0.686,0.696,0.694,0.002
2,euclidean,intent_quantile_0.8,nearest_sphere,none,0.25,0.9,0.686,0.696,0.694,0.002
2,euclidean,intent_quantile_0.8,nearest_sphere,none,0.5,0.9,0.686,0.696,0.694,0.002
2,euclidean,intent_quantile_0.8,nearest_sphere,none,1.0,0.9,0.686,0.696,0.694,0.002
2,euclidean,intent_quantile_0.8,nearest_sphere,none,2.0,0.9,0.686,0.696,0.694,0.002
2,euclidean,intent_quantile_0.8,nearest_sphere,ratio,0.0,0.9,0.686,0.696,0.694,0.002
2,euclidean,intent_quantile_0.8,nearest_sphere,ratio,0.25,0.9,0.366,0.376,0.374,0.002
2,euclidean,intent_quantile_0.8,nearest_sphere,ratio,0.5,0.9,0.158,0.158,0.158,0.0
2,euclidean,intent_quantile_0.8,nearest_sphere,ratio,1.0,0.9,0.022,0.022,0.022,0.0
2,euclidean,intent_quantile_0.8,nearest_sphere,ratio,2.0,0.9,0.0,0.0,0.0,0.0
2,euclidean,intent_quantile_0.8,nearest_sphere,inverse_margin,0.0,0.9,0.686,0.696,0.694,0.002
2,euclidean,intent_quantile_0.8,nearest_sphere,inverse_margin,0.25,0.9,0.174,0.174,0.174,0.0
2,euclidean,intent_quantile_0.8,nearest_sphere,inverse_margin,0.5,0.9,0.042,0.042,0.042,0.0
2,euclidean,intent_quantile_0.8,nearest_sphere,inverse_margin,1.0,0.9,0.008,0.008,0.008,0.0
2,euclidean,intent_quantile_0.8,nearest_sphere,inverse_margin,2.0,0.9,0.0,0.0,0.0,0.0
2,euclidean,intent_quantile_0.8,nearest_sphere,max_ratio,0.0,0.9,0.686,0.696,0.694,0.002
2,euclidean,intent_quantile_0.8,nearest_sphere,max_ratio,0.25,0.9,0.686,0.696,0.694,0.002
2,euclidean,intent_quantile_0.8,nearest_sphere,max_ratio,0.5,0.9,0.686,0.696,0.694,0.002
2,euclidean,intent_quantile_0.8,nearest_sphere,max_ratio,1.0,0.9,0.682,0.692,0.69,0.002
2,euclidean,intent_quantile_0.8,nearest_sphere,max_ratio,2.0,0.9,0.168,0.168,0.168,0.0
2,euclidean,intent_quantile_0.8,normalized_union,none,0.0,0.9,0.678,0.698,0.694,0.004
2,euclidean,intent_quantile_0.8,normalized_union,none,0.25,0.9,0.678,0.698,0.694,0.004
2,euclidean,intent_quantile_0.8,normalized_union,none,0.5,0.9,0.678,0.698,0.694,0.004
2,euclidean,intent_quantile_0.8,normalized_union,none,1.0,0.9,0.678,0.698,0.694,0.004
2,euclidean,intent_quantile_0.8,normalized_union,none,2.0,0.9,0.678,0.698,0.694,0.004
2,euclidean,intent_quantile_0.8,normalized_union,ratio,0.0,0.9,0.678,0.698,0.694,0.004
2,euclidean,intent_quantile_0.8,normalized_union,ratio,0.25,0.9,0.366,0.376,0.374,0.002
2,euclidean,intent_quantile_0.8,normalized_union,ratio,0.5,0.9,0.158,0.158,0.158,0.0
2,euclidean,intent_quantile_0.8,normalized_union,ratio,1.0,0.9,0.022,0.022,0.022,0.0
2,euclidean,intent_quantile_0.8,normalized_union,ratio,2.0,0.9,0.0,0.0,0.0,0.0
2,euclidean,intent_quantile_0.8,normalized_union,inverse_margin,0.0,0.9,0.678,0.698,0.694,0.004
2,euclidean,intent_quantile_0.8,normalized_union,inverse_margin,0.25,0.9,0.174,0.174,0.174,0.0
2,euclidean,intent_quantile_0.8,normalized_union,inverse_margin,0.5,0.9,0.042,0.042,0.042,0.0
2,euclidean,intent_quantile_0.8,normalized_union,inverse_margin,1.0,0.9,0.008,0.008,0.008,0.0
2,euclidean,intent_quantile_0.8,normalized_union,inverse_margin,2.0,0.9,0.0,0.0,0.0,0.0
2,euclidean,intent_quantile_0.8,normalized_union,max_ratio,0.0,0.9,0.678,0.698,0.694,0.004
2,euclidean,intent_quantile_0.8,normalized_union,max_ratio,0.25,0.9,0.678,0.698,0.694,0.004
2,euclidean,intent_quantile_0.8,normalized_union,max_ratio,0.5,0.9,0.678,0.698,0.694,0.004
2,euclidean,intent_quantile_0.8,normalized_union,max_ratio,1.0,0.9,0.682,0.692,0.69,0.002
2,euclidean,intent_quantile_0.8,normalized_union,max_ratio,2.0,0.9,0.168,0.168,0.168,0.0
2,euclidean,center_quantile_0.9,nearest_sphere,none,0.0,0.9,0.72,0.8,0.784,0.016
2,euclidean,center_quantile_0.9,nearest_sphere,none,0.25,0.9,0.72,0.8,0.784,0.016
2,euclidean,center_quantile_0.9,nearest_sphere,none,0.5,0.9,0.72,0.8,0.784,0.016
2,euclidean,center_quantile_0.9,nearest_sphere,none,1.0,0.9,0.72,0.8,0.784,0.016
2,euclidean,center_quantile_0.9,nearest_sphere,none,2.0,0.9,0.72,0.8,0.784,0.016
2,euclidean,center_quantile_0.9,nearest_sphere,ratio,0.0,0.9,0.72,0.8,0.784,0.016
2,euclidean,center_quantile_0.9,nearest_sphere,ratio,0.25,0.9,0.416,0.436,0.432,0.004
2,euclidean,center_quantile_0.9,nearest_sphere,ratio,0.5,0.9,0.178,0.178,0.178,0.0
2,euclidean,center_quantile_0.9,nearest_sphere,ratio,1.0,0.9,0.02,0.02,0.02,0.0
2,euclidean,center_quantile_0.9,nearest_sphere,ratio,2.0,0.9,0.0,0.0,0.0,0.0
2,euclidean,center_quantile_0.9,nearest_sphere,inverse_margin,0.0,0.9,0.72,0.8,0.784,0.016
2,euclidean,center_quantile_0.9,nearest_sphere,inverse_margin,0.25,0.9,0.174,0.174,0.174,0.0
2,euclidean,center_quantile_0.9,nearest_sphere,inverse_margin,0.5,0.9,0.04,0.04,0.04,0.0
2,euclidean,center_quantile_0.9,nearest_sphere,inverse_margin,1.0,0.9,0.004,0.004,0.004,0.0
2,euclidean,center_quantile_0.9,nearest_sphere,inverse_margin,2.0,0.9,0.0,0.0,0.0,0.0
2,euclidean,center_quantile_0.9,nearest_sphere,max_ratio,0.0,0.9,0.72,0.8,0.784,0.016
2,euclidean,center_quantile_0.9,nearest_sphere,max_ratio,0.25,0.9,0.72,0.8,0.784,0.016
2,euclidean,center_quantile_0.9,nearest_sphere,max_ratio,0.5,0.9,0.72,0.8,0.784,0.016
2,euclidean,center_quantile_0.9,nearest_sphere,max_ratio,1.0,0.9,0.744,0.764,0.76,0.004
2,euclidean,center_quantile_0.9,nearest_sphere,max_ratio,2.0,0.9,0.168,0.168,0.168,0.0
2,euclidean,center_quantile_0.9,normalized_union,none,0.0,0.9,0.636,0.926,0.868,0.058
2,euclidean,center_quantile_0.9,normalized_union,none,0.25,0.9,0.636,0.926,0.868,0.058
2,euclidean,center_quantile_0.9,normalized_union,none,0.5,0.9,0.636,0.926,0.868,0.058
2,euclidean,center_quantile_0.9,normalized_union,none,1.0,0.9,0.636,0.926,0.868,0.058
2,euclidean,center_quantile_0.9,normalized_union,none,2.0,0.9,0.636,0.926,0.868,0.058
2,euclidean,center_quantile_0.9,normalized_union,ratio,0.0,0.9,0.636,0.926,0.868,0.058
2,euclidean,center_quantile_0.9,normalized_union,ratio,0.25,0.9,0.64,0.69,0.68,0.01
2,euclidean,center_quantile_0.9,normalized_union,ratio,0.5,0.9,0.32,0.32,0.32,0.0
2,euclidean,center_quantile_0.9,normalized_union,ratio,1.0,0.9,0.022,0.022,0.022,0.0
2,euclidean,center_quantile_0.9,normalized_union,ratio,2.0,0.9,0.0,0.0,0.0,0.0
2,euclidean,center_quantile_0.9,normalized_union,inverse_margin,0.0,0.9,0.636,0.926,0.868,0.058
2,euclidean,center_quantile_0.9,normalized_union,inverse_margin,0.25,0.9,0.3,0.3,0.3,0.0
2,euclidean,center_quantile_0.9,normalized_union,inverse_margin,0.5,0.9,0.056,0.056,0.056,0.0
2,euclidean,center_quantile_0.9,normalized_union,inverse_margin,1.0,0.9,0.004,0.004,0.004,0.0
2,euclidean,center_quantile_0.9,normalized_union,inverse_margin,2.0,0.9,0.0,0.0,0.0,0.0
2,euclidean,center_quantile_0.9,normalized_union,max_ratio,0.0,0.9,0.636,0.926,0.868,0.058
2,euclidean,center_quantile_0.9,normalized_union,max_ratio,0.25,0.9,0.636,0.926,0.868,0.058
2,euclidean,center_quantile_0.9,normalized_union,max_ratio,0.5,0.9,0.636,0.926,0.868,0.058
2,euclidean,center_quantile_0.9,normalized_union,max_ratio,1.0,0.9,0.772,0.872,0.852,0.02
2,euclidean,center_quantile_0.9,normalized_union,max_ratio,2.0,0.9,0.174,0.174,0.174,0.0
2,euclidean,intent_quantile_0.9,nearest_sphere,none,0.0,0.9,0.81,0.83,0.826,0.004
2,euclidean,intent_quantile_0.9,nearest_sphere,none,0.25,0.9,0.81,0.83,0.826,0.004
2,euclidean,intent_quantile_0.9,nearest_sphere,none,0.5,0.9,0.81,0.83,0.826,0.004
2,euclidean,intent_quantile_0.9,nearest_sphere,none,1.0,0.9,0.81,0.83,0.826,0.004
2,euclidean,intent_quantile_0.9,nearest_sphere,none,2.0,0.9,0.81,0.83,0.826,0.004
2,euclidean,intent_quantile_0.9,nearest_sphere,ratio,0.0,0.9,0.81,0.83,0.826,0.004
2,euclidean,intent_quantile_0.9,nearest_sphere,ratio,0.25,0.9,0.626,0.636,0.634,0.002
2,euclidean,intent_quantile_0.9,nearest_sphere,ratio,0.5,0.9,0.352,0.352,0.352,0.0
2,euclidean,intent_quantile_0.9,nearest_sphere,ratio,1.0,0.9,0.062,0.062,0.062,0.0
2,euclidean,intent_quantile_0.9,nearest_sphere,ratio,2.0,0.9,0.0,0.0,0.0,0.0
2,euclidean,intent_quantile_0.9,nearest_sphere,inverse_margin,0.0,0.9,0.81,0.83,0.826,0.004
2,euclidean,intent_quantile_0.9,nearest_sphere,inverse_margin,0.25,0.9,0.32,0.32,0.32,0.0
2,euclidean,intent_quantile_0.9,nearest_sphere,inverse_margin,0.5,0.9,0.116,0.116,0.116,0.0
2,euclidean,intent_quantile_0.9,nearest_sphere,inverse_margin,1.0,0.9,0.018,0.018,0.018,0.0
2,euclidean,intent_quantile_0.9,nearest_sphere,inverse_margin,2.0,0.9,0.0,0.0,0.0,0.0
2,euclidean,intent_quantile_0.9,nearest_sphere,max_ratio,0.0,0.9,0.81,0.83,0.826,0.004
2,euclidean,intent_quantile_0.9,nearest_sphere,max_ratio,0.25,0.9,0.81,0.83,0.826,0.004
2,euclidean,intent_quantile_0.9,nearest_sphere,max_ratio,0.5,0.9,0.81,0.83,0.826,0.004
2,euclidean,intent_quantile_0.9,nearest_sphere,max_ratio,1.0,0.9,0.808,0.818,0.816,0.002
2,euclidean,intent_quantile_0.9,nearest_sphere,max_ratio,2.0,0.9,0.174,0.174,0.174,0.0
2,euclidean,intent_quantile_0.9,normalized_union,none,0.0,0.9,0.784,0.834,0.824,0.01
2,euclidean,intent_quantile_0.9,normalized_union,none,0.25,0.9,0.784,0.834,0.824,0.01
2,euclidean,intent_quantile_0.9,normalized_union,none,0.5,0.9,0.784,0.834,0.824,0.01
2,euclidean,intent_quantile_0.9,normalized_union,none,1.0,0.9,0.784,0.834,0.824,0.01
2,euclidean,intent_quantile_0.9,normalized_union,none,2.0,0.9,0.784,0.834,0.824,0.01
2,euclidean,intent_quantile_0.9,normalized_union,ratio,0.0,0.9,0.784,0.834,0.824,0.01
2,euclidean,intent_quantile_0.9,normalized_union,ratio,0.25,0.9,0.626,0.636,0.634,0.002
2,euclidean,intent_quantile_0.9,normalized_union,ratio,0.5,0.9,0.352,0.352,0.352,0.0
2,euclidean,intent_quantile_0.9,normalized_union,ratio,1.0,0.9,0.062,0.062,0.062,0.0
2,euclidean,intent_quantile_0.9,normalized_union,ratio,2.0,0.9,0.0,0.0,0.0,0.0
2,euclidean,intent_quantile_0.9,normalized_union,inverse_margin,0.0,0.9,0.784,0.834,0.824,0.01
2,euclidean,intent_quantile_0.9,normalized_union,inverse_margin,0.25,0.9,0.32,0.32,0.32,0.0
2,euclidean,intent_quantile_0.9,normalized_union,inverse_margin,0.5,0.9,0.116,0.116,0.116,0.0
2,euclidean,intent_quantile_0.9,normalized_union,inverse_margin,1.0,0.9,0.018,0.018,0.018,0.0
2,euclidean,intent_quantile_0.9,normalized_union,inverse_margin,2.0,0.9,0.0,0.0,0.0,0.0
2,euclidean,intent_quantile_0.9,normalized_union,max_ratio,0.0,0.9,0.784,0.834,0.824,0.01
2,euclidean,intent_quantile_0.9,normalized_union,max_ratio,0.25,0.9,0.784,0.834,0.824,0.01
2,euclidean,intent_quantile_0.9,normalized_union,max_ratio,0.5,0.9,0.784,0.834,0.824,0.01
2,euclidean,intent_quantile_0.9,normalized_union,max_ratio,1.0,0.9,0.808,0.818,0.816,0.002
2,euclidean,intent_quantile_0.9,normalized_union,max_ratio,2.0,0.9,0.174,0.174,0.174,0.0
2,euclidean,center_quantile_0.95,nearest_sphere,none,0.0,0.9,0.79,0.9,0.878,0.022
2,euclidean,center_quantile_0.95,nearest_sphere,none,0.25,0.9,0.79,0.9,0.878,0.022
2,euclidean,center_quantile_0.95,nearest_sphere,none,0.5,0.9,0.79,0.9,0.878,0.022
2,euclidean,center_quantile_0.95,nearest_sphere,none,1.0,0.9,0.79,0.9,0.878,0.022
2,euclidean,center_quantile_0.95,nearest_sphere,none,2.0,0.9,0.79,0.9,0.878,0.022
2,euclidean,center_quantile_0.95,nearest_sphere,ratio,0.0,0.9,0.79,0.9,0.878,0.022
2,euclidean,center_quantile_0.95,nearest_sphere,ratio,0.25,0.9,0.58,0.61,0.604,0.006
2,euclidean,center_quantile_0.95,nearest_sphere,ratio,0.5,0.9,0.306,0.316,0.314,0.002
2,euclidean,center_quantile_0.95,nearest_sphere,ratio,1.0,0.9,0.036,0.036,0.036,0.0
2,euclidean,center_quantile_0.95,nearest_sphere,ratio,2.0,0.9,0.0,0.0,0.0,0.0
2,euclidean,center_quantile_0.95,nearest_sphere,inverse_margin,0.0,0.9,0.79,0.9,0.878,0.022
2,euclidean,center_quantile_0.95,nearest_sphere,inverse_margin,0.25,0.9,0.266,0.276,0.274,0.002
2,euclidean,center_quantile_0.95,nearest_sphere,inverse_margin,0.5,0.9,0.058,0.058,0.058,0.0
2,euclidean,center_quantile_0.95,nearest_sphere,inverse_margin,1.0,0.9,0.008,0.008,0.008,0.0
2,euclidean,center_quantile_0.95,nearest_sphere,inverse_margin,2.0,0.9,0.0,0.0,0.0,0.0
2,euclidean,center_quantile_0.95,nearest_sphere,max_ratio,0.0,0.9,0.79,0.9,0.878,0.022
2,euclidean,center_quantile_0.95,nearest_sphere,max_ratio,0.25,0.9,0.79,0.9,0.878,0.022
2,euclidean,center_quantile_0.95,nearest_sphere,max_ratio,0.5,0.9,0.79,0.9,0.878,0.022
2,euclidean,center_quantile_0.95,nearest_sphere,max_ratio,1.0,0.9,0.818,0.848,0.842,0.006
2,euclidean,center_quantile_0.95,nearest_sphere,max_ratio,2.0,0.9,0.172,0.172,0.172,0.0
2,euclidean,center_quantile_0.95,normalized_union,none,0.0,0.9,0.716,0.966,0.916,0.05
2,euclidean,center_quantile_0.95,normalized_union,none,0.25,0.9,0.716,0.966,0.916,0.05
2,euclidean,center_quantile_0.95,normalized_union,none,0.5,0.9,0.716,0.966,0.916,0.05
2,euclidean,center_quantile_0.95,normalized_union,none,1.0,0.9,0.716,0.966,0.916,0.05
2,euclidean,center_quantile_0.95,normalized_union,none,2.0,0.9,0.716,0.966,0.916,0.05
2,euclidean,center_quantile_0.95,normalized_union,ratio,0.0,0.9,0.716,0.966,0.916,0.05
2,euclidean,center_quantile_0.95,normalized_union,ratio,0.25,0.9,0.764,0.834,0.82,0.014
2,euclidean,center_quantile_0.95,normalized_union,ratio,0.5,0.9,0.49,0.5,0.498,0.002
2,euclidean,center_quantile_0.95,normalized_union,ratio,1.0,0.9,0.04,0.04,0.04,0.0
2,euclidean,center_quantile_0.95,normalized_union,ratio,2.0,0.9,0.0,0.0,0.0,0.0
2,euclidean,center_quantile_0.95,normalized_union,inverse_margin,0.0,0.9,0.716,0.966,0.916,0.05
2,euclidean,center_quantile_0.95,normalized_union,inverse_margin,0.25,0.9,0.402,0.412,0.41,0.002
2,euclidean,center_quantile_0.95,normalized_union,inverse_margin,0.5,0.9,0.084,0.084,0.084,0.0
2,euclidean,center_quantile_0.95,normalized_union,inverse_margin,1.0,0.9,0.008,0.008,0.008,0.0
2,euclidean,center_quantile_0.95,normalized_union,inverse_margin,2.0,0.9,0.0,0.0,0.0,0.0
2,euclidean,center_quantile_0.95,normalized_union,max_ratio,0.0,0.9,0.716,0.966,0.916,0.05
2,euclidean,center_quantile_0.95,normalized_union,max_ratio,0.25,0.9,0.716,0.966,0.916,0.05
2,euclidean,center_quantile_0.95,normalized_union,max_ratio,0.5,0.9,0.716,0.966,0.916,0.05
2,euclidean,center_quantile_0.95,normalized_union,max_ratio,1.0,0.9,0.852,0.902,0.892,0.01
2,euclidean,center_quantile_0.95,normalized_union,max_ratio,2.0,0.9,0.174,0.174,0.174,0.0
2,euclidean,intent_quantile_0.95,nearest_sphere,none,0.0,0.9,0.842,0.892,0.882,0.01
2,euclidean,intent_quantile_0.95,nearest_sphere,none,0.25,0.9,0.842,0.892,0.882,0.01
2,euclidean,intent_quantile_0.95,nearest_sphere,none,0.5,0.9,0.842,0.892,0.882,0.01
2,euclidean,intent_quantile_0.95,nearest_sphere,none,1.0,0.9,0.842,0.892,0.882,0.01
2,euclidean,intent_quantile_0.95,nearest_sphere,none,2.0,0.9,0.842,0.892,0.882,0.01
2,euclidean,intent_quantile_0.95,nearest_sphere,ratio,0.0,0.9,0.842,0.892,0.882,0.01
2,euclidean,intent_quantile_0.95,nearest_sphere,ratio,0.25,0.9,0.764,0.774,0.772,0.002
2,euclidean,intent_quantile_0.95,nearest_sphere,ratio,0.5,0.9,0.48,0.49,0.488,0.002
2,euclidean,intent_quantile_0.95,nearest_sphere,ratio,1.0,0.9,0.128,0.128,0.128,0.0
2,euclidean,intent_quantile_0.95,nearest_sphere,ratio,2.0,0.9,0.004,0.004,0.004,0.0
2,euclidean,intent_quantile_0.95,nearest_sphere,inverse_margin,0.0,0.9,0.842,0.892,0.882,0.01
2,euclidean,intent_quantile_0.95,nearest_sphere,inverse_margin,0.25,0.9,0.408,0.408,0.408,0.0
2,euclidean,intent_quantile_0.95,nearest_sphere,inverse_margin,0.5,0.9,0.17,0.17,0.17,0.0
2,euclidean,intent_quantile_0.95,nearest_sphere,inverse_margin,1.0,0.9,0.03,0.03,0.03,0.0
2,euclidean,intent_quantile_0.95,nearest_sphere,inverse_margin,2.0,0.9,0.0,0.0,0.0,0.0
2,euclidean,intent_quantile_0.95,nearest_sphere,max_ratio,0.0,0.9,0.842,0.892,0.882,0.01
2,euclidean,intent_quantile_0.95,nearest_sphere,max_ratio,0.25,0.9,0.842,0.892,0.882,0.01
2,euclidean,intent_quantile_0.95,nearest_sphere,max_ratio,0.5,0.9,0.842,0.892,0.882,0.01
2,euclidean,intent_quantile_0.95,nearest_sphere,max_ratio,1.0,0.9,0.852,0.872,0.868,0.004
2,euclidean,intent_quantile_0.95,nearest_sphere,max_ratio,2.0,0.9,0.174,0.174,0.174,0.0
2,euclidean,intent_quantile_0.95,normalized_union,none,0.0,0.9,0.806,0.896,0.878,0.018
2,euclidean,intent_quantile_0.95,normalized_union,none,0.25,0.9,0.806,0.896,0.878,0.018
2,euclidean,intent_quantile_0.95,normalized_union,none,0.5,0.9,0.806,0.896,0.878,0.018
2,euclidean,intent_quantile_0.95,normalized_union,none,1.0,0.9,0.806,0.896,0.878,0.018
2,euclidean,intent_quantile_0.95,normalized_union,none,2.0,0.9,0.806,0.896,0.878,0.018
2,euclidean,intent_quantile_0.95,normalized_union,ratio,0.0,0.9,0.806,0.896,0.878,0.018
2,euclidean,intent_quantile_0.95,normalized_union,ratio,0.25,0.9,0.764,0.774,0.772,0.002
2,euclidean,intent_quantile_0.95,normalized_union,ratio,0.5,0.9,0.48,0.49,0.488,0.002
2,euclidean,intent_quantile_0.95,normalized_union,ratio,1.0,0.9,0.128,0.128,0.128,0.0
2,euclidean,intent_quantile_0.95,normalized_union,ratio,2.0,0.9,0.004,0.004,0.004,0.0
2,euclidean,intent_quantile_0.95,normalized_union,inverse_margin,0.0,0.9,0.806,0.896,0.878,0.018
2,euclidean,intent_quantile_0.95,normalized_union,inverse_margin,0.25,0.9,0.408,0.408,0.408,0.0
2,euclidean,intent_quantile_0.95,normalized_union,inverse_margin,0.5,0.9,0.17,0.17,0.17,0.0
2,euclidean,intent_quantile_0.95,normalized_union,inverse_margin,1.0,0.9,0.03,0.03,0.03,0.0
2,euclidean,intent_quantile_0.95,normalized_union,inverse_margin,2.0,0.9,0.0,0.0,0.0,0.0
2,euclidean,intent_quantile_0.95,normalized_union,max_ratio,0.0,0.9,0.806,0.896,0.878,0.018
2,euclidean,intent_quantile_0.95,normalized_union,max_ratio,0.25,0.9,0.806,0.896,0.878,0.018
2,euclidean,intent_quantile_0.95,normalized_union,max_ratio,0.5,0.9,0.806,0.896,0.878,0.018
2,euclidean,intent_quantile_0.95,normalized_union,max_ratio,1.0,0.9,0.852,0.872,0.868,0.004
2,euclidean,intent_quantile_0.95,normalized_union,max_ratio,2.0,0.9,0.174,0.174,0.174,0.0
2,euclidean,center_quantile_0.99,nearest_sphere,none,0.0,0.9,0.842,0.962,0.938,0.024
2,euclidean,center_quantile_0.99,nearest_sphere,none,0.25,0.9,0.842,0.962,0.938,0.024
2,euclidean,center_quantile_0.99,nearest_sphere,none,0.5,0.9,0.842,0.962,0.938,0.024
2,euclidean,center_quantile_0.99,nearest_sphere,none,1.0,0.9,0.842,0.962,0.938,0.024
2,euclidean,center_quantile_0.99,nearest_sphere,none,2.0,0.9,0.842,0.962,0.938,0.024
2,euclidean,center_quantile_0.99,nearest_sphere,ratio,0.0,0.9,0.842,0.962,0.938,0.024
2,euclidean,center_quantile_0.99,nearest_sphere,ratio,0.25,0.9,0.754,0.794,0.786,0.008
2,euclidean,center_quantile_0.99,nearest_sphere,ratio,0.5,0.9,0.53,0.54,0.538,0.002
2,euclidean,center_quantile_0.99,nearest_sphere,ratio,1.0,0.9,0.112,0.112,0.112,0.0
2,euclidean,center_quantile_0.99,nearest_sphere,ratio,2.0,0.9,0.004,0.004,0.004,0.0
2,euclidean,center_quantile_0.99,nearest_sphere,inverse_margin,0.0,0.9,0.842,0.962,0.938,0.024
2,euclidean,center_quantile_0.99,nearest_sphere,inverse_margin,0.25,0.9,0.432,0.442,0.44,0.002
2,euclidean,center_quantile_0.99,nearest_sphere,inverse_margin,0.5,0.9,0.154,0.154,0.154,0.0
2,euclidean,center_quantile_0.99,nearest_sphere,inverse_margin,1.0,0.9,0.018,0.018,0.018,0.0
2,euclidean,center_quantile_0.99,nearest_sphere,inverse_margin,2.0,0.9,0.0,0.0,0.0,0.0
2,euclidean,center_quantile_0.99,nearest_sphere,max_ratio,0.0,0.9,0.842,0.962,0.938,0.024
2,euclidean,center_quantile_0.99,nearest_sphere,max_ratio,0.25,0.9,0.842,0.962,0.938,0.024
2,euclidean,center_quantile_0.99,nearest_sphere,max_ratio,0.5,0.9,0.842,0.962,0.938,0.024
2,euclidean,center_quantile_0.99,nearest_sphere,max_ratio,1.0,0.9,0.858,0.888,0.882,0.006
2,euclidean,center_quantile_0.99,nearest_sphere,max_ratio,2.0,0.9,0.174,0.174,0.174,0.0
2,euclidean,center_quantile_0.99,normalized_union,none,0.0,0.9,0.856,0.986,0.96,0.026
2,euclidean,center_quantile_0.99,normalized_union,none,0.25,0.9,0.856,0.986,0.96,0.026
2,euclidean,center_quantile_0.99,normalized_union,none,0.5,0.9,0.856,0.986,0.96,0.026
2,euclidean,center_quantile_0.99,normalized_union,none,1.0,0.9,0.856,0.986,0.96,0.026
2,euclidean,center_quantile_0.99,normalized_union,none,2.0,0.9,0.856,0.986,0.96,0.026
2,euclidean,center_quantile_0.99,normalized_union,ratio,0.0,0.9,0.856,0.986,0.96,0.026
2,euclidean,center_quantile_0.99,normalized_union,ratio,0.25,0.9,0.828,0.878,0.868,0.01
2,euclidean,center_quantile_0.99,normalized_union,ratio,0.5,0.9,0.654,0.664,0.662,0.002
2,euclidean,center_quantile_0.99,normalized_union,ratio,1.0,0.9,0.114,0.114,0.114,0.0
2,euclidean,center_quantile_0.99,normalized_union,ratio,2.0,0.9,0.004,0.004,0.004,0.0
2,euclidean,center_quantile_0.99,normalized_union,inverse_margin,0.0,0.9,0.856,0.986,0.96,0.026
2,euclidean,center_quantile_0.99,normalized_union,inverse_margin,0.25,0.9,0.492,0.502,0.5,0.002
2,euclidean,center_quantile_0.99,normalized_union,inverse_margin,0.5,0.9,0.156,0.156,0.156,0.0
2,euclidean,center_quantile_0.99,normalized_union,inverse_margin,1.0,0.9,0.018,0.018,0.018,0.0
2,euclidean,center_quantile_0.99,normalized_union,inverse_margin,2.0,0.9,0.0,0.0,0.0,0.0
2,euclidean,center_quantile_0.99,normalized_union,max_ratio,0.0,0.9,0.856,0.986,0.96,0.026
2,euclidean,center_quantile_0.99,normalized_union,max_ratio,0.25,0.9,0.856,0.986,0.96,0.026
2,euclidean,center_quantile_0.99,normalized_union,max_ratio,0.5,0.9,0.856,0.986,0.96,0.026
2,euclidean,center_quantile_0.99,normalized_union,max_ratio,1.0,0.9,0.87,0.91,0.902,0.008
2,euclidean,center_quantile_0.99,normalized_union,max_ratio,2.0,0.9,0.174,0.174,0.174,0.0
2,euclidean,intent_quantile_0.99,nearest_sphere,none,0.0,0.9,0.872,0.972,0.952,0.02
2,euclidean,intent_quantile_0.99,nearest_sphere,none,0.25,0.9,0.872,0.972,0.952,0.02
2,euclidean,intent_quantile_0.99,nearest_sphere,none,0.5,0.9,0.872,0.972,0.952,0.02
2,euclidean,intent_quantile_0.99,nearest_sphere,none,1.0,0.9,0.872,0.972,0.952,0.02
2,euclidean,intent_quantile_0.99,nearest_sphere,none,2.0,0.9,0.872,0.972,0.952,0.02
2,euclidean,intent_quantile_0.99,nearest_sphere,ratio,0.0,0.9,0.872,0.972,0.952,0.02
2,euclidean,intent_quantile_0.99,nearest_sphere,ratio,0.25,0.9,0.86,0.87,0.868,0.002
2,euclidean,intent_quantile_0.99,nearest_sphere,ratio,0.5,0.9,0.708,0.718,0.716,0.002
2,euclidean,intent_quantile_0.99,nearest_sphere,ratio,1.0,0.9,0.244,0.244,0.244,0.0
2,euclidean,intent_quantile_0.99,nearest_sphere,ratio,2.0,0.9,0.014,0.014,0.014,0.0
2,euclidean,intent_quantile_0.99,nearest_sphere,inverse_margin,0.0,0.9,0.872,0.972,0.952,0.02
2,euclidean,intent_quantile_0.99,nearest_sphere,inverse_margin,0.25,0.9,0.542,0.552,0.55,0.002
2,euclidean,intent_quantile_0.99,nearest_sphere,inverse_margin,0.5,0.9,0.242,0.242,0.242,0.0
2,euclidean,intent_quantile_0.99,nearest_sphere,inverse_margin,1.0,0.9,0.044,0.044,0.044,0.0
2,euclidean,intent_quantile_0.99,nearest_sphere,inverse_margin,2.0,0.9,0.0,0.0,0.0,0.0
2,euclidean,intent_quantile_0.99,nearest_sphere,max_ratio,0.0,0.9,0.872,0.972,0.952,0.02
2,euclidean,intent_quantile_0.99,nearest_sphere,max_ratio,0.25,0.9,0.872,0.972,0.952,0.02
2,euclidean,intent_quantile_0.99,nearest_sphere,max_ratio,0.5,0.9,0.872,0.972,0.952,0.02
2,euclidean,intent_quantile_0.99,nearest_sphere,max_ratio,1.0,0.9,0.882,0.902,0.898,0.004
2,euclidean,intent_quantile_0.99,nearest_sphere,max_ratio,2.0,0.9,0.174,0.174,0.174,0.0
2,euclidean,intent_quantile_0.99,normalized_union,none,0.0,0.9,0.794,0.974,0.938,0.036
2,euclidean,intent_quantile_0.99,normalized_union,none,0.25,0.9,0.794,0.974,0.938,0.036
2,euclidean,intent_quantile_0.99,normalized_union,none,0.5,0.9,0.794,0.974,0.938,0.036
2,euclidean,intent_quantile_0.99,normalized_union,none,1.0,0.9,0.794,0.974,0.938,0.036
2,euclidean,intent_quantile_0.99,normalized_union,none,2.0,0.9,0.794,0.974,0.938,0.036
2,euclidean,intent_quantile_0.99,normalized_union,ratio,0.0,0.9,0.794,0.974,0.938,0.036
2,euclidean,intent_quantile_0.99,normalized_union,ratio,0.25,0.9,0.834,0.874,0.866,0.008
2,euclidean,intent_quantile_0.99,normalized_union,ratio,0.5,0.9,0.708,0.718,0.716,0.002
2,euclidean,intent_quantile_0.99,normalized_union,ratio,1.0,0.9,0.244,0.244,0.244,0.0
2,euclidean,intent_quantile_0.99,normalized_union,ratio,2.0,0.9,0.014,0.014,0.014,0.0
2,euclidean,intent_quantile_0.99,normalized_union,inverse_margin,0.0,0.9,0.794,0.974,0.938,0.036
2,euclidean,intent_quantile_0.99,normalized_union,inverse_margin,0.25,0.9,0.542,0.552,0.55,0.002
2,euclidean,intent_quantile_0.99,normalized_union,inverse_margin,0.5,0.9,0.242,0.242,0.242,0.0
2,euclidean,intent_quantile_0.99,normalized_union,inverse_margin,1.0,0.9,0.044,0.044,0.044,0.0
2,euclidean,intent_quantile_0.99,normalized_union,inverse_margin,2.0,0.9,0.0,0.0,0.0,0.0
2,euclidean,intent_quantile_0.99,normalized_union,max_ratio,0.0,0.9,0.794,0.974,0.938,0.036
2,euclidean,intent_quantile_0.99,normalized_union,max_ratio,0.25,0.9,0.794,0.974,0.938,0.036
2,euclidean,intent_quantile_0.99,normalized_union,max_ratio,0.5,0.9,0.794,0.974,0.938,0.036
2,euclidean,intent_quantile_0.99,normalized_union,max_ratio,1.0,0.9,0.872,0.902,0.896,0.006
2,euclidean,intent_quantile_0.99,normalized_union,max_ratio,2.0,0.9,0.174,0.174,0.174,0.0
2,mahalanobis_diag,mean_std_0.0,nearest_sphere,none,0.0,0.9,0.48,0.57,0.552,0.018
2,mahalanobis_diag,mean_std_0.0,nearest_sphere,none,0.25,0.9,0.48,0.57,0.552,0.018
2,mahalanobis_diag,mean_std_0.0,nearest_sphere,none,0.5,0.9,0.48,0.57,0.552,0.018
2,mahalanobis_diag,mean_std_0.0,nearest_sphere,none,1.0,0.9,0.48,0.57,0.552,0.018
2,mahalanobis_diag,mean_std_0.0,nearest_sphere,none,2.0,0.9,0.48,0.57,0.552,0.018
2,mahalanobis_diag,mean_std_0.0,nearest_sphere,ratio,0.0,0.9,0.48,0.57,0.552,0.018
2,mahalanobis_diag,mean_std_0.0,nearest_sphere,ratio,0.25,0.9,0.098,0.098,0.098,0.0
2,mahalanobis_diag,mean_std_0.0,nearest_sphere,ratio,0.5,0.9,0.008,0.008,0.008,0.0
2,mahalanobis_diag,mean_std_0.0,nearest_sphere,ratio,1.0,0.9,0.0,0.0,0.0,0.0
2,mahalanobis_diag,mean_std_0.0,nearest_sphere,ratio,2.0,0.9,0.0,0.0,0.0,0.0
2,mahalanobis_diag,mean_std_0.0,nearest_sphere,inverse_margin,0.0,0.9,0.48,0.57,0.552,0.018
2,mahalanobis_diag,mean_std_0.0,nearest_sphere,inverse_margin,0.25,0.9,0.004,0.004,0.004,0.0
2,mahalanobis_diag,mean_std_0.0,nearest_sphere,inverse_margin,0.5,0.9,0.0,0.0,0.0,0.0
2,mahalanobis_diag,mean_std_0.0,nearest_sphere,inverse_margin,1.0,0.9,0.0,0.0,0.0,0.0
2,mahalanobis_diag,mean_std_0.0,nearest_sphere,inverse_margin,2.0,0.9,0.0,0.0,0.0,0.0
2,mahalanobis_diag,mean_std_0.0,nearest_sphere,max_ratio,0.0,0.9,0.48,0.57,0.552,0.018
2,mahalanobis_diag,mean_std_0.0,nearest_sphere,max_ratio,0.25,0.9,0.48,0.57,0.552,0.018
2,mahalanobis_diag,mean_std_0.0,nearest_sphere,max_ratio,0.5,0.9,0.48,0.57,0.552,0.018
2,mahalanobis_diag,mean_std_0.0,nearest_sphere,max_ratio,1.0,0.9,0.518,0.548,0.542,0.006
2,mahalanobis_diag,mean_std_0.0,nearest_sphere,max_ratio,2.0,0.9,0.0,0.0,0.0,0.0
2,mahalanobis_diag,mean_std_0.0,normalized_union,none,0.0,0.9,0.48,0.57,0.552,0.018
2,mahalanobis_diag,mean_std_0.0,normalized_union,none,0.25,0.9,0.48,0.57,0.552,0.018
2,mahalanobis_diag,mean_std_0.0,normalized_union,none,0.5,0.9,0.48,0.57,0.552,0.018
2,mahalanobis_diag,mean_std_0.0,normalized_union,none,1.0,0.9,0.48,0.57,0.552,0.018
2,mahalanobis_diag,mean_std_0.0,normalized_union,none,2.0,0.9,0.48,0.57,0.552,0.018
2,mahalanobis_diag,mean_std_0.0,normalized_union,ratio,0.0,0.9,0.48,0.57,0.552,0.018
2,mahalanobis_diag,mean_std_0.0,normalized_union,ratio,0.25,0.9,0.098,0.098,0.098,0.0
2,mahalanobis_diag,mean_std_0.0,normalized_union,ratio,0.5,0.9,0.008,0.008,0.008,0.0
2,mahalanobis_diag,mean_std_0.0,normalized_union,ratio,1.0,0.9,0.0,0.0,0.0,0.0
2,mahalanobis_diag,mean_std_0.0,normalized_union,ratio,2.0,0.9,0.0,0.0,0.0,0.0
2,mahalanobis_diag,mean_std_0.0,normalized_union,inverse_margin,0.0,0.9,0.48,0.57,0.552,0.018
2,mahalanobis_diag,mean_std_0.0,normalized_union,inverse_margin,0.25,0.9,0.004,0.004,0.004,0.0
2,mahalanobis_diag,mean_std_0.0,normalized_union,inverse_margin,0.5,0.9,0.0,0.0,0.0,0.0
2,mahalanobis_diag,mean_std_0.0,normalized_union,inverse_margin,1.0,0.9,0.0,0.0,0.0,0.0
2,mahalanobis_diag,mean_std_0.0,normalized_union,inverse_margin,2.0,0.9,0.0,0.0,0.0,0.0
2,mahalanobis_diag,mean_std_0.0,normalized_union,max_ratio,0.0,0.9,0.48,0.57,0.552,0.018
2,mahalanobis_diag,mean_std_0.0,normalized_union,max_ratio,0.25,0.9,0.48,0.57,0.552,0.018
2,mahalanobis_diag,mean_std_0.0,normalized_union,max_ratio,0.5,0.9,0.48,0.57,0.552,0.018
2,mahalanobis_diag,mean_std_0.0,normalized_union,max_ratio,1.0,0.9,0.518,0.548,0.542,0.006
2,mahalanobis_diag,mean_std_0.0,normalized_union,max_ratio,2.0,0.9,0.0,0.0,0.0,0.0
2,mahalanobis_diag,mean_std_0.25,nearest_sphere,none,0.0,0.9,0.562,0.682,0.658,0.024
2,mahalanobis_diag,mean_std_0.25,nearest_sphere,none,0.25,0.9,0.562,0.682,0.658,0.024
2,mahalanobis_diag,mean_std_0.25,nearest_sphere,none,0.5,0.9,0.562,0.682,0.658,0.024
2,mahalanobis_diag,mean_std_0.25,nearest_sphere,none,1.0,0.9,0.562,0.682,0.658,0.024
2,mahalanobis_diag,mean_std_0.25,nearest_sphere,none,2.0,0.9,0.562,0.682,0.658,0.024
2,mahalanobis_diag,mean_std_0.25,nearest_sphere,ratio,0.0,0.9,0.562,0.682,0.658,0.024
2,mahalanobis_diag,mean_std_0.25,nearest_sphere,ratio,0.25,0.9,0.16,0.16,0.16,0.0
2,mahalanobis_diag,mean_std_0.25,nearest_sphere,ratio,0.5,0.9,0.014,0.014,0.014,0.0
2,mahalanobis_diag,mean_std_0.25,nearest_sphere,ratio,1.0,0.9,0.0,0.0,0.0,0.0
2,mahalanobis_diag,mean_std_0.25,nearest_sphere,ratio,2.0,0.9,0.0,0.0,0.0,0.0
2,mahalanobis_diag,mean_std_0.25,nearest_sphere,inverse_margin,0.0,0.9,0.562,0.682,0.658,0.024
2,mahalanobis_diag,mean_std_0.25,nearest_sphere,inverse_margin,0.25,0.9,0.008,0.008,0.008,0.0
2,mahalanobis_diag,mean_std_0.25,nearest_sphere,inverse_margin,0.5,0.9,0.0,0.0,0.0,0.0
2,mahalanobis_diag,mean_std_0.25,nearest_sphere,inverse_margin,1.0,0.9,0.0,0.0,0.0,0.0
2,mahalanobis_diag,mean_std_0.25,nearest_sphere,inverse_margin,2.0,0.9,0.0,0.0,0.0,0.0
2,mahalanobis_diag,mean_std_0.25,nearest_sphere,max_ratio,0.0,0.9,0.562,0.682,0.658,0.024
2,mahalanobis_diag,mean_std_0.25,nearest_sphere,max_ratio,0.25,0.9,0.562,0.682,0.658,0.024
2,mahalanobis_diag,mean_std_0.25,nearest_sphere,max_ratio,0.5,0.9,0.562,0.682,0.658,0.024
2,mahalanobis_diag,mean_std_0.25,nearest_sphere,max_ratio,1.0,0.9,0.612,0.652,0.644,0.008
2,mahalanobis_diag,mean_std_0.25,nearest_sphere,max_ratio,2.0,0.9,0.0,0.0,0.0,0.0
2,mahalanobis_diag,mean_std_0.25,normalized_union,none,0.0,0.9,0.562,0.682,0.658,0.024
2,mahalanobis_diag,mean_std_0.25,normalized_union,none,0.25,0.9,0.562,0.682,0.658,0.024
2,mahalanobis_diag,mean_std_0.25,normalized_union,none,0.5,0.9,0.562,0.682,0.658,0.024
2,mahalanobis_diag,mean_std_0.25,normalized_union,none,1.0,0.9,0.562,0.682,0.658,0.024
2,mahalanobis_diag,mean_std_0.25,normalized_union,none,2.0,0.9,0.562,0.682,0.658,0.024
2,mahalanobis_diag,mean_std_0.25,normalized_union,ratio,0.0,0.9,0.562,0.682,0.658,0.024
2,mahalanobis_diag,mean_std_0.25,normalized_union,ratio,0.25,0.9,0.16,0.16,0.16,0.0
2,mahalanobis_diag,mean_std_0.25,normalized_union,ratio,0.5,0.9,0.014,0.014,0.014,0.0
2,mahalanobis_diag,mean_std_0.25,normalized_union,ratio,1.0,0.9,0.0,0.0,0.0,0.0
2,mahalanobis_diag,mean_std_0.25,normalized_union,ratio,2.0,0.9,0.0,0.0,0.0,0.0
2,mahalanobis_diag,mean_std_0.25,normalized_union,inverse_margin,0.0,0.9,0.562,0.682,0.658,0.024
2,mahalanobis_diag,mean_std_0.25,normalized_union,inverse_margin,0.25,0.9,0.008,0.008,0.008,0.0
2,mahalanobis_diag,mean_std_0.25,normalized_union,inverse_margin,0.5,0.9,0.0,0.0,0.0,0.0
2,mahalanobis_diag,mean_std_0.25,normalized_union,inverse_margin,1.0,0.9,0.0,0.0,0.0,0.0
2,mahalanobis_diag,mean_std_0.25,normalized_union,inverse_margin,2.0,0.9,0.0,0.0,0.0,0.0
2,mahalanobis_diag,mean_std_0.25,normalized_union,max_ratio,0.0,0.9,0.562,0.682,0.658,0.024
2,mahalanobis_diag,mean_std_0.25,normalized_union,max_ratio,0.25,0.9,0.562,0.682,0.658,0.024
2,mahalanobis_diag,mean_std_0.25,normalized_union,max_ratio,0.5,0.9,0.562,0.682,0.658,0.024
2,mahalanobis_diag,mean_std_0.25,normalized_union,max_ratio,1.0,0.9,0.612,0.652,0.644,0.008
2,mahalanobis_diag,mean_std_0.25,normalized_union,max_ratio,2.0,0.9,0.0,0.0,0.0,0.0
2,mahalanobis_diag,mean_std_0.5,nearest_sphere,none,0.0,0.9,0.632,0.782,0.752,0.03
2,mahalanobis_diag,mean_std_0.5,nearest_sphere,none,0.25,0.9,0.632,0.782,0.752,0.03
2,mahalanobis_diag,mean_std_0.5,nearest_sphere,none,0.5,0.9,0.632,0.782,0.752,0.03
2,mahalanobis_diag,mean_std_0.5,nearest_sphere,none,1.0,0.9,0.632,0.782,0.752,0.03
2,mahalanobis_diag,mean_std_0.5,nearest_sphere,none,2.0,0.9,0.632,0.782,0.752,0.03
2,mahalanobis_diag,mean_std_0.5,nearest_sphere,ratio,0.0,0.9,0.632,0.782,0.752,0.03
2,mahalanobis_diag,mean_std_0.5,nearest_sphere,ratio,0.25,0.9,0.26,0.26,0.26,0.0
2,mahalanobis_diag,mean_std_0.5,nearest_sphere,ratio,0.5,0.9,0.02,0.02,0.02,0.0
2,mahalanobis_diag,mean_std_0.5,nearest_sphere,ratio,1.0,0.9,0.0,0.0,0.0,0.0
2,mahalanobis_diag,mean_std_0.5,nearest_sphere,ratio,2.0,0.9,0.0,0.0,0.0,0.0
2,mahalanobis_diag,mean_std_0.5,nearest_sphere,inverse_margin,0.0,0.9,0.632,0.782,0.752,0.03
2,mahalanobis_diag,mean_std_0.5,nearest_sphere,inverse_margin,0.25,0.9,0.01,0.01,0.01,0.0
2,mahalanobis_diag,mean_std_0.5,nearest_sphere,inverse_margin,0.5,0.9,0.0,0.0,0.0,0.0
2,mahalanobis_diag,mean_std_0.5,nearest_sphere,inverse_margin,1.0,0.9,0.0,0.0,0.0,0.0
2,mahalanobis_diag,mean_std_0.5,nearest_sphere,inverse_margin,2.0,0.9,0.0,0.0,0.0,0.0
2,mahalanobis_diag,mean_std_0.5,nearest_sphere,max_ratio,0.0,0.9,0.632,0.782,0.752,0.03
2,mahalanobis_diag,mean_std_0.5,nearest_sphere,max_ratio,0.25,0.9,0.632,0.782,0.752,0.03
2,mahalanobis_diag,mean_std_0.5,nearest_sphere,max_ratio,0.5,0.9,0.632,0.782,0.752,0.03
2,mahalanobis_diag,mean_std_0.5,nearest_sphere,max_ratio,1.0,0.9,0.678,0.728,0.718,0.01
2,mahalanobis_diag,mean_std_0.5,nearest_sphere,max_ratio,2.0,0.9,0.0,0.0,0.0,0.0
2,mahalanobis_diag,mean_std_0.5,normalized_union,none,0.0,0.9,0.632,0.782,0.752,0.03
2,mahalanobis_diag,mean_std_0.5,normalized_union,none,0.25,0.9,0.632,0.782,0.752,0.03
2,mahalanobis_diag,mean_std_0.5,normalized_union,none,0.5,0.9,0.632,0.782,0.752,0.03
2,mahalanobis_diag,mean_std_0.5,normalized_union,none,1.0,0.9,0.632,0.782,0.752,0.03
2,mahalanobis_diag,mean_std_0.5,normalized_union,none,2.0,0.9,0.632,0.782,0.752,0.03
2,mahalanobis_diag,mean_std_0.5,normalized_union,ratio,0.0,0.9,0.632,0.782,0.752,0.03
2,mahalanobis_diag,mean_std_0.5,normalized_union,ratio,0.25,0.9,0.26,0.26,0.26,0.0
2,mahalanobis_diag,mean_std_0.5,normalized_union,ratio,0.5,0.9,0.02,0.02,0.02,0.0
2,mahalanobis_diag,mean_std_0.5,normalized_union,ratio,1.0,0.9,0.0,0.0,0.0,0.0
2,mahalanobis_diag,mean_std_0.5,normalized_union,ratio,2.0,0.9,0.0,0.0,0.0,0.0
2,mahalanobis_diag,mean_std_0.5,normalized_union,inverse_margin,0.0,0.9,0.632,0.782,0.752,0.03
2,mahalanobis_diag,mean_std_0.5,normalized_union,inverse_margin,0.25,0.9,0.01,0.01,0.01,0.0
2,mahalanobis_diag,mean_std_0.5,normalized_union,inverse_margin,0.5,0.9,0.0,0.0,0.0,0.0
2,mahalanobis_diag,mean_std_0.5,normalized_union,inverse_margin,1.0,0.9,0.0,0.0,0.0,0.0
2,mahalanobis_diag,mean_std_0.5,normalized_union,inverse_margin,2.0,0.9,0.0,0.0,0.0,0.0
2,mahalanobis_diag,mean_std_0.5,normalized_union,max_ratio,0.0,0.9,0.632,0.782,0.752,0.03
2,mahalanobis_diag,mean_std_0.5,normalized_union,max_ratio,0.25,0.9,0.632,0.782,0.752,0.03
2,mahalanobis_diag,mean_std_0.5,normalized_union,max_ratio,0.5,0.9,0.632,0.782,0.752,0.03
2,mahalanobis_diag,mean_std_0.5,normalized_union,max_ratio,1.0,0.9,0.678,0.728,0.718,0.01
2,mahalanobis_diag,mean_std_0.5,normalized_union,max_ratio,2.0,0.9,0.0,0.0,0.0,0.0
2,mahalanobis_diag,mean_std_0.75,nearest_sphere,none,0.0,0.9,0.646,0.836,0.798,0.038
2,mahalanobis_diag,mean_std_0.75,nearest_sphere,none,0.25,0.9,0.646,0.836,0.798,0.038
2,mahalanobis_diag,mean_std_0.75,nearest_sphere,none,0.5,0.9,0.646,0.836,0.798,0.038
2,mahalanobis_diag,mean_std_0.75,nearest_sphere,none,1.0,0.9,0.646,0.836,0.798,0.038
2,mahalanobis_diag,mean_std_0.75,nearest_sphere,none,2.0,0.9,0.646,0.836,0.798,0.038
2,mahalanobis_diag,mean_std_0.75,nearest_sphere,ratio,0.0,0.9,0.646,0.836,0.798,0.038
2,mahalanobis_diag,mean_std_0.75,nearest_sphere,ratio,0.25,0.9,0.356,0.366,0.364,0.002
2,mahalanobis_diag,mean_std_0.75,nearest_sphere,ratio,0.5,0.9,0.036,0.036,0.036,0.0
2,mahalanobis_diag,mean_std_0.75,nearest_sphere,ratio,1.0,0.9,0.0,0.0,0.0,0.0
2,mahalanobis_diag,mean_std_0.75,nearest_sphere,ratio,2.0,0.9,0.0,0.0,0.0,0.0
2,mahalanobis_diag,mean_std_0.75,nearest_sphere,inverse_margin,0.0,0.9,0.646,0.836,0.798,0.038
2,mahalanobis_diag,mean_std_0.75,nearest_sphere,inverse_margin,0.25,0.9,0.02,0.02,0.02,0.0
2,mahalanobis_diag,mean_std_0.75,nearest_sphere,inverse_margin,0.5,0.9,0.0,0.0,0.0,0.0
2,mahalanobis_diag,mean_std_0.75,nearest_sphere,inverse_margin,1.0,0.9,0.0,0.0,0.0,0.0
2,mahalanobis_diag,mean_std_0.75,nearest_sphere,inverse_margin,2.0,0.9,0.0,0.0,0.0,0.0
2,mahalanobis_diag,mean_std_0.75,nearest_sphere,max_ratio,0.0,0.9,0.646,0.836,0.798,0.038
2,mahalanobis_diag,mean_std_0.75,nearest_sphere,max_ratio,0.25,0.9,0.646,0.836,0.798,0.038
2,mahalanobis_diag,mean_std_0.75,nearest_sphere,max_ratio,0.5,0.9,0.646,0.836,0.798,0.038
2,mahalanobis_diag,mean_std_0.75,nearest_sphere,max_ratio,1.0,0.9,0.708,0.768,0.756,0.012
2,mahalanobis_diag,mean_std_0.75,nearest_sphere,max_ratio,2.0,0.9,0.0,0.0,0.0,0.0
2,mahalanobis_diag,mean_std_0.75,normalized_union,none,0.0,0.9,0.656,0.836,0.8,0.036
2,mahalanobis_diag,mean_std_0.75,normalized_union,none,0.25,0.9,0.656,0.836,0.8,0.036
2,mahalanobis_diag,mean_std_0.75,normalized_union,none,0.5,0.9,0.656,0.836,0.8,0.036
2,mahalanobis_diag,mean_std_0.75,normalized_union,none,1.0,0.9,0.656,0.836,0.8,0.036
2,mahalanobis_diag,mean_std_0.75,normalized_union,none,2.0,0.9,0.656,0.836,0.8,0.036
2,mahalanobis_diag,mean_std_0.75,normalized_union,ratio,0.0,0.9,0.656,0.836,0.8,0.036
2,mahalanobis_diag,mean_std_0.75,normalized_union,ratio,0.25,0.9,0.356,0.366,0.364,0.002
2,mahalanobis_diag,mean_std_0.75,normalized_union,ratio,0.5,0.9,0.036,0.036,0.036,0.0
2,mahalanobis_diag,mean_std_0.75,normalized_union,ratio,1.0,0.9,0.0,0.0,0.0,0.0
2,mahalanobis_diag,mean_std_0.75,normalized_union,ratio,2.0,0.9,0.0,0.0,0.0,0.0
2,mahalanobis_diag,mean_std_0.75,normalized_union,inverse_margin,0.0,0.9,0.656,0.836,0.8,0.036
2,mahalanobis_diag,mean_std_0.75,normalized_union,inverse_margin,0.25,0.9,0.02,0.02,0.02,0.0
2,mahalanobis_diag,mean_std_0.75,normalized_union,inverse_margin,0.5,0.9,0.0,0.0,0.0,0.0
2,mahalanobis_diag,mean_std_0.75,normalized_union,inverse_margin,1.0,0.9,0.0,0.0,0.0,0.0
2,mahalanobis_diag,mean_std_0.75,normalized_union,inverse_margin,2.0,0.9,0.0,0.0,0.0,0.0
2,mahalanobis_diag,mean_std_0.75,normalized_union,max_ratio,0.0,0.9,0.656,0.836,0.8,0.036
2,mahalanobis_diag,mean_std_0.75,normalized_union,max_ratio,0.25,0.9,0.656,0.836,0.8,0.036
2,mahalanobis_diag,mean_std_0.75,normalized_union,max_ratio,0.5,0.9,0.656,0.836,0.8,0.036
2,mahalanobis_diag,mean_std_0.75,normalized_union,max_ratio,1.0,0.9,0.708,0.768,0.756,0.012
2,mahalanobis_diag,mean_std_0.75,normalized_union,max_ratio,2.0,0.9,0.0,0.0,0.0,0.0
2,mahalanobis_diag,mean_std_1.0,nearest_sphere,none,0.0,0.9,0.682,0.882,0.842,0.04
2,mahalanobis_diag,mean_std_1.0,nearest_sphere,none,0.25,0.9,0.682,0.882,0.842,0.04
2,mahalanobis_diag,mean_std_1.0,nearest_sphere,none,0.5,0.9,0.682,0.882,0.842,0.04
2,mahalanobis_diag,mean_std_1.0,nearest_sphere,none,1.0,0.9,0.682,0.882,0.842,0.04
2,mahalanobis_diag,mean_std_1.0,nearest_sphere,none,2.0,0.9,0.682,0.882,0.842,0.04
2,mahalanobis_diag,mean_std_1.0,nearest_sphere,ratio,0.0,0.9,0.682,0.882,0.842,0.04
2,mahalanobis_diag,mean_std_1.0,nearest_sphere,ratio,0.25,0.9,0.448,0.458,0.456,0.002
2,mahalanobis_diag,mean_std_1.0,nearest_sphere,ratio,0.5,0.9,0.062,0.062,0.062,0.0
2,mahalanobis_diag,mean_std_1.0,nearest_sphere,ratio,1.0,0.9,0.0,0.0,0.0,0.0
2,mahalanobis_diag,mean_std_1.0,nearest_sphere,ratio,2.0,0.9,0.0,0.0,0.0,0.0
2,mahalanobis_diag,mean_std_1.0,nearest_sphere,inverse_margin,0.0,0.9,0.682,0.882,0.842,0.04
2,mahalanobis_diag,mean_std_1.0,nearest_sphere,inverse_margin,0.25,0.9,0.028,0.028,0.028,0.0
2,mahalanobis_diag,mean_std_1.0,nearest_sphere,inverse_margin,0.5,0.9,0.0,0.0,0.0,0.0
2,mahalanobis_diag,mean_std_1.0,nearest_sphere,inverse_margin,1.0,0.9,0.0,0.0,0.0,0.0
2,mahalanobis_diag,mean_std_1.0,nearest_sphere,inverse_margin,2.0,0.9,0.0,0.0,0.0,0.0
2,mahalanobis_diag,mean_std_1.0,nearest_sphere,max_ratio,0.0,0.9,0.682,0.882,0.842,0.04
2,mahalanobis_diag,mean_std_1.0,nearest_sphere,max_ratio,0.25,0.9,0.682,0.882,0.842,0.04
2,mahalanobis_diag,mean_std_1.0,nearest_sphere,max_ratio,0.5,0.9,0.682,0.882,0.842,0.04
2,mahalanobis_diag,mean_std_1.0,nearest_sphere,max_ratio,1.0,0.9,0.732,0.802,0.788,0.014
2,mahalanobis_diag,mean_std_1.0,nearest_sphere,max_ratio,2.0,0.9,0.0,0.0,0.0,0.0
2,mahalanobis_diag,mean_std_1.0,normalized_union,none,0.0,0.9,0.712,0.882,0.848,0.034
2,mahalanobis_diag,mean_std_1.0,normalized_union,none,0.25,0.9,0.712,0.882,0.848,0.034
2,mahalanobis_diag,mean_std_1.0,normalized_union,none,0.5,0.9,0.712,0.882,0.848,0.034
2,mahalanobis_diag,mean_std_1.0,normalized_union,none,1.0,0.9,0.712,0.882,0.848,0.034
2,mahalanobis_diag,mean_std_1.0,normalized_union,none,2.0,0.9,0.712,0.882,0.848,0.034
2,mahalanobis_diag,mean_std_1.0,normalized_union,ratio,0.0,0.9,0.712,0.882,0.848,0.034
2,mahalanobis_diag,mean_std_1.0,normalized_union,ratio,0.25,0.9,0.448,0.458,0.456,0.002
2,mahalanobis_diag,mean_std_1.0,normalized_union,ratio,0.5,0.9,0.062,0.062,0.062,0.0
2,mahalanobis_diag,mean_std_1.0,normalized_union,ratio,1.0,0.9,0.0,0.0,0.0,0.0
2,mahalanobis_diag,mean_std_1.0,normalized_union,ratio,2.0,0.9,0.0,0.0,0.0,0.0
2,mahalanobis_diag,mean_std_1.0,normalized_union,inverse_margin,0.0,0.9,0.712,0.882,0.848,0.034
2,mahalanobis_diag,mean_std_1.0,normalized_union,inverse_margin,0.25,0.9,0.028,0.028,0.028,0.0
2,mahalanobis_diag,mean_std_1.0,normalized_union,inverse_margin,0.5,0.9,0.0,0.0,0.0,0.0
2,mahalanobis_diag,mean_std_1.0,normalized_union,inverse_margin,1.0,0.9,0.0,0.0,0.0,0.0
2,mahalanobis_diag,mean_std_1.0,normalized_union,inverse_margin,2.0,0.9,0.0,0.0,0.0,0.0
2,mahalanobis_diag,mean_std_1.0,normalized_union,max_ratio,0.0,0.9,0.712,0.882,0.848,0.034
2,mahalanobis_diag,mean_std_1.0,normalized_union,max_ratio,0.25,0.9,0.712,0.882,0.848,0.034
2,mahalanobis_diag,mean_std_1.0,normalized_union,max_ratio,0.5,0.9,0.712,0.882,0.848,0.034
2,mahalanobis_diag,mean_std_1.0,normalized_union,max_ratio,1.0,0.9,0.732,0.802,0.788,0.014
2,mahalanobis_diag,mean_std_1.0,normalized_union,max_ratio,2.0,0.9,0.0,0.0,0.0,0.0
2,mahalanobis_diag,mean_std_1.5,nearest_sphere,none,0.0,0.9,0.65,0.94,0.882,0.058
2,mahalanobis_diag,mean_std_1.5,nearest_sphere,none,0.25,0.9,0.65,0.94,0.882,0.058
2,mahalanobis_diag,mean_std_1.5,nearest_sphere,none,0.5,0.9,0.65,0.94,0.882,0.058
2,mahalanobis_diag,mean_std_1.5,nearest_sphere,none,1.0,0.9,0.65,0.94,0.882,0.058
2,mahalanobis_diag,mean_std_1.5,nearest_sphere,none,2.0,0.9,0.65,0.94,0.882,0.058
2,mahalanobis_diag,mean_std_1.5,nearest_sphere,ratio,0.0,0.9,0.65,0.94,0.882,0.058
2,mahalanobis_diag,mean_std_1.5,nearest_sphere,ratio,0.25,0.9,0.592,0.652,0.64,0.012
2,mahalanobis_diag,mean_std_1.5,nearest_sphere,ratio,0.5,0.9,0.128,0.128,0.128,0.0
2,mahalanobis_diag,mean_std_1.5,nearest_sphere,ratio,1.0,0.9,0.0,0.0,0.0,0.0
2,mahalanobis_diag,mean_std_1.5,nearest_sphere,ratio,2.0,0.9,0.0,0.0,0.0,0.0
2,mahalanobis_diag,mean_std_1.5,nearest_sphere,inverse_margin,0.0,0.9,0.65,0.94,0.882,0.058
2,mahalanobis_diag,mean_std_1.5,nearest_sphere,inverse_margin,0.25,0.9,0.038,0.038,0.038,0.0
2,mahalanobis_diag,mean_std_1.5,nearest_sphere,inverse_margin,0.5,0.9,0.0,0.0,0.0,0.0
2,mahalanobis_diag,mean_std_1.5,nearest_sphere,inverse_margin,1.0,0.9,0.0,0.0,0.0,0.0
2,mahalanobis_diag,mean_std_1.5,nearest_sphere,inverse_margin,2.0,0.9,0.0,0.0,0.0,0.0
2,mahalanobis_diag,mean_std_1.5,nearest_sphere,max_ratio,0.0,0.9,0.65,0.94,0.882,0.058
2,mahalanobis_diag,mean_std_1.5,nearest_sphere,max_ratio,0.25,0.9,0.65,0.94,0.882,0.058
2,mahalanobis_diag,mean_std_1.5,nearest_sphere,max_ratio,0.5,0.9,0.65,0.94,0.882,0.058
2,mahalanobis_diag,mean_std_1.5,nearest_sphere,max_ratio,1.0,0.9,0.72,0.83,0.808,0.022
2,mahalanobis_diag,mean_std_1.5,nearest_sphere,max_ratio,2.0,0.9,0.0,0.0,0.0,0.0
2,mahalanobis_diag,mean_std_1.5,normalized_union,none,0.0,0.9,0.722,0.942,0.898,0.044
2,mahalanobis_diag,mean_std_1.5,normalized_union,none,0.25,0.9,0.722,0.942,0.898,0.044
2,mahalanobis_diag,mean_std_1.5,normalized_union,none,0.5,0.9,0.722,0.942,0.898,0.044
2,mahalanobis_diag,mean_std_1.5,normalized_union,none,1.0,0.9,0.722,0.942,0.898,0.044
2,mahalanobis_diag,mean_std_1.5,normalized_union,none,2.0,0.9,0.722,0.942,0.898,0.044
2,mahalanobis_diag,mean_std_1.5,normalized_union,ratio,0.0,0.9,0.722,0.942,0.898,0.044
2,mahalanobis_diag,mean_std_1.5,normalized_union,ratio,0.25,0.9,0.594,0.654,0.642,0.012
2,mahalanobis_diag,mean_std_1.5,normalized_union,ratio,0.5,0.9,0.13,0.13,0.13,0.0
2,mahalanobis_diag,mean_std_1.5,normalized_union,ratio,1.0,0.9,0.0,0.0,0.0,0.0
2,mahalanobis_diag,mean_std_1.5,normalized_union,ratio,2.0,0.9,0.0,0.0,0.0,0.0
2,mahalanobis_diag,mean_std_1.5,normalized_union,inverse_margin,0.0,0.9,0.722,0.942,0.898,0.044
2,mahalanobis_diag,mean_std_1.5,normalized_union,inverse_margin,0.25,0.9,0.038,0.038,0.038,0.0
2,mahalanobis_diag,mean_std_1.5,normalized_union,inverse_margin,0.5,0.9,0.0,0.0,0.0,0.0
2,mahalanobis_diag,mean_std_1.5,normalized_union,inverse_margin,1.0,0.9,0.0,0.0,0.0,0.0
2,mahalanobis_diag,mean_std_1.5,normalized_union,inverse_margin,2.0,0.9,0.0,0.0,0.0,0.0
2,mahalanobis_diag,mean_std_1.5,normalized_union,max_ratio,0.0,0.9,0.722,0.942,0.898,0.044
2,mahalanobis_diag,mean_std_1.5,normalized_union,max_ratio,0.25,0.9,0.722,0.942,0.898,0.044
2,mahalanobis_diag,mean_std_1.5,normalized_union,max_ratio,0.5,0.9,0.722,0.942,0.898,0.044
2,mahalanobis_diag,mean_std_1.5,normalized_union,max_ratio,1.0,0.9,0.72,0.83,0.808,0.022
2,mahalanobis_diag,mean_std_1.5,normalized_union,max_ratio,2.0,0.9,0.0,0.0,0.0,0.0
2,mahalanobis_diag,mean_std_2.0,nearest_sphere,none,0.0,0.9,0.61,0.96,0.89,0.07
2,mahalanobis_diag,mean_std_2.0,nearest_sphere,none,0.25,0.9,0.61,0.96,0.89,0.07
2,mahalanobis_diag,mean_std_2.0,nearest_sphere,none,0.5,0.9,0.61,0.96,0.89,0.07
2,mahalanobis_diag,mean_std_2.0,nearest_sphere,none,1.0,0.9,0.61,0.96,0.89,0.07
2,mahalanobis_diag,mean_std_2.0,nearest_sphere,none,2.0,0.9,0.61,0.96,0.89,0.07
2,mahalanobis_diag,mean_std_2.0,nearest_sphere,ratio,0.0,0.9,0.61,0.96,0.89,0.07
2,mahalanobis_diag,mean_std_2.0,nearest_sphere,ratio,0.25,0.9,0.674,0.774,0.754,0.02
2,mahalanobis_diag,mean_std_2.0,nearest_sphere,ratio,0.5,0.9,0.218,0.218,0.218,0.0
2,mahalanobis_diag,mean_std_2.0,nearest_sphere,ratio,1.0,0.9,0.0,0.0,0.0,0.0
2,mahalanobis_diag,mean_std_2.0,nearest_sphere,ratio,2.0,0.9,0.0,0.0,0.0,0.0
2,mahalanobis_diag,mean_std_2.0,nearest_sphere,inverse_margin,0.0,0.9,0.61,0.96,0.89,0.07
2,mahalanobis_diag,mean_std_2.0,nearest_sphere,inverse_margin,0.25,0.9,0.064,0.064,0.064,0.0
2,mahalanobis_diag,mean_std_2.0,nearest_sphere,inverse_margin,0.5,0.9,0.004,0.004,0.004,0.0
2,mahalanobis_diag,mean_std_2.0,nearest_sphere,inverse_margin,1.0,0.9,0.0,0.0,0.0,0.0
2,mahalanobis_diag,mean_std_2.0,nearest_sphere,inverse_margin,2.0,0.9,0.0,0.0,0.0,0.0
2,mahalanobis_diag,mean_std_2.0,nearest_sphere,max_ratio,0.0,0.9,0.61,0.96,0.89,0.07
2,mahalanobis_diag,mean_std_2.0,nearest_sphere,max_ratio,0.25,0.9,0.61,0.96,0.89,0.07
2,mahalanobis_diag,mean_std_2.0,nearest_sphere,max_ratio,0.5,0.9,0.61,0.96,0.89,0.07
2,mahalanobis_diag,mean_std_2.0,nearest_sphere,max_ratio,1.0,0.9,0.69,0.84,0.81,0.03
2,mahalanobis_diag,mean_std_2.0,nearest_sphere,max_ratio,2.0,0.9,0.0,0.0,0.0,0.0
2,mahalanobis_diag,mean_std_2.0,normalized_union,none,0.0,0.9,0.714,0.964,0.914,0.05
2,mahalanobis_diag,mean_std_2.0,normalized_union,none,0.25,0.9,0.714,0.964,0.914,0.05
2,mahalanobis_diag,mean_std_2.0,normalized_union,none,0.5,0.9,0.714,0.964,0.914,0.05
2,mahalanobis_diag,mean_std_2.0,normalized_union,none,1.0,0.9,0.714,0.964,0.914,0.05
2,mahalanobis_diag,mean_std_2.0,normalized_union,none,2.0,0.9,0.714,0.964,0.914,0.05
2,mahalanobis_diag,mean_std_2.0,normalized_union,ratio,0.0,0.9,0.714,0.964,0.914,0.05
2,mahalanobis_diag,mean_std_2.0,normalized_union,ratio,0.25,0.9,0.694,0.774,0.758,0.016
2,mahalanobis_diag,mean_std_2.0,normalized_union,ratio,0.5,0.9,0.218,0.218,0.218,0.0
2,mahalanobis_diag,mean_std_2.0,normalized_union,ratio,1.0,0.9,0.0,0.0,0.0,0.0
2,mahalanobis_diag,mean_std_2.0,normalized_union,ratio,2.0,0.9,0.0,0.0,0.0,0.0
2,mahalanobis_diag,mean_std_2.0,normalized_union,inverse_margin,0.0,0.9,0.714,0.964,0.914,0.05
2,mahalanobis_diag,mean_std_2.0,normalized_union,inverse_margin,0.25,0.9,0.064,0.064,0.064,0.0
2,mahalanobis_diag,mean_std_2.0,normalized_union,inverse_margin,0.5,0.9,0.004,0.004,0.004,0.0
2,mahalanobis_diag,mean_std_2.0,normalized_union,inverse_margin,1.0,0.9,0.0,0.0,0.0,0.0
2,mahalanobis_diag,mean_std_2.0,normalized_union,inverse_margin,2.0,0.9,0.0,0.0,0.0,0.0
2,mahalanobis_diag,mean_std_2.0,normalized_union,max_ratio,0.0,0.9,0.714,0.964,0.914,0.05
2,mahalanobis_diag,mean_std_2.0,normalized_union,max_ratio,0.25,0.9,0.714,0.964,0.914,0.05
2,mahalanobis_diag,mean_std_2.0,normalized_union,max_ratio,0.5,0.9,0.714,0.964,0.914,0.05
2,mahalanobis_diag,mean_std_2.0,normalized_union,max_ratio,1.0,0.9,0.69,0.84,0.81,0.03
2,mahalanobis_diag,mean_std_2.0,normalized_union,max_ratio,2.0,0.9,0.0,0.0,0.0,0.0
2,mahalanobis_diag,mean_std_3.0,nearest_sphere,none,0.0,0.9,0.54,0.99,0.9,0.09
2,mahalanobis_diag,mean_std_3.0,nearest_sphere,none,0.25,0.9,0.54,0.99,0.9,0.09
2,mahalanobis_diag,mean_std_3.0,nearest_sphere,none,0.5,0.9,0.54,0.99,0.9,0.09
2,mahalanobis_diag,mean_std_3.0,nearest_sphere,none,1.0,0.9,0.54,0.99,0.9,0.09
2,mahalanobis_diag,mean_std_3.0,nearest_sphere,none,2.0,0.9,0.54,0.99,0.9,0.09
2,mahalanobis_diag,mean_std_3.0,nearest_sphere,ratio,0.0,0.9,0.54,0.99,0.9,0.09
2,mahalanobis_diag,mean_std_3.0,nearest_sphere,ratio,0.25,0.9,0.704,0.904,0.864,0.04
2,mahalanobis_diag,mean_std_3.0,nearest_sphere,ratio,0.5,0.9,0.46,0.47,0.468,0.002
2,mahalanobis_diag,mean_std_3.0,nearest_sphere,ratio,1.0,0.9,0.004,0.004,0.004,0.0
2,mahalanobis_diag,mean_std_3.0,nearest_sphere,ratio,2.0,0.9,0.0,0.0,0.0,0.0
2,mahalanobis_diag,mean_std_3.0,nearest_sphere,inverse_margin,0.0,0.9,0.54,0.99,0.9,0.09
2,mahalanobis_diag,mean_std_3.0,nearest_sphere,inverse_margin,0.25,0.9,0.11,0.11,0.11,0.0
2,mahalanobis_diag,mean_std_3.0,nearest_sphere,inverse_margin,0.5,0.9,0.004,0.004,0.004,0.0
2,mahalanobis_diag,mean_std_3.0,nearest_sphere,inverse_margin,1.0,0.9,0.0,0.0,0.0,0.0
2,mahalanobis_diag,mean_std_3.0,nearest_sphere,inverse_margin,2.0,0.9,0.0,0.0,0.0,0.0
2,mahalanobis_diag,mean_std_3.0,nearest_sphere,max_ratio,0.0,0.9,0.54,0.99,0.9,0.09
2,mahalanobis_diag,mean_std_3.0,nearest_sphere,max_ratio,0.25,0.9,0.54,0.99,0.9,0.09
2,mahalanobis_diag,mean_std_3.0,nearest_sphere,max_ratio,0.5,0.9,0.54,0.99,0.9,0.09
2,mahalanobis_diag,mean_std_3.0,nearest_sphere,max_ratio,1.0,0.9,0.644,0.864,0.82,0.044
2,mahalanobis_diag,mean_std_3.0,nearest_sphere,max_ratio,2.0,0.9,0.0,0.0,0.0,0.0
2,mahalanobis_diag,mean_std_3.0,normalized_union,none,0.0,0.9,0.69,0.99,0.93,0.06
2,mahalanobis_diag,mean_std_3.0,normalized_union,none,0.25,0.9,0.69,0.99,0.93,0.06
2,mahalanobis_diag,mean_std_3.0,normalized_union,none,0.5,0.9,0.69,0.99,0.93,0.06
2,mahalanobis_diag,mean_std_3.0,normalized_union,none,1.0,0.9,0.69,0.99,0.93,0.06
2,mahalanobis_diag,mean_std_3.0,normalized_union,none,2.0,0.9,0.69,0.99,0.93,0.06
2,mahalanobis_diag,mean_std_3.0,normalized_union,ratio,0.0,0.9,0.69,0.99,0.93,0.06
2,mahalanobis_diag,mean_std_3.0,normalized_union,ratio,0.25,0.9,0.788,0.908,0.884,0.024
2,mahalanobis_diag,mean_std_3.0,normalized_union,ratio,0.5,0.9,0.462,0.472,0.47,0.002
2,mahalanobis_diag,mean_std_3.0,normalized_union,ratio,1.0,0.9,0.004,0.004,0.004,0.0
2,mahalanobis_diag,mean_std_3.0,normalized_union,ratio,2.0,0.9,0.0,0.0,0.0,0.0
2,mahalanobis_diag,mean_std_3.0,normalized_union,inverse_margin,0.0,0.9,0.69,0.99,0.93,0.06
2,mahalanobis_diag,mean_std_3.0,normalized_union,inverse_margin,0.25,0.9,0.11,0.11,0.11,0.0
2,mahalanobis_diag,mean_std_3.0,normalized_union,inverse_margin,0.5,0.9,0.004,0.004,0.004,0.0
2,mahalanobis_diag,mean_std_3.0,normalized_union,inverse_margin,1.0,0.9,0.0,0.0,0.0,0.0
2,mahalanobis_diag,mean_std_3.0,normalized_union,inverse_margin,2.0,0.9,0.0,0.0,0.0,0.0
2,mahalanobis_diag,mean_std_3.0,normalized_union,max_ratio,0.0,0.9,0.69,0.99,0.93,0.06
2,mahalanobis_diag,mean_std_3.0,normalized_union,max_ratio,0.25,0.9,0.69,0.99,0.93,0.06
2,mahalanobis_diag,mean_std_3.0,normalized_union,max_ratio,0.5,0.9,0.69,0.99,0.93,0.06
2,mahalanobis_diag,mean_std_3.0,normalized_union,max_ratio,1.0,0.9,0.654,0.864,0.822,0.042
2,mahalanobis_diag,mean_std_3.0,normalized_union,max_ratio,2.0,0.9,0.0,0.0,0.0,0.0
2,mahalanobis_diag,center_quantile_0.5,nearest_sphere,none,0.0,0.9,0.198,0.198,0.198,0.0
2,mahalanobis_diag,center_quantile_0.5,nearest_sphere,none,0.25,0.9,0.198,0.198,0.198,0.0
2,mahalanobis_diag,center_quantile_0.5,nearest_sphere,none,0.5,0.9,0.198,0.198,0.198,0.0
2,mahalanobis_diag,center_quantile_0.5,nearest_sphere,none,1.0,0.9,0.198,0.198,0.198,0.0
2,mahalanobis_diag,center_quantile_0.5,nearest_sphere,none,2.0,0.9,0.198,0.198,0.198,0.0
2,mahalanobis_diag,center_quantile_0.5,nearest_sphere,ratio,0.0,0.9,0.198,0.198,0.198,0.0
2,mahalanobis_diag,center_quantile_0.5,nearest_sphere,ratio,0.25,0.9,0.006,0.006,0.006,0.0
2,mahalanobis_diag,center_quantile_0.5,nearest_sphere,ratio,0.5,0.9,0.0,0.0,0.0,0.0
2,mahalanobis_diag,center_quantile_0.5,nearest_sphere,ratio,1.0,0.9,0.0,0.0,0.0,0.0
2,mahalanobis_diag,center_quantile_0.5,nearest_sphere,ratio,2.0,0.9,0.0,0.0,0.0,0.0
2,mahalanobis_diag,center_quantile_0.5,nearest_sphere,inverse_margin,0.0,0.9,0.198,0.198,0.198,0.0
2,mahalanobis_diag,center_quantile_0.5,nearest_sphere,inverse_margin,0.25,0.9,0.0,0.0,0.0,0.0
2,mahalanobis_diag,center_quantile_0.5,nearest_sphere,inverse_margin,0.5,0.9,0.0,0.0,0.0,0.0
2,mahalanobis_diag,center_quantile_0.5,nearest_sphere,inverse_margin,1.0,0.9,0.0,0.0,0.0,0.0
2,mahalanobis_diag,center_quantile_0.5,nearest_sphere,inverse_margin,2.0,0.9,0.0,0.0,0.0,0.0
2,mahalanobis_diag,center_quantile_0.5,nearest_sphere,max_ratio,0.0,0.9,0.198,0.198,0.198,0.0
2,mahalanobis_diag,center_quantile_0.5,nearest_sphere,max_ratio,0.25,0.9,0.198,0.198,0.198,0.0
2,mahalanobis_diag,center_quantile_0.5,nearest_sphere,max_ratio,0.5,0.9,0.198,0.198,0.198,0.0
2,mahalanobis_diag,center_quantile_0.5,nearest_sphere,max_ratio,1.0,0.9,0.198,0.198,0.198,0.0
2,mahalanobis_diag,center_quantile_0.5,nearest_sphere,max_ratio,2.0,0.9,0.0,0.0,0.0,0.0
2,mahalanobis_diag,center_quantile_0.5,normalized_union,none,0.0,0.9,0.21,0.21,0.21,0.0
2,mahalanobis_diag,center_quantile_0.5,normalized_union,none,0.25,0.9,0.21,0.21,0.21,0.0
2,mahalanobis_diag,center_quantile_0.5,normalized_union,none,0.5,0.9,0.21,0.21,0.21,0.0
2,mahalanobis_diag,center_quantile_0.5,normalized_union,none,1.0,0.9,0.21,0.21,0.21,0.0
2,mahalanobis_diag,center_quantile_0.5,normalized_union,none,2.0,0.9,0.21,0.21,0.21,0.0
2,mahalanobis_diag,center_quantile_0.5,normalized_union,ratio,0.0,0.9,0.21,0.21,0.21,0.0
2,mahalanobis_diag,center_quantile_0.5,normalized_union,ratio,0.25,0.9,0.008,0.008,0.008,0.0
2,mahalanobis_diag,center_quantile_0.5,normalized_union,ratio,0.5,0.9,0.0,0.0,0.0,0.0
2,mahalanobis_diag,center_quantile_0.5,normalized_union,ratio,1.0,0.9,0.0,0.0,0.0,0.0
2,mahalanobis_diag,center_quantile_0.5,normalized_union,ratio,2.0,0.9,0.0,0.0,0.0,0.0
2,mahalanobis_diag,center_quantile_0.5,normalized_union,inverse_margin,0.0,0.9,0.21,0.21,0.21,0.0
2,mahalanobis_diag,center_quantile_0.5,normalized_union,inverse_margin,0.25,0.9,0.0,0.0,0.0,0.0
2,mahalanobis_diag,center_quantile_0.5,normalized_union,inverse_margin,0.5,0.9,0.0,0.0,0.0,0.0
2,mahalanobis_diag,center_quantile_0.5,normalized_union,inverse_margin,1.0,0.9,0.0,0.0,0.0,0.0
2,mahalanobis_diag,center_quantile_0.5,normalized_union,inverse_margin,2.0,0.9,0.0,0.0,0.0,0.0
2,mahalanobis_diag,center_quantile_0.5,normalized_union,max_ratio,0.0,0.9,0.21,0.21,0.21,0.0
2,mahalanobis_diag,center_quantile_0.5,normalized_union,max_ratio,0.25,0.9,0.21,0.21,0.21,0.0
2,mahalanobis_diag,center_quantile_0.5,normalized_union,max_ratio,0.5,0.9,0.21,0.21,0.21,0.0
2,mahalanobis_diag,center_quantile_0.5,normalized_union,max_ratio,1.0,0.9,0.21,0.21,0.21,0.0
2,mahalanobis_diag,center_quantile_0.5,normalized_union,max_ratio,2.0,0.9,0.0,0.0,0.0,0.0
2,mahalanobis_diag,intent_quantile_0.5,nearest_sphere,none,0.0,0.9,0.208,0.218,0.216,0.002
2,mahalanobis_diag,intent_quantile_0.5,nearest_sphere,none,0.25,0.9,0.208,0.218,0.216,0.002
2,mahalanobis_diag,intent_quantile_0.5,nearest_sphere,none,0.5,0.9,0.208,0.218,0.216,0.002
2,mahalanobis_diag,intent_quantile_0.5,nearest_sphere,none,1.0,0.9,0.208,0.218,0.216,0.002
2,mahalanobis_diag,intent_quantile_0.5,nearest_sphere,none,2.0,0.9,0.208,0.218,0.216,0.002
2,mahalanobis_diag,intent_quantile_0.5,nearest_sphere,ratio,0.0,0.9,0.208,0.218,0.216,0.002
2,mahalanobis_diag,intent_quantile_0.5,nearest_sphere,ratio,0.25,0.9,0.014,0.014,0.014,0.0
2,mahalanobis_diag,intent_quantile_0.5,nearest_sphere,ratio,0.5,0.9,0.0,0.0,0.0,0.0
2,mahalanobis_diag,intent_quantile_0.5,nearest_sphere,ratio,1.0,0.9,0.0,0.0,0.0,0.0
2,mahalanobis_diag,intent_quantile_0.5,nearest_sphere,ratio,2.0,0.9,0.0,0.0,0.0,0.0
2,mahalanobis_diag,intent_quantile_0.5,nearest_sphere,inverse_margin,0.0,0.9,0.208,0.218,0.216,0.002
2,mahalanobis_diag,intent_quantile_0.5,nearest_sphere,inverse_margin,0.25,0.9,0.0,0.0,0.0,0.0
2,mahalanobis_diag,intent_quantile_0.5,nearest_sphere,inverse_margin,0.5,0.9,0.0,0.0,0.0,0.0
2,mahalanobis_diag,intent_quantile_0.5,nearest_sphere,inverse_margin,1.0,0.9,0.0,0.0,0.0,0.0
2,mahalanobis_diag,intent_quantile_0.5,nearest_sphere,inverse_margin,2.0,0.9,0.0,0.0,0.0,0.0
2,mahalanobis_diag,intent_quantile_0.5,nearest_sphere,max_ratio,0.0,0.9,0.208,0.218,0.216,0.002
2,mahalanobis_diag,intent_quantile_0.5,nearest_sphere,max_ratio,0.25,0.9,0.208,0.218,0.216,0.002
2,mahalanobis_diag,intent_quantile_0.5,nearest_sphere,max_ratio,0.5,0.9,0.208,0.218,0.216,0.002
2,mahalanobis_diag,intent_quantile_0.5,nearest_sphere,max_ratio,1.0,0.9,0.208,0.218,0.216,0.002
2,mahalanobis_diag,intent_quantile_0.5,nearest_sphere,max_ratio,2.0,0.9,0.0,0.0,0.0,0.0
2,mahalanobis_diag,intent_quantile_0.5,normalized_union,none,0.0,0.9,0.208,0.218,0.216,0.002
2,mahalanobis_diag,intent_quantile_0.5,normalized_union,none,0.25,0.9,0.208,0.218,0.216,0.002
2,mahalanobis_diag,intent_quantile_0.5,normalized_union,none,0.5,0.9,0.208,0.218,0.216,0.002
2,mahalanobis_diag,intent_quantile_0.5,normalized_union,none,1.0,0.9,0.208,0.218,0.216,0.002
2,mahalanobis_diag,intent_quantile_0.5,normalized_union,none,2.0,0.9,0.208,0.218,0.216,0.002
2,mahalanobis_diag,intent_quantile_0.5,normalized_union,ratio,0.0,0.9,0.208,0.218,0.216,0.002
2,mahalanobis_diag,intent_quantile_0.5,normalized_union,ratio,0.25,0.9,0.014,0.014,0.014,0.0
2,mahalanobis_diag,intent_quantile_0.5,normalized_union,ratio,0.5,0.9,0.0,0.0,0.0,0.0
2,mahalanobis_diag,intent_quantile_0.5,normalized_union,ratio,1.0,0.9,0.0,0.0,0.0,0.0
2,mahalanobis_diag,intent_quantile_0.5,normalized_union,ratio,2.0,0.9,0.0,0.0,0.0,0.0
2,mahalanobis_diag,intent_quantile_0.5,normalized_union,inverse_margin,0.0,0.9,0.208,0.218,0.216,0.002
2,mahalanobis_diag,intent_quantile_0.5,normalized_union,inverse_margin,0.25,0.9,0.0,0.0,0.0,0.0
2,mahalanobis_diag,intent_quantile_0.5,normalized_union,inverse_margin,0.5,0.9,0.0,0.0,0.0,0.0
2,mahalanobis_diag,intent_quantile_0.5,normalized_union,inverse_margin,1.0,0.9,0.0,0.0,0.0,0.0
2,mahalanobis_diag,intent_quantile_0.5,normalized_union,inverse_margin,2.0,0.9,0.0,0.0,0.0,0.0
2,mahalanobis_diag,intent_quantile_0.5,normalized_union,max_ratio,0.0,0.9,0.208,0.218,0.216,0.002
2,mahalanobis_diag,intent_quantile_0.5,normalized_union,max_ratio,0.25,0.9,0.208,0.218,0.216,0.002
2,mahalanobis_diag,intent_quantile_0.5,normalized_union,max_ratio,0.5,0.9,0.208,0.218,0.216,0.002
2,mahalanobis_diag,intent_quantile_0.5,normalized_union,max_ratio,1.0,0.9,0.208,0.218,0.216,0.002
2,mahalanobis_diag,intent_quantile_0.5,normalized_union,max_ratio,2.0,0.9,0.0,0.0,0.0,0.0
2,mahalanobis_diag,center_quantile_0.7,nearest_sphere,none,0.0,0.9,0.33,0.36,0.354,0.006
2,mahalanobis_diag,center_quantile_0.7,nearest_sphere,none,0.25,0.9,0.33,0.36,0.354,0.006
2,mahalanobis_diag,center_quantile_0.7,nearest_sphere,none,0.5,0.9,0.33,0.36,0.354,0.006
2,mahalanobis_diag,center_quantile_0.7,nearest_sphere,none,1.0,0.9,0.33,0.36,0.354,0.006
2,mahalanobis_diag,center_quantile_0.7,nearest_sphere,none,2.0,0.9,0.33,0.36,0.354,0.006
2,mahalanobis_diag,center_quantile_0.7,nearest_sphere,ratio,0.0,0.9,0.33,0.36,0.354,0.006
2,mahalanobis_diag,center_quantile_0.7,nearest_sphere,ratio,0.25,0.9,0.052,0.052,0.052,0.0
2,mahalanobis_diag,center_quantile_0.7,nearest_sphere,ratio,0.5,0.9,0.0,0.0,0.0,0.0
2,mahalanobis_diag,center_quantile_0.7,nearest_sphere,ratio,1.0,0.9,0.0,0.0,0.0,0.0
2,mahalanobis_diag,center_quantile_0.7,nearest_sphere,ratio,2.0,0.9,0.0,0.0,0.0,0.0
2,mahalanobis_diag,center_quantile_0.7,nearest_sphere,inverse_margin,0.0,0.9,0.33,0.36,0.354,0.006
2,mahalanobis_diag,center_quantile_0.7,nearest_sphere,inverse_margin,0.25,0.9,0.0,0.0,0.0,0.0
2,mahalanobis_diag,center_quantile_0.7,nearest_sphere,inverse_margin,0.5,0.9,0.0,0.0,0.0,0.0
2,mahalanobis_diag,center_quantile_0.7,nearest_sphere,inverse_margin,1.0,0.9,0.0,0.0,0.0,0.0
2,mahalanobis_diag,center_quantile_0.7,nearest_sphere,inverse_margin,2.0,0.9,0.0,0.0,0.0,0.0
2,mahalanobis_diag,center_quantile_0.7,nearest_sphere,max_ratio,0.0,0.9,0.33,0.36,0.354,0.006
2,mahalanobis_diag,center_quantile_0.7,nearest_sphere,max_ratio,0.25,0.9,0.33,0.36,0.354,0.006
2,mahalanobis_diag,center_quantile_0.7,nearest_sphere,max_ratio,0.5,0.9,0.33,0.36,0.354,0.006
2,mahalanobis_diag,center_quantile_0.7,nearest_sphere,max_ratio,1.0,0.9,0.342,0.352,0.35,0.002
2,mahalanobis_diag,center_quantile_0.7,nearest_sphere,max_ratio,2.0,0.9,0.0,0.0,0.0,0.0
2,mahalanobis_diag,center_quantile_0.7,normalized_union,none,0.0,0.9,0.36,0.38,0.376,0.004
2,mahalanobis_diag,center_quantile_0.7,normalized_union,none,0.25,0.9,0.36,0.38,0.376,0.004
2,mahalanobis_diag,center_quantile_0.7,normalized_union,none,0.5,0.9,0.36,0.38,0.376,0.004
2,mahalanobis_diag,center_quantile_0.7,normalized_union,none,1.0,0.9,0.36,0.38,0.376,0.004
2,mahalanobis_diag,center_quantile_0.7,normalized_union,none,2.0,0.9,0.36,0.38,0.376,0.004
2,mahalanobis_diag,center_quantile_0.7,normalized_union,ratio,0.0,0.9,0.36,0.38,0.376,0.004
2,mahalanobis_diag,center_quantile_0.7,normalized_union,ratio,0.25,0.9,0.058,0.058,0.058,0.0
2,mahalanobis_diag,center_quantile_0.7,normalized_union,ratio,0.5,0.9,0.002,0.002,0.002,0.0
2,mahalanobis_diag,center_quantile_0.7,normalized_union,ratio,1.0,0.9,0.0,0.0,0.0,0.0
2,mahalanobis_diag,center_quantile_0.7,normalized_union,ratio,2.0,0.9,0.0,0.0,0.0,0.0
2,mahalanobis_diag,center_quantile_0.7,normalized_union,inverse_margin,0.0,0.9,0.36,0.38,0.376,0.004
2,mahalanobis_diag,center_quantile_0.7,normalized_union,inverse_margin,0.25,0.9,0.0,0.0,0.0,0.0
2,mahalanobis_diag,center_quantile_0.7,normalized_union,inverse_margin,0.5,0.9,0.0,0.0,0.0,0.0
2,mahalanobis_diag,center_quantile_0.7,normalized_union,inverse_margin,1.0,0.9,0.0,0.0,0.0,0.0
2,mahalanobis_diag,center_quantile_0.7,normalized_union,inverse_margin,2.0,0.9,0.0,0.0,0.0,0.0
2,mahalanobis_diag,center_quantile_0.7,normalized_union,max_ratio,0.0,0.9,0.36,0.38,0.376,0.004
2,mahalanobis_diag,center_quantile_0.7,normalized_union,max_ratio,0.25,0.9,0.36,0.38,0.376,0.004
2,mahalanobis_diag,center_quantile_0.7,normalized_union,max_ratio,0.5,0.9,0.36,0.38,0.376,0.004
2,mahalanobis_diag,center_quantile_0.7,normalized_union,max_ratio,1.0,0.9,0.362,0.372,0.37,0.002
2,mahalanobis_diag,center_quantile_0.7,normalized_union,max_ratio,2.0,0.9,0.0,0.0,0.0,0.0
2,mahalanobis_diag,intent_quantile_0.7,nearest_sphere,none,0.0,0.9,0.328,0.348,0.344,0.004
2,mahalanobis_diag,intent_quantile_0.7,nearest_sphere,none,0.25,0.9,0.328,0.348,0.344,0.004
2,mahalanobis_diag,intent_quantile_0.7,nearest_sphere,none,0.5,0.9,0.328,0.348,0.344,0.004
2,mahalanobis_diag,intent_quantile_0.7,nearest_sphere,none,1.0,0.9,0.328,0.348,0.344,0.004
2,mahalanobis_diag,intent_quantile_0.7,nearest_sphere,none,2.0,0.9,0.328,0.348,0.344,0.004
2,mahalanobis_diag,intent_quantile_0.7,nearest_sphere,ratio,0.0,0.9,0.328,0.348,0.344,0.004
2,mahalanobis_diag,intent_quantile_0.7,nearest_sphere,ratio,0.25,0.9,0.052,0.052,0.052,0.0
2,mahalanobis_diag,intent_quantile_0.7,nearest_sphere,ratio,0.5,0.9,0.004,0.004,0.004,0.0
2,mahalanobis_diag,intent_quantile_0.7,nearest_sphere,ratio,1.0,0.9,0.0,0.0,0.0,0.0
2,mahalanobis_diag,intent_quantile_0.7,nearest_sphere,ratio,2.0,0.9,0.0,0.0,0.0,0.0
2,mahalanobis_diag,intent_quantile_0.7,nearest_sphere,inverse_margin,0.0,0.9,0.328,0.348,0.344,0.004
2,mahalanobis_diag,intent_quantile_0.7,nearest_sphere,inverse_margin,0.25,0.9,0.0,0.0,0.0,0.0
2,mahalanobis_diag,intent_quantile_0.7,nearest_sphere,inverse_margin,0.5,0.9,0.0,0.0,0.0,0.0
2,mahalanobis_diag,intent_quantile_0.7,nearest_sphere,inverse_margin,1.0,0.9,0.0,0.0,0.0,0.0
2,mahalanobis_diag,intent_quantile_0.7,nearest_sphere,inverse_margin,2.0,0.9,0.0,0.0,0.0,0.0
2,mahalanobis_diag,intent_quantile_0.7,nearest_sphere,max_ratio,0.0,0.9,0.328,0.348,0.344,0.004
2,mahalanobis_diag,intent_quantile_0.7,nearest_sphere,max_ratio,0.25,0.9,0.328,0.348,0.344,0.004
2,mahalanobis_diag,intent_quantile_0.7,nearest_sphere,max_ratio,0.5,0.9,0.328,0.348,0.344,0.004
2,mahalanobis_diag,intent_quantile_0.7,nearest_sphere,max_ratio,1.0,0.9,0.334,0.344,0.342,0.002
2,mahalanobis_diag,intent_quantile_0.7,nearest_sphere,max_ratio,2.0,0.9,0.0,0.0,0.0,0.0
2,mahalanobis_diag,intent_quantile_0.7,normalized_union,none,0.0,0.9,0.33,0.35,0.346,0.004
2,mahalanobis_diag,intent_quantile_0.7,normalized_union,none,0.25,0.9,0.33,0.35,0.346,0.004
2,mahalanobis_diag,intent_quantile_0.7,normalized_union,none,0.5,0.9,0.33,0.35,0.346,0.004
2,mahalanobis_diag,intent_quantile_0.7,normalized_union,none,1.0,0.9,0.33,0.35,0.346,0.004
2,mahalanobis_diag,intent_quantile_0.7,normalized_union,none,2.0,0.9,0.33,0.35,0.346,0.004
2,mahalanobis_diag,intent_quantile_0.7,normalized_union,ratio,0.0,0.9,0.33,0.35,0.346,0.004
2,mahalanobis_diag,intent_quantile_0.7,normalized_union,ratio,0.25,0.9,0.052,0.052,0.052,0.0
2,mahalanobis_diag,intent_quantile_0.7,normalized_union,ratio,0.5,0.9,0.004,0.004,0.004,0.0
2,mahalanobis_diag,intent_quantile_0.7,normalized_union,ratio,1.0,0.9,0.0,0.0,0.0,0.0
2,mahalanobis_diag,intent_quantile_0.7,normalized_union,ratio,2.0,0.9,0.0,0.0,0.0,0.0
2,mahalanobis_diag,intent_quantile_0.7,normalized_union,inverse_margin,0.0,0.9,0.33,0.35,0.346,0.004
2,mahalanobis_diag,intent_quantile_0.7,normalized_union,inverse_margin,0.25,0.9,0.0,0.0,0.0,0.0
2,mahalanobis_diag,intent_quantile_0.7,normalized_union,inverse_margin,0.5,0.9,0.0,0.0,0.0,0.0
2,mahalanobis_diag,intent_quantile_0.7,normalized_union,inverse_margin,1.0,0.9,0.0,0.0,0.0,0.0
2,mahalanobis_diag,intent_quantile_0.7,normalized_union,inverse_margin,2.0,0.9,0.0,0.0,0.0,0.0
2,mahalanobis_diag,intent_quantile_0.7,normalized_union,max_ratio,0.0,0.9,0.33,0.35,0.346,0.004
2,mahalanobis_diag,intent_quantile_0.7,normalized_union,max_ratio,0.25,0.9,0.33,0.35,0.346,0.004
2,mahalanobis_diag,intent_quantile_0.7,normalized_union,max_ratio,0.5,0.9,0.33,0.35,0.346,0.004
2,mahalanobis_diag,intent_quantile_0.7,normalized_union,max_ratio,1.0,0.9,0.334,0.344,0.342,0.002
2,mahalanobis_diag,intent_quantile_0.7,normalized_union,max_ratio,2.0,0.9,0.0,0.0,0.0,0.0
2,mahalanobis_diag,center_quantile_0.8,nearest_sphere,none,0.0,0.9,0.474,0.544,0.53,0.014
2,mahalanobis_diag,center_quantile_0.8,nearest_sphere,none,0.25,0.9,0.474,0.544,0.53,0.014
2,mahalanobis_diag,center_quantile_0.8,nearest_sphere,none,0.5,0.9,0.474,0.544,0.53,0.014
2,mahalanobis_diag,center_quantile_0.8,nearest_sphere,none,1.0,0.9,0.474,0.544,0.53,0.014
2,mahalanobis_diag,center_quantile_0.8,nearest_sphere,none,2.0,0.9,0.474,0.544,0.53,0.014
2,mahalanobis_diag,center_quantile_0.8,nearest_sphere,ratio,0.0,0.9,0.474,0.544,0.53,0.014
2,mahalanobis_diag,center_quantile_0.8,nearest_sphere,ratio,0.25,0.9,0.108,0.108,0.108,0.0
2,mahalanobis_diag,center_quantile_0.8,nearest_sphere,ratio,0.5,0.9,0.004,0.004,0.004,0.0
2,mahalanobis_diag,center_quantile_0.8,nearest_sphere,ratio,1.0,0.9,0.0,0.0,0.0,0.0
2,mahalanobis_diag,center_quantile_0.8,nearest_sphere,ratio,2.0,0.9,0.0,0.0,0.0,0.0
2,mahalanobis_diag,center_quantile_0.8,nearest_sphere,inverse_margin,0.0,0.9,0.474,0.544,0.53,0.014
2,mahalanobis_diag,center_quantile_0.8,nearest_sphere,inverse_margin,0.25,0.9,0.0,0.0,0.0,0.0
2,mahalanobis_diag,center_quantile_0.8,nearest_sphere,inverse_margin,0.5,0.9,0.0,0.0,0.0,0.0
2,mahalanobis_diag,center_quantile_0.8,nearest_sphere,inverse_margin,1.0,0.9,0.0,0.0,0.0,0.0
2,mahalanobis_diag,center_quantile_0.8,nearest_sphere,inverse_margin,2.0,0.9,0.0,0.0,0.0,0.0
2,mahalanobis_diag,center_quantile_0.8,nearest_sphere,max_ratio,0.0,0.9,0.474,0.544,0.53,0.014
2,mahalanobis_diag,center_quantile_0.8,nearest_sphere,max_ratio,0.25,0.9,0.474,0.544,0.53,0.014
2,mahalanobis_diag,center_quantile_0.8,nearest_sphere,max_ratio,0.5,0.9,0.474,0.544,0.53,0.014
2,mahalanobis_diag,center_quantile_0.8,nearest_sphere,max_ratio,1.0,0.9,0.49,0.51,0.506,0.004
2,mahalanobis_diag,center_quantile_0.8,nearest_sphere,max_ratio,2.0,0.9,0.0,0.0,0.0,0.0
2,mahalanobis_diag,center_quantile_0.8,normalized_union,none,0.0,0.9,0.514,0.564,0.554,0.01
2,mahalanobis_diag,center_quantile_0.8,normalized_union,none,0.25,0.9,0.514,0.564,0.554,0.01
2,mahalanobis_diag,center_quantile_0.8,normalized_union,none,0.5,0.9,0.514,0.564,0.554,0.01
2,mahalanobis_diag,center_quantile_0.8,normalized_union,none,1.0,0.9,0.514,0.564,0.554,0.01
2,mahalanobis_diag,center_quantile_0.8,normalized_union,none,2.0,0.9,0.514,0.564,0.554,0.01
2,mahalanobis_diag,center_quantile_0.8,normalized_union,ratio,0.0,0.9,0.514,0.564,0.554,0.01
2,mahalanobis_diag,center_quantile_0.8,normalized_union,ratio,0.25,0.9,0.114,0.114,0.114,0.0
2,mahalanobis_diag,center_quantile_0.8,normalized_union,ratio,0.5,0.9,0.006,0.006,0.006,0.0
2,mahalanobis_diag,center_quantile_0.8,normalized_union,ratio,1.0,0.9,0.0,0.0,0.0,0.0
2,mahalanobis_diag,center_quantile_0.8,normalized_union,ratio,2.0,0.9,0.0,0.0,0.0,0.0
2,mahalanobis_diag,center_quantile_0.8,normalized_union,inverse_margin,0.0,0.9,0.514,0.564,0.554,0.01
2,mahalanobis_diag,center_quantile_0.8,normalized_union,inverse_margin,0.25,0.9,0.002,0.002,0.002,0.0
2,mahalanobis_diag,center_quantile_0.8,normalized_union,inverse_margin,0.5,0.9,0.0,0.0,0.0,0.0
2,mahalanobis_diag,center_quantile_0.8,normalized_union,inverse_margin,1.0,0.9,0.0,0.0,0.0,0.0
2,mahalanobis_diag,center_quantile_0.8,normalized_union,inverse_margin,2.0,0.9,0.0,0.0,0.0,0.0
2,mahalanobis_diag,center_quantile_0.8,normalized_union,max_ratio,0.0,0.9,0.514,0.564,0.554,0.01
2,mahalanobis_diag,center_quantile_0.8,normalized_union,max_ratio,0.25,0.9,0.514,0.564,0.554,0.01
2,mahalanobis_diag,center_quantile_0.8,normalized_union,max_ratio,0.5,0.9,0.514,0.564,0.554,0.01
2,mahalanobis_diag,center_quantile_0.8,normalized_union,max_ratio,1.0,0.9,0.506,0.526,0.522,0.004
2,mahalanobis_diag,center_quantile_0.8,normalized_union,max_ratio,2.0,0.9,0.0,0.0,0.0,0.0
2,mahalanobis_diag,intent_quantile_0.8,nearest_sphere,none,0.0,0.9,0.452,0.512,0.5,0.012
2,mahalanobis_diag,intent_quantile_0.8,nearest_sphere,none,0.25,0.9,0.452,0.512,0.5,0.012
2,mahalanobis_diag,intent_quantile_0.8,nearest_sphere,none,0.5,0.9,0.452,0.512,0.5,0.012
2,mahalanobis_diag,intent_quantile_0.8,nearest_sphere,none,1.0,0.9,0.452,0.512,0.5,0.012
2,mahalanobis_diag,intent_quantile_0.8,nearest_sphere,none,2.0,0.9,0.452,0.512,0.5,0.012
2,mahalanobis_diag,intent_quantile_0.8,nearest_sphere,ratio,0.0,0.9,0.452,0.512,0.5,0.012
2,mahalanobis_diag,intent_quantile_0.8,nearest_sphere,ratio,0.25,0.9,0.088,0.088,0.088,0.0
2,mahalanobis_diag,intent_quantile_0.8,nearest_sphere,ratio,0.5,0.9,0.006,0.006,0.006,0.0
2,mahalanobis_diag,intent_quantile_0.8,nearest_sphere,ratio,1.0,0.9,0.0,0.0,0.0,0.0
2,mahalanobis_diag,intent_quantile_0.8,nearest_sphere,ratio,2.0,0.9,0.0,0.0,0.0,0.0
2,mahalanobis_diag,intent_quantile_0.8,nearest_sphere,inverse_margin,0.0,0.9,0.452,0.512,0.5,0.012
2,mahalanobis_diag,intent_quantile_0.8,nearest_sphere,inverse_margin,0.25,0.9,0.004,0.004,0.004,0.0
2,mahalanobis_diag,intent_quantile_0.8,nearest_sphere,inverse_margin,0.5,0.9,0.0,0.0,0.0,0.0
2,mahalanobis_diag,intent_quantile_0.8,nearest_sphere,inverse_margin,1.0,0.9,0.0,0.0,0.0,0.0
2,mahalanobis_diag,intent_quantile_0.8,nearest_sphere,inverse_margin,2.0,0.9,0.0,0.0,0.0,0.0
2,mahalanobis_diag,intent_quantile_0.8,nearest_sphere,max_ratio,0.0,0.9,0.452,0.512,0.5,0.012
2,mahalanobis_diag,intent_quantile_0.8,nearest_sphere,max_ratio,0.25,0.9,0.452,0.512,0.5,0.012
2,mahalanobis_diag,intent_quantile_0.8,nearest_sphere,max_ratio,0.5,0.9,0.452,0.512,0.5,0.012
2,mahalanobis_diag,intent_quantile_0.8,nearest_sphere,max_ratio,1.0,0.9,0.474,0.494,0.49,0.004
2,mahalanobis_diag,intent_quantile_0.8,nearest_sphere,max_ratio,2.0,0.9,0.0,0.0,0.0,0.0
2,mahalanobis_diag,intent_quantile_0.8,normalized_union,none,0.0,0.9,0.466,0.516,0.506,0.01
2,mahalanobis_diag,intent_quantile_0.8,normalized_union,none,0.25,0.9,0.466,0.516,0.506,0.01
2,mahalanobis_diag,intent_quantile_0.8,normalized_union,none,0.5,0.9,0.466,0.516,0.506,0.01
2,mahalanobis_diag,intent_quantile_0.8,normalized_union,none,1.0,0.9,0.466,0.516,0.506,0.01
2,mahalanobis_diag,intent_quantile_0.8,normalized_union,none,2.0,0.9,0.466,0.516,0.506,0.01
2,mahalanobis_diag,intent_quantile_0.8,normalized_union,ratio,0.0,0.9,0.466,0.516,0.506,0.01
2,mahalanobis_diag,intent_quantile_0.8,normalized_union,ratio,0.25,0.9,0.088,0.088,0.088,0.0
2,mahalanobis_diag,intent_quantile_0.8,normalized_union,ratio,0.5,0.9,0.006,0.006,0.006,0.0
2,mahalanobis_diag,intent_quantile_0.8,normalized_union,ratio,1.0,0.9,0.0,0.0,0.0,0.0
2,mahalanobis_diag,intent_quantile_0.8,normalized_union,ratio,2.0,0.9,0.0,0.0,0.0,0.0
2,mahalanobis_diag,intent_quantile_0.8,normalized_union,inverse_margin,0.0,0.9,0.466,0.516,0.506,0.01
2,mahalanobis_diag,intent_quantile_0.8,normalized_union,inverse_margin,0.25,0.9,0.004,0.004,0.004,0.0
2,mahalanobis_diag,intent_quantile_0.8,normalized_union,inverse_margin,0.5,0.9,0.0,0.0,0.0,0.0
2,mahalanobis_diag,intent_quantile_0.8,normalized_union,inverse_margin,1.0,0.9,0.0,0.0,0.0,0.0
2,mahalanobis_diag,intent_quantile_0.8,normalized_union,inverse_margin,2.0,0.9,0.0,0.0,0.0,0.0
2,mahalanobis_diag,intent_quantile_0.8,normalized_union,max_ratio,0.0,0.9,0.466,0.516,0.506,0.01
2,mahalanobis_diag,intent_quantile_0.8,normalized_union,max_ratio,0.25,0.9,0.466,0.516,0.506,0.01
2,mahalanobis_diag,intent_quantile_0.8,normalized_union,max_ratio,0.5,0.9,0.466,0.516,0.506,0.01
2,mahalanobis_diag,intent_quantile_0.8,normalized_union,max_ratio,1.0,0.9,0.474,0.494,0.49,0.004
2,mahalanobis_diag,intent_quantile_0.8,normalized_union,max_ratio,2.0,0.9,0.0,0.0,0.0,0.0
2,mahalanobis_diag,center_quantile_0.9,nearest_sphere,none,0.0,0.9,0.616,0.726,0.704,0.022
2,mahalanobis_diag,center_quantile_0.9,nearest_sphere,none,0.25,0.9,0.616,0.726,0.704,0.022
2,mahalanobis_diag,center_quantile_0.9,nearest_sphere,none,0.5,0.9,0.616,0.726,0.704,0.022
2,mahalanobis_diag,center_quantile_0.9,nearest_sphere,none,1.0,0.9,0.616,0.726,0.704,0.022
2,mahalanobis_diag,center_quantile_0.9,nearest_sphere,none,2.0,0.9,0.616,0.726,0.704,0.022
2,mahalanobis_diag,center_quantile_0.9,nearest_sphere,ratio,0.0,0.9,0.616,0.726,0.704,0.022
2,mahalanobis_diag,center_quantile_0.9,nearest_sphere,ratio,0.25,0.9,0.212,0.222,0.22,0.002
2,mahalanobis_diag,center_quantile_0.9,nearest_sphere,ratio,0.5,0.9,0.022,0.022,0.022,0.0
2,mahalanobis_diag,center_quantile_0.9,nearest_sphere,ratio,1.0,0.9,0.0,0.0,0.0,0.0
2,mahalanobis_diag,center_quantile_0.9,nearest_sphere,ratio,2.0,0.9,0.0,0.0,0.0,0.0
2,mahalanobis_diag,center_quantile_0.9,nearest_sphere,inverse_margin,0.0,0.9,0.616,0.726,0.704,0.022
2,mahalanobis_diag,center_quantile_0.9,nearest_sphere,inverse_margin,0.25,0.9,0.006,0.006,0.006,0.0
2,mahalanobis_diag,center_quantile_0.9,nearest_sphere,inverse_margin,0.5,0.9,0.0,0.0,0.0,0.0
2,mahalanobis_diag,center_quantile_0.9,nearest_sphere,inverse_margin,1.0,0.9,0.0,0.0,0.0,0.0
2,mahalanobis_diag,center_quantile_0.9,nearest_sphere,inverse_margin,2.0,0.9,0.0,0.0,0.0,0.0
2,mahalanobis_diag,center_quantile_0.9,nearest_sphere,max_ratio,0.0,0.9,0.616,0.726,0.704,0.022
2,mahalanobis_diag,center_quantile_0.9,nearest_sphere,max_ratio,0.25,0.9,0.616,0.726,0.704,0.022
2,mahalanobis_diag,center_quantile_0.9,nearest_sphere,max_ratio,0.5,0.9,0.616,0.726,0.704,0.022
2,mahalanobis_diag,center_quantile_0.9,nearest_sphere,max_ratio,1.0,0.9,0.63,0.66,0.654,0.006
2,mahalanobis_diag,center_quantile_0.9,nearest_sphere,max_ratio,2.0,0.9,0.0,0.0,0.0,0.0
2,mahalanobis_diag,center_quantile_0.9,normalized_union,none,0.0,0.9,0.704,0.754,0.744,0.01
2,mahalanobis_diag,center_quantile_0.9,normalized_union,none,0.25,0.9,0.704,0.754,0.744,0.01
2,mahalanobis_diag,center_quantile_0.9,normalized_union,none,0.5,0.9,0.704,0.754,0.744,0.01
2,mahalanobis_diag,center_quantile_0.9,normalized_union,none,1.0,0.9,0.704,0.754,0.744,0.01
2,mahalanobis_diag,center_quantile_0.9,normalized_union,none,2.0,0.9,0.704,0.754,0.744,0.01
2,mahalanobis_diag,center_quantile_0.9,normalized_union,ratio,0.0,0.9,0.704,0.754,0.744,0.01
2,mahalanobis_diag,center_quantile_0.9,normalized_union,ratio,0.25,0.9,0.224,0.234,0.232,0.002
2,mahalanobis_diag,center_quantile_0.9,normalized_union,ratio,0.5,0.9,0.026,0.026,0.026,0.0
2,mahalanobis_diag,center_quantile_0.9,normalized_union,ratio,1.0,0.9,0.0,0.0,0.0,0.0
2,mahalanobis_diag,center_quantile_0.9,normalized_union,ratio,2.0,0.9,0.0,0.0,0.0,0.0
2,mahalanobis_diag,center_quantile_0.9,normalized_union,inverse_margin,0.0,0.9,0.704,0.754,0.744,0.01
2,mahalanobis_diag,center_quantile_0.9,normalized_union,inverse_margin,0.25,0.9,0.008,0.008,0.008,0.0
2,mahalanobis_diag,center_quantile_0.9,normalized_union,inverse_margin,0.5,0.9,0.0,0.0,0.0,0.0
2,mahalanobis_diag,center_quantile_0.9,normalized_union,inverse_margin,1.0,0.9,0.0,0.0,0.0,0.0
2,mahalanobis_diag,center_quantile_0.9,normalized_union,inverse_margin,2.0,0.9,0.0,0.0,0.0,0.0
2,mahalanobis_diag,center_quantile_0.9,normalized_union,max_ratio,0.0,0.9,0.704,0.754,0.744,0.01
2,mahalanobis_diag,center_quantile_0.9,normalized_union,max_ratio,0.25,0.9,0.704,0.754,0.744,0.01
2,mahalanobis_diag,center_quantile_0.9,normalized_union,max_ratio,0.5,0.9,0.704,0.754,0.744,0.01
2,mahalanobis_diag,center_quantile_0.9,normalized_union,max_ratio,1.0,0.9,0.656,0.686,0.68,0.006
2,mahalanobis_diag,center_quantile_0.9,normalized_union,max_ratio,2.0,0.9,0.0,0.0,0.0,0.0
2,mahalanobis_diag,intent_quantile_0.9,nearest_sphere,none,0.0,0.9,0.606,0.706,0.686,0.02
2,mahalanobis_diag,intent_quantile_0.9,nearest_sphere,none,0.25,0.9,0.606,0.706,0.686,0.02
2,mahalanobis_diag,intent_quantile_0.9,nearest_sphere,none,0.5,0.9,0.606,0.706,0.686,0.02
2,mahalanobis_diag,intent_quantile_0.9,nearest_sphere,none,1.0,0.9,0.606,0.706,0.686,0.02
2,mahalanobis_diag,intent_quantile_0.9,nearest_sphere,none,2.0,0.9,0.606,0.706,0.686,0.02
2,mahalanobis_diag,intent_quantile_0.9,nearest_sphere,ratio,0.0,0.9,0.606,0.706,0.686,0.02
2,mahalanobis_diag,intent_quantile_0.9,nearest_sphere,ratio,0.25,0.9,0.178,0.178,0.178,0.0
2,mahalanobis_diag,intent_quantile_0.9,nearest_sphere,ratio,0.5,0.9,0.014,0.014,0.014,0.0
2,mahalanobis_diag,intent_quantile_0.9,nearest_sphere,ratio,1.0,0.9,0.0,0.0,0.0,0.0
2,mahalanobis_diag,intent_quantile_0.9,nearest_sphere,ratio,2.0,0.9,0.0,0.0,0.0,0.0
2,mahalanobis_diag,intent_quantile_0.9,nearest_sphere,inverse_margin,0.0,0.9,0.606,0.706,0.686,0.02
2,mahalanobis_diag,intent_quantile_0.9,nearest_sphere,inverse_margin,0.25,0.9,0.01,0.01,0.01,0.0
2,mahalanobis_diag,intent_quantile_0.9,nearest_sphere,inverse_margin,0.5,0.9,0.0,0.0,0.0,0.0
2,mahalanobis_diag,intent_quantile_0.9,nearest_sphere,inverse_margin,1.0,0.9,0.0,0.0,0.0,0.0
2,mahalanobis_diag,intent_quantile_0.9,nearest_sphere,inverse_margin,2.0,0.9,0.0,0.0,0.0,0.0
2,mahalanobis_diag,intent_quantile_0.9,nearest_sphere,max_ratio,0.0,0.9,0.606,0.706,0.686,0.02
2,mahalanobis_diag,intent_quantile_0.9,nearest_sphere,max_ratio,0.25,0.9,0.606,0.706,0.686,0.02
2,mahalanobis_diag,intent_quantile_0.9,nearest_sphere,max_ratio,0.5,0.9,0.606,0.706,0.686,0.02
2,mahalanobis_diag,intent_quantile_0.9,nearest_sphere,max_ratio,1.0,0.9,0.628,0.658,0.652,0.006
2,mahalanobis_diag,intent_quantile_0.9,nearest_sphere,max_ratio,2.0,0.9,0.0,0.0,0.0,0.0
2,mahalanobis_diag,intent_quantile_0.9,normalized_union,none,0.0,0.9,0.648,0.708,0.696,0.012
2,mahalanobis_diag,intent_quantile_0.9,normalized_union,none,0.25,0.9,0.648,0.708,0.696,0.012
2,mahalanobis_diag,intent_quantile_0.9,normalized_union,none,0.5,0.9,0.648,0.708,0.696,0.012
2,mahalanobis_diag,intent_quantile_0.9,normalized_union,none,1.0,0.9,0.648,0.708,0.696,0.012
2,mahalanobis_diag,intent_quantile_0.9,normalized_union,none,2.0,0.9,0.648,0.708,0.696,0.012
2,mahalanobis_diag,intent_quantile_0.9,normalized_union,ratio,0.0,0.9,0.648,0.708,0.696,0.012
2,mahalanobis_diag,intent_quantile_0.9,normalized_union,ratio,0.25,0.9,0.178,0.178,0.178,0.0
2,mahalanobis_diag,intent_quantile_0.9,normalized_union,ratio,0.5,0.9,0.014,0.014,0.014,0.0
2,mahalanobis_diag,intent_quantile_0.9,normalized_union,ratio,1.0,0.9,0.0,0.0,0.0,0.0
2,mahalanobis_diag,intent_quantile_0.9,normalized_union,ratio,2.0,0.9,0.0,0.0,0.0,0.0
2,mahalanobis_diag,intent_quantile_0.9,normalized_union,inverse_margin,0.0,0.9,0.648,0.708,0.696,0.012
2,mahalanobis_diag,intent_quantile_0.9,normalized_union,inverse_margin,0.25,0.9,0.01,0.01,0.01,0.0
2,mahalanobis_diag,intent_quantile_0.9,normalized_union,inverse_margin,0.5,0.9,0.0,0.0,0.0,0.0
2,mahalanobis_diag,intent_quantile_0.9,normalized_union,inverse_margin,1.0,0.9,0.0,0.0,0.0,0.0
2,mahalanobis_diag,intent_quantile_0.9,normalized_union,inverse_margin,2.0,0.9,0.0,0.0,0.0,0.0
2,mahalanobis_diag,intent_quantile_0.9,normalized_union,max_ratio,0.0,0.9,0.648,0.708,0.696,0.012
2,mahalanobis_diag,intent_quantile_0.9,normalized_union,max_ratio,0.25,0.9,0.648,0.708,0.696,0.012
2,mahalanobis_diag,intent_quantile_0.9,normalized_union,max_ratio,0.5,0.9,0.648,0.708,0.696,0.012
2,mahalanobis_diag,intent_quantile_0.9,normalized_union,max_ratio,1.0,0.9,0.628,0.658,0.652,0.006
2,mahalanobis_diag,intent_quantile_0.9,normalized_union,max_ratio,2.0,0.9,0.0,0.0,0.0,0.0
2,mahalanobis_diag,center_quantile_0.95,nearest_sphere,none,0.0,0.9,0.69,0.86,0.826,0.034
2,mahalanobis_diag,center_quantile_0.95,nearest_sphere,none,0.25,0.9,0.69,0.86,0.826,0.034
2,mahalanobis_diag,center_quantile_0.95,nearest_sphere,none,0.5,0.9,0.69,0.86,0.826,0.034
2,mahalanobis_diag,center_quantile_0.95,nearest_sphere,none,1.0,0.9,0.69,0.86,0.826,0.034
2,mahalanobis_diag,center_quantile_0.95,nearest_sphere,none,2.0,0.9,0.69,0.86,0.826,0.034
2,mahalanobis_diag,center_quantile_0.95,nearest_sphere,ratio,0.0,0.9,0.69,0.86,0.826,0.034
2,mahalanobis_diag,center_quantile_0.95,nearest_sphere,ratio,0.25,0.9,0.41,0.42,0.418,0.002
2,mahalanobis_diag,center_quantile_0.95,nearest_sphere,ratio,0.5,0.9,0.082,0.082,0.082,0.0
2,mahalanobis_diag,center_quantile_0.95,nearest_sphere,ratio,1.0,0.9,0.0,0.0,0.0,0.0
2,mahalanobis_diag,center_quantile_0.95,nearest_sphere,ratio,2.0,0.9,0.0,0.0,0.0,0.0
2,mahalanobis_diag,center_quantile_0.95,nearest_sphere,inverse_margin,0.0,0.9,0.69,0.86,0.826,0.034
2,mahalanobis_diag,center_quantile_0.95,nearest_sphere,inverse_margin,0.25,0.9,0.012,0.012,0.012,0.0
2,mahalanobis_diag,center_quantile_0.95,nearest_sphere,inverse_margin,0.5,0.9,0.0,0.0,0.0,0.0
2,mahalanobis_diag,center_quantile_0.95,nearest_sphere,inverse_margin,1.0,0.9,0.0,0.0,0.0,0.0
2,mahalanobis_diag,center_quantile_0.95,nearest_sphere,inverse_margin,2.0,0.9,0.0,0.0,0.0,0.0
2,mahalanobis_diag,center_quantile_0.95,nearest_sphere,max_ratio,0.0,0.9,0.69,0.86,0.826,0.034
2,mahalanobis_diag,center_quantile_0.95,nearest_sphere,max_ratio,0.25,0.9,0.69,0.86,0.826,0.034
2,mahalanobis_diag,center_quantile_0.95,nearest_sphere,max_ratio,0.5,0.9,0.69,0.86,0.826,0.034
2,mahalanobis_diag,center_quantile_0.95,nearest_sphere,max_ratio,1.0,0.9,0.708,0.768,0.756,0.012
2,mahalanobis_diag,center_quantile_0.95,nearest_sphere,max_ratio,2.0,0.9,0.0,0.0,0.0,0.0
2,mahalanobis_diag,center_quantile_0.95,normalized_union,none,0.0,0.9,0.77,0.89,0.866,0.024
2,mahalanobis_diag,center_quantile_0.95,normalized_union,none,0.25,0.9,0.77,0.89,0.866,0.024
2,mahalanobis_diag,center_quantile_0.95,normalized_union,none,0.5,0.9,0.77,0.89,0.866,0.024
2,mahalanobis_diag,center_quantile_0.95,normalized_union,none,1.0,0.9,0.77,0.89,0.866,0.024
2,mahalanobis_diag,center_quantile_0.95,normalized_union,none,2.0,0.9,0.77,0.89,0.866,0.024
2,mahalanobis_diag,center_quantile_0.95,normalized_union,ratio,0.0,0.9,0.77,0.89,0.866,0.024
2,mahalanobis_diag,center_quantile_0.95,normalized_union,ratio,0.25,0.9,0.444,0.454,0.452,0.002
2,mahalanobis_diag,center_quantile_0.95,normalized_union,ratio,0.5,0.9,0.092,0.092,0.092,0.0
2,mahalanobis_diag,center_quantile_0.95,normalized_union,ratio,1.0,0.9,0.0,0.0,0.0,0.0
2,mahalanobis_diag,center_quantile_0.95,normalized_union,ratio,2.0,0.9,0.0,0.0,0.0,0.0
2,mahalanobis_diag,center_quantile_0.95,normalized_union,inverse_margin,0.0,0.9,0.77,0.89,0.866,0.024
2,mahalanobis_diag,center_quantile_0.95,normalized_union,inverse_margin,0.25,0.9,0.016,0.016,0.016,0.0
2,mahalanobis_diag,center_quantile_0.95,normalized_union,inverse_margin,0.5,0.9,0.0,0.0,0.0,0.0
2,mahalanobis_diag,center_quantile_0.95,normalized_union,inverse_margin,1.0,0.9,0.0,0.0,0.0,0.0
2,mahalanobis_diag,center_quantile_0.95,normalized_union,inverse_margin,2.0,0.9,0.0,0.0,0.0,0.0
2,mahalanobis_diag,center_quantile_0.95,normalized_union,max_ratio,0.0,0.9,0.77,0.89,0.866,0.024
2,mahalanobis_diag,center_quantile_0.95,normalized_union,max_ratio,0.25,0.9,0.77,0.89,0.866,0.024
2,mahalanobis_diag,center_quantile_0.95,normalized_union,max_ratio,0.5,0.9,0.77,0.89,0.866,0.024
2,mahalanobis_diag,center_quantile_0.95,normalized_union,max_ratio,1.0,0.9,0.736,0.786,0.776,0.01
2,mahalanobis_diag,center_quantile_0.95,normalized_union,max_ratio,2.0,0.9,0.0,0.0,0.0,0.0
2,mahalanobis_diag,intent_quantile_0.95,nearest_sphere,none,0.0,0.9,0.66,0.83,0.796,0.034
2,mahalanobis_diag,intent_quantile_0.95,nearest_sphere,none,0.25,0.9,0.66,0.83,0.796,0.034
2,mahalanobis_diag,intent_quantile_0.95,nearest_sphere,none,0.5,0.9,0.66,0.83,0.796,0.034
2,mahalanobis_diag,intent_quantile_0.95,nearest_sphere,none,1.0,0.9,0.66,0.83,0.796,0.034
2,mahalanobis_diag,intent_quantile_0.95,nearest_sphere,none,2.0,0.9,0.66,0.83,0.796,0.034
2,mahalanobis_diag,intent_quantile_0.95,nearest_sphere,ratio,0.0,0.9,0.66,0.83,0.796,0.034
2,mahalanobis_diag,intent_quantile_0.95,nearest_sphere,ratio,0.25,0.9,0.308,0.318,0.316,0.002
2,mahalanobis_diag,intent_quantile_0.95,nearest_sphere,ratio,0.5,0.9,0.038,0.038,0.038,0.0
2,mahalanobis_diag,intent_quantile_0.95,nearest_sphere,ratio,1.0,0.9,0.0,0.0,0.0,0.0
2,mahalanobis_diag,intent_quantile_0.95,nearest_sphere,ratio,2.0,0.9,0.0,0.0,0.0,0.0
2,mahalanobis_diag,intent_quantile_0.95,nearest_sphere,inverse_margin,0.0,0.9,0.66,0.83,0.796,0.034
2,mahalanobis_diag,intent_quantile_0.95,nearest_sphere,inverse_margin,0.25,0.9,0.012,0.012,0.012,0.0
2,mahalanobis_diag,intent_quantile_0.95,nearest_sphere,inverse_margin,0.5,0.9,0.0,0.0,0.0,0.0
2,mahalanobis_diag,intent_quantile_0.95,nearest_sphere,inverse_margin,1.0,0.9,0.0,0.0,0.0,0.0
2,mahalanobis_diag,intent_quantile_0.95,nearest_sphere,inverse_margin,2.0,0.9,0.0,0.0,0.0,0.0
2,mahalanobis_diag,intent_quantile_0.95,nearest_sphere,max_ratio,0.0,0.9,0.66,0.83,0.796,0.034
2,mahalanobis_diag,intent_quantile_0.95,nearest_sphere,max_ratio,0.25,0.9,0.66,0.83,0.796,0.034
2,mahalanobis_diag,intent_quantile_0.95,nearest_sphere,max_ratio,0.5,0.9,0.66,0.83,0.796,0.034
2,mahalanobis_diag,intent_quantile_0.95,nearest_sphere,max_ratio,1.0,0.9,0.696,0.756,0.744,0.012
2,mahalanobis_diag,intent_quantile_0.95,nearest_sphere,max_ratio,2.0,0.9,0.0,0.0,0.0,0.0
2,mahalanobis_diag,intent_quantile_0.95,normalized_union,none,0.0,0.9,0.704,0.834,0.808,0.026
2,mahalanobis_diag,intent_quantile_0.95,normalized_union,none,0.25,0.9,0.704,0.834,0.808,0.026
2,mahalanobis_diag,intent_quantile_0.95,normalized_union,none,0.5,0.9,0.704,0.834,0.808,0.026
2,mahalanobis_diag,intent_quantile_0.95,normalized_union,none,1.0,0.9,0.704,0.834,0.808,0.026
2,mahalanobis_diag,intent_quantile_0.95,normalized_union,none,2.0,0.9,0.704,0.834,0.808,0.026
2,mahalanobis_diag,intent_quantile_0.95,normalized_union,ratio,0.0,0.9,0.704,0.834,0.808,0.026
2,mahalanobis_diag,intent_quantile_0.95,normalized_union,ratio,0.25,0.9,0.308,0.318,0.316,0.002
2,mahalanobis_diag,intent_quantile_0.95,normalized_union,ratio,0.5,0.9,0.038,0.038,0.038,0.0
2,mahalanobis_diag,intent_quantile_0.95,normalized_union,ratio,1.0,0.9,0.0,0.0,0.0,0.0
2,mahalanobis_diag,intent_quantile_0.95,normalized_union,ratio,2.0,0.9,0.0,0.0,0.0,0.0
2,mahalanobis_diag,intent_quantile_0.95,normalized_union,inverse_margin,0.0,0.9,0.704,0.834,0.808,0.026
2,mahalanobis_diag,intent_quantile_0.95,normalized_union,inverse_margin,0.25,0.9,0.012,0.012,0.012,0.0
2,mahalanobis_diag,intent_quantile_0.95,normalized_union,inverse_margin,0.5,0.9,0.0,0.0,0.0,0.0
2,mahalanobis_diag,intent_quantile_0.95,normalized_union,inverse_margin,1.0,0.9,0.0,0.0,0.0,0.0
2,mahalanobis_diag,intent_quantile_0.95,normalized_union,inverse_margin,2.0,0.9,0.0,0.0,0.0,0.0
2,mahalanobis_diag,intent_quantile_0.95,normalized_union,max_ratio,0.0,0.9,0.704,0.834,0.808,0.026
2,mahalanobis_diag,intent_quantile_0.95,normalized_union,max_ratio,0.25,0.9,0.704,0.834,0.808,0.026
2,mahalanobis_diag,intent_quantile_0.95,normalized_union,max_ratio,0.5,0.9,0.704,0.834,0.808,0.026
2,mahalanobis_diag,intent_quantile_0.95,normalized_union,max_ratio,1.0,0.9,0.696,0.756,0.744,0.012
2,mahalanobis_diag,intent_quantile_0.95,normalized_union,max_ratio,2.0,0.9,0.0,0.0,0.0,0.0
2,mahalanobis_diag,center_quantile_0.99,nearest_sphere,none,0.0,0.9,0.594,0.944,0.874,0.07
2,mahalanobis_diag,center_quantile_0.99,nearest_sphere,none,0.25,0.9,0.594,0.944,0.874,0.07
2,mahalanobis_diag,center_quantile_0.99,nearest_sphere,none,0.5,0.9,0.594,0.944,0.874,0.07
2,mahalanobis_diag,center_quantile_0.99,nearest_sphere,none,1.0,0.9,0.594,0.944,0.874,0.07
2,mahalanobis_diag,center_quantile_0.99,nearest_sphere,none,2.0,0.9,0.594,0.944,0.874,0.07
2,mahalanobis_diag,center_quantile_0.99,nearest_sphere,ratio,0.0,0.9,0.594,0.944,0.874,0.07
2,mahalanobis_diag,center_quantile_0.99,nearest_sphere,ratio,0.25,0.9,0.69,0.77,0.754,0.016
2,mahalanobis_diag,center_quantile_0.99,nearest_sphere,ratio,0.5,0.9,0.254,0.264,0.262,0.002
2,mahalanobis_diag,center_quantile_0.99,nearest_sphere,ratio,1.0,0.9,0.004,0.004,0.004,0.0
2,mahalanobis_diag,center_quantile_0.99,nearest_sphere,ratio,2.0,0.9,0.0,0.0,0.0,0.0
2,mahalanobis_diag,center_quantile_0.99,nearest_sphere,inverse_margin,0.0,0.9,0.594,0.944,0.874,0.07
2,mahalanobis_diag,center_quantile_0.99,nearest_sphere,inverse_margin,0.25,0.9,0.04,0.04,0.04,0.0
2,mahalanobis_diag,center_quantile_0.99,nearest_sphere,inverse_margin,0.5,0.9,0.0,0.0,0.0,0.0
2,mahalanobis_diag,center_quantile_0.99,nearest_sphere,inverse_margin,1.0,0.9,0.0,0.0,0.0,0.0
2,mahalanobis_diag,center_quantile_0.99,nearest_sphere,inverse_margin,2.0,0.9,0.0,0.0,0.0,0.0
2,mahalanobis_diag,center_quantile_0.99,nearest_sphere,max_ratio,0.0,0.9,0.594,0.944,0.874,0.07
2,mahalanobis_diag,center_quantile_0.99,nearest_sphere,max_ratio,0.25,0.9,0.594,0.944,0.874,0.07
2,mahalanobis_diag,center_quantile_0.99,nearest_sphere,max_ratio,0.5,0.9,0.594,0.944,0.874,0.07
2,mahalanobis_diag,center_quantile_0.99,nearest_sphere,max_ratio,1.0,0.9,0.674,0.824,0.794,0.03
2,mahalanobis_diag,center_quantile_0.99,nearest_sphere,max_ratio,2.0,0.9,0.0,0.0,0.0,0.0
2,mahalanobis_diag,center_quantile_0.99,normalized_union,none,0.0,0.9,0.806,0.976,0.942,0.034
2,mahalanobis_diag,center_quantile_0.99,normalized_union,none,0.25,0.9,0.806,0.976,0.942,0.034
2,mahalanobis_diag,center_quantile_0.99,normalized_union,none,0.5,0.9,0.806,0.976,0.942,0.034
2,mahalanobis_diag,center_quantile_0.99,normalized_union,none,1.0,0.9,0.806,0.976,0.942,0.034
2,mahalanobis_diag,center_quantile_0.99,normalized_union,none,2.0,0.9,0.806,0.976,0.942,0.034
2,mahalanobis_diag,center_quantile_0.99,normalized_union,ratio,0.0,0.9,0.806,0.976,0.942,0.034
2,mahalanobis_diag,center_quantile_0.99,normalized_union,ratio,0.25,0.9,0.776,0.836,0.824,0.012
2,mahalanobis_diag,center_quantile_0.99,normalized_union,ratio,0.5,0.9,0.286,0.296,0.294,0.002
2,mahalanobis_diag,center_quantile_0.99,normalized_union,ratio,1.0,0.9,0.004,0.004,0.004,0.0
2,mahalanobis_diag,center_quantile_0.99,normalized_union,ratio,2.0,0.9,0.0,0.0,0.0,0.0
2,mahalanobis_diag,center_quantile_0.99,normalized_union,inverse_margin,0.0,0.9,0.806,0.976,0.942,0.034
2,mahalanobis_diag,center_quantile_0.99,normalized_union,inverse_margin,0.25,0.9,0.058,0.058,0.058,0.0
2,mahalanobis_diag,center_quantile_0.99,normalized_union,inverse_margin,0.5,0.9,0.0,0.0,0.0,0.0
2,mahalanobis_diag,center_quantile_0.99,normalized_union,inverse_margin,1.0,0.9,0.0,0.0,0.0,0.0
2,mahalanobis_diag,center_quantile_0.99,normalized_union,inverse_margin,2.0,0.9,0.0,0.0,0.0,0.0
2,mahalanobis_diag,center_quantile_0.99,normalized_union,max_ratio,0.0,0.9,0.806,0.976,0.942,0.034
2,mahalanobis_diag,center_quantile_0.99,normalized_union,max_ratio,0.25,0.9,0.806,0.976,0.942,0.034
2,mahalanobis_diag,center_quantile_0.99,normalized_union,max_ratio,0.5,0.9,0.806,0.976,0.942,0.034
2,mahalanobis_diag,center_quantile_0.99,normalized_union,max_ratio,1.0,0.9,0.75,0.85,0.83,0.02
2,mahalanobis_diag,center_quantile_0.99,normalized_union,max_ratio,2.0,0.9,0.0,0.0,0.0,0.0
2,mahalanobis_diag,intent_quantile_0.99,nearest_sphere,none,0.0,0.9,0.62,0.95,0.884,0.066
2,mahalanobis_diag,intent_quantile_0.99,nearest_sphere,none,0.25,0.9,0.62,0.95,0.884,0.066
2,mahalanobis_diag,intent_quantile_0.99,nearest_sphere,none,0.5,0.9,0.62,0.95,0.884,0.066
2,mahalanobis_diag,intent_quantile_0.99,nearest_sphere,none,1.0,0.9,0.62,0.95,0.884,0.066
2,mahalanobis_diag,intent_quantile_0.99,nearest_sphere,none,2.0,0.9,0.62,0.95,0.884,0.066
2,mahalanobis_diag,intent_quantile_0.99,nearest_sphere,ratio,0.0,0.9,0.62,0.95,0.884,0.066
2,mahalanobis_diag,intent_quantile_0.99,nearest_sphere,ratio,0.25,0.9,0.594,0.664,0.65,0.014
2,mahalanobis_diag,intent_quantile_0.99,nearest_sphere,ratio,0.5,0.9,0.146,0.146,0.146,0.0
2,mahalanobis_diag,intent_quantile_0.99,nearest_sphere,ratio,1.0,0.9,0.0,0.0,0.0,0.0
2,mahalanobis_diag,intent_quantile_0.99,nearest_sphere,ratio,2.0,0.9,0.0,0.0,0.0,0.0
2,mahalanobis_diag,intent_quantile_0.99,nearest_sphere,inverse_margin,0.0,0.9,0.62,0.95,0.884,0.066
2,mahalanobis_diag,intent_quantile_0.99,nearest_sphere,inverse_margin,0.25,0.9,0.04,0.04,0.04,0.0
2,mahalanobis_diag,intent_quantile_0.99,nearest_sphere,inverse_margin,0.5,0.9,0.0,0.0,0.0,0.0
2,mahalanobis_diag,intent_quantile_0.99,nearest_sphere,inverse_margin,1.0,0.9,0.0,0.0,0.0,0.0
2,mahalanobis_diag,intent_quantile_0.99,nearest_sphere,inverse_margin,2.0,0.9,0.0,0.0,0.0,0.0
2,mahalanobis_diag,intent_quantile_0.99,nearest_sphere,max_ratio,0.0,0.9,0.62,0.95,0.884,0.066
2,mahalanobis_diag,intent_quantile_0.99,nearest_sphere,max_ratio,0.25,0.9,0.62,0.95,0.884,0.066
2,mahalanobis_diag,intent_quantile_0.99,nearest_sphere,max_ratio,0.5,0.9,0.62,0.95,0.884,0.066
2,mahalanobis_diag,intent_quantile_0.99,nearest_sphere,max_ratio,1.0,0.9,0.706,0.836,0.81,0.026
2,mahalanobis_diag,intent_quantile_0.99,nearest_sphere,max_ratio,2.0,0.9,0.0,0.0,0.0,0.0
2,mahalanobis_diag,intent_quantile_0.99,normalized_union,none,0.0,0.9,0.652,0.952,0.892,0.06
2,mahalanobis_diag,intent_quantile_0.99,normalized_union,none,0.25,0.9,0.652,0.952,0.892,0.06
2,mahalanobis_diag,intent_quantile_0.99,normalized_union,none,0.5,0.9,0.652,0.952,0.892,0.06
2,mahalanobis_diag,intent_quantile_0.99,normalized_union,none,1.0,0.9,0.652,0.952,0.892,0.06
2,mahalanobis_diag,intent_quantile_0.99,normalized_union,none,2.0,0.9,0.652,0.952,0.892,0.06
2,mahalanobis_diag,intent_quantile_0.99,normalized_union,ratio,0.0,0.9,0.652,0.952,0.892,0.06
2,mahalanobis_diag,intent_quantile_0.99,normalized_union,ratio,0.25,0.9,0.586,0.666,0.65,0.016
2,mahalanobis_diag,intent_quantile_0.99,normalized_union,ratio,0.5,0.9,0.146,0.146,0.146,0.0
2,mahalanobis_diag,intent_quantile_0.99,normalized_union,ratio,1.0,0.9,0.0,0.0,0.0,0.0
2,mahalanobis_diag,intent_quantile_0.99,normalized_union,ratio,2.0,0.9,0.0,0.0,0.0,0.0
2,mahalanobis_diag,intent_quantile_0.99,normalized_union,inverse_margin,0.0,0.9,0.652,0.952,0.892,0.06
2,mahalanobis_diag,intent_quantile_0.99,normalized_union,inverse_margin,0.25,0.9,0.04,0.04,0.04,0.0
2,mahalanobis_diag,intent_quantile_0.99,normalized_union,inverse_margin,0.5,0.9,0.0,0.0,0.0,0.0
2,mahalanobis_diag,intent_quantile_0.99,normalized_union,inverse_margin,1.0,0.9,0.0,0.0,0.0,0.0
2,mahalanobis_diag,intent_quantile_0.99,normalized_union,inverse_margin,2.0,0.9,0.0,0.0,0.0,0.0
2,mahalanobis_diag,intent_quantile_0.99,normalized_union,max_ratio,0.0,0.9,0.652,0.952,0.892,0.06
2,mahalanobis_diag,intent_quantile_0.99,normalized_union,max_ratio,0.25,0.9,0.652,0.952,0.892,0.06
2,mahalanobis_diag,intent_quantile_0.99,normalized_union,max_ratio,0.5,0.9,0.652,0.952,0.892,0.06
2,mahalanobis_diag,intent_quantile_0.99,normalized_union,max_ratio,1.0,0.9,0.706,0.836,0.81,0.026
2,mahalanobis_diag,intent_quantile_0.99,normalized_union,max_ratio,2.0,0.9,0.0,0.0,0.0,0.0
3,euclidean,mean_std_0.0,nearest_sphere,none,0.0,0.9,0.254,0.274,0.27,0.004
3,euclidean,mean_std_0.0,nearest_sphere,none,0.25,0.9,0.254,0.274,0.27,0.004
3,euclidean,mean_std_0.0,nearest_sphere,none,0.5,0.9,0.254,0.274,0.27,0.004
3,euclidean,mean_std_0.0,nearest_sphere,none,1.0,0.9,0.254,0.274,0.27,0.004
3,euclidean,mean_std_0.0,nearest_sphere,none,2.0,0.9,0.254,0.274,0.27,0.004
3,euclidean,mean_std_0.0,nearest_sphere,ratio,0.0,0.9,0.254,0.274,0.27,0.004
3,euclidean,mean_std_0.0,nearest_sphere,ratio,0.25,0.9,0.066,0.066,0.066,0.0
3,euclidean,mean_std_0.0,nearest_sphere,ratio,0.5,0.9,0.018,0.018,0.018,0.0
3,euclidean,mean_std_0.0,nearest_sphere,ratio,1.0,0.9,0.004,0.004,0.004,0.0
3,euclidean,mean_std_0.0,nearest_sphere,ratio,2.0,0.9,0.0,0.0,0.0,0.0
3,euclidean,mean_std_0.0,nearest_sphere,inverse_margin,0.0,0.9,0.254,0.274,0.27,0.004
3,euclidean,mean_std_0.0,nearest_sphere,inverse_margin,0.25,0.9,0.022,0.022,0.022,0.0
3,euclidean,mean_std_0.0,nearest_sphere,inverse_margin,0.5,0.9,0.008,0.008,0.008,0.0
3,euclidean,mean_std_0.0,nearest_sphere,inverse_margin,1.0,0.9,0.0,0.0,0.0,0.0
3,euclidean,mean_std_0.0,nearest_sphere,inverse_margin,2.0,0.9,0.0,0.0,0.0,0.0
3,euclidean,mean_std_0.0,nearest_sphere,max_ratio,0.0,0.9,0.254,0.274,0.27,0.004
3,euclidean,mean_std_0.0,nearest_sphere,max_ratio,0.25,0.9,0.254,0.274,0.27,0.004
3,euclidean,mean_std_0.0,nearest_sphere,max_ratio,0.5,0.9,0.254,0.274,0.27,0.004
3,euclidean,mean_std_0.0,nearest_sphere,max_ratio,1.0,0.9,0.264,0.264,0.264,0.0
3,euclidean,mean_std_0.0,nearest_sphere,max_ratio,2.0,0.9,0.082,0.082,0.082,0.0
3,euclidean,mean_std_0.0,normalized_union,none,0.0,0.9,0.564,0.674,0.652,0.022
3,euclidean,mean_std_0.0,normalized_union,none,0.25,0.9,0.564,0.674,0.652,0.022
3,euclidean,mean_std_0.0,normalized_union,none,0.5,0.9,0.564,0.674,0.652,0.022
3,euclidean,mean_std_0.0,normalized_union,none,1.0,0.9,0.564,0.674,0.652,0.022
3,euclidean,mean_std_0.0,normalized_union,none,2.0,0.9,0.564,0.674,0.652,0.022
3,euclidean,mean_std_0.0,normalized_union,ratio,0.0,0.9,0.564,0.674,0.652,0.022
3,euclidean,mean_std_0.0,normalized_union,ratio,0.25,0.9,0.178,0.188,0.186,0.002
3,euclidean,mean_std_0.0,normalized_union,ratio,0.5,0.9,0.024,0.024,0.024,0.0
3,euclidean,mean_std_0.0,normalized_union,ratio,1.0,0.9,0.004,0.004,0.004,0.0
3,euclidean,mean_std_0.0,normalized_union,ratio,2.0,0.9,0.0,0.0,0.0,0.0
3,euclidean,mean_std_0.0,normalized_union,inverse_margin,0.0,0.9,0.564,0.674,0.652,0.022
3,euclidean,mean_std_0.0,normalized_union,inverse_margin,0.25,0.9,0.034,0.034,0.034,0.0
3,euclidean,mean_std_0.0,normalized_union,inverse_margin,0.5,0.9,0.008,0.008,0.008,0.0
3,euclidean,mean_std_0.0,normalized_union,inverse_margin,1.0,0.9,0.0,0.0,0.0,0.0
3,euclidean,mean_std_0.0,normalized_union,inverse_margin,2.0,0.9,0.0,0.0,0.0,0.0
3,euclidean,mean_std_0.0,normalized_union,max_ratio,0.0,0.9,0.564,0.674,0.652,0.022
3,euclidean,mean_std_0.0,normalized_union,max_ratio,0.25,0.9,0.564,0.674,0.652,0.022
3,euclidean,mean_std_0.0,normalized_union,max_ratio,0.5,0.9,0.564,0.674,0.652,0.022
3,euclidean,mean_std_0.0,normalized_union,max_ratio,1.0,0.9,0.596,0.656,0.644,0.012
3,euclidean,mean_std_0.0,normalized_union,max_ratio,2.0,0.9,0.136,0.136,0.136,0.0
3,euclidean,mean_std_0.25,nearest_sphere,none,0.0,0.9,0.314,0.354,0.346,0.008
3,euclidean,mean_std_0.25,nearest_sphere,none,0.25,0.9,0.314,0.354,0.346,0.008
3,euclidean,mean_std_0.25,nearest_sphere,none,0.5,0.9,0.314,0.354,0.346,0.008
3,euclidean,mean_std_0.25,nearest_sphere,none,1.0,0.9,0.314,0.354,0.346,0.008
3,euclidean,mean_std_0.25,nearest_sphere,none,2.0,0.9,0.314,0.354,0.346,0.008
3,euclidean,mean_std_0.25,nearest_sphere,ratio,0.0,0.9,0.314,0.354,0.346,0.008
3,euclidean,mean_std_0.25,nearest_sphere,ratio,0.25,0.9,0.114,0.114,0.114,0.0
3,euclidean,mean_std_0.25,nearest_sphere,ratio,0.5,0.9,0.022,0.022,0.022,0.0
3,euclidean,mean_std_0.25,nearest_sphere,ratio,1.0,0.9,0.008,0.008,0.008,0.0
3,euclidean,mean_std_0.25,nearest_sphere,ratio,2.0,0.9,0.0,0.0,0.0,0.0
3,euclidean,mean_std_0.25,nearest_sphere,inverse_margin,0.0,0.9,0.314,0.354,0.346,0.008
3,euclidean,mean_std_0.25,nearest_sphere,inverse_margin,0.25,0.9,0.038,0.038,0.038,0.0
3,euclidean,mean_std_0.25,nearest_sphere,inverse_margin,0.5,0.9,0.008,0.008,0.008,0.0
3,euclidean,mean_std_0.25,nearest_sphere,inverse_margin,1.0,0.9,0.0,0.0,0.0,0.0
3,euclidean,mean_std_0.25,nearest_sphere,inverse_margin,2.0,0.9,0.0,0.0,0.0,0.0
3,euclidean,mean_std_0.25,nearest_sphere,max_ratio,0.0,0.9,0.314,0.354,0.346,0.008
3,euclidean,mean_std_0.25,nearest_sphere,max_ratio,0.25,0.9,0.314,0.354,0.346,0.008
3,euclidean,mean_std_0.25,nearest_sphere,max_ratio,0.5,0.9,0.314,0.354,0.346,0.008
3,euclidean,mean_std_0.25,nearest_sphere,max_ratio,1.0,0.9,0.328,0.338,0.336,0.002
3,euclidean,mean_std_0.25,nearest_sphere,max_ratio,2.0,0.9,0.09,0.09,0.09,0.0
3,euclidean,mean_std_0.25,normalized_union,none,0.0,0.9,0.648,0.788,0.76,0.028
3,euclidean,mean_std_0.25,normalized_union,none,0.25,0.9,0.648,0.788,0.76,0.028
3,euclidean,mean_std_0.25,normalized_union,none,0.5,0.9,0.648,0.788,0.76,0.028
3,euclidean,mean_std_0.25,normalized_union,none,1.0,0.9,0.648,0.788,0.76,0.028
3,euclidean,mean_std_0.25,normalized_union,none,2.0,0.9,0.648,0.788,0.76,0.028
3,euclidean,mean_std_0.25,normalized_union,ratio,0.0,0.9,0.648,0.788,0.76,0.028
3,euclidean,mean_std_0.25,normalized_union,ratio,0.25,0.9,0.294,0.304,0.302,0.002
3,euclidean,mean_std_0.25,normalized_union,ratio,0.5,0.9,0.034,0.034,0.034,0.0
3,euclidean,mean_std_0.25,normalized_union,ratio,1.0,0.9,0.008,0.008,0.008,0.0
3,euclidean,mean_std_0.25,normalized_union,ratio,2.0,0.9,0.0,0.0,0.0,0.0
3,euclidean,mean_std_0.25,normalized_union,inverse_margin,0.0,0.9,0.648,0.788,0.76,0.028
3,euclidean,mean_std_0.25,normalized_union,inverse_margin,0.25,0.9,0.05,0.05,0.05,0.0
3,euclidean,mean_std_0.25,normalized_union,inverse_margin,0.5,0.9,0.008,0.008,0.008,0.0
3,euclidean,mean_std_0.25,normalized_union,inverse_margin,1.0,0.9,0.0,0.0,0.0,0.0
3,euclidean,mean_std_0.25,normalized_union,inverse_margin,2.0,0.9,0.0,0.0,0.0,0.0
3,euclidean,mean_std_0.25,normalized_union,max_ratio,0.0,0.9,0.648,0.788,0.76,0.028
3,euclidean,mean_std_0.25,normalized_union,max_ratio,0.25,0.9,0.648,0.788,0.76,0.028
3,euclidean,mean_std_0.25,normalized_union,max_ratio,0.5,0.9,0.648,0.788,0.76,0.028
3,euclidean,mean_std_0.25,normalized_union,max_ratio,1.0,0.9,0.678,0.768,0.75,0.018
3,euclidean,mean_std_0.25,normalized_union,max_ratio,2.0,0.9,0.15,0.15,0.15,0.0
3,euclidean,mean_std_0.5,nearest_sphere,none,0.0,0.9,0.388,0.438,0.428,0.01
3,euclidean,mean_std_0.5,nearest_sphere,none,0.25,0.9,0.388,0.438,0.428,0.01
3,euclidean,mean_std_0.5,nearest_sphere,none,0.5,0.9,0.388,0.438,0.428,0.01
3,euclidean,mean_std_0.5,nearest_sphere,none,1.0,0.9,0.388,0.438,0.428,0.01
3,euclidean,mean_std_0.5,nearest_sphere,none,2.0,0.9,0.388,0.438,0.428,0.01
3,euclidean,mean_std_0.5,nearest_sphere,ratio,0.0,0.9,0.388,0.438,0.428,0.01
3,euclidean,mean_std_0.5,nearest_sphere,ratio,0.25,0.9,0.172,0.172,0.172,0.0
3,euclidean,mean_std_0.5,nearest_sphere,ratio,0.5,0.9,0.038,0.038,0.038,0.0
3,euclidean,mean_std_0.5,nearest_sphere,ratio,1.0,0.9,0.008,0.008,0.008,0.0
3,euclidean,mean_std_0.5,nearest_sphere,ratio,2.0,0.9,0.0,0.0,0.0,0.0
3,euclidean,mean_std_0.5,nearest_sphere,inverse_margin,0.0,0.9,0.388,0.438,0.428,0.01
3,euclidean,mean_std_0.5,nearest_sphere,inverse_margin,0.25,0.9,0.054,0.054,0.054,0.0
3,euclidean,mean_std_0.5,nearest_sphere,inverse_margin,0.5,0.9,0.012,0.012,0.012,0.0
3,euclidean,mean_std_0.5,nearest_sphere,inverse_margin,1.0,0.9,0.0,0.0,0.0,0.0
3,euclidean,mean_std_0.5,nearest_sphere,inverse_margin,2.0,0.9,0.0,0.0,0.0,0.0
3,euclidean,mean_std_0.5,nearest_sphere,max_ratio,0.0,0.9,0.388,0.438,0.428,0.01
3,euclidean,mean_std_0.5,nearest_sphere,max_ratio,0.25,0.9,0.388,0.438,0.428,0.01
3,euclidean,mean_std_0.5,nearest_sphere,max_ratio,0.5,0.9,0.388,0.438,0.428,0.01
3,euclidean,mean_std_0.5,nearest_sphere,max_ratio,1.0,0.9,0.406,0.416,0.414,0.002
3,euclidean,mean_std_0.5,nearest_sphere,max_ratio,2.0,0.9,0.112,0.112,0.112,0.0
3,euclidean,mean_std_0.5,normalized_union,none,0.0,0.9,0.614,0.844,0.798,0.046
3,euclidean,mean_std_0.5,normalized_union,none,0.25,0.9,0.614,0.844,0.798,0.046
3,euclidean,mean_std_0.5,normalized_union,none,0.5,0.9,0.614,0.844,0.798,0.046
3,euclidean,mean_std_0.5,normalized_union,none,1.0,0.9,0.614,0.844,0.798,0.046
3,euclidean,mean_std_0.5,normalized_union,none,2.0,0.9,0.614,0.844,0.798,0.046
3,euclidean,mean_std_0.5,normalized_union,ratio,0.0,0.9,0.614,0.844,0.798,0.046
3,euclidean,mean_std_0.5,normalized_union,ratio,0.25,0.9,0.402,0.432,0.426,0.006
3,euclidean,mean_std_0.5,normalized_union,ratio,0.5,0.9,0.062,0.062,0.062,0.0
3,euclidean,mean_std_0.5,normalized_union,ratio,1.0,0.9,0.008,0.008,0.008,0.0
3,euclidean,mean_std_0.5,normalized_union,ratio,2.0,0.9,0.0,0.0,0.0,0.0
3,euclidean,mean_std_0.5,normalized_union,inverse_margin,0.0,0.9,0.614,0.844,0.798,0.046
3,euclidean,mean_std_0.5,normalized_union,inverse_margin,0.25,0.9,0.086,0.086,0.086,0.0
3,euclidean,mean_std_0.5,normalized_union,inverse_margin,0.5,0.9,0.012,0.012,0.012,0.0
3,euclidean,mean_std_0.5,normalized_union,inverse_margin,1.0,0.9,0.0,0.0,0.0,0.0
3,euclidean,mean_std_0.5,normalized_union,inverse_margin,2.0,0.9,0.0,0.0,0.0,0.0
3,euclidean,mean_std_0.5,normalized_union,max_ratio,0.0,0.9,0.614,0.844,0.798,0.046
3,euclidean,mean_std_0.5,normalized_union,max_ratio,0.25,0.9,0.614,0.844,0.798,0.046
3,euclidean,mean_std_0.5,normalized_union,max_ratio,0.5,0.9,0.614,0.844,0.798,0.046
3,euclidean,mean_std_0.5,normalized_union,max_ratio,1.0,0.9,0.682,0.812,0.786,0.026
3,euclidean,mean_std_0.5,normalized_union,max_ratio,2.0,0.9,0.156,0.156,0.156,0.0
3,euclidean,mean_std_0.75,nearest_sphere,none,0.0,0.9,0.47,0.54,0.526,0.014
3,euclidean,mean_std_0.75,nearest_sphere,none,0.25,0.9,0.47,0.54,0.526,0.014
3,euclidean,mean_std_0.75,nearest_sphere,none,0.5,0.9,0.47,0.54,0.526,0.014
3,euclidean,mean_std_0.75,nearest_sphere,none,1.0,0.9,0.47,0.54,0.526,0.014
3,euclidean,mean_std_0.75,nearest_sphere,none,2.0,0.9,0.47,0.54,0.526,0.014
3,euclidean,mean_std_0.75,nearest_sphere,ratio,0.0,0.9,0.47,0.54,0.526,0.014
3,euclidean,mean_std_0.75,nearest_sphere,ratio,0.25,0.9,0.214,0.214,0.214,0.0
3,euclidean,mean_std_0.75,nearest_sphere,ratio,0.5,0.9,0.058,0.058,0.058,0.0
3,euclidean,mean_std_0.75,nearest_sphere,ratio,1.0,0.9,0.008,0.008,0.008,0.0
3,euclidean,mean_std_0.75,nearest_sphere,ratio,2.0,0.9,0.0,0.0,0.0,0.0
3,euclidean,mean_std_0.75,nearest_sphere,inverse_margin,0.0,0.9,0.47,0.54,0.526,0.014
3,euclidean,mean_std_0.75,nearest_sphere,inverse_margin,0.25,0.9,0.07,0.07,0.07,0.0
3,euclidean,mean_std_0.75,nearest_sphere,inverse_margin,0.5,0.9,0.012,0.012,0.012,0.0
3,euclidean,mean_std_0.75,nearest_sphere,inverse_margin,1.0,0.9,0.002,0.002,0.002,0.0
3,euclidean,mean_std_0.75,nearest_sphere,inverse_margin,2.0,0.9,0.0,0.0,0.0,0.0
3,euclidean,mean_std_0.75,nearest_sphere,max_ratio,0.0,0.9,0.47,0.54,0.526,0.014
3,euclidean,mean_std_0.75,nearest_sphere,max_ratio,0.25,0.9,0.47,0.54,0.526,0.014
3,euclidean,mean_std_0.75,nearest_sphere,max_ratio,0.5,0.9,0.47,0.54,0.526,0.014
3,euclidean,mean_std_0.75,nearest_sphere,max_ratio,1.0,0.9,0.5,0.51,0.508,0.002
3,euclidean,mean_std_0.75,nearest_sphere,max_ratio,2.0,0.9,0.13,0.13,0.13,0.0
3,euclidean,mean_std_0.75,normalized_union,none,0.0,0.9,0.654,0.904,0.854,0.05
3,euclidean,mean_std_0.75,normalized_union,none,0.25,0.9,0.654,0.904,0.854,0.05
3,euclidean,mean_std_0.75,normalized_union,none,0.5,0.9,0.654,0.904,0.854,0.05
3,euclidean,mean_std_0.75,normalized_union,none,1.0,0.9,0.654,0.904,0.854,0.05
3,euclidean,mean_std_0.75,normalized_union,none,2.0,0.9,0.654,0.904,0.854,0.05
3,euclidean,mean_std_0.75,normalized_union,ratio,0.0,0.9,0.654,0.904,0.854,0.05
3,euclidean,mean_std_0.75,normalized_union,ratio,0.25,0.9,0.48,0.52,0.512,0.008
3,euclidean,mean_std_0.75,normalized_union,ratio,0.5,0.9,0.106,0.106,0.106,0.0
3,euclidean,mean_std_0.75,normalized_union,ratio,1.0,0.9,0.008,0.008,0.008,0.0
3,euclidean,mean_std_0.75,normalized_union,ratio,2.0,0.9,0.0,0.0,0.0,0.0
3,euclidean,mean_std_0.75,normalized_union,inverse_margin,0.0,0.9,0.654,0.904,0.854,0.05
3,euclidean,mean_std_0.75,normalized_union,inverse_margin,0.25,0.9,0.124,0.124,0.124,0.0
3,euclidean,mean_std_0.75,normalized_union,inverse_margin,0.5,0.9,0.016,0.016,0.016,0.0
3,euclidean,mean_std_0.75,normalized_union,inverse_margin,1.0,0.9,0.002,0.002,0.002,0.0
3,euclidean,mean_std_0.75,normalized_union,inverse_margin,2.0,0.9,0.0,0.0,0.0,0.0
3,euclidean,mean_std_0.75,normalized_union,max_ratio,0.0,0.9,0.654,0.904,0.854,0.05
3,euclidean,mean_std_0.75,normalized_union,max_ratio,0.25,0.9,0.654,0.904,0.854,0.05
3,euclidean,mean_std_0.75,normalized_union,max_ratio,0.5,0.9,0.654,0.904,0.854,0.05
3,euclidean,mean_std_0.75,normalized_union,max_ratio,1.0,0.9,0.748,0.858,0.836,0.022
3,euclidean,mean_std_0.75,normalized_union,max_ratio,2.0,0.9,0.156,0.156,0.156,0.0
3,euclidean,mean_std_1.0,nearest_sphere,none,0.0,0.9,0.564,0.634,0.62,0.014
3,euclidean,mean_std_1.0,nearest_sphere,none,0.25,0.9,0.564,0.634,0.62,0.014
3,euclidean,mean_std_1.0,nearest_sphere,none,0.5,0.9,0.564,0.634,0.62,0.014
3,euclidean,mean_std_1.0,nearest_sphere,none,1.0,0.9,0.564,0.634,0.62,0.014
3,euclidean,mean_std_1.0,nearest_sphere,none,2.0,0.9,0.564,0.634,0.62,0.014
3,euclidean,mean_std_1.0,nearest_sphere,ratio,0.0,0.9,0.564,0.634,0.62,0.014
3,euclidean,mean_std_1.0,nearest_sphere,ratio,0.25,0.9,0.272,0.272,0.272,0.0
3,euclidean,mean_std_1.0,nearest_sphere,ratio,0.5,0.9,0.08,0.08,0.08,0.0
3,euclidean,mean_std_1.0,nearest_sphere,ratio,1.0,0.9,0.008,0.008,0.008,0.0
3,euclidean,mean_std_1.0,nearest_sphere,ratio,2.0,0.9,0.0,0.0,0.0,0.0
3,euclidean,mean_std_1.0,nearest_sphere,inverse_margin,0.0,0.9,0.564,0.634,0.62,0.014
3,euclidean,mean_std_1.0,nearest_sphere,inverse_margin,0.25,0.9,0.088,0.088,0.088,0.0
3,euclidean,mean_std_1.0,nearest_sphere,inverse_margin,0.5,0.9,0.02,0.02,0.02,0.0
3,euclidean,mean_std_1.0,nearest_sphere,inverse_margin,1.0,0.9,0.002,0.002,0.002,0.0
3,euclidean,mean_std_1.0,nearest_sphere,inverse_margin,2.0,0.9,0.0,0.0,0.0,0.0
3,euclidean,mean_std_1.0,nearest_sphere,max_ratio,0.0,0.9,0.564,0.634,0.62,0.014
3,euclidean,mean_std_1.0,nearest_sphere,max_ratio,0.25,0.9,0.564,0.634,0.62,0.014
3,euclidean,mean_std_1.0,nearest_sphere,max_ratio,0.5,0.9,0.564,0.634,0.62,0.014
3,euclidean,mean_std_1.0,nearest_sphere,max_ratio,1.0,0.9,0.584,0.594,0.592,0.002
3,euclidean,mean_std_1.0,nearest_sphere,max_ratio,2.0,0.9,0.14,0.14,0.14,0.0
3,euclidean,mean_std_1.0,normalized_union,none,0.0,0.9,0.646,0.936,0.878,0.058
3,euclidean,mean_std_1.0,normalized_union,none,0.25,0.9,0.646,0.936,0.878,0.058
3,euclidean,mean_std_1.0,normalized_union,none,0.5,0.9,0.646,0.936,0.878,0.058
3,euclidean,mean_std_1.0,normalized_union,none,1.0,0.9,0.646,0.936,0.878,0.058
3,euclidean,mean_std_1.0,normalized_union,none,2.0,0.9,0.646,0.936,0.878,0.058
3,euclidean,mean_std_1.0,normalized_union,ratio,0.0,0.9,0.646,0.936,0.878,0.058
3,euclidean,mean_std_1.0,normalized_union,ratio,0.25,0.9,0.538,0.608,0.594,0.014
3,euclidean,mean_std_1.0,normalized_union,ratio,0.5,0.9,0.162,0.162,0.162,0.0
3,euclidean,mean_std_1.0,normalized_union,ratio,1.0,0.9,0.008,0.008,0.008,0.0
3,euclidean,mean_std_1.0,normalized_union,ratio,2.0,0.9,0.0,0.0,0.0,0.0
3,euclidean,mean_std_1.0,normalized_union,inverse_margin,0.0,0.9,0.646,0.936,0.878,0.058
3,euclidean,mean_std_1.0,normalized_union,inverse_margin,0.25,0.9,0.172,0.172,0.172,0.0
3,euclidean,mean_std_1.0,normalized_union,inverse_margin,0.5,0.9,0.022,0.022,0.022,0.0
3,euclidean,mean_std_1.0,normalized_union,inverse_margin,1.0,0.9,0.002,0.002,0.002,0.0
3,euclidean,mean_std_1.0,normalized_union,inverse_margin,2.0,0.9,0.0,0.0,0.0,0.0
3,euclidean,mean_std_1.0,normalized_union,max_ratio,0.0,0.9,0.646,0.936,0.878,0.058
3,euclidean,mean_std_1.0,normalized_union,max_ratio,0.25,0.9,0.646,0.936,0.878,0.058
3,euclidean,mean_std_1.0,normalized_union,max_ratio,0.5,0.9,0.646,0.936,0.878,0.058
3,euclidean,mean_std_1.0,normalized_union,max_ratio,1.0,0.9,0.742,0.882,0.854,0.028
3,euclidean,mean_std_1.0,normalized_union,max_ratio,2.0,0.9,0.156,0.156,0.156,0.0
3,euclidean,mean_std_1.5,nearest_sphere,none,0.0,0.9,0.666,0.796,0.77,0.026
3,euclidean,mean_std_1.5,nearest_sphere,none,0.25,0.9,0.666,0.796,0.77,0.026
3,euclidean,mean_std_1.5,nearest_sphere,none,0.5,0.9,0.666,0.796,0.77,0.026
3,euclidean,mean_std_1.5,nearest_sphere,none,1.0,0.9,0.666,0.796,0.77,0.026
3,euclidean,mean_std_1.5,nearest_sphere,none,2.0,0.9,0.666,0.796,0.77,0.026
3,euclidean,mean_std_1.5,nearest_sphere,ratio,0.0,0.9,0.666,0.796,0.77,0.026
3,euclidean,mean_std_1.5,nearest_sphere,ratio,0.25,0.9,0.402,0.412,0.41,0.002
3,euclidean,mean_std_1.5,nearest_sphere,ratio,0.5,0.9,0.15,0.15,0.15,0.0
3,euclidean,mean_std_1.5,nearest_sphere,ratio,1.0,0.9,0.012,0.012,0.012,0.0
3,euclidean,mean_std_1.5,nearest_sphere,ratio,2.0,0.9,0.0,0.0,0.0,0.0
3,euclidean,mean_std_1.5,nearest_sphere,inverse_margin,0.0,0.9,0.666,0.796,0.77,0.026
3,euclidean,mean_std_1.5,nearest_sphere,inverse_margin,0.25,0.9,0.144,0.144,0.144,0.0
3,euclidean,mean_std_1.5,nearest_sphere,inverse_margin,0.5,0.9,0.036,0.036,0.036,0.0
3,euclidean,mean_std_1.5,nearest_sphere,inverse_margin,1.0,0.9,0.006,0.006,0.006,0.0
3,euclidean,mean_std_1.5,nearest_sphere,inverse_margin,2.0,0.9,0.0,0.0,0.0,0.0
3,euclidean,mean_std_1.5,nearest_sphere,max_ratio,0.0,0.9,0.666,0.796,0.77,0.026
3,euclidean,mean_std_1.5,nearest_sphere,max_ratio,0.25,0.9,0.666,0.796,0.77,0.026
3,euclidean,mean_std_1.5,nearest_sphere,max_ratio,0.5,0.9,0.666,0.796,0.77,0.026
3,euclidean,mean_std_1.5,nearest_sphere,max_ratio,1.0,0.9,0.724,0.734,0.732,0.002
3,euclidean,mean_std_1.5,nearest_sphere,max_ratio,2.0,0.9,0.156,0.156,0.156,0.0
3,euclidean,mean_std_1.5,normalized_union,none,0.0,0.9,0.632,0.962,0.896,0.066
3,euclidean,mean_std_1.5,normalized_union,none,0.25,0.9,0.632,0.962,0.896,0.066
3,euclidean,mean_std_1.5,normalized_union,none,0.5,0.9,0.632,0.962,0.896,0.066
3,euclidean,mean_std_1.5,normalized_union,none,1.0,0.9,0.632,0.962,0.896,0.066
3,euclidean,mean_std_1.5,normalized_union,none,2.0,0.9,0.632,0.962,0.896,0.066
3,euclidean,mean_std_1.5,normalized_union,ratio,0.0,0.9,0.632,0.962,0.896,0.066
3,euclidean,mean_std_1.5,normalized_union,ratio,0.25,0.9,0.67,0.78,0.758,0.022
3,euclidean,mean_std_1.5,normalized_union,ratio,0.5,0.9,0.298,0.308,0.306,0.002
3,euclidean,mean_std_1.5,normalized_union,ratio,1.0,0.9,0.012,0.012,0.012,0.0
3,euclidean,mean_std_1.5,normalized_union,ratio,2.0,0.9,0.0,0.0,0.0,0.0
3,euclidean,mean_std_1.5,normalized_union,inverse_margin,0.0,0.9,0.632,0.962,0.896,0.066
3,euclidean,mean_std_1.5,normalized_union,inverse_margin,0.25,0.9,0.262,0.262,0.262,0.0
3,euclidean,mean_std_1.5,normalized_union,inverse_margin,0.5,0.9,0.038,0.038,0.038,0.0
3,euclidean,mean_std_1.5,normalized_union,inverse_margin,1.0,0.9,0.006,0.006,0.006,0.0
3,euclidean,mean_std_1.5,normalized_union,inverse_margin,2.0,0.9,0.0,0.0,0.0,0.0
3,euclidean,mean_std_1.5,normalized_union,max_ratio,0.0,0.9,0.632,0.962,0.896,0.066
3,euclidean,mean_std_1.5,normalized_union,max_ratio,0.25,0.9,0.632,0.962,0.896,0.066
3,euclidean,mean_std_1.5,normalized_union,max_ratio,0.5,0.9,0.632,0.962,0.896,0.066
3,euclidean,mean_std_1.5,normalized_union,max_ratio,1.0,0.9,0.768,0.898,0.872,0.026
3,euclidean,mean_std_1.5,normalized_union,max_ratio,2.0,0.9,0.156,0.156,0.156,0.0
3,euclidean,mean_std_2.0,nearest_sphere,none,0.0,0.9,0.76,0.89,0.864,0.026
3,euclidean,mean_std_2.0,nearest_sphere,none,0.25,0.9,0.76,0.89,0.864,0.026
3,euclidean,mean_std_2.0,nearest_sphere,none,0.5,0.9,0.76,0.89,0.864,0.026
3,euclidean,mean_std_2.0,nearest_sphere,none,1.0,0.9,0.76,0.89,0.864,0.026
3,euclidean,mean_std_2.0,nearest_sphere,none,2.0,0.9,0.76,0.89,0.864,0.026
3,euclidean,mean_std_2.0,nearest_sphere,ratio,0.0,0.9,0.76,0.89,0.864,0.026
3,euclidean,mean_std_2.0,nearest_sphere,ratio,0.25,0.9,0.502,0.532,0.526,0.006
3,euclidean,mean_std_2.0,nearest_sphere,ratio,0.5,0.9,0.232,0.232,0.232,0.0
3,euclidean,mean_std_2.0,nearest_sphere,ratio,1.0,0.9,0.028,0.028,0.028,0.0
3,euclidean,mean_std_2.0,nearest_sphere,ratio,2.0,0.9,0.0,0.0,0.0,0.0
3,euclidean,mean_std_2.0,nearest_sphere,inverse_margin,0.0,0.9,0.76,0.89,0.864,0.026
3,euclidean,mean_std_2.0,nearest_sphere,inverse_margin,0.25,0.9,0.226,0.226,0.226,0.0
3,euclidean,mean_std_2.0,nearest_sphere,inverse_margin,0.5,0.9,0.048,0.048,0.048,0.0
3,euclidean,mean_std_2.0,nearest_sphere,inverse_margin,1.0,0.9,0.008,0.008,0.008,0.0
3,euclidean,mean_std_2.0,nearest_sphere,inverse_margin,2.0,0.9,0.0,0.0,0.0,0.0
3,euclidean,mean_std_2.0,nearest_sphere,max_ratio,0.0,0.9,0.76,0.89,0.864,0.026
3,euclidean,mean_std_2.0,nearest_sphere,max_ratio,0.25,0.9,0.76,0.89,0.864,0.026
3,euclidean,mean_std_2.0,nearest_sphere,max_ratio,0.5,0.9,0.76,0.89,0.864,0.026
3,euclidean,mean_std_2.0,nearest_sphere,max_ratio,1.0,0.9,0.808,0.818,0.816,0.002
3,euclidean,mean_std_2.0,nearest_sphere,max_ratio,2.0,0.9,0.156,0.156,0.156,0.0
3,euclidean,mean_std_2.0,normalized_union,none,0.0,0.9,0.632,0.982,0.912,0.07
3,euclidean,mean_std_2.0,normalized_union,none,0.25,0.9,0.632,0.982,0.912,0.07
3,euclidean,mean_std_2.0,normalized_union,none,0.5,0.9,0.632,0.982,0.912,0.07
3,euclidean,mean_std_2.0,normalized_union,none,1.0,0.9,0.632,0.982,0.912,0.07
3,euclidean,mean_std_2.0,normalized_union,none,2.0,0.9,0.632,0.982,0.912,0.07
3,euclidean,mean_std_2.0,normalized_union,ratio,0.0,0.9,0.632,0.982,0.912,0.07
3,euclidean,mean_std_2.0,normalized_union,ratio,0.25,0.9,0.704,0.844,0.816,0.028
3,euclidean,mean_std_2.0,normalized_union,ratio,0.5,0.9,0.444,0.454,0.452,0.002
3,euclidean,mean_std_2.0,normalized_union,ratio,1.0,0.9,0.03,0.03,0.03,0.0
3,euclidean,mean_std_2.0,normalized_union,ratio,2.0,0.9,0.0,0.0,0.0,0.0
3,euclidean,mean_std_2.0,normalized_union,inverse_margin,0.0,0.9,0.632,0.982,0.912,0.07
3,euclidean,mean_std_2.0,normalized_union,inverse_margin,0.25,0.9,0.338,0.338,0.338,0.0
3,euclidean,mean_std_2.0,normalized_union,inverse_margin,0.5,0.9,0.058,0.058,0.058,0.0
3,euclidean,mean_std_2.0,normalized_union,inverse_margin,1.0,0.9,0.008,0.008,0.008,0.0
3,euclidean,mean_std_2.0,normalized_union,inverse_margin,2.0,0.9,0.0,0.0,0.0,0.0
3,euclidean,mean_std_2.0,normalized_union,max_ratio,0.0,0.9,0.632,0.982,0.912,0.07
3,euclidean,mean_std_2.0,normalized_union,max_ratio,0.25,0.9,0.632,0.982,0.912,0.07
3,euclidean,mean_std_2.0,normalized_union,max_ratio,0.5,0.9,0.632,0.982,0.912,0.07
3,euclidean,mean_std_2.0,normalized_union,max_ratio,1.0,0.9,0.784,0.904,0.88,0.024
3,euclidean,mean_std_2.0,normalized_union,max_ratio,2.0,0.9,0.156,0.156,0.156,0.0
3,euclidean,mean_std_3.0,nearest_sphere,none,0.0,0.9,0.818,0.968,0.938,0.03
3,euclidean,mean_std_3.0,nearest_sphere,none,0.25,0.9,0.818,0.968,0.938,0.03
3,euclidean,mean_std_3.0,nearest_sphere,none,0.5,0.9,0.818,0.968,0.938,0.03
3,euclidean,mean_std_3.0,nearest_sphere,none,1.0,0.9,0.818,0.968,0.938,0.03
3,euclidean,mean_std_3.0,nearest_sphere,none,2.0,0.9,0.818,0.968,0.938,0.03
3,euclidean,mean_std_3.0,nearest_sphere,ratio,0.0,0.9,0.818,0.968,0.938,0.03
3,euclidean,mean_std_3.0,nearest_sphere,ratio,0.25,0.9,0.688,0.758,0.744,0.014
3,euclidean,mean_std_3.0,nearest_sphere,ratio,0.5,0.9,0.388,0.398,0.396,0.002
3,euclidean,mean_std_3.0,nearest_sphere,ratio,1.0,0.9,0.048,0.048,0.048,0.0
3,euclidean,mean_std_3.0,nearest_sphere,ratio,2.0,0.9,0.002,0.002,0.002,0.0
3,euclidean,mean_std_3.0,nearest_sphere,inverse_margin,0.0,0.9,0.818,0.968,0.938,0.03
3,euclidean,mean_std_3.0,nearest_sphere,inverse_margin,0.25,0.9,0.332,0.332,0.332,0.0
3,euclidean,mean_std_3.0,nearest_sphere,inverse_margin,0.5,0.9,0.078,0.078,0.078,0.0
3,euclidean,mean_std_3.0,nearest_sphere,inverse_margin,1.0,0.9,0.008,0.008,0.008,0.0
3,euclidean,mean_std_3.0,nearest_sphere,inverse_margin,2.0,0.9,0.0,0.0,0.0,0.0
3,euclidean,mean_std_3.0,nearest_sphere,max_ratio,0.0,0.9,0.818,0.968,0.938,0.03
3,euclidean,mean_std_3.0,nearest_sphere,max_ratio,0.25,0.9,0.818,0.968,0.938,0.03
3,euclidean,mean_std_3.0,nearest_sphere,max_ratio,0.5,0.9,0.818,0.968,0.938,0.03
3,euclidean,mean_std_3.0,nearest_sphere,max_ratio,1.0,0.9,0.87,0.88,0.878,0.002
3,euclidean,mean_std_3.0,nearest_sphere,max_ratio,2.0,0.9,0.156,0.156,0.156,0.0
3,euclidean,mean_std_3.0,normalized_union,none,0.0,0.9,0.66,1.0,0.932,0.068
3,euclidean,mean_std_3.0,normalized_union,none,0.25,0.9,0.66,1.0,0.932,0.068
3,euclidean,mean_std_3.0,normalized_union,none,0.5,0.9,0.66,1.0,0.932,0.068
3,euclidean,mean_std_3.0,normalized_union,none,1.0,0.9,0.66,1.0,0.932,0.068
3,euclidean,mean_std_3.0,normalized_union,none,2.0,0.9,0.66,1.0,0.932,0.068
3,euclidean,mean_std_3.0,normalized_union,ratio,0.0,0.9,0.66,1.0,0.932,0.068
3,euclidean,mean_std_3.0,normalized_union,ratio,0.25,0.9,0.716,0.926,0.884,0.042
3,euclidean,mean_std_3.0,normalized_union,ratio,0.5,0.9,0.626,0.656,0.65,0.006
3,euclidean,mean_std_3.0,normalized_union,ratio,1.0,0.9,0.06,0.06,0.06,0.0
3,euclidean,mean_std_3.0,normalized_union,ratio,2.0,0.9,0.002,0.002,0.002,0.0
3,euclidean,mean_std_3.0,normalized_union,inverse_margin,0.0,0.9,0.66,1.0,0.932,0.068
3,euclidean,mean_std_3.0,normalized_union,inverse_margin,0.25,0.9,0.448,0.458,0.456,0.002
3,euclidean,mean_std_3.0,normalized_union,inverse_margin,0.5,0.9,0.11,0.11,0.11,0.0
3,euclidean,mean_std_3.0,normalized_union,inverse_margin,1.0,0.9,0.008,0.008,0.008,0.0
3,euclidean,mean_std_3.0,normalized_union,inverse_margin,2.0,0.9,0.0,0.0,0.0,0.0
3,euclidean,mean_std_3.0,normalized_union,max_ratio,0.0,0.9,0.66,1.0,0.932,0.068
3,euclidean,mean_std_3.0,normalized_union,max_ratio,0.25,0.9,0.66,1.0,0.932,0.068
3,euclidean,mean_std_3.0,normalized_union,max_ratio,0.5,0.9,0.66,1.0,0.932,0.068
3,euclidean,mean_std_3.0,normalized_union,max_ratio,1.0,0.9,0.826,0.906,0.89,0.016
3,euclidean,mean_std_3.0,normalized_union,max_ratio,2.0,0.9,0.156,0.156,0.156,0.0
3,euclidean,center_quantile_0.5,nearest_sphere,none,0.0,0.9,0.208,0.228,0.224,0.004
3,euclidean,center_quantile_0.5,nearest_sphere,none,0.25,0.9,0.208,0.228,0.224,0.004
3,euclidean,center_quantile_0.5,nearest_sphere,none,0.5,0.9,0.208,0.228,0.224,0.004
3,euclidean,center_quantile_0.5,nearest_sphere,none,1.0,0.9,0.208,0.228,0.224,0.004
3,euclidean,center_quantile_0.5,nearest_sphere,none,2.0,0.9,0.208,0.228,0.224,0.004
3,euclidean,center_quantile_0.5,nearest_sphere,ratio,0.0,0.9,0.208,0.228,0.224,0.004
3,euclidean,center_quantile_0.5,nearest_sphere,ratio,0.25,0.9,0.05,0.05,0.05,0.0
3,euclidean,center_quantile_0.5,nearest_sphere,ratio,0.5,0.9,0.014,0.014,0.014,0.0
3,euclidean,center_quantile_0.5,nearest_sphere,ratio,1.0,0.9,0.002,0.002,0.002,0.0
3,euclidean,center_quantile_0.5,nearest_sphere,ratio,2.0,0.9,0.0,0.0,0.0,0.0
3,euclidean,center_quantile_0.5,nearest_sphere,inverse_margin,0.0,0.9,0.208,0.228,0.224,0.004
3,euclidean,center_quantile_0.5,nearest_sphere,inverse_margin,0.25,0.9,0.018,0.018,0.018,0.0
3,euclidean,center_quantile_0.5,nearest_sphere,inverse_margin,0.5,0.9,0.008,0.008,0.008,0.0
3,euclidean,center_quantile_0.5,nearest_sphere,inverse_margin,1.0,0.9,0.0,0.0,0.0,0.0
3,euclidean,center_quantile_0.5,nearest_sphere,inverse_margin,2.0,0.9,0.0,0.0,0.0,0.0
3,euclidean,center_quantile_0.5,nearest_sphere,max_ratio,0.0,0.9,0.208,0.228,0.224,0.004
3,euclidean,center_quantile_0.5,nearest_sphere,max_ratio,0.25,0.9,0.208,0.228,0.224,0.004
3,euclidean,center_quantile_0.5,nearest_sphere,max_ratio,0.5,0.9,0.208,0.228,0.224,0.004
3,euclidean,center_quantile_0.5,nearest_sphere,max_ratio,1.0,0.9,0.22,0.22,0.22,0.0
3,euclidean,center_quantile_0.5,nearest_sphere,max_ratio,2.0,0.9,0.07,0.07,0.07,0.0
3,euclidean,center_quantile_0.5,normalized_union,none,0.0,0.9,0.476,0.606,0.58,0.026
3,euclidean,center_quantile_0.5,normalized_union,none,0.25,0.9,0.476,0.606,0.58,0.026
3,euclidean,center_quantile_0.5,normalized_union,none,0.5,0.9,0.476,0.606,0.58,0.026
3,euclidean,center_quantile_0.5,normalized_union,none,1.0,0.9,0.476,0.606,0.58,0.026
3,euclidean,center_quantile_0.5,normalized_union,none,2.0,0.9,0.476,0.606,0.58,0.026
3,euclidean,center_quantile_0.5,normalized_union,ratio,0.0,0.9,0.476,0.606,0.58,0.026
3,euclidean,center_quantile_0.5,normalized_union,ratio,0.25,0.9,0.126,0.136,0.134,0.002
3,euclidean,center_quantile_0.5,normalized_union,ratio,0.5,0.9,0.02,0.02,0.02,0.0
3,euclidean,center_quantile_0.5,normalized_union,ratio,1.0,0.9,0.002,0.002,0.002,0.0
3,euclidean,center_quantile_0.5,normalized_union,ratio,2.0,0.9,0.0,0.0,0.0,0.0
3,euclidean,center_quantile_0.5,normalized_union,inverse_margin,0.0,0.9,0.476,0.606,0.58,0.026
3,euclidean,center_quantile_0.5,normalized_union,inverse_margin,0.25,0.9,0.026,0.026,0.026,0.0
3,euclidean,center_quantile_0.5,normalized_union,inverse_margin,0.5,0.9,0.008,0.008,0.008,0.0
3,euclidean,center_quantile_0.5,normalized_union,inverse_margin,1.0,0.9,0.0,0.0,0.0,0.0
3,euclidean,center_quantile_0.5,normalized_union,inverse_margin,2.0,0.9,0.0,0.0,0.0,0.0
3,euclidean,center_quantile_0.5,normalized_union,max_ratio,0.0,0.9,0.476,0.606,0.58,0.026
3,euclidean,center_quantile_0.5,normalized_union,max_ratio,0.25,0.9,0.476,0.606,0.58,0.026
3,euclidean,center_quantile_0.5,normalized_union,max_ratio,0.5,0.9,0.476,0.606,0.58,0.026
3,euclidean,center_quantile_0.5,normalized_union,max_ratio,1.0,0.9,0.52,0.59,0.576,0.014
3,euclidean,center_quantile_0.5,normalized_union,max_ratio,2.0,0.9,0.128,0.128,0.128,0.0
3,euclidean,intent_quantile_0.5,nearest_sphere,none,0.0,0.9,0.266,0.276,0.274,0.002
3,euclidean,intent_quantile_0.5,nearest_sphere,none,0.25,0.9,0.266,0.276,0.274,0.002
3,euclidean,intent_quantile_0.5,nearest_sphere,none,0.5,0.9,0.266,0.276,0.274,0.002
3,euclidean,intent_quantile_0.5,nearest_sphere,none,1.0,0.9,0.266,0.276,0.274,0.002
3,euclidean,intent_quantile_0.5,nearest_sphere,none,2.0,0.9,0.266,0.276,0.274,0.002
3,euclidean,intent_quantile_0.5,nearest_sphere,ratio,0.0,0.9,0.266,0.276,0.274,0.002
3,euclidean,intent_quantile_0.5,nearest_sphere,ratio,0.25,0.9,0.098,0.098,0.098,0.0
3,euclidean,intent_quantile_0.5,nearest_sphere,ratio,0.5,0.9,0.026,0.026,0.026,0.0
3,euclidean,intent_quantile_0.5,nearest_sphere,ratio,1.0,0.9,0.008,0.008,0.008,0.0
3,euclidean,intent_quantile_0.5,nearest_sphere,ratio,2.0,0.9,0.0,0.0,0.0,0.0
3,euclidean,intent_quantile_0.5,nearest_sphere,inverse_margin,0.0,0.9,0.266,0.276,0.274,0.002
3,euclidean,intent_quantile_0.5,nearest_sphere,inverse_margin,0.25,0.9,0.038,0.038,0.038,0.0
3,euclidean,intent_quantile_0.5,nearest_sphere,inverse_margin,0.5,0.9,0.012,0.012,0.012,0.0
3,euclidean,intent_quantile_0.5,nearest_sphere,inverse_margin,1.0,0.9,0.0,0.0,0.0,0.0
3,euclidean,intent_quantile_0.5,nearest_sphere,inverse_margin,2.0,0.9,0.0,0.0,0.0,0.0
3,euclidean,intent_quantile_0.5,nearest_sphere,max_ratio,0.0,0.9,0.266,0.276,0.274,0.002
3,euclidean,intent_quantile_0.5,nearest_sphere,max_ratio,0.25,0.9,0.266,0.276,0.274,0.002
3,euclidean,intent_quantile_0.5,nearest_sphere,max_ratio,0.5,0.9,0.266,0.276,0.274,0.002
3,euclidean,intent_quantile_0.5,nearest_sphere,max_ratio,1.0,0.9,0.266,0.276,0.274,0.002
3,euclidean,intent_quantile_0.5,nearest_sphere,max_ratio,2.0,0.9,0.086,0.086,0.086,0.0
3,euclidean,intent_quantile_0.5,normalized_union,none,0.0,0.9,0.266,0.276,0.274,0.002
3,euclidean,intent_quantile_0.5,normalized_union,none,0.25,0.9,0.266,0.276,0.274,0.002
3,euclidean,intent_quantile_0.5,normalized_union,none,0.5,0.9,0.266,0.276,0.274,0.002
3,euclidean,intent_quantile_0.5,normalized_union,none,1.0,0.9,0.266,0.276,0.274,0.002
3,euclidean,intent_quantile_0.5,normalized_union,none,2.0,0.9,0.266,0.276,0.274,0.002
3,euclidean,intent_quantile_0.5,normalized_union,ratio,0.0,0.9,0.266,0.276,0.274,0.002
3,euclidean,intent_quantile_0.5,normalized_union,ratio,0.25,0.9,0.098,0.098,0.098,0.0
3,euclidean,intent_quantile_0.5,normalized_union,ratio,0.5,0.9,0.026,0.026,0.026,0.0
3,euclidean,intent_quantile_0.5,normalized_union,ratio,1.0,0.9,0.008,0.008,0.008,0.0
3,euclidean,intent_quantile_0.5,normalized_union,ratio,2.0,0.9,0.0,0.0,0.0,0.0
3,euclidean,intent_quantile_0.5,normalized_union,inverse_margin,0.0,0.9,0.266,0.276,0.274,0.002
3,euclidean,intent_quantile_0.5,normalized_union,inverse_margin,0.25,0.9,0.038,0.038,0.038,0.0
3,euclidean,intent_quantile_0.5,normalized_union,inverse_margin,0.5,0.9,0.012,0.012,0.012,0.0
3,euclidean,intent_quantile_0.5,normalized_union,inverse_margin,1.0,0.9,0.0,0.0,0.0,0.0
3,euclidean,intent_quantile_0.5,normalized_union,inverse_margin,2.0,0.9,0.0,0.0,0.0,0.0
3,euclidean,intent_quantile_0.5,normalized_union,max_ratio,0.0,0.9,0.266,0.276,0.274,0.002
3,euclidean,intent_quantile_0.5,normalized_union,max_ratio,0.25,0.9,0.266,0.276,0.274,0.002
3,euclidean,intent_quantile_0.5,normalized_union,max_ratio,0.5,0.9,0.266,0.276,0.274,0.002
3,euclidean,intent_quantile_0.5,normalized_union,max_ratio,1.0,0.9,0.266,0.276,0.274,0.002
3,euclidean,intent_quantile_0.5,normalized_union,max_ratio,2.0,0.9,0.086,0.086,0.086,0.0
3,euclidean,center_quantile_0.7,nearest_sphere,none,0.0,0.9,0.352,0.392,0.384,0.008
3,euclidean,center_quantile_0.7,nearest_sphere,none,0.25,0.9,0.352,0.392,0.384,0.008
3,euclidean,center_quantile_0.7,nearest_sphere,none,0.5,0.9,0.352,0.392,0.384,0.008
3,euclidean,center_quantile_0.7,nearest_sphere,none,1.0,0.9,0.352,0.392,0.384,0.008
3,euclidean,center_quantile_0.7,nearest_sphere,none,2.0,0.9,0.352,0.392,0.384,0.008
3,euclidean,center_quantile_0.7,nearest_sphere,ratio,0.0,0.9,0.352,0.392,0.384,0.008
3,euclidean,center_quantile_0.7,nearest_sphere,ratio,0.25,0.9,0.134,0.134,0.134,0.0
3,euclidean,center_quantile_0.7,nearest_sphere,ratio,0.5,0.9,0.028,0.028,0.028,0.0
3,euclidean,center_quantile_0.7,nearest_sphere,ratio,1.0,0.9,0.008,0.008,0.008,0.0
3,euclidean,center_quantile_0.7,nearest_sphere,ratio,2.0,0.9,0.0,0.0,0.0,0.0
3,euclidean,center_quantile_0.7,nearest_sphere,inverse_margin,0.0,0.9,0.352,0.392,0.384,0.008
3,euclidean,center_quantile_0.7,nearest_sphere,inverse_margin,0.25,0.9,0.044,0.044,0.044,0.0
3,euclidean,center_quantile_0.7,nearest_sphere,inverse_margin,0.5,0.9,0.008,0.008,0.008,0.0
3,euclidean,center_quantile_0.7,nearest_sphere,inverse_margin,1.0,0.9,0.0,0.0,0.0,0.0
3,euclidean,center_quantile_0.7,nearest_sphere,inverse_margin,2.0,0.9,0.0,0.0,0.0,0.0
3,euclidean,center_quantile_0.7,nearest_sphere,max_ratio,0.0,0.9,0.352,0.392,0.384,0.008
3,euclidean,center_quantile_0.7,nearest_sphere,max_ratio,0.25,0.9,0.352,0.392,0.384,0.008
3,euclidean,center_quantile_0.7,nearest_sphere,max_ratio,0.5,0.9,0.352,0.392,0.384,0.008
3,euclidean,center_quantile_0.7,nearest_sphere,max_ratio,1.0,0.9,0.366,0.376,0.374,0.002
3,euclidean,center_quantile_0.7,nearest_sphere,max_ratio,2.0,0.9,0.1,0.1,0.1,0.0
3,euclidean,center_quantile_0.7,normalized_union,none,0.0,0.9,0.63,0.84,0.798,0.042
3,euclidean,center_quantile_0.7,normalized_union,none,0.25,0.9,0.63,0.84,0.798,0.042
3,euclidean,center_quantile_0.7,normalized_union,none,0.5,0.9,0.63,0.84,0.798,0.042
3,euclidean,center_quantile_0.7,normalized_union,none,1.0,0.9,0.63,0.84,0.798,0.042
3,euclidean,center_quantile_0.7,normalized_union,none,2.0,0.9,0.63,0.84,0.798,0.042
3,euclidean,center_quantile_0.7,normalized_union,ratio,0.0,0.9,0.63,0.84,0.798,0.042
3,euclidean,center_quantile_0.7,normalized_union,ratio,0.25,0.9,0.368,0.388,0.384,0.004
3,euclidean,center_quantile_0.7,normalized_union,ratio,0.5,0.9,0.044,0.044,0.044,0.0
3,euclidean,center_quantile_0.7,normalized_union,ratio,1.0,0.9,0.008,0.008,0.008,0.0
3,euclidean,center_quantile_0.7,normalized_union,ratio,2.0,0.9,0.0,0.0,0.0,0.0
3,euclidean,center_quantile_0.7,normalized_union,inverse_margin,0.0,0.9,0.63,0.84,0.798,0.042
3,euclidean,center_quantile_0.7,normalized_union,inverse_margin,0.25,0.9,0.07,0.07,0.07,0.0
3,euclidean,center_quantile_0.7,normalized_union,inverse_margin,0.5,0.9,0.008,0.008,0.008,0.0
3,euclidean,center_quantile_0.7,normalized_union,inverse_margin,1.0,0.9,0.0,0.0,0.0,0.0
3,euclidean,center_quantile_0.7,normalized_union,inverse_margin,2.0,0.9,0.0,0.0,0.0,0.0
3,euclidean,center_quantile_0.7,normalized_union,max_ratio,0.0,0.9,0.63,0.84,0.798,0.042
3,euclidean,center_quantile_0.7,normalized_union,max_ratio,0.25,0.9,0.63,0.84,0.798,0.042
3,euclidean,center_quantile_0.7,normalized_union,max_ratio,0.5,0.9,0.63,0.84,0.798,0.042
3,euclidean,center_quantile_0.7,normalized_union,max_ratio,1.0,0.9,0.682,0.812,0.786,0.026
3,euclidean,center_quantile_0.7,normalized_union,max_ratio,2.0,0.9,0.156,0.156,0.156,0.0
3,euclidean,intent_quantile_0.7,nearest_sphere,none,0.0,0.9,0.466,0.486,0.482,0.004
3,euclidean,intent_quantile_0.7,nearest_sphere,none,0.25,0.9,0.466,0.486,0.482,0.004
3,euclidean,intent_quantile_0.7,nearest_sphere,none,0.5,0.9,0.466,0.486,0.482,0.004
3,euclidean,intent_quantile_0.7,nearest_sphere,none,1.0,0.9,0.466,0.486,0.482,0.004
3,euclidean,intent_quantile_0.7,nearest_sphere,none,2.0,0.9,0.466,0.486,0.482,0.004
3,euclidean,intent_quantile_0.7,nearest_sphere,ratio,0.0,0.9,0.466,0.486,0.482,0.004
3,euclidean,intent_quantile_0.7,nearest_sphere,ratio,0.25,0.9,0.212,0.212,0.212,0.0
3,euclidean,intent_quantile_0.7,nearest_sphere,ratio,0.5,0.9,0.062,0.062,0.062,0.0
3,euclidean,intent_quantile_0.7,nearest_sphere,ratio,1.0,0.9,0.012,0.012,0.012,0.0
3,euclidean,intent_quantile_0.7,nearest_sphere,ratio,2.0,0.9,0.0,0.0,0.0,0.0
3,euclidean,intent_quantile_0.7,nearest_sphere,inverse_margin,0.0,0.9,0.466,0.486,0.482,0.004
3,euclidean,intent_quantile_0.7,nearest_sphere,inverse_margin,0.25,0.9,0.076,0.076,0.076,0.0
3,euclidean,intent_quantile_0.7,nearest_sphere,inverse_margin,0.5,0.9,0.018,0.018,0.018,0.0
3,euclidean,intent_quantile_0.7,nearest_sphere,inverse_margin,1.0,0.9,0.006,0.006,0.006,0.0
3,euclidean,intent_quantile_0.7,nearest_sphere,inverse_margin,2.0,0.9,0.0,0.0,0.0,0.0
3,euclidean,intent_quantile_0.7,nearest_sphere,max_ratio,0.0,0.9,0.466,0.486,0.482,0.004
3,euclidean,intent_quantile_0.7,nearest_sphere,max_ratio,0.25,0.9,0.466,0.486,0.482,0.004
3,euclidean,intent_quantile_0.7,nearest_sphere,max_ratio,0.5,0.9,0.466,0.486,0.482,0.004
3,euclidean,intent_quantile_0.7,nearest_sphere,max_ratio,1.0,0.9,0.474,0.484,0.482,0.002
3,euclidean,intent_quantile_0.7,nearest_sphere,max_ratio,2.0,0.9,0.134,0.134,0.134,0.0
3,euclidean,intent_quantile_0.7,normalized_union,none,0.0,0.9,0.466,0.486,0.482,0.004
3,euclidean,intent_quantile_0.7,normalized_union,none,0.25,0.9,0.466,0.486,0.482,0.004
3,euclidean,intent_quantile_0.7,normalized_union,none,0.5,0.9,0.466,0.486,0.482,0.004
3,euclidean,intent_quantile_0.7,normalized_union,none,1.0,0.9,0.466,0.486,0.482,0.004
3,euclidean,intent_quantile_0.7,normalized_union,none,2.0,0.9,0.466,0.486,0.482,0.004
3,euclidean,intent_quantile_0.7,normalized_union,ratio,0.0,0.9,0.466,0.486,0.482,0.004
3,euclidean,intent_quantile_0.7,normalized_union,ratio,0.25,0.9,0.212,0.212,0.212,0.0
3,euclidean,intent_quantile_0.7,normalized_union,ratio,0.5,0.9,0.062,0.062,0.062,0.0
3,euclidean,intent_quantile_0.7,normalized_union,ratio,1.0,0.9,0.012,0.012,0.012,0.0
3,euclidean,intent_quantile_0.7,normalized_union,ratio,2.0,0.9,0.0,0.0,0.0,0.0
3,euclidean,intent_quantile_0.7,normalized_union,inverse_margin,0.0,0.9,0.466,0.486,0.482,0.004
3,euclidean,intent_quantile_0.7,normalized_union,inverse_margin,0.25,0.9,0.076,0.076,0.076,0.0
3,euclidean,intent_quantile_0.7,normalized_union,inverse_margin,0.5,0.9,0.018,0.018,0.018,0.0
3,euclidean,intent_quantile_0.7,normalized_union,inverse_margin,1.0,0.9,0.006,0.006,0.006,0.0
3,euclidean,intent_quantile_0.7,normalized_union,inverse_margin,2.0,0.9,0.0,0.0,0.0,0.0
3,euclidean,intent_quantile_0.7,normalized_union,max_ratio,0.0,0.9,0.466,0.486,0.482,0.004
3,euclidean,intent_quantile_0.7,normalized_union,max_ratio,0.25,0.9,0.466,0.486,0.482,0.004
3,euclidean,intent_quantile_0.7,normalized_union,max_ratio,0.5,0.9,0.466,0.486,0.482,0.004
3,euclidean,intent_quantile_0.7,normalized_union,max_ratio,1.0,0.9,0.474,0.484,0.482,0.002
3,euclidean,intent_quantile_0.7,normalized_union,max_ratio,2.0,0.9,0.134,0.134,0.134,0.0
3,euclidean,center_quantile_0.8,nearest_sphere,none,0.0,0.9,0.444,0.514,0.5,0.014
3,euclidean,center_quantile_0.8,nearest_sphere,none,0.25,0.9,0.444,0.514,0.5,0.014
3,euclidean,center_quantile_0.8,nearest_sphere,none,0.5,0.9,0.444,0.514,0.5,0.014
3,euclidean,center_quantile_0.8,nearest_sphere,none,1.0,0.9,0.444,0.514,0.5,0.014
3,euclidean,center_quantile_0.8,nearest_sphere,none,2.0,0.9,0.444,0.514,0.5,0.014
3,euclidean,center_quantile_0.8,nearest_sphere,ratio,0.0,0.9,0.444,0.514,0.5,0.014
3,euclidean,center_quantile_0.8,nearest_sphere,ratio,0.25,0.9,0.202,0.202,0.202,0.0
3,euclidean,center_quantile_0.8,nearest_sphere,ratio,0.5,0.9,0.056,0.056,0.056,0.0
3,euclidean,center_quantile_0.8,nearest_sphere,ratio,1.0,0.9,0.008,0.008,0.008,0.0
3,euclidean,center_quantile_0.8,nearest_sphere,ratio,2.0,0.9,0.0,0.0,0.0,0.0
3,euclidean,center_quantile_0.8,nearest_sphere,inverse_margin,0.0,0.9,0.444,0.514,0.5,0.014
3,euclidean,center_quantile_0.8,nearest_sphere,inverse_margin,0.25,0.9,0.068,0.068,0.068,0.0
3,euclidean,center_quantile_0.8,nearest_sphere,inverse_margin,0.5,0.9,0.012,0.012,0.012,0.0
3,euclidean,center_quantile_0.8,nearest_sphere,inverse_margin,1.0,0.9,0.002,0.002,0.002,0.0
3,euclidean,center_quantile_0.8,nearest_sphere,inverse_margin,2.0,0.9,0.0,0.0,0.0,0.0
3,euclidean,center_quantile_0.8,nearest_sphere,max_ratio,0.0,0.9,0.444,0.514,0.5,0.014
3,euclidean,center_quantile_0.8,nearest_sphere,max_ratio,0.25,0.9,0.444,0.514,0.5,0.014
3,euclidean,center_quantile_0.8,nearest_sphere,max_ratio,0.5,0.9,0.444,0.514,0.5,0.014
3,euclidean,center_quantile_0.8,nearest_sphere,max_ratio,1.0,0.9,0.472,0.482,0.48,0.002
3,euclidean,center_quantile_0.8,nearest_sphere,max_ratio,2.0,0.9,0.114,0.114,0.114,0.0
3,euclidean,center_quantile_0.8,normalized_union,none,0.0,0.9,0.47,0.91,0.822,0.088
3,euclidean,center_quantile_0.8,normalized_union,none,0.25,0.9,0.47,0.91,0.822,0.088
3,euclidean,center_quantile_0.8,normalized_union,none,0.5,0.9,0.47,0.91,0.822,0.088
3,euclidean,center_quantile_0.8,normalized_union,none,1.0,0.9,0.47,0.91,0.822,0.088
3,euclidean,center_quantile_0.8,normalized_union,none,2.0,0.9,0.47,0.91,0.822,0.088
3,euclidean,center_quantile_0.8,normalized_union,ratio,0.0,0.9,0.47,0.91,0.822,0.088
3,euclidean,center_quantile_0.8,normalized_union,ratio,0.25,0.9,0.47,0.55,0.534,0.016
3,euclidean,center_quantile_0.8,normalized_union,ratio,0.5,0.9,0.116,0.116,0.116,0.0
3,euclidean,center_quantile_0.8,normalized_union,ratio,1.0,0.9,0.008,0.008,0.008,0.0
3,euclidean,center_quantile_0.8,normalized_union,ratio,2.0,0.9,0.0,0.0,0.0,0.0
3,euclidean,center_quantile_0.8,normalized_union,inverse_margin,0.0,0.9,0.47,0.91,0.822,0.088
3,euclidean,center_quantile_0.8,normalized_union,inverse_margin,0.25,0.9,0.132,0.132,0.132,0.0
3,euclidean,center_quantile_0.8,normalized_union,inverse_margin,0.5,0.9,0.012,0.012,0.012,0.0
3,euclidean,center_quantile_0.8,normalized_union,inverse_margin,1.0,0.9,0.002,0.002,0.002,0.0
3,euclidean,center_quantile_0.8,normalized_union,inverse_margin,2.0,0.9,0.0,0.0,0.0,0.0
3,euclidean,center_quantile_0.8,normalized_union,max_ratio,0.0,0.9,0.47,0.91,0.822,0.088
3,euclidean,center_quantile_0.8,normalized_union,max_ratio,0.25,0.9,0.47,0.91,0.822,0.088
3,euclidean,center_quantile_0.8,normalized_union,max_ratio,0.5,0.9,0.47,0.91,0.822,0.088
3,euclidean,center_quantile_0.8,normalized_union,max_ratio,1.0,0.9,0.56,0.86,0.8,0.06
3,euclidean,center_quantile_0.8,normalized_union,max_ratio,2.0,0.9,0.156,0.156,0.156,0.0
3,euclidean,intent_quantile_0.8,nearest_sphere,none,0.0,0.9,0.668,0.688,0.684,0.004
3,euclidean,intent_quantile_0.8,nearest_sphere,none,0.25,0.9,0.668,0.688,0.684,0.004
3,euclidean,intent_quantile_0.8,nearest_sphere,none,0.5,0.9,0.668,0.688,0.684,0.004
3,euclidean,intent_quantile_0.8,nearest_sphere,none,1.0,0.9,0.668,0.688,0.684,0.004
3,euclidean,intent_quantile_0.8,nearest_sphere,none,2.0,0.9,0.668,0.688,0.684,0.004
3,euclidean,intent_quantile_0.8,nearest_sphere,ratio,0.0,0.9,0.668,0.688,0.684,0.004
3,euclidean,intent_quantile_0.8,nearest_sphere,ratio,0.25,0.9,0.362,0.372,0.37,0.002
3,euclidean,intent_quantile_0.8,nearest_sphere,ratio,0.5,0.9,0.16,0.16,0.16,0.0
3,euclidean,intent_quantile_0.8,nearest_sphere,ratio,1.0,0.9,0.014,0.014,0.014,0.0
3,euclidean,intent_quantile_0.8,nearest_sphere,ratio,2.0,0.9,0.0,0.0,0.0,0.0
3,euclidean,intent_quantile_0.8,nearest_sphere,inverse_margin,0.0,0.9,0.668,0.688,0.684,0.004
3,euclidean,intent_quantile_0.8,nearest_sphere,inverse_margin,0.25,0.9,0.146,0.146,0.146,0.0
3,euclidean,intent_quantile_0.8,nearest_sphere,inverse_margin,0.5,0.9,0.038,0.038,0.038,0.0
3,euclidean,intent_quantile_0.8,nearest_sphere,inverse_margin,1.0,0.9,0.008,0.008,0.008,0.0
3,euclidean,intent_quantile_0.8,nearest_sphere,inverse_margin,2.0,0.9,0.0,0.0,0.0,0.0
3,euclidean,intent_quantile_0.8,nearest_sphere,max_ratio,0.0,0.9,0.668,0.688,0.684,0.004
3,euclidean,intent_quantile_0.8,nearest_sphere,max_ratio,0.25,0.9,0.668,0.688,0.684,0.004
3,euclidean,intent_quantile_0.8,nearest_sphere,max_ratio,0.5,0.9,0.668,0.688,0.684,0.004
3,euclidean,intent_quantile_0.8,nearest_sphere,max_ratio,1.0,0.9,0.674,0.684,0.682,0.002
3,euclidean,intent_quantile_0.8,nearest_sphere,max_ratio,2.0,0.9,0.156,0.156,0.156,0.0
3,euclidean,intent_quantile_0.8,normalized_union,none,0.0,0.9,0.668,0.688,0.684,0.004
3,euclidean,intent_quantile_0.8,normalized_union,none,0.25,0.9,0.668,0.688,0.684,0.004
3,euclidean,intent_quantile_0.8,normalized_union,none,0.5,0.9,0.668,0.688,0.684,0.004
3,euclidean,intent_quantile_0.8,normalized_union,none,1.0,0.9,0.668,0.688,0.684,0.004
3,euclidean,intent_quantile_0.8,normalized_union,none,2.0,0.9,0.668,0.688,0.684,0.004
3,euclidean,intent_quantile_0.8,normalized_union,ratio,0.0,0.9,0.668,0.688,0.684,0.004
3,euclidean,intent_quantile_0.8,normalized_union,ratio,0.25,0.9,0.362,0.372,0.37,0.002
3,euclidean,intent_quantile_0.8,normalized_union,ratio,0.5,0.9,0.16,0.16,0.16,0.0
3,euclidean,intent_quantile_0.8,normalized_union,ratio,1.0,0.9,0.014,0.014,0.014,0.0
3,euclidean,intent_quantile_0.8,normalized_union,ratio,2.0,0.9,0.0,0.0,0.0,0.0
3,euclidean,intent_quantile_0.8,normalized_union,inverse_margin,0.0,0.9,0.668,0.688,0.684,0.004
3,euclidean,intent_quantile_0.8,normalized_union,inverse_margin,0.25,0.9,0.146,0.146,0.146,0.0
3,euclidean,intent_quantile_0.8,normalized_union,inverse_margin,0.5,0.9,0.038,0.038,0.038,0.0
3,euclidean,intent_quantile_0.8,normalized_union,inverse_margin,1.0,0.9,0.008,0.008,0.008,0.0
3,euclidean,intent_quantile_0.8,normalized_union,inverse_margin,2.0,0.9,0.0,0.0,0.0,0.0
3,euclidean,intent_quantile_0.8,normalized_union,max_ratio,0.0,0.9,0.668,0.688,0.684,0.004
3,euclidean,intent_quantile_0.8,normalized_union,max_ratio,0.25,0.9,0.668,0.688,0.684,0.004
3,euclidean,intent_quantile_0.8,normalized_union,max_ratio,0.5,0.9,0.668,0.688,0.684,0.004
3,euclidean,intent_quantile_0.8,normalized_union,max_ratio,1.0,0.9,0.674,0.684,0.682,0.002
3,euclidean,intent_quantile_0.8,normalized_union,max_ratio,2.0,0.9,0.156,0.156,0.156,0.0
3,euclidean,center_quantile_0.9,nearest_sphere,none,0.0,0.9,0.606,0.716,0.694,0.022
3,euclidean,center_quantile_0.9,nearest_sphere,none,0.25,0.9,0.606,0.716,0.694,0.022
3,euclidean,center_quantile_0.9,nearest_sphere,none,0.5,0.9,0.606,0.716,0.694,0.022
3,euclidean,center_quantile_0.9,nearest_sphere,none,1.0,0.9,0.606,0.716,0.694,0.022
3,euclidean,center_quantile_0.9,nearest_sphere,none,2.0,0.9,0.606,0.716,0.694,0.022
3,euclidean,center_quantile_0.9,nearest_sphere,ratio,0.0,0.9,0.606,0.716,0.694,0.022
3,euclidean,center_quantile_0.9,nearest_sphere,ratio,0.25,0.9,0.322,0.332,0.33,0.002
3,euclidean,center_quantile_0.9,nearest_sphere,ratio,0.5,0.9,0.104,0.104,0.104,0.0
3,euclidean,center_quantile_0.9,nearest_sphere,ratio,1.0,0.9,0.008,0.008,0.008,0.0
3,euclidean,center_quantile_0.9,nearest_sphere,ratio,2.0,0.9,0.0,0.0,0.0,0.0
3,euclidean,center_quantile_0.9,nearest_sphere,inverse_margin,0.0,0.9,0.606,0.716,0.694,0.022
3,euclidean,center_quantile_0.9,nearest_sphere,inverse_margin,0.25,0.9,0.108,0.108,0.108,0.0
3,euclidean,center_quantile_0.9,nearest_sphere,inverse_margin,0.5,0.9,0.018,0.018,0.018,0.0
3,euclidean,center_quantile_0.9,nearest_sphere,inverse_margin,1.0,0.9,0.002,0.002,0.002,0.0
3,euclidean,center_quantile_0.9,nearest_sphere,inverse_margin,2.0,0.9,0.0,0.0,0.0,0.0
3,euclidean,center_quantile_0.9,nearest_sphere,max_ratio,0.0,0.9,0.606,0.716,0.694,0.022
3,euclidean,center_quantile_0.9,nearest_sphere,max_ratio,0.25,0.9,0.606,0.716,0.694,0.022
3,euclidean,center_quantile_0.9,nearest_sphere,max_ratio,0.5,0.9,0.606,0.716,0.694,0.022
3,euclidean,center_quantile_0.9,nearest_sphere,max_ratio,1.0,0.9,0.652,0.662,0.66,0.002
3,euclidean,center_quantile_0.9,nearest_sphere,max_ratio,2.0,0.9,0.134,0.134,0.134,0.0
3,euclidean,center_quantile_0.9,normalized_union,none,0.0,0.9,0.608,0.958,0.888,0.07
3,euclidean,center_quantile_0.9,normalized_union,none,0.25,0.9,0.608,0.958,0.888,0.07
3,euclidean,center_quantile_0.9,normalized_union,none,0.5,0.9,0.608,0.958,0.888,0.07
3,euclidean,center_quantile_0.9,normalized_union,none,1.0,0.9,0.608,0.958,0.888,0.07
3,euclidean,center_quantile_0.9,normalized_union,none,2.0,0.9,0.608,0.958,0.888,0.07
3,euclidean,center_quantile_0.9,normalized_union,ratio,0.0,0.9,0.608,0.958,0.888,0.07
3,euclidean,center_quantile_0.9,normalized_union,ratio,0.25,0.9,0.66,0.75,0.732,0.018
3,euclidean,center_quantile_0.9,normalized_union,ratio,0.5,0.9,0.274,0.284,0.282,0.002
3,euclidean,center_quantile_0.9,normalized_union,ratio,1.0,0.9,0.008,0.008,0.008,0.0
3,euclidean,center_quantile_0.9,normalized_union,ratio,2.0,0.9,0.0,0.0,0.0,0.0
3,euclidean,center_quantile_0.9,normalized_union,inverse_margin,0.0,0.9,0.608,0.958,0.888,0.07
3,euclidean,center_quantile_0.9,normalized_union,inverse_margin,0.25,0.9,0.25,0.25,0.25,0.0
3,euclidean,center_quantile_0.9,normalized_union,inverse_margin,0.5,0.9,0.03,0.03,0.03,0.0
3,euclidean,center_quantile_0.9,normalized_union,inverse_margin,1.0,0.9,0.002,0.002,0.002,0.0
3,euclidean,center_quantile_0.9,normalized_union,inverse_margin,2.0,0.9,0.0,0.0,0.0,0.0
3,euclidean,center_quantile_0.9,normalized_union,max_ratio,0.0,0.9,0.608,0.958,0.888,0.07
3,euclidean,center_quantile_0.9,normalized_union,max_ratio,0.25,0.9,0.608,0.958,0.888,0.07
3,euclidean,center_quantile_0.9,normalized_union,max_ratio,0.5,0.9,0.608,0.958,0.888,0.07
3,euclidean,center_quantile_0.9,normalized_union,max_ratio,1.0,0.9,0.744,0.894,0.864,0.03
3,euclidean,center_quantile_0.9,normalized_union,max_ratio,2.0,0.9,0.156,0.156,0.156,0.0
3,euclidean,intent_quantile_0.9,nearest_sphere,none,0.0,0.9,0.804,0.824,0.82,0.004
3,euclidean,intent_quantile_0.9,nearest_sphere,none,0.25,0.9,0.804,0.824,0.82,0.004
3,euclidean,intent_quantile_0.9,nearest_sphere,none,0.5,0.9,0.804,0.824,0.82,0.004
3,euclidean,intent_quantile_0.9,nearest_sphere,none,1.0,0.9,0.804,0.824,0.82,0.004
3,euclidean,intent_quantile_0.9,nearest_sphere,none,2.0,0.9,0.804,0.824,0.82,0.004
3,euclidean,intent_quantile_0.9,nearest_sphere,ratio,0.0,0.9,0.804,0.824,0.82,0.004
3,euclidean,intent_quantile_0.9,nearest_sphere,ratio,0.25,0.9,0.616,0.626,0.624,0.002
3,euclidean,intent_quantile_0.9,nearest_sphere,ratio,0.5,0.9,0.344,0.344,0.344,0.0
3,euclidean,intent_quantile_0.9,nearest_sphere,ratio,1.0,0.9,0.064,0.064,0.064,0.0
3,euclidean,intent_quantile_0.9,nearest_sphere,ratio,2.0,0.9,0.004,0.004,0.004,0.0
3,euclidean,intent_quantile_0.9,nearest_sphere,inverse_margin,0.0,0.9,0.804,0.824,0.82,0.004
3,euclidean,intent_quantile_0.9,nearest_sphere,inverse_margin,0.25,0.9,0.306,0.306,0.306,0.0
3,euclidean,intent_quantile_0.9,nearest_sphere,inverse_margin,0.5,0.9,0.104,0.104,0.104,0.0
3,euclidean,intent_quantile_0.9,nearest_sphere,inverse_margin,1.0,0.9,0.008,0.008,0.008,0.0
3,euclidean,intent_quantile_0.9,nearest_sphere,inverse_margin,2.0,0.9,0.0,0.0,0.0,0.0
3,euclidean,intent_quantile_0.9,nearest_sphere,max_ratio,0.0,0.9,0.804,0.824,0.82,0.004
3,euclidean,intent_quantile_0.9,nearest_sphere,max_ratio,0.25,0.9,0.804,0.824,0.82,0.004
3,euclidean,intent_quantile_0.9,nearest_sphere,max_ratio,0.5,0.9,0.804,0.824,0.82,0.004
3,euclidean,intent_quantile_0.9,nearest_sphere,max_ratio,1.0,0.9,0.806,0.816,0.814,0.002
3,euclidean,intent_quantile_0.9,nearest_sphere,max_ratio,2.0,0.9,0.156,0.156,0.156,0.0
3,euclidean,intent_quantile_0.9,normalized_union,none,0.0,0.9,0.778,0.828,0.818,0.01
3,euclidean,intent_quantile_0.9,normalized_union,none,0.25,0.9,0.778,0.828,0.818,0.01
3,euclidean,intent_quantile_0.9,normalized_union,none,0.5,0.9,0.778,0.828,0.818,0.01
3,euclidean,intent_quantile_0.9,normalized_union,none,1.0,0.9,0.778,0.828,0.818,0.01
3,euclidean,intent_quantile_0.9,normalized_union,none,2.0,0.9,0.778,0.828,0.818,0.01
3,euclidean,intent_quantile_0.9,normalized_union,ratio,0.0,0.9,0.778,0.828,0.818,0.01
3,euclidean,intent_quantile_0.9,normalized_union,ratio,0.25,0.9,0.616,0.626,0.624,0.002
3,euclidean,intent_quantile_0.9,normalized_union,ratio,0.5,0.9,0.344,0.344,0.344,0.0
3,euclidean,intent_quantile_0.9,normalized_union,ratio,1.0,0.9,0.064,0.064,0.064,0.0
3,euclidean,intent_quantile_0.9,normalized_union,ratio,2.0,0.9,0.004,0.004,0.004,0.0
3,euclidean,intent_quantile_0.9,normalized_union,inverse_margin,0.0,0.9,0.778,0.828,0.818,0.01
3,euclidean,intent_quantile_0.9,normalized_union,inverse_margin,0.25,0.9,0.306,0.306,0.306,0.0
3,euclidean,intent_quantile_0.9,normalized_union,inverse_margin,0.5,0.9,0.104,0.104,0.104,0.0
3,euclidean,intent_quantile_0.9,normalized_union,inverse_margin,1.0,0.9,0.008,0.008,0.008,0.0
3,euclidean,intent_quantile_0.9,normalized_union,inverse_margin,2.0,0.9,0.0,0.0,0.0,0.0
3,euclidean,intent_quantile_0.9,normalized_union,max_ratio,0.0,0.9,0.778,0.828,0.818,0.01
3,euclidean,intent_quantile_0.9,normalized_union,max_ratio,0.25,0.9,0.778,0.828,0.818,0.01
3,euclidean,intent_quantile_0.9,normalized_union,max_ratio,0.5,0.9,0.778,0.828,0.818,0.01
3,euclidean,intent_quantile_0.9,normalized_union,max_ratio,1.0,0.9,0.806,0.816,0.814,0.002
3,euclidean,intent_quantile_0.9,normalized_union,max_ratio,2.0,0.9,0.156,0.156,0.156,0.0
3,euclidean,center_quantile_0.95,nearest_sphere,none,0.0,0.9,0.724,0.854,0.828,0.026
3,euclidean,center_quantile_0.95,nearest_sphere,none,0.25,0.9,0.724,0.854,0.828,0.026
3,euclidean,center_quantile_0.95,nearest_sphere,none,0.5,0.9,0.724,0.854,0.828,0.026
3,euclidean,center_quantile_0.95,nearest_sphere,none,1.0,0.9,0.724,0.854,0.828,0.026
3,euclidean,center_quantile_0.95,nearest_sphere,none,2.0,0.9,0.724,0.854,0.828,0.026
3,euclidean,center_quantile_0.95,nearest_sphere,ratio,0.0,0.9,0.724,0.854,0.828,0.026
3,euclidean,center_quantile_0.95,nearest_sphere,ratio,0.25,0.9,0.43,0.45,0.446,0.004
3,euclidean,center_quantile_0.95,nearest_sphere,ratio,0.5,0.9,0.178,0.178,0.178,0.0
3,euclidean,center_quantile_0.95,nearest_sphere,ratio,1.0,0.9,0.014,0.014,0.014,0.0
3,euclidean,center_quantile_0.95,nearest_sphere,ratio,2.0,0.9,0.0,0.0,0.0,0.0
3,euclidean,center_quantile_0.95,nearest_sphere,inverse_margin,0.0,0.9,0.724,0.854,0.828,0.026
3,euclidean,center_quantile_0.95,nearest_sphere,inverse_margin,0.25,0.9,0.168,0.168,0.168,0.0
3,euclidean,center_quantile_0.95,nearest_sphere,inverse_margin,0.5,0.9,0.036,0.036,0.036,0.0
3,euclidean,center_quantile_0.95,nearest_sphere,inverse_margin,1.0,0.9,0.008,0.008,0.008,0.0
3,euclidean,center_quantile_0.95,nearest_sphere,inverse_margin,2.0,0.9,0.0,0.0,0.0,0.0
3,euclidean,center_quantile_0.95,nearest_sphere,max_ratio,0.0,0.9,0.724,0.854,0.828,0.026
3,euclidean,center_quantile_0.95,nearest_sphere,max_ratio,0.25,0.9,0.724,0.854,0.828,0.026
3,euclidean,center_quantile_0.95,nearest_sphere,max_ratio,0.5,0.9,0.724,0.854,0.828,0.026
3,euclidean,center_quantile_0.95,nearest_sphere,max_ratio,1.0,0.9,0.778,0.788,0.786,0.002
3,euclidean,center_quantile_0.95,nearest_sphere,max_ratio,2.0,0.9,0.148,0.148,0.148,0.0
3,euclidean,center_quantile_0.95,normalized_union,none,0.0,0.9,0.696,0.976,0.92,0.056
3,euclidean,center_quantile_0.95,normalized_union,none,0.25,0.9,0.696,0.976,0.92,0.056
3,euclidean,center_quantile_0.95,normalized_union,none,0.5,0.9,0.696,0.976,0.92,0.056
3,euclidean,center_quantile_0.95,normalized_union,none,1.0,0.9,0.696,0.976,0.92,0.056
3,euclidean,center_quantile_0.95,normalized_union,none,2.0,0.9,0.696,0.976,0.92,0.056
3,euclidean,center_quantile_0.95,normalized_union,ratio,0.0,0.9,0.696,0.976,0.92,0.056
3,euclidean,center_quantile_0.95,normalized_union,ratio,0.25,0.9,0.694,0.824,0.798,0.026
3,euclidean,center_quantile_0.95,normalized_union,ratio,0.5,0.9,0.396,0.406,0.404,0.002
3,euclidean,center_quantile_0.95,normalized_union,ratio,1.0,0.9,0.016,0.016,0.016,0.0
3,euclidean,center_quantile_0.95,normalized_union,ratio,2.0,0.9,0.0,0.0,0.0,0.0
3,euclidean,center_quantile_0.95,normalized_union,inverse_margin,0.0,0.9,0.696,0.976,0.92,0.056
3,euclidean,center_quantile_0.95,normalized_union,inverse_margin,0.25,0.9,0.326,0.326,0.326,0.0
3,euclidean,center_quantile_0.95,normalized_union,inverse_margin,0.5,0.9,0.046,0.046,0.046,0.0
3,euclidean,center_quantile_0.95,normalized_union,inverse_margin,1.0,0.9,0.008,0.008,0.008,0.0
3,euclidean,center_quantile_0.95,normalized_union,inverse_margin,2.0,0.9,0.0,0.0,0.0,0.0
3,euclidean,center_quantile_0.95,normalized_union,max_ratio,0.0,0.9,0.696,0.976,0.92,0.056
3,euclidean,center_quantile_0.95,normalized_union,max_ratio,0.25,0.9,0.696,0.976,0.92,0.056
3,euclidean,center_quantile_0.95,normalized_union,max_ratio,0.5,0.9,0.696,0.976,0.92,0.056
3,euclidean,center_quantile_0.95,normalized_union,max_ratio,1.0,0.9,0.814,0.904,0.886,0.018
3,euclidean,center_quantile_0.95,normalized_union,max_ratio,2.0,0.9,0.156,0.156,0.156,0.0
3,euclidean,intent_quantile_0.95,nearest_sphere,none,0.0,0.9,0.838,0.898,0.886,0.012
3,euclidean,intent_quantile_0.95,nearest_sphere,none,0.25,0.9,0.838,0.898,0.886,0.012
3,euclidean,intent_quantile_0.95,nearest_sphere,none,0.5,0.9,0.838,0.898,0.886,0.012
3,euclidean,intent_quantile_0.95,nearest_sphere,none,1.0,0.9,0.838,0.898,0.886,0.012
3,euclidean,intent_quantile_0.95,nearest_sphere,none,2.0,0.9,0.838,0.898,0.886,0.012
3,euclidean,intent_quantile_0.95,nearest_sphere,ratio,0.0,0.9,0.838,0.898,0.886,0.012
3,euclidean,intent_quantile_0.95,nearest_sphere,ratio,0.25,0.9,0.742,0.762,0.758,0.004
3,euclidean,intent_quantile_0.95,nearest_sphere,ratio,0.5,0.9,0.478,0.488,0.486,0.002
3,euclidean,intent_quantile_0.95,nearest_sphere,ratio,1.0,0.9,0.124,0.124,0.124,0.0
3,euclidean,intent_quantile_0.95,nearest_sphere,ratio,2.0,0.9,0.004,0.004,0.004,0.0
3,euclidean,intent_quantile_0.95,nearest_sphere,inverse_margin,0.0,0.9,0.838,0.898,0.886,0.012
3,euclidean,intent_quantile_0.95,nearest_sphere,inverse_margin,0.25,0.9,0.39,0.39,0.39,0.0
3,euclidean,intent_quantile_0.95,nearest_sphere,inverse_margin,0.5,0.9,0.158,0.158,0.158,0.0
3,euclidean,intent_quantile_0.95,nearest_sphere,inverse_margin,1.0,0.9,0.022,0.022,0.022,0.0
3,euclidean,intent_quantile_0.95,nearest_sphere,inverse_margin,2.0,0.9,0.0,0.0,0.0,0.0
3,euclidean,intent_quantile_0.95,nearest_sphere,max_ratio,0.0,0.9,0.838,0.898,0.886,0.012
3,euclidean,intent_quantile_0.95,nearest_sphere,max_ratio,0.25,0.9,0.838,0.898,0.886,0.012
3,euclidean,intent_quantile_0.95,nearest_sphere,max_ratio,0.5,0.9,0.838,0.898,0.886,0.012
3,euclidean,intent_quantile_0.95,nearest_sphere,max_ratio,1.0,0.9,0.866,0.876,0.874,0.002
3,euclidean,intent_quantile_0.95,nearest_sphere,max_ratio,2.0,0.9,0.156,0.156,0.156,0.0
3,euclidean,intent_quantile_0.95,normalized_union,none,0.0,0.9,0.802,0.902,0.882,0.02
3,euclidean,intent_quantile_0.95,normalized_union,none,0.25,0.9,0.802,0.902,0.882,0.02
3,euclidean,intent_quantile_0.95,normalized_union,none,0.5,0.9,0.802,0.902,0.882,0.02
3,euclidean,intent_quantile_0.95,normalized_union,none,1.0,0.9,0.802,0.902,0.882,0.02
3,euclidean,intent_quantile_0.95,normalized_union,none,2.0,0.9,0.802,0.902,0.882,0.02
3,euclidean,intent_quantile_0.95,normalized_union,ratio,0.0,0.9,0.802,0.902,0.882,0.02
3,euclidean,intent_quantile_0.95,normalized_union,ratio,0.25,0.9,0.742,0.762,0.758,0.004
3,euclidean,intent_quantile_0.95,normalized_union,ratio,0.5,0.9,0.478,0.488,0.486,0.002
3,euclidean,intent_quantile_0.95,normalized_union,ratio,1.0,0.9,0.124,0.124,0.124,0.0
3,euclidean,intent_quantile_0.95,normalized_union,ratio,2.0,0.9,0.004,0.004,0.004,0.0
3,euclidean,intent_quantile_0.95,normalized_union,inverse_margin,0.0,0.9,0.802,0.902,0.882,0.02
3,euclidean,intent_quantile_0.95,normalized_union,inverse_margin,0.25,0.9,0.39,0.39,0.39,0.0
3,euclidean,intent_quantile_0.95,normalized_union,inverse_margin,0.5,0.9,0.158,0.158,0.158,0.0
3,euclidean,intent_quantile_0.95,normalized_union,inverse_margin,1.0,0.9,0.022,0.022,0.022,0.0
3,euclidean,intent_quantile_0.95,normalized_union,inverse_margin,2.0,0.9,0.0,0.0,0.0,0.0
3,euclidean,intent_quantile_0.95,normalized_union,max_ratio,0.0,0.9,0.802,0.902,0.882,0.02
3,euclidean,intent_quantile_0.95,normalized_union,max_ratio,0.25,0.9,0.802,0.902,0.882,0.02
3,euclidean,intent_quantile_0.95,normalized_union,max_ratio,0.5,0.9,0.802,0.902,0.882,0.02
3,euclidean,intent_quantile_0.95,normalized_union,max_ratio,1.0,0.9,0.866,0.876,0.874,0.002
3,euclidean,intent_quantile_0.95,normalized_union,max_ratio,2.0,0.9,0.156,0.156,0.156,0.0
3,euclidean,center_quantile_0.99,nearest_sphere,none,0.0,0.9,0.806,0.946,0.918,0.028
3,euclidean,center_quantile_0.99,nearest_sphere,none,0.25,0.9,0.806,0.946,0.918,0.028
3,euclidean,center_quantile_0.99,nearest_sphere,none,0.5,0.9,0.806,0.946,0.918,0.028
3,euclidean,center_quantile_0.99,nearest_sphere,none,1.0,0.9,0.806,0.946,0.918,0.028
3,euclidean,center_quantile_0.99,nearest_sphere,none,2.0,0.9,0.806,0.946,0.918,0.028
3,euclidean,center_quantile_0.99,nearest_sphere,ratio,0.0,0.9,0.806,0.946,0.918,0.028
3,euclidean,center_quantile_0.99,nearest_sphere,ratio,0.25,0.9,0.648,0.698,0.688,0.01
3,euclidean,center_quantile_0.99,nearest_sphere,ratio,0.5,0.9,0.37,0.37,0.37,0.0
3,euclidean,center_quantile_0.99,nearest_sphere,ratio,1.0,0.9,0.05,0.05,0.05,0.0
3,euclidean,center_quantile_0.99,nearest_sphere,ratio,2.0,0.9,0.0,0.0,0.0,0.0
3,euclidean,center_quantile_0.99,nearest_sphere,inverse_margin,0.0,0.9,0.806,0.946,0.918,0.028
3,euclidean,center_quantile_0.99,nearest_sphere,inverse_margin,0.25,0.9,0.322,0.322,0.322,0.0
3,euclidean,center_quantile_0.99,nearest_sphere,inverse_margin,0.5,0.9,0.078,0.078,0.078,0.0
3,euclidean,center_quantile_0.99,nearest_sphere,inverse_margin,1.0,0.9,0.008,0.008,0.008,0.0
3,euclidean,center_quantile_0.99,nearest_sphere,inverse_margin,2.0,0.9,0.0,0.0,0.0,0.0
3,euclidean,center_quantile_0.99,nearest_sphere,max_ratio,0.0,0.9,0.806,0.946,0.918,0.028
3,euclidean,center_quantile_0.99,nearest_sphere,max_ratio,0.25,0.9,0.806,0.946,0.918,0.028
3,euclidean,center_quantile_0.99,nearest_sphere,max_ratio,0.5,0.9,0.806,0.946,0.918,0.028
3,euclidean,center_quantile_0.99,nearest_sphere,max_ratio,1.0,0.9,0.856,0.866,0.864,0.002
3,euclidean,center_quantile_0.99,nearest_sphere,max_ratio,2.0,0.9,0.156,0.156,0.156,0.0
3,euclidean,center_quantile_0.99,normalized_union,none,0.0,0.9,0.816,0.986,0.952,0.034
3,euclidean,center_quantile_0.99,normalized_union,none,0.25,0.9,0.816,0.986,0.952,0.034
3,euclidean,center_quantile_0.99,normalized_union,none,0.5,0.9,0.816,0.986,0.952,0.034
3,euclidean,center_quantile_0.99,normalized_union,none,1.0,0.9,0.816,0.986,0.952,0.034
3,euclidean,center_quantile_0.99,normalized_union,none,2.0,0.9,0.816,0.986,0.952,0.034
3,euclidean,center_quantile_0.99,normalized_union,ratio,0.0,0.9,0.816,0.986,0.952,0.034
3,euclidean,center_quantile_0.99,normalized_union,ratio,0.25,0.9,0.804,0.864,0.852,0.012
3,euclidean,center_quantile_0.99,normalized_union,ratio,0.5,0.9,0.548,0.558,0.556,0.002
3,euclidean,center_quantile_0.99,normalized_union,ratio,1.0,0.9,0.06,0.06,0.06,0.0
3,euclidean,center_quantile_0.99,normalized_union,ratio,2.0,0.9,0.0,0.0,0.0,0.0
3,euclidean,center_quantile_0.99,normalized_union,inverse_margin,0.0,0.9,0.816,0.986,0.952,0.034
3,euclidean,center_quantile_0.99,normalized_union,inverse_margin,0.25,0.9,0.398,0.398,0.398,0.0
3,euclidean,center_quantile_0.99,normalized_union,inverse_margin,0.5,0.9,0.094,0.094,0.094,0.0
3,euclidean,center_quantile_0.99,normalized_union,inverse_margin,1.0,0.9,0.008,0.008,0.008,0.0
3,euclidean,center_quantile_0.99,normalized_union,inverse_margin,2.0,0.9,0.0,0.0,0.0,0.0
3,euclidean,center_quantile_0.99,normalized_union,max_ratio,0.0,0.9,0.816,0.986,0.952,0.034
3,euclidean,center_quantile_0.99,normalized_union,max_ratio,0.25,0.9,0.816,0.986,0.952,0.034
3,euclidean,center_quantile_0.99,normalized_union,max_ratio,0.5,0.9,0.816,0.986,0.952,0.034
3,euclidean,center_quantile_0.99,normalized_union,max_ratio,1.0,0.9,0.894,0.904,0.902,0.002
3,euclidean,center_quantile_0.99,normalized_union,max_ratio,2.0,0.9,0.156,0.156,0.156,0.0
3,euclidean,intent_quantile_0.99,nearest_sphere,none,0.0,0.9,0.85,0.97,0.946,0.024
3,euclidean,intent_quantile_0.99,nearest_sphere,none,0.25,0.9,0.85,0.97,0.946,0.024
3,euclidean,intent_quantile_0.99,nearest_sphere,none,0.5,0.9,0.85,0.97,0.946,0.024
3,euclidean,intent_quantile_0.99,nearest_sphere,none,1.0,0.9,0.85,0.97,0.946,0.024
3,euclidean,intent_quantile_0.99,nearest_sphere,none,2.0,0.9,0.85,0.97,0.946,0.024
3,euclidean,intent_quantile_0.99,nearest_sphere,ratio,0.0,0.9,0.85,0.97,0.946,0.024
3,euclidean,intent_quantile_0.99,nearest_sphere,ratio,0.25,0.9,0.852,0.872,0.868,0.004
3,euclidean,intent_quantile_0.99,nearest_sphere,ratio,0.5,0.9,0.706,0.716,0.714,0.002
3,euclidean,intent_quantile_0.99,nearest_sphere,ratio,1.0,0.9,0.208,0.208,0.208,0.0
3,euclidean,intent_quantile_0.99,nearest_sphere,ratio,2.0,0.9,0.008,0.008,0.008,0.0
3,euclidean,intent_quantile_0.99,nearest_sphere,inverse_margin,0.0,0.9,0.85,0.97,0.946,0.024
3,euclidean,intent_quantile_0.99,nearest_sphere,inverse_margin,0.25,0.9,0.52,0.53,0.528,0.002
3,euclidean,intent_quantile_0.99,nearest_sphere,inverse_margin,0.5,0.9,0.214,0.214,0.214,0.0
3,euclidean,intent_quantile_0.99,nearest_sphere,inverse_margin,1.0,0.9,0.032,0.032,0.032,0.0
3,euclidean,intent_quantile_0.99,nearest_sphere,inverse_margin,2.0,0.9,0.0,0.0,0.0,0.0
3,euclidean,intent_quantile_0.99,nearest_sphere,max_ratio,0.0,0.9,0.85,0.97,0.946,0.024
3,euclidean,intent_quantile_0.99,nearest_sphere,max_ratio,0.25,0.9,0.85,0.97,0.946,0.024
3,euclidean,intent_quantile_0.99,nearest_sphere,max_ratio,0.5,0.9,0.85,0.97,0.946,0.024
3,euclidean,intent_quantile_0.99,nearest_sphere,max_ratio,1.0,0.9,0.894,0.904,0.902,0.002
3,euclidean,intent_quantile_0.99,nearest_sphere,max_ratio,2.0,0.9,0.156,0.156,0.156,0.0
3,euclidean,intent_quantile_0.99,normalized_union,none,0.0,0.9,0.784,0.974,0.936,0.038
3,euclidean,intent_quantile_0.99,normalized_union,none,0.25,0.9,0.784,0.974,0.936,0.038
3,euclidean,intent_quantile_0.99,normalized_union,none,0.5,0.9,0.784,0.974,0.936,0.038
3,euclidean,intent_quantile_0.99,normalized_union,none,1.0,0.9,0.784,0.974,0.936,0.038
3,euclidean,intent_quantile_0.99,normalized_union,none,2.0,0.9,0.784,0.974,0.936,0.038
3,euclidean,intent_quantile_0.99,normalized_union,ratio,0.0,0.9,0.784,0.974,0.936,0.038
3,euclidean,intent_quantile_0.99,normalized_union,ratio,0.25,0.9,0.836,0.876,0.868,0.008
3,euclidean,intent_quantile_0.99,normalized_union,ratio,0.5,0.9,0.706,0.716,0.714,0.002
3,euclidean,intent_quantile_0.99,normalized_union,ratio,1.0,0.9,0.208,0.208,0.208,0.0
3,euclidean,intent_quantile_0.99,normalized_union,ratio,2.0,0.9,0.008,0.008,0.008,0.0
3,euclidean,intent_quantile_0.99,normalized_union,inverse_margin,0.0,0.9,0.784,0.974,0.936,0.038
3,euclidean,intent_quantile_0.99,normalized_union,inverse_margin,0.25,0.9,0.52,0.53,0.528,0.002
3,euclidean,intent_quantile_0.99,normalized_union,inverse_margin,0.5,0.9,0.214,0.214,0.214,0.0
3,euclidean,intent_quantile_0.99,normalized_union,inverse_margin,1.0,0.9,0.032,0.032,0.032,0.0
3,euclidean,intent_quantile_0.99,normalized_union,inverse_margin,2.0,0.9,0.0,0.0,0.0,0.0
3,euclidean,intent_quantile_0.99,normalized_union,max_ratio,0.0,0.9,0.784,0.974,0.936,0.038
3,euclidean,intent_quantile_0.99,normalized_union,max_ratio,0.25,0.9,0.784,0.974,0.936,0.038
3,euclidean,intent_quantile_0.99,normalized_union,max_ratio,0.5,0.9,0.784,0.974,0.936,0.038
3,euclidean,intent_quantile_0.99,normalized_union,max_ratio,1.0,0.9,0.894,0.904,0.902,0.002
3,euclidean,intent_quantile_0.99,normalized_union,max_ratio,2.0,0.9,0.156,0.156,0.156,0.0
3,mahalanobis_diag,mean_std_0.0,nearest_sphere,none,0.0,0.9,0.526,0.646,0.622,0.024
3,mahalanobis_diag,mean_std_0.0,nearest_sphere,none,0.25,0.9,0.526,0.646,0.622,0.024
3,mahalanobis_diag,mean_std_0.0,nearest_sphere,none,0.5,0.9,0.526,0.646,0.622,0.024
3,mahalanobis_diag,mean_std_0.0,nearest_sphere,none,1.0,0.9,0.526,0.646,0.622,0.024
3,mahalanobis_diag,mean_std_0.0,nearest_sphere,none,2.0,0.9,0.526,0.646,0.622,0.024
3,mahalanobis_diag,mean_std_0.0,nearest_sphere,ratio,0.0,0.9,0.526,0.646,0.622,0.024
3,mahalanobis_diag,mean_std_0.0,nearest_sphere,ratio,0.25,0.9,0.062,0.062,0.062,0.0
3,mahalanobis_diag,mean_std_0.0,nearest_sphere,ratio,0.5,0.9,0.002,0.002,0.002,0.0
3,mahalanobis_diag,mean_std_0.0,nearest_sphere,ratio,1.0,0.9,0.0,0.0,0.0,0.0
3,mahalanobis_diag,mean_std_0.0,nearest_sphere,ratio,2.0,0.9,0.0,0.0,0.0,0.0
3,mahalanobis_diag,mean_std_0.0,nearest_sphere,inverse_margin,0.0,0.9,0.526,0.646,0.622,0.024
3,mahalanobis_diag,mean_std_0.0,nearest_sphere,inverse_margin,0.25,0.9,0.0,0.0,0.0,0.0
3,mahalanobis_diag,mean_std_0.0,nearest_sphere,inverse_margin,0.5,0.9,0.0,0.0,0.0,0.0
3,mahalanobis_diag,mean_std_0.0,nearest_sphere,inverse_margin,1.0,0.9,0.0,0.0,0.0,0.0
3,mahalanobis_diag,mean_std_0.0,nearest_sphere,inverse_margin,2.0,0.9,0.0,0.0,0.0,0.0
3,mahalanobis_diag,mean_std_0.0,nearest_sphere,max_ratio,0.0,0.9,0.526,0.646,0.622,0.024
3,mahalanobis_diag,mean_std_0.0,nearest_sphere,max_ratio,0.25,0.9,0.526,0.646,0.622,0.024
3,mahalanobis_diag,mean_std_0.0,nearest_sphere,max_ratio,0.5,0.9,0.526,0.646,0.622,0.024
3,mahalanobis_diag,mean_std_0.0,nearest_sphere,max_ratio,1.0,0.9,0.556,0.586,0.58,0.006
3,mahalanobis_diag,mean_std_0.0,nearest_sphere,max_ratio,2.0,0.9,0.0,0.0,0.0,0.0
3,mahalanobis_diag,mean_std_0.0,normalized_union,none,0.0,0.9,0.526,0.646,0.622,0.024
3,mahalanobis_diag,mean_std_0.0,normalized_union,none,0.25,0.9,0.526,0.646,0.622,0.024
3,mahalanobis_diag,mean_std_0.0,normalized_union,none,0.5,0.9,0.526,0.646,0.622,0.024
3,mahalanobis_diag,mean_std_0.0,normalized_union,none,1.0,0.9,0.526,0.646,0.622,0.024
3,mahalanobis_diag,mean_std_0.0,normalized_union,none,2.0,0.9,0.526,0.646,0.622,0.024
3,mahalanobis_diag,mean_std_0.0,normalized_union,ratio,0.0,0.9,0.526,0.646,0.622,0.024
3,mahalanobis_diag,mean_std_0.0,normalized_union,ratio,0.25,0.9,0.062,0.062,0.062,0.0
3,mahalanobis_diag,mean_std_0.0,normalized_union,ratio,0.5,0.9,0.002,0.002,0.002,0.0
3,mahalanobis_diag,mean_std_0.0,normalized_union,ratio,1.0,0.9,0.0,0.0,0.0,0.0
3,mahalanobis_diag,mean_std_0.0,normalized_union,ratio,2.0,0.9,0.0,0.0,0.0,0.0
3,mahalanobis_diag,mean_std_0.0,normalized_union,inverse_margin,0.0,0.9,0.526,0.646,0.622,0.024
3,mahalanobis_diag,mean_std_0.0,normalized_union,inverse_margin,0.25,0.9,0.0,0.0,0.0,0.0
3,mahalanobis_diag,mean_std_0.0,normalized_union,inverse_margin,0.5,0.9,0.0,0.0,0.0,0.0
3,mahalanobis_diag,mean_std_0.0,normalized_union,inverse_margin,1.0,0.9,0.0,0.0,0.0,0.0
3,mahalanobis_diag,mean_std_0.0,normalized_union,inverse_margin,2.0,0.9,0.0,0.0,0.0,0.0
3,mahalanobis_diag,mean_std_0.0,normalized_union,max_ratio,0.0,0.9,0.526,0.646,0.622,0.024
3,mahalanobis_diag,mean_std_0.0,normalized_union,max_ratio,0.25,0.9,0.526,0.646,0.622,0.024
3,mahalanobis_diag,mean_std_0.0,normalized_union,max_ratio,0.5,0.9,0.526,0.646,0.622,0.024
3,mahalanobis_diag,mean_std_0.0,normalized_union,max_ratio,1.0,0.9,0.556,0.586,0.58,0.006
3,mahalanobis_diag,mean_std_0.0,normalized_union,max_ratio,2.0,0.9,0.0,0.0,0.0,0.0
3,mahalanobis_diag,mean_std_0.25,nearest_sphere,none,0.0,0.9,0.628,0.768,0.74,0.028
3,mahalanobis_diag,mean_std_0.25,nearest_sphere,none,0.25,0.9,0.628,0.768,0.74,0.028
3,mahalanobis_diag,mean_std_0.25,nearest_sphere,none,0.5,0.9,0.628,0.768,0.74,0.028
3,mahalanobis_diag,mean_std_0.25,nearest_sphere,none,1.0,0.9,0.628,0.768,0.74,0.028
3,mahalanobis_diag,mean_std_0.25,nearest_sphere,none,2.0,0.9,0.628,0.768,0.74,0.028
3,mahalanobis_diag,mean_std_0.25,nearest_sphere,ratio,0.0,0.9,0.628,0.768,0.74,0.028
3,mahalanobis_diag,mean_std_0.25,nearest_sphere,ratio,0.25,0.9,0.11,0.11,0.11,0.0
3,mahalanobis_diag,mean_std_0.25,nearest_sphere,ratio,0.5,0.9,0.006,0.006,0.006,0.0
3,mahalanobis_diag,mean_std_0.25,nearest_sphere,ratio,1.0,0.9,0.0,0.0,0.0,0.0
3,mahalanobis_diag,mean_std_0.25,nearest_sphere,ratio,2.0,0.9,0.0,0.0,0.0,0.0
3,mahalanobis_diag,mean_std_0.25,nearest_sphere,inverse_margin,0.0,0.9,0.628,0.768,0.74,0.028
3,mahalanobis_diag,mean_std_0.25,nearest_sphere,inverse_margin,0.25,0.9,0.0,0.0,0.0,0.0
3,mahalanobis_diag,mean_std_0.25,nearest_sphere,inverse_margin,0.5,0.9,0.0,0.0,0.0,0.0
3,mahalanobis_diag,mean_std_0.25,nearest_sphere,inverse_margin,1.0,0.9,0.0,0.0,0.0,0.0
3,mahalanobis_diag,mean_std_0.25,nearest_sphere,inverse_margin,2.0,0.9,0.0,0.0,0.0,0.0
3,mahalanobis_diag,mean_std_0.25,nearest_sphere,max_ratio,0.0,0.9,0.628,0.768,0.74,0.028
3,mahalanobis_diag,mean_std_0.25,nearest_sphere,max_ratio,0.25,0.9,0.628,0.768,0.74,0.028
3,mahalanobis_diag,mean_std_0.25,nearest_sphere,max_ratio,0.5,0.9,0.628,0.768,0.74,0.028
3,mahalanobis_diag,mean_std_0.25,nearest_sphere,max_ratio,1.0,0.9,0.652,0.682,0.676,0.006
3,mahalanobis_diag,mean_std_0.25,nearest_sphere,max_ratio,2.0,0.9,0.0,0.0,0.0,0.0
3,mahalanobis_diag,mean_std_0.25,normalized_union,none,0.0,0.9,0.638,0.768,0.742,0.026
3,mahalanobis_diag,mean_std_0.25,normalized_union,none,0.25,0.9,0.638,0.768,0.742,0.026
3,mahalanobis_diag,mean_std_0.25,normalized_union,none,0.5,0.9,0.638,0.768,0.742,0.026
3,mahalanobis_diag,mean_std_0.25,normalized_union,none,1.0,0.9,0.638,0.768,0.742,0.026
3,mahalanobis_diag,mean_std_0.25,normalized_union,none,2.0,0.9,0.638,0.768,0.742,0.026
3,mahalanobis_diag,mean_std_0.25,normalized_union,ratio,0.0,0.9,0.638,0.768,0.742,0.026
3,mahalanobis_diag,mean_std_0.25,normalized_union,ratio,0.25,0.9,0.11,0.11,0.11,0.0
3,mahalanobis_diag,mean_std_0.25,normalized_union,ratio,0.5,0.9,0.006,0.006,0.006,0.0
3,mahalanobis_diag,mean_std_0.25,normalized_union,ratio,1.0,0.9,0.0,0.0,0.0,0.0
3,mahalanobis_diag,mean_std_0.25,normalized_union,ratio,2.0,0.9,0.0,0.0,0.0,0.0
3,mahalanobis_diag,mean_std_0.25,normalized_union,inverse_margin,0.0,0.9,0.638,0.768,0.742,0.026
3,mahalanobis_diag,mean_std_0.25,normalized_union,inverse_margin,0.25,0.9,0.0,0.0,0.0,0.0
3,mahalanobis_diag,mean_std_0.25,normalized_union,inverse_margin,0.5,0.9,0.0,0.0,0.0,0.0
3,mahalanobis_diag,mean_std_0.25,normalized_union,inverse_margin,1.0,0.9,0.0,0.0,0.0,0.0
3,mahalanobis_diag,mean_std_0.25,normalized_union,inverse_margin,2.0,0.9,0.0,0.0,0.0,0.0
3,mahalanobis_diag,mean_std_0.25,normalized_union,max_ratio,0.0,0.9,0.638,0.768,0.742,0.026
3,mahalanobis_diag,mean_std_0.25,normalized_union,max_ratio,0.25,0.9,0.638,0.768,0.742,0.026
3,mahalanobis_diag,mean_std_0.25,normalized_union,max_ratio,0.5,0.9,0.638,0.768,0.742,0.026
3,mahalanobis_diag,mean_std_0.25,normalized_union,max_ratio,1.0,0.9,0.652,0.682,0.676,0.006
3,mahalanobis_diag,mean_std_0.25,normalized_union,max_ratio,2.0,0.9,0.0,0.0,0.0,0.0
3,mahalanobis_diag,mean_std_0.5,nearest_sphere,none,0.0,0.9,0.64,0.83,0.792,0.038
3,mahalanobis_diag,mean_std_0.5,nearest_sphere,none,0.25,0.9,0.64,0.83,0.792,0.038
3,mahalanobis_diag,mean_std_0.5,nearest_sphere,none,0.5,0.9,0.64,0.83,0.792,0.038
3,mahalanobis_diag,mean_std_0.5,nearest_sphere,none,1.0,0.9,0.64,0.83,0.792,0.038
3,mahalanobis_diag,mean_std_0.5,nearest_sphere,none,2.0,0.9,0.64,0.83,0.792,0.038
3,mahalanobis_diag,mean_std_0.5,nearest_sphere,ratio,0.0,0.9,0.64,0.83,0.792,0.038
3,mahalanobis_diag,mean_std_0.5,nearest_sphere,ratio,0.25,0.9,0.186,0.196,0.194,0.002
3,mahalanobis_diag,mean_std_0.5,nearest_sphere,ratio,0.5,0.9,0.006,0.006,0.006,0.0
3,mahalanobis_diag,mean_std_0.5,nearest_sphere,ratio,1.0,0.9,0.0,0.0,0.0,0.0
3,mahalanobis_diag,mean_std_0.5,nearest_sphere,ratio,2.0,0.9,0.0,0.0,0.0,0.0
3,mahalanobis_diag,mean_std_0.5,nearest_sphere,inverse_margin,0.0,0.9,0.64,0.83,0.792,0.038
3,mahalanobis_diag,mean_std_0.5,nearest_sphere,inverse_margin,0.25,0.9,0.002,0.002,0.002,0.0
3,mahalanobis_diag,mean_std_0.5,nearest_sphere,inverse_margin,0.5,0.9,0.0,0.0,0.0,0.0
3,mahalanobis_diag,mean_std_0.5,nearest_sphere,inverse_margin,1.0,0.9,0.0,0.0,0.0,0.0
3,mahalanobis_diag,mean_std_0.5,nearest_sphere,inverse_margin,2.0,0.9,0.0,0.0,0.0,0.0
3,mahalanobis_diag,mean_std_0.5,nearest_sphere,max_ratio,0.0,0.9,0.64,0.83,0.792,0.038
3,mahalanobis_diag,mean_std_0.5,nearest_sphere,max_ratio,0.25,0.9,0.64,0.83,0.792,0.038
3,mahalanobis_diag,mean_std_0.5,nearest_sphere,max_ratio,0.5,0.9,0.64,0.83,0.792,0.038
3,mahalanobis_diag,mean_std_0.5,nearest_sphere,max_ratio,1.0,0.9,0.692,0.722,0.716,0.006
3,mahalanobis_diag,mean_std_0.5,nearest_sphere,max_ratio,2.0,0.9,0.0,0.0,0.0,0.0
3,mahalanobis_diag,mean_std_0.5,normalized_union,none,0.0,0.9,0.652,0.832,0.796,0.036
3,mahalanobis_diag,mean_std_0.5,normalized_union,none,0.25,0.9,0.652,0.832,0.796,0.036
3,mahalanobis_diag,mean_std_0.5,normalized_union,none,0.5,0.9,0.652,0.832,0.796,0.036
3,mahalanobis_diag,mean_std_0.5,normalized_union,none,1.0,0.9,0.652,0.832,0.796,0.036
3,mahalanobis_diag,mean_std_0.5,normalized_union,none,2.0,0.9,0.652,0.832,0.796,0.036
3,mahalanobis_diag,mean_std_0.5,normalized_union,ratio,0.0,0.9,0.652,0.832,0.796,0.036
3,mahalanobis_diag,mean_std_0.5,normalized_union,ratio,0.25,0.9,0.186,0.196,0.194,0.002
3,mahalanobis_diag,mean_std_0.5,normalized_union,ratio,0.5,0.9,0.006,0.006,0.006,0.0
3,mahalanobis_diag,mean_std_0.5,normalized_union,ratio,1.0,0.9,0.0,0.0,0.0,0.0
3,mahalanobis_diag,mean_std_0.5,normalized_union,ratio,2.0,0.9,0.0,0.0,0.0,0.0
3,mahalanobis_diag,mean_std_0.5,normalized_union,inverse_margin,0.0,0.9,0.652,0.832,0.796,0.036
3,mahalanobis_diag,mean_std_0.5,normalized_union,inverse_margin,0.25,0.9,0.002,0.002,0.002,0.0
3,mahalanobis_diag,mean_std_0.5,normalized_union,inverse_margin,0.5,0.9,0.0,0.0,0.0,0.0
3,mahalanobis_diag,mean_std_0.5,normalized_union,inverse_margin,1.0,0.9,0.0,0.0,0.0,0.0
3,mahalanobis_diag,mean_std_0.5,normalized_union,inverse_margin,2.0,0.9,0.0,0.0,0.0,0.0
3,mahalanobis_diag,mean_std_0.5,normalized_union,max_ratio,0.0,0.9,0.652,0.832,0.796,0.036
3,mahalanobis_diag,mean_std_0.5,normalized_union,max_ratio,0.25,0.9,0.652,0.832,0.796,0.036
3,mahalanobis_diag,mean_std_0.5,normalized_union,max_ratio,0.5,0.9,0.652,0.832,0.796,0.036
3,mahalanobis_diag,mean_std_0.5,normalized_union,max_ratio,1.0,0.9,0.692,0.722,0.716,0.006
3,mahalanobis_diag,mean_std_0.5,normalized_union,max_ratio,2.0,0.9,0.0,0.0,0.0,0.0
3,mahalanobis_diag,mean_std_0.75,nearest_sphere,none,0.0,0.9,0.62,0.88,0.828,0.052
3,mahalanobis_diag,mean_std_0.75,nearest_sphere,none,0.25,0.9,0.62,0.88,0.828,0.052
3,mahalanobis_diag,mean_std_0.75,nearest_sphere,none,0.5,0.9,0.62,0.88,0.828,0.052
3,mahalanobis_diag,mean_std_0.75,nearest_sphere,none,1.0,0.9,0.62,0.88,0.828,0.052
3,mahalanobis_diag,mean_std_0.75,nearest_sphere,none,2.0,0.9,0.62,0.88,0.828,0.052
3,mahalanobis_diag,mean_std_0.75,nearest_sphere,ratio,0.0,0.9,0.62,0.88,0.828,0.052
3,mahalanobis_diag,mean_std_0.75,nearest_sphere,ratio,0.25,0.9,0.27,0.3,0.294,0.006
3,mahalanobis_diag,mean_std_0.75,nearest_sphere,ratio,0.5,0.9,0.01,0.01,0.01,0.0
3,mahalanobis_diag,mean_std_0.75,nearest_sphere,ratio,1.0,0.9,0.0,0.0,0.0,0.0
3,mahalanobis_diag,mean_std_0.75,nearest_sphere,ratio,2.0,0.9,0.0,0.0,0.0,0.0
3,mahalanobis_diag,mean_std_0.75,nearest_sphere,inverse_margin,0.0,0.9,0.62,0.88,0.828,0.052
3,mahalanobis_diag,mean_std_0.75,nearest_sphere,inverse_margin,0.25,0.9,0.006,0.006,0.006,0.0
3,mahalanobis_diag,mean_std_0.75,nearest_sphere,inverse_margin,0.5,0.9,0.0,0.0,0.0,0.0
3,mahalanobis_diag,mean_std_0.75,nearest_sphere,inverse_margin,1.0,0.9,0.0,0.0,0.0,0.0
3,mahalanobis_diag,mean_std_0.75,nearest_sphere,inverse_margin,2.0,0.9,0.0,0.0,0.0,0.0
3,mahalanobis_diag,mean_std_0.75,nearest_sphere,max_ratio,0.0,0.9,0.62,0.88,0.828,0.052
3,mahalanobis_diag,mean_std_0.75,nearest_sphere,max_ratio,0.25,0.9,0.62,0.88,0.828,0.052
3,mahalanobis_diag,mean_std_0.75,nearest_sphere,max_ratio,0.5,0.9,0.62,0.88,0.828,0.052
3,mahalanobis_diag,mean_std_0.75,nearest_sphere,max_ratio,1.0,0.9,0.706,0.746,0.738,0.008
3,mahalanobis_diag,mean_std_0.75,nearest_sphere,max_ratio,2.0,0.9,0.0,0.0,0.0,0.0
3,mahalanobis_diag,mean_std_0.75,normalized_union,none,0.0,0.9,0.65,0.88,0.834,0.046
3,mahalanobis_diag,mean_std_0.75,normalized_union,none,0.25,0.9,0.65,0.88,0.834,0.046
3,mahalanobis_diag,mean_std_0.75,normalized_union,none,0.5,0.9,0.65,0.88,0.834,0.046
3,mahalanobis_diag,mean_std_0.75,normalized_union,none,1.0,0.9,0.65,0.88,0.834,0.046
3,mahalanobis_diag,mean_std_0.75,normalized_union,none,2.0,0.9,0.65,0.88,0.834,0.046
3,mahalanobis_diag,mean_std_0.75,normalized_union,ratio,0.0,0.9,0.65,0.88,0.834,0.046
3,mahalanobis_diag,mean_std_0.75,normalized_union,ratio,0.25,0.9,0.27,0.3,0.294,0.006
3,mahalanobis_diag,mean_std_0.75,normalized_union,ratio,0.5,0.9,0.01,0.01,0.01,0.0
3,mahalanobis_diag,mean_std_0.75,normalized_union,ratio,1.0,0.9,0.0,0.0,0.0,0.0
3,mahalanobis_diag,mean_std_0.75,normalized_union,ratio,2.0,0.9,0.0,0.0,0.0,0.0
3,mahalanobis_diag,mean_std_0.75,normalized_union,inverse_margin,0.0,0.9,0.65,0.88,0.834,0.046
3,mahalanobis_diag,mean_std_0.75,normalized_union,inverse_margin,0.25,0.9,0.006,0.006,0.006,0.0
3,mahalanobis_diag,mean_std_0.75,normalized_union,inverse_margin,0.5,0.9,0.0,0.0,0.0,0.0
3,mahalanobis_diag,mean_std_0.75,normalized_union,inverse_margin,1.0,0.9,0.0,0.0,0.0,0.0
3,mahalanobis_diag,mean_std_0.75,normalized_union,inverse_margin,2.0,0.9,0.0,0.0,0.0,0.0
3,mahalanobis_diag,mean_std_0.75,normalized_union,max_ratio,0.0,0.9,0.65,0.88,0.834,0.046
3,mahalanobis_diag,mean_std_0.75,normalized_union,max_ratio,0.25,0.9,0.65,0.88,0.834,0.046
3,mahalanobis_diag,mean_std_0.75,normalized_union,max_ratio,0.5,0.9,0.65,0.88,0.834,0.046
3,mahalanobis_diag,mean_std_0.75,normalized_union,max_ratio,1.0,0.9,0.706,0.746,0.738,0.008
3,mahalanobis_diag,mean_std_0.75,normalized_union,max_ratio,2.0,0.9,0.0,0.0,0.0,0.0
3,mahalanobis_diag,mean_std_1.0,nearest_sphere,none,0.0,0.9,0.668,0.928,0.876,0.052
3,mahalanobis_diag,mean_std_1.0,nearest_sphere,none,0.25,0.9,0.668,0.928,0.876,0.052
3,mahalanobis_diag,mean_std_1.0,nearest_sphere,none,0.5,0.9,0.668,0.928,0.876,0.052
3,mahalanobis_diag,mean_std_1.0,nearest_sphere,none,1.0,0.9,0.668,0.928,0.876,0.052
3,mahalanobis_diag,mean_std_1.0,nearest_sphere,none,2.0,0.9,0.668,0.928,0.876,0.052
3,mahalanobis_diag,mean_std_1.0,nearest_sphere,ratio,0.0,0.9,0.668,0.928,0.876,0.052
3,mahalanobis_diag,mean_std_1.0,nearest_sphere,ratio,0.25,0.9,0.366,0.396,0.39,0.006
3,mahalanobis_diag,mean_std_1.0,nearest_sphere,ratio,0.5,0.9,0.018,0.018,0.018,0.0
3,mahalanobis_diag,mean_std_1.0,nearest_sphere,ratio,1.0,0.9,0.0,0.0,0.0,0.0
3,mahalanobis_diag,mean_std_1.0,nearest_sphere,ratio,2.0,0.9,0.0,0.0,0.0,0.0
3,mahalanobis_diag,mean_std_1.0,nearest_sphere,inverse_margin,0.0,0.9,0.668,0.928,0.876,0.052
3,mahalanobis_diag,mean_std_1.0,nearest_sphere,inverse_margin,0.25,0.9,0.006,0.006,0.006,0.0
3,mahalanobis_diag,mean_std_1.0,nearest_sphere,inverse_margin,0.5,0.9,0.0,0.0,0.0,0.0
3,mahalanobis_diag,mean_std_1.0,nearest_sphere,inverse_margin,1.0,0.9,0.0,0.0,0.0,0.0
3,mahalanobis_diag,mean_std_1.0,nearest_sphere,inverse_margin,2.0,0.9,0.0,0.0,0.0,0.0
3,mahalanobis_diag,mean_std_1.0,nearest_sphere,max_ratio,0.0,0.9,0.668,0.928,0.876,0.052
3,mahalanobis_diag,mean_std_1.0,nearest_sphere,max_ratio,0.25,0.9,0.668,0.928,0.876,0.052
3,mahalanobis_diag,mean_std_1.0,nearest_sphere,max_ratio,0.5,0.9,0.668,0.928,0.876,0.052
3,mahalanobis_diag,mean_std_1.0,nearest_sphere,max_ratio,1.0,0.9,0.736,0.776,0.768,0.008
3,mahalanobis_diag,mean_std_1.0,nearest_sphere,max_ratio,2.0,0.9,0.0,0.0,0.0,0.0
3,mahalanobis_diag,mean_std_1.0,normalized_union,none,0.0,0.9,0.708,0.928,0.884,0.044
3,mahalanobis_diag,mean_std_1.0,normalized_union,none,0.25,0.9,0.708,0.928,0.884,0.044
3,mahalanobis_diag,mean_std_1.0,normalized_union,none,0.5,0.9,0.708,0.928,0.884,0.044
3,mahalanobis_diag,mean_std_1.0,normalized_union,none,1.0,0.9,0.708,0.928,0.884,0.044
3,mahalanobis_diag,mean_std_1.0,normalized_union,none,2.0,0.9,0.708,0.928,0.884,0.044
3,mahalanobis_diag,mean_std_1.0,normalized_union,ratio,0.0,0.9,0.708,0.928,0.884,0.044
3,mahalanobis_diag,mean_std_1.0,normalized_union,ratio,0.25,0.9,0.37,0.4,0.394,0.006
3,mahalanobis_diag,mean_std_1.0,normalized_union,ratio,0.5,0.9,0.018,0.018,0.018,0.0
3,mahalanobis_diag,mean_std_1.0,normalized_union,ratio,1.0,0.9,0.0,0.0,0.0,0.0
3,mahalanobis_diag,mean_std_1.0,normalized_union,ratio,2.0,0.9,0.0,0.0,0.0,0.0
3,mahalanobis_diag,mean_std_1.0,normalized_union,inverse_margin,0.0,0.9,0.708,0.928,0.884,0.044
3,mahalanobis_diag,mean_std_1.0,normalized_union,inverse_margin,0.25,0.9,0.006,0.006,0.006,0.0
3,mahalanobis_diag,mean_std_1.0,normalized_union,inverse_margin,0.5,0.9,0.0,0.0,0.0,0.0
3,mahalanobis_diag,mean_std_1.0,normalized_union,inverse_margin,1.0,0.9,0.0,0.0,0.0,0.0
3,mahalanobis_diag,mean_std_1.0,normalized_union,inverse_margin,2.0,0.9,0.0,0.0,0.0,0.0
3,mahalanobis_diag,mean_std_1.0,normalized_union,max_ratio,0.0,0.9,0.708,0.928,0.884,0.044
3,mahalanobis_diag,mean_std_1.0,normalized_union,max_ratio,0.25,0.9,0.708,0.928,0.884,0.044
3,mahalanobis_diag,mean_std_1.0,normalized_union,max_ratio,0.5,0.9,0.708,0.928,0.884,0.044
3,mahalanobis_diag,mean_std_1.0,normalized_union,max_ratio,1.0,0.9,0.736,0.776,0.768,0.008
3,mahalanobis_diag,mean_std_1.0,normalized_union,max_ratio,2.0,0.9,0.0,0.0,0.0,0.0
3,mahalanobis_diag,mean_std_1.5,nearest_sphere,none,0.0,0.9,0.624,0.954,0.888,0.066
3,mahalanobis_diag,mean_std_1.5,nearest_sphere,none,0.25,0.9,0.624,0.954,0.888,0.066
3,mahalanobis_diag,mean_std_1.5,nearest_sphere,none,0.5,0.9,0.624,0.954,0.888,0.066
3,mahalanobis_diag,mean_std_1.5,nearest_sphere,none,1.0,0.9,0.624,0.954,0.888,0.066
3,mahalanobis_diag,mean_std_1.5,nearest_sphere,none,2.0,0.9,0.624,0.954,0.888,0.066
3,mahalanobis_diag,mean_std_1.5,nearest_sphere,ratio,0.0,0.9,0.624,0.954,0.888,0.066
3,mahalanobis_diag,mean_std_1.5,nearest_sphere,ratio,0.25,0.9,0.53,0.59,0.578,0.012
3,mahalanobis_diag,mean_std_1.5,nearest_sphere,ratio,0.5,0.9,0.034,0.034,0.034,0.0
3,mahalanobis_diag,mean_std_1.5,nearest_sphere,ratio,1.0,0.9,0.0,0.0,0.0,0.0
3,mahalanobis_diag,mean_std_1.5,nearest_sphere,ratio,2.0,0.9,0.0,0.0,0.0,0.0
3,mahalanobis_diag,mean_std_1.5,nearest_sphere,inverse_margin,0.0,0.9,0.624,0.954,0.888,0.066
3,mahalanobis_diag,mean_std_1.5,nearest_sphere,inverse_margin,0.25,0.9,0.006,0.006,0.006,0.0
3,mahalanobis_diag,mean_std_1.5,nearest_sphere,inverse_margin,0.5,0.9,0.0,0.0,0.0,0.0
3,mahalanobis_diag,mean_std_1.5,nearest_sphere,inverse_margin,1.0,0.9,0.0,0.0,0.0,0.0
3,mahalanobis_diag,mean_std_1.5,nearest_sphere,inverse_margin,2.0,0.9,0.0,0.0,0.0,0.0
3,mahalanobis_diag,mean_std_1.5,nearest_sphere,max_ratio,0.0,0.9,0.624,0.954,0.888,0.066
3,mahalanobis_diag,mean_std_1.5,nearest_sphere,max_ratio,0.25,0.9,0.624,0.954,0.888,0.066
3,mahalanobis_diag,mean_std_1.5,nearest_sphere,max_ratio,0.5,0.9,0.624,0.954,0.888,0.066
3,mahalanobis_diag,mean_std_1.5,nearest_sphere,max_ratio,1.0,0.9,0.738,0.778,0.77,0.008
3,mahalanobis_diag,mean_std_1.5,nearest_sphere,max_ratio,2.0,0.9,0.0,0.0,0.0,0.0
3,mahalanobis_diag,mean_std_1.5,normalized_union,none,0.0,0.9,0.684,0.954,0.9,0.054
3,mahalanobis_diag,mean_std_1.5,normalized_union,none,0.25,0.9,0.684,0.954,0.9,0.054
3,mahalanobis_diag,mean_std_1.5,normalized_union,none,0.5,0.9,0.684,0.954,0.9,0.054
3,mahalanobis_diag,mean_std_1.5,normalized_union,none,1.0,0.9,0.684,0.954,0.9,0.054
3,mahalanobis_diag,mean_std_1.5,normalized_union,none,2.0,0.9,0.684,0.954,0.9,0.054
3,mahalanobis_diag,mean_std_1.5,normalized_union,ratio,0.0,0.9,0.684,0.954,0.9,0.054
3,mahalanobis_diag,mean_std_1.5,normalized_union,ratio,0.25,0.9,0.53,0.59,0.578,0.012
3,mahalanobis_diag,mean_std_1.5,normalized_union,ratio,0.5,0.9,0.034,0.034,0.034,0.0
3,mahalanobis_diag,mean_std_1.5,normalized_union,ratio,1.0,0.9,0.0,0.0,0.0,0.0
3,mahalanobis_diag,mean_std_1.5,normalized_union,ratio,2.0,0.9,0.0,0.0,0.0,0.0
3,mahalanobis_diag,mean_std_1.5,normalized_union,inverse_margin,0.0,0.9,0.684,0.954,0.9,0.054
3,mahalanobis_diag,mean_std_1.5,normalized_union,inverse_margin,0.25,0.9,0.006,0.006,0.006,0.0
3,mahalanobis_diag,mean_std_1.5,normalized_union,inverse_margin,0.5,0.9,0.0,0.0,0.0,0.0
3,mahalanobis_diag,mean_std_1.5,normalized_union,inverse_margin,1.0,0.9,0.0,0.0,0.0,0.0
3,mahalanobis_diag,mean_std_1.5,normalized_union,inverse_margin,2.0,0.9,0.0,0.0,0.0,0.0
3,mahalanobis_diag,mean_std_1.5,normalized_union,max_ratio,0.0,0.9,0.684,0.954,0.9,0.054
3,mahalanobis_diag,mean_std_1.5,normalized_union,max_ratio,0.25,0.9,0.684,0.954,0.9,0.054
3,mahalanobis_diag,mean_std_1.5,normalized_union,max_ratio,0.5,0.9,0.684,0.954,0.9,0.054
3,mahalanobis_diag,mean_std_1.5,normalized_union,max_ratio,1.0,0.9,0.738,0.778,0.77,0.008
3,mahalanobis_diag,mean_std_1.5,normalized_union,max_ratio,2.0,0.9,0.0,0.0,0.0,0.0
3,mahalanobis_diag,mean_std_2.0,nearest_sphere,none,0.0,0.9,0.628,0.978,0.908,0.07
3,mahalanobis_diag,mean_std_2.0,nearest_sphere,none,0.25,0.9,0.628,0.978,0.908,0.07
3,mahalanobis_diag,mean_std_2.0,nearest_sphere,none,0.5,0.9,0.628,0.978,0.908,0.07
3,mahalanobis_diag,mean_std_2.0,nearest_sphere,none,1.0,0.9,0.628,0.978,0.908,0.07
3,mahalanobis_diag,mean_std_2.0,nearest_sphere,none,2.0,0.9,0.628,0.978,0.908,0.07
3,mahalanobis_diag,mean_std_2.0,nearest_sphere,ratio,0.0,0.9,0.628,0.978,0.908,0.07
3,mahalanobis_diag,mean_std_2.0,nearest_sphere,ratio,0.25,0.9,0.642,0.752,0.73,0.022
3,mahalanobis_diag,mean_std_2.0,nearest_sphere,ratio,0.5,0.9,0.076,0.076,0.076,0.0
3,mahalanobis_diag,mean_std_2.0,nearest_sphere,ratio,1.0,0.9,0.0,0.0,0.0,0.0
3,mahalanobis_diag,mean_std_2.0,nearest_sphere,ratio,2.0,0.9,0.0,0.0,0.0,0.0
3,mahalanobis_diag,mean_std_2.0,nearest_sphere,inverse_margin,0.0,0.9,0.628,0.978,0.908,0.07
3,mahalanobis_diag,mean_std_2.0,nearest_sphere,inverse_margin,0.25,0.9,0.014,0.014,0.014,0.0
3,mahalanobis_diag,mean_std_2.0,nearest_sphere,inverse_margin,0.5,0.9,0.0,0.0,0.0,0.0
3,mahalanobis_diag,mean_std_2.0,nearest_sphere,inverse_margin,1.0,0.9,0.0,0.0,0.0,0.0
3,mahalanobis_diag,mean_std_2.0,nearest_sphere,inverse_margin,2.0,0.9,0.0,0.0,0.0,0.0
3,mahalanobis_diag,mean_std_2.0,nearest_sphere,max_ratio,0.0,0.9,0.628,0.978,0.908,0.07
3,mahalanobis_diag,mean_std_2.0,nearest_sphere,max_ratio,0.25,0.9,0.628,0.978,0.908,0.07
3,mahalanobis_diag,mean_std_2.0,nearest_sphere,max_ratio,0.5,0.9,0.628,0.978,0.908,0.07
3,mahalanobis_diag,mean_std_2.0,nearest_sphere,max_ratio,1.0,0.9,0.738,0.788,0.778,0.01
3,mahalanobis_diag,mean_std_2.0,nearest_sphere,max_ratio,2.0,0.9,0.0,0.0,0.0,0.0
3,mahalanobis_diag,mean_std_2.0,normalized_union,none,0.0,0.9,0.698,0.978,0.922,0.056
3,mahalanobis_diag,mean_std_2.0,normalized_union,none,0.25,0.9,0.698,0.978,0.922,0.056
3,mahalanobis_diag,mean_std_2.0,normalized_union,none,0.5,0.9,0.698,0.978,0.922,0.056
3,mahalanobis_diag,mean_std_2.0,normalized_union,none,1.0,0.9,0.698,0.978,0.922,0.056
3,mahalanobis_diag,mean_std_2.0,normalized_union,none,2.0,0.9,0.698,0.978,0.922,0.056
3,mahalanobis_diag,mean_std_2.0,normalized_union,ratio,0.0,0.9,0.698,0.978,0.922,0.056
3,mahalanobis_diag,mean_std_2.0,normalized_union,ratio,0.25,0.9,0.652,0.752,0.732,0.02
3,mahalanobis_diag,mean_std_2.0,normalized_union,ratio,0.5,0.9,0.076,0.076,0.076,0.0
3,mahalanobis_diag,mean_std_2.0,normalized_union,ratio,1.0,0.9,0.0,0.0,0.0,0.0
3,mahalanobis_diag,mean_std_2.0,normalized_union,ratio,2.0,0.9,0.0,0.0,0.0,0.0
3,mahalanobis_diag,mean_std_2.0,normalized_union,inverse_margin,0.0,0.9,0.698,0.978,0.922,0.056
3,mahalanobis_diag,mean_std_2.0,normalized_union,inverse_margin,0.25,0.9,0.014,0.014,0.014,0.0
3,mahalanobis_diag,mean_std_2.0,normalized_union,inverse_margin,0.5,0.9,0.0,0.0,0.0,0.0
3,mahalanobis_diag,mean_std_2.0,normalized_union,inverse_margin,1.0,0.9,0.0,0.0,0.0,0.0
3,mahalanobis_diag,mean_std_2.0,normalized_union,inverse_margin,2.0,0.9,0.0,0.0,0.0,0.0
3,mahalanobis_diag,mean_std_2.0,normalized_union,max_ratio,0.0,0.9,0.698,0.978,0.922,0.056
3,mahalanobis_diag,mean_std_2.0,normalized_union,max_ratio,0.25,0.9,0.698,0.978,0.922,0.056
3,mahalanobis_diag,mean_std_2.0,normalized_union,max_ratio,0.5,0.9,0.698,0.978,0.922,0.056
3,mahalanobis_diag,mean_std_2.0,normalized_union,max_ratio,1.0,0.9,0.738,0.788,0.778,0.01
3,mahalanobis_diag,mean_std_2.0,normalized_union,max_ratio,2.0,0.9,0.0,0.0,0.0,0.0
3,mahalanobis_diag,mean_std_3.0,nearest_sphere,none,0.0,0.9,0.61,1.0,0.922,0.078
3,mahalanobis_diag,mean_std_3.0,nearest_sphere,none,0.25,0.9,0.61,1.0,0.922,0.078
3,mahalanobis_diag,mean_std_3.0,nearest_sphere,none,0.5,0.9,0.61,1.0,0.922,0.078
3,mahalanobis_diag,mean_std_3.0,nearest_sphere,none,1.0,0.9,0.61,1.0,0.922,0.078
3,mahalanobis_diag,mean_std_3.0,nearest_sphere,none,2.0,0.9,0.61,1.0,0.922,0.078
3,mahalanobis_diag,mean_std_3.0,nearest_sphere,ratio,0.0,0.9,0.61,1.0,0.922,0.078
3,mahalanobis_diag,mean_std_3.0,nearest_sphere,ratio,0.25,0.9,0.682,0.902,0.858,0.044
3,mahalanobis_diag,mean_std_3.0,nearest_sphere,ratio,0.5,0.9,0.248,0.258,0.256,0.002
3,mahalanobis_diag,mean_std_3.0,nearest_sphere,ratio,1.0,0.9,0.0,0.0,0.0,0.0
3,mahalanobis_diag,mean_std_3.0,nearest_sphere,ratio,2.0,0.9,0.0,0.0,0.0,0.0
3,mahalanobis_diag,mean_std_3.0,nearest_sphere,inverse_margin,0.0,0.9,0.61,1.0,0.922,0.078
3,mahalanobis_diag,mean_std_3.0,nearest_sphere,inverse_margin,0.25,0.9,0.016,0.016,0.016,0.0
3,mahalanobis_diag,mean_std_3.0,nearest_sphere,inverse_margin,0.5,0.9,0.0,0.0,0.0,0.0
3,mahalanobis_diag,mean_std_3.0,nearest_sphere,inverse_margin,1.0,0.9,0.0,0.0,0.0,0.0
3,mahalanobis_diag,mean_std_3.0,nearest_sphere,inverse_margin,2.0,0.9,0.0,0.0,0.0,0.0
3,mahalanobis_diag,mean_std_3.0,nearest_sphere,max_ratio,0.0,0.9,0.61,1.0,0.922,0.078
3,mahalanobis_diag,mean_std_3.0,nearest_sphere,max_ratio,0.25,0.9,0.61,1.0,0.922,0.078
3,mahalanobis_diag,mean_std_3.0,nearest_sphere,max_ratio,0.5,0.9,0.61,1.0,0.922,0.078
3,mahalanobis_diag,mean_std_3.0,nearest_sphere,max_ratio,1.0,0.9,0.748,0.798,0.788,0.01
3,mahalanobis_diag,mean_std_3.0,nearest_sphere,max_ratio,2.0,0.9,0.0,0.0,0.0,0.0
3,mahalanobis_diag,mean_std_3.0,normalized_union,none,0.0,0.9,0.72,1.0,0.944,0.056
3,mahalanobis_diag,mean_std_3.0,normalized_union,none,0.25,0.9,0.72,1.0,0.944,0.056
3,mahalanobis_diag,mean_std_3.0,normalized_union,none,0.5,0.9,0.72,1.0,0.944,0.056
3,mahalanobis_diag,mean_std_3.0,normalized_union,none,1.0,0.9,0.72,1.0,0.944,0.056
3,mahalanobis_diag,mean_std_3.0,normalized_union,none,2.0,0.9,0.72,1.0,0.944,0.056
3,mahalanobis_diag,mean_std_3.0,normalized_union,ratio,0.0,0.9,0.72,1.0,0.944,0.056
3,mahalanobis_diag,mean_std_3.0,normalized_union,ratio,0.25,0.9,0.726,0.906,0.87,0.036
3,mahalanobis_diag,mean_std_3.0,normalized_union,ratio,0.5,0.9,0.25,0.26,0.258,0.002
3,mahalanobis_diag,mean_std_3.0,normalized_union,ratio,1.0,0.9,0.0,0.0,0.0,0.0
3,mahalanobis_diag,mean_std_3.0,normalized_union,ratio,2.0,0.9,0.0,0.0,0.0,0.0
3,mahalanobis_diag,mean_std_3.0,normalized_union,inverse_margin,0.0,0.9,0.72,1.0,0.944,0.056
3,mahalanobis_diag,mean_std_3.0,normalized_union,inverse_margin,0.25,0.9,0.016,0.016,0.016,0.0
3,mahalanobis_diag,mean_std_3.0,normalized_union,inverse_margin,0.5,0.9,0.0,0.0,0.0,0.0
3,mahalanobis_diag,mean_std_3.0,normalized_union,inverse_margin,1.0,0.9,0.0,0.0,0.0,0.0
3,mahalanobis_diag,mean_std_3.0,normalized_union,inverse_margin,2.0,0.9,0.0,0.0,0.0,0.0
3,mahalanobis_diag,mean_std_3.0,normalized_union,max_ratio,0.0,0.9,0.72,1.0,0.944,0.056
3,mahalanobis_diag,mean_std_3.0,normalized_union,max_ratio,0.25,0.9,0.72,1.0,0.944,0.056
3,mahalanobis_diag,mean_std_3.0,normalized_union,max_ratio,0.5,0.9,0.72,1.0,0.944,0.056
3,mahalanobis_diag,mean_std_3.0,normalized_union,max_ratio,1.0,0.9,0.748,0.798,0.788,0.01
3,mahalanobis_diag,mean_std_3.0,normalized_union,max_ratio,2.0,0.9,0.0,0.0,0.0,0.0
3,mahalanobis_diag,center_quantile_0.5,nearest_sphere,none,0.0,0.9,0.152,0.172,0.168,0.004
3,mahalanobis_diag,center_quantile_0.5,nearest_sphere,none,0.25,0.9,0.152,0.172,0.168,0.004
3,mahalanobis_diag,center_quantile_0.5,nearest_sphere,none,0.5,0.9,0.152,0.172,0.168,0.004
3,mahalanobis_diag,center_quantile_0.5,nearest_sphere,none,1.0,0.9,0.152,0.172,0.168,0.004
3,mahalanobis_diag,center_quantile_0.5,nearest_sphere,none,2.0,0.9,0.152,0.172,0.168,0.004
3,mahalanobis_diag,center_quantile_0.5,nearest_sphere,ratio,0.0,0.9,0.152,0.172,0.168,0.004
3,mahalanobis_diag,center_quantile_0.5,nearest_sphere,ratio,0.25,0.9,0.0,0.0,0.0,0.0
3,mahalanobis_diag,center_quantile_0.5,nearest_sphere,ratio,0.5,0.9,0.0,0.0,0.0,0.0
3,mahalanobis_diag,center_quantile_0.5,nearest_sphere,ratio,1.0,0.9,0.0,0.0,0.0,0.0
3,mahalanobis_diag,center_quantile_0.5,nearest_sphere,ratio,2.0,0.9,0.0,0.0,0.0,0.0
3,mahalanobis_diag,center_quantile_0.5,nearest_sphere,inverse_margin,0.0,0.9,0.152,0.172,0.168,0.004
3,mahalanobis_diag,center_quantile_0.5,nearest_sphere,inverse_margin,0.25,0.9,0.0,0.0,0.0,0.0
3,mahalanobis_diag,center_quantile_0.5,nearest_sphere,inverse_margin,0.5,0.9,0.0,0.0,0.0,0.0
3,mahalanobis_diag,center_quantile_0.5,nearest_sphere,inverse_margin,1.0,0.9,0.0,0.0,0.0,0.0
3,mahalanobis_diag,center_quantile_0.5,nearest_sphere,inverse_margin,2.0,0.9,0.0,0.0,0.0,0.0
3,mahalanobis_diag,center_quantile_0.5,nearest_sphere,max_ratio,0.0,0.9,0.152,0.172,0.168,0.004
3,mahalanobis_diag,center_quantile_0.5,nearest_sphere,max_ratio,0.25,0.9,0.152,0.172,0.168,0.004
3,mahalanobis_diag,center_quantile_0.5,nearest_sphere,max_ratio,0.5,0.9,0.152,0.172,0.168,0.004
3,mahalanobis_diag,center_quantile_0.5,nearest_sphere,max_ratio,1.0,0.9,0.146,0.166,0.162,0.004
3,mahalanobis_diag,center_quantile_0.5,nearest_sphere,max_ratio,2.0,0.9,0.0,0.0,0.0,0.0
3,mahalanobis_diag,center_quantile_0.5,normalized_union,none,0.0,0.9,0.172,0.192,0.188,0.004
3,mahalanobis_diag,center_quantile_0.5,normalized_union,none,0.25,0.9,0.172,0.192,0.188,0.004
3,mahalanobis_diag,center_quantile_0.5,normalized_union,none,0.5,0.9,0.172,0.192,0.188,0.004
3,mahalanobis_diag,center_quantile_0.5,normalized_union,none,1.0,0.9,0.172,0.192,0.188,0.004
3,mahalanobis_diag,center_quantile_0.5,normalized_union,none,2.0,0.9,0.172,0.192,0.188,0.004
3,mahalanobis_diag,center_quantile_0.5,normalized_union,ratio,0.0,0.9,0.172,0.192,0.188,0.004
3,mahalanobis_diag,center_quantile_0.5,normalized_union,ratio,0.25,0.9,0.0,0.0,0.0,0.0
3,mahalanobis_diag,center_quantile_0.5,normalized_union,ratio,0.5,0.9,0.0,0.0,0.0,0.0
3,mahalanobis_diag,center_quantile_0.5,normalized_union,ratio,1.0,0.9,0.0,0.0,0.0,0.0
3,mahalanobis_diag,center_quantile_0.5,normalized_union,ratio,2.0,0.9,0.0,0.0,0.0,0.0
3,mahalanobis_diag,center_quantile_0.5,normalized_union,inverse_margin,0.0,0.9,0.172,0.192,0.188,0.004
3,mahalanobis_diag,center_quantile_0.5,normalized_union,inverse_margin,0.25,0.9,0.0,0.0,0.0,0.0
3,mahalanobis_diag,center_quantile_0.5,normalized_union,inverse_margin,0.5,0.9,0.0,0.0,0.0,0.0
3,mahalanobis_diag,center_quantile_0.5,normalized_union,inverse_margin,1.0,0.9,0.0,0.0,0.0,0.0
3,mahalanobis_diag,center_quantile_0.5,normalized_union,inverse_margin,2.0,0.9,0.0,0.0,0.0,0.0
3,mahalanobis_diag,center_quantile_0.5,normalized_union,max_ratio,0.0,0.9,0.172,0.192,0.188,0.004
3,mahalanobis_diag,center_quantile_0.5,normalized_union,max_ratio,0.25,0.9,0.172,0.192,0.188,0.004
3,mahalanobis_diag,center_quantile_0.5,normalized_union,max_ratio,0.5,0.9,0.172,0.192,0.188,0.004
3,mahalanobis_diag,center_quantile_0.5,normalized_union,max_ratio,1.0,0.9,0.162,0.182,0.178,0.004
3,mahalanobis_diag,center_quantile_0.5,normalized_union,max_ratio,2.0,0.9,0.0,0.0,0.0,0.0
3,mahalanobis_diag,intent_quantile_0.5,nearest_sphere,none,0.0,0.9,0.156,0.166,0.164,0.002
3,mahalanobis_diag,intent_quantile_0.5,nearest_sphere,none,0.25,0.9,0.156,0.166,0.164,0.002
3,mahalanobis_diag,intent_quantile_0.5,nearest_sphere,none,0.5,0.9,0.156,0.166,0.164,0.002
3,mahalanobis_diag,intent_quantile_0.5,nearest_sphere,none,1.0,0.9,0.156,0.166,0.164,0.002
3,mahalanobis_diag,intent_quantile_0.5,nearest_sphere,none,2.0,0.9,0.156,0.166,0.164,0.002
3,mahalanobis_diag,intent_quantile_0.5,nearest_sphere,ratio,0.0,0.9,0.156,0.166,0.164,0.002
3,mahalanobis_diag,intent_quantile_0.5,nearest_sphere,ratio,0.25,0.9,0.006,0.006,0.006,0.0
3,mahalanobis_diag,intent_quantile_0.5,nearest_sphere,ratio,0.5,0.9,0.0,0.0,0.0,0.0
3,mahalanobis_diag,intent_quantile_0.5,nearest_sphere,ratio,1.0,0.9,0.0,0.0,0.0,0.0
3,mahalanobis_diag,intent_quantile_0.5,nearest_sphere,ratio,2.0,0.9,0.0,0.0,0.0,0.0
3,mahalanobis_diag,intent_quantile_0.5,nearest_sphere,inverse_margin,0.0,0.9,0.156,0.166,0.164,0.002
3,mahalanobis_diag,intent_quantile_0.5,nearest_sphere,inverse_margin,0.25,0.9,0.0,0.0,0.0,0.0
3,mahalanobis_diag,intent_quantile_0.5,nearest_sphere,inverse_margin,0.5,0.9,0.0,0.0,0.0,0.0
3,mahalanobis_diag,intent_quantile_0.5,nearest_sphere,inverse_margin,1.0,0.9,0.0,0.0,0.0,0.0
3,mahalanobis_diag,intent_quantile_0.5,nearest_sphere,inverse_margin,2.0,0.9,0.0,0.0,0.0,0.0
3,mahalanobis_diag,intent_quantile_0.5,nearest_sphere,max_ratio,0.0,0.9,0.156,0.166,0.164,0.002
3,mahalanobis_diag,intent_quantile_0.5,nearest_sphere,max_ratio,0.25,0.9,0.156,0.166,0.164,0.002
3,mahalanobis_diag,intent_quantile_0.5,nearest_sphere,max_ratio,0.5,0.9,0.156,0.166,0.164,0.002
3,mahalanobis_diag,intent_quantile_0.5,nearest_sphere,max_ratio,1.0,0.9,0.15,0.16,0.158,0.002
3,mahalanobis_diag,intent_quantile_0.5,nearest_sphere,max_ratio,2.0,0.9,0.0,0.0,0.0,0.0
3,mahalanobis_diag,intent_quantile_0.5,normalized_union,none,0.0,0.9,0.156,0.166,0.164,0.002
3,mahalanobis_diag,intent_quantile_0.5,normalized_union,none,0.25,0.9,0.156,0.166,0.164,0.002
3,mahalanobis_diag,intent_quantile_0.5,normalized_union,none,0.5,0.9,0.156,0.166,0.164,0.002
3,mahalanobis_diag,intent_quantile_0.5,normalized_union,none,1.0,0.9,0.156,0.166,0.164,0.002
3,mahalanobis_diag,intent_quantile_0.5,normalized_union,none,2.0,0.9,0.156,0.166,0.164,0.002
3,mahalanobis_diag,intent_quantile_0.5,normalized_union,ratio,0.0,0.9,0.156,0.166,0.164,0.002
3,mahalanobis_diag,intent_quantile_0.5,normalized_union,ratio,0.25,0.9,0.006,0.006,0.006,0.0
3,mahalanobis_diag,intent_quantile_0.5,normalized_union,ratio,0.5,0.9,0.0,0.0,0.0,0.0
3,mahalanobis_diag,intent_quantile_0.5,normalized_union,ratio,1.0,0.9,0.0,0.0,0.0,0.0
3,mahalanobis_diag,intent_quantile_0.5,normalized_union,ratio,2.0,0.9,0.0,0.0,0.0,0.0
3,mahalanobis_diag,intent_quantile_0.5,normalized_union,inverse_margin,0.0,0.9,0.156,0.166,0.164,0.002
3,mahalanobis_diag,intent_quantile_0.5,normalized_union,inverse_margin,0.25,0.9,0.0,0.0,0.0,0.0
3,mahalanobis_diag,intent_quantile_0.5,normalized_union,inverse_margin,0.5,0.9,0.0,0.0,0.0,0.0
3,mahalanobis_diag,intent_quantile_0.5,normalized_union,inverse_margin,1.0,0.9,0.0,0.0,0.0,0.0
3,mahalanobis_diag,intent_quantile_0.5,normalized_union,inverse_margin,2.0,0.9,0.0,0.0,0.0,0.0
3,mahalanobis_diag,intent_quantile_0.5,normalized_union,max_ratio,0.0,0.9,0.156,0.166,0.164,0.002
3,mahalanobis_diag,intent_quantile_0.5,normalized_union,max_ratio,0.25,0.9,0.156,0.166,0.164,0.002
3,mahalanobis_diag,intent_quantile_0.5,normalized_union,max_ratio,0.5,0.9,0.156,0.166,0.164,0.002
3,mahalanobis_diag,intent_quantile_0.5,normalized_union,max_ratio,1.0,0.9,0.15,0.16,0.158,0.002
3,mahalanobis_diag,intent_quantile_0.5,normalized_union,max_ratio,2.0,0.9,0.0,0.0,0.0,0.0
3,mahalanobis_diag,center_quantile_0.7,nearest_sphere,none,0.0,0.9,0.262,0.312,0.302,0.01
3,mahalanobis_diag,center_quantile_0.7,nearest_sphere,none,0.25,0.9,0.262,0.312,0.302,0.01
3,mahalanobis_diag,center_quantile_0.7,nearest_sphere,none,0.5,0.9,0.262,0.312,0.302,0.01
3,mahalanobis_diag,center_quantile_0.7,nearest_sphere,none,1.0,0.9,0.262,0.312,0.302,0.01
3,mahalanobis_diag,center_quantile_0.7,nearest_sphere,none,2.0,0.9,0.262,0.312,0.302,0.01
3,mahalanobis_diag,center_quantile_0.7,nearest_sphere,ratio,0.0,0.9,0.262,0.312,0.302,0.01
3,mahalanobis_diag,center_quantile_0.7,nearest_sphere,ratio,0.25,0.9,0.006,0.006,0.006,0.0
3,mahalanobis_diag,center_quantile_0.7,nearest_sphere,ratio,0.5,0.9,0.0,0.0,0.0,0.0
3,mahalanobis_diag,center_quantile_0.7,nearest_sphere,ratio,1.0,0.9,0.0,0.0,0.0,0.0
3,mahalanobis_diag,center_quantile_0.7,nearest_sphere,ratio,2.0,0.9,0.0,0.0,0.0,0.0
3,mahalanobis_diag,center_quantile_0.7,nearest_sphere,inverse_margin,0.0,0.9,0.262,0.312,0.302,0.01
3,mahalanobis_diag,center_quantile_0.7,nearest_sphere,inverse_margin,0.25,0.9,0.0,0.0,0.0,0.0
3,mahalanobis_diag,center_quantile_0.7,nearest_sphere,inverse_margin,0.5,0.9,0.0,0.0,0.0,0.0
3,mahalanobis_diag,center_quantile_0.7,nearest_sphere,inverse_margin,1.0,0.9,0.0,0.0,0.0,0.0
3,mahalanobis_diag,center_quantile_0.7,nearest_sphere,inverse_margin,2.0,0.9,0.0,0.0,0.0,0.0
3,mahalanobis_diag,center_quantile_0.7,nearest_sphere,max_ratio,0.0,0.9,0.262,0.312,0.302,0.01
3,mahalanobis_diag,center_quantile_0.7,nearest_sphere,max_ratio,0.25,0.9,0.262,0.312,0.302,0.01
3,mahalanobis_diag,center_quantile_0.7,nearest_sphere,max_ratio,0.5,0.9,0.262,0.312,0.302,0.01
3,mahalanobis_diag,center_quantile_0.7,nearest_sphere,max_ratio,1.0,0.9,0.254,0.284,0.278,0.006
3,mahalanobis_diag,center_quantile_0.7,nearest_sphere,max_ratio,2.0,0.9,0.0,0.0,0.0,0.0
3,mahalanobis_diag,center_quantile_0.7,normalized_union,none,0.0,0.9,0.306,0.346,0.338,0.008
3,mahalanobis_diag,center_quantile_0.7,normalized_union,none,0.25,0.9,0.306,0.346,0.338,0.008
3,mahalanobis_diag,center_quantile_0.7,normalized_union,none,0.5,0.9,0.306,0.346,0.338,0.008
3,mahalanobis_diag,center_quantile_0.7,normalized_union,none,1.0,0.9,0.306,0.346,0.338,0.008
3,mahalanobis_diag,center_quantile_0.7,normalized_union,none,2.0,0.9,0.306,0.346,0.338,0.008
3,mahalanobis_diag,center_quantile_0.7,normalized_union,ratio,0.0,0.9,0.306,0.346,0.338,0.008
3,mahalanobis_diag,center_quantile_0.7,normalized_union,ratio,0.25,0.9,0.008,0.008,0.008,0.0
3,mahalanobis_diag,center_quantile_0.7,normalized_union,ratio,0.5,0.9,0.0,0.0,0.0,0.0
3,mahalanobis_diag,center_quantile_0.7,normalized_union,ratio,1.0,0.9,0.0,0.0,0.0,0.0
3,mahalanobis_diag,center_quantile_0.7,normalized_union,ratio,2.0,0.9,0.0,0.0,0.0,0.0
3,mahalanobis_diag,center_quantile_0.7,normalized_union,inverse_margin,0.0,0.9,0.306,0.346,0.338,0.008
3,mahalanobis_diag,center_quantile_0.7,normalized_union,inverse_margin,0.25,0.9,0.0,0.0,0.0,0.0
3,mahalanobis_diag,center_quantile_0.7,normalized_union,inverse_margin,0.5,0.9,0.0,0.0,0.0,0.0
3,mahalanobis_diag,center_quantile_0.7,normalized_union,inverse_margin,1.0,0.9,0.0,0.0,0.0,0.0
3,mahalanobis_diag,center_quantile_0.7,normalized_union,inverse_margin,2.0,0.9,0.0,0.0,0.0,0.0
3,mahalanobis_diag,center_quantile_0.7,normalized_union,max_ratio,0.0,0.9,0.306,0.346,0.338,0.008
3,mahalanobis_diag,center_quantile_0.7,normalized_union,max_ratio,0.25,0.9,0.306,0.346,0.338,0.008
3,mahalanobis_diag,center_quantile_0.7,normalized_union,max_ratio,0.5,0.9,0.306,0.346,0.338,0.008
3,mahalanobis_diag,center_quantile_0.7,normalized_union,max_ratio,1.0,0.9,0.284,0.314,0.308,0.006
3,mahalanobis_diag,center_quantile_0.7,normalized_union,max_ratio,2.0,0.9,0.0,0.0,0.0,0.0
3,mahalanobis_diag,intent_quantile_0.7,nearest_sphere,none,0.0,0.9,0.286,0.326,0.318,0.008
3,mahalanobis_diag,intent_quantile_0.7,nearest_sphere,none,0.25,0.9,0.286,0.326,0.318,0.008
3,mahalanobis_diag,intent_quantile_0.7,nearest_sphere,none,0.5,0.9,0.286,0.326,0.318,0.008
3,mahalanobis_diag,intent_quantile_0.7,nearest_sphere,none,1.0,0.9,0.286,0.326,0.318,0.008
3,mahalanobis_diag,intent_quantile_0.7,nearest_sphere,none,2.0,0.9,0.286,0.326,0.318,0.008
3,mahalanobis_diag,intent_quantile_0.7,nearest_sphere,ratio,0.0,0.9,0.286,0.326,0.318,0.008
3,mahalanobis_diag,intent_quantile_0.7,nearest_sphere,ratio,0.25,0.9,0.014,0.014,0.014,0.0
3,mahalanobis_diag,intent_quantile_0.7,nearest_sphere,ratio,0.5,0.9,0.0,0.0,0.0,0.0
3,mahalanobis_diag,intent_quantile_0.7,nearest_sphere,ratio,1.0,0.9,0.0,0.0,0.0,0.0
3,mahalanobis_diag,intent_quantile_0.7,nearest_sphere,ratio,2.0,0.9,0.0,0.0,0.0,0.0
3,mahalanobis_diag,intent_quantile_0.7,nearest_sphere,inverse_margin,0.0,0.9,0.286,0.326,0.318,0.008
3,mahalanobis_diag,intent_quantile_0.7,nearest_sphere,inverse_margin,0.25,0.9,0.0,0.0,0.0,0.0
3,mahalanobis_diag,intent_quantile_0.7,nearest_sphere,inverse_margin,0.5,0.9,0.0,0.0,0.0,0.0
3,mahalanobis_diag,intent_quantile_0.7,nearest_sphere,inverse_margin,1.0,0.9,0.0,0.0,0.0,0.0
3,mahalanobis_diag,intent_quantile_0.7,nearest_sphere,inverse_margin,2.0,0.9,0.0,0.0,0.0,0.0
3,mahalanobis_diag,intent_quantile_0.7,nearest_sphere,max_ratio,0.0,0.9,0.286,0.326,0.318,0.008
3,mahalanobis_diag,intent_quantile_0.7,nearest_sphere,max_ratio,0.25,0.9,0.286,0.326,0.318,0.008
3,mahalanobis_diag,intent_quantile_0.7,nearest_sphere,max_ratio,0.5,0.9,0.286,0.326,0.318,0.008
3,mahalanobis_diag,intent_quantile_0.7,nearest_sphere,max_ratio,1.0,0.9,0.278,0.308,0.302,0.006
3,mahalanobis_diag,intent_quantile_0.7,nearest_sphere,max_ratio,2.0,0.9,0.0,0.0,0.0,0.0
3,mahalanobis_diag,intent_quantile_0.7,normalized_union,none,0.0,0.9,0.286,0.326,0.318,0.008
3,mahalanobis_diag,intent_quantile_0.7,normalized_union,none,0.25,0.9,0.286,0.326,0.318,0.008
3,mahalanobis_diag,intent_quantile_0.7,normalized_union,none,0.5,0.9,0.286,0.326,0.318,0.008
3,mahalanobis_diag,intent_quantile_0.7,normalized_union,none,1.0,0.9,0.286,0.326,0.318,0.008
3,mahalanobis_diag,intent_quantile_0.7,normalized_union,none,2.0,0.9,0.286,0.326,0.318,0.008
3,mahalanobis_diag,intent_quantile_0.7,normalized_union,ratio,0.0,0.9,0.286,0.326,0.318,0.008
3,mahalanobis_diag,intent_quantile_0.7,normalized_union,ratio,0.25,0.9,0.014,0.014,0.014,0.0
3,mahalanobis_diag,intent_quantile_0.7,normalized_union,ratio,0.5,0.9,0.0,0.0,0.0,0.0
3,mahalanobis_diag,intent_quantile_0.7,normalized_union,ratio,1.0,0.9,0.0,0.0,0.0,0.0
3,mahalanobis_diag,intent_quantile_0.7,normalized_union,ratio,2.0,0.9,0.0,0.0,0.0,0.0
3,mahalanobis_diag,intent_quantile_0.7,normalized_union,inverse_margin,0.0,0.9,0.286,0.326,0.318,0.008
3,mahalanobis_diag,intent_quantile_0.7,normalized_union,inverse_margin,0.25,0.9,0.0,0.0,0.0,0.0
3,mahalanobis_diag,intent_quantile_0.7,normalized_union,inverse_margin,0.5,0.9,0.0,0.0,0.0,0.0
3,mahalanobis_diag,intent_quantile_0.7,normalized_union,inverse_margin,1.0,0.9,0.0,0.0,0.0,0.0
3,mahalanobis_diag,intent_quantile_0.7,normalized_union,inverse_margin,2.0,0.9,0.0,0.0,0.0,0.0
3,mahalanobis_diag,intent_quantile_0.7,normalized_union,max_ratio,0.0,0.9,0.286,0.326,0.318,0.008
3,mahalanobis_diag,intent_quantile_0.7,normalized_union,max_ratio,0.25,0.9,0.286,0.326,0.318,0.008
3,mahalanobis_diag,intent_quantile_0.7,normalized_union,max_ratio,0.5,0.9,0.286,0.326,0.318,0.008
3,mahalanobis_diag,intent_quantile_0.7,normalized_union,max_ratio,1.0,0.9,0.278,0.308,0.302,0.006
3,mahalanobis_diag,intent_quantile_0.7,normalized_union,max_ratio,2.0,0.9,0.0,0.0,0.0,0.0
3,mahalanobis_diag,center_quantile_0.8,nearest_sphere,none,0.0,0.9,0.378,0.448,0.434,0.014
3,mahalanobis_diag,center_quantile_0.8,nearest_sphere,none,0.25,0.9,0.378,0.448,0.434,0.014
3,mahalanobis_diag,center_quantile_0.8,nearest_sphere,none,0.5,0.9,0.378,0.448,0.434,0.014
3,mahalanobis_diag,center_quantile_0.8,nearest_sphere,none,1.0,0.9,0.378,0.448,0.434,0.014
3,mahalanobis_diag,center_quantile_0.8,nearest_sphere,none,2.0,0.9,0.378,0.448,0.434,0.014
3,mahalanobis_diag,center_quantile_0.8,nearest_sphere,ratio,0.0,0.9,0.378,0.448,0.434,0.014
3,mahalanobis_diag,center_quantile_0.8,nearest_sphere,ratio,0.25,0.9,0.014,0.014,0.014,0.0
3,mahalanobis_diag,center_quantile_0.8,nearest_sphere,ratio,0.5,0.9,0.0,0.0,0.0,0.0
3,mahalanobis_diag,center_quantile_0.8,nearest_sphere,ratio,1.0,0.9,0.0,0.0,0.0,0.0
3,mahalanobis_diag,center_quantile_0.8,nearest_sphere,ratio,2.0,0.9,0.0,0.0,0.0,0.0
3,mahalanobis_diag,center_quantile_0.8,nearest_sphere,inverse_margin,0.0,0.9,0.378,0.448,0.434,0.014
3,mahalanobis_diag,center_quantile_0.8,nearest_sphere,inverse_margin,0.25,0.9,0.0,0.0,0.0,0.0
3,mahalanobis_diag,center_quantile_0.8,nearest_sphere,inverse_margin,0.5,0.9,0.0,0.0,0.0,0.0
3,mahalanobis_diag,center_quantile_0.8,nearest_sphere,inverse_margin,1.0,0.9,0.0,0.0,0.0,0.0
3,mahalanobis_diag,center_quantile_0.8,nearest_sphere,inverse_margin,2.0,0.9,0.0,0.0,0.0,0.0
3,mahalanobis_diag,center_quantile_0.8,nearest_sphere,max_ratio,0.0,0.9,0.378,0.448,0.434,0.014
3,mahalanobis_diag,center_quantile_0.8,nearest_sphere,max_ratio,0.25,0.9,0.378,0.448,0.434,0.014
3,mahalanobis_diag,center_quantile_0.8,nearest_sphere,max_ratio,0.5,0.9,0.378,0.448,0.434,0.014
3,mahalanobis_diag,center_quantile_0.8,nearest_sphere,max_ratio,1.0,0.9,0.374,0.404,0.398,0.006
3,mahalanobis_diag,center_quantile_0.8,nearest_sphere,max_ratio,2.0,0.9,0.0,0.0,0.0,0.0
3,mahalanobis_diag,center_quantile_0.8,normalized_union,none,0.0,0.9,0.426,0.496,0.482,0.014
3,mahalanobis_diag,center_quantile_0.8,normalized_union,none,0.25,0.9,0.426,0.496,0.482,0.014
3,mahalanobis_diag,center_quantile_0.8,normalized_union,none,0.5,0.9,0.426,0.496,0.482,0.014
3,mahalanobis_diag,center_quantile_0.8,normalized_union,none,1.0,0.9,0.426,0.496,0.482,0.014
3,mahalanobis_diag,center_quantile_0.8,normalized_union,none,2.0,0.9,0.426,0.496,0.482,0.014
3,mahalanobis_diag,center_quantile_0.8,normalized_union,ratio,0.0,0.9,0.426,0.496,0.482,0.014
3,mahalanobis_diag,center_quantile_0.8,normalized_union,ratio,0.25,0.9,0.018,0.018,0.018,0.0
3,mahalanobis_diag,center_quantile_0.8,normalized_union,ratio,0.5,0.9,0.0,0.0,0.0,0.0
3,mahalanobis_diag,center_quantile_0.8,normalized_union,ratio,1.0,0.9,0.0,0.0,0.0,0.0
3,mahalanobis_diag,center_quantile_0.8,normalized_union,ratio,2.0,0.9,0.0,0.0,0.0,0.0
3,mahalanobis_diag,center_quantile_0.8,normalized_union,inverse_margin,0.0,0.9,0.426,0.496,0.482,0.014
3,mahalanobis_diag,center_quantile_0.8,normalized_union,inverse_margin,0.25,0.9,0.0,0.0,0.0,0.0
3,mahalanobis_diag,center_quantile_0.8,normalized_union,inverse_margin,0.5,0.9,0.0,0.0,0.0,0.0
3,mahalanobis_diag,center_quantile_0.8,normalized_union,inverse_margin,1.0,0.9,0.0,0.0,0.0,0.0
3,mahalanobis_diag,center_quantile_0.8,normalized_union,inverse_margin,2.0,0.9,0.0,0.0,0.0,0.0
3,mahalanobis_diag,center_quantile_0.8,normalized_union,max_ratio,0.0,0.9,0.426,0.496,0.482,0.014
3,mahalanobis_diag,center_quantile_0.8,normalized_union,max_ratio,0.25,0.9,0.426,0.496,0.482,0.014
3,mahalanobis_diag,center_quantile_0.8,normalized_union,max_ratio,0.5,0.9,0.426,0.496,0.482,0.014
3,mahalanobis_diag,center_quantile_0.8,normalized_union,max_ratio,1.0,0.9,0.412,0.442,0.436,0.006
3,mahalanobis_diag,center_quantile_0.8,normalized_union,max_ratio,2.0,0.9,0.0,0.0,0.0,0.0
3,mahalanobis_diag,intent_quantile_0.8,nearest_sphere,none,0.0,0.9,0.394,0.464,0.45,0.014
3,mahalanobis_diag,intent_quantile_0.8,nearest_sphere,none,0.25,0.9,0.394,0.464,0.45,0.014
3,mahalanobis_diag,intent_quantile_0.8,nearest_sphere,none,0.5,0.9,0.394,0.464,0.45,0.014
3,mahalanobis_diag,intent_quantile_0.8,nearest_sphere,none,1.0,0.9,0.394,0.464,0.45,0.014
3,mahalanobis_diag,intent_quantile_0.8,nearest_sphere,none,2.0,0.9,0.394,0.464,0.45,0.014
3,mahalanobis_diag,intent_quantile_0.8,nearest_sphere,ratio,0.0,0.9,0.394,0.464,0.45,0.014
3,mahalanobis_diag,intent_quantile_0.8,nearest_sphere,ratio,0.25,0.9,0.02,0.02,0.02,0.0
3,mahalanobis_diag,intent_quantile_0.8,nearest_sphere,ratio,0.5,0.9,0.002,0.002,0.002,0.0
3,mahalanobis_diag,intent_quantile_0.8,nearest_sphere,ratio,1.0,0.9,0.0,0.0,0.0,0.0
3,mahalanobis_diag,intent_quantile_0.8,nearest_sphere,ratio,2.0,0.9,0.0,0.0,0.0,0.0
3,mahalanobis_diag,intent_quantile_0.8,nearest_sphere,inverse_margin,0.0,0.9,0.394,0.464,0.45,0.014
3,mahalanobis_diag,intent_quantile_0.8,nearest_sphere,inverse_margin,0.25,0.9,0.0,0.0,0.0,0.0
3,mahalanobis_diag,intent_quantile_0.8,nearest_sphere,inverse_margin,0.5,0.9,0.0,0.0,0.0,0.0
3,mahalanobis_diag,intent_quantile_0.8,nearest_sphere,inverse_margin,1.0,0.9,0.0,0.0,0.0,0.0
3,mahalanobis_diag,intent_quantile_0.8,nearest_sphere,inverse_margin,2.0,0.9,0.0,0.0,0.0,0.0
3,mahalanobis_diag,intent_quantile_0.8,nearest_sphere,max_ratio,0.0,0.9,0.394,0.464,0.45,0.014
3,mahalanobis_diag,intent_quantile_0.8,nearest_sphere,max_ratio,0.25,0.9,0.394,0.464,0.45,0.014
3,mahalanobis_diag,intent_quantile_0.8,nearest_sphere,max_ratio,0.5,0.9,0.394,0.464,0.45,0.014
3,mahalanobis_diag,intent_quantile_0.8,nearest_sphere,max_ratio,1.0,0.9,0.398,0.428,0.422,0.006
3,mahalanobis_diag,intent_quantile_0.8,nearest_sphere,max_ratio,2.0,0.9,0.0,0.0,0.0,0.0
3,mahalanobis_diag,intent_quantile_0.8,normalized_union,none,0.0,0.9,0.394,0.464,0.45,0.014
3,mahalanobis_diag,intent_quantile_0.8,normalized_union,none,0.25,0.9,0.394,0.464,0.45,0.014
3,mahalanobis_diag,intent_quantile_0.8,normalized_union,none,0.5,0.9,0.394,0.464,0.45,0.014
3,mahalanobis_diag,intent_quantile_0.8,normalized_union,none,1.0,0.9,0.394,0.464,0.45,0.014
3,mahalanobis_diag,intent_quantile_0.8,normalized_union,none,2.0,0.9,0.394,0.464,0.45,0.014
3,mahalanobis_diag,intent_quantile_0.8,normalized_union,ratio,0.0,0.9,0.394,0.464,0.45,0.014
3,mahalanobis_diag,intent_quantile_0.8,normalized_union,ratio,0.25,0.9,0.02,0.02,0.02,0.0
3,mahalanobis_diag,intent_quantile_0.8,normalized_union,ratio,0.5,0.9,0.002,0.002,0.002,0.0
3,mahalanobis_diag,intent_quantile_0.8,normalized_union,ratio,1.0,0.9,0.0,0.0,0.0,0.0
3,mahalanobis_diag,intent_quantile_0.8,normalized_union,ratio,2.0,0.9,0.0,0.0,0.0,0.0
3,mahalanobis_diag,intent_quantile_0.8,normalized_union,inverse_margin,0.0,0.9,0.394,0.464,0.45,0.014
3,mahalanobis_diag,intent_quantile_0.8,normalized_union,inverse_margin,0.25,0.9,0.0,0.0,0.0,0.0
3,mahalanobis_diag,intent_quantile_0.8,normalized_union,inverse_margin,0.5,0.9,0.0,0.0,0.0,0.0
3,mahalanobis_diag,intent_quantile_0.8,normalized_union,inverse_margin,1.0,0.9,0.0,0.0,0.0,0.0
3,mahalanobis_diag,intent_quantile_0.8,normalized_union,inverse_margin,2.0,0.9,0.0,0.0,0.0,0.0
3,mahalanobis_diag,intent_quantile_0.8,normalized_union,max_ratio,0.0,0.9,0.394,0.464,0.45,0.014
3,mahalanobis_diag,intent_quantile_0.8,normalized_union,max_ratio,0.25,0.9,0.394,0.464,0.45,0.014
3,mahalanobis_diag,intent_quantile_0.8,normalized_union,max_ratio,0.5,0.9,0.394,0.464,0.45,0.014
3,mahalanobis_diag,intent_quantile_0.8,normalized_union,max_ratio,1.0,0.9,0.398,0.428,0.422,0.006
3,mahalanobis_diag,intent_quantile_0.8,normalized_union,max_ratio,2.0,0.9,0.0,0.0,0.0,0.0
3,mahalanobis_diag,center_quantile_0.9,nearest_sphere,none,0.0,0.9,0.54,0.66,0.636,0.024
3,mahalanobis_diag,center_quantile_0.9,nearest_sphere,none,0.25,0.9,0.54,0.66,0.636,0.024
3,mahalanobis_diag,center_quantile_0.9,nearest_sphere,none,0.5,0.9,0.54,0.66,0.636,0.024
3,mahalanobis_diag,center_quantile_0.9,nearest_sphere,none,1.0,0.9,0.54,0.66,0.636,0.024
3,mahalanobis_diag,center_quantile_0.9,nearest_sphere,none,2.0,0.9,0.54,0.66,0.636,0.024
3,mahalanobis_diag,center_quantile_0.9,nearest_sphere,ratio,0.0,0.9,0.54,0.66,0.636,0.024
3,mahalanobis_diag,center_quantile_0.9,nearest_sphere,ratio,0.25,0.9,0.08,0.08,0.08,0.0
3,mahalanobis_diag,center_quantile_0.9,nearest_sphere,ratio,0.5,0.9,0.0,0.0,0.0,0.0
3,mahalanobis_diag,center_quantile_0.9,nearest_sphere,ratio,1.0,0.9,0.0,0.0,0.0,0.0
3,mahalanobis_diag,center_quantile_0.9,nearest_sphere,ratio,2.0,0.9,0.0,0.0,0.0,0.0
3,mahalanobis_diag,center_quantile_0.9,nearest_sphere,inverse_margin,0.0,0.9,0.54,0.66,0.636,0.024
3,mahalanobis_diag,center_quantile_0.9,nearest_sphere,inverse_margin,0.25,0.9,0.0,0.0,0.0,0.0
3,mahalanobis_diag,center_quantile_0.9,nearest_sphere,inverse_margin,0.5,0.9,0.0,0.0,0.0,0.0
3,mahalanobis_diag,center_quantile_0.9,nearest_sphere,inverse_margin,1.0,0.9,0.0,0.0,0.0,0.0
3,mahalanobis_diag,center_quantile_0.9,nearest_sphere,inverse_margin,2.0,0.9,0.0,0.0,0.0,0.0
3,mahalanobis_diag,center_quantile_0.9,nearest_sphere,max_ratio,0.0,0.9,0.54,0.66,0.636,0.024
3,mahalanobis_diag,center_quantile_0.9,nearest_sphere,max_ratio,0.25,0.9,0.54,0.66,0.636,0.024
3,mahalanobis_diag,center_quantile_0.9,nearest_sphere,max_ratio,0.5,0.9,0.54,0.66,0.636,0.024
3,mahalanobis_diag,center_quantile_0.9,nearest_sphere,max_ratio,1.0,0.9,0.54,0.57,0.564,0.006
3,mahalanobis_diag,center_quantile_0.9,nearest_sphere,max_ratio,2.0,0.9,0.0,0.0,0.0,0.0
3,mahalanobis_diag,center_quantile_0.9,normalized_union,none,0.0,0.9,0.636,0.706,0.692,0.014
3,mahalanobis_diag,center_quantile_0.9,normalized_union,none,0.25,0.9,0.636,0.706,0.692,0.014
3,mahalanobis_diag,center_quantile_0.9,normalized_union,none,0.5,0.9,0.636,0.706,0.692,0.014
3,mahalanobis_diag,center_quantile_0.9,normalized_union,none,1.0,0.9,0.636,0.706,0.692,0.014
3,mahalanobis_diag,center_quantile_0.9,normalized_union,none,2.0,0.9,0.636,0.706,0.692,0.014
3,mahalanobis_diag,center_quantile_0.9,normalized_union,ratio,0.0,0.9,0.636,0.706,0.692,0.014
3,mahalanobis_diag,center_quantile_0.9,normalized_union,ratio,0.25,0.9,0.09,0.09,0.09,0.0
3,mahalanobis_diag,center_quantile_0.9,normalized_union,ratio,0.5,0.9,0.0,0.0,0.0,0.0
3,mahalanobis_diag,center_quantile_0.9,normalized_union,ratio,1.0,0.9,0.0,0.0,0.0,0.0
3,mahalanobis_diag,center_quantile_0.9,normalized_union,ratio,2.0,0.9,0.0,0.0,0.0,0.0
3,mahalanobis_diag,center_quantile_0.9,normalized_union,inverse_margin,0.0,0.9,0.636,0.706,0.692,0.014
3,mahalanobis_diag,center_quantile_0.9,normalized_union,inverse_margin,0.25,0.9,0.0,0.0,0.0,0.0
3,mahalanobis_diag,center_quantile_0.9,normalized_union,inverse_margin,0.5,0.9,0.0,0.0,0.0,0.0
3,mahalanobis_diag,center_quantile_0.9,normalized_union,inverse_margin,1.0,0.9,0.0,0.0,0.0,0.0
3,mahalanobis_diag,center_quantile_0.9,normalized_union,inverse_margin,2.0,0.9,0.0,0.0,0.0,0.0
3,mahalanobis_diag,center_quantile_0.9,normalized_union,max_ratio,0.0,0.9,0.636,0.706,0.692,0.014
3,mahalanobis_diag,center_quantile_0.9,normalized_union,max_ratio,0.25,0.9,0.636,0.706,0.692,0.014
3,mahalanobis_diag,center_quantile_0.9,normalized_union,max_ratio,0.5,0.9,0.636,0.706,0.692,0.014
3,mahalanobis_diag,center_quantile_0.9,normalized_union,max_ratio,1.0,0.9,0.578,0.608,0.602,0.006
3,mahalanobis_diag,center_quantile_0.9,normalized_union,max_ratio,2.0,0.9,0.0,0.0,0.0,0.0
3,mahalanobis_diag,intent_quantile_0.9,nearest_sphere,none,0.0,0.9,0.556,0.666,0.644,0.022
3,mahalanobis_diag,intent_quantile_0.9,nearest_sphere,none,0.25,0.9,0.556,0.666,0.644,0.022
3,mahalanobis_diag,intent_quantile_0.9,nearest_sphere,none,0.5,0.9,0.556,0.666,0.644,0.022
3,mahalanobis_diag,intent_quantile_0.9,nearest_sphere,none,1.0,0.9,0.556,0.666,0.644,0.022
3,mahalanobis_diag,intent_quantile_0.9,nearest_sphere,none,2.0,0.9,0.556,0.666,0.644,0.022
3,mahalanobis_diag,intent_quantile_0.9,nearest_sphere,ratio,0.0,0.9,0.556,0.666,0.644,0.022
3,mahalanobis_diag,intent_quantile_0.9,nearest_sphere,ratio,0.25,0.9,0.082,0.082,0.082,0.0
3,mahalanobis_diag,intent_quantile_0.9,nearest_sphere,ratio,0.5,0.9,0.004,0.004,0.004,0.0
3,mahalanobis_diag,intent_quantile_0.9,nearest_sphere,ratio,1.0,0.9,0.0,0.0,0.0,0.0
3,mahalanobis_diag,intent_quantile_0.9,nearest_sphere,ratio,2.0,0.9,0.0,0.0,0.0,0.0
3,mahalanobis_diag,intent_quantile_0.9,nearest_sphere,inverse_margin,0.0,0.9,0.556,0.666,0.644,0.022
3,mahalanobis_diag,intent_quantile_0.9,nearest_sphere,inverse_margin,0.25,0.9,0.0,0.0,0.0,0.0
3,mahalanobis_diag,intent_quantile_0.9,nearest_sphere,inverse_margin,0.5,0.9,0.0,0.0,0.0,0.0
3,mahalanobis_diag,intent_quantile_0.9,nearest_sphere,inverse_margin,1.0,0.9,0.0,0.0,0.0,0.0
3,mahalanobis_diag,intent_quantile_0.9,nearest_sphere,inverse_margin,2.0,0.9,0.0,0.0,0.0,0.0
3,mahalanobis_diag,intent_quantile_0.9,nearest_sphere,max_ratio,0.0,0.9,0.556,0.666,0.644,0.022
3,mahalanobis_diag,intent_quantile_0.9,nearest_sphere,max_ratio,0.25,0.9,0.556,0.666,0.644,0.022
3,mahalanobis_diag,intent_quantile_0.9,nearest_sphere,max_ratio,0.5,0.9,0.556,0.666,0.644,0.022
3,mahalanobis_diag,intent_quantile_0.9,nearest_sphere,max_ratio,1.0,0.9,0.568,0.598,0.592,0.006
3,mahalanobis_diag,intent_quantile_0.9,nearest_sphere,max_ratio,2.0,0.9,0.0,0.0,0.0,0.0
3,mahalanobis_diag,intent_quantile_0.9,normalized_union,none,0.0,0.9,0.578,0.668,0.65,0.018
3,mahalanobis_diag,intent_quantile_0.9,normalized_union,none,0.25,0.9,0.578,0.668,0.65,0.018
3,mahalanobis_diag,intent_quantile_0.9,normalized_union,none,0.5,0.9,0.578,0.668,0.65,0.018
3,mahalanobis_diag,intent_quantile_0.9,normalized_union,none,1.0,0.9,0.578,0.668,0.65,0.018
3,mahalanobis_diag,intent_quantile_0.9,normalized_union,none,2.0,0.9,0.578,0.668,0.65,0.018
3,mahalanobis_diag,intent_quantile_0.9,normalized_union,ratio,0.0,0.9,0.578,0.668,0.65,0.018
3,mahalanobis_diag,intent_quantile_0.9,normalized_union,ratio,0.25,0.9,0.082,0.082,0.082,0.0
3,mahalanobis_diag,intent_quantile_0.9,normalized_union,ratio,0.5,0.9,0.004,0.004,0.004,0.0
3,mahalanobis_diag,intent_quantile_0.9,normalized_union,ratio,1.0,0.9,0.0,0.0,0.0,0.0
3,mahalanobis_diag,intent_quantile_0.9,normalized_union,ratio,2.0,0.9,0.0,0.0,0.0,0.0
3,mahalanobis_diag,intent_quantile_0.9,normalized_union,inverse_margin,0.0,0.9,0.578,0.668,0.65,0.018
3,mahalanobis_diag,intent_quantile_0.9,normalized_union,inverse_margin,0.25,0.9,0.0,0.0,0.0,0.0
3,mahalanobis_diag,intent_quantile_0.9,normalized_union,inverse_margin,0.5,0.9,0.0,0.0,0.0,0.0
3,mahalanobis_diag,intent_quantile_0.9,normalized_union,inverse_margin,1.0,0.9,0.0,0.0,0.0,0.0
3,mahalanobis_diag,intent_quantile_0.9,normalized_union,inverse_margin,2.0,0.9,0.0,0.0,0.0,0.0
3,mahalanobis_diag,intent_quantile_0.9,normalized_union,max_ratio,0.0,0.9,0.578,0.668,0.65,0.018
3,mahalanobis_diag,intent_quantile_0.9,normalized_union,max_ratio,0.25,0.9,0.578,0.668,0.65,0.018
3,mahalanobis_diag,intent_quantile_0.9,normalized_union,max_ratio,0.5,0.9,0.578,0.668,0.65,0.018
3,mahalanobis_diag,intent_quantile_0.9,normalized_union,max_ratio,1.0,0.9,0.568,0.598,0.592,0.006
3,mahalanobis_diag,intent_quantile_0.9,normalized_union,max_ratio,2.0,0.9,0.0,0.0,0.0,0.0
3,mahalanobis_diag,center_quantile_0.95,nearest_sphere,none,0.0,0.9,0.61,0.8,0.762,0.038
3,mahalanobis_diag,center_quantile_0.95,nearest_sphere,none,0.25,0.9,0.61,0.8,0.762,0.038
3,mahalanobis_diag,center_quantile_0.95,nearest_sphere,none,0.5,0.9,0.61,0.8,0.762,0.038
3,mahalanobis_diag,center_quantile_0.95,nearest_sphere,none,1.0,0.9,0.61,0.8,0.762,0.038
3,mahalanobis_diag,center_quantile_0.95,nearest_sphere,none,2.0,0.9,0.61,0.8,0.762,0.038
3,mahalanobis_diag,center_quantile_0.95,nearest_sphere,ratio,0.0,0.9,0.61,0.8,0.762,0.038
3,mahalanobis_diag,center_quantile_0.95,nearest_sphere,ratio,0.25,0.9,0.186,0.186,0.186,0.0
3,mahalanobis_diag,center_quantile_0.95,nearest_sphere,ratio,0.5,0.9,0.0,0.0,0.0,0.0
3,mahalanobis_diag,center_quantile_0.95,nearest_sphere,ratio,1.0,0.9,0.0,0.0,0.0,0.0
3,mahalanobis_diag,center_quantile_0.95,nearest_sphere,ratio,2.0,0.9,0.0,0.0,0.0,0.0
3,mahalanobis_diag,center_quantile_0.95,nearest_sphere,inverse_margin,0.0,0.9,0.61,0.8,0.762,0.038
3,mahalanobis_diag,center_quantile_0.95,nearest_sphere,inverse_margin,0.25,0.9,0.0,0.0,0.0,0.0
3,mahalanobis_diag,center_quantile_0.95,nearest_sphere,inverse_margin,0.5,0.9,0.0,0.0,0.0,0.0
3,mahalanobis_diag,center_quantile_0.95,nearest_sphere,inverse_margin,1.0,0.9,0.0,0.0,0.0,0.0
3,mahalanobis_diag,center_quantile_0.95,nearest_sphere,inverse_margin,2.0,0.9,0.0,0.0,0.0,0.0
3,mahalanobis_diag,center_quantile_0.95,nearest_sphere,max_ratio,0.0,0.9,0.61,0.8,0.762,0.038
3,mahalanobis_diag,center_quantile_0.95,nearest_sphere,max_ratio,0.25,0.9,0.61,0.8,0.762,0.038
3,mahalanobis_diag,center_quantile_0.95,nearest_sphere,max_ratio,0.5,0.9,0.61,0.8,0.762,0.038
3,mahalanobis_diag,center_quantile_0.95,nearest_sphere,max_ratio,1.0,0.9,0.648,0.678,0.672,0.006
3,mahalanobis_diag,center_quantile_0.95,nearest_sphere,max_ratio,2.0,0.9,0.0,0.0,0.0,0.0
3,mahalanobis_diag,center_quantile_0.95,normalized_union,none,0.0,0.9,0.722,0.842,0.818,0.024
3,mahalanobis_diag,center_quantile_0.95,normalized_union,none,0.25,0.9,0.722,0.842,0.818,0.024
3,mahalanobis_diag,center_quantile_0.95,normalized_union,none,0.5,0.9,0.722,0.842,0.818,0.024
3,mahalanobis_diag,center_quantile_0.95,normalized_union,none,1.0,0.9,0.722,0.842,0.818,0.024
3,mahalanobis_diag,center_quantile_0.95,normalized_union,none,2.0,0.9,0.722,0.842,0.818,0.024
3,mahalanobis_diag,center_quantile_0.95,normalized_union,ratio,0.0,0.9,0.722,0.842,0.818,0.024
3,mahalanobis_diag,center_quantile_0.95,normalized_union,ratio,0.25,0.9,0.204,0.204,0.204,0.0
3,mahalanobis_diag,center_quantile_0.95,normalized_union,ratio,0.5,0.9,0.0,0.0,0.0,0.0
3,mahalanobis_diag,center_quantile_0.95,normalized_union,ratio,1.0,0.9,0.0,0.0,0.0,0.0
3,mahalanobis_diag,center_quantile_0.95,normalized_union,ratio,2.0,0.9,0.0,0.0,0.0,0.0
3,mahalanobis_diag,center_quantile_0.95,normalized_union,inverse_margin,0.0,0.9,0.722,0.842,0.818,0.024
3,mahalanobis_diag,center_quantile_0.95,normalized_union,inverse_margin,0.25,0.9,0.0,0.0,0.0,0.0
3,mahalanobis_diag,center_quantile_0.95,normalized_union,inverse_margin,0.5,0.9,0.0,0.0,0.0,0.0
3,mahalanobis_diag,center_quantile_0.95,normalized_union,inverse_margin,1.0,0.9,0.0,0.0,0.0,0.0
3,mahalanobis_diag,center_quantile_0.95,normalized_union,inverse_margin,2.0,0.9,0.0,0.0,0.0,0.0
3,mahalanobis_diag,center_quantile_0.95,normalized_union,max_ratio,0.0,0.9,0.722,0.842,0.818,0.024
3,mahalanobis_diag,center_quantile_0.95,normalized_union,max_ratio,0.25,0.9,0.722,0.842,0.818,0.024
3,mahalanobis_diag,center_quantile_0.95,normalized_union,max_ratio,0.5,0.9,0.722,0.842,0.818,0.024
3,mahalanobis_diag,center_quantile_0.95,normalized_union,max_ratio,1.0,0.9,0.69,0.71,0.706,0.004
3,mahalanobis_diag,center_quantile_0.95,normalized_union,max_ratio,2.0,0.9,0.0,0.0,0.0,0.0
3,mahalanobis_diag,intent_quantile_0.95,nearest_sphere,none,0.0,0.9,0.604,0.794,0.756,0.038
3,mahalanobis_diag,intent_quantile_0.95,nearest_sphere,none,0.25,0.9,0.604,0.794,0.756,0.038
3,mahalanobis_diag,intent_quantile_0.95,nearest_sphere,none,0.5,0.9,0.604,0.794,0.756,0.038
3,mahalanobis_diag,intent_quantile_0.95,nearest_sphere,none,1.0,0.9,0.604,0.794,0.756,0.038
3,mahalanobis_diag,intent_quantile_0.95,nearest_sphere,none,2.0,0.9,0.604,0.794,0.756,0.038
3,mahalanobis_diag,intent_quantile_0.95,nearest_sphere,ratio,0.0,0.9,0.604,0.794,0.756,0.038
3,mahalanobis_diag,intent_quantile_0.95,nearest_sphere,ratio,0.25,0.9,0.178,0.178,0.178,0.0
3,mahalanobis_diag,intent_quantile_0.95,nearest_sphere,ratio,0.5,0.9,0.006,0.006,0.006,0.0
3,mahalanobis_diag,intent_quantile_0.95,nearest_sphere,ratio,1.0,0.9,0.0,0.0,0.0,0.0
3,mahalanobis_diag,intent_quantile_0.95,nearest_sphere,ratio,2.0,0.9,0.0,0.0,0.0,0.0
3,mahalanobis_diag,intent_quantile_0.95,nearest_sphere,inverse_margin,0.0,0.9,0.604,0.794,0.756,0.038
3,mahalanobis_diag,intent_quantile_0.95,nearest_sphere,inverse_margin,0.25,0.9,0.002,0.002,0.002,0.0
3,mahalanobis_diag,intent_quantile_0.95,nearest_sphere,inverse_margin,0.5,0.9,0.0,0.0,0.0,0.0
3,mahalanobis_diag,intent_quantile_0.95,nearest_sphere,inverse_margin,1.0,0.9,0.0,0.0,0.0,0.0
3,mahalanobis_diag,intent_quantile_0.95,nearest_sphere,inverse_margin,2.0,0.9,0.0,0.0,0.0,0.0
3,mahalanobis_diag,intent_quantile_0.95,nearest_sphere,max_ratio,0.0,0.9,0.604,0.794,0.756,0.038
3,mahalanobis_diag,intent_quantile_0.95,nearest_sphere,max_ratio,0.25,0.9,0.604,0.794,0.756,0.038
3,mahalanobis_diag,intent_quantile_0.95,nearest_sphere,max_ratio,0.5,0.9,0.604,0.794,0.756,0.038
3,mahalanobis_diag,intent_quantile_0.95,nearest_sphere,max_ratio,1.0,0.9,0.654,0.684,0.678,0.006
3,mahalanobis_diag,intent_quantile_0.95,nearest_sphere,max_ratio,2.0,0.9,0.0,0.0,0.0,0.0
3,mahalanobis_diag,intent_quantile_0.95,normalized_union,none,0.0,0.9,0.636,0.796,0.764,0.032
3,mahalanobis_diag,intent_quantile_0.95,normalized_union,none,0.25,0.9,0.636,0.796,0.764,0.032
3,mahalanobis_diag,intent_quantile_0.95,normalized_union,none,0.5,0.9,0.636,0.796,0.764,0.032
3,mahalanobis_diag,intent_quantile_0.95,normalized_union,none,1.0,0.9,0.636,0.796,0.764,0.032
3,mahalanobis_diag,intent_quantile_0.95,normalized_union,none,2.0,0.9,0.636,0.796,0.764,0.032
3,mahalanobis_diag,intent_quantile_0.95,normalized_union,ratio,0.0,0.9,0.636,0.796,0.764,0.032
3,mahalanobis_diag,intent_quantile_0.95,normalized_union,ratio,0.25,0.9,0.178,0.178,0.178,0.0
3,mahalanobis_diag,intent_quantile_0.95,normalized_union,ratio,0.5,0.9,0.006,0.006,0.006,0.0
3,mahalanobis_diag,intent_quantile_0.95,normalized_union,ratio,1.0,0.9,0.0,0.0,0.0,0.0
3,mahalanobis_diag,intent_quantile_0.95,normalized_union,ratio,2.0,0.9,0.0,0.0,0.0,0.0
3,mahalanobis_diag,intent_quantile_0.95,normalized_union,inverse_margin,0.0,0.9,0.636,0.796,0.764,0.032
3,mahalanobis_diag,intent_quantile_0.95,normalized_union,inverse_margin,0.25,0.9,0.002,0.002,0.002,0.0
3,mahalanobis_diag,intent_quantile_0.95,normalized_union,inverse_margin,0.5,0.9,0.0,0.0,0.0,0.0
3,mahalanobis_diag,intent_quantile_0.95,normalized_union,inverse_margin,1.0,0.9,0.0,0.0,0.0,0.0
3,mahalanobis_diag,intent_quantile_0.95,normalized_union,inverse_margin,2.0,0.9,0.0,0.0,0.0,0.0
3,mahalanobis_diag,intent_quantile_0.95,normalized_union,max_ratio,0.0,0.9,0.636,0.796,0.764,0.032
3,mahalanobis_diag,intent_quantile_0.95,normalized_union,max_ratio,0.25,0.9,0.636,0.796,0.764,0.032
3,mahalanobis_diag,intent_quantile_0.95,normalized_union,max_ratio,0.5,0.9,0.636,0.796,0.764,0.032
3,mahalanobis_diag,intent_quantile_0.95,normalized_union,max_ratio,1.0,0.9,0.654,0.684,0.678,0.006
3,mahalanobis_diag,intent_quantile_0.95,normalized_union,max_ratio,2.0,0.9,0.0,0.0,0.0,0.0
3,mahalanobis_diag,center_quantile_0.99,nearest_sphere,none,0.0,0.9,0.612,0.942,0.876,0.066
3,mahalanobis_diag,center_quantile_0.99,nearest_sphere,none,0.25,0.9,0.612,0.942,0.876,0.066
3,mahalanobis_diag,center_quantile_0.99,nearest_sphere,none,0.5,0.9,0.612,0.942,0.876,0.066
3,mahalanobis_diag,center_quantile_0.99,nearest_sphere,none,1.0,0.9,0.612,0.942,0.876,0.066
3,mahalanobis_diag,center_quantile_0.99,nearest_sphere,none,2.0,0.9,0.612,0.942,0.876,0.066
3,mahalanobis_diag,center_quantile_0.99,nearest_sphere,ratio,0.0,0.9,0.612,0.942,0.876,0.066
3,mahalanobis_diag,center_quantile_0.99,nearest_sphere,ratio,0.25,0.9,0.534,0.604,0.59,0.014
3,mahalanobis_diag,center_quantile_0.99,nearest_sphere,ratio,0.5,0.9,0.036,0.036,0.036,0.0
3,mahalanobis_diag,center_quantile_0.99,nearest_sphere,ratio,1.0,0.9,0.0,0.0,0.0,0.0
3,mahalanobis_diag,center_quantile_0.99,nearest_sphere,ratio,2.0,0.9,0.0,0.0,0.0,0.0
3,mahalanobis_diag,center_quantile_0.99,nearest_sphere,inverse_margin,0.0,0.9,0.612,0.942,0.876,0.066
3,mahalanobis_diag,center_quantile_0.99,nearest_sphere,inverse_margin,0.25,0.9,0.0,0.0,0.0,0.0
3,mahalanobis_diag,center_quantile_0.99,nearest_sphere,inverse_margin,0.5,0.9,0.0,0.0,0.0,0.0
3,mahalanobis_diag,center_quantile_0.99,nearest_sphere,inverse_margin,1.0,0.9,0.0,0.0,0.0,0.0
3,mahalanobis_diag,center_quantile_0.99,nearest_sphere,inverse_margin,2.0,0.9,0.0,0.0,0.0,0.0
3,mahalanobis_diag,center_quantile_0.99,nearest_sphere,max_ratio,0.0,0.9,0.612,0.942,0.876,0.066
3,mahalanobis_diag,center_quantile_0.99,nearest_sphere,max_ratio,0.25,0.9,0.612,0.942,0.876,0.066
3,mahalanobis_diag,center_quantile_0.99,nearest_sphere,max_ratio,0.5,0.9,0.612,0.942,0.876,0.066
3,mahalanobis_diag,center_quantile_0.99,nearest_sphere,max_ratio,1.0,0.9,0.708,0.758,0.748,0.01
3,mahalanobis_diag,center_quantile_0.99,nearest_sphere,max_ratio,2.0,0.9,0.0,0.0,0.0,0.0
3,mahalanobis_diag,center_quantile_0.99,normalized_union,none,0.0,0.9,0.818,0.968,0.938,0.03
3,mahalanobis_diag,center_quantile_0.99,normalized_union,none,0.25,0.9,0.818,0.968,0.938,0.03
3,mahalanobis_diag,center_quantile_0.99,normalized_union,none,0.5,0.9,0.818,0.968,0.938,0.03
3,mahalanobis_diag,center_quantile_0.99,normalized_union,none,1.0,0.9,0.818,0.968,0.938,0.03
3,mahalanobis_diag,center_quantile_0.99,normalized_union,none,2.0,0.9,0.818,0.968,0.938,0.03
3,mahalanobis_diag,center_quantile_0.99,normalized_union,ratio,0.0,0.9,0.818,0.968,0.938,0.03
3,mahalanobis_diag,center_quantile_0.99,normalized_union,ratio,0.25,0.9,0.638,0.688,0.678,0.01
3,mahalanobis_diag,center_quantile_0.99,normalized_union,ratio,0.5,0.9,0.046,0.046,0.046,0.0
3,mahalanobis_diag,center_quantile_0.99,normalized_union,ratio,1.0,0.9,0.0,0.0,0.0,0.0
3,mahalanobis_diag,center_quantile_0.99,normalized_union,ratio,2.0,0.9,0.0,0.0,0.0,0.0
3,mahalanobis_diag,center_quantile_0.99,normalized_union,inverse_margin,0.0,0.9,0.818,0.968,0.938,0.03
3,mahalanobis_diag,center_quantile_0.99,normalized_union,inverse_margin,0.25,0.9,0.004,0.004,0.004,0.0
3,mahalanobis_diag,center_quantile_0.99,normalized_union,inverse_margin,0.5,0.9,0.0,0.0,0.0,0.0
3,mahalanobis_diag,center_quantile_0.99,normalized_union,inverse_margin,1.0,0.9,0.0,0.0,0.0,0.0
3,mahalanobis_diag,center_quantile_0.99,normalized_union,inverse_margin,2.0,0.9,0.0,0.0,0.0,0.0
3,mahalanobis_diag,center_quantile_0.99,normalized_union,max_ratio,0.0,0.9,0.818,0.968,0.938,0.03
3,mahalanobis_diag,center_quantile_0.99,normalized_union,max_ratio,0.25,0.9,0.818,0.968,0.938,0.03
3,mahalanobis_diag,center_quantile_0.99,normalized_union,max_ratio,0.5,0.9,0.818,0.968,0.938,0.03
3,mahalanobis_diag,center_quantile_0.99,normalized_union,max_ratio,1.0,0.9,0.742,0.782,0.774,0.008
3,mahalanobis_diag,center_quantile_0.99,normalized_union,max_ratio,2.0,0.9,0.0,0.0,0.0,0.0
3,mahalanobis_diag,intent_quantile_0.99,nearest_sphere,none,0.0,0.9,0.624,0.954,0.888,0.066
3,mahalanobis_diag,intent_quantile_0.99,nearest_sphere,none,0.25,0.9,0.624,0.954,0.888,0.066
3,mahalanobis_diag,intent_quantile_0.99,nearest_sphere,none,0.5,0.9,0.624,0.954,0.888,0.066
3,mahalanobis_diag,intent_quantile_0.99,nearest_sphere,none,1.0,0.9,0.624,0.954,0.888,0.066
3,mahalanobis_diag,intent_quantile_0.99,nearest_sphere,none,2.0,0.9,0.624,0.954,0.888,0.066
3,mahalanobis_diag,intent_quantile_0.99,nearest_sphere,ratio,0.0,0.9,0.624,0.954,0.888,0.066
3,mahalanobis_diag,intent_quantile_0.99,nearest_sphere,ratio,0.25,0.9,0.454,0.514,0.502,0.012
3,mahalanobis_diag,intent_quantile_0.99,nearest_sphere,ratio,0.5,0.9,0.03,0.03,0.03,0.0
3,mahalanobis_diag,intent_quantile_0.99,nearest_sphere,ratio,1.0,0.9,0.0,0.0,0.0,0.0
3,mahalanobis_diag,intent_quantile_0.99,nearest_sphere,ratio,2.0,0.9,0.0,0.0,0.0,0.0
3,mahalanobis_diag,intent_quantile_0.99,nearest_sphere,inverse_margin,0.0,0.9,0.624,0.954,0.888,0.066
3,mahalanobis_diag,intent_quantile_0.99,nearest_sphere,inverse_margin,0.25,0.9,0.006,0.006,0.006,0.0
3,mahalanobis_diag,intent_quantile_0.99,nearest_sphere,inverse_margin,0.5,0.9,0.0,0.0,0.0,0.0
3,mahalanobis_diag,intent_quantile_0.99,nearest_sphere,inverse_margin,1.0,0.9,0.0,0.0,0.0,0.0
3,mahalanobis_diag,intent_quantile_0.99,nearest_sphere,inverse_margin,2.0,0.9,0.0,0.0,0.0,0.0
3,mahalanobis_diag,intent_quantile_0.99,nearest_sphere,max_ratio,0.0,0.9,0.624,0.954,0.888,0.066
3,mahalanobis_diag,intent_quantile_0.99,nearest_sphere,max_ratio,0.25,0.9,0.624,0.954,0.888,0.066
3,mahalanobis_diag,intent_quantile_0.99,nearest_sphere,max_ratio,0.5,0.9,0.624,0.954,0.888,0.066
3,mahalanobis_diag,intent_quantile_0.99,nearest_sphere,max_ratio,1.0,0.9,0.732,0.782,0.772,0.01
3,mahalanobis_diag,intent_quantile_0.99,nearest_sphere,max_ratio,2.0,0.9,0.0,0.0,0.0,0.0
3,mahalanobis_diag,intent_quantile_0.99,normalized_union,none,0.0,0.9,0.604,0.954,0.884,0.07
3,mahalanobis_diag,intent_quantile_0.99,normalized_union,none,0.25,0.9,0.604,0.954,0.884,0.07
3,mahalanobis_diag,intent_quantile_0.99,normalized_union,none,0.5,0.9,0.604,0.954,0.884,0.07
3,mahalanobis_diag,intent_quantile_0.99,normalized_union,none,1.0,0.9,0.604,0.954,0.884,0.07
3,mahalanobis_diag,intent_quantile_0.99,normalized_union,none,2.0,0.9,0.604,0.954,0.884,0.07
3,mahalanobis_diag,intent_quantile_0.99,normalized_union,ratio,0.0,0.9,0.604,0.954,0.884,0.07
3,mahalanobis_diag,intent_quantile_0.99,normalized_union,ratio,0.25,0.9,0.444,0.514,0.5,0.014
3,mahalanobis_diag,intent_quantile_0.99,normalized_union,ratio,0.5,0.9,0.03,0.03,0.03,0.0
3,mahalanobis_diag,intent_quantile_0.99,normalized_union,ratio,1.0,0.9,0.0,0.0,0.0,0.0
3,mahalanobis_diag,intent_quantile_0.99,normalized_union,ratio,2.0,0.9,0.0,0.0,0.0,0.0
3,mahalanobis_diag,intent_quantile_0.99,normalized_union,inverse_margin,0.0,0.9,0.604,0.954,0.884,0.07
3,mahalanobis_diag,intent_quantile_0.99,normalized_union,inverse_margin,0.25,0.9,0.006,0.006,0.006,0.0
3,mahalanobis_diag,intent_quantile_0.99,normalized_union,inverse_margin,0.5,0.9,0.0,0.0,0.0,0.0
3,mahalanobis_diag,intent_quantile_0.99,normalized_union,inverse_margin,1.0,0.9,0.0,0.0,0.0,0.0
3,mahalanobis_diag,intent_quantile_0.99,normalized_union,inverse_margin,2.0,0.9,0.0,0.0,0.0,0.0
3,mahalanobis_diag,intent_quantile_0.99,normalized_union,max_ratio,0.0,0.9,0.604,0.954,0.884,0.07
3,mahalanobis_diag,intent_quantile_0.99,normalized_union,max_ratio,0.25,0.9,0.604,0.954,0.884,0.07
3,mahalanobis_diag,intent_quantile_0.99,normalized_union,max_ratio,0.5,0.9,0.604,0.954,0.884,0.07
3,mahalanobis_diag,intent_quantile_0.99,normalized_union,max_ratio,1.0,0.9,0.732,0.782,0.772,0.01
3,mahalanobis_diag,intent_quantile_0.99,normalized_union,max_ratio,2.0,0.9,0.0,0.0,0.0,0.0
4,euclidean,mean_std_0.0,nearest_sphere,none,0.0,0.9,0.25,0.26,0.258,0.002
4,euclidean,mean_std_0.0,nearest_sphere,none,0.25,0.9,0.25,0.26,0.258,0.002
4,euclidean,mean_std_0.0,nearest_sphere,none,0.5,0.9,0.25,0.26,0.258,0.002
4,euclidean,mean_std_0.0,nearest_sphere,none,1.0,0.9,0.25,0.26,0.258,0.002
4,euclidean,mean_std_0.0,nearest_sphere,none,2.0,0.9,0.25,0.26,0.258,0.002
4,euclidean,mean_std_0.0,nearest_sphere,ratio,0.0,0.9,0.25,0.26,0.258,0.002
4,euclidean,mean_std_0.0,nearest_sphere,ratio,0.25,0.9,0.066,0.066,0.066,0.0
4,euclidean,mean_std_0.0,nearest_sphere,ratio,0.5,0.9,0.022,0.022,0.022,0.0
4,euclidean,mean_std_0.0,nearest_sphere,ratio,1.0,0.9,0.004,0.004,0.004,0.0
4,euclidean,mean_std_0.0,nearest_sphere,ratio,2.0,0.9,0.0,0.0,0.0,0.0
4,euclidean,mean_std_0.0,nearest_sphere,inverse_margin,0.0,0.9,0.25,0.26,0.258,0.002
4,euclidean,mean_std_0.0,nearest_sphere,inverse_margin,0.25,0.9,0.026,0.026,0.026,0.0
4,euclidean,mean_std_0.0,nearest_sphere,inverse_margin,0.5,0.9,0.008,0.008,0.008,0.0
4,euclidean,mean_std_0.0,nearest_sphere,inverse_margin,1.0,0.9,0.0,0.0,0.0,0.0
4,euclidean,mean_std_0.0,nearest_sphere,inverse_margin,2.0,0.9,0.0,0.0,0.0,0.0
4,euclidean,mean_std_0.0,nearest_sphere,max_ratio,0.0,0.9,0.25,0.26,0.258,0.002
4,euclidean,mean_std_0.0,nearest_sphere,max_ratio,0.25,0.9,0.25,0.26,0.258,0.002
4,euclidean,mean_std_0.0,nearest_sphere,max_ratio,0.5,0.9,0.25,0.26,0.258,0.002
4,euclidean,mean_std_0.0,nearest_sphere,max_ratio,1.0,0.9,0.25,0.25,0.25,0.0
4,euclidean,mean_std_0.0,nearest_sphere,max_ratio,2.0,0.9,0.068,0.068,0.068,0.0
4,euclidean,mean_std_0.0,normalized_union,none,0.0,0.9,0.524,0.644,0.62,0.024
4,euclidean,mean_std_0.0,normalized_union,none,0.25,0.9,0.524,0.644,0.62,0.024
4,euclidean,mean_std_0.0,normalized_union,none,0.5,0.9,0.524,0.644,0.62,0.024
4,euclidean,mean_std_0.0,normalized_union,none,1.0,0.9,0.524,0.644,0.62,0.024
4,euclidean,mean_std_0.0,normalized_union,none,2.0,0.9,0.524,0.644,0.62,0.024
4,euclidean,mean_std_0.0,normalized_union,ratio,0.0,0.9,0.524,0.644,0.62,0.024
4,euclidean,mean_std_0.0,normalized_union,ratio,0.25,0.9,0.152,0.162,0.16,0.002
4,euclidean,mean_std_0.0,normalized_union,ratio,0.5,0.9,0.024,0.024,0.024,0.0
4,euclidean,mean_std_0.0,normalized_union,ratio,1.0,0.9,0.004,0.004,0.004,0.0
4,euclidean,mean_std_0.0,normalized_union,ratio,2.0,0.9,0.0,0.0,0.0,0.0
4,euclidean,mean_std_0.0,normalized_union,inverse_margin,0.0,0.9,0.524,0.644,0.62,0.024
4,euclidean,mean_std_0.0,normalized_union,inverse_margin,0.25,0.9,0.034,0.034,0.034,0.0
4,euclidean,mean_std_0.0,normalized_union,inverse_margin,0.5,0.9,0.008,0.008,0.008,0.0
4,euclidean,mean_std_0.0,normalized_union,inverse_margin,1.0,0.9,0.0,0.0,0.0,0.0
4,euclidean,mean_std_0.0,normalized_union,inverse_margin,2.0,0.9,0.0,0.0,0.0,0.0
4,euclidean,mean_std_0.0,normalized_union,max_ratio,0.0,0.9,0.524,0.644,0.62,0.024
4,euclidean,mean_std_0.0,normalized_union,max_ratio,0.25,0.9,0.524,0.644,0.62,0.024
4,euclidean,mean_std_0.0,normalized_union,max_ratio,0.5,0.9,0.524,0.644,0.62,0.024
4,euclidean,mean_std_0.0,normalized_union,max_ratio,1.0,0.9,0.56,0.63,0.616,0.014
4,euclidean,mean_std_0.0,normalized_union,max_ratio,2.0,0.9,0.098,0.098,0.098,0.0
4,euclidean,mean_std_0.25,nearest_sphere,none,0.0,0.9,0.322,0.352,0.346,0.006
4,euclidean,mean_std_0.25,nearest_sphere,none,0.25,0.9,0.322,0.352,0.346,0.006
4,euclidean,mean_std_0.25,nearest_sphere,none,0.5,0.9,0.322,0.352,0.346,0.006
4,euclidean,mean_std_0.25,nearest_sphere,none,1.0,0.9,0.322,0.352,0.346,0.006
4,euclidean,mean_std_0.25,nearest_sphere,none,2.0,0.9,0.322,0.352,0.346,0.006
4,euclidean,mean_std_0.25,nearest_sphere,ratio,0.0,0.9,0.322,0.352,0.346,0.006
4,euclidean,mean_std_0.25,nearest_sphere,ratio,0.25,0.9,0.102,0.102,0.102,0.0
4,euclidean,mean_std_0.25,nearest_sphere,ratio,0.5,0.9,0.024,0.024,0.024,0.0
4,euclidean,mean_std_0.25,nearest_sphere,ratio,1.0,0.9,0.006,0.006,0.006,0.0
4,euclidean,mean_std_0.25,nearest_sphere,ratio,2.0,0.9,0.0,0.0,0.0,0.0
4,euclidean,mean_std_0.25,nearest_sphere,inverse_margin,0.0,0.9,0.322,0.352,0.346,0.006
4,euclidean,mean_std_0.25,nearest_sphere,inverse_margin,0.25,0.9,0.03,0.03,0.03,0.0
4,euclidean,mean_std_0.25,nearest_sphere,inverse_margin,0.5,0.9,0.008,0.008,0.008,0.0
4,euclidean,mean_std_0.25,nearest_sphere,inverse_margin,1.0,0.9,0.0,0.0,0.0,0.0
4,euclidean,mean_std_0.25,nearest_sphere,inverse_margin,2.0,0.9,0.0,0.0,0.0,0.0
4,euclidean,mean_std_0.25,nearest_sphere,max_ratio,0.0,0.9,0.322,0.352,0.346,0.006
4,euclidean,mean_std_0.25,nearest_sphere,max_ratio,0.25,0.9,0.322,0.352,0.346,0.006
4,euclidean,mean_std_0.25,nearest_sphere,max_ratio,0.5,0.9,0.322,0.352,0.346,0.006
4,euclidean,mean_std_0.25,nearest_sphere,max_ratio,1.0,0.9,0.322,0.332,0.33,0.002
4,euclidean,mean_std_0.25,nearest_sphere,max_ratio,2.0,0.9,0.076,0.076,0.076,0.0
4,euclidean,mean_std_0.25,normalized_union,none,0.0,0.9,0.634,0.774,0.746,0.028
4,euclidean,mean_std_0.25,normalized_union,none,0.25,0.9,0.634,0.774,0.746,0.028
4,euclidean,mean_std_0.25,normalized_union,none,0.5,0.9,0.634,0.774,0.746,0.028
4,euclidean,mean_std_0.25,normalized_union,none,1.0,0.9,0.634,0.774,0.746,0.028
4,euclidean,mean_std_0.25,normalized_union,none,2.0,0.9,0.634,0.774,0.746,0.028
4,euclidean,mean_std_0.25,normalized_union,ratio,0.0,0.9,0.634,0.774,0.746,0.028
4,euclidean,mean_std_0.25,normalized_union,ratio,0.25,0.9,0.254,0.264,0.262,0.002
4,euclidean,mean_std_0.25,normalized_union,ratio,0.5,0.9,0.032,0.032,0.032,0.0
4,euclidean,mean_std_0.25,normalized_union,ratio,1.0,0.9,0.006,0.006,0.006,0.0
4,euclidean,mean_std_0.25,normalized_union,ratio,2.0,0.9,0.0,0.0,0.0,0.0
4,euclidean,mean_std_0.25,normalized_union,inverse_margin,0.0,0.9,0.634,0.774,0.746,0.028
4,euclidean,mean_std_0.25,normalized_union,inverse_margin,0.25,0.9,0.042,0.042,0.042,0.0
4,euclidean,mean_std_0.25,normalized_union,inverse_margin,0.5,0.9,0.008,0.008,0.008,0.0
4,euclidean,mean_std_0.25,normalized_union,inverse_margin,1.0,0.9,0.0,0.0,0.0,0.0
4,euclidean,mean_std_0.25,normalized_union,inverse_margin,2.0,0.9,0.0,0.0,0.0,0.0
4,euclidean,mean_std_0.25,normalized_union,max_ratio,0.0,0.9,0.634,0.774,0.746,0.028
4,euclidean,mean_std_0.25,normalized_union,max_ratio,0.25,0.9,0.634,0.774,0.746,0.028
4,euclidean,mean_std_0.25,normalized_union,max_ratio,0.5,0.9,0.634,0.774,0.746,0.028
4,euclidean,mean_std_0.25,normalized_union,max_ratio,1.0,0.9,0.664,0.754,0.736,0.018
4,euclidean,mean_std_0.25,normalized_union,max_ratio,2.0,0.9,0.112,0.112,0.112,0.0
4,euclidean,mean_std_0.5,nearest_sphere,none,0.0,0.9,0.396,0.436,0.428,0.008
4,euclidean,mean_std_0.5,nearest_sphere,none,0.25,0.9,0.396,0.436,0.428,0.008
4,euclidean,mean_std_0.5,nearest_sphere,none,0.5,0.9,0.396,0.436,0.428,0.008
4,euclidean,mean_std_0.5,nearest_sphere,none,1.0,0.9,0.396,0.436,0.428,0.008
4,euclidean,mean_std_0.5,nearest_sphere,none,2.0,0.9,0.396,0.436,0.428,0.008
4,euclidean,mean_std_0.5,nearest_sphere,ratio,0.0,0.9,0.396,0.436,0.428,0.008
4,euclidean,mean_std_0.5,nearest_sphere,ratio,0.25,0.9,0.156,0.156,0.156,0.0
4,euclidean,mean_std_0.5,nearest_sphere,ratio,0.5,0.9,0.03,0.03,0.03,0.0
4,euclidean,mean_std_0.5,nearest_sphere,ratio,1.0,0.9,0.008,0.008,0.008,0.0
4,euclidean,mean_std_0.5,nearest_sphere,ratio,2.0,0.9,0.0,0.0,0.0,0.0
4,euclidean,mean_std_0.5,nearest_sphere,inverse_margin,0.0,0.9,0.396,0.436,0.428,0.008
4,euclidean,mean_std_0.5,nearest_sphere,inverse_margin,0.25,0.9,0.048,0.048,0.048,0.0
4,euclidean,mean_std_0.5,nearest_sphere,inverse_margin,0.5,0.9,0.012,0.012,0.012,0.0
4,euclidean,mean_std_0.5,nearest_sphere,inverse_margin,1.0,0.9,0.0,0.0,0.0,0.0
4,euclidean,mean_std_0.5,nearest_sphere,inverse_margin,2.0,0.9,0.0,0.0,0.0,0.0
4,euclidean,mean_std_0.5,nearest_sphere,max_ratio,0.0,0.9,0.396,0.436,0.428,0.008
4,euclidean,mean_std_0.5,nearest_sphere,max_ratio,0.25,0.9,0.396,0.436,0.428,0.008
4,euclidean,mean_std_0.5,nearest_sphere,max_ratio,0.5,0.9,0.396,0.436,0.428,0.008
4,euclidean,mean_std_0.5,nearest_sphere,max_ratio,1.0,0.9,0.398,0.408,0.406,0.002
4,euclidean,mean_std_0.5,nearest_sphere,max_ratio,2.0,0.9,0.084,0.084,0.084,0.0
4,euclidean,mean_std_0.5,normalized_union,none,0.0,0.9,0.694,0.844,0.814,0.03
4,euclidean,mean_std_0.5,normalized_union,none,0.25,0.9,0.694,0.844,0.814,0.03
4,euclidean,mean_std_0.5,normalized_union,none,0.5,0.9,0.694,0.844,0.814,0.03
4,euclidean,mean_std_0.5,normalized_union,none,1.0,0.9,0.694,0.844,0.814,0.03
4,euclidean,mean_std_0.5,normalized_union,none,2.0,0.9,0.694,0.844,0.814,0.03
4,euclidean,mean_std_0.5,normalized_union,ratio,0.0,0.9,0.694,0.844,0.814,0.03
4,euclidean,mean_std_0.5,normalized_union,ratio,0.25,0.9,0.352,0.372,0.368,0.004
4,euclidean,mean_std_0.5,normalized_union,ratio,0.5,0.9,0.044,0.044,0.044,0.0
4,euclidean,mean_std_0.5,normalized_union,ratio,1.0,0.9,0.008,0.008,0.008,0.0
4,euclidean,mean_std_0.5,normalized_union,ratio,2.0,0.9,0.0,0.0,0.0,0.0
4,euclidean,mean_std_0.5,normalized_union,inverse_margin,0.0,0.9,0.694,0.844,0.814,0.03
4,euclidean,mean_std_0.5,normalized_union,inverse_margin,0.25,0.9,0.066,0.066,0.066,0.0
4,euclidean,mean_std_0.5,normalized_union,inverse_margin,0.5,0.9,0.012,0.012,0.012,0.0
4,euclidean,mean_std_0.5,normalized_union,inverse_margin,1.0,0.9,0.0,0.0,0.0,0.0
4,euclidean,mean_std_0.5,normalized_union,inverse_margin,2.0,0.9,0.0,0.0,0.0,0.0
4,euclidean,mean_std_0.5,normalized_union,max_ratio,0.0,0.9,0.694,0.844,0.814,0.03
4,euclidean,mean_std_0.5,normalized_union,max_ratio,0.25,0.9,0.694,0.844,0.814,0.03
4,euclidean,mean_std_0.5,normalized_union,max_ratio,0.5,0.9,0.694,0.844,0.814,0.03
4,euclidean,mean_std_0.5,normalized_union,max_ratio,1.0,0.9,0.742,0.812,0.798,0.014
4,euclidean,mean_std_0.5,normalized_union,max_ratio,2.0,0.9,0.12,0.12,0.12,0.0
4,euclidean,mean_std_0.75,nearest_sphere,none,0.0,0.9,0.47,0.52,0.51,0.01
4,euclidean,mean_std_0.75,nearest_sphere,none,0.25,0.9,0.47,0.52,0.51,0.01
4,euclidean,mean_std_0.75,nearest_sphere,none,0.5,0.9,0.47,0.52,0.51,0.01
4,euclidean,mean_std_0.75,nearest_sphere,none,1.0,0.9,0.47,0.52,0.51,0.01
4,euclidean,mean_std_0.75,nearest_sphere,none,2.0,0.9,0.47,0.52,0.51,0.01
4,euclidean,mean_std_0.75,nearest_sphere,ratio,0.0,0.9,0.47,0.52,0.51,0.01
4,euclidean,mean_std_0.75,nearest_sphere,ratio,0.25,0.9,0.214,0.214,0.214,0.0
4,euclidean,mean_std_0.75,nearest_sphere,ratio,0.5,0.9,0.054,0.054,0.054,0.0
4,euclidean,mean_std_0.75,nearest_sphere,ratio,1.0,0.9,0.008,0.008,0.008,0.0
4,euclidean,mean_std_0.75,nearest_sphere,ratio,2.0,0.9,0.0,0.0,0.0,0.0
4,euclidean,mean_std_0.75,nearest_sphere,inverse_margin,0.0,0.9,0.47,0.52,0.51,0.01
4,euclidean,mean_std_0.75,nearest_sphere,inverse_margin,0.25,0.9,0.066,0.066,0.066,0.0
4,euclidean,mean_std_0.75,nearest_sphere,inverse_margin,0.5,0.9,0.012,0.012,0.012,0.0
4,euclidean,mean_std_0.75,nearest_sphere,inverse_margin,1.0,0.9,0.0,0.0,0.0,0.0
4,euclidean,mean_std_0.75,nearest_sphere,inverse_margin,2.0,0.9,0.0,0.0,0.0,0.0
4,euclidean,mean_std_0.75,nearest_sphere,max_ratio,0.0,0.9,0.47,0.52,0.51,0.01
4,euclidean,mean_std_0.75,nearest_sphere,max_ratio,0.25,0.9,0.47,0.52,0.51,0.01
4,euclidean,mean_std_0.75,nearest_sphere,max_ratio,0.5,0.9,0.47,0.52,0.51,0.01
4,euclidean,mean_std_0.75,nearest_sphere,max_ratio,1.0,0.9,0.476,0.486,0.484,0.002
4,euclidean,mean_std_0.75,nearest_sphere,max_ratio,2.0,0.9,0.102,0.102,0.102,0.0
4,euclidean,mean_std_0.75,normalized_union,none,0.0,0.9,0.72,0.89,0.856,0.034
4,euclidean,mean_std_0.75,normalized_union,none,0.25,0.9,0.72,0.89,0.856,0.034
4,euclidean,mean_std_0.75,normalized_union,none,0.5,0.9,0.72,0.89,0.856,0.034
4,euclidean,mean_std_0.75,normalized_union,none,1.0,0.9,0.72,0.89,0.856,0.034
4,euclidean,mean_std_0.75,normalized_union,none,2.0,0.9,0.72,0.89,0.856,0.034
4,euclidean,mean_std_0.75,normalized_union,ratio,0.0,0.9,0.72,0.89,0.856,0.034
4,euclidean,mean_std_0.75,normalized_union,ratio,0.25,0.9,0.46,0.48,0.476,0.004
4,euclidean,mean_std_0.75,normalized_union,ratio,0.5,0.9,0.09,0.09,0.09,0.0
4,euclidean,mean_std_0.75,normalized_union,ratio,1.0,0.9,0.008,0.008,0.008,0.0
4,euclidean,mean_std_0.75,normalized_union,ratio,2.0,0.9,0.0,0.0,0.0,0.0
4,euclidean,mean_std_0.75,normalized_union,inverse_margin,0.0,0.9,0.72,0.89,0.856,0.034
4,euclidean,mean_std_0.75,normalized_union,inverse_margin,0.25,0.9,0.09,0.09,0.09,0.0
4,euclidean,mean_std_0.75,normalized_union,inverse_margin,0.5,0.9,0.014,0.014,0.014,0.0
4,euclidean,mean_std_0.75,normalized_union,inverse_margin,1.0,0.9,0.0,0.0,0.0,0.0
4,euclidean,mean_std_0.75,normalized_union,inverse_margin,2.0,0.9,0.0,0.0,0.0,0.0
4,euclidean,mean_std_0.75,normalized_union,max_ratio,0.0,0.9,0.72,0.89,0.856,0.034
4,euclidean,mean_std_0.75,normalized_union,max_ratio,0.25,0.9,0.72,0.89,0.856,0.034
4,euclidean,mean_std_0.75,normalized_union,max_ratio,0.5,0.9,0.72,0.89,0.856,0.034
4,euclidean,mean_std_0.75,normalized_union,max_ratio,1.0,0.9,0.794,0.844,0.834,0.01
4,euclidean,mean_std_0.75,normalized_union,max_ratio,2.0,0.9,0.12,0.12,0.12,0.0
4,euclidean,mean_std_1.0,nearest_sphere,none,0.0,0.9,0.552,0.602,0.592,0.01
4,euclidean,mean_std_1.0,nearest_sphere,none,0.25,0.9,0.552,0.602,0.592,0.01
4,euclidean,mean_std_1.0,nearest_sphere,none,0.5,0.9,0.552,0.602,0.592,0.01
4,euclidean,mean_std_1.0,nearest_sphere,none,1.0,0.9,0.552,0.602,0.592,0.01
4,euclidean,mean_std_1.0,nearest_sphere,none,2.0,0.9,0.552,0.602,0.592,0.01
4,euclidean,mean_std_1.0,nearest_sphere,ratio,0.0,0.9,0.552,0.602,0.592,0.01
4,euclidean,mean_std_1.0,nearest_sphere,ratio,0.25,0.9,0.256,0.256,0.256,0.0
4,euclidean,mean_std_1.0,nearest_sphere,ratio,0.5,0.9,0.074,0.074,0.074,0.0
4,euclidean,mean_std_1.0,nearest_sphere,ratio,1.0,0.9,0.008,0.008,0.008,0.0
4,euclidean,mean_std_1.0,nearest_sphere,ratio,2.0,0.9,0.0,0.0,0.0,0.0
4,euclidean,mean_std_1.0,nearest_sphere,inverse_margin,0.0,0.9,0.552,0.602,0.592,0.01
4,euclidean,mean_std_1.0,nearest_sphere,inverse_margin,0.25,0.9,0.08,0.08,0.08,0.0
4,euclidean,mean_std_1.0,nearest_sphere,inverse_margin,0.5,0.9,0.016,0.016,0.016,0.0
4,euclidean,mean_std_1.0,nearest_sphere,inverse_margin,1.0,0.9,0.002,0.002,0.002,0.0
4,euclidean,mean_std_1.0,nearest_sphere,inverse_margin,2.0,0.9,0.0,0.0,0.0,0.0
4,euclidean,mean_std_1.0,nearest_sphere,max_ratio,0.0,0.9,0.552,0.602,0.592,0.01
4,euclidean,mean_std_1.0,nearest_sphere,max_ratio,0.25,0.9,0.552,0.602,0.592,0.01
4,euclidean,mean_std_1.0,nearest_sphere,max_ratio,0.5,0.9,0.552,0.602,0.592,0.01
4,euclidean,mean_std_1.0,nearest_sphere,max_ratio,1.0,0.9,0.55,0.56,0.558,0.002
4,euclidean,mean_std_1.0,nearest_sphere,max_ratio,2.0,0.9,0.11,0.11,0.11,0.0
4,euclidean,mean_std_1.0,normalized_union,none,0.0,0.9,0.714,0.934,0.89,0.044
4,euclidean,mean_std_1.0,normalized_union,none,0.25,0.9,0.714,0.934,0.89,0.044
4,euclidean,mean_std_1.0,normalized_union,none,0.5,0.9,0.714,0.934,0.89,0.044
4,euclidean,mean_std_1.0,normalized_union,none,1.0,0.9,0.714,0.934,0.89,0.044
4,euclidean,mean_std_1.0,normalized_union,none,2.0,0.9,0.714,0.934,0.89,0.044
4,euclidean,mean_std_1.0,normalized_union,ratio,0.0,0.9,0.714,0.934,0.89,0.044
4,euclidean,mean_std_1.0,normalized_union,ratio,0.25,0.9,0.524,0.564,0.556,0.008
4,euclidean,mean_std_1.0,normalized_union,ratio,0.5,0.9,0.136,0.136,0.136,0.0
4,euclidean,mean_std_1.0,normalized_union,ratio,1.0,0.9,0.008,0.008,0.008,0.0
4,euclidean,mean_std_1.0,normalized_union,ratio,2.0,0.9,0.0,0.0,0.0,0.0
4,euclidean,mean_std_1.0,normalized_union,inverse_margin,0.0,0.9,0.714,0.934,0.89,0.044
4,euclidean,mean_std_1.0,normalized_union,inverse_margin,0.25,0.9,0.124,0.124,0.124,0.0
4,euclidean,mean_std_1.0,normalized_union,inverse_margin,0.5,0.9,0.018,0.018,0.018,0.0
4,euclidean,mean_std_1.0,normalized_union,inverse_margin,1.0,0.9,0.002,0.002,0.002,0.0
4,euclidean,mean_std_1.0,normalized_union,inverse_margin,2.0,0.9,0.0,0.0,0.0,0.0
4,euclidean,mean_std_1.0,normalized_union,max_ratio,0.0,0.9,0.714,0.934,0.89,0.044
4,euclidean,mean_std_1.0,normalized_union,max_ratio,0.25,0.9,0.714,0.934,0.89,0.044
4,euclidean,mean_std_1.0,normalized_union,max_ratio,0.5,0.9,0.714,0.934,0.89,0.044
4,euclidean,mean_std_1.0,normalized_union,max_ratio,1.0,0.9,0.79,0.88,0.862,0.018
4,euclidean,mean_std_1.0,normalized_union,max_ratio,2.0,0.9,0.12,0.12,0.12,0.0
4,euclidean,mean_std_1.5,nearest_sphere,none,0.0,0.9,0.676,0.776,0.756,0.02
4,euclidean,mean_std_1.5,nearest_sphere,none,0.25,0.9,0.676,0.776,0.756,0.02
4,euclidean,mean_std_1.5,nearest_sphere,none,0.5,0.9,0.676,0.776,0.756,0.02
4,euclidean,mean_std_1.5,nearest_sphere,none,1.0,0.9,0.676,0.776,0.756,0.02
4,euclidean,mean_std_1.5,nearest_sphere,none,2.0,0.9,0.676,0.776,0.756,0.02
4,euclidean,mean_std_1.5,nearest_sphere,ratio,0.0,0.9,0.676,0.776,0.756,0.02
4,euclidean,mean_std_1.5,nearest_sphere,ratio,0.25,0.9,0.384,0.394,0.392,0.002
4,euclidean,mean_std_1.5,nearest_sphere,ratio,0.5,0.9,0.12,0.12,0.12,0.0
4,euclidean,mean_std_1.5,nearest_sphere,ratio,1.0,0.9,0.014,0.014,0.014,0.0
4,euclidean,mean_std_1.5,nearest_sphere,ratio,2.0,0.9,0.0,0.0,0.0,0.0
4,euclidean,mean_std_1.5,nearest_sphere,inverse_margin,0.0,0.9,0.676,0.776,0.756,0.02
4,euclidean,mean_std_1.5,nearest_sphere,inverse_margin,0.25,0.9,0.128,0.128,0.128,0.0
4,euclidean,mean_std_1.5,nearest_sphere,inverse_margin,0.5,0.9,0.022,0.022,0.022,0.0
4,euclidean,mean_std_1.5,nearest_sphere,inverse_margin,1.0,0.9,0.004,0.004,0.004,0.0
4,euclidean,mean_std_1.5,nearest_sphere,inverse_margin,2.0,0.9,0.0,0.0,0.0,0.0
4,euclidean,mean_std_1.5,nearest_sphere,max_ratio,0.0,0.9,0.676,0.776,0.756,0.02
4,euclidean,mean_std_1.5,nearest_sphere,max_ratio,0.25,0.9,0.676,0.776,0.756,0.02
4,euclidean,mean_std_1.5,nearest_sphere,max_ratio,0.5,0.9,0.676,0.776,0.756,0.02
4,euclidean,mean_std_1.5,nearest_sphere,max_ratio,1.0,0.9,0.702,0.722,0.718,0.004
4,euclidean,mean_std_1.5,nearest_sphere,max_ratio,2.0,0.9,0.12,0.12,0.12,0.0
4,euclidean,mean_std_1.5,normalized_union,none,0.0,0.9,0.72,0.96,0.912,0.048
4,euclidean,mean_std_1.5,normalized_union,none,0.25,0.9,0.72,0.96,0.912,0.048
4,euclidean,mean_std_1.5,normalized_union,none,0.5,0.9,0.72,0.96,0.912,0.048
4,euclidean,mean_std_1.5,normalized_union,none,1.0,0.9,0.72,0.96,0.912,0.048
4,euclidean,mean_std_1.5,normalized_union,none,2.0,0.9,0.72,0.96,0.912,0.048
4,euclidean,mean_std_1.5,normalized_union,ratio,0.0,0.9,0.72,0.96,0.912,0.048
4,euclidean,mean_std_1.5,normalized_union,ratio,0.25,0.9,0.712,0.772,0.76,0.012
4,euclidean,mean_std_1.5,normalized_union,ratio,0.5,0.9,0.242,0.252,0.25,0.002
4,euclidean,mean_std_1.5,normalized_union,ratio,1.0,0.9,0.016,0.016,0.016,0.0
4,euclidean,mean_std_1.5,normalized_union,ratio,2.0,0.9,0.0,0.0,0.0,0.0
4,euclidean,mean_std_1.5,normalized_union,inverse_margin,0.0,0.9,0.72,0.96,0.912,0.048
4,euclidean,mean_std_1.5,normalized_union,inverse_margin,0.25,0.9,0.214,0.214,0.214,0.0
4,euclidean,mean_std_1.5,normalized_union,inverse_margin,0.5,0.9,0.026,0.026,0.026,0.0
4,euclidean,mean_std_1.5,normalized_union,inverse_margin,1.0,0.9,0.004,0.004,0.004,0.0
4,euclidean,mean_std_1.5,normalized_union,inverse_margin,2.0,0.9,0.0,0.0,0.0,0.0
4,euclidean,mean_std_1.5,normalized_union,max_ratio,0.0,0.9,0.72,0.96,0.912,0.048
4,euclidean,mean_std_1.5,normalized_union,max_ratio,0.25,0.9,0.72,0.96,0.912,0.048
4,euclidean,mean_std_1.5,normalized_union,max_ratio,0.5,0.9,0.72,0.96,0.912,0.048
4,euclidean,mean_std_1.5,normalized_union,max_ratio,1.0,0.9,0.818,0.898,0.882,0.016
4,euclidean,mean_std_1.5,normalized_union,max_ratio,2.0,0.9,0.12,0.12,0.12,0.0
4,euclidean,mean_std_2.0,nearest_sphere,none,0.0,0.9,0.77,0.88,0.858,0.022
4,euclidean,mean_std_2.0,nearest_sphere,none,0.25,0.9,0.77,0.88,0.858,0.022
4,euclidean,mean_std_2.0,nearest_sphere,none,0.5,0.9,0.77,0.88,0.858,0.022
4,euclidean,mean_std_2.0,nearest_sphere,none,1.0,0.9,0.77,0.88,0.858,0.022
4,euclidean,mean_std_2.0,nearest_sphere,none,2.0,0.9,0.77,0.88,0.858,0.022
4,euclidean,mean_std_2.0,nearest_sphere,ratio,0.0,0.9,0.77,0.88,0.858,0.022
4,euclidean,mean_std_2.0,nearest_sphere,ratio,0.25,0.9,0.468,0.488,0.484,0.004
4,euclidean,mean_std_2.0,nearest_sphere,ratio,0.5,0.9,0.19,0.19,0.19,0.0
4,euclidean,mean_std_2.0,nearest_sphere,ratio,1.0,0.9,0.018,0.018,0.018,0.0
4,euclidean,mean_std_2.0,nearest_sphere,ratio,2.0,0.9,0.0,0.0,0.0,0.0
4,euclidean,mean_std_2.0,nearest_sphere,inverse_margin,0.0,0.9,0.77,0.88,0.858,0.022
4,euclidean,mean_std_2.0,nearest_sphere,inverse_margin,0.25,0.9,0.17,0.17,0.17,0.0
4,euclidean,mean_std_2.0,nearest_sphere,inverse_margin,0.5,0.9,0.042,0.042,0.042,0.0
4,euclidean,mean_std_2.0,nearest_sphere,inverse_margin,1.0,0.9,0.008,0.008,0.008,0.0
4,euclidean,mean_std_2.0,nearest_sphere,inverse_margin,2.0,0.9,0.0,0.0,0.0,0.0
4,euclidean,mean_std_2.0,nearest_sphere,max_ratio,0.0,0.9,0.77,0.88,0.858,0.022
4,euclidean,mean_std_2.0,nearest_sphere,max_ratio,0.25,0.9,0.77,0.88,0.858,0.022
4,euclidean,mean_std_2.0,nearest_sphere,max_ratio,0.5,0.9,0.77,0.88,0.858,0.022
4,euclidean,mean_std_2.0,nearest_sphere,max_ratio,1.0,0.9,0.798,0.818,0.814,0.004
4,euclidean,mean_std_2.0,nearest_sphere,max_ratio,2.0,0.9,0.12,0.12,0.12,0.0
4,euclidean,mean_std_2.0,normalized_union,none,0.0,0.9,0.74,0.98,0.932,0.048
4,euclidean,mean_std_2.0,normalized_union,none,0.25,0.9,0.74,0.98,0.932,0.048
4,euclidean,mean_std_2.0,normalized_union,none,0.5,0.9,0.74,0.98,0.932,0.048
4,euclidean,mean_std_2.0,normalized_union,none,1.0,0.9,0.74,0.98,0.932,0.048
4,euclidean,mean_std_2.0,normalized_union,none,2.0,0.9,0.74,0.98,0.932,0.048
4,euclidean,mean_std_2.0,normalized_union,ratio,0.0,0.9,0.74,0.98,0.932,0.048
4,euclidean,mean_std_2.0,normalized_union,ratio,0.25,0.9,0.774,0.834,0.822,0.012
4,euclidean,mean_std_2.0,normalized_union,ratio,0.5,0.9,0.38,0.39,0.388,0.002
4,euclidean,mean_std_2.0,normalized_union,ratio,1.0,0.9,0.026,0.026,0.026,0.0
4,euclidean,mean_std_2.0,normalized_union,ratio,2.0,0.9,0.0,0.0,0.0,0.0
4,euclidean,mean_std_2.0,normalized_union,inverse_margin,0.0,0.9,0.74,0.98,0.932,0.048
4,euclidean,mean_std_2.0,normalized_union,inverse_margin,0.25,0.9,0.302,0.302,0.302,0.0
4,euclidean,mean_std_2.0,normalized_union,inverse_margin,0.5,0.9,0.05,0.05,0.05,0.0
4,euclidean,mean_std_2.0,normalized_union,inverse_margin,1.0,0.9,0.008,0.008,0.008,0.0
4,euclidean,mean_std_2.0,normalized_union,inverse_margin,2.0,0.9,0.0,0.0,0.0,0.0
4,euclidean,mean_std_2.0,normalized_union,max_ratio,0.0,0.9,0.74,0.98,0.932,0.048
4,euclidean,mean_std_2.0,normalized_union,max_ratio,0.25,0.9,0.74,0.98,0.932,0.048
4,euclidean,mean_std_2.0,normalized_union,max_ratio,0.5,0.9,0.74,0.98,0.932,0.048
4,euclidean,mean_std_2.0,normalized_union,max_ratio,1.0,0.9,0.848,0.908,0.896,0.012
4,euclidean,mean_std_2.0,normalized_union,max_ratio,2.0,0.9,0.12,0.12,0.12,0.0
4,euclidean,mean_std_3.0,nearest_sphere,none,0.0,0.9,0.834,0.964,0.938,0.026
4,euclidean,mean_std_3.0,nearest_sphere,none,0.25,0.9,0.834,0.964,0.938,0.026
4,euclidean,mean_std_3.0,nearest_sphere,none,0.5,0.9,0.834,0.964,0.938,0.026
4,euclidean,mean_std_3.0,nearest_sphere,none,1.0,0.9,0.834,0.964,0.938,0.026
4,euclidean,mean_std_3.0,nearest_sphere,none,2.0,0.9,0.834,0.964,0.938,0.026
4,euclidean,mean_std_3.0,nearest_sphere,ratio,0.0,0.9,0.834,0.964,0.938,0.026
4,euclidean,mean_std_3.0,nearest_sphere,ratio,0.25,0.9,0.688,0.738,0.728,0.01
4,euclidean,mean_std_3.0,nearest_sphere,ratio,0.5,0.9,0.372,0.372,0.372,0.0
4,euclidean,mean_std_3.0,nearest_sphere,ratio,1.0,0.9,0.044,0.044,0.044,0.0
4,euclidean,mean_std_3.0,nearest_sphere,ratio,2.0,0.9,0.0,0.0,0.0,0.0
4,euclidean,mean_std_3.0,nearest_sphere,inverse_margin,0.0,0.9,0.834,0.964,0.938,0.026
4,euclidean,mean_std_3.0,nearest_sphere,inverse_margin,0.25,0.9,0.292,0.292,0.292,0.0
4,euclidean,mean_std_3.0,nearest_sphere,inverse_margin,0.5,0.9,0.064,0.064,0.064,0.0
4,euclidean,mean_std_3.0,nearest_sphere,inverse_margin,1.0,0.9,0.008,0.008,0.008,0.0
4,euclidean,mean_std_3.0,nearest_sphere,inverse_margin,2.0,0.9,0.0,0.0,0.0,0.0
4,euclidean,mean_std_3.0,nearest_sphere,max_ratio,0.0,0.9,0.834,0.964,0.938,0.026
4,euclidean,mean_std_3.0,nearest_sphere,max_ratio,0.25,0.9,0.834,0.964,0.938,0.026
4,euclidean,mean_std_3.0,nearest_sphere,max_ratio,0.5,0.9,0.834,0.964,0.938,0.026
4,euclidean,mean_std_3.0,nearest_sphere,max_ratio,1.0,0.9,0.866,0.886,0.882,0.004
4,euclidean,mean_std_3.0,nearest_sphere,max_ratio,2.0,0.9,0.12,0.12,0.12,0.0
4,euclidean,mean_std_3.0,normalized_union,none,0.0,0.9,0.77,1.0,0.954,0.046
4,euclidean,mean_std_3.0,normalized_union,none,0.25,0.9,0.77,1.0,0.954,0.046
4,euclidean,mean_std_3.0,normalized_union,none,0.5,0.9,0.77,1.0,0.954,0.046
4,euclidean,mean_std_3.0,normalized_union,none,1.0,0.9,0.77,1.0,0.954,0.046
4,euclidean,mean_std_3.0,normalized_union,none,2.0,0.9,0.77,1.0,0.954,0.046
4,euclidean,mean_std_3.0,normalized_union,ratio,0.0,0.9,0.77,1.0,0.954,0.046
4,euclidean,mean_std_3.0,normalized_union,ratio,0.25,0.9,0.8,0.92,0.896,0.024
4,euclidean,mean_std_3.0,normalized_union,ratio,0.5,0.9,0.634,0.654,0.65,0.004
4,euclidean,mean_std_3.0,normalized_union,ratio,1.0,0.9,0.058,0.058,0.058,0.0
4,euclidean,mean_std_3.0,normalized_union,ratio,2.0,0.9,0.0,0.0,0.0,0.0
4,euclidean,mean_std_3.0,normalized_union,inverse_margin,0.0,0.9,0.77,1.0,0.954,0.046
4,euclidean,mean_std_3.0,normalized_union,inverse_margin,0.25,0.9,0.418,0.418,0.418,0.0
4,euclidean,mean_std_3.0,normalized_union,inverse_margin,0.5,0.9,0.08,0.08,0.08,0.0
4,euclidean,mean_std_3.0,normalized_union,inverse_margin,1.0,0.9,0.008,0.008,0.008,0.0
4,euclidean,mean_std_3.0,normalized_union,inverse_margin,2.0,0.9,0.0,0.0,0.0,0.0
4,euclidean,mean_std_3.0,normalized_union,max_ratio,0.0,0.9,0.77,1.0,0.954,0.046
4,euclidean,mean_std_3.0,normalized_union,max_ratio,0.25,0.9,0.77,1.0,0.954,0.046
4,euclidean,mean_std_3.0,normalized_union,max_ratio,0.5,0.9,0.77,1.0,0.954,0.046
4,euclidean,mean_std_3.0,normalized_union,max_ratio,1.0,0.9,0.882,0.912,0.906,0.006
4,euclidean,mean_std_3.0,normalized_union,max_ratio,2.0,0.9,0.12,0.12,0.12,0.0
4,euclidean,center_quantile_0.5,nearest_sphere,none,0.0,0.9,0.218,0.228,0.226,0.002
4,euclidean,center_quantile_0.5,nearest_sphere,none,0.25,0.9,0.218,0.228,0.226,0.002
4,euclidean,center_quantile_0.5,nearest_sphere,none,0.5,0.9,0.218,0.228,0.226,0.002
4,euclidean,center_quantile_0.5,nearest_sphere,none,1.0,0.9,0.218,0.228,0.226,0.002
4,euclidean,center_quantile_0.5,nearest_sphere,none,2.0,0.9,0.218,0.228,0.226,0.002
4,euclidean,center_quantile_0.5,nearest_sphere,ratio,0.0,0.9,0.218,0.228,0.226,0.002
4,euclidean,center_quantile_0.5,nearest_sphere,ratio,0.25,0.9,0.052,0.052,0.052,0.0
4,euclidean,center_quantile_0.5,nearest_sphere,ratio,0.5,0.9,0.016,0.016,0.016,0.0
4,euclidean,center_quantile_0.5,nearest_sphere,ratio,1.0,0.9,0.002,0.002,0.002,0.0
4,euclidean,center_quantile_0.5,nearest_sphere,ratio,2.0,0.9,0.0,0.0,0.0,0.0
4,euclidean,center_quantile_0.5,nearest_sphere,inverse_margin,0.0,0.9,0.218,0.228,0.226,0.002
4,euclidean,center_quantile_0.5,nearest_sphere,inverse_margin,0.25,0.9,0.02,0.02,0.02,0.0
4,euclidean,center_quantile_0.5,nearest_sphere,inverse_margin,0.5,0.9,0.008,0.008,0.008,0.0
4,euclidean,center_quantile_0.5,nearest_sphere,inverse_margin,1.0,0.9,0.0,0.0,0.0,0.0
4,euclidean,center_quantile_0.5,nearest_sphere,inverse_margin,2.0,0.9,0.0,0.0,0.0,0.0
4,euclidean,center_quantile_0.5,nearest_sphere,max_ratio,0.0,0.9,0.218,0.228,0.226,0.002
4,euclidean,center_quantile_0.5,nearest_sphere,max_ratio,0.25,0.9,0.218,0.228,0.226,0.002
4,euclidean,center_quantile_0.5,nearest_sphere,max_ratio,0.5,0.9,0.218,0.228,0.226,0.002
4,euclidean,center_quantile_0.5,nearest_sphere,max_ratio,1.0,0.9,0.218,0.218,0.218,0.0
4,euclidean,center_quantile_0.5,nearest_sphere,max_ratio,2.0,0.9,0.064,0.064,0.064,0.0
4,euclidean,center_quantile_0.5,normalized_union,none,0.0,0.9,0.488,0.598,0.576,0.022
4,euclidean,center_quantile_0.5,normalized_union,none,0.25,0.9,0.488,0.598,0.576,0.022
4,euclidean,center_quantile_0.5,normalized_union,none,0.5,0.9,0.488,0.598,0.576,0.022
4,euclidean,center_quantile_0.5,normalized_union,none,1.0,0.9,0.488,0.598,0.576,0.022
4,euclidean,center_quantile_0.5,normalized_union,none,2.0,0.9,0.488,0.598,0.576,0.022
4,euclidean,center_quantile_0.5,normalized_union,ratio,0.0,0.9,0.488,0.598,0.576,0.022
4,euclidean,center_quantile_0.5,normalized_union,ratio,0.25,0.9,0.122,0.122,0.122,0.0
4,euclidean,center_quantile_0.5,normalized_union,ratio,0.5,0.9,0.018,0.018,0.018,0.0
4,euclidean,center_quantile_0.5,normalized_union,ratio,1.0,0.9,0.002,0.002,0.002,0.0
4,euclidean,center_quantile_0.5,normalized_union,ratio,2.0,0.9,0.0,0.0,0.0,0.0
4,euclidean,center_quantile_0.5,normalized_union,inverse_margin,0.0,0.9,0.488,0.598,0.576,0.022
4,euclidean,center_quantile_0.5,normalized_union,inverse_margin,0.25,0.9,0.024,0.024,0.024,0.0
4,euclidean,center_quantile_0.5,normalized_union,inverse_margin,0.5,0.9,0.008,0.008,0.008,0.0
4,euclidean,center_quantile_0.5,normalized_union,inverse_margin,1.0,0.9,0.0,0.0,0.0,0.0
4,euclidean,center_quantile_0.5,normalized_union,inverse_margin,2.0,0.9,0.0,0.0,0.0,0.0
4,euclidean,center_quantile_0.5,normalized_union,max_ratio,0.0,0.9,0.488,0.598,0.576,0.022
4,euclidean,center_quantile_0.5,normalized_union,max_ratio,0.25,0.9,0.488,0.598,0.576,0.022
4,euclidean,center_quantile_0.5,normalized_union,max_ratio,0.5,0.9,0.488,0.598,0.576,0.022
4,euclidean,center_quantile_0.5,normalized_union,max_ratio,1.0,0.9,0.524,0.584,0.572,0.012
4,euclidean,center_quantile_0.5,normalized_union,max_ratio,2.0,0.9,0.094,0.094,0.094,0.0
4,euclidean,intent_quantile_0.5,nearest_sphere,none,0.0,0.9,0.274,0.274,0.274,0.0
4,euclidean,intent_quantile_0.5,nearest_sphere,none,0.25,0.9,0.274,0.274,0.274,0.0
4,euclidean,intent_quantile_0.5,nearest_sphere,none,0.5,0.9,0.274,0.274,0.274,0.0
4,euclidean,intent_quantile_0.5,nearest_sphere,none,1.0,0.9,0.274,0.274,0.274,0.0
4,euclidean,intent_quantile_0.5,nearest_sphere,none,2.0,0.9,0.274,0.274,0.274,0.0
4,euclidean,intent_quantile_0.5,nearest_sphere,ratio,0.0,0.9,0.274,0.274,0.274,0.0
4,euclidean,intent_quantile_0.5,nearest_sphere,ratio,0.25,0.9,0.102,0.102,0.102,0.0
4,euclidean,intent_quantile_0.5,nearest_sphere,ratio,0.5,0.9,0.024,0.024,0.024,0.0
4,euclidean,intent_quantile_0.5,nearest_sphere,ratio,1.0,0.9,0.006,0.006,0.006,0.0
4,euclidean,intent_quantile_0.5,nearest_sphere,ratio,2.0,0.9,0.0,0.0,0.0,0.0
4,euclidean,intent_quantile_0.5,nearest_sphere,inverse_margin,0.0,0.9,0.274,0.274,0.274,0.0
4,euclidean,intent_quantile_0.5,nearest_sphere,inverse_margin,0.25,0.9,0.032,0.032,0.032,0.0
4,euclidean,intent_quantile_0.5,nearest_sphere,inverse_margin,0.5,0.9,0.012,0.012,0.012,0.0
4,euclidean,intent_quantile_0.5,nearest_sphere,inverse_margin,1.0,0.9,0.0,0.0,0.0,0.0
4,euclidean,intent_quantile_0.5,nearest_sphere,inverse_margin,2.0,0.9,0.0,0.0,0.0,0.0
4,euclidean,intent_quantile_0.5,nearest_sphere,max_ratio,0.0,0.9,0.274,0.274,0.274,0.0
4,euclidean,intent_quantile_0.5,nearest_sphere,max_ratio,0.25,0.9,0.274,0.274,0.274,0.0
4,euclidean,intent_quantile_0.5,nearest_sphere,max_ratio,0.5,0.9,0.274,0.274,0.274,0.0
4,euclidean,intent_quantile_0.5,nearest_sphere,max_ratio,1.0,0.9,0.274,0.274,0.274,0.0
4,euclidean,intent_quantile_0.5,nearest_sphere,max_ratio,2.0,0.9,0.076,0.076,0.076,0.0
4,euclidean,intent_quantile_0.5,normalized_union,none,0.0,0.9,0.274,0.274,0.274,0.0
4,euclidean,intent_quantile_0.5,normalized_union,none,0.25,0.9,0.274,0.274,0.274,0.0
4,euclidean,intent_quantile_0.5,normalized_union,none,0.5,0.9,0.274,0.274,0.274,0.0
4,euclidean,intent_quantile_0.5,normalized_union,none,1.0,0.9,0.274,0.274,0.274,0.0
4,euclidean,intent_quantile_0.5,normalized_union,none,2.0,0.9,0.274,0.274,0.274,0.0
4,euclidean,intent_quantile_0.5,normalized_union,ratio,0.0,0.9,0.274,0.274,0.274,0.0
4,euclidean,intent_quantile_0.5,normalized_union,ratio,0.25,0.9,0.102,0.102,0.102,0.0
4,euclidean,intent_quantile_0.5,normalized_union,ratio,0.5,0.9,0.024,0.024,0.024,0.0
4,euclidean,intent_quantile_0.5,normalized_union,ratio,1.0,0.9,0.006,0.006,0.006,0.0
4,euclidean,intent_quantile_0.5,normalized_union,ratio,2.0,0.9,0.0,0.0,0.0,0.0
4,euclidean,intent_quantile_0.5,normalized_union,inverse_margin,0.0,0.9,0.274,0.274,0.274,0.0
4,euclidean,intent_quantile_0.5,normalized_union,inverse_margin,0.25,0.9,0.032,0.032,0.032,0.0
4,euclidean,intent_quantile_0.5,normalized_union,inverse_margin,0.5,0.9,0.012,0.012,0.012,0.0
4,euclidean,intent_quantile_0.5,normalized_union,inverse_margin,1.0,0.9,0.0,0.0,0.0,0.0
4,euclidean,intent_quantile_0.5,normalized_union,inverse_margin,2.0,0.9,0.0,0.0,0.0,0.0
4,euclidean,intent_quantile_0.5,normalized_union,max_ratio,0.0,0.9,0.274,0.274,0.274,0.0
4,euclidean,intent_quantile_0.5,normalized_union,max_ratio,0.25,0.9,0.274,0.274,0.274,0.0
4,euclidean,intent_quantile_0.5,normalized_union,max_ratio,0.5,0.9,0.274,0.274,0.274,0.0
4,euclidean,intent_quantile_0.5,normalized_union,max_ratio,1.0,0.9,0.274,0.274,0.274,0.0
4,euclidean,intent_quantile_0.5,normalized_union,max_ratio,2.0,0.9,0.076,0.076,0.076,0.0
4,euclidean,center_quantile_0.7,nearest_sphere,none,0.0,0.9,0.374,0.404,0.398,0.006
4,euclidean,center_quantile_0.7,nearest_sphere,none,0.25,0.9,0.374,0.404,0.398,0.006
4,euclidean,center_quantile_0.7,nearest_sphere,none,0.5,0.9,0.374,0.404,0.398,0.006
4,euclidean,center_quantile_0.7,nearest_sphere,none,1.0,0.9,0.374,0.404,0.398,0.006
4,euclidean,center_quantile_0.7,nearest_sphere,none,2.0,0.9,0.374,0.404,0.398,0.006
4,euclidean,center_quantile_0.7,nearest_sphere,ratio,0.0,0.9,0.374,0.404,0.398,0.006
4,euclidean,center_quantile_0.7,nearest_sphere,ratio,0.25,0.9,0.126,0.126,0.126,0.0
4,euclidean,center_quantile_0.7,nearest_sphere,ratio,0.5,0.9,0.028,0.028,0.028,0.0
4,euclidean,center_quantile_0.7,nearest_sphere,ratio,1.0,0.9,0.008,0.008,0.008,0.0
4,euclidean,center_quantile_0.7,nearest_sphere,ratio,2.0,0.9,0.0,0.0,0.0,0.0
4,euclidean,center_quantile_0.7,nearest_sphere,inverse_margin,0.0,0.9,0.374,0.404,0.398,0.006
4,euclidean,center_quantile_0.7,nearest_sphere,inverse_margin,0.25,0.9,0.036,0.036,0.036,0.0
4,euclidean,center_quantile_0.7,nearest_sphere,inverse_margin,0.5,0.9,0.008,0.008,0.008,0.0
4,euclidean,center_quantile_0.7,nearest_sphere,inverse_margin,1.0,0.9,0.0,0.0,0.0,0.0
4,euclidean,center_quantile_0.7,nearest_sphere,inverse_margin,2.0,0.9,0.0,0.0,0.0,0.0
4,euclidean,center_quantile_0.7,nearest_sphere,max_ratio,0.0,0.9,0.374,0.404,0.398,0.006
4,euclidean,center_quantile_0.7,nearest_sphere,max_ratio,0.25,0.9,0.374,0.404,0.398,0.006
4,euclidean,center_quantile_0.7,nearest_sphere,max_ratio,0.5,0.9,0.374,0.404,0.398,0.006
4,euclidean,center_quantile_0.7,nearest_sphere,max_ratio,1.0,0.9,0.372,0.382,0.38,0.002
4,euclidean,center_quantile_0.7,nearest_sphere,max_ratio,2.0,0.9,0.082,0.082,0.082,0.0
4,euclidean,center_quantile_0.7,normalized_union,none,0.0,0.9,0.604,0.834,0.788,0.046
4,euclidean,center_quantile_0.7,normalized_union,none,0.25,0.9,0.604,0.834,0.788,0.046
4,euclidean,center_quantile_0.7,normalized_union,none,0.5,0.9,0.604,0.834,0.788,0.046
4,euclidean,center_quantile_0.7,normalized_union,none,1.0,0.9,0.604,0.834,0.788,0.046
4,euclidean,center_quantile_0.7,normalized_union,none,2.0,0.9,0.604,0.834,0.788,0.046
4,euclidean,center_quantile_0.7,normalized_union,ratio,0.0,0.9,0.604,0.834,0.788,0.046
4,euclidean,center_quantile_0.7,normalized_union,ratio,0.25,0.9,0.314,0.334,0.33,0.004
4,euclidean,center_quantile_0.7,normalized_union,ratio,0.5,0.9,0.036,0.036,0.036,0.0
4,euclidean,center_quantile_0.7,normalized_union,ratio,1.0,0.9,0.008,0.008,0.008,0.0
4,euclidean,center_quantile_0.7,normalized_union,ratio,2.0,0.9,0.0,0.0,0.0,0.0
4,euclidean,center_quantile_0.7,normalized_union,inverse_margin,0.0,0.9,0.604,0.834,0.788,0.046
4,euclidean,center_quantile_0.7,normalized_union,inverse_margin,0.25,0.9,0.048,0.048,0.048,0.0
4,euclidean,center_quantile_0.7,normalized_union,inverse_margin,0.5,0.9,0.008,0.008,0.008,0.0
4,euclidean,center_quantile_0.7,normalized_union,inverse_margin,1.0,0.9,0.0,0.0,0.0,0.0
4,euclidean,center_quantile_0.7,normalized_union,inverse_margin,2.0,0.9,0.0,0.0,0.0,0.0
4,euclidean,center_quantile_0.7,normalized_union,max_ratio,0.0,0.9,0.604,0.834,0.788,0.046
4,euclidean,center_quantile_0.7,normalized_union,max_ratio,0.25,0.9,0.604,0.834,0.788,0.046
4,euclidean,center_quantile_0.7,normalized_union,max_ratio,0.5,0.9,0.604,0.834,0.788,0.046
4,euclidean,center_quantile_0.7,normalized_union,max_ratio,1.0,0.9,0.646,0.806,0.774,0.032
4,euclidean,center_quantile_0.7,normalized_union,max_ratio,2.0,0.9,0.12,0.12,0.12,0.0
4,euclidean,intent_quantile_0.7,nearest_sphere,none,0.0,0.9,0.468,0.478,0.476,0.002
4,euclidean,intent_quantile_0.7,nearest_sphere,none,0.25,0.9,0.468,0.478,0.476,0.002
4,euclidean,intent_quantile_0.7,nearest_sphere,none,0.5,0.9,0.468,0.478,0.476,0.002
4,euclidean,intent_quantile_0.7,nearest_sphere,none,1.0,0.9,0.468,0.478,0.476,0.002
4,euclidean,intent_quantile_0.7,nearest_sphere,none,2.0,0.9,0.468,0.478,0.476,0.002
4,euclidean,intent_quantile_0.7,nearest_sphere,ratio,0.0,0.9,0.468,0.478,0.476,0.002
4,euclidean,intent_quantile_0.7,nearest_sphere,ratio,0.25,0.9,0.212,0.212,0.212,0.0
4,euclidean,intent_quantile_0.7,nearest_sphere,ratio,0.5,0.9,0.062,0.062,0.062,0.0
4,euclidean,intent_quantile_0.7,nearest_sphere,ratio,1.0,0.9,0.012,0.012,0.012,0.0
4,euclidean,intent_quantile_0.7,nearest_sphere,ratio,2.0,0.9,0.0,0.0,0.0,0.0
4,euclidean,intent_quantile_0.7,nearest_sphere,inverse_margin,0.0,0.9,0.468,0.478,0.476,0.002
4,euclidean,intent_quantile_0.7,nearest_sphere,inverse_margin,0.25,0.9,0.074,0.074,0.074,0.0
4,euclidean,intent_quantile_0.7,nearest_sphere,inverse_margin,0.5,0.9,0.014,0.014,0.014,0.0
4,euclidean,intent_quantile_0.7,nearest_sphere,inverse_margin,1.0,0.9,0.006,0.006,0.006,0.0
4,euclidean,intent_quantile_0.7,nearest_sphere,inverse_margin,2.0,0.9,0.0,0.0,0.0,0.0
4,euclidean,intent_quantile_0.7,nearest_sphere,max_ratio,0.0,0.9,0.468,0.478,0.476,0.002
4,euclidean,intent_quantile_0.7,nearest_sphere,max_ratio,0.25,0.9,0.468,0.478,0.476,0.002
4,euclidean,intent_quantile_0.7,nearest_sphere,max_ratio,0.5,0.9,0.468,0.478,0.476,0.002
4,euclidean,intent_quantile_0.7,nearest_sphere,max_ratio,1.0,0.9,0.468,0.478,0.476,0.002
4,euclidean,intent_quantile_0.7,nearest_sphere,max_ratio,2.0,0.9,0.11,0.11,0.11,0.0
4,euclidean,intent_quantile_0.7,normalized_union,none,0.0,0.9,0.468,0.478,0.476,0.002
4,euclidean,intent_quantile_0.7,normalized_union,none,0.25,0.9,0.468,0.478,0.476,0.002
4,euclidean,intent_quantile_0.7,normalized_union,none,0.5,0.9,0.468,0.478,0.476,0.002
4,euclidean,intent_quantile_0.7,normalized_union,none,1.0,0.9,0.468,0.478,0.476,0.002
4,euclidean,intent_quantile_0.7,normalized_union,none,2.0,0.9,0.468,0.478,0.476,0.002
4,euclidean,intent_quantile_0.7,normalized_union,ratio,0.0,0.9,0.468,0.478,0.476,0.002
4,euclidean,intent_quantile_0.7,normalized_union,ratio,0.25,0.9,0.212,0.212,0.212,0.0
4,euclidean,intent_quantile_0.7,normalized_union,ratio,0.5,0.9,0.062,0.062,0.062,0.0
4,euclidean,intent_quantile_0.7,normalized_union,ratio,1.0,0.9,0.012,0.012,0.012,0.0
4,euclidean,intent_quantile_0.7,normalized_union,ratio,2.0,0.9,0.0,0.0,0.0,0.0
4,euclidean,intent_quantile_0.7,normalized_union,inverse_margin,0.0,0.9,0.468,0.478,0.476,0.002
4,euclidean,intent_quantile_0.7,normalized_union,inverse_margin,0.25,0.9,0.074,0.074,0.074,0.0
4,euclidean,intent_quantile_0.7,normalized_union,inverse_margin,0.5,0.9,0.014,0.014,0.014,0.0
4,euclidean,intent_quantile_0.7,normalized_union,inverse_margin,1.0,0.9,0.006,0.006,0.006,0.0
4,euclidean,intent_quantile_0.7,normalized_union,inverse_margin,2.0,0.9,0.0,0.0,0.0,0.0
4,euclidean,intent_quantile_0.7,normalized_union,max_ratio,0.0,0.9,0.468,0.478,0.476,0.002
4,euclidean,intent_quantile_0.7,normalized_union,max_ratio,0.25,0.9,0.468,0.478,0.476,0.002
4,euclidean,intent_quantile_0.7,normalized_union,max_ratio,0.5,0.9,0.468,0.478,0.476,0.002
4,euclidean,intent_quantile_0.7,normalized_union,max_ratio,1.0,0.9,0.468,0.478,0.476,0.002
4,euclidean,intent_quantile_0.7,normalized_union,max_ratio,2.0,0.9,0.11,0.11,0.11,0.0
4,euclidean,center_quantile_0.8,nearest_sphere,none,0.0,0.9,0.462,0.512,0.502,0.01
4,euclidean,center_quantile_0.8,nearest_sphere,none,0.25,0.9,0.462,0.512,0.502,0.01
4,euclidean,center_quantile_0.8,nearest_sphere,none,0.5,0.9,0.462,0.512,0.502,0.01
4,euclidean,center_quantile_0.8,nearest_sphere,none,1.0,0.9,0.462,0.512,0.502,0.01
4,euclidean,center_quantile_0.8,nearest_sphere,none,2.0,0.9,0.462,0.512,0.502,0.01
4,euclidean,center_quantile_0.8,nearest_sphere,ratio,0.0,0.9,0.462,0.512,0.502,0.01
4,euclidean,center_quantile_0.8,nearest_sphere,ratio,0.25,0.9,0.204,0.204,0.204,0.0
4,euclidean,center_quantile_0.8,nearest_sphere,ratio,0.5,0.9,0.048,0.048,0.048,0.0
4,euclidean,center_quantile_0.8,nearest_sphere,ratio,1.0,0.9,0.008,0.008,0.008,0.0
4,euclidean,center_quantile_0.8,nearest_sphere,ratio,2.0,0.9,0.0,0.0,0.0,0.0
4,euclidean,center_quantile_0.8,nearest_sphere,inverse_margin,0.0,0.9,0.462,0.512,0.502,0.01
4,euclidean,center_quantile_0.8,nearest_sphere,inverse_margin,0.25,0.9,0.064,0.064,0.064,0.0
4,euclidean,center_quantile_0.8,nearest_sphere,inverse_margin,0.5,0.9,0.012,0.012,0.012,0.0
4,euclidean,center_quantile_0.8,nearest_sphere,inverse_margin,1.0,0.9,0.0,0.0,0.0,0.0
4,euclidean,center_quantile_0.8,nearest_sphere,inverse_margin,2.0,0.9,0.0,0.0,0.0,0.0
4,euclidean,center_quantile_0.8,nearest_sphere,max_ratio,0.0,0.9,0.462,0.512,0.502,0.01
4,euclidean,center_quantile_0.8,nearest_sphere,max_ratio,0.25,0.9,0.462,0.512,0.502,0.01
4,euclidean,center_quantile_0.8,nearest_sphere,max_ratio,0.5,0.9,0.462,0.512,0.502,0.01
4,euclidean,center_quantile_0.8,nearest_sphere,max_ratio,1.0,0.9,0.468,0.478,0.476,0.002
4,euclidean,center_quantile_0.8,nearest_sphere,max_ratio,2.0,0.9,0.098,0.098,0.098,0.0
4,euclidean,center_quantile_0.8,normalized_union,none,0.0,0.9,0.358,0.908,0.798,0.11
4,euclidean,center_quantile_0.8,normalized_union,none,0.25,0.9,0.358,0.908,0.798,0.11
4,euclidean,center_quantile_0.8,normalized_union,none,0.5,0.9,0.358,0.908,0.798,0.11
4,euclidean,center_quantile_0.8,normalized_union,none,1.0,0.9,0.358,0.908,0.798,0.11
4,euclidean,center_quantile_0.8,normalized_union,none,2.0,0.9,0.358,0.908,0.798,0.11
4,euclidean,center_quantile_0.8,normalized_union,ratio,0.0,0.9,0.358,0.908,0.798,0.11
4,euclidean,center_quantile_0.8,normalized_union,ratio,0.25,0.9,0.434,0.514,0.498,0.016
4,euclidean,center_quantile_0.8,normalized_union,ratio,0.5,0.9,0.086,0.086,0.086,0.0
4,euclidean,center_quantile_0.8,normalized_union,ratio,1.0,0.9,0.008,0.008,0.008,0.0
4,euclidean,center_quantile_0.8,normalized_union,ratio,2.0,0.9,0.0,0.0,0.0,0.0
4,euclidean,center_quantile_0.8,normalized_union,inverse_margin,0.0,0.9,0.358,0.908,0.798,0.11
4,euclidean,center_quantile_0.8,normalized_union,inverse_margin,0.25,0.9,0.088,0.088,0.088,0.0
4,euclidean,center_quantile_0.8,normalized_union,inverse_margin,0.5,0.9,0.012,0.012,0.012,0.0
4,euclidean,center_quantile_0.8,normalized_union,inverse_margin,1.0,0.9,0.0,0.0,0.0,0.0
4,euclidean,center_quantile_0.8,normalized_union,inverse_margin,2.0,0.9,0.0,0.0,0.0,0.0
4,euclidean,center_quantile_0.8,normalized_union,max_ratio,0.0,0.9,0.358,0.908,0.798,0.11
4,euclidean,center_quantile_0.8,normalized_union,max_ratio,0.25,0.9,0.358,0.908,0.798,0.11
4,euclidean,center_quantile_0.8,normalized_union,max_ratio,0.5,0.9,0.358,0.908,0.798,0.11
4,euclidean,center_quantile_0.8,normalized_union,max_ratio,1.0,0.9,0.45,0.86,0.778,0.082
4,euclidean,center_quantile_0.8,normalized_union,max_ratio,2.0,0.9,0.12,0.12,0.12,0.0
4,euclidean,intent_quantile_0.8,nearest_sphere,none,0.0,0.9,0.662,0.672,0.67,0.002
4,euclidean,intent_quantile_0.8,nearest_sphere,none,0.25,0.9,0.662,0.672,0.67,0.002
4,euclidean,intent_quantile_0.8,nearest_sphere,none,0.5,0.9,0.662,0.672,0.67,0.002
4,euclidean,intent_quantile_0.8,nearest_sphere,none,1.0,0.9,0.662,0.672,0.67,0.002
4,euclidean,intent_quantile_0.8,nearest_sphere,none,2.0,0.9,0.662,0.672,0.67,0.002
4,euclidean,intent_quantile_0.8,nearest_sphere,ratio,0.0,0.9,0.662,0.672,0.67,0.002
4,euclidean,intent_quantile_0.8,nearest_sphere,ratio,0.25,0.9,0.354,0.354,0.354,0.0
4,euclidean,intent_quantile_0.8,nearest_sphere,ratio,0.5,0.9,0.138,0.138,0.138,0.0
4,euclidean,intent_quantile_0.8,nearest_sphere,ratio,1.0,0.9,0.014,0.014,0.014,0.0
4,euclidean,intent_quantile_0.8,nearest_sphere,ratio,2.0,0.9,0.0,0.0,0.0,0.0
4,euclidean,intent_quantile_0.8,nearest_sphere,inverse_margin,0.0,0.9,0.662,0.672,0.67,0.002
4,euclidean,intent_quantile_0.8,nearest_sphere,inverse_margin,0.25,0.9,0.136,0.136,0.136,0.0
4,euclidean,intent_quantile_0.8,nearest_sphere,inverse_margin,0.5,0.9,0.028,0.028,0.028,0.0
4,euclidean,intent_quantile_0.8,nearest_sphere,inverse_margin,1.0,0.9,0.006,0.006,0.006,0.0
4,euclidean,intent_quantile_0.8,nearest_sphere,inverse_margin,2.0,0.9,0.0,0.0,0.0,0.0
4,euclidean,intent_quantile_0.8,nearest_sphere,max_ratio,0.0,0.9,0.662,0.672,0.67,0.002
4,euclidean,intent_quantile_0.8,nearest_sphere,max_ratio,0.25,0.9,0.662,0.672,0.67,0.002
4,euclidean,intent_quantile_0.8,nearest_sphere,max_ratio,0.5,0.9,0.662,0.672,0.67,0.002
4,euclidean,intent_quantile_0.8,nearest_sphere,max_ratio,1.0,0.9,0.662,0.672,0.67,0.002
4,euclidean,intent_quantile_0.8,nearest_sphere,max_ratio,2.0,0.9,0.12,0.12,0.12,0.0
4,euclidean,intent_quantile_0.8,normalized_union,none,0.0,0.9,0.662,0.672,0.67,0.002
4,euclidean,intent_quantile_0.8,normalized_union,none,0.25,0.9,0.662,0.672,0.67,0.002
4,euclidean,intent_quantile_0.8,normalized_union,none,0.5,0.9,0.662,0.672,0.67,0.002
4,euclidean,intent_quantile_0.8,normalized_union,none,1.0,0.9,0.662,0.672,0.67,0.002
4,euclidean,intent_quantile_0.8,normalized_union,none,2.0,0.9,0.662,0.672,0.67,0.002
4,euclidean,intent_quantile_0.8,normalized_union,ratio,0.0,0.9,0.662,0.672,0.67,0.002
4,euclidean,intent_quantile_0.8,normalized_union,ratio,0.25,0.9,0.354,0.354,0.354,0.0
4,euclidean,intent_quantile_0.8,normalized_union,ratio,0.5,0.9,0.138,0.138,0.138,0.0
4,euclidean,intent_quantile_0.8,normalized_union,ratio,1.0,0.9,0.014,0.014,0.014,0.0
4,euclidean,intent_quantile_0.8,normalized_union,ratio,2.0,0.9,0.0,0.0,0.0,0.0
4,euclidean,intent_quantile_0.8,normalized_union,inverse_margin,0.0,0.9,0.662,0.672,0.67,0.002
4,euclidean,intent_quantile_0.8,normalized_union,inverse_margin,0.25,0.9,0.136,0.136,0.136,0.0
4,euclidean,intent_quantile_0.8,normalized_union,inverse_margin,0.5,0.9,0.028,0.028,0.028,0.0
4,euclidean,intent_quantile_0.8,normalized_union,inverse_margin,1.0,0.9,0.006,0.006,0.006,0.0
4,euclidean,intent_quantile_0.8,normalized_union,inverse_margin,2.0,0.9,0.0,0.0,0.0,0.0
4,euclidean,intent_quantile_0.8,normalized_union,max_ratio,0.0,0.9,0.662,0.672,0.67,0.002
4,euclidean,intent_quantile_0.8,normalized_union,max_ratio,0.25,0.9,0.662,0.672,0.67,0.002
4,euclidean,intent_quantile_0.8,normalized_union,max_ratio,0.5,0.9,0.662,0.672,0.67,0.002
4,euclidean,intent_quantile_0.8,normalized_union,max_ratio,1.0,0.9,0.662,0.672,0.67,0.002
4,euclidean,intent_quantile_0.8,normalized_union,max_ratio,2.0,0.9,0.12,0.12,0.12,0.0
4,euclidean,center_quantile_0.9,nearest_sphere,none,0.0,0.9,0.608,0.708,0.688,0.02
4,euclidean,center_quantile_0.9,nearest_sphere,none,0.25,0.9,0.608,0.708,0.688,0.02
4,euclidean,center_quantile_0.9,nearest_sphere,none,0.5,0.9,0.608,0.708,0.688,0.02
4,euclidean,center_quantile_0.9,nearest_sphere,none,1.0,0.9,0.608,0.708,0.688,0.02
4,euclidean,center_quantile_0.9,nearest_sphere,none,2.0,0.9,0.608,0.708,0.688,0.02
4,euclidean,center_quantile_0.9,nearest_sphere,ratio,0.0,0.9,0.608,0.708,0.688,0.02
4,euclidean,center_quantile_0.9,nearest_sphere,ratio,0.25,0.9,0.33,0.33,0.33,0.0
4,euclidean,center_quantile_0.9,nearest_sphere,ratio,0.5,0.9,0.09,0.09,0.09,0.0
4,euclidean,center_quantile_0.9,nearest_sphere,ratio,1.0,0.9,0.01,0.01,0.01,0.0
4,euclidean,center_quantile_0.9,nearest_sphere,ratio,2.0,0.9,0.0,0.0,0.0,0.0
4,euclidean,center_quantile_0.9,nearest_sphere,inverse_margin,0.0,0.9,0.608,0.708,0.688,0.02
4,euclidean,center_quantile_0.9,nearest_sphere,inverse_margin,0.25,0.9,0.098,0.098,0.098,0.0
4,euclidean,center_quantile_0.9,nearest_sphere,inverse_margin,0.5,0.9,0.016,0.016,0.016,0.0
4,euclidean,center_quantile_0.9,nearest_sphere,inverse_margin,1.0,0.9,0.002,0.002,0.002,0.0
4,euclidean,center_quantile_0.9,nearest_sphere,inverse_margin,2.0,0.9,0.0,0.0,0.0,0.0
4,euclidean,center_quantile_0.9,nearest_sphere,max_ratio,0.0,0.9,0.608,0.708,0.688,0.02
4,euclidean,center_quantile_0.9,nearest_sphere,max_ratio,0.25,0.9,0.608,0.708,0.688,0.02
4,euclidean,center_quantile_0.9,nearest_sphere,max_ratio,0.5,0.9,0.608,0.708,0.688,0.02
4,euclidean,center_quantile_0.9,nearest_sphere,max_ratio,1.0,0.9,0.636,0.656,0.652,0.004
4,euclidean,center_quantile_0.9,nearest_sphere,max_ratio,2.0,0.9,0.11,0.11,0.11,0.0
4,euclidean,center_quantile_0.9,normalized_union,none,0.0,0.9,0.706,0.956,0.906,0.05
4,euclidean,center_quantile_0.9,normalized_union,none,0.25,0.9,0.706,0.956,0.906,0.05
4,euclidean,center_quantile_0.9,normalized_union,none,0.5,0.9,0.706,0.956,0.906,0.05
4,euclidean,center_quantile_0.9,normalized_union,none,1.0,0.9,0.706,0.956,0.906,0.05
4,euclidean,center_quantile_0.9,normalized_union,none,2.0,0.9,0.706,0.956,0.906,0.05
4,euclidean,center_quantile_0.9,normalized_union,ratio,0.0,0.9,0.706,0.956,0.906,0.05
4,euclidean,center_quantile_0.9,normalized_union,ratio,0.25,0.9,0.686,0.746,0.734,0.012
4,euclidean,center_quantile_0.9,normalized_union,ratio,0.5,0.9,0.228,0.228,0.228,0.0
4,euclidean,center_quantile_0.9,normalized_union,ratio,1.0,0.9,0.01,0.01,0.01,0.0
4,euclidean,center_quantile_0.9,normalized_union,ratio,2.0,0.9,0.0,0.0,0.0,0.0
4,euclidean,center_quantile_0.9,normalized_union,inverse_margin,0.0,0.9,0.706,0.956,0.906,0.05
4,euclidean,center_quantile_0.9,normalized_union,inverse_margin,0.25,0.9,0.194,0.194,0.194,0.0
4,euclidean,center_quantile_0.9,normalized_union,inverse_margin,0.5,0.9,0.02,0.02,0.02,0.0
4,euclidean,center_quantile_0.9,normalized_union,inverse_margin,1.0,0.9,0.002,0.002,0.002,0.0
4,euclidean,center_quantile_0.9,normalized_union,inverse_margin,2.0,0.9,0.0,0.0,0.0,0.0
4,euclidean,center_quantile_0.9,normalized_union,max_ratio,0.0,0.9,0.706,0.956,0.906,0.05
4,euclidean,center_quantile_0.9,normalized_union,max_ratio,0.25,0.9,0.706,0.956,0.906,0.05
4,euclidean,center_quantile_0.9,normalized_union,max_ratio,0.5,0.9,0.706,0.956,0.906,0.05
4,euclidean,center_quantile_0.9,normalized_union,max_ratio,1.0,0.9,0.814,0.894,0.878,0.016
4,euclidean,center_quantile_0.9,normalized_union,max_ratio,2.0,0.9,0.12,0.12,0.12,0.0
4,euclidean,intent_quantile_0.9,nearest_sphere,none,0.0,0.9,0.81,0.83,0.826,0.004
4,euclidean,intent_quantile_0.9,nearest_sphere,none,0.25,0.9,0.81,0.83,0.826,0.004
4,euclidean,intent_quantile_0.9,nearest_sphere,none,0.5,0.9,0.81,0.83,0.826,0.004
4,euclidean,intent_quantile_0.9,nearest_sphere,none,1.0,0.9,0.81,0.83,0.826,0.004
4,euclidean,intent_quantile_0.9,nearest_sphere,none,2.0,0.9,0.81,0.83,0.826,0.004
4,euclidean,intent_quantile_0.9,nearest_sphere,ratio,0.0,0.9,0.81,0.83,0.826,0.004
4,euclidean,intent_quantile_0.9,nearest_sphere,ratio,0.25,0.9,0.6,0.61,0.608,0.002
4,euclidean,intent_quantile_0.9,nearest_sphere,ratio,0.5,0.9,0.334,0.334,0.334,0.0
4,euclidean,intent_quantile_0.9,nearest_sphere,ratio,1.0,0.9,0.038,0.038,0.038,0.0
4,euclidean,intent_quantile_0.9,nearest_sphere,ratio,2.0,0.9,0.002,0.002,0.002,0.0
4,euclidean,intent_quantile_0.9,nearest_sphere,inverse_margin,0.0,0.9,0.81,0.83,0.826,0.004
4,euclidean,intent_quantile_0.9,nearest_sphere,inverse_margin,0.25,0.9,0.288,0.288,0.288,0.0
4,euclidean,intent_quantile_0.9,nearest_sphere,inverse_margin,0.5,0.9,0.072,0.072,0.072,0.0
4,euclidean,intent_quantile_0.9,nearest_sphere,inverse_margin,1.0,0.9,0.008,0.008,0.008,0.0
4,euclidean,intent_quantile_0.9,nearest_sphere,inverse_margin,2.0,0.9,0.0,0.0,0.0,0.0
4,euclidean,intent_quantile_0.9,nearest_sphere,max_ratio,0.0,0.9,0.81,0.83,0.826,0.004
4,euclidean,intent_quantile_0.9,nearest_sphere,max_ratio,0.25,0.9,0.81,0.83,0.826,0.004
4,euclidean,intent_quantile_0.9,nearest_sphere,max_ratio,0.5,0.9,0.81,0.83,0.826,0.004
4,euclidean,intent_quantile_0.9,nearest_sphere,max_ratio,1.0,0.9,0.81,0.82,0.818,0.002
4,euclidean,intent_quantile_0.9,nearest_sphere,max_ratio,2.0,0.9,0.12,0.12,0.12,0.0
4,euclidean,intent_quantile_0.9,normalized_union,none,0.0,0.9,0.774,0.834,0.822,0.012
4,euclidean,intent_quantile_0.9,normalized_union,none,0.25,0.9,0.774,0.834,0.822,0.012
4,euclidean,intent_quantile_0.9,normalized_union,none,0.5,0.9,0.774,0.834,0.822,0.012
4,euclidean,intent_quantile_0.9,normalized_union,none,1.0,0.9,0.774,0.834,0.822,0.012
4,euclidean,intent_quantile_0.9,normalized_union,none,2.0,0.9,0.774,0.834,0.822,0.012
4,euclidean,intent_quantile_0.9,normalized_union,ratio,0.0,0.9,0.774,0.834,0.822,0.012
4,euclidean,intent_quantile_0.9,normalized_union,ratio,0.25,0.9,0.6,0.61,0.608,0.002
4,euclidean,intent_quantile_0.9,normalized_union,ratio,0.5,0.9,0.334,0.334,0.334,0.0
4,euclidean,intent_quantile_0.9,normalized_union,ratio,1.0,0.9,0.038,0.038,0.038,0.0
4,euclidean,intent_quantile_0.9,normalized_union,ratio,2.0,0.9,0.002,0.002,0.002,0.0
4,euclidean,intent_quantile_0.9,normalized_union,inverse_margin,0.0,0.9,0.774,0.834,0.822,0.012
4,euclidean,intent_quantile_0.9,normalized_union,inverse_margin,0.25,0.9,0.288,0.288,0.288,0.0
4,euclidean,intent_quantile_0.9,normalized_union,inverse_margin,0.5,0.9,0.072,0.072,0.072,0.0
4,euclidean,intent_quantile_0.9,normalized_union,inverse_margin,1.0,0.9,0.008,0.008,0.008,0.0
4,euclidean,intent_quantile_0.9,normalized_union,inverse_margin,2.0,0.9,0.0,0.0,0.0,0.0
4,euclidean,intent_quantile_0.9,normalized_union,max_ratio,0.0,0.9,0.774,0.834,0.822,0.012
4,euclidean,intent_quantile_0.9,normalized_union,max_ratio,0.25,0.9,0.774,0.834,0.822,0.012
4,euclidean,intent_quantile_0.9,normalized_union,max_ratio,0.5,0.9,0.774,0.834,0.822,0.012
4,euclidean,intent_quantile_0.9,normalized_union,max_ratio,1.0,0.9,0.8,0.82,0.816,0.004
4,euclidean,intent_quantile_0.9,normalized_union,max_ratio,2.0,0.9,0.12,0.12,0.12,0.0
4,euclidean,center_quantile_0.95,nearest_sphere,none,0.0,0.9,0.722,0.822,0.802,0.02
4,euclidean,center_quantile_0.95,nearest_sphere,none,0.25,0.9,0.722,0.822,0.802,0.02
4,euclidean,center_quantile_0.95,nearest_sphere,none,0.5,0.9,0.722,0.822,0.802,0.02
4,euclidean,center_quantile_0.95,nearest_sphere,none,1.0,0.9,0.722,0.822,0.802,0.02
4,euclidean,center_quantile_0.95,nearest_sphere,none,2.0,0.9,0.722,0.822,0.802,0.02
4,euclidean,center_quantile_0.95,nearest_sphere,ratio,0.0,0.9,0.722,0.822,0.802,0.02
4,euclidean,center_quantile_0.95,nearest_sphere,ratio,0.25,0.9,0.41,0.42,0.418,0.002
4,euclidean,center_quantile_0.95,nearest_sphere,ratio,0.5,0.9,0.142,0.142,0.142,0.0
4,euclidean,center_quantile_0.95,nearest_sphere,ratio,1.0,0.9,0.016,0.016,0.016,0.0
4,euclidean,center_quantile_0.95,nearest_sphere,ratio,2.0,0.9,0.0,0.0,0.0,0.0
4,euclidean,center_quantile_0.95,nearest_sphere,inverse_margin,0.0,0.9,0.722,0.822,0.802,0.02
4,euclidean,center_quantile_0.95,nearest_sphere,inverse_margin,0.25,0.9,0.14,0.14,0.14,0.0
4,euclidean,center_quantile_0.95,nearest_sphere,inverse_margin,0.5,0.9,0.026,0.026,0.026,0.0
4,euclidean,center_quantile_0.95,nearest_sphere,inverse_margin,1.0,0.9,0.006,0.006,0.006,0.0
4,euclidean,center_quantile_0.95,nearest_sphere,inverse_margin,2.0,0.9,0.0,0.0,0.0,0.0
4,euclidean,center_quantile_0.95,nearest_sphere,max_ratio,0.0,0.9,0.722,0.822,0.802,0.02
4,euclidean,center_quantile_0.95,nearest_sphere,max_ratio,0.25,0.9,0.722,0.822,0.802,0.02
4,euclidean,center_quantile_0.95,nearest_sphere,max_ratio,0.5,0.9,0.722,0.822,0.802,0.02
4,euclidean,center_quantile_0.95,nearest_sphere,max_ratio,1.0,0.9,0.744,0.764,0.76,0.004
4,euclidean,center_quantile_0.95,nearest_sphere,max_ratio,2.0,0.9,0.114,0.114,0.114,0.0
4,euclidean,center_quantile_0.95,normalized_union,none,0.0,0.9,0.718,0.978,0.926,0.052
4,euclidean,center_quantile_0.95,normalized_union,none,0.25,0.9,0.718,0.978,0.926,0.052
4,euclidean,center_quantile_0.95,normalized_union,none,0.5,0.9,0.718,0.978,0.926,0.052
4,euclidean,center_quantile_0.95,normalized_union,none,1.0,0.9,0.718,0.978,0.926,0.052
4,euclidean,center_quantile_0.95,normalized_union,none,2.0,0.9,0.718,0.978,0.926,0.052
4,euclidean,center_quantile_0.95,normalized_union,ratio,0.0,0.9,0.718,0.978,0.926,0.052
4,euclidean,center_quantile_0.95,normalized_union,ratio,0.25,0.9,0.752,0.822,0.808,0.014
4,euclidean,center_quantile_0.95,normalized_union,ratio,0.5,0.9,0.314,0.324,0.322,0.002
4,euclidean,center_quantile_0.95,normalized_union,ratio,1.0,0.9,0.016,0.016,0.016,0.0
4,euclidean,center_quantile_0.95,normalized_union,ratio,2.0,0.9,0.0,0.0,0.0,0.0
4,euclidean,center_quantile_0.95,normalized_union,inverse_margin,0.0,0.9,0.718,0.978,0.926,0.052
4,euclidean,center_quantile_0.95,normalized_union,inverse_margin,0.25,0.9,0.262,0.262,0.262,0.0
4,euclidean,center_quantile_0.95,normalized_union,inverse_margin,0.5,0.9,0.036,0.036,0.036,0.0
4,euclidean,center_quantile_0.95,normalized_union,inverse_margin,1.0,0.9,0.006,0.006,0.006,0.0
4,euclidean,center_quantile_0.95,normalized_union,inverse_margin,2.0,0.9,0.0,0.0,0.0,0.0
4,euclidean,center_quantile_0.95,normalized_union,max_ratio,0.0,0.9,0.718,0.978,0.926,0.052
4,euclidean,center_quantile_0.95,normalized_union,max_ratio,0.25,0.9,0.718,0.978,0.926,0.052
4,euclidean,center_quantile_0.95,normalized_union,max_ratio,0.5,0.9,0.718,0.978,0.926,0.052
4,euclidean,center_quantile_0.95,normalized_union,max_ratio,1.0,0.9,0.818,0.908,0.89,0.018
4,euclidean,center_quantile_0.95,normalized_union,max_ratio,2.0,0.9,0.12,0.12,0.12,0.0
4,euclidean,intent_quantile_0.95,nearest_sphere,none,0.0,0.9,0.856,0.896,0.888,0.008
4,euclidean,intent_quantile_0.95,nearest_sphere,none,0.25,0.9,0.856,0.896,0.888,0.008
4,euclidean,intent_quantile_0.95,nearest_sphere,none,0.5,0.9,0.856,0.896,0.888,0.008
4,euclidean,intent_quantile_0.95,nearest_sphere,none,1.0,0.9,0.856,0.896,0.888,0.008
4,euclidean,intent_quantile_0.95,nearest_sphere,none,2.0,0.9,0.856,0.896,0.888,0.008
4,euclidean,intent_quantile_0.95,nearest_sphere,ratio,0.0,0.9,0.856,0.896,0.888,0.008
4,euclidean,intent_quantile_0.95,nearest_sphere,ratio,0.25,0.9,0.756,0.766,0.764,0.002
4,euclidean,intent_quantile_0.95,nearest_sphere,ratio,0.5,0.9,0.468,0.478,0.476,0.002
4,euclidean,intent_quantile_0.95,nearest_sphere,ratio,1.0,0.9,0.102,0.102,0.102,0.0
4,euclidean,intent_quantile_0.95,nearest_sphere,ratio,2.0,0.9,0.004,0.004,0.004,0.0
4,euclidean,intent_quantile_0.95,nearest_sphere,inverse_margin,0.0,0.9,0.856,0.896,0.888,0.008
4,euclidean,intent_quantile_0.95,nearest_sphere,inverse_margin,0.25,0.9,0.378,0.378,0.378,0.0
4,euclidean,intent_quantile_0.95,nearest_sphere,inverse_margin,0.5,0.9,0.132,0.132,0.132,0.0
4,euclidean,intent_quantile_0.95,nearest_sphere,inverse_margin,1.0,0.9,0.012,0.012,0.012,0.0
4,euclidean,intent_quantile_0.95,nearest_sphere,inverse_margin,2.0,0.9,0.0,0.0,0.0,0.0
4,euclidean,intent_quantile_0.95,nearest_sphere,max_ratio,0.0,0.9,0.856,0.896,0.888,0.008
4,euclidean,intent_quantile_0.95,nearest_sphere,max_ratio,0.25,0.9,0.856,0.896,0.888,0.008
4,euclidean,intent_quantile_0.95,nearest_sphere,max_ratio,0.5,0.9,0.856,0.896,0.888,0.008
4,euclidean,intent_quantile_0.95,nearest_sphere,max_ratio,1.0,0.9,0.856,0.876,0.872,0.004
4,euclidean,intent_quantile_0.95,nearest_sphere,max_ratio,2.0,0.9,0.12,0.12,0.12,0.0
4,euclidean,intent_quantile_0.95,normalized_union,none,0.0,0.9,0.812,0.902,0.884,0.018
4,euclidean,intent_quantile_0.95,normalized_union,none,0.25,0.9,0.812,0.902,0.884,0.018
4,euclidean,intent_quantile_0.95,normalized_union,none,0.5,0.9,0.812,0.902,0.884,0.018
4,euclidean,intent_quantile_0.95,normalized_union,none,1.0,0.9,0.812,0.902,0.884,0.018
4,euclidean,intent_quantile_0.95,normalized_union,none,2.0,0.9,0.812,0.902,0.884,0.018
4,euclidean,intent_quantile_0.95,normalized_union,ratio,0.0,0.9,0.812,0.902,0.884,0.018
4,euclidean,intent_quantile_0.95,normalized_union,ratio,0.25,0.9,0.756,0.766,0.764,0.002
4,euclidean,intent_quantile_0.95,normalized_union,ratio,0.5,0.9,0.468,0.478,0.476,0.002
4,euclidean,intent_quantile_0.95,normalized_union,ratio,1.0,0.9,0.102,0.102,0.102,0.0
4,euclidean,intent_quantile_0.95,normalized_union,ratio,2.0,0.9,0.004,0.004,0.004,0.0
4,euclidean,intent_quantile_0.95,normalized_union,inverse_margin,0.0,0.9,0.812,0.902,0.884,0.018
4,euclidean,intent_quantile_0.95,normalized_union,inverse_margin,0.25,0.9,0.378,0.378,0.378,0.0
4,euclidean,intent_quantile_0.95,normalized_union,inverse_margin,0.5,0.9,0.132,0.132,0.132,0.0
4,euclidean,intent_quantile_0.95,normalized_union,inverse_margin,1.0,0.9,0.012,0.012,0.012,0.0
4,euclidean,intent_quantile_0.95,normalized_union,inverse_margin,2.0,0.9,0.0,0.0,0.0,0.0
4,euclidean,intent_quantile_0.95,normalized_union,max_ratio,0.0,0.9,0.812,0.902,0.884,0.018
4,euclidean,intent_quantile_0.95,normalized_union,max_ratio,0.25,0.9,0.812,0.902,0.884,0.018
4,euclidean,intent_quantile_0.95,normalized_union,max_ratio,0.5,0.9,0.812,0.902,0.884,0.018
4,euclidean,intent_quantile_0.95,normalized_union,max_ratio,1.0,0.9,0.856,0.876,0.872,0.004
4,euclidean,intent_quantile_0.95,normalized_union,max_ratio,2.0,0.9,0.12,0.12,0.12,0.0
4,euclidean,center_quantile_0.99,nearest_sphere,none,0.0,0.9,0.802,0.932,0.906,0.026
4,euclidean,center_quantile_0.99,nearest_sphere,none,0.25,0.9,0.802,0.932,0.906,0.026
4,euclidean,center_quantile_0.99,nearest_sphere,none,0.5,0.9,0.802,0.932,0.906,0.026
4,euclidean,center_quantile_0.99,nearest_sphere,none,1.0,0.9,0.802,0.932,0.906,0.026
4,euclidean,center_quantile_0.99,nearest_sphere,none,2.0,0.9,0.802,0.932,0.906,0.026
4,euclidean,center_quantile_0.99,nearest_sphere,ratio,0.0,0.9,0.802,0.932,0.906,0.026
4,euclidean,center_quantile_0.99,nearest_sphere,ratio,0.25,0.9,0.632,0.662,0.656,0.006
4,euclidean,center_quantile_0.99,nearest_sphere,ratio,0.5,0.9,0.308,0.308,0.308,0.0
4,euclidean,center_quantile_0.99,nearest_sphere,ratio,1.0,0.9,0.032,0.032,0.032,0.0
4,euclidean,center_quantile_0.99,nearest_sphere,ratio,2.0,0.9,0.0,0.0,0.0,0.0
4,euclidean,center_quantile_0.99,nearest_sphere,inverse_margin,0.0,0.9,0.802,0.932,0.906,0.026
4,euclidean,center_quantile_0.99,nearest_sphere,inverse_margin,0.25,0.9,0.266,0.266,0.266,0.0
4,euclidean,center_quantile_0.99,nearest_sphere,inverse_margin,0.5,0.9,0.056,0.056,0.056,0.0
4,euclidean,center_quantile_0.99,nearest_sphere,inverse_margin,1.0,0.9,0.008,0.008,0.008,0.0
4,euclidean,center_quantile_0.99,nearest_sphere,inverse_margin,2.0,0.9,0.0,0.0,0.0,0.0
4,euclidean,center_quantile_0.99,nearest_sphere,max_ratio,0.0,0.9,0.802,0.932,0.906,0.026
4,euclidean,center_quantile_0.99,nearest_sphere,max_ratio,0.25,0.9,0.802,0.932,0.906,0.026
4,euclidean,center_quantile_0.99,nearest_sphere,max_ratio,0.5,0.9,0.802,0.932,0.906,0.026
4,euclidean,center_quantile_0.99,nearest_sphere,max_ratio,1.0,0.9,0.84,0.86,0.856,0.004
4,euclidean,center_quantile_0.99,nearest_sphere,max_ratio,2.0,0.9,0.12,0.12,0.12,0.0
4,euclidean,center_quantile_0.99,normalized_union,none,0.0,0.9,0.746,0.986,0.938,0.048
4,euclidean,center_quantile_0.99,normalized_union,none,0.25,0.9,0.746,0.986,0.938,0.048
4,euclidean,center_quantile_0.99,normalized_union,none,0.5,0.9,0.746,0.986,0.938,0.048
4,euclidean,center_quantile_0.99,normalized_union,none,1.0,0.9,0.746,0.986,0.938,0.048
4,euclidean,center_quantile_0.99,normalized_union,none,2.0,0.9,0.746,0.986,0.938,0.048
4,euclidean,center_quantile_0.99,normalized_union,ratio,0.0,0.9,0.746,0.986,0.938,0.048
4,euclidean,center_quantile_0.99,normalized_union,ratio,0.25,0.9,0.788,0.868,0.852,0.016
4,euclidean,center_quantile_0.99,normalized_union,ratio,0.5,0.9,0.53,0.55,0.546,0.004
4,euclidean,center_quantile_0.99,normalized_union,ratio,1.0,0.9,0.054,0.054,0.054,0.0
4,euclidean,center_quantile_0.99,normalized_union,ratio,2.0,0.9,0.0,0.0,0.0,0.0
4,euclidean,center_quantile_0.99,normalized_union,inverse_margin,0.0,0.9,0.746,0.986,0.938,0.048
4,euclidean,center_quantile_0.99,normalized_union,inverse_margin,0.25,0.9,0.386,0.386,0.386,0.0
4,euclidean,center_quantile_0.99,normalized_union,inverse_margin,0.5,0.9,0.084,0.084,0.084,0.0
4,euclidean,center_quantile_0.99,normalized_union,inverse_margin,1.0,0.9,0.008,0.008,0.008,0.0
4,euclidean,center_quantile_0.99,normalized_union,inverse_margin,2.0,0.9,0.0,0.0,0.0,0.0
4,euclidean,center_quantile_0.99,normalized_union,max_ratio,0.0,0.9,0.746,0.986,0.938,0.048
4,euclidean,center_quantile_0.99,normalized_union,max_ratio,0.25,0.9,0.746,0.986,0.938,0.048
4,euclidean,center_quantile_0.99,normalized_union,max_ratio,0.5,0.9,0.746,0.986,0.938,0.048
4,euclidean,center_quantile_0.99,normalized_union,max_ratio,1.0,0.9,0.828,0.908,0.892,0.016
4,euclidean,center_quantile_0.99,normalized_union,max_ratio,2.0,0.9,0.12,0.12,0.12,0.0
4,euclidean,intent_quantile_0.99,nearest_sphere,none,0.0,0.9,0.872,0.972,0.952,0.02
4,euclidean,intent_quantile_0.99,nearest_sphere,none,0.25,0.9,0.872,0.972,0.952,0.02
4,euclidean,intent_quantile_0.99,nearest_sphere,none,0.5,0.9,0.872,0.972,0.952,0.02
4,euclidean,intent_quantile_0.99,nearest_sphere,none,1.0,0.9,0.872,0.972,0.952,0.02
4,euclidean,intent_quantile_0.99,nearest_sphere,none,2.0,0.9,0.872,0.972,0.952,0.02
4,euclidean,intent_quantile_0.99,nearest_sphere,ratio,0.0,0.9,0.872,0.972,0.952,0.02
4,euclidean,intent_quantile_0.99,nearest_sphere,ratio,0.25,0.9,0.856,0.876,0.872,0.004
4,euclidean,intent_quantile_0.99,nearest_sphere,ratio,0.5,0.9,0.706,0.716,0.714,0.002
4,euclidean,intent_quantile_0.99,nearest_sphere,ratio,1.0,0.9,0.206,0.206,0.206,0.0
4,euclidean,intent_quantile_0.99,nearest_sphere,ratio,2.0,0.9,0.008,0.008,0.008,0.0
4,euclidean,intent_quantile_0.99,nearest_sphere,inverse_margin,0.0,0.9,0.872,0.972,0.952,0.02
4,euclidean,intent_quantile_0.99,nearest_sphere,inverse_margin,0.25,0.9,0.508,0.518,0.516,0.002
4,euclidean,intent_quantile_0.99,nearest_sphere,inverse_margin,0.5,0.9,0.21,0.21,0.21,0.0
4,euclidean,intent_quantile_0.99,nearest_sphere,inverse_margin,1.0,0.9,0.026,0.026,0.026,0.0
4,euclidean,intent_quantile_0.99,nearest_sphere,inverse_margin,2.0,0.9,0.0,0.0,0.0,0.0
4,euclidean,intent_quantile_0.99,nearest_sphere,max_ratio,0.0,0.9,0.872,0.972,0.952,0.02
4,euclidean,intent_quantile_0.99,nearest_sphere,max_ratio,0.25,0.9,0.872,0.972,0.952,0.02
4,euclidean,intent_quantile_0.99,nearest_sphere,max_ratio,0.5,0.9,0.872,0.972,0.952,0.02
4,euclidean,intent_quantile_0.99,nearest_sphere,max_ratio,1.0,0.9,0.89,0.91,0.906,0.004
4,euclidean,intent_quantile_0.99,nearest_sphere,max_ratio,2.0,0.9,0.12,0.12,0.12,0.0
4,euclidean,intent_quantile_0.99,normalized_union,none,0.0,0.9,0.798,0.978,0.942,0.036
4,euclidean,intent_quantile_0.99,normalized_union,none,0.25,0.9,0.798,0.978,0.942,0.036
4,euclidean,intent_quantile_0.99,normalized_union,none,0.5,0.9,0.798,0.978,0.942,0.036
4,euclidean,intent_quantile_0.99,normalized_union,none,1.0,0.9,0.798,0.978,0.942,0.036
4,euclidean,intent_quantile_0.99,normalized_union,none,2.0,0.9,0.798,0.978,0.942,0.036
4,euclidean,intent_quantile_0.99,normalized_union,ratio,0.0,0.9,0.798,0.978,0.942,0.036
4,euclidean,intent_quantile_0.99,normalized_union,ratio,0.25,0.9,0.828,0.878,0.868,0.01
4,euclidean,intent_quantile_0.99,normalized_union,ratio,0.5,0.9,0.706,0.716,0.714,0.002
4,euclidean,intent_quantile_0.99,normalized_union,ratio,1.0,0.9,0.206,0.206,0.206,0.0
4,euclidean,intent_quantile_0.99,normalized_union,ratio,2.0,0.9,0.008,0.008,0.008,0.0
4,euclidean,intent_quantile_0.99,normalized_union,inverse_margin,0.0,0.9,0.798,0.978,0.942,0.036
4,euclidean,intent_quantile_0.99,normalized_union,inverse_margin,0.25,0.9,0.508,0.518,0.516,0.002
4,euclidean,intent_quantile_0.99,normalized_union,inverse_margin,0.5,0.9,0.21,0.21,0.21,0.0
4,euclidean,intent_quantile_0.99,normalized_union,inverse_margin,1.0,0.9,0.026,0.026,0.026,0.0
4,euclidean,intent_quantile_0.99,normalized_union,inverse_margin,2.0,0.9,0.0,0.0,0.0,0.0
4,euclidean,intent_quantile_0.99,normalized_union,max_ratio,0.0,0.9,0.798,0.978,0.942,0.036
4,euclidean,intent_quantile_0.99,normalized_union,max_ratio,0.25,0.9,0.798,0.978,0.942,0.036
4,euclidean,intent_quantile_0.99,normalized_union,max_ratio,0.5,0.9,0.798,0.978,0.942,0.036
4,euclidean,intent_quantile_0.99,normalized_union,max_ratio,1.0,0.9,0.89,0.91,0.906,0.004
4,euclidean,intent_quantile_0.99,normalized_union,max_ratio,2.0,0.9,0.12,0.12,0.12,0.0
4,mahalanobis_diag,mean_std_0.0,nearest_sphere,none,0.0,0.9,0.492,0.602,0.58,0.022
4,mahalanobis_diag,mean_std_0.0,nearest_sphere,none,0.25,0.9,0.492,0.602,0.58,0.022
4,mahalanobis_diag,mean_std_0.0,nearest_sphere,none,0.5,0.9,0.492,0.602,0.58,0.022
4,mahalanobis_diag,mean_std_0.0,nearest_sphere,none,1.0,0.9,0.492,0.602,0.58,0.022
4,mahalanobis_diag,mean_std_0.0,nearest_sphere,none,2.0,0.9,0.492,0.602,0.58,0.022
4,mahalanobis_diag,mean_std_0.0,nearest_sphere,ratio,0.0,0.9,0.492,0.602,0.58,0.022
4,mahalanobis_diag,mean_std_0.0,nearest_sphere,ratio,0.25,0.9,0.046,0.046,0.046,0.0
4,mahalanobis_diag,mean_std_0.0,nearest_sphere,ratio,0.5,0.9,0.002,0.002,0.002,0.0
4,mahalanobis_diag,mean_std_0.0,nearest_sphere,ratio,1.0,0.9,0.0,0.0,0.0,0.0
4,mahalanobis_diag,mean_std_0.0,nearest_sphere,ratio,2.0,0.9,0.0,0.0,0.0,0.0
4,mahalanobis_diag,mean_std_0.0,nearest_sphere,inverse_margin,0.0,0.9,0.492,0.602,0.58,0.022
4,mahalanobis_diag,mean_std_0.0,nearest_sphere,inverse_margin,0.25,0.9,0.0,0.0,0.0,0.0
4,mahalanobis_diag,mean_std_0.0,nearest_sphere,inverse_margin,0.5,0.9,0.0,0.0,0.0,0.0
4,mahalanobis_diag,mean_std_0.0,nearest_sphere,inverse_margin,1.0,0.9,0.0,0.0,0.0,0.0
4,mahalanobis_diag,mean_std_0.0,nearest_sphere,inverse_margin,2.0,0.9,0.0,0.0,0.0,0.0
4,mahalanobis_diag,mean_std_0.0,nearest_sphere,max_ratio,0.0,0.9,0.492,0.602,0.58,0.022
4,mahalanobis_diag,mean_std_0.0,nearest_sphere,max_ratio,0.25,0.9,0.492,0.602,0.58,0.022
4,mahalanobis_diag,mean_std_0.0,nearest_sphere,max_ratio,0.5,0.9,0.492,0.602,0.58,0.022
4,mahalanobis_diag,mean_std_0.0,nearest_sphere,max_ratio,1.0,0.9,0.512,0.522,0.52,0.002
4,mahalanobis_diag,mean_std_0.0,nearest_sphere,max_ratio,2.0,0.9,0.0,0.0,0.0,0.0
4,mahalanobis_diag,mean_std_0.0,normalized_union,none,0.0,0.9,0.492,0.602,0.58,0.022
4,mahalanobis_diag,mean_std_0.0,normalized_union,none,0.25,0.9,0.492,0.602,0.58,0.022
4,mahalanobis_diag,mean_std_0.0,normalized_union,none,0.5,0.9,0.492,0.602,0.58,0.022
4,mahalanobis_diag,mean_std_0.0,normalized_union,none,1.0,0.9,0.492,0.602,0.58,0.022
4,mahalanobis_diag,mean_std_0.0,normalized_union,none,2.0,0.9,0.492,0.602,0.58,0.022
4,mahalanobis_diag,mean_std_0.0,normalized_union,ratio,0.0,0.9,0.492,0.602,0.58,0.022
4,mahalanobis_diag,mean_std_0.0,normalized_union,ratio,0.25,0.9,0.046,0.046,0.046,0.0
4,mahalanobis_diag,mean_std_0.0,normalized_union,ratio,0.5,0.9,0.002,0.002,0.002,0.0
4,mahalanobis_diag,mean_std_0.0,normalized_union,ratio,1.0,0.9,0.0,0.0,0.0,0.0
4,mahalanobis_diag,mean_std_0.0,normalized_union,ratio,2.0,0.9,0.0,0.0,0.0,0.0
4,mahalanobis_diag,mean_std_0.0,normalized_union,inverse_margin,0.0,0.9,0.492,0.602,0.58,0.022
4,mahalanobis_diag,mean_std_0.0,normalized_union,inverse_margin,0.25,0.9,0.0,0.0,0.0,0.0
4,mahalanobis_diag,mean_std_0.0,normalized_union,inverse_margin,0.5,0.9,0.0,0.0,0.0,0.0
4,mahalanobis_diag,mean_std_0.0,normalized_union,inverse_margin,1.0,0.9,0.0,0.0,0.0,0.0
4,mahalanobis_diag,mean_std_0.0,normalized_union,inverse_margin,2.0,0.9,0.0,0.0,0.0,0.0
4,mahalanobis_diag,mean_std_0.0,normalized_union,max_ratio,0.0,0.9,0.492,0.602,0.58,0.022
4,mahalanobis_diag,mean_std_0.0,normalized_union,max_ratio,0.25,0.9,0.492,0.602,0.58,0.022
4,mahalanobis_diag,mean_std_0.0,normalized_union,max_ratio,0.5,0.9,0.492,0.602,0.58,0.022
4,mahalanobis_diag,mean_std_0.0,normalized_union,max_ratio,1.0,0.9,0.512,0.522,0.52,0.002
4,mahalanobis_diag,mean_std_0.0,normalized_union,max_ratio,2.0,0.9,0.0,0.0,0.0,0.0
4,mahalanobis_diag,mean_std_0.25,nearest_sphere,none,0.0,0.9,0.588,0.738,0.708,0.03
4,mahalanobis_diag,mean_std_0.25,nearest_sphere,none,0.25,0.9,0.588,0.738,0.708,0.03
4,mahalanobis_diag,mean_std_0.25,nearest_sphere,none,0.5,0.9,0.588,0.738,0.708,0.03
4,mahalanobis_diag,mean_std_0.25,nearest_sphere,none,1.0,0.9,0.588,0.738,0.708,0.03
4,mahalanobis_diag,mean_std_0.25,nearest_sphere,none,2.0,0.9,0.588,0.738,0.708,0.03
4,mahalanobis_diag,mean_std_0.25,nearest_sphere,ratio,0.0,0.9,0.588,0.738,0.708,0.03
4,mahalanobis_diag,mean_std_0.25,nearest_sphere,ratio,0.25,0.9,0.092,0.092,0.092,0.0
4,mahalanobis_diag,mean_std_0.25,nearest_sphere,ratio,0.5,0.9,0.008,0.008,0.008,0.0
4,mahalanobis_diag,mean_std_0.25,nearest_sphere,ratio,1.0,0.9,0.0,0.0,0.0,0.0
4,mahalanobis_diag,mean_std_0.25,nearest_sphere,ratio,2.0,0.9,0.0,0.0,0.0,0.0
4,mahalanobis_diag,mean_std_0.25,nearest_sphere,inverse_margin,0.0,0.9,0.588,0.738,0.708,0.03
4,mahalanobis_diag,mean_std_0.25,nearest_sphere,inverse_margin,0.25,0.9,0.0,0.0,0.0,0.0
4,mahalanobis_diag,mean_std_0.25,nearest_sphere,inverse_margin,0.5,0.9,0.0,0.0,0.0,0.0
4,mahalanobis_diag,mean_std_0.25,nearest_sphere,inverse_margin,1.0,0.9,0.0,0.0,0.0,0.0
4,mahalanobis_diag,mean_std_0.25,nearest_sphere,inverse_margin,2.0,0.9,0.0,0.0,0.0,0.0
4,mahalanobis_diag,mean_std_0.25,nearest_sphere,max_ratio,0.0,0.9,0.588,0.738,0.708,0.03
4,mahalanobis_diag,mean_std_0.25,nearest_sphere,max_ratio,0.25,0.9,0.588,0.738,0.708,0.03
4,mahalanobis_diag,mean_std_0.25,nearest_sphere,max_ratio,0.5,0.9,0.588,0.738,0.708,0.03
4,mahalanobis_diag,mean_std_0.25,nearest_sphere,max_ratio,1.0,0.9,0.622,0.632,0.63,0.002
4,mahalanobis_diag,mean_std_0.25,nearest_sphere,max_ratio,2.0,0.9,0.0,0.0,0.0,0.0
4,mahalanobis_diag,mean_std_0.25,normalized_union,none,0.0,0.9,0.608,0.738,0.712,0.026
4,mahalanobis_diag,mean_std_0.25,normalized_union,none,0.25,0.9,0.608,0.738,0.712,0.026
4,mahalanobis_diag,mean_std_0.25,normalized_union,none,0.5,0.9,0.608,0.738,0.712,0.026
4,mahalanobis_diag,mean_std_0.25,normalized_union,none,1.0,0.9,0.608,0.738,0.712,0.026
4,mahalanobis_diag,mean_std_0.25,normalized_union,none,2.0,0.9,0.608,0.738,0.712,0.026
4,mahalanobis_diag,mean_std_0.25,normalized_union,ratio,0.0,0.9,0.608,0.738,0.712,0.026
4,mahalanobis_diag,mean_std_0.25,normalized_union,ratio,0.25,0.9,0.092,0.092,0.092,0.0
4,mahalanobis_diag,mean_std_0.25,normalized_union,ratio,0.5,0.9,0.008,0.008,0.008,0.0
4,mahalanobis_diag,mean_std_0.25,normalized_union,ratio,1.0,0.9,0.0,0.0,0.0,0.0
4,mahalanobis_diag,mean_std_0.25,normalized_union,ratio,2.0,0.9,0.0,0.0,0.0,0.0
4,mahalanobis_diag,mean_std_0.25,normalized_union,inverse_margin,0.0,0.9,0.608,0.738,0.712,0.026
4,mahalanobis_diag,mean_std_0.25,normalized_union,inverse_margin,0.25,0.9,0.0,0.0,0.0,0.0
4,mahalanobis_diag,mean_std_0.25,normalized_union,inverse_margin,0.5,0.9,0.0,0.0,0.0,0.0
4,mahalanobis_diag,mean_std_0.25,normalized_union,inverse_margin,1.0,0.9,0.0,0.0,0.0,0.0
4,mahalanobis_diag,mean_std_0.25,normalized_union,inverse_margin,2.0,0.9,0.0,0.0,0.0,0.0
4,mahalanobis_diag,mean_std_0.25,normalized_union,max_ratio,0.0,0.9,0.608,0.738,0.712,0.026
4,mahalanobis_diag,mean_std_0.25,normalized_union,max_ratio,0.25,0.9,0.608,0.738,0.712,0.026
4,mahalanobis_diag,mean_std_0.25,normalized_union,max_ratio,0.5,0.9,0.608,0.738,0.712,0.026
4,mahalanobis_diag,mean_std_0.25,normalized_union,max_ratio,1.0,0.9,0.622,0.632,0.63,0.002
4,mahalanobis_diag,mean_std_0.25,normalized_union,max_ratio,2.0,0.9,0.0,0.0,0.0,0.0
4,mahalanobis_diag,mean_std_0.5,nearest_sphere,none,0.0,0.9,0.62,0.83,0.788,0.042
4,mahalanobis_diag,mean_std_0.5,nearest_sphere,none,0.25,0.9,0.62,0.83,0.788,0.042
4,mahalanobis_diag,mean_std_0.5,nearest_sphere,none,0.5,0.9,0.62,0.83,0.788,0.042
4,mahalanobis_diag,mean_std_0.5,nearest_sphere,none,1.0,0.9,0.62,0.83,0.788,0.042
4,mahalanobis_diag,mean_std_0.5,nearest_sphere,none,2.0,0.9,0.62,0.83,0.788,0.042
4,mahalanobis_diag,mean_std_0.5,nearest_sphere,ratio,0.0,0.9,0.62,0.83,0.788,0.042
4,mahalanobis_diag,mean_std_0.5,nearest_sphere,ratio,0.25,0.9,0.146,0.156,0.154,0.002
4,mahalanobis_diag,mean_std_0.5,nearest_sphere,ratio,0.5,0.9,0.008,0.008,0.008,0.0
4,mahalanobis_diag,mean_std_0.5,nearest_sphere,ratio,1.0,0.9,0.0,0.0,0.0,0.0
4,mahalanobis_diag,mean_std_0.5,nearest_sphere,ratio,2.0,0.9,0.0,0.0,0.0,0.0
4,mahalanobis_diag,mean_std_0.5,nearest_sphere,inverse_margin,0.0,0.9,0.62,0.83,0.788,0.042
4,mahalanobis_diag,mean_std_0.5,nearest_sphere,inverse_margin,0.25,0.9,0.002,0.002,0.002,0.0
4,mahalanobis_diag,mean_std_0.5,nearest_sphere,inverse_margin,0.5,0.9,0.0,0.0,0.0,0.0
4,mahalanobis_diag,mean_std_0.5,nearest_sphere,inverse_margin,1.0,0.9,0.0,0.0,0.0,0.0
4,mahalanobis_diag,mean_std_0.5,nearest_sphere,inverse_margin,2.0,0.9,0.0,0.0,0.0,0.0
4,mahalanobis_diag,mean_std_0.5,nearest_sphere,max_ratio,0.0,0.9,0.62,0.83,0.788,0.042
4,mahalanobis_diag,mean_std_0.5,nearest_sphere,max_ratio,0.25,0.9,0.62,0.83,0.788,0.042
4,mahalanobis_diag,mean_std_0.5,nearest_sphere,max_ratio,0.5,0.9,0.62,0.83,0.788,0.042
4,mahalanobis_diag,mean_std_0.5,nearest_sphere,max_ratio,1.0,0.9,0.676,0.686,0.684,0.002
4,mahalanobis_diag,mean_std_0.5,nearest_sphere,max_ratio,2.0,0.9,0.0,0.0,0.0,0.0
4,mahalanobis_diag,mean_std_0.5,normalized_union,none,0.0,0.9,0.66,0.83,0.796,0.034
4,mahalanobis_diag,mean_std_0.5,normalized_union,none,0.25,0.9,0.66,0.83,0.796,0.034
4,mahalanobis_diag,mean_std_0.5,normalized_union,none,0.5,0.9,0.66,0.83,0.796,0.034
4,mahalanobis_diag,mean_std_0.5,normalized_union,none,1.0,0.9,0.66,0.83,0.796,0.034
4,mahalanobis_diag,mean_std_0.5,normalized_union,none,2.0,0.9,0.66,0.83,0.796,0.034
4,mahalanobis_diag,mean_std_0.5,normalized_union,ratio,0.0,0.9,0.66,0.83,0.796,0.034
4,mahalanobis_diag,mean_std_0.5,normalized_union,ratio,0.25,0.9,0.146,0.156,0.154,0.002
4,mahalanobis_diag,mean_std_0.5,normalized_union,ratio,0.5,0.9,0.008,0.008,0.008,0.0
4,mahalanobis_diag,mean_std_0.5,normalized_union,ratio,1.0,0.9,0.0,0.0,0.0,0.0
4,mahalanobis_diag,mean_std_0.5,normalized_union,ratio,2.0,0.9,0.0,0.0,0.0,0.0
4,mahalanobis_diag,mean_std_0.5,normalized_union,inverse_margin,0.0,0.9,0.66,0.83,0.796,0.034
4,mahalanobis_diag,mean_std_0.5,normalized_union,inverse_margin,0.25,0.9,0.002,0.002,0.002,0.0
4,mahalanobis_diag,mean_std_0.5,normalized_union,inverse_margin,0.5,0.9,0.0,0.0,0.0,0.0
4,mahalanobis_diag,mean_std_0.5,normalized_union,inverse_margin,1.0,0.9,0.0,0.0,0.0,0.0
4,mahalanobis_diag,mean_std_0.5,normalized_union,inverse_margin,2.0,0.9,0.0,0.0,0.0,0.0
4,mahalanobis_diag,mean_std_0.5,normalized_union,max_ratio,0.0,0.9,0.66,0.83,0.796,0.034
4,mahalanobis_diag,mean_std_0.5,normalized_union,max_ratio,0.25,0.9,0.66,0.83,0.796,0.034
4,mahalanobis_diag,mean_std_0.5,normalized_union,max_ratio,0.5,0.9,0.66,0.83,0.796,0.034
4,mahalanobis_diag,mean_std_0.5,normalized_union,max_ratio,1.0,0.9,0.676,0.686,0.684,0.002
4,mahalanobis_diag,mean_std_0.5,normalized_union,max_ratio,2.0,0.9,0.0,0.0,0.0,0.0
4,mahalanobis_diag,mean_std_0.75,nearest_sphere,none,0.0,0.9,0.616,0.876,0.824,0.052
4,mahalanobis_diag,mean_std_0.75,nearest_sphere,none,0.25,0.9,0.616,0.876,0.824,0.052
4,mahalanobis_diag,mean_std_0.75,nearest_sphere,none,0.5,0.9,0.616,0.876,0.824,0.052
4,mahalanobis_diag,mean_std_0.75,nearest_sphere,none,1.0,0.9,0.616,0.876,0.824,0.052
4,mahalanobis_diag,mean_std_0.75,nearest_sphere,none,2.0,0.9,0.616,0.876,0.824,0.052
4,mahalanobis_diag,mean_std_0.75,nearest_sphere,ratio,0.0,0.9,0.616,0.876,0.824,0.052
4,mahalanobis_diag,mean_std_0.75,nearest_sphere,ratio,0.25,0.9,0.228,0.248,0.244,0.004
4,mahalanobis_diag,mean_std_0.75,nearest_sphere,ratio,0.5,0.9,0.016,0.016,0.016,0.0
4,mahalanobis_diag,mean_std_0.75,nearest_sphere,ratio,1.0,0.9,0.0,0.0,0.0,0.0
4,mahalanobis_diag,mean_std_0.75,nearest_sphere,ratio,2.0,0.9,0.0,0.0,0.0,0.0
4,mahalanobis_diag,mean_std_0.75,nearest_sphere,inverse_margin,0.0,0.9,0.616,0.876,0.824,0.052
4,mahalanobis_diag,mean_std_0.75,nearest_sphere,inverse_margin,0.25,0.9,0.004,0.004,0.004,0.0
4,mahalanobis_diag,mean_std_0.75,nearest_sphere,inverse_margin,0.5,0.9,0.0,0.0,0.0,0.0
4,mahalanobis_diag,mean_std_0.75,nearest_sphere,inverse_margin,1.0,0.9,0.0,0.0,0.0,0.0
4,mahalanobis_diag,mean_std_0.75,nearest_sphere,inverse_margin,2.0,0.9,0.0,0.0,0.0,0.0
4,mahalanobis_diag,mean_std_0.75,nearest_sphere,max_ratio,0.0,0.9,0.616,0.876,0.824,0.052
4,mahalanobis_diag,mean_std_0.75,nearest_sphere,max_ratio,0.25,0.9,0.616,0.876,0.824,0.052
4,mahalanobis_diag,mean_std_0.75,nearest_sphere,max_ratio,0.5,0.9,0.616,0.876,0.824,0.052
4,mahalanobis_diag,mean_std_0.75,nearest_sphere,max_ratio,1.0,0.9,0.692,0.712,0.708,0.004
4,mahalanobis_diag,mean_std_0.75,nearest_sphere,max_ratio,2.0,0.9,0.0,0.0,0.0,0.0
4,mahalanobis_diag,mean_std_0.75,normalized_union,none,0.0,0.9,0.678,0.878,0.838,0.04
4,mahalanobis_diag,mean_std_0.75,normalized_union,none,0.25,0.9,0.678,0.878,0.838,0.04
4,mahalanobis_diag,mean_std_0.75,normalized_union,none,0.5,0.9,0.678,0.878,0.838,0.04
4,mahalanobis_diag,mean_std_0.75,normalized_union,none,1.0,0.9,0.678,0.878,0.838,0.04
4,mahalanobis_diag,mean_std_0.75,normalized_union,none,2.0,0.9,0.678,0.878,0.838,0.04
4,mahalanobis_diag,mean_std_0.75,normalized_union,ratio,0.0,0.9,0.678,0.878,0.838,0.04
4,mahalanobis_diag,mean_std_0.75,normalized_union,ratio,0.25,0.9,0.228,0.248,0.244,0.004
4,mahalanobis_diag,mean_std_0.75,normalized_union,ratio,0.5,0.9,0.016,0.016,0.016,0.0
4,mahalanobis_diag,mean_std_0.75,normalized_union,ratio,1.0,0.9,0.0,0.0,0.0,0.0
4,mahalanobis_diag,mean_std_0.75,normalized_union,ratio,2.0,0.9,0.0,0.0,0.0,0.0
4,mahalanobis_diag,mean_std_0.75,normalized_union,inverse_margin,0.0,0.9,0.678,0.878,0.838,0.04
4,mahalanobis_diag,mean_std_0.75,normalized_union,inverse_margin,0.25,0.9,0.004,0.004,0.004,0.0
4,mahalanobis_diag,mean_std_0.75,normalized_union,inverse_margin,0.5,0.9,0.0,0.0,0.0,0.0
4,mahalanobis_diag,mean_std_0.75,normalized_union,inverse_margin,1.0,0.9,0.0,0.0,0.0,0.0
4,mahalanobis_diag,mean_std_0.75,normalized_union,inverse_margin,2.0,0.9,0.0,0.0,0.0,0.0
4,mahalanobis_diag,mean_std_0.75,normalized_union,max_ratio,0.0,0.9,0.678,0.878,0.838,0.04
4,mahalanobis_diag,mean_std_0.75,normalized_union,max_ratio,0.25,0.9,0.678,0.878,0.838,0.04
4,mahalanobis_diag,mean_std_0.75,normalized_union,max_ratio,0.5,0.9,0.678,0.878,0.838,0.04
4,mahalanobis_diag,mean_std_0.75,normalized_union,max_ratio,1.0,0.9,0.692,0.712,0.708,0.004
4,mahalanobis_diag,mean_std_0.75,normalized_union,max_ratio,2.0,0.9,0.0,0.0,0.0,0.0
4,mahalanobis_diag,mean_std_1.0,nearest_sphere,none,0.0,0.9,0.648,0.918,0.864,0.054
4,mahalanobis_diag,mean_std_1.0,nearest_sphere,none,0.25,0.9,0.648,0.918,0.864,0.054
4,mahalanobis_diag,mean_std_1.0,nearest_sphere,none,0.5,0.9,0.648,0.918,0.864,0.054
4,mahalanobis_diag,mean_std_1.0,nearest_sphere,none,1.0,0.9,0.648,0.918,0.864,0.054
4,mahalanobis_diag,mean_std_1.0,nearest_sphere,none,2.0,0.9,0.648,0.918,0.864,0.054
4,mahalanobis_diag,mean_std_1.0,nearest_sphere,ratio,0.0,0.9,0.648,0.918,0.864,0.054
4,mahalanobis_diag,mean_std_1.0,nearest_sphere,ratio,0.25,0.9,0.31,0.34,0.334,0.006
4,mahalanobis_diag,mean_std_1.0,nearest_sphere,ratio,0.5,0.9,0.022,0.022,0.022,0.0
4,mahalanobis_diag,mean_std_1.0,nearest_sphere,ratio,1.0,0.9,0.0,0.0,0.0,0.0
4,mahalanobis_diag,mean_std_1.0,nearest_sphere,ratio,2.0,0.9,0.0,0.0,0.0,0.0
4,mahalanobis_diag,mean_std_1.0,nearest_sphere,inverse_margin,0.0,0.9,0.648,0.918,0.864,0.054
4,mahalanobis_diag,mean_std_1.0,nearest_sphere,inverse_margin,0.25,0.9,0.006,0.006,0.006,0.0
4,mahalanobis_diag,mean_std_1.0,nearest_sphere,inverse_margin,0.5,0.9,0.0,0.0,0.0,0.0
4,mahalanobis_diag,mean_std_1.0,nearest_sphere,inverse_margin,1.0,0.9,0.0,0.0,0.0,0.0
4,mahalanobis_diag,mean_std_1.0,nearest_sphere,inverse_margin,2.0,0.9,0.0,0.0,0.0,0.0
4,mahalanobis_diag,mean_std_1.0,nearest_sphere,max_ratio,0.0,0.9,0.648,0.918,0.864,0.054
4,mahalanobis_diag,mean_std_1.0,nearest_sphere,max_ratio,0.25,0.9,0.648,0.918,0.864,0.054
4,mahalanobis_diag,mean_std_1.0,nearest_sphere,max_ratio,0.5,0.9,0.648,0.918,0.864,0.054
4,mahalanobis_diag,mean_std_1.0,nearest_sphere,max_ratio,1.0,0.9,0.718,0.738,0.734,0.004
4,mahalanobis_diag,mean_std_1.0,nearest_sphere,max_ratio,2.0,0.9,0.0,0.0,0.0,0.0
4,mahalanobis_diag,mean_std_1.0,normalized_union,none,0.0,0.9,0.748,0.918,0.884,0.034
4,mahalanobis_diag,mean_std_1.0,normalized_union,none,0.25,0.9,0.748,0.918,0.884,0.034
4,mahalanobis_diag,mean_std_1.0,normalized_union,none,0.5,0.9,0.748,0.918,0.884,0.034
4,mahalanobis_diag,mean_std_1.0,normalized_union,none,1.0,0.9,0.748,0.918,0.884,0.034
4,mahalanobis_diag,mean_std_1.0,normalized_union,none,2.0,0.9,0.748,0.918,0.884,0.034
4,mahalanobis_diag,mean_std_1.0,normalized_union,ratio,0.0,0.9,0.748,0.918,0.884,0.034
4,mahalanobis_diag,mean_std_1.0,normalized_union,ratio,0.25,0.9,0.314,0.344,0.338,0.006
4,mahalanobis_diag,mean_std_1.0,normalized_union,ratio,0.5,0.9,0.022,0.022,0.022,0.0
4,mahalanobis_diag,mean_std_1.0,normalized_union,ratio,1.0,0.9,0.0,0.0,0.0,0.0
4,mahalanobis_diag,mean_std_1.0,normalized_union,ratio,2.0,0.9,0.0,0.0,0.0,0.0
4,mahalanobis_diag,mean_std_1.0,normalized_union,inverse_margin,0.0,0.9,0.748,0.918,0.884,0.034
4,mahalanobis_diag,mean_std_1.0,normalized_union,inverse_margin,0.25,0.9,0.006,0.006,0.006,0.0
4,mahalanobis_diag,mean_std_1.0,normalized_union,inverse_margin,0.5,0.9,0.0,0.0,0.0,0.0
4,mahalanobis_diag,mean_std_1.0,normalized_union,inverse_margin,1.0,0.9,0.0,0.0,0.0,0.0
4,mahalanobis_diag,mean_std_1.0,normalized_union,inverse_margin,2.0,0.9,0.0,0.0,0.0,0.0
4,mahalanobis_diag,mean_std_1.0,normalized_union,max_ratio,0.0,0.9,0.748,0.918,0.884,0.034
4,mahalanobis_diag,mean_std_1.0,normalized_union,max_ratio,0.25,0.9,0.748,0.918,0.884,0.034
4,mahalanobis_diag,mean_std_1.0,normalized_union,max_ratio,0.5,0.9,0.748,0.918,0.884,0.034
4,mahalanobis_diag,mean_std_1.0,normalized_union,max_ratio,1.0,0.9,0.718,0.738,0.734,0.004
4,mahalanobis_diag,mean_std_1.0,normalized_union,max_ratio,2.0,0.9,0.0,0.0,0.0,0.0
4,mahalanobis_diag,mean_std_1.5,nearest_sphere,none,0.0,0.9,0.592,0.952,0.88,0.072
4,mahalanobis_diag,mean_std_1.5,nearest_sphere,none,0.25,0.9,0.592,0.952,0.88,0.072
4,mahalanobis_diag,mean_std_1.5,nearest_sphere,none,0.5,0.9,0.592,0.952,0.88,0.072
4,mahalanobis_diag,mean_std_1.5,nearest_sphere,none,1.0,0.9,0.592,0.952,0.88,0.072
4,mahalanobis_diag,mean_std_1.5,nearest_sphere,none,2.0,0.9,0.592,0.952,0.88,0.072
4,mahalanobis_diag,mean_std_1.5,nearest_sphere,ratio,0.0,0.9,0.592,0.952,0.88,0.072
4,mahalanobis_diag,mean_std_1.5,nearest_sphere,ratio,0.25,0.9,0.454,0.514,0.502,0.012
4,mahalanobis_diag,mean_std_1.5,nearest_sphere,ratio,0.5,0.9,0.032,0.032,0.032,0.0
4,mahalanobis_diag,mean_std_1.5,nearest_sphere,ratio,1.0,0.9,0.0,0.0,0.0,0.0
4,mahalanobis_diag,mean_std_1.5,nearest_sphere,ratio,2.0,0.9,0.0,0.0,0.0,0.0
4,mahalanobis_diag,mean_std_1.5,nearest_sphere,inverse_margin,0.0,0.9,0.592,0.952,0.88,0.072
4,mahalanobis_diag,mean_std_1.5,nearest_sphere,inverse_margin,0.25,0.9,0.008,0.008,0.008,0.0
4,mahalanobis_diag,mean_std_1.5,nearest_sphere,inverse_margin,0.5,0.9,0.0,0.0,0.0,0.0
4,mahalanobis_diag,mean_std_1.5,nearest_sphere,inverse_margin,1.0,0.9,0.0,0.0,0.0,0.0
4,mahalanobis_diag,mean_std_1.5,nearest_sphere,inverse_margin,2.0,0.9,0.0,0.0,0.0,0.0
4,mahalanobis_diag,mean_std_1.5,nearest_sphere,max_ratio,0.0,0.9,0.592,0.952,0.88,0.072
4,mahalanobis_diag,mean_std_1.5,nearest_sphere,max_ratio,0.25,0.9,0.592,0.952,0.88,0.072
4,mahalanobis_diag,mean_std_1.5,nearest_sphere,max_ratio,0.5,0.9,0.592,0.952,0.88,0.072
4,mahalanobis_diag,mean_std_1.5,nearest_sphere,max_ratio,1.0,0.9,0.724,0.744,0.74,0.004
4,mahalanobis_diag,mean_std_1.5,nearest_sphere,max_ratio,2.0,0.9,0.0,0.0,0.0,0.0
4,mahalanobis_diag,mean_std_1.5,normalized_union,none,0.0,0.9,0.742,0.952,0.91,0.042
4,mahalanobis_diag,mean_std_1.5,normalized_union,none,0.25,0.9,0.742,0.952,0.91,0.042
4,mahalanobis_diag,mean_std_1.5,normalized_union,none,0.5,0.9,0.742,0.952,0.91,0.042
4,mahalanobis_diag,mean_std_1.5,normalized_union,none,1.0,0.9,0.742,0.952,0.91,0.042
4,mahalanobis_diag,mean_std_1.5,normalized_union,none,2.0,0.9,0.742,0.952,0.91,0.042
4,mahalanobis_diag,mean_std_1.5,normalized_union,ratio,0.0,0.9,0.742,0.952,0.91,0.042
4,mahalanobis_diag,mean_std_1.5,normalized_union,ratio,0.25,0.9,0.484,0.524,0.516,0.008
4,mahalanobis_diag,mean_std_1.5,normalized_union,ratio,0.5,0.9,0.032,0.032,0.032,0.0
4,mahalanobis_diag,mean_std_1.5,normalized_union,ratio,1.0,0.9,0.0,0.0,0.0,0.0
4,mahalanobis_diag,mean_std_1.5,normalized_union,ratio,2.0,0.9,0.0,0.0,0.0,0.0
4,mahalanobis_diag,mean_std_1.5,normalized_union,inverse_margin,0.0,0.9,0.742,0.952,0.91,0.042
4,mahalanobis_diag,mean_std_1.5,normalized_union,inverse_margin,0.25,0.9,0.008,0.008,0.008,0.0
4,mahalanobis_diag,mean_std_1.5,normalized_union,inverse_margin,0.5,0.9,0.0,0.0,0.0,0.0
4,mahalanobis_diag,mean_std_1.5,normalized_union,inverse_margin,1.0,0.9,0.0,0.0,0.0,0.0
4,mahalanobis_diag,mean_std_1.5,normalized_union,inverse_margin,2.0,0.9,0.0,0.0,0.0,0.0
4,mahalanobis_diag,mean_std_1.5,normalized_union,max_ratio,0.0,0.9,0.742,0.952,0.91,0.042
4,mahalanobis_diag,mean_std_1.5,normalized_union,max_ratio,0.25,0.9,0.742,0.952,0.91,0.042
4,mahalanobis_diag,mean_std_1.5,normalized_union,max_ratio,0.5,0.9,0.742,0.952,0.91,0.042
4,mahalanobis_diag,mean_std_1.5,normalized_union,max_ratio,1.0,0.9,0.724,0.744,0.74,0.004
4,mahalanobis_diag,mean_std_1.5,normalized_union,max_ratio,2.0,0.9,0.0,0.0,0.0,0.0
4,mahalanobis_diag,mean_std_2.0,nearest_sphere,none,0.0,0.9,0.596,0.976,0.9,0.076
4,mahalanobis_diag,mean_std_2.0,nearest_sphere,none,0.25,0.9,0.596,0.976,0.9,0.076
4,mahalanobis_diag,mean_std_2.0,nearest_sphere,none,0.5,0.9,0.596,0.976,0.9,0.076
4,mahalanobis_diag,mean_std_2.0,nearest_sphere,none,1.0,0.9,0.596,0.976,0.9,0.076
4,mahalanobis_diag,mean_std_2.0,nearest_sphere,none,2.0,0.9,0.596,0.976,0.9,0.076
4,mahalanobis_diag,mean_std_2.0,nearest_sphere,ratio,0.0,0.9,0.596,0.976,0.9,0.076
4,mahalanobis_diag,mean_std_2.0,nearest_sphere,ratio,0.25,0.9,0.582,0.682,0.662,0.02
4,mahalanobis_diag,mean_std_2.0,nearest_sphere,ratio,0.5,0.9,0.048,0.048,0.048,0.0
4,mahalanobis_diag,mean_std_2.0,nearest_sphere,ratio,1.0,0.9,0.0,0.0,0.0,0.0
4,mahalanobis_diag,mean_std_2.0,nearest_sphere,ratio,2.0,0.9,0.0,0.0,0.0,0.0
4,mahalanobis_diag,mean_std_2.0,nearest_sphere,inverse_margin,0.0,0.9,0.596,0.976,0.9,0.076
4,mahalanobis_diag,mean_std_2.0,nearest_sphere,inverse_margin,0.25,0.9,0.014,0.014,0.014,0.0
4,mahalanobis_diag,mean_std_2.0,nearest_sphere,inverse_margin,0.5,0.9,0.0,0.0,0.0,0.0
4,mahalanobis_diag,mean_std_2.0,nearest_sphere,inverse_margin,1.0,0.9,0.0,0.0,0.0,0.0
4,mahalanobis_diag,mean_std_2.0,nearest_sphere,inverse_margin,2.0,0.9,0.0,0.0,0.0,0.0
4,mahalanobis_diag,mean_std_2.0,nearest_sphere,max_ratio,0.0,0.9,0.596,0.976,0.9,0.076
4,mahalanobis_diag,mean_std_2.0,nearest_sphere,max_ratio,0.25,0.9,0.596,0.976,0.9,0.076
4,mahalanobis_diag,mean_std_2.0,nearest_sphere,max_ratio,0.5,0.9,0.596,0.976,0.9,0.076
4,mahalanobis_diag,mean_std_2.0,nearest_sphere,max_ratio,1.0,0.9,0.732,0.752,0.748,0.004
4,mahalanobis_diag,mean_std_2.0,nearest_sphere,max_ratio,2.0,0.9,0.0,0.0,0.0,0.0
4,mahalanobis_diag,mean_std_2.0,normalized_union,none,0.0,0.9,0.788,0.978,0.94,0.038
4,mahalanobis_diag,mean_std_2.0,normalized_union,none,0.25,0.9,0.788,0.978,0.94,0.038
4,mahalanobis_diag,mean_std_2.0,normalized_union,none,0.5,0.9,0.788,0.978,0.94,0.038
4,mahalanobis_diag,mean_std_2.0,normalized_union,none,1.0,0.9,0.788,0.978,0.94,0.038
4,mahalanobis_diag,mean_std_2.0,normalized_union,none,2.0,0.9,0.788,0.978,0.94,0.038
4,mahalanobis_diag,mean_std_2.0,normalized_union,ratio,0.0,0.9,0.788,0.978,0.94,0.038
4,mahalanobis_diag,mean_std_2.0,normalized_union,ratio,0.25,0.9,0.656,0.706,0.696,0.01
4,mahalanobis_diag,mean_std_2.0,normalized_union,ratio,0.5,0.9,0.05,0.05,0.05,0.0
4,mahalanobis_diag,mean_std_2.0,normalized_union,ratio,1.0,0.9,0.0,0.0,0.0,0.0
4,mahalanobis_diag,mean_std_2.0,normalized_union,ratio,2.0,0.9,0.0,0.0,0.0,0.0
4,mahalanobis_diag,mean_std_2.0,normalized_union,inverse_margin,0.0,0.9,0.788,0.978,0.94,0.038
4,mahalanobis_diag,mean_std_2.0,normalized_union,inverse_margin,0.25,0.9,0.014,0.014,0.014,0.0
4,mahalanobis_diag,mean_std_2.0,normalized_union,inverse_margin,0.5,0.9,0.0,0.0,0.0,0.0
4,mahalanobis_diag,mean_std_2.0,normalized_union,inverse_margin,1.0,0.9,0.0,0.0,0.0,0.0
4,mahalanobis_diag,mean_std_2.0,normalized_union,inverse_margin,2.0,0.9,0.0,0.0,0.0,0.0
4,mahalanobis_diag,mean_std_2.0,normalized_union,max_ratio,0.0,0.9,0.788,0.978,0.94,0.038
4,mahalanobis_diag,mean_std_2.0,normalized_union,max_ratio,0.25,0.9,0.788,0.978,0.94,0.038
4,mahalanobis_diag,mean_std_2.0,normalized_union,max_ratio,0.5,0.9,0.788,0.978,0.94,0.038
4,mahalanobis_diag,mean_std_2.0,normalized_union,max_ratio,1.0,0.9,0.732,0.752,0.748,0.004
4,mahalanobis_diag,mean_std_2.0,normalized_union,max_ratio,2.0,0.9,0.0,0.0,0.0,0.0
4,mahalanobis_diag,mean_std_3.0,nearest_sphere,none,0.0,0.9,0.56,1.0,0.912,0.088
4,mahalanobis_diag,mean_std_3.0,nearest_sphere,none,0.25,0.9,0.56,1.0,0.912,0.088
4,mahalanobis_diag,mean_std_3.0,nearest_sphere,none,0.5,0.9,0.56,1.0,0.912,0.088
4,mahalanobis_diag,mean_std_3.0,nearest_sphere,none,1.0,0.9,0.56,1.0,0.912,0.088
4,mahalanobis_diag,mean_std_3.0,nearest_sphere,none,2.0,0.9,0.56,1.0,0.912,0.088
4,mahalanobis_diag,mean_std_3.0,nearest_sphere,ratio,0.0,0.9,0.56,1.0,0.912,0.088
4,mahalanobis_diag,mean_std_3.0,nearest_sphere,ratio,0.25,0.9,0.65,0.89,0.842,0.048
4,mahalanobis_diag,mean_std_3.0,nearest_sphere,ratio,0.5,0.9,0.202,0.212,0.21,0.002
4,mahalanobis_diag,mean_std_3.0,nearest_sphere,ratio,1.0,0.9,0.0,0.0,0.0,0.0
4,mahalanobis_diag,mean_std_3.0,nearest_sphere,ratio,2.0,0.9,0.0,0.0,0.0,0.0
4,mahalanobis_diag,mean_std_3.0,nearest_sphere,inverse_margin,0.0,0.9,0.56,1.0,0.912,0.088
4,mahalanobis_diag,mean_std_3.0,nearest_sphere,inverse_margin,0.25,0.9,0.02,0.02,0.02,0.0
4,mahalanobis_diag,mean_std_3.0,nearest_sphere,inverse_margin,0.5,0.9,0.0,0.0,0.0,0.0
4,mahalanobis_diag,mean_std_3.0,nearest_sphere,inverse_margin,1.0,0.9,0.0,0.0,0.0,0.0
4,mahalanobis_diag,mean_std_3.0,nearest_sphere,inverse_margin,2.0,0.9,0.0,0.0,0.0,0.0
4,mahalanobis_diag,mean_std_3.0,nearest_sphere,max_ratio,0.0,0.9,0.56,1.0,0.912,0.088
4,mahalanobis_diag,mean_std_3.0,nearest_sphere,max_ratio,0.25,0.9,0.56,1.0,0.912,0.088
4,mahalanobis_diag,mean_std_3.0,nearest_sphere,max_ratio,0.5,0.9,0.56,1.0,0.912,0.088
4,mahalanobis_diag,mean_std_3.0,nearest_sphere,max_ratio,1.0,0.9,0.738,0.758,0.754,0.004
4,mahalanobis_diag,mean_std_3.0,nearest_sphere,max_ratio,2.0,0.9,0.0,0.0,0.0,0.0
4,mahalanobis_diag,mean_std_3.0,normalized_union,none,0.0,0.9,0.79,1.0,0.958,0.042
4,mahalanobis_diag,mean_std_3.0,normalized_union,none,0.25,0.9,0.79,1.0,0.958,0.042
4,mahalanobis_diag,mean_std_3.0,normalized_union,none,0.5,0.9,0.79,1.0,0.958,0.042
4,mahalanobis_diag,mean_std_3.0,normalized_union,none,1.0,0.9,0.79,1.0,0.958,0.042
4,mahalanobis_diag,mean_std_3.0,normalized_union,none,2.0,0.9,0.79,1.0,0.958,0.042
4,mahalanobis_diag,mean_std_3.0,normalized_union,ratio,0.0,0.9,0.79,1.0,0.958,0.042
4,mahalanobis_diag,mean_std_3.0,normalized_union,ratio,0.25,0.9,0.784,0.894,0.872,0.022
4,mahalanobis_diag,mean_std_3.0,normalized_union,ratio,0.5,0.9,0.208,0.218,0.216,0.002
4,mahalanobis_diag,mean_std_3.0,normalized_union,ratio,1.0,0.9,0.0,0.0,0.0,0.0
4,mahalanobis_diag,mean_std_3.0,normalized_union,ratio,2.0,0.9,0.0,0.0,0.0,0.0
4,mahalanobis_diag,mean_std_3.0,normalized_union,inverse_margin,0.0,0.9,0.79,1.0,0.958,0.042
4,mahalanobis_diag,mean_std_3.0,normalized_union,inverse_margin,0.25,0.9,0.02,0.02,0.02,0.0
4,mahalanobis_diag,mean_std_3.0,normalized_union,inverse_margin,0.5,0.9,0.0,0.0,0.0,0.0
4,mahalanobis_diag,mean_std_3.0,normalized_union,inverse_margin,1.0,0.9,0.0,0.0,0.0,0.0
4,mahalanobis_diag,mean_std_3.0,normalized_union,inverse_margin,2.0,0.9,0.0,0.0,0.0,0.0
4,mahalanobis_diag,mean_std_3.0,normalized_union,max_ratio,0.0,0.9,0.79,1.0,0.958,0.042
4,mahalanobis_diag,mean_std_3.0,normalized_union,max_ratio,0.25,0.9,0.79,1.0,0.958,0.042
4,mahalanobis_diag,mean_std_3.0,normalized_union,max_ratio,0.5,0.9,0.79,1.0,0.958,0.042
4,mahalanobis_diag,mean_std_3.0,normalized_union,max_ratio,1.0,0.9,0.738,0.758,0.754,0.004
4,mahalanobis_diag,mean_std_3.0,normalized_union,max_ratio,2.0,0.9,0.0,0.0,0.0,0.0
4,mahalanobis_diag,center_quantile_0.5,nearest_sphere,none,0.0,0.9,0.152,0.172,0.168,0.004
4,mahalanobis_diag,center_quantile_0.5,nearest_sphere,none,0.25,0.9,0.152,0.172,0.168,0.004
4,mahalanobis_diag,center_quantile_0.5,nearest_sphere,none,0.5,0.9,0.152,0.172,0.168,0.004
4,mahalanobis_diag,center_quantile_0.5,nearest_sphere,none,1.0,0.9,0.152,0.172,0.168,0.004
4,mahalanobis_diag,center_quantile_0.5,nearest_sphere,none,2.0,0.9,0.152,0.172,0.168,0.004
4,mahalanobis_diag,center_quantile_0.5,nearest_sphere,ratio,0.0,0.9,0.152,0.172,0.168,0.004
4,mahalanobis_diag,center_quantile_0.5,nearest_sphere,ratio,0.25,0.9,0.0,0.0,0.0,0.0
4,mahalanobis_diag,center_quantile_0.5,nearest_sphere,ratio,0.5,0.9,0.0,0.0,0.0,0.0
4,mahalanobis_diag,center_quantile_0.5,nearest_sphere,ratio,1.0,0.9,0.0,0.0,0.0,0.0
4,mahalanobis_diag,center_quantile_0.5,nearest_sphere,ratio,2.0,0.9,0.0,0.0,0.0,0.0
4,mahalanobis_diag,center_quantile_0.5,nearest_sphere,inverse_margin,0.0,0.9,0.152,0.172,0.168,0.004
4,mahalanobis_diag,center_quantile_0.5,nearest_sphere,inverse_margin,0.25,0.9,0.0,0.0,0.0,0.0
4,mahalanobis_diag,center_quantile_0.5,nearest_sphere,inverse_margin,0.5,0.9,0.0,0.0,0.0,0.0
4,mahalanobis_diag,center_quantile_0.5,nearest_sphere,inverse_margin,1.0,0.9,0.0,0.0,0.0,0.0
4,mahalanobis_diag,center_quantile_0.5,nearest_sphere,inverse_margin,2.0,0.9,0.0,0.0,0.0,0.0
4,mahalanobis_diag,center_quantile_0.5,nearest_sphere,max_ratio,0.0,0.9,0.152,0.172,0.168,0.004
4,mahalanobis_diag,center_quantile_0.5,nearest_sphere,max_ratio,0.25,0.9,0.152,0.172,0.168,0.004
4,mahalanobis_diag,center_quantile_0.5,nearest_sphere,max_ratio,0.5,0.9,0.152,0.172,0.168,0.004
4,mahalanobis_diag,center_quantile_0.5,nearest_sphere,max_ratio,1.0,0.9,0.142,0.152,0.15,0.002
4,mahalanobis_diag,center_quantile_0.5,nearest_sphere,max_ratio,2.0,0.9,0.0,0.0,0.0,0.0
4,mahalanobis_diag,center_quantile_0.5,normalized_union,none,0.0,0.9,0.168,0.188,0.184,0.004
4,mahalanobis_diag,center_quantile_0.5,normalized_union,none,0.25,0.9,0.168,0.188,0.184,0.004
4,mahalanobis_diag,center_quantile_0.5,normalized_union,none,0.5,0.9,0.168,0.188,0.184,0.004
4,mahalanobis_diag,center_quantile_0.5,normalized_union,none,1.0,0.9,0.168,0.188,0.184,0.004
4,mahalanobis_diag,center_quantile_0.5,normalized_union,none,2.0,0.9,0.168,0.188,0.184,0.004
4,mahalanobis_diag,center_quantile_0.5,normalized_union,ratio,0.0,0.9,0.168,0.188,0.184,0.004
4,mahalanobis_diag,center_quantile_0.5,normalized_union,ratio,0.25,0.9,0.0,0.0,0.0,0.0
4,mahalanobis_diag,center_quantile_0.5,normalized_union,ratio,0.5,0.9,0.0,0.0,0.0,0.0
4,mahalanobis_diag,center_quantile_0.5,normalized_union,ratio,1.0,0.9,0.0,0.0,0.0,0.0
4,mahalanobis_diag,center_quantile_0.5,normalized_union,ratio,2.0,0.9,0.0,0.0,0.0,0.0
4,mahalanobis_diag,center_quantile_0.5,normalized_union,inverse_margin,0.0,0.9,0.168,0.188,0.184,0.004
4,mahalanobis_diag,center_quantile_0.5,normalized_union,inverse_margin,0.25,0.9,0.0,0.0,0.0,0.0
4,mahalanobis_diag,center_quantile_0.5,normalized_union,inverse_margin,0.5,0.9,0.0,0.0,0.0,0.0
4,mahalanobis_diag,center_quantile_0.5,normalized_union,inverse_margin,1.0,0.9,0.0,0.0,0.0,0.0
4,mahalanobis_diag,center_quantile_0.5,normalized_union,inverse_margin,2.0,0.9,0.0,0.0,0.0,0.0
4,mahalanobis_diag,center_quantile_0.5,normalized_union,max_ratio,0.0,0.9,0.168,0.188,0.184,0.004
4,mahalanobis_diag,center_quantile_0.5,normalized_union,max_ratio,0.25,0.9,0.168,0.188,0.184,0.004
4,mahalanobis_diag,center_quantile_0.5,normalized_union,max_ratio,0.5,0.9,0.168,0.188,0.184,0.004
4,mahalanobis_diag,center_quantile_0.5,normalized_union,max_ratio,1.0,0.9,0.152,0.162,0.16,0.002
4,mahalanobis_diag,center_quantile_0.5,normalized_union,max_ratio,2.0,0.9,0.0,0.0,0.0,0.0
4,mahalanobis_diag,intent_quantile_0.5,nearest_sphere,none,0.0,0.9,0.158,0.168,0.166,0.002
4,mahalanobis_diag,intent_quantile_0.5,nearest_sphere,none,0.25,0.9,0.158,0.168,0.166,0.002
4,mahalanobis_diag,intent_quantile_0.5,nearest_sphere,none,0.5,0.9,0.158,0.168,0.166,0.002
4,mahalanobis_diag,intent_quantile_0.5,nearest_sphere,none,1.0,0.9,0.158,0.168,0.166,0.002
4,mahalanobis_diag,intent_quantile_0.5,nearest_sphere,none,2.0,0.9,0.158,0.168,0.166,0.002
4,mahalanobis_diag,intent_quantile_0.5,nearest_sphere,ratio,0.0,0.9,0.158,0.168,0.166,0.002
4,mahalanobis_diag,intent_quantile_0.5,nearest_sphere,ratio,0.25,0.9,0.008,0.008,0.008,0.0
4,mahalanobis_diag,intent_quantile_0.5,nearest_sphere,ratio,0.5,0.9,0.0,0.0,0.0,0.0
4,mahalanobis_diag,intent_quantile_0.5,nearest_sphere,ratio,1.0,0.9,0.0,0.0,0.0,0.0
4,mahalanobis_diag,intent_quantile_0.5,nearest_sphere,ratio,2.0,0.9,0.0,0.0,0.0,0.0
4,mahalanobis_diag,intent_quantile_0.5,nearest_sphere,inverse_margin,0.0,0.9,0.158,0.168,0.166,0.002
4,mahalanobis_diag,intent_quantile_0.5,nearest_sphere,inverse_margin,0.25,0.9,0.0,0.0,0.0,0.0
4,mahalanobis_diag,intent_quantile_0.5,nearest_sphere,inverse_margin,0.5,0.9,0.0,0.0,0.0,0.0
4,mahalanobis_diag,intent_quantile_0.5,nearest_sphere,inverse_margin,1.0,0.9,0.0,0.0,0.0,0.0
4,mahalanobis_diag,intent_quantile_0.5,nearest_sphere,inverse_margin,2.0,0.9,0.0,0.0,0.0,0.0
4,mahalanobis_diag,intent_quantile_0.5,nearest_sphere,max_ratio,0.0,0.9,0.158,0.168,0.166,0.002
4,mahalanobis_diag,intent_quantile_0.5,nearest_sphere,max_ratio,0.25,0.9,0.158,0.168,0.166,0.002
4,mahalanobis_diag,intent_quantile_0.5,nearest_sphere,max_ratio,0.5,0.9,0.158,0.168,0.166,0.002
4,mahalanobis_diag,intent_quantile_0.5,nearest_sphere,max_ratio,1.0,0.9,0.146,0.156,0.154,0.002
4,mahalanobis_diag,intent_quantile_0.5,nearest_sphere,max_ratio,2.0,0.9,0.0,0.0,0.0,0.0
4,mahalanobis_diag,intent_quantile_0.5,normalized_union,none,0.0,0.9,0.158,0.168,0.166,0.002
4,mahalanobis_diag,intent_quantile_0.5,normalized_union,none,0.25,0.9,0.158,0.168,0.166,0.002
4,mahalanobis_diag,intent_quantile_0.5,normalized_union,none,0.5,0.9,0.158,0.168,0.166,0.002
4,mahalanobis_diag,intent_quantile_0.5,normalized_union,none,1.0,0.9,0.158,0.168,0.166,0.002
4,mahalanobis_diag,intent_quantile_0.5,normalized_union,none,2.0,0.9,0.158,0.168,0.166,0.002
4,mahalanobis_diag,intent_quantile_0.5,normalized_union,ratio,0.0,0.9,0.158,0.168,0.166,0.002
4,mahalanobis_diag,intent_quantile_0.5,normalized_union,ratio,0.25,0.9,0.008,0.008,0.008,0.0
4,mahalanobis_diag,intent_quantile_0.5,normalized_union,ratio,0.5,0.9,0.0,0.0,0.0,0.0
4,mahalanobis_diag,intent_quantile_0.5,normalized_union,ratio,1.0,0.9,0.0,0.0,0.0,0.0
4,mahalanobis_diag,intent_quantile_0.5,normalized_union,ratio,2.0,0.9,0.0,0.0,0.0,0.0
4,mahalanobis_diag,intent_quantile_0.5,normalized_union,inverse_margin,0.0,0.9,0.158,0.168,0.166,0.002
4,mahalanobis_diag,intent_quantile_0.5,normalized_union,inverse_margin,0.25,0.9,0.0,0.0,0.0,0.0
4,mahalanobis_diag,intent_quantile_0.5,normalized_union,inverse_margin,0.5,0.9,0.0,0.0,0.0,0.0
4,mahalanobis_diag,intent_quantile_0.5,normalized_union,inverse_margin,1.0,0.9,0.0,0.0,0.0,0.0
4,mahalanobis_diag,intent_quantile_0.5,normalized_union,inverse_margin,2.0,0.9,0.0,0.0,0.0,0.0
4,mahalanobis_diag,intent_quantile_0.5,normalized_union,max_ratio,0.0,0.9,0.158,0.168,0.166,0.002
4,mahalanobis_diag,intent_quantile_0.5,normalized_union,max_ratio,0.25,0.9,0.158,0.168,0.166,0.002
4,mahalanobis_diag,intent_quantile_0.5,normalized_union,max_ratio,0.5,0.9,0.158,0.168,0.166,0.002
4,mahalanobis_diag,intent_quantile_0.5,normalized_union,max_ratio,1.0,0.9,0.146,0.156,0.154,0.002
4,mahalanobis_diag,intent_quantile_0.5,normalized_union,max_ratio,2.0,0.9,0.0,0.0,0.0,0.0
4,mahalanobis_diag,center_quantile_0.7,nearest_sphere,none,0.0,0.9,0.256,0.316,0.304,0.012
4,mahalanobis_diag,center_quantile_0.7,nearest_sphere,none,0.25,0.9,0.256,0.316,0.304,0.012
4,mahalanobis_diag,center_quantile_0.7,nearest_sphere,none,0.5,0.9,0.256,0.316,0.304,0.012
4,mahalanobis_diag,center_quantile_0.7,nearest_sphere,none,1.0,0.9,0.256,0.316,0.304,0.012
4,mahalanobis_diag,center_quantile_0.7,nearest_sphere,none,2.0,0.9,0.256,0.316,0.304,0.012
4,mahalanobis_diag,center_quantile_0.7,nearest_sphere,ratio,0.0,0.9,0.256,0.316,0.304,0.012
4,mahalanobis_diag,center_quantile_0.7,nearest_sphere,ratio,0.25,0.9,0.008,0.008,0.008,0.0
4,mahalanobis_diag,center_quantile_0.7,nearest_sphere,ratio,0.5,0.9,0.0,0.0,0.0,0.0
4,mahalanobis_diag,center_quantile_0.7,nearest_sphere,ratio,1.0,0.9,0.0,0.0,0.0,0.0
4,mahalanobis_diag,center_quantile_0.7,nearest_sphere,ratio,2.0,0.9,0.0,0.0,0.0,0.0
4,mahalanobis_diag,center_quantile_0.7,nearest_sphere,inverse_margin,0.0,0.9,0.256,0.316,0.304,0.012
4,mahalanobis_diag,center_quantile_0.7,nearest_sphere,inverse_margin,0.25,0.9,0.0,0.0,0.0,0.0
4,mahalanobis_diag,center_quantile_0.7,nearest_sphere,inverse_margin,0.5,0.9,0.0,0.0,0.0,0.0
4,mahalanobis_diag,center_quantile_0.7,nearest_sphere,inverse_margin,1.0,0.9,0.0,0.0,0.0,0.0
4,mahalanobis_diag,center_quantile_0.7,nearest_sphere,inverse_margin,2.0,0.9,0.0,0.0,0.0,0.0
4,mahalanobis_diag,center_quantile_0.7,nearest_sphere,max_ratio,0.0,0.9,0.256,0.316,0.304,0.012
4,mahalanobis_diag,center_quantile_0.7,nearest_sphere,max_ratio,0.25,0.9,0.256,0.316,0.304,0.012
4,mahalanobis_diag,center_quantile_0.7,nearest_sphere,max_ratio,0.5,0.9,0.256,0.316,0.304,0.012
4,mahalanobis_diag,center_quantile_0.7,nearest_sphere,max_ratio,1.0,0.9,0.252,0.262,0.26,0.002
4,mahalanobis_diag,center_quantile_0.7,nearest_sphere,max_ratio,2.0,0.9,0.0,0.0,0.0,0.0
4,mahalanobis_diag,center_quantile_0.7,normalized_union,none,0.0,0.9,0.314,0.344,0.338,0.006
4,mahalanobis_diag,center_quantile_0.7,normalized_union,none,0.25,0.9,0.314,0.344,0.338,0.006
4,mahalanobis_diag,center_quantile_0.7,normalized_union,none,0.5,0.9,0.314,0.344,0.338,0.006
4,mahalanobis_diag,center_quantile_0.7,normalized_union,none,1.0,0.9,0.314,0.344,0.338,0.006
4,mahalanobis_diag,center_quantile_0.7,normalized_union,none,2.0,0.9,0.314,0.344,0.338,0.006
4,mahalanobis_diag,center_quantile_0.7,normalized_union,ratio,0.0,0.9,0.314,0.344,0.338,0.006
4,mahalanobis_diag,center_quantile_0.7,normalized_union,ratio,0.25,0.9,0.008,0.008,0.008,0.0
4,mahalanobis_diag,center_quantile_0.7,normalized_union,ratio,0.5,0.9,0.0,0.0,0.0,0.0
4,mahalanobis_diag,center_quantile_0.7,normalized_union,ratio,1.0,0.9,0.0,0.0,0.0,0.0
4,mahalanobis_diag,center_quantile_0.7,normalized_union,ratio,2.0,0.9,0.0,0.0,0.0,0.0
4,mahalanobis_diag,center_quantile_0.7,normalized_union,inverse_margin,0.0,0.9,0.314,0.344,0.338,0.006
4,mahalanobis_diag,center_quantile_0.7,normalized_union,inverse_margin,0.25,0.9,0.0,0.0,0.0,0.0
4,mahalanobis_diag,center_quantile_0.7,normalized_union,inverse_margin,0.5,0.9,0.0,0.0,0.0,0.0
4,mahalanobis_diag,center_quantile_0.7,normalized_union,inverse_margin,1.0,0.9,0.0,0.0,0.0,0.0
4,mahalanobis_diag,center_quantile_0.7,normalized_union,inverse_margin,2.0,0.9,0.0,0.0,0.0,0.0
4,mahalanobis_diag,center_quantile_0.7,normalized_union,max_ratio,0.0,0.9,0.314,0.344,0.338,0.006
4,mahalanobis_diag,center_quantile_0.7,normalized_union,max_ratio,0.25,0.9,0.314,0.344,0.338,0.006
4,mahalanobis_diag,center_quantile_0.7,normalized_union,max_ratio,0.5,0.9,0.314,0.344,0.338,0.006
4,mahalanobis_diag,center_quantile_0.7,normalized_union,max_ratio,1.0,0.9,0.276,0.286,0.284,0.002
4,mahalanobis_diag,center_quantile_0.7,normalized_union,max_ratio,2.0,0.9,0.0,0.0,0.0,0.0
4,mahalanobis_diag,intent_quantile_0.7,nearest_sphere,none,0.0,0.9,0.28,0.33,0.32,0.01
4,mahalanobis_diag,intent_quantile_0.7,nearest_sphere,none,0.25,0.9,0.28,0.33,0.32,0.01
4,mahalanobis_diag,intent_quantile_0.7,nearest_sphere,none,0.5,0.9,0.28,0.33,0.32,0.01
4,mahalanobis_diag,intent_quantile_0.7,nearest_sphere,none,1.0,0.9,0.28,0.33,0.32,0.01
4,mahalanobis_diag,intent_quantile_0.7,nearest_sphere,none,2.0,0.9,0.28,0.33,0.32,0.01
4,mahalanobis_diag,intent_quantile_0.7,nearest_sphere,ratio,0.0,0.9,0.28,0.33,0.32,0.01
4,mahalanobis_diag,intent_quantile_0.7,nearest_sphere,ratio,0.25,0.9,0.016,0.016,0.016,0.0
4,mahalanobis_diag,intent_quantile_0.7,nearest_sphere,ratio,0.5,0.9,0.0,0.0,0.0,0.0
4,mahalanobis_diag,intent_quantile_0.7,nearest_sphere,ratio,1.0,0.9,0.0,0.0,0.0,0.0
4,mahalanobis_diag,intent_quantile_0.7,nearest_sphere,ratio,2.0,0.9,0.0,0.0,0.0,0.0
4,mahalanobis_diag,intent_quantile_0.7,nearest_sphere,inverse_margin,0.0,0.9,0.28,0.33,0.32,0.01
4,mahalanobis_diag,intent_quantile_0.7,nearest_sphere,inverse_margin,0.25,0.9,0.0,0.0,0.0,0.0
4,mahalanobis_diag,intent_quantile_0.7,nearest_sphere,inverse_margin,0.5,0.9,0.0,0.0,0.0,0.0
4,mahalanobis_diag,intent_quantile_0.7,nearest_sphere,inverse_margin,1.0,0.9,0.0,0.0,0.0,0.0
4,mahalanobis_diag,intent_quantile_0.7,nearest_sphere,inverse_margin,2.0,0.9,0.0,0.0,0.0,0.0
4,mahalanobis_diag,intent_quantile_0.7,nearest_sphere,max_ratio,0.0,0.9,0.28,0.33,0.32,0.01
4,mahalanobis_diag,intent_quantile_0.7,nearest_sphere,max_ratio,0.25,0.9,0.28,0.33,0.32,0.01
4,mahalanobis_diag,intent_quantile_0.7,nearest_sphere,max_ratio,0.5,0.9,0.28,0.33,0.32,0.01
4,mahalanobis_diag,intent_quantile_0.7,nearest_sphere,max_ratio,1.0,0.9,0.276,0.286,0.284,0.002
4,mahalanobis_diag,intent_quantile_0.7,nearest_sphere,max_ratio,2.0,0.9,0.0,0.0,0.0,0.0
4,mahalanobis_diag,intent_quantile_0.7,normalized_union,none,0.0,0.9,0.292,0.332,0.324,0.008
4,mahalanobis_diag,intent_quantile_0.7,normalized_union,none,0.25,0.9,0.292,0.332,0.324,0.008
4,mahalanobis_diag,intent_quantile_0.7,normalized_union,none,0.5,0.9,0.292,0.332,0.324,0.008
4,mahalanobis_diag,intent_quantile_0.7,normalized_union,none,1.0,0.9,0.292,0.332,0.324,0.008
4,mahalanobis_diag,intent_quantile_0.7,normalized_union,none,2.0,0.9,0.292,0.332,0.324,0.008
4,mahalanobis_diag,intent_quantile_0.7,normalized_union,ratio,0.0,0.9,0.292,0.332,0.324,0.008
4,mahalanobis_diag,intent_quantile_0.7,normalized_union,ratio,0.25,0.9,0.016,0.016,0.016,0.0
4,mahalanobis_diag,intent_quantile_0.7,normalized_union,ratio,0.5,0.9,0.0,0.0,0.0,0.0
4,mahalanobis_diag,intent_quantile_0.7,normalized_union,ratio,1.0,0.9,0.0,0.0,0.0,0.0
4,mahalanobis_diag,intent_quantile_0.7,normalized_union,ratio,2.0,0.9,0.0,0.0,0.0,0.0
4,mahalanobis_diag,intent_quantile_0.7,normalized_union,inverse_margin,0.0,0.9,0.292,0.332,0.324,0.008
4,mahalanobis_diag,intent_quantile_0.7,normalized_union,inverse_margin,0.25,0.9,0.0,0.0,0.0,0.0
4,mahalanobis_diag,intent_quantile_0.7,normalized_union,inverse_margin,0.5,0.9,0.0,0.0,0.0,0.0
4,mahalanobis_diag,intent_quantile_0.7,normalized_union,inverse_margin,1.0,0.9,0.0,0.0,0.0,0.0
4,mahalanobis_diag,intent_quantile_0.7,normalized_union,inverse_margin,2.0,0.9,0.0,0.0,0.0,0.0
4,mahalanobis_diag,intent_quantile_0.7,normalized_union,max_ratio,0.0,0.9,0.292,0.332,0.324,0.008
4,mahalanobis_diag,intent_quantile_0.7,normalized_union,max_ratio,0.25,0.9,0.292,0.332,0.324,0.008
4,mahalanobis_diag,intent_quantile_0.7,normalized_union,max_ratio,0.5,0.9,0.292,0.332,0.324,0.008
4,mahalanobis_diag,intent_quantile_0.7,normalized_union,max_ratio,1.0,0.9,0.276,0.286,0.284,0.002
4,mahalanobis_diag,intent_quantile_0.7,normalized_union,max_ratio,2.0,0.9,0.0,0.0,0.0,0.0
4,mahalanobis_diag,center_quantile_0.8,nearest_sphere,none,0.0,0.9,0.36,0.44,0.424,0.016
4,mahalanobis_diag,center_quantile_0.8,nearest_sphere,none,0.25,0.9,0.36,0.44,0.424,0.016
4,mahalanobis_diag,center_quantile_0.8,nearest_sphere,none,0.5,0.9,0.36,0.44,0.424,0.016
4,mahalanobis_diag,center_quantile_0.8,nearest_sphere,none,1.0,0.9,0.36,0.44,0.424,0.016
4,mahalanobis_diag,center_quantile_0.8,nearest_sphere,none,2.0,0.9,0.36,0.44,0.424,0.016
4,mahalanobis_diag,center_quantile_0.8,nearest_sphere,ratio,0.0,0.9,0.36,0.44,0.424,0.016
4,mahalanobis_diag,center_quantile_0.8,nearest_sphere,ratio,0.25,0.9,0.016,0.016,0.016,0.0
4,mahalanobis_diag,center_quantile_0.8,nearest_sphere,ratio,0.5,0.9,0.0,0.0,0.0,0.0
4,mahalanobis_diag,center_quantile_0.8,nearest_sphere,ratio,1.0,0.9,0.0,0.0,0.0,0.0
4,mahalanobis_diag,center_quantile_0.8,nearest_sphere,ratio,2.0,0.9,0.0,0.0,0.0,0.0
4,mahalanobis_diag,center_quantile_0.8,nearest_sphere,inverse_margin,0.0,0.9,0.36,0.44,0.424,0.016
4,mahalanobis_diag,center_quantile_0.8,nearest_sphere,inverse_margin,0.25,0.9,0.0,0.0,0.0,0.0
4,mahalanobis_diag,center_quantile_0.8,nearest_sphere,inverse_margin,0.5,0.9,0.0,0.0,0.0,0.0
4,mahalanobis_diag,center_quantile_0.8,nearest_sphere,inverse_margin,1.0,0.9,0.0,0.0,0.0,0.0
4,mahalanobis_diag,center_quantile_0.8,nearest_sphere,inverse_margin,2.0,0.9,0.0,0.0,0.0,0.0
4,mahalanobis_diag,center_quantile_0.8,nearest_sphere,max_ratio,0.0,0.9,0.36,0.44,0.424,0.016
4,mahalanobis_diag,center_quantile_0.8,nearest_sphere,max_ratio,0.25,0.9,0.36,0.44,0.424,0.016
4,mahalanobis_diag,center_quantile_0.8,nearest_sphere,max_ratio,0.5,0.9,0.36,0.44,0.424,0.016
4,mahalanobis_diag,center_quantile_0.8,nearest_sphere,max_ratio,1.0,0.9,0.354,0.364,0.362,0.002
4,mahalanobis_diag,center_quantile_0.8,nearest_sphere,max_ratio,2.0,0.9,0.0,0.0,0.0,0.0
4,mahalanobis_diag,center_quantile_0.8,normalized_union,none,0.0,0.9,0.432,0.482,0.472,0.01
4,mahalanobis_diag,center_quantile_0.8,normalized_union,none,0.25,0.9,0.432,0.482,0.472,0.01
4,mahalanobis_diag,center_quantile_0.8,normalized_union,none,0.5,0.9,0.432,0.482,0.472,0.01
4,mahalanobis_diag,center_quantile_0.8,normalized_union,none,1.0,0.9,0.432,0.482,0.472,0.01
4,mahalanobis_diag,center_quantile_0.8,normalized_union,none,2.0,0.9,0.432,0.482,0.472,0.01
4,mahalanobis_diag,center_quantile_0.8,normalized_union,ratio,0.0,0.9,0.432,0.482,0.472,0.01
4,mahalanobis_diag,center_quantile_0.8,normalized_union,ratio,0.25,0.9,0.018,0.018,0.018,0.0
4,mahalanobis_diag,center_quantile_0.8,normalized_union,ratio,0.5,0.9,0.0,0.0,0.0,0.0
4,mahalanobis_diag,center_quantile_0.8,normalized_union,ratio,1.0,0.9,0.0,0.0,0.0,0.0
4,mahalanobis_diag,center_quantile_0.8,normalized_union,ratio,2.0,0.9,0.0,0.0,0.0,0.0
4,mahalanobis_diag,center_quantile_0.8,normalized_union,inverse_margin,0.0,0.9,0.432,0.482,0.472,0.01
4,mahalanobis_diag,center_quantile_0.8,normalized_union,inverse_margin,0.25,0.9,0.0,0.0,0.0,0.0
4,mahalanobis_diag,center_quantile_0.8,normalized_union,inverse_margin,0.5,0.9,0.0,0.0,0.0,0.0
4,mahalanobis_diag,center_quantile_0.8,normalized_union,inverse_margin,1.0,0.9,0.0,0.0,0.0,0.0
4,mahalanobis_diag,center_quantile_0.8,normalized_union,inverse_margin,2.0,0.9,0.0,0.0,0.0,0.0
4,mahalanobis_diag,center_quantile_0.8,normalized_union,max_ratio,0.0,0.9,0.432,0.482,0.472,0.01
4,mahalanobis_diag,center_quantile_0.8,normalized_union,max_ratio,0.25,0.9,0.432,0.482,0.472,0.01
4,mahalanobis_diag,center_quantile_0.8,normalized_union,max_ratio,0.5,0.9,0.432,0.482,0.472,0.01
4,mahalanobis_diag,center_quantile_0.8,normalized_union,max_ratio,1.0,0.9,0.382,0.392,0.39,0.002
4,mahalanobis_diag,center_quantile_0.8,normalized_union,max_ratio,2.0,0.9,0.0,0.0,0.0,0.0
4,mahalanobis_diag,intent_quantile_0.8,nearest_sphere,none,0.0,0.9,0.37,0.45,0.434,0.016
4,mahalanobis_diag,intent_quantile_0.8,nearest_sphere,none,0.25,0.9,0.37,0.45,0.434,0.016
4,mahalanobis_diag,intent_quantile_0.8,nearest_sphere,none,0.5,0.9,0.37,0.45,0.434,0.016
4,mahalanobis_diag,intent_quantile_0.8,nearest_sphere,none,1.0,0.9,0.37,0.45,0.434,0.016
4,mahalanobis_diag,intent_quantile_0.8,nearest_sphere,none,2.0,0.9,0.37,0.45,0.434,0.016
4,mahalanobis_diag,intent_quantile_0.8,nearest_sphere,ratio,0.0,0.9,0.37,0.45,0.434,0.016
4,mahalanobis_diag,intent_quantile_0.8,nearest_sphere,ratio,0.25,0.9,0.03,0.03,0.03,0.0
4,mahalanobis_diag,intent_quantile_0.8,nearest_sphere,ratio,0.5,0.9,0.002,0.002,0.002,0.0
4,mahalanobis_diag,intent_quantile_0.8,nearest_sphere,ratio,1.0,0.9,0.0,0.0,0.0,0.0
4,mahalanobis_diag,intent_quantile_0.8,nearest_sphere,ratio,2.0,0.9,0.0,0.0,0.0,0.0
4,mahalanobis_diag,intent_quantile_0.8,nearest_sphere,inverse_margin,0.0,0.9,0.37,0.45,0.434,0.016
4,mahalanobis_diag,intent_quantile_0.8,nearest_sphere,inverse_margin,0.25,0.9,0.0,0.0,0.0,0.0
4,mahalanobis_diag,intent_quantile_0.8,nearest_sphere,inverse_margin,0.5,0.9,0.0,0.0,0.0,0.0
4,mahalanobis_diag,intent_quantile_0.8,nearest_sphere,inverse_margin,1.0,0.9,0.0,0.0,0.0,0.0
4,mahalanobis_diag,intent_quantile_0.8,nearest_sphere,inverse_margin,2.0,0.9,0.0,0.0,0.0,0.0
4,mahalanobis_diag,intent_quantile_0.8,nearest_sphere,max_ratio,0.0,0.9,0.37,0.45,0.434,0.016
4,mahalanobis_diag,intent_quantile_0.8,nearest_sphere,max_ratio,0.25,0.9,0.37,0.45,0.434,0.016
4,mahalanobis_diag,intent_quantile_0.8,nearest_sphere,max_ratio,0.5,0.9,0.37,0.45,0.434,0.016
4,mahalanobis_diag,intent_quantile_0.8,nearest_sphere,max_ratio,1.0,0.9,0.378,0.388,0.386,0.002
4,mahalanobis_diag,intent_quantile_0.8,nearest_sphere,max_ratio,2.0,0.9,0.0,0.0,0.0,0.0
4,mahalanobis_diag,intent_quantile_0.8,normalized_union,none,0.0,0.9,0.402,0.452,0.442,0.01
4,mahalanobis_diag,intent_quantile_0.8,normalized_union,none,0.25,0.9,0.402,0.452,0.442,0.01
4,mahalanobis_diag,intent_quantile_0.8,normalized_union,none,0.5,0.9,0.402,0.452,0.442,0.01
4,mahalanobis_diag,intent_quantile_0.8,normalized_union,none,1.0,0.9,0.402,0.452,0.442,0.01
4,mahalanobis_diag,intent_quantile_0.8,normalized_union,none,2.0,0.9,0.402,0.452,0.442,0.01
4,mahalanobis_diag,intent_quantile_0.8,normalized_union,ratio,0.0,0.9,0.402,0.452,0.442,0.01
4,mahalanobis_diag,intent_quantile_0.8,normalized_union,ratio,0.25,0.9,0.03,0.03,0.03,0.0
4,mahalanobis_diag,intent_quantile_0.8,normalized_union,ratio,0.5,0.9,0.002,0.002,0.002,0.0
4,mahalanobis_diag,intent_quantile_0.8,normalized_union,ratio,1.0,0.9,0.0,0.0,0.0,0.0
4,mahalanobis_diag,intent_quantile_0.8,normalized_union,ratio,2.0,0.9,0.0,0.0,0.0,0.0
4,mahalanobis_diag,intent_quantile_0.8,normalized_union,inverse_margin,0.0,0.9,0.402,0.452,0.442,0.01
4,mahalanobis_diag,intent_quantile_0.8,normalized_union,inverse_margin,0.25,0.9,0.0,0.0,0.0,0.0
4,mahalanobis_diag,intent_quantile_0.8,normalized_union,inverse_margin,0.5,0.9,0.0,0.0,0.0,0.0
4,mahalanobis_diag,intent_quantile_0.8,normalized_union,inverse_margin,1.0,0.9,0.0,0.0,0.0,0.0
4,mahalanobis_diag,intent_quantile_0.8,normalized_union,inverse_margin,2.0,0.9,0.0,0.0,0.0,0.0
4,mahalanobis_diag,intent_quantile_0.8,normalized_union,max_ratio,0.0,0.9,0.402,0.452,0.442,0.01
4,mahalanobis_diag,intent_quantile_0.8,normalized_union,max_ratio,0.25,0.9,0.402,0.452,0.442,0.01
4,mahalanobis_diag,intent_quantile_0.8,normalized_union,max_ratio,0.5,0.9,0.402,0.452,0.442,0.01
4,mahalanobis_diag,intent_quantile_0.8,normalized_union,max_ratio,1.0,0.9,0.378,0.388,0.386,0.002
4,mahalanobis_diag,intent_quantile_0.8,normalized_union,max_ratio,2.0,0.9,0.0,0.0,0.0,0.0
4,mahalanobis_diag,center_quantile_0.9,nearest_sphere,none,0.0,0.9,0.508,0.628,0.604,0.024
4,mahalanobis_diag,center_quantile_0.9,nearest_sphere,none,0.25,0.9,0.508,0.628,0.604,0.024
4,mahalanobis_diag,center_quantile_0.9,nearest_sphere,none,0.5,0.9,0.508,0.628,0.604,0.024
4,mahalanobis_diag,center_quantile_0.9,nearest_sphere,none,1.0,0.9,0.508,0.628,0.604,0.024
4,mahalanobis_diag,center_quantile_0.9,nearest_sphere,none,2.0,0.9,0.508,0.628,0.604,0.024
4,mahalanobis_diag,center_quantile_0.9,nearest_sphere,ratio,0.0,0.9,0.508,0.628,0.604,0.024
4,mahalanobis_diag,center_quantile_0.9,nearest_sphere,ratio,0.25,0.9,0.064,0.064,0.064,0.0
4,mahalanobis_diag,center_quantile_0.9,nearest_sphere,ratio,0.5,0.9,0.0,0.0,0.0,0.0
4,mahalanobis_diag,center_quantile_0.9,nearest_sphere,ratio,1.0,0.9,0.0,0.0,0.0,0.0
4,mahalanobis_diag,center_quantile_0.9,nearest_sphere,ratio,2.0,0.9,0.0,0.0,0.0,0.0
4,mahalanobis_diag,center_quantile_0.9,nearest_sphere,inverse_margin,0.0,0.9,0.508,0.628,0.604,0.024
4,mahalanobis_diag,center_quantile_0.9,nearest_sphere,inverse_margin,0.25,0.9,0.0,0.0,0.0,0.0
4,mahalanobis_diag,center_quantile_0.9,nearest_sphere,inverse_margin,0.5,0.9,0.0,0.0,0.0,0.0
4,mahalanobis_diag,center_quantile_0.9,nearest_sphere,inverse_margin,1.0,0.9,0.0,0.0,0.0,0.0
4,mahalanobis_diag,center_quantile_0.9,nearest_sphere,inverse_margin,2.0,0.9,0.0,0.0,0.0,0.0
4,mahalanobis_diag,center_quantile_0.9,nearest_sphere,max_ratio,0.0,0.9,0.508,0.628,0.604,0.024
4,mahalanobis_diag,center_quantile_0.9,nearest_sphere,max_ratio,0.25,0.9,0.508,0.628,0.604,0.024
4,mahalanobis_diag,center_quantile_0.9,nearest_sphere,max_ratio,0.5,0.9,0.508,0.628,0.604,0.024
4,mahalanobis_diag,center_quantile_0.9,nearest_sphere,max_ratio,1.0,0.9,0.508,0.518,0.516,0.002
4,mahalanobis_diag,center_quantile_0.9,nearest_sphere,max_ratio,2.0,0.9,0.0,0.0,0.0,0.0
4,mahalanobis_diag,center_quantile_0.9,normalized_union,none,0.0,0.9,0.606,0.676,0.662,0.014
4,mahalanobis_diag,center_quantile_0.9,normalized_union,none,0.25,0.9,0.606,0.676,0.662,0.014
4,mahalanobis_diag,center_quantile_0.9,normalized_union,none,0.5,0.9,0.606,0.676,0.662,0.014
4,mahalanobis_diag,center_quantile_0.9,normalized_union,none,1.0,0.9,0.606,0.676,0.662,0.014
4,mahalanobis_diag,center_quantile_0.9,normalized_union,none,2.0,0.9,0.606,0.676,0.662,0.014
4,mahalanobis_diag,center_quantile_0.9,normalized_union,ratio,0.0,0.9,0.606,0.676,0.662,0.014
4,mahalanobis_diag,center_quantile_0.9,normalized_union,ratio,0.25,0.9,0.072,0.072,0.072,0.0
4,mahalanobis_diag,center_quantile_0.9,normalized_union,ratio,0.5,0.9,0.0,0.0,0.0,0.0
4,mahalanobis_diag,center_quantile_0.9,normalized_union,ratio,1.0,0.9,0.0,0.0,0.0,0.0
4,mahalanobis_diag,center_quantile_0.9,normalized_union,ratio,2.0,0.9,0.0,0.0,0.0,0.0
4,mahalanobis_diag,center_quantile_0.9,normalized_union,inverse_margin,0.0,0.9,0.606,0.676,0.662,0.014
4,mahalanobis_diag,center_quantile_0.9,normalized_union,inverse_margin,0.25,0.9,0.0,0.0,0.0,0.0
4,mahalanobis_diag,center_quantile_0.9,normalized_union,inverse_margin,0.5,0.9,0.0,0.0,0.0,0.0
4,mahalanobis_diag,center_quantile_0.9,normalized_union,inverse_margin,1.0,0.9,0.0,0.0,0.0,0.0
4,mahalanobis_diag,center_quantile_0.9,normalized_union,inverse_margin,2.0,0.9,0.0,0.0,0.0,0.0
4,mahalanobis_diag,center_quantile_0.9,normalized_union,max_ratio,0.0,0.9,0.606,0.676,0.662,0.014
4,mahalanobis_diag,center_quantile_0.9,normalized_union,max_ratio,0.25,0.9,0.606,0.676,0.662,0.014
4,mahalanobis_diag,center_quantile_0.9,normalized_union,max_ratio,0.5,0.9,0.606,0.676,0.662,0.014
4,mahalanobis_diag,center_quantile_0.9,normalized_union,max_ratio,1.0,0.9,0.538,0.548,0.546,0.002
4,mahalanobis_diag,center_quantile_0.9,normalized_union,max_ratio,2.0,0.9,0.0,0.0,0.0,0.0
4,mahalanobis_diag,intent_quantile_0.9,nearest_sphere,none,0.0,0.9,0.518,0.628,0.606,0.022
4,mahalanobis_diag,intent_quantile_0.9,nearest_sphere,none,0.25,0.9,0.518,0.628,0.606,0.022
4,mahalanobis_diag,intent_quantile_0.9,nearest_sphere,none,0.5,0.9,0.518,0.628,0.606,0.022
4,mahalanobis_diag,intent_quantile_0.9,nearest_sphere,none,1.0,0.9,0.518,0.628,0.606,0.022
4,mahalanobis_diag,intent_quantile_0.9,nearest_sphere,none,2.0,0.9,0.518,0.628,0.606,0.022
4,mahalanobis_diag,intent_quantile_0.9,nearest_sphere,ratio,0.0,0.9,0.518,0.628,0.606,0.022
4,mahalanobis_diag,intent_quantile_0.9,nearest_sphere,ratio,0.25,0.9,0.076,0.076,0.076,0.0
4,mahalanobis_diag,intent_quantile_0.9,nearest_sphere,ratio,0.5,0.9,0.004,0.004,0.004,0.0
4,mahalanobis_diag,intent_quantile_0.9,nearest_sphere,ratio,1.0,0.9,0.0,0.0,0.0,0.0
4,mahalanobis_diag,intent_quantile_0.9,nearest_sphere,ratio,2.0,0.9,0.0,0.0,0.0,0.0
4,mahalanobis_diag,intent_quantile_0.9,nearest_sphere,inverse_margin,0.0,0.9,0.518,0.628,0.606,0.022
4,mahalanobis_diag,intent_quantile_0.9,nearest_sphere,inverse_margin,0.25,0.9,0.0,0.0,0.0,0.0
4,mahalanobis_diag,intent_quantile_0.9,nearest_sphere,inverse_margin,0.5,0.9,0.0,0.0,0.0,0.0
4,mahalanobis_diag,intent_quantile_0.9,nearest_sphere,inverse_margin,1.0,0.9,0.0,0.0,0.0,0.0
4,mahalanobis_diag,intent_quantile_0.9,nearest_sphere,inverse_margin,2.0,0.9,0.0,0.0,0.0,0.0
4,mahalanobis_diag,intent_quantile_0.9,nearest_sphere,max_ratio,0.0,0.9,0.518,0.628,0.606,0.022
4,mahalanobis_diag,intent_quantile_0.9,nearest_sphere,max_ratio,0.25,0.9,0.518,0.628,0.606,0.022
4,mahalanobis_diag,intent_quantile_0.9,nearest_sphere,max_ratio,0.5,0.9,0.518,0.628,0.606,0.022
4,mahalanobis_diag,intent_quantile_0.9,nearest_sphere,max_ratio,1.0,0.9,0.52,0.53,0.528,0.002
4,mahalanobis_diag,intent_quantile_0.9,nearest_sphere,max_ratio,2.0,0.9,0.0,0.0,0.0,0.0
4,mahalanobis_diag,intent_quantile_0.9,normalized_union,none,0.0,0.9,0.572,0.632,0.62,0.012
4,mahalanobis_diag,intent_quantile_0.9,normalized_union,none,0.25,0.9,0.572,0.632,0.62,0.012
4,mahalanobis_diag,intent_quantile_0.9,normalized_union,none,0.5,0.9,0.572,0.632,0.62,0.012
4,mahalanobis_diag,intent_quantile_0.9,normalized_union,none,1.0,0.9,0.572,0.632,0.62,0.012
4,mahalanobis_diag,intent_quantile_0.9,normalized_union,none,2.0,0.9,0.572,0.632,0.62,0.012
4,mahalanobis_diag,intent_quantile_0.9,normalized_union,ratio,0.0,0.9,0.572,0.632,0.62,0.012
4,mahalanobis_diag,intent_quantile_0.9,normalized_union,ratio,0.25,0.9,0.076,0.076,0.076,0.0
4,mahalanobis_diag,intent_quantile_0.9,normalized_union,ratio,0.5,0.9,0.004,0.004,0.004,0.0
4,mahalanobis_diag,intent_quantile_0.9,normalized_union,ratio,1.0,0.9,0.0,0.0,0.0,0.0
4,mahalanobis_diag,intent_quantile_0.9,normalized_union,ratio,2.0,0.9,0.0,0.0,0.0,0.0
4,mahalanobis_diag,intent_quantile_0.9,normalized_union,inverse_margin,0.0,0.9,0.572,0.632,0.62,0.012
4,mahalanobis_diag,intent_quantile_0.9,normalized_union,inverse_margin,0.25,0.9,0.0,0.0,0.0,0.0
4,mahalanobis_diag,intent_quantile_0.9,normalized_union,inverse_margin,0.5,0.9,0.0,0.0,0.0,0.0
4,mahalanobis_diag,intent_quantile_0.9,normalized_union,inverse_margin,1.0,0.9,0.0,0.0,0.0,0.0
4,mahalanobis_diag,intent_quantile_0.9,normalized_union,inverse_margin,2.0,0.9,0.0,0.0,0.0,0.0
4,mahalanobis_diag,intent_quantile_0.9,normalized_union,max_ratio,0.0,0.9,0.572,0.632,0.62,0.012
4,mahalanobis_diag,intent_quantile_0.9,normalized_union,max_ratio,0.25,0.9,0.572,0.632,0.62,0.012
4,mahalanobis_diag,intent_quantile_0.9,normalized_union,max_ratio,0.5,0.9,0.572,0.632,0.62,0.012
4,mahalanobis_diag,intent_quantile_0.9,normalized_union,max_ratio,1.0,0.9,0.52,0.53,0.528,0.002
4,mahalanobis_diag,intent_quantile_0.9,normalized_union,max_ratio,2.0,0.9,0.0,0.0,0.0,0.0
4,mahalanobis_diag,center_quantile_0.95,nearest_sphere,none,0.0,0.9,0.576,0.776,0.736,0.04
4,mahalanobis_diag,center_quantile_0.95,nearest_sphere,none,0.25,0.9,0.576,0.776,0.736,0.04
4,mahalanobis_diag,center_quantile_0.95,nearest_sphere,none,0.5,0.9,0.576,0.776,0.736,0.04
4,mahalanobis_diag,center_quantile_0.95,nearest_sphere,none,1.0,0.9,0.576,0.776,0.736,0.04
4,mahalanobis_diag,center_quantile_0.95,nearest_sphere,none,2.0,0.9,0.576,0.776,0.736,0.04
4,mahalanobis_diag,center_quantile_0.95,nearest_sphere,ratio,0.0,0.9,0.576,0.776,0.736,0.04
4,mahalanobis_diag,center_quantile_0.95,nearest_sphere,ratio,0.25,0.9,0.152,0.152,0.152,0.0
4,mahalanobis_diag,center_quantile_0.95,nearest_sphere,ratio,0.5,0.9,0.002,0.002,0.002,0.0
4,mahalanobis_diag,center_quantile_0.95,nearest_sphere,ratio,1.0,0.9,0.0,0.0,0.0,0.0
4,mahalanobis_diag,center_quantile_0.95,nearest_sphere,ratio,2.0,0.9,0.0,0.0,0.0,0.0
4,mahalanobis_diag,center_quantile_0.95,nearest_sphere,inverse_margin,0.0,0.9,0.576,0.776,0.736,0.04
4,mahalanobis_diag,center_quantile_0.95,nearest_sphere,inverse_margin,0.25,0.9,0.0,0.0,0.0,0.0
4,mahalanobis_diag,center_quantile_0.95,nearest_sphere,inverse_margin,0.5,0.9,0.0,0.0,0.0,0.0
4,mahalanobis_diag,center_quantile_0.95,nearest_sphere,inverse_margin,1.0,0.9,0.0,0.0,0.0,0.0
4,mahalanobis_diag,center_quantile_0.95,nearest_sphere,inverse_margin,2.0,0.9,0.0,0.0,0.0,0.0
4,mahalanobis_diag,center_quantile_0.95,nearest_sphere,max_ratio,0.0,0.9,0.576,0.776,0.736,0.04
4,mahalanobis_diag,center_quantile_0.95,nearest_sphere,max_ratio,0.25,0.9,0.576,0.776,0.736,0.04
4,mahalanobis_diag,center_quantile_0.95,nearest_sphere,max_ratio,0.5,0.9,0.576,0.776,0.736,0.04
4,mahalanobis_diag,center_quantile_0.95,nearest_sphere,max_ratio,1.0,0.9,0.622,0.632,0.63,0.002
4,mahalanobis_diag,center_quantile_0.95,nearest_sphere,max_ratio,2.0,0.9,0.0,0.0,0.0,0.0
4,mahalanobis_diag,center_quantile_0.95,normalized_union,none,0.0,0.9,0.752,0.832,0.816,0.016
4,mahalanobis_diag,center_quantile_0.95,normalized_union,none,0.25,0.9,0.752,0.832,0.816,0.016
4,mahalanobis_diag,center_quantile_0.95,normalized_union,none,0.5,0.9,0.752,0.832,0.816,0.016
4,mahalanobis_diag,center_quantile_0.95,normalized_union,none,1.0,0.9,0.752,0.832,0.816,0.016
4,mahalanobis_diag,center_quantile_0.95,normalized_union,none,2.0,0.9,0.752,0.832,0.816,0.016
4,mahalanobis_diag,center_quantile_0.95,normalized_union,ratio,0.0,0.9,0.752,0.832,0.816,0.016
4,mahalanobis_diag,center_quantile_0.95,normalized_union,ratio,0.25,0.9,0.18,0.18,0.18,0.0
4,mahalanobis_diag,center_quantile_0.95,normalized_union,ratio,0.5,0.9,0.002,0.002,0.002,0.0
4,mahalanobis_diag,center_quantile_0.95,normalized_union,ratio,1.0,0.9,0.0,0.0,0.0,0.0
4,mahalanobis_diag,center_quantile_0.95,normalized_union,ratio,2.0,0.9,0.0,0.0,0.0,0.0
4,mahalanobis_diag,center_quantile_0.95,normalized_union,inverse_margin,0.0,0.9,0.752,0.832,0.816,0.016
4,mahalanobis_diag,center_quantile_0.95,normalized_union,inverse_margin,0.25,0.9,0.0,0.0,0.0,0.0
4,mahalanobis_diag,center_quantile_0.95,normalized_union,inverse_margin,0.5,0.9,0.0,0.0,0.0,0.0
4,mahalanobis_diag,center_quantile_0.95,normalized_union,inverse_margin,1.0,0.9,0.0,0.0,0.0,0.0
4,mahalanobis_diag,center_quantile_0.95,normalized_union,inverse_margin,2.0,0.9,0.0,0.0,0.0,0.0
4,mahalanobis_diag,center_quantile_0.95,normalized_union,max_ratio,0.0,0.9,0.752,0.832,0.816,0.016
4,mahalanobis_diag,center_quantile_0.95,normalized_union,max_ratio,0.25,0.9,0.752,0.832,0.816,0.016
4,mahalanobis_diag,center_quantile_0.95,normalized_union,max_ratio,0.5,0.9,0.752,0.832,0.816,0.016
4,mahalanobis_diag,center_quantile_0.95,normalized_union,max_ratio,1.0,0.9,0.652,0.662,0.66,0.002
4,mahalanobis_diag,center_quantile_0.95,normalized_union,max_ratio,2.0,0.9,0.0,0.0,0.0,0.0
4,mahalanobis_diag,intent_quantile_0.95,nearest_sphere,none,0.0,0.9,0.564,0.764,0.724,0.04
4,mahalanobis_diag,intent_quantile_0.95,nearest_sphere,none,0.25,0.9,0.564,0.764,0.724,0.04
4,mahalanobis_diag,intent_quantile_0.95,nearest_sphere,none,0.5,0.9,0.564,0.764,0.724,0.04
4,mahalanobis_diag,intent_quantile_0.95,nearest_sphere,none,1.0,0.9,0.564,0.764,0.724,0.04
4,mahalanobis_diag,intent_quantile_0.95,nearest_sphere,none,2.0,0.9,0.564,0.764,0.724,0.04
4,mahalanobis_diag,intent_quantile_0.95,nearest_sphere,ratio,0.0,0.9,0.564,0.764,0.724,0.04
4,mahalanobis_diag,intent_quantile_0.95,nearest_sphere,ratio,0.25,0.9,0.146,0.146,0.146,0.0
4,mahalanobis_diag,intent_quantile_0.95,nearest_sphere,ratio,0.5,0.9,0.01,0.01,0.01,0.0
4,mahalanobis_diag,intent_quantile_0.95,nearest_sphere,ratio,1.0,0.9,0.0,0.0,0.0,0.0
4,mahalanobis_diag,intent_quantile_0.95,nearest_sphere,ratio,2.0,0.9,0.0,0.0,0.0,0.0
4,mahalanobis_diag,intent_quantile_0.95,nearest_sphere,inverse_margin,0.0,0.9,0.564,0.764,0.724,0.04
4,mahalanobis_diag,intent_quantile_0.95,nearest_sphere,inverse_margin,0.25,0.9,0.002,0.002,0.002,0.0
4,mahalanobis_diag,intent_quantile_0.95,nearest_sphere,inverse_margin,0.5,0.9,0.0,0.0,0.0,0.0
4,mahalanobis_diag,intent_quantile_0.95,nearest_sphere,inverse_margin,1.0,0.9,0.0,0.0,0.0,0.0
4,mahalanobis_diag,intent_quantile_0.95,nearest_sphere,inverse_margin,2.0,0.9,0.0,0.0,0.0,0.0
4,mahalanobis_diag,intent_quantile_0.95,nearest_sphere,max_ratio,0.0,0.9,0.564,0.764,0.724,0.04
4,mahalanobis_diag,intent_quantile_0.95,nearest_sphere,max_ratio,0.25,0.9,0.564,0.764,0.724,0.04
4,mahalanobis_diag,intent_quantile_0.95,nearest_sphere,max_ratio,0.5,0.9,0.564,0.764,0.724,0.04
4,mahalanobis_diag,intent_quantile_0.95,nearest_sphere,max_ratio,1.0,0.9,0.614,0.624,0.622,0.002
4,mahalanobis_diag,intent_quantile_0.95,nearest_sphere,max_ratio,2.0,0.9,0.0,0.0,0.0,0.0
4,mahalanobis_diag,intent_quantile_0.95,normalized_union,none,0.0,0.9,0.646,0.766,0.742,0.024
4,mahalanobis_diag,intent_quantile_0.95,normalized_union,none,0.25,0.9,0.646,0.766,0.742,0.024
4,mahalanobis_diag,intent_quantile_0.95,normalized_union,none,0.5,0.9,0.646,0.766,0.742,0.024
4,mahalanobis_diag,intent_quantile_0.95,normalized_union,none,1.0,0.9,0.646,0.766,0.742,0.024
4,mahalanobis_diag,intent_quantile_0.95,normalized_union,none,2.0,0.9,0.646,0.766,0.742,0.024
4,mahalanobis_diag,intent_quantile_0.95,normalized_union,ratio,0.0,0.9,0.646,0.766,0.742,0.024
4,mahalanobis_diag,intent_quantile_0.95,normalized_union,ratio,0.25,0.9,0.146,0.146,0.146,0.0
4,mahalanobis_diag,intent_quantile_0.95,normalized_union,ratio,0.5,0.9,0.01,0.01,0.01,0.0
4,mahalanobis_diag,intent_quantile_0.95,normalized_union,ratio,1.0,0.9,0.0,0.0,0.0,0.0
4,mahalanobis_diag,intent_quantile_0.95,normalized_union,ratio,2.0,0.9,0.0,0.0,0.0,0.0
4,mahalanobis_diag,intent_quantile_0.95,normalized_union,inverse_margin,0.0,0.9,0.646,0.766,0.742,0.024
4,mahalanobis_diag,intent_quantile_0.95,normalized_union,inverse_margin,0.25,0.9,0.002,0.002,0.002,0.0
4,mahalanobis_diag,intent_quantile_0.95,normalized_union,inverse_margin,0.5,0.9,0.0,0.0,0.0,0.0
4,mahalanobis_diag,intent_quantile_0.95,normalized_union,inverse_margin,1.0,0.9,0.0,0.0,0.0,0.0
4,mahalanobis_diag,intent_quantile_0.95,normalized_union,inverse_margin,2.0,0.9,0.0,0.0,0.0,0.0
4,mahalanobis_diag,intent_quantile_0.95,normalized_union,max_ratio,0.0,0.9,0.646,0.766,0.742,0.024
4,mahalanobis_diag,intent_quantile_0.95,normalized_union,max_ratio,0.25,0.9,0.646,0.766,0.742,0.024
4,mahalanobis_diag,intent_quantile_0.95,normalized_union,max_ratio,0.5,0.9,0.646,0.766,0.742,0.024
4,mahalanobis_diag,intent_quantile_0.95,normalized_union,max_ratio,1.0,0.9,0.614,0.624,0.622,0.002
4,mahalanobis_diag,intent_quantile_0.95,normalized_union,max_ratio,2.0,0.9,0.0,0.0,0.0,0.0
4,mahalanobis_diag,center_quantile_0.99,nearest_sphere,none,0.0,0.9,0.574,0.934,0.862,0.072
4,mahalanobis_diag,center_quantile_0.99,nearest_sphere,none,0.25,0.9,0.574,0.934,0.862,0.072
4,mahalanobis_diag,center_quantile_0.99,nearest_sphere,none,0.5,0.9,0.574,0.934,0.862,0.072
4,mahalanobis_diag,center_quantile_0.99,nearest_sphere,none,1.0,0.9,0.574,0.934,0.862,0.072
4,mahalanobis_diag,center_quantile_0.99,nearest_sphere,none,2.0,0.9,0.574,0.934,0.862,0.072
4,mahalanobis_diag,center_quantile_0.99,nearest_sphere,ratio,0.0,0.9,0.574,0.934,0.862,0.072
4,mahalanobis_diag,center_quantile_0.99,nearest_sphere,ratio,0.25,0.9,0.432,0.492,0.48,0.012
4,mahalanobis_diag,center_quantile_0.99,nearest_sphere,ratio,0.5,0.9,0.016,0.016,0.016,0.0
4,mahalanobis_diag,center_quantile_0.99,nearest_sphere,ratio,1.0,0.9,0.0,0.0,0.0,0.0
4,mahalanobis_diag,center_quantile_0.99,nearest_sphere,ratio,2.0,0.9,0.0,0.0,0.0,0.0
4,mahalanobis_diag,center_quantile_0.99,nearest_sphere,inverse_margin,0.0,0.9,0.574,0.934,0.862,0.072
4,mahalanobis_diag,center_quantile_0.99,nearest_sphere,inverse_margin,0.25,0.9,0.0,0.0,0.0,0.0
4,mahalanobis_diag,center_quantile_0.99,nearest_sphere,inverse_margin,0.5,0.9,0.0,0.0,0.0,0.0
4,mahalanobis_diag,center_quantile_0.99,nearest_sphere,inverse_margin,1.0,0.9,0.0,0.0,0.0,0.0
4,mahalanobis_diag,center_quantile_0.99,nearest_sphere,inverse_margin,2.0,0.9,0.0,0.0,0.0,0.0
4,mahalanobis_diag,center_quantile_0.99,nearest_sphere,max_ratio,0.0,0.9,0.574,0.934,0.862,0.072
4,mahalanobis_diag,center_quantile_0.99,nearest_sphere,max_ratio,0.25,0.9,0.574,0.934,0.862,0.072
4,mahalanobis_diag,center_quantile_0.99,nearest_sphere,max_ratio,0.5,0.9,0.574,0.934,0.862,0.072
4,mahalanobis_diag,center_quantile_0.99,nearest_sphere,max_ratio,1.0,0.9,0.7,0.72,0.716,0.004
4,mahalanobis_diag,center_quantile_0.99,nearest_sphere,max_ratio,2.0,0.9,0.0,0.0,0.0,0.0
4,mahalanobis_diag,center_quantile_0.99,normalized_union,none,0.0,0.9,0.786,0.966,0.93,0.036
4,mahalanobis_diag,center_quantile_0.99,normalized_union,none,0.25,0.9,0.786,0.966,0.93,0.036
4,mahalanobis_diag,center_quantile_0.99,normalized_union,none,0.5,0.9,0.786,0.966,0.93,0.036
4,mahalanobis_diag,center_quantile_0.99,normalized_union,none,1.0,0.9,0.786,0.966,0.93,0.036
4,mahalanobis_diag,center_quantile_0.99,normalized_union,none,2.0,0.9,0.786,0.966,0.93,0.036
4,mahalanobis_diag,center_quantile_0.99,normalized_union,ratio,0.0,0.9,0.786,0.966,0.93,0.036
4,mahalanobis_diag,center_quantile_0.99,normalized_union,ratio,0.25,0.9,0.526,0.576,0.566,0.01
4,mahalanobis_diag,center_quantile_0.99,normalized_union,ratio,0.5,0.9,0.024,0.024,0.024,0.0
4,mahalanobis_diag,center_quantile_0.99,normalized_union,ratio,1.0,0.9,0.0,0.0,0.0,0.0
4,mahalanobis_diag,center_quantile_0.99,normalized_union,ratio,2.0,0.9,0.0,0.0,0.0,0.0
4,mahalanobis_diag,center_quantile_0.99,normalized_union,inverse_margin,0.0,0.9,0.786,0.966,0.93,0.036
4,mahalanobis_diag,center_quantile_0.99,normalized_union,inverse_margin,0.25,0.9,0.004,0.004,0.004,0.0
4,mahalanobis_diag,center_quantile_0.99,normalized_union,inverse_margin,0.5,0.9,0.0,0.0,0.0,0.0
4,mahalanobis_diag,center_quantile_0.99,normalized_union,inverse_margin,1.0,0.9,0.0,0.0,0.0,0.0
4,mahalanobis_diag,center_quantile_0.99,normalized_union,inverse_margin,2.0,0.9,0.0,0.0,0.0,0.0
4,mahalanobis_diag,center_quantile_0.99,normalized_union,max_ratio,0.0,0.9,0.786,0.966,0.93,0.036
4,mahalanobis_diag,center_quantile_0.99,normalized_union,max_ratio,0.25,0.9,0.786,0.966,0.93,0.036
4,mahalanobis_diag,center_quantile_0.99,normalized_union,max_ratio,0.5,0.9,0.786,0.966,0.93,0.036
4,mahalanobis_diag,center_quantile_0.99,normalized_union,max_ratio,1.0,0.9,0.726,0.746,0.742,0.004
4,mahalanobis_diag,center_quantile_0.99,normalized_union,max_ratio,2.0,0.9,0.0,0.0,0.0,0.0
4,mahalanobis_diag,intent_quantile_0.99,nearest_sphere,none,0.0,0.9,0.592,0.952,0.88,0.072
4,mahalanobis_diag,intent_quantile_0.99,nearest_sphere,none,0.25,0.9,0.592,0.952,0.88,0.072
4,mahalanobis_diag,intent_quantile_0.99,nearest_sphere,none,0.5,0.9,0.592,0.952,0.88,0.072
4,mahalanobis_diag,intent_quantile_0.99,nearest_sphere,none,1.0,0.9,0.592,0.952,0.88,0.072
4,mahalanobis_diag,intent_quantile_0.99,nearest_sphere,none,2.0,0.9,0.592,0.952,0.88,0.072
4,mahalanobis_diag,intent_quantile_0.99,nearest_sphere,ratio,0.0,0.9,0.592,0.952,0.88,0.072
4,mahalanobis_diag,intent_quantile_0.99,nearest_sphere,ratio,0.25,0.9,0.422,0.482,0.47,0.012
4,mahalanobis_diag,intent_quantile_0.99,nearest_sphere,ratio,0.5,0.9,0.026,0.026,0.026,0.0
4,mahalanobis_diag,intent_quantile_0.99,nearest_sphere,ratio,1.0,0.9,0.0,0.0,0.0,0.0
4,mahalanobis_diag,intent_quantile_0.99,nearest_sphere,ratio,2.0,0.9,0.0,0.0,0.0,0.0
4,mahalanobis_diag,intent_quantile_0.99,nearest_sphere,inverse_margin,0.0,0.9,0.592,0.952,0.88,0.072
4,mahalanobis_diag,intent_quantile_0.99,nearest_sphere,inverse_margin,0.25,0.9,0.008,0.008,0.008,0.0
4,mahalanobis_diag,intent_quantile_0.99,nearest_sphere,inverse_margin,0.5,0.9,0.0,0.0,0.0,0.0
4,mahalanobis_diag,intent_quantile_0.99,nearest_sphere,inverse_margin,1.0,0.9,0.0,0.0,0.0,0.0
4,mahalanobis_diag,intent_quantile_0.99,nearest_sphere,inverse_margin,2.0,0.9,0.0,0.0,0.0,0.0
4,mahalanobis_diag,intent_quantile_0.99,nearest_sphere,max_ratio,0.0,0.9,0.592,0.952,0.88,0.072
4,mahalanobis_diag,intent_quantile_0.99,nearest_sphere,max_ratio,0.25,0.9,0.592,0.952,0.88,0.072
4,mahalanobis_diag,intent_quantile_0.99,nearest_sphere,max_ratio,0.5,0.9,0.592,0.952,0.88,0.072
4,mahalanobis_diag,intent_quantile_0.99,nearest_sphere,max_ratio,1.0,0.9,0.724,0.744,0.74,0.004
4,mahalanobis_diag,intent_quantile_0.99,nearest_sphere,max_ratio,2.0,0.9,0.0,0.0,0.0,0.0
4,mahalanobis_diag,intent_quantile_0.99,normalized_union,none,0.0,0.9,0.592,0.952,0.88,0.072
4,mahalanobis_diag,intent_quantile_0.99,normalized_union,none,0.25,0.9,0.592,0.952,0.88,0.072
4,mahalanobis_diag,intent_quantile_0.99,normalized_union,none,0.5,0.9,0.592,0.952,0.88,0.072
4,mahalanobis_diag,intent_quantile_0.99,normalized_union,none,1.0,0.9,0.592,0.952,0.88,0.072
4,mahalanobis_diag,intent_quantile_0.99,normalized_union,none,2.0,0.9,0.592,0.952,0.88,0.072
4,mahalanobis_diag,intent_quantile_0.99,normalized_union,ratio,0.0,0.9,0.592,0.952,0.88,0.072
4,mahalanobis_diag,intent_quantile_0.99,normalized_union,ratio,0.25,0.9,0.414,0.484,0.47,0.014
4,mahalanobis_diag,intent_quantile_0.99,normalized_union,ratio,0.5,0.9,0.026,0.026,0.026,0.0
4,mahalanobis_diag,intent_quantile_0.99,normalized_union,ratio,1.0,0.9,0.0,0.0,0.0,0.0
4,mahalanobis_diag,intent_quantile_0.99,normalized_union,ratio,2.0,0.9,0.0,0.0,0.0,0.0
4,mahalanobis_diag,intent_quantile_0.99,normalized_union,inverse_margin,0.0,0.9,0.592,0.952,0.88,0.072
4,mahalanobis_diag,intent_quantile_0.99,normalized_union,inverse_margin,0.25,0.9,0.008,0.008,0.008,0.0
4,mahalanobis_diag,intent_quantile_0.99,normalized_union,inverse_margin,0.5,0.9,0.0,0.0,0.0,0.0
4,mahalanobis_diag,intent_quantile_0.99,normalized_union,inverse_margin,1.0,0.9,0.0,0.0,0.0,0.0
4,mahalanobis_diag,intent_quantile_0.99,normalized_union,inverse_margin,2.0,0.9,0.0,0.0,0.0,0.0
4,mahalanobis_diag,intent_quantile_0.99,normalized_union,max_ratio,0.0,0.9,0.592,0.952,0.88,0.072
4,mahalanobis_diag,intent_quantile_0.99,normalized_union,max_ratio,0.25,0.9,0.592,0.952,0.88,0.072
4,mahalanobis_diag,intent_quantile_0.99,normalized_union,max_ratio,0.5,0.9,0.592,0.952,0.88,0.072
4,mahalanobis_diag,intent_quantile_0.99,normalized_union,max_ratio,1.0,0.9,0.724,0.744,0.74,0.004
4,mahalanobis_diag,intent_quantile_0.99,normalized_union,max_ratio,2.0,0.9,0.0,0.0,0.0,0.0
5,euclidean,mean_std_0.0,nearest_sphere,none,0.0,0.9,0.254,0.264,0.262,0.002
5,euclidean,mean_std_0.0,nearest_sphere,none,0.25,0.9,0.254,0.264,0.262,0.002
5,euclidean,mean_std_0.0,nearest_sphere,none,0.5,0.9,0.254,0.264,0.262,0.002
5,euclidean,mean_std_0.0,nearest_sphere,none,1.0,0.9,0.254,0.264,0.262,0.002
5,euclidean,mean_std_0.0,nearest_sphere,none,2.0,0.9,0.254,0.264,0.262,0.002
5,euclidean,mean_std_0.0,nearest_sphere,ratio,0.0,0.9,0.254,0.264,0.262,0.002
5,euclidean,mean_std_0.0,nearest_sphere,ratio,0.25,0.9,0.06,0.06,0.06,0.0
5,euclidean,mean_std_0.0,nearest_sphere,ratio,0.5,0.9,0.02,0.02,0.02,0.0
5,euclidean,mean_std_0.0,nearest_sphere,ratio,1.0,0.9,0.004,0.004,0.004,0.0
5,euclidean,mean_std_0.0,nearest_sphere,ratio,2.0,0.9,0.0,0.0,0.0,0.0
5,euclidean,mean_std_0.0,nearest_sphere,inverse_margin,0.0,0.9,0.254,0.264,0.262,0.002
5,euclidean,mean_std_0.0,nearest_sphere,inverse_margin,0.25,0.9,0.022,0.022,0.022,0.0
5,euclidean,mean_std_0.0,nearest_sphere,inverse_margin,0.5,0.9,0.008,0.008,0.008,0.0
5,euclidean,mean_std_0.0,nearest_sphere,inverse_margin,1.0,0.9,0.0,0.0,0.0,0.0
5,euclidean,mean_std_0.0,nearest_sphere,inverse_margin,2.0,0.9,0.0,0.0,0.0,0.0
5,euclidean,mean_std_0.0,nearest_sphere,max_ratio,0.0,0.9,0.254,0.264,0.262,0.002
5,euclidean,mean_std_0.0,nearest_sphere,max_ratio,0.25,0.9,0.254,0.264,0.262,0.002
5,euclidean,mean_std_0.0,nearest_sphere,max_ratio,0.5,0.9,0.254,0.264,0.262,0.002
5,euclidean,mean_std_0.0,nearest_sphere,max_ratio,1.0,0.9,0.248,0.248,0.248,0.0
5,euclidean,mean_std_0.0,nearest_sphere,max_ratio,2.0,0.9,0.08,0.08,0.08,0.0
5,euclidean,mean_std_0.0,normalized_union,none,0.0,0.9,0.488,0.608,0.584,0.024
5,euclidean,mean_std_0.0,normalized_union,none,0.25,0.9,0.488,0.608,0.584,0.024
5,euclidean,mean_std_0.0,normalized_union,none,0.5,0.9,0.488,0.608,0.584,0.024
5,euclidean,mean_std_0.0,normalized_union,none,1.0,0.9,0.488,0.608,0.584,0.024
5,euclidean,mean_std_0.0,normalized_union,none,2.0,0.9,0.488,0.608,0.584,0.024
5,euclidean,mean_std_0.0,normalized_union,ratio,0.0,0.9,0.488,0.608,0.584,0.024
5,euclidean,mean_std_0.0,normalized_union,ratio,0.25,0.9,0.136,0.146,0.144,0.002
5,euclidean,mean_std_0.0,normalized_union,ratio,0.5,0.9,0.022,0.022,0.022,0.0
5,euclidean,mean_std_0.0,normalized_union,ratio,1.0,0.9,0.004,0.004,0.004,0.0
5,euclidean,mean_std_0.0,normalized_union,ratio,2.0,0.9,0.0,0.0,0.0,0.0
5,euclidean,mean_std_0.0,normalized_union,inverse_margin,0.0,0.9,0.488,0.608,0.584,0.024
5,euclidean,mean_std_0.0,normalized_union,inverse_margin,0.25,0.9,0.03,0.03,0.03,0.0
5,euclidean,mean_std_0.0,normalized_union,inverse_margin,0.5,0.9,0.008,0.008,0.008,0.0
5,euclidean,mean_std_0.0,normalized_union,inverse_margin,1.0,0.9,0.0,0.0,0.0,0.0
5,euclidean,mean_std_0.0,normalized_union,inverse_margin,2.0,0.9,0.0,0.0,0.0,0.0
5,euclidean,mean_std_0.0,normalized_union,max_ratio,0.0,0.9,0.488,0.608,0.584,0.024
5,euclidean,mean_std_0.0,normalized_union,max_ratio,0.25,0.9,0.488,0.608,0.584,0.024
5,euclidean,mean_std_0.0,normalized_union,max_ratio,0.5,0.9,0.488,0.608,0.584,0.024
5,euclidean,mean_std_0.0,normalized_union,max_ratio,1.0,0.9,0.52,0.59,0.576,0.014
5,euclidean,mean_std_0.0,normalized_union,max_ratio,2.0,0.9,0.1,0.1,0.1,0.0
5,euclidean,mean_std_0.25,nearest_sphere,none,0.0,0.9,0.318,0.338,0.334,0.004
5,euclidean,mean_std_0.25,nearest_sphere,none,0.25,0.9,0.318,0.338,0.334,0.004
5,euclidean,mean_std_0.25,nearest_sphere,none,0.5,0.9,0.318,0.338,0.334,0.004
5,euclidean,mean_std_0.25,nearest_sphere,none,1.0,0.9,0.318,0.338,0.334,0.004
5,euclidean,mean_std_0.25,nearest_sphere,none,2.0,0.9,0.318,0.338,0.334,0.004
5,euclidean,mean_std_0.25,nearest_sphere,ratio,0.0,0.9,0.318,0.338,0.334,0.004
5,euclidean,mean_std_0.25,nearest_sphere,ratio,0.25,0.9,0.106,0.106,0.106,0.0
5,euclidean,mean_std_0.25,nearest_sphere,ratio,0.5,0.9,0.022,0.022,0.022,0.0
5,euclidean,mean_std_0.25,nearest_sphere,ratio,1.0,0.9,0.006,0.006,0.006,0.0
5,euclidean,mean_std_0.25,nearest_sphere,ratio,2.0,0.9,0.0,0.0,0.0,0.0
5,euclidean,mean_std_0.25,nearest_sphere,inverse_margin,0.0,0.9,0.318,0.338,0.334,0.004
5,euclidean,mean_std_0.25,nearest_sphere,inverse_margin,0.25,0.9,0.03,0.03,0.03,0.0
5,euclidean,mean_std_0.25,nearest_sphere,inverse_margin,0.5,0.9,0.008,0.008,0.008,0.0
5,euclidean,mean_std_0.25,nearest_sphere,inverse_margin,1.0,0.9,0.0,0.0,0.0,0.0
5,euclidean,mean_std_0.25,nearest_sphere,inverse_margin,2.0,0.9,0.0,0.0,0.0,0.0
5,euclidean,mean_std_0.25,nearest_sphere,max_ratio,0.0,0.9,0.318,0.338,0.334,0.004
5,euclidean,mean_std_0.25,nearest_sphere,max_ratio,0.25,0.9,0.318,0.338,0.334,0.004
5,euclidean,mean_std_0.25,nearest_sphere,max_ratio,0.5,0.9,0.318,0.338,0.334,0.004
5,euclidean,mean_std_0.25,nearest_sphere,max_ratio,1.0,0.9,0.308,0.318,0.316,0.002
5,euclidean,mean_std_0.25,nearest_sphere,max_ratio,2.0,0.9,0.088,0.088,0.088,0.0
5,euclidean,mean_std_0.25,normalized_union,none,0.0,0.9,0.624,0.744,0.72,0.024
5,euclidean,mean_std_0.25,normalized_union,none,0.25,0.9,0.624,0.744,0.72,0.024
5,euclidean,mean_std_0.25,normalized_union,none,0.5,0.9,0.624,0.744,0.72,0.024
5,euclidean,mean_std_0.25,normalized_union,none,1.0,0.9,0.624,0.744,0.72,0.024
5,euclidean,mean_std_0.25,normalized_union,none,2.0,0.9,0.624,0.744,0.72,0.024
5,euclidean,mean_std_0.25,normalized_union,ratio,0.0,0.9,0.624,0.744,0.72,0.024
5,euclidean,mean_std_0.25,normalized_union,ratio,0.25,0.9,0.232,0.242,0.24,0.002
5,euclidean,mean_std_0.25,normalized_union,ratio,0.5,0.9,0.03,0.03,0.03,0.0
5,euclidean,mean_std_0.25,normalized_union,ratio,1.0,0.9,0.006,0.006,0.006,0.0
5,euclidean,mean_std_0.25,normalized_union,ratio,2.0,0.9,0.0,0.0,0.0,0.0
5,euclidean,mean_std_0.25,normalized_union,inverse_margin,0.0,0.9,0.624,0.744,0.72,0.024
5,euclidean,mean_std_0.25,normalized_union,inverse_margin,0.25,0.9,0.044,0.044,0.044,0.0
5,euclidean,mean_std_0.25,normalized_union,inverse_margin,0.5,0.9,0.008,0.008,0.008,0.0
5,euclidean,mean_std_0.25,normalized_union,inverse_margin,1.0,0.9,0.0,0.0,0.0,0.0
5,euclidean,mean_std_0.25,normalized_union,inverse_margin,2.0,0.9,0.0,0.0,0.0,0.0
5,euclidean,mean_std_0.25,normalized_union,max_ratio,0.0,0.9,0.624,0.744,0.72,0.024
5,euclidean,mean_std_0.25,normalized_union,max_ratio,0.25,0.9,0.624,0.744,0.72,0.024
5,euclidean,mean_std_0.25,normalized_union,max_ratio,0.5,0.9,0.624,0.744,0.72,0.024
5,euclidean,mean_std_0.25,normalized_union,max_ratio,1.0,0.9,0.652,0.722,0.708,0.014
5,euclidean,mean_std_0.25,normalized_union,max_ratio,2.0,0.9,0.12,0.12,0.12,0.0
5,euclidean,mean_std_0.5,nearest_sphere,none,0.0,0.9,0.412,0.452,0.444,0.008
5,euclidean,mean_std_0.5,nearest_sphere,none,0.25,0.9,0.412,0.452,0.444,0.008
5,euclidean,mean_std_0.5,nearest_sphere,none,0.5,0.9,0.412,0.452,0.444,0.008
5,euclidean,mean_std_0.5,nearest_sphere,none,1.0,0.9,0.412,0.452,0.444,0.008
5,euclidean,mean_std_0.5,nearest_sphere,none,2.0,0.9,0.412,0.452,0.444,0.008
5,euclidean,mean_std_0.5,nearest_sphere,ratio,0.0,0.9,0.412,0.452,0.444,0.008
5,euclidean,mean_std_0.5,nearest_sphere,ratio,0.25,0.9,0.156,0.156,0.156,0.0
5,euclidean,mean_std_0.5,nearest_sphere,ratio,0.5,0.9,0.032,0.032,0.032,0.0
5,euclidean,mean_std_0.5,nearest_sphere,ratio,1.0,0.9,0.006,0.006,0.006,0.0
5,euclidean,mean_std_0.5,nearest_sphere,ratio,2.0,0.9,0.0,0.0,0.0,0.0
5,euclidean,mean_std_0.5,nearest_sphere,inverse_margin,0.0,0.9,0.412,0.452,0.444,0.008
5,euclidean,mean_std_0.5,nearest_sphere,inverse_margin,0.25,0.9,0.042,0.042,0.042,0.0
5,euclidean,mean_std_0.5,nearest_sphere,inverse_margin,0.5,0.9,0.01,0.01,0.01,0.0
5,euclidean,mean_std_0.5,nearest_sphere,inverse_margin,1.0,0.9,0.0,0.0,0.0,0.0
5,euclidean,mean_std_0.5,nearest_sphere,inverse_margin,2.0,0.9,0.0,0.0,0.0,0.0
5,euclidean,mean_std_0.5,nearest_sphere,max_ratio,0.0,0.9,0.412,0.452,0.444,0.008
5,euclidean,mean_std_0.5,nearest_sphere,max_ratio,0.25,0.9,0.412,0.452,0.444,0.008
5,euclidean,mean_std_0.5,nearest_sphere,max_ratio,0.5,0.9,0.412,0.452,0.444,0.008
5,euclidean,mean_std_0.5,nearest_sphere,max_ratio,1.0,0.9,0.412,0.422,0.42,0.002
5,euclidean,mean_std_0.5,nearest_sphere,max_ratio,2.0,0.9,0.098,0.098,0.098,0.0
5,euclidean,mean_std_0.5,normalized_union,none,0.0,0.9,0.698,0.838,0.81,0.028
5,euclidean,mean_std_0.5,normalized_union,none,0.25,0.9,0.698,0.838,0.81,0.028
5,euclidean,mean_std_0.5,normalized_union,none,0.5,0.9,0.698,0.838,0.81,0.028
5,euclidean,mean_std_0.5,normalized_union,none,1.0,0.9,0.698,0.838,0.81,0.028
5,euclidean,mean_std_0.5,normalized_union,none,2.0,0.9,0.698,0.838,0.81,0.028
5,euclidean,mean_std_0.5,normalized_union,ratio,0.0,0.9,0.698,0.838,0.81,0.028
5,euclidean,mean_std_0.5,normalized_union,ratio,0.25,0.9,0.328,0.348,0.344,0.004
5,euclidean,mean_std_0.5,normalized_union,ratio,0.5,0.9,0.048,0.048,0.048,0.0
5,euclidean,mean_std_0.5,normalized_union,ratio,1.0,0.9,0.006,0.006,0.006,0.0
5,euclidean,mean_std_0.5,normalized_union,ratio,2.0,0.9,0.0,0.0,0.0,0.0
5,euclidean,mean_std_0.5,normalized_union,inverse_margin,0.0,0.9,0.698,0.838,0.81,0.028
5,euclidean,mean_std_0.5,normalized_union,inverse_margin,0.25,0.9,0.052,0.052,0.052,0.0
5,euclidean,mean_std_0.5,normalized_union,inverse_margin,0.5,0.9,0.01,0.01,0.01,0.0
5,euclidean,mean_std_0.5,normalized_union,inverse_margin,1.0,0.9,0.0,0.0,0.0,0.0
5,euclidean,mean_std_0.5,normalized_union,inverse_margin,2.0,0.9,0.0,0.0,0.0,0.0
5,euclidean,mean_std_0.5,normalized_union,max_ratio,0.0,0.9,0.698,0.838,0.81,0.028
5,euclidean,mean_std_0.5,normalized_union,max_ratio,0.25,0.9,0.698,0.838,0.81,0.028
5,euclidean,mean_std_0.5,normalized_union,max_ratio,0.5,0.9,0.698,0.838,0.81,0.028
5,euclidean,mean_std_0.5,normalized_union,max_ratio,1.0,0.9,0.724,0.804,0.788,0.016
5,euclidean,mean_std_0.5,normalized_union,max_ratio,2.0,0.9,0.132,0.132,0.132,0.0
5,euclidean,mean_std_0.75,nearest_sphere,none,0.0,0.9,0.464,0.534,0.52,0.014
5,euclidean,mean_std_0.75,nearest_sphere,none,0.25,0.9,0.464,0.534,0.52,0.014
5,euclidean,mean_std_0.75,nearest_sphere,none,0.5,0.9,0.464,0.534,0.52,0.014
5,euclidean,mean_std_0.75,nearest_sphere,none,1.0,0.9,0.464,0.534,0.52,0.014
5,euclidean,mean_std_0.75,nearest_sphere,none,2.0,0.9,0.464,0.534,0.52,0.014
5,euclidean,mean_std_0.75,nearest_sphere,ratio,0.0,0.9,0.464,0.534,0.52,0.014
5,euclidean,mean_std_0.75,nearest_sphere,ratio,0.25,0.9,0.212,0.212,0.212,0.0
5,euclidean,mean_std_0.75,nearest_sphere,ratio,0.5,0.9,0.052,0.052,0.052,0.0
5,euclidean,mean_std_0.75,nearest_sphere,ratio,1.0,0.9,0.008,0.008,0.008,0.0
5,euclidean,mean_std_0.75,nearest_sphere,ratio,2.0,0.9,0.0,0.0,0.0,0.0
5,euclidean,mean_std_0.75,nearest_sphere,inverse_margin,0.0,0.9,0.464,0.534,0.52,0.014
5,euclidean,mean_std_0.75,nearest_sphere,inverse_margin,0.25,0.9,0.07,0.07,0.07,0.0
5,euclidean,mean_std_0.75,nearest_sphere,inverse_margin,0.5,0.9,0.014,0.014,0.014,0.0
5,euclidean,mean_std_0.75,nearest_sphere,inverse_margin,1.0,0.9,0.0,0.0,0.0,0.0
5,euclidean,mean_std_0.75,nearest_sphere,inverse_margin,2.0,0.9,0.0,0.0,0.0,0.0
5,euclidean,mean_std_0.75,nearest_sphere,max_ratio,0.0,0.9,0.464,0.534,0.52,0.014
5,euclidean,mean_std_0.75,nearest_sphere,max_ratio,0.25,0.9,0.464,0.534,0.52,0.014
5,euclidean,mean_std_0.75,nearest_sphere,max_ratio,0.5,0.9,0.464,0.534,0.52,0.014
5,euclidean,mean_std_0.75,nearest_sphere,max_ratio,1.0,0.9,0.476,0.496,0.492,0.004
5,euclidean,mean_std_0.75,nearest_sphere,max_ratio,2.0,0.9,0.116,0.116,0.116,0.0
5,euclidean,mean_std_0.75,normalized_union,none,0.0,0.9,0.736,0.886,0.856,0.03
5,euclidean,mean_std_0.75,normalized_union,none,0.25,0.9,0.736,0.886,0.856,0.03
5,euclidean,mean_std_0.75,normalized_union,none,0.5,0.9,0.736,0.886,0.856,0.03
5,euclidean,mean_std_0.75,normalized_union,none,1.0,0.9,0.736,0.886,0.856,0.03
5,euclidean,mean_std_0.75,normalized_union,none,2.0,0.9,0.736,0.886,0.856,0.03
5,euclidean,mean_std_0.75,normalized_union,ratio,0.0,0.9,0.736,0.886,0.856,0.03
5,euclidean,mean_std_0.75,normalized_union,ratio,0.25,0.9,0.43,0.45,0.446,0.004
5,euclidean,mean_std_0.75,normalized_union,ratio,0.5,0.9,0.076,0.076,0.076,0.0
5,euclidean,mean_std_0.75,normalized_union,ratio,1.0,0.9,0.008,0.008,0.008,0.0
5,euclidean,mean_std_0.75,normalized_union,ratio,2.0,0.9,0.0,0.0,0.0,0.0
5,euclidean,mean_std_0.75,normalized_union,inverse_margin,0.0,0.9,0.736,0.886,0.856,0.03
5,euclidean,mean_std_0.75,normalized_union,inverse_margin,0.25,0.9,0.086,0.086,0.086,0.0
5,euclidean,mean_std_0.75,normalized_union,inverse_margin,0.5,0.9,0.016,0.016,0.016,0.0
5,euclidean,mean_std_0.75,normalized_union,inverse_margin,1.0,0.9,0.0,0.0,0.0,0.0
5,euclidean,mean_std_0.75,normalized_union,inverse_margin,2.0,0.9,0.0,0.0,0.0,0.0
5,euclidean,mean_std_0.75,normalized_union,max_ratio,0.0,0.9,0.736,0.886,0.856,0.03
5,euclidean,mean_std_0.75,normalized_union,max_ratio,0.25,0.9,0.736,0.886,0.856,0.03
5,euclidean,mean_std_0.75,normalized_union,max_ratio,0.5,0.9,0.736,0.886,0.856,0.03
5,euclidean,mean_std_0.75,normalized_union,max_ratio,1.0,0.9,0.77,0.84,0.826,0.014
5,euclidean,mean_std_0.75,normalized_union,max_ratio,2.0,0.9,0.134,0.134,0.134,0.0
5,euclidean,mean_std_1.0,nearest_sphere,none,0.0,0.9,0.542,0.622,0.606,0.016
5,euclidean,mean_std_1.0,nearest_sphere,none,0.25,0.9,0.542,0.622,0.606,0.016
5,euclidean,mean_std_1.0,nearest_sphere,none,0.5,0.9,0.542,0.622,0.606,0.016
5,euclidean,mean_std_1.0,nearest_sphere,none,1.0,0.9,0.542,0.622,0.606,0.016
5,euclidean,mean_std_1.0,nearest_sphere,none,2.0,0.9,0.542,0.622,0.606,0.016
5,euclidean,mean_std_1.0,nearest_sphere,ratio,0.0,0.9,0.542,0.622,0.606,0.016
5,euclidean,mean_std_1.0,nearest_sphere,ratio,0.25,0.9,0.262,0.262,0.262,0.0
5,euclidean,mean_std_1.0,nearest_sphere,ratio,0.5,0.9,0.08,0.08,0.08,0.0
5,euclidean,mean_std_1.0,nearest_sphere,ratio,1.0,0.9,0.008,0.008,0.008,0.0
5,euclidean,mean_std_1.0,nearest_sphere,ratio,2.0,0.9,0.0,0.0,0.0,0.0
5,euclidean,mean_std_1.0,nearest_sphere,inverse_margin,0.0,0.9,0.542,0.622,0.606,0.016
5,euclidean,mean_std_1.0,nearest_sphere,inverse_margin,0.25,0.9,0.088,0.088,0.088,0.0
5,euclidean,mean_std_1.0,nearest_sphere,inverse_margin,0.5,0.9,0.014,0.014,0.014,0.0
5,euclidean,mean_std_1.0,nearest_sphere,inverse_margin,1.0,0.9,0.002,0.002,0.002,0.0
5,euclidean,mean_std_1.0,nearest_sphere,inverse_margin,2.0,0.9,0.0,0.0,0.0,0.0
5,euclidean,mean_std_1.0,nearest_sphere,max_ratio,0.0,0.9,0.542,0.622,0.606,0.016
5,euclidean,mean_std_1.0,nearest_sphere,max_ratio,0.25,0.9,0.542,0.622,0.606,0.016
5,euclidean,mean_std_1.0,nearest_sphere,max_ratio,0.5,0.9,0.542,0.622,0.606,0.016
5,euclidean,mean_std_1.0,nearest_sphere,max_ratio,1.0,0.9,0.556,0.576,0.572,0.004
5,euclidean,mean_std_1.0,nearest_sphere,max_ratio,2.0,0.9,0.122,0.122,0.122,0.0
5,euclidean,mean_std_1.0,normalized_union,none,0.0,0.9,0.75,0.92,0.886,0.034
5,euclidean,mean_std_1.0,normalized_union,none,0.25,0.9,0.75,0.92,0.886,0.034
5,euclidean,mean_std_1.0,normalized_union,none,0.5,0.9,0.75,0.92,0.886,0.034
5,euclidean,mean_std_1.0,normalized_union,none,1.0,0.9,0.75,0.92,0.886,0.034
5,euclidean,mean_std_1.0,normalized_union,none,2.0,0.9,0.75,0.92,0.886,0.034
5,euclidean,mean_std_1.0,normalized_union,ratio,0.0,0.9,0.75,0.92,0.886,0.034
5,euclidean,mean_std_1.0,normalized_union,ratio,0.25,0.9,0.526,0.556,0.55,0.006
5,euclidean,mean_std_1.0,normalized_union,ratio,0.5,0.9,0.134,0.134,0.134,0.0
5,euclidean,mean_std_1.0,normalized_union,ratio,1.0,0.9,0.008,0.008,0.008,0.0
5,euclidean,mean_std_1.0,normalized_union,ratio,2.0,0.9,0.0,0.0,0.0,0.0
5,euclidean,mean_std_1.0,normalized_union,inverse_margin,0.0,0.9,0.75,0.92,0.886,0.034
5,euclidean,mean_std_1.0,normalized_union,inverse_margin,0.25,0.9,0.124,0.124,0.124,0.0
5,euclidean,mean_std_1.0,normalized_union,inverse_margin,0.5,0.9,0.016,0.016,0.016,0.0
5,euclidean,mean_std_1.0,normalized_union,inverse_margin,1.0,0.9,0.002,0.002,0.002,0.0
5,euclidean,mean_std_1.0,normalized_union,inverse_margin,2.0,0.9,0.0,0.0,0.0,0.0
5,euclidean,mean_std_1.0,normalized_union,max_ratio,0.0,0.9,0.75,0.92,0.886,0.034
5,euclidean,mean_std_1.0,normalized_union,max_ratio,0.25,0.9,0.75,0.92,0.886,0.034
5,euclidean,mean_std_1.0,normalized_union,max_ratio,0.5,0.9,0.75,0.92,0.886,0.034
5,euclidean,mean_std_1.0,normalized_union,max_ratio,1.0,0.9,0.796,0.866,0.852,0.014
5,euclidean,mean_std_1.0,normalized_union,max_ratio,2.0,0.9,0.134,0.134,0.134,0.0
5,euclidean,mean_std_1.5,nearest_sphere,none,0.0,0.9,0.688,0.788,0.768,0.02
5,euclidean,mean_std_1.5,nearest_sphere,none,0.25,0.9,0.688,0.788,0.768,0.02
5,euclidean,mean_std_1.5,nearest_sphere,none,0.5,0.9,0.688,0.788,0.768,0.02
5,euclidean,mean_std_1.5,nearest_sphere,none,1.0,0.9,0.688,0.788,0.768,0.02
5,euclidean,mean_std_1.5,nearest_sphere,none,2.0,0.9,0.688,0.788,0.768,0.02
5,euclidean,mean_std_1.5,nearest_sphere,ratio,0.0,0.9,0.688,0.788,0.768,0.02
5,euclidean,mean_std_1.5,nearest_sphere,ratio,0.25,0.9,0.396,0.406,0.404,0.002
5,euclidean,mean_std_1.5,nearest_sphere,ratio,0.5,0.9,0.124,0.124,0.124,0.0
5,euclidean,mean_std_1.5,nearest_sphere,ratio,1.0,0.9,0.014,0.014,0.014,0.0
5,euclidean,mean_std_1.5,nearest_sphere,ratio,2.0,0.9,0.0,0.0,0.0,0.0
5,euclidean,mean_std_1.5,nearest_sphere,inverse_margin,0.0,0.9,0.688,0.788,0.768,0.02
5,euclidean,mean_std_1.5,nearest_sphere,inverse_margin,0.25,0.9,0.128,0.128,0.128,0.0
5,euclidean,mean_std_1.5,nearest_sphere,inverse_margin,0.5,0.9,0.028,0.028,0.028,0.0
5,euclidean,mean_std_1.5,nearest_sphere,inverse_margin,1.0,0.9,0.004,0.004,0.004,0.0
5,euclidean,mean_std_1.5,nearest_sphere,inverse_margin,2.0,0.9,0.0,0.0,0.0,0.0
5,euclidean,mean_std_1.5,nearest_sphere,max_ratio,0.0,0.9,0.688,0.788,0.768,0.02
5,euclidean,mean_std_1.5,nearest_sphere,max_ratio,0.25,0.9,0.688,0.788,0.768,0.02
5,euclidean,mean_std_1.5,nearest_sphere,max_ratio,0.5,0.9,0.688,0.788,0.768,0.02
5,euclidean,mean_std_1.5,nearest_sphere,max_ratio,1.0,0.9,0.712,0.732,0.728,0.004
5,euclidean,mean_std_1.5,nearest_sphere,max_ratio,2.0,0.9,0.132,0.132,0.132,0.0
5,euclidean,mean_std_1.5,normalized_union,none,0.0,0.9,0.75,0.96,0.918,0.042
5,euclidean,mean_std_1.5,normalized_union,none,0.25,0.9,0.75,0.96,0.918,0.042
5,euclidean,mean_std_1.5,normalized_union,none,0.5,0.9,0.75,0.96,0.918,0.042
5,euclidean,mean_std_1.5,normalized_union,none,1.0,0.9,0.75,0.96,0.918,0.042
5,euclidean,mean_std_1.5,normalized_union,none,2.0,0.9,0.75,0.96,0.918,0.042
5,euclidean,mean_std_1.5,normalized_union,ratio,0.0,0.9,0.75,0.96,0.918,0.042
5,euclidean,mean_std_1.5,normalized_union,ratio,0.25,0.9,0.704,0.744,0.736,0.008
5,euclidean,mean_std_1.5,normalized_union,ratio,0.5,0.9,0.236,0.246,0.244,0.002
5,euclidean,mean_std_1.5,normalized_union,ratio,1.0,0.9,0.016,0.016,0.016,0.0
5,euclidean,mean_std_1.5,normalized_union,ratio,2.0,0.9,0.0,0.0,0.0,0.0
5,euclidean,mean_std_1.5,normalized_union,inverse_margin,0.0,0.9,0.75,0.96,0.918,0.042
5,euclidean,mean_std_1.5,normalized_union,inverse_margin,0.25,0.9,0.208,0.208,0.208,0.0
5,euclidean,mean_std_1.5,normalized_union,inverse_margin,0.5,0.9,0.034,0.034,0.034,0.0
5,euclidean,mean_std_1.5,normalized_union,inverse_margin,1.0,0.9,0.004,0.004,0.004,0.0
5,euclidean,mean_std_1.5,normalized_union,inverse_margin,2.0,0.9,0.0,0.0,0.0,0.0
5,euclidean,mean_std_1.5,normalized_union,max_ratio,0.0,0.9,0.75,0.96,0.918,0.042
5,euclidean,mean_std_1.5,normalized_union,max_ratio,0.25,0.9,0.75,0.96,0.918,0.042
5,euclidean,mean_std_1.5,normalized_union,max_ratio,0.5,0.9,0.75,0.96,0.918,0.042
5,euclidean,mean_std_1.5,normalized_union,max_ratio,1.0,0.9,0.816,0.896,0.88,0.016
5,euclidean,mean_std_1.5,normalized_union,max_ratio,2.0,0.9,0.134,0.134,0.134,0.0
5,euclidean,mean_std_2.0,nearest_sphere,none,0.0,0.9,0.762,0.892,0.866,0.026
5,euclidean,mean_std_2.0,nearest_sphere,none,0.25,0.9,0.762,0.892,0.866,0.026
5,euclidean,mean_std_2.0,nearest_sphere,none,0.5,0.9,0.762,0.892,0.866,0.026
5,euclidean,mean_std_2.0,nearest_sphere,none,1.0,0.9,0.762,0.892,0.866,0.026
5,euclidean,mean_std_2.0,nearest_sphere,none,2.0,0.9,0.762,0.892,0.866,0.026
5,euclidean,mean_std_2.0,nearest_sphere,ratio,0.0,0.9,0.762,0.892,0.866,0.026
5,euclidean,mean_std_2.0,nearest_sphere,ratio,0.25,0.9,0.482,0.502,0.498,0.004
5,euclidean,mean_std_2.0,nearest_sphere,ratio,0.5,0.9,0.204,0.204,0.204,0.0
5,euclidean,mean_std_2.0,nearest_sphere,ratio,1.0,0.9,0.018,0.018,0.018,0.0
5,euclidean,mean_std_2.0,nearest_sphere,ratio,2.0,0.9,0.0,0.0,0.0,0.0
5,euclidean,mean_std_2.0,nearest_sphere,inverse_margin,0.0,0.9,0.762,0.892,0.866,0.026
5,euclidean,mean_std_2.0,nearest_sphere,inverse_margin,0.25,0.9,0.186,0.186,0.186,0.0
5,euclidean,mean_std_2.0,nearest_sphere,inverse_margin,0.5,0.9,0.036,0.036,0.036,0.0
5,euclidean,mean_std_2.0,nearest_sphere,inverse_margin,1.0,0.9,0.006,0.006,0.006,0.0
5,euclidean,mean_std_2.0,nearest_sphere,inverse_margin,2.0,0.9,0.0,0.0,0.0,0.0
5,euclidean,mean_std_2.0,nearest_sphere,max_ratio,0.0,0.9,0.762,0.892,0.866,0.026
5,euclidean,mean_std_2.0,nearest_sphere,max_ratio,0.25,0.9,0.762,0.892,0.866,0.026
5,euclidean,mean_std_2.0,nearest_sphere,max_ratio,0.5,0.9,0.762,0.892,0.866,0.026
5,euclidean,mean_std_2.0,nearest_sphere,max_ratio,1.0,0.9,0.802,0.822,0.818,0.004
5,euclidean,mean_std_2.0,nearest_sphere,max_ratio,2.0,0.9,0.134,0.134,0.134,0.0
5,euclidean,mean_std_2.0,normalized_union,none,0.0,0.9,0.75,0.98,0.934,0.046
5,euclidean,mean_std_2.0,normalized_union,none,0.25,0.9,0.75,0.98,0.934,0.046
5,euclidean,mean_std_2.0,normalized_union,none,0.5,0.9,0.75,0.98,0.934,0.046
5,euclidean,mean_std_2.0,normalized_union,none,1.0,0.9,0.75,0.98,0.934,0.046
5,euclidean,mean_std_2.0,normalized_union,none,2.0,0.9,0.75,0.98,0.934,0.046
5,euclidean,mean_std_2.0,normalized_union,ratio,0.0,0.9,0.75,0.98,0.934,0.046
5,euclidean,mean_std_2.0,normalized_union,ratio,0.25,0.9,0.768,0.828,0.816,0.012
5,euclidean,mean_std_2.0,normalized_union,ratio,0.5,0.9,0.348,0.358,0.356,0.002
5,euclidean,mean_std_2.0,normalized_union,ratio,1.0,0.9,0.022,0.022,0.022,0.0
5,euclidean,mean_std_2.0,normalized_union,ratio,2.0,0.9,0.0,0.0,0.0,0.0
5,euclidean,mean_std_2.0,normalized_union,inverse_margin,0.0,0.9,0.75,0.98,0.934,0.046
5,euclidean,mean_std_2.0,normalized_union,inverse_margin,0.25,0.9,0.286,0.286,0.286,0.0
5,euclidean,mean_std_2.0,normalized_union,inverse_margin,0.5,0.9,0.046,0.046,0.046,0.0
5,euclidean,mean_std_2.0,normalized_union,inverse_margin,1.0,0.9,0.006,0.006,0.006,0.0
5,euclidean,mean_std_2.0,normalized_union,inverse_margin,2.0,0.9,0.0,0.0,0.0,0.0
5,euclidean,mean_std_2.0,normalized_union,max_ratio,0.0,0.9,0.75,0.98,0.934,0.046
5,euclidean,mean_std_2.0,normalized_union,max_ratio,0.25,0.9,0.75,0.98,0.934,0.046
5,euclidean,mean_std_2.0,normalized_union,max_ratio,0.5,0.9,0.75,0.98,0.934,0.046
5,euclidean,mean_std_2.0,normalized_union,max_ratio,1.0,0.9,0.826,0.906,0.89,0.016
5,euclidean,mean_std_2.0,normalized_union,max_ratio,2.0,0.9,0.134,0.134,0.134,0.0
5,euclidean,mean_std_3.0,nearest_sphere,none,0.0,0.9,0.828,0.968,0.94,0.028
5,euclidean,mean_std_3.0,nearest_sphere,none,0.25,0.9,0.828,0.968,0.94,0.028
5,euclidean,mean_std_3.0,nearest_sphere,none,0.5,0.9,0.828,0.968,0.94,0.028
5,euclidean,mean_std_3.0,nearest_sphere,none,1.0,0.9,0.828,0.968,0.94,0.028
5,euclidean,mean_std_3.0,nearest_sphere,none,2.0,0.9,0.828,0.968,0.94,0.028
5,euclidean,mean_std_3.0,nearest_sphere,ratio,0.0,0.9,0.828,0.968,0.94,0.028
5,euclidean,mean_std_3.0,nearest_sphere,ratio,0.25,0.9,0.676,0.746,0.732,0.014
5,euclidean,mean_std_3.0,nearest_sphere,ratio,0.5,0.9,0.36,0.36,0.36,0.0
5,euclidean,mean_std_3.0,nearest_sphere,ratio,1.0,0.9,0.04,0.04,0.04,0.0
5,euclidean,mean_std_3.0,nearest_sphere,ratio,2.0,0.9,0.0,0.0,0.0,0.0
5,euclidean,mean_std_3.0,nearest_sphere,inverse_margin,0.0,0.9,0.828,0.968,0.94,0.028
5,euclidean,mean_std_3.0,nearest_sphere,inverse_margin,0.25,0.9,0.292,0.292,0.292,0.0
5,euclidean,mean_std_3.0,nearest_sphere,inverse_margin,0.5,0.9,0.072,0.072,0.072,0.0
5,euclidean,mean_std_3.0,nearest_sphere,inverse_margin,1.0,0.9,0.008,0.008,0.008,0.0
5,euclidean,mean_std_3.0,nearest_sphere,inverse_margin,2.0,0.9,0.0,0.0,0.0,0.0
5,euclidean,mean_std_3.0,nearest_sphere,max_ratio,0.0,0.9,0.828,0.968,0.94,0.028
5,euclidean,mean_std_3.0,nearest_sphere,max_ratio,0.25,0.9,0.828,0.968,0.94,0.028
5,euclidean,mean_std_3.0,nearest_sphere,max_ratio,0.5,0.9,0.828,0.968,0.94,0.028
5,euclidean,mean_std_3.0,nearest_sphere,max_ratio,1.0,0.9,0.868,0.888,0.884,0.004
5,euclidean,mean_std_3.0,nearest_sphere,max_ratio,2.0,0.9,0.134,0.134,0.134,0.0
5,euclidean,mean_std_3.0,normalized_union,none,0.0,0.9,0.77,1.0,0.954,0.046
5,euclidean,mean_std_3.0,normalized_union,none,0.25,0.9,0.77,1.0,0.954,0.046
5,euclidean,mean_std_3.0,normalized_union,none,0.5,0.9,0.77,1.0,0.954,0.046
5,euclidean,mean_std_3.0,normalized_union,none,1.0,0.9,0.77,1.0,0.954,0.046
5,euclidean,mean_std_3.0,normalized_union,none,2.0,0.9,0.77,1.0,0.954,0.046
5,euclidean,mean_std_3.0,normalized_union,ratio,0.0,0.9,0.77,1.0,0.954,0.046
5,euclidean,mean_std_3.0,normalized_union,ratio,0.25,0.9,0.8,0.92,0.896,0.024
5,euclidean,mean_std_3.0,normalized_union,ratio,0.5,0.9,0.616,0.636,0.632,0.004
5,euclidean,mean_std_3.0,normalized_union,ratio,1.0,0.9,0.056,0.056,0.056,0.0
5,euclidean,mean_std_3.0,normalized_union,ratio,2.0,0.9,0.0,0.0,0.0,0.0
5,euclidean,mean_std_3.0,normalized_union,inverse_margin,0.0,0.9,0.77,1.0,0.954,0.046
5,euclidean,mean_std_3.0,normalized_union,inverse_margin,0.25,0.9,0.414,0.424,0.422,0.002
5,euclidean,mean_std_3.0,normalized_union,inverse_margin,0.5,0.9,0.08,0.08,0.08,0.0
5,euclidean,mean_std_3.0,normalized_union,inverse_margin,1.0,0.9,0.008,0.008,0.008,0.0
5,euclidean,mean_std_3.0,normalized_union,inverse_margin,2.0,0.9,0.0,0.0,0.0,0.0
5,euclidean,mean_std_3.0,normalized_union,max_ratio,0.0,0.9,0.77,1.0,0.954,0.046
5,euclidean,mean_std_3.0,normalized_union,max_ratio,0.25,0.9,0.77,1.0,0.954,0.046
5,euclidean,mean_std_3.0,normalized_union,max_ratio,0.5,0.9,0.77,1.0,0.954,0.046
5,euclidean,mean_std_3.0,normalized_union,max_ratio,1.0,0.9,0.842,0.912,0.898,0.014
5,euclidean,mean_std_3.0,normalized_union,max_ratio,2.0,0.9,0.134,0.134,0.134,0.0
5,euclidean,center_quantile_0.5,nearest_sphere,none,0.0,0.9,0.218,0.228,0.226,0.002
5,euclidean,center_quantile_0.5,nearest_sphere,none,0.25,0.9,0.218,0.228,0.226,0.002
5,euclidean,center_quantile_0.5,nearest_sphere,none,0.5,0.9,0.218,0.228,0.226,0.002
5,euclidean,center_quantile_0.5,nearest_sphere,none,1.0,0.9,0.218,0.228,0.226,0.002
5,euclidean,center_quantile_0.5,nearest_sphere,none,2.0,0.9,0.218,0.228,0.226,0.002
5,euclidean,center_quantile_0.5,nearest_sphere,ratio,0.0,0.9,0.218,0.228,0.226,0.002
5,euclidean,center_quantile_0.5,nearest_sphere,ratio,0.25,0.9,0.042,0.042,0.042,0.0
5,euclidean,center_quantile_0.5,nearest_sphere,ratio,0.5,0.9,0.01,0.01,0.01,0.0
5,euclidean,center_quantile_0.5,nearest_sphere,ratio,1.0,0.9,0.002,0.002,0.002,0.0
5,euclidean,center_quantile_0.5,nearest_sphere,ratio,2.0,0.9,0.0,0.0,0.0,0.0
5,euclidean,center_quantile_0.5,nearest_sphere,inverse_margin,0.0,0.9,0.218,0.228,0.226,0.002
5,euclidean,center_quantile_0.5,nearest_sphere,inverse_margin,0.25,0.9,0.018,0.018,0.018,0.0
5,euclidean,center_quantile_0.5,nearest_sphere,inverse_margin,0.5,0.9,0.008,0.008,0.008,0.0
5,euclidean,center_quantile_0.5,nearest_sphere,inverse_margin,1.0,0.9,0.0,0.0,0.0,0.0
5,euclidean,center_quantile_0.5,nearest_sphere,inverse_margin,2.0,0.9,0.0,0.0,0.0,0.0
5,euclidean,center_quantile_0.5,nearest_sphere,max_ratio,0.0,0.9,0.218,0.228,0.226,0.002
5,euclidean,center_quantile_0.5,nearest_sphere,max_ratio,0.25,0.9,0.218,0.228,0.226,0.002
5,euclidean,center_quantile_0.5,nearest_sphere,max_ratio,0.5,0.9,0.218,0.228,0.226,0.002
5,euclidean,center_quantile_0.5,nearest_sphere,max_ratio,1.0,0.9,0.214,0.214,0.214,0.0
5,euclidean,center_quantile_0.5,nearest_sphere,max_ratio,2.0,0.9,0.072,0.072,0.072,0.0
5,euclidean,center_quantile_0.5,normalized_union,none,0.0,0.9,0.454,0.554,0.534,0.02
5,euclidean,center_quantile_0.5,normalized_union,none,0.25,0.9,0.454,0.554,0.534,0.02
5,euclidean,center_quantile_0.5,normalized_union,none,0.5,0.9,0.454,0.554,0.534,0.02
5,euclidean,center_quantile_0.5,normalized_union,none,1.0,0.9,0.454,0.554,0.534,0.02
5,euclidean,center_quantile_0.5,normalized_union,none,2.0,0.9,0.454,0.554,0.534,0.02
5,euclidean,center_quantile_0.5,normalized_union,ratio,0.0,0.9,0.454,0.554,0.534,0.02
5,euclidean,center_quantile_0.5,normalized_union,ratio,0.25,0.9,0.098,0.108,0.106,0.002
5,euclidean,center_quantile_0.5,normalized_union,ratio,0.5,0.9,0.01,0.01,0.01,0.0
5,euclidean,center_quantile_0.5,normalized_union,ratio,1.0,0.9,0.002,0.002,0.002,0.0
5,euclidean,center_quantile_0.5,normalized_union,ratio,2.0,0.9,0.0,0.0,0.0,0.0
5,euclidean,center_quantile_0.5,normalized_union,inverse_margin,0.0,0.9,0.454,0.554,0.534,0.02
5,euclidean,center_quantile_0.5,normalized_union,inverse_margin,0.25,0.9,0.02,0.02,0.02,0.0
5,euclidean,center_quantile_0.5,normalized_union,inverse_margin,0.5,0.9,0.008,0.008,0.008,0.0
5,euclidean,center_quantile_0.5,normalized_union,inverse_margin,1.0,0.9,0.0,0.0,0.0,0.0
5,euclidean,center_quantile_0.5,normalized_union,inverse_margin,2.0,0.9,0.0,0.0,0.0,0.0
5,euclidean,center_quantile_0.5,normalized_union,max_ratio,0.0,0.9,0.454,0.554,0.534,0.02
5,euclidean,center_quantile_0.5,normalized_union,max_ratio,0.25,0.9,0.454,0.554,0.534,0.02
5,euclidean,center_quantile_0.5,normalized_union,max_ratio,0.5,0.9,0.454,0.554,0.534,0.02
5,euclidean,center_quantile_0.5,normalized_union,max_ratio,1.0,0.9,0.488,0.538,0.528,0.01
5,euclidean,center_quantile_0.5,normalized_union,max_ratio,2.0,0.9,0.096,0.096,0.096,0.0
5,euclidean,intent_quantile_0.5,nearest_sphere,none,0.0,0.9,0.266,0.266,0.266,0.0
5,euclidean,intent_quantile_0.5,nearest_sphere,none,0.25,0.9,0.266,0.266,0.266,0.0
5,euclidean,intent_quantile_0.5,nearest_sphere,none,0.5,0.9,0.266,0.266,0.266,0.0
5,euclidean,intent_quantile_0.5,nearest_sphere,none,1.0,0.9,0.266,0.266,0.266,0.0
5,euclidean,intent_quantile_0.5,nearest_sphere,none,2.0,0.9,0.266,0.266,0.266,0.0
5,euclidean,intent_quantile_0.5,nearest_sphere,ratio,0.0,0.9,0.266,0.266,0.266,0.0
5,euclidean,intent_quantile_0.5,nearest_sphere,ratio,0.25,0.9,0.092,0.092,0.092,0.0
5,euclidean,intent_quantile_0.5,nearest_sphere,ratio,0.5,0.9,0.024,0.024,0.024,0.0
5,euclidean,intent_quantile_0.5,nearest_sphere,ratio,1.0,0.9,0.006,0.006,0.006,0.0
5,euclidean,intent_quantile_0.5,nearest_sphere,ratio,2.0,0.9,0.0,0.0,0.0,0.0
5,euclidean,intent_quantile_0.5,nearest_sphere,inverse_margin,0.0,0.9,0.266,0.266,0.266,0.0
5,euclidean,intent_quantile_0.5,nearest_sphere,inverse_margin,0.25,0.9,0.034,0.034,0.034,0.0
5,euclidean,intent_quantile_0.5,nearest_sphere,inverse_margin,0.5,0.9,0.012,0.012,0.012,0.0
5,euclidean,intent_quantile_0.5,nearest_sphere,inverse_margin,1.0,0.9,0.0,0.0,0.0,0.0
5,euclidean,intent_quantile_0.5,nearest_sphere,inverse_margin,2.0,0.9,0.0,0.0,0.0,0.0
5,euclidean,intent_quantile_0.5,nearest_sphere,max_ratio,0.0,0.9,0.266,0.266,0.266,0.0
5,euclidean,intent_quantile_0.5,nearest_sphere,max_ratio,0.25,0.9,0.266,0.266,0.266,0.0
5,euclidean,intent_quantile_0.5,nearest_sphere,max_ratio,0.5,0.9,0.266,0.266,0.266,0.0
5,euclidean,intent_quantile_0.5,nearest_sphere,max_ratio,1.0,0.9,0.266,0.266,0.266,0.0
5,euclidean,intent_quantile_0.5,nearest_sphere,max_ratio,2.0,0.9,0.08,0.08,0.08,0.0
5,euclidean,intent_quantile_0.5,normalized_union,none,0.0,0.9,0.266,0.266,0.266,0.0
5,euclidean,intent_quantile_0.5,normalized_union,none,0.25,0.9,0.266,0.266,0.266,0.0
5,euclidean,intent_quantile_0.5,normalized_union,none,0.5,0.9,0.266,0.266,0.266,0.0
5,euclidean,intent_quantile_0.5,normalized_union,none,1.0,0.9,0.266,0.266,0.266,0.0
5,euclidean,intent_quantile_0.5,normalized_union,none,2.0,0.9,0.266,0.266,0.266,0.0
5,euclidean,intent_quantile_0.5,normalized_union,ratio,0.0,0.9,0.266,0.266,0.266,0.0
5,euclidean,intent_quantile_0.5,normalized_union,ratio,0.25,0.9,0.092,0.092,0.092,0.0
5,euclidean,intent_quantile_0.5,normalized_union,ratio,0.5,0.9,0.024,0.024,0.024,0.0
5,euclidean,intent_quantile_0.5,normalized_union,ratio,1.0,0.9,0.006,0.006,0.006,0.0
5,euclidean,intent_quantile_0.5,normalized_union,ratio,2.0,0.9,0.0,0.0,0.0,0.0
5,euclidean,intent_quantile_0.5,normalized_union,inverse_margin,0.0,0.9,0.266,0.266,0.266,0.0
5,euclidean,intent_quantile_0.5,normalized_union,inverse_margin,0.25,0.9,0.034,0.034,0.034,0.0
5,euclidean,intent_quantile_0.5,normalized_union,inverse_margin,0.5,0.9,0.012,0.012,0.012,0.0
5,euclidean,intent_quantile_0.5,normalized_union,inverse_margin,1.0,0.9,0.0,0.0,0.0,0.0
5,euclidean,intent_quantile_0.5,normalized_union,inverse_margin,2.0,0.9,0.0,0.0,0.0,0.0
5,euclidean,intent_quantile_0.5,normalized_union,max_ratio,0.0,0.9,0.266,0.266,0.266,0.0
5,euclidean,intent_quantile_0.5,normalized_union,max_ratio,0.25,0.9,0.266,0.266,0.266,0.0
5,euclidean,intent_quantile_0.5,normalized_union,max_ratio,0.5,0.9,0.266,0.266,0.266,0.0
5,euclidean,intent_quantile_0.5,normalized_union,max_ratio,1.0,0.9,0.266,0.266,0.266,0.0
5,euclidean,intent_quantile_0.5,normalized_union,max_ratio,2.0,0.9,0.08,0.08,0.08,0.0
5,euclidean,center_quantile_0.7,nearest_sphere,none,0.0,0.9,0.372,0.412,0.404,0.008
5,euclidean,center_quantile_0.7,nearest_sphere,none,0.25,0.9,0.372,0.412,0.404,0.008
5,euclidean,center_quantile_0.7,nearest_sphere,none,0.5,0.9,0.372,0.412,0.404,0.008
5,euclidean,center_quantile_0.7,nearest_sphere,none,1.0,0.9,0.372,0.412,0.404,0.008
5,euclidean,center_quantile_0.7,nearest_sphere,none,2.0,0.9,0.372,0.412,0.404,0.008
5,euclidean,center_quantile_0.7,nearest_sphere,ratio,0.0,0.9,0.372,0.412,0.404,0.008
5,euclidean,center_quantile_0.7,nearest_sphere,ratio,0.25,0.9,0.12,0.12,0.12,0.0
5,euclidean,center_quantile_0.7,nearest_sphere,ratio,0.5,0.9,0.026,0.026,0.026,0.0
5,euclidean,center_quantile_0.7,nearest_sphere,ratio,1.0,0.9,0.006,0.006,0.006,0.0
5,euclidean,center_quantile_0.7,nearest_sphere,ratio,2.0,0.9,0.0,0.0,0.0,0.0
5,euclidean,center_quantile_0.7,nearest_sphere,inverse_margin,0.0,0.9,0.372,0.412,0.404,0.008
5,euclidean,center_quantile_0.7,nearest_sphere,inverse_margin,0.25,0.9,0.038,0.038,0.038,0.0
5,euclidean,center_quantile_0.7,nearest_sphere,inverse_margin,0.5,0.9,0.008,0.008,0.008,0.0
5,euclidean,center_quantile_0.7,nearest_sphere,inverse_margin,1.0,0.9,0.0,0.0,0.0,0.0
5,euclidean,center_quantile_0.7,nearest_sphere,inverse_margin,2.0,0.9,0.0,0.0,0.0,0.0
5,euclidean,center_quantile_0.7,nearest_sphere,max_ratio,0.0,0.9,0.372,0.412,0.404,0.008
5,euclidean,center_quantile_0.7,nearest_sphere,max_ratio,0.25,0.9,0.372,0.412,0.404,0.008
5,euclidean,center_quantile_0.7,nearest_sphere,max_ratio,0.5,0.9,0.372,0.412,0.404,0.008
5,euclidean,center_quantile_0.7,nearest_sphere,max_ratio,1.0,0.9,0.376,0.386,0.384,0.002
5,euclidean,center_quantile_0.7,nearest_sphere,max_ratio,2.0,0.9,0.096,0.096,0.096,0.0
5,euclidean,center_quantile_0.7,normalized_union,none,0.0,0.9,0.522,0.812,0.754,0.058
5,euclidean,center_quantile_0.7,normalized_union,none,0.25,0.9,0.522,0.812,0.754,0.058
5,euclidean,center_quantile_0.7,normalized_union,none,0.5,0.9,0.522,0.812,0.754,0.058
5,euclidean,center_quantile_0.7,normalized_union,none,1.0,0.9,0.522,0.812,0.754,0.058
5,euclidean,center_quantile_0.7,normalized_union,none,2.0,0.9,0.522,0.812,0.754,0.058
5,euclidean,center_quantile_0.7,normalized_union,ratio,0.0,0.9,0.522,0.812,0.754,0.058
5,euclidean,center_quantile_0.7,normalized_union,ratio,0.25,0.9,0.282,0.302,0.298,0.004
5,euclidean,center_quantile_0.7,normalized_union,ratio,0.5,0.9,0.038,0.038,0.038,0.0
5,euclidean,center_quantile_0.7,normalized_union,ratio,1.0,0.9,0.006,0.006,0.006,0.0
5,euclidean,center_quantile_0.7,normalized_union,ratio,2.0,0.9,0.0,0.0,0.0,0.0
5,euclidean,center_quantile_0.7,normalized_union,inverse_margin,0.0,0.9,0.522,0.812,0.754,0.058
5,euclidean,center_quantile_0.7,normalized_union,inverse_margin,0.25,0.9,0.046,0.046,0.046,0.0
5,euclidean,center_quantile_0.7,normalized_union,inverse_margin,0.5,0.9,0.008,0.008,0.008,0.0
5,euclidean,center_quantile_0.7,normalized_union,inverse_margin,1.0,0.9,0.0,0.0,0.0,0.0
5,euclidean,center_quantile_0.7,normalized_union,inverse_margin,2.0,0.9,0.0,0.0,0.0,0.0
5,euclidean,center_quantile_0.7,normalized_union,max_ratio,0.0,0.9,0.522,0.812,0.754,0.058
5,euclidean,center_quantile_0.7,normalized_union,max_ratio,0.25,0.9,0.522,0.812,0.754,0.058
5,euclidean,center_quantile_0.7,normalized_union,max_ratio,0.5,0.9,0.522,0.812,0.754,0.058
5,euclidean,center_quantile_0.7,normalized_union,max_ratio,1.0,0.9,0.57,0.78,0.738,0.042
5,euclidean,center_quantile_0.7,normalized_union,max_ratio,2.0,0.9,0.134,0.134,0.134,0.0
5,euclidean,intent_quantile_0.7,nearest_sphere,none,0.0,0.9,0.464,0.474,0.472,0.002
5,euclidean,intent_quantile_0.7,nearest_sphere,none,0.25,0.9,0.464,0.474,0.472,0.002
5,euclidean,intent_quantile_0.7,nearest_sphere,none,0.5,0.9,0.464,0.474,0.472,0.002
5,euclidean,intent_quantile_0.7,nearest_sphere,none,1.0,0.9,0.464,0.474,0.472,0.002
5,euclidean,intent_quantile_0.7,nearest_sphere,none,2.0,0.9,0.464,0.474,0.472,0.002
5,euclidean,intent_quantile_0.7,nearest_sphere,ratio,0.0,0.9,0.464,0.474,0.472,0.002
5,euclidean,intent_quantile_0.7,nearest_sphere,ratio,0.25,0.9,0.21,0.21,0.21,0.0
5,euclidean,intent_quantile_0.7,nearest_sphere,ratio,0.5,0.9,0.056,0.056,0.056,0.0
5,euclidean,intent_quantile_0.7,nearest_sphere,ratio,1.0,0.9,0.012,0.012,0.012,0.0
5,euclidean,intent_quantile_0.7,nearest_sphere,ratio,2.0,0.9,0.0,0.0,0.0,0.0
5,euclidean,intent_quantile_0.7,nearest_sphere,inverse_margin,0.0,0.9,0.464,0.474,0.472,0.002
5,euclidean,intent_quantile_0.7,nearest_sphere,inverse_margin,0.25,0.9,0.072,0.072,0.072,0.0
5,euclidean,intent_quantile_0.7,nearest_sphere,inverse_margin,0.5,0.9,0.016,0.016,0.016,0.0
5,euclidean,intent_quantile_0.7,nearest_sphere,inverse_margin,1.0,0.9,0.004,0.004,0.004,0.0
5,euclidean,intent_quantile_0.7,nearest_sphere,inverse_margin,2.0,0.9,0.0,0.0,0.0,0.0
5,euclidean,intent_quantile_0.7,nearest_sphere,max_ratio,0.0,0.9,0.464,0.474,0.472,0.002
5,euclidean,intent_quantile_0.7,nearest_sphere,max_ratio,0.25,0.9,0.464,0.474,0.472,0.002
5,euclidean,intent_quantile_0.7,nearest_sphere,max_ratio,0.5,0.9,0.464,0.474,0.472,0.002
5,euclidean,intent_quantile_0.7,nearest_sphere,max_ratio,1.0,0.9,0.464,0.474,0.472,0.002
5,euclidean,intent_quantile_0.7,nearest_sphere,max_ratio,2.0,0.9,0.118,0.118,0.118,0.0
5,euclidean,intent_quantile_0.7,normalized_union,none,0.0,0.9,0.464,0.474,0.472,0.002
5,euclidean,intent_quantile_0.7,normalized_union,none,0.25,0.9,0.464,0.474,0.472,0.002
5,euclidean,intent_quantile_0.7,normalized_union,none,0.5,0.9,0.464,0.474,0.472,0.002
5,euclidean,intent_quantile_0.7,normalized_union,none,1.0,0.9,0.464,0.474,0.472,0.002
5,euclidean,intent_quantile_0.7,normalized_union,none,2.0,0.9,0.464,0.474,0.472,0.002
5,euclidean,intent_quantile_0.7,normalized_union,ratio,0.0,0.9,0.464,0.474,0.472,0.002
5,euclidean,intent_quantile_0.7,normalized_union,ratio,0.25,0.9,0.21,0.21,0.21,0.0
5,euclidean,intent_quantile_0.7,normalized_union,ratio,0.5,0.9,0.056,0.056,0.056,0.0
5,euclidean,intent_quantile_0.7,normalized_union,ratio,1.0,0.9,0.012,0.012,0.012,0.0
5,euclidean,intent_quantile_0.7,normalized_union,ratio,2.0,0.9,0.0,0.0,0.0,0.0
5,euclidean,intent_quantile_0.7,normalized_union,inverse_margin,0.0,0.9,0.464,0.474,0.472,0.002
5,euclidean,intent_quantile_0.7,normalized_union,inverse_margin,0.25,0.9,0.072,0.072,0.072,0.0
5,euclidean,intent_quantile_0.7,normalized_union,inverse_margin,0.5,0.9,0.016,0.016,0.016,0.0
5,euclidean,intent_quantile_0.7,normalized_union,inverse_margin,1.0,0.9,0.004,0.004,0.004,0.0
5,euclidean,intent_quantile_0.7,normalized_union,inverse_margin,2.0,0.9,0.0,0.0,0.0,0.0
5,euclidean,intent_quantile_0.7,normalized_union,max_ratio,0.0,0.9,0.464,0.474,0.472,0.002
5,euclidean,intent_quantile_0.7,normalized_union,max_ratio,0.25,0.9,0.464,0.474,0.472,0.002
5,euclidean,intent_quantile_0.7,normalized_union,max_ratio,0.5,0.9,0.464,0.474,0.472,0.002
5,euclidean,intent_quantile_0.7,normalized_union,max_ratio,1.0,0.9,0.464,0.474,0.472,0.002
5,euclidean,intent_quantile_0.7,normalized_union,max_ratio,2.0,0.9,0.118,0.118,0.118,0.0
5,euclidean,center_quantile_0.8,nearest_sphere,none,0.0,0.9,0.47,0.53,0.518,0.012
5,euclidean,center_quantile_0.8,nearest_sphere,none,0.25,0.9,0.47,0.53,0.518,0.012
5,euclidean,center_quantile_0.8,nearest_sphere,none,0.5,0.9,0.47,0.53,0.518,0.012
5,euclidean,center_quantile_0.8,nearest_sphere,none,1.0,0.9,0.47,0.53,0.518,0.012
5,euclidean,center_quantile_0.8,nearest_sphere,none,2.0,0.9,0.47,0.53,0.518,0.012
5,euclidean,center_quantile_0.8,nearest_sphere,ratio,0.0,0.9,0.47,0.53,0.518,0.012
5,euclidean,center_quantile_0.8,nearest_sphere,ratio,0.25,0.9,0.204,0.204,0.204,0.0
5,euclidean,center_quantile_0.8,nearest_sphere,ratio,0.5,0.9,0.048,0.048,0.048,0.0
5,euclidean,center_quantile_0.8,nearest_sphere,ratio,1.0,0.9,0.008,0.008,0.008,0.0
5,euclidean,center_quantile_0.8,nearest_sphere,ratio,2.0,0.9,0.0,0.0,0.0,0.0
5,euclidean,center_quantile_0.8,nearest_sphere,inverse_margin,0.0,0.9,0.47,0.53,0.518,0.012
5,euclidean,center_quantile_0.8,nearest_sphere,inverse_margin,0.25,0.9,0.062,0.062,0.062,0.0
5,euclidean,center_quantile_0.8,nearest_sphere,inverse_margin,0.5,0.9,0.014,0.014,0.014,0.0
5,euclidean,center_quantile_0.8,nearest_sphere,inverse_margin,1.0,0.9,0.0,0.0,0.0,0.0
5,euclidean,center_quantile_0.8,nearest_sphere,inverse_margin,2.0,0.9,0.0,0.0,0.0,0.0
5,euclidean,center_quantile_0.8,nearest_sphere,max_ratio,0.0,0.9,0.47,0.53,0.518,0.012
5,euclidean,center_quantile_0.8,nearest_sphere,max_ratio,0.25,0.9,0.47,0.53,0.518,0.012
5,euclidean,center_quantile_0.8,nearest_sphere,max_ratio,0.5,0.9,0.47,0.53,0.518,0.012
5,euclidean,center_quantile_0.8,nearest_sphere,max_ratio,1.0,0.9,0.474,0.494,0.49,0.004
5,euclidean,center_quantile_0.8,nearest_sphere,max_ratio,2.0,0.9,0.112,0.112,0.112,0.0
5,euclidean,center_quantile_0.8,normalized_union,none,0.0,0.9,0.578,0.898,0.834,0.064
5,euclidean,center_quantile_0.8,normalized_union,none,0.25,0.9,0.578,0.898,0.834,0.064
5,euclidean,center_quantile_0.8,normalized_union,none,0.5,0.9,0.578,0.898,0.834,0.064
5,euclidean,center_quantile_0.8,normalized_union,none,1.0,0.9,0.578,0.898,0.834,0.064
5,euclidean,center_quantile_0.8,normalized_union,none,2.0,0.9,0.578,0.898,0.834,0.064
5,euclidean,center_quantile_0.8,normalized_union,ratio,0.0,0.9,0.578,0.898,0.834,0.064
5,euclidean,center_quantile_0.8,normalized_union,ratio,0.25,0.9,0.452,0.482,0.476,0.006
5,euclidean,center_quantile_0.8,normalized_union,ratio,0.5,0.9,0.082,0.082,0.082,0.0
5,euclidean,center_quantile_0.8,normalized_union,ratio,1.0,0.9,0.008,0.008,0.008,0.0
5,euclidean,center_quantile_0.8,normalized_union,ratio,2.0,0.9,0.0,0.0,0.0,0.0
5,euclidean,center_quantile_0.8,normalized_union,inverse_margin,0.0,0.9,0.578,0.898,0.834,0.064
5,euclidean,center_quantile_0.8,normalized_union,inverse_margin,0.25,0.9,0.094,0.094,0.094,0.0
5,euclidean,center_quantile_0.8,normalized_union,inverse_margin,0.5,0.9,0.016,0.016,0.016,0.0
5,euclidean,center_quantile_0.8,normalized_union,inverse_margin,1.0,0.9,0.0,0.0,0.0,0.0
5,euclidean,center_quantile_0.8,normalized_union,inverse_margin,2.0,0.9,0.0,0.0,0.0,0.0
5,euclidean,center_quantile_0.8,normalized_union,max_ratio,0.0,0.9,0.578,0.898,0.834,0.064
5,euclidean,center_quantile_0.8,normalized_union,max_ratio,0.25,0.9,0.578,0.898,0.834,0.064
5,euclidean,center_quantile_0.8,normalized_union,max_ratio,0.5,0.9,0.578,0.898,0.834,0.064
5,euclidean,center_quantile_0.8,normalized_union,max_ratio,1.0,0.9,0.64,0.85,0.808,0.042
5,euclidean,center_quantile_0.8,normalized_union,max_ratio,2.0,0.9,0.134,0.134,0.134,0.0
5,euclidean,intent_quantile_0.8,nearest_sphere,none,0.0,0.9,0.664,0.674,0.672,0.002
5,euclidean,intent_quantile_0.8,nearest_sphere,none,0.25,0.9,0.664,0.674,0.672,0.002
5,euclidean,intent_quantile_0.8,nearest_sphere,none,0.5,0.9,0.664,0.674,0.672,0.002
5,euclidean,intent_quantile_0.8,nearest_sphere,none,1.0,0.9,0.664,0.674,0.672,0.002
5,euclidean,intent_quantile_0.8,nearest_sphere,none,2.0,0.9,0.664,0.674,0.672,0.002
5,euclidean,intent_quantile_0.8,nearest_sphere,ratio,0.0,0.9,0.664,0.674,0.672,0.002
5,euclidean,intent_quantile_0.8,nearest_sphere,ratio,0.25,0.9,0.366,0.366,0.366,0.0
5,euclidean,intent_quantile_0.8,nearest_sphere,ratio,0.5,0.9,0.14,0.14,0.14,0.0
5,euclidean,intent_quantile_0.8,nearest_sphere,ratio,1.0,0.9,0.014,0.014,0.014,0.0
5,euclidean,intent_quantile_0.8,nearest_sphere,ratio,2.0,0.9,0.0,0.0,0.0,0.0
5,euclidean,intent_quantile_0.8,nearest_sphere,inverse_margin,0.0,0.9,0.664,0.674,0.672,0.002
5,euclidean,intent_quantile_0.8,nearest_sphere,inverse_margin,0.25,0.9,0.128,0.128,0.128,0.0
5,euclidean,intent_quantile_0.8,nearest_sphere,inverse_margin,0.5,0.9,0.028,0.028,0.028,0.0
5,euclidean,intent_quantile_0.8,nearest_sphere,inverse_margin,1.0,0.9,0.006,0.006,0.006,0.0
5,euclidean,intent_quantile_0.8,nearest_sphere,inverse_margin,2.0,0.9,0.0,0.0,0.0,0.0
5,euclidean,intent_quantile_0.8,nearest_sphere,max_ratio,0.0,0.9,0.664,0.674,0.672,0.002
5,euclidean,intent_quantile_0.8,nearest_sphere,max_ratio,0.25,0.9,0.664,0.674,0.672,0.002
5,euclidean,intent_quantile_0.8,nearest_sphere,max_ratio,0.5,0.9,0.664,0.674,0.672,0.002
5,euclidean,intent_quantile_0.8,nearest_sphere,max_ratio,1.0,0.9,0.66,0.67,0.668,0.002
5,euclidean,intent_quantile_0.8,nearest_sphere,max_ratio,2.0,0.9,0.134,0.134,0.134,0.0
5,euclidean,intent_quantile_0.8,normalized_union,none,0.0,0.9,0.664,0.674,0.672,0.002
5,euclidean,intent_quantile_0.8,normalized_union,none,0.25,0.9,0.664,0.674,0.672,0.002
5,euclidean,intent_quantile_0.8,normalized_union,none,0.5,0.9,0.664,0.674,0.672,0.002
5,euclidean,intent_quantile_0.8,normalized_union,none,1.0,0.9,0.664,0.674,0.672,0.002
5,euclidean,intent_quantile_0.8,normalized_union,none,2.0,0.9,0.664,0.674,0.672,0.002
5,euclidean,intent_quantile_0.8,normalized_union,ratio,0.0,0.9,0.664,0.674,0.672,0.002
5,euclidean,intent_quantile_0.8,normalized_union,ratio,0.25,0.9,0.366,0.366,0.366,0.0
5,euclidean,intent_quantile_0.8,normalized_union,ratio,0.5,0.9,0.14,0.14,0.14,0.0
5,euclidean,intent_quantile_0.8,normalized_union,ratio,1.0,0.9,0.014,0.014,0.014,0.0
5,euclidean,intent_quantile_0.8,normalized_union,ratio,2.0,0.9,0.0,0.0,0.0,0.0
5,euclidean,intent_quantile_0.8,normalized_union,inverse_margin,0.0,0.9,0.664,0.674,0.672,0.002
5,euclidean,intent_quantile_0.8,normalized_union,inverse_margin,0.25,0.9,0.128,0.128,0.128,0.0
5,euclidean,intent_quantile_0.8,normalized_union,inverse_margin,0.5,0.9,0.028,0.028,0.028,0.0
5,euclidean,intent_quantile_0.8,normalized_union,inverse_margin,1.0,0.9,0.006,0.006,0.006,0.0
5,euclidean,intent_quantile_0.8,normalized_union,inverse_margin,2.0,0.9,0.0,0.0,0.0,0.0
5,euclidean,intent_quantile_0.8,normalized_union,max_ratio,0.0,0.9,0.664,0.674,0.672,0.002
5,euclidean,intent_quantile_0.8,normalized_union,max_ratio,0.25,0.9,0.664,0.674,0.672,0.002
5,euclidean,intent_quantile_0.8,normalized_union,max_ratio,0.5,0.9,0.664,0.674,0.672,0.002
5,euclidean,intent_quantile_0.8,normalized_union,max_ratio,1.0,0.9,0.66,0.67,0.668,0.002
5,euclidean,intent_quantile_0.8,normalized_union,max_ratio,2.0,0.9,0.134,0.134,0.134,0.0
5,euclidean,center_quantile_0.9,nearest_sphere,none,0.0,0.9,0.618,0.708,0.69,0.018
5,euclidean,center_quantile_0.9,nearest_sphere,none,0.25,0.9,0.618,0.708,0.69,0.018
5,euclidean,center_quantile_0.9,nearest_sphere,none,0.5,0.9,0.618,0.708,0.69,0.018
5,euclidean,center_quantile_0.9,nearest_sphere,none,1.0,0.9,0.618,0.708,0.69,0.018
5,euclidean,center_quantile_0.9,nearest_sphere,none,2.0,0.9,0.618,0.708,0.69,0.018
5,euclidean,center_quantile_0.9,nearest_sphere,ratio,0.0,0.9,0.618,0.708,0.69,0.018
5,euclidean,center_quantile_0.9,nearest_sphere,ratio,0.25,0.9,0.316,0.326,0.324,0.002
5,euclidean,center_quantile_0.9,nearest_sphere,ratio,0.5,0.9,0.09,0.09,0.09,0.0
5,euclidean,center_quantile_0.9,nearest_sphere,ratio,1.0,0.9,0.008,0.008,0.008,0.0
5,euclidean,center_quantile_0.9,nearest_sphere,ratio,2.0,0.9,0.0,0.0,0.0,0.0
5,euclidean,center_quantile_0.9,nearest_sphere,inverse_margin,0.0,0.9,0.618,0.708,0.69,0.018
5,euclidean,center_quantile_0.9,nearest_sphere,inverse_margin,0.25,0.9,0.104,0.104,0.104,0.0
5,euclidean,center_quantile_0.9,nearest_sphere,inverse_margin,0.5,0.9,0.016,0.016,0.016,0.0
5,euclidean,center_quantile_0.9,nearest_sphere,inverse_margin,1.0,0.9,0.002,0.002,0.002,0.0
5,euclidean,center_quantile_0.9,nearest_sphere,inverse_margin,2.0,0.9,0.0,0.0,0.0,0.0
5,euclidean,center_quantile_0.9,nearest_sphere,max_ratio,0.0,0.9,0.618,0.708,0.69,0.018
5,euclidean,center_quantile_0.9,nearest_sphere,max_ratio,0.25,0.9,0.618,0.708,0.69,0.018
5,euclidean,center_quantile_0.9,nearest_sphere,max_ratio,0.5,0.9,0.618,0.708,0.69,0.018
5,euclidean,center_quantile_0.9,nearest_sphere,max_ratio,1.0,0.9,0.634,0.654,0.65,0.004
5,euclidean,center_quantile_0.9,nearest_sphere,max_ratio,2.0,0.9,0.122,0.122,0.122,0.0
5,euclidean,center_quantile_0.9,normalized_union,none,0.0,0.9,0.712,0.952,0.904,0.048
5,euclidean,center_quantile_0.9,normalized_union,none,0.25,0.9,0.712,0.952,0.904,0.048
5,euclidean,center_quantile_0.9,normalized_union,none,0.5,0.9,0.712,0.952,0.904,0.048
5,euclidean,center_quantile_0.9,normalized_union,none,1.0,0.9,0.712,0.952,0.904,0.048
5,euclidean,center_quantile_0.9,normalized_union,none,2.0,0.9,0.712,0.952,0.904,0.048
5,euclidean,center_quantile_0.9,normalized_union,ratio,0.0,0.9,0.712,0.952,0.904,0.048
5,euclidean,center_quantile_0.9,normalized_union,ratio,0.25,0.9,0.648,0.708,0.696,0.012
5,euclidean,center_quantile_0.9,normalized_union,ratio,0.5,0.9,0.208,0.208,0.208,0.0
5,euclidean,center_quantile_0.9,normalized_union,ratio,1.0,0.9,0.008,0.008,0.008,0.0
5,euclidean,center_quantile_0.9,normalized_union,ratio,2.0,0.9,0.0,0.0,0.0,0.0
5,euclidean,center_quantile_0.9,normalized_union,inverse_margin,0.0,0.9,0.712,0.952,0.904,0.048
5,euclidean,center_quantile_0.9,normalized_union,inverse_margin,0.25,0.9,0.176,0.176,0.176,0.0
5,euclidean,center_quantile_0.9,normalized_union,inverse_margin,0.5,0.9,0.018,0.018,0.018,0.0
5,euclidean,center_quantile_0.9,normalized_union,inverse_margin,1.0,0.9,0.002,0.002,0.002,0.0
5,euclidean,center_quantile_0.9,normalized_union,inverse_margin,2.0,0.9,0.0,0.0,0.0,0.0
5,euclidean,center_quantile_0.9,normalized_union,max_ratio,0.0,0.9,0.712,0.952,0.904,0.048
5,euclidean,center_quantile_0.9,normalized_union,max_ratio,0.25,0.9,0.712,0.952,0.904,0.048
5,euclidean,center_quantile_0.9,normalized_union,max_ratio,0.5,0.9,0.712,0.952,0.904,0.048
5,euclidean,center_quantile_0.9,normalized_union,max_ratio,1.0,0.9,0.79,0.89,0.87,0.02
5,euclidean,center_quantile_0.9,normalized_union,max_ratio,2.0,0.9,0.134,0.134,0.134,0.0
5,euclidean,intent_quantile_0.9,nearest_sphere,none,0.0,0.9,0.812,0.822,0.82,0.002
5,euclidean,intent_quantile_0.9,nearest_sphere,none,0.25,0.9,0.812,0.822,0.82,0.002
5,euclidean,intent_quantile_0.9,nearest_sphere,none,0.5,0.9,0.812,0.822,0.82,0.002
5,euclidean,intent_quantile_0.9,nearest_sphere,none,1.0,0.9,0.812,0.822,0.82,0.002
5,euclidean,intent_quantile_0.9,nearest_sphere,none,2.0,0.9,0.812,0.822,0.82,0.002
5,euclidean,intent_quantile_0.9,nearest_sphere,ratio,0.0,0.9,0.812,0.822,0.82,0.002
5,euclidean,intent_quantile_0.9,nearest_sphere,ratio,0.25,0.9,0.6,0.61,0.608,0.002
5,euclidean,intent_quantile_0.9,nearest_sphere,ratio,0.5,0.9,0.332,0.332,0.332,0.0
5,euclidean,intent_quantile_0.9,nearest_sphere,ratio,1.0,0.9,0.048,0.048,0.048,0.0
5,euclidean,intent_quantile_0.9,nearest_sphere,ratio,2.0,0.9,0.002,0.002,0.002,0.0
5,euclidean,intent_quantile_0.9,nearest_sphere,inverse_margin,0.0,0.9,0.812,0.822,0.82,0.002
5,euclidean,intent_quantile_0.9,nearest_sphere,inverse_margin,0.25,0.9,0.292,0.292,0.292,0.0
5,euclidean,intent_quantile_0.9,nearest_sphere,inverse_margin,0.5,0.9,0.076,0.076,0.076,0.0
5,euclidean,intent_quantile_0.9,nearest_sphere,inverse_margin,1.0,0.9,0.008,0.008,0.008,0.0
5,euclidean,intent_quantile_0.9,nearest_sphere,inverse_margin,2.0,0.9,0.0,0.0,0.0,0.0
5,euclidean,intent_quantile_0.9,nearest_sphere,max_ratio,0.0,0.9,0.812,0.822,0.82,0.002
5,euclidean,intent_quantile_0.9,nearest_sphere,max_ratio,0.25,0.9,0.812,0.822,0.82,0.002
5,euclidean,intent_quantile_0.9,nearest_sphere,max_ratio,0.5,0.9,0.812,0.822,0.82,0.002
5,euclidean,intent_quantile_0.9,nearest_sphere,max_ratio,1.0,0.9,0.802,0.812,0.81,0.002
5,euclidean,intent_quantile_0.9,nearest_sphere,max_ratio,2.0,0.9,0.134,0.134,0.134,0.0
5,euclidean,intent_quantile_0.9,normalized_union,none,0.0,0.9,0.776,0.826,0.816,0.01
5,euclidean,intent_quantile_0.9,normalized_union,none,0.25,0.9,0.776,0.826,0.816,0.01
5,euclidean,intent_quantile_0.9,normalized_union,none,0.5,0.9,0.776,0.826,0.816,0.01
5,euclidean,intent_quantile_0.9,normalized_union,none,1.0,0.9,0.776,0.826,0.816,0.01
5,euclidean,intent_quantile_0.9,normalized_union,none,2.0,0.9,0.776,0.826,0.816,0.01
5,euclidean,intent_quantile_0.9,normalized_union,ratio,0.0,0.9,0.776,0.826,0.816,0.01
5,euclidean,intent_quantile_0.9,normalized_union,ratio,0.25,0.9,0.6,0.61,0.608,0.002
5,euclidean,intent_quantile_0.9,normalized_union,ratio,0.5,0.9,0.332,0.332,0.332,0.0
5,euclidean,intent_quantile_0.9,normalized_union,ratio,1.0,0.9,0.048,0.048,0.048,0.0
5,euclidean,intent_quantile_0.9,normalized_union,ratio,2.0,0.9,0.002,0.002,0.002,0.0
5,euclidean,intent_quantile_0.9,normalized_union,inverse_margin,0.0,0.9,0.776,0.826,0.816,0.01
5,euclidean,intent_quantile_0.9,normalized_union,inverse_margin,0.25,0.9,0.292,0.292,0.292,0.0
5,euclidean,intent_quantile_0.9,normalized_union,inverse_margin,0.5,0.9,0.076,0.076,0.076,0.0
5,euclidean,intent_quantile_0.9,normalized_union,inverse_margin,1.0,0.9,0.008,0.008,0.008,0.0
5,euclidean,intent_quantile_0.9,normalized_union,inverse_margin,2.0,0.9,0.0,0.0,0.0,0.0
5,euclidean,intent_quantile_0.9,normalized_union,max_ratio,0.0,0.9,0.776,0.826,0.816,0.01
5,euclidean,intent_quantile_0.9,normalized_union,max_ratio,0.25,0.9,0.776,0.826,0.816,0.01
5,euclidean,intent_quantile_0.9,normalized_union,max_ratio,0.5,0.9,0.776,0.826,0.816,0.01
5,euclidean,intent_quantile_0.9,normalized_union,max_ratio,1.0,0.9,0.792,0.812,0.808,0.004
5,euclidean,intent_quantile_0.9,normalized_union,max_ratio,2.0,0.9,0.134,0.134,0.134,0.0
5,euclidean,center_quantile_0.95,nearest_sphere,none,0.0,0.9,0.73,0.83,0.81,0.02
5,euclidean,center_quantile_0.95,nearest_sphere,none,0.25,0.9,0.73,0.83,0.81,0.02
5,euclidean,center_quantile_0.95,nearest_sphere,none,0.5,0.9,0.73,0.83,0.81,0.02
5,euclidean,center_quantile_0.95,nearest_sphere,none,1.0,0.9,0.73,0.83,0.81,0.02
5,euclidean,center_quantile_0.95,nearest_sphere,none,2.0,0.9,0.73,0.83,0.81,0.02
5,euclidean,center_quantile_0.95,nearest_sphere,ratio,0.0,0.9,0.73,0.83,0.81,0.02
5,euclidean,center_quantile_0.95,nearest_sphere,ratio,0.25,0.9,0.436,0.456,0.452,0.004
5,euclidean,center_quantile_0.95,nearest_sphere,ratio,0.5,0.9,0.168,0.168,0.168,0.0
5,euclidean,center_quantile_0.95,nearest_sphere,ratio,1.0,0.9,0.018,0.018,0.018,0.0
5,euclidean,center_quantile_0.95,nearest_sphere,ratio,2.0,0.9,0.0,0.0,0.0,0.0
5,euclidean,center_quantile_0.95,nearest_sphere,inverse_margin,0.0,0.9,0.73,0.83,0.81,0.02
5,euclidean,center_quantile_0.95,nearest_sphere,inverse_margin,0.25,0.9,0.15,0.15,0.15,0.0
5,euclidean,center_quantile_0.95,nearest_sphere,inverse_margin,0.5,0.9,0.032,0.032,0.032,0.0
5,euclidean,center_quantile_0.95,nearest_sphere,inverse_margin,1.0,0.9,0.006,0.006,0.006,0.0
5,euclidean,center_quantile_0.95,nearest_sphere,inverse_margin,2.0,0.9,0.0,0.0,0.0,0.0
5,euclidean,center_quantile_0.95,nearest_sphere,max_ratio,0.0,0.9,0.73,0.83,0.81,0.02
5,euclidean,center_quantile_0.95,nearest_sphere,max_ratio,0.25,0.9,0.73,0.83,0.81,0.02
5,euclidean,center_quantile_0.95,nearest_sphere,max_ratio,0.5,0.9,0.73,0.83,0.81,0.02
5,euclidean,center_quantile_0.95,nearest_sphere,max_ratio,1.0,0.9,0.75,0.77,0.766,0.004
5,euclidean,center_quantile_0.95,nearest_sphere,max_ratio,2.0,0.9,0.13,0.13,0.13,0.0
5,euclidean,center_quantile_0.95,normalized_union,none,0.0,0.9,0.774,0.974,0.934,0.04
5,euclidean,center_quantile_0.95,normalized_union,none,0.25,0.9,0.774,0.974,0.934,0.04
5,euclidean,center_quantile_0.95,normalized_union,none,0.5,0.9,0.774,0.974,0.934,0.04
5,euclidean,center_quantile_0.95,normalized_union,none,1.0,0.9,0.774,0.974,0.934,0.04
5,euclidean,center_quantile_0.95,normalized_union,none,2.0,0.9,0.774,0.974,0.934,0.04
5,euclidean,center_quantile_0.95,normalized_union,ratio,0.0,0.9,0.774,0.974,0.934,0.04
5,euclidean,center_quantile_0.95,normalized_union,ratio,0.25,0.9,0.758,0.808,0.798,0.01
5,euclidean,center_quantile_0.95,normalized_union,ratio,0.5,0.9,0.322,0.332,0.33,0.002
5,euclidean,center_quantile_0.95,normalized_union,ratio,1.0,0.9,0.024,0.024,0.024,0.0
5,euclidean,center_quantile_0.95,normalized_union,ratio,2.0,0.9,0.0,0.0,0.0,0.0
5,euclidean,center_quantile_0.95,normalized_union,inverse_margin,0.0,0.9,0.774,0.974,0.934,0.04
5,euclidean,center_quantile_0.95,normalized_union,inverse_margin,0.25,0.9,0.258,0.258,0.258,0.0
5,euclidean,center_quantile_0.95,normalized_union,inverse_margin,0.5,0.9,0.048,0.048,0.048,0.0
5,euclidean,center_quantile_0.95,normalized_union,inverse_margin,1.0,0.9,0.006,0.006,0.006,0.0
5,euclidean,center_quantile_0.95,normalized_union,inverse_margin,2.0,0.9,0.0,0.0,0.0,0.0
5,euclidean,center_quantile_0.95,normalized_union,max_ratio,0.0,0.9,0.774,0.974,0.934,0.04
5,euclidean,center_quantile_0.95,normalized_union,max_ratio,0.25,0.9,0.774,0.974,0.934,0.04
5,euclidean,center_quantile_0.95,normalized_union,max_ratio,0.5,0.9,0.774,0.974,0.934,0.04
5,euclidean,center_quantile_0.95,normalized_union,max_ratio,1.0,0.9,0.852,0.902,0.892,0.01
5,euclidean,center_quantile_0.95,normalized_union,max_ratio,2.0,0.9,0.134,0.134,0.134,0.0
5,euclidean,intent_quantile_0.95,nearest_sphere,none,0.0,0.9,0.858,0.898,0.89,0.008
5,euclidean,intent_quantile_0.95,nearest_sphere,none,0.25,0.9,0.858,0.898,0.89,0.008
5,euclidean,intent_quantile_0.95,nearest_sphere,none,0.5,0.9,0.858,0.898,0.89,0.008
5,euclidean,intent_quantile_0.95,nearest_sphere,none,1.0,0.9,0.858,0.898,0.89,0.008
5,euclidean,intent_quantile_0.95,nearest_sphere,none,2.0,0.9,0.858,0.898,0.89,0.008
5,euclidean,intent_quantile_0.95,nearest_sphere,ratio,0.0,0.9,0.858,0.898,0.89,0.008
5,euclidean,intent_quantile_0.95,nearest_sphere,ratio,0.25,0.9,0.76,0.77,0.768,0.002
5,euclidean,intent_quantile_0.95,nearest_sphere,ratio,0.5,0.9,0.476,0.486,0.484,0.002
5,euclidean,intent_quantile_0.95,nearest_sphere,ratio,1.0,0.9,0.108,0.108,0.108,0.0
5,euclidean,intent_quantile_0.95,nearest_sphere,ratio,2.0,0.9,0.004,0.004,0.004,0.0
5,euclidean,intent_quantile_0.95,nearest_sphere,inverse_margin,0.0,0.9,0.858,0.898,0.89,0.008
5,euclidean,intent_quantile_0.95,nearest_sphere,inverse_margin,0.25,0.9,0.392,0.392,0.392,0.0
5,euclidean,intent_quantile_0.95,nearest_sphere,inverse_margin,0.5,0.9,0.134,0.134,0.134,0.0
5,euclidean,intent_quantile_0.95,nearest_sphere,inverse_margin,1.0,0.9,0.014,0.014,0.014,0.0
5,euclidean,intent_quantile_0.95,nearest_sphere,inverse_margin,2.0,0.9,0.0,0.0,0.0,0.0
5,euclidean,intent_quantile_0.95,nearest_sphere,max_ratio,0.0,0.9,0.858,0.898,0.89,0.008
5,euclidean,intent_quantile_0.95,nearest_sphere,max_ratio,0.25,0.9,0.858,0.898,0.89,0.008
5,euclidean,intent_quantile_0.95,nearest_sphere,max_ratio,0.5,0.9,0.858,0.898,0.89,0.008
5,euclidean,intent_quantile_0.95,nearest_sphere,max_ratio,1.0,0.9,0.858,0.878,0.874,0.004
5,euclidean,intent_quantile_0.95,nearest_sphere,max_ratio,2.0,0.9,0.134,0.134,0.134,0.0
5,euclidean,intent_quantile_0.95,normalized_union,none,0.0,0.9,0.788,0.908,0.884,0.024
5,euclidean,intent_quantile_0.95,normalized_union,none,0.25,0.9,0.788,0.908,0.884,0.024
5,euclidean,intent_quantile_0.95,normalized_union,none,0.5,0.9,0.788,0.908,0.884,0.024
5,euclidean,intent_quantile_0.95,normalized_union,none,1.0,0.9,0.788,0.908,0.884,0.024
5,euclidean,intent_quantile_0.95,normalized_union,none,2.0,0.9,0.788,0.908,0.884,0.024
5,euclidean,intent_quantile_0.95,normalized_union,ratio,0.0,0.9,0.788,0.908,0.884,0.024
5,euclidean,intent_quantile_0.95,normalized_union,ratio,0.25,0.9,0.76,0.77,0.768,0.002
5,euclidean,intent_quantile_0.95,normalized_union,ratio,0.5,0.9,0.476,0.486,0.484,0.002
5,euclidean,intent_quantile_0.95,normalized_union,ratio,1.0,0.9,0.108,0.108,0.108,0.0
5,euclidean,intent_quantile_0.95,normalized_union,ratio,2.0,0.9,0.004,0.004,0.004,0.0
5,euclidean,intent_quantile_0.95,normalized_union,inverse_margin,0.0,0.9,0.788,0.908,0.884,0.024
5,euclidean,intent_quantile_0.95,normalized_union,inverse_margin,0.25,0.9,0.392,0.392,0.392,0.0
5,euclidean,intent_quantile_0.95,normalized_union,inverse_margin,0.5,0.9,0.134,0.134,0.134,0.0
5,euclidean,intent_quantile_0.95,normalized_union,inverse_margin,1.0,0.9,0.014,0.014,0.014,0.0
5,euclidean,intent_quantile_0.95,normalized_union,inverse_margin,2.0,0.9,0.0,0.0,0.0,0.0
5,euclidean,intent_quantile_0.95,normalized_union,max_ratio,0.0,0.9,0.788,0.908,0.884,0.024
5,euclidean,intent_quantile_0.95,normalized_union,max_ratio,0.25,0.9,0.788,0.908,0.884,0.024
5,euclidean,intent_quantile_0.95,normalized_union,max_ratio,0.5,0.9,0.788,0.908,0.884,0.024
5,euclidean,intent_quantile_0.95,normalized_union,max_ratio,1.0,0.9,0.848,0.878,0.872,0.006
5,euclidean,intent_quantile_0.95,normalized_union,max_ratio,2.0,0.9,0.134,0.134,0.134,0.0
5,euclidean,center_quantile_0.99,nearest_sphere,none,0.0,0.9,0.81,0.94,0.914,0.026
5,euclidean,center_quantile_0.99,nearest_sphere,none,0.25,0.9,0.81,0.94,0.914,0.026
5,euclidean,center_quantile_0.99,nearest_sphere,none,0.5,0.9,0.81,0.94,0.914,0.026
5,euclidean,center_quantile_0.99,nearest_sphere,none,1.0,0.9,0.81,0.94,0.914,0.026
5,euclidean,center_quantile_0.99,nearest_sphere,none,2.0,0.9,0.81,0.94,0.914,0.026
5,euclidean,center_quantile_0.99,nearest_sphere,ratio,0.0,0.9,0.81,0.94,0.914,0.026
5,euclidean,center_quantile_0.99,nearest_sphere,ratio,0.25,0.9,0.618,0.658,0.65,0.008
5,euclidean,center_quantile_0.99,nearest_sphere,ratio,0.5,0.9,0.306,0.306,0.306,0.0
5,euclidean,center_quantile_0.99,nearest_sphere,ratio,1.0,0.9,0.034,0.034,0.034,0.0
5,euclidean,center_quantile_0.99,nearest_sphere,ratio,2.0,0.9,0.0,0.0,0.0,0.0
5,euclidean,center_quantile_0.99,nearest_sphere,inverse_margin,0.0,0.9,0.81,0.94,0.914,0.026
5,euclidean,center_quantile_0.99,nearest_sphere,inverse_margin,0.25,0.9,0.274,0.274,0.274,0.0
5,euclidean,center_quantile_0.99,nearest_sphere,inverse_margin,0.5,0.9,0.058,0.058,0.058,0.0
5,euclidean,center_quantile_0.99,nearest_sphere,inverse_margin,1.0,0.9,0.008,0.008,0.008,0.0
5,euclidean,center_quantile_0.99,nearest_sphere,inverse_margin,2.0,0.9,0.0,0.0,0.0,0.0
5,euclidean,center_quantile_0.99,nearest_sphere,max_ratio,0.0,0.9,0.81,0.94,0.914,0.026
5,euclidean,center_quantile_0.99,nearest_sphere,max_ratio,0.25,0.9,0.81,0.94,0.914,0.026
5,euclidean,center_quantile_0.99,nearest_sphere,max_ratio,0.5,0.9,0.81,0.94,0.914,0.026
5,euclidean,center_quantile_0.99,nearest_sphere,max_ratio,1.0,0.9,0.848,0.868,0.864,0.004
5,euclidean,center_quantile_0.99,nearest_sphere,max_ratio,2.0,0.9,0.134,0.134,0.134,0.0
5,euclidean,center_quantile_0.99,normalized_union,none,0.0,0.9,0.816,0.986,0.952,0.034
5,euclidean,center_quantile_0.99,normalized_union,none,0.25,0.9,0.816,0.986,0.952,0.034
5,euclidean,center_quantile_0.99,normalized_union,none,0.5,0.9,0.816,0.986,0.952,0.034
5,euclidean,center_quantile_0.99,normalized_union,none,1.0,0.9,0.816,0.986,0.952,0.034
5,euclidean,center_quantile_0.99,normalized_union,none,2.0,0.9,0.816,0.986,0.952,0.034
5,euclidean,center_quantile_0.99,normalized_union,ratio,0.0,0.9,0.816,0.986,0.952,0.034
5,euclidean,center_quantile_0.99,normalized_union,ratio,0.25,0.9,0.824,0.874,0.864,0.01
5,euclidean,center_quantile_0.99,normalized_union,ratio,0.5,0.9,0.498,0.508,0.506,0.002
5,euclidean,center_quantile_0.99,normalized_union,ratio,1.0,0.9,0.056,0.056,0.056,0.0
5,euclidean,center_quantile_0.99,normalized_union,ratio,2.0,0.9,0.0,0.0,0.0,0.0
5,euclidean,center_quantile_0.99,normalized_union,inverse_margin,0.0,0.9,0.816,0.986,0.952,0.034
5,euclidean,center_quantile_0.99,normalized_union,inverse_margin,0.25,0.9,0.394,0.394,0.394,0.0
5,euclidean,center_quantile_0.99,normalized_union,inverse_margin,0.5,0.9,0.076,0.076,0.076,0.0
5,euclidean,center_quantile_0.99,normalized_union,inverse_margin,1.0,0.9,0.008,0.008,0.008,0.0
5,euclidean,center_quantile_0.99,normalized_union,inverse_margin,2.0,0.9,0.0,0.0,0.0,0.0
5,euclidean,center_quantile_0.99,normalized_union,max_ratio,0.0,0.9,0.816,0.986,0.952,0.034
5,euclidean,center_quantile_0.99,normalized_union,max_ratio,0.25,0.9,0.816,0.986,0.952,0.034
5,euclidean,center_quantile_0.99,normalized_union,max_ratio,0.5,0.9,0.816,0.986,0.952,0.034
5,euclidean,center_quantile_0.99,normalized_union,max_ratio,1.0,0.9,0.87,0.91,0.902,0.008
5,euclidean,center_quantile_0.99,normalized_union,max_ratio,2.0,0.9,0.134,0.134,0.134,0.0
5,euclidean,intent_quantile_0.99,nearest_sphere,none,0.0,0.9,0.872,0.972,0.952,0.02
5,euclidean,intent_quantile_0.99,nearest_sphere,none,0.25,0.9,0.872,0.972,0.952,0.02
5,euclidean,intent_quantile_0.99,nearest_sphere,none,0.5,0.9,0.872,0.972,0.952,0.02
5,euclidean,intent_quantile_0.99,nearest_sphere,none,1.0,0.9,0.872,0.972,0.952,0.02
5,euclidean,intent_quantile_0.99,nearest_sphere,none,2.0,0.9,0.872,0.972,0.952,0.02
5,euclidean,intent_quantile_0.99,nearest_sphere,ratio,0.0,0.9,0.872,0.972,0.952,0.02
5,euclidean,intent_quantile_0.99,nearest_sphere,ratio,0.25,0.9,0.856,0.876,0.872,0.004
5,euclidean,intent_quantile_0.99,nearest_sphere,ratio,0.5,0.9,0.702,0.712,0.71,0.002
5,euclidean,intent_quantile_0.99,nearest_sphere,ratio,1.0,0.9,0.204,0.204,0.204,0.0
5,euclidean,intent_quantile_0.99,nearest_sphere,ratio,2.0,0.9,0.008,0.008,0.008,0.0
5,euclidean,intent_quantile_0.99,nearest_sphere,inverse_margin,0.0,0.9,0.872,0.972,0.952,0.02
5,euclidean,intent_quantile_0.99,nearest_sphere,inverse_margin,0.25,0.9,0.518,0.528,0.526,0.002
5,euclidean,intent_quantile_0.99,nearest_sphere,inverse_margin,0.5,0.9,0.206,0.206,0.206,0.0
5,euclidean,intent_quantile_0.99,nearest_sphere,inverse_margin,1.0,0.9,0.03,0.03,0.03,0.0
5,euclidean,intent_quantile_0.99,nearest_sphere,inverse_margin,2.0,0.9,0.0,0.0,0.0,0.0
5,euclidean,intent_quantile_0.99,nearest_sphere,max_ratio,0.0,0.9,0.872,0.972,0.952,0.02
5,euclidean,intent_quantile_0.99,nearest_sphere,max_ratio,0.25,0.9,0.872,0.972,0.952,0.02
5,euclidean,intent_quantile_0.99,nearest_sphere,max_ratio,0.5,0.9,0.872,0.972,0.952,0.02
5,euclidean,intent_quantile_0.99,nearest_sphere,max_ratio,1.0,0.9,0.89,0.91,0.906,0.004
5,euclidean,intent_quantile_0.99,nearest_sphere,max_ratio,2.0,0.9,0.134,0.134,0.134,0.0
5,euclidean,intent_quantile_0.99,normalized_union,none,0.0,0.9,0.798,0.978,0.942,0.036
5,euclidean,intent_quantile_0.99,normalized_union,none,0.25,0.9,0.798,0.978,0.942,0.036
5,euclidean,intent_quantile_0.99,normalized_union,none,0.5,0.9,0.798,0.978,0.942,0.036
5,euclidean,intent_quantile_0.99,normalized_union,none,1.0,0.9,0.798,0.978,0.942,0.036
5,euclidean,intent_quantile_0.99,normalized_union,none,2.0,0.9,0.798,0.978,0.942,0.036
5,euclidean,intent_quantile_0.99,normalized_union,ratio,0.0,0.9,0.798,0.978,0.942,0.036
5,euclidean,intent_quantile_0.99,normalized_union,ratio,0.25,0.9,0.82,0.88,0.868,0.012
5,euclidean,intent_quantile_0.99,normalized_union,ratio,0.5,0.9,0.702,0.712,0.71,0.002
5,euclidean,intent_quantile_0.99,normalized_union,ratio,1.0,0.9,0.204,0.204,0.204,0.0
5,euclidean,intent_quantile_0.99,normalized_union,ratio,2.0,0.9,0.008,0.008,0.008,0.0
5,euclidean,intent_quantile_0.99,normalized_union,inverse_margin,0.0,0.9,0.798,0.978,0.942,0.036
5,euclidean,intent_quantile_0.99,normalized_union,inverse_margin,0.25,0.9,0.518,0.528,0.526,0.002
5,euclidean,intent_quantile_0.99,normalized_union,inverse_margin,0.5,0.9,0.206,0.206,0.206,0.0
5,euclidean,intent_quantile_0.99,normalized_union,inverse_margin,1.0,0.9,0.03,0.03,0.03,0.0
5,euclidean,intent_quantile_0.99,normalized_union,inverse_margin,2.0,0.9,0.0,0.0,0.0,0.0
5,euclidean,intent_quantile_0.99,normalized_union,max_ratio,0.0,0.9,0.798,0.978,0.942,0.036
5,euclidean,intent_quantile_0.99,normalized_union,max_ratio,0.25,0.9,0.798,0.978,0.942,0.036
5,euclidean,intent_quantile_0.99,normalized_union,max_ratio,0.5,0.9,0.798,0.978,0.942,0.036
5,euclidean,intent_quantile_0.99,normalized_union,max_ratio,1.0,0.9,0.88,0.91,0.904,0.006
5,euclidean,intent_quantile_0.99,normalized_union,max_ratio,2.0,0.9,0.134,0.134,0.134,0.0
5,mahalanobis_diag,mean_std_0.0,nearest_sphere,none,0.0,0.9,0.482,0.562,0.546,0.016
5,mahalanobis_diag,mean_std_0.0,nearest_sphere,none,0.25,0.9,0.482,0.562,0.546,0.016
5,mahalanobis_diag,mean_std_0.0,nearest_sphere,none,0.5,0.9,0.482,0.562,0.546,0.016
5,mahalanobis_diag,mean_std_0.0,nearest_sphere,none,1.0,0.9,0.482,0.562,0.546,0.016
5,mahalanobis_diag,mean_std_0.0,nearest_sphere,none,2.0,0.9,0.482,0.562,0.546,0.016
5,mahalanobis_diag,mean_std_0.0,nearest_sphere,ratio,0.0,0.9,0.482,0.562,0.546,0.016
5,mahalanobis_diag,mean_std_0.0,nearest_sphere,ratio,0.25,0.9,0.042,0.042,0.042,0.0
5,mahalanobis_diag,mean_std_0.0,nearest_sphere,ratio,0.5,0.9,0.004,0.004,0.004,0.0
5,mahalanobis_diag,mean_std_0.0,nearest_sphere,ratio,1.0,0.9,0.0,0.0,0.0,0.0
5,mahalanobis_diag,mean_std_0.0,nearest_sphere,ratio,2.0,0.9,0.0,0.0,0.0,0.0
5,mahalanobis_diag,mean_std_0.0,nearest_sphere,inverse_margin,0.0,0.9,0.482,0.562,0.546,0.016
5,mahalanobis_diag,mean_std_0.0,nearest_sphere,inverse_margin,0.25,0.9,0.0,0.0,0.0,0.0
5,mahalanobis_diag,mean_std_0.0,nearest_sphere,inverse_margin,0.5,0.9,0.0,0.0,0.0,0.0
5,mahalanobis_diag,mean_std_0.0,nearest_sphere,inverse_margin,1.0,0.9,0.0,0.0,0.0,0.0
5,mahalanobis_diag,mean_std_0.0,nearest_sphere,inverse_margin,2.0,0.9,0.0,0.0,0.0,0.0
5,mahalanobis_diag,mean_std_0.0,nearest_sphere,max_ratio,0.0,0.9,0.482,0.562,0.546,0.016
5,mahalanobis_diag,mean_std_0.0,nearest_sphere,max_ratio,0.25,0.9,0.482,0.562,0.546,0.016
5,mahalanobis_diag,mean_std_0.0,nearest_sphere,max_ratio,0.5,0.9,0.482,0.562,0.546,0.016
5,mahalanobis_diag,mean_std_0.0,nearest_sphere,max_ratio,1.0,0.9,0.478,0.498,0.494,0.004
5,mahalanobis_diag,mean_std_0.0,nearest_sphere,max_ratio,2.0,0.9,0.0,0.0,0.0,0.0
5,mahalanobis_diag,mean_std_0.0,normalized_union,none,0.0,0.9,0.472,0.562,0.544,0.018
5,mahalanobis_diag,mean_std_0.0,normalized_union,none,0.25,0.9,0.472,0.562,0.544,0.018
5,mahalanobis_diag,mean_std_0.0,normalized_union,none,0.5,0.9,0.472,0.562,0.544,0.018
5,mahalanobis_diag,mean_std_0.0,normalized_union,none,1.0,0.9,0.472,0.562,0.544,0.018
5,mahalanobis_diag,mean_std_0.0,normalized_union,none,2.0,0.9,0.472,0.562,0.544,0.018
5,mahalanobis_diag,mean_std_0.0,normalized_union,ratio,0.0,0.9,0.472,0.562,0.544,0.018
5,mahalanobis_diag,mean_std_0.0,normalized_union,ratio,0.25,0.9,0.042,0.042,0.042,0.0
5,mahalanobis_diag,mean_std_0.0,normalized_union,ratio,0.5,0.9,0.004,0.004,0.004,0.0
5,mahalanobis_diag,mean_std_0.0,normalized_union,ratio,1.0,0.9,0.0,0.0,0.0,0.0
5,mahalanobis_diag,mean_std_0.0,normalized_union,ratio,2.0,0.9,0.0,0.0,0.0,0.0
5,mahalanobis_diag,mean_std_0.0,normalized_union,inverse_margin,0.0,0.9,0.472,0.562,0.544,0.018
5,mahalanobis_diag,mean_std_0.0,normalized_union,inverse_margin,0.25,0.9,0.0,0.0,0.0,0.0
5,mahalanobis_diag,mean_std_0.0,normalized_union,inverse_margin,0.5,0.9,0.0,0.0,0.0,0.0
5,mahalanobis_diag,mean_std_0.0,normalized_union,inverse_margin,1.0,0.9,0.0,0.0,0.0,0.0
5,mahalanobis_diag,mean_std_0.0,normalized_union,inverse_margin,2.0,0.9,0.0,0.0,0.0,0.0
5,mahalanobis_diag,mean_std_0.0,normalized_union,max_ratio,0.0,0.9,0.472,0.562,0.544,0.018
5,mahalanobis_diag,mean_std_0.0,normalized_union,max_ratio,0.25,0.9,0.472,0.562,0.544,0.018
5,mahalanobis_diag,mean_std_0.0,normalized_union,max_ratio,0.5,0.9,0.472,0.562,0.544,0.018
5,mahalanobis_diag,mean_std_0.0,normalized_union,max_ratio,1.0,0.9,0.478,0.498,0.494,0.004
5,mahalanobis_diag,mean_std_0.0,normalized_union,max_ratio,2.0,0.9,0.0,0.0,0.0,0.0
5,mahalanobis_diag,mean_std_0.25,nearest_sphere,none,0.0,0.9,0.588,0.688,0.668,0.02
5,mahalanobis_diag,mean_std_0.25,nearest_sphere,none,0.25,0.9,0.588,0.688,0.668,0.02
5,mahalanobis_diag,mean_std_0.25,nearest_sphere,none,0.5,0.9,0.588,0.688,0.668,0.02
5,mahalanobis_diag,mean_std_0.25,nearest_sphere,none,1.0,0.9,0.588,0.688,0.668,0.02
5,mahalanobis_diag,mean_std_0.25,nearest_sphere,none,2.0,0.9,0.588,0.688,0.668,0.02
5,mahalanobis_diag,mean_std_0.25,nearest_sphere,ratio,0.0,0.9,0.588,0.688,0.668,0.02
5,mahalanobis_diag,mean_std_0.25,nearest_sphere,ratio,0.25,0.9,0.082,0.082,0.082,0.0
5,mahalanobis_diag,mean_std_0.25,nearest_sphere,ratio,0.5,0.9,0.006,0.006,0.006,0.0
5,mahalanobis_diag,mean_std_0.25,nearest_sphere,ratio,1.0,0.9,0.0,0.0,0.0,0.0
5,mahalanobis_diag,mean_std_0.25,nearest_sphere,ratio,2.0,0.9,0.0,0.0,0.0,0.0
5,mahalanobis_diag,mean_std_0.25,nearest_sphere,inverse_margin,0.0,0.9,0.588,0.688,0.668,0.02
5,mahalanobis_diag,mean_std_0.25,nearest_sphere,inverse_margin,0.25,0.9,0.002,0.002,0.002,0.0
5,mahalanobis_diag,mean_std_0.25,nearest_sphere,inverse_margin,0.5,0.9,0.0,0.0,0.0,0.0
5,mahalanobis_diag,mean_std_0.25,nearest_sphere,inverse_margin,1.0,0.9,0.0,0.0,0.0,0.0
5,mahalanobis_diag,mean_std_0.25,nearest_sphere,inverse_margin,2.0,0.9,0.0,0.0,0.0,0.0
5,mahalanobis_diag,mean_std_0.25,nearest_sphere,max_ratio,0.0,0.9,0.588,0.688,0.668,0.02
5,mahalanobis_diag,mean_std_0.25,nearest_sphere,max_ratio,0.25,0.9,0.588,0.688,0.668,0.02
5,mahalanobis_diag,mean_std_0.25,nearest_sphere,max_ratio,0.5,0.9,0.588,0.688,0.668,0.02
5,mahalanobis_diag,mean_std_0.25,nearest_sphere,max_ratio,1.0,0.9,0.576,0.596,0.592,0.004
5,mahalanobis_diag,mean_std_0.25,nearest_sphere,max_ratio,2.0,0.9,0.0,0.0,0.0,0.0
5,mahalanobis_diag,mean_std_0.25,normalized_union,none,0.0,0.9,0.588,0.688,0.668,0.02
5,mahalanobis_diag,mean_std_0.25,normalized_union,none,0.25,0.9,0.588,0.688,0.668,0.02
5,mahalanobis_diag,mean_std_0.25,normalized_union,none,0.5,0.9,0.588,0.688,0.668,0.02
5,mahalanobis_diag,mean_std_0.25,normalized_union,none,1.0,0.9,0.588,0.688,0.668,0.02
5,mahalanobis_diag,mean_std_0.25,normalized_union,none,2.0,0.9,0.588,0.688,0.668,0.02
5,mahalanobis_diag,mean_std_0.25,normalized_union,ratio,0.0,0.9,0.588,0.688,0.668,0.02
5,mahalanobis_diag,mean_std_0.25,normalized_union,ratio,0.25,0.9,0.082,0.082,0.082,0.0
5,mahalanobis_diag,mean_std_0.25,normalized_union,ratio,0.5,0.9,0.006,0.006,0.006,0.0
5,mahalanobis_diag,mean_std_0.25,normalized_union,ratio,1.0,0.9,0.0,0.0,0.0,0.0
5,mahalanobis_diag,mean_std_0.25,normalized_union,ratio,2.0,0.9,0.0,0.0,0.0,0.0
5,mahalanobis_diag,mean_std_0.25,normalized_union,inverse_margin,0.0,0.9,0.588,0.688,0.668,0.02
5,mahalanobis_diag,mean_std_0.25,normalized_union,inverse_margin,0.25,0.9,0.002,0.002,0.002,0.0
5,mahalanobis_diag,mean_std_0.25,normalized_union,inverse_margin,0.5,0.9,0.0,0.0,0.0,0.0
5,mahalanobis_diag,mean_std_0.25,normalized_union,inverse_margin,1.0,0.9,0.0,0.0,0.0,0.0
5,mahalanobis_diag,mean_std_0.25,normalized_union,inverse_margin,2.0,0.9,0.0,0.0,0.0,0.0
5,mahalanobis_diag,mean_std_0.25,normalized_union,max_ratio,0.0,0.9,0.588,0.688,0.668,0.02
5,mahalanobis_diag,mean_std_0.25,normalized_union,max_ratio,0.25,0.9,0.588,0.688,0.668,0.02
5,mahalanobis_diag,mean_std_0.25,normalized_union,max_ratio,0.5,0.9,0.588,0.688,0.668,0.02
5,mahalanobis_diag,mean_std_0.25,normalized_union,max_ratio,1.0,0.9,0.576,0.596,0.592,0.004
5,mahalanobis_diag,mean_std_0.25,normalized_union,max_ratio,2.0,0.9,0.0,0.0,0.0,0.0
5,mahalanobis_diag,mean_std_0.5,nearest_sphere,none,0.0,0.9,0.64,0.8,0.768,0.032
5,mahalanobis_diag,mean_std_0.5,nearest_sphere,none,0.25,0.9,0.64,0.8,0.768,0.032
5,mahalanobis_diag,mean_std_0.5,nearest_sphere,none,0.5,0.9,0.64,0.8,0.768,0.032
5,mahalanobis_diag,mean_std_0.5,nearest_sphere,none,1.0,0.9,0.64,0.8,0.768,0.032
5,mahalanobis_diag,mean_std_0.5,nearest_sphere,none,2.0,0.9,0.64,0.8,0.768,0.032
5,mahalanobis_diag,mean_std_0.5,nearest_sphere,ratio,0.0,0.9,0.64,0.8,0.768,0.032
5,mahalanobis_diag,mean_std_0.5,nearest_sphere,ratio,0.25,0.9,0.124,0.134,0.132,0.002
5,mahalanobis_diag,mean_std_0.5,nearest_sphere,ratio,0.5,0.9,0.01,0.01,0.01,0.0
5,mahalanobis_diag,mean_std_0.5,nearest_sphere,ratio,1.0,0.9,0.0,0.0,0.0,0.0
5,mahalanobis_diag,mean_std_0.5,nearest_sphere,ratio,2.0,0.9,0.0,0.0,0.0,0.0
5,mahalanobis_diag,mean_std_0.5,nearest_sphere,inverse_margin,0.0,0.9,0.64,0.8,0.768,0.032
5,mahalanobis_diag,mean_std_0.5,nearest_sphere,inverse_margin,0.25,0.9,0.002,0.002,0.002,0.0
5,mahalanobis_diag,mean_std_0.5,nearest_sphere,inverse_margin,0.5,0.9,0.0,0.0,0.0,0.0
5,mahalanobis_diag,mean_std_0.5,nearest_sphere,inverse_margin,1.0,0.9,0.0,0.0,0.0,0.0
5,mahalanobis_diag,mean_std_0.5,nearest_sphere,inverse_margin,2.0,0.9,0.0,0.0,0.0,0.0
5,mahalanobis_diag,mean_std_0.5,nearest_sphere,max_ratio,0.0,0.9,0.64,0.8,0.768,0.032
5,mahalanobis_diag,mean_std_0.5,nearest_sphere,max_ratio,0.25,0.9,0.64,0.8,0.768,0.032
5,mahalanobis_diag,mean_std_0.5,nearest_sphere,max_ratio,0.5,0.9,0.64,0.8,0.768,0.032
5,mahalanobis_diag,mean_std_0.5,nearest_sphere,max_ratio,1.0,0.9,0.636,0.666,0.66,0.006
5,mahalanobis_diag,mean_std_0.5,nearest_sphere,max_ratio,2.0,0.9,0.0,0.0,0.0,0.0
5,mahalanobis_diag,mean_std_0.5,normalized_union,none,0.0,0.9,0.672,0.802,0.776,0.026
5,mahalanobis_diag,mean_std_0.5,normalized_union,none,0.25,0.9,0.672,0.802,0.776,0.026
5,mahalanobis_diag,mean_std_0.5,normalized_union,none,0.5,0.9,0.672,0.802,0.776,0.026
5,mahalanobis_diag,mean_std_0.5,normalized_union,none,1.0,0.9,0.672,0.802,0.776,0.026
5,mahalanobis_diag,mean_std_0.5,normalized_union,none,2.0,0.9,0.672,0.802,0.776,0.026
5,mahalanobis_diag,mean_std_0.5,normalized_union,ratio,0.0,0.9,0.672,0.802,0.776,0.026
5,mahalanobis_diag,mean_std_0.5,normalized_union,ratio,0.25,0.9,0.124,0.134,0.132,0.002
5,mahalanobis_diag,mean_std_0.5,normalized_union,ratio,0.5,0.9,0.01,0.01,0.01,0.0
5,mahalanobis_diag,mean_std_0.5,normalized_union,ratio,1.0,0.9,0.0,0.0,0.0,0.0
5,mahalanobis_diag,mean_std_0.5,normalized_union,ratio,2.0,0.9,0.0,0.0,0.0,0.0
5,mahalanobis_diag,mean_std_0.5,normalized_union,inverse_margin,0.0,0.9,0.672,0.802,0.776,0.026
5,mahalanobis_diag,mean_std_0.5,normalized_union,inverse_margin,0.25,0.9,0.002,0.002,0.002,0.0
5,mahalanobis_diag,mean_std_0.5,normalized_union,inverse_margin,0.5,0.9,0.0,0.0,0.0,0.0
5,mahalanobis_diag,mean_std_0.5,normalized_union,inverse_margin,1.0,0.9,0.0,0.0,0.0,0.0
5,mahalanobis_diag,mean_std_0.5,normalized_union,inverse_margin,2.0,0.9,0.0,0.0,0.0,0.0
5,mahalanobis_diag,mean_std_0.5,normalized_union,max_ratio,0.0,0.9,0.672,0.802,0.776,0.026
5,mahalanobis_diag,mean_std_0.5,normalized_union,max_ratio,0.25,0.9,0.672,0.802,0.776,0.026
5,mahalanobis_diag,mean_std_0.5,normalized_union,max_ratio,0.5,0.9,0.672,0.802,0.776,0.026
5,mahalanobis_diag,mean_std_0.5,normalized_union,max_ratio,1.0,0.9,0.638,0.668,0.662,0.006
5,mahalanobis_diag,mean_std_0.5,normalized_union,max_ratio,2.0,0.9,0.0,0.0,0.0,0.0
5,mahalanobis_diag,mean_std_0.75,nearest_sphere,none,0.0,0.9,0.666,0.866,0.826,0.04
5,mahalanobis_diag,mean_std_0.75,nearest_sphere,none,0.25,0.9,0.666,0.866,0.826,0.04
5,mahalanobis_diag,mean_std_0.75,nearest_sphere,none,0.5,0.9,0.666,0.866,0.826,0.04
5,mahalanobis_diag,mean_std_0.75,nearest_sphere,none,1.0,0.9,0.666,0.866,0.826,0.04
5,mahalanobis_diag,mean_std_0.75,nearest_sphere,none,2.0,0.9,0.666,0.866,0.826,0.04
5,mahalanobis_diag,mean_std_0.75,nearest_sphere,ratio,0.0,0.9,0.666,0.866,0.826,0.04
5,mahalanobis_diag,mean_std_0.75,nearest_sphere,ratio,0.25,0.9,0.202,0.212,0.21,0.002
5,mahalanobis_diag,mean_std_0.75,nearest_sphere,ratio,0.5,0.9,0.016,0.016,0.016,0.0
5,mahalanobis_diag,mean_std_0.75,nearest_sphere,ratio,1.0,0.9,0.0,0.0,0.0,0.0
5,mahalanobis_diag,mean_std_0.75,nearest_sphere,ratio,2.0,0.9,0.0,0.0,0.0,0.0
5,mahalanobis_diag,mean_std_0.75,nearest_sphere,inverse_margin,0.0,0.9,0.666,0.866,0.826,0.04
5,mahalanobis_diag,mean_std_0.75,nearest_sphere,inverse_margin,0.25,0.9,0.004,0.004,0.004,0.0
5,mahalanobis_diag,mean_std_0.75,nearest_sphere,inverse_margin,0.5,0.9,0.0,0.0,0.0,0.0
5,mahalanobis_diag,mean_std_0.75,nearest_sphere,inverse_margin,1.0,0.9,0.0,0.0,0.0,0.0
5,mahalanobis_diag,mean_std_0.75,nearest_sphere,inverse_margin,2.0,0.9,0.0,0.0,0.0,0.0
5,mahalanobis_diag,mean_std_0.75,nearest_sphere,max_ratio,0.0,0.9,0.666,0.866,0.826,0.04
5,mahalanobis_diag,mean_std_0.75,nearest_sphere,max_ratio,0.25,0.9,0.666,0.866,0.826,0.04
5,mahalanobis_diag,mean_std_0.75,nearest_sphere,max_ratio,0.5,0.9,0.666,0.866,0.826,0.04
5,mahalanobis_diag,mean_std_0.75,nearest_sphere,max_ratio,1.0,0.9,0.674,0.704,0.698,0.006
5,mahalanobis_diag,mean_std_0.75,nearest_sphere,max_ratio,2.0,0.9,0.0,0.0,0.0,0.0
5,mahalanobis_diag,mean_std_0.75,normalized_union,none,0.0,0.9,0.726,0.866,0.838,0.028
5,mahalanobis_diag,mean_std_0.75,normalized_union,none,0.25,0.9,0.726,0.866,0.838,0.028
5,mahalanobis_diag,mean_std_0.75,normalized_union,none,0.5,0.9,0.726,0.866,0.838,0.028
5,mahalanobis_diag,mean_std_0.75,normalized_union,none,1.0,0.9,0.726,0.866,0.838,0.028
5,mahalanobis_diag,mean_std_0.75,normalized_union,none,2.0,0.9,0.726,0.866,0.838,0.028
5,mahalanobis_diag,mean_std_0.75,normalized_union,ratio,0.0,0.9,0.726,0.866,0.838,0.028
5,mahalanobis_diag,mean_std_0.75,normalized_union,ratio,0.25,0.9,0.208,0.218,0.216,0.002
5,mahalanobis_diag,mean_std_0.75,normalized_union,ratio,0.5,0.9,0.016,0.016,0.016,0.0
5,mahalanobis_diag,mean_std_0.75,normalized_union,ratio,1.0,0.9,0.0,0.0,0.0,0.0
5,mahalanobis_diag,mean_std_0.75,normalized_union,ratio,2.0,0.9,0.0,0.0,0.0,0.0
5,mahalanobis_diag,mean_std_0.75,normalized_union,inverse_margin,0.0,0.9,0.726,0.866,0.838,0.028
5,mahalanobis_diag,mean_std_0.75,normalized_union,inverse_margin,0.25,0.9,0.004,0.004,0.004,0.0
5,mahalanobis_diag,mean_std_0.75,normalized_union,inverse_margin,0.5,0.9,0.0,0.0,0.0,0.0
5,mahalanobis_diag,mean_std_0.75,normalized_union,inverse_margin,1.0,0.9,0.0,0.0,0.0,0.0
5,mahalanobis_diag,mean_std_0.75,normalized_union,inverse_margin,2.0,0.9,0.0,0.0,0.0,0.0
5,mahalanobis_diag,mean_std_0.75,normalized_union,max_ratio,0.0,0.9,0.726,0.866,0.838,0.028
5,mahalanobis_diag,mean_std_0.75,normalized_union,max_ratio,0.25,0.9,0.726,0.866,0.838,0.028
5,mahalanobis_diag,mean_std_0.75,normalized_union,max_ratio,0.5,0.9,0.726,0.866,0.838,0.028
5,mahalanobis_diag,mean_std_0.75,normalized_union,max_ratio,1.0,0.9,0.674,0.704,0.698,0.006
5,mahalanobis_diag,mean_std_0.75,normalized_union,max_ratio,2.0,0.9,0.0,0.0,0.0,0.0
5,mahalanobis_diag,mean_std_1.0,nearest_sphere,none,0.0,0.9,0.684,0.894,0.852,0.042
5,mahalanobis_diag,mean_std_1.0,nearest_sphere,none,0.25,0.9,0.684,0.894,0.852,0.042
5,mahalanobis_diag,mean_std_1.0,nearest_sphere,none,0.5,0.9,0.684,0.894,0.852,0.042
5,mahalanobis_diag,mean_std_1.0,nearest_sphere,none,1.0,0.9,0.684,0.894,0.852,0.042
5,mahalanobis_diag,mean_std_1.0,nearest_sphere,none,2.0,0.9,0.684,0.894,0.852,0.042
5,mahalanobis_diag,mean_std_1.0,nearest_sphere,ratio,0.0,0.9,0.684,0.894,0.852,0.042
5,mahalanobis_diag,mean_std_1.0,nearest_sphere,ratio,0.25,0.9,0.294,0.314,0.31,0.004
5,mahalanobis_diag,mean_std_1.0,nearest_sphere,ratio,0.5,0.9,0.02,0.02,0.02,0.0
5,mahalanobis_diag,mean_std_1.0,nearest_sphere,ratio,1.0,0.9,0.0,0.0,0.0,0.0
5,mahalanobis_diag,mean_std_1.0,nearest_sphere,ratio,2.0,0.9,0.0,0.0,0.0,0.0
5,mahalanobis_diag,mean_std_1.0,nearest_sphere,inverse_margin,0.0,0.9,0.684,0.894,0.852,0.042
5,mahalanobis_diag,mean_std_1.0,nearest_sphere,inverse_margin,0.25,0.9,0.008,0.008,0.008,0.0
5,mahalanobis_diag,mean_std_1.0,nearest_sphere,inverse_margin,0.5,0.9,0.0,0.0,0.0,0.0
5,mahalanobis_diag,mean_std_1.0,nearest_sphere,inverse_margin,1.0,0.9,0.0,0.0,0.0,0.0
5,mahalanobis_diag,mean_std_1.0,nearest_sphere,inverse_margin,2.0,0.9,0.0,0.0,0.0,0.0
5,mahalanobis_diag,mean_std_1.0,nearest_sphere,max_ratio,0.0,0.9,0.684,0.894,0.852,0.042
5,mahalanobis_diag,mean_std_1.0,nearest_sphere,max_ratio,0.25,0.9,0.684,0.894,0.852,0.042
5,mahalanobis_diag,mean_std_1.0,nearest_sphere,max_ratio,0.5,0.9,0.684,0.894,0.852,0.042
5,mahalanobis_diag,mean_std_1.0,nearest_sphere,max_ratio,1.0,0.9,0.692,0.722,0.716,0.006
5,mahalanobis_diag,mean_std_1.0,nearest_sphere,max_ratio,2.0,0.9,0.0,0.0,0.0,0.0
5,mahalanobis_diag,mean_std_1.0,normalized_union,none,0.0,0.9,0.764,0.894,0.868,0.026
5,mahalanobis_diag,mean_std_1.0,normalized_union,none,0.25,0.9,0.764,0.894,0.868,0.026
5,mahalanobis_diag,mean_std_1.0,normalized_union,none,0.5,0.9,0.764,0.894,0.868,0.026
5,mahalanobis_diag,mean_std_1.0,normalized_union,none,1.0,0.9,0.764,0.894,0.868,0.026
5,mahalanobis_diag,mean_std_1.0,normalized_union,none,2.0,0.9,0.764,0.894,0.868,0.026
5,mahalanobis_diag,mean_std_1.0,normalized_union,ratio,0.0,0.9,0.764,0.894,0.868,0.026
5,mahalanobis_diag,mean_std_1.0,normalized_union,ratio,0.25,0.9,0.298,0.318,0.314,0.004
5,mahalanobis_diag,mean_std_1.0,normalized_union,ratio,0.5,0.9,0.02,0.02,0.02,0.0
5,mahalanobis_diag,mean_std_1.0,normalized_union,ratio,1.0,0.9,0.0,0.0,0.0,0.0
5,mahalanobis_diag,mean_std_1.0,normalized_union,ratio,2.0,0.9,0.0,0.0,0.0,0.0
5,mahalanobis_diag,mean_std_1.0,normalized_union,inverse_margin,0.0,0.9,0.764,0.894,0.868,0.026
5,mahalanobis_diag,mean_std_1.0,normalized_union,inverse_margin,0.25,0.9,0.008,0.008,0.008,0.0
5,mahalanobis_diag,mean_std_1.0,normalized_union,inverse_margin,0.5,0.9,0.0,0.0,0.0,0.0
5,mahalanobis_diag,mean_std_1.0,normalized_union,inverse_margin,1.0,0.9,0.0,0.0,0.0,0.0
5,mahalanobis_diag,mean_std_1.0,normalized_union,inverse_margin,2.0,0.9,0.0,0.0,0.0,0.0
5,mahalanobis_diag,mean_std_1.0,normalized_union,max_ratio,0.0,0.9,0.764,0.894,0.868,0.026
5,mahalanobis_diag,mean_std_1.0,normalized_union,max_ratio,0.25,0.9,0.764,0.894,0.868,0.026
5,mahalanobis_diag,mean_std_1.0,normalized_union,max_ratio,0.5,0.9,0.764,0.894,0.868,0.026
5,mahalanobis_diag,mean_std_1.0,normalized_union,max_ratio,1.0,0.9,0.692,0.722,0.716,0.006
5,mahalanobis_diag,mean_std_1.0,normalized_union,max_ratio,2.0,0.9,0.0,0.0,0.0,0.0
5,mahalanobis_diag,mean_std_1.5,nearest_sphere,none,0.0,0.9,0.648,0.948,0.888,0.06
5,mahalanobis_diag,mean_std_1.5,nearest_sphere,none,0.25,0.9,0.648,0.948,0.888,0.06
5,mahalanobis_diag,mean_std_1.5,nearest_sphere,none,0.5,0.9,0.648,0.948,0.888,0.06
5,mahalanobis_diag,mean_std_1.5,nearest_sphere,none,1.0,0.9,0.648,0.948,0.888,0.06
5,mahalanobis_diag,mean_std_1.5,nearest_sphere,none,2.0,0.9,0.648,0.948,0.888,0.06
5,mahalanobis_diag,mean_std_1.5,nearest_sphere,ratio,0.0,0.9,0.648,0.948,0.888,0.06
5,mahalanobis_diag,mean_std_1.5,nearest_sphere,ratio,0.25,0.9,0.438,0.488,0.478,0.01
5,mahalanobis_diag,mean_std_1.5,nearest_sphere,ratio,0.5,0.9,0.034,0.034,0.034,0.0
5,mahalanobis_diag,mean_std_1.5,nearest_sphere,ratio,1.0,0.9,0.0,0.0,0.0,0.0
5,mahalanobis_diag,mean_std_1.5,nearest_sphere,ratio,2.0,0.9,0.0,0.0,0.0,0.0
5,mahalanobis_diag,mean_std_1.5,nearest_sphere,inverse_margin,0.0,0.9,0.648,0.948,0.888,0.06
5,mahalanobis_diag,mean_std_1.5,nearest_sphere,inverse_margin,0.25,0.9,0.012,0.012,0.012,0.0
5,mahalanobis_diag,mean_std_1.5,nearest_sphere,inverse_margin,0.5,0.9,0.0,0.0,0.0,0.0
5,mahalanobis_diag,mean_std_1.5,nearest_sphere,inverse_margin,1.0,0.9,0.0,0.0,0.0,0.0
5,mahalanobis_diag,mean_std_1.5,nearest_sphere,inverse_margin,2.0,0.9,0.0,0.0,0.0,0.0
5,mahalanobis_diag,mean_std_1.5,nearest_sphere,max_ratio,0.0,0.9,0.648,0.948,0.888,0.06
5,mahalanobis_diag,mean_std_1.5,nearest_sphere,max_ratio,0.25,0.9,0.648,0.948,0.888,0.06
5,mahalanobis_diag,mean_std_1.5,nearest_sphere,max_ratio,0.5,0.9,0.648,0.948,0.888,0.06
5,mahalanobis_diag,mean_std_1.5,nearest_sphere,max_ratio,1.0,0.9,0.704,0.734,0.728,0.006
5,mahalanobis_diag,mean_std_1.5,nearest_sphere,max_ratio,2.0,0.9,0.0,0.0,0.0,0.0
5,mahalanobis_diag,mean_std_1.5,normalized_union,none,0.0,0.9,0.758,0.948,0.91,0.038
5,mahalanobis_diag,mean_std_1.5,normalized_union,none,0.25,0.9,0.758,0.948,0.91,0.038
5,mahalanobis_diag,mean_std_1.5,normalized_union,none,0.5,0.9,0.758,0.948,0.91,0.038
5,mahalanobis_diag,mean_std_1.5,normalized_union,none,1.0,0.9,0.758,0.948,0.91,0.038
5,mahalanobis_diag,mean_std_1.5,normalized_union,none,2.0,0.9,0.758,0.948,0.91,0.038
5,mahalanobis_diag,mean_std_1.5,normalized_union,ratio,0.0,0.9,0.758,0.948,0.91,0.038
5,mahalanobis_diag,mean_std_1.5,normalized_union,ratio,0.25,0.9,0.454,0.494,0.486,0.008
5,mahalanobis_diag,mean_std_1.5,normalized_union,ratio,0.5,0.9,0.034,0.034,0.034,0.0
5,mahalanobis_diag,mean_std_1.5,normalized_union,ratio,1.0,0.9,0.0,0.0,0.0,0.0
5,mahalanobis_diag,mean_std_1.5,normalized_union,ratio,2.0,0.9,0.0,0.0,0.0,0.0
5,mahalanobis_diag,mean_std_1.5,normalized_union,inverse_margin,0.0,0.9,0.758,0.948,0.91,0.038
5,mahalanobis_diag,mean_std_1.5,normalized_union,inverse_margin,0.25,0.9,0.012,0.012,0.012,0.0
5,mahalanobis_diag,mean_std_1.5,normalized_union,inverse_margin,0.5,0.9,0.0,0.0,0.0,0.0
5,mahalanobis_diag,mean_std_1.5,normalized_union,inverse_margin,1.0,0.9,0.0,0.0,0.0,0.0
5,mahalanobis_diag,mean_std_1.5,normalized_union,inverse_margin,2.0,0.9,0.0,0.0,0.0,0.0
5,mahalanobis_diag,mean_std_1.5,normalized_union,max_ratio,0.0,0.9,0.758,0.948,0.91,0.038
5,mahalanobis_diag,mean_std_1.5,normalized_union,max_ratio,0.25,0.9,0.758,0.948,0.91,0.038
5,mahalanobis_diag,mean_std_1.5,normalized_union,max_ratio,0.5,0.9,0.758,0.948,0.91,0.038
5,mahalanobis_diag,mean_std_1.5,normalized_union,max_ratio,1.0,0.9,0.704,0.734,0.728,0.006
5,mahalanobis_diag,mean_std_1.5,normalized_union,max_ratio,2.0,0.9,0.0,0.0,0.0,0.0
5,mahalanobis_diag,mean_std_2.0,nearest_sphere,none,0.0,0.9,0.628,0.968,0.9,0.068
5,mahalanobis_diag,mean_std_2.0,nearest_sphere,none,0.25,0.9,0.628,0.968,0.9,0.068
5,mahalanobis_diag,mean_std_2.0,nearest_sphere,none,0.5,0.9,0.628,0.968,0.9,0.068
5,mahalanobis_diag,mean_std_2.0,nearest_sphere,none,1.0,0.9,0.628,0.968,0.9,0.068
5,mahalanobis_diag,mean_std_2.0,nearest_sphere,none,2.0,0.9,0.628,0.968,0.9,0.068
5,mahalanobis_diag,mean_std_2.0,nearest_sphere,ratio,0.0,0.9,0.628,0.968,0.9,0.068
5,mahalanobis_diag,mean_std_2.0,nearest_sphere,ratio,0.25,0.9,0.564,0.634,0.62,0.014
5,mahalanobis_diag,mean_std_2.0,nearest_sphere,ratio,0.5,0.9,0.054,0.054,0.054,0.0
5,mahalanobis_diag,mean_std_2.0,nearest_sphere,ratio,1.0,0.9,0.0,0.0,0.0,0.0
5,mahalanobis_diag,mean_std_2.0,nearest_sphere,ratio,2.0,0.9,0.0,0.0,0.0,0.0
5,mahalanobis_diag,mean_std_2.0,nearest_sphere,inverse_margin,0.0,0.9,0.628,0.968,0.9,0.068
5,mahalanobis_diag,mean_std_2.0,nearest_sphere,inverse_margin,0.25,0.9,0.012,0.012,0.012,0.0
5,mahalanobis_diag,mean_std_2.0,nearest_sphere,inverse_margin,0.5,0.9,0.0,0.0,0.0,0.0
5,mahalanobis_diag,mean_std_2.0,nearest_sphere,inverse_margin,1.0,0.9,0.0,0.0,0.0,0.0
5,mahalanobis_diag,mean_std_2.0,nearest_sphere,inverse_margin,2.0,0.9,0.0,0.0,0.0,0.0
5,mahalanobis_diag,mean_std_2.0,nearest_sphere,max_ratio,0.0,0.9,0.628,0.968,0.9,0.068
5,mahalanobis_diag,mean_std_2.0,nearest_sphere,max_ratio,0.25,0.9,0.628,0.968,0.9,0.068
5,mahalanobis_diag,mean_std_2.0,nearest_sphere,max_ratio,0.5,0.9,0.628,0.968,0.9,0.068
5,mahalanobis_diag,mean_std_2.0,nearest_sphere,max_ratio,1.0,0.9,0.71,0.74,0.734,0.006
5,mahalanobis_diag,mean_std_2.0,nearest_sphere,max_ratio,2.0,0.9,0.0,0.0,0.0,0.0
5,mahalanobis_diag,mean_std_2.0,normalized_union,none,0.0,0.9,0.76,0.97,0.928,0.042
5,mahalanobis_diag,mean_std_2.0,normalized_union,none,0.25,0.9,0.76,0.97,0.928,0.042
5,mahalanobis_diag,mean_std_2.0,normalized_union,none,0.5,0.9,0.76,0.97,0.928,0.042
5,mahalanobis_diag,mean_std_2.0,normalized_union,none,1.0,0.9,0.76,0.97,0.928,0.042
5,mahalanobis_diag,mean_std_2.0,normalized_union,none,2.0,0.9,0.76,0.97,0.928,0.042
5,mahalanobis_diag,mean_std_2.0,normalized_union,ratio,0.0,0.9,0.76,0.97,0.928,0.042
5,mahalanobis_diag,mean_std_2.0,normalized_union,ratio,0.25,0.9,0.598,0.658,0.646,0.012
5,mahalanobis_diag,mean_std_2.0,normalized_union,ratio,0.5,0.9,0.056,0.056,0.056,0.0
5,mahalanobis_diag,mean_std_2.0,normalized_union,ratio,1.0,0.9,0.0,0.0,0.0,0.0
5,mahalanobis_diag,mean_std_2.0,normalized_union,ratio,2.0,0.9,0.0,0.0,0.0,0.0
5,mahalanobis_diag,mean_std_2.0,normalized_union,inverse_margin,0.0,0.9,0.76,0.97,0.928,0.042
5,mahalanobis_diag,mean_std_2.0,normalized_union,inverse_margin,0.25,0.9,0.012,0.012,0.012,0.0
5,mahalanobis_diag,mean_std_2.0,normalized_union,inverse_margin,0.5,0.9,0.0,0.0,0.0,0.0
5,mahalanobis_diag,mean_std_2.0,normalized_union,inverse_margin,1.0,0.9,0.0,0.0,0.0,0.0
5,mahalanobis_diag,mean_std_2.0,normalized_union,inverse_margin,2.0,0.9,0.0,0.0,0.0,0.0
5,mahalanobis_diag,mean_std_2.0,normalized_union,max_ratio,0.0,0.9,0.76,0.97,0.928,0.042
5,mahalanobis_diag,mean_std_2.0,normalized_union,max_ratio,0.25,0.9,0.76,0.97,0.928,0.042
5,mahalanobis_diag,mean_std_2.0,normalized_union,max_ratio,0.5,0.9,0.76,0.97,0.928,0.042
5,mahalanobis_diag,mean_std_2.0,normalized_union,max_ratio,1.0,0.9,0.71,0.74,0.734,0.006
5,mahalanobis_diag,mean_std_2.0,normalized_union,max_ratio,2.0,0.9,0.0,0.0,0.0,0.0
5,mahalanobis_diag,mean_std_3.0,nearest_sphere,none,0.0,0.9,0.59,1.0,0.918,0.082
5,mahalanobis_diag,mean_std_3.0,nearest_sphere,none,0.25,0.9,0.59,1.0,0.918,0.082
5,mahalanobis_diag,mean_std_3.0,nearest_sphere,none,0.5,0.9,0.59,1.0,0.918,0.082
5,mahalanobis_diag,mean_std_3.0,nearest_sphere,none,1.0,0.9,0.59,1.0,0.918,0.082
5,mahalanobis_diag,mean_std_3.0,nearest_sphere,none,2.0,0.9,0.59,1.0,0.918,0.082
5,mahalanobis_diag,mean_std_3.0,nearest_sphere,ratio,0.0,0.9,0.59,1.0,0.918,0.082
5,mahalanobis_diag,mean_std_3.0,nearest_sphere,ratio,0.25,0.9,0.706,0.866,0.834,0.032
5,mahalanobis_diag,mean_std_3.0,nearest_sphere,ratio,0.5,0.9,0.184,0.184,0.184,0.0
5,mahalanobis_diag,mean_std_3.0,nearest_sphere,ratio,1.0,0.9,0.0,0.0,0.0,0.0
5,mahalanobis_diag,mean_std_3.0,nearest_sphere,ratio,2.0,0.9,0.0,0.0,0.0,0.0
5,mahalanobis_diag,mean_std_3.0,nearest_sphere,inverse_margin,0.0,0.9,0.59,1.0,0.918,0.082
5,mahalanobis_diag,mean_std_3.0,nearest_sphere,inverse_margin,0.25,0.9,0.02,0.02,0.02,0.0
5,mahalanobis_diag,mean_std_3.0,nearest_sphere,inverse_margin,0.5,0.9,0.0,0.0,0.0,0.0
5,mahalanobis_diag,mean_std_3.0,nearest_sphere,inverse_margin,1.0,0.9,0.0,0.0,0.0,0.0
5,mahalanobis_diag,mean_std_3.0,nearest_sphere,inverse_margin,2.0,0.9,0.0,0.0,0.0,0.0
5,mahalanobis_diag,mean_std_3.0,nearest_sphere,max_ratio,0.0,0.9,0.59,1.0,0.918,0.082
5,mahalanobis_diag,mean_std_3.0,nearest_sphere,max_ratio,0.25,0.9,0.59,1.0,0.918,0.082
5,mahalanobis_diag,mean_std_3.0,nearest_sphere,max_ratio,0.5,0.9,0.59,1.0,0.918,0.082
5,mahalanobis_diag,mean_std_3.0,nearest_sphere,max_ratio,1.0,0.9,0.71,0.75,0.742,0.008
5,mahalanobis_diag,mean_std_3.0,nearest_sphere,max_ratio,2.0,0.9,0.0,0.0,0.0,0.0
5,mahalanobis_diag,mean_std_3.0,normalized_union,none,0.0,0.9,0.8,1.0,0.96,0.04
5,mahalanobis_diag,mean_std_3.0,normalized_union,none,0.25,0.9,0.8,1.0,0.96,0.04
5,mahalanobis_diag,mean_std_3.0,normalized_union,none,0.5,0.9,0.8,1.0,0.96,0.04
5,mahalanobis_diag,mean_std_3.0,normalized_union,none,1.0,0.9,0.8,1.0,0.96,0.04
5,mahalanobis_diag,mean_std_3.0,normalized_union,none,2.0,0.9,0.8,1.0,0.96,0.04
5,mahalanobis_diag,mean_std_3.0,normalized_union,ratio,0.0,0.9,0.8,1.0,0.96,0.04
5,mahalanobis_diag,mean_std_3.0,normalized_union,ratio,0.25,0.9,0.77,0.88,0.858,0.022
5,mahalanobis_diag,mean_std_3.0,normalized_union,ratio,0.5,0.9,0.196,0.196,0.196,0.0
5,mahalanobis_diag,mean_std_3.0,normalized_union,ratio,1.0,0.9,0.0,0.0,0.0,0.0
5,mahalanobis_diag,mean_std_3.0,normalized_union,ratio,2.0,0.9,0.0,0.0,0.0,0.0
5,mahalanobis_diag,mean_std_3.0,normalized_union,inverse_margin,0.0,0.9,0.8,1.0,0.96,0.04
5,mahalanobis_diag,mean_std_3.0,normalized_union,inverse_margin,0.25,0.9,0.02,0.02,0.02,0.0
5,mahalanobis_diag,mean_std_3.0,normalized_union,inverse_margin,0.5,0.9,0.0,0.0,0.0,0.0
5,mahalanobis_diag,mean_std_3.0,normalized_union,inverse_margin,1.0,0.9,0.0,0.0,0.0,0.0
5,mahalanobis_diag,mean_std_3.0,normalized_union,inverse_margin,2.0,0.9,0.0,0.0,0.0,0.0
5,mahalanobis_diag,mean_std_3.0,normalized_union,max_ratio,0.0,0.9,0.8,1.0,0.96,0.04
5,mahalanobis_diag,mean_std_3.0,normalized_union,max_ratio,0.25,0.9,0.8,1.0,0.96,0.04
5,mahalanobis_diag,mean_std_3.0,normalized_union,max_ratio,0.5,0.9,0.8,1.0,0.96,0.04
5,mahalanobis_diag,mean_std_3.0,normalized_union,max_ratio,1.0,0.9,0.71,0.75,0.742,0.008
5,mahalanobis_diag,mean_std_3.0,normalized_union,max_ratio,2.0,0.9,0.0,0.0,0.0,0.0
5,mahalanobis_diag,center_quantile_0.5,nearest_sphere,none,0.0,0.9,0.156,0.186,0.18,0.006
5,mahalanobis_diag,center_quantile_0.5,nearest_sphere,none,0.25,0.9,0.156,0.186,0.18,0.006
5,mahalanobis_diag,center_quantile_0.5,nearest_sphere,none,0.5,0.9,0.156,0.186,0.18,0.006
5,mahalanobis_diag,center_quantile_0.5,nearest_sphere,none,1.0,0.9,0.156,0.186,0.18,0.006
5,mahalanobis_diag,center_quantile_0.5,nearest_sphere,none,2.0,0.9,0.156,0.186,0.18,0.006
5,mahalanobis_diag,center_quantile_0.5,nearest_sphere,ratio,0.0,0.9,0.156,0.186,0.18,0.006
5,mahalanobis_diag,center_quantile_0.5,nearest_sphere,ratio,0.25,0.9,0.004,0.004,0.004,0.0
5,mahalanobis_diag,center_quantile_0.5,nearest_sphere,ratio,0.5,0.9,0.0,0.0,0.0,0.0
5,mahalanobis_diag,center_quantile_0.5,nearest_sphere,ratio,1.0,0.9,0.0,0.0,0.0,0.0
5,mahalanobis_diag,center_quantile_0.5,nearest_sphere,ratio,2.0,0.9,0.0,0.0,0.0,0.0
5,mahalanobis_diag,center_quantile_0.5,nearest_sphere,inverse_margin,0.0,0.9,0.156,0.186,0.18,0.006
5,mahalanobis_diag,center_quantile_0.5,nearest_sphere,inverse_margin,0.25,0.9,0.0,0.0,0.0,0.0
5,mahalanobis_diag,center_quantile_0.5,nearest_sphere,inverse_margin,0.5,0.9,0.0,0.0,0.0,0.0
5,mahalanobis_diag,center_quantile_0.5,nearest_sphere,inverse_margin,1.0,0.9,0.0,0.0,0.0,0.0
5,mahalanobis_diag,center_quantile_0.5,nearest_sphere,inverse_margin,2.0,0.9,0.0,0.0,0.0,0.0
5,mahalanobis_diag,center_quantile_0.5,nearest_sphere,max_ratio,0.0,0.9,0.156,0.186,0.18,0.006
5,mahalanobis_diag,center_quantile_0.5,nearest_sphere,max_ratio,0.25,0.9,0.156,0.186,0.18,0.006
5,mahalanobis_diag,center_quantile_0.5,nearest_sphere,max_ratio,0.5,0.9,0.156,0.186,0.18,0.006
5,mahalanobis_diag,center_quantile_0.5,nearest_sphere,max_ratio,1.0,0.9,0.142,0.162,0.158,0.004
5,mahalanobis_diag,center_quantile_0.5,nearest_sphere,max_ratio,2.0,0.9,0.0,0.0,0.0,0.0
5,mahalanobis_diag,center_quantile_0.5,normalized_union,none,0.0,0.9,0.186,0.206,0.202,0.004
5,mahalanobis_diag,center_quantile_0.5,normalized_union,none,0.25,0.9,0.186,0.206,0.202,0.004
5,mahalanobis_diag,center_quantile_0.5,normalized_union,none,0.5,0.9,0.186,0.206,0.202,0.004
5,mahalanobis_diag,center_quantile_0.5,normalized_union,none,1.0,0.9,0.186,0.206,0.202,0.004
5,mahalanobis_diag,center_quantile_0.5,normalized_union,none,2.0,0.9,0.186,0.206,0.202,0.004
5,mahalanobis_diag,center_quantile_0.5,normalized_union,ratio,0.0,0.9,0.186,0.206,0.202,0.004
5,mahalanobis_diag,center_quantile_0.5,normalized_union,ratio,0.25,0.9,0.004,0.004,0.004,0.0
5,mahalanobis_diag,center_quantile_0.5,normalized_union,ratio,0.5,0.9,0.0,0.0,0.0,0.0
5,mahalanobis_diag,center_quantile_0.5,normalized_union,ratio,1.0,0.9,0.0,0.0,0.0,0.0
5,mahalanobis_diag,center_quantile_0.5,normalized_union,ratio,2.0,0.9,0.0,0.0,0.0,0.0
5,mahalanobis_diag,center_quantile_0.5,normalized_union,inverse_margin,0.0,0.9,0.186,0.206,0.202,0.004
5,mahalanobis_diag,center_quantile_0.5,normalized_union,inverse_margin,0.25,0.9,0.0,0.0,0.0,0.0
5,mahalanobis_diag,center_quantile_0.5,normalized_union,inverse_margin,0.5,0.9,0.0,0.0,0.0,0.0
5,mahalanobis_diag,center_quantile_0.5,normalized_union,inverse_margin,1.0,0.9,0.0,0.0,0.0,0.0
5,mahalanobis_diag,center_quantile_0.5,normalized_union,inverse_margin,2.0,0.9,0.0,0.0,0.0,0.0
5,mahalanobis_diag,center_quantile_0.5,normalized_union,max_ratio,0.0,0.9,0.186,0.206,0.202,0.004
5,mahalanobis_diag,center_quantile_0.5,normalized_union,max_ratio,0.25,0.9,0.186,0.206,0.202,0.004
5,mahalanobis_diag,center_quantile_0.5,normalized_union,max_ratio,0.5,0.9,0.186,0.206,0.202,0.004
5,mahalanobis_diag,center_quantile_0.5,normalized_union,max_ratio,1.0,0.9,0.154,0.174,0.17,0.004
5,mahalanobis_diag,center_quantile_0.5,normalized_union,max_ratio,2.0,0.9,0.0,0.0,0.0,0.0
5,mahalanobis_diag,intent_quantile_0.5,nearest_sphere,none,0.0,0.9,0.158,0.178,0.174,0.004
5,mahalanobis_diag,intent_quantile_0.5,nearest_sphere,none,0.25,0.9,0.158,0.178,0.174,0.004
5,mahalanobis_diag,intent_quantile_0.5,nearest_sphere,none,0.5,0.9,0.158,0.178,0.174,0.004
5,mahalanobis_diag,intent_quantile_0.5,nearest_sphere,none,1.0,0.9,0.158,0.178,0.174,0.004
5,mahalanobis_diag,intent_quantile_0.5,nearest_sphere,none,2.0,0.9,0.158,0.178,0.174,0.004
5,mahalanobis_diag,intent_quantile_0.5,nearest_sphere,ratio,0.0,0.9,0.158,0.178,0.174,0.004
5,mahalanobis_diag,intent_quantile_0.5,nearest_sphere,ratio,0.25,0.9,0.01,0.01,0.01,0.0
5,mahalanobis_diag,intent_quantile_0.5,nearest_sphere,ratio,0.5,0.9,0.0,0.0,0.0,0.0
5,mahalanobis_diag,intent_quantile_0.5,nearest_sphere,ratio,1.0,0.9,0.0,0.0,0.0,0.0
5,mahalanobis_diag,intent_quantile_0.5,nearest_sphere,ratio,2.0,0.9,0.0,0.0,0.0,0.0
5,mahalanobis_diag,intent_quantile_0.5,nearest_sphere,inverse_margin,0.0,0.9,0.158,0.178,0.174,0.004
5,mahalanobis_diag,intent_quantile_0.5,nearest_sphere,inverse_margin,0.25,0.9,0.0,0.0,0.0,0.0
5,mahalanobis_diag,intent_quantile_0.5,nearest_sphere,inverse_margin,0.5,0.9,0.0,0.0,0.0,0.0
5,mahalanobis_diag,intent_quantile_0.5,nearest_sphere,inverse_margin,1.0,0.9,0.0,0.0,0.0,0.0
5,mahalanobis_diag,intent_quantile_0.5,nearest_sphere,inverse_margin,2.0,0.9,0.0,0.0,0.0,0.0
5,mahalanobis_diag,intent_quantile_0.5,nearest_sphere,max_ratio,0.0,0.9,0.158,0.178,0.174,0.004
5,mahalanobis_diag,intent_quantile_0.5,nearest_sphere,max_ratio,0.25,0.9,0.158,0.178,0.174,0.004
5,mahalanobis_diag,intent_quantile_0.5,nearest_sphere,max_ratio,0.5,0.9,0.158,0.178,0.174,0.004
5,mahalanobis_diag,intent_quantile_0.5,nearest_sphere,max_ratio,1.0,0.9,0.142,0.162,0.158,0.004
5,mahalanobis_diag,intent_quantile_0.5,nearest_sphere,max_ratio,2.0,0.9,0.0,0.0,0.0,0.0
5,mahalanobis_diag,intent_quantile_0.5,normalized_union,none,0.0,0.9,0.158,0.178,0.174,0.004
5,mahalanobis_diag,intent_quantile_0.5,normalized_union,none,0.25,0.9,0.158,0.178,0.174,0.004
5,mahalanobis_diag,intent_quantile_0.5,normalized_union,none,0.5,0.9,0.158,0.178,0.174,0.004
5,mahalanobis_diag,intent_quantile_0.5,normalized_union,none,1.0,0.9,0.158,0.178,0.174,0.004
5,mahalanobis_diag,intent_quantile_0.5,normalized_union,none,2.0,0.9,0.158,0.178,0.174,0.004
5,mahalanobis_diag,intent_quantile_0.5,normalized_union,ratio,0.0,0.9,0.158,0.178,0.174,0.004
5,mahalanobis_diag,intent_quantile_0.5,normalized_union,ratio,0.25,0.9,0.01,0.01,0.01,0.0
5,mahalanobis_diag,intent_quantile_0.5,normalized_union,ratio,0.5,0.9,0.0,0.0,0.0,0.0
5,mahalanobis_diag,intent_quantile_0.5,normalized_union,ratio,1.0,0.9,0.0,0.0,0.0,0.0
5,mahalanobis_diag,intent_quantile_0.5,normalized_union,ratio,2.0,0.9,0.0,0.0,0.0,0.0
5,mahalanobis_diag,intent_quantile_0.5,normalized_union,inverse_margin,0.0,0.9,0.158,0.178,0.174,0.004
5,mahalanobis_diag,intent_quantile_0.5,normalized_union,inverse_margin,0.25,0.9,0.0,0.0,0.0,0.0
5,mahalanobis_diag,intent_quantile_0.5,normalized_union,inverse_margin,0.5,0.9,0.0,0.0,0.0,0.0
5,mahalanobis_diag,intent_quantile_0.5,normalized_union,inverse_margin,1.0,0.9,0.0,0.0,0.0,0.0
5,mahalanobis_diag,intent_quantile_0.5,normalized_union,inverse_margin,2.0,0.9,0.0,0.0,0.0,0.0
5,mahalanobis_diag,intent_quantile_0.5,normalized_union,max_ratio,0.0,0.9,0.158,0.178,0.174,0.004
5,mahalanobis_diag,intent_quantile_0.5,normalized_union,max_ratio,0.25,0.9,0.158,0.178,0.174,0.004
5,mahalanobis_diag,intent_quantile_0.5,normalized_union,max_ratio,0.5,0.9,0.158,0.178,0.174,0.004
5,mahalanobis_diag,intent_quantile_0.5,normalized_union,max_ratio,1.0,0.9,0.142,0.162,0.158,0.004
5,mahalanobis_diag,intent_quantile_0.5,normalized_union,max_ratio,2.0,0.9,0.0,0.0,0.0,0.0
5,mahalanobis_diag,center_quantile_0.7,nearest_sphere,none,0.0,0.9,0.274,0.324,0.314,0.01
5,mahalanobis_diag,center_quantile_0.7,nearest_sphere,none,0.25,0.9,0.274,0.324,0.314,0.01
5,mahalanobis_diag,center_quantile_0.7,nearest_sphere,none,0.5,0.9,0.274,0.324,0.314,0.01
5,mahalanobis_diag,center_quantile_0.7,nearest_sphere,none,1.0,0.9,0.274,0.324,0.314,0.01
5,mahalanobis_diag,center_quantile_0.7,nearest_sphere,none,2.0,0.9,0.274,0.324,0.314,0.01
5,mahalanobis_diag,center_quantile_0.7,nearest_sphere,ratio,0.0,0.9,0.274,0.324,0.314,0.01
5,mahalanobis_diag,center_quantile_0.7,nearest_sphere,ratio,0.25,0.9,0.01,0.01,0.01,0.0
5,mahalanobis_diag,center_quantile_0.7,nearest_sphere,ratio,0.5,0.9,0.0,0.0,0.0,0.0
5,mahalanobis_diag,center_quantile_0.7,nearest_sphere,ratio,1.0,0.9,0.0,0.0,0.0,0.0
5,mahalanobis_diag,center_quantile_0.7,nearest_sphere,ratio,2.0,0.9,0.0,0.0,0.0,0.0
5,mahalanobis_diag,center_quantile_0.7,nearest_sphere,inverse_margin,0.0,0.9,0.274,0.324,0.314,0.01
5,mahalanobis_diag,center_quantile_0.7,nearest_sphere,inverse_margin,0.25,0.9,0.0,0.0,0.0,0.0
5,mahalanobis_diag,center_quantile_0.7,nearest_sphere,inverse_margin,0.5,0.9,0.0,0.0,0.0,0.0
5,mahalanobis_diag,center_quantile_0.7,nearest_sphere,inverse_margin,1.0,0.9,0.0,0.0,0.0,0.0
5,mahalanobis_diag,center_quantile_0.7,nearest_sphere,inverse_margin,2.0,0.9,0.0,0.0,0.0,0.0
5,mahalanobis_diag,center_quantile_0.7,nearest_sphere,max_ratio,0.0,0.9,0.274,0.324,0.314,0.01
5,mahalanobis_diag,center_quantile_0.7,nearest_sphere,max_ratio,0.25,0.9,0.274,0.324,0.314,0.01
5,mahalanobis_diag,center_quantile_0.7,nearest_sphere,max_ratio,0.5,0.9,0.274,0.324,0.314,0.01
5,mahalanobis_diag,center_quantile_0.7,nearest_sphere,max_ratio,1.0,0.9,0.252,0.272,0.268,0.004
5,mahalanobis_diag,center_quantile_0.7,nearest_sphere,max_ratio,2.0,0.9,0.0,0.0,0.0,0.0
5,mahalanobis_diag,center_quantile_0.7,normalized_union,none,0.0,0.9,0.318,0.358,0.35,0.008
5,mahalanobis_diag,center_quantile_0.7,normalized_union,none,0.25,0.9,0.318,0.358,0.35,0.008
5,mahalanobis_diag,center_quantile_0.7,normalized_union,none,0.5,0.9,0.318,0.358,0.35,0.008
5,mahalanobis_diag,center_quantile_0.7,normalized_union,none,1.0,0.9,0.318,0.358,0.35,0.008
5,mahalanobis_diag,center_quantile_0.7,normalized_union,none,2.0,0.9,0.318,0.358,0.35,0.008
5,mahalanobis_diag,center_quantile_0.7,normalized_union,ratio,0.0,0.9,0.318,0.358,0.35,0.008
5,mahalanobis_diag,center_quantile_0.7,normalized_union,ratio,0.25,0.9,0.01,0.01,0.01,0.0
5,mahalanobis_diag,center_quantile_0.7,normalized_union,ratio,0.5,0.9,0.0,0.0,0.0,0.0
5,mahalanobis_diag,center_quantile_0.7,normalized_union,ratio,1.0,0.9,0.0,0.0,0.0,0.0
5,mahalanobis_diag,center_quantile_0.7,normalized_union,ratio,2.0,0.9,0.0,0.0,0.0,0.0
5,mahalanobis_diag,center_quantile_0.7,normalized_union,inverse_margin,0.0,0.9,0.318,0.358,0.35,0.008
5,mahalanobis_diag,center_quantile_0.7,normalized_union,inverse_margin,0.25,0.9,0.0,0.0,0.0,0.0
5,mahalanobis_diag,center_quantile_0.7,normalized_union,inverse_margin,0.5,0.9,0.0,0.0,0.0,0.0
5,mahalanobis_diag,center_quantile_0.7,normalized_union,inverse_margin,1.0,0.9,0.0,0.0,0.0,0.0
5,mahalanobis_diag,center_quantile_0.7,normalized_union,inverse_margin,2.0,0.9,0.0,0.0,0.0,0.0
5,mahalanobis_diag,center_quantile_0.7,normalized_union,max_ratio,0.0,0.9,0.318,0.358,0.35,0.008
5,mahalanobis_diag,center_quantile_0.7,normalized_union,max_ratio,0.25,0.9,0.318,0.358,0.35,0.008
5,mahalanobis_diag,center_quantile_0.7,normalized_union,max_ratio,0.5,0.9,0.318,0.358,0.35,0.008
5,mahalanobis_diag,center_quantile_0.7,normalized_union,max_ratio,1.0,0.9,0.278,0.298,0.294,0.004
5,mahalanobis_diag,center_quantile_0.7,normalized_union,max_ratio,2.0,0.9,0.0,0.0,0.0,0.0
5,mahalanobis_diag,intent_quantile_0.7,nearest_sphere,none,0.0,0.9,0.28,0.33,0.32,0.01
5,mahalanobis_diag,intent_quantile_0.7,nearest_sphere,none,0.25,0.9,0.28,0.33,0.32,0.01
5,mahalanobis_diag,intent_quantile_0.7,nearest_sphere,none,0.5,0.9,0.28,0.33,0.32,0.01
5,mahalanobis_diag,intent_quantile_0.7,nearest_sphere,none,1.0,0.9,0.28,0.33,0.32,0.01
5,mahalanobis_diag,intent_quantile_0.7,nearest_sphere,none,2.0,0.9,0.28,0.33,0.32,0.01
5,mahalanobis_diag,intent_quantile_0.7,nearest_sphere,ratio,0.0,0.9,0.28,0.33,0.32,0.01
5,mahalanobis_diag,intent_quantile_0.7,nearest_sphere,ratio,0.25,0.9,0.02,0.02,0.02,0.0
5,mahalanobis_diag,intent_quantile_0.7,nearest_sphere,ratio,0.5,0.9,0.0,0.0,0.0,0.0
5,mahalanobis_diag,intent_quantile_0.7,nearest_sphere,ratio,1.0,0.9,0.0,0.0,0.0,0.0
5,mahalanobis_diag,intent_quantile_0.7,nearest_sphere,ratio,2.0,0.9,0.0,0.0,0.0,0.0
5,mahalanobis_diag,intent_quantile_0.7,nearest_sphere,inverse_margin,0.0,0.9,0.28,0.33,0.32,0.01
5,mahalanobis_diag,intent_quantile_0.7,nearest_sphere,inverse_margin,0.25,0.9,0.0,0.0,0.0,0.0
5,mahalanobis_diag,intent_quantile_0.7,nearest_sphere,inverse_margin,0.5,0.9,0.0,0.0,0.0,0.0
5,mahalanobis_diag,intent_quantile_0.7,nearest_sphere,inverse_margin,1.0,0.9,0.0,0.0,0.0,0.0
5,mahalanobis_diag,intent_quantile_0.7,nearest_sphere,inverse_margin,2.0,0.9,0.0,0.0,0.0,0.0
5,mahalanobis_diag,intent_quantile_0.7,nearest_sphere,max_ratio,0.0,0.9,0.28,0.33,0.32,0.01
5,mahalanobis_diag,intent_quantile_0.7,nearest_sphere,max_ratio,0.25,0.9,0.28,0.33,0.32,0.01
5,mahalanobis_diag,intent_quantile_0.7,nearest_sphere,max_ratio,0.5,0.9,0.28,0.33,0.32,0.01
5,mahalanobis_diag,intent_quantile_0.7,nearest_sphere,max_ratio,1.0,0.9,0.272,0.292,0.288,0.004
5,mahalanobis_diag,intent_quantile_0.7,nearest_sphere,max_ratio,2.0,0.9,0.0,0.0,0.0,0.0
5,mahalanobis_diag,intent_quantile_0.7,normalized_union,none,0.0,0.9,0.29,0.33,0.322,0.008
5,mahalanobis_diag,intent_quantile_0.7,normalized_union,none,0.25,0.9,0.29,0.33,0.322,0.008
5,mahalanobis_diag,intent_quantile_0.7,normalized_union,none,0.5,0.9,0.29,0.33,0.322,0.008
5,mahalanobis_diag,intent_quantile_0.7,normalized_union,none,1.0,0.9,0.29,0.33,0.322,0.008
5,mahalanobis_diag,intent_quantile_0.7,normalized_union,none,2.0,0.9,0.29,0.33,0.322,0.008
5,mahalanobis_diag,intent_quantile_0.7,normalized_union,ratio,0.0,0.9,0.29,0.33,0.322,0.008
5,mahalanobis_diag,intent_quantile_0.7,normalized_union,ratio,0.25,0.9,0.02,0.02,0.02,0.0
5,mahalanobis_diag,intent_quantile_0.7,normalized_union,ratio,0.5,0.9,0.0,0.0,0.0,0.0
5,mahalanobis_diag,intent_quantile_0.7,normalized_union,ratio,1.0,0.9,0.0,0.0,0.0,0.0
5,mahalanobis_diag,intent_quantile_0.7,normalized_union,ratio,2.0,0.9,0.0,0.0,0.0,0.0
5,mahalanobis_diag,intent_quantile_0.7,normalized_union,inverse_margin,0.0,0.9,0.29,0.33,0.322,0.008
5,mahalanobis_diag,intent_quantile_0.7,normalized_union,inverse_margin,0.25,0.9,0.0,0.0,0.0,0.0
5,mahalanobis_diag,intent_quantile_0.7,normalized_union,inverse_margin,0.5,0.9,0.0,0.0,0.0,0.0
5,mahalanobis_diag,intent_quantile_0.7,normalized_union,inverse_margin,1.0,0.9,0.0,0.0,0.0,0.0
5,mahalanobis_diag,intent_quantile_0.7,normalized_union,inverse_margin,2.0,0.9,0.0,0.0,0.0,0.0
5,mahalanobis_diag,intent_quantile_0.7,normalized_union,max_ratio,0.0,0.9,0.29,0.33,0.322,0.008
5,mahalanobis_diag,intent_quantile_0.7,normalized_union,max_ratio,0.25,0.9,0.29,0.33,0.322,0.008
5,mahalanobis_diag,intent_quantile_0.7,normalized_union,max_ratio,0.5,0.9,0.29,0.33,0.322,0.008
5,mahalanobis_diag,intent_quantile_0.7,normalized_union,max_ratio,1.0,0.9,0.272,0.292,0.288,0.004
5,mahalanobis_diag,intent_quantile_0.7,normalized_union,max_ratio,2.0,0.9,0.0,0.0,0.0,0.0
5,mahalanobis_diag,center_quantile_0.8,nearest_sphere,none,0.0,0.9,0.378,0.438,0.426,0.012
5,mahalanobis_diag,center_quantile_0.8,nearest_sphere,none,0.25,0.9,0.378,0.438,0.426,0.012
5,mahalanobis_diag,center_quantile_0.8,nearest_sphere,none,0.5,0.9,0.378,0.438,0.426,0.012
5,mahalanobis_diag,center_quantile_0.8,nearest_sphere,none,1.0,0.9,0.378,0.438,0.426,0.012
5,mahalanobis_diag,center_quantile_0.8,nearest_sphere,none,2.0,0.9,0.378,0.438,0.426,0.012
5,mahalanobis_diag,center_quantile_0.8,nearest_sphere,ratio,0.0,0.9,0.378,0.438,0.426,0.012
5,mahalanobis_diag,center_quantile_0.8,nearest_sphere,ratio,0.25,0.9,0.024,0.024,0.024,0.0
5,mahalanobis_diag,center_quantile_0.8,nearest_sphere,ratio,0.5,0.9,0.0,0.0,0.0,0.0
5,mahalanobis_diag,center_quantile_0.8,nearest_sphere,ratio,1.0,0.9,0.0,0.0,0.0,0.0
5,mahalanobis_diag,center_quantile_0.8,nearest_sphere,ratio,2.0,0.9,0.0,0.0,0.0,0.0
5,mahalanobis_diag,center_quantile_0.8,nearest_sphere,inverse_margin,0.0,0.9,0.378,0.438,0.426,0.012
5,mahalanobis_diag,center_quantile_0.8,nearest_sphere,inverse_margin,0.25,0.9,0.0,0.0,0.0,0.0
5,mahalanobis_diag,center_quantile_0.8,nearest_sphere,inverse_margin,0.5,0.9,0.0,0.0,0.0,0.0
5,mahalanobis_diag,center_quantile_0.8,nearest_sphere,inverse_margin,1.0,0.9,0.0,0.0,0.0,0.0
5,mahalanobis_diag,center_quantile_0.8,nearest_sphere,inverse_margin,2.0,0.9,0.0,0.0,0.0,0.0
5,mahalanobis_diag,center_quantile_0.8,nearest_sphere,max_ratio,0.0,0.9,0.378,0.438,0.426,0.012
5,mahalanobis_diag,center_quantile_0.8,nearest_sphere,max_ratio,0.25,0.9,0.378,0.438,0.426,0.012
5,mahalanobis_diag,center_quantile_0.8,nearest_sphere,max_ratio,0.5,0.9,0.378,0.438,0.426,0.012
5,mahalanobis_diag,center_quantile_0.8,nearest_sphere,max_ratio,1.0,0.9,0.352,0.372,0.368,0.004
5,mahalanobis_diag,center_quantile_0.8,nearest_sphere,max_ratio,2.0,0.9,0.0,0.0,0.0,0.0
5,mahalanobis_diag,center_quantile_0.8,normalized_union,none,0.0,0.9,0.438,0.478,0.47,0.008
5,mahalanobis_diag,center_quantile_0.8,normalized_union,none,0.25,0.9,0.438,0.478,0.47,0.008
5,mahalanobis_diag,center_quantile_0.8,normalized_union,none,0.5,0.9,0.438,0.478,0.47,0.008
5,mahalanobis_diag,center_quantile_0.8,normalized_union,none,1.0,0.9,0.438,0.478,0.47,0.008
5,mahalanobis_diag,center_quantile_0.8,normalized_union,none,2.0,0.9,0.438,0.478,0.47,0.008
5,mahalanobis_diag,center_quantile_0.8,normalized_union,ratio,0.0,0.9,0.438,0.478,0.47,0.008
5,mahalanobis_diag,center_quantile_0.8,normalized_union,ratio,0.25,0.9,0.024,0.024,0.024,0.0
5,mahalanobis_diag,center_quantile_0.8,normalized_union,ratio,0.5,0.9,0.0,0.0,0.0,0.0
5,mahalanobis_diag,center_quantile_0.8,normalized_union,ratio,1.0,0.9,0.0,0.0,0.0,0.0
5,mahalanobis_diag,center_quantile_0.8,normalized_union,ratio,2.0,0.9,0.0,0.0,0.0,0.0
5,mahalanobis_diag,center_quantile_0.8,normalized_union,inverse_margin,0.0,0.9,0.438,0.478,0.47,0.008
5,mahalanobis_diag,center_quantile_0.8,normalized_union,inverse_margin,0.25,0.9,0.0,0.0,0.0,0.0
5,mahalanobis_diag,center_quantile_0.8,normalized_union,inverse_margin,0.5,0.9,0.0,0.0,0.0,0.0
5,mahalanobis_diag,center_quantile_0.8,normalized_union,inverse_margin,1.0,0.9,0.0,0.0,0.0,0.0
5,mahalanobis_diag,center_quantile_0.8,normalized_union,inverse_margin,2.0,0.9,0.0,0.0,0.0,0.0
5,mahalanobis_diag,center_quantile_0.8,normalized_union,max_ratio,0.0,0.9,0.438,0.478,0.47,0.008
5,mahalanobis_diag,center_quantile_0.8,normalized_union,max_ratio,0.25,0.9,0.438,0.478,0.47,0.008
5,mahalanobis_diag,center_quantile_0.8,normalized_union,max_ratio,0.5,0.9,0.438,0.478,0.47,0.008
5,mahalanobis_diag,center_quantile_0.8,normalized_union,max_ratio,1.0,0.9,0.378,0.398,0.394,0.004
5,mahalanobis_diag,center_quantile_0.8,normalized_union,max_ratio,2.0,0.9,0.0,0.0,0.0,0.0
5,mahalanobis_diag,intent_quantile_0.8,nearest_sphere,none,0.0,0.9,0.38,0.44,0.428,0.012
5,mahalanobis_diag,intent_quantile_0.8,nearest_sphere,none,0.25,0.9,0.38,0.44,0.428,0.012
5,mahalanobis_diag,intent_quantile_0.8,nearest_sphere,none,0.5,0.9,0.38,0.44,0.428,0.012
5,mahalanobis_diag,intent_quantile_0.8,nearest_sphere,none,1.0,0.9,0.38,0.44,0.428,0.012
5,mahalanobis_diag,intent_quantile_0.8,nearest_sphere,none,2.0,0.9,0.38,0.44,0.428,0.012
5,mahalanobis_diag,intent_quantile_0.8,nearest_sphere,ratio,0.0,0.9,0.38,0.44,0.428,0.012
5,mahalanobis_diag,intent_quantile_0.8,nearest_sphere,ratio,0.25,0.9,0.036,0.036,0.036,0.0
5,mahalanobis_diag,intent_quantile_0.8,nearest_sphere,ratio,0.5,0.9,0.004,0.004,0.004,0.0
5,mahalanobis_diag,intent_quantile_0.8,nearest_sphere,ratio,1.0,0.9,0.0,0.0,0.0,0.0
5,mahalanobis_diag,intent_quantile_0.8,nearest_sphere,ratio,2.0,0.9,0.0,0.0,0.0,0.0
5,mahalanobis_diag,intent_quantile_0.8,nearest_sphere,inverse_margin,0.0,0.9,0.38,0.44,0.428,0.012
5,mahalanobis_diag,intent_quantile_0.8,nearest_sphere,inverse_margin,0.25,0.9,0.0,0.0,0.0,0.0
5,mahalanobis_diag,intent_quantile_0.8,nearest_sphere,inverse_margin,0.5,0.9,0.0,0.0,0.0,0.0
5,mahalanobis_diag,intent_quantile_0.8,nearest_sphere,inverse_margin,1.0,0.9,0.0,0.0,0.0,0.0
5,mahalanobis_diag,intent_quantile_0.8,nearest_sphere,inverse_margin,2.0,0.9,0.0,0.0,0.0,0.0
5,mahalanobis_diag,intent_quantile_0.8,nearest_sphere,max_ratio,0.0,0.9,0.38,0.44,0.428,0.012
5,mahalanobis_diag,intent_quantile_0.8,nearest_sphere,max_ratio,0.25,0.9,0.38,0.44,0.428,0.012
5,mahalanobis_diag,intent_quantile_0.8,nearest_sphere,max_ratio,0.5,0.9,0.38,0.44,0.428,0.012
5,mahalanobis_diag,intent_quantile_0.8,nearest_sphere,max_ratio,1.0,0.9,0.364,0.384,0.38,0.004
5,mahalanobis_diag,intent_quantile_0.8,nearest_sphere,max_ratio,2.0,0.9,0.0,0.0,0.0,0.0
5,mahalanobis_diag,intent_quantile_0.8,normalized_union,none,0.0,0.9,0.39,0.44,0.43,0.01
5,mahalanobis_diag,intent_quantile_0.8,normalized_union,none,0.25,0.9,0.39,0.44,0.43,0.01
5,mahalanobis_diag,intent_quantile_0.8,normalized_union,none,0.5,0.9,0.39,0.44,0.43,0.01
5,mahalanobis_diag,intent_quantile_0.8,normalized_union,none,1.0,0.9,0.39,0.44,0.43,0.01
5,mahalanobis_diag,intent_quantile_0.8,normalized_union,none,2.0,0.9,0.39,0.44,0.43,0.01
5,mahalanobis_diag,intent_quantile_0.8,normalized_union,ratio,0.0,0.9,0.39,0.44,0.43,0.01
5,mahalanobis_diag,intent_quantile_0.8,normalized_union,ratio,0.25,0.9,0.036,0.036,0.036,0.0
5,mahalanobis_diag,intent_quantile_0.8,normalized_union,ratio,0.5,0.9,0.004,0.004,0.004,0.0
5,mahalanobis_diag,intent_quantile_0.8,normalized_union,ratio,1.0,0.9,0.0,0.0,0.0,0.0
5,mahalanobis_diag,intent_quantile_0.8,normalized_union,ratio,2.0,0.9,0.0,0.0,0.0,0.0
5,mahalanobis_diag,intent_quantile_0.8,normalized_union,inverse_margin,0.0,0.9,0.39,0.44,0.43,0.01
5,mahalanobis_diag,intent_quantile_0.8,normalized_union,inverse_margin,0.25,0.9,0.0,0.0,0.0,0.0
5,mahalanobis_diag,intent_quantile_0.8,normalized_union,inverse_margin,0.5,0.9,0.0,0.0,0.0,0.0
5,mahalanobis_diag,intent_quantile_0.8,normalized_union,inverse_margin,1.0,0.9,0.0,0.0,0.0,0.0
5,mahalanobis_diag,intent_quantile_0.8,normalized_union,inverse_margin,2.0,0.9,0.0,0.0,0.0,0.0
5,mahalanobis_diag,intent_quantile_0.8,normalized_union,max_ratio,0.0,0.9,0.39,0.44,0.43,0.01
5,mahalanobis_diag,intent_quantile_0.8,normalized_union,max_ratio,0.25,0.9,0.39,0.44,0.43,0.01
5,mahalanobis_diag,intent_quantile_0.8,normalized_union,max_ratio,0.5,0.9,0.39,0.44,0.43,0.01
5,mahalanobis_diag,intent_quantile_0.8,normalized_union,max_ratio,1.0,0.9,0.364,0.384,0.38,0.004
5,mahalanobis_diag,intent_quantile_0.8,normalized_union,max_ratio,2.0,0.9,0.0,0.0,0.0,0.0
5,mahalanobis_diag,center_quantile_0.9,nearest_sphere,none,0.0,0.9,0.534,0.614,0.598,0.016
5,mahalanobis_diag,center_quantile_0.9,nearest_sphere,none,0.25,0.9,0.534,0.614,0.598,0.016
5,mahalanobis_diag,center_quantile_0.9,nearest_sphere,none,0.5,0.9,0.534,0.614,0.598,0.016
5,mahalanobis_diag,center_quantile_0.9,nearest_sphere,none,1.0,0.9,0.534,0.614,0.598,0.016
5,mahalanobis_diag,center_quantile_0.9,nearest_sphere,none,2.0,0.9,0.534,0.614,0.598,0.016
5,mahalanobis_diag,center_quantile_0.9,nearest_sphere,ratio,0.0,0.9,0.534,0.614,0.598,0.016
5,mahalanobis_diag,center_quantile_0.9,nearest_sphere,ratio,0.25,0.9,0.074,0.074,0.074,0.0
5,mahalanobis_diag,center_quantile_0.9,nearest_sphere,ratio,0.5,0.9,0.002,0.002,0.002,0.0
5,mahalanobis_diag,center_quantile_0.9,nearest_sphere,ratio,1.0,0.9,0.0,0.0,0.0,0.0
5,mahalanobis_diag,center_quantile_0.9,nearest_sphere,ratio,2.0,0.9,0.0,0.0,0.0,0.0
5,mahalanobis_diag,center_quantile_0.9,nearest_sphere,inverse_margin,0.0,0.9,0.534,0.614,0.598,0.016
5,mahalanobis_diag,center_quantile_0.9,nearest_sphere,inverse_margin,0.25,0.9,0.0,0.0,0.0,0.0
5,mahalanobis_diag,center_quantile_0.9,nearest_sphere,inverse_margin,0.5,0.9,0.0,0.0,0.0,0.0
5,mahalanobis_diag,center_quantile_0.9,nearest_sphere,inverse_margin,1.0,0.9,0.0,0.0,0.0,0.0
5,mahalanobis_diag,center_quantile_0.9,nearest_sphere,inverse_margin,2.0,0.9,0.0,0.0,0.0,0.0
5,mahalanobis_diag,center_quantile_0.9,nearest_sphere,max_ratio,0.0,0.9,0.534,0.614,0.598,0.016
5,mahalanobis_diag,center_quantile_0.9,nearest_sphere,max_ratio,0.25,0.9,0.534,0.614,0.598,0.016
5,mahalanobis_diag,center_quantile_0.9,nearest_sphere,max_ratio,0.5,0.9,0.534,0.614,0.598,0.016
5,mahalanobis_diag,center_quantile_0.9,nearest_sphere,max_ratio,1.0,0.9,0.496,0.516,0.512,0.004
5,mahalanobis_diag,center_quantile_0.9,nearest_sphere,max_ratio,2.0,0.9,0.0,0.0,0.0,0.0
5,mahalanobis_diag,center_quantile_0.9,normalized_union,none,0.0,0.9,0.63,0.69,0.678,0.012
5,mahalanobis_diag,center_quantile_0.9,normalized_union,none,0.25,0.9,0.63,0.69,0.678,0.012
5,mahalanobis_diag,center_quantile_0.9,normalized_union,none,0.5,0.9,0.63,0.69,0.678,0.012
5,mahalanobis_diag,center_quantile_0.9,normalized_union,none,1.0,0.9,0.63,0.69,0.678,0.012
5,mahalanobis_diag,center_quantile_0.9,normalized_union,none,2.0,0.9,0.63,0.69,0.678,0.012
5,mahalanobis_diag,center_quantile_0.9,normalized_union,ratio,0.0,0.9,0.63,0.69,0.678,0.012
5,mahalanobis_diag,center_quantile_0.9,normalized_union,ratio,0.25,0.9,0.078,0.078,0.078,0.0
5,mahalanobis_diag,center_quantile_0.9,normalized_union,ratio,0.5,0.9,0.002,0.002,0.002,0.0
5,mahalanobis_diag,center_quantile_0.9,normalized_union,ratio,1.0,0.9,0.0,0.0,0.0,0.0
5,mahalanobis_diag,center_quantile_0.9,normalized_union,ratio,2.0,0.9,0.0,0.0,0.0,0.0
5,mahalanobis_diag,center_quantile_0.9,normalized_union,inverse_margin,0.0,0.9,0.63,0.69,0.678,0.012
5,mahalanobis_diag,center_quantile_0.9,normalized_union,inverse_margin,0.25,0.9,0.0,0.0,0.0,0.0
5,mahalanobis_diag,center_quantile_0.9,normalized_union,inverse_margin,0.5,0.9,0.0,0.0,0.0,0.0
5,mahalanobis_diag,center_quantile_0.9,normalized_union,inverse_margin,1.0,0.9,0.0,0.0,0.0,0.0
5,mahalanobis_diag,center_quantile_0.9,normalized_union,inverse_margin,2.0,0.9,0.0,0.0,0.0,0.0
5,mahalanobis_diag,center_quantile_0.9,normalized_union,max_ratio,0.0,0.9,0.63,0.69,0.678,0.012
5,mahalanobis_diag,center_quantile_0.9,normalized_union,max_ratio,0.25,0.9,0.63,0.69,0.678,0.012
5,mahalanobis_diag,center_quantile_0.9,normalized_union,max_ratio,0.5,0.9,0.63,0.69,0.678,0.012
5,mahalanobis_diag,center_quantile_0.9,normalized_union,max_ratio,1.0,0.9,0.54,0.55,0.548,0.002
5,mahalanobis_diag,center_quantile_0.9,normalized_union,max_ratio,2.0,0.9,0.0,0.0,0.0,0.0
5,mahalanobis_diag,intent_quantile_0.9,nearest_sphere,none,0.0,0.9,0.54,0.61,0.596,0.014
5,mahalanobis_diag,intent_quantile_0.9,nearest_sphere,none,0.25,0.9,0.54,0.61,0.596,0.014
5,mahalanobis_diag,intent_quantile_0.9,nearest_sphere,none,0.5,0.9,0.54,0.61,0.596,0.014
5,mahalanobis_diag,intent_quantile_0.9,nearest_sphere,none,1.0,0.9,0.54,0.61,0.596,0.014
5,mahalanobis_diag,intent_quantile_0.9,nearest_sphere,none,2.0,0.9,0.54,0.61,0.596,0.014
5,mahalanobis_diag,intent_quantile_0.9,nearest_sphere,ratio,0.0,0.9,0.54,0.61,0.596,0.014
5,mahalanobis_diag,intent_quantile_0.9,nearest_sphere,ratio,0.25,0.9,0.076,0.076,0.076,0.0
5,mahalanobis_diag,intent_quantile_0.9,nearest_sphere,ratio,0.5,0.9,0.006,0.006,0.006,0.0
5,mahalanobis_diag,intent_quantile_0.9,nearest_sphere,ratio,1.0,0.9,0.0,0.0,0.0,0.0
5,mahalanobis_diag,intent_quantile_0.9,nearest_sphere,ratio,2.0,0.9,0.0,0.0,0.0,0.0
5,mahalanobis_diag,intent_quantile_0.9,nearest_sphere,inverse_margin,0.0,0.9,0.54,0.61,0.596,0.014
5,mahalanobis_diag,intent_quantile_0.9,nearest_sphere,inverse_margin,0.25,0.9,0.002,0.002,0.002,0.0
5,mahalanobis_diag,intent_quantile_0.9,nearest_sphere,inverse_margin,0.5,0.9,0.0,0.0,0.0,0.0
5,mahalanobis_diag,intent_quantile_0.9,nearest_sphere,inverse_margin,1.0,0.9,0.0,0.0,0.0,0.0
5,mahalanobis_diag,intent_quantile_0.9,nearest_sphere,inverse_margin,2.0,0.9,0.0,0.0,0.0,0.0
5,mahalanobis_diag,intent_quantile_0.9,nearest_sphere,max_ratio,0.0,0.9,0.54,0.61,0.596,0.014
5,mahalanobis_diag,intent_quantile_0.9,nearest_sphere,max_ratio,0.25,0.9,0.54,0.61,0.596,0.014
5,mahalanobis_diag,intent_quantile_0.9,nearest_sphere,max_ratio,0.5,0.9,0.54,0.61,0.596,0.014
5,mahalanobis_diag,intent_quantile_0.9,nearest_sphere,max_ratio,1.0,0.9,0.506,0.526,0.522,0.004
5,mahalanobis_diag,intent_quantile_0.9,nearest_sphere,max_ratio,2.0,0.9,0.0,0.0,0.0,0.0
5,mahalanobis_diag,intent_quantile_0.9,normalized_union,none,0.0,0.9,0.544,0.614,0.6,0.014
5,mahalanobis_diag,intent_quantile_0.9,normalized_union,none,0.25,0.9,0.544,0.614,0.6,0.014
5,mahalanobis_diag,intent_quantile_0.9,normalized_union,none,0.5,0.9,0.544,0.614,0.6,0.014
5,mahalanobis_diag,intent_quantile_0.9,normalized_union,none,1.0,0.9,0.544,0.614,0.6,0.014
5,mahalanobis_diag,intent_quantile_0.9,normalized_union,none,2.0,0.9,0.544,0.614,0.6,0.014
5,mahalanobis_diag,intent_quantile_0.9,normalized_union,ratio,0.0,0.9,0.544,0.614,0.6,0.014
5,mahalanobis_diag,intent_quantile_0.9,normalized_union,ratio,0.25,0.9,0.076,0.076,0.076,0.0
5,mahalanobis_diag,intent_quantile_0.9,normalized_union,ratio,0.5,0.9,0.006,0.006,0.006,0.0
5,mahalanobis_diag,intent_quantile_0.9,normalized_union,ratio,1.0,0.9,0.0,0.0,0.0,0.0
5,mahalanobis_diag,intent_quantile_0.9,normalized_union,ratio,2.0,0.9,0.0,0.0,0.0,0.0
5,mahalanobis_diag,intent_quantile_0.9,normalized_union,inverse_margin,0.0,0.9,0.544,0.614,0.6,0.014
5,mahalanobis_diag,intent_quantile_0.9,normalized_union,inverse_margin,0.25,0.9,0.002,0.002,0.002,0.0
5,mahalanobis_diag,intent_quantile_0.9,normalized_union,inverse_margin,0.5,0.9,0.0,0.0,0.0,0.0
5,mahalanobis_diag,intent_quantile_0.9,normalized_union,inverse_margin,1.0,0.9,0.0,0.0,0.0,0.0
5,mahalanobis_diag,intent_quantile_0.9,normalized_union,inverse_margin,2.0,0.9,0.0,0.0,0.0,0.0
5,mahalanobis_diag,intent_quantile_0.9,normalized_union,max_ratio,0.0,0.9,0.544,0.614,0.6,0.014
5,mahalanobis_diag,intent_quantile_0.9,normalized_union,max_ratio,0.25,0.9,0.544,0.614,0.6,0.014
5,mahalanobis_diag,intent_quantile_0.9,normalized_union,max_ratio,0.5,0.9,0.544,0.614,0.6,0.014
5,mahalanobis_diag,intent_quantile_0.9,normalized_union,max_ratio,1.0,0.9,0.506,0.526,0.522,0.004
5,mahalanobis_diag,intent_quantile_0.9,normalized_union,max_ratio,2.0,0.9,0.0,0.0,0.0,0.0
5,mahalanobis_diag,center_quantile_0.95,nearest_sphere,none,0.0,0.9,0.598,0.748,0.718,0.03
5,mahalanobis_diag,center_quantile_0.95,nearest_sphere,none,0.25,0.9,0.598,0.748,0.718,0.03
5,mahalanobis_diag,center_quantile_0.95,nearest_sphere,none,0.5,0.9,0.598,0.748,0.718,0.03
5,mahalanobis_diag,center_quantile_0.95,nearest_sphere,none,1.0,0.9,0.598,0.748,0.718,0.03
5,mahalanobis_diag,center_quantile_0.95,nearest_sphere,none,2.0,0.9,0.598,0.748,0.718,0.03
5,mahalanobis_diag,center_quantile_0.95,nearest_sphere,ratio,0.0,0.9,0.598,0.748,0.718,0.03
5,mahalanobis_diag,center_quantile_0.95,nearest_sphere,ratio,0.25,0.9,0.14,0.14,0.14,0.0
5,mahalanobis_diag,center_quantile_0.95,nearest_sphere,ratio,0.5,0.9,0.002,0.002,0.002,0.0
5,mahalanobis_diag,center_quantile_0.95,nearest_sphere,ratio,1.0,0.9,0.0,0.0,0.0,0.0
5,mahalanobis_diag,center_quantile_0.95,nearest_sphere,ratio,2.0,0.9,0.0,0.0,0.0,0.0
5,mahalanobis_diag,center_quantile_0.95,nearest_sphere,inverse_margin,0.0,0.9,0.598,0.748,0.718,0.03
5,mahalanobis_diag,center_quantile_0.95,nearest_sphere,inverse_margin,0.25,0.9,0.0,0.0,0.0,0.0
5,mahalanobis_diag,center_quantile_0.95,nearest_sphere,inverse_margin,0.5,0.9,0.0,0.0,0.0,0.0
5,mahalanobis_diag,center_quantile_0.95,nearest_sphere,inverse_margin,1.0,0.9,0.0,0.0,0.0,0.0
5,mahalanobis_diag,center_quantile_0.95,nearest_sphere,inverse_margin,2.0,0.9,0.0,0.0,0.0,0.0
5,mahalanobis_diag,center_quantile_0.95,nearest_sphere,max_ratio,0.0,0.9,0.598,0.748,0.718,0.03
5,mahalanobis_diag,center_quantile_0.95,nearest_sphere,max_ratio,0.25,0.9,0.598,0.748,0.718,0.03
5,mahalanobis_diag,center_quantile_0.95,nearest_sphere,max_ratio,0.5,0.9,0.598,0.748,0.718,0.03
5,mahalanobis_diag,center_quantile_0.95,nearest_sphere,max_ratio,1.0,0.9,0.59,0.61,0.606,0.004
5,mahalanobis_diag,center_quantile_0.95,nearest_sphere,max_ratio,2.0,0.9,0.0,0.0,0.0,0.0
5,mahalanobis_diag,center_quantile_0.95,normalized_union,none,0.0,0.9,0.748,0.828,0.812,0.016
5,mahalanobis_diag,center_quantile_0.95,normalized_union,none,0.25,0.9,0.748,0.828,0.812,0.016
5,mahalanobis_diag,center_quantile_0.95,normalized_union,none,0.5,0.9,0.748,0.828,0.812,0.016
5,mahalanobis_diag,center_quantile_0.95,normalized_union,none,1.0,0.9,0.748,0.828,0.812,0.016
5,mahalanobis_diag,center_quantile_0.95,normalized_union,none,2.0,0.9,0.748,0.828,0.812,0.016
5,mahalanobis_diag,center_quantile_0.95,normalized_union,ratio,0.0,0.9,0.748,0.828,0.812,0.016
5,mahalanobis_diag,center_quantile_0.95,normalized_union,ratio,0.25,0.9,0.164,0.164,0.164,0.0
5,mahalanobis_diag,center_quantile_0.95,normalized_union,ratio,0.5,0.9,0.002,0.002,0.002,0.0
5,mahalanobis_diag,center_quantile_0.95,normalized_union,ratio,1.0,0.9,0.0,0.0,0.0,0.0
5,mahalanobis_diag,center_quantile_0.95,normalized_union,ratio,2.0,0.9,0.0,0.0,0.0,0.0
5,mahalanobis_diag,center_quantile_0.95,normalized_union,inverse_margin,0.0,0.9,0.748,0.828,0.812,0.016
5,mahalanobis_diag,center_quantile_0.95,normalized_union,inverse_margin,0.25,0.9,0.0,0.0,0.0,0.0
5,mahalanobis_diag,center_quantile_0.95,normalized_union,inverse_margin,0.5,0.9,0.0,0.0,0.0,0.0
5,mahalanobis_diag,center_quantile_0.95,normalized_union,inverse_margin,1.0,0.9,0.0,0.0,0.0,0.0
5,mahalanobis_diag,center_quantile_0.95,normalized_union,inverse_margin,2.0,0.9,0.0,0.0,0.0,0.0
5,mahalanobis_diag,center_quantile_0.95,normalized_union,max_ratio,0.0,0.9,0.748,0.828,0.812,0.016
5,mahalanobis_diag,center_quantile_0.95,normalized_union,max_ratio,0.25,0.9,0.748,0.828,0.812,0.016
5,mahalanobis_diag,center_quantile_0.95,normalized_union,max_ratio,0.5,0.9,0.748,0.828,0.812,0.016
5,mahalanobis_diag,center_quantile_0.95,normalized_union,max_ratio,1.0,0.9,0.644,0.654,0.652,0.002
5,mahalanobis_diag,center_quantile_0.95,normalized_union,max_ratio,2.0,0.9,0.0,0.0,0.0,0.0
5,mahalanobis_diag,intent_quantile_0.95,nearest_sphere,none,0.0,0.9,0.594,0.744,0.714,0.03
5,mahalanobis_diag,intent_quantile_0.95,nearest_sphere,none,0.25,0.9,0.594,0.744,0.714,0.03
5,mahalanobis_diag,intent_quantile_0.95,nearest_sphere,none,0.5,0.9,0.594,0.744,0.714,0.03
5,mahalanobis_diag,intent_quantile_0.95,nearest_sphere,none,1.0,0.9,0.594,0.744,0.714,0.03
5,mahalanobis_diag,intent_quantile_0.95,nearest_sphere,none,2.0,0.9,0.594,0.744,0.714,0.03
5,mahalanobis_diag,intent_quantile_0.95,nearest_sphere,ratio,0.0,0.9,0.594,0.744,0.714,0.03
5,mahalanobis_diag,intent_quantile_0.95,nearest_sphere,ratio,0.25,0.9,0.15,0.15,0.15,0.0
5,mahalanobis_diag,intent_quantile_0.95,nearest_sphere,ratio,0.5,0.9,0.008,0.008,0.008,0.0
5,mahalanobis_diag,intent_quantile_0.95,nearest_sphere,ratio,1.0,0.9,0.0,0.0,0.0,0.0
5,mahalanobis_diag,intent_quantile_0.95,nearest_sphere,ratio,2.0,0.9,0.0,0.0,0.0,0.0
5,mahalanobis_diag,intent_quantile_0.95,nearest_sphere,inverse_margin,0.0,0.9,0.594,0.744,0.714,0.03
5,mahalanobis_diag,intent_quantile_0.95,nearest_sphere,inverse_margin,0.25,0.9,0.004,0.004,0.004,0.0
5,mahalanobis_diag,intent_quantile_0.95,nearest_sphere,inverse_margin,0.5,0.9,0.0,0.0,0.0,0.0
5,mahalanobis_diag,intent_quantile_0.95,nearest_sphere,inverse_margin,1.0,0.9,0.0,0.0,0.0,0.0
5,mahalanobis_diag,intent_quantile_0.95,nearest_sphere,inverse_margin,2.0,0.9,0.0,0.0,0.0,0.0
5,mahalanobis_diag,intent_quantile_0.95,nearest_sphere,max_ratio,0.0,0.9,0.594,0.744,0.714,0.03
5,mahalanobis_diag,intent_quantile_0.95,nearest_sphere,max_ratio,0.25,0.9,0.594,0.744,0.714,0.03
5,mahalanobis_diag,intent_quantile_0.95,nearest_sphere,max_ratio,0.5,0.9,0.594,0.744,0.714,0.03
5,mahalanobis_diag,intent_quantile_0.95,nearest_sphere,max_ratio,1.0,0.9,0.584,0.604,0.6,0.004
5,mahalanobis_diag,intent_quantile_0.95,nearest_sphere,max_ratio,2.0,0.9,0.0,0.0,0.0,0.0
5,mahalanobis_diag,intent_quantile_0.95,normalized_union,none,0.0,0.9,0.636,0.746,0.724,0.022
5,mahalanobis_diag,intent_quantile_0.95,normalized_union,none,0.25,0.9,0.636,0.746,0.724,0.022
5,mahalanobis_diag,intent_quantile_0.95,normalized_union,none,0.5,0.9,0.636,0.746,0.724,0.022
5,mahalanobis_diag,intent_quantile_0.95,normalized_union,none,1.0,0.9,0.636,0.746,0.724,0.022
5,mahalanobis_diag,intent_quantile_0.95,normalized_union,none,2.0,0.9,0.636,0.746,0.724,0.022
5,mahalanobis_diag,intent_quantile_0.95,normalized_union,ratio,0.0,0.9,0.636,0.746,0.724,0.022
5,mahalanobis_diag,intent_quantile_0.95,normalized_union,ratio,0.25,0.9,0.15,0.15,0.15,0.0
5,mahalanobis_diag,intent_quantile_0.95,normalized_union,ratio,0.5,0.9,0.008,0.008,0.008,0.0
5,mahalanobis_diag,intent_quantile_0.95,normalized_union,ratio,1.0,0.9,0.0,0.0,0.0,0.0
5,mahalanobis_diag,intent_quantile_0.95,normalized_union,ratio,2.0,0.9,0.0,0.0,0.0,0.0
5,mahalanobis_diag,intent_quantile_0.95,normalized_union,inverse_margin,0.0,0.9,0.636,0.746,0.724,0.022
5,mahalanobis_diag,intent_quantile_0.95,normalized_union,inverse_margin,0.25,0.9,0.004,0.004,0.004,0.0
5,mahalanobis_diag,intent_quantile_0.95,normalized_union,inverse_margin,0.5,0.9,0.0,0.0,0.0,0.0
5,mahalanobis_diag,intent_quantile_0.95,normalized_union,inverse_margin,1.0,0.9,0.0,0.0,0.0,0.0
5,mahalanobis_diag,intent_quantile_0.95,normalized_union,inverse_margin,2.0,0.9,0.0,0.0,0.0,0.0
5,mahalanobis_diag,intent_quantile_0.95,normalized_union,max_ratio,0.0,0.9,0.636,0.746,0.724,0.022
5,mahalanobis_diag,intent_quantile_0.95,normalized_union,max_ratio,0.25,0.9,0.636,0.746,0.724,0.022
5,mahalanobis_diag,intent_quantile_0.95,normalized_union,max_ratio,0.5,0.9,0.636,0.746,0.724,0.022
5,mahalanobis_diag,intent_quantile_0.95,normalized_union,max_ratio,1.0,0.9,0.584,0.604,0.6,0.004
5,mahalanobis_diag,intent_quantile_0.95,normalized_union,max_ratio,2.0,0.9,0.0,0.0,0.0,0.0
5,mahalanobis_diag,center_quantile_0.99,nearest_sphere,none,0.0,0.9,0.626,0.916,0.858,0.058
5,mahalanobis_diag,center_quantile_0.99,nearest_sphere,none,0.25,0.9,0.626,0.916,0.858,0.058
5,mahalanobis_diag,center_quantile_0.99,nearest_sphere,none,0.5,0.9,0.626,0.916,0.858,0.058
5,mahalanobis_diag,center_quantile_0.99,nearest_sphere,none,1.0,0.9,0.626,0.916,0.858,0.058
5,mahalanobis_diag,center_quantile_0.99,nearest_sphere,none,2.0,0.9,0.626,0.916,0.858,0.058
5,mahalanobis_diag,center_quantile_0.99,nearest_sphere,ratio,0.0,0.9,0.626,0.916,0.858,0.058
5,mahalanobis_diag,center_quantile_0.99,nearest_sphere,ratio,0.25,0.9,0.374,0.424,0.414,0.01
5,mahalanobis_diag,center_quantile_0.99,nearest_sphere,ratio,0.5,0.9,0.018,0.018,0.018,0.0
5,mahalanobis_diag,center_quantile_0.99,nearest_sphere,ratio,1.0,0.9,0.0,0.0,0.0,0.0
5,mahalanobis_diag,center_quantile_0.99,nearest_sphere,ratio,2.0,0.9,0.0,0.0,0.0,0.0
5,mahalanobis_diag,center_quantile_0.99,nearest_sphere,inverse_margin,0.0,0.9,0.626,0.916,0.858,0.058
5,mahalanobis_diag,center_quantile_0.99,nearest_sphere,inverse_margin,0.25,0.9,0.002,0.002,0.002,0.0
5,mahalanobis_diag,center_quantile_0.99,nearest_sphere,inverse_margin,0.5,0.9,0.0,0.0,0.0,0.0
5,mahalanobis_diag,center_quantile_0.99,nearest_sphere,inverse_margin,1.0,0.9,0.0,0.0,0.0,0.0
5,mahalanobis_diag,center_quantile_0.99,nearest_sphere,inverse_margin,2.0,0.9,0.0,0.0,0.0,0.0
5,mahalanobis_diag,center_quantile_0.99,nearest_sphere,max_ratio,0.0,0.9,0.626,0.916,0.858,0.058
5,mahalanobis_diag,center_quantile_0.99,nearest_sphere,max_ratio,0.25,0.9,0.626,0.916,0.858,0.058
5,mahalanobis_diag,center_quantile_0.99,nearest_sphere,max_ratio,0.5,0.9,0.626,0.916,0.858,0.058
5,mahalanobis_diag,center_quantile_0.99,nearest_sphere,max_ratio,1.0,0.9,0.672,0.702,0.696,0.006
5,mahalanobis_diag,center_quantile_0.99,nearest_sphere,max_ratio,2.0,0.9,0.0,0.0,0.0,0.0
5,mahalanobis_diag,center_quantile_0.99,normalized_union,none,0.0,0.9,0.842,0.962,0.938,0.024
5,mahalanobis_diag,center_quantile_0.99,normalized_union,none,0.25,0.9,0.842,0.962,0.938,0.024
5,mahalanobis_diag,center_quantile_0.99,normalized_union,none,0.5,0.9,0.842,0.962,0.938,0.024
5,mahalanobis_diag,center_quantile_0.99,normalized_union,none,1.0,0.9,0.842,0.962,0.938,0.024
5,mahalanobis_diag,center_quantile_0.99,normalized_union,none,2.0,0.9,0.842,0.962,0.938,0.024
5,mahalanobis_diag,center_quantile_0.99,normalized_union,ratio,0.0,0.9,0.842,0.962,0.938,0.024
5,mahalanobis_diag,center_quantile_0.99,normalized_union,ratio,0.25,0.9,0.468,0.498,0.492,0.006
5,mahalanobis_diag,center_quantile_0.99,normalized_union,ratio,0.5,0.9,0.026,0.026,0.026,0.0
5,mahalanobis_diag,center_quantile_0.99,normalized_union,ratio,1.0,0.9,0.0,0.0,0.0,0.0
5,mahalanobis_diag,center_quantile_0.99,normalized_union,ratio,2.0,0.9,0.0,0.0,0.0,0.0
5,mahalanobis_diag,center_quantile_0.99,normalized_union,inverse_margin,0.0,0.9,0.842,0.962,0.938,0.024
5,mahalanobis_diag,center_quantile_0.99,normalized_union,inverse_margin,0.25,0.9,0.006,0.006,0.006,0.0
5,mahalanobis_diag,center_quantile_0.99,normalized_union,inverse_margin,0.5,0.9,0.0,0.0,0.0,0.0
5,mahalanobis_diag,center_quantile_0.99,normalized_union,inverse_margin,1.0,0.9,0.0,0.0,0.0,0.0
5,mahalanobis_diag,center_quantile_0.99,normalized_union,inverse_margin,2.0,0.9,0.0,0.0,0.0,0.0
5,mahalanobis_diag,center_quantile_0.99,normalized_union,max_ratio,0.0,0.9,0.842,0.962,0.938,0.024
5,mahalanobis_diag,center_quantile_0.99,normalized_union,max_ratio,0.25,0.9,0.842,0.962,0.938,0.024
5,mahalanobis_diag,center_quantile_0.99,normalized_union,max_ratio,0.5,0.9,0.842,0.962,0.938,0.024
5,mahalanobis_diag,center_quantile_0.99,normalized_union,max_ratio,1.0,0.9,0.716,0.736,0.732,0.004
5,mahalanobis_diag,center_quantile_0.99,normalized_union,max_ratio,2.0,0.9,0.0,0.0,0.0,0.0
5,mahalanobis_diag,intent_quantile_0.99,nearest_sphere,none,0.0,0.9,0.656,0.946,0.888,0.058
5,mahalanobis_diag,intent_quantile_0.99,nearest_sphere,none,0.25,0.9,0.656,0.946,0.888,0.058
5,mahalanobis_diag,intent_quantile_0.99,nearest_sphere,none,0.5,0.9,0.656,0.946,0.888,0.058
5,mahalanobis_diag,intent_quantile_0.99,nearest_sphere,none,1.0,0.9,0.656,0.946,0.888,0.058
5,mahalanobis_diag,intent_quantile_0.99,nearest_sphere,none,2.0,0.9,0.656,0.946,0.888,0.058
5,mahalanobis_diag,intent_quantile_0.99,nearest_sphere,ratio,0.0,0.9,0.656,0.946,0.888,0.058
5,mahalanobis_diag,intent_quantile_0.99,nearest_sphere,ratio,0.25,0.9,0.39,0.44,0.43,0.01
5,mahalanobis_diag,intent_quantile_0.99,nearest_sphere,ratio,0.5,0.9,0.032,0.032,0.032,0.0
5,mahalanobis_diag,intent_quantile_0.99,nearest_sphere,ratio,1.0,0.9,0.0,0.0,0.0,0.0
5,mahalanobis_diag,intent_quantile_0.99,nearest_sphere,ratio,2.0,0.9,0.0,0.0,0.0,0.0
5,mahalanobis_diag,intent_quantile_0.99,nearest_sphere,inverse_margin,0.0,0.9,0.656,0.946,0.888,0.058
5,mahalanobis_diag,intent_quantile_0.99,nearest_sphere,inverse_margin,0.25,0.9,0.008,0.008,0.008,0.0
5,mahalanobis_diag,intent_quantile_0.99,nearest_sphere,inverse_margin,0.5,0.9,0.0,0.0,0.0,0.0
5,mahalanobis_diag,intent_quantile_0.99,nearest_sphere,inverse_margin,1.0,0.9,0.0,0.0,0.0,0.0
5,mahalanobis_diag,intent_quantile_0.99,nearest_sphere,inverse_margin,2.0,0.9,0.0,0.0,0.0,0.0
5,mahalanobis_diag,intent_quantile_0.99,nearest_sphere,max_ratio,0.0,0.9,0.656,0.946,0.888,0.058
5,mahalanobis_diag,intent_quantile_0.99,nearest_sphere,max_ratio,0.25,0.9,0.656,0.946,0.888,0.058
5,mahalanobis_diag,intent_quantile_0.99,nearest_sphere,max_ratio,0.5,0.9,0.656,0.946,0.888,0.058
5,mahalanobis_diag,intent_quantile_0.99,nearest_sphere,max_ratio,1.0,0.9,0.704,0.734,0.728,0.006
5,mahalanobis_diag,intent_quantile_0.99,nearest_sphere,max_ratio,2.0,0.9,0.0,0.0,0.0,0.0
5,mahalanobis_diag,intent_quantile_0.99,normalized_union,none,0.0,0.9,0.678,0.948,0.894,0.054
5,mahalanobis_diag,intent_quantile_0.99,normalized_union,none,0.25,0.9,0.678,0.948,0.894,0.054
5,mahalanobis_diag,intent_quantile_0.99,normalized_union,none,0.5,0.9,0.678,0.948,0.894,0.054
5,mahalanobis_diag,intent_quantile_0.99,normalized_union,none,1.0,0.9,0.678,0.948,0.894,0.054
5,mahalanobis_diag,intent_quantile_0.99,normalized_union,none,2.0,0.9,0.678,0.948,0.894,0.054
5,mahalanobis_diag,intent_quantile_0.99,normalized_union,ratio,0.0,0.9,0.678,0.948,0.894,0.054
5,mahalanobis_diag,intent_quantile_0.99,normalized_union,ratio,0.25,0.9,0.38,0.44,0.428,0.012
5,mahalanobis_diag,intent_quantile_0.99,normalized_union,ratio,0.5,0.9,0.032,0.032,0.032,0.0
5,mahalanobis_diag,intent_quantile_0.99,normalized_union,ratio,1.0,0.9,0.0,0.0,0.0,0.0
5,mahalanobis_diag,intent_quantile_0.99,normalized_union,ratio,2.0,0.9,0.0,0.0,0.0,0.0
5,mahalanobis_diag,intent_quantile_0.99,normalized_union,inverse_margin,0.0,0.9,0.678,0.948,0.894,0.054
5,mahalanobis_diag,intent_quantile_0.99,normalized_union,inverse_margin,0.25,0.9,0.008,0.008,0.008,0.0
5,mahalanobis_diag,intent_quantile_0.99,normalized_union,inverse_margin,0.5,0.9,0.0,0.0,0.0,0.0
5,mahalanobis_diag,intent_quantile_0.99,normalized_union,inverse_margin,1.0,0.9,0.0,0.0,0.0,0.0
5,mahalanobis_diag,intent_quantile_0.99,normalized_union,inverse_margin,2.0,0.9,0.0,0.0,0.0,0.0
5,mahalanobis_diag,intent_quantile_0.99,normalized_union,max_ratio,0.0,0.9,0.678,0.948,0.894,0.054
5,mahalanobis_diag,intent_quantile_0.99,normalized_union,max_ratio,0.25,0.9,0.678,0.948,0.894,0.054
5,mahalanobis_diag,intent_quantile_0.99,normalized_union,max_ratio,0.5,0.9,0.678,0.948,0.894,0.054
5,mahalanobis_diag,intent_quantile_0.99,normalized_union,max_ratio,1.0,0.9,0.704,0.734,0.728,0.006
5,mahalanobis_diag,intent_quantile_0.99,normalized_union,max_ratio,2.0,0.9,0.0,0.0,0.0,0.0
