k,distance,boundary,rule,fusion,fusion_weight,threshold,utility,known_coverage,known_correct_accept_rate,known_wrong_accept_rate
1,euclidean,mean_std_0.0,nearest_sphere,none,0.0,1.1401539683561044,0.822,0.852,0.846,0.006
1,euclidean,mean_std_0.0,nearest_sphere,none,0.25,1.1401539683561044,0.822,0.852,0.846,0.006
1,euclidean,mean_std_0.0,nearest_sphere,none,0.5,1.1401539683561044,0.822,0.852,0.846,0.006
1,euclidean,mean_std_0.0,nearest_sphere,none,1.0,1.1401539683561044,0.822,0.852,0.846,0.006
1,euclidean,mean_std_0.0,nearest_sphere,none,2.0,1.1401539683561044,0.822,0.852,0.846,0.006
1,euclidean,mean_std_0.0,nearest_sphere,ratio,0.0,1.1401539683561044,0.822,0.852,0.846,0.006
1,euclidean,mean_std_0.0,nearest_sphere,ratio,0.25,1.3623787695783007,0.832,0.852,0.848,0.004
1,euclidean,mean_std_0.0,nearest_sphere,ratio,0.5,1.5768484292973888,0.842,0.852,0.85,0.002
1,euclidean,mean_std_0.0,nearest_sphere,ratio,1.0,1.9972742387903262,0.842,0.852,0.85,0.002
1,euclidean,mean_std_0.0,nearest_sphere,ratio,2.0,2.862123351311004,0.842,0.852,0.85,0.002
1,euclidean,mean_std_0.0,nearest_sphere,inverse_margin,0.0,1.1401539683561044,0.822,0.852,0.846,0.006
1,euclidean,mean_std_0.0,nearest_sphere,inverse_margin,0.25,2.8812989505011233,0.842,0.852,0.85,0.002
1,euclidean,mean_std_0.0,nearest_sphere,inverse_margin,0.5,4.528659198537594,0.842,0.852,0.85,0.002
1,euclidean,mean_std_0.0,nearest_sphere,inverse_margin,1.0,8.114582495928648,0.842,0.852,0.85,0.002
1,euclidean,mean_std_0.0,nearest_sphere,inverse_margin,2.0,14.751669907836904,0.842,0.852,0.85,0.002
1,euclidean,mean_std_0.0,nearest_sphere,max_ratio,0.0,1.1401539683561044,0.822,0.852,0.846,0.006
1,euclidean,mean_std_0.0,nearest_sphere,max_ratio,0.25,1.1401539683561044,0.822,0.852,0.846,0.006
1,euclidean,mean_std_0.0,nearest_sphere,max_ratio,0.5,1.1401539683561044,0.822,0.852,0.846,0.006
1,euclidean,mean_std_0.0,nearest_sphere,max_ratio,1.0,1.1401539683561044,0.822,0.852,0.846,0.006
1,euclidean,mean_std_0.0,nearest_sphere,max_ratio,2.0,1.7379261426169763,0.842,0.852,0.85,0.002
1,euclidean,mean_std_0.0,normalized_union,none,0.0,1.137334215551751,0.802,0.852,0.842,0.01
1,euclidean,mean_std_0.0,normalized_union,none,0.25,1.137334215551751,0.802,0.852,0.842,0.01
1,euclidean,mean_std_0.0,normalized_union,none,0.5,1.137334215551751,0.802,0.852,0.842,0.01
1,euclidean,mean_std_0.0,normalized_union,none,1.0,1.137334215551751,0.802,0.852,0.842,0.01
1,euclidean,mean_std_0.0,normalized_union,none,2.0,1.137334215551751,0.802,0.852,0.842,0.01
1,euclidean,mean_std_0.0,normalized_union,ratio,0.0,1.137334215551751,0.802,0.852,0.842,0.01
1,euclidean,mean_std_0.0,normalized_union,ratio,0.25,1.3623787695783007,0.832,0.852,0.848,0.004
1,euclidean,mean_std_0.0,normalized_union,ratio,0.5,1.5768484292973888,0.842,0.852,0.85,0.002
1,euclidean,mean_std_0.0,normalized_union,ratio,1.0,1.9972742387903262,0.842,0.852,0.85,0.002
1,euclidean,mean_std_0.0,normalized_union,ratio,2.0,2.862123351311004,0.842,0.852,0.85,0.002
1,euclidean,mean_std_0.0,normalized_union,inverse_margin,0.0,1.137334215551751,0.802,0.852,0.842,0.01
1,euclidean,mean_std_0.0,normalized_union,inverse_margin,0.25,2.809976408851932,0.832,0.852,0.848,0.004
1,euclidean,mean_std_0.0,normalized_union,inverse_margin,0.5,4.528659198537594,0.832,0.852,0.848,0.004
1,euclidean,mean_std_0.0,normalized_union,inverse_margin,1.0,7.984414445206946,0.822,0.852,0.846,0.006
1,euclidean,mean_std_0.0,normalized_union,inverse_margin,2.0,14.615850941663663,0.822,0.852,0.846,0.006
1,euclidean,mean_std_0.0,normalized_union,max_ratio,0.0,1.137334215551751,0.802,0.852,0.842,0.01
1,euclidean,mean_std_0.0,normalized_union,max_ratio,0.25,1.137334215551751,0.802,0.852,0.842,0.01
1,euclidean,mean_std_0.0,normalized_union,max_ratio,0.5,1.137334215551751,0.802,0.852,0.842,0.01
1,euclidean,mean_std_0.0,normalized_union,max_ratio,1.0,1.137334215551751,0.802,0.852,0.842,0.01
1,euclidean,mean_std_0.0,normalized_union,max_ratio,2.0,1.7379261426169763,0.822,0.852,0.846,0.006
1,euclidean,mean_std_0.25,nearest_sphere,none,0.0,1.1053400374680409,0.822,0.852,0.846,0.006
1,euclidean,mean_std_0.25,nearest_sphere,none,0.25,1.1053400374680409,0.822,0.852,0.846,0.006
1,euclidean,mean_std_0.25,nearest_sphere,none,0.5,1.1053400374680409,0.822,0.852,0.846,0.006
1,euclidean,mean_std_0.25,nearest_sphere,none,1.0,1.1053400374680409,0.822,0.852,0.846,0.006
1,euclidean,mean_std_0.25,nearest_sphere,none,2.0,1.1053400374680409,0.822,0.852,0.846,0.006
1,euclidean,mean_std_0.25,nearest_sphere,ratio,0.0,1.1053400374680409,0.822,0.852,0.846,0.006
1,euclidean,mean_std_0.25,nearest_sphere,ratio,0.25,1.3257221927073166,0.832,0.852,0.848,0.004
1,euclidean,mean_std_0.25,nearest_sphere,ratio,0.5,1.5317688975684276,0.842,0.852,0.85,0.002
1,euclidean,mean_std_0.25,nearest_sphere,ratio,1.0,1.957556740647108,0.842,0.852,0.85,0.002
1,euclidean,mean_std_0.25,nearest_sphere,ratio,2.0,2.8175197661123272,0.842,0.852,0.85,0.002
1,euclidean,mean_std_0.25,nearest_sphere,inverse_margin,0.0,1.1053400374680409,0.822,0.852,0.846,0.006
1,euclidean,mean_std_0.25,nearest_sphere,inverse_margin,0.25,2.8164208317450967,0.842,0.852,0.85,0.002
1,euclidean,mean_std_0.25,nearest_sphere,inverse_margin,0.5,4.501885779179063,0.842,0.852,0.85,0.002
1,euclidean,mean_std_0.25,nearest_sphere,inverse_margin,1.0,8.020021406589303,0.842,0.852,0.85,0.002
1,euclidean,mean_std_0.25,nearest_sphere,inverse_margin,2.0,14.651457903046019,0.842,0.852,0.85,0.002
1,euclidean,mean_std_0.25,nearest_sphere,max_ratio,0.0,1.1053400374680409,0.822,0.852,0.846,0.006
1,euclidean,mean_std_0.25,nearest_sphere,max_ratio,0.25,1.1053400374680409,0.822,0.852,0.846,0.006
1,euclidean,mean_std_0.25,nearest_sphere,max_ratio,0.5,1.1053400374680409,0.822,0.852,0.846,0.006
1,euclidean,mean_std_0.25,nearest_sphere,max_ratio,1.0,1.1053400374680409,0.822,0.852,0.846,0.006
1,euclidean,mean_std_0.25,nearest_sphere,max_ratio,2.0,1.7379261426169763,0.842,0.852,0.85,0.002
1,euclidean,mean_std_0.25,normalized_union,none,0.0,1.0993896972599428,0.802,0.852,0.842,0.01
1,euclidean,mean_std_0.25,normalized_union,none,0.25,1.0993896972599428,0.802,0.852,0.842,0.01
1,euclidean,mean_std_0.25,normalized_union,none,0.5,1.0993896972599428,0.802,0.852,0.842,0.01
1,euclidean,mean_std_0.25,normalized_union,none,1.0,1.0993896972599428,0.802,0.852,0.842,0.01
1,euclidean,mean_std_0.25,normalized_union,none,2.0,1.0993896972599428,0.802,0.852,0.842,0.01
1,euclidean,mean_std_0.25,normalized_union,ratio,0.0,1.0993896972599428,0.802,0.852,0.842,0.01
1,euclidean,mean_std_0.25,normalized_union,ratio,0.25,1.3257221927073166,0.832,0.852,0.848,0.004
1,euclidean,mean_std_0.25,normalized_union,ratio,0.5,1.5317688975684276,0.842,0.852,0.85,0.002
1,euclidean,mean_std_0.25,normalized_union,ratio,1.0,1.957556740647108,0.842,0.852,0.85,0.002
1,euclidean,mean_std_0.25,normalized_union,ratio,2.0,2.8175197661123272,0.842,0.852,0.85,0.002
1,euclidean,mean_std_0.25,normalized_union,inverse_margin,0.0,1.0993896972599428,0.802,0.852,0.842,0.01
1,euclidean,mean_std_0.25,normalized_union,inverse_margin,0.25,2.7553679353487475,0.832,0.852,0.848,0.004
1,euclidean,mean_std_0.25,normalized_union,inverse_margin,0.5,4.501885779179063,0.832,0.852,0.848,0.004
1,euclidean,mean_std_0.25,normalized_union,inverse_margin,1.0,7.9311237986034016,0.822,0.852,0.846,0.006
1,euclidean,mean_std_0.25,normalized_union,inverse_margin,2.0,14.562560295060118,0.822,0.852,0.846,0.006
1,euclidean,mean_std_0.25,normalized_union,max_ratio,0.0,1.0993896972599428,0.802,0.852,0.842,0.01
1,euclidean,mean_std_0.25,normalized_union,max_ratio,0.25,1.0993896972599428,0.802,0.852,0.842,0.01
1,euclidean,mean_std_0.25,normalized_union,max_ratio,0.5,1.0993896972599428,0.802,0.852,0.842,0.01
1,euclidean,mean_std_0.25,normalized_union,max_ratio,1.0,1.0993896972599428,0.802,0.852,0.842,0.01
1,euclidean,mean_std_0.25,normalized_union,max_ratio,2.0,1.7379261426169763,0.822,0.852,0.846,0.006
1,euclidean,mean_std_0.5,nearest_sphere,none,0.0,1.067510103074282,0.822,0.852,0.846,0.006
1,euclidean,mean_std_0.5,nearest_sphere,none,0.25,1.067510103074282,0.822,0.852,0.846,0.006
1,euclidean,mean_std_0.5,nearest_sphere,none,0.5,1.067510103074282,0.822,0.852,0.846,0.006
1,euclidean,mean_std_0.5,nearest_sphere,none,1.0,1.067510103074282,0.822,0.852,0.846,0.006
1,euclidean,mean_std_0.5,nearest_sphere,none,2.0,1.067510103074282,0.822,0.852,0.846,0.006
1,euclidean,mean_std_0.5,nearest_sphere,ratio,0.0,1.067510103074282,0.822,0.852,0.846,0.006
1,euclidean,mean_std_0.5,nearest_sphere,ratio,0.25,1.283057634832854,0.832,0.852,0.848,0.004
1,euclidean,mean_std_0.5,nearest_sphere,ratio,0.5,1.4971250648134085,0.842,0.852,0.85,0.002
1,euclidean,mean_std_0.5,nearest_sphere,ratio,1.0,1.91984105538755,0.842,0.852,0.85,0.002
1,euclidean,mean_std_0.5,nearest_sphere,ratio,2.0,2.7762966928641095,0.842,0.852,0.85,0.002
1,euclidean,mean_std_0.5,nearest_sphere,inverse_margin,0.0,1.067510103074282,0.822,0.852,0.846,0.006
1,euclidean,mean_std_0.5,nearest_sphere,inverse_margin,0.25,2.72857782581237,0.842,0.852,0.85,0.002
1,euclidean,mean_std_0.5,nearest_sphere,inverse_margin,0.5,4.476698935882371,0.842,0.852,0.85,0.002
1,euclidean,mean_std_0.5,nearest_sphere,inverse_margin,1.0,7.932449287930729,0.842,0.852,0.85,0.002
1,euclidean,mean_std_0.5,nearest_sphere,inverse_margin,2.0,14.563885784387447,0.842,0.852,0.85,0.002
1,euclidean,mean_std_0.5,nearest_sphere,max_ratio,0.0,1.067510103074282,0.822,0.852,0.846,0.006
1,euclidean,mean_std_0.5,nearest_sphere,max_ratio,0.25,1.067510103074282,0.822,0.852,0.846,0.006
1,euclidean,mean_std_0.5,nearest_sphere,max_ratio,0.5,1.067510103074282,0.822,0.852,0.846,0.006
1,euclidean,mean_std_0.5,nearest_sphere,max_ratio,1.0,1.067510103074282,0.822,0.852,0.846,0.006
1,euclidean,mean_std_0.5,nearest_sphere,max_ratio,2.0,1.7379261426169763,0.842,0.852,0.85,0.002
1,euclidean,mean_std_0.5,normalized_union,none,0.0,1.0656274463425526,0.802,0.852,0.842,0.01
1,euclidean,mean_std_0.5,normalized_union,none,0.25,1.0656274463425526,0.802,0.852,0.842,0.01
1,euclidean,mean_std_0.5,normalized_union,none,0.5,1.0656274463425526,0.802,0.852,0.842,0.01
1,euclidean,mean_std_0.5,normalized_union,none,1.0,1.0656274463425526,0.802,0.852,0.842,0.01
1,euclidean,mean_std_0.5,normalized_union,none,2.0,1.0656274463425526,0.802,0.852,0.842,0.01
1,euclidean,mean_std_0.5,normalized_union,ratio,0.0,1.0656274463425526,0.802,0.852,0.842,0.01
1,euclidean,mean_std_0.5,normalized_union,ratio,0.25,1.283057634832854,0.832,0.852,0.848,0.004
1,euclidean,mean_std_0.5,normalized_union,ratio,0.5,1.4971250648134085,0.842,0.852,0.85,0.002
1,euclidean,mean_std_0.5,normalized_union,ratio,1.0,1.91984105538755,0.842,0.852,0.85,0.002
1,euclidean,mean_std_0.5,normalized_union,ratio,2.0,2.7762966928641095,0.842,0.852,0.85,0.002
1,euclidean,mean_std_0.5,normalized_union,inverse_margin,0.0,1.0656274463425526,0.802,0.852,0.842,0.01
1,euclidean,mean_std_0.5,normalized_union,inverse_margin,0.25,2.7048982456776582,0.832,0.852,0.848,0.004
1,euclidean,mean_std_0.5,normalized_union,inverse_margin,0.5,4.476698935882371,0.832,0.852,0.848,0.004
1,euclidean,mean_std_0.5,normalized_union,inverse_margin,1.0,7.881872057547213,0.822,0.852,0.846,0.006
1,euclidean,mean_std_0.5,normalized_union,inverse_margin,2.0,14.51330855400393,0.822,0.852,0.846,0.006
1,euclidean,mean_std_0.5,normalized_union,max_ratio,0.0,1.0656274463425526,0.802,0.852,0.842,0.01
1,euclidean,mean_std_0.5,normalized_union,max_ratio,0.25,1.0656274463425526,0.802,0.852,0.842,0.01
1,euclidean,mean_std_0.5,normalized_union,max_ratio,0.5,1.0656274463425526,0.802,0.852,0.842,0.01
1,euclidean,mean_std_0.5,normalized_union,max_ratio,1.0,1.0656274463425526,0.802,0.852,0.842,0.01
1,euclidean,mean_std_0.5,normalized_union,max_ratio,2.0,1.7379261426169763,0.822,0.852,0.846,0.006
1,euclidean,mean_std_0.75,nearest_sphere,none,0.0,1.033266296227172,0.822,0.852,0.846,0.006
1,euclidean,mean_std_0.75,nearest_sphere,none,0.25,1.033266296227172,0.822,0.852,0.846,0.006
1,euclidean,mean_std_0.75,nearest_sphere,none,0.5,1.033266296227172,0.822,0.852,0.846,0.006
1,euclidean,mean_std_0.75,nearest_sphere,none,1.0,1.033266296227172,0.822,0.852,0.846,0.006
1,euclidean,mean_std_0.75,nearest_sphere,none,2.0,1.033266296227172,0.822,0.852,0.846,0.006
1,euclidean,mean_std_0.75,nearest_sphere,ratio,0.0,1.033266296227172,0.822,0.852,0.846,0.006
1,euclidean,mean_std_0.75,nearest_sphere,ratio,0.25,1.2481832087251596,0.832,0.852,0.848,0.004
1,euclidean,mean_std_0.75,nearest_sphere,ratio,0.5,1.4665371246149232,0.842,0.852,0.85,0.002
1,euclidean,mean_std_0.75,nearest_sphere,ratio,1.0,1.8818747473483115,0.842,0.852,0.85,0.002
1,euclidean,mean_std_0.75,nearest_sphere,ratio,2.0,2.7380838492321105,0.842,0.852,0.85,0.002
1,euclidean,mean_std_0.75,nearest_sphere,inverse_margin,0.0,1.033266296227172,0.822,0.852,0.846,0.006
1,euclidean,mean_std_0.75,nearest_sphere,inverse_margin,0.25,2.6635334850119325,0.842,0.852,0.85,0.002
1,euclidean,mean_std_0.75,nearest_sphere,inverse_margin,0.5,4.452961697795445,0.842,0.852,0.85,0.002
1,euclidean,mean_std_0.75,nearest_sphere,inverse_margin,1.0,7.855267494714201,0.842,0.852,0.85,0.002
1,euclidean,mean_std_0.75,nearest_sphere,inverse_margin,2.0,14.486703991170918,0.842,0.852,0.85,0.002
1,euclidean,mean_std_0.75,nearest_sphere,max_ratio,0.0,1.033266296227172,0.822,0.852,0.846,0.006
1,euclidean,mean_std_0.75,nearest_sphere,max_ratio,0.25,1.033266296227172,0.822,0.852,0.846,0.006
1,euclidean,mean_std_0.75,nearest_sphere,max_ratio,0.5,1.033266296227172,0.822,0.852,0.846,0.006
1,euclidean,mean_std_0.75,nearest_sphere,max_ratio,1.0,1.033266296227172,0.822,0.852,0.846,0.006
1,euclidean,mean_std_0.75,nearest_sphere,max_ratio,2.0,1.7379261426169763,0.842,0.852,0.85,0.002
1,euclidean,mean_std_0.75,normalized_union,none,0.0,1.032326609723874,0.802,0.852,0.842,0.01
1,euclidean,mean_std_0.75,normalized_union,none,0.25,1.032326609723874,0.802,0.852,0.842,0.01
1,euclidean,mean_std_0.75,normalized_union,none,0.5,1.032326609723874,0.802,0.852,0.842,0.01
1,euclidean,mean_std_0.75,normalized_union,none,1.0,1.032326609723874,0.802,0.852,0.842,0.01
1,euclidean,mean_std_0.75,normalized_union,none,2.0,1.032326609723874,0.802,0.852,0.842,0.01
1,euclidean,mean_std_0.75,normalized_union,ratio,0.0,1.032326609723874,0.802,0.852,0.842,0.01
1,euclidean,mean_std_0.75,normalized_union,ratio,0.25,1.2481832087251596,0.832,0.852,0.848,0.004
1,euclidean,mean_std_0.75,normalized_union,ratio,0.5,1.4665371246149232,0.842,0.852,0.85,0.002
1,euclidean,mean_std_0.75,normalized_union,ratio,1.0,1.8818747473483115,0.842,0.852,0.85,0.002
1,euclidean,mean_std_0.75,normalized_union,ratio,2.0,2.7380838492321105,0.842,0.852,0.85,0.002
1,euclidean,mean_std_0.75,normalized_union,inverse_margin,0.0,1.032326609723874,0.802,0.852,0.842,0.01
1,euclidean,mean_std_0.75,normalized_union,inverse_margin,0.25,2.6635334850119325,0.842,0.852,0.85,0.002
1,euclidean,mean_std_0.75,normalized_union,inverse_margin,0.5,4.452961697795445,0.842,0.852,0.85,0.002
1,euclidean,mean_std_0.75,normalized_union,inverse_margin,1.0,7.8362168229592575,0.832,0.852,0.848,0.004
1,euclidean,mean_std_0.75,normalized_union,inverse_margin,2.0,14.467653319415973,0.832,0.852,0.848,0.004
1,euclidean,mean_std_0.75,normalized_union,max_ratio,0.0,1.032326609723874,0.802,0.852,0.842,0.01
1,euclidean,mean_std_0.75,normalized_union,max_ratio,0.25,1.032326609723874,0.802,0.852,0.842,0.01
1,euclidean,mean_std_0.75,normalized_union,max_ratio,0.5,1.032326609723874,0.802,0.852,0.842,0.01
1,euclidean,mean_std_0.75,normalized_union,max_ratio,1.0,1.032326609723874,0.802,0.852,0.842,0.01
1,euclidean,mean_std_0.75,normalized_union,max_ratio,2.0,1.7379261426169763,0.832,0.852,0.848,0.004
1,euclidean,mean_std_1.0,nearest_sphere,none,0.0,1.0042097801662515,0.822,0.852,0.846,0.006
1,euclidean,mean_std_1.0,nearest_sphere,none,0.25,1.0042097801662515,0.822,0.852,0.846,0.006
1,euclidean,mean_std_1.0,nearest_sphere,none,0.5,1.0042097801662515,0.822,0.852,0.846,0.006
1,euclidean,mean_std_1.0,nearest_sphere,none,1.0,1.0042097801662515,0.822,0.852,0.846,0.006
1,euclidean,mean_std_1.0,nearest_sphere,none,2.0,1.0042097801662515,0.822,0.852,0.846,0.006
1,euclidean,mean_std_1.0,nearest_sphere,ratio,0.0,1.0042097801662515,0.822,0.852,0.846,0.006
1,euclidean,mean_std_1.0,nearest_sphere,ratio,0.25,1.2137023272480112,0.832,0.852,0.848,0.004
1,euclidean,mean_std_1.0,nearest_sphere,ratio,0.5,1.4290996811545145,0.842,0.852,0.85,0.002
1,euclidean,mean_std_1.0,nearest_sphere,ratio,1.0,1.8533470630192792,0.842,0.852,0.85,0.002
1,euclidean,mean_std_1.0,nearest_sphere,ratio,2.0,2.710807428726702,0.842,0.852,0.85,0.002
1,euclidean,mean_std_1.0,nearest_sphere,inverse_margin,0.0,1.0042097801662515,0.822,0.852,0.846,0.006
1,euclidean,mean_std_1.0,nearest_sphere,inverse_margin,0.25,2.626790401030595,0.842,0.852,0.85,0.002
1,euclidean,mean_std_1.0,nearest_sphere,inverse_margin,0.5,4.430552419504163,0.842,0.852,0.85,0.002
1,euclidean,mean_std_1.0,nearest_sphere,inverse_margin,1.0,7.7867303867551705,0.842,0.852,0.85,0.002
1,euclidean,mean_std_1.0,nearest_sphere,inverse_margin,2.0,14.418166883211887,0.842,0.852,0.85,0.002
1,euclidean,mean_std_1.0,nearest_sphere,max_ratio,0.0,1.0042097801662515,0.822,0.852,0.846,0.006
1,euclidean,mean_std_1.0,nearest_sphere,max_ratio,0.25,1.0042097801662515,0.822,0.852,0.846,0.006
1,euclidean,mean_std_1.0,nearest_sphere,max_ratio,0.5,1.0042097801662515,0.822,0.852,0.846,0.006
1,euclidean,mean_std_1.0,nearest_sphere,max_ratio,1.0,1.0042097801662515,0.822,0.852,0.846,0.006
1,euclidean,mean_std_1.0,nearest_sphere,max_ratio,2.0,1.7379261426169763,0.842,0.852,0.85,0.002
1,euclidean,mean_std_1.0,normalized_union,none,0.0,1.0026473264186915,0.812,0.852,0.844,0.008
1,euclidean,mean_std_1.0,normalized_union,none,0.25,1.0026473264186915,0.812,0.852,0.844,0.008
1,euclidean,mean_std_1.0,normalized_union,none,0.5,1.0026473264186915,0.812,0.852,0.844,0.008
1,euclidean,mean_std_1.0,normalized_union,none,1.0,1.0026473264186915,0.812,0.852,0.844,0.008
1,euclidean,mean_std_1.0,normalized_union,none,2.0,1.0026473264186915,0.812,0.852,0.844,0.008
1,euclidean,mean_std_1.0,normalized_union,ratio,0.0,1.0026473264186915,0.812,0.852,0.844,0.008
1,euclidean,mean_std_1.0,normalized_union,ratio,0.25,1.2137023272480112,0.832,0.852,0.848,0.004
1,euclidean,mean_std_1.0,normalized_union,ratio,0.5,1.4290996811545145,0.842,0.852,0.85,0.002
1,euclidean,mean_std_1.0,normalized_union,ratio,1.0,1.8533470630192792,0.842,0.852,0.85,0.002
1,euclidean,mean_std_1.0,normalized_union,ratio,2.0,2.710807428726702,0.842,0.852,0.85,0.002
1,euclidean,mean_std_1.0,normalized_union,inverse_margin,0.0,1.0026473264186915,0.812,0.852,0.844,0.008
1,euclidean,mean_std_1.0,normalized_union,inverse_margin,0.25,2.626790401030595,0.842,0.852,0.85,0.002
1,euclidean,mean_std_1.0,normalized_union,inverse_margin,0.5,4.430552419504163,0.842,0.852,0.85,0.002
1,euclidean,mean_std_1.0,normalized_union,inverse_margin,1.0,7.7867303867551705,0.842,0.852,0.85,0.002
1,euclidean,mean_std_1.0,normalized_union,inverse_margin,2.0,14.418166883211887,0.842,0.852,0.85,0.002
1,euclidean,mean_std_1.0,normalized_union,max_ratio,0.0,1.0026473264186915,0.812,0.852,0.844,0.008
1,euclidean,mean_std_1.0,normalized_union,max_ratio,0.25,1.0026473264186915,0.812,0.852,0.844,0.008
1,euclidean,mean_std_1.0,normalized_union,max_ratio,0.5,1.0026473264186915,0.812,0.852,0.844,0.008
1,euclidean,mean_std_1.0,normalized_union,max_ratio,1.0,1.0026473264186915,0.812,0.852,0.844,0.008
1,euclidean,mean_std_1.0,normalized_union,max_ratio,2.0,1.7379261426169763,0.842,0.852,0.85,0.002
1,euclidean,mean_std_1.5,nearest_sphere,none,0.0,0.9437566082702386,0.832,0.852,0.848,0.004
1,euclidean,mean_std_1.5,nearest_sphere,none,0.25,0.9437566082702386,0.832,0.852,0.848,0.004
1,euclidean,mean_std_1.5,nearest_sphere,none,0.5,0.9437566082702386,0.832,0.852,0.848,0.004
1,euclidean,mean_std_1.5,nearest_sphere,none,1.0,0.9437566082702386,0.832,0.852,0.848,0.004
1,euclidean,mean_std_1.5,nearest_sphere,none,2.0,0.9437566082702386,0.832,0.852,0.848,0.004
1,euclidean,mean_std_1.5,nearest_sphere,ratio,0.0,0.9437566082702386,0.832,0.852,0.848,0.004
1,euclidean,mean_std_1.5,nearest_sphere,ratio,0.25,1.1566977098753157,0.832,0.852,0.848,0.004
1,euclidean,mean_std_1.5,nearest_sphere,ratio,0.5,1.3732832315070733,0.842,0.852,0.85,0.002
1,euclidean,mean_std_1.5,nearest_sphere,ratio,1.0,1.8007824090973155,0.842,0.852,0.85,0.002
1,euclidean,mean_std_1.5,nearest_sphere,ratio,2.0,2.6610780337347353,0.842,0.852,0.85,0.002
1,euclidean,mean_std_1.5,nearest_sphere,inverse_margin,0.0,0.9437566082702386,0.832,0.852,0.848,0.004
1,euclidean,mean_std_1.5,nearest_sphere,inverse_margin,0.25,2.5633798792092026,0.842,0.852,0.85,0.002
1,euclidean,mean_std_1.5,nearest_sphere,inverse_margin,0.5,4.354647675728039,0.842,0.852,0.85,0.002
1,euclidean,mean_std_1.5,nearest_sphere,inverse_margin,1.0,7.670365923956397,0.842,0.852,0.85,0.002
1,euclidean,mean_std_1.5,nearest_sphere,inverse_margin,2.0,14.301802420413114,0.842,0.852,0.85,0.002
1,euclidean,mean_std_1.5,nearest_sphere,max_ratio,0.0,0.9437566082702386,0.832,0.852,0.848,0.004
1,euclidean,mean_std_1.5,nearest_sphere,max_ratio,0.25,0.9437566082702386,0.832,0.852,0.848,0.004
1,euclidean,mean_std_1.5,nearest_sphere,max_ratio,0.5,0.9437566082702386,0.832,0.852,0.848,0.004
1,euclidean,mean_std_1.5,nearest_sphere,max_ratio,1.0,0.9492009504899436,0.842,0.852,0.85,0.002
1,euclidean,mean_std_1.5,nearest_sphere,max_ratio,2.0,1.7379261426169763,0.842,0.852,0.85,0.002
1,euclidean,mean_std_1.5,normalized_union,none,0.0,0.940112188243558,0.822,0.852,0.846,0.006
1,euclidean,mean_std_1.5,normalized_union,none,0.25,0.940112188243558,0.822,0.852,0.846,0.006
1,euclidean,mean_std_1.5,normalized_union,none,0.5,0.940112188243558,0.822,0.852,0.846,0.006
1,euclidean,mean_std_1.5,normalized_union,none,1.0,0.940112188243558,0.822,0.852,0.846,0.006
1,euclidean,mean_std_1.5,normalized_union,none,2.0,0.940112188243558,0.822,0.852,0.846,0.006
1,euclidean,mean_std_1.5,normalized_union,ratio,0.0,0.940112188243558,0.822,0.852,0.846,0.006
1,euclidean,mean_std_1.5,normalized_union,ratio,0.25,1.1566977098753157,0.832,0.852,0.848,0.004
1,euclidean,mean_std_1.5,normalized_union,ratio,0.5,1.3732832315070733,0.842,0.852,0.85,0.002
1,euclidean,mean_std_1.5,normalized_union,ratio,1.0,1.8007824090973155,0.842,0.852,0.85,0.002
1,euclidean,mean_std_1.5,normalized_union,ratio,2.0,2.6610780337347353,0.842,0.852,0.85,0.002
1,euclidean,mean_std_1.5,normalized_union,inverse_margin,0.0,0.940112188243558,0.822,0.852,0.846,0.006
1,euclidean,mean_std_1.5,normalized_union,inverse_margin,0.25,2.5633798792092026,0.842,0.852,0.85,0.002
1,euclidean,mean_std_1.5,normalized_union,inverse_margin,0.5,4.354647675728039,0.842,0.852,0.85,0.002
1,euclidean,mean_std_1.5,normalized_union,inverse_margin,1.0,7.670365923956397,0.842,0.852,0.85,0.002
1,euclidean,mean_std_1.5,normalized_union,inverse_margin,2.0,14.301802420413114,0.842,0.852,0.85,0.002
1,euclidean,mean_std_1.5,normalized_union,max_ratio,0.0,0.940112188243558,0.822,0.852,0.846,0.006
1,euclidean,mean_std_1.5,normalized_union,max_ratio,0.25,0.940112188243558,0.822,0.852,0.846,0.006
1,euclidean,mean_std_1.5,normalized_union,max_ratio,0.5,0.940112188243558,0.822,0.852,0.846,0.006
1,euclidean,mean_std_1.5,normalized_union,max_ratio,1.0,0.9492009504899436,0.842,0.852,0.85,0.002
1,euclidean,mean_std_1.5,normalized_union,max_ratio,2.0,1.7379261426169763,0.842,0.852,0.85,0.002
1,euclidean,mean_std_2.0,nearest_sphere,none,0.0,0.8892154741731455,0.832,0.852,0.848,0.004
1,euclidean,mean_std_2.0,nearest_sphere,none,0.25,0.8892154741731455,0.832,0.852,0.848,0.004
1,euclidean,mean_std_2.0,nearest_sphere,none,0.5,0.8892154741731455,0.832,0.852,0.848,0.004
1,euclidean,mean_std_2.0,nearest_sphere,none,1.0,0.8892154741731455,0.832,0.852,0.848,0.004
1,euclidean,mean_std_2.0,nearest_sphere,none,2.0,0.8892154741731455,0.832,0.852,0.848,0.004
1,euclidean,mean_std_2.0,nearest_sphere,ratio,0.0,0.8892154741731455,0.832,0.852,0.848,0.004
1,euclidean,mean_std_2.0,nearest_sphere,ratio,0.25,1.104103485585591,0.832,0.852,0.848,0.004
1,euclidean,mean_std_2.0,nearest_sphere,ratio,0.5,1.3152312914223445,0.842,0.852,0.85,0.002
1,euclidean,mean_std_2.0,nearest_sphere,ratio,1.0,1.74840233468586,0.842,0.852,0.85,0.002
1,euclidean,mean_std_2.0,nearest_sphere,ratio,2.0,2.6147444212128907,0.842,0.852,0.85,0.002
1,euclidean,mean_std_2.0,nearest_sphere,inverse_margin,0.0,0.8892154741731455,0.832,0.852,0.848,0.004
1,euclidean,mean_std_2.0,nearest_sphere,inverse_margin,0.25,2.52627470393835,0.842,0.852,0.85,0.002
1,euclidean,mean_std_2.0,nearest_sphere,inverse_margin,0.5,4.259579323113998,0.842,0.852,0.85,0.002
1,euclidean,mean_std_2.0,nearest_sphere,inverse_margin,1.0,7.5752975713423565,0.842,0.852,0.85,0.002
1,euclidean,mean_std_2.0,nearest_sphere,inverse_margin,2.0,14.206734067799074,0.842,0.852,0.85,0.002
1,euclidean,mean_std_2.0,nearest_sphere,max_ratio,0.0,0.8892154741731455,0.832,0.852,0.848,0.004
1,euclidean,mean_std_2.0,nearest_sphere,max_ratio,0.25,0.8892154741731455,0.832,0.852,0.848,0.004
1,euclidean,mean_std_2.0,nearest_sphere,max_ratio,0.5,0.8892154741731455,0.832,0.852,0.848,0.004
1,euclidean,mean_std_2.0,nearest_sphere,max_ratio,1.0,0.9032954798973782,0.842,0.852,0.85,0.002
1,euclidean,mean_std_2.0,nearest_sphere,max_ratio,2.0,1.7379261426169763,0.842,0.852,0.85,0.002
1,euclidean,mean_std_2.0,normalized_union,none,0.0,0.8892154741731455,0.832,0.852,0.848,0.004
1,euclidean,mean_std_2.0,normalized_union,none,0.25,0.8892154741731455,0.832,0.852,0.848,0.004
1,euclidean,mean_std_2.0,normalized_union,none,0.5,0.8892154741731455,0.832,0.852,0.848,0.004
1,euclidean,mean_std_2.0,normalized_union,none,1.0,0.8892154741731455,0.832,0.852,0.848,0.004
1,euclidean,mean_std_2.0,normalized_union,none,2.0,0.8892154741731455,0.832,0.852,0.848,0.004
1,euclidean,mean_std_2.0,normalized_union,ratio,0.0,0.8892154741731455,0.832,0.852,0.848,0.004
1,euclidean,mean_std_2.0,normalized_union,ratio,0.25,1.104103485585591,0.832,0.852,0.848,0.004
1,euclidean,mean_std_2.0,normalized_union,ratio,0.5,1.3152312914223445,0.842,0.852,0.85,0.002
1,euclidean,mean_std_2.0,normalized_union,ratio,1.0,1.74840233468586,0.842,0.852,0.85,0.002
1,euclidean,mean_std_2.0,normalized_union,ratio,2.0,2.6147444212128907,0.842,0.852,0.85,0.002
1,euclidean,mean_std_2.0,normalized_union,inverse_margin,0.0,0.8892154741731455,0.832,0.852,0.848,0.004
1,euclidean,mean_std_2.0,normalized_union,inverse_margin,0.25,2.52627470393835,0.842,0.852,0.85,0.002
1,euclidean,mean_std_2.0,normalized_union,inverse_margin,0.5,4.259579323113998,0.842,0.852,0.85,0.002
1,euclidean,mean_std_2.0,normalized_union,inverse_margin,1.0,7.5752975713423565,0.842,0.852,0.85,0.002
1,euclidean,mean_std_2.0,normalized_union,inverse_margin,2.0,14.206734067799074,0.842,0.852,0.85,0.002
1,euclidean,mean_std_2.0,normalized_union,max_ratio,0.0,0.8892154741731455,0.832,0.852,0.848,0.004
1,euclidean,mean_std_2.0,normalized_union,max_ratio,0.25,0.8892154741731455,0.832,0.852,0.848,0.004
1,euclidean,mean_std_2.0,normalized_union,max_ratio,0.5,0.8892154741731455,0.832,0.852,0.848,0.004
1,euclidean,mean_std_2.0,normalized_union,max_ratio,1.0,0.9032954798973782,0.842,0.852,0.85,0.002
1,euclidean,mean_std_2.0,normalized_union,max_ratio,2.0,1.7379261426169763,0.842,0.852,0.85,0.002
1,euclidean,mean_std_3.0,nearest_sphere,none,0.0,0.8048500370408724,0.832,0.852,0.848,0.004
1,euclidean,mean_std_3.0,nearest_sphere,none,0.25,0.8048500370408724,0.832,0.852,0.848,0.004
1,euclidean,mean_std_3.0,nearest_sphere,none,0.5,0.8048500370408724,0.832,0.852,0.848,0.004
1,euclidean,mean_std_3.0,nearest_sphere,none,1.0,0.8048500370408724,0.832,0.852,0.848,0.004
1,euclidean,mean_std_3.0,nearest_sphere,none,2.0,0.8048500370408724,0.832,0.852,0.848,0.004
1,euclidean,mean_std_3.0,nearest_sphere,ratio,0.0,0.8048500370408724,0.832,0.852,0.848,0.004
1,euclidean,mean_std_3.0,nearest_sphere,ratio,0.25,1.0139406854295752,0.832,0.852,0.848,0.004
1,euclidean,mean_std_3.0,nearest_sphere,ratio,0.5,1.2297121538538112,0.832,0.852,0.848,0.004
1,euclidean,mean_std_3.0,nearest_sphere,ratio,1.0,1.6575694325200672,0.842,0.852,0.85,0.002
1,euclidean,mean_std_3.0,nearest_sphere,ratio,2.0,2.51778450892113,0.842,0.852,0.85,0.002
1,euclidean,mean_std_3.0,nearest_sphere,inverse_margin,0.0,0.8048500370408724,0.832,0.852,0.848,0.004
1,euclidean,mean_std_3.0,nearest_sphere,inverse_margin,0.25,2.4557047567115386,0.842,0.852,0.85,0.002
1,euclidean,mean_std_3.0,nearest_sphere,inverse_margin,0.5,4.113563880825717,0.842,0.852,0.85,0.002
1,euclidean,mean_std_3.0,nearest_sphere,inverse_margin,1.0,7.4292821290540765,0.842,0.852,0.85,0.002
1,euclidean,mean_std_3.0,nearest_sphere,inverse_margin,2.0,14.060718625510793,0.842,0.852,0.85,0.002
1,euclidean,mean_std_3.0,nearest_sphere,max_ratio,0.0,0.8048500370408724,0.832,0.852,0.848,0.004
1,euclidean,mean_std_3.0,nearest_sphere,max_ratio,0.25,0.8048500370408724,0.832,0.852,0.848,0.004
1,euclidean,mean_std_3.0,nearest_sphere,max_ratio,0.5,0.8048500370408724,0.832,0.852,0.848,0.004
1,euclidean,mean_std_3.0,nearest_sphere,max_ratio,1.0,0.8689630713084882,0.842,0.852,0.85,0.002
1,euclidean,mean_std_3.0,nearest_sphere,max_ratio,2.0,1.7379261426169763,0.842,0.852,0.85,0.002
1,euclidean,mean_std_3.0,normalized_union,none,0.0,0.8048500370408724,0.832,0.852,0.848,0.004
1,euclidean,mean_std_3.0,normalized_union,none,0.25,0.8048500370408724,0.832,0.852,0.848,0.004
1,euclidean,mean_std_3.0,normalized_union,none,0.5,0.8048500370408724,0.832,0.852,0.848,0.004
1,euclidean,mean_std_3.0,normalized_union,none,1.0,0.8048500370408724,0.832,0.852,0.848,0.004
1,euclidean,mean_std_3.0,normalized_union,none,2.0,0.8048500370408724,0.832,0.852,0.848,0.004
1,euclidean,mean_std_3.0,normalized_union,ratio,0.0,0.8048500370408724,0.832,0.852,0.848,0.004
1,euclidean,mean_std_3.0,normalized_union,ratio,0.25,1.0139406854295752,0.832,0.852,0.848,0.004
1,euclidean,mean_std_3.0,normalized_union,ratio,0.5,1.2297121538538112,0.832,0.852,0.848,0.004
1,euclidean,mean_std_3.0,normalized_union,ratio,1.0,1.6575694325200672,0.842,0.852,0.85,0.002
1,euclidean,mean_std_3.0,normalized_union,ratio,2.0,2.51778450892113,0.842,0.852,0.85,0.002
1,euclidean,mean_std_3.0,normalized_union,inverse_margin,0.0,0.8048500370408724,0.832,0.852,0.848,0.004
1,euclidean,mean_std_3.0,normalized_union,inverse_margin,0.25,2.4557047567115386,0.842,0.852,0.85,0.002
1,euclidean,mean_std_3.0,normalized_union,inverse_margin,0.5,4.113563880825717,0.842,0.852,0.85,0.002
1,euclidean,mean_std_3.0,normalized_union,inverse_margin,1.0,7.4292821290540765,0.842,0.852,0.85,0.002
1,euclidean,mean_std_3.0,normalized_union,inverse_margin,2.0,14.060718625510793,0.842,0.852,0.85,0.002
1,euclidean,mean_std_3.0,normalized_union,max_ratio,0.0,0.8048500370408724,0.832,0.852,0.848,0.004
1,euclidean,mean_std_3.0,normalized_union,max_ratio,0.25,0.8048500370408724,0.832,0.852,0.848,0.004
1,euclidean,mean_std_3.0,normalized_union,max_ratio,0.5,0.8048500370408724,0.832,0.852,0.848,0.004
1,euclidean,mean_std_3.0,normalized_union,max_ratio,1.0,0.8689630713084882,0.842,0.852,0.85,0.002
1,euclidean,mean_std_3.0,normalized_union,max_ratio,2.0,1.7379261426169763,0.842,0.852,0.85,0.002
1,euclidean,center_quantile_0.5,nearest_sphere,none,0.0,1.1846136304385722,0.822,0.852,0.846,0.006
1,euclidean,center_quantile_0.5,nearest_sphere,none,0.25,1.1846136304385722,0.822,0.852,0.846,0.006
1,euclidean,center_quantile_0.5,nearest_sphere,none,0.5,1.1846136304385722,0.822,0.852,0.846,0.006
1,euclidean,center_quantile_0.5,nearest_sphere,none,1.0,1.1846136304385722,0.822,0.852,0.846,0.006
1,euclidean,center_quantile_0.5,nearest_sphere,none,2.0,1.1846136304385722,0.822,0.852,0.846,0.006
1,euclidean,center_quantile_0.5,nearest_sphere,ratio,0.0,1.1846136304385722,0.822,0.852,0.846,0.006
1,euclidean,center_quantile_0.5,nearest_sphere,ratio,0.25,1.4058721578624453,0.842,0.852,0.85,0.002
1,euclidean,center_quantile_0.5,nearest_sphere,ratio,0.5,1.6223328867061977,0.842,0.852,0.85,0.002
1,euclidean,center_quantile_0.5,nearest_sphere,ratio,1.0,2.044232282291433,0.842,0.852,0.85,0.002
1,euclidean,center_quantile_0.5,nearest_sphere,ratio,2.0,2.907002792158039,0.842,0.852,0.85,0.002
1,euclidean,center_quantile_0.5,nearest_sphere,inverse_margin,0.0,1.1846136304385722,0.822,0.852,0.846,0.006
1,euclidean,center_quantile_0.5,nearest_sphere,inverse_margin,0.25,2.9138326010020665,0.842,0.852,0.85,0.002
1,euclidean,center_quantile_0.5,nearest_sphere,inverse_margin,0.5,4.557937533235368,0.842,0.852,0.85,0.002
1,euclidean,center_quantile_0.5,nearest_sphere,inverse_margin,1.0,8.13955098851554,0.842,0.852,0.85,0.002
1,euclidean,center_quantile_0.5,nearest_sphere,inverse_margin,2.0,14.894977769224488,0.842,0.852,0.85,0.002
1,euclidean,center_quantile_0.5,nearest_sphere,max_ratio,0.0,1.1846136304385722,0.822,0.852,0.846,0.006
1,euclidean,center_quantile_0.5,nearest_sphere,max_ratio,0.25,1.1846136304385722,0.822,0.852,0.846,0.006
1,euclidean,center_quantile_0.5,nearest_sphere,max_ratio,0.5,1.1846136304385722,0.822,0.852,0.846,0.006
1,euclidean,center_quantile_0.5,nearest_sphere,max_ratio,1.0,1.1846136304385722,0.822,0.852,0.846,0.006
1,euclidean,center_quantile_0.5,nearest_sphere,max_ratio,2.0,1.7379261426169763,0.842,0.852,0.85,0.002
1,euclidean,center_quantile_0.5,normalized_union,none,0.0,1.1836508686342826,0.802,0.852,0.842,0.01
1,euclidean,center_quantile_0.5,normalized_union,none,0.25,1.1836508686342826,0.802,0.852,0.842,0.01
1,euclidean,center_quantile_0.5,normalized_union,none,0.5,1.1836508686342826,0.802,0.852,0.842,0.01
1,euclidean,center_quantile_0.5,normalized_union,none,1.0,1.1836508686342826,0.802,0.852,0.842,0.01
1,euclidean,center_quantile_0.5,normalized_union,none,2.0,1.1836508686342826,0.802,0.852,0.842,0.01
1,euclidean,center_quantile_0.5,normalized_union,ratio,0.0,1.1836508686342826,0.802,0.852,0.842,0.01
1,euclidean,center_quantile_0.5,normalized_union,ratio,0.25,1.4026538436939198,0.832,0.852,0.848,0.004
1,euclidean,center_quantile_0.5,normalized_union,ratio,0.5,1.6223328867061977,0.842,0.852,0.85,0.002
1,euclidean,center_quantile_0.5,normalized_union,ratio,1.0,2.044232282291433,0.842,0.852,0.85,0.002
1,euclidean,center_quantile_0.5,normalized_union,ratio,2.0,2.907002792158039,0.832,0.852,0.848,0.004
1,euclidean,center_quantile_0.5,normalized_union,inverse_margin,0.0,1.1836508686342826,0.802,0.852,0.842,0.01
1,euclidean,center_quantile_0.5,normalized_union,inverse_margin,0.25,2.8800493077905127,0.822,0.852,0.846,0.006
1,euclidean,center_quantile_0.5,normalized_union,inverse_margin,0.5,4.557937533235368,0.822,0.852,0.846,0.006
1,euclidean,center_quantile_0.5,normalized_union,inverse_margin,1.0,8.052796325422001,0.812,0.852,0.844,0.008
1,euclidean,center_quantile_0.5,normalized_union,inverse_margin,2.0,14.684232821878718,0.812,0.852,0.844,0.008
1,euclidean,center_quantile_0.5,normalized_union,max_ratio,0.0,1.1836508686342826,0.802,0.852,0.842,0.01
1,euclidean,center_quantile_0.5,normalized_union,max_ratio,0.25,1.1836508686342826,0.802,0.852,0.842,0.01
1,euclidean,center_quantile_0.5,normalized_union,max_ratio,0.5,1.1836508686342826,0.802,0.852,0.842,0.01
1,euclidean,center_quantile_0.5,normalized_union,max_ratio,1.0,1.1836508686342826,0.802,0.852,0.842,0.01
1,euclidean,center_quantile_0.5,normalized_union,max_ratio,2.0,1.7379261426169763,0.812,0.852,0.844,0.008
1,euclidean,intent_quantile_0.5,nearest_sphere,none,0.0,1.1875048100830894,0.822,0.852,0.846,0.006
1,euclidean,intent_quantile_0.5,nearest_sphere,none,0.25,1.1875048100830894,0.822,0.852,0.846,0.006
1,euclidean,intent_quantile_0.5,nearest_sphere,none,0.5,1.1875048100830894,0.822,0.852,0.846,0.006
1,euclidean,intent_quantile_0.5,nearest_sphere,none,1.0,1.1875048100830894,0.822,0.852,0.846,0.006
1,euclidean,intent_quantile_0.5,nearest_sphere,none,2.0,1.1875048100830894,0.822,0.852,0.846,0.006
1,euclidean,intent_quantile_0.5,nearest_sphere,ratio,0.0,1.1875048100830894,0.822,0.852,0.846,0.006
1,euclidean,intent_quantile_0.5,nearest_sphere,ratio,0.25,1.4072240380724734,0.842,0.852,0.85,0.002
1,euclidean,intent_quantile_0.5,nearest_sphere,ratio,0.5,1.6234363162026426,0.842,0.852,0.85,0.002
1,euclidean,intent_quantile_0.5,nearest_sphere,ratio,1.0,2.0453948896695007,0.842,0.852,0.85,0.002
1,euclidean,intent_quantile_0.5,nearest_sphere,ratio,2.0,2.908147277538486,0.842,0.852,0.85,0.002
1,euclidean,intent_quantile_0.5,nearest_sphere,inverse_margin,0.0,1.1875048100830894,0.822,0.852,0.846,0.006
1,euclidean,intent_quantile_0.5,nearest_sphere,inverse_margin,0.25,2.9166928162428567,0.842,0.852,0.85,0.002
1,euclidean,intent_quantile_0.5,nearest_sphere,inverse_margin,0.5,4.558838946481808,0.842,0.852,0.85,0.002
1,euclidean,intent_quantile_0.5,nearest_sphere,inverse_margin,1.0,8.14241120375633,0.842,0.852,0.85,0.002
1,euclidean,intent_quantile_0.5,nearest_sphere,inverse_margin,2.0,14.894977769224488,0.842,0.852,0.85,0.002
1,euclidean,intent_quantile_0.5,nearest_sphere,max_ratio,0.0,1.1875048100830894,0.822,0.852,0.846,0.006
1,euclidean,intent_quantile_0.5,nearest_sphere,max_ratio,0.25,1.1875048100830894,0.822,0.852,0.846,0.006
1,euclidean,intent_quantile_0.5,nearest_sphere,max_ratio,0.5,1.1875048100830894,0.822,0.852,0.846,0.006
1,euclidean,intent_quantile_0.5,nearest_sphere,max_ratio,1.0,1.1875048100830894,0.822,0.852,0.846,0.006
1,euclidean,intent_quantile_0.5,nearest_sphere,max_ratio,2.0,1.7379261426169763,0.842,0.852,0.85,0.002
1,euclidean,intent_quantile_0.5,normalized_union,none,0.0,1.184226475206524,0.802,0.852,0.842,0.01
1,euclidean,intent_quantile_0.5,normalized_union,none,0.25,1.184226475206524,0.802,0.852,0.842,0.01
1,euclidean,intent_quantile_0.5,normalized_union,none,0.5,1.184226475206524,0.802,0.852,0.842,0.01
1,euclidean,intent_quantile_0.5,normalized_union,none,1.0,1.184226475206524,0.802,0.852,0.842,0.01
1,euclidean,intent_quantile_0.5,normalized_union,none,2.0,1.184226475206524,0.802,0.852,0.842,0.01
1,euclidean,intent_quantile_0.5,normalized_union,ratio,0.0,1.184226475206524,0.802,0.852,0.842,0.01
1,euclidean,intent_quantile_0.5,normalized_union,ratio,0.25,1.4038006782971661,0.832,0.852,0.848,0.004
1,euclidean,intent_quantile_0.5,normalized_union,ratio,0.5,1.6234363162026426,0.842,0.852,0.85,0.002
1,euclidean,intent_quantile_0.5,normalized_union,ratio,1.0,2.0453948896695007,0.842,0.852,0.85,0.002
1,euclidean,intent_quantile_0.5,normalized_union,ratio,2.0,2.908147277538486,0.832,0.852,0.848,0.004
1,euclidean,intent_quantile_0.5,normalized_union,inverse_margin,0.0,1.184226475206524,0.802,0.852,0.842,0.01
1,euclidean,intent_quantile_0.5,normalized_union,inverse_margin,0.25,2.8817044239498975,0.822,0.852,0.846,0.006
1,euclidean,intent_quantile_0.5,normalized_union,inverse_margin,0.5,4.558838946481808,0.822,0.852,0.846,0.006
1,euclidean,intent_quantile_0.5,normalized_union,inverse_margin,1.0,8.054411499857018,0.812,0.852,0.844,0.008
1,euclidean,intent_quantile_0.5,normalized_union,inverse_margin,2.0,14.685847996313734,0.812,0.852,0.844,0.008
1,euclidean,intent_quantile_0.5,normalized_union,max_ratio,0.0,1.184226475206524,0.802,0.852,0.842,0.01
1,euclidean,intent_quantile_0.5,normalized_union,max_ratio,0.25,1.184226475206524,0.802,0.852,0.842,0.01
1,euclidean,intent_quantile_0.5,normalized_union,max_ratio,0.5,1.184226475206524,0.802,0.852,0.842,0.01
1,euclidean,intent_quantile_0.5,normalized_union,max_ratio,1.0,1.184226475206524,0.802,0.852,0.842,0.01
1,euclidean,intent_quantile_0.5,normalized_union,max_ratio,2.0,1.7379261426169763,0.812,0.852,0.844,0.008
1,euclidean,center_quantile_0.7,nearest_sphere,none,0.0,1.1065618480685917,0.822,0.852,0.846,0.006
1,euclidean,center_quantile_0.7,nearest_sphere,none,0.25,1.1065618480685917,0.822,0.852,0.846,0.006
1,euclidean,center_quantile_0.7,nearest_sphere,none,0.5,1.1065618480685917,0.822,0.852,0.846,0.006
1,euclidean,center_quantile_0.7,nearest_sphere,none,1.0,1.1065618480685917,0.822,0.852,0.846,0.006
1,euclidean,center_quantile_0.7,nearest_sphere,none,2.0,1.1065618480685917,0.822,0.852,0.846,0.006
1,euclidean,center_quantile_0.7,nearest_sphere,ratio,0.0,1.1065618480685917,0.822,0.852,0.846,0.006
1,euclidean,center_quantile_0.7,nearest_sphere,ratio,0.25,1.3248445004126685,0.832,0.852,0.848,0.004
1,euclidean,center_quantile_0.7,nearest_sphere,ratio,0.5,1.5405572005091328,0.842,0.852,0.85,0.002
1,euclidean,center_quantile_0.7,nearest_sphere,ratio,1.0,1.9671074492367984,0.842,0.852,0.85,0.002
1,euclidean,center_quantile_0.7,nearest_sphere,ratio,2.0,2.8227073043180457,0.842,0.852,0.85,0.002
1,euclidean,center_quantile_0.7,nearest_sphere,inverse_margin,0.0,1.1065618480685917,0.822,0.852,0.846,0.006
1,euclidean,center_quantile_0.7,nearest_sphere,inverse_margin,0.25,2.8366167497045423,0.842,0.852,0.85,0.002
1,euclidean,center_quantile_0.7,nearest_sphere,inverse_margin,0.5,4.500877608779062,0.842,0.852,0.85,0.002
1,euclidean,center_quantile_0.7,nearest_sphere,inverse_margin,1.0,8.062335137218016,0.842,0.852,0.85,0.002
1,euclidean,center_quantile_0.7,nearest_sphere,inverse_margin,2.0,14.757763504143108,0.842,0.852,0.85,0.002
1,euclidean,center_quantile_0.7,nearest_sphere,max_ratio,0.0,1.1065618480685917,0.822,0.852,0.846,0.006
1,euclidean,center_quantile_0.7,nearest_sphere,max_ratio,0.25,1.1065618480685917,0.822,0.852,0.846,0.006
1,euclidean,center_quantile_0.7,nearest_sphere,max_ratio,0.5,1.1065618480685917,0.822,0.852,0.846,0.006
1,euclidean,center_quantile_0.7,nearest_sphere,max_ratio,1.0,1.1065618480685917,0.822,0.852,0.846,0.006
1,euclidean,center_quantile_0.7,nearest_sphere,max_ratio,2.0,1.7379261426169763,0.842,0.852,0.85,0.002
1,euclidean,center_quantile_0.7,normalized_union,none,0.0,1.1034677049239379,0.802,0.852,0.842,0.01
1,euclidean,center_quantile_0.7,normalized_union,none,0.25,1.1034677049239379,0.802,0.852,0.842,0.01
1,euclidean,center_quantile_0.7,normalized_union,none,0.5,1.1034677049239379,0.802,0.852,0.842,0.01
1,euclidean,center_quantile_0.7,normalized_union,none,1.0,1.1034677049239379,0.802,0.852,0.842,0.01
1,euclidean,center_quantile_0.7,normalized_union,none,2.0,1.1034677049239379,0.802,0.852,0.842,0.01
1,euclidean,center_quantile_0.7,normalized_union,ratio,0.0,1.1034677049239379,0.802,0.852,0.842,0.01
1,euclidean,center_quantile_0.7,normalized_union,ratio,0.25,1.3248445004126685,0.832,0.852,0.848,0.004
1,euclidean,center_quantile_0.7,normalized_union,ratio,0.5,1.5405572005091328,0.842,0.852,0.85,0.002
1,euclidean,center_quantile_0.7,normalized_union,ratio,1.0,1.9671074492367984,0.842,0.852,0.85,0.002
1,euclidean,center_quantile_0.7,normalized_union,ratio,2.0,2.8227073043180457,0.832,0.852,0.848,0.004
1,euclidean,center_quantile_0.7,normalized_union,inverse_margin,0.0,1.1034677049239379,0.802,0.852,0.842,0.01
1,euclidean,center_quantile_0.7,normalized_union,inverse_margin,0.25,2.76171907374697,0.822,0.852,0.846,0.006
1,euclidean,center_quantile_0.7,normalized_union,inverse_margin,0.5,4.500877608779062,0.822,0.852,0.846,0.006
1,euclidean,center_quantile_0.7,normalized_union,inverse_margin,1.0,7.9373216695600055,0.812,0.852,0.844,0.008
1,euclidean,center_quantile_0.7,normalized_union,inverse_margin,2.0,14.568758166016723,0.812,0.852,0.844,0.008
1,euclidean,center_quantile_0.7,normalized_union,max_ratio,0.0,1.1034677049239379,0.802,0.852,0.842,0.01
1,euclidean,center_quantile_0.7,normalized_union,max_ratio,0.25,1.1034677049239379,0.802,0.852,0.842,0.01
1,euclidean,center_quantile_0.7,normalized_union,max_ratio,0.5,1.1034677049239379,0.802,0.852,0.842,0.01
1,euclidean,center_quantile_0.7,normalized_union,max_ratio,1.0,1.1034677049239379,0.802,0.852,0.842,0.01
1,euclidean,center_quantile_0.7,normalized_union,max_ratio,2.0,1.7379261426169763,0.812,0.852,0.844,0.008
1,euclidean,intent_quantile_0.7,nearest_sphere,none,0.0,1.1084616621609862,0.822,0.852,0.846,0.006
1,euclidean,intent_quantile_0.7,nearest_sphere,none,0.25,1.1084616621609862,0.822,0.852,0.846,0.006
1,euclidean,intent_quantile_0.7,nearest_sphere,none,0.5,1.1084616621609862,0.822,0.852,0.846,0.006
1,euclidean,intent_quantile_0.7,nearest_sphere,none,1.0,1.1084616621609862,0.822,0.852,0.846,0.006
1,euclidean,intent_quantile_0.7,nearest_sphere,none,2.0,1.1084616621609862,0.822,0.852,0.846,0.006
1,euclidean,intent_quantile_0.7,nearest_sphere,ratio,0.0,1.1084616621609862,0.822,0.852,0.846,0.006
1,euclidean,intent_quantile_0.7,nearest_sphere,ratio,0.25,1.3274468645124013,0.832,0.852,0.848,0.004
1,euclidean,intent_quantile_0.7,nearest_sphere,ratio,0.5,1.543168861914888,0.842,0.852,0.85,0.002
1,euclidean,intent_quantile_0.7,nearest_sphere,ratio,1.0,1.9698160667052376,0.842,0.852,0.85,0.002
1,euclidean,intent_quantile_0.7,nearest_sphere,ratio,2.0,2.8243751245196984,0.842,0.852,0.85,0.002
1,euclidean,intent_quantile_0.7,nearest_sphere,inverse_margin,0.0,1.1084616621609862,0.822,0.852,0.846,0.006
1,euclidean,intent_quantile_0.7,nearest_sphere,inverse_margin,0.25,2.839424476393572,0.842,0.852,0.85,0.002
1,euclidean,intent_quantile_0.7,nearest_sphere,inverse_margin,0.5,4.502876882658329,0.842,0.852,0.85,0.002
1,euclidean,intent_quantile_0.7,nearest_sphere,inverse_margin,1.0,8.065142863907045,0.842,0.852,0.85,0.002
1,euclidean,intent_quantile_0.7,nearest_sphere,inverse_margin,2.0,14.757763504143108,0.842,0.852,0.85,0.002
1,euclidean,intent_quantile_0.7,nearest_sphere,max_ratio,0.0,1.1084616621609862,0.822,0.852,0.846,0.006
1,euclidean,intent_quantile_0.7,nearest_sphere,max_ratio,0.25,1.1084616621609862,0.822,0.852,0.846,0.006
1,euclidean,intent_quantile_0.7,nearest_sphere,max_ratio,0.5,1.1084616621609862,0.822,0.852,0.846,0.006
1,euclidean,intent_quantile_0.7,nearest_sphere,max_ratio,1.0,1.1084616621609862,0.822,0.852,0.846,0.006
1,euclidean,intent_quantile_0.7,nearest_sphere,max_ratio,2.0,1.7379261426169763,0.842,0.852,0.85,0.002
1,euclidean,intent_quantile_0.7,normalized_union,none,0.0,1.1043739772106569,0.802,0.852,0.842,0.01
1,euclidean,intent_quantile_0.7,normalized_union,none,0.25,1.1043739772106569,0.802,0.852,0.842,0.01
1,euclidean,intent_quantile_0.7,normalized_union,none,0.5,1.1043739772106569,0.802,0.852,0.842,0.01
1,euclidean,intent_quantile_0.7,normalized_union,none,1.0,1.1043739772106569,0.802,0.852,0.842,0.01
1,euclidean,intent_quantile_0.7,normalized_union,none,2.0,1.1043739772106569,0.802,0.852,0.842,0.01
1,euclidean,intent_quantile_0.7,normalized_union,ratio,0.0,1.1043739772106569,0.802,0.852,0.842,0.01
1,euclidean,intent_quantile_0.7,normalized_union,ratio,0.25,1.3274468645124013,0.832,0.852,0.848,0.004
1,euclidean,intent_quantile_0.7,normalized_union,ratio,0.5,1.543168861914888,0.842,0.852,0.85,0.002
1,euclidean,intent_quantile_0.7,normalized_union,ratio,1.0,1.9698160667052376,0.842,0.852,0.85,0.002
1,euclidean,intent_quantile_0.7,normalized_union,ratio,2.0,2.8243751245196984,0.832,0.852,0.848,0.004
1,euclidean,intent_quantile_0.7,normalized_union,inverse_margin,0.0,1.1043739772106569,0.802,0.852,0.842,0.01
1,euclidean,intent_quantile_0.7,normalized_union,inverse_margin,0.25,2.763760997392443,0.822,0.852,0.846,0.006
1,euclidean,intent_quantile_0.7,normalized_union,inverse_margin,0.5,4.502876882658329,0.822,0.852,0.846,0.006
1,euclidean,intent_quantile_0.7,normalized_union,inverse_margin,1.0,7.939314316935069,0.812,0.852,0.844,0.008
1,euclidean,intent_quantile_0.7,normalized_union,inverse_margin,2.0,14.570750813391784,0.812,0.852,0.844,0.008
1,euclidean,intent_quantile_0.7,normalized_union,max_ratio,0.0,1.1043739772106569,0.802,0.852,0.842,0.01
1,euclidean,intent_quantile_0.7,normalized_union,max_ratio,0.25,1.1043739772106569,0.802,0.852,0.842,0.01
1,euclidean,intent_quantile_0.7,normalized_union,max_ratio,0.5,1.1043739772106569,0.802,0.852,0.842,0.01
1,euclidean,intent_quantile_0.7,normalized_union,max_ratio,1.0,1.1043739772106569,0.802,0.852,0.842,0.01
1,euclidean,intent_quantile_0.7,normalized_union,max_ratio,2.0,1.7379261426169763,0.812,0.852,0.844,0.008
1,euclidean,center_quantile_0.8,nearest_sphere,none,0.0,1.0377063350979292,0.822,0.852,0.846,0.006
1,euclidean,center_quantile_0.8,nearest_sphere,none,0.25,1.0377063350979292,0.822,0.852,0.846,0.006
1,euclidean,center_quantile_0.8,nearest_sphere,none,0.5,1.0377063350979292,0.822,0.852,0.846,0.006
1,euclidean,center_quantile_0.8,nearest_sphere,none,1.0,1.0377063350979292,0.822,0.852,0.846,0.006
1,euclidean,center_quantile_0.8,nearest_sphere,none,2.0,1.0377063350979292,0.822,0.852,0.846,0.006
1,euclidean,center_quantile_0.8,nearest_sphere,ratio,0.0,1.0377063350979292,0.822,0.852,0.846,0.006
1,euclidean,center_quantile_0.8,nearest_sphere,ratio,0.25,1.2476225524931823,0.832,0.852,0.848,0.004
1,euclidean,center_quantile_0.8,nearest_sphere,ratio,0.5,1.4701415232899144,0.842,0.852,0.85,0.002
1,euclidean,center_quantile_0.8,nearest_sphere,ratio,1.0,1.893623237547394,0.842,0.852,0.85,0.002
1,euclidean,center_quantile_0.8,nearest_sphere,ratio,2.0,2.7321709971155643,0.842,0.852,0.85,0.002
1,euclidean,center_quantile_0.8,nearest_sphere,inverse_margin,0.0,1.0377063350979292,0.822,0.852,0.846,0.006
1,euclidean,center_quantile_0.8,nearest_sphere,inverse_margin,0.25,2.7597218032657986,0.842,0.852,0.85,0.002
1,euclidean,center_quantile_0.8,nearest_sphere,inverse_margin,0.5,4.438554226728704,0.842,0.852,0.85,0.002
1,euclidean,center_quantile_0.8,nearest_sphere,inverse_margin,1.0,7.99252749216679,0.842,0.852,0.85,0.002
1,euclidean,center_quantile_0.8,nearest_sphere,inverse_margin,2.0,14.623963988623506,0.842,0.852,0.85,0.002
1,euclidean,center_quantile_0.8,nearest_sphere,max_ratio,0.0,1.0377063350979292,0.822,0.852,0.846,0.006
1,euclidean,center_quantile_0.8,nearest_sphere,max_ratio,0.25,1.0377063350979292,0.822,0.852,0.846,0.006
1,euclidean,center_quantile_0.8,nearest_sphere,max_ratio,0.5,1.0377063350979292,0.822,0.852,0.846,0.006
1,euclidean,center_quantile_0.8,nearest_sphere,max_ratio,1.0,1.0377063350979292,0.822,0.852,0.846,0.006
1,euclidean,center_quantile_0.8,nearest_sphere,max_ratio,2.0,1.7379261426169763,0.842,0.852,0.85,0.002
1,euclidean,center_quantile_0.8,normalized_union,none,0.0,1.0316585232293087,0.772,0.852,0.836,0.016
1,euclidean,center_quantile_0.8,normalized_union,none,0.25,1.0316585232293087,0.772,0.852,0.836,0.016
1,euclidean,center_quantile_0.8,normalized_union,none,0.5,1.0316585232293087,0.772,0.852,0.836,0.016
1,euclidean,center_quantile_0.8,normalized_union,none,1.0,1.0316585232293087,0.772,0.852,0.836,0.016
1,euclidean,center_quantile_0.8,normalized_union,none,2.0,1.0316585232293087,0.772,0.852,0.836,0.016
1,euclidean,center_quantile_0.8,normalized_union,ratio,0.0,1.0316585232293087,0.772,0.852,0.836,0.016
1,euclidean,center_quantile_0.8,normalized_union,ratio,0.25,1.2476225524931823,0.822,0.852,0.846,0.006
1,euclidean,center_quantile_0.8,normalized_union,ratio,0.5,1.4701415232899144,0.832,0.852,0.848,0.004
1,euclidean,center_quantile_0.8,normalized_union,ratio,1.0,1.893623237547394,0.822,0.852,0.846,0.006
1,euclidean,center_quantile_0.8,normalized_union,ratio,2.0,2.7321709971155643,0.822,0.852,0.846,0.006
1,euclidean,center_quantile_0.8,normalized_union,inverse_margin,0.0,1.0316585232293087,0.772,0.852,0.836,0.016
1,euclidean,center_quantile_0.8,normalized_union,inverse_margin,0.25,2.657417156201392,0.822,0.852,0.846,0.006
1,euclidean,center_quantile_0.8,normalized_union,inverse_margin,0.5,4.438554226728704,0.822,0.852,0.846,0.006
1,euclidean,center_quantile_0.8,normalized_union,inverse_margin,1.0,7.829152374862578,0.812,0.852,0.844,0.008
1,euclidean,center_quantile_0.8,normalized_union,inverse_margin,2.0,14.460588871319294,0.812,0.852,0.844,0.008
1,euclidean,center_quantile_0.8,normalized_union,max_ratio,0.0,1.0316585232293087,0.772,0.852,0.836,0.016
1,euclidean,center_quantile_0.8,normalized_union,max_ratio,0.25,1.0316585232293087,0.772,0.852,0.836,0.016
1,euclidean,center_quantile_0.8,normalized_union,max_ratio,0.5,1.0316585232293087,0.772,0.852,0.836,0.016
1,euclidean,center_quantile_0.8,normalized_union,max_ratio,1.0,1.0316585232293087,0.772,0.852,0.836,0.016
1,euclidean,center_quantile_0.8,normalized_union,max_ratio,2.0,1.7379261426169763,0.812,0.852,0.844,0.008
1,euclidean,intent_quantile_0.8,nearest_sphere,none,0.0,1.0380601367502071,0.822,0.852,0.846,0.006
1,euclidean,intent_quantile_0.8,nearest_sphere,none,0.25,1.0380601367502071,0.822,0.852,0.846,0.006
1,euclidean,intent_quantile_0.8,nearest_sphere,none,0.5,1.0380601367502071,0.822,0.852,0.846,0.006
1,euclidean,intent_quantile_0.8,nearest_sphere,none,1.0,1.0380601367502071,0.822,0.852,0.846,0.006
1,euclidean,intent_quantile_0.8,nearest_sphere,none,2.0,1.0380601367502071,0.822,0.852,0.846,0.006
1,euclidean,intent_quantile_0.8,nearest_sphere,ratio,0.0,1.0380601367502071,0.822,0.852,0.846,0.006
1,euclidean,intent_quantile_0.8,nearest_sphere,ratio,0.25,1.2488275434737355,0.832,0.852,0.848,0.004
1,euclidean,intent_quantile_0.8,nearest_sphere,ratio,0.5,1.4701415232899144,0.842,0.852,0.85,0.002
1,euclidean,intent_quantile_0.8,nearest_sphere,ratio,1.0,1.893623237547394,0.842,0.852,0.85,0.002
1,euclidean,intent_quantile_0.8,nearest_sphere,ratio,2.0,2.7321709971155643,0.842,0.852,0.85,0.002
1,euclidean,intent_quantile_0.8,nearest_sphere,inverse_margin,0.0,1.0380601367502071,0.822,0.852,0.846,0.006
1,euclidean,intent_quantile_0.8,nearest_sphere,inverse_margin,0.25,2.7597218032657986,0.842,0.852,0.85,0.002
1,euclidean,intent_quantile_0.8,nearest_sphere,inverse_margin,0.5,4.439929227910787,0.842,0.852,0.85,0.002
1,euclidean,intent_quantile_0.8,nearest_sphere,inverse_margin,1.0,7.99252749216679,0.842,0.852,0.85,0.002
1,euclidean,intent_quantile_0.8,nearest_sphere,inverse_margin,2.0,14.623963988623506,0.842,0.852,0.85,0.002
1,euclidean,intent_quantile_0.8,nearest_sphere,max_ratio,0.0,1.0380601367502071,0.822,0.852,0.846,0.006
1,euclidean,intent_quantile_0.8,nearest_sphere,max_ratio,0.25,1.0380601367502071,0.822,0.852,0.846,0.006
1,euclidean,intent_quantile_0.8,nearest_sphere,max_ratio,0.5,1.0380601367502071,0.822,0.852,0.846,0.006
1,euclidean,intent_quantile_0.8,nearest_sphere,max_ratio,1.0,1.0380601367502071,0.822,0.852,0.846,0.006
1,euclidean,intent_quantile_0.8,nearest_sphere,max_ratio,2.0,1.7379261426169763,0.842,0.852,0.85,0.002
1,euclidean,intent_quantile_0.8,normalized_union,none,0.0,1.03346161289059,0.772,0.852,0.836,0.016
1,euclidean,intent_quantile_0.8,normalized_union,none,0.25,1.03346161289059,0.772,0.852,0.836,0.016
1,euclidean,intent_quantile_0.8,normalized_union,none,0.5,1.03346161289059,0.772,0.852,0.836,0.016
1,euclidean,intent_quantile_0.8,normalized_union,none,1.0,1.03346161289059,0.772,0.852,0.836,0.016
1,euclidean,intent_quantile_0.8,normalized_union,none,2.0,1.03346161289059,0.772,0.852,0.836,0.016
1,euclidean,intent_quantile_0.8,normalized_union,ratio,0.0,1.03346161289059,0.772,0.852,0.836,0.016
1,euclidean,intent_quantile_0.8,normalized_union,ratio,0.25,1.2488275434737355,0.822,0.852,0.846,0.006
1,euclidean,intent_quantile_0.8,normalized_union,ratio,0.5,1.4701415232899144,0.832,0.852,0.848,0.004
1,euclidean,intent_quantile_0.8,normalized_union,ratio,1.0,1.893623237547394,0.822,0.852,0.846,0.006
1,euclidean,intent_quantile_0.8,normalized_union,ratio,2.0,2.7321709971155643,0.822,0.852,0.846,0.006
1,euclidean,intent_quantile_0.8,normalized_union,inverse_margin,0.0,1.03346161289059,0.772,0.852,0.836,0.016
1,euclidean,intent_quantile_0.8,normalized_union,inverse_margin,0.25,2.657417156201392,0.822,0.852,0.846,0.006
1,euclidean,intent_quantile_0.8,normalized_union,inverse_margin,0.5,4.439929227910787,0.822,0.852,0.846,0.006
1,euclidean,intent_quantile_0.8,normalized_union,inverse_margin,1.0,7.829152374862578,0.812,0.852,0.844,0.008
1,euclidean,intent_quantile_0.8,normalized_union,inverse_margin,2.0,14.460588871319294,0.812,0.852,0.844,0.008
1,euclidean,intent_quantile_0.8,normalized_union,max_ratio,0.0,1.03346161289059,0.772,0.852,0.836,0.016
1,euclidean,intent_quantile_0.8,normalized_union,max_ratio,0.25,1.03346161289059,0.772,0.852,0.836,0.016
1,euclidean,intent_quantile_0.8,normalized_union,max_ratio,0.5,1.03346161289059,0.772,0.852,0.836,0.016
1,euclidean,intent_quantile_0.8,normalized_union,max_ratio,1.0,1.03346161289059,0.772,0.852,0.836,0.016
1,euclidean,intent_quantile_0.8,normalized_union,max_ratio,2.0,1.7379261426169763,0.812,0.852,0.844,0.008
1,euclidean,center_quantile_0.9,nearest_sphere,none,0.0,0.9427247004911039,0.822,0.852,0.846,0.006
1,euclidean,center_quantile_0.9,nearest_sphere,none,0.25,0.9427247004911039,0.822,0.852,0.846,0.006
1,euclidean,center_quantile_0.9,nearest_sphere,none,0.5,0.9427247004911039,0.822,0.852,0.846,0.006
1,euclidean,center_quantile_0.9,nearest_sphere,none,1.0,0.9427247004911039,0.822,0.852,0.846,0.006
1,euclidean,center_quantile_0.9,nearest_sphere,none,2.0,0.9427247004911039,0.822,0.852,0.846,0.006
1,euclidean,center_quantile_0.9,nearest_sphere,ratio,0.0,0.9427247004911039,0.822,0.852,0.846,0.006
1,euclidean,center_quantile_0.9,nearest_sphere,ratio,0.25,1.1629876261115781,0.832,0.852,0.848,0.004
1,euclidean,center_quantile_0.9,nearest_sphere,ratio,0.5,1.3747667445417915,0.832,0.852,0.848,0.004
1,euclidean,center_quantile_0.9,nearest_sphere,ratio,1.0,1.8006551021419708,0.842,0.852,0.85,0.002
1,euclidean,center_quantile_0.9,nearest_sphere,ratio,2.0,2.6537130555175508,0.842,0.852,0.85,0.002
1,euclidean,center_quantile_0.9,nearest_sphere,inverse_margin,0.0,0.9427247004911039,0.822,0.852,0.846,0.006
1,euclidean,center_quantile_0.9,nearest_sphere,inverse_margin,0.25,2.552392048856692,0.842,0.852,0.85,0.002
1,euclidean,center_quantile_0.9,nearest_sphere,inverse_margin,0.5,4.287121940556792,0.842,0.852,0.85,0.002
1,euclidean,center_quantile_0.9,nearest_sphere,inverse_margin,1.0,7.60284018878515,0.842,0.852,0.85,0.002
1,euclidean,center_quantile_0.9,nearest_sphere,inverse_margin,2.0,14.234276685241866,0.842,0.852,0.85,0.002
1,euclidean,center_quantile_0.9,nearest_sphere,max_ratio,0.0,0.9427247004911039,0.822,0.852,0.846,0.006
1,euclidean,center_quantile_0.9,nearest_sphere,max_ratio,0.25,0.9427247004911039,0.822,0.852,0.846,0.006
1,euclidean,center_quantile_0.9,nearest_sphere,max_ratio,0.5,0.9427247004911039,0.822,0.852,0.846,0.006
1,euclidean,center_quantile_0.9,nearest_sphere,max_ratio,1.0,0.9489996269395918,0.842,0.852,0.85,0.002
1,euclidean,center_quantile_0.9,nearest_sphere,max_ratio,2.0,1.7379261426169763,0.842,0.852,0.85,0.002
1,euclidean,center_quantile_0.9,normalized_union,none,0.0,0.9369806049135632,0.792,0.852,0.84,0.012
1,euclidean,center_quantile_0.9,normalized_union,none,0.25,0.9369806049135632,0.792,0.852,0.84,0.012
1,euclidean,center_quantile_0.9,normalized_union,none,0.5,0.9369806049135632,0.792,0.852,0.84,0.012
1,euclidean,center_quantile_0.9,normalized_union,none,1.0,0.9369806049135632,0.792,0.852,0.84,0.012
1,euclidean,center_quantile_0.9,normalized_union,none,2.0,0.9369806049135632,0.792,0.852,0.84,0.012
1,euclidean,center_quantile_0.9,normalized_union,ratio,0.0,0.9369806049135632,0.792,0.852,0.84,0.012
1,euclidean,center_quantile_0.9,normalized_union,ratio,0.25,1.1629876261115781,0.822,0.852,0.846,0.006
1,euclidean,center_quantile_0.9,normalized_union,ratio,0.5,1.3747667445417915,0.822,0.852,0.846,0.006
1,euclidean,center_quantile_0.9,normalized_union,ratio,1.0,1.8006551021419708,0.832,0.852,0.848,0.004
1,euclidean,center_quantile_0.9,normalized_union,ratio,2.0,2.6537130555175508,0.832,0.852,0.848,0.004
1,euclidean,center_quantile_0.9,normalized_union,inverse_margin,0.0,0.9369806049135632,0.792,0.852,0.84,0.012
1,euclidean,center_quantile_0.9,normalized_union,inverse_margin,0.25,2.552392048856692,0.842,0.852,0.85,0.002
1,euclidean,center_quantile_0.9,normalized_union,inverse_margin,0.5,4.287121940556792,0.842,0.852,0.85,0.002
1,euclidean,center_quantile_0.9,normalized_union,inverse_margin,1.0,7.60284018878515,0.842,0.852,0.85,0.002
1,euclidean,center_quantile_0.9,normalized_union,inverse_margin,2.0,14.234276685241866,0.842,0.852,0.85,0.002
1,euclidean,center_quantile_0.9,normalized_union,max_ratio,0.0,0.9369806049135632,0.792,0.852,0.84,0.012
1,euclidean,center_quantile_0.9,normalized_union,max_ratio,0.25,0.9369806049135632,0.792,0.852,0.84,0.012
1,euclidean,center_quantile_0.9,normalized_union,max_ratio,0.5,0.9369806049135632,0.792,0.852,0.84,0.012
1,euclidean,center_quantile_0.9,normalized_union,max_ratio,1.0,0.9489996269395918,0.832,0.852,0.848,0.004
1,euclidean,center_quantile_0.9,normalized_union,max_ratio,2.0,1.7379261426169763,0.842,0.852,0.85,0.002
1,euclidean,intent_quantile_0.9,nearest_sphere,none,0.0,0.9455127524717406,0.822,0.852,0.846,0.006
1,euclidean,intent_quantile_0.9,nearest_sphere,none,0.25,0.9455127524717406,0.822,0.852,0.846,0.006
1,euclidean,intent_quantile_0.9,nearest_sphere,none,0.5,0.9455127524717406,0.822,0.852,0.846,0.006
1,euclidean,intent_quantile_0.9,nearest_sphere,none,1.0,0.9455127524717406,0.822,0.852,0.846,0.006
1,euclidean,intent_quantile_0.9,nearest_sphere,none,2.0,0.9455127524717406,0.822,0.852,0.846,0.006
1,euclidean,intent_quantile_0.9,nearest_sphere,ratio,0.0,0.9455127524717406,0.822,0.852,0.846,0.006
1,euclidean,intent_quantile_0.9,nearest_sphere,ratio,0.25,1.1629876261115781,0.832,0.852,0.848,0.004
1,euclidean,intent_quantile_0.9,nearest_sphere,ratio,0.5,1.3749801734454237,0.832,0.852,0.848,0.004
1,euclidean,intent_quantile_0.9,nearest_sphere,ratio,1.0,1.801858134717619,0.842,0.852,0.85,0.002
1,euclidean,intent_quantile_0.9,nearest_sphere,ratio,2.0,2.6537130555175508,0.842,0.852,0.85,0.002
1,euclidean,intent_quantile_0.9,nearest_sphere,inverse_margin,0.0,0.9455127524717406,0.822,0.852,0.846,0.006
1,euclidean,intent_quantile_0.9,nearest_sphere,inverse_margin,0.25,2.554540559169551,0.842,0.852,0.85,0.002
1,euclidean,intent_quantile_0.9,nearest_sphere,inverse_margin,0.5,4.300476945801042,0.842,0.852,0.85,0.002
1,euclidean,intent_quantile_0.9,nearest_sphere,inverse_margin,1.0,7.6161951940294,0.842,0.852,0.85,0.002
1,euclidean,intent_quantile_0.9,nearest_sphere,inverse_margin,2.0,14.247631690486116,0.842,0.852,0.85,0.002
1,euclidean,intent_quantile_0.9,nearest_sphere,max_ratio,0.0,0.9455127524717406,0.822,0.852,0.846,0.006
1,euclidean,intent_quantile_0.9,nearest_sphere,max_ratio,0.25,0.9455127524717406,0.822,0.852,0.846,0.006
1,euclidean,intent_quantile_0.9,nearest_sphere,max_ratio,0.5,0.9455127524717406,0.822,0.852,0.846,0.006
1,euclidean,intent_quantile_0.9,nearest_sphere,max_ratio,1.0,0.9505501383028072,0.842,0.852,0.85,0.002
1,euclidean,intent_quantile_0.9,nearest_sphere,max_ratio,2.0,1.7379261426169763,0.842,0.852,0.85,0.002
1,euclidean,intent_quantile_0.9,normalized_union,none,0.0,0.939751669074698,0.792,0.852,0.84,0.012
1,euclidean,intent_quantile_0.9,normalized_union,none,0.25,0.939751669074698,0.792,0.852,0.84,0.012
1,euclidean,intent_quantile_0.9,normalized_union,none,0.5,0.939751669074698,0.792,0.852,0.84,0.012
1,euclidean,intent_quantile_0.9,normalized_union,none,1.0,0.939751669074698,0.792,0.852,0.84,0.012
1,euclidean,intent_quantile_0.9,normalized_union,none,2.0,0.939751669074698,0.792,0.852,0.84,0.012
1,euclidean,intent_quantile_0.9,normalized_union,ratio,0.0,0.939751669074698,0.792,0.852,0.84,0.012
1,euclidean,intent_quantile_0.9,normalized_union,ratio,0.25,1.1629876261115781,0.822,0.852,0.846,0.006
1,euclidean,intent_quantile_0.9,normalized_union,ratio,0.5,1.3749801734454237,0.822,0.852,0.846,0.006
1,euclidean,intent_quantile_0.9,normalized_union,ratio,1.0,1.801858134717619,0.832,0.852,0.848,0.004
1,euclidean,intent_quantile_0.9,normalized_union,ratio,2.0,2.6537130555175508,0.832,0.852,0.848,0.004
1,euclidean,intent_quantile_0.9,normalized_union,inverse_margin,0.0,0.939751669074698,0.792,0.852,0.84,0.012
1,euclidean,intent_quantile_0.9,normalized_union,inverse_margin,0.25,2.554540559169551,0.842,0.852,0.85,0.002
1,euclidean,intent_quantile_0.9,normalized_union,inverse_margin,0.5,4.300476945801042,0.842,0.852,0.85,0.002
1,euclidean,intent_quantile_0.9,normalized_union,inverse_margin,1.0,7.6161951940294,0.842,0.852,0.85,0.002
1,euclidean,intent_quantile_0.9,normalized_union,inverse_margin,2.0,14.247631690486116,0.842,0.852,0.85,0.002
1,euclidean,intent_quantile_0.9,normalized_union,max_ratio,0.0,0.939751669074698,0.792,0.852,0.84,0.012
1,euclidean,intent_quantile_0.9,normalized_union,max_ratio,0.25,0.939751669074698,0.792,0.852,0.84,0.012
1,euclidean,intent_quantile_0.9,normalized_union,max_ratio,0.5,0.939751669074698,0.792,0.852,0.84,0.012
1,euclidean,intent_quantile_0.9,normalized_union,max_ratio,1.0,0.9505501383028072,0.832,0.852,0.848,0.004
1,euclidean,intent_quantile_0.9,normalized_union,max_ratio,2.0,1.7379261426169763,0.842,0.852,0.85,0.002
1,euclidean,center_quantile_0.95,nearest_sphere,none,0.0,0.8795322227650154,0.832,0.852,0.848,0.004
1,euclidean,center_quantile_0.95,nearest_sphere,none,0.25,0.8795322227650154,0.832,0.852,0.848,0.004
1,euclidean,center_quantile_0.95,nearest_sphere,none,0.5,0.8795322227650154,0.832,0.852,0.848,0.004
1,euclidean,center_quantile_0.95,nearest_sphere,none,1.0,0.8795322227650154,0.832,0.852,0.848,0.004
1,euclidean,center_quantile_0.95,nearest_sphere,none,2.0,0.8795322227650154,0.832,0.852,0.848,0.004
1,euclidean,center_quantile_0.95,nearest_sphere,ratio,0.0,0.8795322227650154,0.832,0.852,0.848,0.004
1,euclidean,center_quantile_0.95,nearest_sphere,ratio,0.25,1.0910152294181978,0.832,0.852,0.848,0.004
1,euclidean,center_quantile_0.95,nearest_sphere,ratio,0.5,1.3079119309974911,0.832,0.852,0.848,0.004
1,euclidean,center_quantile_0.95,nearest_sphere,ratio,1.0,1.7380212519378335,0.842,0.852,0.85,0.002
1,euclidean,center_quantile_0.95,nearest_sphere,ratio,2.0,2.599260937585915,0.842,0.852,0.85,0.002
1,euclidean,center_quantile_0.95,nearest_sphere,inverse_margin,0.0,0.8795322227650154,0.832,0.852,0.848,0.004
1,euclidean,center_quantile_0.95,nearest_sphere,inverse_margin,0.25,2.522425364113777,0.842,0.852,0.85,0.002
1,euclidean,center_quantile_0.95,nearest_sphere,inverse_margin,0.5,4.184676947157636,0.842,0.852,0.85,0.002
1,euclidean,center_quantile_0.95,nearest_sphere,inverse_margin,1.0,7.500395195385995,0.842,0.852,0.85,0.002
1,euclidean,center_quantile_0.95,nearest_sphere,inverse_margin,2.0,14.131831691842711,0.842,0.852,0.85,0.002
1,euclidean,center_quantile_0.95,nearest_sphere,max_ratio,0.0,0.8795322227650154,0.832,0.852,0.848,0.004
1,euclidean,center_quantile_0.95,nearest_sphere,max_ratio,0.25,0.8795322227650154,0.832,0.852,0.848,0.004
1,euclidean,center_quantile_0.95,nearest_sphere,max_ratio,0.5,0.8795322227650154,0.832,0.852,0.848,0.004
1,euclidean,center_quantile_0.95,nearest_sphere,max_ratio,1.0,0.8896951005081719,0.842,0.852,0.85,0.002
1,euclidean,center_quantile_0.95,nearest_sphere,max_ratio,2.0,1.7379261426169763,0.842,0.852,0.85,0.002
1,euclidean,center_quantile_0.95,normalized_union,none,0.0,0.8795322227650154,0.832,0.852,0.848,0.004
1,euclidean,center_quantile_0.95,normalized_union,none,0.25,0.8795322227650154,0.832,0.852,0.848,0.004
1,euclidean,center_quantile_0.95,normalized_union,none,0.5,0.8795322227650154,0.832,0.852,0.848,0.004
1,euclidean,center_quantile_0.95,normalized_union,none,1.0,0.8795322227650154,0.832,0.852,0.848,0.004
1,euclidean,center_quantile_0.95,normalized_union,none,2.0,0.8795322227650154,0.832,0.852,0.848,0.004
1,euclidean,center_quantile_0.95,normalized_union,ratio,0.0,0.8795322227650154,0.832,0.852,0.848,0.004
1,euclidean,center_quantile_0.95,normalized_union,ratio,0.25,1.0910152294181978,0.832,0.852,0.848,0.004
1,euclidean,center_quantile_0.95,normalized_union,ratio,0.5,1.3079119309974911,0.832,0.852,0.848,0.004
1,euclidean,center_quantile_0.95,normalized_union,ratio,1.0,1.7380212519378335,0.842,0.852,0.85,0.002
1,euclidean,center_quantile_0.95,normalized_union,ratio,2.0,2.599260937585915,0.842,0.852,0.85,0.002
1,euclidean,center_quantile_0.95,normalized_union,inverse_margin,0.0,0.8795322227650154,0.832,0.852,0.848,0.004
1,euclidean,center_quantile_0.95,normalized_union,inverse_margin,0.25,2.522425364113777,0.842,0.852,0.85,0.002
1,euclidean,center_quantile_0.95,normalized_union,inverse_margin,0.5,4.184676947157636,0.842,0.852,0.85,0.002
1,euclidean,center_quantile_0.95,normalized_union,inverse_margin,1.0,7.500395195385995,0.842,0.852,0.85,0.002
1,euclidean,center_quantile_0.95,normalized_union,inverse_margin,2.0,14.131831691842711,0.842,0.852,0.85,0.002
1,euclidean,center_quantile_0.95,normalized_union,max_ratio,0.0,0.8795322227650154,0.832,0.852,0.848,0.004
1,euclidean,center_quantile_0.95,normalized_union,max_ratio,0.25,0.8795322227650154,0.832,0.852,0.848,0.004
1,euclidean,center_quantile_0.95,normalized_union,max_ratio,0.5,0.8795322227650154,0.832,0.852,0.848,0.004
1,euclidean,center_quantile_0.95,normalized_union,max_ratio,1.0,0.8896951005081719,0.842,0.852,0.85,0.002
1,euclidean,center_quantile_0.95,normalized_union,max_ratio,2.0,1.7379261426169763,0.842,0.852,0.85,0.002
1,euclidean,intent_quantile_0.95,nearest_sphere,none,0.0,0.8848835169262768,0.832,0.852,0.848,0.004
1,euclidean,intent_quantile_0.95,nearest_sphere,none,0.25,0.8848835169262768,0.832,0.852,0.848,0.004
1,euclidean,intent_quantile_0.95,nearest_sphere,none,0.5,0.8848835169262768,0.832,0.852,0.848,0.004
1,euclidean,intent_quantile_0.95,nearest_sphere,none,1.0,0.8848835169262768,0.832,0.852,0.848,0.004
1,euclidean,intent_quantile_0.95,nearest_sphere,none,2.0,0.8848835169262768,0.832,0.852,0.848,0.004
1,euclidean,intent_quantile_0.95,nearest_sphere,ratio,0.0,0.8848835169262768,0.832,0.852,0.848,0.004
1,euclidean,intent_quantile_0.95,nearest_sphere,ratio,0.25,1.1039706859457805,0.832,0.852,0.848,0.004
1,euclidean,intent_quantile_0.95,nearest_sphere,ratio,0.5,1.3166247142881617,0.832,0.852,0.848,0.004
1,euclidean,intent_quantile_0.95,nearest_sphere,ratio,1.0,1.7419327709729242,0.842,0.852,0.85,0.002
1,euclidean,intent_quantile_0.95,nearest_sphere,ratio,2.0,2.6080752457240095,0.842,0.852,0.85,0.002
1,euclidean,intent_quantile_0.95,nearest_sphere,inverse_margin,0.0,0.8848835169262768,0.832,0.852,0.848,0.004
1,euclidean,intent_quantile_0.95,nearest_sphere,inverse_margin,0.25,2.5228627917269244,0.842,0.852,0.85,0.002
1,euclidean,intent_quantile_0.95,nearest_sphere,inverse_margin,0.5,4.2042862938367405,0.842,0.852,0.85,0.002
1,euclidean,intent_quantile_0.95,nearest_sphere,inverse_margin,1.0,7.520004542065099,0.842,0.852,0.85,0.002
1,euclidean,intent_quantile_0.95,nearest_sphere,inverse_margin,2.0,14.151441038521815,0.842,0.852,0.85,0.002
1,euclidean,intent_quantile_0.95,nearest_sphere,max_ratio,0.0,0.8848835169262768,0.832,0.852,0.848,0.004
1,euclidean,intent_quantile_0.95,nearest_sphere,max_ratio,0.25,0.8848835169262768,0.832,0.852,0.848,0.004
1,euclidean,intent_quantile_0.95,nearest_sphere,max_ratio,0.5,0.8848835169262768,0.832,0.852,0.848,0.004
1,euclidean,intent_quantile_0.95,nearest_sphere,max_ratio,1.0,0.8913166576033993,0.842,0.852,0.85,0.002
1,euclidean,intent_quantile_0.95,nearest_sphere,max_ratio,2.0,1.7379261426169763,0.842,0.852,0.85,0.002
1,euclidean,intent_quantile_0.95,normalized_union,none,0.0,0.8848835169262768,0.832,0.852,0.848,0.004
1,euclidean,intent_quantile_0.95,normalized_union,none,0.25,0.8848835169262768,0.832,0.852,0.848,0.004
1,euclidean,intent_quantile_0.95,normalized_union,none,0.5,0.8848835169262768,0.832,0.852,0.848,0.004
1,euclidean,intent_quantile_0.95,normalized_union,none,1.0,0.8848835169262768,0.832,0.852,0.848,0.004
1,euclidean,intent_quantile_0.95,normalized_union,none,2.0,0.8848835169262768,0.832,0.852,0.848,0.004
1,euclidean,intent_quantile_0.95,normalized_union,ratio,0.0,0.8848835169262768,0.832,0.852,0.848,0.004
1,euclidean,intent_quantile_0.95,normalized_union,ratio,0.25,1.1039706859457805,0.832,0.852,0.848,0.004
1,euclidean,intent_quantile_0.95,normalized_union,ratio,0.5,1.3166247142881617,0.832,0.852,0.848,0.004
1,euclidean,intent_quantile_0.95,normalized_union,ratio,1.0,1.7419327709729242,0.842,0.852,0.85,0.002
1,euclidean,intent_quantile_0.95,normalized_union,ratio,2.0,2.6080752457240095,0.842,0.852,0.85,0.002
1,euclidean,intent_quantile_0.95,normalized_union,inverse_margin,0.0,0.8848835169262768,0.832,0.852,0.848,0.004
1,euclidean,intent_quantile_0.95,normalized_union,inverse_margin,0.25,2.5228627917269244,0.842,0.852,0.85,0.002
1,euclidean,intent_quantile_0.95,normalized_union,inverse_margin,0.5,4.2042862938367405,0.842,0.852,0.85,0.002
1,euclidean,intent_quantile_0.95,normalized_union,inverse_margin,1.0,7.520004542065099,0.842,0.852,0.85,0.002
1,euclidean,intent_quantile_0.95,normalized_union,inverse_margin,2.0,14.151441038521815,0.842,0.852,0.85,0.002
1,euclidean,intent_quantile_0.95,normalized_union,max_ratio,0.0,0.8848835169262768,0.832,0.852,0.848,0.004
1,euclidean,intent_quantile_0.95,normalized_union,max_ratio,0.25,0.8848835169262768,0.832,0.852,0.848,0.004
1,euclidean,intent_quantile_0.95,normalized_union,max_ratio,0.5,0.8848835169262768,0.832,0.852,0.848,0.004
1,euclidean,intent_quantile_0.95,normalized_union,max_ratio,1.0,0.8913166576033993,0.842,0.852,0.85,0.002
1,euclidean,intent_quantile_0.95,normalized_union,max_ratio,2.0,1.7379261426169763,0.842,0.852,0.85,0.002
1,euclidean,center_quantile_0.99,nearest_sphere,none,0.0,0.828091208264547,0.832,0.852,0.848,0.004
1,euclidean,center_quantile_0.99,nearest_sphere,none,0.25,0.828091208264547,0.832,0.852,0.848,0.004
1,euclidean,center_quantile_0.99,nearest_sphere,none,0.5,0.828091208264547,0.832,0.852,0.848,0.004
1,euclidean,center_quantile_0.99,nearest_sphere,none,1.0,0.828091208264547,0.832,0.852,0.848,0.004
1,euclidean,center_quantile_0.99,nearest_sphere,none,2.0,0.828091208264547,0.832,0.852,0.848,0.004
1,euclidean,center_quantile_0.99,nearest_sphere,ratio,0.0,0.828091208264547,0.832,0.852,0.848,0.004
1,euclidean,center_quantile_0.99,nearest_sphere,ratio,0.25,1.0416679063379386,0.832,0.852,0.848,0.004
1,euclidean,center_quantile_0.99,nearest_sphere,ratio,0.5,1.2562901636311432,0.832,0.852,0.848,0.004
1,euclidean,center_quantile_0.99,nearest_sphere,ratio,1.0,1.6880147996466683,0.842,0.852,0.85,0.002
1,euclidean,center_quantile_0.99,nearest_sphere,ratio,2.0,2.5433763992995218,0.842,0.852,0.85,0.002
1,euclidean,center_quantile_0.99,nearest_sphere,inverse_margin,0.0,0.828091208264547,0.832,0.852,0.848,0.004
1,euclidean,center_quantile_0.99,nearest_sphere,inverse_margin,0.25,2.4475694760360884,0.842,0.852,0.85,0.002
1,euclidean,center_quantile_0.99,nearest_sphere,inverse_margin,0.5,4.094592436145383,0.842,0.852,0.85,0.002
1,euclidean,center_quantile_0.99,nearest_sphere,inverse_margin,1.0,7.410310684373742,0.842,0.852,0.85,0.002
1,euclidean,center_quantile_0.99,nearest_sphere,inverse_margin,2.0,14.041747180830459,0.842,0.852,0.85,0.002
1,euclidean,center_quantile_0.99,nearest_sphere,max_ratio,0.0,0.828091208264547,0.832,0.852,0.848,0.004
1,euclidean,center_quantile_0.99,nearest_sphere,max_ratio,0.25,0.828091208264547,0.832,0.852,0.848,0.004
1,euclidean,center_quantile_0.99,nearest_sphere,max_ratio,0.5,0.828091208264547,0.832,0.852,0.848,0.004
1,euclidean,center_quantile_0.99,nearest_sphere,max_ratio,1.0,0.8744920775438216,0.842,0.852,0.85,0.002
1,euclidean,center_quantile_0.99,nearest_sphere,max_ratio,2.0,1.7379261426169763,0.842,0.852,0.85,0.002
1,euclidean,center_quantile_0.99,normalized_union,none,0.0,0.828091208264547,0.832,0.852,0.848,0.004
1,euclidean,center_quantile_0.99,normalized_union,none,0.25,0.828091208264547,0.832,0.852,0.848,0.004
1,euclidean,center_quantile_0.99,normalized_union,none,0.5,0.828091208264547,0.832,0.852,0.848,0.004
1,euclidean,center_quantile_0.99,normalized_union,none,1.0,0.828091208264547,0.832,0.852,0.848,0.004
1,euclidean,center_quantile_0.99,normalized_union,none,2.0,0.828091208264547,0.832,0.852,0.848,0.004
1,euclidean,center_quantile_0.99,normalized_union,ratio,0.0,0.828091208264547,0.832,0.852,0.848,0.004
1,euclidean,center_quantile_0.99,normalized_union,ratio,0.25,1.0416679063379386,0.832,0.852,0.848,0.004
1,euclidean,center_quantile_0.99,normalized_union,ratio,0.5,1.2562901636311432,0.832,0.852,0.848,0.004
1,euclidean,center_quantile_0.99,normalized_union,ratio,1.0,1.6880147996466683,0.842,0.852,0.85,0.002
1,euclidean,center_quantile_0.99,normalized_union,ratio,2.0,2.5433763992995218,0.842,0.852,0.85,0.002
1,euclidean,center_quantile_0.99,normalized_union,inverse_margin,0.0,0.828091208264547,0.832,0.852,0.848,0.004
1,euclidean,center_quantile_0.99,normalized_union,inverse_margin,0.25,2.4475694760360884,0.842,0.852,0.85,0.002
1,euclidean,center_quantile_0.99,normalized_union,inverse_margin,0.5,4.094592436145383,0.842,0.852,0.85,0.002
1,euclidean,center_quantile_0.99,normalized_union,inverse_margin,1.0,7.410310684373742,0.842,0.852,0.85,0.002
1,euclidean,center_quantile_0.99,normalized_union,inverse_margin,2.0,14.041747180830459,0.842,0.852,0.85,0.002
1,euclidean,center_quantile_0.99,normalized_union,max_ratio,0.0,0.828091208264547,0.832,0.852,0.848,0.004
1,euclidean,center_quantile_0.99,normalized_union,max_ratio,0.25,0.828091208264547,0.832,0.852,0.848,0.004
1,euclidean,center_quantile_0.99,normalized_union,max_ratio,0.5,0.828091208264547,0.832,0.852,0.848,0.004
1,euclidean,center_quantile_0.99,normalized_union,max_ratio,1.0,0.8744920775438216,0.842,0.852,0.85,0.002
1,euclidean,center_quantile_0.99,normalized_union,max_ratio,2.0,1.7379261426169763,0.842,0.852,0.85,0.002
1,euclidean,intent_quantile_0.99,nearest_sphere,none,0.0,0.8349354201145404,0.832,0.852,0.848,0.004
1,euclidean,intent_quantile_0.99,nearest_sphere,none,0.25,0.8349354201145404,0.832,0.852,0.848,0.004
1,euclidean,intent_quantile_0.99,nearest_sphere,none,0.5,0.8349354201145404,0.832,0.852,0.848,0.004
1,euclidean,intent_quantile_0.99,nearest_sphere,none,1.0,0.8349354201145404,0.832,0.852,0.848,0.004
1,euclidean,intent_quantile_0.99,nearest_sphere,none,2.0,0.8349354201145404,0.832,0.852,0.848,0.004
1,euclidean,intent_quantile_0.99,nearest_sphere,ratio,0.0,0.8349354201145404,0.832,0.852,0.848,0.004
1,euclidean,intent_quantile_0.99,nearest_sphere,ratio,0.25,1.0479443678870273,0.832,0.852,0.848,0.004
1,euclidean,intent_quantile_0.99,nearest_sphere,ratio,0.5,1.2642256471462903,0.842,0.852,0.85,0.002
1,euclidean,intent_quantile_0.99,nearest_sphere,ratio,1.0,1.6935158741780403,0.842,0.852,0.85,0.002
1,euclidean,intent_quantile_0.99,nearest_sphere,ratio,2.0,2.5505627551499517,0.842,0.852,0.85,0.002
1,euclidean,intent_quantile_0.99,nearest_sphere,inverse_margin,0.0,0.8349354201145404,0.832,0.852,0.848,0.004
1,euclidean,intent_quantile_0.99,nearest_sphere,inverse_margin,0.25,2.4704957366471545,0.842,0.852,0.85,0.002
1,euclidean,intent_quantile_0.99,nearest_sphere,inverse_margin,0.5,4.128354860761334,0.842,0.852,0.85,0.002
1,euclidean,intent_quantile_0.99,nearest_sphere,inverse_margin,1.0,7.444073108989692,0.842,0.852,0.85,0.002
1,euclidean,intent_quantile_0.99,nearest_sphere,inverse_margin,2.0,14.075509605446408,0.842,0.852,0.85,0.002
1,euclidean,intent_quantile_0.99,nearest_sphere,max_ratio,0.0,0.8349354201145404,0.832,0.852,0.848,0.004
1,euclidean,intent_quantile_0.99,nearest_sphere,max_ratio,0.25,0.8349354201145404,0.832,0.852,0.848,0.004
1,euclidean,intent_quantile_0.99,nearest_sphere,max_ratio,0.5,0.8349354201145404,0.832,0.852,0.848,0.004
1,euclidean,intent_quantile_0.99,nearest_sphere,max_ratio,1.0,0.8744975350848347,0.842,0.852,0.85,0.002
1,euclidean,intent_quantile_0.99,nearest_sphere,max_ratio,2.0,1.7379261426169763,0.842,0.852,0.85,0.002
1,euclidean,intent_quantile_0.99,normalized_union,none,0.0,0.8349354201145404,0.832,0.852,0.848,0.004
1,euclidean,intent_quantile_0.99,normalized_union,none,0.25,0.8349354201145404,0.832,0.852,0.848,0.004
1,euclidean,intent_quantile_0.99,normalized_union,none,0.5,0.8349354201145404,0.832,0.852,0.848,0.004
1,euclidean,intent_quantile_0.99,normalized_union,none,1.0,0.8349354201145404,0.832,0.852,0.848,0.004
1,euclidean,intent_quantile_0.99,normalized_union,none,2.0,0.8349354201145404,0.832,0.852,0.848,0.004
1,euclidean,intent_quantile_0.99,normalized_union,ratio,0.0,0.8349354201145404,0.832,0.852,0.848,0.004
1,euclidean,intent_quantile_0.99,normalized_union,ratio,0.25,1.0479443678870273,0.832,0.852,0.848,0.004
1,euclidean,intent_quantile_0.99,normalized_union,ratio,0.5,1.2642256471462903,0.842,0.852,0.85,0.002
1,euclidean,intent_quantile_0.99,normalized_union,ratio,1.0,1.6935158741780403,0.842,0.852,0.85,0.002
1,euclidean,intent_quantile_0.99,normalized_union,ratio,2.0,2.5505627551499517,0.842,0.852,0.85,0.002
1,euclidean,intent_quantile_0.99,normalized_union,inverse_margin,0.0,0.8349354201145404,0.832,0.852,0.848,0.004
1,euclidean,intent_quantile_0.99,normalized_union,inverse_margin,0.25,2.4704957366471545,0.842,0.852,0.85,0.002
1,euclidean,intent_quantile_0.99,normalized_union,inverse_margin,0.5,4.128354860761334,0.842,0.852,0.85,0.002
1,euclidean,intent_quantile_0.99,normalized_union,inverse_margin,1.0,7.444073108989692,0.842,0.852,0.85,0.002
1,euclidean,intent_quantile_0.99,normalized_union,inverse_margin,2.0,14.075509605446408,0.842,0.852,0.85,0.002
1,euclidean,intent_quantile_0.99,normalized_union,max_ratio,0.0,0.8349354201145404,0.832,0.852,0.848,0.004
1,euclidean,intent_quantile_0.99,normalized_union,max_ratio,0.25,0.8349354201145404,0.832,0.852,0.848,0.004
1,euclidean,intent_quantile_0.99,normalized_union,max_ratio,0.5,0.8349354201145404,0.832,0.852,0.848,0.004
1,euclidean,intent_quantile_0.99,normalized_union,max_ratio,1.0,0.8744975350848347,0.842,0.852,0.85,0.002
1,euclidean,intent_quantile_0.99,normalized_union,max_ratio,2.0,1.7379261426169763,0.842,0.852,0.85,0.002
1,mahalanobis_diag,mean_std_0.0,nearest_sphere,none,0.0,1.1463972859043847,0.792,0.852,0.84,0.012
1,mahalanobis_diag,mean_std_0.0,nearest_sphere,none,0.25,1.1463972859043847,0.792,0.852,0.84,0.012
1,mahalanobis_diag,mean_std_0.0,nearest_sphere,none,0.5,1.1463972859043847,0.792,0.852,0.84,0.012
1,mahalanobis_diag,mean_std_0.0,nearest_sphere,none,1.0,1.1463972859043847,0.792,0.852,0.84,0.012
1,mahalanobis_diag,mean_std_0.0,nearest_sphere,none,2.0,1.1463972859043847,0.792,0.852,0.84,0.012
1,mahalanobis_diag,mean_std_0.0,nearest_sphere,ratio,0.0,1.1463972859043847,0.792,0.852,0.84,0.012
1,mahalanobis_diag,mean_std_0.0,nearest_sphere,ratio,0.25,1.371018907187925,0.802,0.852,0.842,0.01
1,mahalanobis_diag,mean_std_0.0,nearest_sphere,ratio,0.5,1.5914752235623144,0.812,0.852,0.844,0.008
1,mahalanobis_diag,mean_std_0.0,nearest_sphere,ratio,1.0,2.0347580887631134,0.822,0.852,0.846,0.006
1,mahalanobis_diag,mean_std_0.0,nearest_sphere,ratio,2.0,2.9281370922345653,0.842,0.852,0.85,0.002
1,mahalanobis_diag,mean_std_0.0,nearest_sphere,inverse_margin,0.0,1.1463972859043847,0.792,0.852,0.84,0.012
1,mahalanobis_diag,mean_std_0.0,nearest_sphere,inverse_margin,0.25,3.178730675913652,0.842,0.852,0.85,0.002
1,mahalanobis_diag,mean_std_0.0,nearest_sphere,inverse_margin,0.5,5.141262195241828,0.842,0.852,0.85,0.002
1,mahalanobis_diag,mean_std_0.0,nearest_sphere,inverse_margin,1.0,9.023877933014981,0.842,0.852,0.85,0.002
1,mahalanobis_diag,mean_std_0.0,nearest_sphere,inverse_margin,2.0,16.789109408561288,0.842,0.852,0.85,0.002
1,mahalanobis_diag,mean_std_0.0,nearest_sphere,max_ratio,0.0,1.1463972859043847,0.792,0.852,0.84,0.012
1,mahalanobis_diag,mean_std_0.0,nearest_sphere,max_ratio,0.25,1.1463972859043847,0.792,0.852,0.84,0.012
1,mahalanobis_diag,mean_std_0.0,nearest_sphere,max_ratio,0.5,1.1463972859043847,0.792,0.852,0.84,0.012
1,mahalanobis_diag,mean_std_0.0,nearest_sphere,max_ratio,1.0,1.1463972859043847,0.792,0.852,0.84,0.012
1,mahalanobis_diag,mean_std_0.0,nearest_sphere,max_ratio,2.0,1.7728640702797909,0.842,0.852,0.85,0.002
1,mahalanobis_diag,mean_std_0.0,normalized_union,none,0.0,1.1463972859043847,0.792,0.852,0.84,0.012
1,mahalanobis_diag,mean_std_0.0,normalized_union,none,0.25,1.1463972859043847,0.792,0.852,0.84,0.012
1,mahalanobis_diag,mean_std_0.0,normalized_union,none,0.5,1.1463972859043847,0.792,0.852,0.84,0.012
1,mahalanobis_diag,mean_std_0.0,normalized_union,none,1.0,1.1463972859043847,0.792,0.852,0.84,0.012
1,mahalanobis_diag,mean_std_0.0,normalized_union,none,2.0,1.1463972859043847,0.792,0.852,0.84,0.012
1,mahalanobis_diag,mean_std_0.0,normalized_union,ratio,0.0,1.1463972859043847,0.792,0.852,0.84,0.012
1,mahalanobis_diag,mean_std_0.0,normalized_union,ratio,0.25,1.371018907187925,0.802,0.852,0.842,0.01
1,mahalanobis_diag,mean_std_0.0,normalized_union,ratio,0.5,1.5914752235623144,0.812,0.852,0.844,0.008
1,mahalanobis_diag,mean_std_0.0,normalized_union,ratio,1.0,2.0347580887631134,0.822,0.852,0.846,0.006
1,mahalanobis_diag,mean_std_0.0,normalized_union,ratio,2.0,2.9281370922345653,0.842,0.852,0.85,0.002
1,mahalanobis_diag,mean_std_0.0,normalized_union,inverse_margin,0.0,1.1463972859043847,0.792,0.852,0.84,0.012
1,mahalanobis_diag,mean_std_0.0,normalized_union,inverse_margin,0.25,3.178730675913652,0.842,0.852,0.85,0.002
1,mahalanobis_diag,mean_std_0.0,normalized_union,inverse_margin,0.5,5.141262195241828,0.842,0.852,0.85,0.002
1,mahalanobis_diag,mean_std_0.0,normalized_union,inverse_margin,1.0,9.023877933014981,0.842,0.852,0.85,0.002
1,mahalanobis_diag,mean_std_0.0,normalized_union,inverse_margin,2.0,16.789109408561288,0.842,0.852,0.85,0.002
1,mahalanobis_diag,mean_std_0.0,normalized_union,max_ratio,0.0,1.1463972859043847,0.792,0.852,0.84,0.012
1,mahalanobis_diag,mean_std_0.0,normalized_union,max_ratio,0.25,1.1463972859043847,0.792,0.852,0.84,0.012
1,mahalanobis_diag,mean_std_0.0,normalized_union,max_ratio,0.5,1.1463972859043847,0.792,0.852,0.84,0.012
1,mahalanobis_diag,mean_std_0.0,normalized_union,max_ratio,1.0,1.1463972859043847,0.792,0.852,0.84,0.012
1,mahalanobis_diag,mean_std_0.0,normalized_union,max_ratio,2.0,1.7728640702797909,0.842,0.852,0.85,0.002
1,mahalanobis_diag,mean_std_0.25,nearest_sphere,none,0.0,1.1042136585951097,0.802,0.852,0.842,0.01
1,mahalanobis_diag,mean_std_0.25,nearest_sphere,none,0.25,1.1042136585951097,0.802,0.852,0.842,0.01
1,mahalanobis_diag,mean_std_0.25,nearest_sphere,none,0.5,1.1042136585951097,0.802,0.852,0.842,0.01
1,mahalanobis_diag,mean_std_0.25,nearest_sphere,none,1.0,1.1042136585951097,0.802,0.852,0.842,0.01
1,mahalanobis_diag,mean_std_0.25,nearest_sphere,none,2.0,1.1042136585951097,0.802,0.852,0.842,0.01
1,mahalanobis_diag,mean_std_0.25,nearest_sphere,ratio,0.0,1.1042136585951097,0.802,0.852,0.842,0.01
1,mahalanobis_diag,mean_std_0.25,nearest_sphere,ratio,0.25,1.3284735158184189,0.812,0.852,0.844,0.008
1,mahalanobis_diag,mean_std_0.25,nearest_sphere,ratio,0.5,1.5487854266132461,0.812,0.852,0.844,0.008
1,mahalanobis_diag,mean_std_0.25,nearest_sphere,ratio,1.0,1.9954255192225423,0.842,0.852,0.85,0.002
1,mahalanobis_diag,mean_std_0.25,nearest_sphere,ratio,2.0,2.885689610114189,0.842,0.852,0.85,0.002
1,mahalanobis_diag,mean_std_0.25,nearest_sphere,inverse_margin,0.0,1.1042136585951097,0.802,0.852,0.842,0.01
1,mahalanobis_diag,mean_std_0.25,nearest_sphere,inverse_margin,0.25,3.135317232772934,0.842,0.852,0.85,0.002
1,mahalanobis_diag,mean_std_0.25,nearest_sphere,inverse_margin,0.5,5.102913088451493,0.842,0.852,0.85,0.002
1,mahalanobis_diag,mean_std_0.25,nearest_sphere,inverse_margin,1.0,8.985528826224646,0.842,0.852,0.85,0.002
1,mahalanobis_diag,mean_std_0.25,nearest_sphere,inverse_margin,2.0,16.750760301770953,0.842,0.852,0.85,0.002
1,mahalanobis_diag,mean_std_0.25,nearest_sphere,max_ratio,0.0,1.1042136585951097,0.802,0.852,0.842,0.01
1,mahalanobis_diag,mean_std_0.25,nearest_sphere,max_ratio,0.25,1.1042136585951097,0.802,0.852,0.842,0.01
1,mahalanobis_diag,mean_std_0.25,nearest_sphere,max_ratio,0.5,1.1042136585951097,0.802,0.852,0.842,0.01
1,mahalanobis_diag,mean_std_0.25,nearest_sphere,max_ratio,1.0,1.1042136585951097,0.802,0.852,0.842,0.01
1,mahalanobis_diag,mean_std_0.25,nearest_sphere,max_ratio,2.0,1.7728640702797909,0.842,0.852,0.85,0.002
1,mahalanobis_diag,mean_std_0.25,normalized_union,none,0.0,1.1042136585951097,0.802,0.852,0.842,0.01
1,mahalanobis_diag,mean_std_0.25,normalized_union,none,0.25,1.1042136585951097,0.802,0.852,0.842,0.01
1,mahalanobis_diag,mean_std_0.25,normalized_union,none,0.5,1.1042136585951097,0.802,0.852,0.842,0.01
1,mahalanobis_diag,mean_std_0.25,normalized_union,none,1.0,1.1042136585951097,0.802,0.852,0.842,0.01
1,mahalanobis_diag,mean_std_0.25,normalized_union,none,2.0,1.1042136585951097,0.802,0.852,0.842,0.01
1,mahalanobis_diag,mean_std_0.25,normalized_union,ratio,0.0,1.1042136585951097,0.802,0.852,0.842,0.01
1,mahalanobis_diag,mean_std_0.25,normalized_union,ratio,0.25,1.3284735158184189,0.812,0.852,0.844,0.008
1,mahalanobis_diag,mean_std_0.25,normalized_union,ratio,0.5,1.5487854266132461,0.812,0.852,0.844,0.008
1,mahalanobis_diag,mean_std_0.25,normalized_union,ratio,1.0,1.9954255192225423,0.842,0.852,0.85,0.002
1,mahalanobis_diag,mean_std_0.25,normalized_union,ratio,2.0,2.885689610114189,0.842,0.852,0.85,0.002
1,mahalanobis_diag,mean_std_0.25,normalized_union,inverse_margin,0.0,1.1042136585951097,0.802,0.852,0.842,0.01
1,mahalanobis_diag,mean_std_0.25,normalized_union,inverse_margin,0.25,3.135317232772934,0.842,0.852,0.85,0.002
1,mahalanobis_diag,mean_std_0.25,normalized_union,inverse_margin,0.5,5.102913088451493,0.842,0.852,0.85,0.002
1,mahalanobis_diag,mean_std_0.25,normalized_union,inverse_margin,1.0,8.985528826224646,0.842,0.852,0.85,0.002
1,mahalanobis_diag,mean_std_0.25,normalized_union,inverse_margin,2.0,16.750760301770953,0.842,0.852,0.85,0.002
1,mahalanobis_diag,mean_std_0.25,normalized_union,max_ratio,0.0,1.1042136585951097,0.802,0.852,0.842,0.01
1,mahalanobis_diag,mean_std_0.25,normalized_union,max_ratio,0.25,1.1042136585951097,0.802,0.852,0.842,0.01
1,mahalanobis_diag,mean_std_0.25,normalized_union,max_ratio,0.5,1.1042136585951097,0.802,0.852,0.842,0.01
1,mahalanobis_diag,mean_std_0.25,normalized_union,max_ratio,1.0,1.1042136585951097,0.802,0.852,0.842,0.01
1,mahalanobis_diag,mean_std_0.25,normalized_union,max_ratio,2.0,1.7728640702797909,0.842,0.852,0.85,0.002
1,mahalanobis_diag,mean_std_0.5,nearest_sphere,none,0.0,1.0699743555793675,0.812,0.852,0.844,0.008
1,mahalanobis_diag,mean_std_0.5,nearest_sphere,none,0.25,1.0699743555793675,0.812,0.852,0.844,0.008
1,mahalanobis_diag,mean_std_0.5,nearest_sphere,none,0.5,1.0699743555793675,0.812,0.852,0.844,0.008
1,mahalanobis_diag,mean_std_0.5,nearest_sphere,none,1.0,1.0699743555793675,0.812,0.852,0.844,0.008
1,mahalanobis_diag,mean_std_0.5,nearest_sphere,none,2.0,1.0699743555793675,0.812,0.852,0.844,0.008
1,mahalanobis_diag,mean_std_0.5,nearest_sphere,ratio,0.0,1.0699743555793675,0.812,0.852,0.844,0.008
1,mahalanobis_diag,mean_std_0.5,nearest_sphere,ratio,0.25,1.2954148341115448,0.812,0.852,0.844,0.008
1,mahalanobis_diag,mean_std_0.5,nearest_sphere,ratio,0.5,1.5110042002398418,0.812,0.852,0.844,0.008
1,mahalanobis_diag,mean_std_0.5,nearest_sphere,ratio,1.0,1.9530404493767013,0.842,0.852,0.85,0.002
1,mahalanobis_diag,mean_std_0.5,nearest_sphere,ratio,2.0,2.8509733460112257,0.842,0.852,0.85,0.002
1,mahalanobis_diag,mean_std_0.5,nearest_sphere,inverse_margin,0.0,1.0699743555793675,0.812,0.852,0.844,0.008
1,mahalanobis_diag,mean_std_0.5,nearest_sphere,inverse_margin,0.25,3.095171910893394,0.842,0.852,0.85,0.002
1,mahalanobis_diag,mean_std_0.5,nearest_sphere,inverse_margin,0.5,5.0668317673531735,0.842,0.852,0.85,0.002
1,mahalanobis_diag,mean_std_0.5,nearest_sphere,inverse_margin,1.0,8.949447505126328,0.842,0.852,0.85,0.002
1,mahalanobis_diag,mean_std_0.5,nearest_sphere,inverse_margin,2.0,16.714678980672634,0.842,0.852,0.85,0.002
1,mahalanobis_diag,mean_std_0.5,nearest_sphere,max_ratio,0.0,1.0699743555793675,0.812,0.852,0.844,0.008
1,mahalanobis_diag,mean_std_0.5,nearest_sphere,max_ratio,0.25,1.0699743555793675,0.812,0.852,0.844,0.008
1,mahalanobis_diag,mean_std_0.5,nearest_sphere,max_ratio,0.5,1.0699743555793675,0.812,0.852,0.844,0.008
1,mahalanobis_diag,mean_std_0.5,nearest_sphere,max_ratio,1.0,1.0699743555793675,0.812,0.852,0.844,0.008
1,mahalanobis_diag,mean_std_0.5,nearest_sphere,max_ratio,2.0,1.7728640702797909,0.842,0.852,0.85,0.002
1,mahalanobis_diag,mean_std_0.5,normalized_union,none,0.0,1.0699743555793675,0.812,0.852,0.844,0.008
1,mahalanobis_diag,mean_std_0.5,normalized_union,none,0.25,1.0699743555793675,0.812,0.852,0.844,0.008
1,mahalanobis_diag,mean_std_0.5,normalized_union,none,0.5,1.0699743555793675,0.812,0.852,0.844,0.008
1,mahalanobis_diag,mean_std_0.5,normalized_union,none,1.0,1.0699743555793675,0.812,0.852,0.844,0.008
1,mahalanobis_diag,mean_std_0.5,normalized_union,none,2.0,1.0699743555793675,0.812,0.852,0.844,0.008
1,mahalanobis_diag,mean_std_0.5,normalized_union,ratio,0.0,1.0699743555793675,0.812,0.852,0.844,0.008
1,mahalanobis_diag,mean_std_0.5,normalized_union,ratio,0.25,1.2954148341115448,0.812,0.852,0.844,0.008
1,mahalanobis_diag,mean_std_0.5,normalized_union,ratio,0.5,1.5110042002398418,0.812,0.852,0.844,0.008
1,mahalanobis_diag,mean_std_0.5,normalized_union,ratio,1.0,1.9530404493767013,0.842,0.852,0.85,0.002
1,mahalanobis_diag,mean_std_0.5,normalized_union,ratio,2.0,2.8509733460112257,0.842,0.852,0.85,0.002
1,mahalanobis_diag,mean_std_0.5,normalized_union,inverse_margin,0.0,1.0699743555793675,0.812,0.852,0.844,0.008
1,mahalanobis_diag,mean_std_0.5,normalized_union,inverse_margin,0.25,3.095171910893394,0.842,0.852,0.85,0.002
1,mahalanobis_diag,mean_std_0.5,normalized_union,inverse_margin,0.5,5.0668317673531735,0.842,0.852,0.85,0.002
1,mahalanobis_diag,mean_std_0.5,normalized_union,inverse_margin,1.0,8.949447505126328,0.842,0.852,0.85,0.002
1,mahalanobis_diag,mean_std_0.5,normalized_union,inverse_margin,2.0,16.714678980672634,0.842,0.852,0.85,0.002
1,mahalanobis_diag,mean_std_0.5,normalized_union,max_ratio,0.0,1.0699743555793675,0.812,0.852,0.844,0.008
1,mahalanobis_diag,mean_std_0.5,normalized_union,max_ratio,0.25,1.0699743555793675,0.812,0.852,0.844,0.008
1,mahalanobis_diag,mean_std_0.5,normalized_union,max_ratio,0.5,1.0699743555793675,0.812,0.852,0.844,0.008
1,mahalanobis_diag,mean_std_0.5,normalized_union,max_ratio,1.0,1.0699743555793675,0.812,0.852,0.844,0.008
1,mahalanobis_diag,mean_std_0.5,normalized_union,max_ratio,2.0,1.7728640702797909,0.842,0.852,0.85,0.002
1,mahalanobis_diag,mean_std_0.75,nearest_sphere,none,0.0,1.0392462883510105,0.812,0.852,0.844,0.008
1,mahalanobis_diag,mean_std_0.75,nearest_sphere,none,0.25,1.0392462883510105,0.812,0.852,0.844,0.008
1,mahalanobis_diag,mean_std_0.75,nearest_sphere,none,0.5,1.0392462883510105,0.812,0.852,0.844,0.008
1,mahalanobis_diag,mean_std_0.75,nearest_sphere,none,1.0,1.0392462883510105,0.812,0.852,0.844,0.008
1,mahalanobis_diag,mean_std_0.75,nearest_sphere,none,2.0,1.0392462883510105,0.812,0.852,0.844,0.008
1,mahalanobis_diag,mean_std_0.75,nearest_sphere,ratio,0.0,1.0392462883510105,0.812,0.852,0.844,0.008
1,mahalanobis_diag,mean_std_0.75,nearest_sphere,ratio,0.25,1.2582964518785895,0.812,0.852,0.844,0.008
1,mahalanobis_diag,mean_std_0.75,nearest_sphere,ratio,0.5,1.4773144149434463,0.832,0.852,0.848,0.004
1,mahalanobis_diag,mean_std_0.75,nearest_sphere,ratio,1.0,1.920220318101864,0.842,0.852,0.85,0.002
1,mahalanobis_diag,mean_std_0.75,nearest_sphere,ratio,2.0,2.8182510805339502,0.842,0.852,0.85,0.002
1,mahalanobis_diag,mean_std_0.75,nearest_sphere,inverse_margin,0.0,1.0392462883510105,0.812,0.852,0.844,0.008
1,mahalanobis_diag,mean_std_0.75,nearest_sphere,inverse_margin,0.25,3.057939065155427,0.842,0.852,0.85,0.002
1,mahalanobis_diag,mean_std_0.75,nearest_sphere,inverse_margin,0.5,5.032822849681376,0.842,0.852,0.85,0.002
1,mahalanobis_diag,mean_std_0.75,nearest_sphere,inverse_margin,1.0,8.91543858745453,0.842,0.852,0.85,0.002
1,mahalanobis_diag,mean_std_0.75,nearest_sphere,inverse_margin,2.0,16.680670063000836,0.842,0.852,0.85,0.002
1,mahalanobis_diag,mean_std_0.75,nearest_sphere,max_ratio,0.0,1.0392462883510105,0.812,0.852,0.844,0.008
1,mahalanobis_diag,mean_std_0.75,nearest_sphere,max_ratio,0.25,1.0392462883510105,0.812,0.852,0.844,0.008
1,mahalanobis_diag,mean_std_0.75,nearest_sphere,max_ratio,0.5,1.0392462883510105,0.812,0.852,0.844,0.008
1,mahalanobis_diag,mean_std_0.75,nearest_sphere,max_ratio,1.0,1.0392462883510105,0.812,0.852,0.844,0.008
1,mahalanobis_diag,mean_std_0.75,nearest_sphere,max_ratio,2.0,1.7728640702797909,0.842,0.852,0.85,0.002
1,mahalanobis_diag,mean_std_0.75,normalized_union,none,0.0,1.0390628561697366,0.812,0.852,0.844,0.008
1,mahalanobis_diag,mean_std_0.75,normalized_union,none,0.25,1.0390628561697366,0.812,0.852,0.844,0.008
1,mahalanobis_diag,mean_std_0.75,normalized_union,none,0.5,1.0390628561697366,0.812,0.852,0.844,0.008
1,mahalanobis_diag,mean_std_0.75,normalized_union,none,1.0,1.0390628561697366,0.812,0.852,0.844,0.008
1,mahalanobis_diag,mean_std_0.75,normalized_union,none,2.0,1.0390628561697366,0.812,0.852,0.844,0.008
1,mahalanobis_diag,mean_std_0.75,normalized_union,ratio,0.0,1.0390628561697366,0.812,0.852,0.844,0.008
1,mahalanobis_diag,mean_std_0.75,normalized_union,ratio,0.25,1.2582964518785895,0.812,0.852,0.844,0.008
1,mahalanobis_diag,mean_std_0.75,normalized_union,ratio,0.5,1.4773144149434463,0.832,0.852,0.848,0.004
1,mahalanobis_diag,mean_std_0.75,normalized_union,ratio,1.0,1.920220318101864,0.842,0.852,0.85,0.002
1,mahalanobis_diag,mean_std_0.75,normalized_union,ratio,2.0,2.8182510805339502,0.842,0.852,0.85,0.002
1,mahalanobis_diag,mean_std_0.75,normalized_union,inverse_margin,0.0,1.0390628561697366,0.812,0.852,0.844,0.008
1,mahalanobis_diag,mean_std_0.75,normalized_union,inverse_margin,0.25,3.057939065155427,0.842,0.852,0.85,0.002
1,mahalanobis_diag,mean_std_0.75,normalized_union,inverse_margin,0.5,5.032822849681376,0.842,0.852,0.85,0.002
1,mahalanobis_diag,mean_std_0.75,normalized_union,inverse_margin,1.0,8.91543858745453,0.842,0.852,0.85,0.002
1,mahalanobis_diag,mean_std_0.75,normalized_union,inverse_margin,2.0,16.680670063000836,0.842,0.852,0.85,0.002
1,mahalanobis_diag,mean_std_0.75,normalized_union,max_ratio,0.0,1.0390628561697366,0.812,0.852,0.844,0.008
1,mahalanobis_diag,mean_std_0.75,normalized_union,max_ratio,0.25,1.0390628561697366,0.812,0.852,0.844,0.008
1,mahalanobis_diag,mean_std_0.75,normalized_union,max_ratio,0.5,1.0390628561697366,0.812,0.852,0.844,0.008
1,mahalanobis_diag,mean_std_0.75,normalized_union,max_ratio,1.0,1.0390628561697366,0.812,0.852,0.844,0.008
1,mahalanobis_diag,mean_std_0.75,normalized_union,max_ratio,2.0,1.7728640702797909,0.842,0.852,0.85,0.002
1,mahalanobis_diag,mean_std_1.0,nearest_sphere,none,0.0,1.0063136295281756,0.812,0.852,0.844,0.008
1,mahalanobis_diag,mean_std_1.0,nearest_sphere,none,0.25,1.0063136295281756,0.812,0.852,0.844,0.008
1,mahalanobis_diag,mean_std_1.0,nearest_sphere,none,0.5,1.0063136295281756,0.812,0.852,0.844,0.008
1,mahalanobis_diag,mean_std_1.0,nearest_sphere,none,1.0,1.0063136295281756,0.812,0.852,0.844,0.008
1,mahalanobis_diag,mean_std_1.0,nearest_sphere,none,2.0,1.0063136295281756,0.812,0.852,0.844,0.008
1,mahalanobis_diag,mean_std_1.0,nearest_sphere,ratio,0.0,1.0063136295281756,0.812,0.852,0.844,0.008
1,mahalanobis_diag,mean_std_1.0,nearest_sphere,ratio,0.25,1.2249674972895175,0.812,0.852,0.844,0.008
1,mahalanobis_diag,mean_std_1.0,nearest_sphere,ratio,0.5,1.4460757339811976,0.832,0.852,0.848,0.004
1,mahalanobis_diag,mean_std_1.0,nearest_sphere,ratio,1.0,1.8858839942002055,0.832,0.852,0.848,0.004
1,mahalanobis_diag,mean_std_1.0,nearest_sphere,ratio,2.0,2.781067346931616,0.842,0.852,0.85,0.002
1,mahalanobis_diag,mean_std_1.0,nearest_sphere,inverse_margin,0.0,1.0063136295281756,0.812,0.852,0.844,0.008
1,mahalanobis_diag,mean_std_1.0,nearest_sphere,inverse_margin,0.25,3.023312847030082,0.842,0.852,0.85,0.002
1,mahalanobis_diag,mean_std_1.0,nearest_sphere,inverse_margin,0.5,5.000712770945387,0.842,0.852,0.85,0.002
1,mahalanobis_diag,mean_std_1.0,nearest_sphere,inverse_margin,1.0,8.88332850871854,0.842,0.852,0.85,0.002
1,mahalanobis_diag,mean_std_1.0,nearest_sphere,inverse_margin,2.0,16.648559984264846,0.842,0.852,0.85,0.002
1,mahalanobis_diag,mean_std_1.0,nearest_sphere,max_ratio,0.0,1.0063136295281756,0.812,0.852,0.844,0.008
1,mahalanobis_diag,mean_std_1.0,nearest_sphere,max_ratio,0.25,1.0063136295281756,0.812,0.852,0.844,0.008
1,mahalanobis_diag,mean_std_1.0,nearest_sphere,max_ratio,0.5,1.0063136295281756,0.812,0.852,0.844,0.008
1,mahalanobis_diag,mean_std_1.0,nearest_sphere,max_ratio,1.0,1.0063136295281756,0.812,0.852,0.844,0.008
1,mahalanobis_diag,mean_std_1.0,nearest_sphere,max_ratio,2.0,1.7728640702797909,0.842,0.852,0.85,0.002
1,mahalanobis_diag,mean_std_1.0,normalized_union,none,0.0,1.005925672468055,0.812,0.852,0.844,0.008
1,mahalanobis_diag,mean_std_1.0,normalized_union,none,0.25,1.005925672468055,0.812,0.852,0.844,0.008
1,mahalanobis_diag,mean_std_1.0,normalized_union,none,0.5,1.005925672468055,0.812,0.852,0.844,0.008
1,mahalanobis_diag,mean_std_1.0,normalized_union,none,1.0,1.005925672468055,0.812,0.852,0.844,0.008
1,mahalanobis_diag,mean_std_1.0,normalized_union,none,2.0,1.005925672468055,0.812,0.852,0.844,0.008
1,mahalanobis_diag,mean_std_1.0,normalized_union,ratio,0.0,1.005925672468055,0.812,0.852,0.844,0.008
1,mahalanobis_diag,mean_std_1.0,normalized_union,ratio,0.25,1.2249674972895175,0.812,0.852,0.844,0.008
1,mahalanobis_diag,mean_std_1.0,normalized_union,ratio,0.5,1.4460757339811976,0.832,0.852,0.848,0.004
1,mahalanobis_diag,mean_std_1.0,normalized_union,ratio,1.0,1.8858839942002055,0.832,0.852,0.848,0.004
1,mahalanobis_diag,mean_std_1.0,normalized_union,ratio,2.0,2.781067346931616,0.842,0.852,0.85,0.002
1,mahalanobis_diag,mean_std_1.0,normalized_union,inverse_margin,0.0,1.005925672468055,0.812,0.852,0.844,0.008
1,mahalanobis_diag,mean_std_1.0,normalized_union,inverse_margin,0.25,3.023312847030082,0.842,0.852,0.85,0.002
1,mahalanobis_diag,mean_std_1.0,normalized_union,inverse_margin,0.5,5.000712770945387,0.842,0.852,0.85,0.002
1,mahalanobis_diag,mean_std_1.0,normalized_union,inverse_margin,1.0,8.88332850871854,0.842,0.852,0.85,0.002
1,mahalanobis_diag,mean_std_1.0,normalized_union,inverse_margin,2.0,16.648559984264846,0.842,0.852,0.85,0.002
1,mahalanobis_diag,mean_std_1.0,normalized_union,max_ratio,0.0,1.005925672468055,0.812,0.852,0.844,0.008
1,mahalanobis_diag,mean_std_1.0,normalized_union,max_ratio,0.25,1.005925672468055,0.812,0.852,0.844,0.008
1,mahalanobis_diag,mean_std_1.0,normalized_union,max_ratio,0.5,1.005925672468055,0.812,0.852,0.844,0.008
1,mahalanobis_diag,mean_std_1.0,normalized_union,max_ratio,1.0,1.005925672468055,0.812,0.852,0.844,0.008
1,mahalanobis_diag,mean_std_1.0,normalized_union,max_ratio,2.0,1.7728640702797909,0.842,0.852,0.85,0.002
1,mahalanobis_diag,mean_std_1.5,nearest_sphere,none,0.0,0.9451722086803307,0.812,0.852,0.844,0.008
1,mahalanobis_diag,mean_std_1.5,nearest_sphere,none,0.25,0.9451722086803307,0.812,0.852,0.844,0.008
1,mahalanobis_diag,mean_std_1.5,nearest_sphere,none,0.5,0.9451722086803307,0.812,0.852,0.844,0.008
1,mahalanobis_diag,mean_std_1.5,nearest_sphere,none,1.0,0.9451722086803307,0.812,0.852,0.844,0.008
1,mahalanobis_diag,mean_std_1.5,nearest_sphere,none,2.0,0.9451722086803307,0.812,0.852,0.844,0.008
1,mahalanobis_diag,mean_std_1.5,nearest_sphere,ratio,0.0,0.9451722086803307,0.812,0.852,0.844,0.008
1,mahalanobis_diag,mean_std_1.5,nearest_sphere,ratio,0.25,1.170516692041619,0.822,0.852,0.846,0.006
1,mahalanobis_diag,mean_std_1.5,nearest_sphere,ratio,0.5,1.3919423597729867,0.832,0.852,0.848,0.004
1,mahalanobis_diag,mean_std_1.5,nearest_sphere,ratio,1.0,1.8225761337714248,0.832,0.852,0.848,0.004
1,mahalanobis_diag,mean_std_1.5,nearest_sphere,ratio,2.0,2.7138281046273773,0.842,0.852,0.85,0.002
1,mahalanobis_diag,mean_std_1.5,nearest_sphere,inverse_margin,0.0,0.9451722086803307,0.812,0.852,0.844,0.008
1,mahalanobis_diag,mean_std_1.5,nearest_sphere,inverse_margin,0.25,2.960857010886925,0.842,0.852,0.85,0.002
1,mahalanobis_diag,mean_std_1.5,nearest_sphere,inverse_margin,0.5,4.94158665499781,0.842,0.852,0.85,0.002
1,mahalanobis_diag,mean_std_1.5,nearest_sphere,inverse_margin,1.0,8.824202392770964,0.842,0.852,0.85,0.002
1,mahalanobis_diag,mean_std_1.5,nearest_sphere,inverse_margin,2.0,16.589433868317272,0.842,0.852,0.85,0.002
1,mahalanobis_diag,mean_std_1.5,nearest_sphere,max_ratio,0.0,0.9451722086803307,0.812,0.852,0.844,0.008
1,mahalanobis_diag,mean_std_1.5,nearest_sphere,max_ratio,0.25,0.9451722086803307,0.812,0.852,0.844,0.008
1,mahalanobis_diag,mean_std_1.5,nearest_sphere,max_ratio,0.5,0.9451722086803307,0.812,0.852,0.844,0.008
1,mahalanobis_diag,mean_std_1.5,nearest_sphere,max_ratio,1.0,0.9497565772773179,0.812,0.852,0.844,0.008
1,mahalanobis_diag,mean_std_1.5,nearest_sphere,max_ratio,2.0,1.7728640702797909,0.842,0.852,0.85,0.002
1,mahalanobis_diag,mean_std_1.5,normalized_union,none,0.0,0.9435499576307477,0.822,0.852,0.846,0.006
1,mahalanobis_diag,mean_std_1.5,normalized_union,none,0.25,0.9435499576307477,0.822,0.852,0.846,0.006
1,mahalanobis_diag,mean_std_1.5,normalized_union,none,0.5,0.9435499576307477,0.822,0.852,0.846,0.006
1,mahalanobis_diag,mean_std_1.5,normalized_union,none,1.0,0.9435499576307477,0.822,0.852,0.846,0.006
1,mahalanobis_diag,mean_std_1.5,normalized_union,none,2.0,0.9435499576307477,0.822,0.852,0.846,0.006
1,mahalanobis_diag,mean_std_1.5,normalized_union,ratio,0.0,0.9435499576307477,0.822,0.852,0.846,0.006
1,mahalanobis_diag,mean_std_1.5,normalized_union,ratio,0.25,1.170516692041619,0.822,0.852,0.846,0.006
1,mahalanobis_diag,mean_std_1.5,normalized_union,ratio,0.5,1.3919423597729867,0.832,0.852,0.848,0.004
1,mahalanobis_diag,mean_std_1.5,normalized_union,ratio,1.0,1.8225761337714248,0.832,0.852,0.848,0.004
1,mahalanobis_diag,mean_std_1.5,normalized_union,ratio,2.0,2.7138281046273773,0.842,0.852,0.85,0.002
1,mahalanobis_diag,mean_std_1.5,normalized_union,inverse_margin,0.0,0.9435499576307477,0.822,0.852,0.846,0.006
1,mahalanobis_diag,mean_std_1.5,normalized_union,inverse_margin,0.25,2.960857010886925,0.842,0.852,0.85,0.002
1,mahalanobis_diag,mean_std_1.5,normalized_union,inverse_margin,0.5,4.94158665499781,0.842,0.852,0.85,0.002
1,mahalanobis_diag,mean_std_1.5,normalized_union,inverse_margin,1.0,8.824202392770964,0.842,0.852,0.85,0.002
1,mahalanobis_diag,mean_std_1.5,normalized_union,inverse_margin,2.0,16.589433868317272,0.842,0.852,0.85,0.002
1,mahalanobis_diag,mean_std_1.5,normalized_union,max_ratio,0.0,0.9435499576307477,0.822,0.852,0.846,0.006
1,mahalanobis_diag,mean_std_1.5,normalized_union,max_ratio,0.25,0.9435499576307477,0.822,0.852,0.846,0.006
1,mahalanobis_diag,mean_std_1.5,normalized_union,max_ratio,0.5,0.9435499576307477,0.822,0.852,0.846,0.006
1,mahalanobis_diag,mean_std_1.5,normalized_union,max_ratio,1.0,0.9497565772773179,0.812,0.852,0.844,0.008
1,mahalanobis_diag,mean_std_1.5,normalized_union,max_ratio,2.0,1.7728640702797909,0.842,0.852,0.85,0.002
1,mahalanobis_diag,mean_std_2.0,nearest_sphere,none,0.0,0.8938298962950939,0.822,0.852,0.846,0.006
1,mahalanobis_diag,mean_std_2.0,nearest_sphere,none,0.25,0.8938298962950939,0.822,0.852,0.846,0.006
1,mahalanobis_diag,mean_std_2.0,nearest_sphere,none,0.5,0.8938298962950939,0.822,0.852,0.846,0.006
1,mahalanobis_diag,mean_std_2.0,nearest_sphere,none,1.0,0.8938298962950939,0.822,0.852,0.846,0.006
1,mahalanobis_diag,mean_std_2.0,nearest_sphere,none,2.0,0.8938298962950939,0.822,0.852,0.846,0.006
1,mahalanobis_diag,mean_std_2.0,nearest_sphere,ratio,0.0,0.8938298962950939,0.822,0.852,0.846,0.006
1,mahalanobis_diag,mean_std_2.0,nearest_sphere,ratio,0.25,1.1181213673658932,0.832,0.852,0.848,0.004
1,mahalanobis_diag,mean_std_2.0,nearest_sphere,ratio,0.5,1.3368941455449315,0.832,0.852,0.848,0.004
1,mahalanobis_diag,mean_std_2.0,nearest_sphere,ratio,1.0,1.7709986817035235,0.832,0.852,0.848,0.004
1,mahalanobis_diag,mean_std_2.0,nearest_sphere,ratio,2.0,2.657558520353276,0.842,0.852,0.85,0.002
1,mahalanobis_diag,mean_std_2.0,nearest_sphere,inverse_margin,0.0,0.8938298962950939,0.822,0.852,0.846,0.006
1,mahalanobis_diag,mean_std_2.0,nearest_sphere,inverse_margin,0.25,2.9060720374786646,0.842,0.852,0.85,0.002
1,mahalanobis_diag,mean_std_2.0,nearest_sphere,inverse_margin,0.5,4.888399765762959,0.842,0.852,0.85,0.002
1,mahalanobis_diag,mean_std_2.0,nearest_sphere,inverse_margin,1.0,8.771015503536113,0.842,0.852,0.85,0.002
1,mahalanobis_diag,mean_std_2.0,nearest_sphere,inverse_margin,2.0,16.53624697908242,0.842,0.852,0.85,0.002
1,mahalanobis_diag,mean_std_2.0,nearest_sphere,max_ratio,0.0,0.8938298962950939,0.822,0.852,0.846,0.006
1,mahalanobis_diag,mean_std_2.0,nearest_sphere,max_ratio,0.25,0.8938298962950939,0.822,0.852,0.846,0.006
1,mahalanobis_diag,mean_std_2.0,nearest_sphere,max_ratio,0.5,0.8938298962950939,0.822,0.852,0.846,0.006
1,mahalanobis_diag,mean_std_2.0,nearest_sphere,max_ratio,1.0,0.916978759263639,0.822,0.852,0.846,0.006
1,mahalanobis_diag,mean_std_2.0,nearest_sphere,max_ratio,2.0,1.7728640702797909,0.842,0.852,0.85,0.002
1,mahalanobis_diag,mean_std_2.0,normalized_union,none,0.0,0.8882965684708614,0.832,0.852,0.848,0.004
1,mahalanobis_diag,mean_std_2.0,normalized_union,none,0.25,0.8882965684708614,0.832,0.852,0.848,0.004
1,mahalanobis_diag,mean_std_2.0,normalized_union,none,0.5,0.8882965684708614,0.832,0.852,0.848,0.004
1,mahalanobis_diag,mean_std_2.0,normalized_union,none,1.0,0.8882965684708614,0.832,0.852,0.848,0.004
1,mahalanobis_diag,mean_std_2.0,normalized_union,none,2.0,0.8882965684708614,0.832,0.852,0.848,0.004
1,mahalanobis_diag,mean_std_2.0,normalized_union,ratio,0.0,0.8882965684708614,0.832,0.852,0.848,0.004
1,mahalanobis_diag,mean_std_2.0,normalized_union,ratio,0.25,1.1181213673658932,0.832,0.852,0.848,0.004
1,mahalanobis_diag,mean_std_2.0,normalized_union,ratio,0.5,1.3368941455449315,0.832,0.852,0.848,0.004
1,mahalanobis_diag,mean_std_2.0,normalized_union,ratio,1.0,1.7709986817035235,0.832,0.852,0.848,0.004
1,mahalanobis_diag,mean_std_2.0,normalized_union,ratio,2.0,2.657558520353276,0.842,0.852,0.85,0.002
1,mahalanobis_diag,mean_std_2.0,normalized_union,inverse_margin,0.0,0.8882965684708614,0.832,0.852,0.848,0.004
1,mahalanobis_diag,mean_std_2.0,normalized_union,inverse_margin,0.25,2.9060720374786646,0.842,0.852,0.85,0.002
1,mahalanobis_diag,mean_std_2.0,normalized_union,inverse_margin,0.5,4.888399765762959,0.842,0.852,0.85,0.002
1,mahalanobis_diag,mean_std_2.0,normalized_union,inverse_margin,1.0,8.771015503536113,0.842,0.852,0.85,0.002
1,mahalanobis_diag,mean_std_2.0,normalized_union,inverse_margin,2.0,16.53624697908242,0.842,0.852,0.85,0.002
1,mahalanobis_diag,mean_std_2.0,normalized_union,max_ratio,0.0,0.8882965684708614,0.832,0.852,0.848,0.004
1,mahalanobis_diag,mean_std_2.0,normalized_union,max_ratio,0.25,0.8882965684708614,0.832,0.852,0.848,0.004
1,mahalanobis_diag,mean_std_2.0,normalized_union,max_ratio,0.5,0.8882965684708614,0.832,0.852,0.848,0.004
1,mahalanobis_diag,mean_std_2.0,normalized_union,max_ratio,1.0,0.916978759263639,0.822,0.852,0.846,0.006
1,mahalanobis_diag,mean_std_2.0,normalized_union,max_ratio,2.0,1.7728640702797909,0.842,0.852,0.85,0.002
1,mahalanobis_diag,mean_std_3.0,nearest_sphere,none,0.0,0.8067708180896279,0.832,0.852,0.848,0.004
1,mahalanobis_diag,mean_std_3.0,nearest_sphere,none,0.25,0.8067708180896279,0.832,0.852,0.848,0.004
1,mahalanobis_diag,mean_std_3.0,nearest_sphere,none,0.5,0.8067708180896279,0.832,0.852,0.848,0.004
1,mahalanobis_diag,mean_std_3.0,nearest_sphere,none,1.0,0.8067708180896279,0.832,0.852,0.848,0.004
1,mahalanobis_diag,mean_std_3.0,nearest_sphere,none,2.0,0.8067708180896279,0.832,0.852,0.848,0.004
1,mahalanobis_diag,mean_std_3.0,nearest_sphere,ratio,0.0,0.8067708180896279,0.832,0.852,0.848,0.004
1,mahalanobis_diag,mean_std_3.0,nearest_sphere,ratio,0.25,1.0253287863377778,0.832,0.852,0.848,0.004
1,mahalanobis_diag,mean_std_3.0,nearest_sphere,ratio,0.5,1.2506392012695504,0.832,0.852,0.848,0.004
1,mahalanobis_diag,mean_std_3.0,nearest_sphere,ratio,1.0,1.6813931299389886,0.832,0.852,0.848,0.004
1,mahalanobis_diag,mean_std_3.0,nearest_sphere,ratio,2.0,2.566532058438911,0.842,0.852,0.85,0.002
1,mahalanobis_diag,mean_std_3.0,nearest_sphere,inverse_margin,0.0,0.8067708180896279,0.832,0.852,0.848,0.004
1,mahalanobis_diag,mean_std_3.0,nearest_sphere,inverse_margin,0.25,2.8144801796499284,0.842,0.852,0.85,0.002
1,mahalanobis_diag,mean_std_3.0,nearest_sphere,inverse_margin,0.5,4.796590837660359,0.842,0.852,0.85,0.002
1,mahalanobis_diag,mean_std_3.0,nearest_sphere,inverse_margin,1.0,8.679206575433511,0.842,0.852,0.85,0.002
1,mahalanobis_diag,mean_std_3.0,nearest_sphere,inverse_margin,2.0,16.44443805097982,0.842,0.852,0.85,0.002
1,mahalanobis_diag,mean_std_3.0,nearest_sphere,max_ratio,0.0,0.8067708180896279,0.832,0.852,0.848,0.004
1,mahalanobis_diag,mean_std_3.0,nearest_sphere,max_ratio,0.25,0.8067708180896279,0.832,0.852,0.848,0.004
1,mahalanobis_diag,mean_std_3.0,nearest_sphere,max_ratio,0.5,0.8067708180896279,0.832,0.852,0.848,0.004
1,mahalanobis_diag,mean_std_3.0,nearest_sphere,max_ratio,1.0,0.8921829718761751,0.842,0.852,0.85,0.002
1,mahalanobis_diag,mean_std_3.0,nearest_sphere,max_ratio,2.0,1.7728640702797909,0.842,0.852,0.85,0.002
1,mahalanobis_diag,mean_std_3.0,normalized_union,none,0.0,0.8056873916415076,0.832,0.852,0.848,0.004
1,mahalanobis_diag,mean_std_3.0,normalized_union,none,0.25,0.8056873916415076,0.832,0.852,0.848,0.004
1,mahalanobis_diag,mean_std_3.0,normalized_union,none,0.5,0.8056873916415076,0.832,0.852,0.848,0.004
1,mahalanobis_diag,mean_std_3.0,normalized_union,none,1.0,0.8056873916415076,0.832,0.852,0.848,0.004
1,mahalanobis_diag,mean_std_3.0,normalized_union,none,2.0,0.8056873916415076,0.832,0.852,0.848,0.004
1,mahalanobis_diag,mean_std_3.0,normalized_union,ratio,0.0,0.8056873916415076,0.832,0.852,0.848,0.004
1,mahalanobis_diag,mean_std_3.0,normalized_union,ratio,0.25,1.0253287863377778,0.832,0.852,0.848,0.004
1,mahalanobis_diag,mean_std_3.0,normalized_union,ratio,0.5,1.2506392012695504,0.832,0.852,0.848,0.004
1,mahalanobis_diag,mean_std_3.0,normalized_union,ratio,1.0,1.6813931299389886,0.832,0.852,0.848,0.004
1,mahalanobis_diag,mean_std_3.0,normalized_union,ratio,2.0,2.566532058438911,0.842,0.852,0.85,0.002
1,mahalanobis_diag,mean_std_3.0,normalized_union,inverse_margin,0.0,0.8056873916415076,0.832,0.852,0.848,0.004
1,mahalanobis_diag,mean_std_3.0,normalized_union,inverse_margin,0.25,2.8144801796499284,0.842,0.852,0.85,0.002
1,mahalanobis_diag,mean_std_3.0,normalized_union,inverse_margin,0.5,4.796590837660359,0.842,0.852,0.85,0.002
1,mahalanobis_diag,mean_std_3.0,normalized_union,inverse_margin,1.0,8.679206575433511,0.842,0.852,0.85,0.002
1,mahalanobis_diag,mean_std_3.0,normalized_union,inverse_margin,2.0,16.44443805097982,0.842,0.852,0.85,0.002
1,mahalanobis_diag,mean_std_3.0,normalized_union,max_ratio,0.0,0.8056873916415076,0.832,0.852,0.848,0.004
1,mahalanobis_diag,mean_std_3.0,normalized_union,max_ratio,0.25,0.8056873916415076,0.832,0.852,0.848,0.004
1,mahalanobis_diag,mean_std_3.0,normalized_union,max_ratio,0.5,0.8056873916415076,0.832,0.852,0.848,0.004
1,mahalanobis_diag,mean_std_3.0,normalized_union,max_ratio,1.0,0.8921829718761751,0.842,0.852,0.85,0.002
1,mahalanobis_diag,mean_std_3.0,normalized_union,max_ratio,2.0,1.7728640702797909,0.842,0.852,0.85,0.002
1,mahalanobis_diag,center_quantile_0.5,nearest_sphere,none,0.0,1.1857511987670806,0.792,0.852,0.84,0.012
1,mahalanobis_diag,center_quantile_0.5,nearest_sphere,none,0.25,1.1857511987670806,0.792,0.852,0.84,0.012
1,mahalanobis_diag,center_quantile_0.5,nearest_sphere,none,0.5,1.1857511987670806,0.792,0.852,0.84,0.012
1,mahalanobis_diag,center_quantile_0.5,nearest_sphere,none,1.0,1.1857511987670806,0.792,0.852,0.84,0.012
1,mahalanobis_diag,center_quantile_0.5,nearest_sphere,none,2.0,1.1857511987670806,0.792,0.852,0.84,0.012
1,mahalanobis_diag,center_quantile_0.5,nearest_sphere,ratio,0.0,1.1857511987670806,0.792,0.852,0.84,0.012
1,mahalanobis_diag,center_quantile_0.5,nearest_sphere,ratio,0.25,1.4134632630762338,0.802,0.852,0.842,0.01
1,mahalanobis_diag,center_quantile_0.5,nearest_sphere,ratio,0.5,1.633443757001877,0.822,0.852,0.846,0.006
1,mahalanobis_diag,center_quantile_0.5,nearest_sphere,ratio,1.0,2.077369241613906,0.822,0.852,0.846,0.006
1,mahalanobis_diag,center_quantile_0.5,nearest_sphere,ratio,2.0,2.968249395783203,0.842,0.852,0.85,0.002
1,mahalanobis_diag,center_quantile_0.5,nearest_sphere,inverse_margin,0.0,1.1857511987670806,0.792,0.852,0.84,0.012
1,mahalanobis_diag,center_quantile_0.5,nearest_sphere,inverse_margin,0.25,3.219976225764198,0.842,0.852,0.85,0.002
1,mahalanobis_diag,center_quantile_0.5,nearest_sphere,inverse_margin,0.5,5.18247177396781,0.842,0.852,0.85,0.002
1,mahalanobis_diag,center_quantile_0.5,nearest_sphere,inverse_margin,1.0,9.065087511740964,0.842,0.852,0.85,0.002
1,mahalanobis_diag,center_quantile_0.5,nearest_sphere,inverse_margin,2.0,16.83031898728727,0.842,0.852,0.85,0.002
1,mahalanobis_diag,center_quantile_0.5,nearest_sphere,max_ratio,0.0,1.1857511987670806,0.792,0.852,0.84,0.012
1,mahalanobis_diag,center_quantile_0.5,nearest_sphere,max_ratio,0.25,1.1857511987670806,0.792,0.852,0.84,0.012
1,mahalanobis_diag,center_quantile_0.5,nearest_sphere,max_ratio,0.5,1.1857511987670806,0.792,0.852,0.84,0.012
1,mahalanobis_diag,center_quantile_0.5,nearest_sphere,max_ratio,1.0,1.1857511987670806,0.792,0.852,0.84,0.012
1,mahalanobis_diag,center_quantile_0.5,nearest_sphere,max_ratio,2.0,1.7728640702797909,0.842,0.852,0.85,0.002
1,mahalanobis_diag,center_quantile_0.5,normalized_union,none,0.0,1.1857511987670806,0.792,0.852,0.84,0.012
1,mahalanobis_diag,center_quantile_0.5,normalized_union,none,0.25,1.1857511987670806,0.792,0.852,0.84,0.012
1,mahalanobis_diag,center_quantile_0.5,normalized_union,none,0.5,1.1857511987670806,0.792,0.852,0.84,0.012
1,mahalanobis_diag,center_quantile_0.5,normalized_union,none,1.0,1.1857511987670806,0.792,0.852,0.84,0.012
1,mahalanobis_diag,center_quantile_0.5,normalized_union,none,2.0,1.1857511987670806,0.792,0.852,0.84,0.012
1,mahalanobis_diag,center_quantile_0.5,normalized_union,ratio,0.0,1.1857511987670806,0.792,0.852,0.84,0.012
1,mahalanobis_diag,center_quantile_0.5,normalized_union,ratio,0.25,1.4134632630762338,0.802,0.852,0.842,0.01
1,mahalanobis_diag,center_quantile_0.5,normalized_union,ratio,0.5,1.633443757001877,0.822,0.852,0.846,0.006
1,mahalanobis_diag,center_quantile_0.5,normalized_union,ratio,1.0,2.077369241613906,0.822,0.852,0.846,0.006
1,mahalanobis_diag,center_quantile_0.5,normalized_union,ratio,2.0,2.968249395783203,0.842,0.852,0.85,0.002
1,mahalanobis_diag,center_quantile_0.5,normalized_union,inverse_margin,0.0,1.1857511987670806,0.792,0.852,0.84,0.012
1,mahalanobis_diag,center_quantile_0.5,normalized_union,inverse_margin,0.25,3.219976225764198,0.842,0.852,0.85,0.002
1,mahalanobis_diag,center_quantile_0.5,normalized_union,inverse_margin,0.5,5.18247177396781,0.842,0.852,0.85,0.002
1,mahalanobis_diag,center_quantile_0.5,normalized_union,inverse_margin,1.0,9.065087511740964,0.842,0.852,0.85,0.002
1,mahalanobis_diag,center_quantile_0.5,normalized_union,inverse_margin,2.0,16.83031898728727,0.842,0.852,0.85,0.002
1,mahalanobis_diag,center_quantile_0.5,normalized_union,max_ratio,0.0,1.1857511987670806,0.792,0.852,0.84,0.012
1,mahalanobis_diag,center_quantile_0.5,normalized_union,max_ratio,0.25,1.1857511987670806,0.792,0.852,0.84,0.012
1,mahalanobis_diag,center_quantile_0.5,normalized_union,max_ratio,0.5,1.1857511987670806,0.792,0.852,0.84,0.012
1,mahalanobis_diag,center_quantile_0.5,normalized_union,max_ratio,1.0,1.1857511987670806,0.792,0.852,0.84,0.012
1,mahalanobis_diag,center_quantile_0.5,normalized_union,max_ratio,2.0,1.7728640702797909,0.842,0.852,0.85,0.002
1,mahalanobis_diag,intent_quantile_0.5,nearest_sphere,none,0.0,1.1857511987670806,0.792,0.852,0.84,0.012
1,mahalanobis_diag,intent_quantile_0.5,nearest_sphere,none,0.25,1.1857511987670806,0.792,0.852,0.84,0.012
1,mahalanobis_diag,intent_quantile_0.5,nearest_sphere,none,0.5,1.1857511987670806,0.792,0.852,0.84,0.012
1,mahalanobis_diag,intent_quantile_0.5,nearest_sphere,none,1.0,1.1857511987670806,0.792,0.852,0.84,0.012
1,mahalanobis_diag,intent_quantile_0.5,nearest_sphere,none,2.0,1.1857511987670806,0.792,0.852,0.84,0.012
1,mahalanobis_diag,intent_quantile_0.5,nearest_sphere,ratio,0.0,1.1857511987670806,0.792,0.852,0.84,0.012
1,mahalanobis_diag,intent_quantile_0.5,nearest_sphere,ratio,0.25,1.4134632630762338,0.802,0.852,0.842,0.01
1,mahalanobis_diag,intent_quantile_0.5,nearest_sphere,ratio,0.5,1.633725453713303,0.822,0.852,0.846,0.006
1,mahalanobis_diag,intent_quantile_0.5,nearest_sphere,ratio,1.0,2.077369241613906,0.822,0.852,0.846,0.006
1,mahalanobis_diag,intent_quantile_0.5,nearest_sphere,ratio,2.0,2.96854189860177,0.842,0.852,0.85,0.002
1,mahalanobis_diag,intent_quantile_0.5,nearest_sphere,inverse_margin,0.0,1.1857511987670806,0.792,0.852,0.84,0.012
1,mahalanobis_diag,intent_quantile_0.5,nearest_sphere,inverse_margin,0.25,3.219976225764198,0.842,0.852,0.85,0.002
1,mahalanobis_diag,intent_quantile_0.5,nearest_sphere,inverse_margin,0.5,5.182772278223685,0.842,0.852,0.85,0.002
1,mahalanobis_diag,intent_quantile_0.5,nearest_sphere,inverse_margin,1.0,9.065388015996838,0.842,0.852,0.85,0.002
1,mahalanobis_diag,intent_quantile_0.5,nearest_sphere,inverse_margin,2.0,16.830619491543146,0.842,0.852,0.85,0.002
1,mahalanobis_diag,intent_quantile_0.5,nearest_sphere,max_ratio,0.0,1.1857511987670806,0.792,0.852,0.84,0.012
1,mahalanobis_diag,intent_quantile_0.5,nearest_sphere,max_ratio,0.25,1.1857511987670806,0.792,0.852,0.84,0.012
1,mahalanobis_diag,intent_quantile_0.5,nearest_sphere,max_ratio,0.5,1.1857511987670806,0.792,0.852,0.84,0.012
1,mahalanobis_diag,intent_quantile_0.5,nearest_sphere,max_ratio,1.0,1.1857511987670806,0.792,0.852,0.84,0.012
1,mahalanobis_diag,intent_quantile_0.5,nearest_sphere,max_ratio,2.0,1.7728640702797909,0.842,0.852,0.85,0.002
1,mahalanobis_diag,intent_quantile_0.5,normalized_union,none,0.0,1.1857511987670806,0.792,0.852,0.84,0.012
1,mahalanobis_diag,intent_quantile_0.5,normalized_union,none,0.25,1.1857511987670806,0.792,0.852,0.84,0.012
1,mahalanobis_diag,intent_quantile_0.5,normalized_union,none,0.5,1.1857511987670806,0.792,0.852,0.84,0.012
1,mahalanobis_diag,intent_quantile_0.5,normalized_union,none,1.0,1.1857511987670806,0.792,0.852,0.84,0.012
1,mahalanobis_diag,intent_quantile_0.5,normalized_union,none,2.0,1.1857511987670806,0.792,0.852,0.84,0.012
1,mahalanobis_diag,intent_quantile_0.5,normalized_union,ratio,0.0,1.1857511987670806,0.792,0.852,0.84,0.012
1,mahalanobis_diag,intent_quantile_0.5,normalized_union,ratio,0.25,1.4134632630762338,0.802,0.852,0.842,0.01
1,mahalanobis_diag,intent_quantile_0.5,normalized_union,ratio,0.5,1.633725453713303,0.822,0.852,0.846,0.006
1,mahalanobis_diag,intent_quantile_0.5,normalized_union,ratio,1.0,2.077369241613906,0.822,0.852,0.846,0.006
1,mahalanobis_diag,intent_quantile_0.5,normalized_union,ratio,2.0,2.96854189860177,0.842,0.852,0.85,0.002
1,mahalanobis_diag,intent_quantile_0.5,normalized_union,inverse_margin,0.0,1.1857511987670806,0.792,0.852,0.84,0.012
1,mahalanobis_diag,intent_quantile_0.5,normalized_union,inverse_margin,0.25,3.219976225764198,0.842,0.852,0.85,0.002
1,mahalanobis_diag,intent_quantile_0.5,normalized_union,inverse_margin,0.5,5.182772278223685,0.842,0.852,0.85,0.002
1,mahalanobis_diag,intent_quantile_0.5,normalized_union,inverse_margin,1.0,9.065388015996838,0.842,0.852,0.85,0.002
1,mahalanobis_diag,intent_quantile_0.5,normalized_union,inverse_margin,2.0,16.830619491543146,0.842,0.852,0.85,0.002
1,mahalanobis_diag,intent_quantile_0.5,normalized_union,max_ratio,0.0,1.1857511987670806,0.792,0.852,0.84,0.012
1,mahalanobis_diag,intent_quantile_0.5,normalized_union,max_ratio,0.25,1.1857511987670806,0.792,0.852,0.84,0.012
1,mahalanobis_diag,intent_quantile_0.5,normalized_union,max_ratio,0.5,1.1857511987670806,0.792,0.852,0.84,0.012
1,mahalanobis_diag,intent_quantile_0.5,normalized_union,max_ratio,1.0,1.1857511987670806,0.792,0.852,0.84,0.012
1,mahalanobis_diag,intent_quantile_0.5,normalized_union,max_ratio,2.0,1.7728640702797909,0.842,0.852,0.85,0.002
1,mahalanobis_diag,center_quantile_0.7,nearest_sphere,none,0.0,1.1075389114138285,0.792,0.852,0.84,0.012
1,mahalanobis_diag,center_quantile_0.7,nearest_sphere,none,0.25,1.1075389114138285,0.792,0.852,0.84,0.012
1,mahalanobis_diag,center_quantile_0.7,nearest_sphere,none,0.5,1.1075389114138285,0.792,0.852,0.84,0.012
1,mahalanobis_diag,center_quantile_0.7,nearest_sphere,none,1.0,1.1075389114138285,0.792,0.852,0.84,0.012
1,mahalanobis_diag,center_quantile_0.7,nearest_sphere,none,2.0,1.1075389114138285,0.792,0.852,0.84,0.012
1,mahalanobis_diag,center_quantile_0.7,nearest_sphere,ratio,0.0,1.1075389114138285,0.792,0.852,0.84,0.012
1,mahalanobis_diag,center_quantile_0.7,nearest_sphere,ratio,0.25,1.324499583088092,0.812,0.852,0.844,0.008
1,mahalanobis_diag,center_quantile_0.7,nearest_sphere,ratio,0.5,1.5526426589008935,0.812,0.852,0.844,0.008
1,mahalanobis_diag,center_quantile_0.7,nearest_sphere,ratio,1.0,2.0027243384629267,0.822,0.852,0.846,0.006
1,mahalanobis_diag,center_quantile_0.7,nearest_sphere,ratio,2.0,2.889455846331643,0.842,0.852,0.85,0.002
1,mahalanobis_diag,center_quantile_0.7,nearest_sphere,inverse_margin,0.0,1.1075389114138285,0.792,0.852,0.84,0.012
1,mahalanobis_diag,center_quantile_0.7,nearest_sphere,inverse_margin,0.25,3.1481326286056097,0.842,0.852,0.85,0.002
1,mahalanobis_diag,center_quantile_0.7,nearest_sphere,inverse_margin,0.5,5.098599013815202,0.842,0.852,0.85,0.002
1,mahalanobis_diag,center_quantile_0.7,nearest_sphere,inverse_margin,1.0,8.981214751588356,0.842,0.852,0.85,0.002
1,mahalanobis_diag,center_quantile_0.7,nearest_sphere,inverse_margin,2.0,16.746446227134662,0.842,0.852,0.85,0.002
1,mahalanobis_diag,center_quantile_0.7,nearest_sphere,max_ratio,0.0,1.1075389114138285,0.792,0.852,0.84,0.012
1,mahalanobis_diag,center_quantile_0.7,nearest_sphere,max_ratio,0.25,1.1075389114138285,0.792,0.852,0.84,0.012
1,mahalanobis_diag,center_quantile_0.7,nearest_sphere,max_ratio,0.5,1.1075389114138285,0.792,0.852,0.84,0.012
1,mahalanobis_diag,center_quantile_0.7,nearest_sphere,max_ratio,1.0,1.1075389114138285,0.792,0.852,0.84,0.012
1,mahalanobis_diag,center_quantile_0.7,nearest_sphere,max_ratio,2.0,1.7728640702797909,0.842,0.852,0.85,0.002
1,mahalanobis_diag,center_quantile_0.7,normalized_union,none,0.0,1.1075389114138285,0.792,0.852,0.84,0.012
1,mahalanobis_diag,center_quantile_0.7,normalized_union,none,0.25,1.1075389114138285,0.792,0.852,0.84,0.012
1,mahalanobis_diag,center_quantile_0.7,normalized_union,none,0.5,1.1075389114138285,0.792,0.852,0.84,0.012
1,mahalanobis_diag,center_quantile_0.7,normalized_union,none,1.0,1.1075389114138285,0.792,0.852,0.84,0.012
1,mahalanobis_diag,center_quantile_0.7,normalized_union,none,2.0,1.1075389114138285,0.792,0.852,0.84,0.012
1,mahalanobis_diag,center_quantile_0.7,normalized_union,ratio,0.0,1.1075389114138285,0.792,0.852,0.84,0.012
1,mahalanobis_diag,center_quantile_0.7,normalized_union,ratio,0.25,1.324499583088092,0.812,0.852,0.844,0.008
1,mahalanobis_diag,center_quantile_0.7,normalized_union,ratio,0.5,1.5526426589008935,0.812,0.852,0.844,0.008
1,mahalanobis_diag,center_quantile_0.7,normalized_union,ratio,1.0,2.0027243384629267,0.822,0.852,0.846,0.006
1,mahalanobis_diag,center_quantile_0.7,normalized_union,ratio,2.0,2.889455846331643,0.842,0.852,0.85,0.002
1,mahalanobis_diag,center_quantile_0.7,normalized_union,inverse_margin,0.0,1.1075389114138285,0.792,0.852,0.84,0.012
1,mahalanobis_diag,center_quantile_0.7,normalized_union,inverse_margin,0.25,3.1481326286056097,0.842,0.852,0.85,0.002
1,mahalanobis_diag,center_quantile_0.7,normalized_union,inverse_margin,0.5,5.098599013815202,0.842,0.852,0.85,0.002
1,mahalanobis_diag,center_quantile_0.7,normalized_union,inverse_margin,1.0,8.981214751588356,0.842,0.852,0.85,0.002
1,mahalanobis_diag,center_quantile_0.7,normalized_union,inverse_margin,2.0,16.746446227134662,0.842,0.852,0.85,0.002
1,mahalanobis_diag,center_quantile_0.7,normalized_union,max_ratio,0.0,1.1075389114138285,0.792,0.852,0.84,0.012
1,mahalanobis_diag,center_quantile_0.7,normalized_union,max_ratio,0.25,1.1075389114138285,0.792,0.852,0.84,0.012
1,mahalanobis_diag,center_quantile_0.7,normalized_union,max_ratio,0.5,1.1075389114138285,0.792,0.852,0.84,0.012
1,mahalanobis_diag,center_quantile_0.7,normalized_union,max_ratio,1.0,1.1075389114138285,0.792,0.852,0.84,0.012
1,mahalanobis_diag,center_quantile_0.7,normalized_union,max_ratio,2.0,1.7728640702797909,0.842,0.852,0.85,0.002
1,mahalanobis_diag,intent_quantile_0.7,nearest_sphere,none,0.0,1.1080041166762316,0.792,0.852,0.84,0.012
1,mahalanobis_diag,intent_quantile_0.7,nearest_sphere,none,0.25,1.1080041166762316,0.792,0.852,0.84,0.012
1,mahalanobis_diag,intent_quantile_0.7,nearest_sphere,none,0.5,1.1080041166762316,0.792,0.852,0.84,0.012
1,mahalanobis_diag,intent_quantile_0.7,nearest_sphere,none,1.0,1.1080041166762316,0.792,0.852,0.84,0.012
1,mahalanobis_diag,intent_quantile_0.7,nearest_sphere,none,2.0,1.1080041166762316,0.792,0.852,0.84,0.012
1,mahalanobis_diag,intent_quantile_0.7,nearest_sphere,ratio,0.0,1.1080041166762316,0.792,0.852,0.84,0.012
1,mahalanobis_diag,intent_quantile_0.7,nearest_sphere,ratio,0.25,1.3258613961902768,0.812,0.852,0.844,0.008
1,mahalanobis_diag,intent_quantile_0.7,nearest_sphere,ratio,0.5,1.5526426589008935,0.812,0.852,0.844,0.008
1,mahalanobis_diag,intent_quantile_0.7,nearest_sphere,ratio,1.0,2.0027243384629267,0.822,0.852,0.846,0.006
1,mahalanobis_diag,intent_quantile_0.7,nearest_sphere,ratio,2.0,2.8915186372572075,0.842,0.852,0.85,0.002
1,mahalanobis_diag,intent_quantile_0.7,nearest_sphere,inverse_margin,0.0,1.1080041166762316,0.792,0.852,0.84,0.012
1,mahalanobis_diag,intent_quantile_0.7,nearest_sphere,inverse_margin,0.25,3.1481326286056097,0.842,0.852,0.85,0.002
1,mahalanobis_diag,intent_quantile_0.7,nearest_sphere,inverse_margin,0.5,5.099109769521553,0.842,0.852,0.85,0.002
1,mahalanobis_diag,intent_quantile_0.7,nearest_sphere,inverse_margin,1.0,8.981725507294707,0.842,0.852,0.85,0.002
1,mahalanobis_diag,intent_quantile_0.7,nearest_sphere,inverse_margin,2.0,16.746956982841013,0.842,0.852,0.85,0.002
1,mahalanobis_diag,intent_quantile_0.7,nearest_sphere,max_ratio,0.0,1.1080041166762316,0.792,0.852,0.84,0.012
1,mahalanobis_diag,intent_quantile_0.7,nearest_sphere,max_ratio,0.25,1.1080041166762316,0.792,0.852,0.84,0.012
1,mahalanobis_diag,intent_quantile_0.7,nearest_sphere,max_ratio,0.5,1.1080041166762316,0.792,0.852,0.84,0.012
1,mahalanobis_diag,intent_quantile_0.7,nearest_sphere,max_ratio,1.0,1.1080041166762316,0.792,0.852,0.84,0.012
1,mahalanobis_diag,intent_quantile_0.7,nearest_sphere,max_ratio,2.0,1.7728640702797909,0.842,0.852,0.85,0.002
1,mahalanobis_diag,intent_quantile_0.7,normalized_union,none,0.0,1.1080041166762316,0.792,0.852,0.84,0.012
1,mahalanobis_diag,intent_quantile_0.7,normalized_union,none,0.25,1.1080041166762316,0.792,0.852,0.84,0.012
1,mahalanobis_diag,intent_quantile_0.7,normalized_union,none,0.5,1.1080041166762316,0.792,0.852,0.84,0.012
1,mahalanobis_diag,intent_quantile_0.7,normalized_union,none,1.0,1.1080041166762316,0.792,0.852,0.84,0.012
1,mahalanobis_diag,intent_quantile_0.7,normalized_union,none,2.0,1.1080041166762316,0.792,0.852,0.84,0.012
1,mahalanobis_diag,intent_quantile_0.7,normalized_union,ratio,0.0,1.1080041166762316,0.792,0.852,0.84,0.012
1,mahalanobis_diag,intent_quantile_0.7,normalized_union,ratio,0.25,1.3258613961902768,0.812,0.852,0.844,0.008
1,mahalanobis_diag,intent_quantile_0.7,normalized_union,ratio,0.5,1.5526426589008935,0.812,0.852,0.844,0.008
1,mahalanobis_diag,intent_quantile_0.7,normalized_union,ratio,1.0,2.0027243384629267,0.822,0.852,0.846,0.006
1,mahalanobis_diag,intent_quantile_0.7,normalized_union,ratio,2.0,2.8915186372572075,0.842,0.852,0.85,0.002
1,mahalanobis_diag,intent_quantile_0.7,normalized_union,inverse_margin,0.0,1.1080041166762316,0.792,0.852,0.84,0.012
1,mahalanobis_diag,intent_quantile_0.7,normalized_union,inverse_margin,0.25,3.1481326286056097,0.842,0.852,0.85,0.002
1,mahalanobis_diag,intent_quantile_0.7,normalized_union,inverse_margin,0.5,5.099109769521553,0.842,0.852,0.85,0.002
1,mahalanobis_diag,intent_quantile_0.7,normalized_union,inverse_margin,1.0,8.981725507294707,0.842,0.852,0.85,0.002
1,mahalanobis_diag,intent_quantile_0.7,normalized_union,inverse_margin,2.0,16.746956982841013,0.842,0.852,0.85,0.002
1,mahalanobis_diag,intent_quantile_0.7,normalized_union,max_ratio,0.0,1.1080041166762316,0.792,0.852,0.84,0.012
1,mahalanobis_diag,intent_quantile_0.7,normalized_union,max_ratio,0.25,1.1080041166762316,0.792,0.852,0.84,0.012
1,mahalanobis_diag,intent_quantile_0.7,normalized_union,max_ratio,0.5,1.1080041166762316,0.792,0.852,0.84,0.012
1,mahalanobis_diag,intent_quantile_0.7,normalized_union,max_ratio,1.0,1.1080041166762316,0.792,0.852,0.84,0.012
1,mahalanobis_diag,intent_quantile_0.7,normalized_union,max_ratio,2.0,1.7728640702797909,0.842,0.852,0.85,0.002
1,mahalanobis_diag,center_quantile_0.8,nearest_sphere,none,0.0,1.0325758184902865,0.792,0.852,0.84,0.012
1,mahalanobis_diag,center_quantile_0.8,nearest_sphere,none,0.25,1.0325758184902865,0.792,0.852,0.84,0.012
1,mahalanobis_diag,center_quantile_0.8,nearest_sphere,none,0.5,1.0325758184902865,0.792,0.852,0.84,0.012
1,mahalanobis_diag,center_quantile_0.8,nearest_sphere,none,1.0,1.0325758184902865,0.792,0.852,0.84,0.012
1,mahalanobis_diag,center_quantile_0.8,nearest_sphere,none,2.0,1.0325758184902865,0.792,0.852,0.84,0.012
1,mahalanobis_diag,center_quantile_0.8,nearest_sphere,ratio,0.0,1.0325758184902865,0.792,0.852,0.84,0.012
1,mahalanobis_diag,center_quantile_0.8,nearest_sphere,ratio,0.25,1.258447259018496,0.802,0.852,0.842,0.01
1,mahalanobis_diag,center_quantile_0.8,nearest_sphere,ratio,0.5,1.4856448016967745,0.802,0.852,0.842,0.01
1,mahalanobis_diag,center_quantile_0.8,nearest_sphere,ratio,1.0,1.9340166979970066,0.812,0.852,0.844,0.008
1,mahalanobis_diag,center_quantile_0.8,nearest_sphere,ratio,2.0,2.822798017522529,0.832,0.852,0.848,0.004
1,mahalanobis_diag,center_quantile_0.8,nearest_sphere,inverse_margin,0.0,1.0325758184902865,0.792,0.852,0.84,0.012
1,mahalanobis_diag,center_quantile_0.8,nearest_sphere,inverse_margin,0.25,3.0691185487436723,0.842,0.852,0.85,0.002
1,mahalanobis_diag,center_quantile_0.8,nearest_sphere,inverse_margin,0.5,5.010426417630249,0.842,0.852,0.85,0.002
1,mahalanobis_diag,center_quantile_0.8,nearest_sphere,inverse_margin,1.0,8.893042155403403,0.842,0.852,0.85,0.002
1,mahalanobis_diag,center_quantile_0.8,nearest_sphere,inverse_margin,2.0,16.658273630949708,0.842,0.852,0.85,0.002
1,mahalanobis_diag,center_quantile_0.8,nearest_sphere,max_ratio,0.0,1.0325758184902865,0.792,0.852,0.84,0.012
1,mahalanobis_diag,center_quantile_0.8,nearest_sphere,max_ratio,0.25,1.0325758184902865,0.792,0.852,0.84,0.012
1,mahalanobis_diag,center_quantile_0.8,nearest_sphere,max_ratio,0.5,1.0325758184902865,0.792,0.852,0.84,0.012
1,mahalanobis_diag,center_quantile_0.8,nearest_sphere,max_ratio,1.0,1.0325758184902865,0.792,0.852,0.84,0.012
1,mahalanobis_diag,center_quantile_0.8,nearest_sphere,max_ratio,2.0,1.7728640702797909,0.842,0.852,0.85,0.002
1,mahalanobis_diag,center_quantile_0.8,normalized_union,none,0.0,1.0325758184902865,0.782,0.852,0.838,0.014
1,mahalanobis_diag,center_quantile_0.8,normalized_union,none,0.25,1.0325758184902865,0.782,0.852,0.838,0.014
1,mahalanobis_diag,center_quantile_0.8,normalized_union,none,0.5,1.0325758184902865,0.782,0.852,0.838,0.014
1,mahalanobis_diag,center_quantile_0.8,normalized_union,none,1.0,1.0325758184902865,0.782,0.852,0.838,0.014
1,mahalanobis_diag,center_quantile_0.8,normalized_union,none,2.0,1.0325758184902865,0.782,0.852,0.838,0.014
1,mahalanobis_diag,center_quantile_0.8,normalized_union,ratio,0.0,1.0325758184902865,0.782,0.852,0.838,0.014
1,mahalanobis_diag,center_quantile_0.8,normalized_union,ratio,0.25,1.258447259018496,0.792,0.852,0.84,0.012
1,mahalanobis_diag,center_quantile_0.8,normalized_union,ratio,0.5,1.4856448016967745,0.792,0.852,0.84,0.012
1,mahalanobis_diag,center_quantile_0.8,normalized_union,ratio,1.0,1.9340166979970066,0.802,0.852,0.842,0.01
1,mahalanobis_diag,center_quantile_0.8,normalized_union,ratio,2.0,2.822798017522529,0.822,0.852,0.846,0.006
1,mahalanobis_diag,center_quantile_0.8,normalized_union,inverse_margin,0.0,1.0325758184902865,0.782,0.852,0.838,0.014
1,mahalanobis_diag,center_quantile_0.8,normalized_union,inverse_margin,0.25,3.0691185487436723,0.842,0.852,0.85,0.002
1,mahalanobis_diag,center_quantile_0.8,normalized_union,inverse_margin,0.5,5.010426417630249,0.842,0.852,0.85,0.002
1,mahalanobis_diag,center_quantile_0.8,normalized_union,inverse_margin,1.0,8.893042155403403,0.842,0.852,0.85,0.002
1,mahalanobis_diag,center_quantile_0.8,normalized_union,inverse_margin,2.0,16.658273630949708,0.842,0.852,0.85,0.002
1,mahalanobis_diag,center_quantile_0.8,normalized_union,max_ratio,0.0,1.0325758184902865,0.782,0.852,0.838,0.014
1,mahalanobis_diag,center_quantile_0.8,normalized_union,max_ratio,0.25,1.0325758184902865,0.782,0.852,0.838,0.014
1,mahalanobis_diag,center_quantile_0.8,normalized_union,max_ratio,0.5,1.0325758184902865,0.782,0.852,0.838,0.014
1,mahalanobis_diag,center_quantile_0.8,normalized_union,max_ratio,1.0,1.0325758184902865,0.782,0.852,0.838,0.014
1,mahalanobis_diag,center_quantile_0.8,normalized_union,max_ratio,2.0,1.7728640702797909,0.842,0.852,0.85,0.002
1,mahalanobis_diag,intent_quantile_0.8,nearest_sphere,none,0.0,1.035004776141861,0.792,0.852,0.84,0.012
1,mahalanobis_diag,intent_quantile_0.8,nearest_sphere,none,0.25,1.035004776141861,0.792,0.852,0.84,0.012
1,mahalanobis_diag,intent_quantile_0.8,nearest_sphere,none,0.5,1.035004776141861,0.792,0.852,0.84,0.012
1,mahalanobis_diag,intent_quantile_0.8,nearest_sphere,none,1.0,1.035004776141861,0.792,0.852,0.84,0.012
1,mahalanobis_diag,intent_quantile_0.8,nearest_sphere,none,2.0,1.035004776141861,0.792,0.852,0.84,0.012
1,mahalanobis_diag,intent_quantile_0.8,nearest_sphere,ratio,0.0,1.035004776141861,0.792,0.852,0.84,0.012
1,mahalanobis_diag,intent_quantile_0.8,nearest_sphere,ratio,0.25,1.2609208241464014,0.802,0.852,0.842,0.01
1,mahalanobis_diag,intent_quantile_0.8,nearest_sphere,ratio,0.5,1.4876196369482804,0.802,0.852,0.842,0.01
1,mahalanobis_diag,intent_quantile_0.8,nearest_sphere,ratio,1.0,1.9360285026524768,0.812,0.852,0.844,0.008
1,mahalanobis_diag,intent_quantile_0.8,nearest_sphere,ratio,2.0,2.8238790725079275,0.832,0.852,0.848,0.004
1,mahalanobis_diag,intent_quantile_0.8,nearest_sphere,inverse_margin,0.0,1.035004776141861,0.792,0.852,0.84,0.012
1,mahalanobis_diag,intent_quantile_0.8,nearest_sphere,inverse_margin,0.25,3.0703297627202835,0.842,0.852,0.85,0.002
1,mahalanobis_diag,intent_quantile_0.8,nearest_sphere,inverse_margin,0.5,5.01163763160686,0.842,0.852,0.85,0.002
1,mahalanobis_diag,intent_quantile_0.8,nearest_sphere,inverse_margin,1.0,8.894253369380014,0.842,0.852,0.85,0.002
1,mahalanobis_diag,intent_quantile_0.8,nearest_sphere,inverse_margin,2.0,16.65948484492632,0.842,0.852,0.85,0.002
1,mahalanobis_diag,intent_quantile_0.8,nearest_sphere,max_ratio,0.0,1.035004776141861,0.792,0.852,0.84,0.012
1,mahalanobis_diag,intent_quantile_0.8,nearest_sphere,max_ratio,0.25,1.035004776141861,0.792,0.852,0.84,0.012
1,mahalanobis_diag,intent_quantile_0.8,nearest_sphere,max_ratio,0.5,1.035004776141861,0.792,0.852,0.84,0.012
1,mahalanobis_diag,intent_quantile_0.8,nearest_sphere,max_ratio,1.0,1.035004776141861,0.792,0.852,0.84,0.012
1,mahalanobis_diag,intent_quantile_0.8,nearest_sphere,max_ratio,2.0,1.7728640702797909,0.842,0.852,0.85,0.002
1,mahalanobis_diag,intent_quantile_0.8,normalized_union,none,0.0,1.035004776141861,0.772,0.852,0.836,0.016
1,mahalanobis_diag,intent_quantile_0.8,normalized_union,none,0.25,1.035004776141861,0.772,0.852,0.836,0.016
1,mahalanobis_diag,intent_quantile_0.8,normalized_union,none,0.5,1.035004776141861,0.772,0.852,0.836,0.016
1,mahalanobis_diag,intent_quantile_0.8,normalized_union,none,1.0,1.035004776141861,0.772,0.852,0.836,0.016
1,mahalanobis_diag,intent_quantile_0.8,normalized_union,none,2.0,1.035004776141861,0.772,0.852,0.836,0.016
1,mahalanobis_diag,intent_quantile_0.8,normalized_union,ratio,0.0,1.035004776141861,0.772,0.852,0.836,0.016
1,mahalanobis_diag,intent_quantile_0.8,normalized_union,ratio,0.25,1.2609208241464014,0.792,0.852,0.84,0.012
1,mahalanobis_diag,intent_quantile_0.8,normalized_union,ratio,0.5,1.4876196369482804,0.792,0.852,0.84,0.012
1,mahalanobis_diag,intent_quantile_0.8,normalized_union,ratio,1.0,1.9360285026524768,0.802,0.852,0.842,0.01
1,mahalanobis_diag,intent_quantile_0.8,normalized_union,ratio,2.0,2.8238790725079275,0.822,0.852,0.846,0.006
1,mahalanobis_diag,intent_quantile_0.8,normalized_union,inverse_margin,0.0,1.035004776141861,0.772,0.852,0.836,0.016
1,mahalanobis_diag,intent_quantile_0.8,normalized_union,inverse_margin,0.25,3.0703297627202835,0.842,0.852,0.85,0.002
1,mahalanobis_diag,intent_quantile_0.8,normalized_union,inverse_margin,0.5,5.01163763160686,0.842,0.852,0.85,0.002
1,mahalanobis_diag,intent_quantile_0.8,normalized_union,inverse_margin,1.0,8.894253369380014,0.842,0.852,0.85,0.002
1,mahalanobis_diag,intent_quantile_0.8,normalized_union,inverse_margin,2.0,16.65948484492632,0.842,0.852,0.85,0.002
1,mahalanobis_diag,intent_quantile_0.8,normalized_union,max_ratio,0.0,1.035004776141861,0.772,0.852,0.836,0.016
1,mahalanobis_diag,intent_quantile_0.8,normalized_union,max_ratio,0.25,1.035004776141861,0.772,0.852,0.836,0.016
1,mahalanobis_diag,intent_quantile_0.8,normalized_union,max_ratio,0.5,1.035004776141861,0.772,0.852,0.836,0.016
1,mahalanobis_diag,intent_quantile_0.8,normalized_union,max_ratio,1.0,1.035004776141861,0.772,0.852,0.836,0.016
1,mahalanobis_diag,intent_quantile_0.8,normalized_union,max_ratio,2.0,1.7728640702797909,0.842,0.852,0.85,0.002
1,mahalanobis_diag,center_quantile_0.9,nearest_sphere,none,0.0,0.9452002729508466,0.812,0.852,0.844,0.008
1,mahalanobis_diag,center_quantile_0.9,nearest_sphere,none,0.25,0.9452002729508466,0.812,0.852,0.844,0.008
1,mahalanobis_diag,center_quantile_0.9,nearest_sphere,none,0.5,0.9452002729508466,0.812,0.852,0.844,0.008
1,mahalanobis_diag,center_quantile_0.9,nearest_sphere,none,1.0,0.9452002729508466,0.812,0.852,0.844,0.008
1,mahalanobis_diag,center_quantile_0.9,nearest_sphere,none,2.0,0.9452002729508466,0.812,0.852,0.844,0.008
1,mahalanobis_diag,center_quantile_0.9,nearest_sphere,ratio,0.0,0.9452002729508466,0.812,0.852,0.844,0.008
1,mahalanobis_diag,center_quantile_0.9,nearest_sphere,ratio,0.25,1.1650366363951745,0.812,0.852,0.844,0.008
1,mahalanobis_diag,center_quantile_0.9,nearest_sphere,ratio,0.5,1.387781823260744,0.812,0.852,0.844,0.008
1,mahalanobis_diag,center_quantile_0.9,nearest_sphere,ratio,1.0,1.830958571670125,0.832,0.852,0.848,0.004
1,mahalanobis_diag,center_quantile_0.9,nearest_sphere,ratio,2.0,2.7159371592729236,0.842,0.852,0.85,0.002
1,mahalanobis_diag,center_quantile_0.9,nearest_sphere,inverse_margin,0.0,0.9452002729508466,0.812,0.852,0.844,0.008
1,mahalanobis_diag,center_quantile_0.9,nearest_sphere,inverse_margin,0.25,2.98281296129841,0.842,0.852,0.85,0.002
1,mahalanobis_diag,center_quantile_0.9,nearest_sphere,inverse_margin,0.5,4.928735496209527,0.842,0.852,0.85,0.002
1,mahalanobis_diag,center_quantile_0.9,nearest_sphere,inverse_margin,1.0,8.81135123398268,0.842,0.852,0.85,0.002
1,mahalanobis_diag,center_quantile_0.9,nearest_sphere,inverse_margin,2.0,16.57658270952899,0.842,0.852,0.85,0.002
1,mahalanobis_diag,center_quantile_0.9,nearest_sphere,max_ratio,0.0,0.9452002729508466,0.812,0.852,0.844,0.008
1,mahalanobis_diag,center_quantile_0.9,nearest_sphere,max_ratio,0.25,0.9452002729508466,0.812,0.852,0.844,0.008
1,mahalanobis_diag,center_quantile_0.9,nearest_sphere,max_ratio,0.5,0.9452002729508466,0.812,0.852,0.844,0.008
1,mahalanobis_diag,center_quantile_0.9,nearest_sphere,max_ratio,1.0,0.9489316353344104,0.802,0.852,0.842,0.01
1,mahalanobis_diag,center_quantile_0.9,nearest_sphere,max_ratio,2.0,1.7728640702797909,0.842,0.852,0.85,0.002
1,mahalanobis_diag,center_quantile_0.9,normalized_union,none,0.0,0.9452002729508466,0.802,0.852,0.842,0.01
1,mahalanobis_diag,center_quantile_0.9,normalized_union,none,0.25,0.9452002729508466,0.802,0.852,0.842,0.01
1,mahalanobis_diag,center_quantile_0.9,normalized_union,none,0.5,0.9452002729508466,0.802,0.852,0.842,0.01
1,mahalanobis_diag,center_quantile_0.9,normalized_union,none,1.0,0.9452002729508466,0.802,0.852,0.842,0.01
1,mahalanobis_diag,center_quantile_0.9,normalized_union,none,2.0,0.9452002729508466,0.802,0.852,0.842,0.01
1,mahalanobis_diag,center_quantile_0.9,normalized_union,ratio,0.0,0.9452002729508466,0.802,0.852,0.842,0.01
1,mahalanobis_diag,center_quantile_0.9,normalized_union,ratio,0.25,1.1650366363951745,0.802,0.852,0.842,0.01
1,mahalanobis_diag,center_quantile_0.9,normalized_union,ratio,0.5,1.387781823260744,0.802,0.852,0.842,0.01
1,mahalanobis_diag,center_quantile_0.9,normalized_union,ratio,1.0,1.830958571670125,0.822,0.852,0.846,0.006
1,mahalanobis_diag,center_quantile_0.9,normalized_union,ratio,2.0,2.7159371592729236,0.832,0.852,0.848,0.004
1,mahalanobis_diag,center_quantile_0.9,normalized_union,inverse_margin,0.0,0.9452002729508466,0.802,0.852,0.842,0.01
1,mahalanobis_diag,center_quantile_0.9,normalized_union,inverse_margin,0.25,2.98281296129841,0.842,0.852,0.85,0.002
1,mahalanobis_diag,center_quantile_0.9,normalized_union,inverse_margin,0.5,4.928735496209527,0.842,0.852,0.85,0.002
1,mahalanobis_diag,center_quantile_0.9,normalized_union,inverse_margin,1.0,8.81135123398268,0.842,0.852,0.85,0.002
1,mahalanobis_diag,center_quantile_0.9,normalized_union,inverse_margin,2.0,16.57658270952899,0.842,0.852,0.85,0.002
1,mahalanobis_diag,center_quantile_0.9,normalized_union,max_ratio,0.0,0.9452002729508466,0.802,0.852,0.842,0.01
1,mahalanobis_diag,center_quantile_0.9,normalized_union,max_ratio,0.25,0.9452002729508466,0.802,0.852,0.842,0.01
1,mahalanobis_diag,center_quantile_0.9,normalized_union,max_ratio,0.5,0.9452002729508466,0.802,0.852,0.842,0.01
1,mahalanobis_diag,center_quantile_0.9,normalized_union,max_ratio,1.0,0.9489316353344104,0.802,0.852,0.842,0.01
1,mahalanobis_diag,center_quantile_0.9,normalized_union,max_ratio,2.0,1.7728640702797909,0.842,0.852,0.85,0.002
1,mahalanobis_diag,intent_quantile_0.9,nearest_sphere,none,0.0,0.9536700076598169,0.792,0.852,0.84,0.012
1,mahalanobis_diag,intent_quantile_0.9,nearest_sphere,none,0.25,0.9536700076598169,0.792,0.852,0.84,0.012
1,mahalanobis_diag,intent_quantile_0.9,nearest_sphere,none,0.5,0.9536700076598169,0.792,0.852,0.84,0.012
1,mahalanobis_diag,intent_quantile_0.9,nearest_sphere,none,1.0,0.9536700076598169,0.792,0.852,0.84,0.012
1,mahalanobis_diag,intent_quantile_0.9,nearest_sphere,none,2.0,0.9536700076598169,0.792,0.852,0.84,0.012
1,mahalanobis_diag,intent_quantile_0.9,nearest_sphere,ratio,0.0,0.9536700076598169,0.792,0.852,0.84,0.012
1,mahalanobis_diag,intent_quantile_0.9,nearest_sphere,ratio,0.25,1.179688361266048,0.802,0.852,0.842,0.01
1,mahalanobis_diag,intent_quantile_0.9,nearest_sphere,ratio,0.5,1.3973720063742439,0.812,0.852,0.844,0.008
1,mahalanobis_diag,intent_quantile_0.9,nearest_sphere,ratio,1.0,1.8467130244922518,0.812,0.852,0.844,0.008
1,mahalanobis_diag,intent_quantile_0.9,nearest_sphere,ratio,2.0,2.728494579424133,0.842,0.852,0.85,0.002
1,mahalanobis_diag,intent_quantile_0.9,nearest_sphere,inverse_margin,0.0,0.9536700076598169,0.792,0.852,0.84,0.012
1,mahalanobis_diag,intent_quantile_0.9,nearest_sphere,inverse_margin,0.25,2.988356210237296,0.842,0.852,0.85,0.002
1,mahalanobis_diag,intent_quantile_0.9,nearest_sphere,inverse_margin,0.5,4.929664079123873,0.842,0.852,0.85,0.002
1,mahalanobis_diag,intent_quantile_0.9,nearest_sphere,inverse_margin,1.0,8.812279816897027,0.842,0.852,0.85,0.002
1,mahalanobis_diag,intent_quantile_0.9,nearest_sphere,inverse_margin,2.0,16.577511292443333,0.842,0.852,0.85,0.002
1,mahalanobis_diag,intent_quantile_0.9,nearest_sphere,max_ratio,0.0,0.9536700076598169,0.792,0.852,0.84,0.012
1,mahalanobis_diag,intent_quantile_0.9,nearest_sphere,max_ratio,0.25,0.9536700076598169,0.792,0.852,0.84,0.012
1,mahalanobis_diag,intent_quantile_0.9,nearest_sphere,max_ratio,0.5,0.9536700076598169,0.792,0.852,0.84,0.012
1,mahalanobis_diag,intent_quantile_0.9,nearest_sphere,max_ratio,1.0,0.9573928926818527,0.802,0.852,0.842,0.01
1,mahalanobis_diag,intent_quantile_0.9,nearest_sphere,max_ratio,2.0,1.7728640702797909,0.842,0.852,0.85,0.002
1,mahalanobis_diag,intent_quantile_0.9,normalized_union,none,0.0,0.9536700076598169,0.792,0.852,0.84,0.012
1,mahalanobis_diag,intent_quantile_0.9,normalized_union,none,0.25,0.9536700076598169,0.792,0.852,0.84,0.012
1,mahalanobis_diag,intent_quantile_0.9,normalized_union,none,0.5,0.9536700076598169,0.792,0.852,0.84,0.012
1,mahalanobis_diag,intent_quantile_0.9,normalized_union,none,1.0,0.9536700076598169,0.792,0.852,0.84,0.012
1,mahalanobis_diag,intent_quantile_0.9,normalized_union,none,2.0,0.9536700076598169,0.792,0.852,0.84,0.012
1,mahalanobis_diag,intent_quantile_0.9,normalized_union,ratio,0.0,0.9536700076598169,0.792,0.852,0.84,0.012
1,mahalanobis_diag,intent_quantile_0.9,normalized_union,ratio,0.25,1.179688361266048,0.802,0.852,0.842,0.01
1,mahalanobis_diag,intent_quantile_0.9,normalized_union,ratio,0.5,1.3973720063742439,0.812,0.852,0.844,0.008
1,mahalanobis_diag,intent_quantile_0.9,normalized_union,ratio,1.0,1.8467130244922518,0.812,0.852,0.844,0.008
1,mahalanobis_diag,intent_quantile_0.9,normalized_union,ratio,2.0,2.728494579424133,0.842,0.852,0.85,0.002
1,mahalanobis_diag,intent_quantile_0.9,normalized_union,inverse_margin,0.0,0.9536700076598169,0.792,0.852,0.84,0.012
1,mahalanobis_diag,intent_quantile_0.9,normalized_union,inverse_margin,0.25,2.988356210237296,0.842,0.852,0.85,0.002
1,mahalanobis_diag,intent_quantile_0.9,normalized_union,inverse_margin,0.5,4.929664079123873,0.842,0.852,0.85,0.002
1,mahalanobis_diag,intent_quantile_0.9,normalized_union,inverse_margin,1.0,8.812279816897027,0.842,0.852,0.85,0.002
1,mahalanobis_diag,intent_quantile_0.9,normalized_union,inverse_margin,2.0,16.577511292443333,0.842,0.852,0.85,0.002
1,mahalanobis_diag,intent_quantile_0.9,normalized_union,max_ratio,0.0,0.9536700076598169,0.792,0.852,0.84,0.012
1,mahalanobis_diag,intent_quantile_0.9,normalized_union,max_ratio,0.25,0.9536700076598169,0.792,0.852,0.84,0.012
1,mahalanobis_diag,intent_quantile_0.9,normalized_union,max_ratio,0.5,0.9536700076598169,0.792,0.852,0.84,0.012
1,mahalanobis_diag,intent_quantile_0.9,normalized_union,max_ratio,1.0,0.9573928926818527,0.802,0.852,0.842,0.01
1,mahalanobis_diag,intent_quantile_0.9,normalized_union,max_ratio,2.0,1.7728640702797909,0.842,0.852,0.85,0.002
1,mahalanobis_diag,center_quantile_0.95,nearest_sphere,none,0.0,0.8917043696849667,0.832,0.852,0.848,0.004
1,mahalanobis_diag,center_quantile_0.95,nearest_sphere,none,0.25,0.8917043696849667,0.832,0.852,0.848,0.004
1,mahalanobis_diag,center_quantile_0.95,nearest_sphere,none,0.5,0.8917043696849667,0.832,0.852,0.848,0.004
1,mahalanobis_diag,center_quantile_0.95,nearest_sphere,none,1.0,0.8917043696849667,0.832,0.852,0.848,0.004
1,mahalanobis_diag,center_quantile_0.95,nearest_sphere,none,2.0,0.8917043696849667,0.832,0.852,0.848,0.004
1,mahalanobis_diag,center_quantile_0.95,nearest_sphere,ratio,0.0,0.8917043696849667,0.832,0.852,0.848,0.004
1,mahalanobis_diag,center_quantile_0.95,nearest_sphere,ratio,0.25,1.1096497708991417,0.832,0.852,0.848,0.004
1,mahalanobis_diag,center_quantile_0.95,nearest_sphere,ratio,0.5,1.3327735838911483,0.832,0.852,0.848,0.004
1,mahalanobis_diag,center_quantile_0.95,nearest_sphere,ratio,1.0,1.7674436958301865,0.832,0.852,0.848,0.004
1,mahalanobis_diag,center_quantile_0.95,nearest_sphere,ratio,2.0,2.650472715041912,0.842,0.852,0.85,0.002
1,mahalanobis_diag,center_quantile_0.95,nearest_sphere,inverse_margin,0.0,0.8917043696849667,0.832,0.852,0.848,0.004
1,mahalanobis_diag,center_quantile_0.95,nearest_sphere,inverse_margin,0.25,2.873393055201002,0.842,0.852,0.85,0.002
1,mahalanobis_diag,center_quantile_0.95,nearest_sphere,inverse_margin,0.5,4.887835902592653,0.842,0.852,0.85,0.002
1,mahalanobis_diag,center_quantile_0.95,nearest_sphere,inverse_margin,1.0,8.770451640365806,0.842,0.852,0.85,0.002
1,mahalanobis_diag,center_quantile_0.95,nearest_sphere,inverse_margin,2.0,16.535683115912114,0.842,0.852,0.85,0.002
1,mahalanobis_diag,center_quantile_0.95,nearest_sphere,max_ratio,0.0,0.8917043696849667,0.832,0.852,0.848,0.004
1,mahalanobis_diag,center_quantile_0.95,nearest_sphere,max_ratio,0.25,0.8917043696849667,0.832,0.852,0.848,0.004
1,mahalanobis_diag,center_quantile_0.95,nearest_sphere,max_ratio,0.5,0.8917043696849667,0.832,0.852,0.848,0.004
1,mahalanobis_diag,center_quantile_0.95,nearest_sphere,max_ratio,1.0,0.9177678001785995,0.812,0.852,0.844,0.008
1,mahalanobis_diag,center_quantile_0.95,nearest_sphere,max_ratio,2.0,1.7728640702797909,0.842,0.852,0.85,0.002
1,mahalanobis_diag,center_quantile_0.95,normalized_union,none,0.0,0.884125955713669,0.832,0.852,0.848,0.004
1,mahalanobis_diag,center_quantile_0.95,normalized_union,none,0.25,0.884125955713669,0.832,0.852,0.848,0.004
1,mahalanobis_diag,center_quantile_0.95,normalized_union,none,0.5,0.884125955713669,0.832,0.852,0.848,0.004
1,mahalanobis_diag,center_quantile_0.95,normalized_union,none,1.0,0.884125955713669,0.832,0.852,0.848,0.004
1,mahalanobis_diag,center_quantile_0.95,normalized_union,none,2.0,0.884125955713669,0.832,0.852,0.848,0.004
1,mahalanobis_diag,center_quantile_0.95,normalized_union,ratio,0.0,0.884125955713669,0.832,0.852,0.848,0.004
1,mahalanobis_diag,center_quantile_0.95,normalized_union,ratio,0.25,1.1092977881319366,0.832,0.852,0.848,0.004
1,mahalanobis_diag,center_quantile_0.95,normalized_union,ratio,0.5,1.3327735838911483,0.832,0.852,0.848,0.004
1,mahalanobis_diag,center_quantile_0.95,normalized_union,ratio,1.0,1.7674436958301865,0.832,0.852,0.848,0.004
1,mahalanobis_diag,center_quantile_0.95,normalized_union,ratio,2.0,2.650472715041912,0.842,0.852,0.85,0.002
1,mahalanobis_diag,center_quantile_0.95,normalized_union,inverse_margin,0.0,0.884125955713669,0.832,0.852,0.848,0.004
1,mahalanobis_diag,center_quantile_0.95,normalized_union,inverse_margin,0.25,2.873393055201002,0.842,0.852,0.85,0.002
1,mahalanobis_diag,center_quantile_0.95,normalized_union,inverse_margin,0.5,4.887835902592653,0.842,0.852,0.85,0.002
1,mahalanobis_diag,center_quantile_0.95,normalized_union,inverse_margin,1.0,8.770451640365806,0.842,0.852,0.85,0.002
1,mahalanobis_diag,center_quantile_0.95,normalized_union,inverse_margin,2.0,16.535683115912114,0.842,0.852,0.85,0.002
1,mahalanobis_diag,center_quantile_0.95,normalized_union,max_ratio,0.0,0.884125955713669,0.832,0.852,0.848,0.004
1,mahalanobis_diag,center_quantile_0.95,normalized_union,max_ratio,0.25,0.884125955713669,0.832,0.852,0.848,0.004
1,mahalanobis_diag,center_quantile_0.95,normalized_union,max_ratio,0.5,0.884125955713669,0.832,0.852,0.848,0.004
1,mahalanobis_diag,center_quantile_0.95,normalized_union,max_ratio,1.0,0.9177678001785995,0.812,0.852,0.844,0.008
1,mahalanobis_diag,center_quantile_0.95,normalized_union,max_ratio,2.0,1.7728640702797909,0.842,0.852,0.85,0.002
1,mahalanobis_diag,intent_quantile_0.95,nearest_sphere,none,0.0,0.9047675752212683,0.812,0.852,0.844,0.008
1,mahalanobis_diag,intent_quantile_0.95,nearest_sphere,none,0.25,0.9047675752212683,0.812,0.852,0.844,0.008
1,mahalanobis_diag,intent_quantile_0.95,nearest_sphere,none,0.5,0.9047675752212683,0.812,0.852,0.844,0.008
1,mahalanobis_diag,intent_quantile_0.95,nearest_sphere,none,1.0,0.9047675752212683,0.812,0.852,0.844,0.008
1,mahalanobis_diag,intent_quantile_0.95,nearest_sphere,none,2.0,0.9047675752212683,0.812,0.852,0.844,0.008
1,mahalanobis_diag,intent_quantile_0.95,nearest_sphere,ratio,0.0,0.9047675752212683,0.812,0.852,0.844,0.008
1,mahalanobis_diag,intent_quantile_0.95,nearest_sphere,ratio,0.25,1.1271673829959166,0.812,0.852,0.844,0.008
1,mahalanobis_diag,intent_quantile_0.95,nearest_sphere,ratio,0.5,1.3469464797790338,0.832,0.852,0.848,0.004
1,mahalanobis_diag,intent_quantile_0.95,nearest_sphere,ratio,1.0,1.791598655706256,0.842,0.852,0.85,0.002
1,mahalanobis_diag,intent_quantile_0.95,nearest_sphere,ratio,2.0,2.678749393971569,0.842,0.852,0.85,0.002
1,mahalanobis_diag,intent_quantile_0.95,nearest_sphere,inverse_margin,0.0,0.9047675752212683,0.812,0.852,0.844,0.008
1,mahalanobis_diag,intent_quantile_0.95,nearest_sphere,inverse_margin,0.25,2.925039288683618,0.842,0.852,0.85,0.002
1,mahalanobis_diag,intent_quantile_0.95,nearest_sphere,inverse_margin,0.5,4.887835902592653,0.842,0.852,0.85,0.002
1,mahalanobis_diag,intent_quantile_0.95,nearest_sphere,inverse_margin,1.0,8.770451640365806,0.842,0.852,0.85,0.002
1,mahalanobis_diag,intent_quantile_0.95,nearest_sphere,inverse_margin,2.0,16.535683115912114,0.842,0.852,0.85,0.002
1,mahalanobis_diag,intent_quantile_0.95,nearest_sphere,max_ratio,0.0,0.9047675752212683,0.812,0.852,0.844,0.008
1,mahalanobis_diag,intent_quantile_0.95,nearest_sphere,max_ratio,0.25,0.9047675752212683,0.812,0.852,0.844,0.008
1,mahalanobis_diag,intent_quantile_0.95,nearest_sphere,max_ratio,0.5,0.9047675752212683,0.812,0.852,0.844,0.008
1,mahalanobis_diag,intent_quantile_0.95,nearest_sphere,max_ratio,1.0,0.9255764842502503,0.812,0.852,0.844,0.008
1,mahalanobis_diag,intent_quantile_0.95,nearest_sphere,max_ratio,2.0,1.7728640702797909,0.842,0.852,0.85,0.002
1,mahalanobis_diag,intent_quantile_0.95,normalized_union,none,0.0,0.9041750042004382,0.812,0.852,0.844,0.008
1,mahalanobis_diag,intent_quantile_0.95,normalized_union,none,0.25,0.9041750042004382,0.812,0.852,0.844,0.008
1,mahalanobis_diag,intent_quantile_0.95,normalized_union,none,0.5,0.9041750042004382,0.812,0.852,0.844,0.008
1,mahalanobis_diag,intent_quantile_0.95,normalized_union,none,1.0,0.9041750042004382,0.812,0.852,0.844,0.008
1,mahalanobis_diag,intent_quantile_0.95,normalized_union,none,2.0,0.9041750042004382,0.812,0.852,0.844,0.008
1,mahalanobis_diag,intent_quantile_0.95,normalized_union,ratio,0.0,0.9041750042004382,0.812,0.852,0.844,0.008
1,mahalanobis_diag,intent_quantile_0.95,normalized_union,ratio,0.25,1.1271673829959166,0.812,0.852,0.844,0.008
1,mahalanobis_diag,intent_quantile_0.95,normalized_union,ratio,0.5,1.3469464797790338,0.832,0.852,0.848,0.004
1,mahalanobis_diag,intent_quantile_0.95,normalized_union,ratio,1.0,1.791598655706256,0.842,0.852,0.85,0.002
1,mahalanobis_diag,intent_quantile_0.95,normalized_union,ratio,2.0,2.678749393971569,0.842,0.852,0.85,0.002
1,mahalanobis_diag,intent_quantile_0.95,normalized_union,inverse_margin,0.0,0.9041750042004382,0.812,0.852,0.844,0.008
1,mahalanobis_diag,intent_quantile_0.95,normalized_union,inverse_margin,0.25,2.925039288683618,0.842,0.852,0.85,0.002
1,mahalanobis_diag,intent_quantile_0.95,normalized_union,inverse_margin,0.5,4.887835902592653,0.842,0.852,0.85,0.002
1,mahalanobis_diag,intent_quantile_0.95,normalized_union,inverse_margin,1.0,8.770451640365806,0.842,0.852,0.85,0.002
1,mahalanobis_diag,intent_quantile_0.95,normalized_union,inverse_margin,2.0,16.535683115912114,0.842,0.852,0.85,0.002
1,mahalanobis_diag,intent_quantile_0.95,normalized_union,max_ratio,0.0,0.9041750042004382,0.812,0.852,0.844,0.008
1,mahalanobis_diag,intent_quantile_0.95,normalized_union,max_ratio,0.25,0.9041750042004382,0.812,0.852,0.844,0.008
1,mahalanobis_diag,intent_quantile_0.95,normalized_union,max_ratio,0.5,0.9041750042004382,0.812,0.852,0.844,0.008
1,mahalanobis_diag,intent_quantile_0.95,normalized_union,max_ratio,1.0,0.9255764842502503,0.812,0.852,0.844,0.008
1,mahalanobis_diag,intent_quantile_0.95,normalized_union,max_ratio,2.0,1.7728640702797909,0.842,0.852,0.85,0.002
1,mahalanobis_diag,center_quantile_0.99,nearest_sphere,none,0.0,0.8417688501848374,0.832,0.852,0.848,0.004
1,mahalanobis_diag,center_quantile_0.99,nearest_sphere,none,0.25,0.8417688501848374,0.832,0.852,0.848,0.004
1,mahalanobis_diag,center_quantile_0.99,nearest_sphere,none,0.5,0.8417688501848374,0.832,0.852,0.848,0.004
1,mahalanobis_diag,center_quantile_0.99,nearest_sphere,none,1.0,0.8417688501848374,0.832,0.852,0.848,0.004
1,mahalanobis_diag,center_quantile_0.99,nearest_sphere,none,2.0,0.8417688501848374,0.832,0.852,0.848,0.004
1,mahalanobis_diag,center_quantile_0.99,nearest_sphere,ratio,0.0,0.8417688501848374,0.832,0.852,0.848,0.004
1,mahalanobis_diag,center_quantile_0.99,nearest_sphere,ratio,0.25,1.0586625681106263,0.832,0.852,0.848,0.004
1,mahalanobis_diag,center_quantile_0.99,nearest_sphere,ratio,0.5,1.2838501349428815,0.832,0.852,0.848,0.004
1,mahalanobis_diag,center_quantile_0.99,nearest_sphere,ratio,1.0,1.721703004091622,0.832,0.852,0.848,0.004
1,mahalanobis_diag,center_quantile_0.99,nearest_sphere,ratio,2.0,2.5862989771887985,0.842,0.852,0.85,0.002
1,mahalanobis_diag,center_quantile_0.99,nearest_sphere,inverse_margin,0.0,0.8417688501848374,0.832,0.852,0.848,0.004
1,mahalanobis_diag,center_quantile_0.99,nearest_sphere,inverse_margin,0.25,2.794409612419125,0.842,0.852,0.85,0.002
1,mahalanobis_diag,center_quantile_0.99,nearest_sphere,inverse_margin,0.5,4.84542199760324,0.842,0.852,0.85,0.002
1,mahalanobis_diag,center_quantile_0.99,nearest_sphere,inverse_margin,1.0,8.728037735376393,0.842,0.852,0.85,0.002
1,mahalanobis_diag,center_quantile_0.99,nearest_sphere,inverse_margin,2.0,16.4932692109227,0.842,0.852,0.85,0.002
1,mahalanobis_diag,center_quantile_0.99,nearest_sphere,max_ratio,0.0,0.8417688501848374,0.832,0.852,0.848,0.004
1,mahalanobis_diag,center_quantile_0.99,nearest_sphere,max_ratio,0.25,0.8417688501848374,0.832,0.852,0.848,0.004
1,mahalanobis_diag,center_quantile_0.99,nearest_sphere,max_ratio,0.5,0.8417688501848374,0.832,0.852,0.848,0.004
1,mahalanobis_diag,center_quantile_0.99,nearest_sphere,max_ratio,1.0,0.9025474742270435,0.842,0.852,0.85,0.002
1,mahalanobis_diag,center_quantile_0.99,nearest_sphere,max_ratio,2.0,1.7728640702797909,0.842,0.852,0.85,0.002
1,mahalanobis_diag,center_quantile_0.99,normalized_union,none,0.0,0.8333765116554178,0.832,0.852,0.848,0.004
1,mahalanobis_diag,center_quantile_0.99,normalized_union,none,0.25,0.8333765116554178,0.832,0.852,0.848,0.004
1,mahalanobis_diag,center_quantile_0.99,normalized_union,none,0.5,0.8333765116554178,0.832,0.852,0.848,0.004
1,mahalanobis_diag,center_quantile_0.99,normalized_union,none,1.0,0.8333765116554178,0.832,0.852,0.848,0.004
1,mahalanobis_diag,center_quantile_0.99,normalized_union,none,2.0,0.8333765116554178,0.832,0.852,0.848,0.004
1,mahalanobis_diag,center_quantile_0.99,normalized_union,ratio,0.0,0.8333765116554178,0.832,0.852,0.848,0.004
1,mahalanobis_diag,center_quantile_0.99,normalized_union,ratio,0.25,1.0541415468144255,0.832,0.852,0.848,0.004
1,mahalanobis_diag,center_quantile_0.99,normalized_union,ratio,0.5,1.2764107218284062,0.832,0.852,0.848,0.004
1,mahalanobis_diag,center_quantile_0.99,normalized_union,ratio,1.0,1.721703004091622,0.832,0.852,0.848,0.004
1,mahalanobis_diag,center_quantile_0.99,normalized_union,ratio,2.0,2.5862989771887985,0.842,0.852,0.85,0.002
1,mahalanobis_diag,center_quantile_0.99,normalized_union,inverse_margin,0.0,0.8333765116554178,0.832,0.852,0.848,0.004
1,mahalanobis_diag,center_quantile_0.99,normalized_union,inverse_margin,0.25,2.794409612419125,0.842,0.852,0.85,0.002
1,mahalanobis_diag,center_quantile_0.99,normalized_union,inverse_margin,0.5,4.84542199760324,0.842,0.852,0.85,0.002
1,mahalanobis_diag,center_quantile_0.99,normalized_union,inverse_margin,1.0,8.728037735376393,0.842,0.852,0.85,0.002
1,mahalanobis_diag,center_quantile_0.99,normalized_union,inverse_margin,2.0,16.4932692109227,0.842,0.852,0.85,0.002
1,mahalanobis_diag,center_quantile_0.99,normalized_union,max_ratio,0.0,0.8333765116554178,0.832,0.852,0.848,0.004
1,mahalanobis_diag,center_quantile_0.99,normalized_union,max_ratio,0.25,0.8333765116554178,0.832,0.852,0.848,0.004
1,mahalanobis_diag,center_quantile_0.99,normalized_union,max_ratio,0.5,0.8333765116554178,0.832,0.852,0.848,0.004
1,mahalanobis_diag,center_quantile_0.99,normalized_union,max_ratio,1.0,0.9025474742270435,0.842,0.852,0.85,0.002
1,mahalanobis_diag,center_quantile_0.99,normalized_union,max_ratio,2.0,1.7728640702797909,0.842,0.852,0.85,0.002
1,mahalanobis_diag,intent_quantile_0.99,nearest_sphere,none,0.0,0.8617649094948465,0.812,0.852,0.844,0.008
1,mahalanobis_diag,intent_quantile_0.99,nearest_sphere,none,0.25,0.8617649094948465,0.812,0.852,0.844,0.008
1,mahalanobis_diag,intent_quantile_0.99,nearest_sphere,none,0.5,0.8617649094948465,0.812,0.852,0.844,0.008
1,mahalanobis_diag,intent_quantile_0.99,nearest_sphere,none,1.0,0.8617649094948465,0.812,0.852,0.844,0.008
1,mahalanobis_diag,intent_quantile_0.99,nearest_sphere,none,2.0,0.8617649094948465,0.812,0.852,0.844,0.008
1,mahalanobis_diag,intent_quantile_0.99,nearest_sphere,ratio,0.0,0.8617649094948465,0.812,0.852,0.844,0.008
1,mahalanobis_diag,intent_quantile_0.99,nearest_sphere,ratio,0.25,1.0866764541365055,0.812,0.852,0.844,0.008
1,mahalanobis_diag,intent_quantile_0.99,nearest_sphere,ratio,0.5,1.307912878410635,0.832,0.852,0.848,0.004
1,mahalanobis_diag,intent_quantile_0.99,nearest_sphere,ratio,1.0,1.7426610957105981,0.842,0.852,0.85,0.002
1,mahalanobis_diag,intent_quantile_0.99,nearest_sphere,ratio,2.0,2.6379401252854784,0.842,0.852,0.85,0.002
1,mahalanobis_diag,intent_quantile_0.99,nearest_sphere,inverse_margin,0.0,0.8617649094948465,0.812,0.852,0.844,0.008
1,mahalanobis_diag,intent_quantile_0.99,nearest_sphere,inverse_margin,0.25,2.876341294148779,0.842,0.852,0.85,0.002
1,mahalanobis_diag,intent_quantile_0.99,nearest_sphere,inverse_margin,0.5,4.84542199760324,0.842,0.852,0.85,0.002
1,mahalanobis_diag,intent_quantile_0.99,nearest_sphere,inverse_margin,1.0,8.728037735376393,0.842,0.852,0.85,0.002
1,mahalanobis_diag,intent_quantile_0.99,nearest_sphere,inverse_margin,2.0,16.4932692109227,0.842,0.852,0.85,0.002
1,mahalanobis_diag,intent_quantile_0.99,nearest_sphere,max_ratio,0.0,0.8617649094948465,0.812,0.852,0.844,0.008
1,mahalanobis_diag,intent_quantile_0.99,nearest_sphere,max_ratio,0.25,0.8617649094948465,0.812,0.852,0.844,0.008
1,mahalanobis_diag,intent_quantile_0.99,nearest_sphere,max_ratio,0.5,0.8617649094948465,0.812,0.852,0.844,0.008
1,mahalanobis_diag,intent_quantile_0.99,nearest_sphere,max_ratio,1.0,0.9025474742270435,0.842,0.852,0.85,0.002
1,mahalanobis_diag,intent_quantile_0.99,nearest_sphere,max_ratio,2.0,1.7728640702797909,0.842,0.852,0.85,0.002
1,mahalanobis_diag,intent_quantile_0.99,normalized_union,none,0.0,0.8593415591806989,0.812,0.852,0.844,0.008
1,mahalanobis_diag,intent_quantile_0.99,normalized_union,none,0.25,0.8593415591806989,0.812,0.852,0.844,0.008
1,mahalanobis_diag,intent_quantile_0.99,normalized_union,none,0.5,0.8593415591806989,0.812,0.852,0.844,0.008
1,mahalanobis_diag,intent_quantile_0.99,normalized_union,none,1.0,0.8593415591806989,0.812,0.852,0.844,0.008
1,mahalanobis_diag,intent_quantile_0.99,normalized_union,none,2.0,0.8593415591806989,0.812,0.852,0.844,0.008
1,mahalanobis_diag,intent_quantile_0.99,normalized_union,ratio,0.0,0.8593415591806989,0.812,0.852,0.844,0.008
1,mahalanobis_diag,intent_quantile_0.99,normalized_union,ratio,0.25,1.0866764541365055,0.812,0.852,0.844,0.008
1,mahalanobis_diag,intent_quantile_0.99,normalized_union,ratio,0.5,1.307912878410635,0.832,0.852,0.848,0.004
1,mahalanobis_diag,intent_quantile_0.99,normalized_union,ratio,1.0,1.7426610957105981,0.842,0.852,0.85,0.002
1,mahalanobis_diag,intent_quantile_0.99,normalized_union,ratio,2.0,2.6379401252854784,0.842,0.852,0.85,0.002
1,mahalanobis_diag,intent_quantile_0.99,normalized_union,inverse_margin,0.0,0.8593415591806989,0.812,0.852,0.844,0.008
1,mahalanobis_diag,intent_quantile_0.99,normalized_union,inverse_margin,0.25,2.876341294148779,0.842,0.852,0.85,0.002
1,mahalanobis_diag,intent_quantile_0.99,normalized_union,inverse_margin,0.5,4.84542199760324,0.842,0.852,0.85,0.002
1,mahalanobis_diag,intent_quantile_0.99,normalized_union,inverse_margin,1.0,8.728037735376393,0.842,0.852,0.85,0.002
1,mahalanobis_diag,intent_quantile_0.99,normalized_union,inverse_margin,2.0,16.4932692109227,0.842,0.852,0.85,0.002
1,mahalanobis_diag,intent_quantile_0.99,normalized_union,max_ratio,0.0,0.8593415591806989,0.812,0.852,0.844,0.008
1,mahalanobis_diag,intent_quantile_0.99,normalized_union,max_ratio,0.25,0.8593415591806989,0.812,0.852,0.844,0.008
1,mahalanobis_diag,intent_quantile_0.99,normalized_union,max_ratio,0.5,0.8593415591806989,0.812,0.852,0.844,0.008
1,mahalanobis_diag,intent_quantile_0.99,normalized_union,max_ratio,1.0,0.9025474742270435,0.842,0.852,0.85,0.002
1,mahalanobis_diag,intent_quantile_0.99,normalized_union,max_ratio,2.0,1.7728640702797909,0.842,0.852,0.85,0.002
2,euclidean,mean_std_0.0,nearest_sphere,none,0.0,1.097000372230734,0.732,0.852,0.828,0.024
2,euclidean,mean_std_0.0,nearest_sphere,none,0.25,1.097000372230734,0.732,0.852,0.828,0.024
2,euclidean,mean_std_0.0,nearest_sphere,none,0.5,1.097000372230734,0.732,0.852,0.828,0.024
2,euclidean,mean_std_0.0,nearest_sphere,none,1.0,1.097000372230734,0.732,0.852,0.828,0.024
2,euclidean,mean_std_0.0,nearest_sphere,none,2.0,1.097000372230734,0.732,0.852,0.828,0.024
2,euclidean,mean_std_0.0,nearest_sphere,ratio,0.0,1.097000372230734,0.732,0.852,0.828,0.024
2,euclidean,mean_std_0.0,nearest_sphere,ratio,0.25,1.3094081432850495,0.782,0.852,0.838,0.014
2,euclidean,mean_std_0.0,nearest_sphere,ratio,0.5,1.52446729071054,0.822,0.852,0.846,0.006
2,euclidean,mean_std_0.0,nearest_sphere,ratio,1.0,1.95997384967051,0.822,0.852,0.846,0.006
2,euclidean,mean_std_0.0,nearest_sphere,ratio,2.0,2.844932238524235,0.832,0.852,0.848,0.004
2,euclidean,mean_std_0.0,nearest_sphere,inverse_margin,0.0,1.097000372230734,0.732,0.852,0.828,0.024
2,euclidean,mean_std_0.0,nearest_sphere,inverse_margin,0.25,2.967969590615498,0.842,0.852,0.85,0.002
2,euclidean,mean_std_0.0,nearest_sphere,inverse_margin,0.5,4.983056083857595,0.842,0.852,0.85,0.002
2,euclidean,mean_std_0.0,nearest_sphere,inverse_margin,1.0,8.829486838184257,0.842,0.852,0.85,0.002
2,euclidean,mean_std_0.0,nearest_sphere,inverse_margin,2.0,16.72799344488642,0.842,0.852,0.85,0.002
2,euclidean,mean_std_0.0,nearest_sphere,max_ratio,0.0,1.097000372230734,0.732,0.852,0.828,0.024
2,euclidean,mean_std_0.0,nearest_sphere,max_ratio,0.25,1.097000372230734,0.732,0.852,0.828,0.024
2,euclidean,mean_std_0.0,nearest_sphere,max_ratio,0.5,1.097000372230734,0.732,0.852,0.828,0.024
2,euclidean,mean_std_0.0,nearest_sphere,max_ratio,1.0,1.097000372230734,0.732,0.852,0.828,0.024
2,euclidean,mean_std_0.0,nearest_sphere,max_ratio,2.0,1.7738384947263757,0.842,0.852,0.85,0.002
2,euclidean,mean_std_0.0,normalized_union,none,0.0,1.0286640632397923,0.632,0.852,0.808,0.044
2,euclidean,mean_std_0.0,normalized_union,none,0.25,1.0286640632397923,0.632,0.852,0.808,0.044
2,euclidean,mean_std_0.0,normalized_union,none,0.5,1.0286640632397923,0.632,0.852,0.808,0.044
2,euclidean,mean_std_0.0,normalized_union,none,1.0,1.0286640632397923,0.632,0.852,0.808,0.044
2,euclidean,mean_std_0.0,normalized_union,none,2.0,1.0286640632397923,0.632,0.852,0.808,0.044
2,euclidean,mean_std_0.0,normalized_union,ratio,0.0,1.0286640632397923,0.632,0.852,0.808,0.044
2,euclidean,mean_std_0.0,normalized_union,ratio,0.25,1.251740696083511,0.652,0.852,0.812,0.04
2,euclidean,mean_std_0.0,normalized_union,ratio,0.5,1.463875253142637,0.652,0.852,0.812,0.04
2,euclidean,mean_std_0.0,normalized_union,ratio,1.0,1.896885734875203,0.662,0.852,0.814,0.038
2,euclidean,mean_std_0.0,normalized_union,ratio,2.0,2.790541820675889,0.652,0.852,0.812,0.04
2,euclidean,mean_std_0.0,normalized_union,inverse_margin,0.0,1.0286640632397923,0.632,0.852,0.808,0.044
2,euclidean,mean_std_0.0,normalized_union,inverse_margin,0.25,2.925966977525672,0.652,0.852,0.812,0.04
2,euclidean,mean_std_0.0,normalized_union,inverse_margin,0.5,4.880233534833177,0.652,0.852,0.812,0.04
2,euclidean,mean_std_0.0,normalized_union,inverse_margin,1.0,8.829486838184257,0.652,0.852,0.812,0.04
2,euclidean,mean_std_0.0,normalized_union,inverse_margin,2.0,16.72799344488642,0.652,0.852,0.812,0.04
2,euclidean,mean_std_0.0,normalized_union,max_ratio,0.0,1.0286640632397923,0.632,0.852,0.808,0.044
2,euclidean,mean_std_0.0,normalized_union,max_ratio,0.25,1.0286640632397923,0.632,0.852,0.808,0.044
2,euclidean,mean_std_0.0,normalized_union,max_ratio,0.5,1.0286640632397923,0.632,0.852,0.808,0.044
2,euclidean,mean_std_0.0,normalized_union,max_ratio,1.0,1.0286640632397923,0.632,0.852,0.808,0.044
2,euclidean,mean_std_0.0,normalized_union,max_ratio,2.0,1.7738384947263757,0.642,0.852,0.81,0.042
2,euclidean,mean_std_0.25,nearest_sphere,none,0.0,1.0712862882107455,0.752,0.852,0.832,0.02
2,euclidean,mean_std_0.25,nearest_sphere,none,0.25,1.0712862882107455,0.752,0.852,0.832,0.02
2,euclidean,mean_std_0.25,nearest_sphere,none,0.5,1.0712862882107455,0.752,0.852,0.832,0.02
2,euclidean,mean_std_0.25,nearest_sphere,none,1.0,1.0712862882107455,0.752,0.852,0.832,0.02
2,euclidean,mean_std_0.25,nearest_sphere,none,2.0,1.0712862882107455,0.752,0.852,0.832,0.02
2,euclidean,mean_std_0.25,nearest_sphere,ratio,0.0,1.0712862882107455,0.752,0.852,0.832,0.02
2,euclidean,mean_std_0.25,nearest_sphere,ratio,0.25,1.2804881115686133,0.812,0.852,0.844,0.008
2,euclidean,mean_std_0.25,nearest_sphere,ratio,0.5,1.5008024519013181,0.822,0.852,0.846,0.006
2,euclidean,mean_std_0.25,nearest_sphere,ratio,1.0,1.9355451319238823,0.832,0.852,0.848,0.004
2,euclidean,mean_std_0.25,nearest_sphere,ratio,2.0,2.8124158124305056,0.832,0.852,0.848,0.004
2,euclidean,mean_std_0.25,nearest_sphere,inverse_margin,0.0,1.0712862882107455,0.752,0.852,0.832,0.02
2,euclidean,mean_std_0.25,nearest_sphere,inverse_margin,0.25,2.9490901956593754,0.842,0.852,0.85,0.002
2,euclidean,mean_std_0.25,nearest_sphere,inverse_margin,0.5,4.962897514948923,0.842,0.852,0.85,0.002
2,euclidean,mean_std_0.25,nearest_sphere,inverse_margin,1.0,8.813759945774223,0.842,0.852,0.85,0.002
2,euclidean,mean_std_0.25,nearest_sphere,inverse_margin,2.0,16.712266552476382,0.842,0.852,0.85,0.002
2,euclidean,mean_std_0.25,nearest_sphere,max_ratio,0.0,1.0712862882107455,0.752,0.852,0.832,0.02
2,euclidean,mean_std_0.25,nearest_sphere,max_ratio,0.25,1.0712862882107455,0.752,0.852,0.832,0.02
2,euclidean,mean_std_0.25,nearest_sphere,max_ratio,0.5,1.0712862882107455,0.752,0.852,0.832,0.02
2,euclidean,mean_std_0.25,nearest_sphere,max_ratio,1.0,1.0712862882107455,0.752,0.852,0.832,0.02
2,euclidean,mean_std_0.25,nearest_sphere,max_ratio,2.0,1.7738384947263757,0.842,0.852,0.85,0.002
2,euclidean,mean_std_0.25,normalized_union,none,0.0,1.0011230663696324,0.672,0.852,0.816,0.036
2,euclidean,mean_std_0.25,normalized_union,none,0.25,1.0011230663696324,0.672,0.852,0.816,0.036
2,euclidean,mean_std_0.25,normalized_union,none,0.5,1.0011230663696324,0.672,0.852,0.816,0.036
2,euclidean,mean_std_0.25,normalized_union,none,1.0,1.0011230663696324,0.672,0.852,0.816,0.036
2,euclidean,mean_std_0.25,normalized_union,none,2.0,1.0011230663696324,0.672,0.852,0.816,0.036
2,euclidean,mean_std_0.25,normalized_union,ratio,0.0,1.0011230663696324,0.672,0.852,0.816,0.036
2,euclidean,mean_std_0.25,normalized_union,ratio,0.25,1.2264365931516223,0.702,0.852,0.822,0.03
2,euclidean,mean_std_0.25,normalized_union,ratio,0.5,1.4375400065233621,0.702,0.852,0.822,0.03
2,euclidean,mean_std_0.25,normalized_union,ratio,1.0,1.8745558794760653,0.722,0.852,0.826,0.026
2,euclidean,mean_std_0.25,normalized_union,ratio,2.0,2.767940426430756,0.722,0.852,0.826,0.026
2,euclidean,mean_std_0.25,normalized_union,inverse_margin,0.0,1.0011230663696324,0.672,0.852,0.816,0.036
2,euclidean,mean_std_0.25,normalized_union,inverse_margin,0.25,2.90713738458109,0.712,0.852,0.824,0.028
2,euclidean,mean_std_0.25,normalized_union,inverse_margin,0.5,4.864506642423143,0.712,0.852,0.824,0.028
2,euclidean,mean_std_0.25,normalized_union,inverse_margin,1.0,8.813759945774223,0.712,0.852,0.824,0.028
2,euclidean,mean_std_0.25,normalized_union,inverse_margin,2.0,16.712266552476382,0.712,0.852,0.824,0.028
2,euclidean,mean_std_0.25,normalized_union,max_ratio,0.0,1.0011230663696324,0.672,0.852,0.816,0.036
2,euclidean,mean_std_0.25,normalized_union,max_ratio,0.25,1.0011230663696324,0.672,0.852,0.816,0.036
2,euclidean,mean_std_0.25,normalized_union,max_ratio,0.5,1.0011230663696324,0.672,0.852,0.816,0.036
2,euclidean,mean_std_0.25,normalized_union,max_ratio,1.0,1.0011230663696324,0.672,0.852,0.816,0.036
2,euclidean,mean_std_0.25,normalized_union,max_ratio,2.0,1.7738384947263757,0.702,0.852,0.822,0.03
2,euclidean,mean_std_0.5,nearest_sphere,none,0.0,1.046369375569222,0.772,0.852,0.836,0.016
2,euclidean,mean_std_0.5,nearest_sphere,none,0.25,1.046369375569222,0.772,0.852,0.836,0.016
2,euclidean,mean_std_0.5,nearest_sphere,none,0.5,1.046369375569222,0.772,0.852,0.836,0.016
2,euclidean,mean_std_0.5,nearest_sphere,none,1.0,1.046369375569222,0.772,0.852,0.836,0.016
2,euclidean,mean_std_0.5,nearest_sphere,none,2.0,1.046369375569222,0.772,0.852,0.836,0.016
2,euclidean,mean_std_0.5,nearest_sphere,ratio,0.0,1.046369375569222,0.772,0.852,0.836,0.016
2,euclidean,mean_std_0.5,nearest_sphere,ratio,0.25,1.2570023016909664,0.812,0.852,0.844,0.008
2,euclidean,mean_std_0.5,nearest_sphere,ratio,0.5,1.4707246845098758,0.822,0.852,0.846,0.006
2,euclidean,mean_std_0.5,nearest_sphere,ratio,1.0,1.9086782002818294,0.832,0.852,0.848,0.004
2,euclidean,mean_std_0.5,nearest_sphere,ratio,2.0,2.785165001651113,0.832,0.852,0.848,0.004
2,euclidean,mean_std_0.5,nearest_sphere,inverse_margin,0.0,1.046369375569222,0.772,0.852,0.836,0.016
2,euclidean,mean_std_0.5,nearest_sphere,inverse_margin,0.25,2.93094437821159,0.842,0.852,0.85,0.002
2,euclidean,mean_std_0.5,nearest_sphere,inverse_margin,0.5,4.940812896166284,0.842,0.852,0.85,0.002
2,euclidean,mean_std_0.5,nearest_sphere,inverse_margin,1.0,8.798555570072121,0.842,0.852,0.85,0.002
2,euclidean,mean_std_0.5,nearest_sphere,inverse_margin,2.0,16.69706217677428,0.842,0.852,0.85,0.002
2,euclidean,mean_std_0.5,nearest_sphere,max_ratio,0.0,1.046369375569222,0.772,0.852,0.836,0.016
2,euclidean,mean_std_0.5,nearest_sphere,max_ratio,0.25,1.046369375569222,0.772,0.852,0.836,0.016
2,euclidean,mean_std_0.5,nearest_sphere,max_ratio,0.5,1.046369375569222,0.772,0.852,0.836,0.016
2,euclidean,mean_std_0.5,nearest_sphere,max_ratio,1.0,1.046369375569222,0.772,0.852,0.836,0.016
2,euclidean,mean_std_0.5,nearest_sphere,max_ratio,2.0,1.7738384947263757,0.842,0.852,0.85,0.002
2,euclidean,mean_std_0.5,normalized_union,none,0.0,0.9806499217514885,0.692,0.852,0.82,0.032
2,euclidean,mean_std_0.5,normalized_union,none,0.25,0.9806499217514885,0.692,0.852,0.82,0.032
2,euclidean,mean_std_0.5,normalized_union,none,0.5,0.9806499217514885,0.692,0.852,0.82,0.032
2,euclidean,mean_std_0.5,normalized_union,none,1.0,0.9806499217514885,0.692,0.852,0.82,0.032
2,euclidean,mean_std_0.5,normalized_union,none,2.0,0.9806499217514885,0.692,0.852,0.82,0.032
2,euclidean,mean_std_0.5,normalized_union,ratio,0.0,0.9806499217514885,0.692,0.852,0.82,0.032
2,euclidean,mean_std_0.5,normalized_union,ratio,0.25,1.1940262748505548,0.732,0.852,0.828,0.024
2,euclidean,mean_std_0.5,normalized_union,ratio,0.5,1.4087133826761016,0.752,0.852,0.832,0.02
2,euclidean,mean_std_0.5,normalized_union,ratio,1.0,1.8551415638535822,0.762,0.852,0.834,0.018
2,euclidean,mean_std_0.5,normalized_union,ratio,2.0,2.7377415553250732,0.762,0.852,0.834,0.018
2,euclidean,mean_std_0.5,normalized_union,inverse_margin,0.0,0.9806499217514885,0.692,0.852,0.82,0.032
2,euclidean,mean_std_0.5,normalized_union,inverse_margin,0.25,2.888985575229313,0.752,0.852,0.832,0.02
2,euclidean,mean_std_0.5,normalized_union,inverse_margin,0.5,4.8493022667210415,0.752,0.852,0.832,0.02
2,euclidean,mean_std_0.5,normalized_union,inverse_margin,1.0,8.798555570072121,0.752,0.852,0.832,0.02
2,euclidean,mean_std_0.5,normalized_union,inverse_margin,2.0,16.69706217677428,0.752,0.852,0.832,0.02
2,euclidean,mean_std_0.5,normalized_union,max_ratio,0.0,0.9806499217514885,0.692,0.852,0.82,0.032
2,euclidean,mean_std_0.5,normalized_union,max_ratio,0.25,0.9806499217514885,0.692,0.852,0.82,0.032
2,euclidean,mean_std_0.5,normalized_union,max_ratio,0.5,0.9806499217514885,0.692,0.852,0.82,0.032
2,euclidean,mean_std_0.5,normalized_union,max_ratio,1.0,0.9817641214390879,0.712,0.852,0.824,0.028
2,euclidean,mean_std_0.5,normalized_union,max_ratio,2.0,1.7738384947263757,0.742,0.852,0.83,0.022
2,euclidean,mean_std_0.75,nearest_sphere,none,0.0,1.0198919023701554,0.772,0.852,0.836,0.016
2,euclidean,mean_std_0.75,nearest_sphere,none,0.25,1.0198919023701554,0.772,0.852,0.836,0.016
2,euclidean,mean_std_0.75,nearest_sphere,none,0.5,1.0198919023701554,0.772,0.852,0.836,0.016
2,euclidean,mean_std_0.75,nearest_sphere,none,1.0,1.0198919023701554,0.772,0.852,0.836,0.016
2,euclidean,mean_std_0.75,nearest_sphere,none,2.0,1.0198919023701554,0.772,0.852,0.836,0.016
2,euclidean,mean_std_0.75,nearest_sphere,ratio,0.0,1.0198919023701554,0.772,0.852,0.836,0.016
2,euclidean,mean_std_0.75,nearest_sphere,ratio,0.25,1.2362302035171908,0.822,0.852,0.846,0.006
2,euclidean,mean_std_0.75,nearest_sphere,ratio,0.5,1.4509820224572718,0.822,0.852,0.846,0.006
2,euclidean,mean_std_0.75,nearest_sphere,ratio,1.0,1.8862942282957336,0.832,0.852,0.848,0.004
2,euclidean,mean_std_0.75,nearest_sphere,ratio,2.0,2.756501508789068,0.832,0.852,0.848,0.004
2,euclidean,mean_std_0.75,nearest_sphere,inverse_margin,0.0,1.0198919023701554,0.772,0.852,0.836,0.016
2,euclidean,mean_std_0.75,nearest_sphere,inverse_margin,0.25,2.913490197285125,0.842,0.852,0.85,0.002
2,euclidean,mean_std_0.75,nearest_sphere,inverse_margin,0.5,4.919549497884502,0.842,0.852,0.85,0.002
2,euclidean,mean_std_0.75,nearest_sphere,inverse_margin,1.0,8.783848096135292,0.842,0.852,0.85,0.002
2,euclidean,mean_std_0.75,nearest_sphere,inverse_margin,2.0,16.682354702837454,0.842,0.852,0.85,0.002
2,euclidean,mean_std_0.75,nearest_sphere,max_ratio,0.0,1.0198919023701554,0.772,0.852,0.836,0.016
2,euclidean,mean_std_0.75,nearest_sphere,max_ratio,0.25,1.0198919023701554,0.772,0.852,0.836,0.016
2,euclidean,mean_std_0.75,nearest_sphere,max_ratio,0.5,1.0198919023701554,0.772,0.852,0.836,0.016
2,euclidean,mean_std_0.75,nearest_sphere,max_ratio,1.0,1.0198919023701554,0.772,0.852,0.836,0.016
2,euclidean,mean_std_0.75,nearest_sphere,max_ratio,2.0,1.7738384947263757,0.842,0.852,0.85,0.002
2,euclidean,mean_std_0.75,normalized_union,none,0.0,0.9561023667731084,0.742,0.852,0.83,0.022
2,euclidean,mean_std_0.75,normalized_union,none,0.25,0.9561023667731084,0.742,0.852,0.83,0.022
2,euclidean,mean_std_0.75,normalized_union,none,0.5,0.9561023667731084,0.742,0.852,0.83,0.022
2,euclidean,mean_std_0.75,normalized_union,none,1.0,0.9561023667731084,0.742,0.852,0.83,0.022
2,euclidean,mean_std_0.75,normalized_union,none,2.0,0.9561023667731084,0.742,0.852,0.83,0.022
2,euclidean,mean_std_0.75,normalized_union,ratio,0.0,0.9561023667731084,0.742,0.852,0.83,0.022
2,euclidean,mean_std_0.75,normalized_union,ratio,0.25,1.1676259400715294,0.762,0.852,0.834,0.018
2,euclidean,mean_std_0.75,normalized_union,ratio,0.5,1.3904805040475081,0.772,0.852,0.836,0.016
2,euclidean,mean_std_0.75,normalized_union,ratio,1.0,1.8295340484818488,0.782,0.852,0.838,0.014
2,euclidean,mean_std_0.75,normalized_union,ratio,2.0,2.7196755363999023,0.782,0.852,0.838,0.014
2,euclidean,mean_std_0.75,normalized_union,inverse_margin,0.0,0.9561023667731084,0.742,0.852,0.83,0.022
2,euclidean,mean_std_0.75,normalized_union,inverse_margin,0.25,2.87147560057259,0.772,0.852,0.836,0.016
2,euclidean,mean_std_0.75,normalized_union,inverse_margin,0.5,4.834594792784212,0.772,0.852,0.836,0.016
2,euclidean,mean_std_0.75,normalized_union,inverse_margin,1.0,8.783848096135292,0.772,0.852,0.836,0.016
2,euclidean,mean_std_0.75,normalized_union,inverse_margin,2.0,16.682354702837454,0.772,0.852,0.836,0.016
2,euclidean,mean_std_0.75,normalized_union,max_ratio,0.0,0.9561023667731084,0.742,0.852,0.83,0.022
2,euclidean,mean_std_0.75,normalized_union,max_ratio,0.25,0.9561023667731084,0.742,0.852,0.83,0.022
2,euclidean,mean_std_0.75,normalized_union,max_ratio,0.5,0.9561023667731084,0.742,0.852,0.83,0.022
2,euclidean,mean_std_0.75,normalized_union,max_ratio,1.0,0.9601409761014811,0.772,0.852,0.836,0.016
2,euclidean,mean_std_0.75,normalized_union,max_ratio,2.0,1.7738384947263757,0.762,0.852,0.834,0.018
2,euclidean,mean_std_1.0,nearest_sphere,none,0.0,0.9977202222602258,0.782,0.852,0.838,0.014
2,euclidean,mean_std_1.0,nearest_sphere,none,0.25,0.9977202222602258,0.782,0.852,0.838,0.014
2,euclidean,mean_std_1.0,nearest_sphere,none,0.5,0.9977202222602258,0.782,0.852,0.838,0.014
2,euclidean,mean_std_1.0,nearest_sphere,none,1.0,0.9977202222602258,0.782,0.852,0.838,0.014
2,euclidean,mean_std_1.0,nearest_sphere,none,2.0,0.9977202222602258,0.782,0.852,0.838,0.014
2,euclidean,mean_std_1.0,nearest_sphere,ratio,0.0,0.9977202222602258,0.782,0.852,0.838,0.014
2,euclidean,mean_std_1.0,nearest_sphere,ratio,0.25,1.2104241684314307,0.822,0.852,0.846,0.006
2,euclidean,mean_std_1.0,nearest_sphere,ratio,0.5,1.4282041634996376,0.822,0.852,0.846,0.006
2,euclidean,mean_std_1.0,nearest_sphere,ratio,1.0,1.8673746750315177,0.832,0.852,0.848,0.004
2,euclidean,mean_std_1.0,nearest_sphere,ratio,2.0,2.7333264986278554,0.832,0.852,0.848,0.004
2,euclidean,mean_std_1.0,nearest_sphere,inverse_margin,0.0,0.9977202222602258,0.782,0.852,0.838,0.014
2,euclidean,mean_std_1.0,nearest_sphere,inverse_margin,0.25,2.896688849302637,0.842,0.852,0.85,0.002
2,euclidean,mean_std_1.0,nearest_sphere,inverse_margin,0.5,4.89906235036066,0.842,0.852,0.85,0.002
2,euclidean,mean_std_1.0,nearest_sphere,inverse_margin,1.0,8.769613556371496,0.842,0.852,0.85,0.002
2,euclidean,mean_std_1.0,nearest_sphere,inverse_margin,2.0,16.668120163073656,0.842,0.852,0.85,0.002
2,euclidean,mean_std_1.0,nearest_sphere,max_ratio,0.0,0.9977202222602258,0.782,0.852,0.838,0.014
2,euclidean,mean_std_1.0,nearest_sphere,max_ratio,0.25,0.9977202222602258,0.782,0.852,0.838,0.014
2,euclidean,mean_std_1.0,nearest_sphere,max_ratio,0.5,0.9977202222602258,0.782,0.852,0.838,0.014
2,euclidean,mean_std_1.0,nearest_sphere,max_ratio,1.0,0.9977202222602258,0.782,0.852,0.838,0.014
2,euclidean,mean_std_1.0,nearest_sphere,max_ratio,2.0,1.7738384947263757,0.842,0.852,0.85,0.002
2,euclidean,mean_std_1.0,normalized_union,none,0.0,0.9331238468738141,0.782,0.852,0.838,0.014
2,euclidean,mean_std_1.0,normalized_union,none,0.25,0.9331238468738141,0.782,0.852,0.838,0.014
2,euclidean,mean_std_1.0,normalized_union,none,0.5,0.9331238468738141,0.782,0.852,0.838,0.014
2,euclidean,mean_std_1.0,normalized_union,none,1.0,0.9331238468738141,0.782,0.852,0.838,0.014
2,euclidean,mean_std_1.0,normalized_union,none,2.0,0.9331238468738141,0.782,0.852,0.838,0.014
2,euclidean,mean_std_1.0,normalized_union,ratio,0.0,0.9331238468738141,0.782,0.852,0.838,0.014
2,euclidean,mean_std_1.0,normalized_union,ratio,0.25,1.1494359334558464,0.762,0.852,0.834,0.018
2,euclidean,mean_std_1.0,normalized_union,ratio,0.5,1.3704406152421384,0.792,0.852,0.84,0.012
2,euclidean,mean_std_1.0,normalized_union,ratio,1.0,1.81196263556274,0.792,0.852,0.84,0.012
2,euclidean,mean_std_1.0,normalized_union,ratio,2.0,2.696226924956226,0.782,0.852,0.838,0.014
2,euclidean,mean_std_1.0,normalized_union,inverse_margin,0.0,0.9331238468738141,0.782,0.852,0.838,0.014
2,euclidean,mean_std_1.0,normalized_union,inverse_margin,0.25,2.854574009801317,0.772,0.852,0.836,0.016
2,euclidean,mean_std_1.0,normalized_union,inverse_margin,0.5,4.820360253020416,0.772,0.852,0.836,0.016
2,euclidean,mean_std_1.0,normalized_union,inverse_margin,1.0,8.769613556371496,0.772,0.852,0.836,0.016
2,euclidean,mean_std_1.0,normalized_union,inverse_margin,2.0,16.668120163073656,0.772,0.852,0.836,0.016
2,euclidean,mean_std_1.0,normalized_union,max_ratio,0.0,0.9331238468738141,0.782,0.852,0.838,0.014
2,euclidean,mean_std_1.0,normalized_union,max_ratio,0.25,0.9331238468738141,0.782,0.852,0.838,0.014
2,euclidean,mean_std_1.0,normalized_union,max_ratio,0.5,0.9331238468738141,0.782,0.852,0.838,0.014
2,euclidean,mean_std_1.0,normalized_union,max_ratio,1.0,0.9401598740414389,0.772,0.852,0.836,0.016
2,euclidean,mean_std_1.0,normalized_union,max_ratio,2.0,1.7738384947263757,0.762,0.852,0.834,0.018
2,euclidean,mean_std_1.5,nearest_sphere,none,0.0,0.9573875906924224,0.782,0.852,0.838,0.014
2,euclidean,mean_std_1.5,nearest_sphere,none,0.25,0.9573875906924224,0.782,0.852,0.838,0.014
2,euclidean,mean_std_1.5,nearest_sphere,none,0.5,0.9573875906924224,0.782,0.852,0.838,0.014
2,euclidean,mean_std_1.5,nearest_sphere,none,1.0,0.9573875906924224,0.782,0.852,0.838,0.014
2,euclidean,mean_std_1.5,nearest_sphere,none,2.0,0.9573875906924224,0.782,0.852,0.838,0.014
2,euclidean,mean_std_1.5,nearest_sphere,ratio,0.0,0.9573875906924224,0.782,0.852,0.838,0.014
2,euclidean,mean_std_1.5,nearest_sphere,ratio,0.25,1.1690684524030641,0.822,0.852,0.846,0.006
2,euclidean,mean_std_1.5,nearest_sphere,ratio,0.5,1.3865672231365247,0.822,0.852,0.846,0.006
2,euclidean,mean_std_1.5,nearest_sphere,ratio,1.0,1.8299666279351756,0.832,0.852,0.848,0.004
2,euclidean,mean_std_1.5,nearest_sphere,ratio,2.0,2.7009183223092883,0.832,0.852,0.848,0.004
2,euclidean,mean_std_1.5,nearest_sphere,inverse_margin,0.0,0.9573875906924224,0.782,0.852,0.838,0.014
2,euclidean,mean_std_1.5,nearest_sphere,inverse_margin,0.25,2.864903428159118,0.842,0.852,0.85,0.002
2,euclidean,mean_std_1.5,nearest_sphere,inverse_margin,0.5,4.86025276725073,0.842,0.852,0.85,0.002
2,euclidean,mean_std_1.5,nearest_sphere,inverse_margin,1.0,8.742474875916772,0.842,0.852,0.85,0.002
2,euclidean,mean_std_1.5,nearest_sphere,inverse_margin,2.0,16.640981482618933,0.842,0.852,0.85,0.002
2,euclidean,mean_std_1.5,nearest_sphere,max_ratio,0.0,0.9573875906924224,0.782,0.852,0.838,0.014
2,euclidean,mean_std_1.5,nearest_sphere,max_ratio,0.25,0.9573875906924224,0.782,0.852,0.838,0.014
2,euclidean,mean_std_1.5,nearest_sphere,max_ratio,0.5,0.9573875906924224,0.782,0.852,0.838,0.014
2,euclidean,mean_std_1.5,nearest_sphere,max_ratio,1.0,0.9658114004360687,0.822,0.852,0.846,0.006
2,euclidean,mean_std_1.5,nearest_sphere,max_ratio,2.0,1.7738384947263757,0.842,0.852,0.85,0.002
2,euclidean,mean_std_1.5,normalized_union,none,0.0,0.8955609119395064,0.792,0.852,0.84,0.012
2,euclidean,mean_std_1.5,normalized_union,none,0.25,0.8955609119395064,0.792,0.852,0.84,0.012
2,euclidean,mean_std_1.5,normalized_union,none,0.5,0.8955609119395064,0.792,0.852,0.84,0.012
2,euclidean,mean_std_1.5,normalized_union,none,1.0,0.8955609119395064,0.792,0.852,0.84,0.012
2,euclidean,mean_std_1.5,normalized_union,none,2.0,0.8955609119395064,0.792,0.852,0.84,0.012
2,euclidean,mean_std_1.5,normalized_union,ratio,0.0,0.8955609119395064,0.792,0.852,0.84,0.012
2,euclidean,mean_std_1.5,normalized_union,ratio,0.25,1.1129918370853127,0.802,0.852,0.842,0.01
2,euclidean,mean_std_1.5,normalized_union,ratio,0.5,1.335614576831948,0.812,0.852,0.844,0.008
2,euclidean,mean_std_1.5,normalized_union,ratio,1.0,1.7767957866304296,0.812,0.852,0.844,0.008
2,euclidean,mean_std_1.5,normalized_union,ratio,2.0,2.6606213087654247,0.812,0.852,0.844,0.008
2,euclidean,mean_std_1.5,normalized_union,inverse_margin,0.0,0.8955609119395064,0.792,0.852,0.84,0.012
2,euclidean,mean_std_1.5,normalized_union,inverse_margin,0.25,2.8224734088937318,0.812,0.852,0.844,0.008
2,euclidean,mean_std_1.5,normalized_union,inverse_margin,0.5,4.793221572565692,0.812,0.852,0.844,0.008
2,euclidean,mean_std_1.5,normalized_union,inverse_margin,1.0,8.742474875916772,0.812,0.852,0.844,0.008
2,euclidean,mean_std_1.5,normalized_union,inverse_margin,2.0,16.640981482618933,0.812,0.852,0.844,0.008
2,euclidean,mean_std_1.5,normalized_union,max_ratio,0.0,0.8955609119395064,0.792,0.852,0.84,0.012
2,euclidean,mean_std_1.5,normalized_union,max_ratio,0.25,0.8955609119395064,0.792,0.852,0.84,0.012
2,euclidean,mean_std_1.5,normalized_union,max_ratio,0.5,0.8955609119395064,0.792,0.852,0.84,0.012
2,euclidean,mean_std_1.5,normalized_union,max_ratio,1.0,0.9130366561968883,0.812,0.852,0.844,0.008
2,euclidean,mean_std_1.5,normalized_union,max_ratio,2.0,1.7738384947263757,0.812,0.852,0.844,0.008
2,euclidean,mean_std_2.0,nearest_sphere,none,0.0,0.9178712757740582,0.812,0.852,0.844,0.008
2,euclidean,mean_std_2.0,nearest_sphere,none,0.25,0.9178712757740582,0.812,0.852,0.844,0.008
2,euclidean,mean_std_2.0,nearest_sphere,none,0.5,0.9178712757740582,0.812,0.852,0.844,0.008
2,euclidean,mean_std_2.0,nearest_sphere,none,1.0,0.9178712757740582,0.812,0.852,0.844,0.008
2,euclidean,mean_std_2.0,nearest_sphere,none,2.0,0.9178712757740582,0.812,0.852,0.844,0.008
2,euclidean,mean_std_2.0,nearest_sphere,ratio,0.0,0.9178712757740582,0.812,0.852,0.844,0.008
2,euclidean,mean_std_2.0,nearest_sphere,ratio,0.25,1.134163077196018,0.822,0.852,0.846,0.006
2,euclidean,mean_std_2.0,nearest_sphere,ratio,0.5,1.3518315365778022,0.822,0.852,0.846,0.006
2,euclidean,mean_std_2.0,nearest_sphere,ratio,1.0,1.7959858496629697,0.832,0.852,0.848,0.004
2,euclidean,mean_std_2.0,nearest_sphere,ratio,2.0,2.6719089743930113,0.832,0.852,0.848,0.004
2,euclidean,mean_std_2.0,nearest_sphere,inverse_margin,0.0,0.9178712757740582,0.812,0.852,0.844,0.008
2,euclidean,mean_std_2.0,nearest_sphere,inverse_margin,0.25,2.8353302393718574,0.842,0.852,0.85,0.002
2,euclidean,mean_std_2.0,nearest_sphere,inverse_margin,0.5,4.824083971361251,0.842,0.852,0.85,0.002
2,euclidean,mean_std_2.0,nearest_sphere,inverse_margin,1.0,8.716976076474822,0.842,0.852,0.85,0.002
2,euclidean,mean_std_2.0,nearest_sphere,inverse_margin,2.0,16.61548268317698,0.842,0.852,0.85,0.002
2,euclidean,mean_std_2.0,nearest_sphere,max_ratio,0.0,0.9178712757740582,0.812,0.852,0.844,0.008
2,euclidean,mean_std_2.0,nearest_sphere,max_ratio,0.25,0.9178712757740582,0.812,0.852,0.844,0.008
2,euclidean,mean_std_2.0,nearest_sphere,max_ratio,0.5,0.9178712757740582,0.812,0.852,0.844,0.008
2,euclidean,mean_std_2.0,nearest_sphere,max_ratio,1.0,0.9370577147502833,0.822,0.852,0.846,0.006
2,euclidean,mean_std_2.0,nearest_sphere,max_ratio,2.0,1.7738384947263757,0.842,0.852,0.85,0.002
2,euclidean,mean_std_2.0,normalized_union,none,0.0,0.8624828833297077,0.782,0.852,0.838,0.014
2,euclidean,mean_std_2.0,normalized_union,none,0.25,0.8624828833297077,0.782,0.852,0.838,0.014
2,euclidean,mean_std_2.0,normalized_union,none,0.5,0.8624828833297077,0.782,0.852,0.838,0.014
2,euclidean,mean_std_2.0,normalized_union,none,1.0,0.8624828833297077,0.782,0.852,0.838,0.014
2,euclidean,mean_std_2.0,normalized_union,none,2.0,0.8624828833297077,0.782,0.852,0.838,0.014
2,euclidean,mean_std_2.0,normalized_union,ratio,0.0,0.8624828833297077,0.782,0.852,0.838,0.014
2,euclidean,mean_std_2.0,normalized_union,ratio,0.25,1.0796130048911852,0.802,0.852,0.842,0.01
2,euclidean,mean_std_2.0,normalized_union,ratio,0.5,1.2976937594668903,0.822,0.852,0.846,0.006
2,euclidean,mean_std_2.0,normalized_union,ratio,1.0,1.735728734508328,0.822,0.852,0.846,0.006
2,euclidean,mean_std_2.0,normalized_union,ratio,2.0,2.616498921881708,0.832,0.852,0.848,0.004
2,euclidean,mean_std_2.0,normalized_union,inverse_margin,0.0,0.8624828833297077,0.782,0.852,0.838,0.014
2,euclidean,mean_std_2.0,normalized_union,inverse_margin,0.25,2.793096121448201,0.832,0.852,0.848,0.004
2,euclidean,mean_std_2.0,normalized_union,inverse_margin,0.5,4.767722773123741,0.832,0.852,0.848,0.004
2,euclidean,mean_std_2.0,normalized_union,inverse_margin,1.0,8.716976076474822,0.832,0.852,0.848,0.004
2,euclidean,mean_std_2.0,normalized_union,inverse_margin,2.0,16.603169027847855,0.832,0.852,0.848,0.004
2,euclidean,mean_std_2.0,normalized_union,max_ratio,0.0,0.8624828833297077,0.782,0.852,0.838,0.014
2,euclidean,mean_std_2.0,normalized_union,max_ratio,0.25,0.8624828833297077,0.782,0.852,0.838,0.014
2,euclidean,mean_std_2.0,normalized_union,max_ratio,0.5,0.8624828833297077,0.782,0.852,0.838,0.014
2,euclidean,mean_std_2.0,normalized_union,max_ratio,1.0,0.889953339347652,0.832,0.852,0.848,0.004
2,euclidean,mean_std_2.0,normalized_union,max_ratio,2.0,1.7738384947263757,0.832,0.852,0.848,0.004
2,euclidean,mean_std_3.0,nearest_sphere,none,0.0,0.8570611994357896,0.822,0.852,0.846,0.006
2,euclidean,mean_std_3.0,nearest_sphere,none,0.25,0.8570611994357896,0.822,0.852,0.846,0.006
2,euclidean,mean_std_3.0,nearest_sphere,none,0.5,0.8570611994357896,0.822,0.852,0.846,0.006
2,euclidean,mean_std_3.0,nearest_sphere,none,1.0,0.8570611994357896,0.822,0.852,0.846,0.006
2,euclidean,mean_std_3.0,nearest_sphere,none,2.0,0.8570611994357896,0.822,0.852,0.846,0.006
2,euclidean,mean_std_3.0,nearest_sphere,ratio,0.0,0.8570611994357896,0.822,0.852,0.846,0.006
2,euclidean,mean_std_3.0,nearest_sphere,ratio,0.25,1.0667999381279805,0.822,0.852,0.846,0.006
2,euclidean,mean_std_3.0,nearest_sphere,ratio,0.5,1.2844903031776544,0.832,0.852,0.848,0.004
2,euclidean,mean_std_3.0,nearest_sphere,ratio,1.0,1.730930785621704,0.832,0.852,0.848,0.004
2,euclidean,mean_std_3.0,nearest_sphere,ratio,2.0,2.6044854041833636,0.842,0.852,0.85,0.002
2,euclidean,mean_std_3.0,nearest_sphere,inverse_margin,0.0,0.8570611994357896,0.822,0.852,0.846,0.006
2,euclidean,mean_std_3.0,nearest_sphere,inverse_margin,0.25,2.7819568571406776,0.842,0.852,0.85,0.002
2,euclidean,mean_std_3.0,nearest_sphere,inverse_margin,0.5,4.75865927998845,0.842,0.852,0.85,0.002
2,euclidean,mean_std_3.0,nearest_sphere,inverse_margin,1.0,8.670337451242254,0.842,0.852,0.85,0.002
2,euclidean,mean_std_3.0,nearest_sphere,inverse_margin,2.0,16.55870529638353,0.842,0.852,0.85,0.002
2,euclidean,mean_std_3.0,nearest_sphere,max_ratio,0.0,0.8570611994357896,0.822,0.852,0.846,0.006
2,euclidean,mean_std_3.0,nearest_sphere,max_ratio,0.25,0.8570611994357896,0.822,0.852,0.846,0.006
2,euclidean,mean_std_3.0,nearest_sphere,max_ratio,0.5,0.8570611994357896,0.822,0.852,0.846,0.006
2,euclidean,mean_std_3.0,nearest_sphere,max_ratio,1.0,0.8975893337335836,0.842,0.852,0.85,0.002
2,euclidean,mean_std_3.0,nearest_sphere,max_ratio,2.0,1.7738384947263757,0.842,0.852,0.85,0.002
2,euclidean,mean_std_3.0,normalized_union,none,0.0,0.8020187328739222,0.782,0.852,0.838,0.014
2,euclidean,mean_std_3.0,normalized_union,none,0.25,0.8020187328739222,0.782,0.852,0.838,0.014
2,euclidean,mean_std_3.0,normalized_union,none,0.5,0.8020187328739222,0.782,0.852,0.838,0.014
2,euclidean,mean_std_3.0,normalized_union,none,1.0,0.8020187328739222,0.782,0.852,0.838,0.014
2,euclidean,mean_std_3.0,normalized_union,none,2.0,0.8020187328739222,0.782,0.852,0.838,0.014
2,euclidean,mean_std_3.0,normalized_union,ratio,0.0,0.8020187328739222,0.782,0.852,0.838,0.014
2,euclidean,mean_std_3.0,normalized_union,ratio,0.25,1.0187159467040372,0.812,0.852,0.844,0.008
2,euclidean,mean_std_3.0,normalized_union,ratio,0.5,1.2321850463534887,0.812,0.852,0.844,0.008
2,euclidean,mean_std_3.0,normalized_union,ratio,1.0,1.6751565423632009,0.822,0.852,0.846,0.006
2,euclidean,mean_std_3.0,normalized_union,ratio,2.0,2.548063460422082,0.832,0.852,0.848,0.004
2,euclidean,mean_std_3.0,normalized_union,inverse_margin,0.0,0.8020187328739222,0.782,0.852,0.838,0.014
2,euclidean,mean_std_3.0,normalized_union,inverse_margin,0.25,2.7464574962156343,0.832,0.852,0.848,0.004
2,euclidean,mean_std_3.0,normalized_union,inverse_margin,0.5,4.721084147891174,0.832,0.852,0.848,0.004
2,euclidean,mean_std_3.0,normalized_union,inverse_margin,1.0,8.670337451242254,0.832,0.852,0.848,0.004
2,euclidean,mean_std_3.0,normalized_union,inverse_margin,2.0,16.51894941994889,0.832,0.852,0.848,0.004
2,euclidean,mean_std_3.0,normalized_union,max_ratio,0.0,0.8020187328739222,0.782,0.852,0.838,0.014
2,euclidean,mean_std_3.0,normalized_union,max_ratio,0.25,0.8020187328739222,0.782,0.852,0.838,0.014
2,euclidean,mean_std_3.0,normalized_union,max_ratio,0.5,0.8020187328739222,0.782,0.852,0.838,0.014
2,euclidean,mean_std_3.0,normalized_union,max_ratio,1.0,0.8869192473631878,0.832,0.852,0.848,0.004
2,euclidean,mean_std_3.0,normalized_union,max_ratio,2.0,1.7738384947263757,0.832,0.852,0.848,0.004
2,euclidean,center_quantile_0.5,nearest_sphere,none,0.0,1.1168090924456942,0.722,0.852,0.826,0.026
2,euclidean,center_quantile_0.5,nearest_sphere,none,0.25,1.1168090924456942,0.722,0.852,0.826,0.026
2,euclidean,center_quantile_0.5,nearest_sphere,none,0.5,1.1168090924456942,0.722,0.852,0.826,0.026
2,euclidean,center_quantile_0.5,nearest_sphere,none,1.0,1.1168090924456942,0.722,0.852,0.826,0.026
2,euclidean,center_quantile_0.5,nearest_sphere,none,2.0,1.1168090924456942,0.722,0.852,0.826,0.026
2,euclidean,center_quantile_0.5,nearest_sphere,ratio,0.0,1.1168090924456942,0.722,0.852,0.826,0.026
2,euclidean,center_quantile_0.5,nearest_sphere,ratio,0.25,1.3252756447649305,0.762,0.852,0.834,0.018
2,euclidean,center_quantile_0.5,nearest_sphere,ratio,0.5,1.535760648152133,0.822,0.852,0.846,0.006
2,euclidean,center_quantile_0.5,nearest_sphere,ratio,1.0,1.980453143135915,0.822,0.852,0.846,0.006
2,euclidean,center_quantile_0.5,nearest_sphere,ratio,2.0,2.862628331274582,0.832,0.852,0.848,0.004
2,euclidean,center_quantile_0.5,nearest_sphere,inverse_margin,0.0,1.1168090924456942,0.722,0.852,0.826,0.026
2,euclidean,center_quantile_0.5,nearest_sphere,inverse_margin,0.25,2.995297436362055,0.842,0.852,0.85,0.002
2,euclidean,center_quantile_0.5,nearest_sphere,inverse_margin,0.5,4.984578831465404,0.842,0.852,0.85,0.002
2,euclidean,center_quantile_0.5,nearest_sphere,inverse_margin,1.0,8.83297792946191,0.842,0.852,0.85,0.002
2,euclidean,center_quantile_0.5,nearest_sphere,inverse_margin,2.0,16.73148453616407,0.842,0.852,0.85,0.002
2,euclidean,center_quantile_0.5,nearest_sphere,max_ratio,0.0,1.1168090924456942,0.722,0.852,0.826,0.026
2,euclidean,center_quantile_0.5,nearest_sphere,max_ratio,0.25,1.1168090924456942,0.722,0.852,0.826,0.026
2,euclidean,center_quantile_0.5,nearest_sphere,max_ratio,0.5,1.1168090924456942,0.722,0.852,0.826,0.026
2,euclidean,center_quantile_0.5,nearest_sphere,max_ratio,1.0,1.1168090924456942,0.722,0.852,0.826,0.026
2,euclidean,center_quantile_0.5,nearest_sphere,max_ratio,2.0,1.7738384947263757,0.842,0.852,0.85,0.002
2,euclidean,center_quantile_0.5,normalized_union,none,0.0,1.0400968031042053,0.512,0.852,0.784,0.068
2,euclidean,center_quantile_0.5,normalized_union,none,0.25,1.0400968031042053,0.512,0.852,0.784,0.068
2,euclidean,center_quantile_0.5,normalized_union,none,0.5,1.0400968031042053,0.512,0.852,0.784,0.068
2,euclidean,center_quantile_0.5,normalized_union,none,1.0,1.0400968031042053,0.512,0.852,0.784,0.068
2,euclidean,center_quantile_0.5,normalized_union,none,2.0,1.0400968031042053,0.512,0.852,0.784,0.068
2,euclidean,center_quantile_0.5,normalized_union,ratio,0.0,1.0400968031042053,0.512,0.852,0.784,0.068
2,euclidean,center_quantile_0.5,normalized_union,ratio,0.25,1.252266357075573,0.482,0.852,0.778,0.074
2,euclidean,center_quantile_0.5,normalized_union,ratio,0.5,1.4699613696880096,0.482,0.852,0.778,0.074
2,euclidean,center_quantile_0.5,normalized_union,ratio,1.0,1.907774669423331,0.462,0.852,0.774,0.078
2,euclidean,center_quantile_0.5,normalized_union,ratio,2.0,2.7925614625796253,0.422,0.852,0.766,0.086
2,euclidean,center_quantile_0.5,normalized_union,inverse_margin,0.0,1.0400968031042053,0.512,0.852,0.784,0.068
2,euclidean,center_quantile_0.5,normalized_union,inverse_margin,0.25,2.9150442386431363,0.372,0.852,0.756,0.096
2,euclidean,center_quantile_0.5,normalized_union,inverse_margin,0.5,4.883724626110829,0.372,0.852,0.756,0.096
2,euclidean,center_quantile_0.5,normalized_union,inverse_margin,1.0,8.83297792946191,0.372,0.852,0.756,0.096
2,euclidean,center_quantile_0.5,normalized_union,inverse_margin,2.0,16.73148453616407,0.372,0.852,0.756,0.096
2,euclidean,center_quantile_0.5,normalized_union,max_ratio,0.0,1.0400968031042053,0.512,0.852,0.784,0.068
2,euclidean,center_quantile_0.5,normalized_union,max_ratio,0.25,1.0400968031042053,0.512,0.852,0.784,0.068
2,euclidean,center_quantile_0.5,normalized_union,max_ratio,0.5,1.0400968031042053,0.512,0.852,0.784,0.068
2,euclidean,center_quantile_0.5,normalized_union,max_ratio,1.0,1.0400968031042053,0.512,0.852,0.784,0.068
2,euclidean,center_quantile_0.5,normalized_union,max_ratio,2.0,1.7738384947263757,0.362,0.852,0.754,0.098
2,euclidean,intent_quantile_0.5,nearest_sphere,none,0.0,1.1782894717629373,0.842,0.852,0.85,0.002
2,euclidean,intent_quantile_0.5,nearest_sphere,none,0.25,1.1782894717629373,0.842,0.852,0.85,0.002
2,euclidean,intent_quantile_0.5,nearest_sphere,none,0.5,1.1782894717629373,0.842,0.852,0.85,0.002
2,euclidean,intent_quantile_0.5,nearest_sphere,none,1.0,1.1782894717629373,0.842,0.852,0.85,0.002
2,euclidean,intent_quantile_0.5,nearest_sphere,none,2.0,1.1782894717629373,0.842,0.852,0.85,0.002
2,euclidean,intent_quantile_0.5,nearest_sphere,ratio,0.0,1.1782894717629373,0.842,0.852,0.85,0.002
2,euclidean,intent_quantile_0.5,nearest_sphere,ratio,0.25,1.3896857365132942,0.842,0.852,0.85,0.002
2,euclidean,intent_quantile_0.5,nearest_sphere,ratio,0.5,1.6043474902337231,0.842,0.852,0.85,0.002
2,euclidean,intent_quantile_0.5,nearest_sphere,ratio,1.0,2.035589371252396,0.842,0.852,0.85,0.002
2,euclidean,intent_quantile_0.5,nearest_sphere,ratio,2.0,2.9237444659699854,0.842,0.852,0.85,0.002
2,euclidean,intent_quantile_0.5,nearest_sphere,inverse_margin,0.0,1.1782894717629373,0.842,0.852,0.85,0.002
2,euclidean,intent_quantile_0.5,nearest_sphere,inverse_margin,0.25,3.1206649290703963,0.842,0.852,0.85,0.002
2,euclidean,intent_quantile_0.5,nearest_sphere,inverse_margin,0.5,5.081474409645213,0.842,0.852,0.85,0.002
2,euclidean,intent_quantile_0.5,nearest_sphere,inverse_margin,1.0,9.003093370794847,0.842,0.852,0.85,0.002
2,euclidean,intent_quantile_0.5,nearest_sphere,inverse_margin,2.0,16.846331293094114,0.842,0.852,0.85,0.002
2,euclidean,intent_quantile_0.5,nearest_sphere,max_ratio,0.0,1.1782894717629373,0.842,0.852,0.85,0.002
2,euclidean,intent_quantile_0.5,nearest_sphere,max_ratio,0.25,1.1782894717629373,0.842,0.852,0.85,0.002
2,euclidean,intent_quantile_0.5,nearest_sphere,max_ratio,0.5,1.1782894717629373,0.842,0.852,0.85,0.002
2,euclidean,intent_quantile_0.5,nearest_sphere,max_ratio,1.0,1.1782894717629373,0.842,0.852,0.85,0.002
2,euclidean,intent_quantile_0.5,nearest_sphere,max_ratio,2.0,1.7738384947263757,0.842,0.852,0.85,0.002
2,euclidean,intent_quantile_0.5,normalized_union,none,0.0,1.1688623046472664,0.772,0.852,0.836,0.016
2,euclidean,intent_quantile_0.5,normalized_union,none,0.25,1.1688623046472664,0.772,0.852,0.836,0.016
2,euclidean,intent_quantile_0.5,normalized_union,none,0.5,1.1688623046472664,0.772,0.852,0.836,0.016
2,euclidean,intent_quantile_0.5,normalized_union,none,1.0,1.1688623046472664,0.772,0.852,0.836,0.016
2,euclidean,intent_quantile_0.5,normalized_union,none,2.0,1.1688623046472664,0.772,0.852,0.836,0.016
2,euclidean,intent_quantile_0.5,normalized_union,ratio,0.0,1.1688623046472664,0.772,0.852,0.836,0.016
2,euclidean,intent_quantile_0.5,normalized_union,ratio,0.25,1.3824423104936419,0.802,0.852,0.842,0.01
2,euclidean,intent_quantile_0.5,normalized_union,ratio,0.5,1.5999225442586114,0.822,0.852,0.846,0.006
2,euclidean,intent_quantile_0.5,normalized_union,ratio,1.0,2.035589371252396,0.832,0.852,0.848,0.004
2,euclidean,intent_quantile_0.5,normalized_union,ratio,2.0,2.9235522663220546,0.822,0.852,0.846,0.006
2,euclidean,intent_quantile_0.5,normalized_union,inverse_margin,0.0,1.1688623046472664,0.772,0.852,0.836,0.016
2,euclidean,intent_quantile_0.5,normalized_union,inverse_margin,0.25,3.1110646247282956,0.812,0.852,0.844,0.008
2,euclidean,intent_quantile_0.5,normalized_union,inverse_margin,0.5,5.081474409645213,0.812,0.852,0.844,0.008
2,euclidean,intent_quantile_0.5,normalized_union,inverse_margin,1.0,9.003093370794847,0.812,0.852,0.844,0.008
2,euclidean,intent_quantile_0.5,normalized_union,inverse_margin,2.0,16.846331293094114,0.812,0.852,0.844,0.008
2,euclidean,intent_quantile_0.5,normalized_union,max_ratio,0.0,1.1688623046472664,0.772,0.852,0.836,0.016
2,euclidean,intent_quantile_0.5,normalized_union,max_ratio,0.25,1.1688623046472664,0.772,0.852,0.836,0.016
2,euclidean,intent_quantile_0.5,normalized_union,max_ratio,0.5,1.1688623046472664,0.772,0.852,0.836,0.016
2,euclidean,intent_quantile_0.5,normalized_union,max_ratio,1.0,1.1688623046472664,0.772,0.852,0.836,0.016
2,euclidean,intent_quantile_0.5,normalized_union,max_ratio,2.0,1.7738384947263757,0.812,0.852,0.844,0.008
2,euclidean,center_quantile_0.7,nearest_sphere,none,0.0,1.0531204720775125,0.762,0.852,0.834,0.018
2,euclidean,center_quantile_0.7,nearest_sphere,none,0.25,1.0531204720775125,0.762,0.852,0.834,0.018
2,euclidean,center_quantile_0.7,nearest_sphere,none,0.5,1.0531204720775125,0.762,0.852,0.834,0.018
2,euclidean,center_quantile_0.7,nearest_sphere,none,1.0,1.0531204720775125,0.762,0.852,0.834,0.018
2,euclidean,center_quantile_0.7,nearest_sphere,none,2.0,1.0531204720775125,0.762,0.852,0.834,0.018
2,euclidean,center_quantile_0.7,nearest_sphere,ratio,0.0,1.0531204720775125,0.762,0.852,0.834,0.018
2,euclidean,center_quantile_0.7,nearest_sphere,ratio,0.25,1.261269191736958,0.812,0.852,0.844,0.008
2,euclidean,center_quantile_0.7,nearest_sphere,ratio,0.5,1.4804584599831325,0.822,0.852,0.846,0.006
2,euclidean,center_quantile_0.7,nearest_sphere,ratio,1.0,1.9233167776058055,0.832,0.852,0.848,0.004
2,euclidean,center_quantile_0.7,nearest_sphere,ratio,2.0,2.79804374714933,0.832,0.852,0.848,0.004
2,euclidean,center_quantile_0.7,nearest_sphere,inverse_margin,0.0,1.0531204720775125,0.762,0.852,0.834,0.018
2,euclidean,center_quantile_0.7,nearest_sphere,inverse_margin,0.25,2.936965369958167,0.842,0.852,0.85,0.002
2,euclidean,center_quantile_0.7,nearest_sphere,inverse_margin,0.5,4.939375619860427,0.842,0.852,0.85,0.002
2,euclidean,center_quantile_0.7,nearest_sphere,inverse_margin,1.0,8.796592238555679,0.842,0.852,0.85,0.002
2,euclidean,center_quantile_0.7,nearest_sphere,inverse_margin,2.0,16.69509884525784,0.842,0.852,0.85,0.002
2,euclidean,center_quantile_0.7,nearest_sphere,max_ratio,0.0,1.0531204720775125,0.762,0.852,0.834,0.018
2,euclidean,center_quantile_0.7,nearest_sphere,max_ratio,0.25,1.0531204720775125,0.762,0.852,0.834,0.018
2,euclidean,center_quantile_0.7,nearest_sphere,max_ratio,0.5,1.0531204720775125,0.762,0.852,0.834,0.018
2,euclidean,center_quantile_0.7,nearest_sphere,max_ratio,1.0,1.0531204720775125,0.762,0.852,0.834,0.018
2,euclidean,center_quantile_0.7,nearest_sphere,max_ratio,2.0,1.7738384947263757,0.842,0.852,0.85,0.002
2,euclidean,center_quantile_0.7,normalized_union,none,0.0,0.9942897113289472,0.632,0.852,0.808,0.044
2,euclidean,center_quantile_0.7,normalized_union,none,0.25,0.9942897113289472,0.632,0.852,0.808,0.044
2,euclidean,center_quantile_0.7,normalized_union,none,0.5,0.9942897113289472,0.632,0.852,0.808,0.044
2,euclidean,center_quantile_0.7,normalized_union,none,1.0,0.9942897113289472,0.632,0.852,0.808,0.044
2,euclidean,center_quantile_0.7,normalized_union,none,2.0,0.9942897113289472,0.632,0.852,0.808,0.044
2,euclidean,center_quantile_0.7,normalized_union,ratio,0.0,0.9942897113289472,0.632,0.852,0.808,0.044
2,euclidean,center_quantile_0.7,normalized_union,ratio,0.25,1.2121649855886816,0.642,0.852,0.81,0.042
2,euclidean,center_quantile_0.7,normalized_union,ratio,0.5,1.4261894246343467,0.652,0.852,0.812,0.04
2,euclidean,center_quantile_0.7,normalized_union,ratio,1.0,1.8569023656272314,0.652,0.852,0.812,0.04
2,euclidean,center_quantile_0.7,normalized_union,ratio,2.0,2.751305224642384,0.652,0.852,0.812,0.04
2,euclidean,center_quantile_0.7,normalized_union,inverse_margin,0.0,0.9942897113289472,0.632,0.852,0.808,0.044
2,euclidean,center_quantile_0.7,normalized_union,inverse_margin,0.25,2.8850838096716025,0.642,0.852,0.81,0.042
2,euclidean,center_quantile_0.7,normalized_union,inverse_margin,0.5,4.847338935204598,0.642,0.852,0.81,0.042
2,euclidean,center_quantile_0.7,normalized_union,inverse_margin,1.0,8.796592238555679,0.642,0.852,0.81,0.042
2,euclidean,center_quantile_0.7,normalized_union,inverse_margin,2.0,16.69509884525784,0.642,0.852,0.81,0.042
2,euclidean,center_quantile_0.7,normalized_union,max_ratio,0.0,0.9942897113289472,0.632,0.852,0.808,0.044
2,euclidean,center_quantile_0.7,normalized_union,max_ratio,0.25,0.9942897113289472,0.632,0.852,0.808,0.044
2,euclidean,center_quantile_0.7,normalized_union,max_ratio,0.5,0.9942897113289472,0.632,0.852,0.808,0.044
2,euclidean,center_quantile_0.7,normalized_union,max_ratio,1.0,0.9947587673093841,0.632,0.852,0.808,0.044
2,euclidean,center_quantile_0.7,normalized_union,max_ratio,2.0,1.7738384947263757,0.632,0.852,0.808,0.044
2,euclidean,intent_quantile_0.7,nearest_sphere,none,0.0,1.0977416864583391,0.842,0.852,0.85,0.002
2,euclidean,intent_quantile_0.7,nearest_sphere,none,0.25,1.0977416864583391,0.842,0.852,0.85,0.002
2,euclidean,intent_quantile_0.7,nearest_sphere,none,0.5,1.0977416864583391,0.842,0.852,0.85,0.002
2,euclidean,intent_quantile_0.7,nearest_sphere,none,1.0,1.0977416864583391,0.842,0.852,0.85,0.002
2,euclidean,intent_quantile_0.7,nearest_sphere,none,2.0,1.0977416864583391,0.842,0.852,0.85,0.002
2,euclidean,intent_quantile_0.7,nearest_sphere,ratio,0.0,1.0977416864583391,0.842,0.852,0.85,0.002
2,euclidean,intent_quantile_0.7,nearest_sphere,ratio,0.25,1.3080049740569044,0.842,0.852,0.85,0.002
2,euclidean,intent_quantile_0.7,nearest_sphere,ratio,0.5,1.522127821530314,0.842,0.852,0.85,0.002
2,euclidean,intent_quantile_0.7,nearest_sphere,ratio,1.0,1.9608610312215526,0.842,0.852,0.85,0.002
2,euclidean,intent_quantile_0.7,nearest_sphere,ratio,2.0,2.8426783811286525,0.842,0.852,0.85,0.002
2,euclidean,intent_quantile_0.7,nearest_sphere,inverse_margin,0.0,1.0977416864583391,0.842,0.852,0.85,0.002
2,euclidean,intent_quantile_0.7,nearest_sphere,inverse_margin,0.25,3.037351275301905,0.842,0.852,0.85,0.002
2,euclidean,intent_quantile_0.7,nearest_sphere,inverse_margin,0.5,4.998160755876722,0.842,0.852,0.85,0.002
2,euclidean,intent_quantile_0.7,nearest_sphere,inverse_margin,1.0,8.919779717026355,0.842,0.852,0.85,0.002
2,euclidean,intent_quantile_0.7,nearest_sphere,inverse_margin,2.0,16.76301763932562,0.842,0.852,0.85,0.002
2,euclidean,intent_quantile_0.7,nearest_sphere,max_ratio,0.0,1.0977416864583391,0.842,0.852,0.85,0.002
2,euclidean,intent_quantile_0.7,nearest_sphere,max_ratio,0.25,1.0977416864583391,0.842,0.852,0.85,0.002
2,euclidean,intent_quantile_0.7,nearest_sphere,max_ratio,0.5,1.0977416864583391,0.842,0.852,0.85,0.002
2,euclidean,intent_quantile_0.7,nearest_sphere,max_ratio,1.0,1.0977416864583391,0.842,0.852,0.85,0.002
2,euclidean,intent_quantile_0.7,nearest_sphere,max_ratio,2.0,1.7738384947263757,0.842,0.852,0.85,0.002
2,euclidean,intent_quantile_0.7,normalized_union,none,0.0,1.0900973811135684,0.792,0.852,0.84,0.012
2,euclidean,intent_quantile_0.7,normalized_union,none,0.25,1.0900973811135684,0.792,0.852,0.84,0.012
2,euclidean,intent_quantile_0.7,normalized_union,none,0.5,1.0900973811135684,0.792,0.852,0.84,0.012
2,euclidean,intent_quantile_0.7,normalized_union,none,1.0,1.0900973811135684,0.792,0.852,0.84,0.012
2,euclidean,intent_quantile_0.7,normalized_union,none,2.0,1.0900973811135684,0.792,0.852,0.84,0.012
2,euclidean,intent_quantile_0.7,normalized_union,ratio,0.0,1.0900973811135684,0.792,0.852,0.84,0.012
2,euclidean,intent_quantile_0.7,normalized_union,ratio,0.25,1.3056030235725116,0.812,0.852,0.844,0.008
2,euclidean,intent_quantile_0.7,normalized_union,ratio,0.5,1.522127821530314,0.842,0.852,0.85,0.002
2,euclidean,intent_quantile_0.7,normalized_union,ratio,1.0,1.9608610312215526,0.842,0.852,0.85,0.002
2,euclidean,intent_quantile_0.7,normalized_union,ratio,2.0,2.8394695533812717,0.832,0.852,0.848,0.004
2,euclidean,intent_quantile_0.7,normalized_union,inverse_margin,0.0,1.0900973811135684,0.792,0.852,0.84,0.012
2,euclidean,intent_quantile_0.7,normalized_union,inverse_margin,0.25,3.0300428621316007,0.822,0.852,0.846,0.006
2,euclidean,intent_quantile_0.7,normalized_union,inverse_margin,0.5,4.998160755876722,0.822,0.852,0.846,0.006
2,euclidean,intent_quantile_0.7,normalized_union,inverse_margin,1.0,8.919779717026355,0.822,0.852,0.846,0.006
2,euclidean,intent_quantile_0.7,normalized_union,inverse_margin,2.0,16.76301763932562,0.822,0.852,0.846,0.006
2,euclidean,intent_quantile_0.7,normalized_union,max_ratio,0.0,1.0900973811135684,0.792,0.852,0.84,0.012
2,euclidean,intent_quantile_0.7,normalized_union,max_ratio,0.25,1.0900973811135684,0.792,0.852,0.84,0.012
2,euclidean,intent_quantile_0.7,normalized_union,max_ratio,0.5,1.0900973811135684,0.792,0.852,0.84,0.012
2,euclidean,intent_quantile_0.7,normalized_union,max_ratio,1.0,1.0900973811135684,0.792,0.852,0.84,0.012
2,euclidean,intent_quantile_0.7,normalized_union,max_ratio,2.0,1.7738384947263757,0.822,0.852,0.846,0.006
2,euclidean,center_quantile_0.8,nearest_sphere,none,0.0,1.0170863941205124,0.772,0.852,0.836,0.016
2,euclidean,center_quantile_0.8,nearest_sphere,none,0.25,1.0170863941205124,0.772,0.852,0.836,0.016
2,euclidean,center_quantile_0.8,nearest_sphere,none,0.5,1.0170863941205124,0.772,0.852,0.836,0.016
2,euclidean,center_quantile_0.8,nearest_sphere,none,1.0,1.0170863941205124,0.772,0.852,0.836,0.016
2,euclidean,center_quantile_0.8,nearest_sphere,none,2.0,1.0170863941205124,0.772,0.852,0.836,0.016
2,euclidean,center_quantile_0.8,nearest_sphere,ratio,0.0,1.0170863941205124,0.772,0.852,0.836,0.016
2,euclidean,center_quantile_0.8,nearest_sphere,ratio,0.25,1.2305290736757333,0.822,0.852,0.846,0.006
2,euclidean,center_quantile_0.8,nearest_sphere,ratio,0.5,1.450405162007759,0.822,0.852,0.846,0.006
2,euclidean,center_quantile_0.8,nearest_sphere,ratio,1.0,1.8883962075563758,0.832,0.852,0.848,0.004
2,euclidean,center_quantile_0.8,nearest_sphere,ratio,2.0,2.764449738775303,0.832,0.852,0.848,0.004
2,euclidean,center_quantile_0.8,nearest_sphere,inverse_margin,0.0,1.0170863941205124,0.772,0.852,0.836,0.016
2,euclidean,center_quantile_0.8,nearest_sphere,inverse_margin,0.25,2.9121705508361466,0.842,0.852,0.85,0.002
2,euclidean,center_quantile_0.8,nearest_sphere,inverse_margin,0.5,4.9091785788876425,0.842,0.852,0.85,0.002
2,euclidean,center_quantile_0.8,nearest_sphere,inverse_margin,1.0,8.778562868580764,0.842,0.852,0.85,0.002
2,euclidean,center_quantile_0.8,nearest_sphere,inverse_margin,2.0,16.677069475282924,0.842,0.852,0.85,0.002
2,euclidean,center_quantile_0.8,nearest_sphere,max_ratio,0.0,1.0170863941205124,0.772,0.852,0.836,0.016
2,euclidean,center_quantile_0.8,nearest_sphere,max_ratio,0.25,1.0170863941205124,0.772,0.852,0.836,0.016
2,euclidean,center_quantile_0.8,nearest_sphere,max_ratio,0.5,1.0170863941205124,0.772,0.852,0.836,0.016
2,euclidean,center_quantile_0.8,nearest_sphere,max_ratio,1.0,1.0170863941205124,0.772,0.852,0.836,0.016
2,euclidean,center_quantile_0.8,nearest_sphere,max_ratio,2.0,1.7738384947263757,0.842,0.852,0.85,0.002
2,euclidean,center_quantile_0.8,normalized_union,none,0.0,0.9498623694864352,0.672,0.852,0.816,0.036
2,euclidean,center_quantile_0.8,normalized_union,none,0.25,0.9498623694864352,0.672,0.852,0.816,0.036
2,euclidean,center_quantile_0.8,normalized_union,none,0.5,0.9498623694864352,0.672,0.852,0.816,0.036
2,euclidean,center_quantile_0.8,normalized_union,none,1.0,0.9498623694864352,0.672,0.852,0.816,0.036
2,euclidean,center_quantile_0.8,normalized_union,none,2.0,0.9498623694864352,0.672,0.852,0.816,0.036
2,euclidean,center_quantile_0.8,normalized_union,ratio,0.0,0.9498623694864352,0.672,0.852,0.816,0.036
2,euclidean,center_quantile_0.8,normalized_union,ratio,0.25,1.1651192560963395,0.712,0.852,0.824,0.028
2,euclidean,center_quantile_0.8,normalized_union,ratio,0.5,1.3849530578420965,0.722,0.852,0.826,0.026
2,euclidean,center_quantile_0.8,normalized_union,ratio,1.0,1.8225293657247124,0.732,0.852,0.828,0.024
2,euclidean,center_quantile_0.8,normalized_union,ratio,2.0,2.6990761785625432,0.732,0.852,0.828,0.024
2,euclidean,center_quantile_0.8,normalized_union,inverse_margin,0.0,0.9498623694864352,0.672,0.852,0.816,0.036
2,euclidean,center_quantile_0.8,normalized_union,inverse_margin,0.25,2.8597369335661034,0.722,0.852,0.826,0.026
2,euclidean,center_quantile_0.8,normalized_union,inverse_margin,0.5,4.829309565229684,0.722,0.852,0.826,0.026
2,euclidean,center_quantile_0.8,normalized_union,inverse_margin,1.0,8.778562868580764,0.722,0.852,0.826,0.026
2,euclidean,center_quantile_0.8,normalized_union,inverse_margin,2.0,16.677069475282924,0.722,0.852,0.826,0.026
2,euclidean,center_quantile_0.8,normalized_union,max_ratio,0.0,0.9498623694864352,0.672,0.852,0.816,0.036
2,euclidean,center_quantile_0.8,normalized_union,max_ratio,0.25,0.9498623694864352,0.672,0.852,0.816,0.036
2,euclidean,center_quantile_0.8,normalized_union,max_ratio,0.5,0.9498623694864352,0.672,0.852,0.816,0.036
2,euclidean,center_quantile_0.8,normalized_union,max_ratio,1.0,0.9620091621873803,0.742,0.852,0.83,0.022
2,euclidean,center_quantile_0.8,normalized_union,max_ratio,2.0,1.7738384947263757,0.712,0.852,0.824,0.028
2,euclidean,intent_quantile_0.8,nearest_sphere,none,0.0,1.037289921531763,0.842,0.852,0.85,0.002
2,euclidean,intent_quantile_0.8,nearest_sphere,none,0.25,1.037289921531763,0.842,0.852,0.85,0.002
2,euclidean,intent_quantile_0.8,nearest_sphere,none,0.5,1.037289921531763,0.842,0.852,0.85,0.002
2,euclidean,intent_quantile_0.8,nearest_sphere,none,1.0,1.037289921531763,0.842,0.852,0.85,0.002
2,euclidean,intent_quantile_0.8,nearest_sphere,none,2.0,1.037289921531763,0.842,0.852,0.85,0.002
2,euclidean,intent_quantile_0.8,nearest_sphere,ratio,0.0,1.037289921531763,0.842,0.852,0.85,0.002
2,euclidean,intent_quantile_0.8,nearest_sphere,ratio,0.25,1.2564266247412208,0.842,0.852,0.85,0.002
2,euclidean,intent_quantile_0.8,nearest_sphere,ratio,0.5,1.4713120719232353,0.842,0.852,0.85,0.002
2,euclidean,intent_quantile_0.8,nearest_sphere,ratio,1.0,1.9021161439250722,0.842,0.852,0.85,0.002
2,euclidean,intent_quantile_0.8,nearest_sphere,ratio,2.0,2.7799184327494384,0.842,0.852,0.85,0.002
2,euclidean,intent_quantile_0.8,nearest_sphere,inverse_margin,0.0,1.037289921531763,0.842,0.852,0.85,0.002
2,euclidean,intent_quantile_0.8,nearest_sphere,inverse_margin,0.25,2.9721606941743497,0.842,0.852,0.85,0.002
2,euclidean,intent_quantile_0.8,nearest_sphere,inverse_margin,0.5,4.932970174749166,0.842,0.852,0.85,0.002
2,euclidean,intent_quantile_0.8,nearest_sphere,inverse_margin,1.0,8.8545891358988,0.842,0.852,0.85,0.002
2,euclidean,intent_quantile_0.8,nearest_sphere,inverse_margin,2.0,16.69782705819807,0.842,0.852,0.85,0.002
2,euclidean,intent_quantile_0.8,nearest_sphere,max_ratio,0.0,1.037289921531763,0.842,0.852,0.85,0.002
2,euclidean,intent_quantile_0.8,nearest_sphere,max_ratio,0.25,1.037289921531763,0.842,0.852,0.85,0.002
2,euclidean,intent_quantile_0.8,nearest_sphere,max_ratio,0.5,1.037289921531763,0.842,0.852,0.85,0.002
2,euclidean,intent_quantile_0.8,nearest_sphere,max_ratio,1.0,1.037289921531763,0.842,0.852,0.85,0.002
2,euclidean,intent_quantile_0.8,nearest_sphere,max_ratio,2.0,1.7738384947263757,0.842,0.852,0.85,0.002
2,euclidean,intent_quantile_0.8,normalized_union,none,0.0,1.0318216319859357,0.792,0.852,0.84,0.012
2,euclidean,intent_quantile_0.8,normalized_union,none,0.25,1.0318216319859357,0.792,0.852,0.84,0.012
2,euclidean,intent_quantile_0.8,normalized_union,none,0.5,1.0318216319859357,0.792,0.852,0.84,0.012
2,euclidean,intent_quantile_0.8,normalized_union,none,1.0,1.0318216319859357,0.792,0.852,0.84,0.012
2,euclidean,intent_quantile_0.8,normalized_union,none,2.0,1.0318216319859357,0.792,0.852,0.84,0.012
2,euclidean,intent_quantile_0.8,normalized_union,ratio,0.0,1.0318216319859357,0.792,0.852,0.84,0.012
2,euclidean,intent_quantile_0.8,normalized_union,ratio,0.25,1.2536038495557293,0.812,0.852,0.844,0.008
2,euclidean,intent_quantile_0.8,normalized_union,ratio,0.5,1.4713120719232353,0.842,0.852,0.85,0.002
2,euclidean,intent_quantile_0.8,normalized_union,ratio,1.0,1.9014503094424584,0.832,0.852,0.848,0.004
2,euclidean,intent_quantile_0.8,normalized_union,ratio,2.0,2.779246459210701,0.832,0.852,0.848,0.004
2,euclidean,intent_quantile_0.8,normalized_union,inverse_margin,0.0,1.0318216319859357,0.792,0.852,0.84,0.012
2,euclidean,intent_quantile_0.8,normalized_union,inverse_margin,0.25,2.9641905431869815,0.822,0.852,0.846,0.006
2,euclidean,intent_quantile_0.8,normalized_union,inverse_margin,0.5,4.932970174749166,0.822,0.852,0.846,0.006
2,euclidean,intent_quantile_0.8,normalized_union,inverse_margin,1.0,8.8545891358988,0.822,0.852,0.846,0.006
2,euclidean,intent_quantile_0.8,normalized_union,inverse_margin,2.0,16.69782705819807,0.822,0.852,0.846,0.006
2,euclidean,intent_quantile_0.8,normalized_union,max_ratio,0.0,1.0318216319859357,0.792,0.852,0.84,0.012
2,euclidean,intent_quantile_0.8,normalized_union,max_ratio,0.25,1.0318216319859357,0.792,0.852,0.84,0.012
2,euclidean,intent_quantile_0.8,normalized_union,max_ratio,0.5,1.0318216319859357,0.792,0.852,0.84,0.012
2,euclidean,intent_quantile_0.8,normalized_union,max_ratio,1.0,1.0318216319859357,0.792,0.852,0.84,0.012
2,euclidean,intent_quantile_0.8,normalized_union,max_ratio,2.0,1.7738384947263757,0.822,0.852,0.846,0.006
2,euclidean,center_quantile_0.9,nearest_sphere,none,0.0,0.9732866776689346,0.782,0.852,0.838,0.014
2,euclidean,center_quantile_0.9,nearest_sphere,none,0.25,0.9732866776689346,0.782,0.852,0.838,0.014
2,euclidean,center_quantile_0.9,nearest_sphere,none,0.5,0.9732866776689346,0.782,0.852,0.838,0.014
2,euclidean,center_quantile_0.9,nearest_sphere,none,1.0,0.9732866776689346,0.782,0.852,0.838,0.014
2,euclidean,center_quantile_0.9,nearest_sphere,none,2.0,0.9732866776689346,0.782,0.852,0.838,0.014
2,euclidean,center_quantile_0.9,nearest_sphere,ratio,0.0,0.9732866776689346,0.782,0.852,0.838,0.014
2,euclidean,center_quantile_0.9,nearest_sphere,ratio,0.25,1.1849964506613815,0.822,0.852,0.846,0.006
2,euclidean,center_quantile_0.9,nearest_sphere,ratio,0.5,1.4050506221533126,0.822,0.852,0.846,0.006
2,euclidean,center_quantile_0.9,nearest_sphere,ratio,1.0,1.8467166422276646,0.832,0.852,0.848,0.004
2,euclidean,center_quantile_0.9,nearest_sphere,ratio,2.0,2.7165739257191954,0.832,0.852,0.848,0.004
2,euclidean,center_quantile_0.9,nearest_sphere,inverse_margin,0.0,0.9732866776689346,0.782,0.852,0.838,0.014
2,euclidean,center_quantile_0.9,nearest_sphere,inverse_margin,0.25,2.8765939183717553,0.842,0.852,0.85,0.002
2,euclidean,center_quantile_0.9,nearest_sphere,inverse_margin,0.5,4.8780813126488916,0.842,0.852,0.85,0.002
2,euclidean,center_quantile_0.9,nearest_sphere,inverse_margin,1.0,8.74605102385699,0.842,0.852,0.85,0.002
2,euclidean,center_quantile_0.9,nearest_sphere,inverse_margin,2.0,16.644557630559152,0.842,0.852,0.85,0.002
2,euclidean,center_quantile_0.9,nearest_sphere,max_ratio,0.0,0.9732866776689346,0.782,0.852,0.838,0.014
2,euclidean,center_quantile_0.9,nearest_sphere,max_ratio,0.25,0.9732866776689346,0.782,0.852,0.838,0.014
2,euclidean,center_quantile_0.9,nearest_sphere,max_ratio,0.5,0.9732866776689346,0.782,0.852,0.838,0.014
2,euclidean,center_quantile_0.9,nearest_sphere,max_ratio,1.0,0.9775762171713832,0.822,0.852,0.846,0.006
2,euclidean,center_quantile_0.9,nearest_sphere,max_ratio,2.0,1.7738384947263757,0.842,0.852,0.85,0.002
2,euclidean,center_quantile_0.9,normalized_union,none,0.0,0.8994227047839574,0.782,0.852,0.838,0.014
2,euclidean,center_quantile_0.9,normalized_union,none,0.25,0.8994227047839574,0.782,0.852,0.838,0.014
2,euclidean,center_quantile_0.9,normalized_union,none,0.5,0.8994227047839574,0.782,0.852,0.838,0.014
2,euclidean,center_quantile_0.9,normalized_union,none,1.0,0.8994227047839574,0.782,0.852,0.838,0.014
2,euclidean,center_quantile_0.9,normalized_union,none,2.0,0.8994227047839574,0.782,0.852,0.838,0.014
2,euclidean,center_quantile_0.9,normalized_union,ratio,0.0,0.8994227047839574,0.782,0.852,0.838,0.014
2,euclidean,center_quantile_0.9,normalized_union,ratio,0.25,1.1148135840054323,0.802,0.852,0.842,0.01
2,euclidean,center_quantile_0.9,normalized_union,ratio,0.5,1.3381257896760745,0.822,0.852,0.846,0.006
2,euclidean,center_quantile_0.9,normalized_union,ratio,1.0,1.7744903577977025,0.822,0.852,0.846,0.006
2,euclidean,center_quantile_0.9,normalized_union,ratio,2.0,2.6427938948214074,0.832,0.852,0.848,0.004
2,euclidean,center_quantile_0.9,normalized_union,inverse_margin,0.0,0.8994227047839574,0.782,0.852,0.838,0.014
2,euclidean,center_quantile_0.9,normalized_union,inverse_margin,0.25,2.8342782190453386,0.832,0.852,0.848,0.004
2,euclidean,center_quantile_0.9,normalized_union,inverse_margin,0.5,4.79679772050591,0.832,0.852,0.848,0.004
2,euclidean,center_quantile_0.9,normalized_union,inverse_margin,1.0,8.74605102385699,0.832,0.852,0.848,0.004
2,euclidean,center_quantile_0.9,normalized_union,inverse_margin,2.0,16.644557630559152,0.832,0.852,0.848,0.004
2,euclidean,center_quantile_0.9,normalized_union,max_ratio,0.0,0.8994227047839574,0.782,0.852,0.838,0.014
2,euclidean,center_quantile_0.9,normalized_union,max_ratio,0.25,0.8994227047839574,0.782,0.852,0.838,0.014
2,euclidean,center_quantile_0.9,normalized_union,max_ratio,0.5,0.8994227047839574,0.782,0.852,0.838,0.014
2,euclidean,center_quantile_0.9,normalized_union,max_ratio,1.0,0.9124527024925236,0.832,0.852,0.848,0.004
2,euclidean,center_quantile_0.9,normalized_union,max_ratio,2.0,1.7738384947263757,0.832,0.852,0.848,0.004
2,euclidean,intent_quantile_0.9,nearest_sphere,none,0.0,0.9535253066419769,0.842,0.852,0.85,0.002
2,euclidean,intent_quantile_0.9,nearest_sphere,none,0.25,0.9535253066419769,0.842,0.852,0.85,0.002
2,euclidean,intent_quantile_0.9,nearest_sphere,none,0.5,0.9535253066419769,0.842,0.852,0.85,0.002
2,euclidean,intent_quantile_0.9,nearest_sphere,none,1.0,0.9535253066419769,0.842,0.852,0.85,0.002
2,euclidean,intent_quantile_0.9,nearest_sphere,none,2.0,0.9535253066419769,0.842,0.852,0.85,0.002
2,euclidean,intent_quantile_0.9,nearest_sphere,ratio,0.0,0.9535253066419769,0.842,0.852,0.85,0.002
2,euclidean,intent_quantile_0.9,nearest_sphere,ratio,0.25,1.1685613794929877,0.842,0.852,0.85,0.002
2,euclidean,intent_quantile_0.9,nearest_sphere,ratio,0.5,1.3841457351302466,0.842,0.852,0.85,0.002
2,euclidean,intent_quantile_0.9,nearest_sphere,ratio,1.0,1.8203024354299333,0.842,0.852,0.85,0.002
2,euclidean,intent_quantile_0.9,nearest_sphere,ratio,2.0,2.7004737250601925,0.842,0.852,0.85,0.002
2,euclidean,intent_quantile_0.9,nearest_sphere,inverse_margin,0.0,0.9535253066419769,0.842,0.852,0.85,0.002
2,euclidean,intent_quantile_0.9,nearest_sphere,inverse_margin,0.25,2.8912039745762828,0.842,0.852,0.85,0.002
2,euclidean,intent_quantile_0.9,nearest_sphere,inverse_margin,0.5,4.852013455151099,0.842,0.852,0.85,0.002
2,euclidean,intent_quantile_0.9,nearest_sphere,inverse_margin,1.0,8.773632416300734,0.842,0.852,0.85,0.002
2,euclidean,intent_quantile_0.9,nearest_sphere,inverse_margin,2.0,16.616870338600002,0.842,0.852,0.85,0.002
2,euclidean,intent_quantile_0.9,nearest_sphere,max_ratio,0.0,0.9535253066419769,0.842,0.852,0.85,0.002
2,euclidean,intent_quantile_0.9,nearest_sphere,max_ratio,0.25,0.9535253066419769,0.842,0.852,0.85,0.002
2,euclidean,intent_quantile_0.9,nearest_sphere,max_ratio,0.5,0.9535253066419769,0.842,0.852,0.85,0.002
2,euclidean,intent_quantile_0.9,nearest_sphere,max_ratio,1.0,0.9546146644222737,0.842,0.852,0.85,0.002
2,euclidean,intent_quantile_0.9,nearest_sphere,max_ratio,2.0,1.7738384947263757,0.842,0.852,0.85,0.002
2,euclidean,intent_quantile_0.9,normalized_union,none,0.0,0.9518226459980583,0.812,0.852,0.844,0.008
2,euclidean,intent_quantile_0.9,normalized_union,none,0.25,0.9518226459980583,0.812,0.852,0.844,0.008
2,euclidean,intent_quantile_0.9,normalized_union,none,0.5,0.9518226459980583,0.812,0.852,0.844,0.008
2,euclidean,intent_quantile_0.9,normalized_union,none,1.0,0.9518226459980583,0.812,0.852,0.844,0.008
2,euclidean,intent_quantile_0.9,normalized_union,none,2.0,0.9518226459980583,0.812,0.852,0.844,0.008
2,euclidean,intent_quantile_0.9,normalized_union,ratio,0.0,0.9518226459980583,0.812,0.852,0.844,0.008
2,euclidean,intent_quantile_0.9,normalized_union,ratio,0.25,1.1685613794929877,0.842,0.852,0.85,0.002
2,euclidean,intent_quantile_0.9,normalized_union,ratio,0.5,1.3841457351302466,0.842,0.852,0.85,0.002
2,euclidean,intent_quantile_0.9,normalized_union,ratio,1.0,1.8203024354299333,0.842,0.852,0.85,0.002
2,euclidean,intent_quantile_0.9,normalized_union,ratio,2.0,2.7004737250601925,0.842,0.852,0.85,0.002
2,euclidean,intent_quantile_0.9,normalized_union,inverse_margin,0.0,0.9518226459980583,0.812,0.852,0.844,0.008
2,euclidean,intent_quantile_0.9,normalized_union,inverse_margin,0.25,2.8912039745762828,0.842,0.852,0.85,0.002
2,euclidean,intent_quantile_0.9,normalized_union,inverse_margin,0.5,4.852013455151099,0.842,0.852,0.85,0.002
2,euclidean,intent_quantile_0.9,normalized_union,inverse_margin,1.0,8.773632416300734,0.842,0.852,0.85,0.002
2,euclidean,intent_quantile_0.9,normalized_union,inverse_margin,2.0,16.616870338600002,0.842,0.852,0.85,0.002
2,euclidean,intent_quantile_0.9,normalized_union,max_ratio,0.0,0.9518226459980583,0.812,0.852,0.844,0.008
2,euclidean,intent_quantile_0.9,normalized_union,max_ratio,0.25,0.9518226459980583,0.812,0.852,0.844,0.008
2,euclidean,intent_quantile_0.9,normalized_union,max_ratio,0.5,0.9518226459980583,0.812,0.852,0.844,0.008
2,euclidean,intent_quantile_0.9,normalized_union,max_ratio,1.0,0.9546146644222737,0.842,0.852,0.85,0.002
2,euclidean,intent_quantile_0.9,normalized_union,max_ratio,2.0,1.7738384947263757,0.842,0.852,0.85,0.002
2,euclidean,center_quantile_0.95,nearest_sphere,none,0.0,0.9348222874602719,0.802,0.852,0.842,0.01
2,euclidean,center_quantile_0.95,nearest_sphere,none,0.25,0.9348222874602719,0.802,0.852,0.842,0.01
2,euclidean,center_quantile_0.95,nearest_sphere,none,0.5,0.9348222874602719,0.802,0.852,0.842,0.01
2,euclidean,center_quantile_0.95,nearest_sphere,none,1.0,0.9348222874602719,0.802,0.852,0.842,0.01
2,euclidean,center_quantile_0.95,nearest_sphere,none,2.0,0.9348222874602719,0.802,0.852,0.842,0.01
2,euclidean,center_quantile_0.95,nearest_sphere,ratio,0.0,0.9348222874602719,0.802,0.852,0.842,0.01
2,euclidean,center_quantile_0.95,nearest_sphere,ratio,0.25,1.1514505529991106,0.822,0.852,0.846,0.006
2,euclidean,center_quantile_0.95,nearest_sphere,ratio,0.5,1.3656144703992008,0.832,0.852,0.848,0.004
2,euclidean,center_quantile_0.95,nearest_sphere,ratio,1.0,1.8086810011407775,0.832,0.852,0.848,0.004
2,euclidean,center_quantile_0.95,nearest_sphere,ratio,2.0,2.679114063231885,0.832,0.852,0.848,0.004
2,euclidean,center_quantile_0.95,nearest_sphere,inverse_margin,0.0,0.9348222874602719,0.802,0.852,0.842,0.01
2,euclidean,center_quantile_0.95,nearest_sphere,inverse_margin,0.25,2.8416915807038476,0.842,0.852,0.85,0.002
2,euclidean,center_quantile_0.95,nearest_sphere,inverse_margin,0.5,4.843861795676817,0.842,0.852,0.85,0.002
2,euclidean,center_quantile_0.95,nearest_sphere,inverse_margin,1.0,8.732939133062537,0.842,0.852,0.85,0.002
2,euclidean,center_quantile_0.95,nearest_sphere,inverse_margin,2.0,16.631445739764697,0.842,0.852,0.85,0.002
2,euclidean,center_quantile_0.95,nearest_sphere,max_ratio,0.0,0.9348222874602719,0.802,0.852,0.842,0.01
2,euclidean,center_quantile_0.95,nearest_sphere,max_ratio,0.25,0.9348222874602719,0.802,0.852,0.842,0.01
2,euclidean,center_quantile_0.95,nearest_sphere,max_ratio,0.5,0.9348222874602719,0.802,0.852,0.842,0.01
2,euclidean,center_quantile_0.95,nearest_sphere,max_ratio,1.0,0.9546146644222737,0.822,0.852,0.846,0.006
2,euclidean,center_quantile_0.95,nearest_sphere,max_ratio,2.0,1.7738384947263757,0.842,0.852,0.85,0.002
2,euclidean,center_quantile_0.95,normalized_union,none,0.0,0.8816513511561375,0.792,0.852,0.84,0.012
2,euclidean,center_quantile_0.95,normalized_union,none,0.25,0.8816513511561375,0.792,0.852,0.84,0.012
2,euclidean,center_quantile_0.95,normalized_union,none,0.5,0.8816513511561375,0.792,0.852,0.84,0.012
2,euclidean,center_quantile_0.95,normalized_union,none,1.0,0.8816513511561375,0.792,0.852,0.84,0.012
2,euclidean,center_quantile_0.95,normalized_union,none,2.0,0.8816513511561375,0.792,0.852,0.84,0.012
2,euclidean,center_quantile_0.95,normalized_union,ratio,0.0,0.8816513511561375,0.792,0.852,0.84,0.012
2,euclidean,center_quantile_0.95,normalized_union,ratio,0.25,1.0967097709399591,0.812,0.852,0.844,0.008
2,euclidean,center_quantile_0.95,normalized_union,ratio,0.5,1.312272636603664,0.812,0.852,0.844,0.008
2,euclidean,center_quantile_0.95,normalized_union,ratio,1.0,1.7511011268568133,0.812,0.852,0.844,0.008
2,euclidean,center_quantile_0.95,normalized_union,ratio,2.0,2.6322870808842804,0.832,0.852,0.848,0.004
2,euclidean,center_quantile_0.95,normalized_union,inverse_margin,0.0,0.8816513511561375,0.792,0.852,0.84,0.012
2,euclidean,center_quantile_0.95,normalized_union,inverse_margin,0.25,2.8277918815393015,0.832,0.852,0.848,0.004
2,euclidean,center_quantile_0.95,normalized_union,inverse_margin,0.5,4.783685829711457,0.832,0.852,0.848,0.004
2,euclidean,center_quantile_0.95,normalized_union,inverse_margin,1.0,8.732939133062537,0.832,0.852,0.848,0.004
2,euclidean,center_quantile_0.95,normalized_union,inverse_margin,2.0,16.606961032214755,0.832,0.852,0.848,0.004
2,euclidean,center_quantile_0.95,normalized_union,max_ratio,0.0,0.8816513511561375,0.792,0.852,0.84,0.012
2,euclidean,center_quantile_0.95,normalized_union,max_ratio,0.25,0.8816513511561375,0.792,0.852,0.84,0.012
2,euclidean,center_quantile_0.95,normalized_union,max_ratio,0.5,0.8816513511561375,0.792,0.852,0.84,0.012
2,euclidean,center_quantile_0.95,normalized_union,max_ratio,1.0,0.8983772129248464,0.832,0.852,0.848,0.004
2,euclidean,center_quantile_0.95,normalized_union,max_ratio,2.0,1.7738384947263757,0.832,0.852,0.848,0.004
2,euclidean,intent_quantile_0.95,nearest_sphere,none,0.0,0.8989668022689816,0.832,0.852,0.848,0.004
2,euclidean,intent_quantile_0.95,nearest_sphere,none,0.25,0.8989668022689816,0.832,0.852,0.848,0.004
2,euclidean,intent_quantile_0.95,nearest_sphere,none,0.5,0.8989668022689816,0.832,0.852,0.848,0.004
2,euclidean,intent_quantile_0.95,nearest_sphere,none,1.0,0.8989668022689816,0.832,0.852,0.848,0.004
2,euclidean,intent_quantile_0.95,nearest_sphere,none,2.0,0.8989668022689816,0.832,0.852,0.848,0.004
2,euclidean,intent_quantile_0.95,nearest_sphere,ratio,0.0,0.8989668022689816,0.832,0.852,0.848,0.004
2,euclidean,intent_quantile_0.95,nearest_sphere,ratio,0.25,1.119200549601409,0.842,0.852,0.85,0.002
2,euclidean,intent_quantile_0.95,nearest_sphere,ratio,0.5,1.341191967769988,0.842,0.852,0.85,0.002
2,euclidean,intent_quantile_0.95,nearest_sphere,ratio,1.0,1.7797269877909248,0.842,0.852,0.85,0.002
2,euclidean,intent_quantile_0.95,nearest_sphere,ratio,2.0,2.6583415341779295,0.842,0.852,0.85,0.002
2,euclidean,intent_quantile_0.95,nearest_sphere,inverse_margin,0.0,0.8989668022689816,0.832,0.852,0.848,0.004
2,euclidean,intent_quantile_0.95,nearest_sphere,inverse_margin,0.25,2.857725000496237,0.842,0.852,0.85,0.002
2,euclidean,intent_quantile_0.95,nearest_sphere,inverse_margin,0.5,4.819089698910246,0.842,0.852,0.85,0.002
2,euclidean,intent_quantile_0.95,nearest_sphere,inverse_margin,1.0,8.74070866005988,0.842,0.852,0.85,0.002
2,euclidean,intent_quantile_0.95,nearest_sphere,inverse_margin,2.0,16.583946582359147,0.842,0.852,0.85,0.002
2,euclidean,intent_quantile_0.95,nearest_sphere,max_ratio,0.0,0.8989668022689816,0.832,0.852,0.848,0.004
2,euclidean,intent_quantile_0.95,nearest_sphere,max_ratio,0.25,0.8989668022689816,0.832,0.852,0.848,0.004
2,euclidean,intent_quantile_0.95,nearest_sphere,max_ratio,0.5,0.8989668022689816,0.832,0.852,0.848,0.004
2,euclidean,intent_quantile_0.95,nearest_sphere,max_ratio,1.0,0.9147728772820172,0.842,0.852,0.85,0.002
2,euclidean,intent_quantile_0.95,nearest_sphere,max_ratio,2.0,1.7738384947263757,0.842,0.852,0.85,0.002
2,euclidean,intent_quantile_0.95,normalized_union,none,0.0,0.897470737760612,0.822,0.852,0.846,0.006
2,euclidean,intent_quantile_0.95,normalized_union,none,0.25,0.897470737760612,0.822,0.852,0.846,0.006
2,euclidean,intent_quantile_0.95,normalized_union,none,0.5,0.897470737760612,0.822,0.852,0.846,0.006
2,euclidean,intent_quantile_0.95,normalized_union,none,1.0,0.897470737760612,0.822,0.852,0.846,0.006
2,euclidean,intent_quantile_0.95,normalized_union,none,2.0,0.897470737760612,0.822,0.852,0.846,0.006
2,euclidean,intent_quantile_0.95,normalized_union,ratio,0.0,0.897470737760612,0.822,0.852,0.846,0.006
2,euclidean,intent_quantile_0.95,normalized_union,ratio,0.25,1.119200549601409,0.842,0.852,0.85,0.002
2,euclidean,intent_quantile_0.95,normalized_union,ratio,0.5,1.341191967769988,0.842,0.852,0.85,0.002
2,euclidean,intent_quantile_0.95,normalized_union,ratio,1.0,1.7797269877909248,0.842,0.852,0.85,0.002
2,euclidean,intent_quantile_0.95,normalized_union,ratio,2.0,2.6583415341779295,0.842,0.852,0.85,0.002
2,euclidean,intent_quantile_0.95,normalized_union,inverse_margin,0.0,0.897470737760612,0.822,0.852,0.846,0.006
2,euclidean,intent_quantile_0.95,normalized_union,inverse_margin,0.25,2.857725000496237,0.842,0.852,0.85,0.002
2,euclidean,intent_quantile_0.95,normalized_union,inverse_margin,0.5,4.819089698910246,0.842,0.852,0.85,0.002
2,euclidean,intent_quantile_0.95,normalized_union,inverse_margin,1.0,8.74070866005988,0.842,0.852,0.85,0.002
2,euclidean,intent_quantile_0.95,normalized_union,inverse_margin,2.0,16.583946582359147,0.842,0.852,0.85,0.002
2,euclidean,intent_quantile_0.95,normalized_union,max_ratio,0.0,0.897470737760612,0.822,0.852,0.846,0.006
2,euclidean,intent_quantile_0.95,normalized_union,max_ratio,0.25,0.897470737760612,0.822,0.852,0.846,0.006
2,euclidean,intent_quantile_0.95,normalized_union,max_ratio,0.5,0.897470737760612,0.822,0.852,0.846,0.006
2,euclidean,intent_quantile_0.95,normalized_union,max_ratio,1.0,0.9147728772820172,0.842,0.852,0.85,0.002
2,euclidean,intent_quantile_0.95,normalized_union,max_ratio,2.0,1.7738384947263757,0.842,0.852,0.85,0.002
2,euclidean,center_quantile_0.99,nearest_sphere,none,0.0,0.8991202259896065,0.822,0.852,0.846,0.006
2,euclidean,center_quantile_0.99,nearest_sphere,none,0.25,0.8991202259896065,0.822,0.852,0.846,0.006
2,euclidean,center_quantile_0.99,nearest_sphere,none,0.5,0.8991202259896065,0.822,0.852,0.846,0.006
2,euclidean,center_quantile_0.99,nearest_sphere,none,1.0,0.8991202259896065,0.822,0.852,0.846,0.006
2,euclidean,center_quantile_0.99,nearest_sphere,none,2.0,0.8991202259896065,0.822,0.852,0.846,0.006
2,euclidean,center_quantile_0.99,nearest_sphere,ratio,0.0,0.8991202259896065,0.822,0.852,0.846,0.006
2,euclidean,center_quantile_0.99,nearest_sphere,ratio,0.25,1.110374408104822,0.822,0.852,0.846,0.006
2,euclidean,center_quantile_0.99,nearest_sphere,ratio,0.5,1.328163566948966,0.832,0.852,0.848,0.004
2,euclidean,center_quantile_0.99,nearest_sphere,ratio,1.0,1.769081231239359,0.832,0.852,0.848,0.004
2,euclidean,center_quantile_0.99,nearest_sphere,ratio,2.0,2.639795378416037,0.842,0.852,0.85,0.002
2,euclidean,center_quantile_0.99,nearest_sphere,inverse_margin,0.0,0.8991202259896065,0.822,0.852,0.846,0.006
2,euclidean,center_quantile_0.99,nearest_sphere,inverse_margin,0.25,2.832487499683003,0.842,0.852,0.85,0.002
2,euclidean,center_quantile_0.99,nearest_sphere,inverse_margin,0.5,4.8058083564475815,0.842,0.852,0.85,0.002
2,euclidean,center_quantile_0.99,nearest_sphere,inverse_margin,1.0,8.703653084643108,0.842,0.852,0.85,0.002
2,euclidean,center_quantile_0.99,nearest_sphere,inverse_margin,2.0,16.601294612211955,0.842,0.852,0.85,0.002
2,euclidean,center_quantile_0.99,nearest_sphere,max_ratio,0.0,0.8991202259896065,0.822,0.852,0.846,0.006
2,euclidean,center_quantile_0.99,nearest_sphere,max_ratio,0.25,0.8991202259896065,0.822,0.852,0.846,0.006
2,euclidean,center_quantile_0.99,nearest_sphere,max_ratio,0.5,0.8991202259896065,0.822,0.852,0.846,0.006
2,euclidean,center_quantile_0.99,nearest_sphere,max_ratio,1.0,0.9231599233746033,0.842,0.852,0.85,0.002
2,euclidean,center_quantile_0.99,nearest_sphere,max_ratio,2.0,1.7738384947263757,0.842,0.852,0.85,0.002
2,euclidean,center_quantile_0.99,normalized_union,none,0.0,0.854926091746779,0.802,0.852,0.842,0.01
2,euclidean,center_quantile_0.99,normalized_union,none,0.25,0.854926091746779,0.802,0.852,0.842,0.01
2,euclidean,center_quantile_0.99,normalized_union,none,0.5,0.854926091746779,0.802,0.852,0.842,0.01
2,euclidean,center_quantile_0.99,normalized_union,none,1.0,0.854926091746779,0.802,0.852,0.842,0.01
2,euclidean,center_quantile_0.99,normalized_union,none,2.0,0.854926091746779,0.802,0.852,0.842,0.01
2,euclidean,center_quantile_0.99,normalized_union,ratio,0.0,0.854926091746779,0.802,0.852,0.842,0.01
2,euclidean,center_quantile_0.99,normalized_union,ratio,0.25,1.0695809887454528,0.812,0.852,0.844,0.008
2,euclidean,center_quantile_0.99,normalized_union,ratio,0.5,1.2850439575221957,0.812,0.852,0.844,0.008
2,euclidean,center_quantile_0.99,normalized_union,ratio,1.0,1.7242986641574118,0.812,0.852,0.844,0.008
2,euclidean,center_quantile_0.99,normalized_union,ratio,2.0,2.600072139350063,0.822,0.852,0.846,0.006
2,euclidean,center_quantile_0.99,normalized_union,inverse_margin,0.0,0.854926091746779,0.802,0.852,0.842,0.01
2,euclidean,center_quantile_0.99,normalized_union,inverse_margin,0.25,2.8035376319586276,0.832,0.852,0.848,0.004
2,euclidean,center_quantile_0.99,normalized_union,inverse_margin,0.5,4.754399781292028,0.832,0.852,0.848,0.004
2,euclidean,center_quantile_0.99,normalized_union,inverse_margin,1.0,8.703653084643108,0.832,0.852,0.848,0.004
2,euclidean,center_quantile_0.99,normalized_union,inverse_margin,2.0,16.5559320465299,0.832,0.852,0.848,0.004
2,euclidean,center_quantile_0.99,normalized_union,max_ratio,0.0,0.854926091746779,0.802,0.852,0.842,0.01
2,euclidean,center_quantile_0.99,normalized_union,max_ratio,0.25,0.854926091746779,0.802,0.852,0.842,0.01
2,euclidean,center_quantile_0.99,normalized_union,max_ratio,0.5,0.854926091746779,0.802,0.852,0.842,0.01
2,euclidean,center_quantile_0.99,normalized_union,max_ratio,1.0,0.8900503355398661,0.832,0.852,0.848,0.004
2,euclidean,center_quantile_0.99,normalized_union,max_ratio,2.0,1.7738384947263757,0.832,0.852,0.848,0.004
2,euclidean,intent_quantile_0.99,nearest_sphere,none,0.0,0.8592960546683158,0.832,0.852,0.848,0.004
2,euclidean,intent_quantile_0.99,nearest_sphere,none,0.25,0.8592960546683158,0.832,0.852,0.848,0.004
2,euclidean,intent_quantile_0.99,nearest_sphere,none,0.5,0.8592960546683158,0.832,0.852,0.848,0.004
2,euclidean,intent_quantile_0.99,nearest_sphere,none,1.0,0.8592960546683158,0.832,0.852,0.848,0.004
2,euclidean,intent_quantile_0.99,nearest_sphere,none,2.0,0.8592960546683158,0.832,0.852,0.848,0.004
2,euclidean,intent_quantile_0.99,nearest_sphere,ratio,0.0,0.8592960546683158,0.832,0.852,0.848,0.004
2,euclidean,intent_quantile_0.99,nearest_sphere,ratio,0.25,1.0800501603055688,0.832,0.852,0.848,0.004
2,euclidean,intent_quantile_0.99,nearest_sphere,ratio,0.5,1.2996199393351346,0.842,0.852,0.85,0.002
2,euclidean,intent_quantile_0.99,nearest_sphere,ratio,1.0,1.7349674005663307,0.842,0.852,0.85,0.002
2,euclidean,intent_quantile_0.99,nearest_sphere,ratio,2.0,2.612232801326054,0.842,0.852,0.85,0.002
2,euclidean,intent_quantile_0.99,nearest_sphere,inverse_margin,0.0,0.8592960546683158,0.832,0.852,0.848,0.004
2,euclidean,intent_quantile_0.99,nearest_sphere,inverse_margin,0.25,2.809081506209845,0.842,0.852,0.85,0.002
2,euclidean,intent_quantile_0.99,nearest_sphere,inverse_margin,0.5,4.7814123907200905,0.842,0.852,0.85,0.002
2,euclidean,intent_quantile_0.99,nearest_sphere,inverse_margin,1.0,8.703031351869724,0.842,0.852,0.85,0.002
2,euclidean,intent_quantile_0.99,nearest_sphere,inverse_margin,2.0,16.546269274168992,0.842,0.852,0.85,0.002
2,euclidean,intent_quantile_0.99,nearest_sphere,max_ratio,0.0,0.8592960546683158,0.832,0.852,0.848,0.004
2,euclidean,intent_quantile_0.99,nearest_sphere,max_ratio,0.25,0.8592960546683158,0.832,0.852,0.848,0.004
2,euclidean,intent_quantile_0.99,nearest_sphere,max_ratio,0.5,0.8592960546683158,0.832,0.852,0.848,0.004
2,euclidean,intent_quantile_0.99,nearest_sphere,max_ratio,1.0,0.8896289387862774,0.842,0.852,0.85,0.002
2,euclidean,intent_quantile_0.99,nearest_sphere,max_ratio,2.0,1.7738384947263757,0.842,0.852,0.85,0.002
2,euclidean,intent_quantile_0.99,normalized_union,none,0.0,0.8540782878917808,0.812,0.852,0.844,0.008
2,euclidean,intent_quantile_0.99,normalized_union,none,0.25,0.8540782878917808,0.812,0.852,0.844,0.008
2,euclidean,intent_quantile_0.99,normalized_union,none,0.5,0.8540782878917808,0.812,0.852,0.844,0.008
2,euclidean,intent_quantile_0.99,normalized_union,none,1.0,0.8540782878917808,0.812,0.852,0.844,0.008
2,euclidean,intent_quantile_0.99,normalized_union,none,2.0,0.8540782878917808,0.812,0.852,0.844,0.008
2,euclidean,intent_quantile_0.99,normalized_union,ratio,0.0,0.8540782878917808,0.812,0.852,0.844,0.008
2,euclidean,intent_quantile_0.99,normalized_union,ratio,0.25,1.0800501603055688,0.832,0.852,0.848,0.004
2,euclidean,intent_quantile_0.99,normalized_union,ratio,0.5,1.2996199393351346,0.842,0.852,0.85,0.002
2,euclidean,intent_quantile_0.99,normalized_union,ratio,1.0,1.7349674005663307,0.842,0.852,0.85,0.002
2,euclidean,intent_quantile_0.99,normalized_union,ratio,2.0,2.612232801326054,0.842,0.852,0.85,0.002
2,euclidean,intent_quantile_0.99,normalized_union,inverse_margin,0.0,0.8540782878917808,0.812,0.852,0.844,0.008
2,euclidean,intent_quantile_0.99,normalized_union,inverse_margin,0.25,2.809081506209845,0.842,0.852,0.85,0.002
2,euclidean,intent_quantile_0.99,normalized_union,inverse_margin,0.5,4.7814123907200905,0.842,0.852,0.85,0.002
2,euclidean,intent_quantile_0.99,normalized_union,inverse_margin,1.0,8.703031351869724,0.842,0.852,0.85,0.002
2,euclidean,intent_quantile_0.99,normalized_union,inverse_margin,2.0,16.546269274168992,0.842,0.852,0.85,0.002
2,euclidean,intent_quantile_0.99,normalized_union,max_ratio,0.0,0.8540782878917808,0.812,0.852,0.844,0.008
2,euclidean,intent_quantile_0.99,normalized_union,max_ratio,0.25,0.8540782878917808,0.812,0.852,0.844,0.008
2,euclidean,intent_quantile_0.99,normalized_union,max_ratio,0.5,0.8540782878917808,0.812,0.852,0.844,0.008
2,euclidean,intent_quantile_0.99,normalized_union,max_ratio,1.0,0.8896289387862774,0.842,0.852,0.85,0.002
2,euclidean,intent_quantile_0.99,normalized_union,max_ratio,2.0,1.7738384947263757,0.842,0.852,0.85,0.002
2,mahalanobis_diag,mean_std_0.0,nearest_sphere,none,0.0,1.0379635205555695,0.682,0.852,0.818,0.034
2,mahalanobis_diag,mean_std_0.0,nearest_sphere,none,0.25,1.0379635205555695,0.682,0.852,0.818,0.034
2,mahalanobis_diag,mean_std_0.0,nearest_sphere,none,0.5,1.0379635205555695,0.682,0.852,0.818,0.034
2,mahalanobis_diag,mean_std_0.0,nearest_sphere,none,1.0,1.0379635205555695,0.682,0.852,0.818,0.034
2,mahalanobis_diag,mean_std_0.0,nearest_sphere,none,2.0,1.0379635205555695,0.682,0.852,0.818,0.034
2,mahalanobis_diag,mean_std_0.0,nearest_sphere,ratio,0.0,1.0379635205555695,0.682,0.852,0.818,0.034
2,mahalanobis_diag,mean_std_0.0,nearest_sphere,ratio,0.25,1.2754506822723752,0.702,0.852,0.822,0.03
2,mahalanobis_diag,mean_std_0.0,nearest_sphere,ratio,0.5,1.5135802511789793,0.732,0.852,0.828,0.024
2,mahalanobis_diag,mean_std_0.0,nearest_sphere,ratio,1.0,1.9926477626335837,0.742,0.852,0.83,0.022
2,mahalanobis_diag,mean_std_0.0,nearest_sphere,ratio,2.0,2.9484922629258508,0.762,0.852,0.834,0.018
2,mahalanobis_diag,mean_std_0.0,nearest_sphere,inverse_margin,0.0,1.0379635205555695,0.682,0.852,0.818,0.034
2,mahalanobis_diag,mean_std_0.0,nearest_sphere,inverse_margin,0.25,6.652807965220014,0.742,0.852,0.83,0.022
2,mahalanobis_diag,mean_std_0.0,nearest_sphere,inverse_margin,0.5,12.15323826646788,0.742,0.852,0.83,0.022
2,mahalanobis_diag,mean_std_0.0,nearest_sphere,inverse_margin,1.0,23.245929982157303,0.742,0.852,0.83,0.022
2,mahalanobis_diag,mean_std_0.0,nearest_sphere,inverse_margin,2.0,45.435949766502596,0.742,0.852,0.83,0.022
2,mahalanobis_diag,mean_std_0.0,nearest_sphere,max_ratio,0.0,1.0379635205555695,0.682,0.852,0.818,0.034
2,mahalanobis_diag,mean_std_0.0,nearest_sphere,max_ratio,0.25,1.0379635205555695,0.682,0.852,0.818,0.034
2,mahalanobis_diag,mean_std_0.0,nearest_sphere,max_ratio,0.5,1.0379635205555695,0.682,0.852,0.818,0.034
2,mahalanobis_diag,mean_std_0.0,nearest_sphere,max_ratio,1.0,1.0379635205555695,0.682,0.852,0.818,0.034
2,mahalanobis_diag,mean_std_0.0,nearest_sphere,max_ratio,2.0,1.9137560028581724,0.742,0.852,0.83,0.022
2,mahalanobis_diag,mean_std_0.0,normalized_union,none,0.0,1.0374952829714312,0.672,0.852,0.816,0.036
2,mahalanobis_diag,mean_std_0.0,normalized_union,none,0.25,1.0374952829714312,0.672,0.852,0.816,0.036
2,mahalanobis_diag,mean_std_0.0,normalized_union,none,0.5,1.0374952829714312,0.672,0.852,0.816,0.036
2,mahalanobis_diag,mean_std_0.0,normalized_union,none,1.0,1.0374952829714312,0.672,0.852,0.816,0.036
2,mahalanobis_diag,mean_std_0.0,normalized_union,none,2.0,1.0374952829714312,0.672,0.852,0.816,0.036
2,mahalanobis_diag,mean_std_0.0,normalized_union,ratio,0.0,1.0374952829714312,0.672,0.852,0.816,0.036
2,mahalanobis_diag,mean_std_0.0,normalized_union,ratio,0.25,1.2754506822723752,0.702,0.852,0.822,0.03
2,mahalanobis_diag,mean_std_0.0,normalized_union,ratio,0.5,1.5135802511789793,0.732,0.852,0.828,0.024
2,mahalanobis_diag,mean_std_0.0,normalized_union,ratio,1.0,1.9926477626335837,0.742,0.852,0.83,0.022
2,mahalanobis_diag,mean_std_0.0,normalized_union,ratio,2.0,2.9484922629258508,0.762,0.852,0.834,0.018
2,mahalanobis_diag,mean_std_0.0,normalized_union,inverse_margin,0.0,1.0374952829714312,0.672,0.852,0.816,0.036
2,mahalanobis_diag,mean_std_0.0,normalized_union,inverse_margin,0.25,6.652807965220014,0.742,0.852,0.83,0.022
2,mahalanobis_diag,mean_std_0.0,normalized_union,inverse_margin,0.5,12.15323826646788,0.742,0.852,0.83,0.022
2,mahalanobis_diag,mean_std_0.0,normalized_union,inverse_margin,1.0,23.245929982157303,0.742,0.852,0.83,0.022
2,mahalanobis_diag,mean_std_0.0,normalized_union,inverse_margin,2.0,45.435949766502596,0.742,0.852,0.83,0.022
2,mahalanobis_diag,mean_std_0.0,normalized_union,max_ratio,0.0,1.0374952829714312,0.672,0.852,0.816,0.036
2,mahalanobis_diag,mean_std_0.0,normalized_union,max_ratio,0.25,1.0374952829714312,0.672,0.852,0.816,0.036
2,mahalanobis_diag,mean_std_0.0,normalized_union,max_ratio,0.5,1.0374952829714312,0.672,0.852,0.816,0.036
2,mahalanobis_diag,mean_std_0.0,normalized_union,max_ratio,1.0,1.0374952829714312,0.672,0.852,0.816,0.036
2,mahalanobis_diag,mean_std_0.0,normalized_union,max_ratio,2.0,1.9137560028581724,0.742,0.852,0.83,0.022
2,mahalanobis_diag,mean_std_0.25,nearest_sphere,none,0.0,1.0132490866858452,0.682,0.852,0.818,0.034
2,mahalanobis_diag,mean_std_0.25,nearest_sphere,none,0.25,1.0132490866858452,0.682,0.852,0.818,0.034
2,mahalanobis_diag,mean_std_0.25,nearest_sphere,none,0.5,1.0132490866858452,0.682,0.852,0.818,0.034
2,mahalanobis_diag,mean_std_0.25,nearest_sphere,none,1.0,1.0132490866858452,0.682,0.852,0.818,0.034
2,mahalanobis_diag,mean_std_0.25,nearest_sphere,none,2.0,1.0132490866858452,0.682,0.852,0.818,0.034
2,mahalanobis_diag,mean_std_0.25,nearest_sphere,ratio,0.0,1.0132490866858452,0.682,0.852,0.818,0.034
2,mahalanobis_diag,mean_std_0.25,nearest_sphere,ratio,0.25,1.251175483257513,0.702,0.852,0.822,0.03
2,mahalanobis_diag,mean_std_0.25,nearest_sphere,ratio,0.5,1.488957151647735,0.752,0.852,0.832,0.02
2,mahalanobis_diag,mean_std_0.25,nearest_sphere,ratio,1.0,1.9638527957319374,0.772,0.852,0.836,0.016
2,mahalanobis_diag,mean_std_0.25,nearest_sphere,ratio,2.0,2.921015454675538,0.782,0.852,0.838,0.014
2,mahalanobis_diag,mean_std_0.25,nearest_sphere,inverse_margin,0.0,1.0132490866858452,0.682,0.852,0.818,0.034
2,mahalanobis_diag,mean_std_0.25,nearest_sphere,inverse_margin,0.25,6.630985694741779,0.742,0.852,0.83,0.022
2,mahalanobis_diag,mean_std_0.25,nearest_sphere,inverse_margin,0.5,12.131415995989645,0.742,0.852,0.83,0.022
2,mahalanobis_diag,mean_std_0.25,nearest_sphere,inverse_margin,1.0,23.2135684715114,0.742,0.852,0.83,0.022
2,mahalanobis_diag,mean_std_0.25,nearest_sphere,inverse_margin,2.0,45.4035882558567,0.742,0.852,0.83,0.022
2,mahalanobis_diag,mean_std_0.25,nearest_sphere,max_ratio,0.0,1.0132490866858452,0.682,0.852,0.818,0.034
2,mahalanobis_diag,mean_std_0.25,nearest_sphere,max_ratio,0.25,1.0132490866858452,0.682,0.852,0.818,0.034
2,mahalanobis_diag,mean_std_0.25,nearest_sphere,max_ratio,0.5,1.0132490866858452,0.682,0.852,0.818,0.034
2,mahalanobis_diag,mean_std_0.25,nearest_sphere,max_ratio,1.0,1.0132490866858452,0.682,0.852,0.818,0.034
2,mahalanobis_diag,mean_std_0.25,nearest_sphere,max_ratio,2.0,1.9137560028581724,0.742,0.852,0.83,0.022
2,mahalanobis_diag,mean_std_0.25,normalized_union,none,0.0,1.0132490866858452,0.682,0.852,0.818,0.034
2,mahalanobis_diag,mean_std_0.25,normalized_union,none,0.25,1.0132490866858452,0.682,0.852,0.818,0.034
2,mahalanobis_diag,mean_std_0.25,normalized_union,none,0.5,1.0132490866858452,0.682,0.852,0.818,0.034
2,mahalanobis_diag,mean_std_0.25,normalized_union,none,1.0,1.0132490866858452,0.682,0.852,0.818,0.034
2,mahalanobis_diag,mean_std_0.25,normalized_union,none,2.0,1.0132490866858452,0.682,0.852,0.818,0.034
2,mahalanobis_diag,mean_std_0.25,normalized_union,ratio,0.0,1.0132490866858452,0.682,0.852,0.818,0.034
2,mahalanobis_diag,mean_std_0.25,normalized_union,ratio,0.25,1.251175483257513,0.692,0.852,0.82,0.032
2,mahalanobis_diag,mean_std_0.25,normalized_union,ratio,0.5,1.488957151647735,0.742,0.852,0.83,0.022
2,mahalanobis_diag,mean_std_0.25,normalized_union,ratio,1.0,1.9638527957319374,0.762,0.852,0.834,0.018
2,mahalanobis_diag,mean_std_0.25,normalized_union,ratio,2.0,2.921015454675538,0.782,0.852,0.838,0.014
2,mahalanobis_diag,mean_std_0.25,normalized_union,inverse_margin,0.0,1.0132490866858452,0.682,0.852,0.818,0.034
2,mahalanobis_diag,mean_std_0.25,normalized_union,inverse_margin,0.25,6.630985694741779,0.742,0.852,0.83,0.022
2,mahalanobis_diag,mean_std_0.25,normalized_union,inverse_margin,0.5,12.131415995989645,0.742,0.852,0.83,0.022
2,mahalanobis_diag,mean_std_0.25,normalized_union,inverse_margin,1.0,23.2135684715114,0.742,0.852,0.83,0.022
2,mahalanobis_diag,mean_std_0.25,normalized_union,inverse_margin,2.0,45.4035882558567,0.742,0.852,0.83,0.022
2,mahalanobis_diag,mean_std_0.25,normalized_union,max_ratio,0.0,1.0132490866858452,0.682,0.852,0.818,0.034
2,mahalanobis_diag,mean_std_0.25,normalized_union,max_ratio,0.25,1.0132490866858452,0.682,0.852,0.818,0.034
2,mahalanobis_diag,mean_std_0.25,normalized_union,max_ratio,0.5,1.0132490866858452,0.682,0.852,0.818,0.034
2,mahalanobis_diag,mean_std_0.25,normalized_union,max_ratio,1.0,1.0132490866858452,0.682,0.852,0.818,0.034
2,mahalanobis_diag,mean_std_0.25,normalized_union,max_ratio,2.0,1.9137560028581724,0.742,0.852,0.83,0.022
2,mahalanobis_diag,mean_std_0.5,nearest_sphere,none,0.0,0.9866775099816074,0.712,0.852,0.824,0.028
2,mahalanobis_diag,mean_std_0.5,nearest_sphere,none,0.25,0.9866775099816074,0.712,0.852,0.824,0.028
2,mahalanobis_diag,mean_std_0.5,nearest_sphere,none,0.5,0.9866775099816074,0.712,0.852,0.824,0.028
2,mahalanobis_diag,mean_std_0.5,nearest_sphere,none,1.0,0.9866775099816074,0.712,0.852,0.824,0.028
2,mahalanobis_diag,mean_std_0.5,nearest_sphere,none,2.0,0.9866775099816074,0.712,0.852,0.824,0.028
2,mahalanobis_diag,mean_std_0.5,nearest_sphere,ratio,0.0,0.9866775099816074,0.712,0.852,0.824,0.028
2,mahalanobis_diag,mean_std_0.5,nearest_sphere,ratio,0.25,1.2267033276455455,0.742,0.852,0.83,0.022
2,mahalanobis_diag,mean_std_0.5,nearest_sphere,ratio,0.5,1.4676882268537716,0.762,0.852,0.834,0.018
2,mahalanobis_diag,mean_std_0.5,nearest_sphere,ratio,1.0,1.9381133651598064,0.772,0.852,0.836,0.016
2,mahalanobis_diag,mean_std_0.5,nearest_sphere,ratio,2.0,2.895176287367931,0.792,0.852,0.84,0.012
2,mahalanobis_diag,mean_std_0.5,nearest_sphere,inverse_margin,0.0,0.9866775099816074,0.712,0.852,0.824,0.028
2,mahalanobis_diag,mean_std_0.5,nearest_sphere,inverse_margin,0.25,6.609974549311081,0.742,0.852,0.83,0.022
2,mahalanobis_diag,mean_std_0.5,nearest_sphere,inverse_margin,0.5,12.110404850558949,0.742,0.852,0.83,0.022
2,mahalanobis_diag,mean_std_0.5,nearest_sphere,inverse_margin,1.0,23.183131604064705,0.742,0.852,0.83,0.022
2,mahalanobis_diag,mean_std_0.5,nearest_sphere,inverse_margin,2.0,45.37315138841,0.742,0.852,0.83,0.022
2,mahalanobis_diag,mean_std_0.5,nearest_sphere,max_ratio,0.0,0.9866775099816074,0.712,0.852,0.824,0.028
2,mahalanobis_diag,mean_std_0.5,nearest_sphere,max_ratio,0.25,0.9866775099816074,0.712,0.852,0.824,0.028
2,mahalanobis_diag,mean_std_0.5,nearest_sphere,max_ratio,0.5,0.9866775099816074,0.712,0.852,0.824,0.028
2,mahalanobis_diag,mean_std_0.5,nearest_sphere,max_ratio,1.0,0.9913155219864926,0.722,0.852,0.826,0.026
2,mahalanobis_diag,mean_std_0.5,nearest_sphere,max_ratio,2.0,1.9137560028581724,0.742,0.852,0.83,0.022
2,mahalanobis_diag,mean_std_0.5,normalized_union,none,0.0,0.9864793886616404,0.712,0.852,0.824,0.028
2,mahalanobis_diag,mean_std_0.5,normalized_union,none,0.25,0.9864793886616404,0.712,0.852,0.824,0.028
2,mahalanobis_diag,mean_std_0.5,normalized_union,none,0.5,0.9864793886616404,0.712,0.852,0.824,0.028
2,mahalanobis_diag,mean_std_0.5,normalized_union,none,1.0,0.9864793886616404,0.712,0.852,0.824,0.028
2,mahalanobis_diag,mean_std_0.5,normalized_union,none,2.0,0.9864793886616404,0.712,0.852,0.824,0.028
2,mahalanobis_diag,mean_std_0.5,normalized_union,ratio,0.0,0.9864793886616404,0.712,0.852,0.824,0.028
2,mahalanobis_diag,mean_std_0.5,normalized_union,ratio,0.25,1.2264166158634509,0.752,0.852,0.832,0.02
2,mahalanobis_diag,mean_std_0.5,normalized_union,ratio,0.5,1.4676882268537716,0.772,0.852,0.836,0.016
2,mahalanobis_diag,mean_std_0.5,normalized_union,ratio,1.0,1.9381133651598064,0.772,0.852,0.836,0.016
2,mahalanobis_diag,mean_std_0.5,normalized_union,ratio,2.0,2.895176287367931,0.802,0.852,0.842,0.01
2,mahalanobis_diag,mean_std_0.5,normalized_union,inverse_margin,0.0,0.9864793886616404,0.712,0.852,0.824,0.028
2,mahalanobis_diag,mean_std_0.5,normalized_union,inverse_margin,0.25,6.609974549311081,0.742,0.852,0.83,0.022
2,mahalanobis_diag,mean_std_0.5,normalized_union,inverse_margin,0.5,12.110404850558949,0.742,0.852,0.83,0.022
2,mahalanobis_diag,mean_std_0.5,normalized_union,inverse_margin,1.0,23.183131604064705,0.742,0.852,0.83,0.022
2,mahalanobis_diag,mean_std_0.5,normalized_union,inverse_margin,2.0,45.37315138841,0.742,0.852,0.83,0.022
2,mahalanobis_diag,mean_std_0.5,normalized_union,max_ratio,0.0,0.9864793886616404,0.712,0.852,0.824,0.028
2,mahalanobis_diag,mean_std_0.5,normalized_union,max_ratio,0.25,0.9864793886616404,0.712,0.852,0.824,0.028
2,mahalanobis_diag,mean_std_0.5,normalized_union,max_ratio,0.5,0.9864793886616404,0.712,0.852,0.824,0.028
2,mahalanobis_diag,mean_std_0.5,normalized_union,max_ratio,1.0,0.9913155219864926,0.742,0.852,0.83,0.022
2,mahalanobis_diag,mean_std_0.5,normalized_union,max_ratio,2.0,1.9137560028581724,0.742,0.852,0.83,0.022
2,mahalanobis_diag,mean_std_0.75,nearest_sphere,none,0.0,0.964394879524823,0.742,0.852,0.83,0.022
2,mahalanobis_diag,mean_std_0.75,nearest_sphere,none,0.25,0.964394879524823,0.742,0.852,0.83,0.022
2,mahalanobis_diag,mean_std_0.75,nearest_sphere,none,0.5,0.964394879524823,0.742,0.852,0.83,0.022
2,mahalanobis_diag,mean_std_0.75,nearest_sphere,none,1.0,0.964394879524823,0.742,0.852,0.83,0.022
2,mahalanobis_diag,mean_std_0.75,nearest_sphere,none,2.0,0.964394879524823,0.742,0.852,0.83,0.022
2,mahalanobis_diag,mean_std_0.75,nearest_sphere,ratio,0.0,0.964394879524823,0.742,0.852,0.83,0.022
2,mahalanobis_diag,mean_std_0.75,nearest_sphere,ratio,0.25,1.2007735136268707,0.762,0.852,0.834,0.018
2,mahalanobis_diag,mean_std_0.75,nearest_sphere,ratio,0.5,1.4394097896505682,0.772,0.852,0.836,0.016
2,mahalanobis_diag,mean_std_0.75,nearest_sphere,ratio,1.0,1.9150502034563006,0.772,0.852,0.836,0.016
2,mahalanobis_diag,mean_std_0.75,nearest_sphere,ratio,2.0,2.8625719120489608,0.792,0.852,0.84,0.012
2,mahalanobis_diag,mean_std_0.75,nearest_sphere,inverse_margin,0.0,0.964394879524823,0.742,0.852,0.83,0.022
2,mahalanobis_diag,mean_std_0.75,nearest_sphere,inverse_margin,0.25,6.589730130278534,0.742,0.852,0.83,0.022
2,mahalanobis_diag,mean_std_0.75,nearest_sphere,inverse_margin,0.5,12.090160431526401,0.742,0.852,0.83,0.022
2,mahalanobis_diag,mean_std_0.75,nearest_sphere,inverse_margin,1.0,23.15445264097621,0.742,0.852,0.83,0.022
2,mahalanobis_diag,mean_std_0.75,nearest_sphere,inverse_margin,2.0,45.344472425321506,0.742,0.852,0.83,0.022
2,mahalanobis_diag,mean_std_0.75,nearest_sphere,max_ratio,0.0,0.964394879524823,0.742,0.852,0.83,0.022
2,mahalanobis_diag,mean_std_0.75,nearest_sphere,max_ratio,0.25,0.964394879524823,0.742,0.852,0.83,0.022
2,mahalanobis_diag,mean_std_0.75,nearest_sphere,max_ratio,0.5,0.964394879524823,0.742,0.852,0.83,0.022
2,mahalanobis_diag,mean_std_0.75,nearest_sphere,max_ratio,1.0,0.9800602192235754,0.782,0.852,0.838,0.014
2,mahalanobis_diag,mean_std_0.75,nearest_sphere,max_ratio,2.0,1.9137560028581724,0.742,0.852,0.83,0.022
2,mahalanobis_diag,mean_std_0.75,normalized_union,none,0.0,0.9636596970081367,0.752,0.852,0.832,0.02
2,mahalanobis_diag,mean_std_0.75,normalized_union,none,0.25,0.9636596970081367,0.752,0.852,0.832,0.02
2,mahalanobis_diag,mean_std_0.75,normalized_union,none,0.5,0.9636596970081367,0.752,0.852,0.832,0.02
2,mahalanobis_diag,mean_std_0.75,normalized_union,none,1.0,0.9636596970081367,0.752,0.852,0.832,0.02
2,mahalanobis_diag,mean_std_0.75,normalized_union,none,2.0,0.9636596970081367,0.752,0.852,0.832,0.02
2,mahalanobis_diag,mean_std_0.75,normalized_union,ratio,0.0,0.9636596970081367,0.752,0.852,0.832,0.02
2,mahalanobis_diag,mean_std_0.75,normalized_union,ratio,0.25,1.2005634965569576,0.772,0.852,0.836,0.016
2,mahalanobis_diag,mean_std_0.75,normalized_union,ratio,0.5,1.4353820191074615,0.772,0.852,0.836,0.016
2,mahalanobis_diag,mean_std_0.75,normalized_union,ratio,1.0,1.914150016286424,0.772,0.852,0.836,0.016
2,mahalanobis_diag,mean_std_0.75,normalized_union,ratio,2.0,2.8625719120489608,0.802,0.852,0.842,0.01
2,mahalanobis_diag,mean_std_0.75,normalized_union,inverse_margin,0.0,0.9636596970081367,0.752,0.852,0.832,0.02
2,mahalanobis_diag,mean_std_0.75,normalized_union,inverse_margin,0.25,6.589730130278534,0.742,0.852,0.83,0.022
2,mahalanobis_diag,mean_std_0.75,normalized_union,inverse_margin,0.5,12.090160431526401,0.742,0.852,0.83,0.022
2,mahalanobis_diag,mean_std_0.75,normalized_union,inverse_margin,1.0,23.15445264097621,0.742,0.852,0.83,0.022
2,mahalanobis_diag,mean_std_0.75,normalized_union,inverse_margin,2.0,45.344472425321506,0.742,0.852,0.83,0.022
2,mahalanobis_diag,mean_std_0.75,normalized_union,max_ratio,0.0,0.9636596970081367,0.752,0.852,0.832,0.02
2,mahalanobis_diag,mean_std_0.75,normalized_union,max_ratio,0.25,0.9636596970081367,0.752,0.852,0.832,0.02
2,mahalanobis_diag,mean_std_0.75,normalized_union,max_ratio,0.5,0.9636596970081367,0.752,0.852,0.832,0.02
2,mahalanobis_diag,mean_std_0.75,normalized_union,max_ratio,1.0,0.9776586914600187,0.792,0.852,0.84,0.012
2,mahalanobis_diag,mean_std_0.75,normalized_union,max_ratio,2.0,1.9137560028581724,0.742,0.852,0.83,0.022
2,mahalanobis_diag,mean_std_1.0,nearest_sphere,none,0.0,0.9434841397922114,0.752,0.852,0.832,0.02
2,mahalanobis_diag,mean_std_1.0,nearest_sphere,none,0.25,0.9434841397922114,0.752,0.852,0.832,0.02
2,mahalanobis_diag,mean_std_1.0,nearest_sphere,none,0.5,0.9434841397922114,0.752,0.852,0.832,0.02
2,mahalanobis_diag,mean_std_1.0,nearest_sphere,none,1.0,0.9434841397922114,0.752,0.852,0.832,0.02
2,mahalanobis_diag,mean_std_1.0,nearest_sphere,none,2.0,0.9434841397922114,0.752,0.852,0.832,0.02
2,mahalanobis_diag,mean_std_1.0,nearest_sphere,ratio,0.0,0.9434841397922114,0.752,0.852,0.832,0.02
2,mahalanobis_diag,mean_std_1.0,nearest_sphere,ratio,0.25,1.177050456507385,0.772,0.852,0.836,0.016
2,mahalanobis_diag,mean_std_1.0,nearest_sphere,ratio,0.5,1.4124053847855602,0.772,0.852,0.836,0.016
2,mahalanobis_diag,mean_std_1.0,nearest_sphere,ratio,1.0,1.8933014915063795,0.792,0.852,0.84,0.012
2,mahalanobis_diag,mean_std_1.0,nearest_sphere,ratio,2.0,2.8336434154236567,0.792,0.852,0.84,0.012
2,mahalanobis_diag,mean_std_1.0,nearest_sphere,inverse_margin,0.0,0.9434841397922114,0.752,0.852,0.832,0.02
2,mahalanobis_diag,mean_std_1.0,nearest_sphere,inverse_margin,0.25,6.57021122127083,0.742,0.852,0.83,0.022
2,mahalanobis_diag,mean_std_1.0,nearest_sphere,inverse_margin,0.5,12.070641522518695,0.742,0.852,0.83,0.022
2,mahalanobis_diag,mean_std_1.0,nearest_sphere,inverse_margin,1.0,23.127383563076876,0.742,0.852,0.83,0.022
2,mahalanobis_diag,mean_std_1.0,nearest_sphere,inverse_margin,2.0,45.31740334742217,0.742,0.852,0.83,0.022
2,mahalanobis_diag,mean_std_1.0,nearest_sphere,max_ratio,0.0,0.9434841397922114,0.752,0.852,0.832,0.02
2,mahalanobis_diag,mean_std_1.0,nearest_sphere,max_ratio,0.25,0.9434841397922114,0.752,0.852,0.832,0.02
2,mahalanobis_diag,mean_std_1.0,nearest_sphere,max_ratio,0.5,0.9434841397922114,0.752,0.852,0.832,0.02
2,mahalanobis_diag,mean_std_1.0,nearest_sphere,max_ratio,1.0,0.9729728505482169,0.792,0.852,0.84,0.012
2,mahalanobis_diag,mean_std_1.0,nearest_sphere,max_ratio,2.0,1.9137560028581724,0.742,0.852,0.83,0.022
2,mahalanobis_diag,mean_std_1.0,normalized_union,none,0.0,0.9390296353034931,0.772,0.852,0.836,0.016
2,mahalanobis_diag,mean_std_1.0,normalized_union,none,0.25,0.9390296353034931,0.772,0.852,0.836,0.016
2,mahalanobis_diag,mean_std_1.0,normalized_union,none,0.5,0.9390296353034931,0.772,0.852,0.836,0.016
2,mahalanobis_diag,mean_std_1.0,normalized_union,none,1.0,0.9390296353034931,0.772,0.852,0.836,0.016
2,mahalanobis_diag,mean_std_1.0,normalized_union,none,2.0,0.9390296353034931,0.772,0.852,0.836,0.016
2,mahalanobis_diag,mean_std_1.0,normalized_union,ratio,0.0,0.9390296353034931,0.772,0.852,0.836,0.016
2,mahalanobis_diag,mean_std_1.0,normalized_union,ratio,0.25,1.1757516134204462,0.772,0.852,0.836,0.016
2,mahalanobis_diag,mean_std_1.0,normalized_union,ratio,0.5,1.4119085826957325,0.772,0.852,0.836,0.016
2,mahalanobis_diag,mean_std_1.0,normalized_union,ratio,1.0,1.8896776957493457,0.802,0.852,0.842,0.01
2,mahalanobis_diag,mean_std_1.0,normalized_union,ratio,2.0,2.8336434154236567,0.802,0.852,0.842,0.01
2,mahalanobis_diag,mean_std_1.0,normalized_union,inverse_margin,0.0,0.9390296353034931,0.772,0.852,0.836,0.016
2,mahalanobis_diag,mean_std_1.0,normalized_union,inverse_margin,0.25,6.57021122127083,0.742,0.852,0.83,0.022
2,mahalanobis_diag,mean_std_1.0,normalized_union,inverse_margin,0.5,12.070641522518695,0.742,0.852,0.83,0.022
2,mahalanobis_diag,mean_std_1.0,normalized_union,inverse_margin,1.0,23.127383563076876,0.742,0.852,0.83,0.022
2,mahalanobis_diag,mean_std_1.0,normalized_union,inverse_margin,2.0,45.31740334742217,0.742,0.852,0.83,0.022
2,mahalanobis_diag,mean_std_1.0,normalized_union,max_ratio,0.0,0.9390296353034931,0.772,0.852,0.836,0.016
2,mahalanobis_diag,mean_std_1.0,normalized_union,max_ratio,0.25,0.9390296353034931,0.772,0.852,0.836,0.016
2,mahalanobis_diag,mean_std_1.0,normalized_union,max_ratio,0.5,0.9390296353034931,0.772,0.852,0.836,0.016
2,mahalanobis_diag,mean_std_1.0,normalized_union,max_ratio,1.0,0.9729728505482169,0.802,0.852,0.842,0.01
2,mahalanobis_diag,mean_std_1.0,normalized_union,max_ratio,2.0,1.9137560028581724,0.742,0.852,0.83,0.022
2,mahalanobis_diag,mean_std_1.5,nearest_sphere,none,0.0,0.9082893533107137,0.772,0.852,0.836,0.016
2,mahalanobis_diag,mean_std_1.5,nearest_sphere,none,0.25,0.9082893533107137,0.772,0.852,0.836,0.016
2,mahalanobis_diag,mean_std_1.5,nearest_sphere,none,0.5,0.9082893533107137,0.772,0.852,0.836,0.016
2,mahalanobis_diag,mean_std_1.5,nearest_sphere,none,1.0,0.9082893533107137,0.772,0.852,0.836,0.016
2,mahalanobis_diag,mean_std_1.5,nearest_sphere,none,2.0,0.9082893533107137,0.772,0.852,0.836,0.016
2,mahalanobis_diag,mean_std_1.5,nearest_sphere,ratio,0.0,0.9082893533107137,0.772,0.852,0.836,0.016
2,mahalanobis_diag,mean_std_1.5,nearest_sphere,ratio,0.25,1.1440773646149935,0.772,0.852,0.836,0.016
2,mahalanobis_diag,mean_std_1.5,nearest_sphere,ratio,0.5,1.3767900947916025,0.782,0.852,0.838,0.014
2,mahalanobis_diag,mean_std_1.5,nearest_sphere,ratio,1.0,1.8487324661007134,0.802,0.852,0.842,0.01
2,mahalanobis_diag,mean_std_1.5,nearest_sphere,ratio,2.0,2.790801162838078,0.802,0.852,0.842,0.01
2,mahalanobis_diag,mean_std_1.5,nearest_sphere,inverse_margin,0.0,0.9082893533107137,0.772,0.852,0.836,0.016
2,mahalanobis_diag,mean_std_1.5,nearest_sphere,inverse_margin,0.25,6.53319932772855,0.742,0.852,0.83,0.022
2,mahalanobis_diag,mean_std_1.5,nearest_sphere,inverse_margin,0.5,12.033629628976417,0.742,0.852,0.83,0.022
2,mahalanobis_diag,mean_std_1.5,nearest_sphere,inverse_margin,1.0,23.077561659965816,0.742,0.852,0.83,0.022
2,mahalanobis_diag,mean_std_1.5,nearest_sphere,inverse_margin,2.0,45.26758144431111,0.742,0.852,0.83,0.022
2,mahalanobis_diag,mean_std_1.5,nearest_sphere,max_ratio,0.0,0.9082893533107137,0.772,0.852,0.836,0.016
2,mahalanobis_diag,mean_std_1.5,nearest_sphere,max_ratio,0.25,0.9082893533107137,0.772,0.852,0.836,0.016
2,mahalanobis_diag,mean_std_1.5,nearest_sphere,max_ratio,0.5,0.9082893533107137,0.772,0.852,0.836,0.016
2,mahalanobis_diag,mean_std_1.5,nearest_sphere,max_ratio,1.0,0.9641991587628428,0.782,0.852,0.838,0.014
2,mahalanobis_diag,mean_std_1.5,nearest_sphere,max_ratio,2.0,1.9137560028581724,0.742,0.852,0.83,0.022
2,mahalanobis_diag,mean_std_1.5,normalized_union,none,0.0,0.9041437344681252,0.782,0.852,0.838,0.014
2,mahalanobis_diag,mean_std_1.5,normalized_union,none,0.25,0.9041437344681252,0.782,0.852,0.838,0.014
2,mahalanobis_diag,mean_std_1.5,normalized_union,none,0.5,0.9041437344681252,0.782,0.852,0.838,0.014
2,mahalanobis_diag,mean_std_1.5,normalized_union,none,1.0,0.9041437344681252,0.782,0.852,0.838,0.014
2,mahalanobis_diag,mean_std_1.5,normalized_union,none,2.0,0.9041437344681252,0.782,0.852,0.838,0.014
2,mahalanobis_diag,mean_std_1.5,normalized_union,ratio,0.0,0.9041437344681252,0.782,0.852,0.838,0.014
2,mahalanobis_diag,mean_std_1.5,normalized_union,ratio,0.25,1.1267613759777912,0.802,0.852,0.842,0.01
2,mahalanobis_diag,mean_std_1.5,normalized_union,ratio,0.5,1.3677273351492203,0.792,0.852,0.84,0.012
2,mahalanobis_diag,mean_std_1.5,normalized_union,ratio,1.0,1.8448047881588163,0.822,0.852,0.846,0.006
2,mahalanobis_diag,mean_std_1.5,normalized_union,ratio,2.0,2.788454969197118,0.812,0.852,0.844,0.008
2,mahalanobis_diag,mean_std_1.5,normalized_union,inverse_margin,0.0,0.9041437344681252,0.782,0.852,0.838,0.014
2,mahalanobis_diag,mean_std_1.5,normalized_union,inverse_margin,0.25,6.526329971043992,0.772,0.852,0.836,0.016
2,mahalanobis_diag,mean_std_1.5,normalized_union,inverse_margin,0.5,12.02676027229186,0.772,0.852,0.836,0.016
2,mahalanobis_diag,mean_std_1.5,normalized_union,inverse_margin,1.0,23.077561659965816,0.772,0.852,0.836,0.016
2,mahalanobis_diag,mean_std_1.5,normalized_union,inverse_margin,2.0,45.26758144431111,0.772,0.852,0.836,0.016
2,mahalanobis_diag,mean_std_1.5,normalized_union,max_ratio,0.0,0.9041437344681252,0.782,0.852,0.838,0.014
2,mahalanobis_diag,mean_std_1.5,normalized_union,max_ratio,0.25,0.9041437344681252,0.782,0.852,0.838,0.014
2,mahalanobis_diag,mean_std_1.5,normalized_union,max_ratio,0.5,0.9041437344681252,0.782,0.852,0.838,0.014
2,mahalanobis_diag,mean_std_1.5,normalized_union,max_ratio,1.0,0.9641991587628428,0.792,0.852,0.84,0.012
2,mahalanobis_diag,mean_std_1.5,normalized_union,max_ratio,2.0,1.9137560028581724,0.772,0.852,0.836,0.016
2,mahalanobis_diag,mean_std_2.0,nearest_sphere,none,0.0,0.8759459436526326,0.772,0.852,0.836,0.016
2,mahalanobis_diag,mean_std_2.0,nearest_sphere,none,0.25,0.8759459436526326,0.772,0.852,0.836,0.016
2,mahalanobis_diag,mean_std_2.0,nearest_sphere,none,0.5,0.8759459436526326,0.772,0.852,0.836,0.016
2,mahalanobis_diag,mean_std_2.0,nearest_sphere,none,1.0,0.8759459436526326,0.772,0.852,0.836,0.016
2,mahalanobis_diag,mean_std_2.0,nearest_sphere,none,2.0,0.8759459436526326,0.772,0.852,0.836,0.016
2,mahalanobis_diag,mean_std_2.0,nearest_sphere,ratio,0.0,0.8759459436526326,0.772,0.852,0.836,0.016
2,mahalanobis_diag,mean_std_2.0,nearest_sphere,ratio,0.25,1.1039371908362512,0.782,0.852,0.838,0.014
2,mahalanobis_diag,mean_std_2.0,nearest_sphere,ratio,0.5,1.3456541572076035,0.792,0.852,0.84,0.012
2,mahalanobis_diag,mean_std_2.0,nearest_sphere,ratio,1.0,1.8173213004863213,0.802,0.852,0.842,0.01
2,mahalanobis_diag,mean_std_2.0,nearest_sphere,ratio,2.0,2.7545474436507003,0.802,0.852,0.842,0.01
2,mahalanobis_diag,mean_std_2.0,nearest_sphere,inverse_margin,0.0,0.8759459436526326,0.772,0.852,0.836,0.016
2,mahalanobis_diag,mean_std_2.0,nearest_sphere,inverse_margin,0.25,6.498662839242747,0.742,0.852,0.83,0.022
2,mahalanobis_diag,mean_std_2.0,nearest_sphere,inverse_margin,0.5,11.999093140490613,0.742,0.852,0.83,0.022
2,mahalanobis_diag,mean_std_2.0,nearest_sphere,inverse_margin,1.0,23.032768642656613,0.742,0.852,0.83,0.022
2,mahalanobis_diag,mean_std_2.0,nearest_sphere,inverse_margin,2.0,45.22278842700191,0.742,0.852,0.83,0.022
2,mahalanobis_diag,mean_std_2.0,nearest_sphere,max_ratio,0.0,0.8759459436526326,0.772,0.852,0.836,0.016
2,mahalanobis_diag,mean_std_2.0,nearest_sphere,max_ratio,0.25,0.8759459436526326,0.772,0.852,0.836,0.016
2,mahalanobis_diag,mean_std_2.0,nearest_sphere,max_ratio,0.5,0.8759459436526326,0.772,0.852,0.836,0.016
2,mahalanobis_diag,mean_std_2.0,nearest_sphere,max_ratio,1.0,0.9596050937204922,0.752,0.852,0.832,0.02
2,mahalanobis_diag,mean_std_2.0,nearest_sphere,max_ratio,2.0,1.9137560028581724,0.742,0.852,0.83,0.022
2,mahalanobis_diag,mean_std_2.0,normalized_union,none,0.0,0.8685452032209589,0.782,0.852,0.838,0.014
2,mahalanobis_diag,mean_std_2.0,normalized_union,none,0.25,0.8685452032209589,0.782,0.852,0.838,0.014
2,mahalanobis_diag,mean_std_2.0,normalized_union,none,0.5,0.8685452032209589,0.782,0.852,0.838,0.014
2,mahalanobis_diag,mean_std_2.0,normalized_union,none,1.0,0.8685452032209589,0.782,0.852,0.838,0.014
2,mahalanobis_diag,mean_std_2.0,normalized_union,none,2.0,0.8685452032209589,0.782,0.852,0.838,0.014
2,mahalanobis_diag,mean_std_2.0,normalized_union,ratio,0.0,0.8685452032209589,0.782,0.852,0.838,0.014
2,mahalanobis_diag,mean_std_2.0,normalized_union,ratio,0.25,1.095756122314274,0.792,0.852,0.84,0.012
2,mahalanobis_diag,mean_std_2.0,normalized_union,ratio,0.5,1.334335216831427,0.802,0.852,0.842,0.01
2,mahalanobis_diag,mean_std_2.0,normalized_union,ratio,1.0,1.81181086965443,0.812,0.852,0.844,0.008
2,mahalanobis_diag,mean_std_2.0,normalized_union,ratio,2.0,2.7505801398539638,0.812,0.852,0.844,0.008
2,mahalanobis_diag,mean_std_2.0,normalized_union,inverse_margin,0.0,0.8685452032209589,0.782,0.852,0.838,0.014
2,mahalanobis_diag,mean_std_2.0,normalized_union,inverse_margin,0.25,6.474554226226821,0.792,0.852,0.84,0.012
2,mahalanobis_diag,mean_std_2.0,normalized_union,inverse_margin,0.5,11.974984527474687,0.792,0.852,0.84,0.012
2,mahalanobis_diag,mean_std_2.0,normalized_union,inverse_margin,1.0,23.032768642656613,0.792,0.852,0.84,0.012
2,mahalanobis_diag,mean_std_2.0,normalized_union,inverse_margin,2.0,45.22278842700191,0.792,0.852,0.84,0.012
2,mahalanobis_diag,mean_std_2.0,normalized_union,max_ratio,0.0,0.8685452032209589,0.782,0.852,0.838,0.014
2,mahalanobis_diag,mean_std_2.0,normalized_union,max_ratio,0.25,0.8685452032209589,0.782,0.852,0.838,0.014
2,mahalanobis_diag,mean_std_2.0,normalized_union,max_ratio,0.5,0.8685452032209589,0.782,0.852,0.838,0.014
2,mahalanobis_diag,mean_std_2.0,normalized_union,max_ratio,1.0,0.9596050937204922,0.792,0.852,0.84,0.012
2,mahalanobis_diag,mean_std_2.0,normalized_union,max_ratio,2.0,1.9137560028581724,0.792,0.852,0.84,0.012
2,mahalanobis_diag,mean_std_3.0,nearest_sphere,none,0.0,0.8191628378233062,0.772,0.852,0.836,0.016
2,mahalanobis_diag,mean_std_3.0,nearest_sphere,none,0.25,0.8191628378233062,0.772,0.852,0.836,0.016
2,mahalanobis_diag,mean_std_3.0,nearest_sphere,none,0.5,0.8191628378233062,0.772,0.852,0.836,0.016
2,mahalanobis_diag,mean_std_3.0,nearest_sphere,none,1.0,0.8191628378233062,0.772,0.852,0.836,0.016
2,mahalanobis_diag,mean_std_3.0,nearest_sphere,none,2.0,0.8191628378233062,0.772,0.852,0.836,0.016
2,mahalanobis_diag,mean_std_3.0,nearest_sphere,ratio,0.0,0.8191628378233062,0.772,0.852,0.836,0.016
2,mahalanobis_diag,mean_std_3.0,nearest_sphere,ratio,0.25,1.0476228262887979,0.792,0.852,0.84,0.012
2,mahalanobis_diag,mean_std_3.0,nearest_sphere,ratio,0.5,1.2870322930442977,0.792,0.852,0.84,0.012
2,mahalanobis_diag,mean_std_3.0,nearest_sphere,ratio,1.0,1.7568166954524722,0.812,0.852,0.844,0.008
2,mahalanobis_diag,mean_std_3.0,nearest_sphere,ratio,2.0,2.6911957851487234,0.812,0.852,0.844,0.008
2,mahalanobis_diag,mean_std_3.0,nearest_sphere,inverse_margin,0.0,0.8191628378233062,0.772,0.852,0.836,0.016
2,mahalanobis_diag,mean_std_3.0,nearest_sphere,inverse_margin,0.25,6.43608499877815,0.742,0.852,0.83,0.022
2,mahalanobis_diag,mean_std_3.0,nearest_sphere,inverse_margin,0.5,11.936515300026016,0.742,0.852,0.83,0.022
2,mahalanobis_diag,mean_std_3.0,nearest_sphere,inverse_margin,1.0,22.955502884914786,0.742,0.852,0.83,0.022
2,mahalanobis_diag,mean_std_3.0,nearest_sphere,inverse_margin,2.0,45.14552266926008,0.742,0.852,0.83,0.022
2,mahalanobis_diag,mean_std_3.0,nearest_sphere,max_ratio,0.0,0.8191628378233062,0.772,0.852,0.836,0.016
2,mahalanobis_diag,mean_std_3.0,nearest_sphere,max_ratio,0.25,0.8191628378233062,0.772,0.852,0.836,0.016
2,mahalanobis_diag,mean_std_3.0,nearest_sphere,max_ratio,0.5,0.8191628378233062,0.772,0.852,0.836,0.016
2,mahalanobis_diag,mean_std_3.0,nearest_sphere,max_ratio,1.0,0.9568780014290862,0.742,0.852,0.83,0.022
2,mahalanobis_diag,mean_std_3.0,nearest_sphere,max_ratio,2.0,1.9137560028581724,0.742,0.852,0.83,0.022
2,mahalanobis_diag,mean_std_3.0,normalized_union,none,0.0,0.8079574291586186,0.782,0.852,0.838,0.014
2,mahalanobis_diag,mean_std_3.0,normalized_union,none,0.25,0.8079574291586186,0.782,0.852,0.838,0.014
2,mahalanobis_diag,mean_std_3.0,normalized_union,none,0.5,0.8079574291586186,0.782,0.852,0.838,0.014
2,mahalanobis_diag,mean_std_3.0,normalized_union,none,1.0,0.8079574291586186,0.782,0.852,0.838,0.014
2,mahalanobis_diag,mean_std_3.0,normalized_union,none,2.0,0.8079574291586186,0.782,0.852,0.838,0.014
2,mahalanobis_diag,mean_std_3.0,normalized_union,ratio,0.0,0.8079574291586186,0.782,0.852,0.838,0.014
2,mahalanobis_diag,mean_std_3.0,normalized_union,ratio,0.25,1.0324899292585212,0.802,0.852,0.842,0.01
2,mahalanobis_diag,mean_std_3.0,normalized_union,ratio,0.5,1.2689014195859252,0.812,0.852,0.844,0.008
2,mahalanobis_diag,mean_std_3.0,normalized_union,ratio,1.0,1.7429261432085625,0.812,0.852,0.844,0.008
2,mahalanobis_diag,mean_std_3.0,normalized_union,ratio,2.0,2.6879808333311406,0.812,0.852,0.844,0.008
2,mahalanobis_diag,mean_std_3.0,normalized_union,inverse_margin,0.0,0.8079574291586186,0.782,0.852,0.838,0.014
2,mahalanobis_diag,mean_std_3.0,normalized_union,inverse_margin,0.25,6.3852436060394995,0.822,0.852,0.846,0.006
2,mahalanobis_diag,mean_std_3.0,normalized_union,inverse_margin,0.5,11.885673907287366,0.822,0.852,0.846,0.006
2,mahalanobis_diag,mean_std_3.0,normalized_union,inverse_margin,1.0,22.955502884914786,0.822,0.852,0.846,0.006
2,mahalanobis_diag,mean_std_3.0,normalized_union,inverse_margin,2.0,45.14552266926008,0.822,0.852,0.846,0.006
2,mahalanobis_diag,mean_std_3.0,normalized_union,max_ratio,0.0,0.8079574291586186,0.782,0.852,0.838,0.014
2,mahalanobis_diag,mean_std_3.0,normalized_union,max_ratio,0.25,0.8079574291586186,0.782,0.852,0.838,0.014
2,mahalanobis_diag,mean_std_3.0,normalized_union,max_ratio,0.5,0.8079574291586186,0.782,0.852,0.838,0.014
2,mahalanobis_diag,mean_std_3.0,normalized_union,max_ratio,1.0,0.9568780014290862,0.822,0.852,0.846,0.006
2,mahalanobis_diag,mean_std_3.0,normalized_union,max_ratio,2.0,1.9137560028581724,0.822,0.852,0.846,0.006
2,mahalanobis_diag,center_quantile_0.5,nearest_sphere,none,0.0,1.09357391268822,0.722,0.852,0.826,0.026
2,mahalanobis_diag,center_quantile_0.5,nearest_sphere,none,0.25,1.09357391268822,0.722,0.852,0.826,0.026
2,mahalanobis_diag,center_quantile_0.5,nearest_sphere,none,0.5,1.09357391268822,0.722,0.852,0.826,0.026
2,mahalanobis_diag,center_quantile_0.5,nearest_sphere,none,1.0,1.09357391268822,0.722,0.852,0.826,0.026
2,mahalanobis_diag,center_quantile_0.5,nearest_sphere,none,2.0,1.09357391268822,0.722,0.852,0.826,0.026
2,mahalanobis_diag,center_quantile_0.5,nearest_sphere,ratio,0.0,1.09357391268822,0.722,0.852,0.826,0.026
2,mahalanobis_diag,center_quantile_0.5,nearest_sphere,ratio,0.25,1.3307091311158412,0.732,0.852,0.828,0.024
2,mahalanobis_diag,center_quantile_0.5,nearest_sphere,ratio,0.5,1.571198387922835,0.732,0.852,0.828,0.024
2,mahalanobis_diag,center_quantile_0.5,nearest_sphere,ratio,1.0,2.0430252127654907,0.772,0.852,0.836,0.016
2,mahalanobis_diag,center_quantile_0.5,nearest_sphere,ratio,2.0,3.0060322060173768,0.782,0.852,0.838,0.014
2,mahalanobis_diag,center_quantile_0.5,nearest_sphere,inverse_margin,0.0,1.09357391268822,0.722,0.852,0.826,0.026
2,mahalanobis_diag,center_quantile_0.5,nearest_sphere,inverse_margin,0.25,6.699167972931799,0.742,0.852,0.83,0.022
2,mahalanobis_diag,center_quantile_0.5,nearest_sphere,inverse_margin,0.5,12.199598274179666,0.742,0.852,0.83,0.022
2,mahalanobis_diag,center_quantile_0.5,nearest_sphere,inverse_margin,1.0,23.27133177250301,0.742,0.852,0.83,0.022
2,mahalanobis_diag,center_quantile_0.5,nearest_sphere,inverse_margin,2.0,45.46135155684831,0.742,0.852,0.83,0.022
2,mahalanobis_diag,center_quantile_0.5,nearest_sphere,max_ratio,0.0,1.09357391268822,0.722,0.852,0.826,0.026
2,mahalanobis_diag,center_quantile_0.5,nearest_sphere,max_ratio,0.25,1.09357391268822,0.722,0.852,0.826,0.026
2,mahalanobis_diag,center_quantile_0.5,nearest_sphere,max_ratio,0.5,1.09357391268822,0.722,0.852,0.826,0.026
2,mahalanobis_diag,center_quantile_0.5,nearest_sphere,max_ratio,1.0,1.09357391268822,0.722,0.852,0.826,0.026
2,mahalanobis_diag,center_quantile_0.5,nearest_sphere,max_ratio,2.0,1.9137560028581724,0.742,0.852,0.83,0.022
2,mahalanobis_diag,center_quantile_0.5,normalized_union,none,0.0,1.0872873544200352,0.662,0.852,0.814,0.038
2,mahalanobis_diag,center_quantile_0.5,normalized_union,none,0.25,1.0872873544200352,0.662,0.852,0.814,0.038
2,mahalanobis_diag,center_quantile_0.5,normalized_union,none,0.5,1.0872873544200352,0.662,0.852,0.814,0.038
2,mahalanobis_diag,center_quantile_0.5,normalized_union,none,1.0,1.0872873544200352,0.662,0.852,0.814,0.038
2,mahalanobis_diag,center_quantile_0.5,normalized_union,none,2.0,1.0872873544200352,0.662,0.852,0.814,0.038
2,mahalanobis_diag,center_quantile_0.5,normalized_union,ratio,0.0,1.0872873544200352,0.662,0.852,0.814,0.038
2,mahalanobis_diag,center_quantile_0.5,normalized_union,ratio,0.25,1.324351017044148,0.672,0.852,0.816,0.036
2,mahalanobis_diag,center_quantile_0.5,normalized_union,ratio,0.5,1.565999707534165,0.682,0.852,0.818,0.034
2,mahalanobis_diag,center_quantile_0.5,normalized_union,ratio,1.0,2.041679836992824,0.732,0.852,0.828,0.024
2,mahalanobis_diag,center_quantile_0.5,normalized_union,ratio,2.0,3.0029591075369084,0.742,0.852,0.83,0.022
2,mahalanobis_diag,center_quantile_0.5,normalized_union,inverse_margin,0.0,1.0872873544200352,0.662,0.852,0.814,0.038
2,mahalanobis_diag,center_quantile_0.5,normalized_union,inverse_margin,0.25,6.699167972931799,0.692,0.852,0.82,0.032
2,mahalanobis_diag,center_quantile_0.5,normalized_union,inverse_margin,0.5,12.199598274179666,0.692,0.852,0.82,0.032
2,mahalanobis_diag,center_quantile_0.5,normalized_union,inverse_margin,1.0,23.27133177250301,0.692,0.852,0.82,0.032
2,mahalanobis_diag,center_quantile_0.5,normalized_union,inverse_margin,2.0,45.46135155684831,0.692,0.852,0.82,0.032
2,mahalanobis_diag,center_quantile_0.5,normalized_union,max_ratio,0.0,1.0872873544200352,0.662,0.852,0.814,0.038
2,mahalanobis_diag,center_quantile_0.5,normalized_union,max_ratio,0.25,1.0872873544200352,0.662,0.852,0.814,0.038
2,mahalanobis_diag,center_quantile_0.5,normalized_union,max_ratio,0.5,1.0872873544200352,0.662,0.852,0.814,0.038
2,mahalanobis_diag,center_quantile_0.5,normalized_union,max_ratio,1.0,1.0872873544200352,0.662,0.852,0.814,0.038
2,mahalanobis_diag,center_quantile_0.5,normalized_union,max_ratio,2.0,1.9137560028581724,0.692,0.852,0.82,0.032
2,mahalanobis_diag,intent_quantile_0.5,nearest_sphere,none,0.0,1.0988742179898974,0.732,0.852,0.828,0.024
2,mahalanobis_diag,intent_quantile_0.5,nearest_sphere,none,0.25,1.0988742179898974,0.732,0.852,0.828,0.024
2,mahalanobis_diag,intent_quantile_0.5,nearest_sphere,none,0.5,1.0988742179898974,0.732,0.852,0.828,0.024
2,mahalanobis_diag,intent_quantile_0.5,nearest_sphere,none,1.0,1.0988742179898974,0.732,0.852,0.828,0.024
2,mahalanobis_diag,intent_quantile_0.5,nearest_sphere,none,2.0,1.0988742179898974,0.732,0.852,0.828,0.024
2,mahalanobis_diag,intent_quantile_0.5,nearest_sphere,ratio,0.0,1.0988742179898974,0.732,0.852,0.828,0.024
2,mahalanobis_diag,intent_quantile_0.5,nearest_sphere,ratio,0.25,1.3351712939413491,0.732,0.852,0.828,0.024
2,mahalanobis_diag,intent_quantile_0.5,nearest_sphere,ratio,0.5,1.5763748510925948,0.732,0.852,0.828,0.024
2,mahalanobis_diag,intent_quantile_0.5,nearest_sphere,ratio,1.0,2.05051858112506,0.782,0.852,0.838,0.014
2,mahalanobis_diag,intent_quantile_0.5,nearest_sphere,ratio,2.0,3.0137781270465562,0.782,0.852,0.838,0.014
2,mahalanobis_diag,intent_quantile_0.5,nearest_sphere,inverse_margin,0.0,1.0988742179898974,0.732,0.852,0.828,0.024
2,mahalanobis_diag,intent_quantile_0.5,nearest_sphere,inverse_margin,0.25,6.708639421624026,0.742,0.852,0.83,0.022
2,mahalanobis_diag,intent_quantile_0.5,nearest_sphere,inverse_margin,0.5,12.209069722871892,0.742,0.852,0.83,0.022
2,mahalanobis_diag,intent_quantile_0.5,nearest_sphere,inverse_margin,1.0,23.281811420564043,0.742,0.852,0.83,0.022
2,mahalanobis_diag,intent_quantile_0.5,nearest_sphere,inverse_margin,2.0,45.471831204909336,0.742,0.852,0.83,0.022
2,mahalanobis_diag,intent_quantile_0.5,nearest_sphere,max_ratio,0.0,1.0988742179898974,0.732,0.852,0.828,0.024
2,mahalanobis_diag,intent_quantile_0.5,nearest_sphere,max_ratio,0.25,1.0988742179898974,0.732,0.852,0.828,0.024
2,mahalanobis_diag,intent_quantile_0.5,nearest_sphere,max_ratio,0.5,1.0988742179898974,0.732,0.852,0.828,0.024
2,mahalanobis_diag,intent_quantile_0.5,nearest_sphere,max_ratio,1.0,1.0988742179898974,0.732,0.852,0.828,0.024
2,mahalanobis_diag,intent_quantile_0.5,nearest_sphere,max_ratio,2.0,1.9137560028581724,0.742,0.852,0.83,0.022
2,mahalanobis_diag,intent_quantile_0.5,normalized_union,none,0.0,1.0931526000627294,0.692,0.852,0.82,0.032
2,mahalanobis_diag,intent_quantile_0.5,normalized_union,none,0.25,1.0931526000627294,0.692,0.852,0.82,0.032
2,mahalanobis_diag,intent_quantile_0.5,normalized_union,none,0.5,1.0931526000627294,0.692,0.852,0.82,0.032
2,mahalanobis_diag,intent_quantile_0.5,normalized_union,none,1.0,1.0931526000627294,0.692,0.852,0.82,0.032
2,mahalanobis_diag,intent_quantile_0.5,normalized_union,none,2.0,1.0931526000627294,0.692,0.852,0.82,0.032
2,mahalanobis_diag,intent_quantile_0.5,normalized_union,ratio,0.0,1.0931526000627294,0.692,0.852,0.82,0.032
2,mahalanobis_diag,intent_quantile_0.5,normalized_union,ratio,0.25,1.3310111365760189,0.702,0.852,0.822,0.03
2,mahalanobis_diag,intent_quantile_0.5,normalized_union,ratio,0.5,1.5718160233092011,0.712,0.852,0.824,0.028
2,mahalanobis_diag,intent_quantile_0.5,normalized_union,ratio,1.0,2.048196343019728,0.752,0.852,0.832,0.02
2,mahalanobis_diag,intent_quantile_0.5,normalized_union,ratio,2.0,3.0095793736659484,0.762,0.852,0.834,0.018
2,mahalanobis_diag,intent_quantile_0.5,normalized_union,inverse_margin,0.0,1.0931526000627294,0.692,0.852,0.82,0.032
2,mahalanobis_diag,intent_quantile_0.5,normalized_union,inverse_margin,0.25,6.708639421624026,0.702,0.852,0.822,0.03
2,mahalanobis_diag,intent_quantile_0.5,normalized_union,inverse_margin,0.5,12.209069722871892,0.702,0.852,0.822,0.03
2,mahalanobis_diag,intent_quantile_0.5,normalized_union,inverse_margin,1.0,23.281811420564043,0.702,0.852,0.822,0.03
2,mahalanobis_diag,intent_quantile_0.5,normalized_union,inverse_margin,2.0,45.471831204909336,0.702,0.852,0.822,0.03
2,mahalanobis_diag,intent_quantile_0.5,normalized_union,max_ratio,0.0,1.0931526000627294,0.692,0.852,0.82,0.032
2,mahalanobis_diag,intent_quantile_0.5,normalized_union,max_ratio,0.25,1.0931526000627294,0.692,0.852,0.82,0.032
2,mahalanobis_diag,intent_quantile_0.5,normalized_union,max_ratio,0.5,1.0931526000627294,0.692,0.852,0.82,0.032
2,mahalanobis_diag,intent_quantile_0.5,normalized_union,max_ratio,1.0,1.0931526000627294,0.692,0.852,0.82,0.032
2,mahalanobis_diag,intent_quantile_0.5,normalized_union,max_ratio,2.0,1.9137560028581724,0.702,0.852,0.822,0.03
2,mahalanobis_diag,center_quantile_0.7,nearest_sphere,none,0.0,1.0436680263252414,0.742,0.852,0.83,0.022
2,mahalanobis_diag,center_quantile_0.7,nearest_sphere,none,0.25,1.0436680263252414,0.742,0.852,0.83,0.022
2,mahalanobis_diag,center_quantile_0.7,nearest_sphere,none,0.5,1.0436680263252414,0.742,0.852,0.83,0.022
2,mahalanobis_diag,center_quantile_0.7,nearest_sphere,none,1.0,1.0436680263252414,0.742,0.852,0.83,0.022
2,mahalanobis_diag,center_quantile_0.7,nearest_sphere,none,2.0,1.0436680263252414,0.742,0.852,0.83,0.022
2,mahalanobis_diag,center_quantile_0.7,nearest_sphere,ratio,0.0,1.0436680263252414,0.742,0.852,0.83,0.022
2,mahalanobis_diag,center_quantile_0.7,nearest_sphere,ratio,0.25,1.2754961808242615,0.762,0.852,0.834,0.018
2,mahalanobis_diag,center_quantile_0.7,nearest_sphere,ratio,0.5,1.5179083821305293,0.782,0.852,0.838,0.014
2,mahalanobis_diag,center_quantile_0.7,nearest_sphere,ratio,1.0,1.9979148132254736,0.802,0.852,0.842,0.01
2,mahalanobis_diag,center_quantile_0.7,nearest_sphere,ratio,2.0,2.94975057972813,0.822,0.852,0.846,0.006
2,mahalanobis_diag,center_quantile_0.7,nearest_sphere,inverse_margin,0.0,1.0436680263252414,0.742,0.852,0.83,0.022
2,mahalanobis_diag,center_quantile_0.7,nearest_sphere,inverse_margin,0.25,6.660366213180412,0.742,0.852,0.83,0.022
2,mahalanobis_diag,center_quantile_0.7,nearest_sphere,inverse_margin,0.5,12.160796514428277,0.742,0.852,0.83,0.022
2,mahalanobis_diag,center_quantile_0.7,nearest_sphere,inverse_margin,1.0,23.17681512698459,0.742,0.852,0.83,0.022
2,mahalanobis_diag,center_quantile_0.7,nearest_sphere,inverse_margin,2.0,45.36683491132988,0.742,0.852,0.83,0.022
2,mahalanobis_diag,center_quantile_0.7,nearest_sphere,max_ratio,0.0,1.0436680263252414,0.742,0.852,0.83,0.022
2,mahalanobis_diag,center_quantile_0.7,nearest_sphere,max_ratio,0.25,1.0436680263252414,0.742,0.852,0.83,0.022
2,mahalanobis_diag,center_quantile_0.7,nearest_sphere,max_ratio,0.5,1.0436680263252414,0.742,0.852,0.83,0.022
2,mahalanobis_diag,center_quantile_0.7,nearest_sphere,max_ratio,1.0,1.0436680263252414,0.742,0.852,0.83,0.022
2,mahalanobis_diag,center_quantile_0.7,nearest_sphere,max_ratio,2.0,1.9137560028581724,0.742,0.852,0.83,0.022
2,mahalanobis_diag,center_quantile_0.7,normalized_union,none,0.0,1.0323536993983664,0.692,0.852,0.82,0.032
2,mahalanobis_diag,center_quantile_0.7,normalized_union,none,0.25,1.0323536993983664,0.692,0.852,0.82,0.032
2,mahalanobis_diag,center_quantile_0.7,normalized_union,none,0.5,1.0323536993983664,0.692,0.852,0.82,0.032
2,mahalanobis_diag,center_quantile_0.7,normalized_union,none,1.0,1.0323536993983664,0.692,0.852,0.82,0.032
2,mahalanobis_diag,center_quantile_0.7,normalized_union,none,2.0,1.0323536993983664,0.692,0.852,0.82,0.032
2,mahalanobis_diag,center_quantile_0.7,normalized_union,ratio,0.0,1.0323536993983664,0.692,0.852,0.82,0.032
2,mahalanobis_diag,center_quantile_0.7,normalized_union,ratio,0.25,1.269303485367445,0.732,0.852,0.828,0.024
2,mahalanobis_diag,center_quantile_0.7,normalized_union,ratio,0.5,1.5030701982832455,0.742,0.852,0.83,0.022
2,mahalanobis_diag,center_quantile_0.7,normalized_union,ratio,1.0,1.985269198684816,0.752,0.852,0.832,0.02
2,mahalanobis_diag,center_quantile_0.7,normalized_union,ratio,2.0,2.9421272768905036,0.782,0.852,0.838,0.014
2,mahalanobis_diag,center_quantile_0.7,normalized_union,inverse_margin,0.0,1.0323536993983664,0.692,0.852,0.82,0.032
2,mahalanobis_diag,center_quantile_0.7,normalized_union,inverse_margin,0.25,6.641055937037981,0.722,0.852,0.826,0.026
2,mahalanobis_diag,center_quantile_0.7,normalized_union,inverse_margin,0.5,12.141486238285847,0.722,0.852,0.826,0.026
2,mahalanobis_diag,center_quantile_0.7,normalized_union,inverse_margin,1.0,23.17681512698459,0.722,0.852,0.826,0.026
2,mahalanobis_diag,center_quantile_0.7,normalized_union,inverse_margin,2.0,45.36683491132988,0.722,0.852,0.826,0.026
2,mahalanobis_diag,center_quantile_0.7,normalized_union,max_ratio,0.0,1.0323536993983664,0.692,0.852,0.82,0.032
2,mahalanobis_diag,center_quantile_0.7,normalized_union,max_ratio,0.25,1.0323536993983664,0.692,0.852,0.82,0.032
2,mahalanobis_diag,center_quantile_0.7,normalized_union,max_ratio,0.5,1.0323536993983664,0.692,0.852,0.82,0.032
2,mahalanobis_diag,center_quantile_0.7,normalized_union,max_ratio,1.0,1.0323536993983664,0.692,0.852,0.82,0.032
2,mahalanobis_diag,center_quantile_0.7,normalized_union,max_ratio,2.0,1.9137560028581724,0.722,0.852,0.826,0.026
2,mahalanobis_diag,intent_quantile_0.7,nearest_sphere,none,0.0,1.0528174192243227,0.742,0.852,0.83,0.022
2,mahalanobis_diag,intent_quantile_0.7,nearest_sphere,none,0.25,1.0528174192243227,0.742,0.852,0.83,0.022
2,mahalanobis_diag,intent_quantile_0.7,nearest_sphere,none,0.5,1.0528174192243227,0.742,0.852,0.83,0.022
2,mahalanobis_diag,intent_quantile_0.7,nearest_sphere,none,1.0,1.0528174192243227,0.742,0.852,0.83,0.022
2,mahalanobis_diag,intent_quantile_0.7,nearest_sphere,none,2.0,1.0528174192243227,0.742,0.852,0.83,0.022
2,mahalanobis_diag,intent_quantile_0.7,nearest_sphere,ratio,0.0,1.0528174192243227,0.742,0.852,0.83,0.022
2,mahalanobis_diag,intent_quantile_0.7,nearest_sphere,ratio,0.25,1.2900651173614197,0.742,0.852,0.83,0.022
2,mahalanobis_diag,intent_quantile_0.7,nearest_sphere,ratio,0.5,1.5285196500954483,0.762,0.852,0.834,0.018
2,mahalanobis_diag,intent_quantile_0.7,nearest_sphere,ratio,1.0,2.009360117372035,0.792,0.852,0.84,0.012
2,mahalanobis_diag,intent_quantile_0.7,nearest_sphere,ratio,2.0,2.960561216966889,0.802,0.852,0.842,0.01
2,mahalanobis_diag,intent_quantile_0.7,nearest_sphere,inverse_margin,0.0,1.0528174192243227,0.742,0.852,0.83,0.022
2,mahalanobis_diag,intent_quantile_0.7,nearest_sphere,inverse_margin,0.25,6.667714717720256,0.742,0.852,0.83,0.022
2,mahalanobis_diag,intent_quantile_0.7,nearest_sphere,inverse_margin,0.5,12.168145018968122,0.742,0.852,0.83,0.022
2,mahalanobis_diag,intent_quantile_0.7,nearest_sphere,inverse_margin,1.0,23.215027087241833,0.742,0.852,0.83,0.022
2,mahalanobis_diag,intent_quantile_0.7,nearest_sphere,inverse_margin,2.0,45.40504687158713,0.742,0.852,0.83,0.022
2,mahalanobis_diag,intent_quantile_0.7,nearest_sphere,max_ratio,0.0,1.0528174192243227,0.742,0.852,0.83,0.022
2,mahalanobis_diag,intent_quantile_0.7,nearest_sphere,max_ratio,0.25,1.0528174192243227,0.742,0.852,0.83,0.022
2,mahalanobis_diag,intent_quantile_0.7,nearest_sphere,max_ratio,0.5,1.0528174192243227,0.742,0.852,0.83,0.022
2,mahalanobis_diag,intent_quantile_0.7,nearest_sphere,max_ratio,1.0,1.0528174192243227,0.742,0.852,0.83,0.022
2,mahalanobis_diag,intent_quantile_0.7,nearest_sphere,max_ratio,2.0,1.9137560028581724,0.742,0.852,0.83,0.022
2,mahalanobis_diag,intent_quantile_0.7,normalized_union,none,0.0,1.0477504843785024,0.702,0.852,0.822,0.03
2,mahalanobis_diag,intent_quantile_0.7,normalized_union,none,0.25,1.0477504843785024,0.702,0.852,0.822,0.03
2,mahalanobis_diag,intent_quantile_0.7,normalized_union,none,0.5,1.0477504843785024,0.702,0.852,0.822,0.03
2,mahalanobis_diag,intent_quantile_0.7,normalized_union,none,1.0,1.0477504843785024,0.702,0.852,0.822,0.03
2,mahalanobis_diag,intent_quantile_0.7,normalized_union,none,2.0,1.0477504843785024,0.702,0.852,0.822,0.03
2,mahalanobis_diag,intent_quantile_0.7,normalized_union,ratio,0.0,1.0477504843785024,0.702,0.852,0.822,0.03
2,mahalanobis_diag,intent_quantile_0.7,normalized_union,ratio,0.25,1.2863746005395336,0.712,0.852,0.824,0.028
2,mahalanobis_diag,intent_quantile_0.7,normalized_union,ratio,0.5,1.523993963156985,0.742,0.852,0.83,0.022
2,mahalanobis_diag,intent_quantile_0.7,normalized_union,ratio,1.0,2.0048451321760545,0.762,0.852,0.834,0.018
2,mahalanobis_diag,intent_quantile_0.7,normalized_union,ratio,2.0,2.9597722971764617,0.792,0.852,0.84,0.012
2,mahalanobis_diag,intent_quantile_0.7,normalized_union,inverse_margin,0.0,1.0477504843785024,0.702,0.852,0.822,0.03
2,mahalanobis_diag,intent_quantile_0.7,normalized_union,inverse_margin,0.25,6.667714717720256,0.692,0.852,0.82,0.032
2,mahalanobis_diag,intent_quantile_0.7,normalized_union,inverse_margin,0.5,12.168145018968122,0.692,0.852,0.82,0.032
2,mahalanobis_diag,intent_quantile_0.7,normalized_union,inverse_margin,1.0,23.215027087241833,0.692,0.852,0.82,0.032
2,mahalanobis_diag,intent_quantile_0.7,normalized_union,inverse_margin,2.0,45.40504687158713,0.692,0.852,0.82,0.032
2,mahalanobis_diag,intent_quantile_0.7,normalized_union,max_ratio,0.0,1.0477504843785024,0.702,0.852,0.822,0.03
2,mahalanobis_diag,intent_quantile_0.7,normalized_union,max_ratio,0.25,1.0477504843785024,0.702,0.852,0.822,0.03
2,mahalanobis_diag,intent_quantile_0.7,normalized_union,max_ratio,0.5,1.0477504843785024,0.702,0.852,0.822,0.03
2,mahalanobis_diag,intent_quantile_0.7,normalized_union,max_ratio,1.0,1.0477504843785024,0.702,0.852,0.822,0.03
2,mahalanobis_diag,intent_quantile_0.7,normalized_union,max_ratio,2.0,1.9137560028581724,0.692,0.852,0.82,0.032
2,mahalanobis_diag,center_quantile_0.8,nearest_sphere,none,0.0,1.0159437514661978,0.742,0.852,0.83,0.022
2,mahalanobis_diag,center_quantile_0.8,nearest_sphere,none,0.25,1.0159437514661978,0.742,0.852,0.83,0.022
2,mahalanobis_diag,center_quantile_0.8,nearest_sphere,none,0.5,1.0159437514661978,0.742,0.852,0.83,0.022
2,mahalanobis_diag,center_quantile_0.8,nearest_sphere,none,1.0,1.0159437514661978,0.742,0.852,0.83,0.022
2,mahalanobis_diag,center_quantile_0.8,nearest_sphere,none,2.0,1.0159437514661978,0.742,0.852,0.83,0.022
2,mahalanobis_diag,center_quantile_0.8,nearest_sphere,ratio,0.0,1.0159437514661978,0.742,0.852,0.83,0.022
2,mahalanobis_diag,center_quantile_0.8,nearest_sphere,ratio,0.25,1.2491550436771406,0.772,0.852,0.836,0.016
2,mahalanobis_diag,center_quantile_0.8,nearest_sphere,ratio,0.5,1.4914862688954296,0.792,0.852,0.84,0.012
2,mahalanobis_diag,center_quantile_0.8,nearest_sphere,ratio,1.0,1.9621527557861305,0.802,0.852,0.842,0.01
2,mahalanobis_diag,center_quantile_0.8,nearest_sphere,ratio,2.0,2.9175390685819096,0.822,0.852,0.846,0.006
2,mahalanobis_diag,center_quantile_0.8,nearest_sphere,inverse_margin,0.0,1.0159437514661978,0.742,0.852,0.83,0.022
2,mahalanobis_diag,center_quantile_0.8,nearest_sphere,inverse_margin,0.25,6.6364425789833446,0.742,0.852,0.83,0.022
2,mahalanobis_diag,center_quantile_0.8,nearest_sphere,inverse_margin,0.5,12.136872880231211,0.742,0.852,0.83,0.022
2,mahalanobis_diag,center_quantile_0.8,nearest_sphere,inverse_margin,1.0,23.137733482726944,0.742,0.852,0.83,0.022
2,mahalanobis_diag,center_quantile_0.8,nearest_sphere,inverse_margin,2.0,45.31622391151085,0.742,0.852,0.83,0.022
2,mahalanobis_diag,center_quantile_0.8,nearest_sphere,max_ratio,0.0,1.0159437514661978,0.742,0.852,0.83,0.022
2,mahalanobis_diag,center_quantile_0.8,nearest_sphere,max_ratio,0.25,1.0159437514661978,0.742,0.852,0.83,0.022
2,mahalanobis_diag,center_quantile_0.8,nearest_sphere,max_ratio,0.5,1.0159437514661978,0.742,0.852,0.83,0.022
2,mahalanobis_diag,center_quantile_0.8,nearest_sphere,max_ratio,1.0,1.0159437514661978,0.742,0.852,0.83,0.022
2,mahalanobis_diag,center_quantile_0.8,nearest_sphere,max_ratio,2.0,1.9137560028581724,0.742,0.852,0.83,0.022
2,mahalanobis_diag,center_quantile_0.8,normalized_union,none,0.0,1.0044403844706444,0.742,0.852,0.83,0.022
2,mahalanobis_diag,center_quantile_0.8,normalized_union,none,0.25,1.0044403844706444,0.742,0.852,0.83,0.022
2,mahalanobis_diag,center_quantile_0.8,normalized_union,none,0.5,1.0044403844706444,0.742,0.852,0.83,0.022
2,mahalanobis_diag,center_quantile_0.8,normalized_union,none,1.0,1.0044403844706444,0.742,0.852,0.83,0.022
2,mahalanobis_diag,center_quantile_0.8,normalized_union,none,2.0,1.0044403844706444,0.742,0.852,0.83,0.022
2,mahalanobis_diag,center_quantile_0.8,normalized_union,ratio,0.0,1.0044403844706444,0.742,0.852,0.83,0.022
2,mahalanobis_diag,center_quantile_0.8,normalized_union,ratio,0.25,1.235175498836862,0.752,0.852,0.832,0.02
2,mahalanobis_diag,center_quantile_0.8,normalized_union,ratio,0.5,1.471788406092044,0.772,0.852,0.836,0.016
2,mahalanobis_diag,center_quantile_0.8,normalized_union,ratio,1.0,1.9495793184759553,0.772,0.852,0.836,0.016
2,mahalanobis_diag,center_quantile_0.8,normalized_union,ratio,2.0,2.904859249717564,0.802,0.852,0.842,0.01
2,mahalanobis_diag,center_quantile_0.8,normalized_union,inverse_margin,0.0,1.0044403844706444,0.742,0.852,0.83,0.022
2,mahalanobis_diag,center_quantile_0.8,normalized_union,inverse_margin,0.25,6.582555251685986,0.742,0.852,0.83,0.022
2,mahalanobis_diag,center_quantile_0.8,normalized_union,inverse_margin,0.5,12.082985552933852,0.742,0.852,0.83,0.022
2,mahalanobis_diag,center_quantile_0.8,normalized_union,inverse_margin,1.0,23.126204127165558,0.742,0.852,0.83,0.022
2,mahalanobis_diag,center_quantile_0.8,normalized_union,inverse_margin,2.0,45.31622391151085,0.742,0.852,0.83,0.022
2,mahalanobis_diag,center_quantile_0.8,normalized_union,max_ratio,0.0,1.0044403844706444,0.742,0.852,0.83,0.022
2,mahalanobis_diag,center_quantile_0.8,normalized_union,max_ratio,0.25,1.0044403844706444,0.742,0.852,0.83,0.022
2,mahalanobis_diag,center_quantile_0.8,normalized_union,max_ratio,0.5,1.0044403844706444,0.742,0.852,0.83,0.022
2,mahalanobis_diag,center_quantile_0.8,normalized_union,max_ratio,1.0,1.0044403844706444,0.742,0.852,0.83,0.022
2,mahalanobis_diag,center_quantile_0.8,normalized_union,max_ratio,2.0,1.9137560028581724,0.742,0.852,0.83,0.022
2,mahalanobis_diag,intent_quantile_0.8,nearest_sphere,none,0.0,1.02427582420737,0.742,0.852,0.83,0.022
2,mahalanobis_diag,intent_quantile_0.8,nearest_sphere,none,0.25,1.02427582420737,0.742,0.852,0.83,0.022
2,mahalanobis_diag,intent_quantile_0.8,nearest_sphere,none,0.5,1.02427582420737,0.742,0.852,0.83,0.022
2,mahalanobis_diag,intent_quantile_0.8,nearest_sphere,none,1.0,1.02427582420737,0.742,0.852,0.83,0.022
2,mahalanobis_diag,intent_quantile_0.8,nearest_sphere,none,2.0,1.02427582420737,0.742,0.852,0.83,0.022
2,mahalanobis_diag,intent_quantile_0.8,nearest_sphere,ratio,0.0,1.02427582420737,0.742,0.852,0.83,0.022
2,mahalanobis_diag,intent_quantile_0.8,nearest_sphere,ratio,0.25,1.2616982136654418,0.752,0.852,0.832,0.02
2,mahalanobis_diag,intent_quantile_0.8,nearest_sphere,ratio,0.5,1.5012879778340849,0.782,0.852,0.838,0.014
2,mahalanobis_diag,intent_quantile_0.8,nearest_sphere,ratio,1.0,1.9766107987444217,0.802,0.852,0.842,0.01
2,mahalanobis_diag,intent_quantile_0.8,nearest_sphere,ratio,2.0,2.929256119507887,0.812,0.852,0.844,0.008
2,mahalanobis_diag,intent_quantile_0.8,nearest_sphere,inverse_margin,0.0,1.02427582420737,0.742,0.852,0.83,0.022
2,mahalanobis_diag,intent_quantile_0.8,nearest_sphere,inverse_margin,0.25,6.644870497234642,0.742,0.852,0.83,0.022
2,mahalanobis_diag,intent_quantile_0.8,nearest_sphere,inverse_margin,0.5,12.14530079848251,0.742,0.852,0.83,0.022
2,mahalanobis_diag,intent_quantile_0.8,nearest_sphere,inverse_margin,1.0,23.176959872325796,0.742,0.852,0.83,0.022
2,mahalanobis_diag,intent_quantile_0.8,nearest_sphere,inverse_margin,2.0,45.36697965667109,0.742,0.852,0.83,0.022
2,mahalanobis_diag,intent_quantile_0.8,nearest_sphere,max_ratio,0.0,1.02427582420737,0.742,0.852,0.83,0.022
2,mahalanobis_diag,intent_quantile_0.8,nearest_sphere,max_ratio,0.25,1.02427582420737,0.742,0.852,0.83,0.022
2,mahalanobis_diag,intent_quantile_0.8,nearest_sphere,max_ratio,0.5,1.02427582420737,0.742,0.852,0.83,0.022
2,mahalanobis_diag,intent_quantile_0.8,nearest_sphere,max_ratio,1.0,1.02427582420737,0.742,0.852,0.83,0.022
2,mahalanobis_diag,intent_quantile_0.8,nearest_sphere,max_ratio,2.0,1.9137560028581724,0.742,0.852,0.83,0.022
2,mahalanobis_diag,intent_quantile_0.8,normalized_union,none,0.0,1.018087406035161,0.712,0.852,0.824,0.028
2,mahalanobis_diag,intent_quantile_0.8,normalized_union,none,0.25,1.018087406035161,0.712,0.852,0.824,0.028
2,mahalanobis_diag,intent_quantile_0.8,normalized_union,none,0.5,1.018087406035161,0.712,0.852,0.824,0.028
2,mahalanobis_diag,intent_quantile_0.8,normalized_union,none,1.0,1.018087406035161,0.712,0.852,0.824,0.028
2,mahalanobis_diag,intent_quantile_0.8,normalized_union,none,2.0,1.018087406035161,0.712,0.852,0.824,0.028
2,mahalanobis_diag,intent_quantile_0.8,normalized_union,ratio,0.0,1.018087406035161,0.712,0.852,0.824,0.028
2,mahalanobis_diag,intent_quantile_0.8,normalized_union,ratio,0.25,1.2544346627003207,0.762,0.852,0.834,0.018
2,mahalanobis_diag,intent_quantile_0.8,normalized_union,ratio,0.5,1.4985006766617512,0.762,0.852,0.834,0.018
2,mahalanobis_diag,intent_quantile_0.8,normalized_union,ratio,1.0,1.9725879877177896,0.772,0.852,0.836,0.016
2,mahalanobis_diag,intent_quantile_0.8,normalized_union,ratio,2.0,2.928970758983332,0.802,0.852,0.842,0.01
2,mahalanobis_diag,intent_quantile_0.8,normalized_union,inverse_margin,0.0,1.018087406035161,0.712,0.852,0.824,0.028
2,mahalanobis_diag,intent_quantile_0.8,normalized_union,inverse_margin,0.25,6.641223246549597,0.732,0.852,0.828,0.024
2,mahalanobis_diag,intent_quantile_0.8,normalized_union,inverse_margin,0.5,12.141653547797464,0.732,0.852,0.828,0.024
2,mahalanobis_diag,intent_quantile_0.8,normalized_union,inverse_margin,1.0,23.176959872325796,0.732,0.852,0.828,0.024
2,mahalanobis_diag,intent_quantile_0.8,normalized_union,inverse_margin,2.0,45.36697965667109,0.732,0.852,0.828,0.024
2,mahalanobis_diag,intent_quantile_0.8,normalized_union,max_ratio,0.0,1.018087406035161,0.712,0.852,0.824,0.028
2,mahalanobis_diag,intent_quantile_0.8,normalized_union,max_ratio,0.25,1.018087406035161,0.712,0.852,0.824,0.028
2,mahalanobis_diag,intent_quantile_0.8,normalized_union,max_ratio,0.5,1.018087406035161,0.712,0.852,0.824,0.028
2,mahalanobis_diag,intent_quantile_0.8,normalized_union,max_ratio,1.0,1.018087406035161,0.712,0.852,0.824,0.028
2,mahalanobis_diag,intent_quantile_0.8,normalized_union,max_ratio,2.0,1.9137560028581724,0.732,0.852,0.828,0.024
2,mahalanobis_diag,center_quantile_0.9,nearest_sphere,none,0.0,0.9895543705989385,0.722,0.852,0.826,0.026
2,mahalanobis_diag,center_quantile_0.9,nearest_sphere,none,0.25,0.9895543705989385,0.722,0.852,0.826,0.026
2,mahalanobis_diag,center_quantile_0.9,nearest_sphere,none,0.5,0.9895543705989385,0.722,0.852,0.826,0.026
2,mahalanobis_diag,center_quantile_0.9,nearest_sphere,none,1.0,0.9895543705989385,0.722,0.852,0.826,0.026
2,mahalanobis_diag,center_quantile_0.9,nearest_sphere,none,2.0,0.9895543705989385,0.722,0.852,0.826,0.026
2,mahalanobis_diag,center_quantile_0.9,nearest_sphere,ratio,0.0,0.9895543705989385,0.722,0.852,0.826,0.026
2,mahalanobis_diag,center_quantile_0.9,nearest_sphere,ratio,0.25,1.2178229836009034,0.772,0.852,0.836,0.016
2,mahalanobis_diag,center_quantile_0.9,nearest_sphere,ratio,0.5,1.4494960429891082,0.782,0.852,0.838,0.014
2,mahalanobis_diag,center_quantile_0.9,nearest_sphere,ratio,1.0,1.9169126172350914,0.792,0.852,0.84,0.012
2,mahalanobis_diag,center_quantile_0.9,nearest_sphere,ratio,2.0,2.860709433228659,0.812,0.852,0.844,0.008
2,mahalanobis_diag,center_quantile_0.9,nearest_sphere,inverse_margin,0.0,0.9895543705989385,0.722,0.852,0.826,0.026
2,mahalanobis_diag,center_quantile_0.9,nearest_sphere,inverse_margin,0.25,6.60394026636242,0.742,0.852,0.83,0.022
2,mahalanobis_diag,center_quantile_0.9,nearest_sphere,inverse_margin,0.5,12.104370567610285,0.742,0.852,0.83,0.022
2,mahalanobis_diag,center_quantile_0.9,nearest_sphere,inverse_margin,1.0,23.10523117010602,0.742,0.852,0.83,0.022
2,mahalanobis_diag,center_quantile_0.9,nearest_sphere,inverse_margin,2.0,45.26760846354714,0.742,0.852,0.83,0.022
2,mahalanobis_diag,center_quantile_0.9,nearest_sphere,max_ratio,0.0,0.9895543705989385,0.722,0.852,0.826,0.026
2,mahalanobis_diag,center_quantile_0.9,nearest_sphere,max_ratio,0.25,0.9895543705989385,0.722,0.852,0.826,0.026
2,mahalanobis_diag,center_quantile_0.9,nearest_sphere,max_ratio,0.5,0.9895543705989385,0.722,0.852,0.826,0.026
2,mahalanobis_diag,center_quantile_0.9,nearest_sphere,max_ratio,1.0,0.9939557855050624,0.732,0.852,0.828,0.024
2,mahalanobis_diag,center_quantile_0.9,nearest_sphere,max_ratio,2.0,1.9137560028581724,0.742,0.852,0.83,0.022
2,mahalanobis_diag,center_quantile_0.9,normalized_union,none,0.0,0.9554455094594336,0.792,0.852,0.84,0.012
2,mahalanobis_diag,center_quantile_0.9,normalized_union,none,0.25,0.9554455094594336,0.792,0.852,0.84,0.012
2,mahalanobis_diag,center_quantile_0.9,normalized_union,none,0.5,0.9554455094594336,0.792,0.852,0.84,0.012
2,mahalanobis_diag,center_quantile_0.9,normalized_union,none,1.0,0.9554455094594336,0.792,0.852,0.84,0.012
2,mahalanobis_diag,center_quantile_0.9,normalized_union,none,2.0,0.9554455094594336,0.792,0.852,0.84,0.012
2,mahalanobis_diag,center_quantile_0.9,normalized_union,ratio,0.0,0.9554455094594336,0.792,0.852,0.84,0.012
2,mahalanobis_diag,center_quantile_0.9,normalized_union,ratio,0.25,1.1788176545655005,0.802,0.852,0.842,0.01
2,mahalanobis_diag,center_quantile_0.9,normalized_union,ratio,0.5,1.4097327648651974,0.832,0.852,0.848,0.004
2,mahalanobis_diag,center_quantile_0.9,normalized_union,ratio,1.0,1.8854433455198691,0.832,0.852,0.848,0.004
2,mahalanobis_diag,center_quantile_0.9,normalized_union,ratio,2.0,2.83609028852935,0.832,0.852,0.848,0.004
2,mahalanobis_diag,center_quantile_0.9,normalized_union,inverse_margin,0.0,0.9554455094594336,0.792,0.852,0.84,0.012
2,mahalanobis_diag,center_quantile_0.9,normalized_union,inverse_margin,0.25,6.5263612022749715,0.802,0.852,0.842,0.01
2,mahalanobis_diag,center_quantile_0.9,normalized_union,inverse_margin,0.5,12.026791503522839,0.802,0.852,0.842,0.01
2,mahalanobis_diag,center_quantile_0.9,normalized_union,inverse_margin,1.0,23.077588679201845,0.802,0.852,0.842,0.01
2,mahalanobis_diag,center_quantile_0.9,normalized_union,inverse_margin,2.0,45.26760846354714,0.802,0.852,0.842,0.01
2,mahalanobis_diag,center_quantile_0.9,normalized_union,max_ratio,0.0,0.9554455094594336,0.792,0.852,0.84,0.012
2,mahalanobis_diag,center_quantile_0.9,normalized_union,max_ratio,0.25,0.9554455094594336,0.792,0.852,0.84,0.012
2,mahalanobis_diag,center_quantile_0.9,normalized_union,max_ratio,0.5,0.9554455094594336,0.792,0.852,0.84,0.012
2,mahalanobis_diag,center_quantile_0.9,normalized_union,max_ratio,1.0,0.9811950648143292,0.802,0.852,0.842,0.01
2,mahalanobis_diag,center_quantile_0.9,normalized_union,max_ratio,2.0,1.9137560028581724,0.802,0.852,0.842,0.01
2,mahalanobis_diag,intent_quantile_0.9,nearest_sphere,none,0.0,0.9905764970259648,0.722,0.852,0.826,0.026
2,mahalanobis_diag,intent_quantile_0.9,nearest_sphere,none,0.25,0.9905764970259648,0.722,0.852,0.826,0.026
2,mahalanobis_diag,intent_quantile_0.9,nearest_sphere,none,0.5,0.9905764970259648,0.722,0.852,0.826,0.026
2,mahalanobis_diag,intent_quantile_0.9,nearest_sphere,none,1.0,0.9905764970259648,0.722,0.852,0.826,0.026
2,mahalanobis_diag,intent_quantile_0.9,nearest_sphere,none,2.0,0.9905764970259648,0.722,0.852,0.826,0.026
2,mahalanobis_diag,intent_quantile_0.9,nearest_sphere,ratio,0.0,0.9905764970259648,0.722,0.852,0.826,0.026
2,mahalanobis_diag,intent_quantile_0.9,nearest_sphere,ratio,0.25,1.2294097206999761,0.742,0.852,0.83,0.022
2,mahalanobis_diag,intent_quantile_0.9,nearest_sphere,ratio,0.5,1.466559401034739,0.772,0.852,0.836,0.016
2,mahalanobis_diag,intent_quantile_0.9,nearest_sphere,ratio,1.0,1.9416636491348855,0.792,0.852,0.84,0.012
2,mahalanobis_diag,intent_quantile_0.9,nearest_sphere,ratio,2.0,2.8969479008709142,0.802,0.852,0.842,0.01
2,mahalanobis_diag,intent_quantile_0.9,nearest_sphere,inverse_margin,0.0,0.9905764970259648,0.722,0.852,0.826,0.026
2,mahalanobis_diag,intent_quantile_0.9,nearest_sphere,inverse_margin,0.25,6.608576937618215,0.742,0.852,0.83,0.022
2,mahalanobis_diag,intent_quantile_0.9,nearest_sphere,inverse_margin,0.5,12.109007238866083,0.742,0.852,0.83,0.022
2,mahalanobis_diag,intent_quantile_0.9,nearest_sphere,inverse_margin,1.0,23.14519064938378,0.742,0.852,0.83,0.022
2,mahalanobis_diag,intent_quantile_0.9,nearest_sphere,inverse_margin,2.0,45.335210433729074,0.742,0.852,0.83,0.022
2,mahalanobis_diag,intent_quantile_0.9,nearest_sphere,max_ratio,0.0,0.9905764970259648,0.722,0.852,0.826,0.026
2,mahalanobis_diag,intent_quantile_0.9,nearest_sphere,max_ratio,0.25,0.9905764970259648,0.722,0.852,0.826,0.026
2,mahalanobis_diag,intent_quantile_0.9,nearest_sphere,max_ratio,0.5,0.9905764970259648,0.722,0.852,0.826,0.026
2,mahalanobis_diag,intent_quantile_0.9,nearest_sphere,max_ratio,1.0,0.9930757247922101,0.732,0.852,0.828,0.024
2,mahalanobis_diag,intent_quantile_0.9,nearest_sphere,max_ratio,2.0,1.9137560028581724,0.742,0.852,0.83,0.022
2,mahalanobis_diag,intent_quantile_0.9,normalized_union,none,0.0,0.9838755078664159,0.742,0.852,0.83,0.022
2,mahalanobis_diag,intent_quantile_0.9,normalized_union,none,0.25,0.9838755078664159,0.742,0.852,0.83,0.022
2,mahalanobis_diag,intent_quantile_0.9,normalized_union,none,0.5,0.9838755078664159,0.742,0.852,0.83,0.022
2,mahalanobis_diag,intent_quantile_0.9,normalized_union,none,1.0,0.9838755078664159,0.742,0.852,0.83,0.022
2,mahalanobis_diag,intent_quantile_0.9,normalized_union,none,2.0,0.9838755078664159,0.742,0.852,0.83,0.022
2,mahalanobis_diag,intent_quantile_0.9,normalized_union,ratio,0.0,0.9838755078664159,0.742,0.852,0.83,0.022
2,mahalanobis_diag,intent_quantile_0.9,normalized_union,ratio,0.25,1.2234960052894777,0.762,0.852,0.834,0.018
2,mahalanobis_diag,intent_quantile_0.9,normalized_union,ratio,0.5,1.4653258085115595,0.772,0.852,0.836,0.016
2,mahalanobis_diag,intent_quantile_0.9,normalized_union,ratio,1.0,1.9367914041958552,0.782,0.852,0.838,0.014
2,mahalanobis_diag,intent_quantile_0.9,normalized_union,ratio,2.0,2.8969479008709142,0.812,0.852,0.844,0.008
2,mahalanobis_diag,intent_quantile_0.9,normalized_union,inverse_margin,0.0,0.9838755078664159,0.742,0.852,0.83,0.022
2,mahalanobis_diag,intent_quantile_0.9,normalized_union,inverse_margin,0.25,6.604501559132755,0.732,0.852,0.828,0.024
2,mahalanobis_diag,intent_quantile_0.9,normalized_union,inverse_margin,0.5,12.104931860380622,0.732,0.852,0.828,0.024
2,mahalanobis_diag,intent_quantile_0.9,normalized_union,inverse_margin,1.0,23.14519064938378,0.732,0.852,0.828,0.024
2,mahalanobis_diag,intent_quantile_0.9,normalized_union,inverse_margin,2.0,45.335210433729074,0.732,0.852,0.828,0.024
2,mahalanobis_diag,intent_quantile_0.9,normalized_union,max_ratio,0.0,0.9838755078664159,0.742,0.852,0.83,0.022
2,mahalanobis_diag,intent_quantile_0.9,normalized_union,max_ratio,0.25,0.9838755078664159,0.742,0.852,0.83,0.022
2,mahalanobis_diag,intent_quantile_0.9,normalized_union,max_ratio,0.5,0.9838755078664159,0.742,0.852,0.83,0.022
2,mahalanobis_diag,intent_quantile_0.9,normalized_union,max_ratio,1.0,0.9923157099544009,0.742,0.852,0.83,0.022
2,mahalanobis_diag,intent_quantile_0.9,normalized_union,max_ratio,2.0,1.9137560028581724,0.732,0.852,0.828,0.024
2,mahalanobis_diag,center_quantile_0.95,nearest_sphere,none,0.0,0.9538958285562155,0.722,0.852,0.826,0.026
2,mahalanobis_diag,center_quantile_0.95,nearest_sphere,none,0.25,0.9538958285562155,0.722,0.852,0.826,0.026
2,mahalanobis_diag,center_quantile_0.95,nearest_sphere,none,0.5,0.9538958285562155,0.722,0.852,0.826,0.026
2,mahalanobis_diag,center_quantile_0.95,nearest_sphere,none,1.0,0.9538958285562155,0.722,0.852,0.826,0.026
2,mahalanobis_diag,center_quantile_0.95,nearest_sphere,none,2.0,0.9538958285562155,0.722,0.852,0.826,0.026
2,mahalanobis_diag,center_quantile_0.95,nearest_sphere,ratio,0.0,0.9538958285562155,0.722,0.852,0.826,0.026
2,mahalanobis_diag,center_quantile_0.95,nearest_sphere,ratio,0.25,1.185439623453986,0.762,0.852,0.834,0.018
2,mahalanobis_diag,center_quantile_0.95,nearest_sphere,ratio,0.5,1.4156119607733064,0.782,0.852,0.838,0.014
2,mahalanobis_diag,center_quantile_0.95,nearest_sphere,ratio,1.0,1.880550565348329,0.802,0.852,0.842,0.01
2,mahalanobis_diag,center_quantile_0.95,nearest_sphere,ratio,2.0,2.8256211317470497,0.812,0.852,0.844,0.008
2,mahalanobis_diag,center_quantile_0.95,nearest_sphere,inverse_margin,0.0,0.9538958285562155,0.722,0.852,0.826,0.026
2,mahalanobis_diag,center_quantile_0.95,nearest_sphere,inverse_margin,0.25,6.565550941810898,0.742,0.852,0.83,0.022
2,mahalanobis_diag,center_quantile_0.95,nearest_sphere,inverse_margin,0.5,12.065981243058765,0.742,0.852,0.83,0.022
2,mahalanobis_diag,center_quantile_0.95,nearest_sphere,inverse_margin,1.0,23.066841845554496,0.742,0.852,0.83,0.022
2,mahalanobis_diag,center_quantile_0.95,nearest_sphere,inverse_margin,2.0,45.232276475536864,0.742,0.852,0.83,0.022
2,mahalanobis_diag,center_quantile_0.95,nearest_sphere,max_ratio,0.0,0.9538958285562155,0.722,0.852,0.826,0.026
2,mahalanobis_diag,center_quantile_0.95,nearest_sphere,max_ratio,0.25,0.9538958285562155,0.722,0.852,0.826,0.026
2,mahalanobis_diag,center_quantile_0.95,nearest_sphere,max_ratio,0.5,0.9538958285562155,0.722,0.852,0.826,0.026
2,mahalanobis_diag,center_quantile_0.95,nearest_sphere,max_ratio,1.0,0.979486089721006,0.772,0.852,0.836,0.016
2,mahalanobis_diag,center_quantile_0.95,nearest_sphere,max_ratio,2.0,1.9137560028581724,0.742,0.852,0.83,0.022
2,mahalanobis_diag,center_quantile_0.95,normalized_union,none,0.0,0.9197539827081715,0.792,0.852,0.84,0.012
2,mahalanobis_diag,center_quantile_0.95,normalized_union,none,0.25,0.9197539827081715,0.792,0.852,0.84,0.012
2,mahalanobis_diag,center_quantile_0.95,normalized_union,none,0.5,0.9197539827081715,0.792,0.852,0.84,0.012
2,mahalanobis_diag,center_quantile_0.95,normalized_union,none,1.0,0.9197539827081715,0.792,0.852,0.84,0.012
2,mahalanobis_diag,center_quantile_0.95,normalized_union,none,2.0,0.9197539827081715,0.792,0.852,0.84,0.012
2,mahalanobis_diag,center_quantile_0.95,normalized_union,ratio,0.0,0.9197539827081715,0.792,0.852,0.84,0.012
2,mahalanobis_diag,center_quantile_0.95,normalized_union,ratio,0.25,1.1414006809836468,0.792,0.852,0.84,0.012
2,mahalanobis_diag,center_quantile_0.95,normalized_union,ratio,0.5,1.370463125712373,0.822,0.852,0.846,0.006
2,mahalanobis_diag,center_quantile_0.95,normalized_union,ratio,1.0,1.8367993416901673,0.822,0.852,0.846,0.006
2,mahalanobis_diag,center_quantile_0.95,normalized_union,ratio,2.0,2.7851622869080854,0.822,0.852,0.846,0.006
2,mahalanobis_diag,center_quantile_0.95,normalized_union,inverse_margin,0.0,0.9197539827081715,0.792,0.852,0.84,0.012
2,mahalanobis_diag,center_quantile_0.95,normalized_union,inverse_margin,0.25,6.485521354794372,0.802,0.852,0.842,0.01
2,mahalanobis_diag,center_quantile_0.95,normalized_union,inverse_margin,0.5,11.985951656042237,0.802,0.852,0.842,0.01
2,mahalanobis_diag,center_quantile_0.95,normalized_union,inverse_margin,1.0,23.042256691191564,0.802,0.852,0.842,0.01
2,mahalanobis_diag,center_quantile_0.95,normalized_union,inverse_margin,2.0,45.232276475536864,0.802,0.852,0.842,0.01
2,mahalanobis_diag,center_quantile_0.95,normalized_union,max_ratio,0.0,0.9197539827081715,0.792,0.852,0.84,0.012
2,mahalanobis_diag,center_quantile_0.95,normalized_union,max_ratio,0.25,0.9197539827081715,0.792,0.852,0.84,0.012
2,mahalanobis_diag,center_quantile_0.95,normalized_union,max_ratio,0.5,0.9197539827081715,0.792,0.852,0.84,0.012
2,mahalanobis_diag,center_quantile_0.95,normalized_union,max_ratio,1.0,0.9681485289664695,0.812,0.852,0.844,0.008
2,mahalanobis_diag,center_quantile_0.95,normalized_union,max_ratio,2.0,1.9137560028581724,0.802,0.852,0.842,0.01
2,mahalanobis_diag,intent_quantile_0.95,nearest_sphere,none,0.0,0.9557171347236079,0.722,0.852,0.826,0.026
2,mahalanobis_diag,intent_quantile_0.95,nearest_sphere,none,0.25,0.9557171347236079,0.722,0.852,0.826,0.026
2,mahalanobis_diag,intent_quantile_0.95,nearest_sphere,none,0.5,0.9557171347236079,0.722,0.852,0.826,0.026
2,mahalanobis_diag,intent_quantile_0.95,nearest_sphere,none,1.0,0.9557171347236079,0.722,0.852,0.826,0.026
2,mahalanobis_diag,intent_quantile_0.95,nearest_sphere,none,2.0,0.9557171347236079,0.722,0.852,0.826,0.026
2,mahalanobis_diag,intent_quantile_0.95,nearest_sphere,ratio,0.0,0.9557171347236079,0.722,0.852,0.826,0.026
2,mahalanobis_diag,intent_quantile_0.95,nearest_sphere,ratio,0.25,1.1945280572956172,0.752,0.852,0.832,0.02
2,mahalanobis_diag,intent_quantile_0.95,nearest_sphere,ratio,0.5,1.4332143554611039,0.772,0.852,0.836,0.016
2,mahalanobis_diag,intent_quantile_0.95,nearest_sphere,ratio,1.0,1.9108959953435734,0.782,0.852,0.838,0.014
2,mahalanobis_diag,intent_quantile_0.95,nearest_sphere,ratio,2.0,2.8625432506319264,0.802,0.852,0.842,0.01
2,mahalanobis_diag,intent_quantile_0.95,nearest_sphere,inverse_margin,0.0,0.9557171347236079,0.722,0.852,0.826,0.026
2,mahalanobis_diag,intent_quantile_0.95,nearest_sphere,inverse_margin,0.25,6.5706662573607035,0.742,0.852,0.83,0.022
2,mahalanobis_diag,intent_quantile_0.95,nearest_sphere,inverse_margin,0.5,12.07109655860857,0.742,0.852,0.83,0.022
2,mahalanobis_diag,intent_quantile_0.95,nearest_sphere,inverse_margin,1.0,23.12793868299622,0.742,0.852,0.83,0.022
2,mahalanobis_diag,intent_quantile_0.95,nearest_sphere,inverse_margin,2.0,45.31795846734151,0.742,0.852,0.83,0.022
2,mahalanobis_diag,intent_quantile_0.95,nearest_sphere,max_ratio,0.0,0.9557171347236079,0.722,0.852,0.826,0.026
2,mahalanobis_diag,intent_quantile_0.95,nearest_sphere,max_ratio,0.25,0.9557171347236079,0.722,0.852,0.826,0.026
2,mahalanobis_diag,intent_quantile_0.95,nearest_sphere,max_ratio,0.5,0.9557171347236079,0.722,0.852,0.826,0.026
2,mahalanobis_diag,intent_quantile_0.95,nearest_sphere,max_ratio,1.0,0.9768667236187746,0.792,0.852,0.84,0.012
2,mahalanobis_diag,intent_quantile_0.95,nearest_sphere,max_ratio,2.0,1.9137560028581724,0.742,0.852,0.83,0.022
2,mahalanobis_diag,intent_quantile_0.95,normalized_union,none,0.0,0.9516362625651223,0.722,0.852,0.826,0.026
2,mahalanobis_diag,intent_quantile_0.95,normalized_union,none,0.25,0.9516362625651223,0.722,0.852,0.826,0.026
2,mahalanobis_diag,intent_quantile_0.95,normalized_union,none,0.5,0.9516362625651223,0.722,0.852,0.826,0.026
2,mahalanobis_diag,intent_quantile_0.95,normalized_union,none,1.0,0.9516362625651223,0.722,0.852,0.826,0.026
2,mahalanobis_diag,intent_quantile_0.95,normalized_union,none,2.0,0.9516362625651223,0.722,0.852,0.826,0.026
2,mahalanobis_diag,intent_quantile_0.95,normalized_union,ratio,0.0,0.9516362625651223,0.722,0.852,0.826,0.026
2,mahalanobis_diag,intent_quantile_0.95,normalized_union,ratio,0.25,1.1912592139090732,0.752,0.852,0.832,0.02
2,mahalanobis_diag,intent_quantile_0.95,normalized_union,ratio,0.5,1.4329393124457797,0.772,0.852,0.836,0.016
2,mahalanobis_diag,intent_quantile_0.95,normalized_union,ratio,1.0,1.9070688483807277,0.782,0.852,0.838,0.014
2,mahalanobis_diag,intent_quantile_0.95,normalized_union,ratio,2.0,2.8625432506319264,0.812,0.852,0.844,0.008
2,mahalanobis_diag,intent_quantile_0.95,normalized_union,inverse_margin,0.0,0.9516362625651223,0.722,0.852,0.826,0.026
2,mahalanobis_diag,intent_quantile_0.95,normalized_union,inverse_margin,0.25,6.5706662573607035,0.742,0.852,0.83,0.022
2,mahalanobis_diag,intent_quantile_0.95,normalized_union,inverse_margin,0.5,12.07109655860857,0.742,0.852,0.83,0.022
2,mahalanobis_diag,intent_quantile_0.95,normalized_union,inverse_margin,1.0,23.12793868299622,0.742,0.852,0.83,0.022
2,mahalanobis_diag,intent_quantile_0.95,normalized_union,inverse_margin,2.0,45.31795846734151,0.742,0.852,0.83,0.022
2,mahalanobis_diag,intent_quantile_0.95,normalized_union,max_ratio,0.0,0.9516362625651223,0.722,0.852,0.826,0.026
2,mahalanobis_diag,intent_quantile_0.95,normalized_union,max_ratio,0.25,0.9516362625651223,0.722,0.852,0.826,0.026
2,mahalanobis_diag,intent_quantile_0.95,normalized_union,max_ratio,0.5,0.9516362625651223,0.722,0.852,0.826,0.026
2,mahalanobis_diag,intent_quantile_0.95,normalized_union,max_ratio,1.0,0.9768667236187746,0.802,0.852,0.842,0.01
2,mahalanobis_diag,intent_quantile_0.95,normalized_union,max_ratio,2.0,1.9137560028581724,0.742,0.852,0.83,0.022
2,mahalanobis_diag,center_quantile_0.99,nearest_sphere,none,0.0,0.9059639462458219,0.722,0.852,0.826,0.026
2,mahalanobis_diag,center_quantile_0.99,nearest_sphere,none,0.25,0.9059639462458219,0.722,0.852,0.826,0.026
2,mahalanobis_diag,center_quantile_0.99,nearest_sphere,none,0.5,0.9059639462458219,0.722,0.852,0.826,0.026
2,mahalanobis_diag,center_quantile_0.99,nearest_sphere,none,1.0,0.9059639462458219,0.722,0.852,0.826,0.026
2,mahalanobis_diag,center_quantile_0.99,nearest_sphere,none,2.0,0.9059639462458219,0.722,0.852,0.826,0.026
2,mahalanobis_diag,center_quantile_0.99,nearest_sphere,ratio,0.0,0.9059639462458219,0.722,0.852,0.826,0.026
2,mahalanobis_diag,center_quantile_0.99,nearest_sphere,ratio,0.25,1.140570715279495,0.762,0.852,0.834,0.018
2,mahalanobis_diag,center_quantile_0.99,nearest_sphere,ratio,0.5,1.370698225401192,0.772,0.852,0.836,0.016
2,mahalanobis_diag,center_quantile_0.99,nearest_sphere,ratio,1.0,1.8306092633775939,0.802,0.852,0.842,0.01
2,mahalanobis_diag,center_quantile_0.99,nearest_sphere,ratio,2.0,2.765985106885362,0.812,0.852,0.844,0.008
2,mahalanobis_diag,center_quantile_0.99,nearest_sphere,inverse_margin,0.0,0.9059639462458219,0.722,0.852,0.826,0.026
2,mahalanobis_diag,center_quantile_0.99,nearest_sphere,inverse_margin,0.25,6.527739215839808,0.742,0.852,0.83,0.022
2,mahalanobis_diag,center_quantile_0.99,nearest_sphere,inverse_margin,0.5,12.028169517087674,0.742,0.852,0.83,0.022
2,mahalanobis_diag,center_quantile_0.99,nearest_sphere,inverse_margin,1.0,23.029030119583407,0.742,0.852,0.83,0.022
2,mahalanobis_diag,center_quantile_0.99,nearest_sphere,inverse_margin,2.0,45.19548249183366,0.742,0.852,0.83,0.022
2,mahalanobis_diag,center_quantile_0.99,nearest_sphere,max_ratio,0.0,0.9059639462458219,0.722,0.852,0.826,0.026
2,mahalanobis_diag,center_quantile_0.99,nearest_sphere,max_ratio,0.25,0.9059639462458219,0.722,0.852,0.826,0.026
2,mahalanobis_diag,center_quantile_0.99,nearest_sphere,max_ratio,0.5,0.9059639462458219,0.722,0.852,0.826,0.026
2,mahalanobis_diag,center_quantile_0.99,nearest_sphere,max_ratio,1.0,0.9671991816077209,0.772,0.852,0.836,0.016
2,mahalanobis_diag,center_quantile_0.99,nearest_sphere,max_ratio,2.0,1.9137560028581724,0.742,0.852,0.83,0.022
2,mahalanobis_diag,center_quantile_0.99,normalized_union,none,0.0,0.8777369174797148,0.802,0.852,0.842,0.01
2,mahalanobis_diag,center_quantile_0.99,normalized_union,none,0.25,0.8777369174797148,0.802,0.852,0.842,0.01
2,mahalanobis_diag,center_quantile_0.99,normalized_union,none,0.5,0.8777369174797148,0.802,0.852,0.842,0.01
2,mahalanobis_diag,center_quantile_0.99,normalized_union,none,1.0,0.8777369174797148,0.802,0.852,0.842,0.01
2,mahalanobis_diag,center_quantile_0.99,normalized_union,none,2.0,0.8777369174797148,0.802,0.852,0.842,0.01
2,mahalanobis_diag,center_quantile_0.99,normalized_union,ratio,0.0,0.8777369174797148,0.802,0.852,0.842,0.01
2,mahalanobis_diag,center_quantile_0.99,normalized_union,ratio,0.25,1.098853476459831,0.802,0.852,0.842,0.01
2,mahalanobis_diag,center_quantile_0.99,normalized_union,ratio,0.5,1.324728809742892,0.812,0.852,0.844,0.008
2,mahalanobis_diag,center_quantile_0.99,normalized_union,ratio,1.0,1.7866321287636058,0.812,0.852,0.844,0.008
2,mahalanobis_diag,center_quantile_0.99,normalized_union,ratio,2.0,2.737373011470959,0.812,0.852,0.844,0.008
2,mahalanobis_diag,center_quantile_0.99,normalized_union,inverse_margin,0.0,0.8777369174797148,0.802,0.852,0.842,0.01
2,mahalanobis_diag,center_quantile_0.99,normalized_union,inverse_margin,0.25,6.442991602938768,0.812,0.852,0.844,0.008
2,mahalanobis_diag,center_quantile_0.99,normalized_union,inverse_margin,0.5,11.943421904186636,0.812,0.852,0.844,0.008
2,mahalanobis_diag,center_quantile_0.99,normalized_union,inverse_margin,1.0,23.005462707488363,0.812,0.852,0.844,0.008
2,mahalanobis_diag,center_quantile_0.99,normalized_union,inverse_margin,2.0,45.19548249183366,0.812,0.852,0.844,0.008
2,mahalanobis_diag,center_quantile_0.99,normalized_union,max_ratio,0.0,0.8777369174797148,0.802,0.852,0.842,0.01
2,mahalanobis_diag,center_quantile_0.99,normalized_union,max_ratio,0.25,0.8777369174797148,0.802,0.852,0.842,0.01
2,mahalanobis_diag,center_quantile_0.99,normalized_union,max_ratio,0.5,0.8777369174797148,0.802,0.852,0.842,0.01
2,mahalanobis_diag,center_quantile_0.99,normalized_union,max_ratio,1.0,0.9596050937204922,0.812,0.852,0.844,0.008
2,mahalanobis_diag,center_quantile_0.99,normalized_union,max_ratio,2.0,1.9137560028581724,0.812,0.852,0.844,0.008
2,mahalanobis_diag,intent_quantile_0.99,nearest_sphere,none,0.0,0.9133477402263492,0.722,0.852,0.826,0.026
2,mahalanobis_diag,intent_quantile_0.99,nearest_sphere,none,0.25,0.9133477402263492,0.722,0.852,0.826,0.026
2,mahalanobis_diag,intent_quantile_0.99,nearest_sphere,none,0.5,0.9133477402263492,0.722,0.852,0.826,0.026
2,mahalanobis_diag,intent_quantile_0.99,nearest_sphere,none,1.0,0.9133477402263492,0.722,0.852,0.826,0.026
2,mahalanobis_diag,intent_quantile_0.99,nearest_sphere,none,2.0,0.9133477402263492,0.722,0.852,0.826,0.026
2,mahalanobis_diag,intent_quantile_0.99,nearest_sphere,ratio,0.0,0.9133477402263492,0.722,0.852,0.826,0.026
2,mahalanobis_diag,intent_quantile_0.99,nearest_sphere,ratio,0.25,1.1534422206235693,0.742,0.852,0.83,0.022
2,mahalanobis_diag,intent_quantile_0.99,nearest_sphere,ratio,0.5,1.389703447097297,0.772,0.852,0.836,0.016
2,mahalanobis_diag,intent_quantile_0.99,nearest_sphere,ratio,1.0,1.866415364423657,0.792,0.852,0.84,0.012
2,mahalanobis_diag,intent_quantile_0.99,nearest_sphere,ratio,2.0,2.819534211951713,0.792,0.852,0.84,0.012
2,mahalanobis_diag,intent_quantile_0.99,nearest_sphere,inverse_margin,0.0,0.9133477402263492,0.722,0.852,0.826,0.026
2,mahalanobis_diag,intent_quantile_0.99,nearest_sphere,inverse_margin,0.25,6.527917435225449,0.742,0.852,0.83,0.022
2,mahalanobis_diag,intent_quantile_0.99,nearest_sphere,inverse_margin,0.5,12.028347736473314,0.742,0.852,0.83,0.022
2,mahalanobis_diag,intent_quantile_0.99,nearest_sphere,inverse_margin,1.0,23.099557147339866,0.742,0.852,0.83,0.022
2,mahalanobis_diag,intent_quantile_0.99,nearest_sphere,inverse_margin,2.0,45.28957693168516,0.742,0.852,0.83,0.022
2,mahalanobis_diag,intent_quantile_0.99,nearest_sphere,max_ratio,0.0,0.9133477402263492,0.722,0.852,0.826,0.026
2,mahalanobis_diag,intent_quantile_0.99,nearest_sphere,max_ratio,0.25,0.9133477402263492,0.722,0.852,0.826,0.026
2,mahalanobis_diag,intent_quantile_0.99,nearest_sphere,max_ratio,0.5,0.9133477402263492,0.722,0.852,0.826,0.026
2,mahalanobis_diag,intent_quantile_0.99,nearest_sphere,max_ratio,1.0,0.9637614698141934,0.782,0.852,0.838,0.014
2,mahalanobis_diag,intent_quantile_0.99,nearest_sphere,max_ratio,2.0,1.9137560028581724,0.742,0.852,0.83,0.022
2,mahalanobis_diag,intent_quantile_0.99,normalized_union,none,0.0,0.9125749110597381,0.732,0.852,0.828,0.024
2,mahalanobis_diag,intent_quantile_0.99,normalized_union,none,0.25,0.9125749110597381,0.732,0.852,0.828,0.024
2,mahalanobis_diag,intent_quantile_0.99,normalized_union,none,0.5,0.9125749110597381,0.732,0.852,0.828,0.024
2,mahalanobis_diag,intent_quantile_0.99,normalized_union,none,1.0,0.9125749110597381,0.732,0.852,0.828,0.024
2,mahalanobis_diag,intent_quantile_0.99,normalized_union,none,2.0,0.9125749110597381,0.732,0.852,0.828,0.024
2,mahalanobis_diag,intent_quantile_0.99,normalized_union,ratio,0.0,0.9125749110597381,0.732,0.852,0.828,0.024
2,mahalanobis_diag,intent_quantile_0.99,normalized_union,ratio,0.25,1.1521528843663398,0.762,0.852,0.834,0.018
2,mahalanobis_diag,intent_quantile_0.99,normalized_union,ratio,0.5,1.389217460543461,0.772,0.852,0.836,0.016
2,mahalanobis_diag,intent_quantile_0.99,normalized_union,ratio,1.0,1.8619175146382116,0.782,0.852,0.838,0.014
2,mahalanobis_diag,intent_quantile_0.99,normalized_union,ratio,2.0,2.819534211951713,0.802,0.852,0.842,0.01
2,mahalanobis_diag,intent_quantile_0.99,normalized_union,inverse_margin,0.0,0.9125749110597381,0.732,0.852,0.828,0.024
2,mahalanobis_diag,intent_quantile_0.99,normalized_union,inverse_margin,0.25,6.527917435225449,0.742,0.852,0.83,0.022
2,mahalanobis_diag,intent_quantile_0.99,normalized_union,inverse_margin,0.5,12.028347736473314,0.742,0.852,0.83,0.022
2,mahalanobis_diag,intent_quantile_0.99,normalized_union,inverse_margin,1.0,23.099557147339866,0.742,0.852,0.83,0.022
2,mahalanobis_diag,intent_quantile_0.99,normalized_union,inverse_margin,2.0,45.28957693168516,0.742,0.852,0.83,0.022
2,mahalanobis_diag,intent_quantile_0.99,normalized_union,max_ratio,0.0,0.9125749110597381,0.732,0.852,0.828,0.024
2,mahalanobis_diag,intent_quantile_0.99,normalized_union,max_ratio,0.25,0.9125749110597381,0.732,0.852,0.828,0.024
2,mahalanobis_diag,intent_quantile_0.99,normalized_union,max_ratio,0.5,0.9125749110597381,0.732,0.852,0.828,0.024
2,mahalanobis_diag,intent_quantile_0.99,normalized_union,max_ratio,1.0,0.9637614698141934,0.782,0.852,0.838,0.014
2,mahalanobis_diag,intent_quantile_0.99,normalized_union,max_ratio,2.0,1.9137560028581724,0.742,0.852,0.83,0.022
3,euclidean,mean_std_0.0,nearest_sphere,none,0.0,1.1044742385783124,0.722,0.852,0.826,0.026
3,euclidean,mean_std_0.0,nearest_sphere,none,0.25,1.1044742385783124,0.722,0.852,0.826,0.026
3,euclidean,mean_std_0.0,nearest_sphere,none,0.5,1.1044742385783124,0.722,0.852,0.826,0.026
3,euclidean,mean_std_0.0,nearest_sphere,none,1.0,1.1044742385783124,0.722,0.852,0.826,0.026
3,euclidean,mean_std_0.0,nearest_sphere,none,2.0,1.1044742385783124,0.722,0.852,0.826,0.026
3,euclidean,mean_std_0.0,nearest_sphere,ratio,0.0,1.1044742385783124,0.722,0.852,0.826,0.026
3,euclidean,mean_std_0.0,nearest_sphere,ratio,0.25,1.3099671575103402,0.762,0.852,0.834,0.018
3,euclidean,mean_std_0.0,nearest_sphere,ratio,0.5,1.5291818430474156,0.802,0.852,0.842,0.01
3,euclidean,mean_std_0.0,nearest_sphere,ratio,1.0,1.9612049916607277,0.822,0.852,0.846,0.006
3,euclidean,mean_std_0.0,nearest_sphere,ratio,2.0,2.8431962732876013,0.832,0.852,0.848,0.004
3,euclidean,mean_std_0.0,nearest_sphere,inverse_margin,0.0,1.1044742385783124,0.722,0.852,0.826,0.026
3,euclidean,mean_std_0.0,nearest_sphere,inverse_margin,0.25,3.238156758460119,0.842,0.852,0.85,0.002
3,euclidean,mean_std_0.0,nearest_sphere,inverse_margin,0.5,5.334651119187686,0.842,0.852,0.85,0.002
3,euclidean,mean_std_0.0,nearest_sphere,inverse_margin,1.0,9.672289107360598,0.842,0.852,0.85,0.002
3,euclidean,mean_std_0.0,nearest_sphere,inverse_margin,2.0,18.347565083706424,0.842,0.852,0.85,0.002
3,euclidean,mean_std_0.0,nearest_sphere,max_ratio,0.0,1.1044742385783124,0.722,0.852,0.826,0.026
3,euclidean,mean_std_0.0,nearest_sphere,max_ratio,0.25,1.1044742385783124,0.722,0.852,0.826,0.026
3,euclidean,mean_std_0.0,nearest_sphere,max_ratio,0.5,1.1044742385783124,0.722,0.852,0.826,0.026
3,euclidean,mean_std_0.0,nearest_sphere,max_ratio,1.0,1.1044742385783124,0.722,0.852,0.826,0.026
3,euclidean,mean_std_0.0,nearest_sphere,max_ratio,2.0,1.7932875501546817,0.842,0.852,0.85,0.002
3,euclidean,mean_std_0.0,normalized_union,none,0.0,1.0111735746777268,0.692,0.852,0.82,0.032
3,euclidean,mean_std_0.0,normalized_union,none,0.25,1.0111735746777268,0.692,0.852,0.82,0.032
3,euclidean,mean_std_0.0,normalized_union,none,0.5,1.0111735746777268,0.692,0.852,0.82,0.032
3,euclidean,mean_std_0.0,normalized_union,none,1.0,1.0111735746777268,0.692,0.852,0.82,0.032
3,euclidean,mean_std_0.0,normalized_union,none,2.0,1.0111735746777268,0.692,0.852,0.82,0.032
3,euclidean,mean_std_0.0,normalized_union,ratio,0.0,1.0111735746777268,0.692,0.852,0.82,0.032
3,euclidean,mean_std_0.0,normalized_union,ratio,0.25,1.221174074784109,0.672,0.852,0.816,0.036
3,euclidean,mean_std_0.0,normalized_union,ratio,0.5,1.4413232142539898,0.672,0.852,0.816,0.036
3,euclidean,mean_std_0.0,normalized_union,ratio,1.0,1.8720674199355272,0.672,0.852,0.816,0.036
3,euclidean,mean_std_0.0,normalized_union,ratio,2.0,2.7792393527957,0.672,0.852,0.816,0.036
3,euclidean,mean_std_0.0,normalized_union,inverse_margin,0.0,1.0111735746777268,0.692,0.852,0.82,0.032
3,euclidean,mean_std_0.0,normalized_union,inverse_margin,0.25,3.148876437311057,0.662,0.852,0.814,0.038
3,euclidean,mean_std_0.0,normalized_union,inverse_margin,0.5,5.334651119187686,0.662,0.852,0.814,0.038
3,euclidean,mean_std_0.0,normalized_union,inverse_margin,1.0,9.672289107360598,0.662,0.852,0.814,0.038
3,euclidean,mean_std_0.0,normalized_union,inverse_margin,2.0,18.347565083706424,0.662,0.852,0.814,0.038
3,euclidean,mean_std_0.0,normalized_union,max_ratio,0.0,1.0111735746777268,0.692,0.852,0.82,0.032
3,euclidean,mean_std_0.0,normalized_union,max_ratio,0.25,1.0111735746777268,0.692,0.852,0.82,0.032
3,euclidean,mean_std_0.0,normalized_union,max_ratio,0.5,1.0111735746777268,0.692,0.852,0.82,0.032
3,euclidean,mean_std_0.0,normalized_union,max_ratio,1.0,1.0111735746777268,0.692,0.852,0.82,0.032
3,euclidean,mean_std_0.0,normalized_union,max_ratio,2.0,1.7932875501546817,0.662,0.852,0.814,0.038
3,euclidean,mean_std_0.25,nearest_sphere,none,0.0,1.073013099843209,0.722,0.852,0.826,0.026
3,euclidean,mean_std_0.25,nearest_sphere,none,0.25,1.073013099843209,0.722,0.852,0.826,0.026
3,euclidean,mean_std_0.25,nearest_sphere,none,0.5,1.073013099843209,0.722,0.852,0.826,0.026
3,euclidean,mean_std_0.25,nearest_sphere,none,1.0,1.073013099843209,0.722,0.852,0.826,0.026
3,euclidean,mean_std_0.25,nearest_sphere,none,2.0,1.073013099843209,0.722,0.852,0.826,0.026
3,euclidean,mean_std_0.25,nearest_sphere,ratio,0.0,1.073013099843209,0.722,0.852,0.826,0.026
3,euclidean,mean_std_0.25,nearest_sphere,ratio,0.25,1.2831095830872088,0.782,0.852,0.838,0.014
3,euclidean,mean_std_0.25,nearest_sphere,ratio,0.5,1.5021127846357611,0.812,0.852,0.844,0.008
3,euclidean,mean_std_0.25,nearest_sphere,ratio,1.0,1.9338025378212003,0.822,0.852,0.846,0.006
3,euclidean,mean_std_0.25,nearest_sphere,ratio,2.0,2.8147510971457645,0.832,0.852,0.848,0.004
3,euclidean,mean_std_0.25,nearest_sphere,inverse_margin,0.0,1.073013099843209,0.722,0.852,0.826,0.026
3,euclidean,mean_std_0.25,nearest_sphere,inverse_margin,0.25,3.214185481771387,0.842,0.852,0.85,0.002
3,euclidean,mean_std_0.25,nearest_sphere,inverse_margin,0.5,5.31589312871359,0.842,0.852,0.85,0.002
3,euclidean,mean_std_0.25,nearest_sphere,inverse_margin,1.0,9.653531116886503,0.842,0.852,0.85,0.002
3,euclidean,mean_std_0.25,nearest_sphere,inverse_margin,2.0,18.328807093232328,0.842,0.852,0.85,0.002
3,euclidean,mean_std_0.25,nearest_sphere,max_ratio,0.0,1.073013099843209,0.722,0.852,0.826,0.026
3,euclidean,mean_std_0.25,nearest_sphere,max_ratio,0.25,1.073013099843209,0.722,0.852,0.826,0.026
3,euclidean,mean_std_0.25,nearest_sphere,max_ratio,0.5,1.073013099843209,0.722,0.852,0.826,0.026
3,euclidean,mean_std_0.25,nearest_sphere,max_ratio,1.0,1.073013099843209,0.722,0.852,0.826,0.026
3,euclidean,mean_std_0.25,nearest_sphere,max_ratio,2.0,1.7932875501546817,0.842,0.852,0.85,0.002
3,euclidean,mean_std_0.25,normalized_union,none,0.0,0.9907375714495811,0.742,0.852,0.83,0.022
3,euclidean,mean_std_0.25,normalized_union,none,0.25,0.9907375714495811,0.742,0.852,0.83,0.022
3,euclidean,mean_std_0.25,normalized_union,none,0.5,0.9907375714495811,0.742,0.852,0.83,0.022
3,euclidean,mean_std_0.25,normalized_union,none,1.0,0.9907375714495811,0.742,0.852,0.83,0.022
3,euclidean,mean_std_0.25,normalized_union,none,2.0,0.9907375714495811,0.742,0.852,0.83,0.022
3,euclidean,mean_std_0.25,normalized_union,ratio,0.0,0.9907375714495811,0.742,0.852,0.83,0.022
3,euclidean,mean_std_0.25,normalized_union,ratio,0.25,1.1959334711822789,0.742,0.852,0.83,0.022
3,euclidean,mean_std_0.25,normalized_union,ratio,0.5,1.4166343171153566,0.762,0.852,0.834,0.018
3,euclidean,mean_std_0.25,normalized_union,ratio,1.0,1.853808916859833,0.742,0.852,0.83,0.022
3,euclidean,mean_std_0.25,normalized_union,ratio,2.0,2.762204744556904,0.742,0.852,0.83,0.022
3,euclidean,mean_std_0.25,normalized_union,inverse_margin,0.0,0.9907375714495811,0.742,0.852,0.83,0.022
3,euclidean,mean_std_0.25,normalized_union,inverse_margin,0.25,3.134415168894748,0.732,0.852,0.828,0.024
3,euclidean,mean_std_0.25,normalized_union,inverse_margin,0.5,5.31589312871359,0.732,0.852,0.828,0.024
3,euclidean,mean_std_0.25,normalized_union,inverse_margin,1.0,9.653531116886503,0.732,0.852,0.828,0.024
3,euclidean,mean_std_0.25,normalized_union,inverse_margin,2.0,18.328807093232328,0.732,0.852,0.828,0.024
3,euclidean,mean_std_0.25,normalized_union,max_ratio,0.0,0.9907375714495811,0.742,0.852,0.83,0.022
3,euclidean,mean_std_0.25,normalized_union,max_ratio,0.25,0.9907375714495811,0.742,0.852,0.83,0.022
3,euclidean,mean_std_0.25,normalized_union,max_ratio,0.5,0.9907375714495811,0.742,0.852,0.83,0.022
3,euclidean,mean_std_0.25,normalized_union,max_ratio,1.0,0.9907375714495811,0.742,0.852,0.83,0.022
3,euclidean,mean_std_0.25,normalized_union,max_ratio,2.0,1.7932875501546817,0.732,0.852,0.828,0.024
3,euclidean,mean_std_0.5,nearest_sphere,none,0.0,1.0472714799384104,0.752,0.852,0.832,0.02
3,euclidean,mean_std_0.5,nearest_sphere,none,0.25,1.0472714799384104,0.752,0.852,0.832,0.02
3,euclidean,mean_std_0.5,nearest_sphere,none,0.5,1.0472714799384104,0.752,0.852,0.832,0.02
3,euclidean,mean_std_0.5,nearest_sphere,none,1.0,1.0472714799384104,0.752,0.852,0.832,0.02
3,euclidean,mean_std_0.5,nearest_sphere,none,2.0,1.0472714799384104,0.752,0.852,0.832,0.02
3,euclidean,mean_std_0.5,nearest_sphere,ratio,0.0,1.0472714799384104,0.752,0.852,0.832,0.02
3,euclidean,mean_std_0.5,nearest_sphere,ratio,0.25,1.2572359372573974,0.802,0.852,0.842,0.01
3,euclidean,mean_std_0.5,nearest_sphere,ratio,0.5,1.4735068322793121,0.822,0.852,0.846,0.006
3,euclidean,mean_std_0.5,nearest_sphere,ratio,1.0,1.9047137268302605,0.822,0.852,0.846,0.006
3,euclidean,mean_std_0.5,nearest_sphere,ratio,2.0,2.796450881574777,0.832,0.852,0.848,0.004
3,euclidean,mean_std_0.5,nearest_sphere,inverse_margin,0.0,1.0472714799384104,0.752,0.852,0.832,0.02
3,euclidean,mean_std_0.5,nearest_sphere,inverse_margin,0.25,3.191191495665408,0.842,0.852,0.85,0.002
3,euclidean,mean_std_0.5,nearest_sphere,inverse_margin,0.5,5.297827936448033,0.842,0.852,0.85,0.002
3,euclidean,mean_std_0.5,nearest_sphere,inverse_margin,1.0,9.635465924620945,0.842,0.852,0.85,0.002
3,euclidean,mean_std_0.5,nearest_sphere,inverse_margin,2.0,18.310741900966768,0.842,0.852,0.85,0.002
3,euclidean,mean_std_0.5,nearest_sphere,max_ratio,0.0,1.0472714799384104,0.752,0.852,0.832,0.02
3,euclidean,mean_std_0.5,nearest_sphere,max_ratio,0.25,1.0472714799384104,0.752,0.852,0.832,0.02
3,euclidean,mean_std_0.5,nearest_sphere,max_ratio,0.5,1.0472714799384104,0.752,0.852,0.832,0.02
3,euclidean,mean_std_0.5,nearest_sphere,max_ratio,1.0,1.0472714799384104,0.752,0.852,0.832,0.02
3,euclidean,mean_std_0.5,nearest_sphere,max_ratio,2.0,1.7932875501546817,0.842,0.852,0.85,0.002
3,euclidean,mean_std_0.5,normalized_union,none,0.0,0.9677226338237137,0.762,0.852,0.834,0.018
3,euclidean,mean_std_0.5,normalized_union,none,0.25,0.9677226338237137,0.762,0.852,0.834,0.018
3,euclidean,mean_std_0.5,normalized_union,none,0.5,0.9677226338237137,0.762,0.852,0.834,0.018
3,euclidean,mean_std_0.5,normalized_union,none,1.0,0.9677226338237137,0.762,0.852,0.834,0.018
3,euclidean,mean_std_0.5,normalized_union,none,2.0,0.9677226338237137,0.762,0.852,0.834,0.018
3,euclidean,mean_std_0.5,normalized_union,ratio,0.0,0.9677226338237137,0.762,0.852,0.834,0.018
3,euclidean,mean_std_0.5,normalized_union,ratio,0.25,1.1748361728937202,0.752,0.852,0.832,0.02
3,euclidean,mean_std_0.5,normalized_union,ratio,0.5,1.3963013227333272,0.782,0.852,0.838,0.014
3,euclidean,mean_std_0.5,normalized_union,ratio,1.0,1.8364802792779247,0.762,0.852,0.834,0.018
3,euclidean,mean_std_0.5,normalized_union,ratio,2.0,2.7435780624474484,0.762,0.852,0.834,0.018
3,euclidean,mean_std_0.5,normalized_union,inverse_margin,0.0,0.9677226338237137,0.762,0.852,0.834,0.018
3,euclidean,mean_std_0.5,normalized_union,inverse_margin,0.25,3.120407304188775,0.752,0.852,0.832,0.02
3,euclidean,mean_std_0.5,normalized_union,inverse_margin,0.5,5.297827936448033,0.752,0.852,0.832,0.02
3,euclidean,mean_std_0.5,normalized_union,inverse_margin,1.0,9.635465924620945,0.752,0.852,0.832,0.02
3,euclidean,mean_std_0.5,normalized_union,inverse_margin,2.0,18.310741900966768,0.752,0.852,0.832,0.02
3,euclidean,mean_std_0.5,normalized_union,max_ratio,0.0,0.9677226338237137,0.762,0.852,0.834,0.018
3,euclidean,mean_std_0.5,normalized_union,max_ratio,0.25,0.9677226338237137,0.762,0.852,0.834,0.018
3,euclidean,mean_std_0.5,normalized_union,max_ratio,0.5,0.9677226338237137,0.762,0.852,0.834,0.018
3,euclidean,mean_std_0.5,normalized_union,max_ratio,1.0,0.9707265313475733,0.762,0.852,0.834,0.018
3,euclidean,mean_std_0.5,normalized_union,max_ratio,2.0,1.7932875501546817,0.752,0.852,0.832,0.02
3,euclidean,mean_std_0.75,nearest_sphere,none,0.0,1.0195287775075021,0.762,0.852,0.834,0.018
3,euclidean,mean_std_0.75,nearest_sphere,none,0.25,1.0195287775075021,0.762,0.852,0.834,0.018
3,euclidean,mean_std_0.75,nearest_sphere,none,0.5,1.0195287775075021,0.762,0.852,0.834,0.018
3,euclidean,mean_std_0.75,nearest_sphere,none,1.0,1.0195287775075021,0.762,0.852,0.834,0.018
3,euclidean,mean_std_0.75,nearest_sphere,none,2.0,1.0195287775075021,0.762,0.852,0.834,0.018
3,euclidean,mean_std_0.75,nearest_sphere,ratio,0.0,1.0195287775075021,0.762,0.852,0.834,0.018
3,euclidean,mean_std_0.75,nearest_sphere,ratio,0.25,1.2336667835690927,0.812,0.852,0.844,0.008
3,euclidean,mean_std_0.75,nearest_sphere,ratio,0.5,1.4497575790426989,0.822,0.852,0.846,0.006
3,euclidean,mean_std_0.75,nearest_sphere,ratio,1.0,1.8844474535525237,0.832,0.852,0.848,0.004
3,euclidean,mean_std_0.75,nearest_sphere,ratio,2.0,2.770612146419409,0.832,0.852,0.848,0.004
3,euclidean,mean_std_0.75,nearest_sphere,inverse_margin,0.0,1.0195287775075021,0.762,0.852,0.834,0.018
3,euclidean,mean_std_0.75,nearest_sphere,inverse_margin,0.25,3.1691162290099486,0.842,0.852,0.85,0.002
3,euclidean,mean_std_0.75,nearest_sphere,inverse_margin,0.5,5.280417857123254,0.842,0.852,0.85,0.002
3,euclidean,mean_std_0.75,nearest_sphere,inverse_margin,1.0,9.618055845296167,0.842,0.852,0.85,0.002
3,euclidean,mean_std_0.75,nearest_sphere,inverse_margin,2.0,18.293331821641992,0.842,0.852,0.85,0.002
3,euclidean,mean_std_0.75,nearest_sphere,max_ratio,0.0,1.0195287775075021,0.762,0.852,0.834,0.018
3,euclidean,mean_std_0.75,nearest_sphere,max_ratio,0.25,1.0195287775075021,0.762,0.852,0.834,0.018
3,euclidean,mean_std_0.75,nearest_sphere,max_ratio,0.5,1.0195287775075021,0.762,0.852,0.834,0.018
3,euclidean,mean_std_0.75,nearest_sphere,max_ratio,1.0,1.0195287775075021,0.762,0.852,0.834,0.018
3,euclidean,mean_std_0.75,nearest_sphere,max_ratio,2.0,1.7932875501546817,0.842,0.852,0.85,0.002
3,euclidean,mean_std_0.75,normalized_union,none,0.0,0.9478574291761956,0.762,0.852,0.834,0.018
3,euclidean,mean_std_0.75,normalized_union,none,0.25,0.9478574291761956,0.762,0.852,0.834,0.018
3,euclidean,mean_std_0.75,normalized_union,none,0.5,0.9478574291761956,0.762,0.852,0.834,0.018
3,euclidean,mean_std_0.75,normalized_union,none,1.0,0.9478574291761956,0.762,0.852,0.834,0.018
3,euclidean,mean_std_0.75,normalized_union,none,2.0,0.9478574291761956,0.762,0.852,0.834,0.018
3,euclidean,mean_std_0.75,normalized_union,ratio,0.0,0.9478574291761956,0.762,0.852,0.834,0.018
3,euclidean,mean_std_0.75,normalized_union,ratio,0.25,1.158422461798994,0.762,0.852,0.834,0.018
3,euclidean,mean_std_0.75,normalized_union,ratio,0.5,1.3772594688676898,0.792,0.852,0.84,0.012
3,euclidean,mean_std_0.75,normalized_union,ratio,1.0,1.8188120877623581,0.782,0.852,0.838,0.014
3,euclidean,mean_std_0.75,normalized_union,ratio,2.0,2.725626528437191,0.782,0.852,0.838,0.014
3,euclidean,mean_std_0.75,normalized_union,inverse_margin,0.0,0.9478574291761956,0.762,0.852,0.834,0.018
3,euclidean,mean_std_0.75,normalized_union,inverse_margin,0.25,3.10683184897943,0.772,0.852,0.836,0.016
3,euclidean,mean_std_0.75,normalized_union,inverse_margin,0.5,5.280417857123254,0.772,0.852,0.836,0.016
3,euclidean,mean_std_0.75,normalized_union,inverse_margin,1.0,9.618055845296167,0.772,0.852,0.836,0.016
3,euclidean,mean_std_0.75,normalized_union,inverse_margin,2.0,18.293331821641992,0.772,0.852,0.836,0.016
3,euclidean,mean_std_0.75,normalized_union,max_ratio,0.0,0.9478574291761956,0.762,0.852,0.834,0.018
3,euclidean,mean_std_0.75,normalized_union,max_ratio,0.25,0.9478574291761956,0.762,0.852,0.834,0.018
3,euclidean,mean_std_0.75,normalized_union,max_ratio,0.5,0.9478574291761956,0.762,0.852,0.834,0.018
3,euclidean,mean_std_0.75,normalized_union,max_ratio,1.0,0.9523907781974484,0.782,0.852,0.838,0.014
3,euclidean,mean_std_0.75,normalized_union,max_ratio,2.0,1.7932875501546817,0.772,0.852,0.836,0.016
3,euclidean,mean_std_1.0,nearest_sphere,none,0.0,0.9987278200881391,0.762,0.852,0.834,0.018
3,euclidean,mean_std_1.0,nearest_sphere,none,0.25,0.9987278200881391,0.762,0.852,0.834,0.018
3,euclidean,mean_std_1.0,nearest_sphere,none,0.5,0.9987278200881391,0.762,0.852,0.834,0.018
3,euclidean,mean_std_1.0,nearest_sphere,none,1.0,0.9987278200881391,0.762,0.852,0.834,0.018
3,euclidean,mean_std_1.0,nearest_sphere,none,2.0,0.9987278200881391,0.762,0.852,0.834,0.018
3,euclidean,mean_std_1.0,nearest_sphere,ratio,0.0,0.9987278200881391,0.762,0.852,0.834,0.018
3,euclidean,mean_std_1.0,nearest_sphere,ratio,0.25,1.2104097186840832,0.812,0.852,0.844,0.008
3,euclidean,mean_std_1.0,nearest_sphere,ratio,0.5,1.428798292044744,0.822,0.852,0.846,0.006
3,euclidean,mean_std_1.0,nearest_sphere,ratio,1.0,1.8702506864173705,0.832,0.852,0.848,0.004
3,euclidean,mean_std_1.0,nearest_sphere,ratio,2.0,2.7518405576723577,0.832,0.852,0.848,0.004
3,euclidean,mean_std_1.0,nearest_sphere,inverse_margin,0.0,0.9987278200881391,0.762,0.852,0.834,0.018
3,euclidean,mean_std_1.0,nearest_sphere,inverse_margin,0.25,3.147905699394472,0.842,0.852,0.85,0.002
3,euclidean,mean_std_1.0,nearest_sphere,inverse_margin,0.5,5.263627890019298,0.842,0.852,0.85,0.002
3,euclidean,mean_std_1.0,nearest_sphere,inverse_margin,1.0,9.60126587819221,0.842,0.852,0.85,0.002
3,euclidean,mean_std_1.0,nearest_sphere,inverse_margin,2.0,18.276541854538035,0.842,0.852,0.85,0.002
3,euclidean,mean_std_1.0,nearest_sphere,max_ratio,0.0,0.9987278200881391,0.762,0.852,0.834,0.018
3,euclidean,mean_std_1.0,nearest_sphere,max_ratio,0.25,0.9987278200881391,0.762,0.852,0.834,0.018
3,euclidean,mean_std_1.0,nearest_sphere,max_ratio,0.5,0.9987278200881391,0.762,0.852,0.834,0.018
3,euclidean,mean_std_1.0,nearest_sphere,max_ratio,1.0,0.9992039274640806,0.762,0.852,0.834,0.018
3,euclidean,mean_std_1.0,nearest_sphere,max_ratio,2.0,1.7932875501546817,0.842,0.852,0.85,0.002
3,euclidean,mean_std_1.0,normalized_union,none,0.0,0.9283626646560094,0.782,0.852,0.838,0.014
3,euclidean,mean_std_1.0,normalized_union,none,0.25,0.9283626646560094,0.782,0.852,0.838,0.014
3,euclidean,mean_std_1.0,normalized_union,none,0.5,0.9283626646560094,0.782,0.852,0.838,0.014
3,euclidean,mean_std_1.0,normalized_union,none,1.0,0.9283626646560094,0.782,0.852,0.838,0.014
3,euclidean,mean_std_1.0,normalized_union,none,2.0,0.9283626646560094,0.782,0.852,0.838,0.014
3,euclidean,mean_std_1.0,normalized_union,ratio,0.0,0.9283626646560094,0.782,0.852,0.838,0.014
3,euclidean,mean_std_1.0,normalized_union,ratio,0.25,1.1417046766168617,0.762,0.852,0.834,0.018
3,euclidean,mean_std_1.0,normalized_union,ratio,0.5,1.3609112942023107,0.792,0.852,0.84,0.012
3,euclidean,mean_std_1.0,normalized_union,ratio,1.0,1.805133085389263,0.782,0.852,0.838,0.014
3,euclidean,mean_std_1.0,normalized_union,ratio,2.0,2.7087967222774667,0.782,0.852,0.838,0.014
3,euclidean,mean_std_1.0,normalized_union,inverse_margin,0.0,0.9283626646560094,0.782,0.852,0.838,0.014
3,euclidean,mean_std_1.0,normalized_union,inverse_margin,0.25,3.09366908549466,0.772,0.852,0.836,0.016
3,euclidean,mean_std_1.0,normalized_union,inverse_margin,0.5,5.263627890019298,0.772,0.852,0.836,0.016
3,euclidean,mean_std_1.0,normalized_union,inverse_margin,1.0,9.60126587819221,0.772,0.852,0.836,0.016
3,euclidean,mean_std_1.0,normalized_union,inverse_margin,2.0,18.276541854538035,0.772,0.852,0.836,0.016
3,euclidean,mean_std_1.0,normalized_union,max_ratio,0.0,0.9283626646560094,0.782,0.852,0.838,0.014
3,euclidean,mean_std_1.0,normalized_union,max_ratio,0.25,0.9283626646560094,0.782,0.852,0.838,0.014
3,euclidean,mean_std_1.0,normalized_union,max_ratio,0.5,0.9283626646560094,0.782,0.852,0.838,0.014
3,euclidean,mean_std_1.0,normalized_union,max_ratio,1.0,0.9398655410559025,0.792,0.852,0.84,0.012
3,euclidean,mean_std_1.0,normalized_union,max_ratio,2.0,1.7932875501546817,0.772,0.852,0.836,0.016
3,euclidean,mean_std_1.5,nearest_sphere,none,0.0,0.9581482828222573,0.782,0.852,0.838,0.014
3,euclidean,mean_std_1.5,nearest_sphere,none,0.25,0.9581482828222573,0.782,0.852,0.838,0.014
3,euclidean,mean_std_1.5,nearest_sphere,none,0.5,0.9581482828222573,0.782,0.852,0.838,0.014
3,euclidean,mean_std_1.5,nearest_sphere,none,1.0,0.9581482828222573,0.782,0.852,0.838,0.014
3,euclidean,mean_std_1.5,nearest_sphere,none,2.0,0.9581482828222573,0.782,0.852,0.838,0.014
3,euclidean,mean_std_1.5,nearest_sphere,ratio,0.0,0.9581482828222573,0.782,0.852,0.838,0.014
3,euclidean,mean_std_1.5,nearest_sphere,ratio,0.25,1.1691753840103174,0.822,0.852,0.846,0.006
3,euclidean,mean_std_1.5,nearest_sphere,ratio,0.5,1.388353861477092,0.822,0.852,0.846,0.006
3,euclidean,mean_std_1.5,nearest_sphere,ratio,1.0,1.8349711736714862,0.832,0.852,0.848,0.004
3,euclidean,mean_std_1.5,nearest_sphere,ratio,2.0,2.7146607558964138,0.832,0.852,0.848,0.004
3,euclidean,mean_std_1.5,nearest_sphere,inverse_margin,0.0,0.9581482828222573,0.782,0.852,0.838,0.014
3,euclidean,mean_std_1.5,nearest_sphere,inverse_margin,0.25,3.1078832706310164,0.842,0.852,0.85,0.002
3,euclidean,mean_std_1.5,nearest_sphere,inverse_margin,0.5,5.231780327388584,0.842,0.852,0.85,0.002
3,euclidean,mean_std_1.5,nearest_sphere,inverse_margin,1.0,9.569418315561496,0.842,0.852,0.85,0.002
3,euclidean,mean_std_1.5,nearest_sphere,inverse_margin,2.0,18.244694291907322,0.842,0.852,0.85,0.002
3,euclidean,mean_std_1.5,nearest_sphere,max_ratio,0.0,0.9581482828222573,0.782,0.852,0.838,0.014
3,euclidean,mean_std_1.5,nearest_sphere,max_ratio,0.25,0.9581482828222573,0.782,0.852,0.838,0.014
3,euclidean,mean_std_1.5,nearest_sphere,max_ratio,0.5,0.9581482828222573,0.782,0.852,0.838,0.014
3,euclidean,mean_std_1.5,nearest_sphere,max_ratio,1.0,0.9658484787413265,0.822,0.852,0.846,0.006
3,euclidean,mean_std_1.5,nearest_sphere,max_ratio,2.0,1.7932875501546817,0.842,0.852,0.85,0.002
3,euclidean,mean_std_1.5,normalized_union,none,0.0,0.8997041886799492,0.792,0.852,0.84,0.012
3,euclidean,mean_std_1.5,normalized_union,none,0.25,0.8997041886799492,0.792,0.852,0.84,0.012
3,euclidean,mean_std_1.5,normalized_union,none,0.5,0.8997041886799492,0.792,0.852,0.84,0.012
3,euclidean,mean_std_1.5,normalized_union,none,1.0,0.8997041886799492,0.792,0.852,0.84,0.012
3,euclidean,mean_std_1.5,normalized_union,none,2.0,0.8997041886799492,0.792,0.852,0.84,0.012
3,euclidean,mean_std_1.5,normalized_union,ratio,0.0,0.8997041886799492,0.792,0.852,0.84,0.012
3,euclidean,mean_std_1.5,normalized_union,ratio,0.25,1.1120078144820582,0.782,0.852,0.838,0.014
3,euclidean,mean_std_1.5,normalized_union,ratio,0.5,1.3315605543396716,0.822,0.852,0.846,0.006
3,euclidean,mean_std_1.5,normalized_union,ratio,1.0,1.7729031555110133,0.822,0.852,0.846,0.006
3,euclidean,mean_std_1.5,normalized_union,ratio,2.0,2.6845582307301377,0.832,0.852,0.848,0.004
3,euclidean,mean_std_1.5,normalized_union,inverse_margin,0.0,0.8997041886799492,0.792,0.852,0.84,0.012
3,euclidean,mean_std_1.5,normalized_union,inverse_margin,0.25,3.062961333302128,0.832,0.852,0.848,0.004
3,euclidean,mean_std_1.5,normalized_union,inverse_margin,0.5,5.231780327388584,0.832,0.852,0.848,0.004
3,euclidean,mean_std_1.5,normalized_union,inverse_margin,1.0,9.569418315561496,0.832,0.852,0.848,0.004
3,euclidean,mean_std_1.5,normalized_union,inverse_margin,2.0,18.244694291907322,0.832,0.852,0.848,0.004
3,euclidean,mean_std_1.5,normalized_union,max_ratio,0.0,0.8997041886799492,0.792,0.852,0.84,0.012
3,euclidean,mean_std_1.5,normalized_union,max_ratio,0.25,0.8997041886799492,0.792,0.852,0.84,0.012
3,euclidean,mean_std_1.5,normalized_union,max_ratio,0.5,0.8997041886799492,0.792,0.852,0.84,0.012
3,euclidean,mean_std_1.5,normalized_union,max_ratio,1.0,0.9144442905786655,0.832,0.852,0.848,0.004
3,euclidean,mean_std_1.5,normalized_union,max_ratio,2.0,1.7932875501546817,0.832,0.852,0.848,0.004
3,euclidean,mean_std_2.0,nearest_sphere,none,0.0,0.9173074773670981,0.812,0.852,0.844,0.008
3,euclidean,mean_std_2.0,nearest_sphere,none,0.25,0.9173074773670981,0.812,0.852,0.844,0.008
3,euclidean,mean_std_2.0,nearest_sphere,none,0.5,0.9173074773670981,0.812,0.852,0.844,0.008
3,euclidean,mean_std_2.0,nearest_sphere,none,1.0,0.9173074773670981,0.812,0.852,0.844,0.008
3,euclidean,mean_std_2.0,nearest_sphere,none,2.0,0.9173074773670981,0.812,0.852,0.844,0.008
3,euclidean,mean_std_2.0,nearest_sphere,ratio,0.0,0.9173074773670981,0.812,0.852,0.844,0.008
3,euclidean,mean_std_2.0,nearest_sphere,ratio,0.25,1.1316184294916796,0.822,0.852,0.846,0.006
3,euclidean,mean_std_2.0,nearest_sphere,ratio,0.5,1.3506341767220553,0.822,0.852,0.846,0.006
3,euclidean,mean_std_2.0,nearest_sphere,ratio,1.0,1.7915259430748733,0.832,0.852,0.848,0.004
3,euclidean,mean_std_2.0,nearest_sphere,ratio,2.0,2.6783059066157175,0.832,0.852,0.848,0.004
3,euclidean,mean_std_2.0,nearest_sphere,inverse_margin,0.0,0.9173074773670981,0.812,0.852,0.844,0.008
3,euclidean,mean_std_2.0,nearest_sphere,inverse_margin,0.25,3.0707685716316844,0.842,0.852,0.85,0.002
3,euclidean,mean_std_2.0,nearest_sphere,inverse_margin,0.5,5.202050592224707,0.842,0.852,0.85,0.002
3,euclidean,mean_std_2.0,nearest_sphere,inverse_margin,1.0,9.53968858039762,0.842,0.852,0.85,0.002
3,euclidean,mean_std_2.0,nearest_sphere,inverse_margin,2.0,18.214964556743443,0.842,0.852,0.85,0.002
3,euclidean,mean_std_2.0,nearest_sphere,max_ratio,0.0,0.9173074773670981,0.812,0.852,0.844,0.008
3,euclidean,mean_std_2.0,nearest_sphere,max_ratio,0.25,0.9173074773670981,0.812,0.852,0.844,0.008
3,euclidean,mean_std_2.0,nearest_sphere,max_ratio,0.5,0.9173074773670981,0.812,0.852,0.844,0.008
3,euclidean,mean_std_2.0,nearest_sphere,max_ratio,1.0,0.9436176729996164,0.822,0.852,0.846,0.006
3,euclidean,mean_std_2.0,nearest_sphere,max_ratio,2.0,1.7932875501546817,0.842,0.852,0.85,0.002
3,euclidean,mean_std_2.0,normalized_union,none,0.0,0.8716794005321108,0.782,0.852,0.838,0.014
3,euclidean,mean_std_2.0,normalized_union,none,0.25,0.8716794005321108,0.782,0.852,0.838,0.014
3,euclidean,mean_std_2.0,normalized_union,none,0.5,0.8716794005321108,0.782,0.852,0.838,0.014
3,euclidean,mean_std_2.0,normalized_union,none,1.0,0.8716794005321108,0.782,0.852,0.838,0.014
3,euclidean,mean_std_2.0,normalized_union,none,2.0,0.8716794005321108,0.782,0.852,0.838,0.014
3,euclidean,mean_std_2.0,normalized_union,ratio,0.0,0.8716794005321108,0.782,0.852,0.838,0.014
3,euclidean,mean_std_2.0,normalized_union,ratio,0.25,1.0815476787710847,0.782,0.852,0.838,0.014
3,euclidean,mean_std_2.0,normalized_union,ratio,0.5,1.3022518804280954,0.812,0.852,0.844,0.008
3,euclidean,mean_std_2.0,normalized_union,ratio,1.0,1.7456418621985175,0.812,0.852,0.844,0.008
3,euclidean,mean_std_2.0,normalized_union,ratio,2.0,2.652752481718083,0.832,0.852,0.848,0.004
3,euclidean,mean_std_2.0,normalized_union,inverse_margin,0.0,0.8716794005321108,0.782,0.852,0.838,0.014
3,euclidean,mean_std_2.0,normalized_union,inverse_margin,0.25,3.0332315981382507,0.832,0.852,0.848,0.004
3,euclidean,mean_std_2.0,normalized_union,inverse_margin,0.5,5.202050592224707,0.832,0.852,0.848,0.004
3,euclidean,mean_std_2.0,normalized_union,inverse_margin,1.0,9.53968858039762,0.832,0.852,0.848,0.004
3,euclidean,mean_std_2.0,normalized_union,inverse_margin,2.0,18.214964556743443,0.832,0.852,0.848,0.004
3,euclidean,mean_std_2.0,normalized_union,max_ratio,0.0,0.8716794005321108,0.782,0.852,0.838,0.014
3,euclidean,mean_std_2.0,normalized_union,max_ratio,0.25,0.8716794005321108,0.782,0.852,0.838,0.014
3,euclidean,mean_std_2.0,normalized_union,max_ratio,0.5,0.8716794005321108,0.782,0.852,0.838,0.014
3,euclidean,mean_std_2.0,normalized_union,max_ratio,1.0,0.900465192316673,0.832,0.852,0.848,0.004
3,euclidean,mean_std_2.0,normalized_union,max_ratio,2.0,1.7932875501546817,0.832,0.852,0.848,0.004
3,euclidean,mean_std_3.0,nearest_sphere,none,0.0,0.8519953765390016,0.822,0.852,0.846,0.006
3,euclidean,mean_std_3.0,nearest_sphere,none,0.25,0.8519953765390016,0.822,0.852,0.846,0.006
3,euclidean,mean_std_3.0,nearest_sphere,none,0.5,0.8519953765390016,0.822,0.852,0.846,0.006
3,euclidean,mean_std_3.0,nearest_sphere,none,1.0,0.8519953765390016,0.822,0.852,0.846,0.006
3,euclidean,mean_std_3.0,nearest_sphere,none,2.0,0.8519953765390016,0.822,0.852,0.846,0.006
3,euclidean,mean_std_3.0,nearest_sphere,ratio,0.0,0.8519953765390016,0.822,0.852,0.846,0.006
3,euclidean,mean_std_3.0,nearest_sphere,ratio,0.25,1.0665498440692938,0.822,0.852,0.846,0.006
3,euclidean,mean_std_3.0,nearest_sphere,ratio,0.5,1.2906935112644502,0.832,0.852,0.848,0.004
3,euclidean,mean_std_3.0,nearest_sphere,ratio,1.0,1.7355401000933637,0.832,0.852,0.848,0.004
3,euclidean,mean_std_3.0,nearest_sphere,ratio,2.0,2.622402096562293,0.832,0.852,0.848,0.004
3,euclidean,mean_std_3.0,nearest_sphere,inverse_margin,0.0,0.8519953765390016,0.822,0.852,0.846,0.006
3,euclidean,mean_std_3.0,nearest_sphere,inverse_margin,0.25,3.004080691204926,0.842,0.852,0.85,0.002
3,euclidean,mean_std_3.0,nearest_sphere,inverse_margin,0.5,5.14815229309484,0.842,0.852,0.85,0.002
3,euclidean,mean_std_3.0,nearest_sphere,inverse_margin,1.0,9.485790281267752,0.842,0.852,0.85,0.002
3,euclidean,mean_std_3.0,nearest_sphere,inverse_margin,2.0,18.161066257613577,0.842,0.852,0.85,0.002
3,euclidean,mean_std_3.0,nearest_sphere,max_ratio,0.0,0.8519953765390016,0.822,0.852,0.846,0.006
3,euclidean,mean_std_3.0,nearest_sphere,max_ratio,0.25,0.8519953765390016,0.822,0.852,0.846,0.006
3,euclidean,mean_std_3.0,nearest_sphere,max_ratio,0.5,0.8519953765390016,0.822,0.852,0.846,0.006
3,euclidean,mean_std_3.0,nearest_sphere,max_ratio,1.0,0.9018625913597459,0.842,0.852,0.85,0.002
3,euclidean,mean_std_3.0,nearest_sphere,max_ratio,2.0,1.7932875501546817,0.842,0.852,0.85,0.002
3,euclidean,mean_std_3.0,normalized_union,none,0.0,0.8175030629319658,0.772,0.852,0.836,0.016
3,euclidean,mean_std_3.0,normalized_union,none,0.25,0.8175030629319658,0.772,0.852,0.836,0.016
3,euclidean,mean_std_3.0,normalized_union,none,0.5,0.8175030629319658,0.772,0.852,0.836,0.016
3,euclidean,mean_std_3.0,normalized_union,none,1.0,0.8175030629319658,0.772,0.852,0.836,0.016
3,euclidean,mean_std_3.0,normalized_union,none,2.0,0.8175030629319658,0.772,0.852,0.836,0.016
3,euclidean,mean_std_3.0,normalized_union,ratio,0.0,0.8175030629319658,0.772,0.852,0.836,0.016
3,euclidean,mean_std_3.0,normalized_union,ratio,0.25,1.0343075391442516,0.792,0.852,0.84,0.012
3,euclidean,mean_std_3.0,normalized_union,ratio,0.5,1.2532280879282545,0.822,0.852,0.846,0.006
3,euclidean,mean_std_3.0,normalized_union,ratio,1.0,1.6964235137146035,0.822,0.852,0.846,0.006
3,euclidean,mean_std_3.0,normalized_union,ratio,2.0,2.6038018550766084,0.832,0.852,0.848,0.004
3,euclidean,mean_std_3.0,normalized_union,inverse_margin,0.0,0.8175030629319658,0.772,0.852,0.836,0.016
3,euclidean,mean_std_3.0,normalized_union,inverse_margin,0.25,2.979333299008383,0.832,0.852,0.848,0.004
3,euclidean,mean_std_3.0,normalized_union,inverse_margin,0.5,5.14815229309484,0.832,0.852,0.848,0.004
3,euclidean,mean_std_3.0,normalized_union,inverse_margin,1.0,9.485790281267752,0.832,0.852,0.848,0.004
3,euclidean,mean_std_3.0,normalized_union,inverse_margin,2.0,18.161066257613577,0.832,0.852,0.848,0.004
3,euclidean,mean_std_3.0,normalized_union,max_ratio,0.0,0.8175030629319658,0.772,0.852,0.836,0.016
3,euclidean,mean_std_3.0,normalized_union,max_ratio,0.25,0.8175030629319658,0.772,0.852,0.836,0.016
3,euclidean,mean_std_3.0,normalized_union,max_ratio,0.5,0.8175030629319658,0.772,0.852,0.836,0.016
3,euclidean,mean_std_3.0,normalized_union,max_ratio,1.0,0.8966437750773408,0.832,0.852,0.848,0.004
3,euclidean,mean_std_3.0,normalized_union,max_ratio,2.0,1.7932875501546817,0.832,0.852,0.848,0.004
3,euclidean,center_quantile_0.5,nearest_sphere,none,0.0,1.1142763149347354,0.712,0.852,0.824,0.028
3,euclidean,center_quantile_0.5,nearest_sphere,none,0.25,1.1142763149347354,0.712,0.852,0.824,0.028
3,euclidean,center_quantile_0.5,nearest_sphere,none,0.5,1.1142763149347354,0.712,0.852,0.824,0.028
3,euclidean,center_quantile_0.5,nearest_sphere,none,1.0,1.1142763149347354,0.712,0.852,0.824,0.028
3,euclidean,center_quantile_0.5,nearest_sphere,none,2.0,1.1142763149347354,0.712,0.852,0.824,0.028
3,euclidean,center_quantile_0.5,nearest_sphere,ratio,0.0,1.1142763149347354,0.712,0.852,0.824,0.028
3,euclidean,center_quantile_0.5,nearest_sphere,ratio,0.25,1.3187509251513372,0.762,0.852,0.834,0.018
3,euclidean,center_quantile_0.5,nearest_sphere,ratio,0.5,1.5358352515562996,0.802,0.852,0.842,0.01
3,euclidean,center_quantile_0.5,nearest_sphere,ratio,1.0,1.9729394657337216,0.822,0.852,0.846,0.006
3,euclidean,center_quantile_0.5,nearest_sphere,ratio,2.0,2.8486416036330917,0.832,0.852,0.848,0.004
3,euclidean,center_quantile_0.5,nearest_sphere,inverse_margin,0.0,1.1142763149347354,0.712,0.852,0.824,0.028
3,euclidean,center_quantile_0.5,nearest_sphere,inverse_margin,0.25,3.243556647908942,0.842,0.852,0.85,0.002
3,euclidean,center_quantile_0.5,nearest_sphere,inverse_margin,0.5,5.335468358220405,0.842,0.852,0.85,0.002
3,euclidean,center_quantile_0.5,nearest_sphere,inverse_margin,1.0,9.673106346393316,0.842,0.852,0.85,0.002
3,euclidean,center_quantile_0.5,nearest_sphere,inverse_margin,2.0,18.34838232273914,0.842,0.852,0.85,0.002
3,euclidean,center_quantile_0.5,nearest_sphere,max_ratio,0.0,1.1142763149347354,0.712,0.852,0.824,0.028
3,euclidean,center_quantile_0.5,nearest_sphere,max_ratio,0.25,1.1142763149347354,0.712,0.852,0.824,0.028
3,euclidean,center_quantile_0.5,nearest_sphere,max_ratio,0.5,1.1142763149347354,0.712,0.852,0.824,0.028
3,euclidean,center_quantile_0.5,nearest_sphere,max_ratio,1.0,1.1142763149347354,0.712,0.852,0.824,0.028
3,euclidean,center_quantile_0.5,nearest_sphere,max_ratio,2.0,1.7932875501546817,0.842,0.852,0.85,0.002
3,euclidean,center_quantile_0.5,normalized_union,none,0.0,1.0168971661447597,0.602,0.852,0.802,0.05
3,euclidean,center_quantile_0.5,normalized_union,none,0.25,1.0168971661447597,0.602,0.852,0.802,0.05
3,euclidean,center_quantile_0.5,normalized_union,none,0.5,1.0168971661447597,0.602,0.852,0.802,0.05
3,euclidean,center_quantile_0.5,normalized_union,none,1.0,1.0168971661447597,0.602,0.852,0.802,0.05
3,euclidean,center_quantile_0.5,normalized_union,none,2.0,1.0168971661447597,0.602,0.852,0.802,0.05
3,euclidean,center_quantile_0.5,normalized_union,ratio,0.0,1.0168971661447597,0.602,0.852,0.802,0.05
3,euclidean,center_quantile_0.5,normalized_union,ratio,0.25,1.2353801528734347,0.592,0.852,0.8,0.052
3,euclidean,center_quantile_0.5,normalized_union,ratio,0.5,1.447802485660072,0.572,0.852,0.796,0.056
3,euclidean,center_quantile_0.5,normalized_union,ratio,1.0,1.888571370745042,0.542,0.852,0.79,0.062
3,euclidean,center_quantile_0.5,normalized_union,ratio,2.0,2.769824540990298,0.512,0.852,0.784,0.068
3,euclidean,center_quantile_0.5,normalized_union,inverse_margin,0.0,1.0168971661447597,0.602,0.852,0.802,0.05
3,euclidean,center_quantile_0.5,normalized_union,inverse_margin,0.25,3.1546302201529137,0.502,0.852,0.782,0.07
3,euclidean,center_quantile_0.5,normalized_union,inverse_margin,0.5,5.335468358220405,0.502,0.852,0.782,0.07
3,euclidean,center_quantile_0.5,normalized_union,inverse_margin,1.0,9.673106346393316,0.502,0.852,0.782,0.07
3,euclidean,center_quantile_0.5,normalized_union,inverse_margin,2.0,18.34838232273914,0.502,0.852,0.782,0.07
3,euclidean,center_quantile_0.5,normalized_union,max_ratio,0.0,1.0168971661447597,0.602,0.852,0.802,0.05
3,euclidean,center_quantile_0.5,normalized_union,max_ratio,0.25,1.0168971661447597,0.602,0.852,0.802,0.05
3,euclidean,center_quantile_0.5,normalized_union,max_ratio,0.5,1.0168971661447597,0.602,0.852,0.802,0.05
3,euclidean,center_quantile_0.5,normalized_union,max_ratio,1.0,1.0168971661447597,0.602,0.852,0.802,0.05
3,euclidean,center_quantile_0.5,normalized_union,max_ratio,2.0,1.7932875501546817,0.502,0.852,0.782,0.07
3,euclidean,intent_quantile_0.5,nearest_sphere,none,0.0,1.190455772126775,0.842,0.852,0.85,0.002
3,euclidean,intent_quantile_0.5,nearest_sphere,none,0.25,1.190455772126775,0.842,0.852,0.85,0.002
3,euclidean,intent_quantile_0.5,nearest_sphere,none,0.5,1.190455772126775,0.842,0.852,0.85,0.002
3,euclidean,intent_quantile_0.5,nearest_sphere,none,1.0,1.190455772126775,0.842,0.852,0.85,0.002
3,euclidean,intent_quantile_0.5,nearest_sphere,none,2.0,1.190455772126775,0.842,0.852,0.85,0.002
3,euclidean,intent_quantile_0.5,nearest_sphere,ratio,0.0,1.190455772126775,0.842,0.852,0.85,0.002
3,euclidean,intent_quantile_0.5,nearest_sphere,ratio,0.25,1.3971899688000646,0.842,0.852,0.85,0.002
3,euclidean,intent_quantile_0.5,nearest_sphere,ratio,0.5,1.616365884889963,0.842,0.852,0.85,0.002
3,euclidean,intent_quantile_0.5,nearest_sphere,ratio,1.0,2.0505954884778745,0.842,0.852,0.85,0.002
3,euclidean,intent_quantile_0.5,nearest_sphere,ratio,2.0,2.9609289622352826,0.842,0.852,0.85,0.002
3,euclidean,intent_quantile_0.5,nearest_sphere,inverse_margin,0.0,1.190455772126775,0.842,0.852,0.85,0.002
3,euclidean,intent_quantile_0.5,nearest_sphere,inverse_margin,0.25,3.3802498217500956,0.842,0.852,0.85,0.002
3,euclidean,intent_quantile_0.5,nearest_sphere,inverse_margin,0.5,5.601477428879518,0.842,0.852,0.85,0.002
3,euclidean,intent_quantile_0.5,nearest_sphere,inverse_margin,1.0,10.088546568842427,0.842,0.852,0.85,0.002
3,euclidean,intent_quantile_0.5,nearest_sphere,inverse_margin,2.0,19.01985395400121,0.842,0.852,0.85,0.002
3,euclidean,intent_quantile_0.5,nearest_sphere,max_ratio,0.0,1.190455772126775,0.842,0.852,0.85,0.002
3,euclidean,intent_quantile_0.5,nearest_sphere,max_ratio,0.25,1.190455772126775,0.842,0.852,0.85,0.002
3,euclidean,intent_quantile_0.5,nearest_sphere,max_ratio,0.5,1.190455772126775,0.842,0.852,0.85,0.002
3,euclidean,intent_quantile_0.5,nearest_sphere,max_ratio,1.0,1.190455772126775,0.842,0.852,0.85,0.002
3,euclidean,intent_quantile_0.5,nearest_sphere,max_ratio,2.0,1.7932875501546817,0.842,0.852,0.85,0.002
3,euclidean,intent_quantile_0.5,normalized_union,none,0.0,1.1819089915225878,0.782,0.852,0.838,0.014
3,euclidean,intent_quantile_0.5,normalized_union,none,0.25,1.1819089915225878,0.782,0.852,0.838,0.014
3,euclidean,intent_quantile_0.5,normalized_union,none,0.5,1.1819089915225878,0.782,0.852,0.838,0.014
3,euclidean,intent_quantile_0.5,normalized_union,none,1.0,1.1819089915225878,0.782,0.852,0.838,0.014
3,euclidean,intent_quantile_0.5,normalized_union,none,2.0,1.1819089915225878,0.782,0.852,0.838,0.014
3,euclidean,intent_quantile_0.5,normalized_union,ratio,0.0,1.1819089915225878,0.782,0.852,0.838,0.014
3,euclidean,intent_quantile_0.5,normalized_union,ratio,0.25,1.3923050283348584,0.812,0.852,0.844,0.008
3,euclidean,intent_quantile_0.5,normalized_union,ratio,0.5,1.6134380652864477,0.832,0.852,0.848,0.004
3,euclidean,intent_quantile_0.5,normalized_union,ratio,1.0,2.048578153734736,0.832,0.852,0.848,0.004
3,euclidean,intent_quantile_0.5,normalized_union,ratio,2.0,2.9576896590314865,0.822,0.852,0.846,0.006
3,euclidean,intent_quantile_0.5,normalized_union,inverse_margin,0.0,1.1819089915225878,0.782,0.852,0.838,0.014
3,euclidean,intent_quantile_0.5,normalized_union,inverse_margin,0.25,3.339793267140012,0.812,0.852,0.844,0.008
3,euclidean,intent_quantile_0.5,normalized_union,inverse_margin,0.5,5.574833639430942,0.802,0.852,0.842,0.01
3,euclidean,intent_quantile_0.5,normalized_union,inverse_margin,1.0,10.073245363032369,0.792,0.852,0.84,0.012
3,euclidean,intent_quantile_0.5,normalized_union,inverse_margin,2.0,18.748521339378193,0.792,0.852,0.84,0.012
3,euclidean,intent_quantile_0.5,normalized_union,max_ratio,0.0,1.1819089915225878,0.782,0.852,0.838,0.014
3,euclidean,intent_quantile_0.5,normalized_union,max_ratio,0.25,1.1819089915225878,0.782,0.852,0.838,0.014
3,euclidean,intent_quantile_0.5,normalized_union,max_ratio,0.5,1.1819089915225878,0.782,0.852,0.838,0.014
3,euclidean,intent_quantile_0.5,normalized_union,max_ratio,1.0,1.1819089915225878,0.782,0.852,0.838,0.014
3,euclidean,intent_quantile_0.5,normalized_union,max_ratio,2.0,1.7932875501546817,0.792,0.852,0.84,0.012
3,euclidean,center_quantile_0.7,nearest_sphere,none,0.0,1.0551756821216172,0.722,0.852,0.826,0.026
3,euclidean,center_quantile_0.7,nearest_sphere,none,0.25,1.0551756821216172,0.722,0.852,0.826,0.026
3,euclidean,center_quantile_0.7,nearest_sphere,none,0.5,1.0551756821216172,0.722,0.852,0.826,0.026
3,euclidean,center_quantile_0.7,nearest_sphere,none,1.0,1.0551756821216172,0.722,0.852,0.826,0.026
3,euclidean,center_quantile_0.7,nearest_sphere,none,2.0,1.0551756821216172,0.722,0.852,0.826,0.026
3,euclidean,center_quantile_0.7,nearest_sphere,ratio,0.0,1.0551756821216172,0.722,0.852,0.826,0.026
3,euclidean,center_quantile_0.7,nearest_sphere,ratio,0.25,1.2651246027726017,0.792,0.852,0.84,0.012
3,euclidean,center_quantile_0.7,nearest_sphere,ratio,0.5,1.481125408214329,0.812,0.852,0.844,0.008
3,euclidean,center_quantile_0.7,nearest_sphere,ratio,1.0,1.9217173750327172,0.822,0.852,0.846,0.006
3,euclidean,center_quantile_0.7,nearest_sphere,ratio,2.0,2.8007283877370472,0.832,0.852,0.848,0.004
3,euclidean,center_quantile_0.7,nearest_sphere,inverse_margin,0.0,1.0551756821216172,0.722,0.852,0.826,0.026
3,euclidean,center_quantile_0.7,nearest_sphere,inverse_margin,0.25,3.192358787965575,0.842,0.852,0.85,0.002
3,euclidean,center_quantile_0.7,nearest_sphere,inverse_margin,0.5,5.30427932089564,0.842,0.852,0.85,0.002
3,euclidean,center_quantile_0.7,nearest_sphere,inverse_margin,1.0,9.641917309068551,0.842,0.852,0.85,0.002
3,euclidean,center_quantile_0.7,nearest_sphere,inverse_margin,2.0,18.317193285414376,0.842,0.852,0.85,0.002
3,euclidean,center_quantile_0.7,nearest_sphere,max_ratio,0.0,1.0551756821216172,0.722,0.852,0.826,0.026
3,euclidean,center_quantile_0.7,nearest_sphere,max_ratio,0.25,1.0551756821216172,0.722,0.852,0.826,0.026
3,euclidean,center_quantile_0.7,nearest_sphere,max_ratio,0.5,1.0551756821216172,0.722,0.852,0.826,0.026
3,euclidean,center_quantile_0.7,nearest_sphere,max_ratio,1.0,1.0551756821216172,0.722,0.852,0.826,0.026
3,euclidean,center_quantile_0.7,nearest_sphere,max_ratio,2.0,1.7932875501546817,0.842,0.852,0.85,0.002
3,euclidean,center_quantile_0.7,normalized_union,none,0.0,0.9768211741786806,0.622,0.852,0.806,0.046
3,euclidean,center_quantile_0.7,normalized_union,none,0.25,0.9768211741786806,0.622,0.852,0.806,0.046
3,euclidean,center_quantile_0.7,normalized_union,none,0.5,0.9768211741786806,0.622,0.852,0.806,0.046
3,euclidean,center_quantile_0.7,normalized_union,none,1.0,0.9768211741786806,0.622,0.852,0.806,0.046
3,euclidean,center_quantile_0.7,normalized_union,none,2.0,0.9768211741786806,0.622,0.852,0.806,0.046
3,euclidean,center_quantile_0.7,normalized_union,ratio,0.0,0.9768211741786806,0.622,0.852,0.806,0.046
3,euclidean,center_quantile_0.7,normalized_union,ratio,0.25,1.1835443899009057,0.652,0.852,0.812,0.04
3,euclidean,center_quantile_0.7,normalized_union,ratio,0.5,1.4049899641855386,0.652,0.852,0.812,0.04
3,euclidean,center_quantile_0.7,normalized_union,ratio,1.0,1.8401863420371263,0.662,0.852,0.814,0.038
3,euclidean,center_quantile_0.7,normalized_union,ratio,2.0,2.735130563107208,0.662,0.852,0.814,0.038
3,euclidean,center_quantile_0.7,normalized_union,inverse_margin,0.0,0.9768211741786806,0.622,0.852,0.806,0.046
3,euclidean,center_quantile_0.7,normalized_union,inverse_margin,0.25,3.116611446738739,0.652,0.852,0.812,0.04
3,euclidean,center_quantile_0.7,normalized_union,inverse_margin,0.5,5.30427932089564,0.652,0.852,0.812,0.04
3,euclidean,center_quantile_0.7,normalized_union,inverse_margin,1.0,9.641917309068551,0.652,0.852,0.812,0.04
3,euclidean,center_quantile_0.7,normalized_union,inverse_margin,2.0,18.317193285414376,0.652,0.852,0.812,0.04
3,euclidean,center_quantile_0.7,normalized_union,max_ratio,0.0,0.9768211741786806,0.622,0.852,0.806,0.046
3,euclidean,center_quantile_0.7,normalized_union,max_ratio,0.25,0.9768211741786806,0.622,0.852,0.806,0.046
3,euclidean,center_quantile_0.7,normalized_union,max_ratio,0.5,0.9768211741786806,0.622,0.852,0.806,0.046
3,euclidean,center_quantile_0.7,normalized_union,max_ratio,1.0,0.978975572686683,0.642,0.852,0.81,0.042
3,euclidean,center_quantile_0.7,normalized_union,max_ratio,2.0,1.7932875501546817,0.652,0.852,0.812,0.04
3,euclidean,intent_quantile_0.7,nearest_sphere,none,0.0,1.1073040630188933,0.842,0.852,0.85,0.002
3,euclidean,intent_quantile_0.7,nearest_sphere,none,0.25,1.1073040630188933,0.842,0.852,0.85,0.002
3,euclidean,intent_quantile_0.7,nearest_sphere,none,0.5,1.1073040630188933,0.842,0.852,0.85,0.002
3,euclidean,intent_quantile_0.7,nearest_sphere,none,1.0,1.1073040630188933,0.842,0.852,0.85,0.002
3,euclidean,intent_quantile_0.7,nearest_sphere,none,2.0,1.1073040630188933,0.842,0.852,0.85,0.002
3,euclidean,intent_quantile_0.7,nearest_sphere,ratio,0.0,1.1073040630188933,0.842,0.852,0.85,0.002
3,euclidean,intent_quantile_0.7,nearest_sphere,ratio,0.25,1.317191302234357,0.842,0.852,0.85,0.002
3,euclidean,intent_quantile_0.7,nearest_sphere,ratio,0.5,1.5308269077804886,0.842,0.852,0.85,0.002
3,euclidean,intent_quantile_0.7,nearest_sphere,ratio,1.0,1.964328285139327,0.842,0.852,0.85,0.002
3,euclidean,intent_quantile_0.7,nearest_sphere,ratio,2.0,2.8726698300676867,0.842,0.852,0.85,0.002
3,euclidean,intent_quantile_0.7,nearest_sphere,inverse_margin,0.0,1.1073040630188933,0.842,0.852,0.85,0.002
3,euclidean,intent_quantile_0.7,nearest_sphere,inverse_margin,0.25,3.277940822614111,0.842,0.852,0.85,0.002
3,euclidean,intent_quantile_0.7,nearest_sphere,inverse_margin,0.5,5.5187969542338635,0.842,0.852,0.85,0.002
3,euclidean,intent_quantile_0.7,nearest_sphere,inverse_margin,1.0,10.000509217473367,0.842,0.852,0.85,0.002
3,euclidean,intent_quantile_0.7,nearest_sphere,inverse_margin,2.0,18.87670908069373,0.842,0.852,0.85,0.002
3,euclidean,intent_quantile_0.7,nearest_sphere,max_ratio,0.0,1.1073040630188933,0.842,0.852,0.85,0.002
3,euclidean,intent_quantile_0.7,nearest_sphere,max_ratio,0.25,1.1073040630188933,0.842,0.852,0.85,0.002
3,euclidean,intent_quantile_0.7,nearest_sphere,max_ratio,0.5,1.1073040630188933,0.842,0.852,0.85,0.002
3,euclidean,intent_quantile_0.7,nearest_sphere,max_ratio,1.0,1.1073040630188933,0.842,0.852,0.85,0.002
3,euclidean,intent_quantile_0.7,nearest_sphere,max_ratio,2.0,1.7932875501546817,0.842,0.852,0.85,0.002
3,euclidean,intent_quantile_0.7,normalized_union,none,0.0,1.0951614238168066,0.792,0.852,0.84,0.012
3,euclidean,intent_quantile_0.7,normalized_union,none,0.25,1.0951614238168066,0.792,0.852,0.84,0.012
3,euclidean,intent_quantile_0.7,normalized_union,none,0.5,1.0951614238168066,0.792,0.852,0.84,0.012
3,euclidean,intent_quantile_0.7,normalized_union,none,1.0,1.0951614238168066,0.792,0.852,0.84,0.012
3,euclidean,intent_quantile_0.7,normalized_union,none,2.0,1.0951614238168066,0.792,0.852,0.84,0.012
3,euclidean,intent_quantile_0.7,normalized_union,ratio,0.0,1.0951614238168066,0.792,0.852,0.84,0.012
3,euclidean,intent_quantile_0.7,normalized_union,ratio,0.25,1.3095903570741534,0.812,0.852,0.844,0.008
3,euclidean,intent_quantile_0.7,normalized_union,ratio,0.5,1.5308269077804886,0.842,0.852,0.85,0.002
3,euclidean,intent_quantile_0.7,normalized_union,ratio,1.0,1.964328285139327,0.842,0.852,0.85,0.002
3,euclidean,intent_quantile_0.7,normalized_union,ratio,2.0,2.8691731240570117,0.832,0.852,0.848,0.004
3,euclidean,intent_quantile_0.7,normalized_union,inverse_margin,0.0,1.0951614238168066,0.792,0.852,0.84,0.012
3,euclidean,intent_quantile_0.7,normalized_union,inverse_margin,0.25,3.2667521739779763,0.822,0.852,0.846,0.006
3,euclidean,intent_quantile_0.7,normalized_union,inverse_margin,0.5,5.494433408994026,0.812,0.852,0.844,0.008
3,euclidean,intent_quantile_0.7,normalized_union,inverse_margin,1.0,9.952103534106039,0.802,0.852,0.842,0.01
3,euclidean,intent_quantile_0.7,normalized_union,inverse_margin,2.0,18.627379510451863,0.802,0.852,0.842,0.01
3,euclidean,intent_quantile_0.7,normalized_union,max_ratio,0.0,1.0951614238168066,0.792,0.852,0.84,0.012
3,euclidean,intent_quantile_0.7,normalized_union,max_ratio,0.25,1.0951614238168066,0.792,0.852,0.84,0.012
3,euclidean,intent_quantile_0.7,normalized_union,max_ratio,0.5,1.0951614238168066,0.792,0.852,0.84,0.012
3,euclidean,intent_quantile_0.7,normalized_union,max_ratio,1.0,1.0951614238168066,0.792,0.852,0.84,0.012
3,euclidean,intent_quantile_0.7,normalized_union,max_ratio,2.0,1.7932875501546817,0.802,0.852,0.842,0.01
3,euclidean,center_quantile_0.8,nearest_sphere,none,0.0,1.0194241299039966,0.762,0.852,0.834,0.018
3,euclidean,center_quantile_0.8,nearest_sphere,none,0.25,1.0194241299039966,0.762,0.852,0.834,0.018
3,euclidean,center_quantile_0.8,nearest_sphere,none,0.5,1.0194241299039966,0.762,0.852,0.834,0.018
3,euclidean,center_quantile_0.8,nearest_sphere,none,1.0,1.0194241299039966,0.762,0.852,0.834,0.018
3,euclidean,center_quantile_0.8,nearest_sphere,none,2.0,1.0194241299039966,0.762,0.852,0.834,0.018
3,euclidean,center_quantile_0.8,nearest_sphere,ratio,0.0,1.0194241299039966,0.762,0.852,0.834,0.018
3,euclidean,center_quantile_0.8,nearest_sphere,ratio,0.25,1.233767014432572,0.812,0.852,0.844,0.008
3,euclidean,center_quantile_0.8,nearest_sphere,ratio,0.5,1.4502408969226226,0.822,0.852,0.846,0.006
3,euclidean,center_quantile_0.8,nearest_sphere,ratio,1.0,1.8918139820081157,0.822,0.852,0.846,0.006
3,euclidean,center_quantile_0.8,nearest_sphere,ratio,2.0,2.767202915049193,0.832,0.852,0.848,0.004
3,euclidean,center_quantile_0.8,nearest_sphere,inverse_margin,0.0,1.0194241299039966,0.762,0.852,0.834,0.018
3,euclidean,center_quantile_0.8,nearest_sphere,inverse_margin,0.25,3.1592153647427668,0.842,0.852,0.85,0.002
3,euclidean,center_quantile_0.8,nearest_sphere,inverse_margin,0.5,5.277406940884921,0.842,0.852,0.85,0.002
3,euclidean,center_quantile_0.8,nearest_sphere,inverse_margin,1.0,9.615044929057833,0.842,0.852,0.85,0.002
3,euclidean,center_quantile_0.8,nearest_sphere,inverse_margin,2.0,18.290320905403657,0.842,0.852,0.85,0.002
3,euclidean,center_quantile_0.8,nearest_sphere,max_ratio,0.0,1.0194241299039966,0.762,0.852,0.834,0.018
3,euclidean,center_quantile_0.8,nearest_sphere,max_ratio,0.25,1.0194241299039966,0.762,0.852,0.834,0.018
3,euclidean,center_quantile_0.8,nearest_sphere,max_ratio,0.5,1.0194241299039966,0.762,0.852,0.834,0.018
3,euclidean,center_quantile_0.8,nearest_sphere,max_ratio,1.0,1.0194241299039966,0.762,0.852,0.834,0.018
3,euclidean,center_quantile_0.8,nearest_sphere,max_ratio,2.0,1.7932875501546817,0.842,0.852,0.85,0.002
3,euclidean,center_quantile_0.8,normalized_union,none,0.0,0.9501786961539447,0.672,0.852,0.816,0.036
3,euclidean,center_quantile_0.8,normalized_union,none,0.25,0.9501786961539447,0.672,0.852,0.816,0.036
3,euclidean,center_quantile_0.8,normalized_union,none,0.5,0.9501786961539447,0.672,0.852,0.816,0.036
3,euclidean,center_quantile_0.8,normalized_union,none,1.0,0.9501786961539447,0.672,0.852,0.816,0.036
3,euclidean,center_quantile_0.8,normalized_union,none,2.0,0.9501786961539447,0.672,0.852,0.816,0.036
3,euclidean,center_quantile_0.8,normalized_union,ratio,0.0,0.9501786961539447,0.672,0.852,0.816,0.036
3,euclidean,center_quantile_0.8,normalized_union,ratio,0.25,1.157769769669956,0.702,0.852,0.822,0.03
3,euclidean,center_quantile_0.8,normalized_union,ratio,0.5,1.37851952672439,0.732,0.852,0.828,0.024
3,euclidean,center_quantile_0.8,normalized_union,ratio,1.0,1.8175448065078452,0.722,0.852,0.826,0.026
3,euclidean,center_quantile_0.8,normalized_union,ratio,2.0,2.718781439991624,0.722,0.852,0.826,0.026
3,euclidean,center_quantile_0.8,normalized_union,inverse_margin,0.0,0.9501786961539447,0.672,0.852,0.816,0.036
3,euclidean,center_quantile_0.8,normalized_union,inverse_margin,0.25,3.104033614370143,0.712,0.852,0.824,0.028
3,euclidean,center_quantile_0.8,normalized_union,inverse_margin,0.5,5.277406940884921,0.712,0.852,0.824,0.028
3,euclidean,center_quantile_0.8,normalized_union,inverse_margin,1.0,9.615044929057833,0.712,0.852,0.824,0.028
3,euclidean,center_quantile_0.8,normalized_union,inverse_margin,2.0,18.290320905403657,0.712,0.852,0.824,0.028
3,euclidean,center_quantile_0.8,normalized_union,max_ratio,0.0,0.9501786961539447,0.672,0.852,0.816,0.036
3,euclidean,center_quantile_0.8,normalized_union,max_ratio,0.25,0.9501786961539447,0.672,0.852,0.816,0.036
3,euclidean,center_quantile_0.8,normalized_union,max_ratio,0.5,0.9501786961539447,0.672,0.852,0.816,0.036
3,euclidean,center_quantile_0.8,normalized_union,max_ratio,1.0,0.9561690508365536,0.732,0.852,0.828,0.024
3,euclidean,center_quantile_0.8,normalized_union,max_ratio,2.0,1.7932875501546817,0.712,0.852,0.824,0.028
3,euclidean,intent_quantile_0.8,nearest_sphere,none,0.0,1.0407951399824706,0.832,0.852,0.848,0.004
3,euclidean,intent_quantile_0.8,nearest_sphere,none,0.25,1.0407951399824706,0.832,0.852,0.848,0.004
3,euclidean,intent_quantile_0.8,nearest_sphere,none,0.5,1.0407951399824706,0.832,0.852,0.848,0.004
3,euclidean,intent_quantile_0.8,nearest_sphere,none,1.0,1.0407951399824706,0.832,0.852,0.848,0.004
3,euclidean,intent_quantile_0.8,nearest_sphere,none,2.0,1.0407951399824706,0.832,0.852,0.848,0.004
3,euclidean,intent_quantile_0.8,nearest_sphere,ratio,0.0,1.0407951399824706,0.832,0.852,0.848,0.004
3,euclidean,intent_quantile_0.8,nearest_sphere,ratio,0.25,1.259986719799446,0.842,0.852,0.85,0.002
3,euclidean,intent_quantile_0.8,nearest_sphere,ratio,0.5,1.4757725107058839,0.842,0.852,0.85,0.002
3,euclidean,intent_quantile_0.8,nearest_sphere,ratio,1.0,1.9091364241471944,0.842,0.852,0.85,0.002
3,euclidean,intent_quantile_0.8,nearest_sphere,ratio,2.0,2.805642775186698,0.842,0.852,0.85,0.002
3,euclidean,intent_quantile_0.8,nearest_sphere,inverse_margin,0.0,1.0407951399824706,0.832,0.852,0.848,0.004
3,euclidean,intent_quantile_0.8,nearest_sphere,inverse_margin,0.25,3.2049636048850716,0.842,0.852,0.85,0.002
3,euclidean,intent_quantile_0.8,nearest_sphere,inverse_margin,0.5,5.445528906265054,0.842,0.852,0.85,0.002
3,euclidean,intent_quantile_0.8,nearest_sphere,inverse_margin,1.0,9.922588089085945,0.842,0.852,0.85,0.002
3,euclidean,intent_quantile_0.8,nearest_sphere,inverse_margin,2.0,18.742065271471954,0.842,0.852,0.85,0.002
3,euclidean,intent_quantile_0.8,nearest_sphere,max_ratio,0.0,1.0407951399824706,0.832,0.852,0.848,0.004
3,euclidean,intent_quantile_0.8,nearest_sphere,max_ratio,0.25,1.0407951399824706,0.832,0.852,0.848,0.004
3,euclidean,intent_quantile_0.8,nearest_sphere,max_ratio,0.5,1.0407951399824706,0.832,0.852,0.848,0.004
3,euclidean,intent_quantile_0.8,nearest_sphere,max_ratio,1.0,1.0407951399824706,0.832,0.852,0.848,0.004
3,euclidean,intent_quantile_0.8,nearest_sphere,max_ratio,2.0,1.7932875501546817,0.842,0.852,0.85,0.002
3,euclidean,intent_quantile_0.8,normalized_union,none,0.0,1.0375725349141898,0.792,0.852,0.84,0.012
3,euclidean,intent_quantile_0.8,normalized_union,none,0.25,1.0375725349141898,0.792,0.852,0.84,0.012
3,euclidean,intent_quantile_0.8,normalized_union,none,0.5,1.0375725349141898,0.792,0.852,0.84,0.012
3,euclidean,intent_quantile_0.8,normalized_union,none,1.0,1.0375725349141898,0.792,0.852,0.84,0.012
3,euclidean,intent_quantile_0.8,normalized_union,none,2.0,1.0375725349141898,0.792,0.852,0.84,0.012
3,euclidean,intent_quantile_0.8,normalized_union,ratio,0.0,1.0375725349141898,0.792,0.852,0.84,0.012
3,euclidean,intent_quantile_0.8,normalized_union,ratio,0.25,1.2575690568188338,0.812,0.852,0.844,0.008
3,euclidean,intent_quantile_0.8,normalized_union,ratio,0.5,1.4757725107058839,0.842,0.852,0.85,0.002
3,euclidean,intent_quantile_0.8,normalized_union,ratio,1.0,1.9087587888049897,0.832,0.852,0.848,0.004
3,euclidean,intent_quantile_0.8,normalized_union,ratio,2.0,2.805642775186698,0.832,0.852,0.848,0.004
3,euclidean,intent_quantile_0.8,normalized_union,inverse_margin,0.0,1.0375725349141898,0.792,0.852,0.84,0.012
3,euclidean,intent_quantile_0.8,normalized_union,inverse_margin,0.25,3.2000196942266896,0.822,0.852,0.846,0.006
3,euclidean,intent_quantile_0.8,normalized_union,inverse_margin,0.5,5.440875825846441,0.812,0.852,0.844,0.008
3,euclidean,intent_quantile_0.8,normalized_union,inverse_margin,1.0,9.856169378563314,0.802,0.852,0.842,0.01
3,euclidean,intent_quantile_0.8,normalized_union,inverse_margin,2.0,18.53144535490914,0.802,0.852,0.842,0.01
3,euclidean,intent_quantile_0.8,normalized_union,max_ratio,0.0,1.0375725349141898,0.792,0.852,0.84,0.012
3,euclidean,intent_quantile_0.8,normalized_union,max_ratio,0.25,1.0375725349141898,0.792,0.852,0.84,0.012
3,euclidean,intent_quantile_0.8,normalized_union,max_ratio,0.5,1.0375725349141898,0.792,0.852,0.84,0.012
3,euclidean,intent_quantile_0.8,normalized_union,max_ratio,1.0,1.0375725349141898,0.792,0.852,0.84,0.012
3,euclidean,intent_quantile_0.8,normalized_union,max_ratio,2.0,1.7932875501546817,0.802,0.852,0.842,0.01
3,euclidean,center_quantile_0.9,nearest_sphere,none,0.0,0.9758631674468168,0.762,0.852,0.834,0.018
3,euclidean,center_quantile_0.9,nearest_sphere,none,0.25,0.9758631674468168,0.762,0.852,0.834,0.018
3,euclidean,center_quantile_0.9,nearest_sphere,none,0.5,0.9758631674468168,0.762,0.852,0.834,0.018
3,euclidean,center_quantile_0.9,nearest_sphere,none,1.0,0.9758631674468168,0.762,0.852,0.834,0.018
3,euclidean,center_quantile_0.9,nearest_sphere,none,2.0,0.9758631674468168,0.762,0.852,0.834,0.018
3,euclidean,center_quantile_0.9,nearest_sphere,ratio,0.0,0.9758631674468168,0.762,0.852,0.834,0.018
3,euclidean,center_quantile_0.9,nearest_sphere,ratio,0.25,1.18511946919058,0.812,0.852,0.844,0.008
3,euclidean,center_quantile_0.9,nearest_sphere,ratio,0.5,1.4074341004688002,0.822,0.852,0.846,0.006
3,euclidean,center_quantile_0.9,nearest_sphere,ratio,1.0,1.8502519876820227,0.832,0.852,0.848,0.004
3,euclidean,center_quantile_0.9,nearest_sphere,ratio,2.0,2.731177339126707,0.832,0.852,0.848,0.004
3,euclidean,center_quantile_0.9,nearest_sphere,inverse_margin,0.0,0.9758631674468168,0.762,0.852,0.834,0.018
3,euclidean,center_quantile_0.9,nearest_sphere,inverse_margin,0.25,3.1287257730326195,0.842,0.852,0.85,0.002
3,euclidean,center_quantile_0.9,nearest_sphere,inverse_margin,0.5,5.240285027338108,0.842,0.852,0.85,0.002
3,euclidean,center_quantile_0.9,nearest_sphere,inverse_margin,1.0,9.57792301551102,0.842,0.852,0.85,0.002
3,euclidean,center_quantile_0.9,nearest_sphere,inverse_margin,2.0,18.253198991856845,0.842,0.852,0.85,0.002
3,euclidean,center_quantile_0.9,nearest_sphere,max_ratio,0.0,0.9758631674468168,0.762,0.852,0.834,0.018
3,euclidean,center_quantile_0.9,nearest_sphere,max_ratio,0.25,0.9758631674468168,0.762,0.852,0.834,0.018
3,euclidean,center_quantile_0.9,nearest_sphere,max_ratio,0.5,0.9758631674468168,0.762,0.852,0.834,0.018
3,euclidean,center_quantile_0.9,nearest_sphere,max_ratio,1.0,0.9795360968250056,0.802,0.852,0.842,0.01
3,euclidean,center_quantile_0.9,nearest_sphere,max_ratio,2.0,1.7932875501546817,0.842,0.852,0.85,0.002
3,euclidean,center_quantile_0.9,normalized_union,none,0.0,0.9059570833822793,0.792,0.852,0.84,0.012
3,euclidean,center_quantile_0.9,normalized_union,none,0.25,0.9059570833822793,0.792,0.852,0.84,0.012
3,euclidean,center_quantile_0.9,normalized_union,none,0.5,0.9059570833822793,0.792,0.852,0.84,0.012
3,euclidean,center_quantile_0.9,normalized_union,none,1.0,0.9059570833822793,0.792,0.852,0.84,0.012
3,euclidean,center_quantile_0.9,normalized_union,none,2.0,0.9059570833822793,0.792,0.852,0.84,0.012
3,euclidean,center_quantile_0.9,normalized_union,ratio,0.0,0.9059570833822793,0.792,0.852,0.84,0.012
3,euclidean,center_quantile_0.9,normalized_union,ratio,0.25,1.11812487405275,0.812,0.852,0.844,0.008
3,euclidean,center_quantile_0.9,normalized_union,ratio,0.5,1.3380200045035653,0.832,0.852,0.848,0.004
3,euclidean,center_quantile_0.9,normalized_union,ratio,1.0,1.7773159158857392,0.832,0.852,0.848,0.004
3,euclidean,center_quantile_0.9,normalized_union,ratio,2.0,2.689115289827436,0.842,0.852,0.85,0.002
3,euclidean,center_quantile_0.9,normalized_union,inverse_margin,0.0,0.9059570833822793,0.792,0.852,0.84,0.012
3,euclidean,center_quantile_0.9,normalized_union,inverse_margin,0.25,3.0714660332516517,0.842,0.852,0.85,0.002
3,euclidean,center_quantile_0.9,normalized_union,inverse_margin,0.5,5.240285027338108,0.842,0.852,0.85,0.002
3,euclidean,center_quantile_0.9,normalized_union,inverse_margin,1.0,9.57792301551102,0.842,0.852,0.85,0.002
3,euclidean,center_quantile_0.9,normalized_union,inverse_margin,2.0,18.253198991856845,0.842,0.852,0.85,0.002
3,euclidean,center_quantile_0.9,normalized_union,max_ratio,0.0,0.9059570833822793,0.792,0.852,0.84,0.012
3,euclidean,center_quantile_0.9,normalized_union,max_ratio,0.25,0.9059570833822793,0.792,0.852,0.84,0.012
3,euclidean,center_quantile_0.9,normalized_union,max_ratio,0.5,0.9059570833822793,0.792,0.852,0.84,0.012
3,euclidean,center_quantile_0.9,normalized_union,max_ratio,1.0,0.9209961027548191,0.842,0.852,0.85,0.002
3,euclidean,center_quantile_0.9,normalized_union,max_ratio,2.0,1.7932875501546817,0.842,0.852,0.85,0.002
3,euclidean,intent_quantile_0.9,nearest_sphere,none,0.0,0.9609243363429986,0.842,0.852,0.85,0.002
3,euclidean,intent_quantile_0.9,nearest_sphere,none,0.25,0.9609243363429986,0.842,0.852,0.85,0.002
3,euclidean,intent_quantile_0.9,nearest_sphere,none,0.5,0.9609243363429986,0.842,0.852,0.85,0.002
3,euclidean,intent_quantile_0.9,nearest_sphere,none,1.0,0.9609243363429986,0.842,0.852,0.85,0.002
3,euclidean,intent_quantile_0.9,nearest_sphere,none,2.0,0.9609243363429986,0.842,0.852,0.85,0.002
3,euclidean,intent_quantile_0.9,nearest_sphere,ratio,0.0,0.9609243363429986,0.842,0.852,0.85,0.002
3,euclidean,intent_quantile_0.9,nearest_sphere,ratio,0.25,1.179576021157367,0.842,0.852,0.85,0.002
3,euclidean,intent_quantile_0.9,nearest_sphere,ratio,0.5,1.4040174757410502,0.842,0.852,0.85,0.002
3,euclidean,intent_quantile_0.9,nearest_sphere,ratio,1.0,1.8387424042573142,0.842,0.852,0.85,0.002
3,euclidean,intent_quantile_0.9,nearest_sphere,ratio,2.0,2.7441976664854186,0.842,0.852,0.85,0.002
3,euclidean,intent_quantile_0.9,nearest_sphere,inverse_margin,0.0,0.9609243363429986,0.842,0.852,0.85,0.002
3,euclidean,intent_quantile_0.9,nearest_sphere,inverse_margin,0.25,3.1423027057162622,0.842,0.852,0.85,0.002
3,euclidean,intent_quantile_0.9,nearest_sphere,inverse_margin,0.5,5.374603603514419,0.842,0.852,0.85,0.002
3,euclidean,intent_quantile_0.9,nearest_sphere,inverse_margin,1.0,9.748955098343735,0.842,0.852,0.85,0.002
3,euclidean,intent_quantile_0.9,nearest_sphere,inverse_margin,2.0,18.424231074689562,0.842,0.852,0.85,0.002
3,euclidean,intent_quantile_0.9,nearest_sphere,max_ratio,0.0,0.9609243363429986,0.842,0.852,0.85,0.002
3,euclidean,intent_quantile_0.9,nearest_sphere,max_ratio,0.25,0.9609243363429986,0.842,0.852,0.85,0.002
3,euclidean,intent_quantile_0.9,nearest_sphere,max_ratio,0.5,0.9609243363429986,0.842,0.852,0.85,0.002
3,euclidean,intent_quantile_0.9,nearest_sphere,max_ratio,1.0,0.9653772415917459,0.842,0.852,0.85,0.002
3,euclidean,intent_quantile_0.9,nearest_sphere,max_ratio,2.0,1.7932875501546817,0.842,0.852,0.85,0.002
3,euclidean,intent_quantile_0.9,normalized_union,none,0.0,0.958849386286032,0.812,0.852,0.844,0.008
3,euclidean,intent_quantile_0.9,normalized_union,none,0.25,0.958849386286032,0.812,0.852,0.844,0.008
3,euclidean,intent_quantile_0.9,normalized_union,none,0.5,0.958849386286032,0.812,0.852,0.844,0.008
3,euclidean,intent_quantile_0.9,normalized_union,none,1.0,0.958849386286032,0.812,0.852,0.844,0.008
3,euclidean,intent_quantile_0.9,normalized_union,none,2.0,0.958849386286032,0.812,0.852,0.844,0.008
3,euclidean,intent_quantile_0.9,normalized_union,ratio,0.0,0.958849386286032,0.812,0.852,0.844,0.008
3,euclidean,intent_quantile_0.9,normalized_union,ratio,0.25,1.1777188170150117,0.822,0.852,0.846,0.006
3,euclidean,intent_quantile_0.9,normalized_union,ratio,0.5,1.4040174757410502,0.842,0.852,0.85,0.002
3,euclidean,intent_quantile_0.9,normalized_union,ratio,1.0,1.8387424042573142,0.842,0.852,0.85,0.002
3,euclidean,intent_quantile_0.9,normalized_union,ratio,2.0,2.7441976664854186,0.842,0.852,0.85,0.002
3,euclidean,intent_quantile_0.9,normalized_union,inverse_margin,0.0,0.958849386286032,0.812,0.852,0.844,0.008
3,euclidean,intent_quantile_0.9,normalized_union,inverse_margin,0.25,3.1423027057162622,0.842,0.852,0.85,0.002
3,euclidean,intent_quantile_0.9,normalized_union,inverse_margin,0.5,5.374603603514419,0.842,0.852,0.85,0.002
3,euclidean,intent_quantile_0.9,normalized_union,inverse_margin,1.0,9.748955098343735,0.842,0.852,0.85,0.002
3,euclidean,intent_quantile_0.9,normalized_union,inverse_margin,2.0,18.424231074689562,0.842,0.852,0.85,0.002
3,euclidean,intent_quantile_0.9,normalized_union,max_ratio,0.0,0.958849386286032,0.812,0.852,0.844,0.008
3,euclidean,intent_quantile_0.9,normalized_union,max_ratio,0.25,0.958849386286032,0.812,0.852,0.844,0.008
3,euclidean,intent_quantile_0.9,normalized_union,max_ratio,0.5,0.958849386286032,0.812,0.852,0.844,0.008
3,euclidean,intent_quantile_0.9,normalized_union,max_ratio,1.0,0.9634347392650219,0.832,0.852,0.848,0.004
3,euclidean,intent_quantile_0.9,normalized_union,max_ratio,2.0,1.7932875501546817,0.842,0.852,0.85,0.002
3,euclidean,center_quantile_0.95,nearest_sphere,none,0.0,0.9407396471660118,0.792,0.852,0.84,0.012
3,euclidean,center_quantile_0.95,nearest_sphere,none,0.25,0.9407396471660118,0.792,0.852,0.84,0.012
3,euclidean,center_quantile_0.95,nearest_sphere,none,0.5,0.9407396471660118,0.792,0.852,0.84,0.012
3,euclidean,center_quantile_0.95,nearest_sphere,none,1.0,0.9407396471660118,0.792,0.852,0.84,0.012
3,euclidean,center_quantile_0.95,nearest_sphere,none,2.0,0.9407396471660118,0.792,0.852,0.84,0.012
3,euclidean,center_quantile_0.95,nearest_sphere,ratio,0.0,0.9407396471660118,0.792,0.852,0.84,0.012
3,euclidean,center_quantile_0.95,nearest_sphere,ratio,0.25,1.1545872427220267,0.822,0.852,0.846,0.006
3,euclidean,center_quantile_0.95,nearest_sphere,ratio,0.5,1.368300424473803,0.822,0.852,0.846,0.006
3,euclidean,center_quantile_0.95,nearest_sphere,ratio,1.0,1.8103608584559168,0.832,0.852,0.848,0.004
3,euclidean,center_quantile_0.95,nearest_sphere,ratio,2.0,2.6919879349378473,0.832,0.852,0.848,0.004
3,euclidean,center_quantile_0.95,nearest_sphere,inverse_margin,0.0,0.9407396471660118,0.792,0.852,0.84,0.012
3,euclidean,center_quantile_0.95,nearest_sphere,inverse_margin,0.25,3.0964451683449865,0.842,0.852,0.85,0.002
3,euclidean,center_quantile_0.95,nearest_sphere,inverse_margin,0.5,5.209580889834949,0.842,0.852,0.85,0.002
3,euclidean,center_quantile_0.95,nearest_sphere,inverse_margin,1.0,9.547218878007861,0.842,0.852,0.85,0.002
3,euclidean,center_quantile_0.95,nearest_sphere,inverse_margin,2.0,18.222494854353684,0.842,0.852,0.85,0.002
3,euclidean,center_quantile_0.95,nearest_sphere,max_ratio,0.0,0.9407396471660118,0.792,0.852,0.84,0.012
3,euclidean,center_quantile_0.95,nearest_sphere,max_ratio,0.25,0.9407396471660118,0.792,0.852,0.84,0.012
3,euclidean,center_quantile_0.95,nearest_sphere,max_ratio,0.5,0.9407396471660118,0.792,0.852,0.84,0.012
3,euclidean,center_quantile_0.95,nearest_sphere,max_ratio,1.0,0.9576824284581306,0.822,0.852,0.846,0.006
3,euclidean,center_quantile_0.95,nearest_sphere,max_ratio,2.0,1.7932875501546817,0.842,0.852,0.85,0.002
3,euclidean,center_quantile_0.95,normalized_union,none,0.0,0.8865331977642882,0.802,0.852,0.842,0.01
3,euclidean,center_quantile_0.95,normalized_union,none,0.25,0.8865331977642882,0.802,0.852,0.842,0.01
3,euclidean,center_quantile_0.95,normalized_union,none,0.5,0.8865331977642882,0.802,0.852,0.842,0.01
3,euclidean,center_quantile_0.95,normalized_union,none,1.0,0.8865331977642882,0.802,0.852,0.842,0.01
3,euclidean,center_quantile_0.95,normalized_union,none,2.0,0.8865331977642882,0.802,0.852,0.842,0.01
3,euclidean,center_quantile_0.95,normalized_union,ratio,0.0,0.8865331977642882,0.802,0.852,0.842,0.01
3,euclidean,center_quantile_0.95,normalized_union,ratio,0.25,1.1001290443699971,0.822,0.852,0.846,0.006
3,euclidean,center_quantile_0.95,normalized_union,ratio,0.5,1.3204902286161588,0.822,0.852,0.846,0.006
3,euclidean,center_quantile_0.95,normalized_union,ratio,1.0,1.765789996234457,0.822,0.852,0.846,0.006
3,euclidean,center_quantile_0.95,normalized_union,ratio,2.0,2.6652304518167176,0.842,0.852,0.85,0.002
3,euclidean,center_quantile_0.95,normalized_union,inverse_margin,0.0,0.8865331977642882,0.802,0.852,0.842,0.01
3,euclidean,center_quantile_0.95,normalized_union,inverse_margin,0.25,3.040761895748492,0.842,0.852,0.85,0.002
3,euclidean,center_quantile_0.95,normalized_union,inverse_margin,0.5,5.209580889834949,0.842,0.852,0.85,0.002
3,euclidean,center_quantile_0.95,normalized_union,inverse_margin,1.0,9.547218878007861,0.842,0.852,0.85,0.002
3,euclidean,center_quantile_0.95,normalized_union,inverse_margin,2.0,18.222494854353684,0.842,0.852,0.85,0.002
3,euclidean,center_quantile_0.95,normalized_union,max_ratio,0.0,0.8865331977642882,0.802,0.852,0.842,0.01
3,euclidean,center_quantile_0.95,normalized_union,max_ratio,0.25,0.8865331977642882,0.802,0.852,0.842,0.01
3,euclidean,center_quantile_0.95,normalized_union,max_ratio,0.5,0.8865331977642882,0.802,0.852,0.842,0.01
3,euclidean,center_quantile_0.95,normalized_union,max_ratio,1.0,0.9070500136758138,0.842,0.852,0.85,0.002
3,euclidean,center_quantile_0.95,normalized_union,max_ratio,2.0,1.7932875501546817,0.842,0.852,0.85,0.002
3,euclidean,intent_quantile_0.95,nearest_sphere,none,0.0,0.9128442549495766,0.832,0.852,0.848,0.004
3,euclidean,intent_quantile_0.95,nearest_sphere,none,0.25,0.9128442549495766,0.832,0.852,0.848,0.004
3,euclidean,intent_quantile_0.95,nearest_sphere,none,0.5,0.9128442549495766,0.832,0.852,0.848,0.004
3,euclidean,intent_quantile_0.95,nearest_sphere,none,1.0,0.9128442549495766,0.832,0.852,0.848,0.004
3,euclidean,intent_quantile_0.95,nearest_sphere,none,2.0,0.9128442549495766,0.832,0.852,0.848,0.004
3,euclidean,intent_quantile_0.95,nearest_sphere,ratio,0.0,0.9128442549495766,0.832,0.852,0.848,0.004
3,euclidean,intent_quantile_0.95,nearest_sphere,ratio,0.25,1.138518754149575,0.832,0.852,0.848,0.004
3,euclidean,intent_quantile_0.95,nearest_sphere,ratio,0.5,1.362013149533352,0.842,0.852,0.85,0.002
3,euclidean,intent_quantile_0.95,nearest_sphere,ratio,1.0,1.7991767484018746,0.842,0.852,0.85,0.002
3,euclidean,intent_quantile_0.95,nearest_sphere,ratio,2.0,2.7030186844164876,0.842,0.852,0.85,0.002
3,euclidean,intent_quantile_0.95,nearest_sphere,inverse_margin,0.0,0.9128442549495766,0.832,0.852,0.848,0.004
3,euclidean,intent_quantile_0.95,nearest_sphere,inverse_margin,0.25,3.0955762840728482,0.842,0.852,0.85,0.002
3,euclidean,intent_quantile_0.95,nearest_sphere,inverse_margin,0.5,5.3173078535611324,0.842,0.852,0.85,0.002
3,euclidean,intent_quantile_0.95,nearest_sphere,inverse_margin,1.0,9.654945841734044,0.842,0.852,0.85,0.002
3,euclidean,intent_quantile_0.95,nearest_sphere,inverse_margin,2.0,18.33022181807987,0.842,0.852,0.85,0.002
3,euclidean,intent_quantile_0.95,nearest_sphere,max_ratio,0.0,0.9128442549495766,0.832,0.852,0.848,0.004
3,euclidean,intent_quantile_0.95,nearest_sphere,max_ratio,0.25,0.9128442549495766,0.832,0.852,0.848,0.004
3,euclidean,intent_quantile_0.95,nearest_sphere,max_ratio,0.5,0.9128442549495766,0.832,0.852,0.848,0.004
3,euclidean,intent_quantile_0.95,nearest_sphere,max_ratio,1.0,0.9307998860188438,0.842,0.852,0.85,0.002
3,euclidean,intent_quantile_0.95,nearest_sphere,max_ratio,2.0,1.7932875501546817,0.842,0.852,0.85,0.002
3,euclidean,intent_quantile_0.95,normalized_union,none,0.0,0.9086620852707848,0.802,0.852,0.842,0.01
3,euclidean,intent_quantile_0.95,normalized_union,none,0.25,0.9086620852707848,0.802,0.852,0.842,0.01
3,euclidean,intent_quantile_0.95,normalized_union,none,0.5,0.9086620852707848,0.802,0.852,0.842,0.01
3,euclidean,intent_quantile_0.95,normalized_union,none,1.0,0.9086620852707848,0.802,0.852,0.842,0.01
3,euclidean,intent_quantile_0.95,normalized_union,none,2.0,0.9086620852707848,0.802,0.852,0.842,0.01
3,euclidean,intent_quantile_0.95,normalized_union,ratio,0.0,0.9086620852707848,0.802,0.852,0.842,0.01
3,euclidean,intent_quantile_0.95,normalized_union,ratio,0.25,1.135559754194888,0.822,0.852,0.846,0.006
3,euclidean,intent_quantile_0.95,normalized_union,ratio,0.5,1.362013149533352,0.842,0.852,0.85,0.002
3,euclidean,intent_quantile_0.95,normalized_union,ratio,1.0,1.7991767484018746,0.842,0.852,0.85,0.002
3,euclidean,intent_quantile_0.95,normalized_union,ratio,2.0,2.7030186844164876,0.842,0.852,0.85,0.002
3,euclidean,intent_quantile_0.95,normalized_union,inverse_margin,0.0,0.9086620852707848,0.802,0.852,0.842,0.01
3,euclidean,intent_quantile_0.95,normalized_union,inverse_margin,0.25,3.0955762840728482,0.842,0.852,0.85,0.002
3,euclidean,intent_quantile_0.95,normalized_union,inverse_margin,0.5,5.3173078535611324,0.842,0.852,0.85,0.002
3,euclidean,intent_quantile_0.95,normalized_union,inverse_margin,1.0,9.654945841734044,0.842,0.852,0.85,0.002
3,euclidean,intent_quantile_0.95,normalized_union,inverse_margin,2.0,18.33022181807987,0.842,0.852,0.85,0.002
3,euclidean,intent_quantile_0.95,normalized_union,max_ratio,0.0,0.9086620852707848,0.802,0.852,0.842,0.01
3,euclidean,intent_quantile_0.95,normalized_union,max_ratio,0.25,0.9086620852707848,0.802,0.852,0.842,0.01
3,euclidean,intent_quantile_0.95,normalized_union,max_ratio,0.5,0.9086620852707848,0.802,0.852,0.842,0.01
3,euclidean,intent_quantile_0.95,normalized_union,max_ratio,1.0,0.9307998860188438,0.842,0.852,0.85,0.002
3,euclidean,intent_quantile_0.95,normalized_union,max_ratio,2.0,1.7932875501546817,0.842,0.852,0.85,0.002
3,euclidean,center_quantile_0.99,nearest_sphere,none,0.0,0.8948243857122813,0.812,0.852,0.844,0.008
3,euclidean,center_quantile_0.99,nearest_sphere,none,0.25,0.8948243857122813,0.812,0.852,0.844,0.008
3,euclidean,center_quantile_0.99,nearest_sphere,none,0.5,0.8948243857122813,0.812,0.852,0.844,0.008
3,euclidean,center_quantile_0.99,nearest_sphere,none,1.0,0.8948243857122813,0.812,0.852,0.844,0.008
3,euclidean,center_quantile_0.99,nearest_sphere,none,2.0,0.8948243857122813,0.812,0.852,0.844,0.008
3,euclidean,center_quantile_0.99,nearest_sphere,ratio,0.0,0.8948243857122813,0.812,0.852,0.844,0.008
3,euclidean,center_quantile_0.99,nearest_sphere,ratio,0.25,1.1099850472794295,0.822,0.852,0.846,0.006
3,euclidean,center_quantile_0.99,nearest_sphere,ratio,0.5,1.329297693644753,0.822,0.852,0.846,0.006
3,euclidean,center_quantile_0.99,nearest_sphere,ratio,1.0,1.7683379284070742,0.832,0.852,0.848,0.004
3,euclidean,center_quantile_0.99,nearest_sphere,ratio,2.0,2.659234067848769,0.842,0.852,0.85,0.002
3,euclidean,center_quantile_0.99,nearest_sphere,inverse_margin,0.0,0.8948243857122813,0.812,0.852,0.844,0.008
3,euclidean,center_quantile_0.99,nearest_sphere,inverse_margin,0.25,3.047722909951596,0.842,0.852,0.85,0.002
3,euclidean,center_quantile_0.99,nearest_sphere,inverse_margin,0.5,5.199590238412185,0.842,0.852,0.85,0.002
3,euclidean,center_quantile_0.99,nearest_sphere,inverse_margin,1.0,9.537228226585098,0.842,0.852,0.85,0.002
3,euclidean,center_quantile_0.99,nearest_sphere,inverse_margin,2.0,18.212504202930923,0.842,0.852,0.85,0.002
3,euclidean,center_quantile_0.99,nearest_sphere,max_ratio,0.0,0.8948243857122813,0.812,0.852,0.844,0.008
3,euclidean,center_quantile_0.99,nearest_sphere,max_ratio,0.25,0.8948243857122813,0.812,0.852,0.844,0.008
3,euclidean,center_quantile_0.99,nearest_sphere,max_ratio,0.5,0.8948243857122813,0.812,0.852,0.844,0.008
3,euclidean,center_quantile_0.99,nearest_sphere,max_ratio,1.0,0.9273536839348203,0.842,0.852,0.85,0.002
3,euclidean,center_quantile_0.99,nearest_sphere,max_ratio,2.0,1.7932875501546817,0.842,0.852,0.85,0.002
3,euclidean,center_quantile_0.99,normalized_union,none,0.0,0.8624159873330985,0.802,0.852,0.842,0.01
3,euclidean,center_quantile_0.99,normalized_union,none,0.25,0.8624159873330985,0.802,0.852,0.842,0.01
3,euclidean,center_quantile_0.99,normalized_union,none,0.5,0.8624159873330985,0.802,0.852,0.842,0.01
3,euclidean,center_quantile_0.99,normalized_union,none,1.0,0.8624159873330985,0.802,0.852,0.842,0.01
3,euclidean,center_quantile_0.99,normalized_union,none,2.0,0.8624159873330985,0.802,0.852,0.842,0.01
3,euclidean,center_quantile_0.99,normalized_union,ratio,0.0,0.8624159873330985,0.802,0.852,0.842,0.01
3,euclidean,center_quantile_0.99,normalized_union,ratio,0.25,1.0771024351529646,0.822,0.852,0.846,0.006
3,euclidean,center_quantile_0.99,normalized_union,ratio,0.5,1.2975221828465633,0.822,0.852,0.846,0.006
3,euclidean,center_quantile_0.99,normalized_union,ratio,1.0,1.7450711039678881,0.822,0.852,0.846,0.006
3,euclidean,center_quantile_0.99,normalized_union,ratio,2.0,2.6459885494720963,0.832,0.852,0.848,0.004
3,euclidean,center_quantile_0.99,normalized_union,inverse_margin,0.0,0.8624159873330985,0.802,0.852,0.842,0.01
3,euclidean,center_quantile_0.99,normalized_union,inverse_margin,0.25,3.030771244325729,0.842,0.852,0.85,0.002
3,euclidean,center_quantile_0.99,normalized_union,inverse_margin,0.5,5.199590238412185,0.842,0.852,0.85,0.002
3,euclidean,center_quantile_0.99,normalized_union,inverse_margin,1.0,9.537228226585098,0.842,0.852,0.85,0.002
3,euclidean,center_quantile_0.99,normalized_union,inverse_margin,2.0,18.212504202930923,0.842,0.852,0.85,0.002
3,euclidean,center_quantile_0.99,normalized_union,max_ratio,0.0,0.8624159873330985,0.802,0.852,0.842,0.01
3,euclidean,center_quantile_0.99,normalized_union,max_ratio,0.25,0.8624159873330985,0.802,0.852,0.842,0.01
3,euclidean,center_quantile_0.99,normalized_union,max_ratio,0.5,0.8624159873330985,0.802,0.852,0.842,0.01
3,euclidean,center_quantile_0.99,normalized_union,max_ratio,1.0,0.9002735084677673,0.842,0.852,0.85,0.002
3,euclidean,center_quantile_0.99,normalized_union,max_ratio,2.0,1.7932875501546817,0.842,0.852,0.85,0.002
3,euclidean,intent_quantile_0.99,nearest_sphere,none,0.0,0.8667632568093561,0.832,0.852,0.848,0.004
3,euclidean,intent_quantile_0.99,nearest_sphere,none,0.25,0.8667632568093561,0.832,0.852,0.848,0.004
3,euclidean,intent_quantile_0.99,nearest_sphere,none,0.5,0.8667632568093561,0.832,0.852,0.848,0.004
3,euclidean,intent_quantile_0.99,nearest_sphere,none,1.0,0.8667632568093561,0.832,0.852,0.848,0.004
3,euclidean,intent_quantile_0.99,nearest_sphere,none,2.0,0.8667632568093561,0.832,0.852,0.848,0.004
3,euclidean,intent_quantile_0.99,nearest_sphere,ratio,0.0,0.8667632568093561,0.832,0.852,0.848,0.004
3,euclidean,intent_quantile_0.99,nearest_sphere,ratio,0.25,1.090235081740786,0.832,0.852,0.848,0.004
3,euclidean,intent_quantile_0.99,nearest_sphere,ratio,0.5,1.3138020159445323,0.832,0.852,0.848,0.004
3,euclidean,intent_quantile_0.99,nearest_sphere,ratio,1.0,1.7602958350764286,0.842,0.852,0.85,0.002
3,euclidean,intent_quantile_0.99,nearest_sphere,ratio,2.0,2.6561636056351325,0.842,0.852,0.85,0.002
3,euclidean,intent_quantile_0.99,nearest_sphere,inverse_margin,0.0,0.8667632568093561,0.832,0.852,0.848,0.004
3,euclidean,intent_quantile_0.99,nearest_sphere,inverse_margin,0.25,3.048529024162921,0.842,0.852,0.85,0.002
3,euclidean,intent_quantile_0.99,nearest_sphere,inverse_margin,0.5,5.248565007532716,0.842,0.852,0.85,0.002
3,euclidean,intent_quantile_0.99,nearest_sphere,inverse_margin,1.0,9.586202995705628,0.842,0.852,0.85,0.002
3,euclidean,intent_quantile_0.99,nearest_sphere,inverse_margin,2.0,18.261478972051453,0.842,0.852,0.85,0.002
3,euclidean,intent_quantile_0.99,nearest_sphere,max_ratio,0.0,0.8667632568093561,0.832,0.852,0.848,0.004
3,euclidean,intent_quantile_0.99,nearest_sphere,max_ratio,0.25,0.8667632568093561,0.832,0.852,0.848,0.004
3,euclidean,intent_quantile_0.99,nearest_sphere,max_ratio,0.5,0.8667632568093561,0.832,0.852,0.848,0.004
3,euclidean,intent_quantile_0.99,nearest_sphere,max_ratio,1.0,0.9018625913597459,0.842,0.852,0.85,0.002
3,euclidean,intent_quantile_0.99,nearest_sphere,max_ratio,2.0,1.7932875501546817,0.842,0.852,0.85,0.002
3,euclidean,intent_quantile_0.99,normalized_union,none,0.0,0.8667261150658121,0.812,0.852,0.844,0.008
3,euclidean,intent_quantile_0.99,normalized_union,none,0.25,0.8667261150658121,0.812,0.852,0.844,0.008
3,euclidean,intent_quantile_0.99,normalized_union,none,0.5,0.8667261150658121,0.812,0.852,0.844,0.008
3,euclidean,intent_quantile_0.99,normalized_union,none,1.0,0.8667261150658121,0.812,0.852,0.844,0.008
3,euclidean,intent_quantile_0.99,normalized_union,none,2.0,0.8667261150658121,0.812,0.852,0.844,0.008
3,euclidean,intent_quantile_0.99,normalized_union,ratio,0.0,0.8667261150658121,0.812,0.852,0.844,0.008
3,euclidean,intent_quantile_0.99,normalized_union,ratio,0.25,1.090235081740786,0.832,0.852,0.848,0.004
3,euclidean,intent_quantile_0.99,normalized_union,ratio,0.5,1.3138020159445323,0.832,0.852,0.848,0.004
3,euclidean,intent_quantile_0.99,normalized_union,ratio,1.0,1.7602958350764286,0.842,0.852,0.85,0.002
3,euclidean,intent_quantile_0.99,normalized_union,ratio,2.0,2.6561636056351325,0.842,0.852,0.85,0.002
3,euclidean,intent_quantile_0.99,normalized_union,inverse_margin,0.0,0.8667261150658121,0.812,0.852,0.844,0.008
3,euclidean,intent_quantile_0.99,normalized_union,inverse_margin,0.25,3.048529024162921,0.842,0.852,0.85,0.002
3,euclidean,intent_quantile_0.99,normalized_union,inverse_margin,0.5,5.248565007532716,0.842,0.852,0.85,0.002
3,euclidean,intent_quantile_0.99,normalized_union,inverse_margin,1.0,9.586202995705628,0.842,0.852,0.85,0.002
3,euclidean,intent_quantile_0.99,normalized_union,inverse_margin,2.0,18.261478972051453,0.842,0.852,0.85,0.002
3,euclidean,intent_quantile_0.99,normalized_union,max_ratio,0.0,0.8667261150658121,0.812,0.852,0.844,0.008
3,euclidean,intent_quantile_0.99,normalized_union,max_ratio,0.25,0.8667261150658121,0.812,0.852,0.844,0.008
3,euclidean,intent_quantile_0.99,normalized_union,max_ratio,0.5,0.8667261150658121,0.812,0.852,0.844,0.008
3,euclidean,intent_quantile_0.99,normalized_union,max_ratio,1.0,0.9018625913597459,0.842,0.852,0.85,0.002
3,euclidean,intent_quantile_0.99,normalized_union,max_ratio,2.0,1.7932875501546817,0.842,0.852,0.85,0.002
3,mahalanobis_diag,mean_std_0.0,nearest_sphere,none,0.0,1.0199251191141925,0.742,0.852,0.83,0.022
3,mahalanobis_diag,mean_std_0.0,nearest_sphere,none,0.25,1.0199251191141925,0.742,0.852,0.83,0.022
3,mahalanobis_diag,mean_std_0.0,nearest_sphere,none,0.5,1.0199251191141925,0.742,0.852,0.83,0.022
3,mahalanobis_diag,mean_std_0.0,nearest_sphere,none,1.0,1.0199251191141925,0.742,0.852,0.83,0.022
3,mahalanobis_diag,mean_std_0.0,nearest_sphere,none,2.0,1.0199251191141925,0.742,0.852,0.83,0.022
3,mahalanobis_diag,mean_std_0.0,nearest_sphere,ratio,0.0,1.0199251191141925,0.742,0.852,0.83,0.022
3,mahalanobis_diag,mean_std_0.0,nearest_sphere,ratio,0.25,1.2567386242285328,0.762,0.852,0.834,0.018
3,mahalanobis_diag,mean_std_0.0,nearest_sphere,ratio,0.5,1.4915596528258996,0.762,0.852,0.834,0.018
3,mahalanobis_diag,mean_std_0.0,nearest_sphere,ratio,1.0,1.960929081879835,0.762,0.852,0.834,0.018
3,mahalanobis_diag,mean_std_0.0,nearest_sphere,ratio,2.0,2.912264615757958,0.792,0.852,0.84,0.012
3,mahalanobis_diag,mean_std_0.0,nearest_sphere,inverse_margin,0.0,1.0199251191141925,0.742,0.852,0.83,0.022
3,mahalanobis_diag,mean_std_0.0,nearest_sphere,inverse_margin,0.25,5.469158621008888,0.812,0.852,0.844,0.008
3,mahalanobis_diag,mean_std_0.0,nearest_sphere,inverse_margin,0.5,9.935364648691335,0.812,0.852,0.844,0.008
3,mahalanobis_diag,mean_std_0.0,nearest_sphere,inverse_margin,1.0,18.867776704056233,0.812,0.852,0.844,0.008
3,mahalanobis_diag,mean_std_0.0,nearest_sphere,inverse_margin,2.0,36.732600814786025,0.812,0.852,0.844,0.008
3,mahalanobis_diag,mean_std_0.0,nearest_sphere,max_ratio,0.0,1.0199251191141925,0.742,0.852,0.83,0.022
3,mahalanobis_diag,mean_std_0.0,nearest_sphere,max_ratio,0.25,1.0199251191141925,0.742,0.852,0.83,0.022
3,mahalanobis_diag,mean_std_0.0,nearest_sphere,max_ratio,0.5,1.0199251191141925,0.742,0.852,0.83,0.022
3,mahalanobis_diag,mean_std_0.0,nearest_sphere,max_ratio,1.0,1.0199251191141925,0.742,0.852,0.83,0.022
3,mahalanobis_diag,mean_std_0.0,nearest_sphere,max_ratio,2.0,1.8939825789914226,0.812,0.852,0.844,0.008
3,mahalanobis_diag,mean_std_0.0,normalized_union,none,0.0,1.0199251191141925,0.702,0.852,0.822,0.03
3,mahalanobis_diag,mean_std_0.0,normalized_union,none,0.25,1.0199251191141925,0.702,0.852,0.822,0.03
3,mahalanobis_diag,mean_std_0.0,normalized_union,none,0.5,1.0199251191141925,0.702,0.852,0.822,0.03
3,mahalanobis_diag,mean_std_0.0,normalized_union,none,1.0,1.0199251191141925,0.702,0.852,0.822,0.03
3,mahalanobis_diag,mean_std_0.0,normalized_union,none,2.0,1.0199251191141925,0.702,0.852,0.822,0.03
3,mahalanobis_diag,mean_std_0.0,normalized_union,ratio,0.0,1.0199251191141925,0.702,0.852,0.822,0.03
3,mahalanobis_diag,mean_std_0.0,normalized_union,ratio,0.25,1.2561934056946555,0.732,0.852,0.828,0.024
3,mahalanobis_diag,mean_std_0.0,normalized_union,ratio,0.5,1.4911052977563821,0.742,0.852,0.83,0.022
3,mahalanobis_diag,mean_std_0.0,normalized_union,ratio,1.0,1.960929081879835,0.752,0.852,0.832,0.02
3,mahalanobis_diag,mean_std_0.0,normalized_union,ratio,2.0,2.912264615757958,0.792,0.852,0.84,0.012
3,mahalanobis_diag,mean_std_0.0,normalized_union,inverse_margin,0.0,1.0199251191141925,0.702,0.852,0.822,0.03
3,mahalanobis_diag,mean_std_0.0,normalized_union,inverse_margin,0.25,5.469158621008888,0.812,0.852,0.844,0.008
3,mahalanobis_diag,mean_std_0.0,normalized_union,inverse_margin,0.5,9.935364648691335,0.812,0.852,0.844,0.008
3,mahalanobis_diag,mean_std_0.0,normalized_union,inverse_margin,1.0,18.867776704056233,0.812,0.852,0.844,0.008
3,mahalanobis_diag,mean_std_0.0,normalized_union,inverse_margin,2.0,36.732600814786025,0.812,0.852,0.844,0.008
3,mahalanobis_diag,mean_std_0.0,normalized_union,max_ratio,0.0,1.0199251191141925,0.702,0.852,0.822,0.03
3,mahalanobis_diag,mean_std_0.0,normalized_union,max_ratio,0.25,1.0199251191141925,0.702,0.852,0.822,0.03
3,mahalanobis_diag,mean_std_0.0,normalized_union,max_ratio,0.5,1.0199251191141925,0.702,0.852,0.822,0.03
3,mahalanobis_diag,mean_std_0.0,normalized_union,max_ratio,1.0,1.0199251191141925,0.702,0.852,0.822,0.03
3,mahalanobis_diag,mean_std_0.0,normalized_union,max_ratio,2.0,1.8939825789914226,0.812,0.852,0.844,0.008
3,mahalanobis_diag,mean_std_0.25,nearest_sphere,none,0.0,0.9963567414191956,0.762,0.852,0.834,0.018
3,mahalanobis_diag,mean_std_0.25,nearest_sphere,none,0.25,0.9963567414191956,0.762,0.852,0.834,0.018
3,mahalanobis_diag,mean_std_0.25,nearest_sphere,none,0.5,0.9963567414191956,0.762,0.852,0.834,0.018
3,mahalanobis_diag,mean_std_0.25,nearest_sphere,none,1.0,0.9963567414191956,0.762,0.852,0.834,0.018
3,mahalanobis_diag,mean_std_0.25,nearest_sphere,none,2.0,0.9963567414191956,0.762,0.852,0.834,0.018
3,mahalanobis_diag,mean_std_0.25,nearest_sphere,ratio,0.0,0.9963567414191956,0.762,0.852,0.834,0.018
3,mahalanobis_diag,mean_std_0.25,nearest_sphere,ratio,0.25,1.2307444031676897,0.762,0.852,0.834,0.018
3,mahalanobis_diag,mean_std_0.25,nearest_sphere,ratio,0.5,1.466296488388996,0.762,0.852,0.834,0.018
3,mahalanobis_diag,mean_std_0.25,nearest_sphere,ratio,1.0,1.9348817843482706,0.762,0.852,0.834,0.018
3,mahalanobis_diag,mean_std_0.25,nearest_sphere,ratio,2.0,2.8827255284180273,0.802,0.852,0.842,0.01
3,mahalanobis_diag,mean_std_0.25,nearest_sphere,inverse_margin,0.0,0.9963567414191956,0.762,0.852,0.834,0.018
3,mahalanobis_diag,mean_std_0.25,nearest_sphere,inverse_margin,0.25,5.429818839441261,0.812,0.852,0.844,0.008
3,mahalanobis_diag,mean_std_0.25,nearest_sphere,inverse_margin,0.5,9.89602486712371,0.812,0.852,0.844,0.008
3,mahalanobis_diag,mean_std_0.25,nearest_sphere,inverse_margin,1.0,18.828436922488606,0.812,0.852,0.844,0.008
3,mahalanobis_diag,mean_std_0.25,nearest_sphere,inverse_margin,2.0,36.6932610332184,0.812,0.852,0.844,0.008
3,mahalanobis_diag,mean_std_0.25,nearest_sphere,max_ratio,0.0,0.9963567414191956,0.762,0.852,0.834,0.018
3,mahalanobis_diag,mean_std_0.25,nearest_sphere,max_ratio,0.25,0.9963567414191956,0.762,0.852,0.834,0.018
3,mahalanobis_diag,mean_std_0.25,nearest_sphere,max_ratio,0.5,0.9963567414191956,0.762,0.852,0.834,0.018
3,mahalanobis_diag,mean_std_0.25,nearest_sphere,max_ratio,1.0,0.9969199817029295,0.762,0.852,0.834,0.018
3,mahalanobis_diag,mean_std_0.25,nearest_sphere,max_ratio,2.0,1.8939825789914226,0.812,0.852,0.844,0.008
3,mahalanobis_diag,mean_std_0.25,normalized_union,none,0.0,0.9963567414191956,0.762,0.852,0.834,0.018
3,mahalanobis_diag,mean_std_0.25,normalized_union,none,0.25,0.9963567414191956,0.762,0.852,0.834,0.018
3,mahalanobis_diag,mean_std_0.25,normalized_union,none,0.5,0.9963567414191956,0.762,0.852,0.834,0.018
3,mahalanobis_diag,mean_std_0.25,normalized_union,none,1.0,0.9963567414191956,0.762,0.852,0.834,0.018
3,mahalanobis_diag,mean_std_0.25,normalized_union,none,2.0,0.9963567414191956,0.762,0.852,0.834,0.018
3,mahalanobis_diag,mean_std_0.25,normalized_union,ratio,0.0,0.9963567414191956,0.762,0.852,0.834,0.018
3,mahalanobis_diag,mean_std_0.25,normalized_union,ratio,0.25,1.2307444031676897,0.762,0.852,0.834,0.018
3,mahalanobis_diag,mean_std_0.25,normalized_union,ratio,0.5,1.466296488388996,0.762,0.852,0.834,0.018
3,mahalanobis_diag,mean_std_0.25,normalized_union,ratio,1.0,1.9348817843482706,0.762,0.852,0.834,0.018
3,mahalanobis_diag,mean_std_0.25,normalized_union,ratio,2.0,2.8827255284180273,0.802,0.852,0.842,0.01
3,mahalanobis_diag,mean_std_0.25,normalized_union,inverse_margin,0.0,0.9963567414191956,0.762,0.852,0.834,0.018
3,mahalanobis_diag,mean_std_0.25,normalized_union,inverse_margin,0.25,5.429818839441261,0.812,0.852,0.844,0.008
3,mahalanobis_diag,mean_std_0.25,normalized_union,inverse_margin,0.5,9.89602486712371,0.812,0.852,0.844,0.008
3,mahalanobis_diag,mean_std_0.25,normalized_union,inverse_margin,1.0,18.828436922488606,0.812,0.852,0.844,0.008
3,mahalanobis_diag,mean_std_0.25,normalized_union,inverse_margin,2.0,36.6932610332184,0.812,0.852,0.844,0.008
3,mahalanobis_diag,mean_std_0.25,normalized_union,max_ratio,0.0,0.9963567414191956,0.762,0.852,0.834,0.018
3,mahalanobis_diag,mean_std_0.25,normalized_union,max_ratio,0.25,0.9963567414191956,0.762,0.852,0.834,0.018
3,mahalanobis_diag,mean_std_0.25,normalized_union,max_ratio,0.5,0.9963567414191956,0.762,0.852,0.834,0.018
3,mahalanobis_diag,mean_std_0.25,normalized_union,max_ratio,1.0,0.9969199817029295,0.762,0.852,0.834,0.018
3,mahalanobis_diag,mean_std_0.25,normalized_union,max_ratio,2.0,1.8939825789914226,0.812,0.852,0.844,0.008
3,mahalanobis_diag,mean_std_0.5,nearest_sphere,none,0.0,0.976099199011327,0.762,0.852,0.834,0.018
3,mahalanobis_diag,mean_std_0.5,nearest_sphere,none,0.25,0.976099199011327,0.762,0.852,0.834,0.018
3,mahalanobis_diag,mean_std_0.5,nearest_sphere,none,0.5,0.976099199011327,0.762,0.852,0.834,0.018
3,mahalanobis_diag,mean_std_0.5,nearest_sphere,none,1.0,0.976099199011327,0.762,0.852,0.834,0.018
3,mahalanobis_diag,mean_std_0.5,nearest_sphere,none,2.0,0.976099199011327,0.762,0.852,0.834,0.018
3,mahalanobis_diag,mean_std_0.5,nearest_sphere,ratio,0.0,0.976099199011327,0.762,0.852,0.834,0.018
3,mahalanobis_diag,mean_std_0.5,nearest_sphere,ratio,0.25,1.2080213236712825,0.762,0.852,0.834,0.018
3,mahalanobis_diag,mean_std_0.5,nearest_sphere,ratio,0.5,1.4399996798993067,0.762,0.852,0.834,0.018
3,mahalanobis_diag,mean_std_0.5,nearest_sphere,ratio,1.0,1.9130114341118993,0.772,0.852,0.836,0.016
3,mahalanobis_diag,mean_std_0.5,nearest_sphere,ratio,2.0,2.8588776706249934,0.812,0.852,0.844,0.008
3,mahalanobis_diag,mean_std_0.5,nearest_sphere,inverse_margin,0.0,0.976099199011327,0.762,0.852,0.834,0.018
3,mahalanobis_diag,mean_std_0.5,nearest_sphere,inverse_margin,0.25,5.393448701422924,0.812,0.852,0.844,0.008
3,mahalanobis_diag,mean_std_0.5,nearest_sphere,inverse_margin,0.5,9.859654729105372,0.812,0.852,0.844,0.008
3,mahalanobis_diag,mean_std_0.5,nearest_sphere,inverse_margin,1.0,18.79206678447027,0.812,0.852,0.844,0.008
3,mahalanobis_diag,mean_std_0.5,nearest_sphere,inverse_margin,2.0,36.65689089520006,0.812,0.852,0.844,0.008
3,mahalanobis_diag,mean_std_0.5,nearest_sphere,max_ratio,0.0,0.976099199011327,0.762,0.852,0.834,0.018
3,mahalanobis_diag,mean_std_0.5,nearest_sphere,max_ratio,0.25,0.976099199011327,0.762,0.852,0.834,0.018
3,mahalanobis_diag,mean_std_0.5,nearest_sphere,max_ratio,0.5,0.976099199011327,0.762,0.852,0.834,0.018
3,mahalanobis_diag,mean_std_0.5,nearest_sphere,max_ratio,1.0,0.9866468497072568,0.762,0.852,0.834,0.018
3,mahalanobis_diag,mean_std_0.5,nearest_sphere,max_ratio,2.0,1.8939825789914226,0.812,0.852,0.844,0.008
3,mahalanobis_diag,mean_std_0.5,normalized_union,none,0.0,0.976099199011327,0.772,0.852,0.836,0.016
3,mahalanobis_diag,mean_std_0.5,normalized_union,none,0.25,0.976099199011327,0.772,0.852,0.836,0.016
3,mahalanobis_diag,mean_std_0.5,normalized_union,none,0.5,0.976099199011327,0.772,0.852,0.836,0.016
3,mahalanobis_diag,mean_std_0.5,normalized_union,none,1.0,0.976099199011327,0.772,0.852,0.836,0.016
3,mahalanobis_diag,mean_std_0.5,normalized_union,none,2.0,0.976099199011327,0.772,0.852,0.836,0.016
3,mahalanobis_diag,mean_std_0.5,normalized_union,ratio,0.0,0.976099199011327,0.772,0.852,0.836,0.016
3,mahalanobis_diag,mean_std_0.5,normalized_union,ratio,0.25,1.2078642629705745,0.772,0.852,0.836,0.016
3,mahalanobis_diag,mean_std_0.5,normalized_union,ratio,0.5,1.4396401357733026,0.772,0.852,0.836,0.016
3,mahalanobis_diag,mean_std_0.5,normalized_union,ratio,1.0,1.9130114341118993,0.792,0.852,0.84,0.012
3,mahalanobis_diag,mean_std_0.5,normalized_union,ratio,2.0,2.8588776706249934,0.812,0.852,0.844,0.008
3,mahalanobis_diag,mean_std_0.5,normalized_union,inverse_margin,0.0,0.976099199011327,0.772,0.852,0.836,0.016
3,mahalanobis_diag,mean_std_0.5,normalized_union,inverse_margin,0.25,5.393448701422924,0.812,0.852,0.844,0.008
3,mahalanobis_diag,mean_std_0.5,normalized_union,inverse_margin,0.5,9.859654729105372,0.812,0.852,0.844,0.008
3,mahalanobis_diag,mean_std_0.5,normalized_union,inverse_margin,1.0,18.79206678447027,0.812,0.852,0.844,0.008
3,mahalanobis_diag,mean_std_0.5,normalized_union,inverse_margin,2.0,36.65689089520006,0.812,0.852,0.844,0.008
3,mahalanobis_diag,mean_std_0.5,normalized_union,max_ratio,0.0,0.976099199011327,0.772,0.852,0.836,0.016
3,mahalanobis_diag,mean_std_0.5,normalized_union,max_ratio,0.25,0.976099199011327,0.772,0.852,0.836,0.016
3,mahalanobis_diag,mean_std_0.5,normalized_union,max_ratio,0.5,0.976099199011327,0.772,0.852,0.836,0.016
3,mahalanobis_diag,mean_std_0.5,normalized_union,max_ratio,1.0,0.9866468497072568,0.782,0.852,0.838,0.014
3,mahalanobis_diag,mean_std_0.5,normalized_union,max_ratio,2.0,1.8939825789914226,0.812,0.852,0.844,0.008
3,mahalanobis_diag,mean_std_0.75,nearest_sphere,none,0.0,0.9578670575216824,0.762,0.852,0.834,0.018
3,mahalanobis_diag,mean_std_0.75,nearest_sphere,none,0.25,0.9578670575216824,0.762,0.852,0.834,0.018
3,mahalanobis_diag,mean_std_0.75,nearest_sphere,none,0.5,0.9578670575216824,0.762,0.852,0.834,0.018
3,mahalanobis_diag,mean_std_0.75,nearest_sphere,none,1.0,0.9578670575216824,0.762,0.852,0.834,0.018
3,mahalanobis_diag,mean_std_0.75,nearest_sphere,none,2.0,0.9578670575216824,0.762,0.852,0.834,0.018
3,mahalanobis_diag,mean_std_0.75,nearest_sphere,ratio,0.0,0.9578670575216824,0.762,0.852,0.834,0.018
3,mahalanobis_diag,mean_std_0.75,nearest_sphere,ratio,0.25,1.1863397241662559,0.762,0.852,0.834,0.018
3,mahalanobis_diag,mean_std_0.75,nearest_sphere,ratio,0.5,1.4205931267917622,0.772,0.852,0.836,0.016
3,mahalanobis_diag,mean_std_0.75,nearest_sphere,ratio,1.0,1.8938927950032372,0.792,0.852,0.84,0.012
3,mahalanobis_diag,mean_std_0.75,nearest_sphere,ratio,2.0,2.8389984492797824,0.812,0.852,0.844,0.008
3,mahalanobis_diag,mean_std_0.75,nearest_sphere,inverse_margin,0.0,0.9578670575216824,0.762,0.852,0.834,0.018
3,mahalanobis_diag,mean_std_0.75,nearest_sphere,inverse_margin,0.25,5.371120731041565,0.812,0.852,0.844,0.008
3,mahalanobis_diag,mean_std_0.75,nearest_sphere,inverse_margin,0.5,9.825930210074374,0.812,0.852,0.844,0.008
3,mahalanobis_diag,mean_std_0.75,nearest_sphere,inverse_margin,1.0,18.75834226543927,0.812,0.852,0.844,0.008
3,mahalanobis_diag,mean_std_0.75,nearest_sphere,inverse_margin,2.0,36.62316637616906,0.812,0.852,0.844,0.008
3,mahalanobis_diag,mean_std_0.75,nearest_sphere,max_ratio,0.0,0.9578670575216824,0.762,0.852,0.834,0.018
3,mahalanobis_diag,mean_std_0.75,nearest_sphere,max_ratio,0.25,0.9578670575216824,0.762,0.852,0.834,0.018
3,mahalanobis_diag,mean_std_0.75,nearest_sphere,max_ratio,0.5,0.9578670575216824,0.762,0.852,0.834,0.018
3,mahalanobis_diag,mean_std_0.75,nearest_sphere,max_ratio,1.0,0.974330937448363,0.792,0.852,0.84,0.012
3,mahalanobis_diag,mean_std_0.75,nearest_sphere,max_ratio,2.0,1.8939825789914226,0.812,0.852,0.844,0.008
3,mahalanobis_diag,mean_std_0.75,normalized_union,none,0.0,0.9575765892487638,0.772,0.852,0.836,0.016
3,mahalanobis_diag,mean_std_0.75,normalized_union,none,0.25,0.9575765892487638,0.772,0.852,0.836,0.016
3,mahalanobis_diag,mean_std_0.75,normalized_union,none,0.5,0.9575765892487638,0.772,0.852,0.836,0.016
3,mahalanobis_diag,mean_std_0.75,normalized_union,none,1.0,0.9575765892487638,0.772,0.852,0.836,0.016
3,mahalanobis_diag,mean_std_0.75,normalized_union,none,2.0,0.9575765892487638,0.772,0.852,0.836,0.016
3,mahalanobis_diag,mean_std_0.75,normalized_union,ratio,0.0,0.9575765892487638,0.772,0.852,0.836,0.016
3,mahalanobis_diag,mean_std_0.75,normalized_union,ratio,0.25,1.1863397241662559,0.772,0.852,0.836,0.016
3,mahalanobis_diag,mean_std_0.75,normalized_union,ratio,0.5,1.4204819860268432,0.782,0.852,0.838,0.014
3,mahalanobis_diag,mean_std_0.75,normalized_union,ratio,1.0,1.8938927950032372,0.812,0.852,0.844,0.008
3,mahalanobis_diag,mean_std_0.75,normalized_union,ratio,2.0,2.8388258522233856,0.822,0.852,0.846,0.006
3,mahalanobis_diag,mean_std_0.75,normalized_union,inverse_margin,0.0,0.9575765892487638,0.772,0.852,0.836,0.016
3,mahalanobis_diag,mean_std_0.75,normalized_union,inverse_margin,0.25,5.362094689830609,0.812,0.852,0.844,0.008
3,mahalanobis_diag,mean_std_0.75,normalized_union,inverse_margin,0.5,9.825930210074374,0.812,0.852,0.844,0.008
3,mahalanobis_diag,mean_std_0.75,normalized_union,inverse_margin,1.0,18.75834226543927,0.812,0.852,0.844,0.008
3,mahalanobis_diag,mean_std_0.75,normalized_union,inverse_margin,2.0,36.62316637616906,0.812,0.852,0.844,0.008
3,mahalanobis_diag,mean_std_0.75,normalized_union,max_ratio,0.0,0.9575765892487638,0.772,0.852,0.836,0.016
3,mahalanobis_diag,mean_std_0.75,normalized_union,max_ratio,0.25,0.9575765892487638,0.772,0.852,0.836,0.016
3,mahalanobis_diag,mean_std_0.75,normalized_union,max_ratio,0.5,0.9575765892487638,0.772,0.852,0.836,0.016
3,mahalanobis_diag,mean_std_0.75,normalized_union,max_ratio,1.0,0.9738729753022256,0.792,0.852,0.84,0.012
3,mahalanobis_diag,mean_std_0.75,normalized_union,max_ratio,2.0,1.8939825789914226,0.812,0.852,0.844,0.008
3,mahalanobis_diag,mean_std_1.0,nearest_sphere,none,0.0,0.9403035281329718,0.762,0.852,0.834,0.018
3,mahalanobis_diag,mean_std_1.0,nearest_sphere,none,0.25,0.9403035281329718,0.762,0.852,0.834,0.018
3,mahalanobis_diag,mean_std_1.0,nearest_sphere,none,0.5,0.9403035281329718,0.762,0.852,0.834,0.018
3,mahalanobis_diag,mean_std_1.0,nearest_sphere,none,1.0,0.9403035281329718,0.762,0.852,0.834,0.018
3,mahalanobis_diag,mean_std_1.0,nearest_sphere,none,2.0,0.9403035281329718,0.762,0.852,0.834,0.018
3,mahalanobis_diag,mean_std_1.0,nearest_sphere,ratio,0.0,0.9403035281329718,0.762,0.852,0.834,0.018
3,mahalanobis_diag,mean_std_1.0,nearest_sphere,ratio,0.25,1.168350028064752,0.762,0.852,0.834,0.018
3,mahalanobis_diag,mean_std_1.0,nearest_sphere,ratio,0.5,1.398371071430286,0.772,0.852,0.836,0.016
3,mahalanobis_diag,mean_std_1.0,nearest_sphere,ratio,1.0,1.8758044087841852,0.822,0.852,0.846,0.006
3,mahalanobis_diag,mean_std_1.0,nearest_sphere,ratio,2.0,2.8155114802172285,0.822,0.852,0.846,0.006
3,mahalanobis_diag,mean_std_1.0,nearest_sphere,inverse_margin,0.0,0.9403035281329718,0.762,0.852,0.834,0.018
3,mahalanobis_diag,mean_std_1.0,nearest_sphere,inverse_margin,0.25,5.357031274330888,0.812,0.852,0.844,0.008
3,mahalanobis_diag,mean_std_1.0,nearest_sphere,inverse_margin,0.5,9.810635304877145,0.812,0.852,0.844,0.008
3,mahalanobis_diag,mean_std_1.0,nearest_sphere,inverse_margin,1.0,18.726984826559242,0.812,0.852,0.844,0.008
3,mahalanobis_diag,mean_std_1.0,nearest_sphere,inverse_margin,2.0,36.59180893728904,0.812,0.852,0.844,0.008
3,mahalanobis_diag,mean_std_1.0,nearest_sphere,max_ratio,0.0,0.9403035281329718,0.762,0.852,0.834,0.018
3,mahalanobis_diag,mean_std_1.0,nearest_sphere,max_ratio,0.25,0.9403035281329718,0.762,0.852,0.834,0.018
3,mahalanobis_diag,mean_std_1.0,nearest_sphere,max_ratio,0.5,0.9403035281329718,0.762,0.852,0.834,0.018
3,mahalanobis_diag,mean_std_1.0,nearest_sphere,max_ratio,1.0,0.9687806674736078,0.812,0.852,0.844,0.008
3,mahalanobis_diag,mean_std_1.0,nearest_sphere,max_ratio,2.0,1.8939825789914226,0.812,0.852,0.844,0.008
3,mahalanobis_diag,mean_std_1.0,normalized_union,none,0.0,0.9393360446015935,0.772,0.852,0.836,0.016
3,mahalanobis_diag,mean_std_1.0,normalized_union,none,0.25,0.9393360446015935,0.772,0.852,0.836,0.016
3,mahalanobis_diag,mean_std_1.0,normalized_union,none,0.5,0.9393360446015935,0.772,0.852,0.836,0.016
3,mahalanobis_diag,mean_std_1.0,normalized_union,none,1.0,0.9393360446015935,0.772,0.852,0.836,0.016
3,mahalanobis_diag,mean_std_1.0,normalized_union,none,2.0,0.9393360446015935,0.772,0.852,0.836,0.016
3,mahalanobis_diag,mean_std_1.0,normalized_union,ratio,0.0,0.9393360446015935,0.772,0.852,0.836,0.016
3,mahalanobis_diag,mean_std_1.0,normalized_union,ratio,0.25,1.168350028064752,0.772,0.852,0.836,0.016
3,mahalanobis_diag,mean_std_1.0,normalized_union,ratio,0.5,1.398371071430286,0.782,0.852,0.838,0.014
3,mahalanobis_diag,mean_std_1.0,normalized_union,ratio,1.0,1.8706318681595726,0.822,0.852,0.846,0.006
3,mahalanobis_diag,mean_std_1.0,normalized_union,ratio,2.0,2.8134612489181494,0.822,0.852,0.846,0.006
3,mahalanobis_diag,mean_std_1.0,normalized_union,inverse_margin,0.0,0.9393360446015935,0.772,0.852,0.836,0.016
3,mahalanobis_diag,mean_std_1.0,normalized_union,inverse_margin,0.25,5.337895634405563,0.812,0.852,0.844,0.008
3,mahalanobis_diag,mean_std_1.0,normalized_union,inverse_margin,0.5,9.794572771194346,0.812,0.852,0.844,0.008
3,mahalanobis_diag,mean_std_1.0,normalized_union,inverse_margin,1.0,18.726984826559242,0.812,0.852,0.844,0.008
3,mahalanobis_diag,mean_std_1.0,normalized_union,inverse_margin,2.0,36.59180893728904,0.812,0.852,0.844,0.008
3,mahalanobis_diag,mean_std_1.0,normalized_union,max_ratio,0.0,0.9393360446015935,0.772,0.852,0.836,0.016
3,mahalanobis_diag,mean_std_1.0,normalized_union,max_ratio,0.25,0.9393360446015935,0.772,0.852,0.836,0.016
3,mahalanobis_diag,mean_std_1.0,normalized_union,max_ratio,0.5,0.9393360446015935,0.772,0.852,0.836,0.016
3,mahalanobis_diag,mean_std_1.0,normalized_union,max_ratio,1.0,0.9680992449674828,0.812,0.852,0.844,0.008
3,mahalanobis_diag,mean_std_1.0,normalized_union,max_ratio,2.0,1.8939825789914226,0.812,0.852,0.844,0.008
3,mahalanobis_diag,mean_std_1.5,nearest_sphere,none,0.0,0.9097814027426611,0.762,0.852,0.834,0.018
3,mahalanobis_diag,mean_std_1.5,nearest_sphere,none,0.25,0.9097814027426611,0.762,0.852,0.834,0.018
3,mahalanobis_diag,mean_std_1.5,nearest_sphere,none,0.5,0.9097814027426611,0.762,0.852,0.834,0.018
3,mahalanobis_diag,mean_std_1.5,nearest_sphere,none,1.0,0.9097814027426611,0.762,0.852,0.834,0.018
3,mahalanobis_diag,mean_std_1.5,nearest_sphere,none,2.0,0.9097814027426611,0.762,0.852,0.834,0.018
3,mahalanobis_diag,mean_std_1.5,nearest_sphere,ratio,0.0,0.9097814027426611,0.762,0.852,0.834,0.018
3,mahalanobis_diag,mean_std_1.5,nearest_sphere,ratio,0.25,1.136857578751206,0.762,0.852,0.834,0.018
3,mahalanobis_diag,mean_std_1.5,nearest_sphere,ratio,0.5,1.3704663645422412,0.772,0.852,0.836,0.016
3,mahalanobis_diag,mean_std_1.5,nearest_sphere,ratio,1.0,1.8439526282771692,0.812,0.852,0.844,0.008
3,mahalanobis_diag,mean_std_1.5,nearest_sphere,ratio,2.0,2.7808648633777415,0.822,0.852,0.846,0.006
3,mahalanobis_diag,mean_std_1.5,nearest_sphere,inverse_margin,0.0,0.9097814027426611,0.762,0.852,0.834,0.018
3,mahalanobis_diag,mean_std_1.5,nearest_sphere,inverse_margin,0.25,5.330111832482506,0.812,0.852,0.844,0.008
3,mahalanobis_diag,mean_std_1.5,nearest_sphere,inverse_margin,0.5,9.783715863028762,0.812,0.852,0.844,0.008
3,mahalanobis_diag,mean_std_1.5,nearest_sphere,inverse_margin,1.0,18.690923924121275,0.812,0.852,0.844,0.008
3,mahalanobis_diag,mean_std_1.5,nearest_sphere,inverse_margin,2.0,36.53526382530611,0.812,0.852,0.844,0.008
3,mahalanobis_diag,mean_std_1.5,nearest_sphere,max_ratio,0.0,0.9097814027426611,0.762,0.852,0.834,0.018
3,mahalanobis_diag,mean_std_1.5,nearest_sphere,max_ratio,0.25,0.9097814027426611,0.762,0.852,0.834,0.018
3,mahalanobis_diag,mean_std_1.5,nearest_sphere,max_ratio,0.5,0.9097814027426611,0.762,0.852,0.834,0.018
3,mahalanobis_diag,mean_std_1.5,nearest_sphere,max_ratio,1.0,0.9547605797015571,0.812,0.852,0.844,0.008
3,mahalanobis_diag,mean_std_1.5,nearest_sphere,max_ratio,2.0,1.8939825789914226,0.812,0.852,0.844,0.008
3,mahalanobis_diag,mean_std_1.5,normalized_union,none,0.0,0.9070403931765968,0.772,0.852,0.836,0.016
3,mahalanobis_diag,mean_std_1.5,normalized_union,none,0.25,0.9070403931765968,0.772,0.852,0.836,0.016
3,mahalanobis_diag,mean_std_1.5,normalized_union,none,0.5,0.9070403931765968,0.772,0.852,0.836,0.016
3,mahalanobis_diag,mean_std_1.5,normalized_union,none,1.0,0.9070403931765968,0.772,0.852,0.836,0.016
3,mahalanobis_diag,mean_std_1.5,normalized_union,none,2.0,0.9070403931765968,0.772,0.852,0.836,0.016
3,mahalanobis_diag,mean_std_1.5,normalized_union,ratio,0.0,0.9070403931765968,0.772,0.852,0.836,0.016
3,mahalanobis_diag,mean_std_1.5,normalized_union,ratio,0.25,1.1352775640906392,0.772,0.852,0.836,0.016
3,mahalanobis_diag,mean_std_1.5,normalized_union,ratio,0.5,1.3664331611310472,0.792,0.852,0.84,0.012
3,mahalanobis_diag,mean_std_1.5,normalized_union,ratio,1.0,1.8362847240954525,0.822,0.852,0.846,0.006
3,mahalanobis_diag,mean_std_1.5,normalized_union,ratio,2.0,2.77850115306562,0.832,0.852,0.848,0.004
3,mahalanobis_diag,mean_std_1.5,normalized_union,inverse_margin,0.0,0.9070403931765968,0.772,0.852,0.836,0.016
3,mahalanobis_diag,mean_std_1.5,normalized_union,inverse_margin,0.25,5.2931693878415285,0.822,0.852,0.846,0.006
3,mahalanobis_diag,mean_std_1.5,normalized_union,inverse_margin,0.5,9.746773418387784,0.822,0.852,0.846,0.006
3,mahalanobis_diag,mean_std_1.5,normalized_union,inverse_margin,1.0,18.670439714576315,0.822,0.852,0.846,0.006
3,mahalanobis_diag,mean_std_1.5,normalized_union,inverse_margin,2.0,36.53526382530611,0.822,0.852,0.846,0.006
3,mahalanobis_diag,mean_std_1.5,normalized_union,max_ratio,0.0,0.9070403931765968,0.772,0.852,0.836,0.016
3,mahalanobis_diag,mean_std_1.5,normalized_union,max_ratio,0.25,0.9070403931765968,0.772,0.852,0.836,0.016
3,mahalanobis_diag,mean_std_1.5,normalized_union,max_ratio,0.5,0.9070403931765968,0.772,0.852,0.836,0.016
3,mahalanobis_diag,mean_std_1.5,normalized_union,max_ratio,1.0,0.9547605797015571,0.822,0.852,0.846,0.006
3,mahalanobis_diag,mean_std_1.5,normalized_union,max_ratio,2.0,1.8939825789914226,0.822,0.852,0.846,0.006
3,mahalanobis_diag,mean_std_2.0,nearest_sphere,none,0.0,0.883318235318167,0.752,0.852,0.832,0.02
3,mahalanobis_diag,mean_std_2.0,nearest_sphere,none,0.25,0.883318235318167,0.752,0.852,0.832,0.02
3,mahalanobis_diag,mean_std_2.0,nearest_sphere,none,0.5,0.883318235318167,0.752,0.852,0.832,0.02
3,mahalanobis_diag,mean_std_2.0,nearest_sphere,none,1.0,0.883318235318167,0.752,0.852,0.832,0.02
3,mahalanobis_diag,mean_std_2.0,nearest_sphere,none,2.0,0.883318235318167,0.752,0.852,0.832,0.02
3,mahalanobis_diag,mean_std_2.0,nearest_sphere,ratio,0.0,0.883318235318167,0.752,0.852,0.832,0.02
3,mahalanobis_diag,mean_std_2.0,nearest_sphere,ratio,0.25,1.1120895021324437,0.762,0.852,0.834,0.018
3,mahalanobis_diag,mean_std_2.0,nearest_sphere,ratio,0.5,1.3418690717040043,0.772,0.852,0.836,0.016
3,mahalanobis_diag,mean_std_2.0,nearest_sphere,ratio,1.0,1.812962447375353,0.822,0.852,0.846,0.006
3,mahalanobis_diag,mean_std_2.0,nearest_sphere,ratio,2.0,2.7498746824759253,0.822,0.852,0.846,0.006
3,mahalanobis_diag,mean_std_2.0,nearest_sphere,inverse_margin,0.0,0.883318235318167,0.752,0.852,0.832,0.02
3,mahalanobis_diag,mean_std_2.0,nearest_sphere,inverse_margin,0.25,5.304750210661043,0.812,0.852,0.844,0.008
3,mahalanobis_diag,mean_std_2.0,nearest_sphere,inverse_margin,0.5,9.7583542412073,0.812,0.852,0.844,0.008
3,mahalanobis_diag,mean_std_2.0,nearest_sphere,inverse_margin,1.0,18.66556230229981,0.812,0.852,0.844,0.008
3,mahalanobis_diag,mean_std_2.0,nearest_sphere,inverse_margin,2.0,36.485679264986985,0.812,0.852,0.844,0.008
3,mahalanobis_diag,mean_std_2.0,nearest_sphere,max_ratio,0.0,0.883318235318167,0.752,0.852,0.832,0.02
3,mahalanobis_diag,mean_std_2.0,nearest_sphere,max_ratio,0.25,0.883318235318167,0.752,0.852,0.832,0.02
3,mahalanobis_diag,mean_std_2.0,nearest_sphere,max_ratio,0.5,0.883318235318167,0.752,0.852,0.832,0.02
3,mahalanobis_diag,mean_std_2.0,nearest_sphere,max_ratio,1.0,0.9496385165871052,0.812,0.852,0.844,0.008
3,mahalanobis_diag,mean_std_2.0,nearest_sphere,max_ratio,2.0,1.8939825789914226,0.812,0.852,0.844,0.008
3,mahalanobis_diag,mean_std_2.0,normalized_union,none,0.0,0.8765830956872636,0.782,0.852,0.838,0.014
3,mahalanobis_diag,mean_std_2.0,normalized_union,none,0.25,0.8765830956872636,0.782,0.852,0.838,0.014
3,mahalanobis_diag,mean_std_2.0,normalized_union,none,0.5,0.8765830956872636,0.782,0.852,0.838,0.014
3,mahalanobis_diag,mean_std_2.0,normalized_union,none,1.0,0.8765830956872636,0.782,0.852,0.838,0.014
3,mahalanobis_diag,mean_std_2.0,normalized_union,none,2.0,0.8765830956872636,0.782,0.852,0.838,0.014
3,mahalanobis_diag,mean_std_2.0,normalized_union,ratio,0.0,0.8765830956872636,0.782,0.852,0.838,0.014
3,mahalanobis_diag,mean_std_2.0,normalized_union,ratio,0.25,1.1045620161835623,0.782,0.852,0.838,0.014
3,mahalanobis_diag,mean_std_2.0,normalized_union,ratio,0.5,1.3356032481411804,0.792,0.852,0.84,0.012
3,mahalanobis_diag,mean_std_2.0,normalized_union,ratio,1.0,1.7997891461542754,0.822,0.852,0.846,0.006
3,mahalanobis_diag,mean_std_2.0,normalized_union,ratio,2.0,2.7406569244010597,0.832,0.852,0.848,0.004
3,mahalanobis_diag,mean_std_2.0,normalized_union,inverse_margin,0.0,0.8765830956872636,0.782,0.852,0.838,0.014
3,mahalanobis_diag,mean_std_2.0,normalized_union,inverse_margin,0.25,5.252749704667627,0.842,0.852,0.85,0.002
3,mahalanobis_diag,mean_std_2.0,normalized_union,inverse_margin,0.5,9.706353735213883,0.842,0.852,0.85,0.002
3,mahalanobis_diag,mean_std_2.0,normalized_union,inverse_margin,1.0,18.62085515425719,0.842,0.852,0.85,0.002
3,mahalanobis_diag,mean_std_2.0,normalized_union,inverse_margin,2.0,36.485679264986985,0.842,0.852,0.85,0.002
3,mahalanobis_diag,mean_std_2.0,normalized_union,max_ratio,0.0,0.8765830956872636,0.782,0.852,0.838,0.014
3,mahalanobis_diag,mean_std_2.0,normalized_union,max_ratio,0.25,0.8765830956872636,0.782,0.852,0.838,0.014
3,mahalanobis_diag,mean_std_2.0,normalized_union,max_ratio,0.5,0.8765830956872636,0.782,0.852,0.838,0.014
3,mahalanobis_diag,mean_std_2.0,normalized_union,max_ratio,1.0,0.9496385165871052,0.842,0.852,0.85,0.002
3,mahalanobis_diag,mean_std_2.0,normalized_union,max_ratio,2.0,1.8939825789914226,0.842,0.852,0.85,0.002
3,mahalanobis_diag,mean_std_3.0,nearest_sphere,none,0.0,0.8328420788673958,0.722,0.852,0.826,0.026
3,mahalanobis_diag,mean_std_3.0,nearest_sphere,none,0.25,0.8328420788673958,0.722,0.852,0.826,0.026
3,mahalanobis_diag,mean_std_3.0,nearest_sphere,none,0.5,0.8328420788673958,0.722,0.852,0.826,0.026
3,mahalanobis_diag,mean_std_3.0,nearest_sphere,none,1.0,0.8328420788673958,0.722,0.852,0.826,0.026
3,mahalanobis_diag,mean_std_3.0,nearest_sphere,none,2.0,0.8328420788673958,0.722,0.852,0.826,0.026
3,mahalanobis_diag,mean_std_3.0,nearest_sphere,ratio,0.0,0.8328420788673958,0.722,0.852,0.826,0.026
3,mahalanobis_diag,mean_std_3.0,nearest_sphere,ratio,0.25,1.0633658031484214,0.762,0.852,0.834,0.018
3,mahalanobis_diag,mean_std_3.0,nearest_sphere,ratio,0.5,1.291448765921249,0.772,0.852,0.836,0.016
3,mahalanobis_diag,mean_std_3.0,nearest_sphere,ratio,1.0,1.7578507043685405,0.812,0.852,0.844,0.008
3,mahalanobis_diag,mean_std_3.0,nearest_sphere,ratio,2.0,2.691357032567046,0.822,0.852,0.846,0.006
3,mahalanobis_diag,mean_std_3.0,nearest_sphere,inverse_margin,0.0,0.8328420788673958,0.722,0.852,0.826,0.026
3,mahalanobis_diag,mean_std_3.0,nearest_sphere,inverse_margin,0.25,5.2581891132133824,0.812,0.852,0.844,0.008
3,mahalanobis_diag,mean_std_3.0,nearest_sphere,inverse_margin,0.5,9.711793143759639,0.812,0.852,0.844,0.008
3,mahalanobis_diag,mean_std_3.0,nearest_sphere,inverse_margin,1.0,18.61900120485215,0.812,0.852,0.844,0.008
3,mahalanobis_diag,mean_std_3.0,nearest_sphere,inverse_margin,2.0,36.433417327037176,0.812,0.852,0.844,0.008
3,mahalanobis_diag,mean_std_3.0,nearest_sphere,max_ratio,0.0,0.8328420788673958,0.722,0.852,0.826,0.026
3,mahalanobis_diag,mean_std_3.0,nearest_sphere,max_ratio,0.25,0.8328420788673958,0.722,0.852,0.826,0.026
3,mahalanobis_diag,mean_std_3.0,nearest_sphere,max_ratio,0.5,0.8328420788673958,0.722,0.852,0.826,0.026
3,mahalanobis_diag,mean_std_3.0,nearest_sphere,max_ratio,1.0,0.9469912894957113,0.812,0.852,0.844,0.008
3,mahalanobis_diag,mean_std_3.0,nearest_sphere,max_ratio,2.0,1.8939825789914226,0.812,0.852,0.844,0.008
3,mahalanobis_diag,mean_std_3.0,normalized_union,none,0.0,0.8192254288458026,0.782,0.852,0.838,0.014
3,mahalanobis_diag,mean_std_3.0,normalized_union,none,0.25,0.8192254288458026,0.782,0.852,0.838,0.014
3,mahalanobis_diag,mean_std_3.0,normalized_union,none,0.5,0.8192254288458026,0.782,0.852,0.838,0.014
3,mahalanobis_diag,mean_std_3.0,normalized_union,none,1.0,0.8192254288458026,0.782,0.852,0.838,0.014
3,mahalanobis_diag,mean_std_3.0,normalized_union,none,2.0,0.8192254288458026,0.782,0.852,0.838,0.014
3,mahalanobis_diag,mean_std_3.0,normalized_union,ratio,0.0,0.8192254288458026,0.782,0.852,0.838,0.014
3,mahalanobis_diag,mean_std_3.0,normalized_union,ratio,0.25,1.0484382294541454,0.792,0.852,0.84,0.012
3,mahalanobis_diag,mean_std_3.0,normalized_union,ratio,0.5,1.278436835078658,0.792,0.852,0.84,0.012
3,mahalanobis_diag,mean_std_3.0,normalized_union,ratio,1.0,1.7401501559907901,0.822,0.852,0.846,0.006
3,mahalanobis_diag,mean_std_3.0,normalized_union,ratio,2.0,2.687093031611093,0.832,0.852,0.848,0.004
3,mahalanobis_diag,mean_std_3.0,normalized_union,inverse_margin,0.0,0.8192254288458026,0.782,0.852,0.838,0.014
3,mahalanobis_diag,mean_std_3.0,normalized_union,inverse_margin,0.25,5.182560549553499,0.842,0.852,0.85,0.002
3,mahalanobis_diag,mean_std_3.0,normalized_union,inverse_margin,0.5,9.636164580099756,0.842,0.852,0.85,0.002
3,mahalanobis_diag,mean_std_3.0,normalized_union,inverse_margin,1.0,18.54337264119227,0.842,0.852,0.85,0.002
3,mahalanobis_diag,mean_std_3.0,normalized_union,inverse_margin,2.0,36.40281432293734,0.842,0.852,0.85,0.002
3,mahalanobis_diag,mean_std_3.0,normalized_union,max_ratio,0.0,0.8192254288458026,0.782,0.852,0.838,0.014
3,mahalanobis_diag,mean_std_3.0,normalized_union,max_ratio,0.25,0.8192254288458026,0.782,0.852,0.838,0.014
3,mahalanobis_diag,mean_std_3.0,normalized_union,max_ratio,0.5,0.8192254288458026,0.782,0.852,0.838,0.014
3,mahalanobis_diag,mean_std_3.0,normalized_union,max_ratio,1.0,0.9469912894957113,0.842,0.852,0.85,0.002
3,mahalanobis_diag,mean_std_3.0,normalized_union,max_ratio,2.0,1.8939825789914226,0.842,0.852,0.85,0.002
3,mahalanobis_diag,center_quantile_0.5,nearest_sphere,none,0.0,1.0745158108735118,0.722,0.852,0.826,0.026
3,mahalanobis_diag,center_quantile_0.5,nearest_sphere,none,0.25,1.0745158108735118,0.722,0.852,0.826,0.026
3,mahalanobis_diag,center_quantile_0.5,nearest_sphere,none,0.5,1.0745158108735118,0.722,0.852,0.826,0.026
3,mahalanobis_diag,center_quantile_0.5,nearest_sphere,none,1.0,1.0745158108735118,0.722,0.852,0.826,0.026
3,mahalanobis_diag,center_quantile_0.5,nearest_sphere,none,2.0,1.0745158108735118,0.722,0.852,0.826,0.026
3,mahalanobis_diag,center_quantile_0.5,nearest_sphere,ratio,0.0,1.0745158108735118,0.722,0.852,0.826,0.026
3,mahalanobis_diag,center_quantile_0.5,nearest_sphere,ratio,0.25,1.3095472398291026,0.732,0.852,0.828,0.024
3,mahalanobis_diag,center_quantile_0.5,nearest_sphere,ratio,0.5,1.55212039502862,0.762,0.852,0.834,0.018
3,mahalanobis_diag,center_quantile_0.5,nearest_sphere,ratio,1.0,2.0260412648006185,0.762,0.852,0.834,0.018
3,mahalanobis_diag,center_quantile_0.5,nearest_sphere,ratio,2.0,2.9828901656311455,0.802,0.852,0.842,0.01
3,mahalanobis_diag,center_quantile_0.5,nearest_sphere,inverse_margin,0.0,1.0745158108735118,0.722,0.852,0.826,0.026
3,mahalanobis_diag,center_quantile_0.5,nearest_sphere,inverse_margin,0.25,5.528225140706642,0.812,0.852,0.844,0.008
3,mahalanobis_diag,center_quantile_0.5,nearest_sphere,inverse_margin,0.5,9.99443116838909,0.812,0.852,0.844,0.008
3,mahalanobis_diag,center_quantile_0.5,nearest_sphere,inverse_margin,1.0,18.926843223753988,0.812,0.852,0.844,0.008
3,mahalanobis_diag,center_quantile_0.5,nearest_sphere,inverse_margin,2.0,36.791667334483776,0.812,0.852,0.844,0.008
3,mahalanobis_diag,center_quantile_0.5,nearest_sphere,max_ratio,0.0,1.0745158108735118,0.722,0.852,0.826,0.026
3,mahalanobis_diag,center_quantile_0.5,nearest_sphere,max_ratio,0.25,1.0745158108735118,0.722,0.852,0.826,0.026
3,mahalanobis_diag,center_quantile_0.5,nearest_sphere,max_ratio,0.5,1.0745158108735118,0.722,0.852,0.826,0.026
3,mahalanobis_diag,center_quantile_0.5,nearest_sphere,max_ratio,1.0,1.0745158108735118,0.722,0.852,0.826,0.026
3,mahalanobis_diag,center_quantile_0.5,nearest_sphere,max_ratio,2.0,1.8939825789914226,0.812,0.852,0.844,0.008
3,mahalanobis_diag,center_quantile_0.5,normalized_union,none,0.0,1.0651031901661978,0.692,0.852,0.82,0.032
3,mahalanobis_diag,center_quantile_0.5,normalized_union,none,0.25,1.0651031901661978,0.692,0.852,0.82,0.032
3,mahalanobis_diag,center_quantile_0.5,normalized_union,none,0.5,1.0651031901661978,0.692,0.852,0.82,0.032
3,mahalanobis_diag,center_quantile_0.5,normalized_union,none,1.0,1.0651031901661978,0.692,0.852,0.82,0.032
3,mahalanobis_diag,center_quantile_0.5,normalized_union,none,2.0,1.0651031901661978,0.692,0.852,0.82,0.032
3,mahalanobis_diag,center_quantile_0.5,normalized_union,ratio,0.0,1.0651031901661978,0.692,0.852,0.82,0.032
3,mahalanobis_diag,center_quantile_0.5,normalized_union,ratio,0.25,1.307359310489643,0.722,0.852,0.826,0.026
3,mahalanobis_diag,center_quantile_0.5,normalized_union,ratio,0.5,1.5467370866885872,0.742,0.852,0.83,0.022
3,mahalanobis_diag,center_quantile_0.5,normalized_union,ratio,1.0,2.0193554144545027,0.742,0.852,0.83,0.022
3,mahalanobis_diag,center_quantile_0.5,normalized_union,ratio,2.0,2.9723034933981456,0.782,0.852,0.838,0.014
3,mahalanobis_diag,center_quantile_0.5,normalized_union,inverse_margin,0.0,1.0651031901661978,0.692,0.852,0.82,0.032
3,mahalanobis_diag,center_quantile_0.5,normalized_union,inverse_margin,0.25,5.528225140706642,0.772,0.852,0.836,0.016
3,mahalanobis_diag,center_quantile_0.5,normalized_union,inverse_margin,0.5,9.99443116838909,0.772,0.852,0.836,0.016
3,mahalanobis_diag,center_quantile_0.5,normalized_union,inverse_margin,1.0,18.926843223753988,0.772,0.852,0.836,0.016
3,mahalanobis_diag,center_quantile_0.5,normalized_union,inverse_margin,2.0,36.791667334483776,0.772,0.852,0.836,0.016
3,mahalanobis_diag,center_quantile_0.5,normalized_union,max_ratio,0.0,1.0651031901661978,0.692,0.852,0.82,0.032
3,mahalanobis_diag,center_quantile_0.5,normalized_union,max_ratio,0.25,1.0651031901661978,0.692,0.852,0.82,0.032
3,mahalanobis_diag,center_quantile_0.5,normalized_union,max_ratio,0.5,1.0651031901661978,0.692,0.852,0.82,0.032
3,mahalanobis_diag,center_quantile_0.5,normalized_union,max_ratio,1.0,1.0651031901661978,0.692,0.852,0.82,0.032
3,mahalanobis_diag,center_quantile_0.5,normalized_union,max_ratio,2.0,1.8939825789914226,0.772,0.852,0.836,0.016
3,mahalanobis_diag,intent_quantile_0.5,nearest_sphere,none,0.0,1.079777717390036,0.732,0.852,0.828,0.024
3,mahalanobis_diag,intent_quantile_0.5,nearest_sphere,none,0.25,1.079777717390036,0.732,0.852,0.828,0.024
3,mahalanobis_diag,intent_quantile_0.5,nearest_sphere,none,0.5,1.079777717390036,0.732,0.852,0.828,0.024
3,mahalanobis_diag,intent_quantile_0.5,nearest_sphere,none,1.0,1.079777717390036,0.732,0.852,0.828,0.024
3,mahalanobis_diag,intent_quantile_0.5,nearest_sphere,none,2.0,1.079777717390036,0.732,0.852,0.828,0.024
3,mahalanobis_diag,intent_quantile_0.5,nearest_sphere,ratio,0.0,1.079777717390036,0.732,0.852,0.828,0.024
3,mahalanobis_diag,intent_quantile_0.5,nearest_sphere,ratio,0.25,1.3192768163739277,0.752,0.852,0.832,0.02
3,mahalanobis_diag,intent_quantile_0.5,nearest_sphere,ratio,0.5,1.55810869184928,0.762,0.852,0.834,0.018
3,mahalanobis_diag,intent_quantile_0.5,nearest_sphere,ratio,1.0,2.033384731611121,0.762,0.852,0.834,0.018
3,mahalanobis_diag,intent_quantile_0.5,nearest_sphere,ratio,2.0,2.9852752276412566,0.802,0.852,0.842,0.01
3,mahalanobis_diag,intent_quantile_0.5,nearest_sphere,inverse_margin,0.0,1.079777717390036,0.732,0.852,0.828,0.024
3,mahalanobis_diag,intent_quantile_0.5,nearest_sphere,inverse_margin,0.25,5.521301024822528,0.812,0.852,0.844,0.008
3,mahalanobis_diag,intent_quantile_0.5,nearest_sphere,inverse_margin,0.5,9.987507052504975,0.812,0.852,0.844,0.008
3,mahalanobis_diag,intent_quantile_0.5,nearest_sphere,inverse_margin,1.0,18.919919107869873,0.812,0.852,0.844,0.008
3,mahalanobis_diag,intent_quantile_0.5,nearest_sphere,inverse_margin,2.0,36.784743218599665,0.812,0.852,0.844,0.008
3,mahalanobis_diag,intent_quantile_0.5,nearest_sphere,max_ratio,0.0,1.079777717390036,0.732,0.852,0.828,0.024
3,mahalanobis_diag,intent_quantile_0.5,nearest_sphere,max_ratio,0.25,1.079777717390036,0.732,0.852,0.828,0.024
3,mahalanobis_diag,intent_quantile_0.5,nearest_sphere,max_ratio,0.5,1.079777717390036,0.732,0.852,0.828,0.024
3,mahalanobis_diag,intent_quantile_0.5,nearest_sphere,max_ratio,1.0,1.079777717390036,0.732,0.852,0.828,0.024
3,mahalanobis_diag,intent_quantile_0.5,nearest_sphere,max_ratio,2.0,1.8939825789914226,0.812,0.852,0.844,0.008
3,mahalanobis_diag,intent_quantile_0.5,normalized_union,none,0.0,1.0788080106115836,0.702,0.852,0.822,0.03
3,mahalanobis_diag,intent_quantile_0.5,normalized_union,none,0.25,1.0788080106115836,0.702,0.852,0.822,0.03
3,mahalanobis_diag,intent_quantile_0.5,normalized_union,none,0.5,1.0788080106115836,0.702,0.852,0.822,0.03
3,mahalanobis_diag,intent_quantile_0.5,normalized_union,none,1.0,1.0788080106115836,0.702,0.852,0.822,0.03
3,mahalanobis_diag,intent_quantile_0.5,normalized_union,none,2.0,1.0788080106115836,0.702,0.852,0.822,0.03
3,mahalanobis_diag,intent_quantile_0.5,normalized_union,ratio,0.0,1.0788080106115836,0.702,0.852,0.822,0.03
3,mahalanobis_diag,intent_quantile_0.5,normalized_union,ratio,0.25,1.318014612699046,0.732,0.852,0.828,0.024
3,mahalanobis_diag,intent_quantile_0.5,normalized_union,ratio,0.5,1.55810869184928,0.752,0.852,0.832,0.02
3,mahalanobis_diag,intent_quantile_0.5,normalized_union,ratio,1.0,2.0318972781616873,0.752,0.852,0.832,0.02
3,mahalanobis_diag,intent_quantile_0.5,normalized_union,ratio,2.0,2.985081568634843,0.792,0.852,0.84,0.012
3,mahalanobis_diag,intent_quantile_0.5,normalized_union,inverse_margin,0.0,1.0788080106115836,0.702,0.852,0.822,0.03
3,mahalanobis_diag,intent_quantile_0.5,normalized_union,inverse_margin,0.25,5.521301024822528,0.772,0.852,0.836,0.016
3,mahalanobis_diag,intent_quantile_0.5,normalized_union,inverse_margin,0.5,9.987507052504975,0.772,0.852,0.836,0.016
3,mahalanobis_diag,intent_quantile_0.5,normalized_union,inverse_margin,1.0,18.919919107869873,0.772,0.852,0.836,0.016
3,mahalanobis_diag,intent_quantile_0.5,normalized_union,inverse_margin,2.0,36.784743218599665,0.772,0.852,0.836,0.016
3,mahalanobis_diag,intent_quantile_0.5,normalized_union,max_ratio,0.0,1.0788080106115836,0.702,0.852,0.822,0.03
3,mahalanobis_diag,intent_quantile_0.5,normalized_union,max_ratio,0.25,1.0788080106115836,0.702,0.852,0.822,0.03
3,mahalanobis_diag,intent_quantile_0.5,normalized_union,max_ratio,0.5,1.0788080106115836,0.702,0.852,0.822,0.03
3,mahalanobis_diag,intent_quantile_0.5,normalized_union,max_ratio,1.0,1.0788080106115836,0.702,0.852,0.822,0.03
3,mahalanobis_diag,intent_quantile_0.5,normalized_union,max_ratio,2.0,1.8939825789914226,0.772,0.852,0.836,0.016
3,mahalanobis_diag,center_quantile_0.7,nearest_sphere,none,0.0,1.0308530060361396,0.732,0.852,0.828,0.024
3,mahalanobis_diag,center_quantile_0.7,nearest_sphere,none,0.25,1.0308530060361396,0.732,0.852,0.828,0.024
3,mahalanobis_diag,center_quantile_0.7,nearest_sphere,none,0.5,1.0308530060361396,0.732,0.852,0.828,0.024
3,mahalanobis_diag,center_quantile_0.7,nearest_sphere,none,1.0,1.0308530060361396,0.732,0.852,0.828,0.024
3,mahalanobis_diag,center_quantile_0.7,nearest_sphere,none,2.0,1.0308530060361396,0.732,0.852,0.828,0.024
3,mahalanobis_diag,center_quantile_0.7,nearest_sphere,ratio,0.0,1.0308530060361396,0.732,0.852,0.828,0.024
3,mahalanobis_diag,center_quantile_0.7,nearest_sphere,ratio,0.25,1.2683232333066163,0.772,0.852,0.836,0.016
3,mahalanobis_diag,center_quantile_0.7,nearest_sphere,ratio,0.5,1.4978781329437585,0.782,0.852,0.838,0.014
3,mahalanobis_diag,center_quantile_0.7,nearest_sphere,ratio,1.0,1.9801266606877306,0.802,0.852,0.842,0.01
3,mahalanobis_diag,center_quantile_0.7,nearest_sphere,ratio,2.0,2.9273103560384808,0.812,0.852,0.844,0.008
3,mahalanobis_diag,center_quantile_0.7,nearest_sphere,inverse_margin,0.0,1.0308530060361396,0.732,0.852,0.828,0.024
3,mahalanobis_diag,center_quantile_0.7,nearest_sphere,inverse_margin,0.25,5.471588454313263,0.812,0.852,0.844,0.008
3,mahalanobis_diag,center_quantile_0.7,nearest_sphere,inverse_margin,0.5,9.937794481995711,0.812,0.852,0.844,0.008
3,mahalanobis_diag,center_quantile_0.7,nearest_sphere,inverse_margin,1.0,18.87020653736061,0.812,0.852,0.844,0.008
3,mahalanobis_diag,center_quantile_0.7,nearest_sphere,inverse_margin,2.0,36.7350306480904,0.812,0.852,0.844,0.008
3,mahalanobis_diag,center_quantile_0.7,nearest_sphere,max_ratio,0.0,1.0308530060361396,0.732,0.852,0.828,0.024
3,mahalanobis_diag,center_quantile_0.7,nearest_sphere,max_ratio,0.25,1.0308530060361396,0.732,0.852,0.828,0.024
3,mahalanobis_diag,center_quantile_0.7,nearest_sphere,max_ratio,0.5,1.0308530060361396,0.732,0.852,0.828,0.024
3,mahalanobis_diag,center_quantile_0.7,nearest_sphere,max_ratio,1.0,1.0308530060361396,0.732,0.852,0.828,0.024
3,mahalanobis_diag,center_quantile_0.7,nearest_sphere,max_ratio,2.0,1.8939825789914226,0.812,0.852,0.844,0.008
3,mahalanobis_diag,center_quantile_0.7,normalized_union,none,0.0,1.0267339585409176,0.722,0.852,0.826,0.026
3,mahalanobis_diag,center_quantile_0.7,normalized_union,none,0.25,1.0267339585409176,0.722,0.852,0.826,0.026
3,mahalanobis_diag,center_quantile_0.7,normalized_union,none,0.5,1.0267339585409176,0.722,0.852,0.826,0.026
3,mahalanobis_diag,center_quantile_0.7,normalized_union,none,1.0,1.0267339585409176,0.722,0.852,0.826,0.026
3,mahalanobis_diag,center_quantile_0.7,normalized_union,none,2.0,1.0267339585409176,0.722,0.852,0.826,0.026
3,mahalanobis_diag,center_quantile_0.7,normalized_union,ratio,0.0,1.0267339585409176,0.722,0.852,0.826,0.026
3,mahalanobis_diag,center_quantile_0.7,normalized_union,ratio,0.25,1.2560199486614452,0.762,0.852,0.834,0.018
3,mahalanobis_diag,center_quantile_0.7,normalized_union,ratio,0.5,1.492001877120904,0.762,0.852,0.834,0.018
3,mahalanobis_diag,center_quantile_0.7,normalized_union,ratio,1.0,1.9607609917208322,0.772,0.852,0.836,0.016
3,mahalanobis_diag,center_quantile_0.7,normalized_union,ratio,2.0,2.9199501869119135,0.802,0.852,0.842,0.01
3,mahalanobis_diag,center_quantile_0.7,normalized_union,inverse_margin,0.0,1.0267339585409176,0.722,0.852,0.826,0.026
3,mahalanobis_diag,center_quantile_0.7,normalized_union,inverse_margin,0.25,5.471588454313263,0.782,0.852,0.838,0.014
3,mahalanobis_diag,center_quantile_0.7,normalized_union,inverse_margin,0.5,9.937794481995711,0.782,0.852,0.838,0.014
3,mahalanobis_diag,center_quantile_0.7,normalized_union,inverse_margin,1.0,18.87020653736061,0.782,0.852,0.838,0.014
3,mahalanobis_diag,center_quantile_0.7,normalized_union,inverse_margin,2.0,36.7350306480904,0.782,0.852,0.838,0.014
3,mahalanobis_diag,center_quantile_0.7,normalized_union,max_ratio,0.0,1.0267339585409176,0.722,0.852,0.826,0.026
3,mahalanobis_diag,center_quantile_0.7,normalized_union,max_ratio,0.25,1.0267339585409176,0.722,0.852,0.826,0.026
3,mahalanobis_diag,center_quantile_0.7,normalized_union,max_ratio,0.5,1.0267339585409176,0.722,0.852,0.826,0.026
3,mahalanobis_diag,center_quantile_0.7,normalized_union,max_ratio,1.0,1.0267339585409176,0.722,0.852,0.826,0.026
3,mahalanobis_diag,center_quantile_0.7,normalized_union,max_ratio,2.0,1.8939825789914226,0.782,0.852,0.838,0.014
3,mahalanobis_diag,intent_quantile_0.7,nearest_sphere,none,0.0,1.0431846264210323,0.732,0.852,0.828,0.024
3,mahalanobis_diag,intent_quantile_0.7,nearest_sphere,none,0.25,1.0431846264210323,0.732,0.852,0.828,0.024
3,mahalanobis_diag,intent_quantile_0.7,nearest_sphere,none,0.5,1.0431846264210323,0.732,0.852,0.828,0.024
3,mahalanobis_diag,intent_quantile_0.7,nearest_sphere,none,1.0,1.0431846264210323,0.732,0.852,0.828,0.024
3,mahalanobis_diag,intent_quantile_0.7,nearest_sphere,none,2.0,1.0431846264210323,0.732,0.852,0.828,0.024
3,mahalanobis_diag,intent_quantile_0.7,nearest_sphere,ratio,0.0,1.0431846264210323,0.732,0.852,0.828,0.024
3,mahalanobis_diag,intent_quantile_0.7,nearest_sphere,ratio,0.25,1.2816768555427274,0.772,0.852,0.836,0.016
3,mahalanobis_diag,intent_quantile_0.7,nearest_sphere,ratio,0.5,1.5150407655570328,0.772,0.852,0.836,0.016
3,mahalanobis_diag,intent_quantile_0.7,nearest_sphere,ratio,1.0,1.993765530661998,0.772,0.852,0.836,0.016
3,mahalanobis_diag,intent_quantile_0.7,nearest_sphere,ratio,2.0,2.939821668042529,0.812,0.852,0.844,0.008
3,mahalanobis_diag,intent_quantile_0.7,nearest_sphere,inverse_margin,0.0,1.0431846264210323,0.732,0.852,0.828,0.024
3,mahalanobis_diag,intent_quantile_0.7,nearest_sphere,inverse_margin,0.25,5.46938372735235,0.812,0.852,0.844,0.008
3,mahalanobis_diag,intent_quantile_0.7,nearest_sphere,inverse_margin,0.5,9.935589755034798,0.812,0.852,0.844,0.008
3,mahalanobis_diag,intent_quantile_0.7,nearest_sphere,inverse_margin,1.0,18.868001810399694,0.812,0.852,0.844,0.008
3,mahalanobis_diag,intent_quantile_0.7,nearest_sphere,inverse_margin,2.0,36.73282592112949,0.812,0.852,0.844,0.008
3,mahalanobis_diag,intent_quantile_0.7,nearest_sphere,max_ratio,0.0,1.0431846264210323,0.732,0.852,0.828,0.024
3,mahalanobis_diag,intent_quantile_0.7,nearest_sphere,max_ratio,0.25,1.0431846264210323,0.732,0.852,0.828,0.024
3,mahalanobis_diag,intent_quantile_0.7,nearest_sphere,max_ratio,0.5,1.0431846264210323,0.732,0.852,0.828,0.024
3,mahalanobis_diag,intent_quantile_0.7,nearest_sphere,max_ratio,1.0,1.0431846264210323,0.732,0.852,0.828,0.024
3,mahalanobis_diag,intent_quantile_0.7,nearest_sphere,max_ratio,2.0,1.8939825789914226,0.812,0.852,0.844,0.008
3,mahalanobis_diag,intent_quantile_0.7,normalized_union,none,0.0,1.0391239512422035,0.722,0.852,0.826,0.026
3,mahalanobis_diag,intent_quantile_0.7,normalized_union,none,0.25,1.0391239512422035,0.722,0.852,0.826,0.026
3,mahalanobis_diag,intent_quantile_0.7,normalized_union,none,0.5,1.0391239512422035,0.722,0.852,0.826,0.026
3,mahalanobis_diag,intent_quantile_0.7,normalized_union,none,1.0,1.0391239512422035,0.722,0.852,0.826,0.026
3,mahalanobis_diag,intent_quantile_0.7,normalized_union,none,2.0,1.0391239512422035,0.722,0.852,0.826,0.026
3,mahalanobis_diag,intent_quantile_0.7,normalized_union,ratio,0.0,1.0391239512422035,0.722,0.852,0.826,0.026
3,mahalanobis_diag,intent_quantile_0.7,normalized_union,ratio,0.25,1.2805735910704592,0.762,0.852,0.834,0.018
3,mahalanobis_diag,intent_quantile_0.7,normalized_union,ratio,0.5,1.5148009962124571,0.772,0.852,0.836,0.016
3,mahalanobis_diag,intent_quantile_0.7,normalized_union,ratio,1.0,1.9871157753262156,0.772,0.852,0.836,0.016
3,mahalanobis_diag,intent_quantile_0.7,normalized_union,ratio,2.0,2.939821668042529,0.812,0.852,0.844,0.008
3,mahalanobis_diag,intent_quantile_0.7,normalized_union,inverse_margin,0.0,1.0391239512422035,0.722,0.852,0.826,0.026
3,mahalanobis_diag,intent_quantile_0.7,normalized_union,inverse_margin,0.25,5.46938372735235,0.772,0.852,0.836,0.016
3,mahalanobis_diag,intent_quantile_0.7,normalized_union,inverse_margin,0.5,9.935589755034798,0.772,0.852,0.836,0.016
3,mahalanobis_diag,intent_quantile_0.7,normalized_union,inverse_margin,1.0,18.868001810399694,0.772,0.852,0.836,0.016
3,mahalanobis_diag,intent_quantile_0.7,normalized_union,inverse_margin,2.0,36.73282592112949,0.772,0.852,0.836,0.016
3,mahalanobis_diag,intent_quantile_0.7,normalized_union,max_ratio,0.0,1.0391239512422035,0.722,0.852,0.826,0.026
3,mahalanobis_diag,intent_quantile_0.7,normalized_union,max_ratio,0.25,1.0391239512422035,0.722,0.852,0.826,0.026
3,mahalanobis_diag,intent_quantile_0.7,normalized_union,max_ratio,0.5,1.0391239512422035,0.722,0.852,0.826,0.026
3,mahalanobis_diag,intent_quantile_0.7,normalized_union,max_ratio,1.0,1.0391239512422035,0.722,0.852,0.826,0.026
3,mahalanobis_diag,intent_quantile_0.7,normalized_union,max_ratio,2.0,1.8939825789914226,0.772,0.852,0.836,0.016
3,mahalanobis_diag,center_quantile_0.8,nearest_sphere,none,0.0,1.0090729814167627,0.732,0.852,0.828,0.024
3,mahalanobis_diag,center_quantile_0.8,nearest_sphere,none,0.25,1.0090729814167627,0.732,0.852,0.828,0.024
3,mahalanobis_diag,center_quantile_0.8,nearest_sphere,none,0.5,1.0090729814167627,0.732,0.852,0.828,0.024
3,mahalanobis_diag,center_quantile_0.8,nearest_sphere,none,1.0,1.0090729814167627,0.732,0.852,0.828,0.024
3,mahalanobis_diag,center_quantile_0.8,nearest_sphere,none,2.0,1.0090729814167627,0.732,0.852,0.828,0.024
3,mahalanobis_diag,center_quantile_0.8,nearest_sphere,ratio,0.0,1.0090729814167627,0.732,0.852,0.828,0.024
3,mahalanobis_diag,center_quantile_0.8,nearest_sphere,ratio,0.25,1.2419436011830267,0.772,0.852,0.836,0.016
3,mahalanobis_diag,center_quantile_0.8,nearest_sphere,ratio,0.5,1.4748585867136508,0.782,0.852,0.838,0.014
3,mahalanobis_diag,center_quantile_0.8,nearest_sphere,ratio,1.0,1.9504322207755602,0.812,0.852,0.844,0.008
3,mahalanobis_diag,center_quantile_0.8,nearest_sphere,ratio,2.0,2.8995742989203084,0.812,0.852,0.844,0.008
3,mahalanobis_diag,center_quantile_0.8,nearest_sphere,inverse_margin,0.0,1.0090729814167627,0.732,0.852,0.828,0.024
3,mahalanobis_diag,center_quantile_0.8,nearest_sphere,inverse_margin,0.25,5.447325338876082,0.812,0.852,0.844,0.008
3,mahalanobis_diag,center_quantile_0.8,nearest_sphere,inverse_margin,0.5,9.91353136655853,0.812,0.852,0.844,0.008
3,mahalanobis_diag,center_quantile_0.8,nearest_sphere,inverse_margin,1.0,18.845943421923426,0.812,0.852,0.844,0.008
3,mahalanobis_diag,center_quantile_0.8,nearest_sphere,inverse_margin,2.0,36.71076753265322,0.812,0.852,0.844,0.008
3,mahalanobis_diag,center_quantile_0.8,nearest_sphere,max_ratio,0.0,1.0090729814167627,0.732,0.852,0.828,0.024
3,mahalanobis_diag,center_quantile_0.8,nearest_sphere,max_ratio,0.25,1.0090729814167627,0.732,0.852,0.828,0.024
3,mahalanobis_diag,center_quantile_0.8,nearest_sphere,max_ratio,0.5,1.0090729814167627,0.732,0.852,0.828,0.024
3,mahalanobis_diag,center_quantile_0.8,nearest_sphere,max_ratio,1.0,1.0090729814167627,0.732,0.852,0.828,0.024
3,mahalanobis_diag,center_quantile_0.8,nearest_sphere,max_ratio,2.0,1.8939825789914226,0.812,0.852,0.844,0.008
3,mahalanobis_diag,center_quantile_0.8,normalized_union,none,0.0,0.9993015076783227,0.762,0.852,0.834,0.018
3,mahalanobis_diag,center_quantile_0.8,normalized_union,none,0.25,0.9993015076783227,0.762,0.852,0.834,0.018
3,mahalanobis_diag,center_quantile_0.8,normalized_union,none,0.5,0.9993015076783227,0.762,0.852,0.834,0.018
3,mahalanobis_diag,center_quantile_0.8,normalized_union,none,1.0,0.9993015076783227,0.762,0.852,0.834,0.018
3,mahalanobis_diag,center_quantile_0.8,normalized_union,none,2.0,0.9993015076783227,0.762,0.852,0.834,0.018
3,mahalanobis_diag,center_quantile_0.8,normalized_union,ratio,0.0,0.9993015076783227,0.762,0.852,0.834,0.018
3,mahalanobis_diag,center_quantile_0.8,normalized_union,ratio,0.25,1.2275716125804572,0.772,0.852,0.836,0.016
3,mahalanobis_diag,center_quantile_0.8,normalized_union,ratio,0.5,1.4622527583050442,0.772,0.852,0.836,0.016
3,mahalanobis_diag,center_quantile_0.8,normalized_union,ratio,1.0,1.9349552609675444,0.792,0.852,0.84,0.012
3,mahalanobis_diag,center_quantile_0.8,normalized_union,ratio,2.0,2.8857665813648303,0.802,0.852,0.842,0.01
3,mahalanobis_diag,center_quantile_0.8,normalized_union,inverse_margin,0.0,0.9993015076783227,0.762,0.852,0.834,0.018
3,mahalanobis_diag,center_quantile_0.8,normalized_union,inverse_margin,0.25,5.433533141528562,0.782,0.852,0.838,0.014
3,mahalanobis_diag,center_quantile_0.8,normalized_union,inverse_margin,0.5,9.891653241312355,0.782,0.852,0.838,0.014
3,mahalanobis_diag,center_quantile_0.8,normalized_union,inverse_margin,1.0,18.82406529667725,0.782,0.852,0.838,0.014
3,mahalanobis_diag,center_quantile_0.8,normalized_union,inverse_margin,2.0,36.688889407407046,0.782,0.852,0.838,0.014
3,mahalanobis_diag,center_quantile_0.8,normalized_union,max_ratio,0.0,0.9993015076783227,0.762,0.852,0.834,0.018
3,mahalanobis_diag,center_quantile_0.8,normalized_union,max_ratio,0.25,0.9993015076783227,0.762,0.852,0.834,0.018
3,mahalanobis_diag,center_quantile_0.8,normalized_union,max_ratio,0.5,0.9993015076783227,0.762,0.852,0.834,0.018
3,mahalanobis_diag,center_quantile_0.8,normalized_union,max_ratio,1.0,0.9993015076783227,0.762,0.852,0.834,0.018
3,mahalanobis_diag,center_quantile_0.8,normalized_union,max_ratio,2.0,1.8939825789914226,0.782,0.852,0.838,0.014
3,mahalanobis_diag,intent_quantile_0.8,nearest_sphere,none,0.0,1.0185578337570842,0.742,0.852,0.83,0.022
3,mahalanobis_diag,intent_quantile_0.8,nearest_sphere,none,0.25,1.0185578337570842,0.742,0.852,0.83,0.022
3,mahalanobis_diag,intent_quantile_0.8,nearest_sphere,none,0.5,1.0185578337570842,0.742,0.852,0.83,0.022
3,mahalanobis_diag,intent_quantile_0.8,nearest_sphere,none,1.0,1.0185578337570842,0.742,0.852,0.83,0.022
3,mahalanobis_diag,intent_quantile_0.8,nearest_sphere,none,2.0,1.0185578337570842,0.742,0.852,0.83,0.022
3,mahalanobis_diag,intent_quantile_0.8,nearest_sphere,ratio,0.0,1.0185578337570842,0.742,0.852,0.83,0.022
3,mahalanobis_diag,intent_quantile_0.8,nearest_sphere,ratio,0.25,1.2535774146882184,0.772,0.852,0.836,0.016
3,mahalanobis_diag,intent_quantile_0.8,nearest_sphere,ratio,0.5,1.4885403085447872,0.772,0.852,0.836,0.016
3,mahalanobis_diag,intent_quantile_0.8,nearest_sphere,ratio,1.0,1.9638563848076183,0.772,0.852,0.836,0.016
3,mahalanobis_diag,intent_quantile_0.8,nearest_sphere,ratio,2.0,2.917895510332732,0.812,0.852,0.844,0.008
3,mahalanobis_diag,intent_quantile_0.8,nearest_sphere,inverse_margin,0.0,1.0185578337570842,0.742,0.852,0.83,0.022
3,mahalanobis_diag,intent_quantile_0.8,nearest_sphere,inverse_margin,0.25,5.441030328790642,0.812,0.852,0.844,0.008
3,mahalanobis_diag,intent_quantile_0.8,nearest_sphere,inverse_margin,0.5,9.903516833899605,0.812,0.852,0.844,0.008
3,mahalanobis_diag,intent_quantile_0.8,nearest_sphere,inverse_margin,1.0,18.8359288892645,0.812,0.852,0.844,0.008
3,mahalanobis_diag,intent_quantile_0.8,nearest_sphere,inverse_margin,2.0,36.70075299999429,0.812,0.852,0.844,0.008
3,mahalanobis_diag,intent_quantile_0.8,nearest_sphere,max_ratio,0.0,1.0185578337570842,0.742,0.852,0.83,0.022
3,mahalanobis_diag,intent_quantile_0.8,nearest_sphere,max_ratio,0.25,1.0185578337570842,0.742,0.852,0.83,0.022
3,mahalanobis_diag,intent_quantile_0.8,nearest_sphere,max_ratio,0.5,1.0185578337570842,0.742,0.852,0.83,0.022
3,mahalanobis_diag,intent_quantile_0.8,nearest_sphere,max_ratio,1.0,1.0185578337570842,0.742,0.852,0.83,0.022
3,mahalanobis_diag,intent_quantile_0.8,nearest_sphere,max_ratio,2.0,1.8939825789914226,0.812,0.852,0.844,0.008
3,mahalanobis_diag,intent_quantile_0.8,normalized_union,none,0.0,1.0170675019312119,0.742,0.852,0.83,0.022
3,mahalanobis_diag,intent_quantile_0.8,normalized_union,none,0.25,1.0170675019312119,0.742,0.852,0.83,0.022
3,mahalanobis_diag,intent_quantile_0.8,normalized_union,none,0.5,1.0170675019312119,0.742,0.852,0.83,0.022
3,mahalanobis_diag,intent_quantile_0.8,normalized_union,none,1.0,1.0170675019312119,0.742,0.852,0.83,0.022
3,mahalanobis_diag,intent_quantile_0.8,normalized_union,none,2.0,1.0170675019312119,0.742,0.852,0.83,0.022
3,mahalanobis_diag,intent_quantile_0.8,normalized_union,ratio,0.0,1.0170675019312119,0.742,0.852,0.83,0.022
3,mahalanobis_diag,intent_quantile_0.8,normalized_union,ratio,0.25,1.2535266916406307,0.772,0.852,0.836,0.016
3,mahalanobis_diag,intent_quantile_0.8,normalized_union,ratio,0.5,1.488002942181957,0.772,0.852,0.836,0.016
3,mahalanobis_diag,intent_quantile_0.8,normalized_union,ratio,1.0,1.962957296205822,0.782,0.852,0.838,0.014
3,mahalanobis_diag,intent_quantile_0.8,normalized_union,ratio,2.0,2.9159290816001393,0.812,0.852,0.844,0.008
3,mahalanobis_diag,intent_quantile_0.8,normalized_union,inverse_margin,0.0,1.0170675019312119,0.742,0.852,0.83,0.022
3,mahalanobis_diag,intent_quantile_0.8,normalized_union,inverse_margin,0.25,5.441030328790642,0.772,0.852,0.836,0.016
3,mahalanobis_diag,intent_quantile_0.8,normalized_union,inverse_margin,0.5,9.903516833899605,0.772,0.852,0.836,0.016
3,mahalanobis_diag,intent_quantile_0.8,normalized_union,inverse_margin,1.0,18.8359288892645,0.772,0.852,0.836,0.016
3,mahalanobis_diag,intent_quantile_0.8,normalized_union,inverse_margin,2.0,36.70075299999429,0.772,0.852,0.836,0.016
3,mahalanobis_diag,intent_quantile_0.8,normalized_union,max_ratio,0.0,1.0170675019312119,0.742,0.852,0.83,0.022
3,mahalanobis_diag,intent_quantile_0.8,normalized_union,max_ratio,0.25,1.0170675019312119,0.742,0.852,0.83,0.022
3,mahalanobis_diag,intent_quantile_0.8,normalized_union,max_ratio,0.5,1.0170675019312119,0.742,0.852,0.83,0.022
3,mahalanobis_diag,intent_quantile_0.8,normalized_union,max_ratio,1.0,1.0170675019312119,0.742,0.852,0.83,0.022
3,mahalanobis_diag,intent_quantile_0.8,normalized_union,max_ratio,2.0,1.8939825789914226,0.772,0.852,0.836,0.016
3,mahalanobis_diag,center_quantile_0.9,nearest_sphere,none,0.0,0.9779174164255033,0.732,0.852,0.828,0.024
3,mahalanobis_diag,center_quantile_0.9,nearest_sphere,none,0.25,0.9779174164255033,0.732,0.852,0.828,0.024
3,mahalanobis_diag,center_quantile_0.9,nearest_sphere,none,0.5,0.9779174164255033,0.732,0.852,0.828,0.024
3,mahalanobis_diag,center_quantile_0.9,nearest_sphere,none,1.0,0.9779174164255033,0.732,0.852,0.828,0.024
3,mahalanobis_diag,center_quantile_0.9,nearest_sphere,none,2.0,0.9779174164255033,0.732,0.852,0.828,0.024
3,mahalanobis_diag,center_quantile_0.9,nearest_sphere,ratio,0.0,0.9779174164255033,0.732,0.852,0.828,0.024
3,mahalanobis_diag,center_quantile_0.9,nearest_sphere,ratio,0.25,1.2018342841029943,0.762,0.852,0.834,0.018
3,mahalanobis_diag,center_quantile_0.9,nearest_sphere,ratio,0.5,1.4355927322529445,0.772,0.852,0.836,0.016
3,mahalanobis_diag,center_quantile_0.9,nearest_sphere,ratio,1.0,1.9096923565487836,0.802,0.852,0.842,0.01
3,mahalanobis_diag,center_quantile_0.9,nearest_sphere,ratio,2.0,2.852684630145585,0.812,0.852,0.844,0.008
3,mahalanobis_diag,center_quantile_0.9,nearest_sphere,inverse_margin,0.0,0.9779174164255033,0.732,0.852,0.828,0.024
3,mahalanobis_diag,center_quantile_0.9,nearest_sphere,inverse_margin,0.25,5.405574856301015,0.812,0.852,0.844,0.008
3,mahalanobis_diag,center_quantile_0.9,nearest_sphere,inverse_margin,0.5,9.871780883983464,0.812,0.852,0.844,0.008
3,mahalanobis_diag,center_quantile_0.9,nearest_sphere,inverse_margin,1.0,18.804192939348358,0.812,0.852,0.844,0.008
3,mahalanobis_diag,center_quantile_0.9,nearest_sphere,inverse_margin,2.0,36.66901705007815,0.812,0.852,0.844,0.008
3,mahalanobis_diag,center_quantile_0.9,nearest_sphere,max_ratio,0.0,0.9779174164255033,0.732,0.852,0.828,0.024
3,mahalanobis_diag,center_quantile_0.9,nearest_sphere,max_ratio,0.25,0.9779174164255033,0.732,0.852,0.828,0.024
3,mahalanobis_diag,center_quantile_0.9,nearest_sphere,max_ratio,0.5,0.9779174164255033,0.732,0.852,0.828,0.024
3,mahalanobis_diag,center_quantile_0.9,nearest_sphere,max_ratio,1.0,0.9869314860872977,0.762,0.852,0.834,0.018
3,mahalanobis_diag,center_quantile_0.9,nearest_sphere,max_ratio,2.0,1.8939825789914226,0.812,0.852,0.844,0.008
3,mahalanobis_diag,center_quantile_0.9,normalized_union,none,0.0,0.9593804648754904,0.782,0.852,0.838,0.014
3,mahalanobis_diag,center_quantile_0.9,normalized_union,none,0.25,0.9593804648754904,0.782,0.852,0.838,0.014
3,mahalanobis_diag,center_quantile_0.9,normalized_union,none,0.5,0.9593804648754904,0.782,0.852,0.838,0.014
3,mahalanobis_diag,center_quantile_0.9,normalized_union,none,1.0,0.9593804648754904,0.782,0.852,0.838,0.014
3,mahalanobis_diag,center_quantile_0.9,normalized_union,none,2.0,0.9593804648754904,0.782,0.852,0.838,0.014
3,mahalanobis_diag,center_quantile_0.9,normalized_union,ratio,0.0,0.9593804648754904,0.782,0.852,0.838,0.014
3,mahalanobis_diag,center_quantile_0.9,normalized_union,ratio,0.25,1.1855328791304387,0.792,0.852,0.84,0.012
3,mahalanobis_diag,center_quantile_0.9,normalized_union,ratio,0.5,1.414256397020693,0.792,0.852,0.84,0.012
3,mahalanobis_diag,center_quantile_0.9,normalized_union,ratio,1.0,1.8829969870914394,0.832,0.852,0.848,0.004
3,mahalanobis_diag,center_quantile_0.9,normalized_union,ratio,2.0,2.8222094771708917,0.832,0.852,0.848,0.004
3,mahalanobis_diag,center_quantile_0.9,normalized_union,inverse_margin,0.0,0.9593804648754904,0.782,0.852,0.838,0.014
3,mahalanobis_diag,center_quantile_0.9,normalized_union,inverse_margin,0.25,5.396594127315936,0.822,0.852,0.846,0.006
3,mahalanobis_diag,center_quantile_0.9,normalized_union,inverse_margin,0.5,9.850198157862193,0.822,0.852,0.846,0.006
3,mahalanobis_diag,center_quantile_0.9,normalized_union,inverse_margin,1.0,18.757406218954706,0.822,0.852,0.846,0.006
3,mahalanobis_diag,center_quantile_0.9,normalized_union,inverse_margin,2.0,36.57182234113973,0.822,0.852,0.846,0.006
3,mahalanobis_diag,center_quantile_0.9,normalized_union,max_ratio,0.0,0.9593804648754904,0.782,0.852,0.838,0.014
3,mahalanobis_diag,center_quantile_0.9,normalized_union,max_ratio,0.25,0.9593804648754904,0.782,0.852,0.838,0.014
3,mahalanobis_diag,center_quantile_0.9,normalized_union,max_ratio,0.5,0.9593804648754904,0.782,0.852,0.838,0.014
3,mahalanobis_diag,center_quantile_0.9,normalized_union,max_ratio,1.0,0.9814243279559124,0.822,0.852,0.846,0.006
3,mahalanobis_diag,center_quantile_0.9,normalized_union,max_ratio,2.0,1.8939825789914226,0.822,0.852,0.846,0.006
3,mahalanobis_diag,intent_quantile_0.9,nearest_sphere,none,0.0,0.9855419667965937,0.742,0.852,0.83,0.022
3,mahalanobis_diag,intent_quantile_0.9,nearest_sphere,none,0.25,0.9855419667965937,0.742,0.852,0.83,0.022
3,mahalanobis_diag,intent_quantile_0.9,nearest_sphere,none,0.5,0.9855419667965937,0.742,0.852,0.83,0.022
3,mahalanobis_diag,intent_quantile_0.9,nearest_sphere,none,1.0,0.9855419667965937,0.742,0.852,0.83,0.022
3,mahalanobis_diag,intent_quantile_0.9,nearest_sphere,none,2.0,0.9855419667965937,0.742,0.852,0.83,0.022
3,mahalanobis_diag,intent_quantile_0.9,nearest_sphere,ratio,0.0,0.9855419667965937,0.742,0.852,0.83,0.022
3,mahalanobis_diag,intent_quantile_0.9,nearest_sphere,ratio,0.25,1.2208114536152652,0.762,0.852,0.834,0.018
3,mahalanobis_diag,intent_quantile_0.9,nearest_sphere,ratio,0.5,1.4539910526450206,0.762,0.852,0.834,0.018
3,mahalanobis_diag,intent_quantile_0.9,nearest_sphere,ratio,1.0,1.924426343728566,0.772,0.852,0.836,0.016
3,mahalanobis_diag,intent_quantile_0.9,nearest_sphere,ratio,2.0,2.875307543987286,0.812,0.852,0.844,0.008
3,mahalanobis_diag,intent_quantile_0.9,nearest_sphere,inverse_margin,0.0,0.9855419667965937,0.742,0.852,0.83,0.022
3,mahalanobis_diag,intent_quantile_0.9,nearest_sphere,inverse_margin,0.25,5.406127692256162,0.812,0.852,0.844,0.008
3,mahalanobis_diag,intent_quantile_0.9,nearest_sphere,inverse_margin,0.5,9.872333719938611,0.812,0.852,0.844,0.008
3,mahalanobis_diag,intent_quantile_0.9,nearest_sphere,inverse_margin,1.0,18.804745775303505,0.812,0.852,0.844,0.008
3,mahalanobis_diag,intent_quantile_0.9,nearest_sphere,inverse_margin,2.0,36.6695698860333,0.812,0.852,0.844,0.008
3,mahalanobis_diag,intent_quantile_0.9,nearest_sphere,max_ratio,0.0,0.9855419667965937,0.742,0.852,0.83,0.022
3,mahalanobis_diag,intent_quantile_0.9,nearest_sphere,max_ratio,0.25,0.9855419667965937,0.742,0.852,0.83,0.022
3,mahalanobis_diag,intent_quantile_0.9,nearest_sphere,max_ratio,0.5,0.9855419667965937,0.742,0.852,0.83,0.022
3,mahalanobis_diag,intent_quantile_0.9,nearest_sphere,max_ratio,1.0,0.9934430469161377,0.752,0.852,0.832,0.02
3,mahalanobis_diag,intent_quantile_0.9,nearest_sphere,max_ratio,2.0,1.8939825789914226,0.812,0.852,0.844,0.008
3,mahalanobis_diag,intent_quantile_0.9,normalized_union,none,0.0,0.985316304669196,0.752,0.852,0.832,0.02
3,mahalanobis_diag,intent_quantile_0.9,normalized_union,none,0.25,0.985316304669196,0.752,0.852,0.832,0.02
3,mahalanobis_diag,intent_quantile_0.9,normalized_union,none,0.5,0.985316304669196,0.752,0.852,0.832,0.02
3,mahalanobis_diag,intent_quantile_0.9,normalized_union,none,1.0,0.985316304669196,0.752,0.852,0.832,0.02
3,mahalanobis_diag,intent_quantile_0.9,normalized_union,none,2.0,0.985316304669196,0.752,0.852,0.832,0.02
3,mahalanobis_diag,intent_quantile_0.9,normalized_union,ratio,0.0,0.985316304669196,0.752,0.852,0.832,0.02
3,mahalanobis_diag,intent_quantile_0.9,normalized_union,ratio,0.25,1.2208114536152652,0.772,0.852,0.836,0.016
3,mahalanobis_diag,intent_quantile_0.9,normalized_union,ratio,0.5,1.4539910526450206,0.772,0.852,0.836,0.016
3,mahalanobis_diag,intent_quantile_0.9,normalized_union,ratio,1.0,1.923077610174332,0.782,0.852,0.838,0.014
3,mahalanobis_diag,intent_quantile_0.9,normalized_union,ratio,2.0,2.875307543987286,0.812,0.852,0.844,0.008
3,mahalanobis_diag,intent_quantile_0.9,normalized_union,inverse_margin,0.0,0.985316304669196,0.752,0.852,0.832,0.02
3,mahalanobis_diag,intent_quantile_0.9,normalized_union,inverse_margin,0.25,5.406127692256162,0.792,0.852,0.84,0.012
3,mahalanobis_diag,intent_quantile_0.9,normalized_union,inverse_margin,0.5,9.872333719938611,0.792,0.852,0.84,0.012
3,mahalanobis_diag,intent_quantile_0.9,normalized_union,inverse_margin,1.0,18.804745775303505,0.792,0.852,0.84,0.012
3,mahalanobis_diag,intent_quantile_0.9,normalized_union,inverse_margin,2.0,36.6695698860333,0.792,0.852,0.84,0.012
3,mahalanobis_diag,intent_quantile_0.9,normalized_union,max_ratio,0.0,0.985316304669196,0.752,0.852,0.832,0.02
3,mahalanobis_diag,intent_quantile_0.9,normalized_union,max_ratio,0.25,0.985316304669196,0.752,0.852,0.832,0.02
3,mahalanobis_diag,intent_quantile_0.9,normalized_union,max_ratio,0.5,0.985316304669196,0.752,0.852,0.832,0.02
3,mahalanobis_diag,intent_quantile_0.9,normalized_union,max_ratio,1.0,0.9929375171134422,0.762,0.852,0.834,0.018
3,mahalanobis_diag,intent_quantile_0.9,normalized_union,max_ratio,2.0,1.8939825789914226,0.792,0.852,0.84,0.012
3,mahalanobis_diag,center_quantile_0.95,nearest_sphere,none,0.0,0.9502061985395707,0.722,0.852,0.826,0.026
3,mahalanobis_diag,center_quantile_0.95,nearest_sphere,none,0.25,0.9502061985395707,0.722,0.852,0.826,0.026
3,mahalanobis_diag,center_quantile_0.95,nearest_sphere,none,0.5,0.9502061985395707,0.722,0.852,0.826,0.026
3,mahalanobis_diag,center_quantile_0.95,nearest_sphere,none,1.0,0.9502061985395707,0.722,0.852,0.826,0.026
3,mahalanobis_diag,center_quantile_0.95,nearest_sphere,none,2.0,0.9502061985395707,0.722,0.852,0.826,0.026
3,mahalanobis_diag,center_quantile_0.95,nearest_sphere,ratio,0.0,0.9502061985395707,0.722,0.852,0.826,0.026
3,mahalanobis_diag,center_quantile_0.95,nearest_sphere,ratio,0.25,1.1755735573514858,0.762,0.852,0.834,0.018
3,mahalanobis_diag,center_quantile_0.95,nearest_sphere,ratio,0.5,1.4089076698172665,0.772,0.852,0.836,0.016
3,mahalanobis_diag,center_quantile_0.95,nearest_sphere,ratio,1.0,1.8865437293827836,0.802,0.852,0.842,0.01
3,mahalanobis_diag,center_quantile_0.95,nearest_sphere,ratio,2.0,2.8228057288842647,0.812,0.852,0.844,0.008
3,mahalanobis_diag,center_quantile_0.95,nearest_sphere,inverse_margin,0.0,0.9502061985395707,0.722,0.852,0.826,0.026
3,mahalanobis_diag,center_quantile_0.95,nearest_sphere,inverse_margin,0.25,5.368978908376236,0.812,0.852,0.844,0.008
3,mahalanobis_diag,center_quantile_0.95,nearest_sphere,inverse_margin,0.5,9.826755376676205,0.812,0.852,0.844,0.008
3,mahalanobis_diag,center_quantile_0.95,nearest_sphere,inverse_margin,1.0,18.7591674320411,0.812,0.852,0.844,0.008
3,mahalanobis_diag,center_quantile_0.95,nearest_sphere,inverse_margin,2.0,36.623991542770895,0.812,0.852,0.844,0.008
3,mahalanobis_diag,center_quantile_0.95,nearest_sphere,max_ratio,0.0,0.9502061985395707,0.722,0.852,0.826,0.026
3,mahalanobis_diag,center_quantile_0.95,nearest_sphere,max_ratio,0.25,0.9502061985395707,0.722,0.852,0.826,0.026
3,mahalanobis_diag,center_quantile_0.95,nearest_sphere,max_ratio,0.5,0.9502061985395707,0.722,0.852,0.826,0.026
3,mahalanobis_diag,center_quantile_0.95,nearest_sphere,max_ratio,1.0,0.975437329299764,0.772,0.852,0.836,0.016
3,mahalanobis_diag,center_quantile_0.95,nearest_sphere,max_ratio,2.0,1.8939825789914226,0.812,0.852,0.844,0.008
3,mahalanobis_diag,center_quantile_0.95,normalized_union,none,0.0,0.9323248938473978,0.792,0.852,0.84,0.012
3,mahalanobis_diag,center_quantile_0.95,normalized_union,none,0.25,0.9323248938473978,0.792,0.852,0.84,0.012
3,mahalanobis_diag,center_quantile_0.95,normalized_union,none,0.5,0.9323248938473978,0.792,0.852,0.84,0.012
3,mahalanobis_diag,center_quantile_0.95,normalized_union,none,1.0,0.9323248938473978,0.792,0.852,0.84,0.012
3,mahalanobis_diag,center_quantile_0.95,normalized_union,none,2.0,0.9323248938473978,0.792,0.852,0.84,0.012
3,mahalanobis_diag,center_quantile_0.95,normalized_union,ratio,0.0,0.9323248938473978,0.792,0.852,0.84,0.012
3,mahalanobis_diag,center_quantile_0.95,normalized_union,ratio,0.25,1.1583308437780497,0.792,0.852,0.84,0.012
3,mahalanobis_diag,center_quantile_0.95,normalized_union,ratio,0.5,1.3854544264427038,0.792,0.852,0.84,0.012
3,mahalanobis_diag,center_quantile_0.95,normalized_union,ratio,1.0,1.8470575909175726,0.822,0.852,0.846,0.006
3,mahalanobis_diag,center_quantile_0.95,normalized_union,ratio,2.0,2.781433255954802,0.832,0.852,0.848,0.004
3,mahalanobis_diag,center_quantile_0.95,normalized_union,inverse_margin,0.0,0.9323248938473978,0.792,0.852,0.84,0.012
3,mahalanobis_diag,center_quantile_0.95,normalized_union,inverse_margin,0.25,5.368978908376236,0.822,0.852,0.846,0.006
3,mahalanobis_diag,center_quantile_0.95,normalized_union,inverse_margin,0.5,9.822582938922492,0.822,0.852,0.846,0.006
3,mahalanobis_diag,center_quantile_0.95,normalized_union,inverse_margin,1.0,18.729791000015005,0.822,0.852,0.846,0.006
3,mahalanobis_diag,center_quantile_0.95,normalized_union,inverse_margin,2.0,36.544207122200035,0.822,0.852,0.846,0.006
3,mahalanobis_diag,center_quantile_0.95,normalized_union,max_ratio,0.0,0.9323248938473978,0.792,0.852,0.84,0.012
3,mahalanobis_diag,center_quantile_0.95,normalized_union,max_ratio,0.25,0.9323248938473978,0.792,0.852,0.84,0.012
3,mahalanobis_diag,center_quantile_0.95,normalized_union,max_ratio,0.5,0.9323248938473978,0.792,0.852,0.84,0.012
3,mahalanobis_diag,center_quantile_0.95,normalized_union,max_ratio,1.0,0.9680992449674828,0.832,0.852,0.848,0.004
3,mahalanobis_diag,center_quantile_0.95,normalized_union,max_ratio,2.0,1.8939825789914226,0.822,0.852,0.846,0.006
3,mahalanobis_diag,intent_quantile_0.95,nearest_sphere,none,0.0,0.9564800637950939,0.722,0.852,0.826,0.026
3,mahalanobis_diag,intent_quantile_0.95,nearest_sphere,none,0.25,0.9564800637950939,0.722,0.852,0.826,0.026
3,mahalanobis_diag,intent_quantile_0.95,nearest_sphere,none,0.5,0.9564800637950939,0.722,0.852,0.826,0.026
3,mahalanobis_diag,intent_quantile_0.95,nearest_sphere,none,1.0,0.9564800637950939,0.722,0.852,0.826,0.026
3,mahalanobis_diag,intent_quantile_0.95,nearest_sphere,none,2.0,0.9564800637950939,0.722,0.852,0.826,0.026
3,mahalanobis_diag,intent_quantile_0.95,nearest_sphere,ratio,0.0,0.9564800637950939,0.722,0.852,0.826,0.026
3,mahalanobis_diag,intent_quantile_0.95,nearest_sphere,ratio,0.25,1.1862946088291348,0.762,0.852,0.834,0.018
3,mahalanobis_diag,intent_quantile_0.95,nearest_sphere,ratio,0.5,1.4191595265229002,0.762,0.852,0.834,0.018
3,mahalanobis_diag,intent_quantile_0.95,nearest_sphere,ratio,1.0,1.8972889980968448,0.792,0.852,0.84,0.012
3,mahalanobis_diag,intent_quantile_0.95,nearest_sphere,ratio,2.0,2.8473184757295993,0.812,0.852,0.844,0.008
3,mahalanobis_diag,intent_quantile_0.95,nearest_sphere,inverse_margin,0.0,0.9564800637950939,0.722,0.852,0.826,0.026
3,mahalanobis_diag,intent_quantile_0.95,nearest_sphere,inverse_margin,0.25,5.376994796746115,0.812,0.852,0.844,0.008
3,mahalanobis_diag,intent_quantile_0.95,nearest_sphere,inverse_margin,0.5,9.836042514555873,0.812,0.852,0.844,0.008
3,mahalanobis_diag,intent_quantile_0.95,nearest_sphere,inverse_margin,1.0,18.768454569920767,0.812,0.852,0.844,0.008
3,mahalanobis_diag,intent_quantile_0.95,nearest_sphere,inverse_margin,2.0,36.63327868065056,0.812,0.852,0.844,0.008
3,mahalanobis_diag,intent_quantile_0.95,nearest_sphere,max_ratio,0.0,0.9564800637950939,0.722,0.852,0.826,0.026
3,mahalanobis_diag,intent_quantile_0.95,nearest_sphere,max_ratio,0.25,0.9564800637950939,0.722,0.852,0.826,0.026
3,mahalanobis_diag,intent_quantile_0.95,nearest_sphere,max_ratio,0.5,0.9564800637950939,0.722,0.852,0.826,0.026
3,mahalanobis_diag,intent_quantile_0.95,nearest_sphere,max_ratio,1.0,0.9758425800386034,0.792,0.852,0.84,0.012
3,mahalanobis_diag,intent_quantile_0.95,nearest_sphere,max_ratio,2.0,1.8939825789914226,0.812,0.852,0.844,0.008
3,mahalanobis_diag,intent_quantile_0.95,normalized_union,none,0.0,0.9559693958839235,0.732,0.852,0.828,0.024
3,mahalanobis_diag,intent_quantile_0.95,normalized_union,none,0.25,0.9559693958839235,0.732,0.852,0.828,0.024
3,mahalanobis_diag,intent_quantile_0.95,normalized_union,none,0.5,0.9559693958839235,0.732,0.852,0.828,0.024
3,mahalanobis_diag,intent_quantile_0.95,normalized_union,none,1.0,0.9559693958839235,0.732,0.852,0.828,0.024
3,mahalanobis_diag,intent_quantile_0.95,normalized_union,none,2.0,0.9559693958839235,0.732,0.852,0.828,0.024
3,mahalanobis_diag,intent_quantile_0.95,normalized_union,ratio,0.0,0.9559693958839235,0.732,0.852,0.828,0.024
3,mahalanobis_diag,intent_quantile_0.95,normalized_union,ratio,0.25,1.1862946088291348,0.772,0.852,0.836,0.016
3,mahalanobis_diag,intent_quantile_0.95,normalized_union,ratio,0.5,1.4191595265229002,0.772,0.852,0.836,0.016
3,mahalanobis_diag,intent_quantile_0.95,normalized_union,ratio,1.0,1.8952074080389045,0.782,0.852,0.838,0.014
3,mahalanobis_diag,intent_quantile_0.95,normalized_union,ratio,2.0,2.8473184757295993,0.812,0.852,0.844,0.008
3,mahalanobis_diag,intent_quantile_0.95,normalized_union,inverse_margin,0.0,0.9559693958839235,0.732,0.852,0.828,0.024
3,mahalanobis_diag,intent_quantile_0.95,normalized_union,inverse_margin,0.25,5.376994796746115,0.812,0.852,0.844,0.008
3,mahalanobis_diag,intent_quantile_0.95,normalized_union,inverse_margin,0.5,9.836042514555873,0.812,0.852,0.844,0.008
3,mahalanobis_diag,intent_quantile_0.95,normalized_union,inverse_margin,1.0,18.768454569920767,0.812,0.852,0.844,0.008
3,mahalanobis_diag,intent_quantile_0.95,normalized_union,inverse_margin,2.0,36.63327868065056,0.812,0.852,0.844,0.008
3,mahalanobis_diag,intent_quantile_0.95,normalized_union,max_ratio,0.0,0.9559693958839235,0.732,0.852,0.828,0.024
3,mahalanobis_diag,intent_quantile_0.95,normalized_union,max_ratio,0.25,0.9559693958839235,0.732,0.852,0.828,0.024
3,mahalanobis_diag,intent_quantile_0.95,normalized_union,max_ratio,0.5,0.9559693958839235,0.732,0.852,0.828,0.024
3,mahalanobis_diag,intent_quantile_0.95,normalized_union,max_ratio,1.0,0.9753697624317618,0.792,0.852,0.84,0.012
3,mahalanobis_diag,intent_quantile_0.95,normalized_union,max_ratio,2.0,1.8939825789914226,0.812,0.852,0.844,0.008
3,mahalanobis_diag,center_quantile_0.99,nearest_sphere,none,0.0,0.9148707870001882,0.702,0.852,0.822,0.03
3,mahalanobis_diag,center_quantile_0.99,nearest_sphere,none,0.25,0.9148707870001882,0.702,0.852,0.822,0.03
3,mahalanobis_diag,center_quantile_0.99,nearest_sphere,none,0.5,0.9148707870001882,0.702,0.852,0.822,0.03
3,mahalanobis_diag,center_quantile_0.99,nearest_sphere,none,1.0,0.9148707870001882,0.702,0.852,0.822,0.03
3,mahalanobis_diag,center_quantile_0.99,nearest_sphere,none,2.0,0.9148707870001882,0.702,0.852,0.822,0.03
3,mahalanobis_diag,center_quantile_0.99,nearest_sphere,ratio,0.0,0.9148707870001882,0.702,0.852,0.822,0.03
3,mahalanobis_diag,center_quantile_0.99,nearest_sphere,ratio,0.25,1.1429655129893188,0.762,0.852,0.834,0.018
3,mahalanobis_diag,center_quantile_0.99,nearest_sphere,ratio,0.5,1.3702540776729297,0.762,0.852,0.834,0.018
3,mahalanobis_diag,center_quantile_0.99,nearest_sphere,ratio,1.0,1.8335035362202623,0.792,0.852,0.84,0.012
3,mahalanobis_diag,center_quantile_0.99,nearest_sphere,ratio,2.0,2.7641546395424235,0.822,0.852,0.846,0.006
3,mahalanobis_diag,center_quantile_0.99,nearest_sphere,inverse_margin,0.0,0.9148707870001882,0.702,0.852,0.822,0.03
3,mahalanobis_diag,center_quantile_0.99,nearest_sphere,inverse_margin,0.25,5.308983612432808,0.812,0.852,0.844,0.008
3,mahalanobis_diag,center_quantile_0.99,nearest_sphere,inverse_margin,0.5,9.762587642979064,0.812,0.852,0.844,0.008
3,mahalanobis_diag,center_quantile_0.99,nearest_sphere,inverse_margin,1.0,18.66979570407158,0.812,0.852,0.844,0.008
3,mahalanobis_diag,center_quantile_0.99,nearest_sphere,inverse_margin,2.0,36.48908614593259,0.812,0.852,0.844,0.008
3,mahalanobis_diag,center_quantile_0.99,nearest_sphere,max_ratio,0.0,0.9148707870001882,0.702,0.852,0.822,0.03
3,mahalanobis_diag,center_quantile_0.99,nearest_sphere,max_ratio,0.25,0.9148707870001882,0.702,0.852,0.822,0.03
3,mahalanobis_diag,center_quantile_0.99,nearest_sphere,max_ratio,0.5,0.9148707870001882,0.702,0.852,0.822,0.03
3,mahalanobis_diag,center_quantile_0.99,nearest_sphere,max_ratio,1.0,0.9627881163679063,0.802,0.852,0.842,0.01
3,mahalanobis_diag,center_quantile_0.99,nearest_sphere,max_ratio,2.0,1.8939825789914226,0.812,0.852,0.844,0.008
3,mahalanobis_diag,center_quantile_0.99,normalized_union,none,0.0,0.893345169217057,0.792,0.852,0.84,0.012
3,mahalanobis_diag,center_quantile_0.99,normalized_union,none,0.25,0.893345169217057,0.792,0.852,0.84,0.012
3,mahalanobis_diag,center_quantile_0.99,normalized_union,none,0.5,0.893345169217057,0.792,0.852,0.84,0.012
3,mahalanobis_diag,center_quantile_0.99,normalized_union,none,1.0,0.893345169217057,0.792,0.852,0.84,0.012
3,mahalanobis_diag,center_quantile_0.99,normalized_union,none,2.0,0.893345169217057,0.792,0.852,0.84,0.012
3,mahalanobis_diag,center_quantile_0.99,normalized_union,ratio,0.0,0.893345169217057,0.792,0.852,0.84,0.012
3,mahalanobis_diag,center_quantile_0.99,normalized_union,ratio,0.25,1.1178511045879225,0.802,0.852,0.842,0.01
3,mahalanobis_diag,center_quantile_0.99,normalized_union,ratio,0.5,1.344770224160214,0.812,0.852,0.844,0.008
3,mahalanobis_diag,center_quantile_0.99,normalized_union,ratio,1.0,1.8012010193082728,0.832,0.852,0.848,0.004
3,mahalanobis_diag,center_quantile_0.99,normalized_union,ratio,2.0,2.7384725148834295,0.832,0.852,0.848,0.004
3,mahalanobis_diag,center_quantile_0.99,normalized_union,inverse_margin,0.0,0.893345169217057,0.792,0.852,0.84,0.012
3,mahalanobis_diag,center_quantile_0.99,normalized_union,inverse_margin,0.25,5.308983612432808,0.832,0.852,0.848,0.004
3,mahalanobis_diag,center_quantile_0.99,normalized_union,inverse_margin,0.5,9.762587642979064,0.832,0.852,0.848,0.004
3,mahalanobis_diag,center_quantile_0.99,normalized_union,inverse_margin,1.0,18.66979570407158,0.832,0.852,0.848,0.004
3,mahalanobis_diag,center_quantile_0.99,normalized_union,inverse_margin,2.0,36.484211826256605,0.832,0.852,0.848,0.004
3,mahalanobis_diag,center_quantile_0.99,normalized_union,max_ratio,0.0,0.893345169217057,0.792,0.852,0.84,0.012
3,mahalanobis_diag,center_quantile_0.99,normalized_union,max_ratio,0.25,0.893345169217057,0.792,0.852,0.84,0.012
3,mahalanobis_diag,center_quantile_0.99,normalized_union,max_ratio,0.5,0.893345169217057,0.792,0.852,0.84,0.012
3,mahalanobis_diag,center_quantile_0.99,normalized_union,max_ratio,1.0,0.9536731824062272,0.832,0.852,0.848,0.004
3,mahalanobis_diag,center_quantile_0.99,normalized_union,max_ratio,2.0,1.8939825789914226,0.832,0.852,0.848,0.004
3,mahalanobis_diag,intent_quantile_0.99,nearest_sphere,none,0.0,0.9138305947291604,0.742,0.852,0.83,0.022
3,mahalanobis_diag,intent_quantile_0.99,nearest_sphere,none,0.25,0.9138305947291604,0.742,0.852,0.83,0.022
3,mahalanobis_diag,intent_quantile_0.99,nearest_sphere,none,0.5,0.9138305947291604,0.742,0.852,0.83,0.022
3,mahalanobis_diag,intent_quantile_0.99,nearest_sphere,none,1.0,0.9138305947291604,0.742,0.852,0.83,0.022
3,mahalanobis_diag,intent_quantile_0.99,nearest_sphere,none,2.0,0.9138305947291604,0.742,0.852,0.83,0.022
3,mahalanobis_diag,intent_quantile_0.99,nearest_sphere,ratio,0.0,0.9138305947291604,0.742,0.852,0.83,0.022
3,mahalanobis_diag,intent_quantile_0.99,nearest_sphere,ratio,0.25,1.143113515299326,0.762,0.852,0.834,0.018
3,mahalanobis_diag,intent_quantile_0.99,nearest_sphere,ratio,0.5,1.3745781204492904,0.772,0.852,0.836,0.016
3,mahalanobis_diag,intent_quantile_0.99,nearest_sphere,ratio,1.0,1.8534236680554588,0.802,0.852,0.842,0.01
3,mahalanobis_diag,intent_quantile_0.99,nearest_sphere,ratio,2.0,2.795717168575716,0.812,0.852,0.844,0.008
3,mahalanobis_diag,intent_quantile_0.99,nearest_sphere,inverse_margin,0.0,0.9138305947291604,0.742,0.852,0.83,0.022
3,mahalanobis_diag,intent_quantile_0.99,nearest_sphere,inverse_margin,0.25,5.337487782869846,0.812,0.852,0.844,0.008
3,mahalanobis_diag,intent_quantile_0.99,nearest_sphere,inverse_margin,0.5,9.791091813416102,0.812,0.852,0.844,0.008
3,mahalanobis_diag,intent_quantile_0.99,nearest_sphere,inverse_margin,1.0,18.72124069470006,0.812,0.852,0.844,0.008
3,mahalanobis_diag,intent_quantile_0.99,nearest_sphere,inverse_margin,2.0,36.58606480542986,0.812,0.852,0.844,0.008
3,mahalanobis_diag,intent_quantile_0.99,nearest_sphere,max_ratio,0.0,0.9138305947291604,0.742,0.852,0.83,0.022
3,mahalanobis_diag,intent_quantile_0.99,nearest_sphere,max_ratio,0.25,0.9138305947291604,0.742,0.852,0.83,0.022
3,mahalanobis_diag,intent_quantile_0.99,nearest_sphere,max_ratio,0.5,0.9138305947291604,0.742,0.852,0.83,0.022
3,mahalanobis_diag,intent_quantile_0.99,nearest_sphere,max_ratio,1.0,0.9563377143534025,0.812,0.852,0.844,0.008
3,mahalanobis_diag,intent_quantile_0.99,nearest_sphere,max_ratio,2.0,1.8939825789914226,0.812,0.852,0.844,0.008
3,mahalanobis_diag,intent_quantile_0.99,normalized_union,none,0.0,0.9127584693951633,0.752,0.852,0.832,0.02
3,mahalanobis_diag,intent_quantile_0.99,normalized_union,none,0.25,0.9127584693951633,0.752,0.852,0.832,0.02
3,mahalanobis_diag,intent_quantile_0.99,normalized_union,none,0.5,0.9127584693951633,0.752,0.852,0.832,0.02
3,mahalanobis_diag,intent_quantile_0.99,normalized_union,none,1.0,0.9127584693951633,0.752,0.852,0.832,0.02
3,mahalanobis_diag,intent_quantile_0.99,normalized_union,none,2.0,0.9127584693951633,0.752,0.852,0.832,0.02
3,mahalanobis_diag,intent_quantile_0.99,normalized_union,ratio,0.0,0.9127584693951633,0.752,0.852,0.832,0.02
3,mahalanobis_diag,intent_quantile_0.99,normalized_union,ratio,0.25,1.143113515299326,0.772,0.852,0.836,0.016
3,mahalanobis_diag,intent_quantile_0.99,normalized_union,ratio,0.5,1.3744733732463745,0.782,0.852,0.838,0.014
3,mahalanobis_diag,intent_quantile_0.99,normalized_union,ratio,1.0,1.8495267981626349,0.792,0.852,0.84,0.012
3,mahalanobis_diag,intent_quantile_0.99,normalized_union,ratio,2.0,2.795717168575716,0.812,0.852,0.844,0.008
3,mahalanobis_diag,intent_quantile_0.99,normalized_union,inverse_margin,0.0,0.9127584693951633,0.752,0.852,0.832,0.02
3,mahalanobis_diag,intent_quantile_0.99,normalized_union,inverse_margin,0.25,5.337487782869846,0.812,0.852,0.844,0.008
3,mahalanobis_diag,intent_quantile_0.99,normalized_union,inverse_margin,0.5,9.791091813416102,0.812,0.852,0.844,0.008
3,mahalanobis_diag,intent_quantile_0.99,normalized_union,inverse_margin,1.0,18.72124069470006,0.812,0.852,0.844,0.008
3,mahalanobis_diag,intent_quantile_0.99,normalized_union,inverse_margin,2.0,36.58606480542986,0.812,0.852,0.844,0.008
3,mahalanobis_diag,intent_quantile_0.99,normalized_union,max_ratio,0.0,0.9127584693951633,0.752,0.852,0.832,0.02
3,mahalanobis_diag,intent_quantile_0.99,normalized_union,max_ratio,0.25,0.9127584693951633,0.752,0.852,0.832,0.02
3,mahalanobis_diag,intent_quantile_0.99,normalized_union,max_ratio,0.5,0.9127584693951633,0.752,0.852,0.832,0.02
3,mahalanobis_diag,intent_quantile_0.99,normalized_union,max_ratio,1.0,0.9563377143534025,0.812,0.852,0.844,0.008
3,mahalanobis_diag,intent_quantile_0.99,normalized_union,max_ratio,2.0,1.8939825789914226,0.812,0.852,0.844,0.008
4,euclidean,mean_std_0.0,nearest_sphere,none,0.0,1.1111066730134294,0.702,0.852,0.822,0.03
4,euclidean,mean_std_0.0,nearest_sphere,none,0.25,1.1111066730134294,0.702,0.852,0.822,0.03
4,euclidean,mean_std_0.0,nearest_sphere,none,0.5,1.1111066730134294,0.702,0.852,0.822,0.03
4,euclidean,mean_std_0.0,nearest_sphere,none,1.0,1.1111066730134294,0.702,0.852,0.822,0.03
4,euclidean,mean_std_0.0,nearest_sphere,none,2.0,1.1111066730134294,0.702,0.852,0.822,0.03
4,euclidean,mean_std_0.0,nearest_sphere,ratio,0.0,1.1111066730134294,0.702,0.852,0.822,0.03
4,euclidean,mean_std_0.0,nearest_sphere,ratio,0.25,1.3186596301233067,0.752,0.852,0.832,0.02
4,euclidean,mean_std_0.0,nearest_sphere,ratio,0.5,1.5314376551147462,0.792,0.852,0.84,0.012
4,euclidean,mean_std_0.0,nearest_sphere,ratio,1.0,1.9664465922481893,0.812,0.852,0.844,0.008
4,euclidean,mean_std_0.0,nearest_sphere,ratio,2.0,2.8638700704684488,0.832,0.852,0.848,0.004
4,euclidean,mean_std_0.0,nearest_sphere,inverse_margin,0.0,1.1111066730134294,0.702,0.852,0.822,0.03
4,euclidean,mean_std_0.0,nearest_sphere,inverse_margin,0.25,3.485254200181504,0.842,0.852,0.85,0.002
4,euclidean,mean_std_0.0,nearest_sphere,inverse_margin,0.5,5.846856255280681,0.842,0.852,0.85,0.002
4,euclidean,mean_std_0.0,nearest_sphere,inverse_margin,1.0,10.493131002301242,0.842,0.852,0.85,0.002
4,euclidean,mean_std_0.0,nearest_sphere,inverse_margin,2.0,19.405236084567605,0.842,0.852,0.85,0.002
4,euclidean,mean_std_0.0,nearest_sphere,max_ratio,0.0,1.1111066730134294,0.702,0.852,0.822,0.03
4,euclidean,mean_std_0.0,nearest_sphere,max_ratio,0.25,1.1111066730134294,0.702,0.852,0.822,0.03
4,euclidean,mean_std_0.0,nearest_sphere,max_ratio,0.5,1.1111066730134294,0.702,0.852,0.822,0.03
4,euclidean,mean_std_0.0,nearest_sphere,max_ratio,1.0,1.1111066730134294,0.702,0.852,0.822,0.03
4,euclidean,mean_std_0.0,nearest_sphere,max_ratio,2.0,1.8021870163893274,0.842,0.852,0.85,0.002
4,euclidean,mean_std_0.0,normalized_union,none,0.0,0.990563492312939,0.762,0.852,0.834,0.018
4,euclidean,mean_std_0.0,normalized_union,none,0.25,0.990563492312939,0.762,0.852,0.834,0.018
4,euclidean,mean_std_0.0,normalized_union,none,0.5,0.990563492312939,0.762,0.852,0.834,0.018
4,euclidean,mean_std_0.0,normalized_union,none,1.0,0.990563492312939,0.762,0.852,0.834,0.018
4,euclidean,mean_std_0.0,normalized_union,none,2.0,0.990563492312939,0.762,0.852,0.834,0.018
4,euclidean,mean_std_0.0,normalized_union,ratio,0.0,0.990563492312939,0.762,0.852,0.834,0.018
4,euclidean,mean_std_0.0,normalized_union,ratio,0.25,1.203768046729399,0.792,0.852,0.84,0.012
4,euclidean,mean_std_0.0,normalized_union,ratio,0.5,1.4250874333521732,0.812,0.852,0.844,0.008
4,euclidean,mean_std_0.0,normalized_union,ratio,1.0,1.8714870061127438,0.822,0.852,0.846,0.006
4,euclidean,mean_std_0.0,normalized_union,ratio,2.0,2.7847684288677885,0.832,0.852,0.848,0.004
4,euclidean,mean_std_0.0,normalized_union,inverse_margin,0.0,0.990563492312939,0.762,0.852,0.834,0.018
4,euclidean,mean_std_0.0,normalized_union,inverse_margin,0.25,3.250954320542838,0.832,0.852,0.848,0.004
4,euclidean,mean_std_0.0,normalized_union,inverse_margin,0.5,5.528594270527515,0.832,0.852,0.848,0.004
4,euclidean,mean_std_0.0,normalized_union,inverse_margin,1.0,10.083874170496868,0.832,0.852,0.848,0.004
4,euclidean,mean_std_0.0,normalized_union,inverse_margin,2.0,19.194433970435572,0.832,0.852,0.848,0.004
4,euclidean,mean_std_0.0,normalized_union,max_ratio,0.0,0.990563492312939,0.762,0.852,0.834,0.018
4,euclidean,mean_std_0.0,normalized_union,max_ratio,0.25,0.990563492312939,0.762,0.852,0.834,0.018
4,euclidean,mean_std_0.0,normalized_union,max_ratio,0.5,0.990563492312939,0.762,0.852,0.834,0.018
4,euclidean,mean_std_0.0,normalized_union,max_ratio,1.0,0.9906593714179274,0.782,0.852,0.838,0.014
4,euclidean,mean_std_0.0,normalized_union,max_ratio,2.0,1.8021870163893274,0.832,0.852,0.848,0.004
4,euclidean,mean_std_0.25,nearest_sphere,none,0.0,1.0847028076950176,0.712,0.852,0.824,0.028
4,euclidean,mean_std_0.25,nearest_sphere,none,0.25,1.0847028076950176,0.712,0.852,0.824,0.028
4,euclidean,mean_std_0.25,nearest_sphere,none,0.5,1.0847028076950176,0.712,0.852,0.824,0.028
4,euclidean,mean_std_0.25,nearest_sphere,none,1.0,1.0847028076950176,0.712,0.852,0.824,0.028
4,euclidean,mean_std_0.25,nearest_sphere,none,2.0,1.0847028076950176,0.712,0.852,0.824,0.028
4,euclidean,mean_std_0.25,nearest_sphere,ratio,0.0,1.0847028076950176,0.712,0.852,0.824,0.028
4,euclidean,mean_std_0.25,nearest_sphere,ratio,0.25,1.2969548034759035,0.772,0.852,0.836,0.016
4,euclidean,mean_std_0.25,nearest_sphere,ratio,0.5,1.5047360840534174,0.792,0.852,0.84,0.012
4,euclidean,mean_std_0.25,nearest_sphere,ratio,1.0,1.943339631903791,0.812,0.852,0.844,0.008
4,euclidean,mean_std_0.25,nearest_sphere,ratio,2.0,2.8388790115207305,0.832,0.852,0.848,0.004
4,euclidean,mean_std_0.25,nearest_sphere,inverse_margin,0.0,1.0847028076950176,0.712,0.852,0.824,0.028
4,euclidean,mean_std_0.25,nearest_sphere,inverse_margin,0.25,3.464041868051625,0.842,0.852,0.85,0.002
4,euclidean,mean_std_0.25,nearest_sphere,inverse_margin,0.5,5.822672518833277,0.842,0.852,0.85,0.002
4,euclidean,mean_std_0.25,nearest_sphere,inverse_margin,1.0,10.428946421020328,0.842,0.852,0.85,0.002
4,euclidean,mean_std_0.25,nearest_sphere,inverse_margin,2.0,19.37912990912495,0.842,0.852,0.85,0.002
4,euclidean,mean_std_0.25,nearest_sphere,max_ratio,0.0,1.0847028076950176,0.712,0.852,0.824,0.028
4,euclidean,mean_std_0.25,nearest_sphere,max_ratio,0.25,1.0847028076950176,0.712,0.852,0.824,0.028
4,euclidean,mean_std_0.25,nearest_sphere,max_ratio,0.5,1.0847028076950176,0.712,0.852,0.824,0.028
4,euclidean,mean_std_0.25,nearest_sphere,max_ratio,1.0,1.0847028076950176,0.712,0.852,0.824,0.028
4,euclidean,mean_std_0.25,nearest_sphere,max_ratio,2.0,1.8021870163893274,0.842,0.852,0.85,0.002
4,euclidean,mean_std_0.25,normalized_union,none,0.0,0.9769674629887225,0.762,0.852,0.834,0.018
4,euclidean,mean_std_0.25,normalized_union,none,0.25,0.9769674629887225,0.762,0.852,0.834,0.018
4,euclidean,mean_std_0.25,normalized_union,none,0.5,0.9769674629887225,0.762,0.852,0.834,0.018
4,euclidean,mean_std_0.25,normalized_union,none,1.0,0.9769674629887225,0.762,0.852,0.834,0.018
4,euclidean,mean_std_0.25,normalized_union,none,2.0,0.9769674629887225,0.762,0.852,0.834,0.018
4,euclidean,mean_std_0.25,normalized_union,ratio,0.0,0.9769674629887225,0.762,0.852,0.834,0.018
4,euclidean,mean_std_0.25,normalized_union,ratio,0.25,1.1905663108270663,0.792,0.852,0.84,0.012
4,euclidean,mean_std_0.25,normalized_union,ratio,0.5,1.4109312282920259,0.812,0.852,0.844,0.008
4,euclidean,mean_std_0.25,normalized_union,ratio,1.0,1.8564748302380827,0.822,0.852,0.846,0.006
4,euclidean,mean_std_0.25,normalized_union,ratio,2.0,2.7712537077774435,0.832,0.852,0.848,0.004
4,euclidean,mean_std_0.25,normalized_union,inverse_margin,0.0,0.9769674629887225,0.762,0.852,0.834,0.018
4,euclidean,mean_std_0.25,normalized_union,inverse_margin,0.25,3.2380244241793705,0.832,0.852,0.848,0.004
4,euclidean,mean_std_0.25,normalized_union,inverse_margin,0.5,5.5156643741640465,0.832,0.852,0.848,0.004
4,euclidean,mean_std_0.25,normalized_union,inverse_margin,1.0,10.0709442741334,0.832,0.852,0.848,0.004
4,euclidean,mean_std_0.25,normalized_union,inverse_margin,2.0,19.181504074072105,0.832,0.852,0.848,0.004
4,euclidean,mean_std_0.25,normalized_union,max_ratio,0.0,0.9769674629887225,0.762,0.852,0.834,0.018
4,euclidean,mean_std_0.25,normalized_union,max_ratio,0.25,0.9769674629887225,0.762,0.852,0.834,0.018
4,euclidean,mean_std_0.25,normalized_union,max_ratio,0.5,0.9769674629887225,0.762,0.852,0.834,0.018
4,euclidean,mean_std_0.25,normalized_union,max_ratio,1.0,0.9797666905577328,0.822,0.852,0.846,0.006
4,euclidean,mean_std_0.25,normalized_union,max_ratio,2.0,1.8021870163893274,0.832,0.852,0.848,0.004
4,euclidean,mean_std_0.5,nearest_sphere,none,0.0,1.0553060582823852,0.712,0.852,0.824,0.028
4,euclidean,mean_std_0.5,nearest_sphere,none,0.25,1.0553060582823852,0.712,0.852,0.824,0.028
4,euclidean,mean_std_0.5,nearest_sphere,none,0.5,1.0553060582823852,0.712,0.852,0.824,0.028
4,euclidean,mean_std_0.5,nearest_sphere,none,1.0,1.0553060582823852,0.712,0.852,0.824,0.028
4,euclidean,mean_std_0.5,nearest_sphere,none,2.0,1.0553060582823852,0.712,0.852,0.824,0.028
4,euclidean,mean_std_0.5,nearest_sphere,ratio,0.0,1.0553060582823852,0.712,0.852,0.824,0.028
4,euclidean,mean_std_0.5,nearest_sphere,ratio,0.25,1.2701933713624918,0.782,0.852,0.838,0.014
4,euclidean,mean_std_0.5,nearest_sphere,ratio,0.5,1.479223147119742,0.802,0.852,0.842,0.01
4,euclidean,mean_std_0.5,nearest_sphere,ratio,1.0,1.9266261416416637,0.822,0.852,0.846,0.006
4,euclidean,mean_std_0.5,nearest_sphere,ratio,2.0,2.815973173557782,0.832,0.852,0.848,0.004
4,euclidean,mean_std_0.5,nearest_sphere,inverse_margin,0.0,1.0553060582823852,0.712,0.852,0.824,0.028
4,euclidean,mean_std_0.5,nearest_sphere,inverse_margin,0.25,3.4408719362680493,0.842,0.852,0.85,0.002
4,euclidean,mean_std_0.5,nearest_sphere,inverse_margin,0.5,5.799502587049701,0.842,0.852,0.85,0.002
4,euclidean,mean_std_0.5,nearest_sphere,inverse_margin,1.0,10.369601656510863,0.842,0.852,0.85,0.002
4,euclidean,mean_std_0.5,nearest_sphere,inverse_margin,2.0,19.35415002625422,0.842,0.852,0.85,0.002
4,euclidean,mean_std_0.5,nearest_sphere,max_ratio,0.0,1.0553060582823852,0.712,0.852,0.824,0.028
4,euclidean,mean_std_0.5,nearest_sphere,max_ratio,0.25,1.0553060582823852,0.712,0.852,0.824,0.028
4,euclidean,mean_std_0.5,nearest_sphere,max_ratio,0.5,1.0553060582823852,0.712,0.852,0.824,0.028
4,euclidean,mean_std_0.5,nearest_sphere,max_ratio,1.0,1.0553060582823852,0.712,0.852,0.824,0.028
4,euclidean,mean_std_0.5,nearest_sphere,max_ratio,2.0,1.8021870163893274,0.842,0.852,0.85,0.002
4,euclidean,mean_std_0.5,normalized_union,none,0.0,0.9625798981945819,0.762,0.852,0.834,0.018
4,euclidean,mean_std_0.5,normalized_union,none,0.25,0.9625798981945819,0.762,0.852,0.834,0.018
4,euclidean,mean_std_0.5,normalized_union,none,0.5,0.9625798981945819,0.762,0.852,0.834,0.018
4,euclidean,mean_std_0.5,normalized_union,none,1.0,0.9625798981945819,0.762,0.852,0.834,0.018
4,euclidean,mean_std_0.5,normalized_union,none,2.0,0.9625798981945819,0.762,0.852,0.834,0.018
4,euclidean,mean_std_0.5,normalized_union,ratio,0.0,0.9625798981945819,0.762,0.852,0.834,0.018
4,euclidean,mean_std_0.5,normalized_union,ratio,0.25,1.176187433545048,0.792,0.852,0.84,0.012
4,euclidean,mean_std_0.5,normalized_union,ratio,0.5,1.3983403599474318,0.812,0.852,0.844,0.008
4,euclidean,mean_std_0.5,normalized_union,ratio,1.0,1.8419123362305871,0.822,0.852,0.846,0.006
4,euclidean,mean_std_0.5,normalized_union,ratio,2.0,2.7580256716373857,0.832,0.852,0.848,0.004
4,euclidean,mean_std_0.5,normalized_union,inverse_margin,0.0,0.9625798981945819,0.762,0.852,0.834,0.018
4,euclidean,mean_std_0.5,normalized_union,inverse_margin,0.25,3.225433555834776,0.832,0.852,0.848,0.004
4,euclidean,mean_std_0.5,normalized_union,inverse_margin,0.5,5.503073505819453,0.832,0.852,0.848,0.004
4,euclidean,mean_std_0.5,normalized_union,inverse_margin,1.0,10.058353405788806,0.832,0.852,0.848,0.004
4,euclidean,mean_std_0.5,normalized_union,inverse_margin,2.0,19.168913205727513,0.832,0.852,0.848,0.004
4,euclidean,mean_std_0.5,normalized_union,max_ratio,0.0,0.9625798981945819,0.762,0.852,0.834,0.018
4,euclidean,mean_std_0.5,normalized_union,max_ratio,0.25,0.9625798981945819,0.762,0.852,0.834,0.018
4,euclidean,mean_std_0.5,normalized_union,max_ratio,0.5,0.9625798981945819,0.762,0.852,0.834,0.018
4,euclidean,mean_std_0.5,normalized_union,max_ratio,1.0,0.9662321451860175,0.822,0.852,0.846,0.006
4,euclidean,mean_std_0.5,normalized_union,max_ratio,2.0,1.8021870163893274,0.832,0.852,0.848,0.004
4,euclidean,mean_std_0.75,nearest_sphere,none,0.0,1.0317343621494313,0.732,0.852,0.828,0.024
4,euclidean,mean_std_0.75,nearest_sphere,none,0.25,1.0317343621494313,0.732,0.852,0.828,0.024
4,euclidean,mean_std_0.75,nearest_sphere,none,0.5,1.0317343621494313,0.732,0.852,0.828,0.024
4,euclidean,mean_std_0.75,nearest_sphere,none,1.0,1.0317343621494313,0.732,0.852,0.828,0.024
4,euclidean,mean_std_0.75,nearest_sphere,none,2.0,1.0317343621494313,0.732,0.852,0.828,0.024
4,euclidean,mean_std_0.75,nearest_sphere,ratio,0.0,1.0317343621494313,0.732,0.852,0.828,0.024
4,euclidean,mean_std_0.75,nearest_sphere,ratio,0.25,1.2447088650033098,0.792,0.852,0.84,0.012
4,euclidean,mean_std_0.75,nearest_sphere,ratio,0.5,1.4570282404329344,0.802,0.852,0.842,0.01
4,euclidean,mean_std_0.75,nearest_sphere,ratio,1.0,1.9061118631738645,0.822,0.852,0.846,0.006
4,euclidean,mean_std_0.75,nearest_sphere,ratio,2.0,2.795765685187357,0.832,0.852,0.848,0.004
4,euclidean,mean_std_0.75,nearest_sphere,inverse_margin,0.0,1.0317343621494313,0.732,0.852,0.828,0.024
4,euclidean,mean_std_0.75,nearest_sphere,inverse_margin,0.25,3.4186533684857348,0.842,0.852,0.85,0.002
4,euclidean,mean_std_0.75,nearest_sphere,inverse_margin,0.5,5.777284019267386,0.842,0.852,0.85,0.002
4,euclidean,mean_std_0.75,nearest_sphere,inverse_margin,1.0,10.314569180677557,0.842,0.852,0.85,0.002
4,euclidean,mean_std_0.75,nearest_sphere,inverse_margin,2.0,19.330225087967804,0.842,0.852,0.85,0.002
4,euclidean,mean_std_0.75,nearest_sphere,max_ratio,0.0,1.0317343621494313,0.732,0.852,0.828,0.024
4,euclidean,mean_std_0.75,nearest_sphere,max_ratio,0.25,1.0317343621494313,0.732,0.852,0.828,0.024
4,euclidean,mean_std_0.75,nearest_sphere,max_ratio,0.5,1.0317343621494313,0.732,0.852,0.828,0.024
4,euclidean,mean_std_0.75,nearest_sphere,max_ratio,1.0,1.0317343621494313,0.732,0.852,0.828,0.024
4,euclidean,mean_std_0.75,nearest_sphere,max_ratio,2.0,1.8021870163893274,0.842,0.852,0.85,0.002
4,euclidean,mean_std_0.75,normalized_union,none,0.0,0.949020473994941,0.762,0.852,0.834,0.018
4,euclidean,mean_std_0.75,normalized_union,none,0.25,0.949020473994941,0.762,0.852,0.834,0.018
4,euclidean,mean_std_0.75,normalized_union,none,0.5,0.949020473994941,0.762,0.852,0.834,0.018
4,euclidean,mean_std_0.75,normalized_union,none,1.0,0.949020473994941,0.762,0.852,0.834,0.018
4,euclidean,mean_std_0.75,normalized_union,none,2.0,0.949020473994941,0.762,0.852,0.834,0.018
4,euclidean,mean_std_0.75,normalized_union,ratio,0.0,0.949020473994941,0.762,0.852,0.834,0.018
4,euclidean,mean_std_0.75,normalized_union,ratio,0.25,1.162232912320734,0.792,0.852,0.84,0.012
4,euclidean,mean_std_0.75,normalized_union,ratio,0.5,1.3856963861937774,0.812,0.852,0.844,0.008
4,euclidean,mean_std_0.75,normalized_union,ratio,1.0,1.8277796172622804,0.822,0.852,0.846,0.006
4,euclidean,mean_std_0.75,normalized_union,ratio,2.0,2.743167712220269,0.832,0.852,0.848,0.004
4,euclidean,mean_std_0.75,normalized_union,inverse_margin,0.0,0.949020473994941,0.762,0.852,0.834,0.018
4,euclidean,mean_std_0.75,normalized_union,inverse_margin,0.25,3.213168553848228,0.832,0.852,0.848,0.004
4,euclidean,mean_std_0.75,normalized_union,inverse_margin,0.5,5.490808503832905,0.832,0.852,0.848,0.004
4,euclidean,mean_std_0.75,normalized_union,inverse_margin,1.0,10.046088403802258,0.832,0.852,0.848,0.004
4,euclidean,mean_std_0.75,normalized_union,inverse_margin,2.0,19.156648203740964,0.832,0.852,0.848,0.004
4,euclidean,mean_std_0.75,normalized_union,max_ratio,0.0,0.949020473994941,0.762,0.852,0.834,0.018
4,euclidean,mean_std_0.75,normalized_union,max_ratio,0.25,0.949020473994941,0.762,0.852,0.834,0.018
4,euclidean,mean_std_0.75,normalized_union,max_ratio,0.5,0.949020473994941,0.762,0.852,0.834,0.018
4,euclidean,mean_std_0.75,normalized_union,max_ratio,1.0,0.954555279951757,0.822,0.852,0.846,0.006
4,euclidean,mean_std_0.75,normalized_union,max_ratio,2.0,1.8021870163893274,0.832,0.852,0.848,0.004
4,euclidean,mean_std_1.0,nearest_sphere,none,0.0,1.0091524849287425,0.752,0.852,0.832,0.02
4,euclidean,mean_std_1.0,nearest_sphere,none,0.25,1.0091524849287425,0.752,0.852,0.832,0.02
4,euclidean,mean_std_1.0,nearest_sphere,none,0.5,1.0091524849287425,0.752,0.852,0.832,0.02
4,euclidean,mean_std_1.0,nearest_sphere,none,1.0,1.0091524849287425,0.752,0.852,0.832,0.02
4,euclidean,mean_std_1.0,nearest_sphere,none,2.0,1.0091524849287425,0.752,0.852,0.832,0.02
4,euclidean,mean_std_1.0,nearest_sphere,ratio,0.0,1.0091524849287425,0.752,0.852,0.832,0.02
4,euclidean,mean_std_1.0,nearest_sphere,ratio,0.25,1.220625736352994,0.792,0.852,0.84,0.012
4,euclidean,mean_std_1.0,nearest_sphere,ratio,0.5,1.4372849087046193,0.802,0.852,0.842,0.01
4,euclidean,mean_std_1.0,nearest_sphere,ratio,1.0,1.8861702242250449,0.822,0.852,0.846,0.006
4,euclidean,mean_std_1.0,nearest_sphere,ratio,2.0,2.775188713108313,0.832,0.852,0.848,0.004
4,euclidean,mean_std_1.0,nearest_sphere,inverse_margin,0.0,1.0091524849287425,0.752,0.852,0.832,0.02
4,euclidean,mean_std_1.0,nearest_sphere,inverse_margin,0.25,3.397328748551024,0.842,0.852,0.85,0.002
4,euclidean,mean_std_1.0,nearest_sphere,inverse_margin,0.5,5.755959399332676,0.842,0.852,0.85,0.002
4,euclidean,mean_std_1.0,nearest_sphere,inverse_margin,1.0,10.263395443305257,0.842,0.852,0.85,0.002
4,euclidean,mean_std_1.0,nearest_sphere,inverse_margin,2.0,19.307289647961948,0.842,0.852,0.85,0.002
4,euclidean,mean_std_1.0,nearest_sphere,max_ratio,0.0,1.0091524849287425,0.752,0.852,0.832,0.02
4,euclidean,mean_std_1.0,nearest_sphere,max_ratio,0.25,1.0091524849287425,0.752,0.852,0.832,0.02
4,euclidean,mean_std_1.0,nearest_sphere,max_ratio,0.5,1.0091524849287425,0.752,0.852,0.832,0.02
4,euclidean,mean_std_1.0,nearest_sphere,max_ratio,1.0,1.0091524849287425,0.752,0.852,0.832,0.02
4,euclidean,mean_std_1.0,nearest_sphere,max_ratio,2.0,1.8021870163893274,0.842,0.852,0.85,0.002
4,euclidean,mean_std_1.0,normalized_union,none,0.0,0.9355028915149031,0.762,0.852,0.834,0.018
4,euclidean,mean_std_1.0,normalized_union,none,0.25,0.9355028915149031,0.762,0.852,0.834,0.018
4,euclidean,mean_std_1.0,normalized_union,none,0.5,0.9355028915149031,0.762,0.852,0.834,0.018
4,euclidean,mean_std_1.0,normalized_union,none,1.0,0.9355028915149031,0.762,0.852,0.834,0.018
4,euclidean,mean_std_1.0,normalized_union,none,2.0,0.9355028915149031,0.762,0.852,0.834,0.018
4,euclidean,mean_std_1.0,normalized_union,ratio,0.0,0.9355028915149031,0.762,0.852,0.834,0.018
4,euclidean,mean_std_1.0,normalized_union,ratio,0.25,1.1488503561976449,0.792,0.852,0.84,0.012
4,euclidean,mean_std_1.0,normalized_union,ratio,0.5,1.372462994600427,0.822,0.852,0.846,0.006
4,euclidean,mean_std_1.0,normalized_union,ratio,1.0,1.8140579244177362,0.822,0.852,0.846,0.006
4,euclidean,mean_std_1.0,normalized_union,ratio,2.0,2.728787524874704,0.832,0.852,0.848,0.004
4,euclidean,mean_std_1.0,normalized_union,inverse_margin,0.0,0.9355028915149031,0.762,0.852,0.834,0.018
4,euclidean,mean_std_1.0,normalized_union,inverse_margin,0.25,3.2012169291336554,0.832,0.852,0.848,0.004
4,euclidean,mean_std_1.0,normalized_union,inverse_margin,0.5,5.478856879118331,0.832,0.852,0.848,0.004
4,euclidean,mean_std_1.0,normalized_union,inverse_margin,1.0,10.034136779087685,0.832,0.852,0.848,0.004
4,euclidean,mean_std_1.0,normalized_union,inverse_margin,2.0,19.14469657902639,0.832,0.852,0.848,0.004
4,euclidean,mean_std_1.0,normalized_union,max_ratio,0.0,0.9355028915149031,0.762,0.852,0.834,0.018
4,euclidean,mean_std_1.0,normalized_union,max_ratio,0.25,0.9355028915149031,0.762,0.852,0.834,0.018
4,euclidean,mean_std_1.0,normalized_union,max_ratio,0.5,0.9355028915149031,0.762,0.852,0.834,0.018
4,euclidean,mean_std_1.0,normalized_union,max_ratio,1.0,0.943328547573306,0.832,0.852,0.848,0.004
4,euclidean,mean_std_1.0,normalized_union,max_ratio,2.0,1.8021870163893274,0.832,0.852,0.848,0.004
4,euclidean,mean_std_1.5,nearest_sphere,none,0.0,0.9715138056922165,0.772,0.852,0.836,0.016
4,euclidean,mean_std_1.5,nearest_sphere,none,0.25,0.9715138056922165,0.772,0.852,0.836,0.016
4,euclidean,mean_std_1.5,nearest_sphere,none,0.5,0.9715138056922165,0.772,0.852,0.836,0.016
4,euclidean,mean_std_1.5,nearest_sphere,none,1.0,0.9715138056922165,0.772,0.852,0.836,0.016
4,euclidean,mean_std_1.5,nearest_sphere,none,2.0,0.9715138056922165,0.772,0.852,0.836,0.016
4,euclidean,mean_std_1.5,nearest_sphere,ratio,0.0,0.9715138056922165,0.772,0.852,0.836,0.016
4,euclidean,mean_std_1.5,nearest_sphere,ratio,0.25,1.1794937319798373,0.792,0.852,0.84,0.012
4,euclidean,mean_std_1.5,nearest_sphere,ratio,0.5,1.39810606585854,0.812,0.852,0.844,0.008
4,euclidean,mean_std_1.5,nearest_sphere,ratio,1.0,1.852365960006222,0.832,0.852,0.848,0.004
4,euclidean,mean_std_1.5,nearest_sphere,ratio,2.0,2.7433826182337766,0.832,0.852,0.848,0.004
4,euclidean,mean_std_1.5,nearest_sphere,inverse_margin,0.0,0.9715138056922165,0.772,0.852,0.836,0.016
4,euclidean,mean_std_1.5,nearest_sphere,inverse_margin,0.25,3.35715389507859,0.842,0.852,0.85,0.002
4,euclidean,mean_std_1.5,nearest_sphere,inverse_margin,0.5,5.7152287073526855,0.842,0.852,0.85,0.002
4,euclidean,mean_std_1.5,nearest_sphere,inverse_margin,1.0,10.17110716351655,0.842,0.852,0.85,0.002
4,euclidean,mean_std_1.5,nearest_sphere,inverse_margin,2.0,19.264151470139424,0.842,0.852,0.85,0.002
4,euclidean,mean_std_1.5,nearest_sphere,max_ratio,0.0,0.9715138056922165,0.772,0.852,0.836,0.016
4,euclidean,mean_std_1.5,nearest_sphere,max_ratio,0.25,0.9715138056922165,0.772,0.852,0.836,0.016
4,euclidean,mean_std_1.5,nearest_sphere,max_ratio,0.5,0.9715138056922165,0.772,0.852,0.836,0.016
4,euclidean,mean_std_1.5,nearest_sphere,max_ratio,1.0,0.9811886239548004,0.802,0.852,0.842,0.01
4,euclidean,mean_std_1.5,nearest_sphere,max_ratio,2.0,1.8021870163893274,0.842,0.852,0.85,0.002
4,euclidean,mean_std_1.5,normalized_union,none,0.0,0.9098856594117629,0.752,0.852,0.832,0.02
4,euclidean,mean_std_1.5,normalized_union,none,0.25,0.9098856594117629,0.752,0.852,0.832,0.02
4,euclidean,mean_std_1.5,normalized_union,none,0.5,0.9098856594117629,0.752,0.852,0.832,0.02
4,euclidean,mean_std_1.5,normalized_union,none,1.0,0.9098856594117629,0.752,0.852,0.832,0.02
4,euclidean,mean_std_1.5,normalized_union,none,2.0,0.9098856594117629,0.752,0.852,0.832,0.02
4,euclidean,mean_std_1.5,normalized_union,ratio,0.0,0.9098856594117629,0.752,0.852,0.832,0.02
4,euclidean,mean_std_1.5,normalized_union,ratio,0.25,1.1241470250005379,0.782,0.852,0.838,0.014
4,euclidean,mean_std_1.5,normalized_union,ratio,0.5,1.3456946890696075,0.822,0.852,0.846,0.006
4,euclidean,mean_std_1.5,normalized_union,ratio,1.0,1.7877779201381103,0.822,0.852,0.846,0.006
4,euclidean,mean_std_1.5,normalized_union,ratio,2.0,2.7027540331070505,0.832,0.852,0.848,0.004
4,euclidean,mean_std_1.5,normalized_union,inverse_margin,0.0,0.9098856594117629,0.752,0.852,0.832,0.02
4,euclidean,mean_std_1.5,normalized_union,inverse_margin,0.25,3.1782069667023993,0.832,0.852,0.848,0.004
4,euclidean,mean_std_1.5,normalized_union,inverse_margin,0.5,5.455846916687076,0.832,0.852,0.848,0.004
4,euclidean,mean_std_1.5,normalized_union,inverse_margin,1.0,10.011126816656429,0.832,0.852,0.848,0.004
4,euclidean,mean_std_1.5,normalized_union,inverse_margin,2.0,19.121686616595134,0.832,0.852,0.848,0.004
4,euclidean,mean_std_1.5,normalized_union,max_ratio,0.0,0.9098856594117629,0.752,0.852,0.832,0.02
4,euclidean,mean_std_1.5,normalized_union,max_ratio,0.25,0.9098856594117629,0.752,0.852,0.832,0.02
4,euclidean,mean_std_1.5,normalized_union,max_ratio,0.5,0.9098856594117629,0.752,0.852,0.832,0.02
4,euclidean,mean_std_1.5,normalized_union,max_ratio,1.0,0.9248406555635406,0.832,0.852,0.848,0.004
4,euclidean,mean_std_1.5,normalized_union,max_ratio,2.0,1.8021870163893274,0.832,0.852,0.848,0.004
4,euclidean,mean_std_2.0,nearest_sphere,none,0.0,0.9306941688437446,0.782,0.852,0.838,0.014
4,euclidean,mean_std_2.0,nearest_sphere,none,0.25,0.9306941688437446,0.782,0.852,0.838,0.014
4,euclidean,mean_std_2.0,nearest_sphere,none,0.5,0.9306941688437446,0.782,0.852,0.838,0.014
4,euclidean,mean_std_2.0,nearest_sphere,none,1.0,0.9306941688437446,0.782,0.852,0.838,0.014
4,euclidean,mean_std_2.0,nearest_sphere,none,2.0,0.9306941688437446,0.782,0.852,0.838,0.014
4,euclidean,mean_std_2.0,nearest_sphere,ratio,0.0,0.9306941688437446,0.782,0.852,0.838,0.014
4,euclidean,mean_std_2.0,nearest_sphere,ratio,0.25,1.143758210292994,0.812,0.852,0.844,0.008
4,euclidean,mean_std_2.0,nearest_sphere,ratio,0.5,1.3658435266947961,0.812,0.852,0.844,0.008
4,euclidean,mean_std_2.0,nearest_sphere,ratio,1.0,1.8194685251541438,0.832,0.852,0.848,0.004
4,euclidean,mean_std_2.0,nearest_sphere,ratio,2.0,2.710295477974579,0.832,0.852,0.848,0.004
4,euclidean,mean_std_2.0,nearest_sphere,inverse_margin,0.0,0.9306941688437446,0.782,0.852,0.838,0.014
4,euclidean,mean_std_2.0,nearest_sphere,inverse_margin,0.25,3.319971087795976,0.842,0.852,0.85,0.002
4,euclidean,mean_std_2.0,nearest_sphere,inverse_margin,0.5,5.6627131654340666,0.842,0.852,0.85,0.002
4,euclidean,mean_std_2.0,nearest_sphere,inverse_margin,1.0,10.113749142481781,0.842,0.852,0.85,0.002
4,euclidean,mean_std_2.0,nearest_sphere,inverse_margin,2.0,19.22430894242049,0.842,0.852,0.85,0.002
4,euclidean,mean_std_2.0,nearest_sphere,max_ratio,0.0,0.9306941688437446,0.782,0.852,0.838,0.014
4,euclidean,mean_std_2.0,nearest_sphere,max_ratio,0.25,0.9306941688437446,0.782,0.852,0.838,0.014
4,euclidean,mean_std_2.0,nearest_sphere,max_ratio,0.5,0.9306941688437446,0.782,0.852,0.838,0.014
4,euclidean,mean_std_2.0,nearest_sphere,max_ratio,1.0,0.9537836435783651,0.832,0.852,0.848,0.004
4,euclidean,mean_std_2.0,nearest_sphere,max_ratio,2.0,1.8021870163893274,0.842,0.852,0.85,0.002
4,euclidean,mean_std_2.0,normalized_union,none,0.0,0.883732489443898,0.752,0.852,0.832,0.02
4,euclidean,mean_std_2.0,normalized_union,none,0.25,0.883732489443898,0.752,0.852,0.832,0.02
4,euclidean,mean_std_2.0,normalized_union,none,0.5,0.883732489443898,0.752,0.852,0.832,0.02
4,euclidean,mean_std_2.0,normalized_union,none,1.0,0.883732489443898,0.752,0.852,0.832,0.02
4,euclidean,mean_std_2.0,normalized_union,none,2.0,0.883732489443898,0.752,0.852,0.832,0.02
4,euclidean,mean_std_2.0,normalized_union,ratio,0.0,0.883732489443898,0.752,0.852,0.832,0.02
4,euclidean,mean_std_2.0,normalized_union,ratio,0.25,1.0998176608359862,0.782,0.852,0.838,0.014
4,euclidean,mean_std_2.0,normalized_union,ratio,0.5,1.3208592763702376,0.822,0.852,0.846,0.006
4,euclidean,mean_std_2.0,normalized_union,ratio,1.0,1.7629425074387406,0.822,0.852,0.846,0.006
4,euclidean,mean_std_2.0,normalized_union,ratio,2.0,2.677630203769289,0.832,0.852,0.848,0.004
4,euclidean,mean_std_2.0,normalized_union,inverse_margin,0.0,0.883732489443898,0.752,0.852,0.832,0.02
4,euclidean,mean_std_2.0,normalized_union,inverse_margin,0.25,3.156315672505049,0.832,0.852,0.848,0.004
4,euclidean,mean_std_2.0,normalized_union,inverse_margin,0.5,5.433955622489726,0.832,0.852,0.848,0.004
4,euclidean,mean_std_2.0,normalized_union,inverse_margin,1.0,9.98923552245908,0.832,0.852,0.848,0.004
4,euclidean,mean_std_2.0,normalized_union,inverse_margin,2.0,19.099795322397785,0.832,0.852,0.848,0.004
4,euclidean,mean_std_2.0,normalized_union,max_ratio,0.0,0.883732489443898,0.752,0.852,0.832,0.02
4,euclidean,mean_std_2.0,normalized_union,max_ratio,0.25,0.883732489443898,0.752,0.852,0.832,0.02
4,euclidean,mean_std_2.0,normalized_union,max_ratio,0.5,0.883732489443898,0.752,0.852,0.832,0.02
4,euclidean,mean_std_2.0,normalized_union,max_ratio,1.0,0.9141344955311452,0.832,0.852,0.848,0.004
4,euclidean,mean_std_2.0,normalized_union,max_ratio,2.0,1.8021870163893274,0.832,0.852,0.848,0.004
4,euclidean,mean_std_3.0,nearest_sphere,none,0.0,0.8674136417386469,0.802,0.852,0.842,0.01
4,euclidean,mean_std_3.0,nearest_sphere,none,0.25,0.8674136417386469,0.802,0.852,0.842,0.01
4,euclidean,mean_std_3.0,nearest_sphere,none,0.5,0.8674136417386469,0.802,0.852,0.842,0.01
4,euclidean,mean_std_3.0,nearest_sphere,none,1.0,0.8674136417386469,0.802,0.852,0.842,0.01
4,euclidean,mean_std_3.0,nearest_sphere,none,2.0,0.8674136417386469,0.802,0.852,0.842,0.01
4,euclidean,mean_std_3.0,nearest_sphere,ratio,0.0,0.8674136417386469,0.802,0.852,0.842,0.01
4,euclidean,mean_std_3.0,nearest_sphere,ratio,0.25,1.0829096935324054,0.812,0.852,0.844,0.008
4,euclidean,mean_std_3.0,nearest_sphere,ratio,0.5,1.3105030109092202,0.822,0.852,0.846,0.006
4,euclidean,mean_std_3.0,nearest_sphere,ratio,1.0,1.756807531268169,0.832,0.852,0.848,0.004
4,euclidean,mean_std_3.0,nearest_sphere,ratio,2.0,2.666625625135033,0.832,0.852,0.848,0.004
4,euclidean,mean_std_3.0,nearest_sphere,inverse_margin,0.0,0.8674136417386469,0.802,0.852,0.842,0.01
4,euclidean,mean_std_3.0,nearest_sphere,inverse_margin,0.25,3.253337277765743,0.842,0.852,0.85,0.002
4,euclidean,mean_std_3.0,nearest_sphere,inverse_margin,0.5,5.5274298389645535,0.842,0.852,0.85,0.002
4,euclidean,mean_std_3.0,nearest_sphere,inverse_margin,1.0,10.042547580854489,0.842,0.852,0.85,0.002
4,euclidean,mean_std_3.0,nearest_sphere,inverse_margin,2.0,19.153107380793195,0.842,0.852,0.85,0.002
4,euclidean,mean_std_3.0,nearest_sphere,max_ratio,0.0,0.8674136417386469,0.802,0.852,0.842,0.01
4,euclidean,mean_std_3.0,nearest_sphere,max_ratio,0.25,0.8674136417386469,0.802,0.852,0.842,0.01
4,euclidean,mean_std_3.0,nearest_sphere,max_ratio,0.5,0.8674136417386469,0.802,0.852,0.842,0.01
4,euclidean,mean_std_3.0,nearest_sphere,max_ratio,1.0,0.9164447344505189,0.842,0.852,0.85,0.002
4,euclidean,mean_std_3.0,nearest_sphere,max_ratio,2.0,1.8021870163893274,0.842,0.852,0.85,0.002
4,euclidean,mean_std_3.0,normalized_union,none,0.0,0.8379379520132882,0.782,0.852,0.838,0.014
4,euclidean,mean_std_3.0,normalized_union,none,0.25,0.8379379520132882,0.782,0.852,0.838,0.014
4,euclidean,mean_std_3.0,normalized_union,none,0.5,0.8379379520132882,0.782,0.852,0.838,0.014
4,euclidean,mean_std_3.0,normalized_union,none,1.0,0.8379379520132882,0.782,0.852,0.838,0.014
4,euclidean,mean_std_3.0,normalized_union,none,2.0,0.8379379520132882,0.782,0.852,0.838,0.014
4,euclidean,mean_std_3.0,normalized_union,ratio,0.0,0.8379379520132882,0.782,0.852,0.838,0.014
4,euclidean,mean_std_3.0,normalized_union,ratio,0.25,1.0559066247209725,0.792,0.852,0.84,0.012
4,euclidean,mean_std_3.0,normalized_union,ratio,0.5,1.2789406112274773,0.822,0.852,0.846,0.006
4,euclidean,mean_std_3.0,normalized_union,ratio,1.0,1.718680424348466,0.822,0.852,0.846,0.006
4,euclidean,mean_std_3.0,normalized_union,ratio,2.0,2.627349011149499,0.832,0.852,0.848,0.004
4,euclidean,mean_std_3.0,normalized_union,inverse_margin,0.0,0.8379379520132882,0.782,0.852,0.838,0.014
4,euclidean,mean_std_3.0,normalized_union,inverse_margin,0.25,3.115577901997965,0.832,0.852,0.848,0.004
4,euclidean,mean_std_3.0,normalized_union,inverse_margin,0.5,5.393217851982641,0.832,0.852,0.848,0.004
4,euclidean,mean_std_3.0,normalized_union,inverse_margin,1.0,9.948497751951994,0.832,0.852,0.848,0.004
4,euclidean,mean_std_3.0,normalized_union,inverse_margin,2.0,19.0590575518907,0.832,0.852,0.848,0.004
4,euclidean,mean_std_3.0,normalized_union,max_ratio,0.0,0.8379379520132882,0.782,0.852,0.838,0.014
4,euclidean,mean_std_3.0,normalized_union,max_ratio,0.25,0.8379379520132882,0.782,0.852,0.838,0.014
4,euclidean,mean_std_3.0,normalized_union,max_ratio,0.5,0.8379379520132882,0.782,0.852,0.838,0.014
4,euclidean,mean_std_3.0,normalized_union,max_ratio,1.0,0.9010935081946637,0.832,0.852,0.848,0.004
4,euclidean,mean_std_3.0,normalized_union,max_ratio,2.0,1.8021870163893274,0.832,0.852,0.848,0.004
4,euclidean,center_quantile_0.5,nearest_sphere,none,0.0,1.1190468083384137,0.702,0.852,0.822,0.03
4,euclidean,center_quantile_0.5,nearest_sphere,none,0.25,1.1190468083384137,0.702,0.852,0.822,0.03
4,euclidean,center_quantile_0.5,nearest_sphere,none,0.5,1.1190468083384137,0.702,0.852,0.822,0.03
4,euclidean,center_quantile_0.5,nearest_sphere,none,1.0,1.1190468083384137,0.702,0.852,0.822,0.03
4,euclidean,center_quantile_0.5,nearest_sphere,none,2.0,1.1190468083384137,0.702,0.852,0.822,0.03
4,euclidean,center_quantile_0.5,nearest_sphere,ratio,0.0,1.1190468083384137,0.702,0.852,0.822,0.03
4,euclidean,center_quantile_0.5,nearest_sphere,ratio,0.25,1.3252078787816823,0.742,0.852,0.83,0.022
4,euclidean,center_quantile_0.5,nearest_sphere,ratio,0.5,1.5435223612608409,0.792,0.852,0.84,0.012
4,euclidean,center_quantile_0.5,nearest_sphere,ratio,1.0,1.9753698859818019,0.802,0.852,0.842,0.01
4,euclidean,center_quantile_0.5,nearest_sphere,ratio,2.0,2.8703639915264314,0.832,0.852,0.848,0.004
4,euclidean,center_quantile_0.5,nearest_sphere,inverse_margin,0.0,1.1190468083384137,0.702,0.852,0.822,0.03
4,euclidean,center_quantile_0.5,nearest_sphere,inverse_margin,0.25,3.4884667270427605,0.842,0.852,0.85,0.002
4,euclidean,center_quantile_0.5,nearest_sphere,inverse_margin,0.5,5.855781455406332,0.842,0.852,0.85,0.002
4,euclidean,center_quantile_0.5,nearest_sphere,inverse_margin,1.0,10.524997996969754,0.842,0.852,0.85,0.002
4,euclidean,center_quantile_0.5,nearest_sphere,inverse_margin,2.0,19.428782339852198,0.842,0.852,0.85,0.002
4,euclidean,center_quantile_0.5,nearest_sphere,max_ratio,0.0,1.1190468083384137,0.702,0.852,0.822,0.03
4,euclidean,center_quantile_0.5,nearest_sphere,max_ratio,0.25,1.1190468083384137,0.702,0.852,0.822,0.03
4,euclidean,center_quantile_0.5,nearest_sphere,max_ratio,0.5,1.1190468083384137,0.702,0.852,0.822,0.03
4,euclidean,center_quantile_0.5,nearest_sphere,max_ratio,1.0,1.1190468083384137,0.702,0.852,0.822,0.03
4,euclidean,center_quantile_0.5,nearest_sphere,max_ratio,2.0,1.8021870163893274,0.842,0.852,0.85,0.002
4,euclidean,center_quantile_0.5,normalized_union,none,0.0,0.9953231107743008,0.752,0.852,0.832,0.02
4,euclidean,center_quantile_0.5,normalized_union,none,0.25,0.9953231107743008,0.752,0.852,0.832,0.02
4,euclidean,center_quantile_0.5,normalized_union,none,0.5,0.9953231107743008,0.752,0.852,0.832,0.02
4,euclidean,center_quantile_0.5,normalized_union,none,1.0,0.9953231107743008,0.752,0.852,0.832,0.02
4,euclidean,center_quantile_0.5,normalized_union,none,2.0,0.9953231107743008,0.752,0.852,0.832,0.02
4,euclidean,center_quantile_0.5,normalized_union,ratio,0.0,0.9953231107743008,0.752,0.852,0.832,0.02
4,euclidean,center_quantile_0.5,normalized_union,ratio,0.25,1.2079830850122513,0.792,0.852,0.84,0.012
4,euclidean,center_quantile_0.5,normalized_union,ratio,0.5,1.428144741645083,0.802,0.852,0.842,0.01
4,euclidean,center_quantile_0.5,normalized_union,ratio,1.0,1.8726419979487559,0.812,0.852,0.844,0.008
4,euclidean,center_quantile_0.5,normalized_union,ratio,2.0,2.7886108444293245,0.822,0.852,0.846,0.006
4,euclidean,center_quantile_0.5,normalized_union,inverse_margin,0.0,0.9953231107743008,0.752,0.852,0.832,0.02
4,euclidean,center_quantile_0.5,normalized_union,inverse_margin,0.25,3.248777049348506,0.822,0.852,0.846,0.006
4,euclidean,center_quantile_0.5,normalized_union,inverse_margin,0.5,5.526416999333183,0.822,0.852,0.846,0.006
4,euclidean,center_quantile_0.5,normalized_union,inverse_margin,1.0,10.081696899302536,0.822,0.852,0.846,0.006
4,euclidean,center_quantile_0.5,normalized_union,inverse_margin,2.0,19.19225669924124,0.822,0.852,0.846,0.006
4,euclidean,center_quantile_0.5,normalized_union,max_ratio,0.0,0.9953231107743008,0.752,0.852,0.832,0.02
4,euclidean,center_quantile_0.5,normalized_union,max_ratio,0.25,0.9953231107743008,0.752,0.852,0.832,0.02
4,euclidean,center_quantile_0.5,normalized_union,max_ratio,0.5,0.9953231107743008,0.752,0.852,0.832,0.02
4,euclidean,center_quantile_0.5,normalized_union,max_ratio,1.0,0.9963242353384255,0.762,0.852,0.834,0.018
4,euclidean,center_quantile_0.5,normalized_union,max_ratio,2.0,1.8021870163893274,0.822,0.852,0.846,0.006
4,euclidean,intent_quantile_0.5,nearest_sphere,none,0.0,1.1984069359870089,0.832,0.852,0.848,0.004
4,euclidean,intent_quantile_0.5,nearest_sphere,none,0.25,1.1984069359870089,0.832,0.852,0.848,0.004
4,euclidean,intent_quantile_0.5,nearest_sphere,none,0.5,1.1984069359870089,0.832,0.852,0.848,0.004
4,euclidean,intent_quantile_0.5,nearest_sphere,none,1.0,1.1984069359870089,0.832,0.852,0.848,0.004
4,euclidean,intent_quantile_0.5,nearest_sphere,none,2.0,1.1984069359870089,0.832,0.852,0.848,0.004
4,euclidean,intent_quantile_0.5,nearest_sphere,ratio,0.0,1.1984069359870089,0.832,0.852,0.848,0.004
4,euclidean,intent_quantile_0.5,nearest_sphere,ratio,0.25,1.4099978294660889,0.842,0.852,0.85,0.002
4,euclidean,intent_quantile_0.5,nearest_sphere,ratio,0.5,1.6323672230363682,0.842,0.852,0.85,0.002
4,euclidean,intent_quantile_0.5,nearest_sphere,ratio,1.0,2.0858336813929577,0.842,0.852,0.85,0.002
4,euclidean,intent_quantile_0.5,nearest_sphere,ratio,2.0,2.9841041475604655,0.842,0.852,0.85,0.002
4,euclidean,intent_quantile_0.5,nearest_sphere,inverse_margin,0.0,1.1984069359870089,0.832,0.852,0.848,0.004
4,euclidean,intent_quantile_0.5,nearest_sphere,inverse_margin,0.25,3.6000257847891284,0.842,0.852,0.85,0.002
4,euclidean,intent_quantile_0.5,nearest_sphere,inverse_margin,0.5,5.927575330786056,0.842,0.852,0.85,0.002
4,euclidean,intent_quantile_0.5,nearest_sphere,inverse_margin,1.0,10.526615153371637,0.842,0.852,0.85,0.002
4,euclidean,intent_quantile_0.5,nearest_sphere,inverse_margin,2.0,19.40721024748903,0.842,0.852,0.85,0.002
4,euclidean,intent_quantile_0.5,nearest_sphere,max_ratio,0.0,1.1984069359870089,0.832,0.852,0.848,0.004
4,euclidean,intent_quantile_0.5,nearest_sphere,max_ratio,0.25,1.1984069359870089,0.832,0.852,0.848,0.004
4,euclidean,intent_quantile_0.5,nearest_sphere,max_ratio,0.5,1.1984069359870089,0.832,0.852,0.848,0.004
4,euclidean,intent_quantile_0.5,nearest_sphere,max_ratio,1.0,1.1984069359870089,0.832,0.852,0.848,0.004
4,euclidean,intent_quantile_0.5,nearest_sphere,max_ratio,2.0,1.8021870163893274,0.842,0.852,0.85,0.002
4,euclidean,intent_quantile_0.5,normalized_union,none,0.0,1.18651554264072,0.772,0.852,0.836,0.016
4,euclidean,intent_quantile_0.5,normalized_union,none,0.25,1.18651554264072,0.772,0.852,0.836,0.016
4,euclidean,intent_quantile_0.5,normalized_union,none,0.5,1.18651554264072,0.772,0.852,0.836,0.016
4,euclidean,intent_quantile_0.5,normalized_union,none,1.0,1.18651554264072,0.772,0.852,0.836,0.016
4,euclidean,intent_quantile_0.5,normalized_union,none,2.0,1.18651554264072,0.772,0.852,0.836,0.016
4,euclidean,intent_quantile_0.5,normalized_union,ratio,0.0,1.18651554264072,0.772,0.852,0.836,0.016
4,euclidean,intent_quantile_0.5,normalized_union,ratio,0.25,1.4047265670331077,0.792,0.852,0.84,0.012
4,euclidean,intent_quantile_0.5,normalized_union,ratio,0.5,1.6291720549760702,0.822,0.852,0.846,0.006
4,euclidean,intent_quantile_0.5,normalized_union,ratio,1.0,2.0830106393658014,0.832,0.852,0.848,0.004
4,euclidean,intent_quantile_0.5,normalized_union,ratio,2.0,2.9841041475604655,0.832,0.852,0.848,0.004
4,euclidean,intent_quantile_0.5,normalized_union,inverse_margin,0.0,1.18651554264072,0.772,0.852,0.836,0.016
4,euclidean,intent_quantile_0.5,normalized_union,inverse_margin,0.25,3.587863833649969,0.822,0.852,0.846,0.006
4,euclidean,intent_quantile_0.5,normalized_union,inverse_margin,0.5,5.809353851808333,0.822,0.852,0.846,0.006
4,euclidean,intent_quantile_0.5,normalized_union,inverse_margin,1.0,10.292476931109844,0.812,0.852,0.844,0.008
4,euclidean,intent_quantile_0.5,normalized_union,inverse_margin,2.0,19.403036731048548,0.812,0.852,0.844,0.008
4,euclidean,intent_quantile_0.5,normalized_union,max_ratio,0.0,1.18651554264072,0.772,0.852,0.836,0.016
4,euclidean,intent_quantile_0.5,normalized_union,max_ratio,0.25,1.18651554264072,0.772,0.852,0.836,0.016
4,euclidean,intent_quantile_0.5,normalized_union,max_ratio,0.5,1.18651554264072,0.772,0.852,0.836,0.016
4,euclidean,intent_quantile_0.5,normalized_union,max_ratio,1.0,1.18651554264072,0.772,0.852,0.836,0.016
4,euclidean,intent_quantile_0.5,normalized_union,max_ratio,2.0,1.8021870163893274,0.812,0.852,0.844,0.008
4,euclidean,center_quantile_0.7,nearest_sphere,none,0.0,1.0672377870075833,0.712,0.852,0.824,0.028
4,euclidean,center_quantile_0.7,nearest_sphere,none,0.25,1.0672377870075833,0.712,0.852,0.824,0.028
4,euclidean,center_quantile_0.7,nearest_sphere,none,0.5,1.0672377870075833,0.712,0.852,0.824,0.028
4,euclidean,center_quantile_0.7,nearest_sphere,none,1.0,1.0672377870075833,0.712,0.852,0.824,0.028
4,euclidean,center_quantile_0.7,nearest_sphere,none,2.0,1.0672377870075833,0.712,0.852,0.824,0.028
4,euclidean,center_quantile_0.7,nearest_sphere,ratio,0.0,1.0672377870075833,0.712,0.852,0.824,0.028
4,euclidean,center_quantile_0.7,nearest_sphere,ratio,0.25,1.276353474236589,0.772,0.852,0.836,0.016
4,euclidean,center_quantile_0.7,nearest_sphere,ratio,0.5,1.4885048584846114,0.792,0.852,0.84,0.012
4,euclidean,center_quantile_0.7,nearest_sphere,ratio,1.0,1.929765400592436,0.812,0.852,0.844,0.008
4,euclidean,center_quantile_0.7,nearest_sphere,ratio,2.0,2.820852751693291,0.832,0.852,0.848,0.004
4,euclidean,center_quantile_0.7,nearest_sphere,inverse_margin,0.0,1.0672377870075833,0.712,0.852,0.824,0.028
4,euclidean,center_quantile_0.7,nearest_sphere,inverse_margin,0.25,3.4410592329130596,0.842,0.852,0.85,0.002
4,euclidean,center_quantile_0.7,nearest_sphere,inverse_margin,0.5,5.799689883694711,0.842,0.852,0.85,0.002
4,euclidean,center_quantile_0.7,nearest_sphere,inverse_margin,1.0,10.40156297962247,0.842,0.852,0.85,0.002
4,euclidean,center_quantile_0.7,nearest_sphere,inverse_margin,2.0,19.377786750040794,0.842,0.852,0.85,0.002
4,euclidean,center_quantile_0.7,nearest_sphere,max_ratio,0.0,1.0672377870075833,0.712,0.852,0.824,0.028
4,euclidean,center_quantile_0.7,nearest_sphere,max_ratio,0.25,1.0672377870075833,0.712,0.852,0.824,0.028
4,euclidean,center_quantile_0.7,nearest_sphere,max_ratio,0.5,1.0672377870075833,0.712,0.852,0.824,0.028
4,euclidean,center_quantile_0.7,nearest_sphere,max_ratio,1.0,1.0672377870075833,0.712,0.852,0.824,0.028
4,euclidean,center_quantile_0.7,nearest_sphere,max_ratio,2.0,1.8021870163893274,0.842,0.852,0.85,0.002
4,euclidean,center_quantile_0.7,normalized_union,none,0.0,0.9613021001480835,0.762,0.852,0.834,0.018
4,euclidean,center_quantile_0.7,normalized_union,none,0.25,0.9613021001480835,0.762,0.852,0.834,0.018
4,euclidean,center_quantile_0.7,normalized_union,none,0.5,0.9613021001480835,0.762,0.852,0.834,0.018
4,euclidean,center_quantile_0.7,normalized_union,none,1.0,0.9613021001480835,0.762,0.852,0.834,0.018
4,euclidean,center_quantile_0.7,normalized_union,none,2.0,0.9613021001480835,0.762,0.852,0.834,0.018
4,euclidean,center_quantile_0.7,normalized_union,ratio,0.0,0.9613021001480835,0.762,0.852,0.834,0.018
4,euclidean,center_quantile_0.7,normalized_union,ratio,0.25,1.173695239413616,0.792,0.852,0.84,0.012
4,euclidean,center_quantile_0.7,normalized_union,ratio,0.5,1.396630888204638,0.812,0.852,0.844,0.008
4,euclidean,center_quantile_0.7,normalized_union,ratio,1.0,1.8457110387421016,0.822,0.852,0.846,0.006
4,euclidean,center_quantile_0.7,normalized_union,ratio,2.0,2.756840914763018,0.832,0.852,0.848,0.004
4,euclidean,center_quantile_0.7,normalized_union,inverse_margin,0.0,0.9613021001480835,0.762,0.852,0.834,0.018
4,euclidean,center_quantile_0.7,normalized_union,inverse_margin,0.25,3.2229759681094947,0.832,0.852,0.848,0.004
4,euclidean,center_quantile_0.7,normalized_union,inverse_margin,0.5,5.500615918094171,0.832,0.852,0.848,0.004
4,euclidean,center_quantile_0.7,normalized_union,inverse_margin,1.0,10.055895818063524,0.832,0.852,0.848,0.004
4,euclidean,center_quantile_0.7,normalized_union,inverse_margin,2.0,19.16645561800223,0.832,0.852,0.848,0.004
4,euclidean,center_quantile_0.7,normalized_union,max_ratio,0.0,0.9613021001480835,0.762,0.852,0.834,0.018
4,euclidean,center_quantile_0.7,normalized_union,max_ratio,0.25,0.9613021001480835,0.762,0.852,0.834,0.018
4,euclidean,center_quantile_0.7,normalized_union,max_ratio,0.5,0.9613021001480835,0.762,0.852,0.834,0.018
4,euclidean,center_quantile_0.7,normalized_union,max_ratio,1.0,0.9647028613231365,0.822,0.852,0.846,0.006
4,euclidean,center_quantile_0.7,normalized_union,max_ratio,2.0,1.8021870163893274,0.832,0.852,0.848,0.004
4,euclidean,intent_quantile_0.7,nearest_sphere,none,0.0,1.1070230816453532,0.832,0.852,0.848,0.004
4,euclidean,intent_quantile_0.7,nearest_sphere,none,0.25,1.1070230816453532,0.832,0.852,0.848,0.004
4,euclidean,intent_quantile_0.7,nearest_sphere,none,0.5,1.1070230816453532,0.832,0.852,0.848,0.004
4,euclidean,intent_quantile_0.7,nearest_sphere,none,1.0,1.1070230816453532,0.832,0.852,0.848,0.004
4,euclidean,intent_quantile_0.7,nearest_sphere,none,2.0,1.1070230816453532,0.832,0.852,0.848,0.004
4,euclidean,intent_quantile_0.7,nearest_sphere,ratio,0.0,1.1070230816453532,0.832,0.852,0.848,0.004
4,euclidean,intent_quantile_0.7,nearest_sphere,ratio,0.25,1.327560145489125,0.842,0.852,0.85,0.002
4,euclidean,intent_quantile_0.7,nearest_sphere,ratio,0.5,1.5426901208750183,0.842,0.852,0.85,0.002
4,euclidean,intent_quantile_0.7,nearest_sphere,ratio,1.0,1.9961467931132824,0.842,0.852,0.85,0.002
4,euclidean,intent_quantile_0.7,nearest_sphere,ratio,2.0,2.9030601375898106,0.842,0.852,0.85,0.002
4,euclidean,intent_quantile_0.7,nearest_sphere,inverse_margin,0.0,1.1070230816453532,0.832,0.852,0.848,0.004
4,euclidean,intent_quantile_0.7,nearest_sphere,inverse_margin,0.25,3.480964861454682,0.842,0.852,0.85,0.002
4,euclidean,intent_quantile_0.7,nearest_sphere,inverse_margin,0.5,5.808514407451609,0.842,0.852,0.85,0.002
4,euclidean,intent_quantile_0.7,nearest_sphere,inverse_margin,1.0,10.396074374129634,0.842,0.852,0.85,0.002
4,euclidean,intent_quantile_0.7,nearest_sphere,inverse_margin,2.0,19.32732267297975,0.842,0.852,0.85,0.002
4,euclidean,intent_quantile_0.7,nearest_sphere,max_ratio,0.0,1.1070230816453532,0.832,0.852,0.848,0.004
4,euclidean,intent_quantile_0.7,nearest_sphere,max_ratio,0.25,1.1070230816453532,0.832,0.852,0.848,0.004
4,euclidean,intent_quantile_0.7,nearest_sphere,max_ratio,0.5,1.1070230816453532,0.832,0.852,0.848,0.004
4,euclidean,intent_quantile_0.7,nearest_sphere,max_ratio,1.0,1.1070230816453532,0.832,0.852,0.848,0.004
4,euclidean,intent_quantile_0.7,nearest_sphere,max_ratio,2.0,1.8021870163893274,0.842,0.852,0.85,0.002
4,euclidean,intent_quantile_0.7,normalized_union,none,0.0,1.1009212443908283,0.782,0.852,0.838,0.014
4,euclidean,intent_quantile_0.7,normalized_union,none,0.25,1.1009212443908283,0.782,0.852,0.838,0.014
4,euclidean,intent_quantile_0.7,normalized_union,none,0.5,1.1009212443908283,0.782,0.852,0.838,0.014
4,euclidean,intent_quantile_0.7,normalized_union,none,1.0,1.1009212443908283,0.782,0.852,0.838,0.014
4,euclidean,intent_quantile_0.7,normalized_union,none,2.0,1.1009212443908283,0.782,0.852,0.838,0.014
4,euclidean,intent_quantile_0.7,normalized_union,ratio,0.0,1.1009212443908283,0.782,0.852,0.838,0.014
4,euclidean,intent_quantile_0.7,normalized_union,ratio,0.25,1.3175400565002,0.812,0.852,0.844,0.008
4,euclidean,intent_quantile_0.7,normalized_union,ratio,0.5,1.5426901208750183,0.842,0.852,0.85,0.002
4,euclidean,intent_quantile_0.7,normalized_union,ratio,1.0,1.9906849920918792,0.832,0.852,0.848,0.004
4,euclidean,intent_quantile_0.7,normalized_union,ratio,2.0,2.9030601375898106,0.832,0.852,0.848,0.004
4,euclidean,intent_quantile_0.7,normalized_union,inverse_margin,0.0,1.1009212443908283,0.782,0.852,0.838,0.014
4,euclidean,intent_quantile_0.7,normalized_union,inverse_margin,0.25,3.480964861454682,0.832,0.852,0.848,0.004
4,euclidean,intent_quantile_0.7,normalized_union,inverse_margin,0.5,5.70279646104019,0.812,0.852,0.844,0.008
4,euclidean,intent_quantile_0.7,normalized_union,inverse_margin,1.0,10.216762873041047,0.812,0.852,0.844,0.008
4,euclidean,intent_quantile_0.7,normalized_union,inverse_margin,2.0,19.32732267297975,0.812,0.852,0.844,0.008
4,euclidean,intent_quantile_0.7,normalized_union,max_ratio,0.0,1.1009212443908283,0.782,0.852,0.838,0.014
4,euclidean,intent_quantile_0.7,normalized_union,max_ratio,0.25,1.1009212443908283,0.782,0.852,0.838,0.014
4,euclidean,intent_quantile_0.7,normalized_union,max_ratio,0.5,1.1009212443908283,0.782,0.852,0.838,0.014
4,euclidean,intent_quantile_0.7,normalized_union,max_ratio,1.0,1.1009212443908283,0.782,0.852,0.838,0.014
4,euclidean,intent_quantile_0.7,normalized_union,max_ratio,2.0,1.8021870163893274,0.812,0.852,0.844,0.008
4,euclidean,center_quantile_0.8,nearest_sphere,none,0.0,1.0261352255010134,0.732,0.852,0.828,0.024
4,euclidean,center_quantile_0.8,nearest_sphere,none,0.25,1.0261352255010134,0.732,0.852,0.828,0.024
4,euclidean,center_quantile_0.8,nearest_sphere,none,0.5,1.0261352255010134,0.732,0.852,0.828,0.024
4,euclidean,center_quantile_0.8,nearest_sphere,none,1.0,1.0261352255010134,0.732,0.852,0.828,0.024
4,euclidean,center_quantile_0.8,nearest_sphere,none,2.0,1.0261352255010134,0.732,0.852,0.828,0.024
4,euclidean,center_quantile_0.8,nearest_sphere,ratio,0.0,1.0261352255010134,0.732,0.852,0.828,0.024
4,euclidean,center_quantile_0.8,nearest_sphere,ratio,0.25,1.2392133201869744,0.792,0.852,0.84,0.012
4,euclidean,center_quantile_0.8,nearest_sphere,ratio,0.5,1.4530479815620703,0.802,0.852,0.842,0.01
4,euclidean,center_quantile_0.8,nearest_sphere,ratio,1.0,1.9002665757089003,0.822,0.852,0.846,0.006
4,euclidean,center_quantile_0.8,nearest_sphere,ratio,2.0,2.7923359203894615,0.832,0.852,0.848,0.004
4,euclidean,center_quantile_0.8,nearest_sphere,inverse_margin,0.0,1.0261352255010134,0.732,0.852,0.828,0.024
4,euclidean,center_quantile_0.8,nearest_sphere,inverse_margin,0.25,3.4092221255871644,0.842,0.852,0.85,0.002
4,euclidean,center_quantile_0.8,nearest_sphere,inverse_margin,0.5,5.767852776368816,0.842,0.852,0.85,0.002
4,euclidean,center_quantile_0.8,nearest_sphere,inverse_margin,1.0,10.34073686396921,0.842,0.852,0.85,0.002
4,euclidean,center_quantile_0.8,nearest_sphere,inverse_margin,2.0,19.34008178499014,0.842,0.852,0.85,0.002
4,euclidean,center_quantile_0.8,nearest_sphere,max_ratio,0.0,1.0261352255010134,0.732,0.852,0.828,0.024
4,euclidean,center_quantile_0.8,nearest_sphere,max_ratio,0.25,1.0261352255010134,0.732,0.852,0.828,0.024
4,euclidean,center_quantile_0.8,nearest_sphere,max_ratio,0.5,1.0261352255010134,0.732,0.852,0.828,0.024
4,euclidean,center_quantile_0.8,nearest_sphere,max_ratio,1.0,1.0261352255010134,0.732,0.852,0.828,0.024
4,euclidean,center_quantile_0.8,nearest_sphere,max_ratio,2.0,1.8021870163893274,0.842,0.852,0.85,0.002
4,euclidean,center_quantile_0.8,normalized_union,none,0.0,0.9444226372223423,0.752,0.852,0.832,0.02
4,euclidean,center_quantile_0.8,normalized_union,none,0.25,0.9444226372223423,0.752,0.852,0.832,0.02
4,euclidean,center_quantile_0.8,normalized_union,none,0.5,0.9444226372223423,0.752,0.852,0.832,0.02
4,euclidean,center_quantile_0.8,normalized_union,none,1.0,0.9444226372223423,0.752,0.852,0.832,0.02
4,euclidean,center_quantile_0.8,normalized_union,none,2.0,0.9444226372223423,0.752,0.852,0.832,0.02
4,euclidean,center_quantile_0.8,normalized_union,ratio,0.0,0.9444226372223423,0.752,0.852,0.832,0.02
4,euclidean,center_quantile_0.8,normalized_union,ratio,0.25,1.1571499522771977,0.782,0.852,0.838,0.014
4,euclidean,center_quantile_0.8,normalized_union,ratio,0.5,1.3808075770414276,0.812,0.852,0.844,0.008
4,euclidean,center_quantile_0.8,normalized_union,ratio,1.0,1.826616653246357,0.822,0.852,0.846,0.006
4,euclidean,center_quantile_0.8,normalized_union,ratio,2.0,2.737285833723705,0.832,0.852,0.848,0.004
4,euclidean,center_quantile_0.8,normalized_union,inverse_margin,0.0,0.9444226372223423,0.752,0.852,0.832,0.02
4,euclidean,center_quantile_0.8,normalized_union,inverse_margin,0.25,3.204583061845334,0.832,0.852,0.848,0.004
4,euclidean,center_quantile_0.8,normalized_union,inverse_margin,0.5,5.482223011830011,0.832,0.852,0.848,0.004
4,euclidean,center_quantile_0.8,normalized_union,inverse_margin,1.0,10.037502911799363,0.832,0.852,0.848,0.004
4,euclidean,center_quantile_0.8,normalized_union,inverse_margin,2.0,19.14806271173807,0.832,0.852,0.848,0.004
4,euclidean,center_quantile_0.8,normalized_union,max_ratio,0.0,0.9444226372223423,0.752,0.852,0.832,0.02
4,euclidean,center_quantile_0.8,normalized_union,max_ratio,0.25,0.9444226372223423,0.752,0.852,0.832,0.02
4,euclidean,center_quantile_0.8,normalized_union,max_ratio,0.5,0.9444226372223423,0.752,0.852,0.832,0.02
4,euclidean,center_quantile_0.8,normalized_union,max_ratio,1.0,0.9527756571234007,0.812,0.852,0.844,0.008
4,euclidean,center_quantile_0.8,normalized_union,max_ratio,2.0,1.8021870163893274,0.832,0.852,0.848,0.004
4,euclidean,intent_quantile_0.8,nearest_sphere,none,0.0,1.0453968793572497,0.822,0.852,0.846,0.006
4,euclidean,intent_quantile_0.8,nearest_sphere,none,0.25,1.0453968793572497,0.822,0.852,0.846,0.006
4,euclidean,intent_quantile_0.8,nearest_sphere,none,0.5,1.0453968793572497,0.822,0.852,0.846,0.006
4,euclidean,intent_quantile_0.8,nearest_sphere,none,1.0,1.0453968793572497,0.822,0.852,0.846,0.006
4,euclidean,intent_quantile_0.8,nearest_sphere,none,2.0,1.0453968793572497,0.822,0.852,0.846,0.006
4,euclidean,intent_quantile_0.8,nearest_sphere,ratio,0.0,1.0453968793572497,0.822,0.852,0.846,0.006
4,euclidean,intent_quantile_0.8,nearest_sphere,ratio,0.25,1.2633198264452272,0.842,0.852,0.85,0.002
4,euclidean,intent_quantile_0.8,nearest_sphere,ratio,0.5,1.4860979770593936,0.842,0.852,0.85,0.002
4,euclidean,intent_quantile_0.8,nearest_sphere,ratio,1.0,1.9291924900517041,0.842,0.852,0.85,0.002
4,euclidean,intent_quantile_0.8,nearest_sphere,ratio,2.0,2.817627832750322,0.842,0.852,0.85,0.002
4,euclidean,intent_quantile_0.8,nearest_sphere,inverse_margin,0.0,1.0453968793572497,0.822,0.852,0.846,0.006
4,euclidean,intent_quantile_0.8,nearest_sphere,inverse_margin,0.25,3.390498553281674,0.842,0.852,0.85,0.002
4,euclidean,intent_quantile_0.8,nearest_sphere,inverse_margin,0.5,5.718048099278601,0.842,0.852,0.85,0.002
4,euclidean,intent_quantile_0.8,nearest_sphere,inverse_margin,1.0,10.279483494097896,0.842,0.852,0.85,0.002
4,euclidean,intent_quantile_0.8,nearest_sphere,inverse_margin,2.0,19.27153192178375,0.842,0.852,0.85,0.002
4,euclidean,intent_quantile_0.8,nearest_sphere,max_ratio,0.0,1.0453968793572497,0.822,0.852,0.846,0.006
4,euclidean,intent_quantile_0.8,nearest_sphere,max_ratio,0.25,1.0453968793572497,0.822,0.852,0.846,0.006
4,euclidean,intent_quantile_0.8,nearest_sphere,max_ratio,0.5,1.0453968793572497,0.822,0.852,0.846,0.006
4,euclidean,intent_quantile_0.8,nearest_sphere,max_ratio,1.0,1.0453968793572497,0.822,0.852,0.846,0.006
4,euclidean,intent_quantile_0.8,nearest_sphere,max_ratio,2.0,1.8021870163893274,0.842,0.852,0.85,0.002
4,euclidean,intent_quantile_0.8,normalized_union,none,0.0,1.0420046659120807,0.782,0.852,0.838,0.014
4,euclidean,intent_quantile_0.8,normalized_union,none,0.25,1.0420046659120807,0.782,0.852,0.838,0.014
4,euclidean,intent_quantile_0.8,normalized_union,none,0.5,1.0420046659120807,0.782,0.852,0.838,0.014
4,euclidean,intent_quantile_0.8,normalized_union,none,1.0,1.0420046659120807,0.782,0.852,0.838,0.014
4,euclidean,intent_quantile_0.8,normalized_union,none,2.0,1.0420046659120807,0.782,0.852,0.838,0.014
4,euclidean,intent_quantile_0.8,normalized_union,ratio,0.0,1.0420046659120807,0.782,0.852,0.838,0.014
4,euclidean,intent_quantile_0.8,normalized_union,ratio,0.25,1.2628075824884424,0.812,0.852,0.844,0.008
4,euclidean,intent_quantile_0.8,normalized_union,ratio,0.5,1.4844283010970074,0.832,0.852,0.848,0.004
4,euclidean,intent_quantile_0.8,normalized_union,ratio,1.0,1.9221754944636245,0.832,0.852,0.848,0.004
4,euclidean,intent_quantile_0.8,normalized_union,ratio,2.0,2.817627832750322,0.832,0.852,0.848,0.004
4,euclidean,intent_quantile_0.8,normalized_union,inverse_margin,0.0,1.0420046659120807,0.782,0.852,0.838,0.014
4,euclidean,intent_quantile_0.8,normalized_union,inverse_margin,0.25,3.388828594047112,0.812,0.852,0.844,0.008
4,euclidean,intent_quantile_0.8,normalized_union,inverse_margin,0.5,5.605692221875692,0.802,0.852,0.842,0.01
4,euclidean,intent_quantile_0.8,normalized_union,inverse_margin,1.0,10.160972121845045,0.802,0.852,0.842,0.01
4,euclidean,intent_quantile_0.8,normalized_union,inverse_margin,2.0,19.27153192178375,0.802,0.852,0.842,0.01
4,euclidean,intent_quantile_0.8,normalized_union,max_ratio,0.0,1.0420046659120807,0.782,0.852,0.838,0.014
4,euclidean,intent_quantile_0.8,normalized_union,max_ratio,0.25,1.0420046659120807,0.782,0.852,0.838,0.014
4,euclidean,intent_quantile_0.8,normalized_union,max_ratio,0.5,1.0420046659120807,0.782,0.852,0.838,0.014
4,euclidean,intent_quantile_0.8,normalized_union,max_ratio,1.0,1.0420046659120807,0.782,0.852,0.838,0.014
4,euclidean,intent_quantile_0.8,normalized_union,max_ratio,2.0,1.8021870163893274,0.802,0.852,0.842,0.01
4,euclidean,center_quantile_0.9,nearest_sphere,none,0.0,0.984157888246548,0.752,0.852,0.832,0.02
4,euclidean,center_quantile_0.9,nearest_sphere,none,0.25,0.984157888246548,0.752,0.852,0.832,0.02
4,euclidean,center_quantile_0.9,nearest_sphere,none,0.5,0.984157888246548,0.752,0.852,0.832,0.02
4,euclidean,center_quantile_0.9,nearest_sphere,none,1.0,0.984157888246548,0.752,0.852,0.832,0.02
4,euclidean,center_quantile_0.9,nearest_sphere,none,2.0,0.984157888246548,0.752,0.852,0.832,0.02
4,euclidean,center_quantile_0.9,nearest_sphere,ratio,0.0,0.984157888246548,0.752,0.852,0.832,0.02
4,euclidean,center_quantile_0.9,nearest_sphere,ratio,0.25,1.1936308141450025,0.792,0.852,0.84,0.012
4,euclidean,center_quantile_0.9,nearest_sphere,ratio,0.5,1.410112714976212,0.812,0.852,0.844,0.008
4,euclidean,center_quantile_0.9,nearest_sphere,ratio,1.0,1.8638120135242158,0.832,0.852,0.848,0.004
4,euclidean,center_quantile_0.9,nearest_sphere,ratio,2.0,2.7556890843229676,0.832,0.852,0.848,0.004
4,euclidean,center_quantile_0.9,nearest_sphere,inverse_margin,0.0,0.984157888246548,0.752,0.852,0.832,0.02
4,euclidean,center_quantile_0.9,nearest_sphere,inverse_margin,0.25,3.3704499599885915,0.842,0.852,0.85,0.002
4,euclidean,center_quantile_0.9,nearest_sphere,inverse_margin,0.5,5.729080610770243,0.842,0.852,0.85,0.002
4,euclidean,center_quantile_0.9,nearest_sphere,inverse_margin,1.0,10.250025471747007,0.842,0.852,0.85,0.002
4,euclidean,center_quantile_0.9,nearest_sphere,inverse_margin,2.0,19.28660289707716,0.842,0.852,0.85,0.002
4,euclidean,center_quantile_0.9,nearest_sphere,max_ratio,0.0,0.984157888246548,0.752,0.852,0.832,0.02
4,euclidean,center_quantile_0.9,nearest_sphere,max_ratio,0.25,0.984157888246548,0.752,0.852,0.832,0.02
4,euclidean,center_quantile_0.9,nearest_sphere,max_ratio,0.5,0.984157888246548,0.752,0.852,0.832,0.02
4,euclidean,center_quantile_0.9,nearest_sphere,max_ratio,1.0,0.9889918273260442,0.792,0.852,0.84,0.012
4,euclidean,center_quantile_0.9,nearest_sphere,max_ratio,2.0,1.8021870163893274,0.842,0.852,0.85,0.002
4,euclidean,center_quantile_0.9,normalized_union,none,0.0,0.9146178495309215,0.752,0.852,0.832,0.02
4,euclidean,center_quantile_0.9,normalized_union,none,0.25,0.9146178495309215,0.752,0.852,0.832,0.02
4,euclidean,center_quantile_0.9,normalized_union,none,0.5,0.9146178495309215,0.752,0.852,0.832,0.02
4,euclidean,center_quantile_0.9,normalized_union,none,1.0,0.9146178495309215,0.752,0.852,0.832,0.02
4,euclidean,center_quantile_0.9,normalized_union,none,2.0,0.9146178495309215,0.752,0.852,0.832,0.02
4,euclidean,center_quantile_0.9,normalized_union,ratio,0.0,0.9146178495309215,0.752,0.852,0.832,0.02
4,euclidean,center_quantile_0.9,normalized_union,ratio,0.25,1.1268305575751907,0.782,0.852,0.838,0.014
4,euclidean,center_quantile_0.9,normalized_union,ratio,0.5,1.349841439877761,0.822,0.852,0.846,0.006
4,euclidean,center_quantile_0.9,normalized_union,ratio,1.0,1.7891922255296886,0.822,0.852,0.846,0.006
4,euclidean,center_quantile_0.9,normalized_union,ratio,2.0,2.7025311789394277,0.832,0.852,0.848,0.004
4,euclidean,center_quantile_0.9,normalized_union,inverse_margin,0.0,0.9146178495309215,0.752,0.852,0.832,0.02
4,euclidean,center_quantile_0.9,normalized_union,inverse_margin,0.25,3.1856760822929733,0.822,0.852,0.846,0.006
4,euclidean,center_quantile_0.9,normalized_union,inverse_margin,0.5,5.46331603227765,0.822,0.852,0.846,0.006
4,euclidean,center_quantile_0.9,normalized_union,inverse_margin,1.0,10.018595932247003,0.822,0.852,0.846,0.006
4,euclidean,center_quantile_0.9,normalized_union,inverse_margin,2.0,19.12915573218571,0.822,0.852,0.846,0.006
4,euclidean,center_quantile_0.9,normalized_union,max_ratio,0.0,0.9146178495309215,0.752,0.852,0.832,0.02
4,euclidean,center_quantile_0.9,normalized_union,max_ratio,0.25,0.9146178495309215,0.752,0.852,0.832,0.02
4,euclidean,center_quantile_0.9,normalized_union,max_ratio,0.5,0.9146178495309215,0.752,0.852,0.832,0.02
4,euclidean,center_quantile_0.9,normalized_union,max_ratio,1.0,0.9259580004492702,0.832,0.852,0.848,0.004
4,euclidean,center_quantile_0.9,normalized_union,max_ratio,2.0,1.8021870163893274,0.822,0.852,0.846,0.006
4,euclidean,intent_quantile_0.9,nearest_sphere,none,0.0,0.9638665630646399,0.842,0.852,0.85,0.002
4,euclidean,intent_quantile_0.9,nearest_sphere,none,0.25,0.9638665630646399,0.842,0.852,0.85,0.002
4,euclidean,intent_quantile_0.9,nearest_sphere,none,0.5,0.9638665630646399,0.842,0.852,0.85,0.002
4,euclidean,intent_quantile_0.9,nearest_sphere,none,1.0,0.9638665630646399,0.842,0.852,0.85,0.002
4,euclidean,intent_quantile_0.9,nearest_sphere,none,2.0,0.9638665630646399,0.842,0.852,0.85,0.002
4,euclidean,intent_quantile_0.9,nearest_sphere,ratio,0.0,0.9638665630646399,0.842,0.852,0.85,0.002
4,euclidean,intent_quantile_0.9,nearest_sphere,ratio,0.25,1.187383784082637,0.842,0.852,0.85,0.002
4,euclidean,intent_quantile_0.9,nearest_sphere,ratio,0.5,1.4130653553713224,0.842,0.852,0.85,0.002
4,euclidean,intent_quantile_0.9,nearest_sphere,ratio,1.0,1.859954469347708,0.842,0.852,0.85,0.002
4,euclidean,intent_quantile_0.9,nearest_sphere,ratio,2.0,2.757809631381803,0.842,0.852,0.85,0.002
4,euclidean,intent_quantile_0.9,nearest_sphere,inverse_margin,0.0,0.9638665630646399,0.842,0.852,0.85,0.002
4,euclidean,intent_quantile_0.9,nearest_sphere,inverse_margin,0.25,3.261913979086884,0.842,0.852,0.85,0.002
4,euclidean,intent_quantile_0.9,nearest_sphere,inverse_margin,0.5,5.532858256112979,0.842,0.852,0.85,0.002
4,euclidean,intent_quantile_0.9,nearest_sphere,inverse_margin,1.0,10.088138156082332,0.842,0.852,0.85,0.002
4,euclidean,intent_quantile_0.9,nearest_sphere,inverse_margin,2.0,19.19869795602104,0.842,0.852,0.85,0.002
4,euclidean,intent_quantile_0.9,nearest_sphere,max_ratio,0.0,0.9638665630646399,0.842,0.852,0.85,0.002
4,euclidean,intent_quantile_0.9,nearest_sphere,max_ratio,0.25,0.9638665630646399,0.842,0.852,0.85,0.002
4,euclidean,intent_quantile_0.9,nearest_sphere,max_ratio,0.5,0.9638665630646399,0.842,0.852,0.85,0.002
4,euclidean,intent_quantile_0.9,nearest_sphere,max_ratio,1.0,0.9664549548040093,0.842,0.852,0.85,0.002
4,euclidean,intent_quantile_0.9,nearest_sphere,max_ratio,2.0,1.8021870163893274,0.842,0.852,0.85,0.002
4,euclidean,intent_quantile_0.9,normalized_union,none,0.0,0.9592062476776478,0.802,0.852,0.842,0.01
4,euclidean,intent_quantile_0.9,normalized_union,none,0.25,0.9592062476776478,0.802,0.852,0.842,0.01
4,euclidean,intent_quantile_0.9,normalized_union,none,0.5,0.9592062476776478,0.802,0.852,0.842,0.01
4,euclidean,intent_quantile_0.9,normalized_union,none,1.0,0.9592062476776478,0.802,0.852,0.842,0.01
4,euclidean,intent_quantile_0.9,normalized_union,none,2.0,0.9592062476776478,0.802,0.852,0.842,0.01
4,euclidean,intent_quantile_0.9,normalized_union,ratio,0.0,0.9592062476776478,0.802,0.852,0.842,0.01
4,euclidean,intent_quantile_0.9,normalized_union,ratio,0.25,1.185827656020151,0.822,0.852,0.846,0.006
4,euclidean,intent_quantile_0.9,normalized_union,ratio,0.5,1.4130653553713224,0.842,0.852,0.85,0.002
4,euclidean,intent_quantile_0.9,normalized_union,ratio,1.0,1.859954469347708,0.842,0.852,0.85,0.002
4,euclidean,intent_quantile_0.9,normalized_union,ratio,2.0,2.757809631381803,0.842,0.852,0.85,0.002
4,euclidean,intent_quantile_0.9,normalized_union,inverse_margin,0.0,0.9592062476776478,0.802,0.852,0.842,0.01
4,euclidean,intent_quantile_0.9,normalized_union,inverse_margin,0.25,3.261913979086884,0.842,0.852,0.85,0.002
4,euclidean,intent_quantile_0.9,normalized_union,inverse_margin,0.5,5.532858256112979,0.842,0.852,0.85,0.002
4,euclidean,intent_quantile_0.9,normalized_union,inverse_margin,1.0,10.088138156082332,0.842,0.852,0.85,0.002
4,euclidean,intent_quantile_0.9,normalized_union,inverse_margin,2.0,19.19869795602104,0.842,0.852,0.85,0.002
4,euclidean,intent_quantile_0.9,normalized_union,max_ratio,0.0,0.9592062476776478,0.802,0.852,0.842,0.01
4,euclidean,intent_quantile_0.9,normalized_union,max_ratio,0.25,0.9592062476776478,0.802,0.852,0.842,0.01
4,euclidean,intent_quantile_0.9,normalized_union,max_ratio,0.5,0.9592062476776478,0.802,0.852,0.842,0.01
4,euclidean,intent_quantile_0.9,normalized_union,max_ratio,1.0,0.9633204339478262,0.822,0.852,0.846,0.006
4,euclidean,intent_quantile_0.9,normalized_union,max_ratio,2.0,1.8021870163893274,0.842,0.852,0.85,0.002
4,euclidean,center_quantile_0.95,nearest_sphere,none,0.0,0.952803046351069,0.752,0.852,0.832,0.02
4,euclidean,center_quantile_0.95,nearest_sphere,none,0.25,0.952803046351069,0.752,0.852,0.832,0.02
4,euclidean,center_quantile_0.95,nearest_sphere,none,0.5,0.952803046351069,0.752,0.852,0.832,0.02
4,euclidean,center_quantile_0.95,nearest_sphere,none,1.0,0.952803046351069,0.752,0.852,0.832,0.02
4,euclidean,center_quantile_0.95,nearest_sphere,none,2.0,0.952803046351069,0.752,0.852,0.832,0.02
4,euclidean,center_quantile_0.95,nearest_sphere,ratio,0.0,0.952803046351069,0.752,0.852,0.832,0.02
4,euclidean,center_quantile_0.95,nearest_sphere,ratio,0.25,1.1659539157274863,0.802,0.852,0.842,0.01
4,euclidean,center_quantile_0.95,nearest_sphere,ratio,0.5,1.3835568569470524,0.812,0.852,0.844,0.008
4,euclidean,center_quantile_0.95,nearest_sphere,ratio,1.0,1.8354493198233297,0.832,0.852,0.848,0.004
4,euclidean,center_quantile_0.95,nearest_sphere,ratio,2.0,2.7235935086598286,0.832,0.852,0.848,0.004
4,euclidean,center_quantile_0.95,nearest_sphere,inverse_margin,0.0,0.952803046351069,0.752,0.852,0.832,0.02
4,euclidean,center_quantile_0.95,nearest_sphere,inverse_margin,0.25,3.3460670095809997,0.842,0.852,0.85,0.002
4,euclidean,center_quantile_0.95,nearest_sphere,inverse_margin,0.5,5.662466107659461,0.842,0.852,0.85,0.002
4,euclidean,center_quantile_0.95,nearest_sphere,inverse_margin,1.0,10.10122984570013,0.842,0.852,0.85,0.002
4,euclidean,center_quantile_0.95,nearest_sphere,inverse_margin,2.0,19.211789645638838,0.842,0.852,0.85,0.002
4,euclidean,center_quantile_0.95,nearest_sphere,max_ratio,0.0,0.952803046351069,0.752,0.852,0.832,0.02
4,euclidean,center_quantile_0.95,nearest_sphere,max_ratio,0.25,0.952803046351069,0.752,0.852,0.832,0.02
4,euclidean,center_quantile_0.95,nearest_sphere,max_ratio,0.5,0.952803046351069,0.752,0.852,0.832,0.02
4,euclidean,center_quantile_0.95,nearest_sphere,max_ratio,1.0,0.9696528747906995,0.822,0.852,0.846,0.006
4,euclidean,center_quantile_0.95,nearest_sphere,max_ratio,2.0,1.8021870163893274,0.842,0.852,0.85,0.002
4,euclidean,center_quantile_0.95,normalized_union,none,0.0,0.8975195472720355,0.762,0.852,0.834,0.018
4,euclidean,center_quantile_0.95,normalized_union,none,0.25,0.8975195472720355,0.762,0.852,0.834,0.018
4,euclidean,center_quantile_0.95,normalized_union,none,0.5,0.8975195472720355,0.762,0.852,0.834,0.018
4,euclidean,center_quantile_0.95,normalized_union,none,1.0,0.8975195472720355,0.762,0.852,0.834,0.018
4,euclidean,center_quantile_0.95,normalized_union,none,2.0,0.8975195472720355,0.762,0.852,0.834,0.018
4,euclidean,center_quantile_0.95,normalized_union,ratio,0.0,0.8975195472720355,0.762,0.852,0.834,0.018
4,euclidean,center_quantile_0.95,normalized_union,ratio,0.25,1.1121667940088016,0.772,0.852,0.836,0.016
4,euclidean,center_quantile_0.95,normalized_union,ratio,0.5,1.3323877209520252,0.812,0.852,0.844,0.008
4,euclidean,center_quantile_0.95,normalized_union,ratio,1.0,1.774470952020528,0.812,0.852,0.844,0.008
4,euclidean,center_quantile_0.95,normalized_union,ratio,2.0,2.6838819986775264,0.822,0.852,0.846,0.006
4,euclidean,center_quantile_0.95,normalized_union,inverse_margin,0.0,0.8975195472720355,0.762,0.852,0.834,0.018
4,euclidean,center_quantile_0.95,normalized_union,inverse_margin,0.25,3.1719620633694685,0.822,0.852,0.846,0.006
4,euclidean,center_quantile_0.95,normalized_union,inverse_margin,0.5,5.449602013354145,0.822,0.852,0.846,0.006
4,euclidean,center_quantile_0.95,normalized_union,inverse_margin,1.0,10.004881913323498,0.822,0.852,0.846,0.006
4,euclidean,center_quantile_0.95,normalized_union,inverse_margin,2.0,19.115441713262204,0.822,0.852,0.846,0.006
4,euclidean,center_quantile_0.95,normalized_union,max_ratio,0.0,0.8975195472720355,0.762,0.852,0.834,0.018
4,euclidean,center_quantile_0.95,normalized_union,max_ratio,0.25,0.8975195472720355,0.762,0.852,0.834,0.018
4,euclidean,center_quantile_0.95,normalized_union,max_ratio,0.5,0.8975195472720355,0.762,0.852,0.834,0.018
4,euclidean,center_quantile_0.95,normalized_union,max_ratio,1.0,0.918002304135622,0.822,0.852,0.846,0.006
4,euclidean,center_quantile_0.95,normalized_union,max_ratio,2.0,1.8021870163893274,0.822,0.852,0.846,0.006
4,euclidean,intent_quantile_0.95,nearest_sphere,none,0.0,0.9213424391744013,0.832,0.852,0.848,0.004
4,euclidean,intent_quantile_0.95,nearest_sphere,none,0.25,0.9213424391744013,0.832,0.852,0.848,0.004
4,euclidean,intent_quantile_0.95,nearest_sphere,none,0.5,0.9213424391744013,0.832,0.852,0.848,0.004
4,euclidean,intent_quantile_0.95,nearest_sphere,none,1.0,0.9213424391744013,0.832,0.852,0.848,0.004
4,euclidean,intent_quantile_0.95,nearest_sphere,none,2.0,0.9213424391744013,0.832,0.852,0.848,0.004
4,euclidean,intent_quantile_0.95,nearest_sphere,ratio,0.0,0.9213424391744013,0.832,0.852,0.848,0.004
4,euclidean,intent_quantile_0.95,nearest_sphere,ratio,0.25,1.1450187417815494,0.832,0.852,0.848,0.004
4,euclidean,intent_quantile_0.95,nearest_sphere,ratio,0.5,1.3730279358444437,0.842,0.852,0.85,0.002
4,euclidean,intent_quantile_0.95,nearest_sphere,ratio,1.0,1.818049219888851,0.842,0.852,0.85,0.002
4,euclidean,intent_quantile_0.95,nearest_sphere,ratio,2.0,2.715593754530729,0.842,0.852,0.85,0.002
4,euclidean,intent_quantile_0.95,nearest_sphere,inverse_margin,0.0,0.9213424391744013,0.832,0.852,0.848,0.004
4,euclidean,intent_quantile_0.95,nearest_sphere,inverse_margin,0.25,3.219527520052353,0.842,0.852,0.85,0.002
4,euclidean,intent_quantile_0.95,nearest_sphere,inverse_margin,0.5,5.497167470037029,0.842,0.852,0.85,0.002
4,euclidean,intent_quantile_0.95,nearest_sphere,inverse_margin,1.0,10.052447370006382,0.842,0.852,0.85,0.002
4,euclidean,intent_quantile_0.95,nearest_sphere,inverse_margin,2.0,19.16300716994509,0.842,0.852,0.85,0.002
4,euclidean,intent_quantile_0.95,nearest_sphere,max_ratio,0.0,0.9213424391744013,0.832,0.852,0.848,0.004
4,euclidean,intent_quantile_0.95,nearest_sphere,max_ratio,0.25,0.9213424391744013,0.832,0.852,0.848,0.004
4,euclidean,intent_quantile_0.95,nearest_sphere,max_ratio,0.5,0.9213424391744013,0.832,0.852,0.848,0.004
4,euclidean,intent_quantile_0.95,nearest_sphere,max_ratio,1.0,0.931558046715325,0.842,0.852,0.85,0.002
4,euclidean,intent_quantile_0.95,nearest_sphere,max_ratio,2.0,1.8021870163893274,0.842,0.852,0.85,0.002
4,euclidean,intent_quantile_0.95,normalized_union,none,0.0,0.9117012843055075,0.812,0.852,0.844,0.008
4,euclidean,intent_quantile_0.95,normalized_union,none,0.25,0.9117012843055075,0.812,0.852,0.844,0.008
4,euclidean,intent_quantile_0.95,normalized_union,none,0.5,0.9117012843055075,0.812,0.852,0.844,0.008
4,euclidean,intent_quantile_0.95,normalized_union,none,1.0,0.9117012843055075,0.812,0.852,0.844,0.008
4,euclidean,intent_quantile_0.95,normalized_union,none,2.0,0.9117012843055075,0.812,0.852,0.844,0.008
4,euclidean,intent_quantile_0.95,normalized_union,ratio,0.0,0.9117012843055075,0.812,0.852,0.844,0.008
4,euclidean,intent_quantile_0.95,normalized_union,ratio,0.25,1.1432340663145748,0.822,0.852,0.846,0.006
4,euclidean,intent_quantile_0.95,normalized_union,ratio,0.5,1.3730279358444437,0.842,0.852,0.85,0.002
4,euclidean,intent_quantile_0.95,normalized_union,ratio,1.0,1.818049219888851,0.842,0.852,0.85,0.002
4,euclidean,intent_quantile_0.95,normalized_union,ratio,2.0,2.715593754530729,0.842,0.852,0.85,0.002
4,euclidean,intent_quantile_0.95,normalized_union,inverse_margin,0.0,0.9117012843055075,0.812,0.852,0.844,0.008
4,euclidean,intent_quantile_0.95,normalized_union,inverse_margin,0.25,3.219527520052353,0.842,0.852,0.85,0.002
4,euclidean,intent_quantile_0.95,normalized_union,inverse_margin,0.5,5.497167470037029,0.842,0.852,0.85,0.002
4,euclidean,intent_quantile_0.95,normalized_union,inverse_margin,1.0,10.052447370006382,0.842,0.852,0.85,0.002
4,euclidean,intent_quantile_0.95,normalized_union,inverse_margin,2.0,19.16300716994509,0.842,0.852,0.85,0.002
4,euclidean,intent_quantile_0.95,normalized_union,max_ratio,0.0,0.9117012843055075,0.812,0.852,0.844,0.008
4,euclidean,intent_quantile_0.95,normalized_union,max_ratio,0.25,0.9117012843055075,0.812,0.852,0.844,0.008
4,euclidean,intent_quantile_0.95,normalized_union,max_ratio,0.5,0.9117012843055075,0.812,0.852,0.844,0.008
4,euclidean,intent_quantile_0.95,normalized_union,max_ratio,1.0,0.931558046715325,0.842,0.852,0.85,0.002
4,euclidean,intent_quantile_0.95,normalized_union,max_ratio,2.0,1.8021870163893274,0.842,0.852,0.85,0.002
4,euclidean,center_quantile_0.99,nearest_sphere,none,0.0,0.9055779254785207,0.802,0.852,0.842,0.01
4,euclidean,center_quantile_0.99,nearest_sphere,none,0.25,0.9055779254785207,0.802,0.852,0.842,0.01
4,euclidean,center_quantile_0.99,nearest_sphere,none,0.5,0.9055779254785207,0.802,0.852,0.842,0.01
4,euclidean,center_quantile_0.99,nearest_sphere,none,1.0,0.9055779254785207,0.802,0.852,0.842,0.01
4,euclidean,center_quantile_0.99,nearest_sphere,none,2.0,0.9055779254785207,0.802,0.852,0.842,0.01
4,euclidean,center_quantile_0.99,nearest_sphere,ratio,0.0,0.9055779254785207,0.802,0.852,0.842,0.01
4,euclidean,center_quantile_0.99,nearest_sphere,ratio,0.25,1.1219358394010681,0.812,0.852,0.844,0.008
4,euclidean,center_quantile_0.99,nearest_sphere,ratio,0.5,1.3518844426617276,0.822,0.852,0.846,0.006
4,euclidean,center_quantile_0.99,nearest_sphere,ratio,1.0,1.8041532625557628,0.832,0.852,0.848,0.004
4,euclidean,center_quantile_0.99,nearest_sphere,ratio,2.0,2.6995938366906573,0.832,0.852,0.848,0.004
4,euclidean,center_quantile_0.99,nearest_sphere,inverse_margin,0.0,0.9055779254785207,0.802,0.852,0.842,0.01
4,euclidean,center_quantile_0.99,nearest_sphere,inverse_margin,0.25,3.275598044861378,0.842,0.852,0.85,0.002
4,euclidean,center_quantile_0.99,nearest_sphere,inverse_margin,0.5,5.517885563238615,0.842,0.852,0.85,0.002
4,euclidean,center_quantile_0.99,nearest_sphere,inverse_margin,1.0,10.064511636174545,0.842,0.852,0.85,0.002
4,euclidean,center_quantile_0.99,nearest_sphere,inverse_margin,2.0,19.175071436113253,0.842,0.852,0.85,0.002
4,euclidean,center_quantile_0.99,nearest_sphere,max_ratio,0.0,0.9055779254785207,0.802,0.852,0.842,0.01
4,euclidean,center_quantile_0.99,nearest_sphere,max_ratio,0.25,0.9055779254785207,0.802,0.852,0.842,0.01
4,euclidean,center_quantile_0.99,nearest_sphere,max_ratio,0.5,0.9055779254785207,0.802,0.852,0.842,0.01
4,euclidean,center_quantile_0.99,nearest_sphere,max_ratio,1.0,0.9390667882226202,0.842,0.852,0.85,0.002
4,euclidean,center_quantile_0.99,nearest_sphere,max_ratio,2.0,1.8021870163893274,0.842,0.852,0.85,0.002
4,euclidean,center_quantile_0.99,normalized_union,none,0.0,0.8767372688653304,0.782,0.852,0.838,0.014
4,euclidean,center_quantile_0.99,normalized_union,none,0.25,0.8767372688653304,0.782,0.852,0.838,0.014
4,euclidean,center_quantile_0.99,normalized_union,none,0.5,0.8767372688653304,0.782,0.852,0.838,0.014
4,euclidean,center_quantile_0.99,normalized_union,none,1.0,0.8767372688653304,0.782,0.852,0.838,0.014
4,euclidean,center_quantile_0.99,normalized_union,none,2.0,0.8767372688653304,0.782,0.852,0.838,0.014
4,euclidean,center_quantile_0.99,normalized_union,ratio,0.0,0.8767372688653304,0.782,0.852,0.838,0.014
4,euclidean,center_quantile_0.99,normalized_union,ratio,0.25,1.092115371693158,0.802,0.852,0.842,0.01
4,euclidean,center_quantile_0.99,normalized_union,ratio,0.5,1.3107869859707064,0.832,0.852,0.848,0.004
4,euclidean,center_quantile_0.99,normalized_union,ratio,1.0,1.7538425399199,0.832,0.852,0.848,0.004
4,euclidean,center_quantile_0.99,normalized_union,ratio,2.0,2.666661861000196,0.842,0.852,0.85,0.002
4,euclidean,center_quantile_0.99,normalized_union,inverse_margin,0.0,0.8767372688653304,0.782,0.852,0.838,0.014
4,euclidean,center_quantile_0.99,normalized_union,inverse_margin,0.25,3.1581543500322855,0.842,0.852,0.85,0.002
4,euclidean,center_quantile_0.99,normalized_union,inverse_margin,0.5,5.435794300016962,0.842,0.852,0.85,0.002
4,euclidean,center_quantile_0.99,normalized_union,inverse_margin,1.0,9.991074199986315,0.842,0.852,0.85,0.002
4,euclidean,center_quantile_0.99,normalized_union,inverse_margin,2.0,19.10163399992502,0.842,0.852,0.85,0.002
4,euclidean,center_quantile_0.99,normalized_union,max_ratio,0.0,0.8767372688653304,0.782,0.852,0.838,0.014
4,euclidean,center_quantile_0.99,normalized_union,max_ratio,0.25,0.8767372688653304,0.782,0.852,0.838,0.014
4,euclidean,center_quantile_0.99,normalized_union,max_ratio,0.5,0.8767372688653304,0.782,0.852,0.838,0.014
4,euclidean,center_quantile_0.99,normalized_union,max_ratio,1.0,0.9030086539410025,0.842,0.852,0.85,0.002
4,euclidean,center_quantile_0.99,normalized_union,max_ratio,2.0,1.8021870163893274,0.842,0.852,0.85,0.002
4,euclidean,intent_quantile_0.99,nearest_sphere,none,0.0,0.8697227143779956,0.832,0.852,0.848,0.004
4,euclidean,intent_quantile_0.99,nearest_sphere,none,0.25,0.8697227143779956,0.832,0.852,0.848,0.004
4,euclidean,intent_quantile_0.99,nearest_sphere,none,0.5,0.8697227143779956,0.832,0.852,0.848,0.004
4,euclidean,intent_quantile_0.99,nearest_sphere,none,1.0,0.8697227143779956,0.832,0.852,0.848,0.004
4,euclidean,intent_quantile_0.99,nearest_sphere,none,2.0,0.8697227143779956,0.832,0.852,0.848,0.004
4,euclidean,intent_quantile_0.99,nearest_sphere,ratio,0.0,0.8697227143779956,0.832,0.852,0.848,0.004
4,euclidean,intent_quantile_0.99,nearest_sphere,ratio,0.25,1.092826670778707,0.832,0.852,0.848,0.004
4,euclidean,intent_quantile_0.99,nearest_sphere,ratio,0.5,1.322931597298417,0.832,0.852,0.848,0.004
4,euclidean,intent_quantile_0.99,nearest_sphere,ratio,1.0,1.7731140520358657,0.842,0.852,0.85,0.002
4,euclidean,intent_quantile_0.99,nearest_sphere,ratio,2.0,2.6638374508879616,0.842,0.852,0.85,0.002
4,euclidean,intent_quantile_0.99,nearest_sphere,inverse_margin,0.0,0.8697227143779956,0.832,0.852,0.848,0.004
4,euclidean,intent_quantile_0.99,nearest_sphere,inverse_margin,0.25,3.177275208636705,0.842,0.852,0.85,0.002
4,euclidean,intent_quantile_0.99,nearest_sphere,inverse_margin,0.5,5.4549151586213815,0.842,0.852,0.85,0.002
4,euclidean,intent_quantile_0.99,nearest_sphere,inverse_margin,1.0,10.010195058590734,0.842,0.852,0.85,0.002
4,euclidean,intent_quantile_0.99,nearest_sphere,inverse_margin,2.0,19.12075485852944,0.842,0.852,0.85,0.002
4,euclidean,intent_quantile_0.99,nearest_sphere,max_ratio,0.0,0.8697227143779956,0.832,0.852,0.848,0.004
4,euclidean,intent_quantile_0.99,nearest_sphere,max_ratio,0.25,0.8697227143779956,0.832,0.852,0.848,0.004
4,euclidean,intent_quantile_0.99,nearest_sphere,max_ratio,0.5,0.8697227143779956,0.832,0.852,0.848,0.004
4,euclidean,intent_quantile_0.99,nearest_sphere,max_ratio,1.0,0.9068553098787716,0.842,0.852,0.85,0.002
4,euclidean,intent_quantile_0.99,nearest_sphere,max_ratio,2.0,1.8021870163893274,0.842,0.852,0.85,0.002
4,euclidean,intent_quantile_0.99,normalized_union,none,0.0,0.8643087508156431,0.812,0.852,0.844,0.008
4,euclidean,intent_quantile_0.99,normalized_union,none,0.25,0.8643087508156431,0.812,0.852,0.844,0.008
4,euclidean,intent_quantile_0.99,normalized_union,none,0.5,0.8643087508156431,0.812,0.852,0.844,0.008
4,euclidean,intent_quantile_0.99,normalized_union,none,1.0,0.8643087508156431,0.812,0.852,0.844,0.008
4,euclidean,intent_quantile_0.99,normalized_union,none,2.0,0.8643087508156431,0.812,0.852,0.844,0.008
4,euclidean,intent_quantile_0.99,normalized_union,ratio,0.0,0.8643087508156431,0.812,0.852,0.844,0.008
4,euclidean,intent_quantile_0.99,normalized_union,ratio,0.25,1.092826670778707,0.832,0.852,0.848,0.004
4,euclidean,intent_quantile_0.99,normalized_union,ratio,0.5,1.322931597298417,0.832,0.852,0.848,0.004
4,euclidean,intent_quantile_0.99,normalized_union,ratio,1.0,1.7731140520358657,0.842,0.852,0.85,0.002
4,euclidean,intent_quantile_0.99,normalized_union,ratio,2.0,2.6638374508879616,0.842,0.852,0.85,0.002
4,euclidean,intent_quantile_0.99,normalized_union,inverse_margin,0.0,0.8643087508156431,0.812,0.852,0.844,0.008
4,euclidean,intent_quantile_0.99,normalized_union,inverse_margin,0.25,3.177275208636705,0.842,0.852,0.85,0.002
4,euclidean,intent_quantile_0.99,normalized_union,inverse_margin,0.5,5.4549151586213815,0.842,0.852,0.85,0.002
4,euclidean,intent_quantile_0.99,normalized_union,inverse_margin,1.0,10.010195058590734,0.842,0.852,0.85,0.002
4,euclidean,intent_quantile_0.99,normalized_union,inverse_margin,2.0,19.12075485852944,0.842,0.852,0.85,0.002
4,euclidean,intent_quantile_0.99,normalized_union,max_ratio,0.0,0.8643087508156431,0.812,0.852,0.844,0.008
4,euclidean,intent_quantile_0.99,normalized_union,max_ratio,0.25,0.8643087508156431,0.812,0.852,0.844,0.008
4,euclidean,intent_quantile_0.99,normalized_union,max_ratio,0.5,0.8643087508156431,0.812,0.852,0.844,0.008
4,euclidean,intent_quantile_0.99,normalized_union,max_ratio,1.0,0.9068553098787716,0.842,0.852,0.85,0.002
4,euclidean,intent_quantile_0.99,normalized_union,max_ratio,2.0,1.8021870163893274,0.842,0.852,0.85,0.002
4,mahalanobis_diag,mean_std_0.0,nearest_sphere,none,0.0,1.0054130934794654,0.732,0.852,0.828,0.024
4,mahalanobis_diag,mean_std_0.0,nearest_sphere,none,0.25,1.0054130934794654,0.732,0.852,0.828,0.024
4,mahalanobis_diag,mean_std_0.0,nearest_sphere,none,0.5,1.0054130934794654,0.732,0.852,0.828,0.024
4,mahalanobis_diag,mean_std_0.0,nearest_sphere,none,1.0,1.0054130934794654,0.732,0.852,0.828,0.024
4,mahalanobis_diag,mean_std_0.0,nearest_sphere,none,2.0,1.0054130934794654,0.732,0.852,0.828,0.024
4,mahalanobis_diag,mean_std_0.0,nearest_sphere,ratio,0.0,1.0054130934794654,0.732,0.852,0.828,0.024
4,mahalanobis_diag,mean_std_0.0,nearest_sphere,ratio,0.25,1.238277248197881,0.732,0.852,0.828,0.024
4,mahalanobis_diag,mean_std_0.0,nearest_sphere,ratio,0.5,1.4742304336902154,0.752,0.852,0.832,0.02
4,mahalanobis_diag,mean_std_0.0,nearest_sphere,ratio,1.0,1.9432949822088057,0.772,0.852,0.836,0.016
4,mahalanobis_diag,mean_std_0.0,nearest_sphere,ratio,2.0,2.893504048514284,0.782,0.852,0.838,0.014
4,mahalanobis_diag,mean_std_0.0,nearest_sphere,inverse_margin,0.0,1.0054130934794654,0.732,0.852,0.828,0.024
4,mahalanobis_diag,mean_std_0.0,nearest_sphere,inverse_margin,0.25,5.865841531500974,0.832,0.852,0.848,0.004
4,mahalanobis_diag,mean_std_0.0,nearest_sphere,inverse_margin,0.5,10.750785911372716,0.832,0.852,0.848,0.004
4,mahalanobis_diag,mean_std_0.0,nearest_sphere,inverse_margin,1.0,20.50295630859775,0.832,0.852,0.848,0.004
4,mahalanobis_diag,mean_std_0.0,nearest_sphere,inverse_margin,2.0,40.00729710304781,0.832,0.852,0.848,0.004
4,mahalanobis_diag,mean_std_0.0,nearest_sphere,max_ratio,0.0,1.0054130934794654,0.732,0.852,0.828,0.024
4,mahalanobis_diag,mean_std_0.0,nearest_sphere,max_ratio,0.25,1.0054130934794654,0.732,0.852,0.828,0.024
4,mahalanobis_diag,mean_std_0.0,nearest_sphere,max_ratio,0.5,1.0054130934794654,0.732,0.852,0.828,0.024
4,mahalanobis_diag,mean_std_0.0,nearest_sphere,max_ratio,1.0,1.0054130934794654,0.732,0.852,0.828,0.024
4,mahalanobis_diag,mean_std_0.0,nearest_sphere,max_ratio,2.0,1.9024596781701295,0.832,0.852,0.848,0.004
4,mahalanobis_diag,mean_std_0.0,normalized_union,none,0.0,1.0053736480748172,0.732,0.852,0.828,0.024
4,mahalanobis_diag,mean_std_0.0,normalized_union,none,0.25,1.0053736480748172,0.732,0.852,0.828,0.024
4,mahalanobis_diag,mean_std_0.0,normalized_union,none,0.5,1.0053736480748172,0.732,0.852,0.828,0.024
4,mahalanobis_diag,mean_std_0.0,normalized_union,none,1.0,1.0053736480748172,0.732,0.852,0.828,0.024
4,mahalanobis_diag,mean_std_0.0,normalized_union,none,2.0,1.0053736480748172,0.732,0.852,0.828,0.024
4,mahalanobis_diag,mean_std_0.0,normalized_union,ratio,0.0,1.0053736480748172,0.732,0.852,0.828,0.024
4,mahalanobis_diag,mean_std_0.0,normalized_union,ratio,0.25,1.2371726737071378,0.742,0.852,0.83,0.022
4,mahalanobis_diag,mean_std_0.0,normalized_union,ratio,0.5,1.4742304336902154,0.752,0.852,0.832,0.02
4,mahalanobis_diag,mean_std_0.0,normalized_union,ratio,1.0,1.9432949822088057,0.772,0.852,0.836,0.016
4,mahalanobis_diag,mean_std_0.0,normalized_union,ratio,2.0,2.893504048514284,0.782,0.852,0.838,0.014
4,mahalanobis_diag,mean_std_0.0,normalized_union,inverse_margin,0.0,1.0053736480748172,0.732,0.852,0.828,0.024
4,mahalanobis_diag,mean_std_0.0,normalized_union,inverse_margin,0.25,5.865841531500974,0.832,0.852,0.848,0.004
4,mahalanobis_diag,mean_std_0.0,normalized_union,inverse_margin,0.5,10.750785911372716,0.832,0.852,0.848,0.004
4,mahalanobis_diag,mean_std_0.0,normalized_union,inverse_margin,1.0,20.50295630859775,0.832,0.852,0.848,0.004
4,mahalanobis_diag,mean_std_0.0,normalized_union,inverse_margin,2.0,40.00729710304781,0.832,0.852,0.848,0.004
4,mahalanobis_diag,mean_std_0.0,normalized_union,max_ratio,0.0,1.0053736480748172,0.732,0.852,0.828,0.024
4,mahalanobis_diag,mean_std_0.0,normalized_union,max_ratio,0.25,1.0053736480748172,0.732,0.852,0.828,0.024
4,mahalanobis_diag,mean_std_0.0,normalized_union,max_ratio,0.5,1.0053736480748172,0.732,0.852,0.828,0.024
4,mahalanobis_diag,mean_std_0.0,normalized_union,max_ratio,1.0,1.0053736480748172,0.732,0.852,0.828,0.024
4,mahalanobis_diag,mean_std_0.0,normalized_union,max_ratio,2.0,1.9024596781701295,0.832,0.852,0.848,0.004
4,mahalanobis_diag,mean_std_0.25,nearest_sphere,none,0.0,0.9889066517697483,0.732,0.852,0.828,0.024
4,mahalanobis_diag,mean_std_0.25,nearest_sphere,none,0.25,0.9889066517697483,0.732,0.852,0.828,0.024
4,mahalanobis_diag,mean_std_0.25,nearest_sphere,none,0.5,0.9889066517697483,0.732,0.852,0.828,0.024
4,mahalanobis_diag,mean_std_0.25,nearest_sphere,none,1.0,0.9889066517697483,0.732,0.852,0.828,0.024
4,mahalanobis_diag,mean_std_0.25,nearest_sphere,none,2.0,0.9889066517697483,0.732,0.852,0.828,0.024
4,mahalanobis_diag,mean_std_0.25,nearest_sphere,ratio,0.0,0.9889066517697483,0.732,0.852,0.828,0.024
4,mahalanobis_diag,mean_std_0.25,nearest_sphere,ratio,0.25,1.2228243719145238,0.742,0.852,0.83,0.022
4,mahalanobis_diag,mean_std_0.25,nearest_sphere,ratio,0.5,1.4573207073562946,0.752,0.852,0.832,0.02
4,mahalanobis_diag,mean_std_0.25,nearest_sphere,ratio,1.0,1.9283901135373789,0.772,0.852,0.836,0.016
4,mahalanobis_diag,mean_std_0.25,nearest_sphere,ratio,2.0,2.8773244309307233,0.782,0.852,0.838,0.014
4,mahalanobis_diag,mean_std_0.25,nearest_sphere,inverse_margin,0.0,0.9889066517697483,0.732,0.852,0.828,0.024
4,mahalanobis_diag,mean_std_0.25,nearest_sphere,inverse_margin,0.25,5.849867742328327,0.832,0.852,0.848,0.004
4,mahalanobis_diag,mean_std_0.25,nearest_sphere,inverse_margin,0.5,10.735376671249863,0.832,0.852,0.848,0.004
4,mahalanobis_diag,mean_std_0.25,nearest_sphere,inverse_margin,1.0,20.487547068474896,0.832,0.852,0.848,0.004
4,mahalanobis_diag,mean_std_0.25,nearest_sphere,inverse_margin,2.0,39.99188786292496,0.832,0.852,0.848,0.004
4,mahalanobis_diag,mean_std_0.25,nearest_sphere,max_ratio,0.0,0.9889066517697483,0.732,0.852,0.828,0.024
4,mahalanobis_diag,mean_std_0.25,nearest_sphere,max_ratio,0.25,0.9889066517697483,0.732,0.852,0.828,0.024
4,mahalanobis_diag,mean_std_0.25,nearest_sphere,max_ratio,0.5,0.9889066517697483,0.732,0.852,0.828,0.024
4,mahalanobis_diag,mean_std_0.25,nearest_sphere,max_ratio,1.0,0.9916346654880822,0.762,0.852,0.834,0.018
4,mahalanobis_diag,mean_std_0.25,nearest_sphere,max_ratio,2.0,1.9024596781701295,0.832,0.852,0.848,0.004
4,mahalanobis_diag,mean_std_0.25,normalized_union,none,0.0,0.9889066517697483,0.742,0.852,0.83,0.022
4,mahalanobis_diag,mean_std_0.25,normalized_union,none,0.25,0.9889066517697483,0.742,0.852,0.83,0.022
4,mahalanobis_diag,mean_std_0.25,normalized_union,none,0.5,0.9889066517697483,0.742,0.852,0.83,0.022
4,mahalanobis_diag,mean_std_0.25,normalized_union,none,1.0,0.9889066517697483,0.742,0.852,0.83,0.022
4,mahalanobis_diag,mean_std_0.25,normalized_union,none,2.0,0.9889066517697483,0.742,0.852,0.83,0.022
4,mahalanobis_diag,mean_std_0.25,normalized_union,ratio,0.0,0.9889066517697483,0.742,0.852,0.83,0.022
4,mahalanobis_diag,mean_std_0.25,normalized_union,ratio,0.25,1.2228243719145238,0.752,0.852,0.832,0.02
4,mahalanobis_diag,mean_std_0.25,normalized_union,ratio,0.5,1.4573207073562946,0.762,0.852,0.834,0.018
4,mahalanobis_diag,mean_std_0.25,normalized_union,ratio,1.0,1.9283901135373789,0.782,0.852,0.838,0.014
4,mahalanobis_diag,mean_std_0.25,normalized_union,ratio,2.0,2.8773244309307233,0.792,0.852,0.84,0.012
4,mahalanobis_diag,mean_std_0.25,normalized_union,inverse_margin,0.0,0.9889066517697483,0.742,0.852,0.83,0.022
4,mahalanobis_diag,mean_std_0.25,normalized_union,inverse_margin,0.25,5.849867742328327,0.832,0.852,0.848,0.004
4,mahalanobis_diag,mean_std_0.25,normalized_union,inverse_margin,0.5,10.735376671249863,0.832,0.852,0.848,0.004
4,mahalanobis_diag,mean_std_0.25,normalized_union,inverse_margin,1.0,20.487547068474896,0.832,0.852,0.848,0.004
4,mahalanobis_diag,mean_std_0.25,normalized_union,inverse_margin,2.0,39.99188786292496,0.832,0.852,0.848,0.004
4,mahalanobis_diag,mean_std_0.25,normalized_union,max_ratio,0.0,0.9889066517697483,0.742,0.852,0.83,0.022
4,mahalanobis_diag,mean_std_0.25,normalized_union,max_ratio,0.25,0.9889066517697483,0.742,0.852,0.83,0.022
4,mahalanobis_diag,mean_std_0.25,normalized_union,max_ratio,0.5,0.9889066517697483,0.742,0.852,0.83,0.022
4,mahalanobis_diag,mean_std_0.25,normalized_union,max_ratio,1.0,0.9916346654880822,0.762,0.852,0.834,0.018
4,mahalanobis_diag,mean_std_0.25,normalized_union,max_ratio,2.0,1.9024596781701295,0.832,0.852,0.848,0.004
4,mahalanobis_diag,mean_std_0.5,nearest_sphere,none,0.0,0.9722304797466687,0.732,0.852,0.828,0.024
4,mahalanobis_diag,mean_std_0.5,nearest_sphere,none,0.25,0.9722304797466687,0.732,0.852,0.828,0.024
4,mahalanobis_diag,mean_std_0.5,nearest_sphere,none,0.5,0.9722304797466687,0.732,0.852,0.828,0.024
4,mahalanobis_diag,mean_std_0.5,nearest_sphere,none,1.0,0.9722304797466687,0.732,0.852,0.828,0.024
4,mahalanobis_diag,mean_std_0.5,nearest_sphere,none,2.0,0.9722304797466687,0.732,0.852,0.828,0.024
4,mahalanobis_diag,mean_std_0.5,nearest_sphere,ratio,0.0,0.9722304797466687,0.732,0.852,0.828,0.024
4,mahalanobis_diag,mean_std_0.5,nearest_sphere,ratio,0.25,1.2089336952729155,0.752,0.852,0.832,0.02
4,mahalanobis_diag,mean_std_0.5,nearest_sphere,ratio,0.5,1.4438802747160846,0.752,0.852,0.832,0.02
4,mahalanobis_diag,mean_std_0.5,nearest_sphere,ratio,1.0,1.9139719509523143,0.772,0.852,0.836,0.016
4,mahalanobis_diag,mean_std_0.5,nearest_sphere,ratio,2.0,2.862174541709292,0.782,0.852,0.838,0.014
4,mahalanobis_diag,mean_std_0.5,nearest_sphere,inverse_margin,0.0,0.9722304797466687,0.732,0.852,0.828,0.024
4,mahalanobis_diag,mean_std_0.5,nearest_sphere,inverse_margin,0.25,5.838819888870737,0.832,0.852,0.848,0.004
4,mahalanobis_diag,mean_std_0.5,nearest_sphere,inverse_margin,0.5,10.720435752398584,0.832,0.852,0.848,0.004
4,mahalanobis_diag,mean_std_0.5,nearest_sphere,inverse_margin,1.0,20.47260614962362,0.832,0.852,0.848,0.004
4,mahalanobis_diag,mean_std_0.5,nearest_sphere,inverse_margin,2.0,39.97694694407368,0.832,0.852,0.848,0.004
4,mahalanobis_diag,mean_std_0.5,nearest_sphere,max_ratio,0.0,0.9722304797466687,0.732,0.852,0.828,0.024
4,mahalanobis_diag,mean_std_0.5,nearest_sphere,max_ratio,0.25,0.9722304797466687,0.732,0.852,0.828,0.024
4,mahalanobis_diag,mean_std_0.5,nearest_sphere,max_ratio,0.5,0.9722304797466687,0.732,0.852,0.828,0.024
4,mahalanobis_diag,mean_std_0.5,nearest_sphere,max_ratio,1.0,0.9796333527130574,0.782,0.852,0.838,0.014
4,mahalanobis_diag,mean_std_0.5,nearest_sphere,max_ratio,2.0,1.9024596781701295,0.832,0.852,0.848,0.004
4,mahalanobis_diag,mean_std_0.5,normalized_union,none,0.0,0.9722304797466687,0.742,0.852,0.83,0.022
4,mahalanobis_diag,mean_std_0.5,normalized_union,none,0.25,0.9722304797466687,0.742,0.852,0.83,0.022
4,mahalanobis_diag,mean_std_0.5,normalized_union,none,0.5,0.9722304797466687,0.742,0.852,0.83,0.022
4,mahalanobis_diag,mean_std_0.5,normalized_union,none,1.0,0.9722304797466687,0.742,0.852,0.83,0.022
4,mahalanobis_diag,mean_std_0.5,normalized_union,none,2.0,0.9722304797466687,0.742,0.852,0.83,0.022
4,mahalanobis_diag,mean_std_0.5,normalized_union,ratio,0.0,0.9722304797466687,0.742,0.852,0.83,0.022
4,mahalanobis_diag,mean_std_0.5,normalized_union,ratio,0.25,1.2089336952729155,0.762,0.852,0.834,0.018
4,mahalanobis_diag,mean_std_0.5,normalized_union,ratio,0.5,1.4438802747160846,0.762,0.852,0.834,0.018
4,mahalanobis_diag,mean_std_0.5,normalized_union,ratio,1.0,1.9139719509523143,0.782,0.852,0.838,0.014
4,mahalanobis_diag,mean_std_0.5,normalized_union,ratio,2.0,2.862174541709292,0.792,0.852,0.84,0.012
4,mahalanobis_diag,mean_std_0.5,normalized_union,inverse_margin,0.0,0.9722304797466687,0.742,0.852,0.83,0.022
4,mahalanobis_diag,mean_std_0.5,normalized_union,inverse_margin,0.25,5.8338048203751995,0.832,0.852,0.848,0.004
4,mahalanobis_diag,mean_std_0.5,normalized_union,inverse_margin,0.5,10.720435752398584,0.832,0.852,0.848,0.004
4,mahalanobis_diag,mean_std_0.5,normalized_union,inverse_margin,1.0,20.47260614962362,0.832,0.852,0.848,0.004
4,mahalanobis_diag,mean_std_0.5,normalized_union,inverse_margin,2.0,39.97694694407368,0.832,0.852,0.848,0.004
4,mahalanobis_diag,mean_std_0.5,normalized_union,max_ratio,0.0,0.9722304797466687,0.742,0.852,0.83,0.022
4,mahalanobis_diag,mean_std_0.5,normalized_union,max_ratio,0.25,0.9722304797466687,0.742,0.852,0.83,0.022
4,mahalanobis_diag,mean_std_0.5,normalized_union,max_ratio,0.5,0.9722304797466687,0.742,0.852,0.83,0.022
4,mahalanobis_diag,mean_std_0.5,normalized_union,max_ratio,1.0,0.9796333527130574,0.782,0.852,0.838,0.014
4,mahalanobis_diag,mean_std_0.5,normalized_union,max_ratio,2.0,1.9024596781701295,0.832,0.852,0.848,0.004
4,mahalanobis_diag,mean_std_0.75,nearest_sphere,none,0.0,0.9593141159279128,0.732,0.852,0.828,0.024
4,mahalanobis_diag,mean_std_0.75,nearest_sphere,none,0.25,0.9593141159279128,0.732,0.852,0.828,0.024
4,mahalanobis_diag,mean_std_0.75,nearest_sphere,none,0.5,0.9593141159279128,0.732,0.852,0.828,0.024
4,mahalanobis_diag,mean_std_0.75,nearest_sphere,none,1.0,0.9593141159279128,0.732,0.852,0.828,0.024
4,mahalanobis_diag,mean_std_0.75,nearest_sphere,none,2.0,0.9593141159279128,0.732,0.852,0.828,0.024
4,mahalanobis_diag,mean_std_0.75,nearest_sphere,ratio,0.0,0.9593141159279128,0.732,0.852,0.828,0.024
4,mahalanobis_diag,mean_std_0.75,nearest_sphere,ratio,0.25,1.1960028622142473,0.752,0.852,0.832,0.02
4,mahalanobis_diag,mean_std_0.75,nearest_sphere,ratio,0.5,1.4297958068616607,0.752,0.852,0.832,0.02
4,mahalanobis_diag,mean_std_0.75,nearest_sphere,ratio,1.0,1.9004583949972609,0.772,0.852,0.836,0.016
4,mahalanobis_diag,mean_std_0.75,nearest_sphere,ratio,2.0,2.8484762720462116,0.792,0.852,0.84,0.012
4,mahalanobis_diag,mean_std_0.75,nearest_sphere,inverse_margin,0.0,0.9593141159279128,0.732,0.852,0.828,0.024
4,mahalanobis_diag,mean_std_0.75,nearest_sphere,inverse_margin,0.25,5.828047164747863,0.832,0.852,0.848,0.004
4,mahalanobis_diag,mean_std_0.75,nearest_sphere,inverse_margin,0.5,10.705942124403231,0.832,0.852,0.848,0.004
4,mahalanobis_diag,mean_std_0.75,nearest_sphere,inverse_margin,1.0,20.458112521628266,0.832,0.852,0.848,0.004
4,mahalanobis_diag,mean_std_0.75,nearest_sphere,inverse_margin,2.0,39.96245331607833,0.832,0.852,0.848,0.004
4,mahalanobis_diag,mean_std_0.75,nearest_sphere,max_ratio,0.0,0.9593141159279128,0.732,0.852,0.828,0.024
4,mahalanobis_diag,mean_std_0.75,nearest_sphere,max_ratio,0.25,0.9593141159279128,0.732,0.852,0.828,0.024
4,mahalanobis_diag,mean_std_0.75,nearest_sphere,max_ratio,0.5,0.9593141159279128,0.732,0.852,0.828,0.024
4,mahalanobis_diag,mean_std_0.75,nearest_sphere,max_ratio,1.0,0.970713540106825,0.802,0.852,0.842,0.01
4,mahalanobis_diag,mean_std_0.75,nearest_sphere,max_ratio,2.0,1.9024596781701295,0.832,0.852,0.848,0.004
4,mahalanobis_diag,mean_std_0.75,normalized_union,none,0.0,0.9593141159279128,0.742,0.852,0.83,0.022
4,mahalanobis_diag,mean_std_0.75,normalized_union,none,0.25,0.9593141159279128,0.742,0.852,0.83,0.022
4,mahalanobis_diag,mean_std_0.75,normalized_union,none,0.5,0.9593141159279128,0.742,0.852,0.83,0.022
4,mahalanobis_diag,mean_std_0.75,normalized_union,none,1.0,0.9593141159279128,0.742,0.852,0.83,0.022
4,mahalanobis_diag,mean_std_0.75,normalized_union,none,2.0,0.9593141159279128,0.742,0.852,0.83,0.022
4,mahalanobis_diag,mean_std_0.75,normalized_union,ratio,0.0,0.9593141159279128,0.742,0.852,0.83,0.022
4,mahalanobis_diag,mean_std_0.75,normalized_union,ratio,0.25,1.1960028622142473,0.762,0.852,0.834,0.018
4,mahalanobis_diag,mean_std_0.75,normalized_union,ratio,0.5,1.4293866467207315,0.772,0.852,0.836,0.016
4,mahalanobis_diag,mean_std_0.75,normalized_union,ratio,1.0,1.9004583949972609,0.782,0.852,0.838,0.014
4,mahalanobis_diag,mean_std_0.75,normalized_union,ratio,2.0,2.848436543163169,0.802,0.852,0.842,0.01
4,mahalanobis_diag,mean_std_0.75,normalized_union,inverse_margin,0.0,0.9593141159279128,0.742,0.852,0.83,0.022
4,mahalanobis_diag,mean_std_0.75,normalized_union,inverse_margin,0.25,5.8113581870562125,0.832,0.852,0.848,0.004
4,mahalanobis_diag,mean_std_0.75,normalized_union,inverse_margin,0.5,10.705942124403231,0.832,0.852,0.848,0.004
4,mahalanobis_diag,mean_std_0.75,normalized_union,inverse_margin,1.0,20.458112521628266,0.832,0.852,0.848,0.004
4,mahalanobis_diag,mean_std_0.75,normalized_union,inverse_margin,2.0,39.96245331607833,0.832,0.852,0.848,0.004
4,mahalanobis_diag,mean_std_0.75,normalized_union,max_ratio,0.0,0.9593141159279128,0.742,0.852,0.83,0.022
4,mahalanobis_diag,mean_std_0.75,normalized_union,max_ratio,0.25,0.9593141159279128,0.742,0.852,0.83,0.022
4,mahalanobis_diag,mean_std_0.75,normalized_union,max_ratio,0.5,0.9593141159279128,0.742,0.852,0.83,0.022
4,mahalanobis_diag,mean_std_0.75,normalized_union,max_ratio,1.0,0.970713540106825,0.802,0.852,0.842,0.01
4,mahalanobis_diag,mean_std_0.75,normalized_union,max_ratio,2.0,1.9024596781701295,0.832,0.852,0.848,0.004
4,mahalanobis_diag,mean_std_1.0,nearest_sphere,none,0.0,0.9463526102440588,0.732,0.852,0.828,0.024
4,mahalanobis_diag,mean_std_1.0,nearest_sphere,none,0.25,0.9463526102440588,0.732,0.852,0.828,0.024
4,mahalanobis_diag,mean_std_1.0,nearest_sphere,none,0.5,0.9463526102440588,0.732,0.852,0.828,0.024
4,mahalanobis_diag,mean_std_1.0,nearest_sphere,none,1.0,0.9463526102440588,0.732,0.852,0.828,0.024
4,mahalanobis_diag,mean_std_1.0,nearest_sphere,none,2.0,0.9463526102440588,0.732,0.852,0.828,0.024
4,mahalanobis_diag,mean_std_1.0,nearest_sphere,ratio,0.0,0.9463526102440588,0.732,0.852,0.828,0.024
4,mahalanobis_diag,mean_std_1.0,nearest_sphere,ratio,0.25,1.1830637612791495,0.752,0.852,0.832,0.02
4,mahalanobis_diag,mean_std_1.0,nearest_sphere,ratio,0.5,1.4174001246496017,0.762,0.852,0.834,0.018
4,mahalanobis_diag,mean_std_1.0,nearest_sphere,ratio,1.0,1.8875648947491999,0.772,0.852,0.836,0.016
4,mahalanobis_diag,mean_std_1.0,nearest_sphere,ratio,2.0,2.8350781038546953,0.802,0.852,0.842,0.01
4,mahalanobis_diag,mean_std_1.0,nearest_sphere,inverse_margin,0.0,0.9463526102440588,0.732,0.852,0.828,0.024
4,mahalanobis_diag,mean_std_1.0,nearest_sphere,inverse_margin,0.25,5.815790798853231,0.832,0.852,0.848,0.004
4,mahalanobis_diag,mean_std_1.0,nearest_sphere,inverse_margin,0.5,10.691875997465749,0.832,0.852,0.848,0.004
4,mahalanobis_diag,mean_std_1.0,nearest_sphere,inverse_margin,1.0,20.44404639469078,0.832,0.852,0.848,0.004
4,mahalanobis_diag,mean_std_1.0,nearest_sphere,inverse_margin,2.0,39.948387189140846,0.832,0.852,0.848,0.004
4,mahalanobis_diag,mean_std_1.0,nearest_sphere,max_ratio,0.0,0.9463526102440588,0.732,0.852,0.828,0.024
4,mahalanobis_diag,mean_std_1.0,nearest_sphere,max_ratio,0.25,0.9463526102440588,0.732,0.852,0.828,0.024
4,mahalanobis_diag,mean_std_1.0,nearest_sphere,max_ratio,0.5,0.9463526102440588,0.732,0.852,0.828,0.024
4,mahalanobis_diag,mean_std_1.0,nearest_sphere,max_ratio,1.0,0.9647171641821911,0.832,0.852,0.848,0.004
4,mahalanobis_diag,mean_std_1.0,nearest_sphere,max_ratio,2.0,1.9024596781701295,0.832,0.852,0.848,0.004
4,mahalanobis_diag,mean_std_1.0,normalized_union,none,0.0,0.946100641254004,0.742,0.852,0.83,0.022
4,mahalanobis_diag,mean_std_1.0,normalized_union,none,0.25,0.946100641254004,0.742,0.852,0.83,0.022
4,mahalanobis_diag,mean_std_1.0,normalized_union,none,0.5,0.946100641254004,0.742,0.852,0.83,0.022
4,mahalanobis_diag,mean_std_1.0,normalized_union,none,1.0,0.946100641254004,0.742,0.852,0.83,0.022
4,mahalanobis_diag,mean_std_1.0,normalized_union,none,2.0,0.946100641254004,0.742,0.852,0.83,0.022
4,mahalanobis_diag,mean_std_1.0,normalized_union,ratio,0.0,0.946100641254004,0.742,0.852,0.83,0.022
4,mahalanobis_diag,mean_std_1.0,normalized_union,ratio,0.25,1.1830637612791495,0.762,0.852,0.834,0.018
4,mahalanobis_diag,mean_std_1.0,normalized_union,ratio,0.5,1.4153205197832477,0.772,0.852,0.836,0.016
4,mahalanobis_diag,mean_std_1.0,normalized_union,ratio,1.0,1.8875648947491999,0.782,0.852,0.838,0.014
4,mahalanobis_diag,mean_std_1.0,normalized_union,ratio,2.0,2.8341350008078523,0.812,0.852,0.844,0.008
4,mahalanobis_diag,mean_std_1.0,normalized_union,inverse_margin,0.0,0.946100641254004,0.742,0.852,0.83,0.022
4,mahalanobis_diag,mean_std_1.0,normalized_union,inverse_margin,0.25,5.78642825821714,0.832,0.852,0.848,0.004
4,mahalanobis_diag,mean_std_1.0,normalized_union,inverse_margin,0.5,10.691875997465749,0.832,0.852,0.848,0.004
4,mahalanobis_diag,mean_std_1.0,normalized_union,inverse_margin,1.0,20.44404639469078,0.832,0.852,0.848,0.004
4,mahalanobis_diag,mean_std_1.0,normalized_union,inverse_margin,2.0,39.948387189140846,0.832,0.852,0.848,0.004
4,mahalanobis_diag,mean_std_1.0,normalized_union,max_ratio,0.0,0.946100641254004,0.742,0.852,0.83,0.022
4,mahalanobis_diag,mean_std_1.0,normalized_union,max_ratio,0.25,0.946100641254004,0.742,0.852,0.83,0.022
4,mahalanobis_diag,mean_std_1.0,normalized_union,max_ratio,0.5,0.946100641254004,0.742,0.852,0.83,0.022
4,mahalanobis_diag,mean_std_1.0,normalized_union,max_ratio,1.0,0.9647171641821911,0.832,0.852,0.848,0.004
4,mahalanobis_diag,mean_std_1.0,normalized_union,max_ratio,2.0,1.9024596781701295,0.832,0.852,0.848,0.004
4,mahalanobis_diag,mean_std_1.5,nearest_sphere,none,0.0,0.9207310608545165,0.732,0.852,0.828,0.024
4,mahalanobis_diag,mean_std_1.5,nearest_sphere,none,0.25,0.9207310608545165,0.732,0.852,0.828,0.024
4,mahalanobis_diag,mean_std_1.5,nearest_sphere,none,0.5,0.9207310608545165,0.732,0.852,0.828,0.024
4,mahalanobis_diag,mean_std_1.5,nearest_sphere,none,1.0,0.9207310608545165,0.732,0.852,0.828,0.024
4,mahalanobis_diag,mean_std_1.5,nearest_sphere,none,2.0,0.9207310608545165,0.732,0.852,0.828,0.024
4,mahalanobis_diag,mean_std_1.5,nearest_sphere,ratio,0.0,0.9207310608545165,0.732,0.852,0.828,0.024
4,mahalanobis_diag,mean_std_1.5,nearest_sphere,ratio,0.25,1.1556489652562814,0.752,0.852,0.832,0.02
4,mahalanobis_diag,mean_std_1.5,nearest_sphere,ratio,0.5,1.3905579596420201,0.762,0.852,0.834,0.018
4,mahalanobis_diag,mean_std_1.5,nearest_sphere,ratio,1.0,1.8622791418321722,0.772,0.852,0.836,0.016
4,mahalanobis_diag,mean_std_1.5,nearest_sphere,ratio,2.0,2.8097540739549762,0.812,0.852,0.844,0.008
4,mahalanobis_diag,mean_std_1.5,nearest_sphere,inverse_margin,0.0,0.9207310608545165,0.732,0.852,0.828,0.024
4,mahalanobis_diag,mean_std_1.5,nearest_sphere,inverse_margin,0.25,5.788867558878844,0.832,0.852,0.848,0.004
4,mahalanobis_diag,mean_std_1.5,nearest_sphere,inverse_margin,0.5,10.664952757491362,0.832,0.852,0.848,0.004
4,mahalanobis_diag,mean_std_1.5,nearest_sphere,inverse_margin,1.0,20.417123154716393,0.832,0.852,0.848,0.004
4,mahalanobis_diag,mean_std_1.5,nearest_sphere,inverse_margin,2.0,39.92146394916646,0.832,0.852,0.848,0.004
4,mahalanobis_diag,mean_std_1.5,nearest_sphere,max_ratio,0.0,0.9207310608545165,0.732,0.852,0.828,0.024
4,mahalanobis_diag,mean_std_1.5,nearest_sphere,max_ratio,0.25,0.9207310608545165,0.732,0.852,0.828,0.024
4,mahalanobis_diag,mean_std_1.5,nearest_sphere,max_ratio,0.5,0.9207310608545165,0.732,0.852,0.828,0.024
4,mahalanobis_diag,mean_std_1.5,nearest_sphere,max_ratio,1.0,0.9578074431725476,0.832,0.852,0.848,0.004
4,mahalanobis_diag,mean_std_1.5,nearest_sphere,max_ratio,2.0,1.9024596781701295,0.832,0.852,0.848,0.004
4,mahalanobis_diag,mean_std_1.5,normalized_union,none,0.0,0.9185184140288458,0.742,0.852,0.83,0.022
4,mahalanobis_diag,mean_std_1.5,normalized_union,none,0.25,0.9185184140288458,0.742,0.852,0.83,0.022
4,mahalanobis_diag,mean_std_1.5,normalized_union,none,0.5,0.9185184140288458,0.742,0.852,0.83,0.022
4,mahalanobis_diag,mean_std_1.5,normalized_union,none,1.0,0.9185184140288458,0.742,0.852,0.83,0.022
4,mahalanobis_diag,mean_std_1.5,normalized_union,none,2.0,0.9185184140288458,0.742,0.852,0.83,0.022
4,mahalanobis_diag,mean_std_1.5,normalized_union,ratio,0.0,0.9185184140288458,0.742,0.852,0.83,0.022
4,mahalanobis_diag,mean_std_1.5,normalized_union,ratio,0.25,1.1534431921912216,0.762,0.852,0.834,0.018
4,mahalanobis_diag,mean_std_1.5,normalized_union,ratio,0.5,1.3900725425487708,0.772,0.852,0.836,0.016
4,mahalanobis_diag,mean_std_1.5,normalized_union,ratio,1.0,1.859992893235143,0.782,0.852,0.838,0.014
4,mahalanobis_diag,mean_std_1.5,normalized_union,ratio,2.0,2.8077021658540366,0.812,0.852,0.844,0.008
4,mahalanobis_diag,mean_std_1.5,normalized_union,inverse_margin,0.0,0.9185184140288458,0.742,0.852,0.83,0.022
4,mahalanobis_diag,mean_std_1.5,normalized_union,inverse_margin,0.25,5.746070712916582,0.832,0.852,0.848,0.004
4,mahalanobis_diag,mean_std_1.5,normalized_union,inverse_margin,0.5,10.661027886543815,0.832,0.852,0.848,0.004
4,mahalanobis_diag,mean_std_1.5,normalized_union,inverse_margin,1.0,20.41319828376885,0.832,0.852,0.848,0.004
4,mahalanobis_diag,mean_std_1.5,normalized_union,inverse_margin,2.0,39.917539078218915,0.832,0.852,0.848,0.004
4,mahalanobis_diag,mean_std_1.5,normalized_union,max_ratio,0.0,0.9185184140288458,0.742,0.852,0.83,0.022
4,mahalanobis_diag,mean_std_1.5,normalized_union,max_ratio,0.25,0.9185184140288458,0.742,0.852,0.83,0.022
4,mahalanobis_diag,mean_std_1.5,normalized_union,max_ratio,0.5,0.9185184140288458,0.742,0.852,0.83,0.022
4,mahalanobis_diag,mean_std_1.5,normalized_union,max_ratio,1.0,0.9578074431725476,0.832,0.852,0.848,0.004
4,mahalanobis_diag,mean_std_1.5,normalized_union,max_ratio,2.0,1.9024596781701295,0.832,0.852,0.848,0.004
4,mahalanobis_diag,mean_std_2.0,nearest_sphere,none,0.0,0.8957680793666983,0.732,0.852,0.828,0.024
4,mahalanobis_diag,mean_std_2.0,nearest_sphere,none,0.25,0.8957680793666983,0.732,0.852,0.828,0.024
4,mahalanobis_diag,mean_std_2.0,nearest_sphere,none,0.5,0.8957680793666983,0.732,0.852,0.828,0.024
4,mahalanobis_diag,mean_std_2.0,nearest_sphere,none,1.0,0.8957680793666983,0.732,0.852,0.828,0.024
4,mahalanobis_diag,mean_std_2.0,nearest_sphere,none,2.0,0.8957680793666983,0.732,0.852,0.828,0.024
4,mahalanobis_diag,mean_std_2.0,nearest_sphere,ratio,0.0,0.8957680793666983,0.732,0.852,0.828,0.024
4,mahalanobis_diag,mean_std_2.0,nearest_sphere,ratio,0.25,1.131218745245613,0.752,0.852,0.832,0.02
4,mahalanobis_diag,mean_std_2.0,nearest_sphere,ratio,0.5,1.365976881757772,0.762,0.852,0.834,0.018
4,mahalanobis_diag,mean_std_2.0,nearest_sphere,ratio,1.0,1.8379467467346942,0.782,0.852,0.838,0.014
4,mahalanobis_diag,mean_std_2.0,nearest_sphere,ratio,2.0,2.7830672265447847,0.812,0.852,0.844,0.008
4,mahalanobis_diag,mean_std_2.0,nearest_sphere,inverse_margin,0.0,0.8957680793666983,0.732,0.852,0.828,0.024
4,mahalanobis_diag,mean_std_2.0,nearest_sphere,inverse_margin,0.25,5.763444089696641,0.832,0.852,0.848,0.004
4,mahalanobis_diag,mean_std_2.0,nearest_sphere,inverse_margin,0.5,10.639529288309157,0.832,0.852,0.848,0.004
4,mahalanobis_diag,mean_std_2.0,nearest_sphere,inverse_margin,1.0,20.39169968553419,0.832,0.852,0.848,0.004
4,mahalanobis_diag,mean_std_2.0,nearest_sphere,inverse_margin,2.0,39.89604047998426,0.832,0.852,0.848,0.004
4,mahalanobis_diag,mean_std_2.0,nearest_sphere,max_ratio,0.0,0.8957680793666983,0.732,0.852,0.828,0.024
4,mahalanobis_diag,mean_std_2.0,nearest_sphere,max_ratio,0.25,0.8957680793666983,0.732,0.852,0.828,0.024
4,mahalanobis_diag,mean_std_2.0,nearest_sphere,max_ratio,0.5,0.8957680793666983,0.732,0.852,0.828,0.024
4,mahalanobis_diag,mean_std_2.0,nearest_sphere,max_ratio,1.0,0.9544079563584674,0.822,0.852,0.846,0.006
4,mahalanobis_diag,mean_std_2.0,nearest_sphere,max_ratio,2.0,1.9024596781701295,0.832,0.852,0.848,0.004
4,mahalanobis_diag,mean_std_2.0,normalized_union,none,0.0,0.8933689617337258,0.762,0.852,0.834,0.018
4,mahalanobis_diag,mean_std_2.0,normalized_union,none,0.25,0.8933689617337258,0.762,0.852,0.834,0.018
4,mahalanobis_diag,mean_std_2.0,normalized_union,none,0.5,0.8933689617337258,0.762,0.852,0.834,0.018
4,mahalanobis_diag,mean_std_2.0,normalized_union,none,1.0,0.8933689617337258,0.762,0.852,0.834,0.018
4,mahalanobis_diag,mean_std_2.0,normalized_union,none,2.0,0.8933689617337258,0.762,0.852,0.834,0.018
4,mahalanobis_diag,mean_std_2.0,normalized_union,ratio,0.0,0.8933689617337258,0.762,0.852,0.834,0.018
4,mahalanobis_diag,mean_std_2.0,normalized_union,ratio,0.25,1.1267245843840772,0.762,0.852,0.834,0.018
4,mahalanobis_diag,mean_std_2.0,normalized_union,ratio,0.5,1.3627407571862982,0.772,0.852,0.836,0.016
4,mahalanobis_diag,mean_std_2.0,normalized_union,ratio,1.0,1.8336239653925364,0.782,0.852,0.838,0.014
4,mahalanobis_diag,mean_std_2.0,normalized_union,ratio,2.0,2.7788377939996245,0.812,0.852,0.844,0.008
4,mahalanobis_diag,mean_std_2.0,normalized_union,inverse_margin,0.0,0.8933689617337258,0.762,0.852,0.834,0.018
4,mahalanobis_diag,mean_std_2.0,normalized_union,inverse_margin,0.25,5.710035560381839,0.832,0.852,0.848,0.004
4,mahalanobis_diag,mean_std_2.0,normalized_union,inverse_margin,0.5,10.627701374830933,0.832,0.852,0.848,0.004
4,mahalanobis_diag,mean_std_2.0,normalized_union,inverse_margin,1.0,20.379871772055964,0.832,0.852,0.848,0.004
4,mahalanobis_diag,mean_std_2.0,normalized_union,inverse_margin,2.0,39.88421256650603,0.832,0.852,0.848,0.004
4,mahalanobis_diag,mean_std_2.0,normalized_union,max_ratio,0.0,0.8933689617337258,0.762,0.852,0.834,0.018
4,mahalanobis_diag,mean_std_2.0,normalized_union,max_ratio,0.25,0.8933689617337258,0.762,0.852,0.834,0.018
4,mahalanobis_diag,mean_std_2.0,normalized_union,max_ratio,0.5,0.8933689617337258,0.762,0.852,0.834,0.018
4,mahalanobis_diag,mean_std_2.0,normalized_union,max_ratio,1.0,0.9541915770844218,0.832,0.852,0.848,0.004
4,mahalanobis_diag,mean_std_2.0,normalized_union,max_ratio,2.0,1.9024596781701295,0.832,0.852,0.848,0.004
4,mahalanobis_diag,mean_std_3.0,nearest_sphere,none,0.0,0.85266533016792,0.752,0.852,0.832,0.02
4,mahalanobis_diag,mean_std_3.0,nearest_sphere,none,0.25,0.85266533016792,0.752,0.852,0.832,0.02
4,mahalanobis_diag,mean_std_3.0,nearest_sphere,none,0.5,0.85266533016792,0.752,0.852,0.832,0.02
4,mahalanobis_diag,mean_std_3.0,nearest_sphere,none,1.0,0.85266533016792,0.752,0.852,0.832,0.02
4,mahalanobis_diag,mean_std_3.0,nearest_sphere,none,2.0,0.85266533016792,0.752,0.852,0.832,0.02
4,mahalanobis_diag,mean_std_3.0,nearest_sphere,ratio,0.0,0.85266533016792,0.752,0.852,0.832,0.02
4,mahalanobis_diag,mean_std_3.0,nearest_sphere,ratio,0.25,1.0848152067915369,0.752,0.852,0.832,0.02
4,mahalanobis_diag,mean_std_3.0,nearest_sphere,ratio,0.5,1.3211553684098654,0.772,0.852,0.836,0.016
4,mahalanobis_diag,mean_std_3.0,nearest_sphere,ratio,1.0,1.7932241412454024,0.782,0.852,0.838,0.014
4,mahalanobis_diag,mean_std_3.0,nearest_sphere,ratio,2.0,2.738372460135827,0.812,0.852,0.844,0.008
4,mahalanobis_diag,mean_std_3.0,nearest_sphere,inverse_margin,0.0,0.85266533016792,0.752,0.852,0.832,0.02
4,mahalanobis_diag,mean_std_3.0,nearest_sphere,inverse_margin,0.25,5.7166216415766264,0.832,0.852,0.848,0.004
4,mahalanobis_diag,mean_std_3.0,nearest_sphere,inverse_margin,0.5,10.592706840189143,0.832,0.852,0.848,0.004
4,mahalanobis_diag,mean_std_3.0,nearest_sphere,inverse_margin,1.0,20.344877237414178,0.832,0.852,0.848,0.004
4,mahalanobis_diag,mean_std_3.0,nearest_sphere,inverse_margin,2.0,39.84921803186424,0.832,0.852,0.848,0.004
4,mahalanobis_diag,mean_std_3.0,nearest_sphere,max_ratio,0.0,0.85266533016792,0.752,0.852,0.832,0.02
4,mahalanobis_diag,mean_std_3.0,nearest_sphere,max_ratio,0.25,0.85266533016792,0.752,0.852,0.832,0.02
4,mahalanobis_diag,mean_std_3.0,nearest_sphere,max_ratio,0.5,0.85266533016792,0.752,0.852,0.832,0.02
4,mahalanobis_diag,mean_std_3.0,nearest_sphere,max_ratio,1.0,0.9512298390850648,0.832,0.852,0.848,0.004
4,mahalanobis_diag,mean_std_3.0,nearest_sphere,max_ratio,2.0,1.9024596781701295,0.832,0.852,0.848,0.004
4,mahalanobis_diag,mean_std_3.0,normalized_union,none,0.0,0.8458522051593712,0.772,0.852,0.836,0.016
4,mahalanobis_diag,mean_std_3.0,normalized_union,none,0.25,0.8458522051593712,0.772,0.852,0.836,0.016
4,mahalanobis_diag,mean_std_3.0,normalized_union,none,0.5,0.8458522051593712,0.772,0.852,0.836,0.016
4,mahalanobis_diag,mean_std_3.0,normalized_union,none,1.0,0.8458522051593712,0.772,0.852,0.836,0.016
4,mahalanobis_diag,mean_std_3.0,normalized_union,none,2.0,0.8458522051593712,0.772,0.852,0.836,0.016
4,mahalanobis_diag,mean_std_3.0,normalized_union,ratio,0.0,0.8458522051593712,0.772,0.852,0.836,0.016
4,mahalanobis_diag,mean_std_3.0,normalized_union,ratio,0.25,1.0813785829418312,0.782,0.852,0.838,0.014
4,mahalanobis_diag,mean_std_3.0,normalized_union,ratio,0.5,1.3155796197126082,0.782,0.852,0.838,0.014
4,mahalanobis_diag,mean_std_3.0,normalized_union,ratio,1.0,1.7855394011478785,0.792,0.852,0.84,0.012
4,mahalanobis_diag,mean_std_3.0,normalized_union,ratio,2.0,2.726649510490079,0.812,0.852,0.844,0.008
4,mahalanobis_diag,mean_std_3.0,normalized_union,inverse_margin,0.0,0.8458522051593712,0.772,0.852,0.836,0.016
4,mahalanobis_diag,mean_std_3.0,normalized_union,inverse_margin,0.25,5.647191265272225,0.832,0.852,0.848,0.004
4,mahalanobis_diag,mean_std_3.0,normalized_union,inverse_margin,0.5,10.567879583063494,0.832,0.852,0.848,0.004
4,mahalanobis_diag,mean_std_3.0,normalized_union,inverse_margin,1.0,20.320049980288527,0.832,0.852,0.848,0.004
4,mahalanobis_diag,mean_std_3.0,normalized_union,inverse_margin,2.0,39.82439077473859,0.832,0.852,0.848,0.004
4,mahalanobis_diag,mean_std_3.0,normalized_union,max_ratio,0.0,0.8458522051593712,0.772,0.852,0.836,0.016
4,mahalanobis_diag,mean_std_3.0,normalized_union,max_ratio,0.25,0.8458522051593712,0.772,0.852,0.836,0.016
4,mahalanobis_diag,mean_std_3.0,normalized_union,max_ratio,0.5,0.8458522051593712,0.772,0.852,0.836,0.016
4,mahalanobis_diag,mean_std_3.0,normalized_union,max_ratio,1.0,0.9512298390850648,0.832,0.852,0.848,0.004
4,mahalanobis_diag,mean_std_3.0,normalized_union,max_ratio,2.0,1.9024596781701295,0.832,0.852,0.848,0.004
4,mahalanobis_diag,center_quantile_0.5,nearest_sphere,none,0.0,1.0595488395311827,0.712,0.852,0.824,0.028
4,mahalanobis_diag,center_quantile_0.5,nearest_sphere,none,0.25,1.0595488395311827,0.712,0.852,0.824,0.028
4,mahalanobis_diag,center_quantile_0.5,nearest_sphere,none,0.5,1.0595488395311827,0.712,0.852,0.824,0.028
4,mahalanobis_diag,center_quantile_0.5,nearest_sphere,none,1.0,1.0595488395311827,0.712,0.852,0.824,0.028
4,mahalanobis_diag,center_quantile_0.5,nearest_sphere,none,2.0,1.0595488395311827,0.712,0.852,0.824,0.028
4,mahalanobis_diag,center_quantile_0.5,nearest_sphere,ratio,0.0,1.0595488395311827,0.712,0.852,0.824,0.028
4,mahalanobis_diag,center_quantile_0.5,nearest_sphere,ratio,0.25,1.296025116738107,0.732,0.852,0.828,0.024
4,mahalanobis_diag,center_quantile_0.5,nearest_sphere,ratio,0.5,1.527352619855587,0.732,0.852,0.828,0.024
4,mahalanobis_diag,center_quantile_0.5,nearest_sphere,ratio,1.0,2.0016971777449695,0.762,0.852,0.834,0.018
4,mahalanobis_diag,center_quantile_0.5,nearest_sphere,ratio,2.0,2.9477788117604486,0.782,0.852,0.838,0.014
4,mahalanobis_diag,center_quantile_0.5,nearest_sphere,inverse_margin,0.0,1.0595488395311827,0.712,0.852,0.824,0.028
4,mahalanobis_diag,center_quantile_0.5,nearest_sphere,inverse_margin,0.25,5.910762851102767,0.832,0.852,0.848,0.004
4,mahalanobis_diag,center_quantile_0.5,nearest_sphere,inverse_margin,0.5,10.814033679996122,0.832,0.852,0.848,0.004
4,mahalanobis_diag,center_quantile_0.5,nearest_sphere,inverse_margin,1.0,20.556139499536798,0.832,0.852,0.848,0.004
4,mahalanobis_diag,center_quantile_0.5,nearest_sphere,inverse_margin,2.0,40.04035113861814,0.832,0.852,0.848,0.004
4,mahalanobis_diag,center_quantile_0.5,nearest_sphere,max_ratio,0.0,1.0595488395311827,0.712,0.852,0.824,0.028
4,mahalanobis_diag,center_quantile_0.5,nearest_sphere,max_ratio,0.25,1.0595488395311827,0.712,0.852,0.824,0.028
4,mahalanobis_diag,center_quantile_0.5,nearest_sphere,max_ratio,0.5,1.0595488395311827,0.712,0.852,0.824,0.028
4,mahalanobis_diag,center_quantile_0.5,nearest_sphere,max_ratio,1.0,1.0595488395311827,0.712,0.852,0.824,0.028
4,mahalanobis_diag,center_quantile_0.5,nearest_sphere,max_ratio,2.0,1.9024596781701295,0.832,0.852,0.848,0.004
4,mahalanobis_diag,center_quantile_0.5,normalized_union,none,0.0,1.053296439839881,0.702,0.852,0.822,0.03
4,mahalanobis_diag,center_quantile_0.5,normalized_union,none,0.25,1.053296439839881,0.702,0.852,0.822,0.03
4,mahalanobis_diag,center_quantile_0.5,normalized_union,none,0.5,1.053296439839881,0.702,0.852,0.822,0.03
4,mahalanobis_diag,center_quantile_0.5,normalized_union,none,1.0,1.053296439839881,0.702,0.852,0.822,0.03
4,mahalanobis_diag,center_quantile_0.5,normalized_union,none,2.0,1.053296439839881,0.702,0.852,0.822,0.03
4,mahalanobis_diag,center_quantile_0.5,normalized_union,ratio,0.0,1.053296439839881,0.702,0.852,0.822,0.03
4,mahalanobis_diag,center_quantile_0.5,normalized_union,ratio,0.25,1.2887663003754402,0.722,0.852,0.826,0.026
4,mahalanobis_diag,center_quantile_0.5,normalized_union,ratio,0.5,1.5247194910846358,0.732,0.852,0.828,0.024
4,mahalanobis_diag,center_quantile_0.5,normalized_union,ratio,1.0,1.9921711815409937,0.772,0.852,0.836,0.016
4,mahalanobis_diag,center_quantile_0.5,normalized_union,ratio,2.0,2.9394852495070567,0.792,0.852,0.84,0.012
4,mahalanobis_diag,center_quantile_0.5,normalized_union,inverse_margin,0.0,1.053296439839881,0.702,0.852,0.822,0.03
4,mahalanobis_diag,center_quantile_0.5,normalized_union,inverse_margin,0.25,5.910762851102767,0.782,0.852,0.838,0.014
4,mahalanobis_diag,center_quantile_0.5,normalized_union,inverse_margin,0.5,10.814033679996122,0.782,0.852,0.838,0.014
4,mahalanobis_diag,center_quantile_0.5,normalized_union,inverse_margin,1.0,20.556139499536798,0.782,0.852,0.838,0.014
4,mahalanobis_diag,center_quantile_0.5,normalized_union,inverse_margin,2.0,40.04035113861814,0.782,0.852,0.838,0.014
4,mahalanobis_diag,center_quantile_0.5,normalized_union,max_ratio,0.0,1.053296439839881,0.702,0.852,0.822,0.03
4,mahalanobis_diag,center_quantile_0.5,normalized_union,max_ratio,0.25,1.053296439839881,0.702,0.852,0.822,0.03
4,mahalanobis_diag,center_quantile_0.5,normalized_union,max_ratio,0.5,1.053296439839881,0.702,0.852,0.822,0.03
4,mahalanobis_diag,center_quantile_0.5,normalized_union,max_ratio,1.0,1.053296439839881,0.702,0.852,0.822,0.03
4,mahalanobis_diag,center_quantile_0.5,normalized_union,max_ratio,2.0,1.9024596781701295,0.782,0.852,0.838,0.014
4,mahalanobis_diag,intent_quantile_0.5,nearest_sphere,none,0.0,1.0633421474437363,0.712,0.852,0.824,0.028
4,mahalanobis_diag,intent_quantile_0.5,nearest_sphere,none,0.25,1.0633421474437363,0.712,0.852,0.824,0.028
4,mahalanobis_diag,intent_quantile_0.5,nearest_sphere,none,0.5,1.0633421474437363,0.712,0.852,0.824,0.028
4,mahalanobis_diag,intent_quantile_0.5,nearest_sphere,none,1.0,1.0633421474437363,0.712,0.852,0.824,0.028
4,mahalanobis_diag,intent_quantile_0.5,nearest_sphere,none,2.0,1.0633421474437363,0.712,0.852,0.824,0.028
4,mahalanobis_diag,intent_quantile_0.5,nearest_sphere,ratio,0.0,1.0633421474437363,0.712,0.852,0.824,0.028
4,mahalanobis_diag,intent_quantile_0.5,nearest_sphere,ratio,0.25,1.299473769095334,0.732,0.852,0.828,0.024
4,mahalanobis_diag,intent_quantile_0.5,nearest_sphere,ratio,0.5,1.5344326751820747,0.732,0.852,0.828,0.024
4,mahalanobis_diag,intent_quantile_0.5,nearest_sphere,ratio,1.0,2.007407333134163,0.762,0.852,0.834,0.018
4,mahalanobis_diag,intent_quantile_0.5,nearest_sphere,ratio,2.0,2.95688702995143,0.782,0.852,0.838,0.014
4,mahalanobis_diag,intent_quantile_0.5,nearest_sphere,inverse_margin,0.0,1.0633421474437363,0.712,0.852,0.824,0.028
4,mahalanobis_diag,intent_quantile_0.5,nearest_sphere,inverse_margin,0.25,5.9237464814089735,0.832,0.852,0.848,0.004
4,mahalanobis_diag,intent_quantile_0.5,nearest_sphere,inverse_margin,0.5,10.82457558290918,0.832,0.852,0.848,0.004
4,mahalanobis_diag,intent_quantile_0.5,nearest_sphere,inverse_margin,1.0,20.566681402449852,0.832,0.852,0.848,0.004
4,mahalanobis_diag,intent_quantile_0.5,nearest_sphere,inverse_margin,2.0,40.05231326672154,0.832,0.852,0.848,0.004
4,mahalanobis_diag,intent_quantile_0.5,nearest_sphere,max_ratio,0.0,1.0633421474437363,0.712,0.852,0.824,0.028
4,mahalanobis_diag,intent_quantile_0.5,nearest_sphere,max_ratio,0.25,1.0633421474437363,0.712,0.852,0.824,0.028
4,mahalanobis_diag,intent_quantile_0.5,nearest_sphere,max_ratio,0.5,1.0633421474437363,0.712,0.852,0.824,0.028
4,mahalanobis_diag,intent_quantile_0.5,nearest_sphere,max_ratio,1.0,1.0633421474437363,0.712,0.852,0.824,0.028
4,mahalanobis_diag,intent_quantile_0.5,nearest_sphere,max_ratio,2.0,1.9024596781701295,0.832,0.852,0.848,0.004
4,mahalanobis_diag,intent_quantile_0.5,normalized_union,none,0.0,1.0628938032246216,0.702,0.852,0.822,0.03
4,mahalanobis_diag,intent_quantile_0.5,normalized_union,none,0.25,1.0628938032246216,0.702,0.852,0.822,0.03
4,mahalanobis_diag,intent_quantile_0.5,normalized_union,none,0.5,1.0628938032246216,0.702,0.852,0.822,0.03
4,mahalanobis_diag,intent_quantile_0.5,normalized_union,none,1.0,1.0628938032246216,0.702,0.852,0.822,0.03
4,mahalanobis_diag,intent_quantile_0.5,normalized_union,none,2.0,1.0628938032246216,0.702,0.852,0.822,0.03
4,mahalanobis_diag,intent_quantile_0.5,normalized_union,ratio,0.0,1.0628938032246216,0.702,0.852,0.822,0.03
4,mahalanobis_diag,intent_quantile_0.5,normalized_union,ratio,0.25,1.299473769095334,0.732,0.852,0.828,0.024
4,mahalanobis_diag,intent_quantile_0.5,normalized_union,ratio,0.5,1.5344326751820747,0.732,0.852,0.828,0.024
4,mahalanobis_diag,intent_quantile_0.5,normalized_union,ratio,1.0,2.007145865301895,0.772,0.852,0.836,0.016
4,mahalanobis_diag,intent_quantile_0.5,normalized_union,ratio,2.0,2.95688702995143,0.802,0.852,0.842,0.01
4,mahalanobis_diag,intent_quantile_0.5,normalized_union,inverse_margin,0.0,1.0628938032246216,0.702,0.852,0.822,0.03
4,mahalanobis_diag,intent_quantile_0.5,normalized_union,inverse_margin,0.25,5.9237464814089735,0.782,0.852,0.838,0.014
4,mahalanobis_diag,intent_quantile_0.5,normalized_union,inverse_margin,0.5,10.82457558290918,0.782,0.852,0.838,0.014
4,mahalanobis_diag,intent_quantile_0.5,normalized_union,inverse_margin,1.0,20.566681402449852,0.782,0.852,0.838,0.014
4,mahalanobis_diag,intent_quantile_0.5,normalized_union,inverse_margin,2.0,40.05231326672154,0.782,0.852,0.838,0.014
4,mahalanobis_diag,intent_quantile_0.5,normalized_union,max_ratio,0.0,1.0628938032246216,0.702,0.852,0.822,0.03
4,mahalanobis_diag,intent_quantile_0.5,normalized_union,max_ratio,0.25,1.0628938032246216,0.702,0.852,0.822,0.03
4,mahalanobis_diag,intent_quantile_0.5,normalized_union,max_ratio,0.5,1.0628938032246216,0.702,0.852,0.822,0.03
4,mahalanobis_diag,intent_quantile_0.5,normalized_union,max_ratio,1.0,1.0628938032246216,0.702,0.852,0.822,0.03
4,mahalanobis_diag,intent_quantile_0.5,normalized_union,max_ratio,2.0,1.9024596781701295,0.782,0.852,0.838,0.014
4,mahalanobis_diag,center_quantile_0.7,nearest_sphere,none,0.0,1.031361353432904,0.712,0.852,0.824,0.028
4,mahalanobis_diag,center_quantile_0.7,nearest_sphere,none,0.25,1.031361353432904,0.712,0.852,0.824,0.028
4,mahalanobis_diag,center_quantile_0.7,nearest_sphere,none,0.5,1.031361353432904,0.712,0.852,0.824,0.028
4,mahalanobis_diag,center_quantile_0.7,nearest_sphere,none,1.0,1.031361353432904,0.712,0.852,0.824,0.028
4,mahalanobis_diag,center_quantile_0.7,nearest_sphere,none,2.0,1.031361353432904,0.712,0.852,0.824,0.028
4,mahalanobis_diag,center_quantile_0.7,nearest_sphere,ratio,0.0,1.031361353432904,0.712,0.852,0.824,0.028
4,mahalanobis_diag,center_quantile_0.7,nearest_sphere,ratio,0.25,1.2655439271680837,0.732,0.852,0.828,0.024
4,mahalanobis_diag,center_quantile_0.7,nearest_sphere,ratio,0.5,1.4997700926049031,0.732,0.852,0.828,0.024
4,mahalanobis_diag,center_quantile_0.7,nearest_sphere,ratio,1.0,1.9730487078373886,0.762,0.852,0.834,0.018
4,mahalanobis_diag,center_quantile_0.7,nearest_sphere,ratio,2.0,2.917294411039584,0.782,0.852,0.838,0.014
4,mahalanobis_diag,center_quantile_0.7,nearest_sphere,inverse_margin,0.0,1.031361353432904,0.712,0.852,0.824,0.028
4,mahalanobis_diag,center_quantile_0.7,nearest_sphere,inverse_margin,0.25,5.887788824858194,0.832,0.852,0.848,0.004
4,mahalanobis_diag,center_quantile_0.7,nearest_sphere,inverse_margin,0.5,10.783262981896637,0.832,0.852,0.848,0.004
4,mahalanobis_diag,center_quantile_0.7,nearest_sphere,inverse_margin,1.0,20.52536880143731,0.832,0.852,0.848,0.004
4,mahalanobis_diag,center_quantile_0.7,nearest_sphere,inverse_margin,2.0,40.00958044051866,0.832,0.852,0.848,0.004
4,mahalanobis_diag,center_quantile_0.7,nearest_sphere,max_ratio,0.0,1.031361353432904,0.712,0.852,0.824,0.028
4,mahalanobis_diag,center_quantile_0.7,nearest_sphere,max_ratio,0.25,1.031361353432904,0.712,0.852,0.824,0.028
4,mahalanobis_diag,center_quantile_0.7,nearest_sphere,max_ratio,0.5,1.031361353432904,0.712,0.852,0.824,0.028
4,mahalanobis_diag,center_quantile_0.7,nearest_sphere,max_ratio,1.0,1.031361353432904,0.712,0.852,0.824,0.028
4,mahalanobis_diag,center_quantile_0.7,nearest_sphere,max_ratio,2.0,1.9024596781701295,0.832,0.852,0.848,0.004
4,mahalanobis_diag,center_quantile_0.7,normalized_union,none,0.0,1.0257653733994911,0.682,0.852,0.818,0.034
4,mahalanobis_diag,center_quantile_0.7,normalized_union,none,0.25,1.0257653733994911,0.682,0.852,0.818,0.034
4,mahalanobis_diag,center_quantile_0.7,normalized_union,none,0.5,1.0257653733994911,0.682,0.852,0.818,0.034
4,mahalanobis_diag,center_quantile_0.7,normalized_union,none,1.0,1.0257653733994911,0.682,0.852,0.818,0.034
4,mahalanobis_diag,center_quantile_0.7,normalized_union,none,2.0,1.0257653733994911,0.682,0.852,0.818,0.034
4,mahalanobis_diag,center_quantile_0.7,normalized_union,ratio,0.0,1.0257653733994911,0.682,0.852,0.818,0.034
4,mahalanobis_diag,center_quantile_0.7,normalized_union,ratio,0.25,1.2592547863971626,0.722,0.852,0.826,0.026
4,mahalanobis_diag,center_quantile_0.7,normalized_union,ratio,0.5,1.4957559494880421,0.732,0.852,0.828,0.024
4,mahalanobis_diag,center_quantile_0.7,normalized_union,ratio,1.0,1.9644762454837508,0.772,0.852,0.836,0.016
4,mahalanobis_diag,center_quantile_0.7,normalized_union,ratio,2.0,2.912803981095605,0.792,0.852,0.84,0.012
4,mahalanobis_diag,center_quantile_0.7,normalized_union,inverse_margin,0.0,1.0257653733994911,0.682,0.852,0.818,0.034
4,mahalanobis_diag,center_quantile_0.7,normalized_union,inverse_margin,0.25,5.887788824858194,0.782,0.852,0.838,0.014
4,mahalanobis_diag,center_quantile_0.7,normalized_union,inverse_margin,0.5,10.783262981896637,0.782,0.852,0.838,0.014
4,mahalanobis_diag,center_quantile_0.7,normalized_union,inverse_margin,1.0,20.52536880143731,0.782,0.852,0.838,0.014
4,mahalanobis_diag,center_quantile_0.7,normalized_union,inverse_margin,2.0,40.00958044051866,0.782,0.852,0.838,0.014
4,mahalanobis_diag,center_quantile_0.7,normalized_union,max_ratio,0.0,1.0257653733994911,0.682,0.852,0.818,0.034
4,mahalanobis_diag,center_quantile_0.7,normalized_union,max_ratio,0.25,1.0257653733994911,0.682,0.852,0.818,0.034
4,mahalanobis_diag,center_quantile_0.7,normalized_union,max_ratio,0.5,1.0257653733994911,0.682,0.852,0.818,0.034
4,mahalanobis_diag,center_quantile_0.7,normalized_union,max_ratio,1.0,1.0257653733994911,0.682,0.852,0.818,0.034
4,mahalanobis_diag,center_quantile_0.7,normalized_union,max_ratio,2.0,1.9024596781701295,0.782,0.852,0.838,0.014
4,mahalanobis_diag,intent_quantile_0.7,nearest_sphere,none,0.0,1.0340384959065045,0.712,0.852,0.824,0.028
4,mahalanobis_diag,intent_quantile_0.7,nearest_sphere,none,0.25,1.0340384959065045,0.712,0.852,0.824,0.028
4,mahalanobis_diag,intent_quantile_0.7,nearest_sphere,none,0.5,1.0340384959065045,0.712,0.852,0.824,0.028
4,mahalanobis_diag,intent_quantile_0.7,nearest_sphere,none,1.0,1.0340384959065045,0.712,0.852,0.824,0.028
4,mahalanobis_diag,intent_quantile_0.7,nearest_sphere,none,2.0,1.0340384959065045,0.712,0.852,0.824,0.028
4,mahalanobis_diag,intent_quantile_0.7,nearest_sphere,ratio,0.0,1.0340384959065045,0.712,0.852,0.824,0.028
4,mahalanobis_diag,intent_quantile_0.7,nearest_sphere,ratio,0.25,1.2693196581439534,0.732,0.852,0.828,0.024
4,mahalanobis_diag,intent_quantile_0.7,nearest_sphere,ratio,0.5,1.5052305553348957,0.732,0.852,0.828,0.024
4,mahalanobis_diag,intent_quantile_0.7,nearest_sphere,ratio,1.0,1.978113141869961,0.772,0.852,0.836,0.016
4,mahalanobis_diag,intent_quantile_0.7,nearest_sphere,ratio,2.0,2.9259473675041816,0.782,0.852,0.838,0.014
4,mahalanobis_diag,intent_quantile_0.7,nearest_sphere,inverse_margin,0.0,1.0340384959065045,0.712,0.852,0.824,0.028
4,mahalanobis_diag,intent_quantile_0.7,nearest_sphere,inverse_margin,0.25,5.898329414175178,0.832,0.852,0.848,0.004
4,mahalanobis_diag,intent_quantile_0.7,nearest_sphere,inverse_margin,0.5,10.792594844838915,0.832,0.852,0.848,0.004
4,mahalanobis_diag,intent_quantile_0.7,nearest_sphere,inverse_margin,1.0,20.53470066437959,0.832,0.852,0.848,0.004
4,mahalanobis_diag,intent_quantile_0.7,nearest_sphere,inverse_margin,2.0,40.02174188225634,0.832,0.852,0.848,0.004
4,mahalanobis_diag,intent_quantile_0.7,nearest_sphere,max_ratio,0.0,1.0340384959065045,0.712,0.852,0.824,0.028
4,mahalanobis_diag,intent_quantile_0.7,nearest_sphere,max_ratio,0.25,1.0340384959065045,0.712,0.852,0.824,0.028
4,mahalanobis_diag,intent_quantile_0.7,nearest_sphere,max_ratio,0.5,1.0340384959065045,0.712,0.852,0.824,0.028
4,mahalanobis_diag,intent_quantile_0.7,nearest_sphere,max_ratio,1.0,1.0340384959065045,0.712,0.852,0.824,0.028
4,mahalanobis_diag,intent_quantile_0.7,nearest_sphere,max_ratio,2.0,1.9024596781701295,0.832,0.852,0.848,0.004
4,mahalanobis_diag,intent_quantile_0.7,normalized_union,none,0.0,1.032221516362166,0.712,0.852,0.824,0.028
4,mahalanobis_diag,intent_quantile_0.7,normalized_union,none,0.25,1.032221516362166,0.712,0.852,0.824,0.028
4,mahalanobis_diag,intent_quantile_0.7,normalized_union,none,0.5,1.032221516362166,0.712,0.852,0.824,0.028
4,mahalanobis_diag,intent_quantile_0.7,normalized_union,none,1.0,1.032221516362166,0.712,0.852,0.824,0.028
4,mahalanobis_diag,intent_quantile_0.7,normalized_union,none,2.0,1.032221516362166,0.712,0.852,0.824,0.028
4,mahalanobis_diag,intent_quantile_0.7,normalized_union,ratio,0.0,1.032221516362166,0.712,0.852,0.824,0.028
4,mahalanobis_diag,intent_quantile_0.7,normalized_union,ratio,0.25,1.2693196581439534,0.742,0.852,0.83,0.022
4,mahalanobis_diag,intent_quantile_0.7,normalized_union,ratio,0.5,1.5052305553348957,0.742,0.852,0.83,0.022
4,mahalanobis_diag,intent_quantile_0.7,normalized_union,ratio,1.0,1.977335711750586,0.782,0.852,0.838,0.014
4,mahalanobis_diag,intent_quantile_0.7,normalized_union,ratio,2.0,2.9259473675041816,0.802,0.852,0.842,0.01
4,mahalanobis_diag,intent_quantile_0.7,normalized_union,inverse_margin,0.0,1.032221516362166,0.712,0.852,0.824,0.028
4,mahalanobis_diag,intent_quantile_0.7,normalized_union,inverse_margin,0.25,5.898329414175178,0.782,0.852,0.838,0.014
4,mahalanobis_diag,intent_quantile_0.7,normalized_union,inverse_margin,0.5,10.792594844838915,0.782,0.852,0.838,0.014
4,mahalanobis_diag,intent_quantile_0.7,normalized_union,inverse_margin,1.0,20.53470066437959,0.782,0.852,0.838,0.014
4,mahalanobis_diag,intent_quantile_0.7,normalized_union,inverse_margin,2.0,40.02174188225634,0.782,0.852,0.838,0.014
4,mahalanobis_diag,intent_quantile_0.7,normalized_union,max_ratio,0.0,1.032221516362166,0.712,0.852,0.824,0.028
4,mahalanobis_diag,intent_quantile_0.7,normalized_union,max_ratio,0.25,1.032221516362166,0.712,0.852,0.824,0.028
4,mahalanobis_diag,intent_quantile_0.7,normalized_union,max_ratio,0.5,1.032221516362166,0.712,0.852,0.824,0.028
4,mahalanobis_diag,intent_quantile_0.7,normalized_union,max_ratio,1.0,1.032221516362166,0.712,0.852,0.824,0.028
4,mahalanobis_diag,intent_quantile_0.7,normalized_union,max_ratio,2.0,1.9024596781701295,0.782,0.852,0.838,0.014
4,mahalanobis_diag,center_quantile_0.8,nearest_sphere,none,0.0,1.0110991312508162,0.712,0.852,0.824,0.028
4,mahalanobis_diag,center_quantile_0.8,nearest_sphere,none,0.25,1.0110991312508162,0.712,0.852,0.824,0.028
4,mahalanobis_diag,center_quantile_0.8,nearest_sphere,none,0.5,1.0110991312508162,0.712,0.852,0.824,0.028
4,mahalanobis_diag,center_quantile_0.8,nearest_sphere,none,1.0,1.0110991312508162,0.712,0.852,0.824,0.028
4,mahalanobis_diag,center_quantile_0.8,nearest_sphere,none,2.0,1.0110991312508162,0.712,0.852,0.824,0.028
4,mahalanobis_diag,center_quantile_0.8,nearest_sphere,ratio,0.0,1.0110991312508162,0.712,0.852,0.824,0.028
4,mahalanobis_diag,center_quantile_0.8,nearest_sphere,ratio,0.25,1.2468026535184444,0.732,0.852,0.828,0.024
4,mahalanobis_diag,center_quantile_0.8,nearest_sphere,ratio,0.5,1.4814736966487327,0.732,0.852,0.828,0.024
4,mahalanobis_diag,center_quantile_0.8,nearest_sphere,ratio,1.0,1.9535427131123495,0.772,0.852,0.836,0.016
4,mahalanobis_diag,center_quantile_0.8,nearest_sphere,ratio,2.0,2.8980669570263027,0.782,0.852,0.838,0.014
4,mahalanobis_diag,center_quantile_0.8,nearest_sphere,inverse_margin,0.0,1.0110991312508162,0.712,0.852,0.824,0.028
4,mahalanobis_diag,center_quantile_0.8,nearest_sphere,inverse_margin,0.25,5.87402647604935,0.832,0.852,0.848,0.004
4,mahalanobis_diag,center_quantile_0.8,nearest_sphere,inverse_margin,0.5,10.752683017408598,0.832,0.852,0.848,0.004
4,mahalanobis_diag,center_quantile_0.8,nearest_sphere,inverse_margin,1.0,20.494788836949272,0.832,0.852,0.848,0.004
4,mahalanobis_diag,center_quantile_0.8,nearest_sphere,inverse_margin,2.0,39.9818306544822,0.832,0.852,0.848,0.004
4,mahalanobis_diag,center_quantile_0.8,nearest_sphere,max_ratio,0.0,1.0110991312508162,0.712,0.852,0.824,0.028
4,mahalanobis_diag,center_quantile_0.8,nearest_sphere,max_ratio,0.25,1.0110991312508162,0.712,0.852,0.824,0.028
4,mahalanobis_diag,center_quantile_0.8,nearest_sphere,max_ratio,0.5,1.0110991312508162,0.712,0.852,0.824,0.028
4,mahalanobis_diag,center_quantile_0.8,nearest_sphere,max_ratio,1.0,1.0110991312508162,0.712,0.852,0.824,0.028
4,mahalanobis_diag,center_quantile_0.8,nearest_sphere,max_ratio,2.0,1.9024596781701295,0.832,0.852,0.848,0.004
4,mahalanobis_diag,center_quantile_0.8,normalized_union,none,0.0,1.0062500372623273,0.702,0.852,0.822,0.03
4,mahalanobis_diag,center_quantile_0.8,normalized_union,none,0.25,1.0062500372623273,0.702,0.852,0.822,0.03
4,mahalanobis_diag,center_quantile_0.8,normalized_union,none,0.5,1.0062500372623273,0.702,0.852,0.822,0.03
4,mahalanobis_diag,center_quantile_0.8,normalized_union,none,1.0,1.0062500372623273,0.702,0.852,0.822,0.03
4,mahalanobis_diag,center_quantile_0.8,normalized_union,none,2.0,1.0062500372623273,0.702,0.852,0.822,0.03
4,mahalanobis_diag,center_quantile_0.8,normalized_union,ratio,0.0,1.0062500372623273,0.702,0.852,0.822,0.03
4,mahalanobis_diag,center_quantile_0.8,normalized_union,ratio,0.25,1.239271197492081,0.722,0.852,0.826,0.026
4,mahalanobis_diag,center_quantile_0.8,normalized_union,ratio,0.5,1.476088228585507,0.732,0.852,0.828,0.024
4,mahalanobis_diag,center_quantile_0.8,normalized_union,ratio,1.0,1.9432520971480822,0.772,0.852,0.836,0.016
4,mahalanobis_diag,center_quantile_0.8,normalized_union,ratio,2.0,2.8938186339945533,0.792,0.852,0.84,0.012
4,mahalanobis_diag,center_quantile_0.8,normalized_union,inverse_margin,0.0,1.0062500372623273,0.702,0.852,0.822,0.03
4,mahalanobis_diag,center_quantile_0.8,normalized_union,inverse_margin,0.25,5.87402647604935,0.782,0.852,0.838,0.014
4,mahalanobis_diag,center_quantile_0.8,normalized_union,inverse_margin,0.5,10.752683017408598,0.782,0.852,0.838,0.014
4,mahalanobis_diag,center_quantile_0.8,normalized_union,inverse_margin,1.0,20.494788836949272,0.782,0.852,0.838,0.014
4,mahalanobis_diag,center_quantile_0.8,normalized_union,inverse_margin,2.0,39.9818306544822,0.782,0.852,0.838,0.014
4,mahalanobis_diag,center_quantile_0.8,normalized_union,max_ratio,0.0,1.0062500372623273,0.702,0.852,0.822,0.03
4,mahalanobis_diag,center_quantile_0.8,normalized_union,max_ratio,0.25,1.0062500372623273,0.702,0.852,0.822,0.03
4,mahalanobis_diag,center_quantile_0.8,normalized_union,max_ratio,0.5,1.0062500372623273,0.702,0.852,0.822,0.03
4,mahalanobis_diag,center_quantile_0.8,normalized_union,max_ratio,1.0,1.0062500372623273,0.702,0.852,0.822,0.03
4,mahalanobis_diag,center_quantile_0.8,normalized_union,max_ratio,2.0,1.9024596781701295,0.782,0.852,0.838,0.014
4,mahalanobis_diag,intent_quantile_0.8,nearest_sphere,none,0.0,1.014524773853049,0.722,0.852,0.826,0.026
4,mahalanobis_diag,intent_quantile_0.8,nearest_sphere,none,0.25,1.014524773853049,0.722,0.852,0.826,0.026
4,mahalanobis_diag,intent_quantile_0.8,nearest_sphere,none,0.5,1.014524773853049,0.722,0.852,0.826,0.026
4,mahalanobis_diag,intent_quantile_0.8,nearest_sphere,none,1.0,1.014524773853049,0.722,0.852,0.826,0.026
4,mahalanobis_diag,intent_quantile_0.8,nearest_sphere,none,2.0,1.014524773853049,0.722,0.852,0.826,0.026
4,mahalanobis_diag,intent_quantile_0.8,nearest_sphere,ratio,0.0,1.014524773853049,0.722,0.852,0.826,0.026
4,mahalanobis_diag,intent_quantile_0.8,nearest_sphere,ratio,0.25,1.250925847212384,0.732,0.852,0.828,0.024
4,mahalanobis_diag,intent_quantile_0.8,nearest_sphere,ratio,0.5,1.4859280760768168,0.742,0.852,0.83,0.022
4,mahalanobis_diag,intent_quantile_0.8,nearest_sphere,ratio,1.0,1.956665196976635,0.772,0.852,0.836,0.016
4,mahalanobis_diag,intent_quantile_0.8,nearest_sphere,ratio,2.0,2.9072241427878156,0.782,0.852,0.838,0.014
4,mahalanobis_diag,intent_quantile_0.8,nearest_sphere,inverse_margin,0.0,1.014524773853049,0.722,0.852,0.826,0.026
4,mahalanobis_diag,intent_quantile_0.8,nearest_sphere,inverse_margin,0.25,5.882609982661546,0.832,0.852,0.848,0.004
4,mahalanobis_diag,intent_quantile_0.8,nearest_sphere,inverse_margin,0.5,10.766801447517263,0.832,0.852,0.848,0.004
4,mahalanobis_diag,intent_quantile_0.8,nearest_sphere,inverse_margin,1.0,20.50890726705794,0.832,0.852,0.848,0.004
4,mahalanobis_diag,intent_quantile_0.8,nearest_sphere,inverse_margin,2.0,40.002490124693395,0.832,0.852,0.848,0.004
4,mahalanobis_diag,intent_quantile_0.8,nearest_sphere,max_ratio,0.0,1.014524773853049,0.722,0.852,0.826,0.026
4,mahalanobis_diag,intent_quantile_0.8,nearest_sphere,max_ratio,0.25,1.014524773853049,0.722,0.852,0.826,0.026
4,mahalanobis_diag,intent_quantile_0.8,nearest_sphere,max_ratio,0.5,1.014524773853049,0.722,0.852,0.826,0.026
4,mahalanobis_diag,intent_quantile_0.8,nearest_sphere,max_ratio,1.0,1.014524773853049,0.722,0.852,0.826,0.026
4,mahalanobis_diag,intent_quantile_0.8,nearest_sphere,max_ratio,2.0,1.9024596781701295,0.832,0.852,0.848,0.004
4,mahalanobis_diag,intent_quantile_0.8,normalized_union,none,0.0,1.014524773853049,0.722,0.852,0.826,0.026
4,mahalanobis_diag,intent_quantile_0.8,normalized_union,none,0.25,1.014524773853049,0.722,0.852,0.826,0.026
4,mahalanobis_diag,intent_quantile_0.8,normalized_union,none,0.5,1.014524773853049,0.722,0.852,0.826,0.026
4,mahalanobis_diag,intent_quantile_0.8,normalized_union,none,1.0,1.014524773853049,0.722,0.852,0.826,0.026
4,mahalanobis_diag,intent_quantile_0.8,normalized_union,none,2.0,1.014524773853049,0.722,0.852,0.826,0.026
4,mahalanobis_diag,intent_quantile_0.8,normalized_union,ratio,0.0,1.014524773853049,0.722,0.852,0.826,0.026
4,mahalanobis_diag,intent_quantile_0.8,normalized_union,ratio,0.25,1.250925847212384,0.732,0.852,0.828,0.024
4,mahalanobis_diag,intent_quantile_0.8,normalized_union,ratio,0.5,1.4859280760768168,0.742,0.852,0.83,0.022
4,mahalanobis_diag,intent_quantile_0.8,normalized_union,ratio,1.0,1.956665196976635,0.782,0.852,0.838,0.014
4,mahalanobis_diag,intent_quantile_0.8,normalized_union,ratio,2.0,2.9072241427878156,0.792,0.852,0.84,0.012
4,mahalanobis_diag,intent_quantile_0.8,normalized_union,inverse_margin,0.0,1.014524773853049,0.722,0.852,0.826,0.026
4,mahalanobis_diag,intent_quantile_0.8,normalized_union,inverse_margin,0.25,5.882609982661546,0.782,0.852,0.838,0.014
4,mahalanobis_diag,intent_quantile_0.8,normalized_union,inverse_margin,0.5,10.766801447517263,0.782,0.852,0.838,0.014
4,mahalanobis_diag,intent_quantile_0.8,normalized_union,inverse_margin,1.0,20.50890726705794,0.782,0.852,0.838,0.014
4,mahalanobis_diag,intent_quantile_0.8,normalized_union,inverse_margin,2.0,40.002490124693395,0.782,0.852,0.838,0.014
4,mahalanobis_diag,intent_quantile_0.8,normalized_union,max_ratio,0.0,1.014524773853049,0.722,0.852,0.826,0.026
4,mahalanobis_diag,intent_quantile_0.8,normalized_union,max_ratio,0.25,1.014524773853049,0.722,0.852,0.826,0.026
4,mahalanobis_diag,intent_quantile_0.8,normalized_union,max_ratio,0.5,1.014524773853049,0.722,0.852,0.826,0.026
4,mahalanobis_diag,intent_quantile_0.8,normalized_union,max_ratio,1.0,1.014524773853049,0.722,0.852,0.826,0.026
4,mahalanobis_diag,intent_quantile_0.8,normalized_union,max_ratio,2.0,1.9024596781701295,0.782,0.852,0.838,0.014
4,mahalanobis_diag,center_quantile_0.9,nearest_sphere,none,0.0,0.9866598175056435,0.712,0.852,0.824,0.028
4,mahalanobis_diag,center_quantile_0.9,nearest_sphere,none,0.25,0.9866598175056435,0.712,0.852,0.824,0.028
4,mahalanobis_diag,center_quantile_0.9,nearest_sphere,none,0.5,0.9866598175056435,0.712,0.852,0.824,0.028
4,mahalanobis_diag,center_quantile_0.9,nearest_sphere,none,1.0,0.9866598175056435,0.712,0.852,0.824,0.028
4,mahalanobis_diag,center_quantile_0.9,nearest_sphere,none,2.0,0.9866598175056435,0.712,0.852,0.824,0.028
4,mahalanobis_diag,center_quantile_0.9,nearest_sphere,ratio,0.0,0.9866598175056435,0.712,0.852,0.824,0.028
4,mahalanobis_diag,center_quantile_0.9,nearest_sphere,ratio,0.25,1.2211645492478183,0.732,0.852,0.828,0.024
4,mahalanobis_diag,center_quantile_0.9,nearest_sphere,ratio,0.5,1.455641587271037,0.742,0.852,0.83,0.022
4,mahalanobis_diag,center_quantile_0.9,nearest_sphere,ratio,1.0,1.9250163147978174,0.772,0.852,0.836,0.016
4,mahalanobis_diag,center_quantile_0.9,nearest_sphere,ratio,2.0,2.872581294643986,0.782,0.852,0.838,0.014
4,mahalanobis_diag,center_quantile_0.9,nearest_sphere,inverse_margin,0.0,0.9866598175056435,0.712,0.852,0.824,0.028
4,mahalanobis_diag,center_quantile_0.9,nearest_sphere,inverse_margin,0.25,5.847286426460149,0.832,0.852,0.848,0.004
4,mahalanobis_diag,center_quantile_0.9,nearest_sphere,inverse_margin,0.5,10.718339336230486,0.832,0.852,0.848,0.004
4,mahalanobis_diag,center_quantile_0.9,nearest_sphere,inverse_margin,1.0,20.46044515577116,0.832,0.852,0.848,0.004
4,mahalanobis_diag,center_quantile_0.9,nearest_sphere,inverse_margin,2.0,39.95480903697959,0.832,0.852,0.848,0.004
4,mahalanobis_diag,center_quantile_0.9,nearest_sphere,max_ratio,0.0,0.9866598175056435,0.712,0.852,0.824,0.028
4,mahalanobis_diag,center_quantile_0.9,nearest_sphere,max_ratio,0.25,0.9866598175056435,0.712,0.852,0.824,0.028
4,mahalanobis_diag,center_quantile_0.9,nearest_sphere,max_ratio,0.5,0.9866598175056435,0.712,0.852,0.824,0.028
4,mahalanobis_diag,center_quantile_0.9,nearest_sphere,max_ratio,1.0,0.9906907601801114,0.762,0.852,0.834,0.018
4,mahalanobis_diag,center_quantile_0.9,nearest_sphere,max_ratio,2.0,1.9024596781701295,0.832,0.852,0.848,0.004
4,mahalanobis_diag,center_quantile_0.9,normalized_union,none,0.0,0.9793212536619957,0.712,0.852,0.824,0.028
4,mahalanobis_diag,center_quantile_0.9,normalized_union,none,0.25,0.9793212536619957,0.712,0.852,0.824,0.028
4,mahalanobis_diag,center_quantile_0.9,normalized_union,none,0.5,0.9793212536619957,0.712,0.852,0.824,0.028
4,mahalanobis_diag,center_quantile_0.9,normalized_union,none,1.0,0.9793212536619957,0.712,0.852,0.824,0.028
4,mahalanobis_diag,center_quantile_0.9,normalized_union,none,2.0,0.9793212536619957,0.712,0.852,0.824,0.028
4,mahalanobis_diag,center_quantile_0.9,normalized_union,ratio,0.0,0.9793212536619957,0.712,0.852,0.824,0.028
4,mahalanobis_diag,center_quantile_0.9,normalized_union,ratio,0.25,1.213581120515155,0.732,0.852,0.828,0.024
4,mahalanobis_diag,center_quantile_0.9,normalized_union,ratio,0.5,1.4478898974632175,0.742,0.852,0.83,0.022
4,mahalanobis_diag,center_quantile_0.9,normalized_union,ratio,1.0,1.9182774953333133,0.762,0.852,0.834,0.018
4,mahalanobis_diag,center_quantile_0.9,normalized_union,ratio,2.0,2.8671854537818176,0.772,0.852,0.836,0.016
4,mahalanobis_diag,center_quantile_0.9,normalized_union,inverse_margin,0.0,0.9793212536619957,0.712,0.852,0.824,0.028
4,mahalanobis_diag,center_quantile_0.9,normalized_union,inverse_margin,0.25,5.847286426460149,0.822,0.852,0.846,0.006
4,mahalanobis_diag,center_quantile_0.9,normalized_union,inverse_margin,0.5,10.718339336230486,0.822,0.852,0.846,0.006
4,mahalanobis_diag,center_quantile_0.9,normalized_union,inverse_margin,1.0,20.46044515577116,0.822,0.852,0.846,0.006
4,mahalanobis_diag,center_quantile_0.9,normalized_union,inverse_margin,2.0,39.95480903697959,0.822,0.852,0.846,0.006
4,mahalanobis_diag,center_quantile_0.9,normalized_union,max_ratio,0.0,0.9793212536619957,0.712,0.852,0.824,0.028
4,mahalanobis_diag,center_quantile_0.9,normalized_union,max_ratio,0.25,0.9793212536619957,0.712,0.852,0.824,0.028
4,mahalanobis_diag,center_quantile_0.9,normalized_union,max_ratio,0.5,0.9793212536619957,0.712,0.852,0.824,0.028
4,mahalanobis_diag,center_quantile_0.9,normalized_union,max_ratio,1.0,0.985055931155513,0.762,0.852,0.834,0.018
4,mahalanobis_diag,center_quantile_0.9,normalized_union,max_ratio,2.0,1.9024596781701295,0.822,0.852,0.846,0.006
4,mahalanobis_diag,intent_quantile_0.9,nearest_sphere,none,0.0,0.9864298567348472,0.732,0.852,0.828,0.024
4,mahalanobis_diag,intent_quantile_0.9,nearest_sphere,none,0.25,0.9864298567348472,0.732,0.852,0.828,0.024
4,mahalanobis_diag,intent_quantile_0.9,nearest_sphere,none,0.5,0.9864298567348472,0.732,0.852,0.828,0.024
4,mahalanobis_diag,intent_quantile_0.9,nearest_sphere,none,1.0,0.9864298567348472,0.732,0.852,0.828,0.024
4,mahalanobis_diag,intent_quantile_0.9,nearest_sphere,none,2.0,0.9864298567348472,0.732,0.852,0.828,0.024
4,mahalanobis_diag,intent_quantile_0.9,nearest_sphere,ratio,0.0,0.9864298567348472,0.732,0.852,0.828,0.024
4,mahalanobis_diag,intent_quantile_0.9,nearest_sphere,ratio,0.25,1.2220746412484447,0.732,0.852,0.828,0.024
4,mahalanobis_diag,intent_quantile_0.9,nearest_sphere,ratio,0.5,1.4598174125120318,0.742,0.852,0.83,0.022
4,mahalanobis_diag,intent_quantile_0.9,nearest_sphere,ratio,1.0,1.9310657623756873,0.772,0.852,0.836,0.016
4,mahalanobis_diag,intent_quantile_0.9,nearest_sphere,ratio,2.0,2.88083000832124,0.782,0.852,0.838,0.014
4,mahalanobis_diag,intent_quantile_0.9,nearest_sphere,inverse_margin,0.0,0.9864298567348472,0.732,0.852,0.828,0.024
4,mahalanobis_diag,intent_quantile_0.9,nearest_sphere,inverse_margin,0.25,5.859001284860375,0.832,0.852,0.848,0.004
4,mahalanobis_diag,intent_quantile_0.9,nearest_sphere,inverse_margin,0.5,10.733763974087395,0.832,0.852,0.848,0.004
4,mahalanobis_diag,intent_quantile_0.9,nearest_sphere,inverse_margin,1.0,20.475869793628068,0.832,0.852,0.848,0.004
4,mahalanobis_diag,intent_quantile_0.9,nearest_sphere,inverse_margin,2.0,39.97722413063512,0.832,0.852,0.848,0.004
4,mahalanobis_diag,intent_quantile_0.9,nearest_sphere,max_ratio,0.0,0.9864298567348472,0.732,0.852,0.828,0.024
4,mahalanobis_diag,intent_quantile_0.9,nearest_sphere,max_ratio,0.25,0.9864298567348472,0.732,0.852,0.828,0.024
4,mahalanobis_diag,intent_quantile_0.9,nearest_sphere,max_ratio,0.5,0.9864298567348472,0.732,0.852,0.828,0.024
4,mahalanobis_diag,intent_quantile_0.9,nearest_sphere,max_ratio,1.0,0.9908874780648316,0.762,0.852,0.834,0.018
4,mahalanobis_diag,intent_quantile_0.9,nearest_sphere,max_ratio,2.0,1.9024596781701295,0.832,0.852,0.848,0.004
4,mahalanobis_diag,intent_quantile_0.9,normalized_union,none,0.0,0.9864298567348472,0.732,0.852,0.828,0.024
4,mahalanobis_diag,intent_quantile_0.9,normalized_union,none,0.25,0.9864298567348472,0.732,0.852,0.828,0.024
4,mahalanobis_diag,intent_quantile_0.9,normalized_union,none,0.5,0.9864298567348472,0.732,0.852,0.828,0.024
4,mahalanobis_diag,intent_quantile_0.9,normalized_union,none,1.0,0.9864298567348472,0.732,0.852,0.828,0.024
4,mahalanobis_diag,intent_quantile_0.9,normalized_union,none,2.0,0.9864298567348472,0.732,0.852,0.828,0.024
4,mahalanobis_diag,intent_quantile_0.9,normalized_union,ratio,0.0,0.9864298567348472,0.732,0.852,0.828,0.024
4,mahalanobis_diag,intent_quantile_0.9,normalized_union,ratio,0.25,1.2220746412484447,0.732,0.852,0.828,0.024
4,mahalanobis_diag,intent_quantile_0.9,normalized_union,ratio,0.5,1.4598174125120318,0.742,0.852,0.83,0.022
4,mahalanobis_diag,intent_quantile_0.9,normalized_union,ratio,1.0,1.9310657623756873,0.782,0.852,0.838,0.014
4,mahalanobis_diag,intent_quantile_0.9,normalized_union,ratio,2.0,2.88083000832124,0.792,0.852,0.84,0.012
4,mahalanobis_diag,intent_quantile_0.9,normalized_union,inverse_margin,0.0,0.9864298567348472,0.732,0.852,0.828,0.024
4,mahalanobis_diag,intent_quantile_0.9,normalized_union,inverse_margin,0.25,5.859001284860375,0.812,0.852,0.844,0.008
4,mahalanobis_diag,intent_quantile_0.9,normalized_union,inverse_margin,0.5,10.733763974087395,0.812,0.852,0.844,0.008
4,mahalanobis_diag,intent_quantile_0.9,normalized_union,inverse_margin,1.0,20.475869793628068,0.812,0.852,0.844,0.008
4,mahalanobis_diag,intent_quantile_0.9,normalized_union,inverse_margin,2.0,39.97722413063512,0.812,0.852,0.844,0.008
4,mahalanobis_diag,intent_quantile_0.9,normalized_union,max_ratio,0.0,0.9864298567348472,0.732,0.852,0.828,0.024
4,mahalanobis_diag,intent_quantile_0.9,normalized_union,max_ratio,0.25,0.9864298567348472,0.732,0.852,0.828,0.024
4,mahalanobis_diag,intent_quantile_0.9,normalized_union,max_ratio,0.5,0.9864298567348472,0.732,0.852,0.828,0.024
4,mahalanobis_diag,intent_quantile_0.9,normalized_union,max_ratio,1.0,0.9908874780648316,0.762,0.852,0.834,0.018
4,mahalanobis_diag,intent_quantile_0.9,normalized_union,max_ratio,2.0,1.9024596781701295,0.812,0.852,0.844,0.008
4,mahalanobis_diag,center_quantile_0.95,nearest_sphere,none,0.0,0.962488394778182,0.712,0.852,0.824,0.028
4,mahalanobis_diag,center_quantile_0.95,nearest_sphere,none,0.25,0.962488394778182,0.712,0.852,0.824,0.028
4,mahalanobis_diag,center_quantile_0.95,nearest_sphere,none,0.5,0.962488394778182,0.712,0.852,0.824,0.028
4,mahalanobis_diag,center_quantile_0.95,nearest_sphere,none,1.0,0.962488394778182,0.712,0.852,0.824,0.028
4,mahalanobis_diag,center_quantile_0.95,nearest_sphere,none,2.0,0.962488394778182,0.712,0.852,0.824,0.028
4,mahalanobis_diag,center_quantile_0.95,nearest_sphere,ratio,0.0,0.962488394778182,0.712,0.852,0.824,0.028
4,mahalanobis_diag,center_quantile_0.95,nearest_sphere,ratio,0.25,1.1971018830654585,0.732,0.852,0.828,0.024
4,mahalanobis_diag,center_quantile_0.95,nearest_sphere,ratio,0.5,1.4310617774905043,0.732,0.852,0.828,0.024
4,mahalanobis_diag,center_quantile_0.95,nearest_sphere,ratio,1.0,1.9000296627521762,0.772,0.852,0.836,0.016
4,mahalanobis_diag,center_quantile_0.95,nearest_sphere,ratio,2.0,2.846442238150258,0.792,0.852,0.84,0.012
4,mahalanobis_diag,center_quantile_0.95,nearest_sphere,inverse_margin,0.0,0.962488394778182,0.712,0.852,0.824,0.028
4,mahalanobis_diag,center_quantile_0.95,nearest_sphere,inverse_margin,0.25,5.814575658661721,0.832,0.852,0.848,0.004
4,mahalanobis_diag,center_quantile_0.95,nearest_sphere,inverse_margin,0.5,10.685628568432058,0.832,0.852,0.848,0.004
4,mahalanobis_diag,center_quantile_0.95,nearest_sphere,inverse_margin,1.0,20.428180348806613,0.832,0.852,0.848,0.004
4,mahalanobis_diag,center_quantile_0.95,nearest_sphere,inverse_margin,2.0,39.93252114325668,0.832,0.852,0.848,0.004
4,mahalanobis_diag,center_quantile_0.95,nearest_sphere,max_ratio,0.0,0.962488394778182,0.712,0.852,0.824,0.028
4,mahalanobis_diag,center_quantile_0.95,nearest_sphere,max_ratio,0.25,0.962488394778182,0.712,0.852,0.824,0.028
4,mahalanobis_diag,center_quantile_0.95,nearest_sphere,max_ratio,0.5,0.962488394778182,0.712,0.852,0.824,0.028
4,mahalanobis_diag,center_quantile_0.95,nearest_sphere,max_ratio,1.0,0.9757632478700123,0.782,0.852,0.838,0.014
4,mahalanobis_diag,center_quantile_0.95,nearest_sphere,max_ratio,2.0,1.9024596781701295,0.832,0.852,0.848,0.004
4,mahalanobis_diag,center_quantile_0.95,normalized_union,none,0.0,0.9535996944564965,0.722,0.852,0.826,0.026
4,mahalanobis_diag,center_quantile_0.95,normalized_union,none,0.25,0.9535996944564965,0.722,0.852,0.826,0.026
4,mahalanobis_diag,center_quantile_0.95,normalized_union,none,0.5,0.9535996944564965,0.722,0.852,0.826,0.026
4,mahalanobis_diag,center_quantile_0.95,normalized_union,none,1.0,0.9535996944564965,0.722,0.852,0.826,0.026
4,mahalanobis_diag,center_quantile_0.95,normalized_union,none,2.0,0.9535996944564965,0.722,0.852,0.826,0.026
4,mahalanobis_diag,center_quantile_0.95,normalized_union,ratio,0.0,0.9535996944564965,0.722,0.852,0.826,0.026
4,mahalanobis_diag,center_quantile_0.95,normalized_union,ratio,0.25,1.1876970611948567,0.722,0.852,0.826,0.026
4,mahalanobis_diag,center_quantile_0.95,normalized_union,ratio,0.5,1.4199524698162123,0.742,0.852,0.83,0.022
4,mahalanobis_diag,center_quantile_0.95,normalized_union,ratio,1.0,1.8898167235928476,0.762,0.852,0.834,0.018
4,mahalanobis_diag,center_quantile_0.95,normalized_union,ratio,2.0,2.8418709318865316,0.782,0.852,0.838,0.014
4,mahalanobis_diag,center_quantile_0.95,normalized_union,inverse_margin,0.0,0.9535996944564965,0.722,0.852,0.826,0.026
4,mahalanobis_diag,center_quantile_0.95,normalized_union,inverse_margin,0.25,5.814575658661721,0.832,0.852,0.848,0.004
4,mahalanobis_diag,center_quantile_0.95,normalized_union,inverse_margin,0.5,10.685628568432058,0.832,0.852,0.848,0.004
4,mahalanobis_diag,center_quantile_0.95,normalized_union,inverse_margin,1.0,20.428180348806613,0.832,0.852,0.848,0.004
4,mahalanobis_diag,center_quantile_0.95,normalized_union,inverse_margin,2.0,39.93252114325668,0.832,0.852,0.848,0.004
4,mahalanobis_diag,center_quantile_0.95,normalized_union,max_ratio,0.0,0.9535996944564965,0.722,0.852,0.826,0.026
4,mahalanobis_diag,center_quantile_0.95,normalized_union,max_ratio,0.25,0.9535996944564965,0.722,0.852,0.826,0.026
4,mahalanobis_diag,center_quantile_0.95,normalized_union,max_ratio,0.5,0.9535996944564965,0.722,0.852,0.826,0.026
4,mahalanobis_diag,center_quantile_0.95,normalized_union,max_ratio,1.0,0.968766203345397,0.822,0.852,0.846,0.006
4,mahalanobis_diag,center_quantile_0.95,normalized_union,max_ratio,2.0,1.9024596781701295,0.832,0.852,0.848,0.004
4,mahalanobis_diag,intent_quantile_0.95,nearest_sphere,none,0.0,0.9621708868105805,0.722,0.852,0.826,0.026
4,mahalanobis_diag,intent_quantile_0.95,nearest_sphere,none,0.25,0.9621708868105805,0.722,0.852,0.826,0.026
4,mahalanobis_diag,intent_quantile_0.95,nearest_sphere,none,0.5,0.9621708868105805,0.722,0.852,0.826,0.026
4,mahalanobis_diag,intent_quantile_0.95,nearest_sphere,none,1.0,0.9621708868105805,0.722,0.852,0.826,0.026
4,mahalanobis_diag,intent_quantile_0.95,nearest_sphere,none,2.0,0.9621708868105805,0.722,0.852,0.826,0.026
4,mahalanobis_diag,intent_quantile_0.95,nearest_sphere,ratio,0.0,0.9621708868105805,0.722,0.852,0.826,0.026
4,mahalanobis_diag,intent_quantile_0.95,nearest_sphere,ratio,0.25,1.197311953770654,0.732,0.852,0.828,0.024
4,mahalanobis_diag,intent_quantile_0.95,nearest_sphere,ratio,0.5,1.434543062469292,0.742,0.852,0.83,0.022
4,mahalanobis_diag,intent_quantile_0.95,nearest_sphere,ratio,1.0,1.9077134940516702,0.772,0.852,0.836,0.016
4,mahalanobis_diag,intent_quantile_0.95,nearest_sphere,ratio,2.0,2.855563650422108,0.792,0.852,0.84,0.012
4,mahalanobis_diag,intent_quantile_0.95,nearest_sphere,inverse_margin,0.0,0.9621708868105805,0.722,0.852,0.826,0.026
4,mahalanobis_diag,intent_quantile_0.95,nearest_sphere,inverse_margin,0.25,5.827584489556492,0.832,0.852,0.848,0.004
4,mahalanobis_diag,intent_quantile_0.95,nearest_sphere,inverse_margin,0.5,10.70356435285245,0.832,0.852,0.848,0.004
4,mahalanobis_diag,intent_quantile_0.95,nearest_sphere,inverse_margin,1.0,20.455734750077482,0.832,0.852,0.848,0.004
4,mahalanobis_diag,intent_quantile_0.95,nearest_sphere,inverse_margin,2.0,39.96007554452755,0.832,0.852,0.848,0.004
4,mahalanobis_diag,intent_quantile_0.95,nearest_sphere,max_ratio,0.0,0.9621708868105805,0.722,0.852,0.826,0.026
4,mahalanobis_diag,intent_quantile_0.95,nearest_sphere,max_ratio,0.25,0.9621708868105805,0.722,0.852,0.826,0.026
4,mahalanobis_diag,intent_quantile_0.95,nearest_sphere,max_ratio,0.5,0.9621708868105805,0.722,0.852,0.826,0.026
4,mahalanobis_diag,intent_quantile_0.95,nearest_sphere,max_ratio,1.0,0.9707382927085026,0.802,0.852,0.842,0.01
4,mahalanobis_diag,intent_quantile_0.95,nearest_sphere,max_ratio,2.0,1.9024596781701295,0.832,0.852,0.848,0.004
4,mahalanobis_diag,intent_quantile_0.95,normalized_union,none,0.0,0.9621708868105805,0.732,0.852,0.828,0.024
4,mahalanobis_diag,intent_quantile_0.95,normalized_union,none,0.25,0.9621708868105805,0.732,0.852,0.828,0.024
4,mahalanobis_diag,intent_quantile_0.95,normalized_union,none,0.5,0.9621708868105805,0.732,0.852,0.828,0.024
4,mahalanobis_diag,intent_quantile_0.95,normalized_union,none,1.0,0.9621708868105805,0.732,0.852,0.828,0.024
4,mahalanobis_diag,intent_quantile_0.95,normalized_union,none,2.0,0.9621708868105805,0.732,0.852,0.828,0.024
4,mahalanobis_diag,intent_quantile_0.95,normalized_union,ratio,0.0,0.9621708868105805,0.732,0.852,0.828,0.024
4,mahalanobis_diag,intent_quantile_0.95,normalized_union,ratio,0.25,1.197311953770654,0.742,0.852,0.83,0.022
4,mahalanobis_diag,intent_quantile_0.95,normalized_union,ratio,0.5,1.434543062469292,0.752,0.852,0.832,0.02
4,mahalanobis_diag,intent_quantile_0.95,normalized_union,ratio,1.0,1.9077134940516702,0.782,0.852,0.838,0.014
4,mahalanobis_diag,intent_quantile_0.95,normalized_union,ratio,2.0,2.855352461041207,0.792,0.852,0.84,0.012
4,mahalanobis_diag,intent_quantile_0.95,normalized_union,inverse_margin,0.0,0.9621708868105805,0.732,0.852,0.828,0.024
4,mahalanobis_diag,intent_quantile_0.95,normalized_union,inverse_margin,0.25,5.827584489556492,0.832,0.852,0.848,0.004
4,mahalanobis_diag,intent_quantile_0.95,normalized_union,inverse_margin,0.5,10.70356435285245,0.832,0.852,0.848,0.004
4,mahalanobis_diag,intent_quantile_0.95,normalized_union,inverse_margin,1.0,20.455734750077482,0.832,0.852,0.848,0.004
4,mahalanobis_diag,intent_quantile_0.95,normalized_union,inverse_margin,2.0,39.96007554452755,0.832,0.852,0.848,0.004
4,mahalanobis_diag,intent_quantile_0.95,normalized_union,max_ratio,0.0,0.9621708868105805,0.732,0.852,0.828,0.024
4,mahalanobis_diag,intent_quantile_0.95,normalized_union,max_ratio,0.25,0.9621708868105805,0.732,0.852,0.828,0.024
4,mahalanobis_diag,intent_quantile_0.95,normalized_union,max_ratio,0.5,0.9621708868105805,0.732,0.852,0.828,0.024
4,mahalanobis_diag,intent_quantile_0.95,normalized_union,max_ratio,1.0,0.9707382927085026,0.802,0.852,0.842,0.01
4,mahalanobis_diag,intent_quantile_0.95,normalized_union,max_ratio,2.0,1.9024596781701295,0.832,0.852,0.848,0.004
4,mahalanobis_diag,center_quantile_0.99,nearest_sphere,none,0.0,0.9263599374766188,0.722,0.852,0.826,0.026
4,mahalanobis_diag,center_quantile_0.99,nearest_sphere,none,0.25,0.9263599374766188,0.722,0.852,0.826,0.026
4,mahalanobis_diag,center_quantile_0.99,nearest_sphere,none,0.5,0.9263599374766188,0.722,0.852,0.826,0.026
4,mahalanobis_diag,center_quantile_0.99,nearest_sphere,none,1.0,0.9263599374766188,0.722,0.852,0.826,0.026
4,mahalanobis_diag,center_quantile_0.99,nearest_sphere,none,2.0,0.9263599374766188,0.722,0.852,0.826,0.026
4,mahalanobis_diag,center_quantile_0.99,nearest_sphere,ratio,0.0,0.9263599374766188,0.722,0.852,0.826,0.026
4,mahalanobis_diag,center_quantile_0.99,nearest_sphere,ratio,0.25,1.1565906425195178,0.732,0.852,0.828,0.024
4,mahalanobis_diag,center_quantile_0.99,nearest_sphere,ratio,0.5,1.3925160161717403,0.752,0.852,0.832,0.02
4,mahalanobis_diag,center_quantile_0.99,nearest_sphere,ratio,1.0,1.856289223077782,0.772,0.852,0.836,0.016
4,mahalanobis_diag,center_quantile_0.99,nearest_sphere,ratio,2.0,2.8012323117814244,0.812,0.852,0.844,0.008
4,mahalanobis_diag,center_quantile_0.99,nearest_sphere,inverse_margin,0.0,0.9263599374766188,0.722,0.852,0.826,0.026
4,mahalanobis_diag,center_quantile_0.99,nearest_sphere,inverse_margin,0.25,5.7636357481096425,0.832,0.852,0.848,0.004
4,mahalanobis_diag,center_quantile_0.99,nearest_sphere,inverse_margin,0.5,10.639720946722159,0.832,0.852,0.848,0.004
4,mahalanobis_diag,center_quantile_0.99,nearest_sphere,inverse_margin,1.0,20.391891343947194,0.832,0.852,0.848,0.004
4,mahalanobis_diag,center_quantile_0.99,nearest_sphere,inverse_margin,2.0,39.89623213839726,0.832,0.852,0.848,0.004
4,mahalanobis_diag,center_quantile_0.99,nearest_sphere,max_ratio,0.0,0.9263599374766188,0.722,0.852,0.826,0.026
4,mahalanobis_diag,center_quantile_0.99,nearest_sphere,max_ratio,0.25,0.9263599374766188,0.722,0.852,0.826,0.026
4,mahalanobis_diag,center_quantile_0.99,nearest_sphere,max_ratio,0.5,0.9263599374766188,0.722,0.852,0.826,0.026
4,mahalanobis_diag,center_quantile_0.99,nearest_sphere,max_ratio,1.0,0.9621320653459435,0.822,0.852,0.846,0.006
4,mahalanobis_diag,center_quantile_0.99,nearest_sphere,max_ratio,2.0,1.9024596781701295,0.832,0.852,0.848,0.004
4,mahalanobis_diag,center_quantile_0.99,normalized_union,none,0.0,0.911232623172599,0.732,0.852,0.828,0.024
4,mahalanobis_diag,center_quantile_0.99,normalized_union,none,0.25,0.911232623172599,0.732,0.852,0.828,0.024
4,mahalanobis_diag,center_quantile_0.99,normalized_union,none,0.5,0.911232623172599,0.732,0.852,0.828,0.024
4,mahalanobis_diag,center_quantile_0.99,normalized_union,none,1.0,0.911232623172599,0.732,0.852,0.828,0.024
4,mahalanobis_diag,center_quantile_0.99,normalized_union,none,2.0,0.911232623172599,0.732,0.852,0.828,0.024
4,mahalanobis_diag,center_quantile_0.99,normalized_union,ratio,0.0,0.911232623172599,0.732,0.852,0.828,0.024
4,mahalanobis_diag,center_quantile_0.99,normalized_union,ratio,0.25,1.142934768371048,0.732,0.852,0.828,0.024
4,mahalanobis_diag,center_quantile_0.99,normalized_union,ratio,0.5,1.378091072103662,0.742,0.852,0.83,0.022
4,mahalanobis_diag,center_quantile_0.99,normalized_union,ratio,1.0,1.8460554949669257,0.752,0.852,0.832,0.02
4,mahalanobis_diag,center_quantile_0.99,normalized_union,ratio,2.0,2.791018705006437,0.792,0.852,0.84,0.012
4,mahalanobis_diag,center_quantile_0.99,normalized_union,inverse_margin,0.0,0.911232623172599,0.732,0.852,0.828,0.024
4,mahalanobis_diag,center_quantile_0.99,normalized_union,inverse_margin,0.25,5.7636357481096425,0.822,0.852,0.846,0.006
4,mahalanobis_diag,center_quantile_0.99,normalized_union,inverse_margin,0.5,10.639720946722159,0.822,0.852,0.846,0.006
4,mahalanobis_diag,center_quantile_0.99,normalized_union,inverse_margin,1.0,20.391891343947194,0.822,0.852,0.846,0.006
4,mahalanobis_diag,center_quantile_0.99,normalized_union,inverse_margin,2.0,39.89623213839726,0.822,0.852,0.846,0.006
4,mahalanobis_diag,center_quantile_0.99,normalized_union,max_ratio,0.0,0.911232623172599,0.732,0.852,0.828,0.024
4,mahalanobis_diag,center_quantile_0.99,normalized_union,max_ratio,0.25,0.911232623172599,0.732,0.852,0.828,0.024
4,mahalanobis_diag,center_quantile_0.99,normalized_union,max_ratio,0.5,0.911232623172599,0.732,0.852,0.828,0.024
4,mahalanobis_diag,center_quantile_0.99,normalized_union,max_ratio,1.0,0.9556574709879904,0.812,0.852,0.844,0.008
4,mahalanobis_diag,center_quantile_0.99,normalized_union,max_ratio,2.0,1.9024596781701295,0.822,0.852,0.846,0.006
4,mahalanobis_diag,intent_quantile_0.99,nearest_sphere,none,0.0,0.9231096251100488,0.722,0.852,0.826,0.026
4,mahalanobis_diag,intent_quantile_0.99,nearest_sphere,none,0.25,0.9231096251100488,0.722,0.852,0.826,0.026
4,mahalanobis_diag,intent_quantile_0.99,nearest_sphere,none,0.5,0.9231096251100488,0.722,0.852,0.826,0.026
4,mahalanobis_diag,intent_quantile_0.99,nearest_sphere,none,1.0,0.9231096251100488,0.722,0.852,0.826,0.026
4,mahalanobis_diag,intent_quantile_0.99,nearest_sphere,none,2.0,0.9231096251100488,0.722,0.852,0.826,0.026
4,mahalanobis_diag,intent_quantile_0.99,nearest_sphere,ratio,0.0,0.9231096251100488,0.722,0.852,0.826,0.026
4,mahalanobis_diag,intent_quantile_0.99,nearest_sphere,ratio,0.25,1.1577487467222383,0.732,0.852,0.828,0.024
4,mahalanobis_diag,intent_quantile_0.99,nearest_sphere,ratio,0.5,1.395237473408719,0.752,0.852,0.832,0.02
4,mahalanobis_diag,intent_quantile_0.99,nearest_sphere,ratio,1.0,1.8681832356797292,0.772,0.852,0.836,0.016
4,mahalanobis_diag,intent_quantile_0.99,nearest_sphere,ratio,2.0,2.814408304776043,0.782,0.852,0.838,0.014
4,mahalanobis_diag,intent_quantile_0.99,nearest_sphere,inverse_margin,0.0,0.9231096251100488,0.722,0.852,0.826,0.026
4,mahalanobis_diag,intent_quantile_0.99,nearest_sphere,inverse_margin,0.25,5.793851504380466,0.832,0.852,0.848,0.004
4,mahalanobis_diag,intent_quantile_0.99,nearest_sphere,inverse_margin,0.5,10.669936702992983,0.832,0.852,0.848,0.004
4,mahalanobis_diag,intent_quantile_0.99,nearest_sphere,inverse_margin,1.0,20.422107100218014,0.832,0.852,0.848,0.004
4,mahalanobis_diag,intent_quantile_0.99,nearest_sphere,inverse_margin,2.0,39.92644789466808,0.832,0.852,0.848,0.004
4,mahalanobis_diag,intent_quantile_0.99,nearest_sphere,max_ratio,0.0,0.9231096251100488,0.722,0.852,0.826,0.026
4,mahalanobis_diag,intent_quantile_0.99,nearest_sphere,max_ratio,0.25,0.9231096251100488,0.722,0.852,0.826,0.026
4,mahalanobis_diag,intent_quantile_0.99,nearest_sphere,max_ratio,0.5,0.9231096251100488,0.722,0.852,0.826,0.026
4,mahalanobis_diag,intent_quantile_0.99,nearest_sphere,max_ratio,1.0,0.9570553393921397,0.822,0.852,0.846,0.006
4,mahalanobis_diag,intent_quantile_0.99,nearest_sphere,max_ratio,2.0,1.9024596781701295,0.832,0.852,0.848,0.004
4,mahalanobis_diag,intent_quantile_0.99,normalized_union,none,0.0,0.9231096251100488,0.722,0.852,0.826,0.026
4,mahalanobis_diag,intent_quantile_0.99,normalized_union,none,0.25,0.9231096251100488,0.722,0.852,0.826,0.026
4,mahalanobis_diag,intent_quantile_0.99,normalized_union,none,0.5,0.9231096251100488,0.722,0.852,0.826,0.026
4,mahalanobis_diag,intent_quantile_0.99,normalized_union,none,1.0,0.9231096251100488,0.722,0.852,0.826,0.026
4,mahalanobis_diag,intent_quantile_0.99,normalized_union,none,2.0,0.9231096251100488,0.722,0.852,0.826,0.026
4,mahalanobis_diag,intent_quantile_0.99,normalized_union,ratio,0.0,0.9231096251100488,0.722,0.852,0.826,0.026
4,mahalanobis_diag,intent_quantile_0.99,normalized_union,ratio,0.25,1.1577487467222383,0.732,0.852,0.828,0.024
4,mahalanobis_diag,intent_quantile_0.99,normalized_union,ratio,0.5,1.395237473408719,0.752,0.852,0.832,0.02
4,mahalanobis_diag,intent_quantile_0.99,normalized_union,ratio,1.0,1.8681832356797292,0.772,0.852,0.836,0.016
4,mahalanobis_diag,intent_quantile_0.99,normalized_union,ratio,2.0,2.814408304776043,0.782,0.852,0.838,0.014
4,mahalanobis_diag,intent_quantile_0.99,normalized_union,inverse_margin,0.0,0.9231096251100488,0.722,0.852,0.826,0.026
4,mahalanobis_diag,intent_quantile_0.99,normalized_union,inverse_margin,0.25,5.793851504380466,0.832,0.852,0.848,0.004
4,mahalanobis_diag,intent_quantile_0.99,normalized_union,inverse_margin,0.5,10.669936702992983,0.832,0.852,0.848,0.004
4,mahalanobis_diag,intent_quantile_0.99,normalized_union,inverse_margin,1.0,20.422107100218014,0.832,0.852,0.848,0.004
4,mahalanobis_diag,intent_quantile_0.99,normalized_union,inverse_margin,2.0,39.92644789466808,0.832,0.852,0.848,0.004
4,mahalanobis_diag,intent_quantile_0.99,normalized_union,max_ratio,0.0,0.9231096251100488,0.722,0.852,0.826,0.026
4,mahalanobis_diag,intent_quantile_0.99,normalized_union,max_ratio,0.25,0.9231096251100488,0.722,0.852,0.826,0.026
4,mahalanobis_diag,intent_quantile_0.99,normalized_union,max_ratio,0.5,0.9231096251100488,0.722,0.852,0.826,0.026
4,mahalanobis_diag,intent_quantile_0.99,normalized_union,max_ratio,1.0,0.9570553393921397,0.822,0.852,0.846,0.006
4,mahalanobis_diag,intent_quantile_0.99,normalized_union,max_ratio,2.0,1.9024596781701295,0.832,0.852,0.848,0.004
5,euclidean,mean_std_0.0,nearest_sphere,none,0.0,1.11180990424094,0.672,0.852,0.816,0.036
5,euclidean,mean_std_0.0,nearest_sphere,none,0.25,1.11180990424094,0.672,0.852,0.816,0.036
5,euclidean,mean_std_0.0,nearest_sphere,none,0.5,1.11180990424094,0.672,0.852,0.816,0.036
5,euclidean,mean_std_0.0,nearest_sphere,none,1.0,1.11180990424094,0.672,0.852,0.816,0.036
5,euclidean,mean_std_0.0,nearest_sphere,none,2.0,1.11180990424094,0.672,0.852,0.816,0.036
5,euclidean,mean_std_0.0,nearest_sphere,ratio,0.0,1.11180990424094,0.672,0.852,0.816,0.036
5,euclidean,mean_std_0.0,nearest_sphere,ratio,0.25,1.3129092184581899,0.692,0.852,0.82,0.032
5,euclidean,mean_std_0.0,nearest_sphere,ratio,0.5,1.5263433928808272,0.722,0.852,0.826,0.026
5,euclidean,mean_std_0.0,nearest_sphere,ratio,1.0,1.9653195245663446,0.782,0.852,0.838,0.014
5,euclidean,mean_std_0.0,nearest_sphere,ratio,2.0,2.8749830497048094,0.842,0.852,0.85,0.002
5,euclidean,mean_std_0.0,nearest_sphere,inverse_margin,0.0,1.11180990424094,0.672,0.852,0.816,0.036
5,euclidean,mean_std_0.0,nearest_sphere,inverse_margin,0.25,3.3761326561298337,0.842,0.852,0.85,0.002
5,euclidean,mean_std_0.0,nearest_sphere,inverse_margin,0.5,5.69175675149042,0.842,0.852,0.85,0.002
5,euclidean,mean_std_0.0,nearest_sphere,inverse_margin,1.0,10.237868217697969,0.842,0.852,0.85,0.002
5,euclidean,mean_std_0.0,nearest_sphere,inverse_margin,2.0,19.339955893217297,0.842,0.852,0.85,0.002
5,euclidean,mean_std_0.0,nearest_sphere,max_ratio,0.0,1.11180990424094,0.672,0.852,0.816,0.036
5,euclidean,mean_std_0.0,nearest_sphere,max_ratio,0.25,1.11180990424094,0.672,0.852,0.816,0.036
5,euclidean,mean_std_0.0,nearest_sphere,max_ratio,0.5,1.11180990424094,0.672,0.852,0.816,0.036
5,euclidean,mean_std_0.0,nearest_sphere,max_ratio,1.0,1.11180990424094,0.672,0.852,0.816,0.036
5,euclidean,mean_std_0.0,nearest_sphere,max_ratio,2.0,1.8015088726791904,0.842,0.852,0.85,0.002
5,euclidean,mean_std_0.0,normalized_union,none,0.0,0.9927386802764314,0.712,0.852,0.824,0.028
5,euclidean,mean_std_0.0,normalized_union,none,0.25,0.9927386802764314,0.712,0.852,0.824,0.028
5,euclidean,mean_std_0.0,normalized_union,none,0.5,0.9927386802764314,0.712,0.852,0.824,0.028
5,euclidean,mean_std_0.0,normalized_union,none,1.0,0.9927386802764314,0.712,0.852,0.824,0.028
5,euclidean,mean_std_0.0,normalized_union,none,2.0,0.9927386802764314,0.712,0.852,0.824,0.028
5,euclidean,mean_std_0.0,normalized_union,ratio,0.0,0.9927386802764314,0.712,0.852,0.824,0.028
5,euclidean,mean_std_0.0,normalized_union,ratio,0.25,1.2052123490196265,0.752,0.852,0.832,0.02
5,euclidean,mean_std_0.0,normalized_union,ratio,0.5,1.4279508922284743,0.762,0.852,0.834,0.018
5,euclidean,mean_std_0.0,normalized_union,ratio,1.0,1.8865191326368769,0.782,0.852,0.838,0.014
5,euclidean,mean_std_0.0,normalized_union,ratio,2.0,2.788946126006284,0.782,0.852,0.838,0.014
5,euclidean,mean_std_0.0,normalized_union,inverse_margin,0.0,0.9927386802764314,0.712,0.852,0.824,0.028
5,euclidean,mean_std_0.0,normalized_union,inverse_margin,0.25,3.2615047148157004,0.782,0.852,0.838,0.014
5,euclidean,mean_std_0.0,normalized_union,inverse_margin,0.5,5.5387265624021635,0.782,0.852,0.838,0.014
5,euclidean,mean_std_0.0,normalized_union,inverse_margin,1.0,10.079154802496802,0.782,0.852,0.838,0.014
5,euclidean,mean_std_0.0,normalized_union,inverse_margin,2.0,19.155171937345944,0.782,0.852,0.838,0.014
5,euclidean,mean_std_0.0,normalized_union,max_ratio,0.0,0.9927386802764314,0.712,0.852,0.824,0.028
5,euclidean,mean_std_0.0,normalized_union,max_ratio,0.25,0.9927386802764314,0.712,0.852,0.824,0.028
5,euclidean,mean_std_0.0,normalized_union,max_ratio,0.5,0.9927386802764314,0.712,0.852,0.824,0.028
5,euclidean,mean_std_0.0,normalized_union,max_ratio,1.0,0.9958856050458034,0.752,0.852,0.832,0.02
5,euclidean,mean_std_0.0,normalized_union,max_ratio,2.0,1.8015088726791904,0.782,0.852,0.838,0.014
5,euclidean,mean_std_0.25,nearest_sphere,none,0.0,1.0816277648280823,0.682,0.852,0.818,0.034
5,euclidean,mean_std_0.25,nearest_sphere,none,0.25,1.0816277648280823,0.682,0.852,0.818,0.034
5,euclidean,mean_std_0.25,nearest_sphere,none,0.5,1.0816277648280823,0.682,0.852,0.818,0.034
5,euclidean,mean_std_0.25,nearest_sphere,none,1.0,1.0816277648280823,0.682,0.852,0.818,0.034
5,euclidean,mean_std_0.25,nearest_sphere,none,2.0,1.0816277648280823,0.682,0.852,0.818,0.034
5,euclidean,mean_std_0.25,nearest_sphere,ratio,0.0,1.0816277648280823,0.682,0.852,0.818,0.034
5,euclidean,mean_std_0.25,nearest_sphere,ratio,0.25,1.2863324910608296,0.702,0.852,0.822,0.03
5,euclidean,mean_std_0.25,nearest_sphere,ratio,0.5,1.5024287983898486,0.732,0.852,0.828,0.024
5,euclidean,mean_std_0.25,nearest_sphere,ratio,1.0,1.9462751515560228,0.792,0.852,0.84,0.012
5,euclidean,mean_std_0.25,nearest_sphere,ratio,2.0,2.8567475282257364,0.842,0.852,0.85,0.002
5,euclidean,mean_std_0.25,nearest_sphere,inverse_margin,0.0,1.0816277648280823,0.682,0.852,0.818,0.034
5,euclidean,mean_std_0.25,nearest_sphere,inverse_margin,0.25,3.3578673524741394,0.842,0.852,0.85,0.002
5,euclidean,mean_std_0.25,nearest_sphere,inverse_margin,0.5,5.668743966875312,0.842,0.852,0.85,0.002
5,euclidean,mean_std_0.25,nearest_sphere,inverse_margin,1.0,10.213000919686536,0.842,0.852,0.85,0.002
5,euclidean,mean_std_0.25,nearest_sphere,inverse_margin,2.0,19.309354827319137,0.842,0.852,0.85,0.002
5,euclidean,mean_std_0.25,nearest_sphere,max_ratio,0.0,1.0816277648280823,0.682,0.852,0.818,0.034
5,euclidean,mean_std_0.25,nearest_sphere,max_ratio,0.25,1.0816277648280823,0.682,0.852,0.818,0.034
5,euclidean,mean_std_0.25,nearest_sphere,max_ratio,0.5,1.0816277648280823,0.682,0.852,0.818,0.034
5,euclidean,mean_std_0.25,nearest_sphere,max_ratio,1.0,1.0816277648280823,0.682,0.852,0.818,0.034
5,euclidean,mean_std_0.25,nearest_sphere,max_ratio,2.0,1.8015088726791904,0.842,0.852,0.85,0.002
5,euclidean,mean_std_0.25,normalized_union,none,0.0,0.979636757716895,0.712,0.852,0.824,0.028
5,euclidean,mean_std_0.25,normalized_union,none,0.25,0.979636757716895,0.712,0.852,0.824,0.028
5,euclidean,mean_std_0.25,normalized_union,none,0.5,0.979636757716895,0.712,0.852,0.824,0.028
5,euclidean,mean_std_0.25,normalized_union,none,1.0,0.979636757716895,0.712,0.852,0.824,0.028
5,euclidean,mean_std_0.25,normalized_union,none,2.0,0.979636757716895,0.712,0.852,0.824,0.028
5,euclidean,mean_std_0.25,normalized_union,ratio,0.0,0.979636757716895,0.712,0.852,0.824,0.028
5,euclidean,mean_std_0.25,normalized_union,ratio,0.25,1.191580083351605,0.752,0.852,0.832,0.02
5,euclidean,mean_std_0.25,normalized_union,ratio,0.5,1.4126536359570583,0.762,0.852,0.834,0.018
5,euclidean,mean_std_0.25,normalized_union,ratio,1.0,1.8718182813967865,0.792,0.852,0.84,0.012
5,euclidean,mean_std_0.25,normalized_union,ratio,2.0,2.775885038813501,0.792,0.852,0.84,0.012
5,euclidean,mean_std_0.25,normalized_union,inverse_margin,0.0,0.979636757716895,0.712,0.852,0.824,0.028
5,euclidean,mean_std_0.25,normalized_union,inverse_margin,0.25,3.2488178980759694,0.792,0.852,0.84,0.012
5,euclidean,mean_std_0.25,normalized_union,inverse_margin,0.5,5.524215821726639,0.792,0.852,0.84,0.012
5,euclidean,mean_std_0.25,normalized_union,inverse_margin,1.0,10.0633700732384,0.792,0.852,0.84,0.012
5,euclidean,mean_std_0.25,normalized_union,inverse_margin,2.0,19.13938720808754,0.792,0.852,0.84,0.012
5,euclidean,mean_std_0.25,normalized_union,max_ratio,0.0,0.979636757716895,0.712,0.852,0.824,0.028
5,euclidean,mean_std_0.25,normalized_union,max_ratio,0.25,0.979636757716895,0.712,0.852,0.824,0.028
5,euclidean,mean_std_0.25,normalized_union,max_ratio,0.5,0.979636757716895,0.712,0.852,0.824,0.028
5,euclidean,mean_std_0.25,normalized_union,max_ratio,1.0,0.9829846373760112,0.772,0.852,0.836,0.016
5,euclidean,mean_std_0.25,normalized_union,max_ratio,2.0,1.8015088726791904,0.792,0.852,0.84,0.012
5,euclidean,mean_std_0.5,nearest_sphere,none,0.0,1.0546500079568797,0.682,0.852,0.818,0.034
5,euclidean,mean_std_0.5,nearest_sphere,none,0.25,1.0546500079568797,0.682,0.852,0.818,0.034
5,euclidean,mean_std_0.5,nearest_sphere,none,0.5,1.0546500079568797,0.682,0.852,0.818,0.034
5,euclidean,mean_std_0.5,nearest_sphere,none,1.0,1.0546500079568797,0.682,0.852,0.818,0.034
5,euclidean,mean_std_0.5,nearest_sphere,none,2.0,1.0546500079568797,0.682,0.852,0.818,0.034
5,euclidean,mean_std_0.5,nearest_sphere,ratio,0.0,1.0546500079568797,0.682,0.852,0.818,0.034
5,euclidean,mean_std_0.5,nearest_sphere,ratio,0.25,1.2624526007082224,0.702,0.852,0.822,0.03
5,euclidean,mean_std_0.5,nearest_sphere,ratio,0.5,1.482535359419464,0.752,0.852,0.832,0.02
5,euclidean,mean_std_0.5,nearest_sphere,ratio,1.0,1.9256972647610846,0.802,0.852,0.842,0.01
5,euclidean,mean_std_0.5,nearest_sphere,ratio,2.0,2.834699194456469,0.842,0.852,0.85,0.002
5,euclidean,mean_std_0.5,nearest_sphere,inverse_margin,0.0,1.0546500079568797,0.682,0.852,0.818,0.034
5,euclidean,mean_std_0.5,nearest_sphere,inverse_margin,0.25,3.3384194671412457,0.842,0.852,0.85,0.002
5,euclidean,mean_std_0.5,nearest_sphere,inverse_margin,0.5,5.646695633106045,0.842,0.852,0.85,0.002
5,euclidean,mean_std_0.5,nearest_sphere,inverse_margin,1.0,10.189175793972023,0.842,0.852,0.85,0.002
5,euclidean,mean_std_0.5,nearest_sphere,inverse_margin,2.0,19.28016449687491,0.842,0.852,0.85,0.002
5,euclidean,mean_std_0.5,nearest_sphere,max_ratio,0.0,1.0546500079568797,0.682,0.852,0.818,0.034
5,euclidean,mean_std_0.5,nearest_sphere,max_ratio,0.25,1.0546500079568797,0.682,0.852,0.818,0.034
5,euclidean,mean_std_0.5,nearest_sphere,max_ratio,0.5,1.0546500079568797,0.682,0.852,0.818,0.034
5,euclidean,mean_std_0.5,nearest_sphere,max_ratio,1.0,1.0546500079568797,0.682,0.852,0.818,0.034
5,euclidean,mean_std_0.5,nearest_sphere,max_ratio,2.0,1.8015088726791904,0.842,0.852,0.85,0.002
5,euclidean,mean_std_0.5,normalized_union,none,0.0,0.9636298632939064,0.712,0.852,0.824,0.028
5,euclidean,mean_std_0.5,normalized_union,none,0.25,0.9636298632939064,0.712,0.852,0.824,0.028
5,euclidean,mean_std_0.5,normalized_union,none,0.5,0.9636298632939064,0.712,0.852,0.824,0.028
5,euclidean,mean_std_0.5,normalized_union,none,1.0,0.9636298632939064,0.712,0.852,0.824,0.028
5,euclidean,mean_std_0.5,normalized_union,none,2.0,0.9636298632939064,0.712,0.852,0.824,0.028
5,euclidean,mean_std_0.5,normalized_union,ratio,0.0,0.9636298632939064,0.712,0.852,0.824,0.028
5,euclidean,mean_std_0.5,normalized_union,ratio,0.25,1.1768770851500858,0.752,0.852,0.832,0.02
5,euclidean,mean_std_0.5,normalized_union,ratio,0.5,1.3978785317050324,0.772,0.852,0.836,0.016
5,euclidean,mean_std_0.5,normalized_union,ratio,1.0,1.8563642044899848,0.792,0.852,0.84,0.012
5,euclidean,mean_std_0.5,normalized_union,ratio,2.0,2.7608292833755494,0.802,0.852,0.842,0.01
5,euclidean,mean_std_0.5,normalized_union,inverse_margin,0.0,0.9636298632939064,0.712,0.852,0.824,0.028
5,euclidean,mean_std_0.5,normalized_union,inverse_margin,0.25,3.2364470460872052,0.802,0.852,0.842,0.01
5,euclidean,mean_std_0.5,normalized_union,inverse_margin,0.5,5.510065837701823,0.802,0.852,0.842,0.01
5,euclidean,mean_std_0.5,normalized_union,inverse_margin,1.0,10.048074405126394,0.802,0.852,0.842,0.01
5,euclidean,mean_std_0.5,normalized_union,inverse_margin,2.0,19.124091539975534,0.802,0.852,0.842,0.01
5,euclidean,mean_std_0.5,normalized_union,max_ratio,0.0,0.9636298632939064,0.712,0.852,0.824,0.028
5,euclidean,mean_std_0.5,normalized_union,max_ratio,0.25,0.9636298632939064,0.712,0.852,0.824,0.028
5,euclidean,mean_std_0.5,normalized_union,max_ratio,0.5,0.9636298632939064,0.712,0.852,0.824,0.028
5,euclidean,mean_std_0.5,normalized_union,max_ratio,1.0,0.9709541162375945,0.792,0.852,0.84,0.012
5,euclidean,mean_std_0.5,normalized_union,max_ratio,2.0,1.8015088726791904,0.802,0.852,0.842,0.01
5,euclidean,mean_std_0.75,nearest_sphere,none,0.0,1.0306956095811894,0.682,0.852,0.818,0.034
5,euclidean,mean_std_0.75,nearest_sphere,none,0.25,1.0306956095811894,0.682,0.852,0.818,0.034
5,euclidean,mean_std_0.75,nearest_sphere,none,0.5,1.0306956095811894,0.682,0.852,0.818,0.034
5,euclidean,mean_std_0.75,nearest_sphere,none,1.0,1.0306956095811894,0.682,0.852,0.818,0.034
5,euclidean,mean_std_0.75,nearest_sphere,none,2.0,1.0306956095811894,0.682,0.852,0.818,0.034
5,euclidean,mean_std_0.75,nearest_sphere,ratio,0.0,1.0306956095811894,0.682,0.852,0.818,0.034
5,euclidean,mean_std_0.75,nearest_sphere,ratio,0.25,1.2411327768444602,0.722,0.852,0.826,0.026
5,euclidean,mean_std_0.75,nearest_sphere,ratio,0.5,1.4597207080467078,0.762,0.852,0.834,0.018
5,euclidean,mean_std_0.75,nearest_sphere,ratio,1.0,1.9027053961517333,0.802,0.852,0.842,0.01
5,euclidean,mean_std_0.75,nearest_sphere,ratio,2.0,2.809996169637837,0.842,0.852,0.85,0.002
5,euclidean,mean_std_0.75,nearest_sphere,inverse_margin,0.0,1.0306956095811894,0.682,0.852,0.818,0.034
5,euclidean,mean_std_0.75,nearest_sphere,inverse_margin,0.25,3.317276199346357,0.842,0.852,0.85,0.002
5,euclidean,mean_std_0.75,nearest_sphere,inverse_margin,0.5,5.625552365311156,0.842,0.852,0.85,0.002
5,euclidean,mean_std_0.75,nearest_sphere,inverse_margin,1.0,10.166328670080468,0.842,0.852,0.85,0.002
5,euclidean,mean_std_0.75,nearest_sphere,inverse_margin,2.0,19.25228954570904,0.842,0.852,0.85,0.002
5,euclidean,mean_std_0.75,nearest_sphere,max_ratio,0.0,1.0306956095811894,0.682,0.852,0.818,0.034
5,euclidean,mean_std_0.75,nearest_sphere,max_ratio,0.25,1.0306956095811894,0.682,0.852,0.818,0.034
5,euclidean,mean_std_0.75,nearest_sphere,max_ratio,0.5,1.0306956095811894,0.682,0.852,0.818,0.034
5,euclidean,mean_std_0.75,nearest_sphere,max_ratio,1.0,1.0306956095811894,0.682,0.852,0.818,0.034
5,euclidean,mean_std_0.75,nearest_sphere,max_ratio,2.0,1.8015088726791904,0.842,0.852,0.85,0.002
5,euclidean,mean_std_0.75,normalized_union,none,0.0,0.9508244068247422,0.722,0.852,0.826,0.026
5,euclidean,mean_std_0.75,normalized_union,none,0.25,0.9508244068247422,0.722,0.852,0.826,0.026
5,euclidean,mean_std_0.75,normalized_union,none,0.5,0.9508244068247422,0.722,0.852,0.826,0.026
5,euclidean,mean_std_0.75,normalized_union,none,1.0,0.9508244068247422,0.722,0.852,0.826,0.026
5,euclidean,mean_std_0.75,normalized_union,none,2.0,0.9508244068247422,0.722,0.852,0.826,0.026
5,euclidean,mean_std_0.75,normalized_union,ratio,0.0,0.9508244068247422,0.722,0.852,0.826,0.026
5,euclidean,mean_std_0.75,normalized_union,ratio,0.25,1.1632429876075825,0.762,0.852,0.834,0.018
5,euclidean,mean_std_0.75,normalized_union,ratio,0.5,1.386219643283704,0.782,0.852,0.838,0.014
5,euclidean,mean_std_0.75,normalized_union,ratio,1.0,1.8419767724525165,0.802,0.852,0.842,0.01
5,euclidean,mean_std_0.75,normalized_union,ratio,2.0,2.746232886953032,0.812,0.852,0.844,0.008
5,euclidean,mean_std_0.75,normalized_union,inverse_margin,0.0,0.9508244068247422,0.722,0.852,0.826,0.026
5,euclidean,mean_std_0.75,normalized_union,inverse_margin,0.25,3.2243805003887,0.812,0.852,0.844,0.008
5,euclidean,mean_std_0.75,normalized_union,inverse_margin,0.5,5.495236848467095,0.812,0.852,0.844,0.008
5,euclidean,mean_std_0.75,normalized_union,inverse_margin,1.0,10.033245415891665,0.812,0.852,0.844,0.008
5,euclidean,mean_std_0.75,normalized_union,inverse_margin,2.0,19.10926255074081,0.812,0.852,0.844,0.008
5,euclidean,mean_std_0.75,normalized_union,max_ratio,0.0,0.9508244068247422,0.722,0.852,0.826,0.026
5,euclidean,mean_std_0.75,normalized_union,max_ratio,0.25,0.9508244068247422,0.722,0.852,0.826,0.026
5,euclidean,mean_std_0.75,normalized_union,max_ratio,0.5,0.9508244068247422,0.722,0.852,0.826,0.026
5,euclidean,mean_std_0.75,normalized_union,max_ratio,1.0,0.9587296517622307,0.802,0.852,0.842,0.01
5,euclidean,mean_std_0.75,normalized_union,max_ratio,2.0,1.8015088726791904,0.812,0.852,0.844,0.008
5,euclidean,mean_std_1.0,nearest_sphere,none,0.0,1.0060176123875855,0.692,0.852,0.82,0.032
5,euclidean,mean_std_1.0,nearest_sphere,none,0.25,1.0060176123875855,0.692,0.852,0.82,0.032
5,euclidean,mean_std_1.0,nearest_sphere,none,0.5,1.0060176123875855,0.692,0.852,0.82,0.032
5,euclidean,mean_std_1.0,nearest_sphere,none,1.0,1.0060176123875855,0.692,0.852,0.82,0.032
5,euclidean,mean_std_1.0,nearest_sphere,none,2.0,1.0060176123875855,0.692,0.852,0.82,0.032
5,euclidean,mean_std_1.0,nearest_sphere,ratio,0.0,1.0060176123875855,0.692,0.852,0.82,0.032
5,euclidean,mean_std_1.0,nearest_sphere,ratio,0.25,1.2215761352854082,0.732,0.852,0.828,0.024
5,euclidean,mean_std_1.0,nearest_sphere,ratio,0.5,1.4396621057916608,0.772,0.852,0.836,0.016
5,euclidean,mean_std_1.0,nearest_sphere,ratio,1.0,1.884912030617391,0.812,0.852,0.844,0.008
5,euclidean,mean_std_1.0,nearest_sphere,ratio,2.0,2.789987651858984,0.842,0.852,0.85,0.002
5,euclidean,mean_std_1.0,nearest_sphere,inverse_margin,0.0,1.0060176123875855,0.692,0.852,0.82,0.032
5,euclidean,mean_std_1.0,nearest_sphere,inverse_margin,0.25,3.296983390001601,0.842,0.852,0.85,0.002
5,euclidean,mean_std_1.0,nearest_sphere,inverse_margin,0.5,5.6052595559664,0.842,0.852,0.85,0.002
5,euclidean,mean_std_1.0,nearest_sphere,inverse_margin,1.0,10.144400539873487,0.842,0.852,0.85,0.002
5,euclidean,mean_std_1.0,nearest_sphere,inverse_margin,2.0,19.22564302219252,0.842,0.852,0.85,0.002
5,euclidean,mean_std_1.0,nearest_sphere,max_ratio,0.0,1.0060176123875855,0.692,0.852,0.82,0.032
5,euclidean,mean_std_1.0,nearest_sphere,max_ratio,0.25,1.0060176123875855,0.692,0.852,0.82,0.032
5,euclidean,mean_std_1.0,nearest_sphere,max_ratio,0.5,1.0060176123875855,0.692,0.852,0.82,0.032
5,euclidean,mean_std_1.0,nearest_sphere,max_ratio,1.0,1.0060176123875855,0.692,0.852,0.82,0.032
5,euclidean,mean_std_1.0,nearest_sphere,max_ratio,2.0,1.8015088726791904,0.842,0.852,0.85,0.002
5,euclidean,mean_std_1.0,normalized_union,none,0.0,0.9379412812251424,0.742,0.852,0.83,0.022
5,euclidean,mean_std_1.0,normalized_union,none,0.25,0.9379412812251424,0.742,0.852,0.83,0.022
5,euclidean,mean_std_1.0,normalized_union,none,0.5,0.9379412812251424,0.742,0.852,0.83,0.022
5,euclidean,mean_std_1.0,normalized_union,none,1.0,0.9379412812251424,0.742,0.852,0.83,0.022
5,euclidean,mean_std_1.0,normalized_union,none,2.0,0.9379412812251424,0.742,0.852,0.83,0.022
5,euclidean,mean_std_1.0,normalized_union,ratio,0.0,0.9379412812251424,0.742,0.852,0.83,0.022
5,euclidean,mean_std_1.0,normalized_union,ratio,0.25,1.1516388142523342,0.772,0.852,0.836,0.016
5,euclidean,mean_std_1.0,normalized_union,ratio,0.5,1.3741273298669516,0.802,0.852,0.842,0.01
5,euclidean,mean_std_1.0,normalized_union,ratio,1.0,1.8280217125810252,0.822,0.852,0.846,0.006
5,euclidean,mean_std_1.0,normalized_union,ratio,2.0,2.7320751425095624,0.832,0.852,0.848,0.004
5,euclidean,mean_std_1.0,normalized_union,inverse_margin,0.0,0.9379412812251424,0.742,0.852,0.83,0.022
5,euclidean,mean_std_1.0,normalized_union,inverse_margin,0.25,3.2118492173954323,0.832,0.852,0.848,0.004
5,euclidean,mean_std_1.0,normalized_union,inverse_margin,0.5,5.480853501107718,0.832,0.852,0.848,0.004
5,euclidean,mean_std_1.0,normalized_union,inverse_margin,1.0,10.01886206853229,0.832,0.852,0.848,0.004
5,euclidean,mean_std_1.0,normalized_union,inverse_margin,2.0,19.09487920338143,0.832,0.852,0.848,0.004
5,euclidean,mean_std_1.0,normalized_union,max_ratio,0.0,0.9379412812251424,0.742,0.852,0.83,0.022
5,euclidean,mean_std_1.0,normalized_union,max_ratio,0.25,0.9379412812251424,0.742,0.852,0.83,0.022
5,euclidean,mean_std_1.0,normalized_union,max_ratio,0.5,0.9379412812251424,0.742,0.852,0.83,0.022
5,euclidean,mean_std_1.0,normalized_union,max_ratio,1.0,0.9488373288913358,0.822,0.852,0.846,0.006
5,euclidean,mean_std_1.0,normalized_union,max_ratio,2.0,1.8015088726791904,0.832,0.852,0.848,0.004
5,euclidean,mean_std_1.5,nearest_sphere,none,0.0,0.9674914079247366,0.692,0.852,0.82,0.032
5,euclidean,mean_std_1.5,nearest_sphere,none,0.25,0.9674914079247366,0.692,0.852,0.82,0.032
5,euclidean,mean_std_1.5,nearest_sphere,none,0.5,0.9674914079247366,0.692,0.852,0.82,0.032
5,euclidean,mean_std_1.5,nearest_sphere,none,1.0,0.9674914079247366,0.692,0.852,0.82,0.032
5,euclidean,mean_std_1.5,nearest_sphere,none,2.0,0.9674914079247366,0.692,0.852,0.82,0.032
5,euclidean,mean_std_1.5,nearest_sphere,ratio,0.0,0.9674914079247366,0.692,0.852,0.82,0.032
5,euclidean,mean_std_1.5,nearest_sphere,ratio,0.25,1.185716187742623,0.752,0.852,0.832,0.02
5,euclidean,mean_std_1.5,nearest_sphere,ratio,0.5,1.402924234597871,0.792,0.852,0.84,0.012
5,euclidean,mean_std_1.5,nearest_sphere,ratio,1.0,1.8489887272862529,0.822,0.852,0.846,0.006
5,euclidean,mean_std_1.5,nearest_sphere,ratio,2.0,2.7447614754148386,0.842,0.852,0.85,0.002
5,euclidean,mean_std_1.5,nearest_sphere,inverse_margin,0.0,0.9674914079247366,0.692,0.852,0.82,0.032
5,euclidean,mean_std_1.5,nearest_sphere,inverse_margin,0.25,3.2587518323282056,0.842,0.852,0.85,0.002
5,euclidean,mean_std_1.5,nearest_sphere,inverse_margin,0.5,5.565079477937431,0.842,0.852,0.85,0.002
5,euclidean,mean_std_1.5,nearest_sphere,inverse_margin,1.0,10.106037392303891,0.842,0.852,0.85,0.002
5,euclidean,mean_std_1.5,nearest_sphere,inverse_margin,2.0,19.179105180211145,0.842,0.852,0.85,0.002
5,euclidean,mean_std_1.5,nearest_sphere,max_ratio,0.0,0.9674914079247366,0.692,0.852,0.82,0.032
5,euclidean,mean_std_1.5,nearest_sphere,max_ratio,0.25,0.9674914079247366,0.692,0.852,0.82,0.032
5,euclidean,mean_std_1.5,nearest_sphere,max_ratio,0.5,0.9674914079247366,0.692,0.852,0.82,0.032
5,euclidean,mean_std_1.5,nearest_sphere,max_ratio,1.0,0.9789729424676625,0.812,0.852,0.844,0.008
5,euclidean,mean_std_1.5,nearest_sphere,max_ratio,2.0,1.8015088726791904,0.842,0.852,0.85,0.002
5,euclidean,mean_std_1.5,normalized_union,none,0.0,0.912298128997036,0.732,0.852,0.828,0.024
5,euclidean,mean_std_1.5,normalized_union,none,0.25,0.912298128997036,0.732,0.852,0.828,0.024
5,euclidean,mean_std_1.5,normalized_union,none,0.5,0.912298128997036,0.732,0.852,0.828,0.024
5,euclidean,mean_std_1.5,normalized_union,none,1.0,0.912298128997036,0.732,0.852,0.828,0.024
5,euclidean,mean_std_1.5,normalized_union,none,2.0,0.912298128997036,0.732,0.852,0.828,0.024
5,euclidean,mean_std_1.5,normalized_union,ratio,0.0,0.912298128997036,0.732,0.852,0.828,0.024
5,euclidean,mean_std_1.5,normalized_union,ratio,0.25,1.127797355097704,0.762,0.852,0.834,0.018
5,euclidean,mean_std_1.5,normalized_union,ratio,0.5,1.3503422252595592,0.802,0.852,0.842,0.01
5,euclidean,mean_std_1.5,normalized_union,ratio,1.0,1.8000982194052297,0.822,0.852,0.846,0.006
5,euclidean,mean_std_1.5,normalized_union,ratio,2.0,2.704998822753269,0.832,0.852,0.848,0.004
5,euclidean,mean_std_1.5,normalized_union,inverse_margin,0.0,0.912298128997036,0.732,0.852,0.828,0.024
5,euclidean,mean_std_1.5,normalized_union,inverse_margin,0.25,3.1843414379024937,0.832,0.852,0.848,0.004
5,euclidean,mean_std_1.5,normalized_union,inverse_margin,0.5,5.453345721614779,0.832,0.852,0.848,0.004
5,euclidean,mean_std_1.5,normalized_union,inverse_margin,1.0,9.99135428903935,0.832,0.852,0.848,0.004
5,euclidean,mean_std_1.5,normalized_union,inverse_margin,2.0,19.067371423888492,0.832,0.852,0.848,0.004
5,euclidean,mean_std_1.5,normalized_union,max_ratio,0.0,0.912298128997036,0.732,0.852,0.828,0.024
5,euclidean,mean_std_1.5,normalized_union,max_ratio,0.25,0.912298128997036,0.732,0.852,0.828,0.024
5,euclidean,mean_std_1.5,normalized_union,max_ratio,0.5,0.912298128997036,0.732,0.852,0.828,0.024
5,euclidean,mean_std_1.5,normalized_union,max_ratio,1.0,0.9277414979331546,0.822,0.852,0.846,0.006
5,euclidean,mean_std_1.5,normalized_union,max_ratio,2.0,1.8015088726791904,0.832,0.852,0.848,0.004
5,euclidean,mean_std_2.0,nearest_sphere,none,0.0,0.9299516933146149,0.702,0.852,0.822,0.03
5,euclidean,mean_std_2.0,nearest_sphere,none,0.25,0.9299516933146149,0.702,0.852,0.822,0.03
5,euclidean,mean_std_2.0,nearest_sphere,none,0.5,0.9299516933146149,0.702,0.852,0.822,0.03
5,euclidean,mean_std_2.0,nearest_sphere,none,1.0,0.9299516933146149,0.702,0.852,0.822,0.03
5,euclidean,mean_std_2.0,nearest_sphere,none,2.0,0.9299516933146149,0.702,0.852,0.822,0.03
5,euclidean,mean_std_2.0,nearest_sphere,ratio,0.0,0.9299516933146149,0.702,0.852,0.822,0.03
5,euclidean,mean_std_2.0,nearest_sphere,ratio,0.25,1.1489478845457204,0.782,0.852,0.838,0.014
5,euclidean,mean_std_2.0,nearest_sphere,ratio,0.5,1.3662297015518359,0.802,0.852,0.842,0.01
5,euclidean,mean_std_2.0,nearest_sphere,ratio,1.0,1.8143747625558406,0.822,0.852,0.846,0.006
5,euclidean,mean_std_2.0,nearest_sphere,ratio,2.0,2.715095710100866,0.842,0.852,0.85,0.002
5,euclidean,mean_std_2.0,nearest_sphere,inverse_margin,0.0,0.9299516933146149,0.702,0.852,0.822,0.03
5,euclidean,mean_std_2.0,nearest_sphere,inverse_margin,0.25,3.223366894196629,0.842,0.852,0.85,0.002
5,euclidean,mean_std_2.0,nearest_sphere,inverse_margin,0.5,5.526843001285388,0.842,0.852,0.85,0.002
5,euclidean,mean_std_2.0,nearest_sphere,inverse_margin,1.0,10.080496203893599,0.842,0.852,0.85,0.002
5,euclidean,mean_std_2.0,nearest_sphere,inverse_margin,2.0,19.1408687035591,0.842,0.852,0.85,0.002
5,euclidean,mean_std_2.0,nearest_sphere,max_ratio,0.0,0.9299516933146149,0.702,0.852,0.822,0.03
5,euclidean,mean_std_2.0,nearest_sphere,max_ratio,0.25,0.9299516933146149,0.702,0.852,0.822,0.03
5,euclidean,mean_std_2.0,nearest_sphere,max_ratio,0.5,0.9299516933146149,0.702,0.852,0.822,0.03
5,euclidean,mean_std_2.0,nearest_sphere,max_ratio,1.0,0.9534453920927521,0.842,0.852,0.85,0.002
5,euclidean,mean_std_2.0,nearest_sphere,max_ratio,2.0,1.8015088726791904,0.842,0.852,0.85,0.002
5,euclidean,mean_std_2.0,normalized_union,none,0.0,0.8884128667682977,0.732,0.852,0.828,0.024
5,euclidean,mean_std_2.0,normalized_union,none,0.25,0.8884128667682977,0.732,0.852,0.828,0.024
5,euclidean,mean_std_2.0,normalized_union,none,0.5,0.8884128667682977,0.732,0.852,0.828,0.024
5,euclidean,mean_std_2.0,normalized_union,none,1.0,0.8884128667682977,0.732,0.852,0.828,0.024
5,euclidean,mean_std_2.0,normalized_union,none,2.0,0.8884128667682977,0.732,0.852,0.828,0.024
5,euclidean,mean_std_2.0,normalized_union,ratio,0.0,0.8884128667682977,0.732,0.852,0.828,0.024
5,euclidean,mean_std_2.0,normalized_union,ratio,0.25,1.1053502862076099,0.762,0.852,0.834,0.018
5,euclidean,mean_std_2.0,normalized_union,ratio,0.5,1.3229363900565196,0.802,0.852,0.842,0.01
5,euclidean,mean_std_2.0,normalized_union,ratio,1.0,1.772684936147354,0.822,0.852,0.846,0.006
5,euclidean,mean_std_2.0,normalized_union,ratio,2.0,2.676059518975782,0.832,0.852,0.848,0.004
5,euclidean,mean_std_2.0,normalized_union,inverse_margin,0.0,0.8884128667682977,0.732,0.852,0.828,0.024
5,euclidean,mean_std_2.0,normalized_union,inverse_margin,0.25,3.15839325199312,0.832,0.852,0.848,0.004
5,euclidean,mean_std_2.0,normalized_union,inverse_margin,0.5,5.427397535705405,0.832,0.852,0.848,0.004
5,euclidean,mean_std_2.0,normalized_union,inverse_margin,1.0,9.965406103129975,0.832,0.852,0.848,0.004
5,euclidean,mean_std_2.0,normalized_union,inverse_margin,2.0,19.041423237979117,0.832,0.852,0.848,0.004
5,euclidean,mean_std_2.0,normalized_union,max_ratio,0.0,0.8884128667682977,0.732,0.852,0.828,0.024
5,euclidean,mean_std_2.0,normalized_union,max_ratio,0.25,0.8884128667682977,0.732,0.852,0.828,0.024
5,euclidean,mean_std_2.0,normalized_union,max_ratio,0.5,0.8884128667682977,0.732,0.852,0.828,0.024
5,euclidean,mean_std_2.0,normalized_union,max_ratio,1.0,0.914221208693002,0.832,0.852,0.848,0.004
5,euclidean,mean_std_2.0,normalized_union,max_ratio,2.0,1.8015088726791904,0.832,0.852,0.848,0.004
5,euclidean,mean_std_3.0,nearest_sphere,none,0.0,0.8704863707630406,0.752,0.852,0.832,0.02
5,euclidean,mean_std_3.0,nearest_sphere,none,0.25,0.8704863707630406,0.752,0.852,0.832,0.02
5,euclidean,mean_std_3.0,nearest_sphere,none,0.5,0.8704863707630406,0.752,0.852,0.832,0.02
5,euclidean,mean_std_3.0,nearest_sphere,none,1.0,0.8704863707630406,0.752,0.852,0.832,0.02
5,euclidean,mean_std_3.0,nearest_sphere,none,2.0,0.8704863707630406,0.752,0.852,0.832,0.02
5,euclidean,mean_std_3.0,nearest_sphere,ratio,0.0,0.8704863707630406,0.752,0.852,0.832,0.02
5,euclidean,mean_std_3.0,nearest_sphere,ratio,0.25,1.0820621942319546,0.792,0.852,0.84,0.012
5,euclidean,mean_std_3.0,nearest_sphere,ratio,0.5,1.3047976225127393,0.822,0.852,0.846,0.006
5,euclidean,mean_std_3.0,nearest_sphere,ratio,1.0,1.7504981406160223,0.832,0.852,0.848,0.004
5,euclidean,mean_std_3.0,nearest_sphere,ratio,2.0,2.646175378711272,0.842,0.852,0.85,0.002
5,euclidean,mean_std_3.0,nearest_sphere,inverse_margin,0.0,0.8704863707630406,0.752,0.852,0.832,0.02
5,euclidean,mean_std_3.0,nearest_sphere,inverse_margin,0.25,3.1599532929583165,0.842,0.852,0.85,0.002
5,euclidean,mean_std_3.0,nearest_sphere,inverse_margin,0.5,5.458319137426857,0.842,0.852,0.85,0.002
5,euclidean,mean_std_3.0,nearest_sphere,inverse_margin,1.0,10.026916741744026,0.842,0.852,0.85,0.002
5,euclidean,mean_std_3.0,nearest_sphere,inverse_margin,2.0,19.07234483970057,0.842,0.852,0.85,0.002
5,euclidean,mean_std_3.0,nearest_sphere,max_ratio,0.0,0.8704863707630406,0.752,0.852,0.832,0.02
5,euclidean,mean_std_3.0,nearest_sphere,max_ratio,0.25,0.8704863707630406,0.752,0.852,0.832,0.02
5,euclidean,mean_std_3.0,nearest_sphere,max_ratio,0.5,0.8704863707630406,0.752,0.852,0.832,0.02
5,euclidean,mean_std_3.0,nearest_sphere,max_ratio,1.0,0.9130889331770601,0.842,0.852,0.85,0.002
5,euclidean,mean_std_3.0,nearest_sphere,max_ratio,2.0,1.8015088726791904,0.842,0.852,0.85,0.002
5,euclidean,mean_std_3.0,normalized_union,none,0.0,0.8422272588065198,0.692,0.852,0.82,0.032
5,euclidean,mean_std_3.0,normalized_union,none,0.25,0.8422272588065198,0.692,0.852,0.82,0.032
5,euclidean,mean_std_3.0,normalized_union,none,0.5,0.8422272588065198,0.692,0.852,0.82,0.032
5,euclidean,mean_std_3.0,normalized_union,none,1.0,0.8422272588065198,0.692,0.852,0.82,0.032
5,euclidean,mean_std_3.0,normalized_union,none,2.0,0.8422272588065198,0.692,0.852,0.82,0.032
5,euclidean,mean_std_3.0,normalized_union,ratio,0.0,0.8422272588065198,0.692,0.852,0.82,0.032
5,euclidean,mean_std_3.0,normalized_union,ratio,0.25,1.0603522894939668,0.732,0.852,0.828,0.024
5,euclidean,mean_std_3.0,normalized_union,ratio,0.5,1.2753334089743678,0.762,0.852,0.834,0.018
5,euclidean,mean_std_3.0,normalized_union,ratio,1.0,1.719284841387149,0.772,0.852,0.836,0.016
5,euclidean,mean_std_3.0,normalized_union,ratio,2.0,2.632486451897244,0.792,0.852,0.84,0.012
5,euclidean,mean_std_3.0,normalized_union,inverse_margin,0.0,0.8422272588065198,0.692,0.852,0.82,0.032
5,euclidean,mean_std_3.0,normalized_union,inverse_margin,0.25,3.1106735862161843,0.782,0.852,0.838,0.014
5,euclidean,mean_std_3.0,normalized_union,inverse_margin,0.5,5.38318067956419,0.782,0.852,0.838,0.014
5,euclidean,mean_std_3.0,normalized_union,inverse_margin,1.0,9.91768643735304,0.782,0.852,0.838,0.014
5,euclidean,mean_std_3.0,normalized_union,inverse_margin,2.0,18.993703572202183,0.782,0.852,0.838,0.014
5,euclidean,mean_std_3.0,normalized_union,max_ratio,0.0,0.8422272588065198,0.692,0.852,0.82,0.032
5,euclidean,mean_std_3.0,normalized_union,max_ratio,0.25,0.8422272588065198,0.692,0.852,0.82,0.032
5,euclidean,mean_std_3.0,normalized_union,max_ratio,0.5,0.8422272588065198,0.692,0.852,0.82,0.032
5,euclidean,mean_std_3.0,normalized_union,max_ratio,1.0,0.9007544363395952,0.782,0.852,0.838,0.014
5,euclidean,mean_std_3.0,normalized_union,max_ratio,2.0,1.8015088726791904,0.782,0.852,0.838,0.014
5,euclidean,center_quantile_0.5,nearest_sphere,none,0.0,1.1231268794068663,0.662,0.852,0.814,0.038
5,euclidean,center_quantile_0.5,nearest_sphere,none,0.25,1.1231268794068663,0.662,0.852,0.814,0.038
5,euclidean,center_quantile_0.5,nearest_sphere,none,0.5,1.1231268794068663,0.662,0.852,0.814,0.038
5,euclidean,center_quantile_0.5,nearest_sphere,none,1.0,1.1231268794068663,0.662,0.852,0.814,0.038
5,euclidean,center_quantile_0.5,nearest_sphere,none,2.0,1.1231268794068663,0.662,0.852,0.814,0.038
5,euclidean,center_quantile_0.5,nearest_sphere,ratio,0.0,1.1231268794068663,0.662,0.852,0.814,0.038
5,euclidean,center_quantile_0.5,nearest_sphere,ratio,0.25,1.3222293873091648,0.692,0.852,0.82,0.032
5,euclidean,center_quantile_0.5,nearest_sphere,ratio,0.5,1.539387959010085,0.712,0.852,0.824,0.028
5,euclidean,center_quantile_0.5,nearest_sphere,ratio,1.0,1.9736245219513293,0.782,0.852,0.838,0.014
5,euclidean,center_quantile_0.5,nearest_sphere,ratio,2.0,2.8794166008636135,0.842,0.852,0.85,0.002
5,euclidean,center_quantile_0.5,nearest_sphere,inverse_margin,0.0,1.1231268794068663,0.662,0.852,0.814,0.038
5,euclidean,center_quantile_0.5,nearest_sphere,inverse_margin,0.25,3.377903430123302,0.842,0.852,0.85,0.002
5,euclidean,center_quantile_0.5,nearest_sphere,inverse_margin,0.5,5.697900960575954,0.842,0.852,0.85,0.002
5,euclidean,center_quantile_0.5,nearest_sphere,inverse_margin,1.0,10.244507565387957,0.842,0.852,0.85,0.002
5,euclidean,center_quantile_0.5,nearest_sphere,inverse_margin,2.0,19.349239782550214,0.842,0.852,0.85,0.002
5,euclidean,center_quantile_0.5,nearest_sphere,max_ratio,0.0,1.1231268794068663,0.662,0.852,0.814,0.038
5,euclidean,center_quantile_0.5,nearest_sphere,max_ratio,0.25,1.1231268794068663,0.662,0.852,0.814,0.038
5,euclidean,center_quantile_0.5,nearest_sphere,max_ratio,0.5,1.1231268794068663,0.662,0.852,0.814,0.038
5,euclidean,center_quantile_0.5,nearest_sphere,max_ratio,1.0,1.1231268794068663,0.662,0.852,0.814,0.038
5,euclidean,center_quantile_0.5,nearest_sphere,max_ratio,2.0,1.8015088726791904,0.842,0.852,0.85,0.002
5,euclidean,center_quantile_0.5,normalized_union,none,0.0,1.0014137131112397,0.692,0.852,0.82,0.032
5,euclidean,center_quantile_0.5,normalized_union,none,0.25,1.0014137131112397,0.692,0.852,0.82,0.032
5,euclidean,center_quantile_0.5,normalized_union,none,0.5,1.0014137131112397,0.692,0.852,0.82,0.032
5,euclidean,center_quantile_0.5,normalized_union,none,1.0,1.0014137131112397,0.692,0.852,0.82,0.032
5,euclidean,center_quantile_0.5,normalized_union,none,2.0,1.0014137131112397,0.692,0.852,0.82,0.032
5,euclidean,center_quantile_0.5,normalized_union,ratio,0.0,1.0014137131112397,0.692,0.852,0.82,0.032
5,euclidean,center_quantile_0.5,normalized_union,ratio,0.25,1.2134655598609845,0.732,0.852,0.828,0.024
5,euclidean,center_quantile_0.5,normalized_union,ratio,0.5,1.4340946584016347,0.742,0.852,0.83,0.022
5,euclidean,center_quantile_0.5,normalized_union,ratio,1.0,1.88601146469118,0.782,0.852,0.838,0.014
5,euclidean,center_quantile_0.5,normalized_union,ratio,2.0,2.7870169923095833,0.772,0.852,0.836,0.016
5,euclidean,center_quantile_0.5,normalized_union,inverse_margin,0.0,1.0014137131112397,0.692,0.852,0.82,0.032
5,euclidean,center_quantile_0.5,normalized_union,inverse_margin,0.25,3.266201905065832,0.772,0.852,0.836,0.016
5,euclidean,center_quantile_0.5,normalized_union,inverse_margin,0.5,5.548563963739676,0.772,0.852,0.836,0.016
5,euclidean,center_quantile_0.5,normalized_union,inverse_margin,1.0,10.089855890759019,0.772,0.852,0.836,0.016
5,euclidean,center_quantile_0.5,normalized_union,inverse_margin,2.0,19.16587302560816,0.772,0.852,0.836,0.016
5,euclidean,center_quantile_0.5,normalized_union,max_ratio,0.0,1.0014137131112397,0.692,0.852,0.82,0.032
5,euclidean,center_quantile_0.5,normalized_union,max_ratio,0.25,1.0014137131112397,0.692,0.852,0.82,0.032
5,euclidean,center_quantile_0.5,normalized_union,max_ratio,0.5,1.0014137131112397,0.692,0.852,0.82,0.032
5,euclidean,center_quantile_0.5,normalized_union,max_ratio,1.0,1.0014137131112397,0.692,0.852,0.82,0.032
5,euclidean,center_quantile_0.5,normalized_union,max_ratio,2.0,1.8015088726791904,0.772,0.852,0.836,0.016
5,euclidean,intent_quantile_0.5,nearest_sphere,none,0.0,1.2020669120329905,0.822,0.852,0.846,0.006
5,euclidean,intent_quantile_0.5,nearest_sphere,none,0.25,1.2020669120329905,0.822,0.852,0.846,0.006
5,euclidean,intent_quantile_0.5,nearest_sphere,none,0.5,1.2020669120329905,0.822,0.852,0.846,0.006
5,euclidean,intent_quantile_0.5,nearest_sphere,none,1.0,1.2020669120329905,0.822,0.852,0.846,0.006
5,euclidean,intent_quantile_0.5,nearest_sphere,none,2.0,1.2020669120329905,0.822,0.852,0.846,0.006
5,euclidean,intent_quantile_0.5,nearest_sphere,ratio,0.0,1.2020669120329905,0.822,0.852,0.846,0.006
5,euclidean,intent_quantile_0.5,nearest_sphere,ratio,0.25,1.4199879913504763,0.832,0.852,0.848,0.004
5,euclidean,intent_quantile_0.5,nearest_sphere,ratio,0.5,1.6415798182288184,0.842,0.852,0.85,0.002
5,euclidean,intent_quantile_0.5,nearest_sphere,ratio,1.0,2.089498352504698,0.842,0.852,0.85,0.002
5,euclidean,intent_quantile_0.5,nearest_sphere,ratio,2.0,2.98045252534009,0.842,0.852,0.85,0.002
5,euclidean,intent_quantile_0.5,nearest_sphere,inverse_margin,0.0,1.2020669120329905,0.822,0.852,0.846,0.006
5,euclidean,intent_quantile_0.5,nearest_sphere,inverse_margin,0.25,3.4444380402727264,0.842,0.852,0.85,0.002
5,euclidean,intent_quantile_0.5,nearest_sphere,inverse_margin,0.5,5.713442323985012,0.842,0.852,0.85,0.002
5,euclidean,intent_quantile_0.5,nearest_sphere,inverse_margin,1.0,10.302209317124262,0.842,0.852,0.85,0.002
5,euclidean,intent_quantile_0.5,nearest_sphere,inverse_margin,2.0,19.327468026258725,0.842,0.852,0.85,0.002
5,euclidean,intent_quantile_0.5,nearest_sphere,max_ratio,0.0,1.2020669120329905,0.822,0.852,0.846,0.006
5,euclidean,intent_quantile_0.5,nearest_sphere,max_ratio,0.25,1.2020669120329905,0.822,0.852,0.846,0.006
5,euclidean,intent_quantile_0.5,nearest_sphere,max_ratio,0.5,1.2020669120329905,0.822,0.852,0.846,0.006
5,euclidean,intent_quantile_0.5,nearest_sphere,max_ratio,1.0,1.2020669120329905,0.822,0.852,0.846,0.006
5,euclidean,intent_quantile_0.5,nearest_sphere,max_ratio,2.0,1.8015088726791904,0.842,0.852,0.85,0.002
5,euclidean,intent_quantile_0.5,normalized_union,none,0.0,1.1940675576646487,0.772,0.852,0.836,0.016
5,euclidean,intent_quantile_0.5,normalized_union,none,0.25,1.1940675576646487,0.772,0.852,0.836,0.016
5,euclidean,intent_quantile_0.5,normalized_union,none,0.5,1.1940675576646487,0.772,0.852,0.836,0.016
5,euclidean,intent_quantile_0.5,normalized_union,none,1.0,1.1940675576646487,0.772,0.852,0.836,0.016
5,euclidean,intent_quantile_0.5,normalized_union,none,2.0,1.1940675576646487,0.772,0.852,0.836,0.016
5,euclidean,intent_quantile_0.5,normalized_union,ratio,0.0,1.1940675576646487,0.772,0.852,0.836,0.016
5,euclidean,intent_quantile_0.5,normalized_union,ratio,0.25,1.415626200524079,0.802,0.852,0.842,0.01
5,euclidean,intent_quantile_0.5,normalized_union,ratio,0.5,1.6393244601657915,0.832,0.852,0.848,0.004
5,euclidean,intent_quantile_0.5,normalized_union,ratio,1.0,2.084776457211797,0.832,0.852,0.848,0.004
5,euclidean,intent_quantile_0.5,normalized_union,ratio,2.0,2.98045252534009,0.832,0.852,0.848,0.004
5,euclidean,intent_quantile_0.5,normalized_union,inverse_margin,0.0,1.1940675576646487,0.772,0.852,0.836,0.016
5,euclidean,intent_quantile_0.5,normalized_union,inverse_margin,0.25,3.4444380402727264,0.812,0.852,0.844,0.008
5,euclidean,intent_quantile_0.5,normalized_union,inverse_margin,0.5,5.713442323985012,0.812,0.852,0.844,0.008
5,euclidean,intent_quantile_0.5,normalized_union,inverse_margin,1.0,10.302209317124262,0.812,0.852,0.844,0.008
5,euclidean,intent_quantile_0.5,normalized_union,inverse_margin,2.0,19.327468026258725,0.812,0.852,0.844,0.008
5,euclidean,intent_quantile_0.5,normalized_union,max_ratio,0.0,1.1940675576646487,0.772,0.852,0.836,0.016
5,euclidean,intent_quantile_0.5,normalized_union,max_ratio,0.25,1.1940675576646487,0.772,0.852,0.836,0.016
5,euclidean,intent_quantile_0.5,normalized_union,max_ratio,0.5,1.1940675576646487,0.772,0.852,0.836,0.016
5,euclidean,intent_quantile_0.5,normalized_union,max_ratio,1.0,1.1940675576646487,0.772,0.852,0.836,0.016
5,euclidean,intent_quantile_0.5,normalized_union,max_ratio,2.0,1.8015088726791904,0.812,0.852,0.844,0.008
5,euclidean,center_quantile_0.7,nearest_sphere,none,0.0,1.060475514376327,0.692,0.852,0.82,0.032
5,euclidean,center_quantile_0.7,nearest_sphere,none,0.25,1.060475514376327,0.692,0.852,0.82,0.032
5,euclidean,center_quantile_0.7,nearest_sphere,none,0.5,1.060475514376327,0.692,0.852,0.82,0.032
5,euclidean,center_quantile_0.7,nearest_sphere,none,1.0,1.060475514376327,0.692,0.852,0.82,0.032
5,euclidean,center_quantile_0.7,nearest_sphere,none,2.0,1.060475514376327,0.692,0.852,0.82,0.032
5,euclidean,center_quantile_0.7,nearest_sphere,ratio,0.0,1.060475514376327,0.692,0.852,0.82,0.032
5,euclidean,center_quantile_0.7,nearest_sphere,ratio,0.25,1.2667853056643015,0.702,0.852,0.822,0.03
5,euclidean,center_quantile_0.7,nearest_sphere,ratio,0.5,1.4839090812443392,0.752,0.852,0.832,0.02
5,euclidean,center_quantile_0.7,nearest_sphere,ratio,1.0,1.9295442647154162,0.802,0.852,0.842,0.01
5,euclidean,center_quantile_0.7,nearest_sphere,ratio,2.0,2.8340413558512196,0.842,0.852,0.85,0.002
5,euclidean,center_quantile_0.7,nearest_sphere,inverse_margin,0.0,1.060475514376327,0.692,0.852,0.82,0.032
5,euclidean,center_quantile_0.7,nearest_sphere,inverse_margin,0.25,3.337761628535997,0.842,0.852,0.85,0.002
5,euclidean,center_quantile_0.7,nearest_sphere,inverse_margin,0.5,5.646037794500796,0.842,0.852,0.85,0.002
5,euclidean,center_quantile_0.7,nearest_sphere,inverse_margin,1.0,10.188464942638134,0.842,0.852,0.85,0.002
5,euclidean,center_quantile_0.7,nearest_sphere,inverse_margin,2.0,19.286774900876882,0.842,0.852,0.85,0.002
5,euclidean,center_quantile_0.7,nearest_sphere,max_ratio,0.0,1.060475514376327,0.692,0.852,0.82,0.032
5,euclidean,center_quantile_0.7,nearest_sphere,max_ratio,0.25,1.060475514376327,0.692,0.852,0.82,0.032
5,euclidean,center_quantile_0.7,nearest_sphere,max_ratio,0.5,1.060475514376327,0.692,0.852,0.82,0.032
5,euclidean,center_quantile_0.7,nearest_sphere,max_ratio,1.0,1.060475514376327,0.692,0.852,0.82,0.032
5,euclidean,center_quantile_0.7,nearest_sphere,max_ratio,2.0,1.8015088726791904,0.842,0.852,0.85,0.002
5,euclidean,center_quantile_0.7,normalized_union,none,0.0,0.9623891624729058,0.682,0.852,0.818,0.034
5,euclidean,center_quantile_0.7,normalized_union,none,0.25,0.9623891624729058,0.682,0.852,0.818,0.034
5,euclidean,center_quantile_0.7,normalized_union,none,0.5,0.9623891624729058,0.682,0.852,0.818,0.034
5,euclidean,center_quantile_0.7,normalized_union,none,1.0,0.9623891624729058,0.682,0.852,0.818,0.034
5,euclidean,center_quantile_0.7,normalized_union,none,2.0,0.9623891624729058,0.682,0.852,0.818,0.034
5,euclidean,center_quantile_0.7,normalized_union,ratio,0.0,0.9623891624729058,0.682,0.852,0.818,0.034
5,euclidean,center_quantile_0.7,normalized_union,ratio,0.25,1.1750654413921766,0.742,0.852,0.83,0.022
5,euclidean,center_quantile_0.7,normalized_union,ratio,0.5,1.3938721612401017,0.772,0.852,0.836,0.016
5,euclidean,center_quantile_0.7,normalized_union,ratio,1.0,1.8528119430431285,0.792,0.852,0.84,0.012
5,euclidean,center_quantile_0.7,normalized_union,ratio,2.0,2.7548213125384833,0.802,0.852,0.842,0.01
5,euclidean,center_quantile_0.7,normalized_union,inverse_margin,0.0,0.9623891624729058,0.682,0.852,0.818,0.034
5,euclidean,center_quantile_0.7,normalized_union,inverse_margin,0.25,3.234957846451972,0.802,0.852,0.842,0.01
5,euclidean,center_quantile_0.7,normalized_union,inverse_margin,0.5,5.503962130164258,0.802,0.852,0.842,0.01
5,euclidean,center_quantile_0.7,normalized_union,inverse_margin,1.0,10.041970697588829,0.802,0.852,0.842,0.01
5,euclidean,center_quantile_0.7,normalized_union,inverse_margin,2.0,19.11798783243797,0.802,0.852,0.842,0.01
5,euclidean,center_quantile_0.7,normalized_union,max_ratio,0.0,0.9623891624729058,0.682,0.852,0.818,0.034
5,euclidean,center_quantile_0.7,normalized_union,max_ratio,0.25,0.9623891624729058,0.682,0.852,0.818,0.034
5,euclidean,center_quantile_0.7,normalized_union,max_ratio,0.5,0.9623891624729058,0.682,0.852,0.818,0.034
5,euclidean,center_quantile_0.7,normalized_union,max_ratio,1.0,0.9702156411194107,0.762,0.852,0.834,0.018
5,euclidean,center_quantile_0.7,normalized_union,max_ratio,2.0,1.8015088726791904,0.802,0.852,0.842,0.01
5,euclidean,intent_quantile_0.7,nearest_sphere,none,0.0,1.110648441814821,0.822,0.852,0.846,0.006
5,euclidean,intent_quantile_0.7,nearest_sphere,none,0.25,1.110648441814821,0.822,0.852,0.846,0.006
5,euclidean,intent_quantile_0.7,nearest_sphere,none,0.5,1.110648441814821,0.822,0.852,0.846,0.006
5,euclidean,intent_quantile_0.7,nearest_sphere,none,1.0,1.110648441814821,0.822,0.852,0.846,0.006
5,euclidean,intent_quantile_0.7,nearest_sphere,none,2.0,1.110648441814821,0.822,0.852,0.846,0.006
5,euclidean,intent_quantile_0.7,nearest_sphere,ratio,0.0,1.110648441814821,0.822,0.852,0.846,0.006
5,euclidean,intent_quantile_0.7,nearest_sphere,ratio,0.25,1.3333630951718969,0.832,0.852,0.848,0.004
5,euclidean,intent_quantile_0.7,nearest_sphere,ratio,0.5,1.5500443348758037,0.842,0.852,0.85,0.002
5,euclidean,intent_quantile_0.7,nearest_sphere,ratio,1.0,2.0036422303368,0.842,0.852,0.85,0.002
5,euclidean,intent_quantile_0.7,nearest_sphere,ratio,2.0,2.8991409372387675,0.842,0.852,0.85,0.002
5,euclidean,intent_quantile_0.7,nearest_sphere,inverse_margin,0.0,1.110648441814821,0.822,0.852,0.846,0.006
5,euclidean,intent_quantile_0.7,nearest_sphere,inverse_margin,0.25,3.3514827518465227,0.842,0.852,0.85,0.002
5,euclidean,intent_quantile_0.7,nearest_sphere,inverse_margin,0.5,5.620487035558808,0.842,0.852,0.85,0.002
5,euclidean,intent_quantile_0.7,nearest_sphere,inverse_margin,1.0,10.187959997430122,0.842,0.852,0.85,0.002
5,euclidean,intent_quantile_0.7,nearest_sphere,inverse_margin,2.0,19.23451273783252,0.842,0.852,0.85,0.002
5,euclidean,intent_quantile_0.7,nearest_sphere,max_ratio,0.0,1.110648441814821,0.822,0.852,0.846,0.006
5,euclidean,intent_quantile_0.7,nearest_sphere,max_ratio,0.25,1.110648441814821,0.822,0.852,0.846,0.006
5,euclidean,intent_quantile_0.7,nearest_sphere,max_ratio,0.5,1.110648441814821,0.822,0.852,0.846,0.006
5,euclidean,intent_quantile_0.7,nearest_sphere,max_ratio,1.0,1.110648441814821,0.822,0.852,0.846,0.006
5,euclidean,intent_quantile_0.7,nearest_sphere,max_ratio,2.0,1.8015088726791904,0.842,0.852,0.85,0.002
5,euclidean,intent_quantile_0.7,normalized_union,none,0.0,1.1058418173773747,0.782,0.852,0.838,0.014
5,euclidean,intent_quantile_0.7,normalized_union,none,0.25,1.1058418173773747,0.782,0.852,0.838,0.014
5,euclidean,intent_quantile_0.7,normalized_union,none,0.5,1.1058418173773747,0.782,0.852,0.838,0.014
5,euclidean,intent_quantile_0.7,normalized_union,none,1.0,1.1058418173773747,0.782,0.852,0.838,0.014
5,euclidean,intent_quantile_0.7,normalized_union,none,2.0,1.1058418173773747,0.782,0.852,0.838,0.014
5,euclidean,intent_quantile_0.7,normalized_union,ratio,0.0,1.1058418173773747,0.782,0.852,0.838,0.014
5,euclidean,intent_quantile_0.7,normalized_union,ratio,0.25,1.3290633927479718,0.802,0.852,0.842,0.01
5,euclidean,intent_quantile_0.7,normalized_union,ratio,0.5,1.5492383663354081,0.842,0.852,0.85,0.002
5,euclidean,intent_quantile_0.7,normalized_union,ratio,1.0,2.000706092141667,0.832,0.852,0.848,0.004
5,euclidean,intent_quantile_0.7,normalized_union,ratio,2.0,2.8991409372387675,0.832,0.852,0.848,0.004
5,euclidean,intent_quantile_0.7,normalized_union,inverse_margin,0.0,1.1058418173773747,0.782,0.852,0.838,0.014
5,euclidean,intent_quantile_0.7,normalized_union,inverse_margin,0.25,3.3514827518465227,0.812,0.852,0.844,0.008
5,euclidean,intent_quantile_0.7,normalized_union,inverse_margin,0.5,5.620487035558808,0.812,0.852,0.844,0.008
5,euclidean,intent_quantile_0.7,normalized_union,inverse_margin,1.0,10.187959997430122,0.812,0.852,0.844,0.008
5,euclidean,intent_quantile_0.7,normalized_union,inverse_margin,2.0,19.23451273783252,0.812,0.852,0.844,0.008
5,euclidean,intent_quantile_0.7,normalized_union,max_ratio,0.0,1.1058418173773747,0.782,0.852,0.838,0.014
5,euclidean,intent_quantile_0.7,normalized_union,max_ratio,0.25,1.1058418173773747,0.782,0.852,0.838,0.014
5,euclidean,intent_quantile_0.7,normalized_union,max_ratio,0.5,1.1058418173773747,0.782,0.852,0.838,0.014
5,euclidean,intent_quantile_0.7,normalized_union,max_ratio,1.0,1.1058418173773747,0.782,0.852,0.838,0.014
5,euclidean,intent_quantile_0.7,normalized_union,max_ratio,2.0,1.8015088726791904,0.812,0.852,0.844,0.008
5,euclidean,center_quantile_0.8,nearest_sphere,none,0.0,1.0253788378526039,0.692,0.852,0.82,0.032
5,euclidean,center_quantile_0.8,nearest_sphere,none,0.25,1.0253788378526039,0.692,0.852,0.82,0.032
5,euclidean,center_quantile_0.8,nearest_sphere,none,0.5,1.0253788378526039,0.692,0.852,0.82,0.032
5,euclidean,center_quantile_0.8,nearest_sphere,none,1.0,1.0253788378526039,0.692,0.852,0.82,0.032
5,euclidean,center_quantile_0.8,nearest_sphere,none,2.0,1.0253788378526039,0.692,0.852,0.82,0.032
5,euclidean,center_quantile_0.8,nearest_sphere,ratio,0.0,1.0253788378526039,0.692,0.852,0.82,0.032
5,euclidean,center_quantile_0.8,nearest_sphere,ratio,0.25,1.2388611880083769,0.702,0.852,0.822,0.03
5,euclidean,center_quantile_0.8,nearest_sphere,ratio,0.5,1.454297275408985,0.772,0.852,0.836,0.016
5,euclidean,center_quantile_0.8,nearest_sphere,ratio,1.0,1.8998615767524112,0.802,0.852,0.842,0.01
5,euclidean,center_quantile_0.8,nearest_sphere,ratio,2.0,2.7997059055206552,0.832,0.852,0.848,0.004
5,euclidean,center_quantile_0.8,nearest_sphere,inverse_margin,0.0,1.0253788378526039,0.692,0.852,0.82,0.032
5,euclidean,center_quantile_0.8,nearest_sphere,inverse_margin,0.25,3.310078669043749,0.842,0.852,0.85,0.002
5,euclidean,center_quantile_0.8,nearest_sphere,inverse_margin,0.5,5.618354835008549,0.842,0.852,0.85,0.002
5,euclidean,center_quantile_0.8,nearest_sphere,inverse_margin,1.0,10.158551117994755,0.842,0.852,0.85,0.002
5,euclidean,center_quantile_0.8,nearest_sphere,inverse_margin,2.0,19.234720938390247,0.842,0.852,0.85,0.002
5,euclidean,center_quantile_0.8,nearest_sphere,max_ratio,0.0,1.0253788378526039,0.692,0.852,0.82,0.032
5,euclidean,center_quantile_0.8,nearest_sphere,max_ratio,0.25,1.0253788378526039,0.692,0.852,0.82,0.032
5,euclidean,center_quantile_0.8,nearest_sphere,max_ratio,0.5,1.0253788378526039,0.692,0.852,0.82,0.032
5,euclidean,center_quantile_0.8,nearest_sphere,max_ratio,1.0,1.0253788378526039,0.692,0.852,0.82,0.032
5,euclidean,center_quantile_0.8,nearest_sphere,max_ratio,2.0,1.8015088726791904,0.842,0.852,0.85,0.002
5,euclidean,center_quantile_0.8,normalized_union,none,0.0,0.9446092047608455,0.662,0.852,0.814,0.038
5,euclidean,center_quantile_0.8,normalized_union,none,0.25,0.9446092047608455,0.662,0.852,0.814,0.038
5,euclidean,center_quantile_0.8,normalized_union,none,0.5,0.9446092047608455,0.662,0.852,0.814,0.038
5,euclidean,center_quantile_0.8,normalized_union,none,1.0,0.9446092047608455,0.662,0.852,0.814,0.038
5,euclidean,center_quantile_0.8,normalized_union,none,2.0,0.9446092047608455,0.662,0.852,0.814,0.038
5,euclidean,center_quantile_0.8,normalized_union,ratio,0.0,0.9446092047608455,0.662,0.852,0.814,0.038
5,euclidean,center_quantile_0.8,normalized_union,ratio,0.25,1.161114510237683,0.712,0.852,0.824,0.028
5,euclidean,center_quantile_0.8,normalized_union,ratio,0.5,1.3798048329519472,0.752,0.852,0.832,0.02
5,euclidean,center_quantile_0.8,normalized_union,ratio,1.0,1.8383779848885686,0.772,0.852,0.836,0.016
5,euclidean,center_quantile_0.8,normalized_union,ratio,2.0,2.7425818302677936,0.792,0.852,0.84,0.012
5,euclidean,center_quantile_0.8,normalized_union,inverse_margin,0.0,0.9446092047608455,0.662,0.852,0.814,0.038
5,euclidean,center_quantile_0.8,normalized_union,inverse_margin,0.25,3.22252332867259,0.792,0.852,0.84,0.012
5,euclidean,center_quantile_0.8,normalized_union,inverse_margin,0.5,5.491527612384875,0.792,0.852,0.84,0.012
5,euclidean,center_quantile_0.8,normalized_union,inverse_margin,1.0,10.029536179809446,0.792,0.852,0.84,0.012
5,euclidean,center_quantile_0.8,normalized_union,inverse_margin,2.0,19.10555331465859,0.792,0.852,0.84,0.012
5,euclidean,center_quantile_0.8,normalized_union,max_ratio,0.0,0.9446092047608455,0.662,0.852,0.814,0.038
5,euclidean,center_quantile_0.8,normalized_union,max_ratio,0.25,0.9446092047608455,0.662,0.852,0.814,0.038
5,euclidean,center_quantile_0.8,normalized_union,max_ratio,0.5,0.9446092047608455,0.662,0.852,0.814,0.038
5,euclidean,center_quantile_0.8,normalized_union,max_ratio,1.0,0.9536557898130876,0.762,0.852,0.834,0.018
5,euclidean,center_quantile_0.8,normalized_union,max_ratio,2.0,1.8015088726791904,0.792,0.852,0.84,0.012
5,euclidean,intent_quantile_0.8,nearest_sphere,none,0.0,1.0499730849560573,0.822,0.852,0.846,0.006
5,euclidean,intent_quantile_0.8,nearest_sphere,none,0.25,1.0499730849560573,0.822,0.852,0.846,0.006
5,euclidean,intent_quantile_0.8,nearest_sphere,none,0.5,1.0499730849560573,0.822,0.852,0.846,0.006
5,euclidean,intent_quantile_0.8,nearest_sphere,none,1.0,1.0499730849560573,0.822,0.852,0.846,0.006
5,euclidean,intent_quantile_0.8,nearest_sphere,none,2.0,1.0499730849560573,0.822,0.852,0.846,0.006
5,euclidean,intent_quantile_0.8,nearest_sphere,ratio,0.0,1.0499730849560573,0.822,0.852,0.846,0.006
5,euclidean,intent_quantile_0.8,nearest_sphere,ratio,0.25,1.2731408551040755,0.832,0.852,0.848,0.004
5,euclidean,intent_quantile_0.8,nearest_sphere,ratio,0.5,1.4893177160599023,0.842,0.852,0.85,0.002
5,euclidean,intent_quantile_0.8,nearest_sphere,ratio,1.0,1.9395355628895734,0.842,0.852,0.85,0.002
5,euclidean,intent_quantile_0.8,nearest_sphere,ratio,2.0,2.8374403284897145,0.842,0.852,0.85,0.002
5,euclidean,intent_quantile_0.8,nearest_sphere,inverse_margin,0.0,1.0499730849560573,0.822,0.852,0.846,0.006
5,euclidean,intent_quantile_0.8,nearest_sphere,inverse_margin,0.25,3.297716210720443,0.842,0.852,0.85,0.002
5,euclidean,intent_quantile_0.8,nearest_sphere,inverse_margin,0.5,5.568546633696769,0.842,0.852,0.85,0.002
5,euclidean,intent_quantile_0.8,nearest_sphere,inverse_margin,1.0,10.104729061857299,0.842,0.852,0.85,0.002
5,euclidean,intent_quantile_0.8,nearest_sphere,inverse_margin,2.0,19.18074619670644,0.842,0.852,0.85,0.002
5,euclidean,intent_quantile_0.8,nearest_sphere,max_ratio,0.0,1.0499730849560573,0.822,0.852,0.846,0.006
5,euclidean,intent_quantile_0.8,nearest_sphere,max_ratio,0.25,1.0499730849560573,0.822,0.852,0.846,0.006
5,euclidean,intent_quantile_0.8,nearest_sphere,max_ratio,0.5,1.0499730849560573,0.822,0.852,0.846,0.006
5,euclidean,intent_quantile_0.8,nearest_sphere,max_ratio,1.0,1.0499730849560573,0.822,0.852,0.846,0.006
5,euclidean,intent_quantile_0.8,nearest_sphere,max_ratio,2.0,1.8015088726791904,0.842,0.852,0.85,0.002
5,euclidean,intent_quantile_0.8,normalized_union,none,0.0,1.0459776255726037,0.772,0.852,0.836,0.016
5,euclidean,intent_quantile_0.8,normalized_union,none,0.25,1.0459776255726037,0.772,0.852,0.836,0.016
5,euclidean,intent_quantile_0.8,normalized_union,none,0.5,1.0459776255726037,0.772,0.852,0.836,0.016
5,euclidean,intent_quantile_0.8,normalized_union,none,1.0,1.0459776255726037,0.772,0.852,0.836,0.016
5,euclidean,intent_quantile_0.8,normalized_union,none,2.0,1.0459776255726037,0.772,0.852,0.836,0.016
5,euclidean,intent_quantile_0.8,normalized_union,ratio,0.0,1.0459776255726037,0.772,0.852,0.836,0.016
5,euclidean,intent_quantile_0.8,normalized_union,ratio,0.25,1.269051765273327,0.802,0.852,0.842,0.01
5,euclidean,intent_quantile_0.8,normalized_union,ratio,0.5,1.4873540273837413,0.842,0.852,0.85,0.002
5,euclidean,intent_quantile_0.8,normalized_union,ratio,1.0,1.929466363347753,0.832,0.852,0.848,0.004
5,euclidean,intent_quantile_0.8,normalized_union,ratio,2.0,2.8374403284897145,0.832,0.852,0.848,0.004
5,euclidean,intent_quantile_0.8,normalized_union,inverse_margin,0.0,1.0459776255726037,0.772,0.852,0.836,0.016
5,euclidean,intent_quantile_0.8,normalized_union,inverse_margin,0.25,3.297716210720443,0.812,0.852,0.844,0.008
5,euclidean,intent_quantile_0.8,normalized_union,inverse_margin,0.5,5.568546633696769,0.812,0.852,0.844,0.008
5,euclidean,intent_quantile_0.8,normalized_union,inverse_margin,1.0,10.104729061857299,0.812,0.852,0.844,0.008
5,euclidean,intent_quantile_0.8,normalized_union,inverse_margin,2.0,19.18074619670644,0.812,0.852,0.844,0.008
5,euclidean,intent_quantile_0.8,normalized_union,max_ratio,0.0,1.0459776255726037,0.772,0.852,0.836,0.016
5,euclidean,intent_quantile_0.8,normalized_union,max_ratio,0.25,1.0459776255726037,0.772,0.852,0.836,0.016
5,euclidean,intent_quantile_0.8,normalized_union,max_ratio,0.5,1.0459776255726037,0.772,0.852,0.836,0.016
5,euclidean,intent_quantile_0.8,normalized_union,max_ratio,1.0,1.0459776255726037,0.772,0.852,0.836,0.016
5,euclidean,intent_quantile_0.8,normalized_union,max_ratio,2.0,1.8015088726791904,0.812,0.852,0.844,0.008
5,euclidean,center_quantile_0.9,nearest_sphere,none,0.0,0.9825019804760423,0.692,0.852,0.82,0.032
5,euclidean,center_quantile_0.9,nearest_sphere,none,0.25,0.9825019804760423,0.692,0.852,0.82,0.032
5,euclidean,center_quantile_0.9,nearest_sphere,none,0.5,0.9825019804760423,0.692,0.852,0.82,0.032
5,euclidean,center_quantile_0.9,nearest_sphere,none,1.0,0.9825019804760423,0.692,0.852,0.82,0.032
5,euclidean,center_quantile_0.9,nearest_sphere,none,2.0,0.9825019804760423,0.692,0.852,0.82,0.032
5,euclidean,center_quantile_0.9,nearest_sphere,ratio,0.0,0.9825019804760423,0.692,0.852,0.82,0.032
5,euclidean,center_quantile_0.9,nearest_sphere,ratio,0.25,1.1995246330250882,0.752,0.852,0.832,0.02
5,euclidean,center_quantile_0.9,nearest_sphere,ratio,0.5,1.4141160199977556,0.782,0.852,0.838,0.014
5,euclidean,center_quantile_0.9,nearest_sphere,ratio,1.0,1.861616777293729,0.822,0.852,0.846,0.006
5,euclidean,center_quantile_0.9,nearest_sphere,ratio,2.0,2.7526417349911534,0.842,0.852,0.85,0.002
5,euclidean,center_quantile_0.9,nearest_sphere,inverse_margin,0.0,0.9825019804760423,0.692,0.852,0.82,0.032
5,euclidean,center_quantile_0.9,nearest_sphere,inverse_margin,0.25,3.2814018962767992,0.842,0.852,0.85,0.002
5,euclidean,center_quantile_0.9,nearest_sphere,inverse_margin,0.5,5.589554824993778,0.842,0.852,0.85,0.002
5,euclidean,center_quantile_0.9,nearest_sphere,inverse_margin,1.0,10.127563392418349,0.842,0.852,0.85,0.002
5,euclidean,center_quantile_0.9,nearest_sphere,inverse_margin,2.0,19.20358052726749,0.842,0.852,0.85,0.002
5,euclidean,center_quantile_0.9,nearest_sphere,max_ratio,0.0,0.9825019804760423,0.692,0.852,0.82,0.032
5,euclidean,center_quantile_0.9,nearest_sphere,max_ratio,0.25,0.9825019804760423,0.692,0.852,0.82,0.032
5,euclidean,center_quantile_0.9,nearest_sphere,max_ratio,0.5,0.9825019804760423,0.692,0.852,0.82,0.032
5,euclidean,center_quantile_0.9,nearest_sphere,max_ratio,1.0,0.9884964459901582,0.772,0.852,0.836,0.016
5,euclidean,center_quantile_0.9,nearest_sphere,max_ratio,2.0,1.8015088726791904,0.842,0.852,0.85,0.002
5,euclidean,center_quantile_0.9,normalized_union,none,0.0,0.9183483455481555,0.732,0.852,0.828,0.024
5,euclidean,center_quantile_0.9,normalized_union,none,0.25,0.9183483455481555,0.732,0.852,0.828,0.024
5,euclidean,center_quantile_0.9,normalized_union,none,0.5,0.9183483455481555,0.732,0.852,0.828,0.024
5,euclidean,center_quantile_0.9,normalized_union,none,1.0,0.9183483455481555,0.732,0.852,0.828,0.024
5,euclidean,center_quantile_0.9,normalized_union,none,2.0,0.9183483455481555,0.732,0.852,0.828,0.024
5,euclidean,center_quantile_0.9,normalized_union,ratio,0.0,0.9183483455481555,0.732,0.852,0.828,0.024
5,euclidean,center_quantile_0.9,normalized_union,ratio,0.25,1.1334011901155332,0.762,0.852,0.834,0.018
5,euclidean,center_quantile_0.9,normalized_union,ratio,0.5,1.3591916468817336,0.792,0.852,0.84,0.012
5,euclidean,center_quantile_0.9,normalized_union,ratio,1.0,1.8105443621649133,0.812,0.852,0.844,0.008
5,euclidean,center_quantile_0.9,normalized_union,ratio,2.0,2.7147315825207166,0.832,0.852,0.848,0.004
5,euclidean,center_quantile_0.9,normalized_union,inverse_margin,0.0,0.9183483455481555,0.732,0.852,0.828,0.024
5,euclidean,center_quantile_0.9,normalized_union,inverse_margin,0.25,3.194229288686885,0.832,0.852,0.848,0.004
5,euclidean,center_quantile_0.9,normalized_union,inverse_margin,0.5,5.4632335723991705,0.832,0.852,0.848,0.004
5,euclidean,center_quantile_0.9,normalized_union,inverse_margin,1.0,10.001242139823741,0.832,0.852,0.848,0.004
5,euclidean,center_quantile_0.9,normalized_union,inverse_margin,2.0,19.077259274672883,0.832,0.852,0.848,0.004
5,euclidean,center_quantile_0.9,normalized_union,max_ratio,0.0,0.9183483455481555,0.732,0.852,0.828,0.024
5,euclidean,center_quantile_0.9,normalized_union,max_ratio,0.25,0.9183483455481555,0.732,0.852,0.828,0.024
5,euclidean,center_quantile_0.9,normalized_union,max_ratio,0.5,0.9183483455481555,0.732,0.852,0.828,0.024
5,euclidean,center_quantile_0.9,normalized_union,max_ratio,1.0,0.9334712931136572,0.822,0.852,0.846,0.006
5,euclidean,center_quantile_0.9,normalized_union,max_ratio,2.0,1.8015088726791904,0.832,0.852,0.848,0.004
5,euclidean,intent_quantile_0.9,nearest_sphere,none,0.0,0.9619124384597029,0.832,0.852,0.848,0.004
5,euclidean,intent_quantile_0.9,nearest_sphere,none,0.25,0.9619124384597029,0.832,0.852,0.848,0.004
5,euclidean,intent_quantile_0.9,nearest_sphere,none,0.5,0.9619124384597029,0.832,0.852,0.848,0.004
5,euclidean,intent_quantile_0.9,nearest_sphere,none,1.0,0.9619124384597029,0.832,0.852,0.848,0.004
5,euclidean,intent_quantile_0.9,nearest_sphere,none,2.0,0.9619124384597029,0.832,0.852,0.848,0.004
5,euclidean,intent_quantile_0.9,nearest_sphere,ratio,0.0,0.9619124384597029,0.832,0.852,0.848,0.004
5,euclidean,intent_quantile_0.9,nearest_sphere,ratio,0.25,1.1844452935173246,0.842,0.852,0.85,0.002
5,euclidean,intent_quantile_0.9,nearest_sphere,ratio,0.5,1.4078527215931387,0.842,0.852,0.85,0.002
5,euclidean,intent_quantile_0.9,nearest_sphere,ratio,1.0,1.8564360163587394,0.842,0.852,0.85,0.002
5,euclidean,intent_quantile_0.9,nearest_sphere,ratio,2.0,2.765264881433833,0.842,0.852,0.85,0.002
5,euclidean,intent_quantile_0.9,nearest_sphere,inverse_margin,0.0,0.9619124384597029,0.832,0.852,0.848,0.004
5,euclidean,intent_quantile_0.9,nearest_sphere,inverse_margin,0.25,3.2327602924669283,0.842,0.852,0.85,0.002
5,euclidean,intent_quantile_0.9,nearest_sphere,inverse_margin,0.5,5.501764576179214,0.842,0.852,0.85,0.002
5,euclidean,intent_quantile_0.9,nearest_sphere,inverse_margin,1.0,10.039773143603785,0.842,0.852,0.85,0.002
5,euclidean,intent_quantile_0.9,nearest_sphere,inverse_margin,2.0,19.115790278452927,0.842,0.852,0.85,0.002
5,euclidean,intent_quantile_0.9,nearest_sphere,max_ratio,0.0,0.9619124384597029,0.832,0.852,0.848,0.004
5,euclidean,intent_quantile_0.9,nearest_sphere,max_ratio,0.25,0.9619124384597029,0.832,0.852,0.848,0.004
5,euclidean,intent_quantile_0.9,nearest_sphere,max_ratio,0.5,0.9619124384597029,0.832,0.852,0.848,0.004
5,euclidean,intent_quantile_0.9,nearest_sphere,max_ratio,1.0,0.9637560087546428,0.842,0.852,0.85,0.002
5,euclidean,intent_quantile_0.9,nearest_sphere,max_ratio,2.0,1.8015088726791904,0.842,0.852,0.85,0.002
5,euclidean,intent_quantile_0.9,normalized_union,none,0.0,0.9580480941550201,0.802,0.852,0.842,0.01
5,euclidean,intent_quantile_0.9,normalized_union,none,0.25,0.9580480941550201,0.802,0.852,0.842,0.01
5,euclidean,intent_quantile_0.9,normalized_union,none,0.5,0.9580480941550201,0.802,0.852,0.842,0.01
5,euclidean,intent_quantile_0.9,normalized_union,none,1.0,0.9580480941550201,0.802,0.852,0.842,0.01
5,euclidean,intent_quantile_0.9,normalized_union,none,2.0,0.9580480941550201,0.802,0.852,0.842,0.01
5,euclidean,intent_quantile_0.9,normalized_union,ratio,0.0,0.9580480941550201,0.802,0.852,0.842,0.01
5,euclidean,intent_quantile_0.9,normalized_union,ratio,0.25,1.1835728778597925,0.832,0.852,0.848,0.004
5,euclidean,intent_quantile_0.9,normalized_union,ratio,0.5,1.4076429027938775,0.842,0.852,0.85,0.002
5,euclidean,intent_quantile_0.9,normalized_union,ratio,1.0,1.8557829526620475,0.842,0.852,0.85,0.002
5,euclidean,intent_quantile_0.9,normalized_union,ratio,2.0,2.765264881433833,0.842,0.852,0.85,0.002
5,euclidean,intent_quantile_0.9,normalized_union,inverse_margin,0.0,0.9580480941550201,0.802,0.852,0.842,0.01
5,euclidean,intent_quantile_0.9,normalized_union,inverse_margin,0.25,3.2327602924669283,0.842,0.852,0.85,0.002
5,euclidean,intent_quantile_0.9,normalized_union,inverse_margin,0.5,5.501764576179214,0.842,0.852,0.85,0.002
5,euclidean,intent_quantile_0.9,normalized_union,inverse_margin,1.0,10.039773143603785,0.842,0.852,0.85,0.002
5,euclidean,intent_quantile_0.9,normalized_union,inverse_margin,2.0,19.115790278452927,0.842,0.852,0.85,0.002
5,euclidean,intent_quantile_0.9,normalized_union,max_ratio,0.0,0.9580480941550201,0.802,0.852,0.842,0.01
5,euclidean,intent_quantile_0.9,normalized_union,max_ratio,0.25,0.9580480941550201,0.802,0.852,0.842,0.01
5,euclidean,intent_quantile_0.9,normalized_union,max_ratio,0.5,0.9580480941550201,0.802,0.852,0.842,0.01
5,euclidean,intent_quantile_0.9,normalized_union,max_ratio,1.0,0.9634192311856101,0.822,0.852,0.846,0.006
5,euclidean,intent_quantile_0.9,normalized_union,max_ratio,2.0,1.8015088726791904,0.842,0.852,0.85,0.002
5,euclidean,center_quantile_0.95,nearest_sphere,none,0.0,0.9538778746994979,0.702,0.852,0.822,0.03
5,euclidean,center_quantile_0.95,nearest_sphere,none,0.25,0.9538778746994979,0.702,0.852,0.822,0.03
5,euclidean,center_quantile_0.95,nearest_sphere,none,0.5,0.9538778746994979,0.702,0.852,0.822,0.03
5,euclidean,center_quantile_0.95,nearest_sphere,none,1.0,0.9538778746994979,0.702,0.852,0.822,0.03
5,euclidean,center_quantile_0.95,nearest_sphere,none,2.0,0.9538778746994979,0.702,0.852,0.822,0.03
5,euclidean,center_quantile_0.95,nearest_sphere,ratio,0.0,0.9538778746994979,0.702,0.852,0.822,0.03
5,euclidean,center_quantile_0.95,nearest_sphere,ratio,0.25,1.170107108044545,0.752,0.852,0.832,0.02
5,euclidean,center_quantile_0.95,nearest_sphere,ratio,0.5,1.3917786325447907,0.792,0.852,0.84,0.012
5,euclidean,center_quantile_0.95,nearest_sphere,ratio,1.0,1.8393194543241371,0.822,0.852,0.846,0.006
5,euclidean,center_quantile_0.95,nearest_sphere,ratio,2.0,2.7289123506014805,0.842,0.852,0.85,0.002
5,euclidean,center_quantile_0.95,nearest_sphere,inverse_margin,0.0,0.9538778746994979,0.702,0.852,0.822,0.03
5,euclidean,center_quantile_0.95,nearest_sphere,inverse_margin,0.25,3.2539645015177445,0.842,0.852,0.85,0.002
5,euclidean,center_quantile_0.95,nearest_sphere,inverse_margin,0.5,5.562893178423531,0.842,0.852,0.85,0.002
5,euclidean,center_quantile_0.95,nearest_sphere,inverse_margin,1.0,10.100901745848102,0.842,0.852,0.85,0.002
5,euclidean,center_quantile_0.95,nearest_sphere,inverse_margin,2.0,19.176918880697244,0.842,0.852,0.85,0.002
5,euclidean,center_quantile_0.95,nearest_sphere,max_ratio,0.0,0.9538778746994979,0.702,0.852,0.822,0.03
5,euclidean,center_quantile_0.95,nearest_sphere,max_ratio,0.25,0.9538778746994979,0.702,0.852,0.822,0.03
5,euclidean,center_quantile_0.95,nearest_sphere,max_ratio,0.5,0.9538778746994979,0.702,0.852,0.822,0.03
5,euclidean,center_quantile_0.95,nearest_sphere,max_ratio,1.0,0.9707732114842758,0.822,0.852,0.846,0.006
5,euclidean,center_quantile_0.95,nearest_sphere,max_ratio,2.0,1.8015088726791904,0.842,0.852,0.85,0.002
5,euclidean,center_quantile_0.95,normalized_union,none,0.0,0.9016110203314822,0.732,0.852,0.828,0.024
5,euclidean,center_quantile_0.95,normalized_union,none,0.25,0.9016110203314822,0.732,0.852,0.828,0.024
5,euclidean,center_quantile_0.95,normalized_union,none,0.5,0.9016110203314822,0.732,0.852,0.828,0.024
5,euclidean,center_quantile_0.95,normalized_union,none,1.0,0.9016110203314822,0.732,0.852,0.828,0.024
5,euclidean,center_quantile_0.95,normalized_union,none,2.0,0.9016110203314822,0.732,0.852,0.828,0.024
5,euclidean,center_quantile_0.95,normalized_union,ratio,0.0,0.9016110203314822,0.732,0.852,0.828,0.024
5,euclidean,center_quantile_0.95,normalized_union,ratio,0.25,1.1147178743898187,0.752,0.852,0.832,0.02
5,euclidean,center_quantile_0.95,normalized_union,ratio,0.5,1.3331488671269078,0.792,0.852,0.84,0.012
5,euclidean,center_quantile_0.95,normalized_union,ratio,1.0,1.779092160279875,0.812,0.852,0.844,0.008
5,euclidean,center_quantile_0.95,normalized_union,ratio,2.0,2.677819547899139,0.822,0.852,0.846,0.006
5,euclidean,center_quantile_0.95,normalized_union,inverse_margin,0.0,0.9016110203314822,0.732,0.852,0.828,0.024
5,euclidean,center_quantile_0.95,normalized_union,inverse_margin,0.25,3.1711326906262634,0.822,0.852,0.846,0.006
5,euclidean,center_quantile_0.95,normalized_union,inverse_margin,0.5,5.440136974338549,0.822,0.852,0.846,0.006
5,euclidean,center_quantile_0.95,normalized_union,inverse_margin,1.0,9.97814554176312,0.822,0.852,0.846,0.006
5,euclidean,center_quantile_0.95,normalized_union,inverse_margin,2.0,19.05416267661226,0.822,0.852,0.846,0.006
5,euclidean,center_quantile_0.95,normalized_union,max_ratio,0.0,0.9016110203314822,0.732,0.852,0.828,0.024
5,euclidean,center_quantile_0.95,normalized_union,max_ratio,0.25,0.9016110203314822,0.732,0.852,0.828,0.024
5,euclidean,center_quantile_0.95,normalized_union,max_ratio,0.5,0.9016110203314822,0.732,0.852,0.828,0.024
5,euclidean,center_quantile_0.95,normalized_union,max_ratio,1.0,0.9169708053515627,0.822,0.852,0.846,0.006
5,euclidean,center_quantile_0.95,normalized_union,max_ratio,2.0,1.8015088726791904,0.822,0.852,0.846,0.006
5,euclidean,intent_quantile_0.95,nearest_sphere,none,0.0,0.9156464189293463,0.822,0.852,0.846,0.006
5,euclidean,intent_quantile_0.95,nearest_sphere,none,0.25,0.9156464189293463,0.822,0.852,0.846,0.006
5,euclidean,intent_quantile_0.95,nearest_sphere,none,0.5,0.9156464189293463,0.822,0.852,0.846,0.006
5,euclidean,intent_quantile_0.95,nearest_sphere,none,1.0,0.9156464189293463,0.822,0.852,0.846,0.006
5,euclidean,intent_quantile_0.95,nearest_sphere,none,2.0,0.9156464189293463,0.822,0.852,0.846,0.006
5,euclidean,intent_quantile_0.95,nearest_sphere,ratio,0.0,0.9156464189293463,0.822,0.852,0.846,0.006
5,euclidean,intent_quantile_0.95,nearest_sphere,ratio,0.25,1.139339321897093,0.832,0.852,0.848,0.004
5,euclidean,intent_quantile_0.95,nearest_sphere,ratio,0.5,1.3690407268217144,0.842,0.852,0.85,0.002
5,euclidean,intent_quantile_0.95,nearest_sphere,ratio,1.0,1.8158371191190292,0.842,0.852,0.85,0.002
5,euclidean,intent_quantile_0.95,nearest_sphere,ratio,2.0,2.7250773263366392,0.842,0.852,0.85,0.002
5,euclidean,intent_quantile_0.95,nearest_sphere,inverse_margin,0.0,0.9156464189293463,0.822,0.852,0.846,0.006
5,euclidean,intent_quantile_0.95,nearest_sphere,inverse_margin,0.25,3.1939870059355364,0.842,0.852,0.85,0.002
5,euclidean,intent_quantile_0.95,nearest_sphere,inverse_margin,0.5,5.462991289647822,0.842,0.852,0.85,0.002
5,euclidean,intent_quantile_0.95,nearest_sphere,inverse_margin,1.0,10.000999857072394,0.842,0.852,0.85,0.002
5,euclidean,intent_quantile_0.95,nearest_sphere,inverse_margin,2.0,19.077016991921536,0.842,0.852,0.85,0.002
5,euclidean,intent_quantile_0.95,nearest_sphere,max_ratio,0.0,0.9156464189293463,0.822,0.852,0.846,0.006
5,euclidean,intent_quantile_0.95,nearest_sphere,max_ratio,0.25,0.9156464189293463,0.822,0.852,0.846,0.006
5,euclidean,intent_quantile_0.95,nearest_sphere,max_ratio,0.5,0.9156464189293463,0.822,0.852,0.846,0.006
5,euclidean,intent_quantile_0.95,nearest_sphere,max_ratio,1.0,0.9249628648507241,0.842,0.852,0.85,0.002
5,euclidean,intent_quantile_0.95,nearest_sphere,max_ratio,2.0,1.8015088726791904,0.842,0.852,0.85,0.002
5,euclidean,intent_quantile_0.95,normalized_union,none,0.0,0.9125421791431567,0.812,0.852,0.844,0.008
5,euclidean,intent_quantile_0.95,normalized_union,none,0.25,0.9125421791431567,0.812,0.852,0.844,0.008
5,euclidean,intent_quantile_0.95,normalized_union,none,0.5,0.9125421791431567,0.812,0.852,0.844,0.008
5,euclidean,intent_quantile_0.95,normalized_union,none,1.0,0.9125421791431567,0.812,0.852,0.844,0.008
5,euclidean,intent_quantile_0.95,normalized_union,none,2.0,0.9125421791431567,0.812,0.852,0.844,0.008
5,euclidean,intent_quantile_0.95,normalized_union,ratio,0.0,0.9125421791431567,0.812,0.852,0.844,0.008
5,euclidean,intent_quantile_0.95,normalized_union,ratio,0.25,1.139339321897093,0.842,0.852,0.85,0.002
5,euclidean,intent_quantile_0.95,normalized_union,ratio,0.5,1.3636585997682231,0.842,0.852,0.85,0.002
5,euclidean,intent_quantile_0.95,normalized_union,ratio,1.0,1.8158371191190292,0.842,0.852,0.85,0.002
5,euclidean,intent_quantile_0.95,normalized_union,ratio,2.0,2.7250773263366392,0.842,0.852,0.85,0.002
5,euclidean,intent_quantile_0.95,normalized_union,inverse_margin,0.0,0.9125421791431567,0.812,0.852,0.844,0.008
5,euclidean,intent_quantile_0.95,normalized_union,inverse_margin,0.25,3.1939870059355364,0.842,0.852,0.85,0.002
5,euclidean,intent_quantile_0.95,normalized_union,inverse_margin,0.5,5.462991289647822,0.842,0.852,0.85,0.002
5,euclidean,intent_quantile_0.95,normalized_union,inverse_margin,1.0,10.000999857072394,0.842,0.852,0.85,0.002
5,euclidean,intent_quantile_0.95,normalized_union,inverse_margin,2.0,19.077016991921536,0.842,0.852,0.85,0.002
5,euclidean,intent_quantile_0.95,normalized_union,max_ratio,0.0,0.9125421791431567,0.812,0.852,0.844,0.008
5,euclidean,intent_quantile_0.95,normalized_union,max_ratio,0.25,0.9125421791431567,0.812,0.852,0.844,0.008
5,euclidean,intent_quantile_0.95,normalized_union,max_ratio,0.5,0.9125421791431567,0.812,0.852,0.844,0.008
5,euclidean,intent_quantile_0.95,normalized_union,max_ratio,1.0,0.9249628648507241,0.842,0.852,0.85,0.002
5,euclidean,intent_quantile_0.95,normalized_union,max_ratio,2.0,1.8015088726791904,0.842,0.852,0.85,0.002
5,euclidean,center_quantile_0.99,nearest_sphere,none,0.0,0.9033963388050702,0.762,0.852,0.834,0.018
5,euclidean,center_quantile_0.99,nearest_sphere,none,0.25,0.9033963388050702,0.762,0.852,0.834,0.018
5,euclidean,center_quantile_0.99,nearest_sphere,none,0.5,0.9033963388050702,0.762,0.852,0.834,0.018
5,euclidean,center_quantile_0.99,nearest_sphere,none,1.0,0.9033963388050702,0.762,0.852,0.834,0.018
5,euclidean,center_quantile_0.99,nearest_sphere,none,2.0,0.9033963388050702,0.762,0.852,0.834,0.018
5,euclidean,center_quantile_0.99,nearest_sphere,ratio,0.0,0.9033963388050702,0.762,0.852,0.834,0.018
5,euclidean,center_quantile_0.99,nearest_sphere,ratio,0.25,1.1201924441444362,0.802,0.852,0.842,0.01
5,euclidean,center_quantile_0.99,nearest_sphere,ratio,0.5,1.3458500211949183,0.812,0.852,0.844,0.008
5,euclidean,center_quantile_0.99,nearest_sphere,ratio,1.0,1.788649421763126,0.832,0.852,0.848,0.004
5,euclidean,center_quantile_0.99,nearest_sphere,ratio,2.0,2.6771155265589566,0.842,0.852,0.85,0.002
5,euclidean,center_quantile_0.99,nearest_sphere,inverse_margin,0.0,0.9033963388050702,0.762,0.852,0.834,0.018
5,euclidean,center_quantile_0.99,nearest_sphere,inverse_margin,0.25,3.1909008897036113,0.842,0.852,0.85,0.002
5,euclidean,center_quantile_0.99,nearest_sphere,inverse_margin,0.5,5.491760684109464,0.842,0.852,0.85,0.002
5,euclidean,center_quantile_0.99,nearest_sphere,inverse_margin,1.0,10.061266371892348,0.842,0.852,0.85,0.002
5,euclidean,center_quantile_0.99,nearest_sphere,inverse_margin,2.0,19.105786386383176,0.842,0.852,0.85,0.002
5,euclidean,center_quantile_0.99,nearest_sphere,max_ratio,0.0,0.9033963388050702,0.762,0.852,0.834,0.018
5,euclidean,center_quantile_0.99,nearest_sphere,max_ratio,0.25,0.9033963388050702,0.762,0.852,0.834,0.018
5,euclidean,center_quantile_0.99,nearest_sphere,max_ratio,0.5,0.9033963388050702,0.762,0.852,0.834,0.018
5,euclidean,center_quantile_0.99,nearest_sphere,max_ratio,1.0,0.9359749058611989,0.842,0.852,0.85,0.002
5,euclidean,center_quantile_0.99,nearest_sphere,max_ratio,2.0,1.8015088726791904,0.842,0.852,0.85,0.002
5,euclidean,center_quantile_0.99,normalized_union,none,0.0,0.8801398378422428,0.772,0.852,0.836,0.016
5,euclidean,center_quantile_0.99,normalized_union,none,0.25,0.8801398378422428,0.772,0.852,0.836,0.016
5,euclidean,center_quantile_0.99,normalized_union,none,0.5,0.8801398378422428,0.772,0.852,0.836,0.016
5,euclidean,center_quantile_0.99,normalized_union,none,1.0,0.8801398378422428,0.772,0.852,0.836,0.016
5,euclidean,center_quantile_0.99,normalized_union,none,2.0,0.8801398378422428,0.772,0.852,0.836,0.016
5,euclidean,center_quantile_0.99,normalized_union,ratio,0.0,0.8801398378422428,0.772,0.852,0.836,0.016
5,euclidean,center_quantile_0.99,normalized_union,ratio,0.25,1.0972183203690598,0.782,0.852,0.838,0.014
5,euclidean,center_quantile_0.99,normalized_union,ratio,0.5,1.311098713535328,0.812,0.852,0.844,0.008
5,euclidean,center_quantile_0.99,normalized_union,ratio,1.0,1.759298747252827,0.832,0.852,0.848,0.004
5,euclidean,center_quantile_0.99,normalized_union,ratio,2.0,2.664460038589839,0.842,0.852,0.85,0.002
5,euclidean,center_quantile_0.99,normalized_union,inverse_margin,0.0,0.8801398378422428,0.772,0.852,0.836,0.016
5,euclidean,center_quantile_0.99,normalized_union,inverse_margin,0.25,3.1457224852416257,0.832,0.852,0.848,0.004
5,euclidean,center_quantile_0.99,normalized_union,inverse_margin,0.5,5.414726768953911,0.832,0.852,0.848,0.004
5,euclidean,center_quantile_0.99,normalized_union,inverse_margin,1.0,9.952735336378483,0.832,0.852,0.848,0.004
5,euclidean,center_quantile_0.99,normalized_union,inverse_margin,2.0,19.028752471227623,0.832,0.852,0.848,0.004
5,euclidean,center_quantile_0.99,normalized_union,max_ratio,0.0,0.8801398378422428,0.772,0.852,0.836,0.016
5,euclidean,center_quantile_0.99,normalized_union,max_ratio,0.25,0.8801398378422428,0.772,0.852,0.836,0.016
5,euclidean,center_quantile_0.99,normalized_union,max_ratio,0.5,0.8801398378422428,0.772,0.852,0.836,0.016
5,euclidean,center_quantile_0.99,normalized_union,max_ratio,1.0,0.9053767800563288,0.842,0.852,0.85,0.002
5,euclidean,center_quantile_0.99,normalized_union,max_ratio,2.0,1.8015088726791904,0.832,0.852,0.848,0.004
5,euclidean,intent_quantile_0.99,nearest_sphere,none,0.0,0.864426707826599,0.812,0.852,0.844,0.008
5,euclidean,intent_quantile_0.99,nearest_sphere,none,0.25,0.864426707826599,0.812,0.852,0.844,0.008
5,euclidean,intent_quantile_0.99,nearest_sphere,none,0.5,0.864426707826599,0.812,0.852,0.844,0.008
5,euclidean,intent_quantile_0.99,nearest_sphere,none,1.0,0.864426707826599,0.812,0.852,0.844,0.008
5,euclidean,intent_quantile_0.99,nearest_sphere,none,2.0,0.864426707826599,0.812,0.852,0.844,0.008
5,euclidean,intent_quantile_0.99,nearest_sphere,ratio,0.0,0.864426707826599,0.812,0.852,0.844,0.008
5,euclidean,intent_quantile_0.99,nearest_sphere,ratio,0.25,1.0871538868819792,0.832,0.852,0.848,0.004
5,euclidean,intent_quantile_0.99,nearest_sphere,ratio,0.5,1.3123562220019864,0.832,0.852,0.848,0.004
5,euclidean,intent_quantile_0.99,nearest_sphere,ratio,1.0,1.7699205705731536,0.842,0.852,0.85,0.002
5,euclidean,intent_quantile_0.99,nearest_sphere,ratio,2.0,2.6723180497074956,0.842,0.852,0.85,0.002
5,euclidean,intent_quantile_0.99,nearest_sphere,inverse_margin,0.0,0.864426707826599,0.812,0.852,0.844,0.008
5,euclidean,intent_quantile_0.99,nearest_sphere,inverse_margin,0.25,3.142245037826596,0.842,0.852,0.85,0.002
5,euclidean,intent_quantile_0.99,nearest_sphere,inverse_margin,0.5,5.414816354804243,0.842,0.852,0.85,0.002
5,euclidean,intent_quantile_0.99,nearest_sphere,inverse_margin,1.0,9.949257888963453,0.842,0.852,0.85,0.002
5,euclidean,intent_quantile_0.99,nearest_sphere,inverse_margin,2.0,19.025275023812593,0.842,0.852,0.85,0.002
5,euclidean,intent_quantile_0.99,nearest_sphere,max_ratio,0.0,0.864426707826599,0.812,0.852,0.844,0.008
5,euclidean,intent_quantile_0.99,nearest_sphere,max_ratio,0.25,0.864426707826599,0.812,0.852,0.844,0.008
5,euclidean,intent_quantile_0.99,nearest_sphere,max_ratio,0.5,0.864426707826599,0.812,0.852,0.844,0.008
5,euclidean,intent_quantile_0.99,nearest_sphere,max_ratio,1.0,0.902009369495355,0.842,0.852,0.85,0.002
5,euclidean,intent_quantile_0.99,nearest_sphere,max_ratio,2.0,1.8015088726791904,0.842,0.852,0.85,0.002
5,euclidean,intent_quantile_0.99,normalized_union,none,0.0,0.8634265519141257,0.812,0.852,0.844,0.008
5,euclidean,intent_quantile_0.99,normalized_union,none,0.25,0.8634265519141257,0.812,0.852,0.844,0.008
5,euclidean,intent_quantile_0.99,normalized_union,none,0.5,0.8634265519141257,0.812,0.852,0.844,0.008
5,euclidean,intent_quantile_0.99,normalized_union,none,1.0,0.8634265519141257,0.812,0.852,0.844,0.008
5,euclidean,intent_quantile_0.99,normalized_union,none,2.0,0.8634265519141257,0.812,0.852,0.844,0.008
5,euclidean,intent_quantile_0.99,normalized_union,ratio,0.0,0.8634265519141257,0.812,0.852,0.844,0.008
5,euclidean,intent_quantile_0.99,normalized_union,ratio,0.25,1.0871538868819792,0.842,0.852,0.85,0.002
5,euclidean,intent_quantile_0.99,normalized_union,ratio,0.5,1.3123562220019864,0.842,0.852,0.85,0.002
5,euclidean,intent_quantile_0.99,normalized_union,ratio,1.0,1.7699205705731536,0.842,0.852,0.85,0.002
5,euclidean,intent_quantile_0.99,normalized_union,ratio,2.0,2.6723180497074956,0.842,0.852,0.85,0.002
5,euclidean,intent_quantile_0.99,normalized_union,inverse_margin,0.0,0.8634265519141257,0.812,0.852,0.844,0.008
5,euclidean,intent_quantile_0.99,normalized_union,inverse_margin,0.25,3.142245037826596,0.842,0.852,0.85,0.002
5,euclidean,intent_quantile_0.99,normalized_union,inverse_margin,0.5,5.414816354804243,0.842,0.852,0.85,0.002
5,euclidean,intent_quantile_0.99,normalized_union,inverse_margin,1.0,9.949257888963453,0.842,0.852,0.85,0.002
5,euclidean,intent_quantile_0.99,normalized_union,inverse_margin,2.0,19.025275023812593,0.842,0.852,0.85,0.002
5,euclidean,intent_quantile_0.99,normalized_union,max_ratio,0.0,0.8634265519141257,0.812,0.852,0.844,0.008
5,euclidean,intent_quantile_0.99,normalized_union,max_ratio,0.25,0.8634265519141257,0.812,0.852,0.844,0.008
5,euclidean,intent_quantile_0.99,normalized_union,max_ratio,0.5,0.8634265519141257,0.812,0.852,0.844,0.008
5,euclidean,intent_quantile_0.99,normalized_union,max_ratio,1.0,0.902009369495355,0.842,0.852,0.85,0.002
5,euclidean,intent_quantile_0.99,normalized_union,max_ratio,2.0,1.8015088726791904,0.842,0.852,0.85,0.002
5,mahalanobis_diag,mean_std_0.0,nearest_sphere,none,0.0,1.0083872989291123,0.692,0.852,0.82,0.032
5,mahalanobis_diag,mean_std_0.0,nearest_sphere,none,0.25,1.0083872989291123,0.692,0.852,0.82,0.032
5,mahalanobis_diag,mean_std_0.0,nearest_sphere,none,0.5,1.0083872989291123,0.692,0.852,0.82,0.032
5,mahalanobis_diag,mean_std_0.0,nearest_sphere,none,1.0,1.0083872989291123,0.692,0.852,0.82,0.032
5,mahalanobis_diag,mean_std_0.0,nearest_sphere,none,2.0,1.0083872989291123,0.692,0.852,0.82,0.032
5,mahalanobis_diag,mean_std_0.0,nearest_sphere,ratio,0.0,1.0083872989291123,0.692,0.852,0.82,0.032
5,mahalanobis_diag,mean_std_0.0,nearest_sphere,ratio,0.25,1.2430517807840644,0.722,0.852,0.826,0.026
5,mahalanobis_diag,mean_std_0.0,nearest_sphere,ratio,0.5,1.481429715948255,0.722,0.852,0.826,0.026
5,mahalanobis_diag,mean_std_0.0,nearest_sphere,ratio,1.0,1.9615632059382881,0.732,0.852,0.828,0.024
5,mahalanobis_diag,mean_std_0.0,nearest_sphere,ratio,2.0,2.9216702478143817,0.772,0.852,0.836,0.016
5,mahalanobis_diag,mean_std_0.0,nearest_sphere,inverse_margin,0.0,1.0083872989291123,0.692,0.852,0.82,0.032
5,mahalanobis_diag,mean_std_0.0,nearest_sphere,inverse_margin,0.25,7.482903924980325,0.822,0.852,0.846,0.006
5,mahalanobis_diag,mean_std_0.0,nearest_sphere,inverse_margin,0.5,13.947010157792915,0.822,0.852,0.846,0.006
5,mahalanobis_diag,mean_std_0.0,nearest_sphere,inverse_margin,1.0,26.8752226234181,0.822,0.852,0.846,0.006
5,mahalanobis_diag,mean_std_0.0,nearest_sphere,inverse_margin,2.0,52.73164755466846,0.822,0.852,0.846,0.006
5,mahalanobis_diag,mean_std_0.0,nearest_sphere,max_ratio,0.0,1.0083872989291123,0.692,0.852,0.82,0.032
5,mahalanobis_diag,mean_std_0.0,nearest_sphere,max_ratio,0.25,1.0083872989291123,0.692,0.852,0.82,0.032
5,mahalanobis_diag,mean_std_0.0,nearest_sphere,max_ratio,0.5,1.0083872989291123,0.692,0.852,0.82,0.032
5,mahalanobis_diag,mean_std_0.0,nearest_sphere,max_ratio,1.0,1.0083872989291123,0.692,0.852,0.82,0.032
5,mahalanobis_diag,mean_std_0.0,nearest_sphere,max_ratio,2.0,1.925529924212929,0.822,0.852,0.846,0.006
5,mahalanobis_diag,mean_std_0.0,normalized_union,none,0.0,1.0083872989291123,0.692,0.852,0.82,0.032
5,mahalanobis_diag,mean_std_0.0,normalized_union,none,0.25,1.0083872989291123,0.692,0.852,0.82,0.032
5,mahalanobis_diag,mean_std_0.0,normalized_union,none,0.5,1.0083872989291123,0.692,0.852,0.82,0.032
5,mahalanobis_diag,mean_std_0.0,normalized_union,none,1.0,1.0083872989291123,0.692,0.852,0.82,0.032
5,mahalanobis_diag,mean_std_0.0,normalized_union,none,2.0,1.0083872989291123,0.692,0.852,0.82,0.032
5,mahalanobis_diag,mean_std_0.0,normalized_union,ratio,0.0,1.0083872989291123,0.692,0.852,0.82,0.032
5,mahalanobis_diag,mean_std_0.0,normalized_union,ratio,0.25,1.2430517807840644,0.722,0.852,0.826,0.026
5,mahalanobis_diag,mean_std_0.0,normalized_union,ratio,0.5,1.481429715948255,0.722,0.852,0.826,0.026
5,mahalanobis_diag,mean_std_0.0,normalized_union,ratio,1.0,1.96103099319305,0.732,0.852,0.828,0.024
5,mahalanobis_diag,mean_std_0.0,normalized_union,ratio,2.0,2.9216702478143817,0.772,0.852,0.836,0.016
5,mahalanobis_diag,mean_std_0.0,normalized_union,inverse_margin,0.0,1.0083872989291123,0.692,0.852,0.82,0.032
5,mahalanobis_diag,mean_std_0.0,normalized_union,inverse_margin,0.25,7.482903924980325,0.822,0.852,0.846,0.006
5,mahalanobis_diag,mean_std_0.0,normalized_union,inverse_margin,0.5,13.947010157792915,0.822,0.852,0.846,0.006
5,mahalanobis_diag,mean_std_0.0,normalized_union,inverse_margin,1.0,26.8752226234181,0.822,0.852,0.846,0.006
5,mahalanobis_diag,mean_std_0.0,normalized_union,inverse_margin,2.0,52.73164755466846,0.822,0.852,0.846,0.006
5,mahalanobis_diag,mean_std_0.0,normalized_union,max_ratio,0.0,1.0083872989291123,0.692,0.852,0.82,0.032
5,mahalanobis_diag,mean_std_0.0,normalized_union,max_ratio,0.25,1.0083872989291123,0.692,0.852,0.82,0.032
5,mahalanobis_diag,mean_std_0.0,normalized_union,max_ratio,0.5,1.0083872989291123,0.692,0.852,0.82,0.032
5,mahalanobis_diag,mean_std_0.0,normalized_union,max_ratio,1.0,1.0083872989291123,0.692,0.852,0.82,0.032
5,mahalanobis_diag,mean_std_0.0,normalized_union,max_ratio,2.0,1.925529924212929,0.822,0.852,0.846,0.006
5,mahalanobis_diag,mean_std_0.25,nearest_sphere,none,0.0,0.9925519741788995,0.692,0.852,0.82,0.032
5,mahalanobis_diag,mean_std_0.25,nearest_sphere,none,0.25,0.9925519741788995,0.692,0.852,0.82,0.032
5,mahalanobis_diag,mean_std_0.25,nearest_sphere,none,0.5,0.9925519741788995,0.692,0.852,0.82,0.032
5,mahalanobis_diag,mean_std_0.25,nearest_sphere,none,1.0,0.9925519741788995,0.692,0.852,0.82,0.032
5,mahalanobis_diag,mean_std_0.25,nearest_sphere,none,2.0,0.9925519741788995,0.692,0.852,0.82,0.032
5,mahalanobis_diag,mean_std_0.25,nearest_sphere,ratio,0.0,0.9925519741788995,0.692,0.852,0.82,0.032
5,mahalanobis_diag,mean_std_0.25,nearest_sphere,ratio,0.25,1.2302694102296672,0.722,0.852,0.826,0.026
5,mahalanobis_diag,mean_std_0.25,nearest_sphere,ratio,0.5,1.467828176148035,0.732,0.852,0.828,0.024
5,mahalanobis_diag,mean_std_0.25,nearest_sphere,ratio,1.0,1.9470370743675172,0.742,0.852,0.83,0.022
5,mahalanobis_diag,mean_std_0.25,nearest_sphere,ratio,2.0,2.9073843859184554,0.782,0.852,0.838,0.014
5,mahalanobis_diag,mean_std_0.25,nearest_sphere,inverse_margin,0.0,0.9925519741788995,0.692,0.852,0.82,0.032
5,mahalanobis_diag,mean_std_0.25,nearest_sphere,inverse_margin,0.25,7.466776994336365,0.822,0.852,0.846,0.006
5,mahalanobis_diag,mean_std_0.25,nearest_sphere,inverse_margin,0.5,13.930883227148955,0.822,0.852,0.846,0.006
5,mahalanobis_diag,mean_std_0.25,nearest_sphere,inverse_margin,1.0,26.85909569277414,0.822,0.852,0.846,0.006
5,mahalanobis_diag,mean_std_0.25,nearest_sphere,inverse_margin,2.0,52.715520624024506,0.822,0.852,0.846,0.006
5,mahalanobis_diag,mean_std_0.25,nearest_sphere,max_ratio,0.0,0.9925519741788995,0.692,0.852,0.82,0.032
5,mahalanobis_diag,mean_std_0.25,nearest_sphere,max_ratio,0.25,0.9925519741788995,0.692,0.852,0.82,0.032
5,mahalanobis_diag,mean_std_0.25,nearest_sphere,max_ratio,0.5,0.9925519741788995,0.692,0.852,0.82,0.032
5,mahalanobis_diag,mean_std_0.25,nearest_sphere,max_ratio,1.0,0.9953202287431097,0.722,0.852,0.826,0.026
5,mahalanobis_diag,mean_std_0.25,nearest_sphere,max_ratio,2.0,1.925529924212929,0.822,0.852,0.846,0.006
5,mahalanobis_diag,mean_std_0.25,normalized_union,none,0.0,0.9925519741788995,0.702,0.852,0.822,0.03
5,mahalanobis_diag,mean_std_0.25,normalized_union,none,0.25,0.9925519741788995,0.702,0.852,0.822,0.03
5,mahalanobis_diag,mean_std_0.25,normalized_union,none,0.5,0.9925519741788995,0.702,0.852,0.822,0.03
5,mahalanobis_diag,mean_std_0.25,normalized_union,none,1.0,0.9925519741788995,0.702,0.852,0.822,0.03
5,mahalanobis_diag,mean_std_0.25,normalized_union,none,2.0,0.9925519741788995,0.702,0.852,0.822,0.03
5,mahalanobis_diag,mean_std_0.25,normalized_union,ratio,0.0,0.9925519741788995,0.702,0.852,0.822,0.03
5,mahalanobis_diag,mean_std_0.25,normalized_union,ratio,0.25,1.2302694102296672,0.732,0.852,0.828,0.024
5,mahalanobis_diag,mean_std_0.25,normalized_union,ratio,0.5,1.467828176148035,0.742,0.852,0.83,0.022
5,mahalanobis_diag,mean_std_0.25,normalized_union,ratio,1.0,1.9470370743675172,0.752,0.852,0.832,0.02
5,mahalanobis_diag,mean_std_0.25,normalized_union,ratio,2.0,2.9073843859184554,0.782,0.852,0.838,0.014
5,mahalanobis_diag,mean_std_0.25,normalized_union,inverse_margin,0.0,0.9925519741788995,0.702,0.852,0.822,0.03
5,mahalanobis_diag,mean_std_0.25,normalized_union,inverse_margin,0.25,7.466776994336365,0.822,0.852,0.846,0.006
5,mahalanobis_diag,mean_std_0.25,normalized_union,inverse_margin,0.5,13.930883227148955,0.822,0.852,0.846,0.006
5,mahalanobis_diag,mean_std_0.25,normalized_union,inverse_margin,1.0,26.85909569277414,0.822,0.852,0.846,0.006
5,mahalanobis_diag,mean_std_0.25,normalized_union,inverse_margin,2.0,52.715520624024506,0.822,0.852,0.846,0.006
5,mahalanobis_diag,mean_std_0.25,normalized_union,max_ratio,0.0,0.9925519741788995,0.702,0.852,0.822,0.03
5,mahalanobis_diag,mean_std_0.25,normalized_union,max_ratio,0.25,0.9925519741788995,0.702,0.852,0.822,0.03
5,mahalanobis_diag,mean_std_0.25,normalized_union,max_ratio,0.5,0.9925519741788995,0.702,0.852,0.822,0.03
5,mahalanobis_diag,mean_std_0.25,normalized_union,max_ratio,1.0,0.9953202287431097,0.722,0.852,0.826,0.026
5,mahalanobis_diag,mean_std_0.25,normalized_union,max_ratio,2.0,1.925529924212929,0.822,0.852,0.846,0.006
5,mahalanobis_diag,mean_std_0.5,nearest_sphere,none,0.0,0.9783145538051178,0.692,0.852,0.82,0.032
5,mahalanobis_diag,mean_std_0.5,nearest_sphere,none,0.25,0.9783145538051178,0.692,0.852,0.82,0.032
5,mahalanobis_diag,mean_std_0.5,nearest_sphere,none,0.5,0.9783145538051178,0.692,0.852,0.82,0.032
5,mahalanobis_diag,mean_std_0.5,nearest_sphere,none,1.0,0.9783145538051178,0.692,0.852,0.82,0.032
5,mahalanobis_diag,mean_std_0.5,nearest_sphere,none,2.0,0.9783145538051178,0.692,0.852,0.82,0.032
5,mahalanobis_diag,mean_std_0.5,nearest_sphere,ratio,0.0,0.9783145538051178,0.692,0.852,0.82,0.032
5,mahalanobis_diag,mean_std_0.5,nearest_sphere,ratio,0.25,1.2142540044527923,0.722,0.852,0.826,0.026
5,mahalanobis_diag,mean_std_0.5,nearest_sphere,ratio,0.5,1.452520574455267,0.732,0.852,0.828,0.024
5,mahalanobis_diag,mean_std_0.5,nearest_sphere,ratio,1.0,1.9313990237129732,0.752,0.852,0.832,0.02
5,mahalanobis_diag,mean_std_0.5,nearest_sphere,ratio,2.0,2.8932832967805164,0.782,0.852,0.838,0.014
5,mahalanobis_diag,mean_std_0.5,nearest_sphere,inverse_margin,0.0,0.9783145538051178,0.692,0.852,0.82,0.032
5,mahalanobis_diag,mean_std_0.5,nearest_sphere,inverse_margin,0.25,7.451152666270915,0.822,0.852,0.846,0.006
5,mahalanobis_diag,mean_std_0.5,nearest_sphere,inverse_margin,0.5,13.915258899083508,0.822,0.852,0.846,0.006
5,mahalanobis_diag,mean_std_0.5,nearest_sphere,inverse_margin,1.0,26.84347136470869,0.822,0.852,0.846,0.006
5,mahalanobis_diag,mean_std_0.5,nearest_sphere,inverse_margin,2.0,52.69989629595906,0.822,0.852,0.846,0.006
5,mahalanobis_diag,mean_std_0.5,nearest_sphere,max_ratio,0.0,0.9783145538051178,0.692,0.852,0.82,0.032
5,mahalanobis_diag,mean_std_0.5,nearest_sphere,max_ratio,0.25,0.9783145538051178,0.692,0.852,0.82,0.032
5,mahalanobis_diag,mean_std_0.5,nearest_sphere,max_ratio,0.5,0.9783145538051178,0.692,0.852,0.82,0.032
5,mahalanobis_diag,mean_std_0.5,nearest_sphere,max_ratio,1.0,0.986373284880694,0.762,0.852,0.834,0.018
5,mahalanobis_diag,mean_std_0.5,nearest_sphere,max_ratio,2.0,1.925529924212929,0.822,0.852,0.846,0.006
5,mahalanobis_diag,mean_std_0.5,normalized_union,none,0.0,0.9778357372140635,0.702,0.852,0.822,0.03
5,mahalanobis_diag,mean_std_0.5,normalized_union,none,0.25,0.9778357372140635,0.702,0.852,0.822,0.03
5,mahalanobis_diag,mean_std_0.5,normalized_union,none,0.5,0.9778357372140635,0.702,0.852,0.822,0.03
5,mahalanobis_diag,mean_std_0.5,normalized_union,none,1.0,0.9778357372140635,0.702,0.852,0.822,0.03
5,mahalanobis_diag,mean_std_0.5,normalized_union,none,2.0,0.9778357372140635,0.702,0.852,0.822,0.03
5,mahalanobis_diag,mean_std_0.5,normalized_union,ratio,0.0,0.9778357372140635,0.702,0.852,0.822,0.03
5,mahalanobis_diag,mean_std_0.5,normalized_union,ratio,0.25,1.213407729468626,0.722,0.852,0.826,0.026
5,mahalanobis_diag,mean_std_0.5,normalized_union,ratio,0.5,1.452520574455267,0.732,0.852,0.828,0.024
5,mahalanobis_diag,mean_std_0.5,normalized_union,ratio,1.0,1.9313990237129732,0.752,0.852,0.832,0.02
5,mahalanobis_diag,mean_std_0.5,normalized_union,ratio,2.0,2.8932832967805164,0.772,0.852,0.836,0.016
5,mahalanobis_diag,mean_std_0.5,normalized_union,inverse_margin,0.0,0.9778357372140635,0.702,0.852,0.822,0.03
5,mahalanobis_diag,mean_std_0.5,normalized_union,inverse_margin,0.25,7.451152666270915,0.822,0.852,0.846,0.006
5,mahalanobis_diag,mean_std_0.5,normalized_union,inverse_margin,0.5,13.915258899083508,0.822,0.852,0.846,0.006
5,mahalanobis_diag,mean_std_0.5,normalized_union,inverse_margin,1.0,26.84347136470869,0.822,0.852,0.846,0.006
5,mahalanobis_diag,mean_std_0.5,normalized_union,inverse_margin,2.0,52.69989629595906,0.822,0.852,0.846,0.006
5,mahalanobis_diag,mean_std_0.5,normalized_union,max_ratio,0.0,0.9778357372140635,0.702,0.852,0.822,0.03
5,mahalanobis_diag,mean_std_0.5,normalized_union,max_ratio,0.25,0.9778357372140635,0.702,0.852,0.822,0.03
5,mahalanobis_diag,mean_std_0.5,normalized_union,max_ratio,0.5,0.9778357372140635,0.702,0.852,0.822,0.03
5,mahalanobis_diag,mean_std_0.5,normalized_union,max_ratio,1.0,0.98625490087918,0.762,0.852,0.834,0.018
5,mahalanobis_diag,mean_std_0.5,normalized_union,max_ratio,2.0,1.925529924212929,0.822,0.852,0.846,0.006
5,mahalanobis_diag,mean_std_0.75,nearest_sphere,none,0.0,0.9649261212943501,0.702,0.852,0.822,0.03
5,mahalanobis_diag,mean_std_0.75,nearest_sphere,none,0.25,0.9649261212943501,0.702,0.852,0.822,0.03
5,mahalanobis_diag,mean_std_0.75,nearest_sphere,none,0.5,0.9649261212943501,0.702,0.852,0.822,0.03
5,mahalanobis_diag,mean_std_0.75,nearest_sphere,none,1.0,0.9649261212943501,0.702,0.852,0.822,0.03
5,mahalanobis_diag,mean_std_0.75,nearest_sphere,none,2.0,0.9649261212943501,0.702,0.852,0.822,0.03
5,mahalanobis_diag,mean_std_0.75,nearest_sphere,ratio,0.0,0.9649261212943501,0.702,0.852,0.822,0.03
5,mahalanobis_diag,mean_std_0.75,nearest_sphere,ratio,0.25,1.2023224533321397,0.722,0.852,0.826,0.026
5,mahalanobis_diag,mean_std_0.75,nearest_sphere,ratio,0.5,1.4395152930193365,0.732,0.852,0.828,0.024
5,mahalanobis_diag,mean_std_0.75,nearest_sphere,ratio,1.0,1.9181270973872264,0.762,0.852,0.834,0.018
5,mahalanobis_diag,mean_std_0.75,nearest_sphere,ratio,2.0,2.8756140311873626,0.792,0.852,0.84,0.012
5,mahalanobis_diag,mean_std_0.75,nearest_sphere,inverse_margin,0.0,0.9649261212943501,0.702,0.852,0.822,0.03
5,mahalanobis_diag,mean_std_0.75,nearest_sphere,inverse_margin,0.25,7.436007805562214,0.822,0.852,0.846,0.006
5,mahalanobis_diag,mean_std_0.75,nearest_sphere,inverse_margin,0.5,13.900114038374806,0.822,0.852,0.846,0.006
5,mahalanobis_diag,mean_std_0.75,nearest_sphere,inverse_margin,1.0,26.82832650399999,0.822,0.852,0.846,0.006
5,mahalanobis_diag,mean_std_0.75,nearest_sphere,inverse_margin,2.0,52.684751435250355,0.822,0.852,0.846,0.006
5,mahalanobis_diag,mean_std_0.75,nearest_sphere,max_ratio,0.0,0.9649261212943501,0.702,0.852,0.822,0.03
5,mahalanobis_diag,mean_std_0.75,nearest_sphere,max_ratio,0.25,0.9649261212943501,0.702,0.852,0.822,0.03
5,mahalanobis_diag,mean_std_0.75,nearest_sphere,max_ratio,0.5,0.9649261212943501,0.702,0.852,0.822,0.03
5,mahalanobis_diag,mean_std_0.75,nearest_sphere,max_ratio,1.0,0.9773590665379639,0.802,0.852,0.842,0.01
5,mahalanobis_diag,mean_std_0.75,nearest_sphere,max_ratio,2.0,1.925529924212929,0.822,0.852,0.846,0.006
5,mahalanobis_diag,mean_std_0.75,normalized_union,none,0.0,0.9628322018847166,0.732,0.852,0.828,0.024
5,mahalanobis_diag,mean_std_0.75,normalized_union,none,0.25,0.9628322018847166,0.732,0.852,0.828,0.024
5,mahalanobis_diag,mean_std_0.75,normalized_union,none,0.5,0.9628322018847166,0.732,0.852,0.828,0.024
5,mahalanobis_diag,mean_std_0.75,normalized_union,none,1.0,0.9628322018847166,0.732,0.852,0.828,0.024
5,mahalanobis_diag,mean_std_0.75,normalized_union,none,2.0,0.9628322018847166,0.732,0.852,0.828,0.024
5,mahalanobis_diag,mean_std_0.75,normalized_union,ratio,0.0,0.9628322018847166,0.732,0.852,0.828,0.024
5,mahalanobis_diag,mean_std_0.75,normalized_union,ratio,0.25,1.2000986086592165,0.732,0.852,0.828,0.024
5,mahalanobis_diag,mean_std_0.75,normalized_union,ratio,0.5,1.4376827206640421,0.742,0.852,0.83,0.022
5,mahalanobis_diag,mean_std_0.75,normalized_union,ratio,1.0,1.916364018898058,0.772,0.852,0.836,0.016
5,mahalanobis_diag,mean_std_0.75,normalized_union,ratio,2.0,2.875377613042863,0.782,0.852,0.838,0.014
5,mahalanobis_diag,mean_std_0.75,normalized_union,inverse_margin,0.0,0.9628322018847166,0.732,0.852,0.828,0.024
5,mahalanobis_diag,mean_std_0.75,normalized_union,inverse_margin,0.25,7.436007805562214,0.822,0.852,0.846,0.006
5,mahalanobis_diag,mean_std_0.75,normalized_union,inverse_margin,0.5,13.900114038374806,0.822,0.852,0.846,0.006
5,mahalanobis_diag,mean_std_0.75,normalized_union,inverse_margin,1.0,26.82832650399999,0.822,0.852,0.846,0.006
5,mahalanobis_diag,mean_std_0.75,normalized_union,inverse_margin,2.0,52.684751435250355,0.822,0.852,0.846,0.006
5,mahalanobis_diag,mean_std_0.75,normalized_union,max_ratio,0.0,0.9628322018847166,0.732,0.852,0.828,0.024
5,mahalanobis_diag,mean_std_0.75,normalized_union,max_ratio,0.25,0.9628322018847166,0.732,0.852,0.828,0.024
5,mahalanobis_diag,mean_std_0.75,normalized_union,max_ratio,0.5,0.9628322018847166,0.732,0.852,0.828,0.024
5,mahalanobis_diag,mean_std_0.75,normalized_union,max_ratio,1.0,0.9773590665379639,0.802,0.852,0.842,0.01
5,mahalanobis_diag,mean_std_0.75,normalized_union,max_ratio,2.0,1.925529924212929,0.822,0.852,0.846,0.006
5,mahalanobis_diag,mean_std_1.0,nearest_sphere,none,0.0,0.9520797601643612,0.712,0.852,0.824,0.028
5,mahalanobis_diag,mean_std_1.0,nearest_sphere,none,0.25,0.9520797601643612,0.712,0.852,0.824,0.028
5,mahalanobis_diag,mean_std_1.0,nearest_sphere,none,0.5,0.9520797601643612,0.712,0.852,0.824,0.028
5,mahalanobis_diag,mean_std_1.0,nearest_sphere,none,1.0,0.9520797601643612,0.712,0.852,0.824,0.028
5,mahalanobis_diag,mean_std_1.0,nearest_sphere,none,2.0,0.9520797601643612,0.712,0.852,0.824,0.028
5,mahalanobis_diag,mean_std_1.0,nearest_sphere,ratio,0.0,0.9520797601643612,0.712,0.852,0.824,0.028
5,mahalanobis_diag,mean_std_1.0,nearest_sphere,ratio,0.25,1.188852245762062,0.722,0.852,0.826,0.026
5,mahalanobis_diag,mean_std_1.0,nearest_sphere,ratio,0.5,1.4260272724183394,0.732,0.852,0.828,0.024
5,mahalanobis_diag,mean_std_1.0,nearest_sphere,ratio,1.0,1.9066563225863677,0.762,0.852,0.834,0.018
5,mahalanobis_diag,mean_std_1.0,nearest_sphere,ratio,2.0,2.8631970540098575,0.792,0.852,0.84,0.012
5,mahalanobis_diag,mean_std_1.0,nearest_sphere,inverse_margin,0.0,0.9520797601643612,0.712,0.852,0.824,0.028
5,mahalanobis_diag,mean_std_1.0,nearest_sphere,inverse_margin,0.25,7.421320675442914,0.822,0.852,0.846,0.006
5,mahalanobis_diag,mean_std_1.0,nearest_sphere,inverse_margin,0.5,13.885426908255505,0.822,0.852,0.846,0.006
5,mahalanobis_diag,mean_std_1.0,nearest_sphere,inverse_margin,1.0,26.813639373880687,0.822,0.852,0.846,0.006
5,mahalanobis_diag,mean_std_1.0,nearest_sphere,inverse_margin,2.0,52.670064305131056,0.822,0.852,0.846,0.006
5,mahalanobis_diag,mean_std_1.0,nearest_sphere,max_ratio,0.0,0.9520797601643612,0.712,0.852,0.824,0.028
5,mahalanobis_diag,mean_std_1.0,nearest_sphere,max_ratio,0.25,0.9520797601643612,0.712,0.852,0.824,0.028
5,mahalanobis_diag,mean_std_1.0,nearest_sphere,max_ratio,0.5,0.9520797601643612,0.712,0.852,0.824,0.028
5,mahalanobis_diag,mean_std_1.0,nearest_sphere,max_ratio,1.0,0.972899962667629,0.802,0.852,0.842,0.01
5,mahalanobis_diag,mean_std_1.0,nearest_sphere,max_ratio,2.0,1.925529924212929,0.822,0.852,0.846,0.006
5,mahalanobis_diag,mean_std_1.0,normalized_union,none,0.0,0.9491494332705278,0.742,0.852,0.83,0.022
5,mahalanobis_diag,mean_std_1.0,normalized_union,none,0.25,0.9491494332705278,0.742,0.852,0.83,0.022
5,mahalanobis_diag,mean_std_1.0,normalized_union,none,0.5,0.9491494332705278,0.742,0.852,0.83,0.022
5,mahalanobis_diag,mean_std_1.0,normalized_union,none,1.0,0.9491494332705278,0.742,0.852,0.83,0.022
5,mahalanobis_diag,mean_std_1.0,normalized_union,none,2.0,0.9491494332705278,0.742,0.852,0.83,0.022
5,mahalanobis_diag,mean_std_1.0,normalized_union,ratio,0.0,0.9491494332705278,0.742,0.852,0.83,0.022
5,mahalanobis_diag,mean_std_1.0,normalized_union,ratio,0.25,1.1878625472969542,0.752,0.852,0.832,0.02
5,mahalanobis_diag,mean_std_1.0,normalized_union,ratio,0.5,1.424621935797615,0.762,0.852,0.834,0.018
5,mahalanobis_diag,mean_std_1.0,normalized_union,ratio,1.0,1.901783424443723,0.782,0.852,0.838,0.014
5,mahalanobis_diag,mean_std_1.0,normalized_union,ratio,2.0,2.8624746359970272,0.792,0.852,0.84,0.012
5,mahalanobis_diag,mean_std_1.0,normalized_union,inverse_margin,0.0,0.9491494332705278,0.742,0.852,0.83,0.022
5,mahalanobis_diag,mean_std_1.0,normalized_union,inverse_margin,0.25,7.421320675442914,0.822,0.852,0.846,0.006
5,mahalanobis_diag,mean_std_1.0,normalized_union,inverse_margin,0.5,13.885426908255505,0.822,0.852,0.846,0.006
5,mahalanobis_diag,mean_std_1.0,normalized_union,inverse_margin,1.0,26.813639373880687,0.822,0.852,0.846,0.006
5,mahalanobis_diag,mean_std_1.0,normalized_union,inverse_margin,2.0,52.670064305131056,0.822,0.852,0.846,0.006
5,mahalanobis_diag,mean_std_1.0,normalized_union,max_ratio,0.0,0.9491494332705278,0.742,0.852,0.83,0.022
5,mahalanobis_diag,mean_std_1.0,normalized_union,max_ratio,0.25,0.9491494332705278,0.742,0.852,0.83,0.022
5,mahalanobis_diag,mean_std_1.0,normalized_union,max_ratio,0.5,0.9491494332705278,0.742,0.852,0.83,0.022
5,mahalanobis_diag,mean_std_1.0,normalized_union,max_ratio,1.0,0.972899962667629,0.802,0.852,0.842,0.01
5,mahalanobis_diag,mean_std_1.0,normalized_union,max_ratio,2.0,1.925529924212929,0.822,0.852,0.846,0.006
5,mahalanobis_diag,mean_std_1.5,nearest_sphere,none,0.0,0.9277783999926147,0.722,0.852,0.826,0.026
5,mahalanobis_diag,mean_std_1.5,nearest_sphere,none,0.25,0.9277783999926147,0.722,0.852,0.826,0.026
5,mahalanobis_diag,mean_std_1.5,nearest_sphere,none,0.5,0.9277783999926147,0.722,0.852,0.826,0.026
5,mahalanobis_diag,mean_std_1.5,nearest_sphere,none,1.0,0.9277783999926147,0.722,0.852,0.826,0.026
5,mahalanobis_diag,mean_std_1.5,nearest_sphere,none,2.0,0.9277783999926147,0.722,0.852,0.826,0.026
5,mahalanobis_diag,mean_std_1.5,nearest_sphere,ratio,0.0,0.9277783999926147,0.722,0.852,0.826,0.026
5,mahalanobis_diag,mean_std_1.5,nearest_sphere,ratio,0.25,1.16649928763708,0.722,0.852,0.826,0.026
5,mahalanobis_diag,mean_std_1.5,nearest_sphere,ratio,0.5,1.4028092208454361,0.732,0.852,0.828,0.024
5,mahalanobis_diag,mean_std_1.5,nearest_sphere,ratio,1.0,1.8812638471640106,0.772,0.852,0.836,0.016
5,mahalanobis_diag,mean_std_1.5,nearest_sphere,ratio,2.0,2.8397120395483944,0.792,0.852,0.84,0.012
5,mahalanobis_diag,mean_std_1.5,nearest_sphere,inverse_margin,0.0,0.9277783999926147,0.722,0.852,0.826,0.026
5,mahalanobis_diag,mean_std_1.5,nearest_sphere,inverse_margin,0.25,7.39323903678191,0.822,0.852,0.846,0.006
5,mahalanobis_diag,mean_std_1.5,nearest_sphere,inverse_margin,0.5,13.857345269594502,0.822,0.852,0.846,0.006
5,mahalanobis_diag,mean_std_1.5,nearest_sphere,inverse_margin,1.0,26.785557735219683,0.822,0.852,0.846,0.006
5,mahalanobis_diag,mean_std_1.5,nearest_sphere,inverse_margin,2.0,52.64198266647005,0.822,0.852,0.846,0.006
5,mahalanobis_diag,mean_std_1.5,nearest_sphere,max_ratio,0.0,0.9277783999926147,0.722,0.852,0.826,0.026
5,mahalanobis_diag,mean_std_1.5,nearest_sphere,max_ratio,0.25,0.9277783999926147,0.722,0.852,0.826,0.026
5,mahalanobis_diag,mean_std_1.5,nearest_sphere,max_ratio,0.5,0.9277783999926147,0.722,0.852,0.826,0.026
5,mahalanobis_diag,mean_std_1.5,nearest_sphere,max_ratio,1.0,0.9679574379810918,0.812,0.852,0.844,0.008
5,mahalanobis_diag,mean_std_1.5,nearest_sphere,max_ratio,2.0,1.925529924212929,0.822,0.852,0.846,0.006
5,mahalanobis_diag,mean_std_1.5,normalized_union,none,0.0,0.9222145767072344,0.732,0.852,0.828,0.024
5,mahalanobis_diag,mean_std_1.5,normalized_union,none,0.25,0.9222145767072344,0.732,0.852,0.828,0.024
5,mahalanobis_diag,mean_std_1.5,normalized_union,none,0.5,0.9222145767072344,0.732,0.852,0.828,0.024
5,mahalanobis_diag,mean_std_1.5,normalized_union,none,1.0,0.9222145767072344,0.732,0.852,0.828,0.024
5,mahalanobis_diag,mean_std_1.5,normalized_union,none,2.0,0.9222145767072344,0.732,0.852,0.828,0.024
5,mahalanobis_diag,mean_std_1.5,normalized_union,ratio,0.0,0.9222145767072344,0.732,0.852,0.828,0.024
5,mahalanobis_diag,mean_std_1.5,normalized_union,ratio,0.25,1.160271252818071,0.752,0.852,0.832,0.02
5,mahalanobis_diag,mean_std_1.5,normalized_union,ratio,0.5,1.3974147350531658,0.752,0.852,0.832,0.02
5,mahalanobis_diag,mean_std_1.5,normalized_union,ratio,1.0,1.8726537891685937,0.772,0.852,0.836,0.016
5,mahalanobis_diag,mean_std_1.5,normalized_union,ratio,2.0,2.832493640384711,0.792,0.852,0.84,0.012
5,mahalanobis_diag,mean_std_1.5,normalized_union,inverse_margin,0.0,0.9222145767072344,0.732,0.852,0.828,0.024
5,mahalanobis_diag,mean_std_1.5,normalized_union,inverse_margin,0.25,7.39323903678191,0.822,0.852,0.846,0.006
5,mahalanobis_diag,mean_std_1.5,normalized_union,inverse_margin,0.5,13.857345269594502,0.822,0.852,0.846,0.006
5,mahalanobis_diag,mean_std_1.5,normalized_union,inverse_margin,1.0,26.785557735219683,0.822,0.852,0.846,0.006
5,mahalanobis_diag,mean_std_1.5,normalized_union,inverse_margin,2.0,52.64198266647005,0.822,0.852,0.846,0.006
5,mahalanobis_diag,mean_std_1.5,normalized_union,max_ratio,0.0,0.9222145767072344,0.732,0.852,0.828,0.024
5,mahalanobis_diag,mean_std_1.5,normalized_union,max_ratio,0.25,0.9222145767072344,0.732,0.852,0.828,0.024
5,mahalanobis_diag,mean_std_1.5,normalized_union,max_ratio,0.5,0.9222145767072344,0.732,0.852,0.828,0.024
5,mahalanobis_diag,mean_std_1.5,normalized_union,max_ratio,1.0,0.9678896260958214,0.802,0.852,0.842,0.01
5,mahalanobis_diag,mean_std_1.5,normalized_union,max_ratio,2.0,1.925529924212929,0.822,0.852,0.846,0.006
5,mahalanobis_diag,mean_std_2.0,nearest_sphere,none,0.0,0.9055558736752752,0.722,0.852,0.826,0.026
5,mahalanobis_diag,mean_std_2.0,nearest_sphere,none,0.25,0.9055558736752752,0.722,0.852,0.826,0.026
5,mahalanobis_diag,mean_std_2.0,nearest_sphere,none,0.5,0.9055558736752752,0.722,0.852,0.826,0.026
5,mahalanobis_diag,mean_std_2.0,nearest_sphere,none,1.0,0.9055558736752752,0.722,0.852,0.826,0.026
5,mahalanobis_diag,mean_std_2.0,nearest_sphere,none,2.0,0.9055558736752752,0.722,0.852,0.826,0.026
5,mahalanobis_diag,mean_std_2.0,nearest_sphere,ratio,0.0,0.9055558736752752,0.722,0.852,0.826,0.026
5,mahalanobis_diag,mean_std_2.0,nearest_sphere,ratio,0.25,1.1444987252589802,0.732,0.852,0.828,0.024
5,mahalanobis_diag,mean_std_2.0,nearest_sphere,ratio,0.5,1.3810851288213468,0.742,0.852,0.83,0.022
5,mahalanobis_diag,mean_std_2.0,nearest_sphere,ratio,1.0,1.8588630832079005,0.772,0.852,0.836,0.016
5,mahalanobis_diag,mean_std_2.0,nearest_sphere,ratio,2.0,2.8173267859725684,0.792,0.852,0.84,0.012
5,mahalanobis_diag,mean_std_2.0,nearest_sphere,inverse_margin,0.0,0.9055558736752752,0.722,0.852,0.826,0.026
5,mahalanobis_diag,mean_std_2.0,nearest_sphere,inverse_margin,0.25,7.366758091445199,0.822,0.852,0.846,0.006
5,mahalanobis_diag,mean_std_2.0,nearest_sphere,inverse_margin,0.5,13.83086432425779,0.822,0.852,0.846,0.006
5,mahalanobis_diag,mean_std_2.0,nearest_sphere,inverse_margin,1.0,26.759076789882972,0.822,0.852,0.846,0.006
5,mahalanobis_diag,mean_std_2.0,nearest_sphere,inverse_margin,2.0,52.61550172113334,0.822,0.852,0.846,0.006
5,mahalanobis_diag,mean_std_2.0,nearest_sphere,max_ratio,0.0,0.9055558736752752,0.722,0.852,0.826,0.026
5,mahalanobis_diag,mean_std_2.0,nearest_sphere,max_ratio,0.25,0.9055558736752752,0.722,0.852,0.826,0.026
5,mahalanobis_diag,mean_std_2.0,nearest_sphere,max_ratio,0.5,0.9055558736752752,0.722,0.852,0.826,0.026
5,mahalanobis_diag,mean_std_2.0,nearest_sphere,max_ratio,1.0,0.9658030189881507,0.792,0.852,0.84,0.012
5,mahalanobis_diag,mean_std_2.0,nearest_sphere,max_ratio,2.0,1.925529924212929,0.822,0.852,0.846,0.006
5,mahalanobis_diag,mean_std_2.0,normalized_union,none,0.0,0.9001376219032962,0.742,0.852,0.83,0.022
5,mahalanobis_diag,mean_std_2.0,normalized_union,none,0.25,0.9001376219032962,0.742,0.852,0.83,0.022
5,mahalanobis_diag,mean_std_2.0,normalized_union,none,0.5,0.9001376219032962,0.742,0.852,0.83,0.022
5,mahalanobis_diag,mean_std_2.0,normalized_union,none,1.0,0.9001376219032962,0.742,0.852,0.83,0.022
5,mahalanobis_diag,mean_std_2.0,normalized_union,none,2.0,0.9001376219032962,0.742,0.852,0.83,0.022
5,mahalanobis_diag,mean_std_2.0,normalized_union,ratio,0.0,0.9001376219032962,0.742,0.852,0.83,0.022
5,mahalanobis_diag,mean_std_2.0,normalized_union,ratio,0.25,1.1350001260780525,0.752,0.852,0.832,0.02
5,mahalanobis_diag,mean_std_2.0,normalized_union,ratio,0.5,1.3719829870114635,0.752,0.852,0.832,0.02
5,mahalanobis_diag,mean_std_2.0,normalized_union,ratio,1.0,1.8476166196841053,0.772,0.852,0.836,0.016
5,mahalanobis_diag,mean_std_2.0,normalized_union,ratio,2.0,2.8065382938541363,0.792,0.852,0.84,0.012
5,mahalanobis_diag,mean_std_2.0,normalized_union,inverse_margin,0.0,0.9001376219032962,0.742,0.852,0.83,0.022
5,mahalanobis_diag,mean_std_2.0,normalized_union,inverse_margin,0.25,7.366758091445199,0.822,0.852,0.846,0.006
5,mahalanobis_diag,mean_std_2.0,normalized_union,inverse_margin,0.5,13.83086432425779,0.822,0.852,0.846,0.006
5,mahalanobis_diag,mean_std_2.0,normalized_union,inverse_margin,1.0,26.759076789882972,0.822,0.852,0.846,0.006
5,mahalanobis_diag,mean_std_2.0,normalized_union,inverse_margin,2.0,52.61550172113334,0.822,0.852,0.846,0.006
5,mahalanobis_diag,mean_std_2.0,normalized_union,max_ratio,0.0,0.9001376219032962,0.742,0.852,0.83,0.022
5,mahalanobis_diag,mean_std_2.0,normalized_union,max_ratio,0.25,0.9001376219032962,0.742,0.852,0.83,0.022
5,mahalanobis_diag,mean_std_2.0,normalized_union,max_ratio,0.5,0.9001376219032962,0.742,0.852,0.83,0.022
5,mahalanobis_diag,mean_std_2.0,normalized_union,max_ratio,1.0,0.9650887563995884,0.802,0.852,0.842,0.01
5,mahalanobis_diag,mean_std_2.0,normalized_union,max_ratio,2.0,1.925529924212929,0.822,0.852,0.846,0.006
5,mahalanobis_diag,mean_std_3.0,nearest_sphere,none,0.0,0.8667247231050391,0.722,0.852,0.826,0.026
5,mahalanobis_diag,mean_std_3.0,nearest_sphere,none,0.25,0.8667247231050391,0.722,0.852,0.826,0.026
5,mahalanobis_diag,mean_std_3.0,nearest_sphere,none,0.5,0.8667247231050391,0.722,0.852,0.826,0.026
5,mahalanobis_diag,mean_std_3.0,nearest_sphere,none,1.0,0.8667247231050391,0.722,0.852,0.826,0.026
5,mahalanobis_diag,mean_std_3.0,nearest_sphere,none,2.0,0.8667247231050391,0.722,0.852,0.826,0.026
5,mahalanobis_diag,mean_std_3.0,nearest_sphere,ratio,0.0,0.8667247231050391,0.722,0.852,0.826,0.026
5,mahalanobis_diag,mean_std_3.0,nearest_sphere,ratio,0.25,1.1038364244848267,0.732,0.852,0.828,0.024
5,mahalanobis_diag,mean_std_3.0,nearest_sphere,ratio,0.5,1.3407496692559002,0.742,0.852,0.83,0.022
5,mahalanobis_diag,mean_std_3.0,nearest_sphere,ratio,1.0,1.8157025486683211,0.772,0.852,0.836,0.016
5,mahalanobis_diag,mean_std_3.0,nearest_sphere,ratio,2.0,2.772802957009502,0.792,0.852,0.84,0.012
5,mahalanobis_diag,mean_std_3.0,nearest_sphere,inverse_margin,0.0,0.8667247231050391,0.722,0.852,0.826,0.026
5,mahalanobis_diag,mean_std_3.0,nearest_sphere,inverse_margin,0.25,7.318080352614269,0.822,0.852,0.846,0.006
5,mahalanobis_diag,mean_std_3.0,nearest_sphere,inverse_margin,0.5,13.78218658542686,0.822,0.852,0.846,0.006
5,mahalanobis_diag,mean_std_3.0,nearest_sphere,inverse_margin,1.0,26.710399051052043,0.822,0.852,0.846,0.006
5,mahalanobis_diag,mean_std_3.0,nearest_sphere,inverse_margin,2.0,52.56682398230241,0.822,0.852,0.846,0.006
5,mahalanobis_diag,mean_std_3.0,nearest_sphere,max_ratio,0.0,0.8667247231050391,0.722,0.852,0.826,0.026
5,mahalanobis_diag,mean_std_3.0,nearest_sphere,max_ratio,0.25,0.8667247231050391,0.722,0.852,0.826,0.026
5,mahalanobis_diag,mean_std_3.0,nearest_sphere,max_ratio,0.5,0.8667247231050391,0.722,0.852,0.826,0.026
5,mahalanobis_diag,mean_std_3.0,nearest_sphere,max_ratio,1.0,0.9627649621064645,0.822,0.852,0.846,0.006
5,mahalanobis_diag,mean_std_3.0,nearest_sphere,max_ratio,2.0,1.925529924212929,0.822,0.852,0.846,0.006
5,mahalanobis_diag,mean_std_3.0,normalized_union,none,0.0,0.8547753258192594,0.742,0.852,0.83,0.022
5,mahalanobis_diag,mean_std_3.0,normalized_union,none,0.25,0.8547753258192594,0.742,0.852,0.83,0.022
5,mahalanobis_diag,mean_std_3.0,normalized_union,none,0.5,0.8547753258192594,0.742,0.852,0.83,0.022
5,mahalanobis_diag,mean_std_3.0,normalized_union,none,1.0,0.8547753258192594,0.742,0.852,0.83,0.022
5,mahalanobis_diag,mean_std_3.0,normalized_union,none,2.0,0.8547753258192594,0.742,0.852,0.83,0.022
5,mahalanobis_diag,mean_std_3.0,normalized_union,ratio,0.0,0.8547753258192594,0.742,0.852,0.83,0.022
5,mahalanobis_diag,mean_std_3.0,normalized_union,ratio,0.25,1.087919652527106,0.742,0.852,0.83,0.022
5,mahalanobis_diag,mean_std_3.0,normalized_union,ratio,0.5,1.3251922960140723,0.762,0.852,0.834,0.018
5,mahalanobis_diag,mean_std_3.0,normalized_union,ratio,1.0,1.7981283544216526,0.782,0.852,0.838,0.014
5,mahalanobis_diag,mean_std_3.0,normalized_union,ratio,2.0,2.755223058544675,0.802,0.852,0.842,0.01
5,mahalanobis_diag,mean_std_3.0,normalized_union,inverse_margin,0.0,0.8547753258192594,0.742,0.852,0.83,0.022
5,mahalanobis_diag,mean_std_3.0,normalized_union,inverse_margin,0.25,7.318080352614269,0.822,0.852,0.846,0.006
5,mahalanobis_diag,mean_std_3.0,normalized_union,inverse_margin,0.5,13.78218658542686,0.822,0.852,0.846,0.006
5,mahalanobis_diag,mean_std_3.0,normalized_union,inverse_margin,1.0,26.710399051052043,0.822,0.852,0.846,0.006
5,mahalanobis_diag,mean_std_3.0,normalized_union,inverse_margin,2.0,52.56682398230241,0.822,0.852,0.846,0.006
5,mahalanobis_diag,mean_std_3.0,normalized_union,max_ratio,0.0,0.8547753258192594,0.742,0.852,0.83,0.022
5,mahalanobis_diag,mean_std_3.0,normalized_union,max_ratio,0.25,0.8547753258192594,0.742,0.852,0.83,0.022
5,mahalanobis_diag,mean_std_3.0,normalized_union,max_ratio,0.5,0.8547753258192594,0.742,0.852,0.83,0.022
5,mahalanobis_diag,mean_std_3.0,normalized_union,max_ratio,1.0,0.9627649621064645,0.822,0.852,0.846,0.006
5,mahalanobis_diag,mean_std_3.0,normalized_union,max_ratio,2.0,1.925529924212929,0.822,0.852,0.846,0.006
5,mahalanobis_diag,center_quantile_0.5,nearest_sphere,none,0.0,1.0597879817450873,0.682,0.852,0.818,0.034
5,mahalanobis_diag,center_quantile_0.5,nearest_sphere,none,0.25,1.0597879817450873,0.682,0.852,0.818,0.034
5,mahalanobis_diag,center_quantile_0.5,nearest_sphere,none,0.5,1.0597879817450873,0.682,0.852,0.818,0.034
5,mahalanobis_diag,center_quantile_0.5,nearest_sphere,none,1.0,1.0597879817450873,0.682,0.852,0.818,0.034
5,mahalanobis_diag,center_quantile_0.5,nearest_sphere,none,2.0,1.0597879817450873,0.682,0.852,0.818,0.034
5,mahalanobis_diag,center_quantile_0.5,nearest_sphere,ratio,0.0,1.0597879817450873,0.682,0.852,0.818,0.034
5,mahalanobis_diag,center_quantile_0.5,nearest_sphere,ratio,0.25,1.299265305369936,0.712,0.852,0.824,0.028
5,mahalanobis_diag,center_quantile_0.5,nearest_sphere,ratio,0.5,1.5346122849109325,0.712,0.852,0.824,0.028
5,mahalanobis_diag,center_quantile_0.5,nearest_sphere,ratio,1.0,2.0086319324360025,0.752,0.852,0.832,0.02
5,mahalanobis_diag,center_quantile_0.5,nearest_sphere,ratio,2.0,2.963452104303532,0.762,0.852,0.834,0.018
5,mahalanobis_diag,center_quantile_0.5,nearest_sphere,inverse_margin,0.0,1.0597879817450873,0.682,0.852,0.818,0.034
5,mahalanobis_diag,center_quantile_0.5,nearest_sphere,inverse_margin,0.25,7.495839661990494,0.822,0.852,0.846,0.006
5,mahalanobis_diag,center_quantile_0.5,nearest_sphere,inverse_margin,0.5,13.959945894803084,0.822,0.852,0.846,0.006
5,mahalanobis_diag,center_quantile_0.5,nearest_sphere,inverse_margin,1.0,26.888158360428267,0.822,0.852,0.846,0.006
5,mahalanobis_diag,center_quantile_0.5,nearest_sphere,inverse_margin,2.0,52.74458329167864,0.822,0.852,0.846,0.006
5,mahalanobis_diag,center_quantile_0.5,nearest_sphere,max_ratio,0.0,1.0597879817450873,0.682,0.852,0.818,0.034
5,mahalanobis_diag,center_quantile_0.5,nearest_sphere,max_ratio,0.25,1.0597879817450873,0.682,0.852,0.818,0.034
5,mahalanobis_diag,center_quantile_0.5,nearest_sphere,max_ratio,0.5,1.0597879817450873,0.682,0.852,0.818,0.034
5,mahalanobis_diag,center_quantile_0.5,nearest_sphere,max_ratio,1.0,1.0597879817450873,0.682,0.852,0.818,0.034
5,mahalanobis_diag,center_quantile_0.5,nearest_sphere,max_ratio,2.0,1.925529924212929,0.822,0.852,0.846,0.006
5,mahalanobis_diag,center_quantile_0.5,normalized_union,none,0.0,1.0495760798725096,0.662,0.852,0.814,0.038
5,mahalanobis_diag,center_quantile_0.5,normalized_union,none,0.25,1.0495760798725096,0.662,0.852,0.814,0.038
5,mahalanobis_diag,center_quantile_0.5,normalized_union,none,0.5,1.0495760798725096,0.662,0.852,0.814,0.038
5,mahalanobis_diag,center_quantile_0.5,normalized_union,none,1.0,1.0495760798725096,0.662,0.852,0.814,0.038
5,mahalanobis_diag,center_quantile_0.5,normalized_union,none,2.0,1.0495760798725096,0.662,0.852,0.814,0.038
5,mahalanobis_diag,center_quantile_0.5,normalized_union,ratio,0.0,1.0495760798725096,0.662,0.852,0.814,0.038
5,mahalanobis_diag,center_quantile_0.5,normalized_union,ratio,0.25,1.2845086101036802,0.692,0.852,0.82,0.032
5,mahalanobis_diag,center_quantile_0.5,normalized_union,ratio,0.5,1.522951653418336,0.712,0.852,0.824,0.028
5,mahalanobis_diag,center_quantile_0.5,normalized_union,ratio,1.0,2.00240311375395,0.712,0.852,0.824,0.028
5,mahalanobis_diag,center_quantile_0.5,normalized_union,ratio,2.0,2.96115178349481,0.742,0.852,0.83,0.022
5,mahalanobis_diag,center_quantile_0.5,normalized_union,inverse_margin,0.0,1.0495760798725096,0.662,0.852,0.814,0.038
5,mahalanobis_diag,center_quantile_0.5,normalized_union,inverse_margin,0.25,7.495839661990494,0.772,0.852,0.836,0.016
5,mahalanobis_diag,center_quantile_0.5,normalized_union,inverse_margin,0.5,13.959945894803084,0.772,0.852,0.836,0.016
5,mahalanobis_diag,center_quantile_0.5,normalized_union,inverse_margin,1.0,26.888158360428267,0.772,0.852,0.836,0.016
5,mahalanobis_diag,center_quantile_0.5,normalized_union,inverse_margin,2.0,52.74458329167864,0.772,0.852,0.836,0.016
5,mahalanobis_diag,center_quantile_0.5,normalized_union,max_ratio,0.0,1.0495760798725096,0.662,0.852,0.814,0.038
5,mahalanobis_diag,center_quantile_0.5,normalized_union,max_ratio,0.25,1.0495760798725096,0.662,0.852,0.814,0.038
5,mahalanobis_diag,center_quantile_0.5,normalized_union,max_ratio,0.5,1.0495760798725096,0.662,0.852,0.814,0.038
5,mahalanobis_diag,center_quantile_0.5,normalized_union,max_ratio,1.0,1.0495760798725096,0.662,0.852,0.814,0.038
5,mahalanobis_diag,center_quantile_0.5,normalized_union,max_ratio,2.0,1.925529924212929,0.772,0.852,0.836,0.016
5,mahalanobis_diag,intent_quantile_0.5,nearest_sphere,none,0.0,1.0667779823798405,0.712,0.852,0.824,0.028
5,mahalanobis_diag,intent_quantile_0.5,nearest_sphere,none,0.25,1.0667779823798405,0.712,0.852,0.824,0.028
5,mahalanobis_diag,intent_quantile_0.5,nearest_sphere,none,0.5,1.0667779823798405,0.712,0.852,0.824,0.028
5,mahalanobis_diag,intent_quantile_0.5,nearest_sphere,none,1.0,1.0667779823798405,0.712,0.852,0.824,0.028
5,mahalanobis_diag,intent_quantile_0.5,nearest_sphere,none,2.0,1.0667779823798405,0.712,0.852,0.824,0.028
5,mahalanobis_diag,intent_quantile_0.5,nearest_sphere,ratio,0.0,1.0667779823798405,0.712,0.852,0.824,0.028
5,mahalanobis_diag,intent_quantile_0.5,nearest_sphere,ratio,0.25,1.3053291425788878,0.712,0.852,0.824,0.028
5,mahalanobis_diag,intent_quantile_0.5,nearest_sphere,ratio,0.5,1.5437288323814307,0.722,0.852,0.826,0.026
5,mahalanobis_diag,intent_quantile_0.5,nearest_sphere,ratio,1.0,2.02181738922151,0.752,0.852,0.832,0.02
5,mahalanobis_diag,intent_quantile_0.5,nearest_sphere,ratio,2.0,2.9799373859951386,0.762,0.852,0.834,0.018
5,mahalanobis_diag,intent_quantile_0.5,nearest_sphere,inverse_margin,0.0,1.0667779823798405,0.712,0.852,0.824,0.028
5,mahalanobis_diag,intent_quantile_0.5,nearest_sphere,inverse_margin,0.25,7.527642184625726,0.822,0.852,0.846,0.006
5,mahalanobis_diag,intent_quantile_0.5,nearest_sphere,inverse_margin,0.5,13.991748417438318,0.822,0.852,0.846,0.006
5,mahalanobis_diag,intent_quantile_0.5,nearest_sphere,inverse_margin,1.0,26.919960883063503,0.822,0.852,0.846,0.006
5,mahalanobis_diag,intent_quantile_0.5,nearest_sphere,inverse_margin,2.0,52.77638581431387,0.822,0.852,0.846,0.006
5,mahalanobis_diag,intent_quantile_0.5,nearest_sphere,max_ratio,0.0,1.0667779823798405,0.712,0.852,0.824,0.028
5,mahalanobis_diag,intent_quantile_0.5,nearest_sphere,max_ratio,0.25,1.0667779823798405,0.712,0.852,0.824,0.028
5,mahalanobis_diag,intent_quantile_0.5,nearest_sphere,max_ratio,0.5,1.0667779823798405,0.712,0.852,0.824,0.028
5,mahalanobis_diag,intent_quantile_0.5,nearest_sphere,max_ratio,1.0,1.0667779823798405,0.712,0.852,0.824,0.028
5,mahalanobis_diag,intent_quantile_0.5,nearest_sphere,max_ratio,2.0,1.925529924212929,0.822,0.852,0.846,0.006
5,mahalanobis_diag,intent_quantile_0.5,normalized_union,none,0.0,1.0655573163972718,0.652,0.852,0.812,0.04
5,mahalanobis_diag,intent_quantile_0.5,normalized_union,none,0.25,1.0655573163972718,0.652,0.852,0.812,0.04
5,mahalanobis_diag,intent_quantile_0.5,normalized_union,none,0.5,1.0655573163972718,0.652,0.852,0.812,0.04
5,mahalanobis_diag,intent_quantile_0.5,normalized_union,none,1.0,1.0655573163972718,0.652,0.852,0.812,0.04
5,mahalanobis_diag,intent_quantile_0.5,normalized_union,none,2.0,1.0655573163972718,0.652,0.852,0.812,0.04
5,mahalanobis_diag,intent_quantile_0.5,normalized_union,ratio,0.0,1.0655573163972718,0.652,0.852,0.812,0.04
5,mahalanobis_diag,intent_quantile_0.5,normalized_union,ratio,0.25,1.3043808825969412,0.672,0.852,0.816,0.036
5,mahalanobis_diag,intent_quantile_0.5,normalized_union,ratio,0.5,1.5437288323814307,0.682,0.852,0.818,0.034
5,mahalanobis_diag,intent_quantile_0.5,normalized_union,ratio,1.0,2.019755970784725,0.692,0.852,0.82,0.032
5,mahalanobis_diag,intent_quantile_0.5,normalized_union,ratio,2.0,2.979475876224389,0.732,0.852,0.828,0.024
5,mahalanobis_diag,intent_quantile_0.5,normalized_union,inverse_margin,0.0,1.0655573163972718,0.652,0.852,0.812,0.04
5,mahalanobis_diag,intent_quantile_0.5,normalized_union,inverse_margin,0.25,7.527642184625726,0.772,0.852,0.836,0.016
5,mahalanobis_diag,intent_quantile_0.5,normalized_union,inverse_margin,0.5,13.991748417438318,0.772,0.852,0.836,0.016
5,mahalanobis_diag,intent_quantile_0.5,normalized_union,inverse_margin,1.0,26.919960883063503,0.772,0.852,0.836,0.016
5,mahalanobis_diag,intent_quantile_0.5,normalized_union,inverse_margin,2.0,52.77638581431387,0.772,0.852,0.836,0.016
5,mahalanobis_diag,intent_quantile_0.5,normalized_union,max_ratio,0.0,1.0655573163972718,0.652,0.852,0.812,0.04
5,mahalanobis_diag,intent_quantile_0.5,normalized_union,max_ratio,0.25,1.0655573163972718,0.652,0.852,0.812,0.04
5,mahalanobis_diag,intent_quantile_0.5,normalized_union,max_ratio,0.5,1.0655573163972718,0.652,0.852,0.812,0.04
5,mahalanobis_diag,intent_quantile_0.5,normalized_union,max_ratio,1.0,1.0655573163972718,0.652,0.852,0.812,0.04
5,mahalanobis_diag,intent_quantile_0.5,normalized_union,max_ratio,2.0,1.925529924212929,0.772,0.852,0.836,0.016
5,mahalanobis_diag,center_quantile_0.7,nearest_sphere,none,0.0,1.0315739355280575,0.682,0.852,0.818,0.034
5,mahalanobis_diag,center_quantile_0.7,nearest_sphere,none,0.25,1.0315739355280575,0.682,0.852,0.818,0.034
5,mahalanobis_diag,center_quantile_0.7,nearest_sphere,none,0.5,1.0315739355280575,0.682,0.852,0.818,0.034
5,mahalanobis_diag,center_quantile_0.7,nearest_sphere,none,1.0,1.0315739355280575,0.682,0.852,0.818,0.034
5,mahalanobis_diag,center_quantile_0.7,nearest_sphere,none,2.0,1.0315739355280575,0.682,0.852,0.818,0.034
5,mahalanobis_diag,center_quantile_0.7,nearest_sphere,ratio,0.0,1.0315739355280575,0.682,0.852,0.818,0.034
5,mahalanobis_diag,center_quantile_0.7,nearest_sphere,ratio,0.25,1.2713130596195834,0.712,0.852,0.824,0.028
5,mahalanobis_diag,center_quantile_0.7,nearest_sphere,ratio,0.5,1.506645516313668,0.712,0.852,0.824,0.028
5,mahalanobis_diag,center_quantile_0.7,nearest_sphere,ratio,1.0,1.9826727774686124,0.752,0.852,0.832,0.02
5,mahalanobis_diag,center_quantile_0.7,nearest_sphere,ratio,2.0,2.93560373423439,0.772,0.852,0.836,0.016
5,mahalanobis_diag,center_quantile_0.7,nearest_sphere,inverse_margin,0.0,1.0315739355280575,0.682,0.852,0.818,0.034
5,mahalanobis_diag,center_quantile_0.7,nearest_sphere,inverse_margin,0.25,7.469261906872768,0.822,0.852,0.846,0.006
5,mahalanobis_diag,center_quantile_0.7,nearest_sphere,inverse_margin,0.5,13.93336813968536,0.822,0.852,0.846,0.006
5,mahalanobis_diag,center_quantile_0.7,nearest_sphere,inverse_margin,1.0,26.861580605310543,0.822,0.852,0.846,0.006
5,mahalanobis_diag,center_quantile_0.7,nearest_sphere,inverse_margin,2.0,52.71800553656091,0.822,0.852,0.846,0.006
5,mahalanobis_diag,center_quantile_0.7,nearest_sphere,max_ratio,0.0,1.0315739355280575,0.682,0.852,0.818,0.034
5,mahalanobis_diag,center_quantile_0.7,nearest_sphere,max_ratio,0.25,1.0315739355280575,0.682,0.852,0.818,0.034
5,mahalanobis_diag,center_quantile_0.7,nearest_sphere,max_ratio,0.5,1.0315739355280575,0.682,0.852,0.818,0.034
5,mahalanobis_diag,center_quantile_0.7,nearest_sphere,max_ratio,1.0,1.0315739355280575,0.682,0.852,0.818,0.034
5,mahalanobis_diag,center_quantile_0.7,nearest_sphere,max_ratio,2.0,1.925529924212929,0.822,0.852,0.846,0.006
5,mahalanobis_diag,center_quantile_0.7,normalized_union,none,0.0,1.0231166856621174,0.662,0.852,0.814,0.038
5,mahalanobis_diag,center_quantile_0.7,normalized_union,none,0.25,1.0231166856621174,0.662,0.852,0.814,0.038
5,mahalanobis_diag,center_quantile_0.7,normalized_union,none,0.5,1.0231166856621174,0.662,0.852,0.814,0.038
5,mahalanobis_diag,center_quantile_0.7,normalized_union,none,1.0,1.0231166856621174,0.662,0.852,0.814,0.038
5,mahalanobis_diag,center_quantile_0.7,normalized_union,none,2.0,1.0231166856621174,0.662,0.852,0.814,0.038
5,mahalanobis_diag,center_quantile_0.7,normalized_union,ratio,0.0,1.0231166856621174,0.662,0.852,0.814,0.038
5,mahalanobis_diag,center_quantile_0.7,normalized_union,ratio,0.25,1.2585948164162772,0.682,0.852,0.818,0.034
5,mahalanobis_diag,center_quantile_0.7,normalized_union,ratio,0.5,1.4965067377544639,0.692,0.852,0.82,0.032
5,mahalanobis_diag,center_quantile_0.7,normalized_union,ratio,1.0,1.9759883102258198,0.712,0.852,0.824,0.028
5,mahalanobis_diag,center_quantile_0.7,normalized_union,ratio,2.0,2.9326760843036235,0.742,0.852,0.83,0.022
5,mahalanobis_diag,center_quantile_0.7,normalized_union,inverse_margin,0.0,1.0231166856621174,0.662,0.852,0.814,0.038
5,mahalanobis_diag,center_quantile_0.7,normalized_union,inverse_margin,0.25,7.469261906872768,0.772,0.852,0.836,0.016
5,mahalanobis_diag,center_quantile_0.7,normalized_union,inverse_margin,0.5,13.93336813968536,0.772,0.852,0.836,0.016
5,mahalanobis_diag,center_quantile_0.7,normalized_union,inverse_margin,1.0,26.861580605310543,0.772,0.852,0.836,0.016
5,mahalanobis_diag,center_quantile_0.7,normalized_union,inverse_margin,2.0,52.71800553656091,0.772,0.852,0.836,0.016
5,mahalanobis_diag,center_quantile_0.7,normalized_union,max_ratio,0.0,1.0231166856621174,0.662,0.852,0.814,0.038
5,mahalanobis_diag,center_quantile_0.7,normalized_union,max_ratio,0.25,1.0231166856621174,0.662,0.852,0.814,0.038
5,mahalanobis_diag,center_quantile_0.7,normalized_union,max_ratio,0.5,1.0231166856621174,0.662,0.852,0.814,0.038
5,mahalanobis_diag,center_quantile_0.7,normalized_union,max_ratio,1.0,1.0231166856621174,0.662,0.852,0.814,0.038
5,mahalanobis_diag,center_quantile_0.7,normalized_union,max_ratio,2.0,1.925529924212929,0.772,0.852,0.836,0.016
5,mahalanobis_diag,intent_quantile_0.7,nearest_sphere,none,0.0,1.036350680700345,0.712,0.852,0.824,0.028
5,mahalanobis_diag,intent_quantile_0.7,nearest_sphere,none,0.25,1.036350680700345,0.712,0.852,0.824,0.028
5,mahalanobis_diag,intent_quantile_0.7,nearest_sphere,none,0.5,1.036350680700345,0.712,0.852,0.824,0.028
5,mahalanobis_diag,intent_quantile_0.7,nearest_sphere,none,1.0,1.036350680700345,0.712,0.852,0.824,0.028
5,mahalanobis_diag,intent_quantile_0.7,nearest_sphere,none,2.0,1.036350680700345,0.712,0.852,0.824,0.028
5,mahalanobis_diag,intent_quantile_0.7,nearest_sphere,ratio,0.0,1.036350680700345,0.712,0.852,0.824,0.028
5,mahalanobis_diag,intent_quantile_0.7,nearest_sphere,ratio,0.25,1.2736664799100699,0.712,0.852,0.824,0.028
5,mahalanobis_diag,intent_quantile_0.7,nearest_sphere,ratio,0.5,1.511180635382932,0.722,0.852,0.826,0.026
5,mahalanobis_diag,intent_quantile_0.7,nearest_sphere,ratio,1.0,1.9895004991223184,0.752,0.852,0.832,0.02
5,mahalanobis_diag,intent_quantile_0.7,nearest_sphere,ratio,2.0,2.9486989184921866,0.762,0.852,0.834,0.018
5,mahalanobis_diag,intent_quantile_0.7,nearest_sphere,inverse_margin,0.0,1.036350680700345,0.712,0.852,0.824,0.028
5,mahalanobis_diag,intent_quantile_0.7,nearest_sphere,inverse_margin,0.25,7.491072490639365,0.822,0.852,0.846,0.006
5,mahalanobis_diag,intent_quantile_0.7,nearest_sphere,inverse_margin,0.5,13.955178723451956,0.822,0.852,0.846,0.006
5,mahalanobis_diag,intent_quantile_0.7,nearest_sphere,inverse_margin,1.0,26.883391189077138,0.822,0.852,0.846,0.006
5,mahalanobis_diag,intent_quantile_0.7,nearest_sphere,inverse_margin,2.0,52.739816120327504,0.822,0.852,0.846,0.006
5,mahalanobis_diag,intent_quantile_0.7,nearest_sphere,max_ratio,0.0,1.036350680700345,0.712,0.852,0.824,0.028
5,mahalanobis_diag,intent_quantile_0.7,nearest_sphere,max_ratio,0.25,1.036350680700345,0.712,0.852,0.824,0.028
5,mahalanobis_diag,intent_quantile_0.7,nearest_sphere,max_ratio,0.5,1.036350680700345,0.712,0.852,0.824,0.028
5,mahalanobis_diag,intent_quantile_0.7,nearest_sphere,max_ratio,1.0,1.036350680700345,0.712,0.852,0.824,0.028
5,mahalanobis_diag,intent_quantile_0.7,nearest_sphere,max_ratio,2.0,1.925529924212929,0.822,0.852,0.846,0.006
5,mahalanobis_diag,intent_quantile_0.7,normalized_union,none,0.0,1.0356719116639002,0.662,0.852,0.814,0.038
5,mahalanobis_diag,intent_quantile_0.7,normalized_union,none,0.25,1.0356719116639002,0.662,0.852,0.814,0.038
5,mahalanobis_diag,intent_quantile_0.7,normalized_union,none,0.5,1.0356719116639002,0.662,0.852,0.814,0.038
5,mahalanobis_diag,intent_quantile_0.7,normalized_union,none,1.0,1.0356719116639002,0.662,0.852,0.814,0.038
5,mahalanobis_diag,intent_quantile_0.7,normalized_union,none,2.0,1.0356719116639002,0.662,0.852,0.814,0.038
5,mahalanobis_diag,intent_quantile_0.7,normalized_union,ratio,0.0,1.0356719116639002,0.662,0.852,0.814,0.038
5,mahalanobis_diag,intent_quantile_0.7,normalized_union,ratio,0.25,1.2730187072367043,0.682,0.852,0.818,0.034
5,mahalanobis_diag,intent_quantile_0.7,normalized_union,ratio,0.5,1.511180635382932,0.702,0.852,0.822,0.03
5,mahalanobis_diag,intent_quantile_0.7,normalized_union,ratio,1.0,1.989423000351389,0.722,0.852,0.826,0.026
5,mahalanobis_diag,intent_quantile_0.7,normalized_union,ratio,2.0,2.948079912275264,0.752,0.852,0.832,0.02
5,mahalanobis_diag,intent_quantile_0.7,normalized_union,inverse_margin,0.0,1.0356719116639002,0.662,0.852,0.814,0.038
5,mahalanobis_diag,intent_quantile_0.7,normalized_union,inverse_margin,0.25,7.491072490639365,0.792,0.852,0.84,0.012
5,mahalanobis_diag,intent_quantile_0.7,normalized_union,inverse_margin,0.5,13.955178723451956,0.792,0.852,0.84,0.012
5,mahalanobis_diag,intent_quantile_0.7,normalized_union,inverse_margin,1.0,26.883391189077138,0.792,0.852,0.84,0.012
5,mahalanobis_diag,intent_quantile_0.7,normalized_union,inverse_margin,2.0,52.739816120327504,0.792,0.852,0.84,0.012
5,mahalanobis_diag,intent_quantile_0.7,normalized_union,max_ratio,0.0,1.0356719116639002,0.662,0.852,0.814,0.038
5,mahalanobis_diag,intent_quantile_0.7,normalized_union,max_ratio,0.25,1.0356719116639002,0.662,0.852,0.814,0.038
5,mahalanobis_diag,intent_quantile_0.7,normalized_union,max_ratio,0.5,1.0356719116639002,0.662,0.852,0.814,0.038
5,mahalanobis_diag,intent_quantile_0.7,normalized_union,max_ratio,1.0,1.0356719116639002,0.662,0.852,0.814,0.038
5,mahalanobis_diag,intent_quantile_0.7,normalized_union,max_ratio,2.0,1.925529924212929,0.792,0.852,0.84,0.012
5,mahalanobis_diag,center_quantile_0.8,nearest_sphere,none,0.0,1.0145425573409508,0.692,0.852,0.82,0.032
5,mahalanobis_diag,center_quantile_0.8,nearest_sphere,none,0.25,1.0145425573409508,0.692,0.852,0.82,0.032
5,mahalanobis_diag,center_quantile_0.8,nearest_sphere,none,0.5,1.0145425573409508,0.692,0.852,0.82,0.032
5,mahalanobis_diag,center_quantile_0.8,nearest_sphere,none,1.0,1.0145425573409508,0.692,0.852,0.82,0.032
5,mahalanobis_diag,center_quantile_0.8,nearest_sphere,none,2.0,1.0145425573409508,0.692,0.852,0.82,0.032
5,mahalanobis_diag,center_quantile_0.8,nearest_sphere,ratio,0.0,1.0145425573409508,0.692,0.852,0.82,0.032
5,mahalanobis_diag,center_quantile_0.8,nearest_sphere,ratio,0.25,1.2521219152034415,0.712,0.852,0.824,0.028
5,mahalanobis_diag,center_quantile_0.8,nearest_sphere,ratio,0.5,1.4899648711725406,0.722,0.852,0.826,0.026
5,mahalanobis_diag,center_quantile_0.8,nearest_sphere,ratio,1.0,1.9630775431149017,0.742,0.852,0.83,0.022
5,mahalanobis_diag,center_quantile_0.8,nearest_sphere,ratio,2.0,2.916186700538181,0.782,0.852,0.838,0.014
5,mahalanobis_diag,center_quantile_0.8,nearest_sphere,inverse_margin,0.0,1.0145425573409508,0.692,0.852,0.82,0.032
5,mahalanobis_diag,center_quantile_0.8,nearest_sphere,inverse_margin,0.25,7.449681934496209,0.822,0.852,0.846,0.006
5,mahalanobis_diag,center_quantile_0.8,nearest_sphere,inverse_margin,0.5,13.913788167308802,0.822,0.852,0.846,0.006
5,mahalanobis_diag,center_quantile_0.8,nearest_sphere,inverse_margin,1.0,26.842000632933985,0.822,0.852,0.846,0.006
5,mahalanobis_diag,center_quantile_0.8,nearest_sphere,inverse_margin,2.0,52.69842556418435,0.822,0.852,0.846,0.006
5,mahalanobis_diag,center_quantile_0.8,nearest_sphere,max_ratio,0.0,1.0145425573409508,0.692,0.852,0.82,0.032
5,mahalanobis_diag,center_quantile_0.8,nearest_sphere,max_ratio,0.25,1.0145425573409508,0.692,0.852,0.82,0.032
5,mahalanobis_diag,center_quantile_0.8,nearest_sphere,max_ratio,0.5,1.0145425573409508,0.692,0.852,0.82,0.032
5,mahalanobis_diag,center_quantile_0.8,nearest_sphere,max_ratio,1.0,1.0145425573409508,0.692,0.852,0.82,0.032
5,mahalanobis_diag,center_quantile_0.8,nearest_sphere,max_ratio,2.0,1.925529924212929,0.822,0.852,0.846,0.006
5,mahalanobis_diag,center_quantile_0.8,normalized_union,none,0.0,1.0035935999473216,0.682,0.852,0.818,0.034
5,mahalanobis_diag,center_quantile_0.8,normalized_union,none,0.25,1.0035935999473216,0.682,0.852,0.818,0.034
5,mahalanobis_diag,center_quantile_0.8,normalized_union,none,0.5,1.0035935999473216,0.682,0.852,0.818,0.034
5,mahalanobis_diag,center_quantile_0.8,normalized_union,none,1.0,1.0035935999473216,0.682,0.852,0.818,0.034
5,mahalanobis_diag,center_quantile_0.8,normalized_union,none,2.0,1.0035935999473216,0.682,0.852,0.818,0.034
5,mahalanobis_diag,center_quantile_0.8,normalized_union,ratio,0.0,1.0035935999473216,0.682,0.852,0.818,0.034
5,mahalanobis_diag,center_quantile_0.8,normalized_union,ratio,0.25,1.238805878112365,0.702,0.852,0.822,0.03
5,mahalanobis_diag,center_quantile_0.8,normalized_union,ratio,0.5,1.4752511560212662,0.722,0.852,0.826,0.026
5,mahalanobis_diag,center_quantile_0.8,normalized_union,ratio,1.0,1.9544932675712903,0.732,0.852,0.828,0.024
5,mahalanobis_diag,center_quantile_0.8,normalized_union,ratio,2.0,2.914504597512601,0.762,0.852,0.834,0.018
5,mahalanobis_diag,center_quantile_0.8,normalized_union,inverse_margin,0.0,1.0035935999473216,0.682,0.852,0.818,0.034
5,mahalanobis_diag,center_quantile_0.8,normalized_union,inverse_margin,0.25,7.449681934496209,0.792,0.852,0.84,0.012
5,mahalanobis_diag,center_quantile_0.8,normalized_union,inverse_margin,0.5,13.913788167308802,0.792,0.852,0.84,0.012
5,mahalanobis_diag,center_quantile_0.8,normalized_union,inverse_margin,1.0,26.842000632933985,0.792,0.852,0.84,0.012
5,mahalanobis_diag,center_quantile_0.8,normalized_union,inverse_margin,2.0,52.69842556418435,0.792,0.852,0.84,0.012
5,mahalanobis_diag,center_quantile_0.8,normalized_union,max_ratio,0.0,1.0035935999473216,0.682,0.852,0.818,0.034
5,mahalanobis_diag,center_quantile_0.8,normalized_union,max_ratio,0.25,1.0035935999473216,0.682,0.852,0.818,0.034
5,mahalanobis_diag,center_quantile_0.8,normalized_union,max_ratio,0.5,1.0035935999473216,0.682,0.852,0.818,0.034
5,mahalanobis_diag,center_quantile_0.8,normalized_union,max_ratio,1.0,1.0035935999473216,0.682,0.852,0.818,0.034
5,mahalanobis_diag,center_quantile_0.8,normalized_union,max_ratio,2.0,1.925529924212929,0.792,0.852,0.84,0.012
5,mahalanobis_diag,intent_quantile_0.8,nearest_sphere,none,0.0,1.0186235093064573,0.712,0.852,0.824,0.028
5,mahalanobis_diag,intent_quantile_0.8,nearest_sphere,none,0.25,1.0186235093064573,0.712,0.852,0.824,0.028
5,mahalanobis_diag,intent_quantile_0.8,nearest_sphere,none,0.5,1.0186235093064573,0.712,0.852,0.824,0.028
5,mahalanobis_diag,intent_quantile_0.8,nearest_sphere,none,1.0,1.0186235093064573,0.712,0.852,0.824,0.028
5,mahalanobis_diag,intent_quantile_0.8,nearest_sphere,none,2.0,1.0186235093064573,0.712,0.852,0.824,0.028
5,mahalanobis_diag,intent_quantile_0.8,nearest_sphere,ratio,0.0,1.0186235093064573,0.712,0.852,0.824,0.028
5,mahalanobis_diag,intent_quantile_0.8,nearest_sphere,ratio,0.25,1.2537130247748005,0.712,0.852,0.824,0.028
5,mahalanobis_diag,intent_quantile_0.8,nearest_sphere,ratio,0.5,1.4923806145023646,0.722,0.852,0.826,0.026
5,mahalanobis_diag,intent_quantile_0.8,nearest_sphere,ratio,1.0,1.9701300970501818,0.752,0.852,0.832,0.02
5,mahalanobis_diag,intent_quantile_0.8,nearest_sphere,ratio,2.0,2.9293734892960703,0.772,0.852,0.836,0.016
5,mahalanobis_diag,intent_quantile_0.8,nearest_sphere,inverse_margin,0.0,1.0186235093064573,0.712,0.852,0.824,0.028
5,mahalanobis_diag,intent_quantile_0.8,nearest_sphere,inverse_margin,0.25,7.470396711161506,0.822,0.852,0.846,0.006
5,mahalanobis_diag,intent_quantile_0.8,nearest_sphere,inverse_margin,0.5,13.934502943974097,0.822,0.852,0.846,0.006
5,mahalanobis_diag,intent_quantile_0.8,nearest_sphere,inverse_margin,1.0,26.862715409599282,0.822,0.852,0.846,0.006
5,mahalanobis_diag,intent_quantile_0.8,nearest_sphere,inverse_margin,2.0,52.71914034084965,0.822,0.852,0.846,0.006
5,mahalanobis_diag,intent_quantile_0.8,nearest_sphere,max_ratio,0.0,1.0186235093064573,0.712,0.852,0.824,0.028
5,mahalanobis_diag,intent_quantile_0.8,nearest_sphere,max_ratio,0.25,1.0186235093064573,0.712,0.852,0.824,0.028
5,mahalanobis_diag,intent_quantile_0.8,nearest_sphere,max_ratio,0.5,1.0186235093064573,0.712,0.852,0.824,0.028
5,mahalanobis_diag,intent_quantile_0.8,nearest_sphere,max_ratio,1.0,1.0186235093064573,0.712,0.852,0.824,0.028
5,mahalanobis_diag,intent_quantile_0.8,nearest_sphere,max_ratio,2.0,1.925529924212929,0.822,0.852,0.846,0.006
5,mahalanobis_diag,intent_quantile_0.8,normalized_union,none,0.0,1.0181899110097128,0.662,0.852,0.814,0.038
5,mahalanobis_diag,intent_quantile_0.8,normalized_union,none,0.25,1.0181899110097128,0.662,0.852,0.814,0.038
5,mahalanobis_diag,intent_quantile_0.8,normalized_union,none,0.5,1.0181899110097128,0.662,0.852,0.814,0.038
5,mahalanobis_diag,intent_quantile_0.8,normalized_union,none,1.0,1.0181899110097128,0.662,0.852,0.814,0.038
5,mahalanobis_diag,intent_quantile_0.8,normalized_union,none,2.0,1.0181899110097128,0.662,0.852,0.814,0.038
5,mahalanobis_diag,intent_quantile_0.8,normalized_union,ratio,0.0,1.0181899110097128,0.662,0.852,0.814,0.038
5,mahalanobis_diag,intent_quantile_0.8,normalized_union,ratio,0.25,1.2531226407831615,0.682,0.852,0.818,0.034
5,mahalanobis_diag,intent_quantile_0.8,normalized_union,ratio,0.5,1.4923806145023646,0.702,0.852,0.822,0.03
5,mahalanobis_diag,intent_quantile_0.8,normalized_union,ratio,1.0,1.9692596199811392,0.722,0.852,0.826,0.026
5,mahalanobis_diag,intent_quantile_0.8,normalized_union,ratio,2.0,2.9293734892960703,0.772,0.852,0.836,0.016
5,mahalanobis_diag,intent_quantile_0.8,normalized_union,inverse_margin,0.0,1.0181899110097128,0.662,0.852,0.814,0.038
5,mahalanobis_diag,intent_quantile_0.8,normalized_union,inverse_margin,0.25,7.470396711161506,0.802,0.852,0.842,0.01
5,mahalanobis_diag,intent_quantile_0.8,normalized_union,inverse_margin,0.5,13.934502943974097,0.802,0.852,0.842,0.01
5,mahalanobis_diag,intent_quantile_0.8,normalized_union,inverse_margin,1.0,26.862715409599282,0.802,0.852,0.842,0.01
5,mahalanobis_diag,intent_quantile_0.8,normalized_union,inverse_margin,2.0,52.71914034084965,0.802,0.852,0.842,0.01
5,mahalanobis_diag,intent_quantile_0.8,normalized_union,max_ratio,0.0,1.0181899110097128,0.662,0.852,0.814,0.038
5,mahalanobis_diag,intent_quantile_0.8,normalized_union,max_ratio,0.25,1.0181899110097128,0.662,0.852,0.814,0.038
5,mahalanobis_diag,intent_quantile_0.8,normalized_union,max_ratio,0.5,1.0181899110097128,0.662,0.852,0.814,0.038
5,mahalanobis_diag,intent_quantile_0.8,normalized_union,max_ratio,1.0,1.0181899110097128,0.662,0.852,0.814,0.038
5,mahalanobis_diag,intent_quantile_0.8,normalized_union,max_ratio,2.0,1.925529924212929,0.802,0.852,0.842,0.01
5,mahalanobis_diag,center_quantile_0.9,nearest_sphere,none,0.0,0.9915381453478329,0.692,0.852,0.82,0.032
5,mahalanobis_diag,center_quantile_0.9,nearest_sphere,none,0.25,0.9915381453478329,0.692,0.852,0.82,0.032
5,mahalanobis_diag,center_quantile_0.9,nearest_sphere,none,0.5,0.9915381453478329,0.692,0.852,0.82,0.032
5,mahalanobis_diag,center_quantile_0.9,nearest_sphere,none,1.0,0.9915381453478329,0.692,0.852,0.82,0.032
5,mahalanobis_diag,center_quantile_0.9,nearest_sphere,none,2.0,0.9915381453478329,0.692,0.852,0.82,0.032
5,mahalanobis_diag,center_quantile_0.9,nearest_sphere,ratio,0.0,0.9915381453478329,0.692,0.852,0.82,0.032
5,mahalanobis_diag,center_quantile_0.9,nearest_sphere,ratio,0.25,1.2281825275218141,0.712,0.852,0.824,0.028
5,mahalanobis_diag,center_quantile_0.9,nearest_sphere,ratio,0.5,1.46323284056742,0.722,0.852,0.826,0.026
5,mahalanobis_diag,center_quantile_0.9,nearest_sphere,ratio,1.0,1.9388390480682949,0.742,0.852,0.83,0.022
5,mahalanobis_diag,center_quantile_0.9,nearest_sphere,ratio,2.0,2.893601721897181,0.782,0.852,0.838,0.014
5,mahalanobis_diag,center_quantile_0.9,nearest_sphere,inverse_margin,0.0,0.9915381453478329,0.692,0.852,0.82,0.032
5,mahalanobis_diag,center_quantile_0.9,nearest_sphere,inverse_margin,0.25,7.4274976727498245,0.822,0.852,0.846,0.006
5,mahalanobis_diag,center_quantile_0.9,nearest_sphere,inverse_margin,0.5,13.891603905562416,0.822,0.852,0.846,0.006
5,mahalanobis_diag,center_quantile_0.9,nearest_sphere,inverse_margin,1.0,26.8198163711876,0.822,0.852,0.846,0.006
5,mahalanobis_diag,center_quantile_0.9,nearest_sphere,inverse_margin,2.0,52.676241302437965,0.822,0.852,0.846,0.006
5,mahalanobis_diag,center_quantile_0.9,nearest_sphere,max_ratio,0.0,0.9915381453478329,0.692,0.852,0.82,0.032
5,mahalanobis_diag,center_quantile_0.9,nearest_sphere,max_ratio,0.25,0.9915381453478329,0.692,0.852,0.82,0.032
5,mahalanobis_diag,center_quantile_0.9,nearest_sphere,max_ratio,0.5,0.9915381453478329,0.692,0.852,0.82,0.032
5,mahalanobis_diag,center_quantile_0.9,nearest_sphere,max_ratio,1.0,0.9948409994443602,0.712,0.852,0.824,0.028
5,mahalanobis_diag,center_quantile_0.9,nearest_sphere,max_ratio,2.0,1.925529924212929,0.822,0.852,0.846,0.006
5,mahalanobis_diag,center_quantile_0.9,normalized_union,none,0.0,0.9794678227185584,0.692,0.852,0.82,0.032
5,mahalanobis_diag,center_quantile_0.9,normalized_union,none,0.25,0.9794678227185584,0.692,0.852,0.82,0.032
5,mahalanobis_diag,center_quantile_0.9,normalized_union,none,0.5,0.9794678227185584,0.692,0.852,0.82,0.032
5,mahalanobis_diag,center_quantile_0.9,normalized_union,none,1.0,0.9794678227185584,0.692,0.852,0.82,0.032
5,mahalanobis_diag,center_quantile_0.9,normalized_union,none,2.0,0.9794678227185584,0.692,0.852,0.82,0.032
5,mahalanobis_diag,center_quantile_0.9,normalized_union,ratio,0.0,0.9794678227185584,0.692,0.852,0.82,0.032
5,mahalanobis_diag,center_quantile_0.9,normalized_union,ratio,0.25,1.2153658663176163,0.692,0.852,0.82,0.032
5,mahalanobis_diag,center_quantile_0.9,normalized_union,ratio,0.5,1.4516464539929852,0.712,0.852,0.824,0.028
5,mahalanobis_diag,center_quantile_0.9,normalized_union,ratio,1.0,1.9323519608712263,0.742,0.852,0.83,0.022
5,mahalanobis_diag,center_quantile_0.9,normalized_union,ratio,2.0,2.8918799196953224,0.772,0.852,0.836,0.016
5,mahalanobis_diag,center_quantile_0.9,normalized_union,inverse_margin,0.0,0.9794678227185584,0.692,0.852,0.82,0.032
5,mahalanobis_diag,center_quantile_0.9,normalized_union,inverse_margin,0.25,7.4274976727498245,0.822,0.852,0.846,0.006
5,mahalanobis_diag,center_quantile_0.9,normalized_union,inverse_margin,0.5,13.891603905562416,0.822,0.852,0.846,0.006
5,mahalanobis_diag,center_quantile_0.9,normalized_union,inverse_margin,1.0,26.8198163711876,0.822,0.852,0.846,0.006
5,mahalanobis_diag,center_quantile_0.9,normalized_union,inverse_margin,2.0,52.676241302437965,0.822,0.852,0.846,0.006
5,mahalanobis_diag,center_quantile_0.9,normalized_union,max_ratio,0.0,0.9794678227185584,0.692,0.852,0.82,0.032
5,mahalanobis_diag,center_quantile_0.9,normalized_union,max_ratio,0.25,0.9794678227185584,0.692,0.852,0.82,0.032
5,mahalanobis_diag,center_quantile_0.9,normalized_union,max_ratio,0.5,0.9794678227185584,0.692,0.852,0.82,0.032
5,mahalanobis_diag,center_quantile_0.9,normalized_union,max_ratio,1.0,0.9878238407457322,0.752,0.852,0.832,0.02
5,mahalanobis_diag,center_quantile_0.9,normalized_union,max_ratio,2.0,1.925529924212929,0.822,0.852,0.846,0.006
5,mahalanobis_diag,intent_quantile_0.9,nearest_sphere,none,0.0,0.99101419520077,0.712,0.852,0.824,0.028
5,mahalanobis_diag,intent_quantile_0.9,nearest_sphere,none,0.25,0.99101419520077,0.712,0.852,0.824,0.028
5,mahalanobis_diag,intent_quantile_0.9,nearest_sphere,none,0.5,0.99101419520077,0.712,0.852,0.824,0.028
5,mahalanobis_diag,intent_quantile_0.9,nearest_sphere,none,1.0,0.99101419520077,0.712,0.852,0.824,0.028
5,mahalanobis_diag,intent_quantile_0.9,nearest_sphere,none,2.0,0.99101419520077,0.712,0.852,0.824,0.028
5,mahalanobis_diag,intent_quantile_0.9,nearest_sphere,ratio,0.0,0.99101419520077,0.712,0.852,0.824,0.028
5,mahalanobis_diag,intent_quantile_0.9,nearest_sphere,ratio,0.25,1.225886684456387,0.722,0.852,0.826,0.026
5,mahalanobis_diag,intent_quantile_0.9,nearest_sphere,ratio,0.5,1.4649508820285273,0.732,0.852,0.828,0.024
5,mahalanobis_diag,intent_quantile_0.9,nearest_sphere,ratio,1.0,1.9433514159590222,0.752,0.852,0.832,0.02
5,mahalanobis_diag,intent_quantile_0.9,nearest_sphere,ratio,2.0,2.9053675502073038,0.772,0.852,0.836,0.016
5,mahalanobis_diag,intent_quantile_0.9,nearest_sphere,inverse_margin,0.0,0.99101419520077,0.712,0.852,0.824,0.028
5,mahalanobis_diag,intent_quantile_0.9,nearest_sphere,inverse_margin,0.25,7.4446926866651495,0.822,0.852,0.846,0.006
5,mahalanobis_diag,intent_quantile_0.9,nearest_sphere,inverse_margin,0.5,13.908798919477741,0.822,0.852,0.846,0.006
5,mahalanobis_diag,intent_quantile_0.9,nearest_sphere,inverse_margin,1.0,26.837011385102922,0.822,0.852,0.846,0.006
5,mahalanobis_diag,intent_quantile_0.9,nearest_sphere,inverse_margin,2.0,52.69343631635329,0.822,0.852,0.846,0.006
5,mahalanobis_diag,intent_quantile_0.9,nearest_sphere,max_ratio,0.0,0.99101419520077,0.712,0.852,0.824,0.028
5,mahalanobis_diag,intent_quantile_0.9,nearest_sphere,max_ratio,0.25,0.99101419520077,0.712,0.852,0.824,0.028
5,mahalanobis_diag,intent_quantile_0.9,nearest_sphere,max_ratio,0.5,0.99101419520077,0.712,0.852,0.824,0.028
5,mahalanobis_diag,intent_quantile_0.9,nearest_sphere,max_ratio,1.0,0.992994994897811,0.752,0.852,0.832,0.02
5,mahalanobis_diag,intent_quantile_0.9,nearest_sphere,max_ratio,2.0,1.925529924212929,0.822,0.852,0.846,0.006
5,mahalanobis_diag,intent_quantile_0.9,normalized_union,none,0.0,0.990877864273836,0.682,0.852,0.818,0.034
5,mahalanobis_diag,intent_quantile_0.9,normalized_union,none,0.25,0.990877864273836,0.682,0.852,0.818,0.034
5,mahalanobis_diag,intent_quantile_0.9,normalized_union,none,0.5,0.990877864273836,0.682,0.852,0.818,0.034
5,mahalanobis_diag,intent_quantile_0.9,normalized_union,none,1.0,0.990877864273836,0.682,0.852,0.818,0.034
5,mahalanobis_diag,intent_quantile_0.9,normalized_union,none,2.0,0.990877864273836,0.682,0.852,0.818,0.034
5,mahalanobis_diag,intent_quantile_0.9,normalized_union,ratio,0.0,0.990877864273836,0.682,0.852,0.818,0.034
5,mahalanobis_diag,intent_quantile_0.9,normalized_union,ratio,0.25,1.225886684456387,0.712,0.852,0.824,0.028
5,mahalanobis_diag,intent_quantile_0.9,normalized_union,ratio,0.5,1.4649508820285273,0.722,0.852,0.826,0.026
5,mahalanobis_diag,intent_quantile_0.9,normalized_union,ratio,1.0,1.9433514159590222,0.742,0.852,0.83,0.022
5,mahalanobis_diag,intent_quantile_0.9,normalized_union,ratio,2.0,2.9053675502073038,0.772,0.852,0.836,0.016
5,mahalanobis_diag,intent_quantile_0.9,normalized_union,inverse_margin,0.0,0.990877864273836,0.682,0.852,0.818,0.034
5,mahalanobis_diag,intent_quantile_0.9,normalized_union,inverse_margin,0.25,7.4446926866651495,0.822,0.852,0.846,0.006
5,mahalanobis_diag,intent_quantile_0.9,normalized_union,inverse_margin,0.5,13.908798919477741,0.822,0.852,0.846,0.006
5,mahalanobis_diag,intent_quantile_0.9,normalized_union,inverse_margin,1.0,26.837011385102922,0.822,0.852,0.846,0.006
5,mahalanobis_diag,intent_quantile_0.9,normalized_union,inverse_margin,2.0,52.69343631635329,0.822,0.852,0.846,0.006
5,mahalanobis_diag,intent_quantile_0.9,normalized_union,max_ratio,0.0,0.990877864273836,0.682,0.852,0.818,0.034
5,mahalanobis_diag,intent_quantile_0.9,normalized_union,max_ratio,0.25,0.990877864273836,0.682,0.852,0.818,0.034
5,mahalanobis_diag,intent_quantile_0.9,normalized_union,max_ratio,0.5,0.990877864273836,0.682,0.852,0.818,0.034
5,mahalanobis_diag,intent_quantile_0.9,normalized_union,max_ratio,1.0,0.992994994897811,0.752,0.852,0.832,0.02
5,mahalanobis_diag,intent_quantile_0.9,normalized_union,max_ratio,2.0,1.925529924212929,0.822,0.852,0.846,0.006
5,mahalanobis_diag,center_quantile_0.95,nearest_sphere,none,0.0,0.9652374002019625,0.682,0.852,0.818,0.034
5,mahalanobis_diag,center_quantile_0.95,nearest_sphere,none,0.25,0.9652374002019625,0.682,0.852,0.818,0.034
5,mahalanobis_diag,center_quantile_0.95,nearest_sphere,none,0.5,0.9652374002019625,0.682,0.852,0.818,0.034
5,mahalanobis_diag,center_quantile_0.95,nearest_sphere,none,1.0,0.9652374002019625,0.682,0.852,0.818,0.034
5,mahalanobis_diag,center_quantile_0.95,nearest_sphere,none,2.0,0.9652374002019625,0.682,0.852,0.818,0.034
5,mahalanobis_diag,center_quantile_0.95,nearest_sphere,ratio,0.0,0.9652374002019625,0.682,0.852,0.818,0.034
5,mahalanobis_diag,center_quantile_0.95,nearest_sphere,ratio,0.25,1.202203930197688,0.712,0.852,0.824,0.028
5,mahalanobis_diag,center_quantile_0.95,nearest_sphere,ratio,0.5,1.4414376864765508,0.712,0.852,0.824,0.028
5,mahalanobis_diag,center_quantile_0.95,nearest_sphere,ratio,1.0,1.9164290001105195,0.742,0.852,0.83,0.022
5,mahalanobis_diag,center_quantile_0.95,nearest_sphere,ratio,2.0,2.871224285745651,0.782,0.852,0.838,0.014
5,mahalanobis_diag,center_quantile_0.95,nearest_sphere,inverse_margin,0.0,0.9652374002019625,0.682,0.852,0.818,0.034
5,mahalanobis_diag,center_quantile_0.95,nearest_sphere,inverse_margin,0.25,7.406274092283545,0.822,0.852,0.846,0.006
5,mahalanobis_diag,center_quantile_0.95,nearest_sphere,inverse_margin,0.5,13.870380325096137,0.822,0.852,0.846,0.006
5,mahalanobis_diag,center_quantile_0.95,nearest_sphere,inverse_margin,1.0,26.79859279072132,0.822,0.852,0.846,0.006
5,mahalanobis_diag,center_quantile_0.95,nearest_sphere,inverse_margin,2.0,52.65501772197169,0.822,0.852,0.846,0.006
5,mahalanobis_diag,center_quantile_0.95,nearest_sphere,max_ratio,0.0,0.9652374002019625,0.682,0.852,0.818,0.034
5,mahalanobis_diag,center_quantile_0.95,nearest_sphere,max_ratio,0.25,0.9652374002019625,0.682,0.852,0.818,0.034
5,mahalanobis_diag,center_quantile_0.95,nearest_sphere,max_ratio,0.5,0.9652374002019625,0.682,0.852,0.818,0.034
5,mahalanobis_diag,center_quantile_0.95,nearest_sphere,max_ratio,1.0,0.9837395983268882,0.742,0.852,0.83,0.022
5,mahalanobis_diag,center_quantile_0.95,nearest_sphere,max_ratio,2.0,1.925529924212929,0.822,0.852,0.846,0.006
5,mahalanobis_diag,center_quantile_0.95,normalized_union,none,0.0,0.9547197673625226,0.612,0.852,0.804,0.048
5,mahalanobis_diag,center_quantile_0.95,normalized_union,none,0.25,0.9547197673625226,0.612,0.852,0.804,0.048
5,mahalanobis_diag,center_quantile_0.95,normalized_union,none,0.5,0.9547197673625226,0.612,0.852,0.804,0.048
5,mahalanobis_diag,center_quantile_0.95,normalized_union,none,1.0,0.9547197673625226,0.612,0.852,0.804,0.048
5,mahalanobis_diag,center_quantile_0.95,normalized_union,none,2.0,0.9547197673625226,0.612,0.852,0.804,0.048
5,mahalanobis_diag,center_quantile_0.95,normalized_union,ratio,0.0,0.9547197673625226,0.612,0.852,0.804,0.048
5,mahalanobis_diag,center_quantile_0.95,normalized_union,ratio,0.25,1.192999426907037,0.632,0.852,0.808,0.044
5,mahalanobis_diag,center_quantile_0.95,normalized_union,ratio,0.5,1.4300787434952222,0.652,0.852,0.812,0.04
5,mahalanobis_diag,center_quantile_0.95,normalized_union,ratio,1.0,1.9058003972741528,0.682,0.852,0.818,0.034
5,mahalanobis_diag,center_quantile_0.95,normalized_union,ratio,2.0,2.8702169464199656,0.732,0.852,0.828,0.024
5,mahalanobis_diag,center_quantile_0.95,normalized_union,inverse_margin,0.0,0.9547197673625226,0.612,0.852,0.804,0.048
5,mahalanobis_diag,center_quantile_0.95,normalized_union,inverse_margin,0.25,7.406274092283545,0.792,0.852,0.84,0.012
5,mahalanobis_diag,center_quantile_0.95,normalized_union,inverse_margin,0.5,13.870380325096137,0.792,0.852,0.84,0.012
5,mahalanobis_diag,center_quantile_0.95,normalized_union,inverse_margin,1.0,26.79859279072132,0.792,0.852,0.84,0.012
5,mahalanobis_diag,center_quantile_0.95,normalized_union,inverse_margin,2.0,52.65501772197169,0.792,0.852,0.84,0.012
5,mahalanobis_diag,center_quantile_0.95,normalized_union,max_ratio,0.0,0.9547197673625226,0.612,0.852,0.804,0.048
5,mahalanobis_diag,center_quantile_0.95,normalized_union,max_ratio,0.25,0.9547197673625226,0.612,0.852,0.804,0.048
5,mahalanobis_diag,center_quantile_0.95,normalized_union,max_ratio,0.5,0.9547197673625226,0.612,0.852,0.804,0.048
5,mahalanobis_diag,center_quantile_0.95,normalized_union,max_ratio,1.0,0.9754020735716125,0.762,0.852,0.834,0.018
5,mahalanobis_diag,center_quantile_0.95,normalized_union,max_ratio,2.0,1.925529924212929,0.792,0.852,0.84,0.012
5,mahalanobis_diag,intent_quantile_0.95,nearest_sphere,none,0.0,0.9689638390170289,0.712,0.852,0.824,0.028
5,mahalanobis_diag,intent_quantile_0.95,nearest_sphere,none,0.25,0.9689638390170289,0.712,0.852,0.824,0.028
5,mahalanobis_diag,intent_quantile_0.95,nearest_sphere,none,0.5,0.9689638390170289,0.712,0.852,0.824,0.028
5,mahalanobis_diag,intent_quantile_0.95,nearest_sphere,none,1.0,0.9689638390170289,0.712,0.852,0.824,0.028
5,mahalanobis_diag,intent_quantile_0.95,nearest_sphere,none,2.0,0.9689638390170289,0.712,0.852,0.824,0.028
5,mahalanobis_diag,intent_quantile_0.95,nearest_sphere,ratio,0.0,0.9689638390170289,0.712,0.852,0.824,0.028
5,mahalanobis_diag,intent_quantile_0.95,nearest_sphere,ratio,0.25,1.2088798613941951,0.712,0.852,0.824,0.028
5,mahalanobis_diag,intent_quantile_0.95,nearest_sphere,ratio,0.5,1.4491566698598637,0.722,0.852,0.826,0.026
5,mahalanobis_diag,intent_quantile_0.95,nearest_sphere,ratio,1.0,1.9244423976536544,0.752,0.852,0.832,0.02
5,mahalanobis_diag,intent_quantile_0.95,nearest_sphere,ratio,2.0,2.883941885774023,0.782,0.852,0.838,0.014
5,mahalanobis_diag,intent_quantile_0.95,nearest_sphere,inverse_margin,0.0,0.9689638390170289,0.712,0.852,0.824,0.028
5,mahalanobis_diag,intent_quantile_0.95,nearest_sphere,inverse_margin,0.25,7.430032024901803,0.822,0.852,0.846,0.006
5,mahalanobis_diag,intent_quantile_0.95,nearest_sphere,inverse_margin,0.5,13.894138257714394,0.822,0.852,0.846,0.006
5,mahalanobis_diag,intent_quantile_0.95,nearest_sphere,inverse_margin,1.0,26.82235072333958,0.822,0.852,0.846,0.006
5,mahalanobis_diag,intent_quantile_0.95,nearest_sphere,inverse_margin,2.0,52.67877565458994,0.822,0.852,0.846,0.006
5,mahalanobis_diag,intent_quantile_0.95,nearest_sphere,max_ratio,0.0,0.9689638390170289,0.712,0.852,0.824,0.028
5,mahalanobis_diag,intent_quantile_0.95,nearest_sphere,max_ratio,0.25,0.9689638390170289,0.712,0.852,0.824,0.028
5,mahalanobis_diag,intent_quantile_0.95,nearest_sphere,max_ratio,0.5,0.9689638390170289,0.712,0.852,0.824,0.028
5,mahalanobis_diag,intent_quantile_0.95,nearest_sphere,max_ratio,1.0,0.9817798921088272,0.762,0.852,0.834,0.018
5,mahalanobis_diag,intent_quantile_0.95,nearest_sphere,max_ratio,2.0,1.925529924212929,0.822,0.852,0.846,0.006
5,mahalanobis_diag,intent_quantile_0.95,normalized_union,none,0.0,0.9688131217296115,0.662,0.852,0.814,0.038
5,mahalanobis_diag,intent_quantile_0.95,normalized_union,none,0.25,0.9688131217296115,0.662,0.852,0.814,0.038
5,mahalanobis_diag,intent_quantile_0.95,normalized_union,none,0.5,0.9688131217296115,0.662,0.852,0.814,0.038
5,mahalanobis_diag,intent_quantile_0.95,normalized_union,none,1.0,0.9688131217296115,0.662,0.852,0.814,0.038
5,mahalanobis_diag,intent_quantile_0.95,normalized_union,none,2.0,0.9688131217296115,0.662,0.852,0.814,0.038
5,mahalanobis_diag,intent_quantile_0.95,normalized_union,ratio,0.0,0.9688131217296115,0.662,0.852,0.814,0.038
5,mahalanobis_diag,intent_quantile_0.95,normalized_union,ratio,0.25,1.2087943091262094,0.682,0.852,0.818,0.034
5,mahalanobis_diag,intent_quantile_0.95,normalized_union,ratio,0.5,1.4473082731424434,0.702,0.852,0.822,0.03
5,mahalanobis_diag,intent_quantile_0.95,normalized_union,ratio,1.0,1.9243380652766007,0.742,0.852,0.83,0.022
5,mahalanobis_diag,intent_quantile_0.95,normalized_union,ratio,2.0,2.883941885774023,0.782,0.852,0.838,0.014
5,mahalanobis_diag,intent_quantile_0.95,normalized_union,inverse_margin,0.0,0.9688131217296115,0.662,0.852,0.814,0.038
5,mahalanobis_diag,intent_quantile_0.95,normalized_union,inverse_margin,0.25,7.430032024901803,0.822,0.852,0.846,0.006
5,mahalanobis_diag,intent_quantile_0.95,normalized_union,inverse_margin,0.5,13.894138257714394,0.822,0.852,0.846,0.006
5,mahalanobis_diag,intent_quantile_0.95,normalized_union,inverse_margin,1.0,26.82235072333958,0.822,0.852,0.846,0.006
5,mahalanobis_diag,intent_quantile_0.95,normalized_union,inverse_margin,2.0,52.67877565458994,0.822,0.852,0.846,0.006
5,mahalanobis_diag,intent_quantile_0.95,normalized_union,max_ratio,0.0,0.9688131217296115,0.662,0.852,0.814,0.038
5,mahalanobis_diag,intent_quantile_0.95,normalized_union,max_ratio,0.25,0.9688131217296115,0.662,0.852,0.814,0.038
5,mahalanobis_diag,intent_quantile_0.95,normalized_union,max_ratio,0.5,0.9688131217296115,0.662,0.852,0.814,0.038
5,mahalanobis_diag,intent_quantile_0.95,normalized_union,max_ratio,1.0,0.9817798921088272,0.762,0.852,0.834,0.018
5,mahalanobis_diag,intent_quantile_0.95,normalized_union,max_ratio,2.0,1.925529924212929,0.822,0.852,0.846,0.006
5,mahalanobis_diag,center_quantile_0.99,nearest_sphere,none,0.0,0.9387662020883214,0.672,0.852,0.816,0.036
5,mahalanobis_diag,center_quantile_0.99,nearest_sphere,none,0.25,0.9387662020883214,0.672,0.852,0.816,0.036
5,mahalanobis_diag,center_quantile_0.99,nearest_sphere,none,0.5,0.9387662020883214,0.672,0.852,0.816,0.036
5,mahalanobis_diag,center_quantile_0.99,nearest_sphere,none,1.0,0.9387662020883214,0.672,0.852,0.816,0.036
5,mahalanobis_diag,center_quantile_0.99,nearest_sphere,none,2.0,0.9387662020883214,0.672,0.852,0.816,0.036
5,mahalanobis_diag,center_quantile_0.99,nearest_sphere,ratio,0.0,0.9387662020883214,0.672,0.852,0.816,0.036
5,mahalanobis_diag,center_quantile_0.99,nearest_sphere,ratio,0.25,1.171083472443212,0.692,0.852,0.82,0.032
5,mahalanobis_diag,center_quantile_0.99,nearest_sphere,ratio,0.5,1.4073257723073278,0.722,0.852,0.826,0.026
5,mahalanobis_diag,center_quantile_0.99,nearest_sphere,ratio,1.0,1.8821751630178476,0.732,0.852,0.828,0.024
5,mahalanobis_diag,center_quantile_0.99,nearest_sphere,ratio,2.0,2.835492237577891,0.782,0.852,0.838,0.014
5,mahalanobis_diag,center_quantile_0.99,nearest_sphere,inverse_margin,0.0,0.9387662020883214,0.672,0.852,0.816,0.036
5,mahalanobis_diag,center_quantile_0.99,nearest_sphere,inverse_margin,0.25,7.364061165700236,0.822,0.852,0.846,0.006
5,mahalanobis_diag,center_quantile_0.99,nearest_sphere,inverse_margin,0.5,13.828167398512827,0.822,0.852,0.846,0.006
5,mahalanobis_diag,center_quantile_0.99,nearest_sphere,inverse_margin,1.0,26.75637986413801,0.822,0.852,0.846,0.006
5,mahalanobis_diag,center_quantile_0.99,nearest_sphere,inverse_margin,2.0,52.61280479538838,0.822,0.852,0.846,0.006
5,mahalanobis_diag,center_quantile_0.99,nearest_sphere,max_ratio,0.0,0.9387662020883214,0.672,0.852,0.816,0.036
5,mahalanobis_diag,center_quantile_0.99,nearest_sphere,max_ratio,0.25,0.9387662020883214,0.672,0.852,0.816,0.036
5,mahalanobis_diag,center_quantile_0.99,nearest_sphere,max_ratio,0.5,0.9387662020883214,0.672,0.852,0.816,0.036
5,mahalanobis_diag,center_quantile_0.99,nearest_sphere,max_ratio,1.0,0.9709658283775876,0.782,0.852,0.838,0.014
5,mahalanobis_diag,center_quantile_0.99,nearest_sphere,max_ratio,2.0,1.925529924212929,0.822,0.852,0.846,0.006
5,mahalanobis_diag,center_quantile_0.99,normalized_union,none,0.0,0.9157575410381024,0.622,0.852,0.806,0.046
5,mahalanobis_diag,center_quantile_0.99,normalized_union,none,0.25,0.9157575410381024,0.622,0.852,0.806,0.046
5,mahalanobis_diag,center_quantile_0.99,normalized_union,none,0.5,0.9157575410381024,0.622,0.852,0.806,0.046
5,mahalanobis_diag,center_quantile_0.99,normalized_union,none,1.0,0.9157575410381024,0.622,0.852,0.806,0.046
5,mahalanobis_diag,center_quantile_0.99,normalized_union,none,2.0,0.9157575410381024,0.622,0.852,0.806,0.046
5,mahalanobis_diag,center_quantile_0.99,normalized_union,ratio,0.0,0.9157575410381024,0.622,0.852,0.806,0.046
5,mahalanobis_diag,center_quantile_0.99,normalized_union,ratio,0.25,1.151285536241062,0.662,0.852,0.814,0.038
5,mahalanobis_diag,center_quantile_0.99,normalized_union,ratio,0.5,1.3890987084980777,0.672,0.852,0.816,0.036
5,mahalanobis_diag,center_quantile_0.99,normalized_union,ratio,1.0,1.8710447562158072,0.702,0.852,0.822,0.03
5,mahalanobis_diag,center_quantile_0.99,normalized_union,ratio,2.0,2.8270543090697147,0.732,0.852,0.828,0.024
5,mahalanobis_diag,center_quantile_0.99,normalized_union,inverse_margin,0.0,0.9157575410381024,0.622,0.852,0.806,0.046
5,mahalanobis_diag,center_quantile_0.99,normalized_union,inverse_margin,0.25,7.364061165700236,0.782,0.852,0.838,0.014
5,mahalanobis_diag,center_quantile_0.99,normalized_union,inverse_margin,0.5,13.828167398512827,0.782,0.852,0.838,0.014
5,mahalanobis_diag,center_quantile_0.99,normalized_union,inverse_margin,1.0,26.75637986413801,0.782,0.852,0.838,0.014
5,mahalanobis_diag,center_quantile_0.99,normalized_union,inverse_margin,2.0,52.61280479538838,0.782,0.852,0.838,0.014
5,mahalanobis_diag,center_quantile_0.99,normalized_union,max_ratio,0.0,0.9157575410381024,0.622,0.852,0.806,0.046
5,mahalanobis_diag,center_quantile_0.99,normalized_union,max_ratio,0.25,0.9157575410381024,0.622,0.852,0.806,0.046
5,mahalanobis_diag,center_quantile_0.99,normalized_union,max_ratio,0.5,0.9157575410381024,0.622,0.852,0.806,0.046
5,mahalanobis_diag,center_quantile_0.99,normalized_union,max_ratio,1.0,0.9661247537399739,0.762,0.852,0.834,0.018
5,mahalanobis_diag,center_quantile_0.99,normalized_union,max_ratio,2.0,1.925529924212929,0.782,0.852,0.838,0.014
5,mahalanobis_diag,intent_quantile_0.99,nearest_sphere,none,0.0,0.9314493433226518,0.712,0.852,0.824,0.028
5,mahalanobis_diag,intent_quantile_0.99,nearest_sphere,none,0.25,0.9314493433226518,0.712,0.852,0.824,0.028
5,mahalanobis_diag,intent_quantile_0.99,nearest_sphere,none,0.5,0.9314493433226518,0.712,0.852,0.824,0.028
5,mahalanobis_diag,intent_quantile_0.99,nearest_sphere,none,1.0,0.9314493433226518,0.712,0.852,0.824,0.028
5,mahalanobis_diag,intent_quantile_0.99,nearest_sphere,none,2.0,0.9314493433226518,0.712,0.852,0.824,0.028
5,mahalanobis_diag,intent_quantile_0.99,nearest_sphere,ratio,0.0,0.9314493433226518,0.712,0.852,0.824,0.028
5,mahalanobis_diag,intent_quantile_0.99,nearest_sphere,ratio,0.25,1.1693454317413678,0.722,0.852,0.826,0.026
5,mahalanobis_diag,intent_quantile_0.99,nearest_sphere,ratio,0.5,1.4066866437835008,0.722,0.852,0.826,0.026
5,mahalanobis_diag,intent_quantile_0.99,nearest_sphere,ratio,1.0,1.8886277646393128,0.752,0.852,0.832,0.02
5,mahalanobis_diag,intent_quantile_0.99,nearest_sphere,ratio,2.0,2.8464862888517337,0.782,0.852,0.838,0.014
5,mahalanobis_diag,intent_quantile_0.99,nearest_sphere,inverse_margin,0.0,0.9314493433226518,0.712,0.852,0.824,0.028
5,mahalanobis_diag,intent_quantile_0.99,nearest_sphere,inverse_margin,0.25,7.400902170205881,0.822,0.852,0.846,0.006
5,mahalanobis_diag,intent_quantile_0.99,nearest_sphere,inverse_margin,0.5,13.865008403018471,0.822,0.852,0.846,0.006
5,mahalanobis_diag,intent_quantile_0.99,nearest_sphere,inverse_margin,1.0,26.793220868643655,0.822,0.852,0.846,0.006
5,mahalanobis_diag,intent_quantile_0.99,nearest_sphere,inverse_margin,2.0,52.649645799894024,0.822,0.852,0.846,0.006
5,mahalanobis_diag,intent_quantile_0.99,nearest_sphere,max_ratio,0.0,0.9314493433226518,0.712,0.852,0.824,0.028
5,mahalanobis_diag,intent_quantile_0.99,nearest_sphere,max_ratio,0.25,0.9314493433226518,0.712,0.852,0.824,0.028
5,mahalanobis_diag,intent_quantile_0.99,nearest_sphere,max_ratio,0.5,0.9314493433226518,0.712,0.852,0.824,0.028
5,mahalanobis_diag,intent_quantile_0.99,nearest_sphere,max_ratio,1.0,0.9679574379810918,0.802,0.852,0.842,0.01
5,mahalanobis_diag,intent_quantile_0.99,nearest_sphere,max_ratio,2.0,1.925529924212929,0.822,0.852,0.846,0.006
5,mahalanobis_diag,intent_quantile_0.99,normalized_union,none,0.0,0.9314493433226518,0.702,0.852,0.822,0.03
5,mahalanobis_diag,intent_quantile_0.99,normalized_union,none,0.25,0.9314493433226518,0.702,0.852,0.822,0.03
5,mahalanobis_diag,intent_quantile_0.99,normalized_union,none,0.5,0.9314493433226518,0.702,0.852,0.822,0.03
5,mahalanobis_diag,intent_quantile_0.99,normalized_union,none,1.0,0.9314493433226518,0.702,0.852,0.822,0.03
5,mahalanobis_diag,intent_quantile_0.99,normalized_union,none,2.0,0.9314493433226518,0.702,0.852,0.822,0.03
5,mahalanobis_diag,intent_quantile_0.99,normalized_union,ratio,0.0,0.9314493433226518,0.702,0.852,0.822,0.03
5,mahalanobis_diag,intent_quantile_0.99,normalized_union,ratio,0.25,1.1693454317413678,0.722,0.852,0.826,0.026
5,mahalanobis_diag,intent_quantile_0.99,normalized_union,ratio,0.5,1.4066866437835008,0.722,0.852,0.826,0.026
5,mahalanobis_diag,intent_quantile_0.99,normalized_union,ratio,1.0,1.8886277646393128,0.752,0.852,0.832,0.02
5,mahalanobis_diag,intent_quantile_0.99,normalized_union,ratio,2.0,2.8464862888517337,0.782,0.852,0.838,0.014
5,mahalanobis_diag,intent_quantile_0.99,normalized_union,inverse_margin,0.0,0.9314493433226518,0.702,0.852,0.822,0.03
5,mahalanobis_diag,intent_quantile_0.99,normalized_union,inverse_margin,0.25,7.400902170205881,0.822,0.852,0.846,0.006
5,mahalanobis_diag,intent_quantile_0.99,normalized_union,inverse_margin,0.5,13.865008403018471,0.822,0.852,0.846,0.006
5,mahalanobis_diag,intent_quantile_0.99,normalized_union,inverse_margin,1.0,26.793220868643655,0.822,0.852,0.846,0.006
5,mahalanobis_diag,intent_quantile_0.99,normalized_union,inverse_margin,2.0,52.649645799894024,0.822,0.852,0.846,0.006
5,mahalanobis_diag,intent_quantile_0.99,normalized_union,max_ratio,0.0,0.9314493433226518,0.702,0.852,0.822,0.03
5,mahalanobis_diag,intent_quantile_0.99,normalized_union,max_ratio,0.25,0.9314493433226518,0.702,0.852,0.822,0.03
5,mahalanobis_diag,intent_quantile_0.99,normalized_union,max_ratio,0.5,0.9314493433226518,0.702,0.852,0.822,0.03
5,mahalanobis_diag,intent_quantile_0.99,normalized_union,max_ratio,1.0,0.9679574379810918,0.802,0.852,0.842,0.01
5,mahalanobis_diag,intent_quantile_0.99,normalized_union,max_ratio,2.0,1.925529924212929,0.822,0.852,0.846,0.006
