k,distance,boundary,rule,fusion,fusion_weight,threshold,utility,known_coverage,known_correct_accept_rate,known_wrong_accept_rate
1,euclidean,mean_std_0.0,nearest_sphere,none,0.0,1.217545022051553,0.852,0.902,0.892,0.01
1,euclidean,mean_std_0.0,nearest_sphere,none,0.25,1.217545022051553,0.852,0.902,0.892,0.01
1,euclidean,mean_std_0.0,nearest_sphere,none,0.5,1.217545022051553,0.852,0.902,0.892,0.01
1,euclidean,mean_std_0.0,nearest_sphere,none,1.0,1.217545022051553,0.852,0.902,0.892,0.01
1,euclidean,mean_std_0.0,nearest_sphere,none,2.0,1.217545022051553,0.852,0.902,0.892,0.01
1,euclidean,mean_std_0.0,nearest_sphere,ratio,0.0,1.217545022051553,0.852,0.902,0.892,0.01
1,euclidean,mean_std_0.0,nearest_sphere,ratio,0.25,1.4400660932022558,0.852,0.902,0.892,0.01
1,euclidean,mean_std_0.0,nearest_sphere,ratio,0.5,1.6698790844490787,0.862,0.902,0.894,0.008
1,euclidean,mean_std_0.0,nearest_sphere,ratio,1.0,2.128405090847497,0.872,0.902,0.896,0.006
1,euclidean,mean_std_0.0,nearest_sphere,ratio,2.0,3.044869894927581,0.882,0.902,0.898,0.004
1,euclidean,mean_std_0.0,nearest_sphere,inverse_margin,0.0,1.217545022051553,0.852,0.902,0.892,0.01
1,euclidean,mean_std_0.0,nearest_sphere,inverse_margin,0.25,3.7212344938678177,0.892,0.902,0.9,0.002
1,euclidean,mean_std_0.0,nearest_sphere,inverse_margin,0.5,6.253024715982294,0.892,0.902,0.9,0.002
1,euclidean,mean_std_0.0,nearest_sphere,inverse_margin,1.0,11.322987917022443,0.892,0.902,0.9,0.002
1,euclidean,mean_std_0.0,nearest_sphere,inverse_margin,2.0,21.462914319102744,0.892,0.902,0.9,0.002
1,euclidean,mean_std_0.0,nearest_sphere,max_ratio,0.0,1.217545022051553,0.852,0.902,0.892,0.01
1,euclidean,mean_std_0.0,nearest_sphere,max_ratio,0.25,1.217545022051553,0.852,0.902,0.892,0.01
1,euclidean,mean_std_0.0,nearest_sphere,max_ratio,0.5,1.217545022051553,0.852,0.902,0.892,0.01
1,euclidean,mean_std_0.0,nearest_sphere,max_ratio,1.0,1.217545022051553,0.852,0.902,0.892,0.01
1,euclidean,mean_std_0.0,nearest_sphere,max_ratio,2.0,1.820465600237133,0.892,0.902,0.9,0.002
1,euclidean,mean_std_0.0,normalized_union,none,0.0,1.211416342535395,0.802,0.902,0.882,0.02
1,euclidean,mean_std_0.0,normalized_union,none,0.25,1.211416342535395,0.802,0.902,0.882,0.02
1,euclidean,mean_std_0.0,normalized_union,none,0.5,1.211416342535395,0.802,0.902,0.882,0.02
1,euclidean,mean_std_0.0,normalized_union,none,1.0,1.211416342535395,0.802,0.902,0.882,0.02
1,euclidean,mean_std_0.0,normalized_union,none,2.0,1.211416342535395,0.802,0.902,0.882,0.02
1,euclidean,mean_std_0.0,normalized_union,ratio,0.0,1.211416342535395,0.802,0.902,0.882,0.02
1,euclidean,mean_std_0.0,normalized_union,ratio,0.25,1.4358170321930652,0.812,0.902,0.884,0.018
1,euclidean,mean_std_0.0,normalized_union,ratio,0.5,1.6543502351617145,0.812,0.902,0.884,0.018
1,euclidean,mean_std_0.0,normalized_union,ratio,1.0,2.1236322120734,0.842,0.902,0.89,0.012
1,euclidean,mean_std_0.0,normalized_union,ratio,2.0,3.044869894927581,0.872,0.902,0.896,0.006
1,euclidean,mean_std_0.0,normalized_union,inverse_margin,0.0,1.211416342535395,0.802,0.902,0.882,0.02
1,euclidean,mean_std_0.0,normalized_union,inverse_margin,0.25,3.7212344938678177,0.852,0.902,0.892,0.01
1,euclidean,mean_std_0.0,normalized_union,inverse_margin,0.5,6.2320324115767445,0.842,0.902,0.89,0.012
1,euclidean,mean_std_0.0,normalized_union,inverse_margin,1.0,11.322987917022443,0.842,0.902,0.89,0.012
1,euclidean,mean_std_0.0,normalized_union,inverse_margin,2.0,21.462914319102744,0.842,0.902,0.89,0.012
1,euclidean,mean_std_0.0,normalized_union,max_ratio,0.0,1.211416342535395,0.802,0.902,0.882,0.02
1,euclidean,mean_std_0.0,normalized_union,max_ratio,0.25,1.211416342535395,0.802,0.902,0.882,0.02
1,euclidean,mean_std_0.0,normalized_union,max_ratio,0.5,1.211416342535395,0.802,0.902,0.882,0.02
1,euclidean,mean_std_0.0,normalized_union,max_ratio,1.0,1.211416342535395,0.802,0.902,0.882,0.02
1,euclidean,mean_std_0.0,normalized_union,max_ratio,2.0,1.820465600237133,0.842,0.902,0.89,0.012
1,euclidean,mean_std_0.25,nearest_sphere,none,0.0,1.176419262546653,0.852,0.902,0.892,0.01
1,euclidean,mean_std_0.25,nearest_sphere,none,0.25,1.176419262546653,0.852,0.902,0.892,0.01
1,euclidean,mean_std_0.25,nearest_sphere,none,0.5,1.176419262546653,0.852,0.902,0.892,0.01
1,euclidean,mean_std_0.25,nearest_sphere,none,1.0,1.176419262546653,0.852,0.902,0.892,0.01
1,euclidean,mean_std_0.25,nearest_sphere,none,2.0,1.176419262546653,0.852,0.902,0.892,0.01
1,euclidean,mean_std_0.25,nearest_sphere,ratio,0.0,1.176419262546653,0.852,0.902,0.892,0.01
1,euclidean,mean_std_0.25,nearest_sphere,ratio,0.25,1.4011784435083594,0.852,0.902,0.892,0.01
1,euclidean,mean_std_0.25,nearest_sphere,ratio,0.5,1.630516205829927,0.862,0.902,0.894,0.008
1,euclidean,mean_std_0.25,nearest_sphere,ratio,1.0,2.0873695893352,0.872,0.902,0.896,0.006
1,euclidean,mean_std_0.25,nearest_sphere,ratio,2.0,3.007273643344955,0.882,0.902,0.898,0.004
1,euclidean,mean_std_0.25,nearest_sphere,inverse_margin,0.0,1.176419262546653,0.852,0.902,0.892,0.01
1,euclidean,mean_std_0.25,nearest_sphere,inverse_margin,0.25,3.6866465251365863,0.892,0.902,0.9,0.002
1,euclidean,mean_std_0.25,nearest_sphere,inverse_margin,0.5,6.217299470120883,0.892,0.902,0.9,0.002
1,euclidean,mean_std_0.25,nearest_sphere,inverse_margin,1.0,11.287262671161034,0.892,0.902,0.9,0.002
1,euclidean,mean_std_0.25,nearest_sphere,inverse_margin,2.0,21.427189073241333,0.892,0.902,0.9,0.002
1,euclidean,mean_std_0.25,nearest_sphere,max_ratio,0.0,1.176419262546653,0.852,0.902,0.892,0.01
1,euclidean,mean_std_0.25,nearest_sphere,max_ratio,0.25,1.176419262546653,0.852,0.902,0.892,0.01
1,euclidean,mean_std_0.25,nearest_sphere,max_ratio,0.5,1.176419262546653,0.852,0.902,0.892,0.01
1,euclidean,mean_std_0.25,nearest_sphere,max_ratio,1.0,1.176419262546653,0.852,0.902,0.892,0.01
1,euclidean,mean_std_0.25,nearest_sphere,max_ratio,2.0,1.820465600237133,0.892,0.902,0.9,0.002
1,euclidean,mean_std_0.25,normalized_union,none,0.0,1.1640644786847192,0.812,0.902,0.884,0.018
1,euclidean,mean_std_0.25,normalized_union,none,0.25,1.1640644786847192,0.812,0.902,0.884,0.018
1,euclidean,mean_std_0.25,normalized_union,none,0.5,1.1640644786847192,0.812,0.902,0.884,0.018
1,euclidean,mean_std_0.25,normalized_union,none,1.0,1.1640644786847192,0.812,0.902,0.884,0.018
1,euclidean,mean_std_0.25,normalized_union,none,2.0,1.1640644786847192,0.812,0.902,0.884,0.018
1,euclidean,mean_std_0.25,normalized_union,ratio,0.0,1.1640644786847192,0.812,0.902,0.884,0.018
1,euclidean,mean_std_0.25,normalized_union,ratio,0.25,1.3919686099876687,0.822,0.902,0.886,0.016
1,euclidean,mean_std_0.25,normalized_union,ratio,0.5,1.6162465361934628,0.822,0.902,0.886,0.016
1,euclidean,mean_std_0.25,normalized_union,ratio,1.0,2.086131569303146,0.862,0.902,0.894,0.008
1,euclidean,mean_std_0.25,normalized_union,ratio,2.0,3.007273643344955,0.882,0.902,0.898,0.004
1,euclidean,mean_std_0.25,normalized_union,inverse_margin,0.0,1.1640644786847192,0.812,0.902,0.884,0.018
1,euclidean,mean_std_0.25,normalized_union,inverse_margin,0.25,3.6866465251365863,0.872,0.902,0.896,0.006
1,euclidean,mean_std_0.25,normalized_union,inverse_margin,0.5,6.193483142915843,0.862,0.902,0.894,0.008
1,euclidean,mean_std_0.25,normalized_union,inverse_margin,1.0,11.287262671161034,0.862,0.902,0.894,0.008
1,euclidean,mean_std_0.25,normalized_union,inverse_margin,2.0,21.427189073241333,0.862,0.902,0.894,0.008
1,euclidean,mean_std_0.25,normalized_union,max_ratio,0.0,1.1640644786847192,0.812,0.902,0.884,0.018
1,euclidean,mean_std_0.25,normalized_union,max_ratio,0.25,1.1640644786847192,0.812,0.902,0.884,0.018
1,euclidean,mean_std_0.25,normalized_union,max_ratio,0.5,1.1640644786847192,0.812,0.902,0.884,0.018
1,euclidean,mean_std_0.25,normalized_union,max_ratio,1.0,1.1640644786847192,0.812,0.902,0.884,0.018
1,euclidean,mean_std_0.25,normalized_union,max_ratio,2.0,1.820465600237133,0.862,0.902,0.894,0.008
1,euclidean,mean_std_0.5,nearest_sphere,none,0.0,1.1346602437856168,0.852,0.902,0.892,0.01
1,euclidean,mean_std_0.5,nearest_sphere,none,0.25,1.1346602437856168,0.852,0.902,0.892,0.01
1,euclidean,mean_std_0.5,nearest_sphere,none,0.5,1.1346602437856168,0.852,0.902,0.892,0.01
1,euclidean,mean_std_0.5,nearest_sphere,none,1.0,1.1346602437856168,0.852,0.902,0.892,0.01
1,euclidean,mean_std_0.5,nearest_sphere,none,2.0,1.1346602437856168,0.852,0.902,0.892,0.01
1,euclidean,mean_std_0.5,nearest_sphere,ratio,0.0,1.1346602437856168,0.852,0.902,0.892,0.01
1,euclidean,mean_std_0.5,nearest_sphere,ratio,0.25,1.363681554910601,0.852,0.902,0.892,0.01
1,euclidean,mean_std_0.5,nearest_sphere,ratio,0.5,1.5904362089471547,0.862,0.902,0.894,0.008
1,euclidean,mean_std_0.5,nearest_sphere,ratio,1.0,2.0526091441733767,0.872,0.902,0.896,0.006
1,euclidean,mean_std_0.5,nearest_sphere,ratio,2.0,2.9647514581661603,0.882,0.902,0.898,0.004
1,euclidean,mean_std_0.5,nearest_sphere,inverse_margin,0.0,1.1346602437856168,0.852,0.902,0.892,0.01
1,euclidean,mean_std_0.5,nearest_sphere,inverse_margin,0.25,3.6541082177684308,0.892,0.902,0.9,0.002
1,euclidean,mean_std_0.5,nearest_sphere,inverse_margin,0.5,6.1803035299903595,0.892,0.902,0.9,0.002
1,euclidean,mean_std_0.5,nearest_sphere,inverse_margin,1.0,11.253631791981153,0.892,0.902,0.9,0.002
1,euclidean,mean_std_0.5,nearest_sphere,inverse_margin,2.0,21.393558194061455,0.892,0.902,0.9,0.002
1,euclidean,mean_std_0.5,nearest_sphere,max_ratio,0.0,1.1346602437856168,0.852,0.902,0.892,0.01
1,euclidean,mean_std_0.5,nearest_sphere,max_ratio,0.25,1.1346602437856168,0.852,0.902,0.892,0.01
1,euclidean,mean_std_0.5,nearest_sphere,max_ratio,0.5,1.1346602437856168,0.852,0.902,0.892,0.01
1,euclidean,mean_std_0.5,nearest_sphere,max_ratio,1.0,1.1346602437856168,0.852,0.902,0.892,0.01
1,euclidean,mean_std_0.5,nearest_sphere,max_ratio,2.0,1.820465600237133,0.892,0.902,0.9,0.002
1,euclidean,mean_std_0.5,normalized_union,none,0.0,1.1203736483445683,0.812,0.902,0.884,0.018
1,euclidean,mean_std_0.5,normalized_union,none,0.25,1.1203736483445683,0.812,0.902,0.884,0.018
1,euclidean,mean_std_0.5,normalized_union,none,0.5,1.1203736483445683,0.812,0.902,0.884,0.018
1,euclidean,mean_std_0.5,normalized_union,none,1.0,1.1203736483445683,0.812,0.902,0.884,0.018
1,euclidean,mean_std_0.5,normalized_union,none,2.0,1.1203736483445683,0.812,0.902,0.884,0.018
1,euclidean,mean_std_0.5,normalized_union,ratio,0.0,1.1203736483445683,0.812,0.902,0.884,0.018
1,euclidean,mean_std_0.5,normalized_union,ratio,0.25,1.3477188900001316,0.822,0.902,0.886,0.016
1,euclidean,mean_std_0.5,normalized_union,ratio,0.5,1.58062316919248,0.832,0.902,0.888,0.014
1,euclidean,mean_std_0.5,normalized_union,ratio,1.0,2.052352333348193,0.862,0.902,0.894,0.008
1,euclidean,mean_std_0.5,normalized_union,ratio,2.0,2.9647514581661603,0.882,0.902,0.898,0.004
1,euclidean,mean_std_0.5,normalized_union,inverse_margin,0.0,1.1203736483445683,0.812,0.902,0.884,0.018
1,euclidean,mean_std_0.5,normalized_union,inverse_margin,0.25,3.6541082177684308,0.872,0.902,0.896,0.006
1,euclidean,mean_std_0.5,normalized_union,inverse_margin,0.5,6.162029478734423,0.862,0.902,0.894,0.008
1,euclidean,mean_std_0.5,normalized_union,inverse_margin,1.0,11.253631791981153,0.862,0.902,0.894,0.008
1,euclidean,mean_std_0.5,normalized_union,inverse_margin,2.0,21.393558194061455,0.862,0.902,0.894,0.008
1,euclidean,mean_std_0.5,normalized_union,max_ratio,0.0,1.1203736483445683,0.812,0.902,0.884,0.018
1,euclidean,mean_std_0.5,normalized_union,max_ratio,0.25,1.1203736483445683,0.812,0.902,0.884,0.018
1,euclidean,mean_std_0.5,normalized_union,max_ratio,0.5,1.1203736483445683,0.812,0.902,0.884,0.018
1,euclidean,mean_std_0.5,normalized_union,max_ratio,1.0,1.1203736483445683,0.812,0.902,0.884,0.018
1,euclidean,mean_std_0.5,normalized_union,max_ratio,2.0,1.820465600237133,0.862,0.902,0.894,0.008
1,euclidean,mean_std_0.75,nearest_sphere,none,0.0,1.0941470988812312,0.852,0.902,0.892,0.01
1,euclidean,mean_std_0.75,nearest_sphere,none,0.25,1.0941470988812312,0.852,0.902,0.892,0.01
1,euclidean,mean_std_0.75,nearest_sphere,none,0.5,1.0941470988812312,0.852,0.902,0.892,0.01
1,euclidean,mean_std_0.75,nearest_sphere,none,1.0,1.0941470988812312,0.852,0.902,0.892,0.01
1,euclidean,mean_std_0.75,nearest_sphere,none,2.0,1.0941470988812312,0.852,0.902,0.892,0.01
1,euclidean,mean_std_0.75,nearest_sphere,ratio,0.0,1.0941470988812312,0.852,0.902,0.892,0.01
1,euclidean,mean_std_0.75,nearest_sphere,ratio,0.25,1.3302824189097069,0.852,0.902,0.892,0.01
1,euclidean,mean_std_0.75,nearest_sphere,ratio,0.5,1.5574751668132645,0.862,0.902,0.894,0.008
1,euclidean,mean_std_0.75,nearest_sphere,ratio,1.0,2.020517229726355,0.872,0.902,0.896,0.006
1,euclidean,mean_std_0.75,nearest_sphere,ratio,2.0,2.921326017999561,0.882,0.902,0.898,0.004
1,euclidean,mean_std_0.75,nearest_sphere,inverse_margin,0.0,1.0941470988812312,0.852,0.902,0.892,0.01
1,euclidean,mean_std_0.75,nearest_sphere,inverse_margin,0.25,3.623442622249164,0.892,0.902,0.9,0.002
1,euclidean,mean_std_0.75,nearest_sphere,inverse_margin,0.5,6.133707827900434,0.892,0.902,0.9,0.002
1,euclidean,mean_std_0.75,nearest_sphere,inverse_margin,1.0,11.221916353101332,0.892,0.902,0.9,0.002
1,euclidean,mean_std_0.75,nearest_sphere,inverse_margin,2.0,21.361842755181634,0.892,0.902,0.9,0.002
1,euclidean,mean_std_0.75,nearest_sphere,max_ratio,0.0,1.0941470988812312,0.852,0.902,0.892,0.01
1,euclidean,mean_std_0.75,nearest_sphere,max_ratio,0.25,1.0941470988812312,0.852,0.902,0.892,0.01
1,euclidean,mean_std_0.75,nearest_sphere,max_ratio,0.5,1.0941470988812312,0.852,0.902,0.892,0.01
1,euclidean,mean_std_0.75,nearest_sphere,max_ratio,1.0,1.0941470988812312,0.852,0.902,0.892,0.01
1,euclidean,mean_std_0.75,nearest_sphere,max_ratio,2.0,1.820465600237133,0.892,0.902,0.9,0.002
1,euclidean,mean_std_0.75,normalized_union,none,0.0,1.0866967050138372,0.822,0.902,0.886,0.016
1,euclidean,mean_std_0.75,normalized_union,none,0.25,1.0866967050138372,0.822,0.902,0.886,0.016
1,euclidean,mean_std_0.75,normalized_union,none,0.5,1.0866967050138372,0.822,0.902,0.886,0.016
1,euclidean,mean_std_0.75,normalized_union,none,1.0,1.0866967050138372,0.822,0.902,0.886,0.016
1,euclidean,mean_std_0.75,normalized_union,none,2.0,1.0866967050138372,0.822,0.902,0.886,0.016
1,euclidean,mean_std_0.75,normalized_union,ratio,0.0,1.0866967050138372,0.822,0.902,0.886,0.016
1,euclidean,mean_std_0.75,normalized_union,ratio,0.25,1.310953812247772,0.822,0.902,0.886,0.016
1,euclidean,mean_std_0.75,normalized_union,ratio,0.5,1.5474749514072996,0.842,0.902,0.89,0.012
1,euclidean,mean_std_0.75,normalized_union,ratio,1.0,2.0198284735263625,0.862,0.902,0.894,0.008
1,euclidean,mean_std_0.75,normalized_union,ratio,2.0,2.921326017999561,0.882,0.902,0.898,0.004
1,euclidean,mean_std_0.75,normalized_union,inverse_margin,0.0,1.0866967050138372,0.822,0.902,0.886,0.016
1,euclidean,mean_std_0.75,normalized_union,inverse_margin,0.25,3.623442622249164,0.882,0.902,0.898,0.004
1,euclidean,mean_std_0.75,normalized_union,inverse_margin,0.5,6.132367251988679,0.872,0.902,0.896,0.006
1,euclidean,mean_std_0.75,normalized_union,inverse_margin,1.0,11.221916353101332,0.872,0.902,0.896,0.006
1,euclidean,mean_std_0.75,normalized_union,inverse_margin,2.0,21.361842755181634,0.872,0.902,0.896,0.006
1,euclidean,mean_std_0.75,normalized_union,max_ratio,0.0,1.0866967050138372,0.822,0.902,0.886,0.016
1,euclidean,mean_std_0.75,normalized_union,max_ratio,0.25,1.0866967050138372,0.822,0.902,0.886,0.016
1,euclidean,mean_std_0.75,normalized_union,max_ratio,0.5,1.0866967050138372,0.822,0.902,0.886,0.016
1,euclidean,mean_std_0.75,normalized_union,max_ratio,1.0,1.0866967050138372,0.822,0.902,0.886,0.016
1,euclidean,mean_std_0.75,normalized_union,max_ratio,2.0,1.820465600237133,0.872,0.902,0.896,0.006
1,euclidean,mean_std_1.0,nearest_sphere,none,0.0,1.0562446325483603,0.852,0.902,0.892,0.01
1,euclidean,mean_std_1.0,nearest_sphere,none,0.25,1.0562446325483603,0.852,0.902,0.892,0.01
1,euclidean,mean_std_1.0,nearest_sphere,none,0.5,1.0562446325483603,0.852,0.902,0.892,0.01
1,euclidean,mean_std_1.0,nearest_sphere,none,1.0,1.0562446325483603,0.852,0.902,0.892,0.01
1,euclidean,mean_std_1.0,nearest_sphere,none,2.0,1.0562446325483603,0.852,0.902,0.892,0.01
1,euclidean,mean_std_1.0,nearest_sphere,ratio,0.0,1.0562446325483603,0.852,0.902,0.892,0.01
1,euclidean,mean_std_1.0,nearest_sphere,ratio,0.25,1.2947295734434123,0.852,0.902,0.892,0.01
1,euclidean,mean_std_1.0,nearest_sphere,ratio,0.5,1.5263581024250596,0.862,0.902,0.894,0.008
1,euclidean,mean_std_1.0,nearest_sphere,ratio,1.0,1.9904631141682985,0.872,0.902,0.896,0.006
1,euclidean,mean_std_1.0,nearest_sphere,ratio,2.0,2.8894904325457165,0.882,0.902,0.898,0.004
1,euclidean,mean_std_1.0,nearest_sphere,inverse_margin,0.0,1.0562446325483603,0.852,0.902,0.892,0.01
1,euclidean,mean_std_1.0,nearest_sphere,inverse_margin,0.25,3.5927639447387847,0.892,0.902,0.9,0.002
1,euclidean,mean_std_1.0,nearest_sphere,inverse_margin,0.5,6.104347653900904,0.892,0.902,0.9,0.002
1,euclidean,mean_std_1.0,nearest_sphere,inverse_margin,1.0,11.191957245236392,0.892,0.902,0.9,0.002
1,euclidean,mean_std_1.0,nearest_sphere,inverse_margin,2.0,21.331883647316694,0.892,0.902,0.9,0.002
1,euclidean,mean_std_1.0,nearest_sphere,max_ratio,0.0,1.0562446325483603,0.852,0.902,0.892,0.01
1,euclidean,mean_std_1.0,nearest_sphere,max_ratio,0.25,1.0562446325483603,0.852,0.902,0.892,0.01
1,euclidean,mean_std_1.0,nearest_sphere,max_ratio,0.5,1.0562446325483603,0.852,0.902,0.892,0.01
1,euclidean,mean_std_1.0,nearest_sphere,max_ratio,1.0,1.0562446325483603,0.852,0.902,0.892,0.01
1,euclidean,mean_std_1.0,nearest_sphere,max_ratio,2.0,1.820465600237133,0.892,0.902,0.9,0.002
1,euclidean,mean_std_1.0,normalized_union,none,0.0,1.055605398994377,0.822,0.902,0.886,0.016
1,euclidean,mean_std_1.0,normalized_union,none,0.25,1.055605398994377,0.822,0.902,0.886,0.016
1,euclidean,mean_std_1.0,normalized_union,none,0.5,1.055605398994377,0.822,0.902,0.886,0.016
1,euclidean,mean_std_1.0,normalized_union,none,1.0,1.055605398994377,0.822,0.902,0.886,0.016
1,euclidean,mean_std_1.0,normalized_union,none,2.0,1.055605398994377,0.822,0.902,0.886,0.016
1,euclidean,mean_std_1.0,normalized_union,ratio,0.0,1.055605398994377,0.822,0.902,0.886,0.016
1,euclidean,mean_std_1.0,normalized_union,ratio,0.25,1.2795890431857335,0.822,0.902,0.886,0.016
1,euclidean,mean_std_1.0,normalized_union,ratio,0.5,1.517420835849243,0.842,0.902,0.89,0.012
1,euclidean,mean_std_1.0,normalized_union,ratio,1.0,1.9901326827457935,0.862,0.902,0.894,0.008
1,euclidean,mean_std_1.0,normalized_union,ratio,2.0,2.8894904325457165,0.882,0.902,0.898,0.004
1,euclidean,mean_std_1.0,normalized_union,inverse_margin,0.0,1.055605398994377,0.822,0.902,0.886,0.016
1,euclidean,mean_std_1.0,normalized_union,inverse_margin,0.25,3.5927639447387847,0.892,0.902,0.9,0.002
1,euclidean,mean_std_1.0,normalized_union,inverse_margin,0.5,6.104347653900904,0.882,0.902,0.898,0.004
1,euclidean,mean_std_1.0,normalized_union,inverse_margin,1.0,11.191957245236392,0.882,0.902,0.898,0.004
1,euclidean,mean_std_1.0,normalized_union,inverse_margin,2.0,21.331883647316694,0.882,0.902,0.898,0.004
1,euclidean,mean_std_1.0,normalized_union,max_ratio,0.0,1.055605398994377,0.822,0.902,0.886,0.016
1,euclidean,mean_std_1.0,normalized_union,max_ratio,0.25,1.055605398994377,0.822,0.902,0.886,0.016
1,euclidean,mean_std_1.0,normalized_union,max_ratio,0.5,1.055605398994377,0.822,0.902,0.886,0.016
1,euclidean,mean_std_1.0,normalized_union,max_ratio,1.0,1.055605398994377,0.822,0.902,0.886,0.016
1,euclidean,mean_std_1.0,normalized_union,max_ratio,2.0,1.820465600237133,0.882,0.902,0.898,0.004
1,euclidean,mean_std_1.5,nearest_sphere,none,0.0,0.9904107683439972,0.852,0.902,0.892,0.01
1,euclidean,mean_std_1.5,nearest_sphere,none,0.25,0.9904107683439972,0.852,0.902,0.892,0.01
1,euclidean,mean_std_1.5,nearest_sphere,none,0.5,0.9904107683439972,0.852,0.902,0.892,0.01
1,euclidean,mean_std_1.5,nearest_sphere,none,1.0,0.9904107683439972,0.852,0.902,0.892,0.01
1,euclidean,mean_std_1.5,nearest_sphere,none,2.0,0.9904107683439972,0.852,0.902,0.892,0.01
1,euclidean,mean_std_1.5,nearest_sphere,ratio,0.0,0.9904107683439972,0.852,0.902,0.892,0.01
1,euclidean,mean_std_1.5,nearest_sphere,ratio,0.25,1.2309305373628974,0.862,0.902,0.894,0.008
1,euclidean,mean_std_1.5,nearest_sphere,ratio,0.5,1.4657148937291455,0.862,0.902,0.894,0.008
1,euclidean,mean_std_1.5,nearest_sphere,ratio,1.0,1.922883414114005,0.872,0.902,0.896,0.006
1,euclidean,mean_std_1.5,nearest_sphere,ratio,2.0,2.8228084445957395,0.882,0.902,0.898,0.004
1,euclidean,mean_std_1.5,nearest_sphere,inverse_margin,0.0,0.9904107683439972,0.852,0.902,0.892,0.01
1,euclidean,mean_std_1.5,nearest_sphere,inverse_margin,0.25,3.53388922681257,0.892,0.902,0.9,0.002
1,euclidean,mean_std_1.5,nearest_sphere,inverse_margin,0.5,6.0527191915438125,0.892,0.902,0.9,0.002
1,euclidean,mean_std_1.5,nearest_sphere,inverse_margin,1.0,11.136755073249068,0.892,0.902,0.9,0.002
1,euclidean,mean_std_1.5,nearest_sphere,inverse_margin,2.0,21.27668147532937,0.892,0.902,0.9,0.002
1,euclidean,mean_std_1.5,nearest_sphere,max_ratio,0.0,0.9904107683439972,0.852,0.902,0.892,0.01
1,euclidean,mean_std_1.5,nearest_sphere,max_ratio,0.25,0.9904107683439972,0.852,0.902,0.892,0.01
1,euclidean,mean_std_1.5,nearest_sphere,max_ratio,0.5,0.9904107683439972,0.852,0.902,0.892,0.01
1,euclidean,mean_std_1.5,nearest_sphere,max_ratio,1.0,0.9978881696294678,0.852,0.902,0.892,0.01
1,euclidean,mean_std_1.5,nearest_sphere,max_ratio,2.0,1.820465600237133,0.892,0.902,0.9,0.002
1,euclidean,mean_std_1.5,normalized_union,none,0.0,0.9890471477272402,0.822,0.902,0.886,0.016
1,euclidean,mean_std_1.5,normalized_union,none,0.25,0.9890471477272402,0.822,0.902,0.886,0.016
1,euclidean,mean_std_1.5,normalized_union,none,0.5,0.9890471477272402,0.822,0.902,0.886,0.016
1,euclidean,mean_std_1.5,normalized_union,none,1.0,0.9890471477272402,0.822,0.902,0.886,0.016
1,euclidean,mean_std_1.5,normalized_union,none,2.0,0.9890471477272402,0.822,0.902,0.886,0.016
1,euclidean,mean_std_1.5,normalized_union,ratio,0.0,0.9890471477272402,0.822,0.902,0.886,0.016
1,euclidean,mean_std_1.5,normalized_union,ratio,0.25,1.2228453821575358,0.822,0.902,0.886,0.016
1,euclidean,mean_std_1.5,normalized_union,ratio,0.5,1.4608743257349635,0.842,0.902,0.89,0.012
1,euclidean,mean_std_1.5,normalized_union,ratio,1.0,1.922883414114005,0.872,0.902,0.896,0.006
1,euclidean,mean_std_1.5,normalized_union,ratio,2.0,2.8228084445957395,0.882,0.902,0.898,0.004
1,euclidean,mean_std_1.5,normalized_union,inverse_margin,0.0,0.9890471477272402,0.822,0.902,0.886,0.016
1,euclidean,mean_std_1.5,normalized_union,inverse_margin,0.25,3.53388922681257,0.892,0.902,0.9,0.002
1,euclidean,mean_std_1.5,normalized_union,inverse_margin,0.5,6.0527191915438125,0.892,0.902,0.9,0.002
1,euclidean,mean_std_1.5,normalized_union,inverse_margin,1.0,11.136755073249068,0.892,0.902,0.9,0.002
1,euclidean,mean_std_1.5,normalized_union,inverse_margin,2.0,21.27668147532937,0.892,0.902,0.9,0.002
1,euclidean,mean_std_1.5,normalized_union,max_ratio,0.0,0.9890471477272402,0.822,0.902,0.886,0.016
1,euclidean,mean_std_1.5,normalized_union,max_ratio,0.25,0.9890471477272402,0.822,0.902,0.886,0.016
1,euclidean,mean_std_1.5,normalized_union,max_ratio,0.5,0.9890471477272402,0.822,0.902,0.886,0.016
1,euclidean,mean_std_1.5,normalized_union,max_ratio,1.0,0.9978881696294678,0.832,0.902,0.888,0.014
1,euclidean,mean_std_1.5,normalized_union,max_ratio,2.0,1.820465600237133,0.892,0.902,0.9,0.002
1,euclidean,mean_std_2.0,nearest_sphere,none,0.0,0.9410328823665443,0.852,0.902,0.892,0.01
1,euclidean,mean_std_2.0,nearest_sphere,none,0.25,0.9410328823665443,0.852,0.902,0.892,0.01
1,euclidean,mean_std_2.0,nearest_sphere,none,0.5,0.9410328823665443,0.852,0.902,0.892,0.01
1,euclidean,mean_std_2.0,nearest_sphere,none,1.0,0.9410328823665443,0.852,0.902,0.892,0.01
1,euclidean,mean_std_2.0,nearest_sphere,none,2.0,0.9410328823665443,0.852,0.902,0.892,0.01
1,euclidean,mean_std_2.0,nearest_sphere,ratio,0.0,0.9410328823665443,0.852,0.902,0.892,0.01
1,euclidean,mean_std_2.0,nearest_sphere,ratio,0.25,1.1735383392979668,0.862,0.902,0.894,0.008
1,euclidean,mean_std_2.0,nearest_sphere,ratio,0.5,1.4093618931367535,0.872,0.902,0.896,0.006
1,euclidean,mean_std_2.0,nearest_sphere,ratio,1.0,1.864129287366358,0.882,0.902,0.898,0.004
1,euclidean,mean_std_2.0,nearest_sphere,ratio,2.0,2.770655821789828,0.882,0.902,0.898,0.004
1,euclidean,mean_std_2.0,nearest_sphere,inverse_margin,0.0,0.9410328823665443,0.852,0.902,0.892,0.01
1,euclidean,mean_std_2.0,nearest_sphere,inverse_margin,0.25,3.482112414963873,0.892,0.902,0.9,0.002
1,euclidean,mean_std_2.0,nearest_sphere,inverse_margin,0.5,6.0062387029546604,0.892,0.902,0.9,0.002
1,euclidean,mean_std_2.0,nearest_sphere,inverse_margin,1.0,11.087057216524098,0.892,0.902,0.9,0.002
1,euclidean,mean_std_2.0,nearest_sphere,inverse_margin,2.0,21.2269836186044,0.892,0.902,0.9,0.002
1,euclidean,mean_std_2.0,nearest_sphere,max_ratio,0.0,0.9410328823665443,0.852,0.902,0.892,0.01
1,euclidean,mean_std_2.0,nearest_sphere,max_ratio,0.25,0.9410328823665443,0.852,0.902,0.892,0.01
1,euclidean,mean_std_2.0,nearest_sphere,max_ratio,0.5,0.9410328823665443,0.852,0.902,0.892,0.01
1,euclidean,mean_std_2.0,nearest_sphere,max_ratio,1.0,0.9590749540335733,0.872,0.902,0.896,0.006
1,euclidean,mean_std_2.0,nearest_sphere,max_ratio,2.0,1.820465600237133,0.892,0.902,0.9,0.002
1,euclidean,mean_std_2.0,normalized_union,none,0.0,0.9392836876596329,0.832,0.902,0.888,0.014
1,euclidean,mean_std_2.0,normalized_union,none,0.25,0.9392836876596329,0.832,0.902,0.888,0.014
1,euclidean,mean_std_2.0,normalized_union,none,0.5,0.9392836876596329,0.832,0.902,0.888,0.014
1,euclidean,mean_std_2.0,normalized_union,none,1.0,0.9392836876596329,0.832,0.902,0.888,0.014
1,euclidean,mean_std_2.0,normalized_union,none,2.0,0.9392836876596329,0.832,0.902,0.888,0.014
1,euclidean,mean_std_2.0,normalized_union,ratio,0.0,0.9392836876596329,0.832,0.902,0.888,0.014
1,euclidean,mean_std_2.0,normalized_union,ratio,0.25,1.1678785445474782,0.842,0.902,0.89,0.012
1,euclidean,mean_std_2.0,normalized_union,ratio,0.5,1.4017030718706944,0.852,0.902,0.892,0.01
1,euclidean,mean_std_2.0,normalized_union,ratio,1.0,1.864129287366358,0.882,0.902,0.898,0.004
1,euclidean,mean_std_2.0,normalized_union,ratio,2.0,2.770655821789828,0.882,0.902,0.898,0.004
1,euclidean,mean_std_2.0,normalized_union,inverse_margin,0.0,0.9392836876596329,0.832,0.902,0.888,0.014
1,euclidean,mean_std_2.0,normalized_union,inverse_margin,0.25,3.482112414963873,0.892,0.902,0.9,0.002
1,euclidean,mean_std_2.0,normalized_union,inverse_margin,0.5,6.0062387029546604,0.892,0.902,0.9,0.002
1,euclidean,mean_std_2.0,normalized_union,inverse_margin,1.0,11.087057216524098,0.892,0.902,0.9,0.002
1,euclidean,mean_std_2.0,normalized_union,inverse_margin,2.0,21.2269836186044,0.892,0.902,0.9,0.002
1,euclidean,mean_std_2.0,normalized_union,max_ratio,0.0,0.9392836876596329,0.832,0.902,0.888,0.014
1,euclidean,mean_std_2.0,normalized_union,max_ratio,0.25,0.9392836876596329,0.832,0.902,0.888,0.014
1,euclidean,mean_std_2.0,normalized_union,max_ratio,0.5,0.9392836876596329,0.832,0.902,0.888,0.014
1,euclidean,mean_std_2.0,normalized_union,max_ratio,1.0,0.9590749540335733,0.872,0.902,0.896,0.006
1,euclidean,mean_std_2.0,normalized_union,max_ratio,2.0,1.820465600237133,0.892,0.902,0.9,0.002
1,euclidean,mean_std_3.0,nearest_sphere,none,0.0,0.845578979617686,0.862,0.902,0.894,0.008
1,euclidean,mean_std_3.0,nearest_sphere,none,0.25,0.845578979617686,0.862,0.902,0.894,0.008
1,euclidean,mean_std_3.0,nearest_sphere,none,0.5,0.845578979617686,0.862,0.902,0.894,0.008
1,euclidean,mean_std_3.0,nearest_sphere,none,1.0,0.845578979617686,0.862,0.902,0.894,0.008
1,euclidean,mean_std_3.0,nearest_sphere,none,2.0,0.845578979617686,0.862,0.902,0.894,0.008
1,euclidean,mean_std_3.0,nearest_sphere,ratio,0.0,0.845578979617686,0.862,0.902,0.894,0.008
1,euclidean,mean_std_3.0,nearest_sphere,ratio,0.25,1.0742802934188722,0.872,0.902,0.896,0.006
1,euclidean,mean_std_3.0,nearest_sphere,ratio,0.5,1.3115145927409217,0.862,0.902,0.894,0.008
1,euclidean,mean_std_3.0,nearest_sphere,ratio,1.0,1.7714863577224627,0.872,0.902,0.896,0.006
1,euclidean,mean_std_3.0,nearest_sphere,ratio,2.0,2.6817191578410293,0.882,0.902,0.898,0.004
1,euclidean,mean_std_3.0,nearest_sphere,inverse_margin,0.0,0.845578979617686,0.862,0.902,0.894,0.008
1,euclidean,mean_std_3.0,nearest_sphere,inverse_margin,0.25,3.3892944349485976,0.892,0.902,0.9,0.002
1,euclidean,mean_std_3.0,nearest_sphere,inverse_margin,0.5,5.925921016847902,0.892,0.902,0.9,0.002
1,euclidean,mean_std_3.0,nearest_sphere,inverse_margin,1.0,11.001179959684197,0.892,0.902,0.9,0.002
1,euclidean,mean_std_3.0,nearest_sphere,inverse_margin,2.0,21.141106361764496,0.892,0.902,0.9,0.002
1,euclidean,mean_std_3.0,nearest_sphere,max_ratio,0.0,0.845578979617686,0.862,0.902,0.894,0.008
1,euclidean,mean_std_3.0,nearest_sphere,max_ratio,0.25,0.845578979617686,0.862,0.902,0.894,0.008
1,euclidean,mean_std_3.0,nearest_sphere,max_ratio,0.5,0.845578979617686,0.862,0.902,0.894,0.008
1,euclidean,mean_std_3.0,nearest_sphere,max_ratio,1.0,0.9131733025710362,0.892,0.902,0.9,0.002
1,euclidean,mean_std_3.0,nearest_sphere,max_ratio,2.0,1.820465600237133,0.892,0.902,0.9,0.002
1,euclidean,mean_std_3.0,normalized_union,none,0.0,0.8440099568558994,0.842,0.902,0.89,0.012
1,euclidean,mean_std_3.0,normalized_union,none,0.25,0.8440099568558994,0.842,0.902,0.89,0.012
1,euclidean,mean_std_3.0,normalized_union,none,0.5,0.8440099568558994,0.842,0.902,0.89,0.012
1,euclidean,mean_std_3.0,normalized_union,none,1.0,0.8440099568558994,0.842,0.902,0.89,0.012
1,euclidean,mean_std_3.0,normalized_union,none,2.0,0.8440099568558994,0.842,0.902,0.89,0.012
1,euclidean,mean_std_3.0,normalized_union,ratio,0.0,0.8440099568558994,0.842,0.902,0.89,0.012
1,euclidean,mean_std_3.0,normalized_union,ratio,0.25,1.0742802934188722,0.852,0.902,0.892,0.01
1,euclidean,mean_std_3.0,normalized_union,ratio,0.5,1.309271476617803,0.852,0.902,0.892,0.01
1,euclidean,mean_std_3.0,normalized_union,ratio,1.0,1.7714863577224627,0.872,0.902,0.896,0.006
1,euclidean,mean_std_3.0,normalized_union,ratio,2.0,2.6817191578410293,0.882,0.902,0.898,0.004
1,euclidean,mean_std_3.0,normalized_union,inverse_margin,0.0,0.8440099568558994,0.842,0.902,0.89,0.012
1,euclidean,mean_std_3.0,normalized_union,inverse_margin,0.25,3.3892944349485976,0.892,0.902,0.9,0.002
1,euclidean,mean_std_3.0,normalized_union,inverse_margin,0.5,5.925921016847902,0.892,0.902,0.9,0.002
1,euclidean,mean_std_3.0,normalized_union,inverse_margin,1.0,11.001179959684197,0.892,0.902,0.9,0.002
1,euclidean,mean_std_3.0,normalized_union,inverse_margin,2.0,21.141106361764496,0.892,0.902,0.9,0.002
1,euclidean,mean_std_3.0,normalized_union,max_ratio,0.0,0.8440099568558994,0.842,0.902,0.89,0.012
1,euclidean,mean_std_3.0,normalized_union,max_ratio,0.25,0.8440099568558994,0.842,0.902,0.89,0.012
1,euclidean,mean_std_3.0,normalized_union,max_ratio,0.5,0.8440099568558994,0.842,0.902,0.89,0.012
1,euclidean,mean_std_3.0,normalized_union,max_ratio,1.0,0.9131733025710362,0.892,0.902,0.9,0.002
1,euclidean,mean_std_3.0,normalized_union,max_ratio,2.0,1.820465600237133,0.892,0.902,0.9,0.002
1,euclidean,center_quantile_0.5,nearest_sphere,none,0.0,1.2609643957929877,0.852,0.902,0.892,0.01
1,euclidean,center_quantile_0.5,nearest_sphere,none,0.25,1.2609643957929877,0.852,0.902,0.892,0.01
1,euclidean,center_quantile_0.5,nearest_sphere,none,0.5,1.2609643957929877,0.852,0.902,0.892,0.01
1,euclidean,center_quantile_0.5,nearest_sphere,none,1.0,1.2609643957929877,0.852,0.902,0.892,0.01
1,euclidean,center_quantile_0.5,nearest_sphere,none,2.0,1.2609643957929877,0.852,0.902,0.892,0.01
1,euclidean,center_quantile_0.5,nearest_sphere,ratio,0.0,1.2609643957929877,0.852,0.902,0.892,0.01
1,euclidean,center_quantile_0.5,nearest_sphere,ratio,0.25,1.490616799516455,0.852,0.902,0.892,0.01
1,euclidean,center_quantile_0.5,nearest_sphere,ratio,0.5,1.7127096264783621,0.852,0.902,0.892,0.01
1,euclidean,center_quantile_0.5,nearest_sphere,ratio,1.0,2.172048661662349,0.872,0.902,0.896,0.006
1,euclidean,center_quantile_0.5,nearest_sphere,ratio,2.0,3.089470236613826,0.882,0.902,0.898,0.004
1,euclidean,center_quantile_0.5,nearest_sphere,inverse_margin,0.0,1.2609643957929877,0.852,0.902,0.892,0.01
1,euclidean,center_quantile_0.5,nearest_sphere,inverse_margin,0.25,3.7590585054917374,0.892,0.902,0.9,0.002
1,euclidean,center_quantile_0.5,nearest_sphere,inverse_margin,0.5,6.278779157906259,0.892,0.902,0.9,0.002
1,euclidean,center_quantile_0.5,nearest_sphere,inverse_margin,1.0,11.34874235894641,0.892,0.902,0.9,0.002
1,euclidean,center_quantile_0.5,nearest_sphere,inverse_margin,2.0,21.48866876102671,0.892,0.902,0.9,0.002
1,euclidean,center_quantile_0.5,nearest_sphere,max_ratio,0.0,1.2609643957929877,0.852,0.902,0.892,0.01
1,euclidean,center_quantile_0.5,nearest_sphere,max_ratio,0.25,1.2609643957929877,0.852,0.902,0.892,0.01
1,euclidean,center_quantile_0.5,nearest_sphere,max_ratio,0.5,1.2609643957929877,0.852,0.902,0.892,0.01
1,euclidean,center_quantile_0.5,nearest_sphere,max_ratio,1.0,1.2609643957929877,0.852,0.902,0.892,0.01
1,euclidean,center_quantile_0.5,nearest_sphere,max_ratio,2.0,1.820465600237133,0.892,0.902,0.9,0.002
1,euclidean,center_quantile_0.5,normalized_union,none,0.0,1.2494166612367061,0.802,0.902,0.882,0.02
1,euclidean,center_quantile_0.5,normalized_union,none,0.25,1.2494166612367061,0.802,0.902,0.882,0.02
1,euclidean,center_quantile_0.5,normalized_union,none,0.5,1.2494166612367061,0.802,0.902,0.882,0.02
1,euclidean,center_quantile_0.5,normalized_union,none,1.0,1.2494166612367061,0.802,0.902,0.882,0.02
1,euclidean,center_quantile_0.5,normalized_union,none,2.0,1.2494166612367061,0.802,0.902,0.882,0.02
1,euclidean,center_quantile_0.5,normalized_union,ratio,0.0,1.2494166612367061,0.802,0.902,0.882,0.02
1,euclidean,center_quantile_0.5,normalized_union,ratio,0.25,1.4755895440896811,0.802,0.902,0.882,0.02
1,euclidean,center_quantile_0.5,normalized_union,ratio,0.5,1.6949968088996823,0.802,0.902,0.882,0.02
1,euclidean,center_quantile_0.5,normalized_union,ratio,1.0,2.161769478873832,0.832,0.902,0.888,0.014
1,euclidean,center_quantile_0.5,normalized_union,ratio,2.0,3.0868776062922656,0.852,0.902,0.892,0.01
1,euclidean,center_quantile_0.5,normalized_union,inverse_margin,0.0,1.2494166612367061,0.802,0.902,0.882,0.02
1,euclidean,center_quantile_0.5,normalized_union,inverse_margin,0.25,3.7590585054917374,0.832,0.902,0.888,0.014
1,euclidean,center_quantile_0.5,normalized_union,inverse_margin,0.5,6.276676169498104,0.822,0.902,0.886,0.016
1,euclidean,center_quantile_0.5,normalized_union,inverse_margin,1.0,11.34874235894641,0.822,0.902,0.886,0.016
1,euclidean,center_quantile_0.5,normalized_union,inverse_margin,2.0,21.48866876102671,0.822,0.902,0.886,0.016
1,euclidean,center_quantile_0.5,normalized_union,max_ratio,0.0,1.2494166612367061,0.802,0.902,0.882,0.02
1,euclidean,center_quantile_0.5,normalized_union,max_ratio,0.25,1.2494166612367061,0.802,0.902,0.882,0.02
1,euclidean,center_quantile_0.5,normalized_union,max_ratio,0.5,1.2494166612367061,0.802,0.902,0.882,0.02
1,euclidean,center_quantile_0.5,normalized_union,max_ratio,1.0,1.2494166612367061,0.802,0.902,0.882,0.02
1,euclidean,center_quantile_0.5,normalized_union,max_ratio,2.0,1.820465600237133,0.822,0.902,0.886,0.016
1,euclidean,intent_quantile_0.5,nearest_sphere,none,0.0,1.264041917864237,0.852,0.902,0.892,0.01
1,euclidean,intent_quantile_0.5,nearest_sphere,none,0.25,1.264041917864237,0.852,0.902,0.892,0.01
1,euclidean,intent_quantile_0.5,nearest_sphere,none,0.5,1.264041917864237,0.852,0.902,0.892,0.01
1,euclidean,intent_quantile_0.5,nearest_sphere,none,1.0,1.264041917864237,0.852,0.902,0.892,0.01
1,euclidean,intent_quantile_0.5,nearest_sphere,none,2.0,1.264041917864237,0.852,0.902,0.892,0.01
1,euclidean,intent_quantile_0.5,nearest_sphere,ratio,0.0,1.264041917864237,0.852,0.902,0.892,0.01
1,euclidean,intent_quantile_0.5,nearest_sphere,ratio,0.25,1.493712771564889,0.852,0.902,0.892,0.01
1,euclidean,intent_quantile_0.5,nearest_sphere,ratio,0.5,1.7158055985267961,0.852,0.902,0.892,0.01
1,euclidean,intent_quantile_0.5,nearest_sphere,ratio,1.0,2.175137374088621,0.872,0.902,0.896,0.006
1,euclidean,intent_quantile_0.5,nearest_sphere,ratio,2.0,3.0909379801967694,0.882,0.902,0.898,0.004
1,euclidean,intent_quantile_0.5,nearest_sphere,inverse_margin,0.0,1.264041917864237,0.852,0.902,0.892,0.01
1,euclidean,intent_quantile_0.5,nearest_sphere,inverse_margin,0.25,3.760223020668686,0.892,0.902,0.9,0.002
1,euclidean,intent_quantile_0.5,nearest_sphere,inverse_margin,0.5,6.281729405986019,0.892,0.902,0.9,0.002
1,euclidean,intent_quantile_0.5,nearest_sphere,inverse_margin,1.0,11.35169260702617,0.892,0.902,0.9,0.002
1,euclidean,intent_quantile_0.5,nearest_sphere,inverse_margin,2.0,21.49161900910647,0.892,0.902,0.9,0.002
1,euclidean,intent_quantile_0.5,nearest_sphere,max_ratio,0.0,1.264041917864237,0.852,0.902,0.892,0.01
1,euclidean,intent_quantile_0.5,nearest_sphere,max_ratio,0.25,1.264041917864237,0.852,0.902,0.892,0.01
1,euclidean,intent_quantile_0.5,nearest_sphere,max_ratio,0.5,1.264041917864237,0.852,0.902,0.892,0.01
1,euclidean,intent_quantile_0.5,nearest_sphere,max_ratio,1.0,1.264041917864237,0.852,0.902,0.892,0.01
1,euclidean,intent_quantile_0.5,nearest_sphere,max_ratio,2.0,1.820465600237133,0.892,0.902,0.9,0.002
1,euclidean,intent_quantile_0.5,normalized_union,none,0.0,1.2524659997937433,0.802,0.902,0.882,0.02
1,euclidean,intent_quantile_0.5,normalized_union,none,0.25,1.2524659997937433,0.802,0.902,0.882,0.02
1,euclidean,intent_quantile_0.5,normalized_union,none,0.5,1.2524659997937433,0.802,0.902,0.882,0.02
1,euclidean,intent_quantile_0.5,normalized_union,none,1.0,1.2524659997937433,0.802,0.902,0.882,0.02
1,euclidean,intent_quantile_0.5,normalized_union,none,2.0,1.2524659997937433,0.802,0.902,0.882,0.02
1,euclidean,intent_quantile_0.5,normalized_union,ratio,0.0,1.2524659997937433,0.802,0.902,0.882,0.02
1,euclidean,intent_quantile_0.5,normalized_union,ratio,0.25,1.4777150213673291,0.802,0.902,0.882,0.02
1,euclidean,intent_quantile_0.5,normalized_union,ratio,0.5,1.6962482243359784,0.802,0.902,0.882,0.02
1,euclidean,intent_quantile_0.5,normalized_union,ratio,1.0,2.162930594760927,0.832,0.902,0.888,0.014
1,euclidean,intent_quantile_0.5,normalized_union,ratio,2.0,3.0881599577416736,0.842,0.902,0.89,0.012
1,euclidean,intent_quantile_0.5,normalized_union,inverse_margin,0.0,1.2524659997937433,0.802,0.902,0.882,0.02
1,euclidean,intent_quantile_0.5,normalized_union,inverse_margin,0.25,3.760223020668686,0.822,0.902,0.886,0.016
1,euclidean,intent_quantile_0.5,normalized_union,inverse_margin,0.5,6.278050649132162,0.812,0.902,0.884,0.018
1,euclidean,intent_quantile_0.5,normalized_union,inverse_margin,1.0,11.35169260702617,0.812,0.902,0.884,0.018
1,euclidean,intent_quantile_0.5,normalized_union,inverse_margin,2.0,21.49161900910647,0.812,0.902,0.884,0.018
1,euclidean,intent_quantile_0.5,normalized_union,max_ratio,0.0,1.2524659997937433,0.802,0.902,0.882,0.02
1,euclidean,intent_quantile_0.5,normalized_union,max_ratio,0.25,1.2524659997937433,0.802,0.902,0.882,0.02
1,euclidean,intent_quantile_0.5,normalized_union,max_ratio,0.5,1.2524659997937433,0.802,0.902,0.882,0.02
1,euclidean,intent_quantile_0.5,normalized_union,max_ratio,1.0,1.2524659997937433,0.802,0.902,0.882,0.02
1,euclidean,intent_quantile_0.5,normalized_union,max_ratio,2.0,1.820465600237133,0.812,0.902,0.884,0.018
1,euclidean,center_quantile_0.7,nearest_sphere,none,0.0,1.1787151589658582,0.852,0.902,0.892,0.01
1,euclidean,center_quantile_0.7,nearest_sphere,none,0.25,1.1787151589658582,0.852,0.902,0.892,0.01
1,euclidean,center_quantile_0.7,nearest_sphere,none,0.5,1.1787151589658582,0.852,0.902,0.892,0.01
1,euclidean,center_quantile_0.7,nearest_sphere,none,1.0,1.1787151589658582,0.852,0.902,0.892,0.01
1,euclidean,center_quantile_0.7,nearest_sphere,none,2.0,1.1787151589658582,0.852,0.902,0.892,0.01
1,euclidean,center_quantile_0.7,nearest_sphere,ratio,0.0,1.1787151589658582,0.852,0.902,0.892,0.01
1,euclidean,center_quantile_0.7,nearest_sphere,ratio,0.25,1.4014891472566466,0.852,0.902,0.892,0.01
1,euclidean,center_quantile_0.7,nearest_sphere,ratio,0.5,1.6240102184073495,0.852,0.902,0.892,0.01
1,euclidean,center_quantile_0.7,nearest_sphere,ratio,1.0,2.084779465531217,0.872,0.902,0.896,0.006
1,euclidean,center_quantile_0.7,nearest_sphere,ratio,2.0,2.989894809140966,0.882,0.902,0.898,0.004
1,euclidean,center_quantile_0.7,nearest_sphere,inverse_margin,0.0,1.1787151589658582,0.852,0.902,0.892,0.01
1,euclidean,center_quantile_0.7,nearest_sphere,inverse_margin,0.25,3.6750345947748078,0.892,0.902,0.9,0.002
1,euclidean,center_quantile_0.7,nearest_sphere,inverse_margin,0.5,6.199132733480312,0.892,0.902,0.9,0.002
1,euclidean,center_quantile_0.7,nearest_sphere,inverse_margin,1.0,11.269095934520461,0.892,0.902,0.9,0.002
1,euclidean,center_quantile_0.7,nearest_sphere,inverse_margin,2.0,21.409022336600763,0.892,0.902,0.9,0.002
1,euclidean,center_quantile_0.7,nearest_sphere,max_ratio,0.0,1.1787151589658582,0.852,0.902,0.892,0.01
1,euclidean,center_quantile_0.7,nearest_sphere,max_ratio,0.25,1.1787151589658582,0.852,0.902,0.892,0.01
1,euclidean,center_quantile_0.7,nearest_sphere,max_ratio,0.5,1.1787151589658582,0.852,0.902,0.892,0.01
1,euclidean,center_quantile_0.7,nearest_sphere,max_ratio,1.0,1.1787151589658582,0.852,0.902,0.892,0.01
1,euclidean,center_quantile_0.7,nearest_sphere,max_ratio,2.0,1.820465600237133,0.892,0.902,0.9,0.002
1,euclidean,center_quantile_0.7,normalized_union,none,0.0,1.1710894547080306,0.802,0.902,0.882,0.02
1,euclidean,center_quantile_0.7,normalized_union,none,0.25,1.1710894547080306,0.802,0.902,0.882,0.02
1,euclidean,center_quantile_0.7,normalized_union,none,0.5,1.1710894547080306,0.802,0.902,0.882,0.02
1,euclidean,center_quantile_0.7,normalized_union,none,1.0,1.1710894547080306,0.802,0.902,0.882,0.02
1,euclidean,center_quantile_0.7,normalized_union,none,2.0,1.1710894547080306,0.802,0.902,0.882,0.02
1,euclidean,center_quantile_0.7,normalized_union,ratio,0.0,1.1710894547080306,0.802,0.902,0.882,0.02
1,euclidean,center_quantile_0.7,normalized_union,ratio,0.25,1.3924695251079833,0.802,0.902,0.882,0.02
1,euclidean,center_quantile_0.7,normalized_union,ratio,0.5,1.6157815649031568,0.802,0.902,0.882,0.02
1,euclidean,center_quantile_0.7,normalized_union,ratio,1.0,2.0796048098292936,0.842,0.902,0.89,0.012
1,euclidean,center_quantile_0.7,normalized_union,ratio,2.0,2.989894809140966,0.862,0.902,0.894,0.008
1,euclidean,center_quantile_0.7,normalized_union,inverse_margin,0.0,1.1710894547080306,0.802,0.902,0.882,0.02
1,euclidean,center_quantile_0.7,normalized_union,inverse_margin,0.25,3.6750345947748078,0.842,0.902,0.89,0.012
1,euclidean,center_quantile_0.7,normalized_union,inverse_margin,0.5,6.189670898169197,0.832,0.902,0.888,0.014
1,euclidean,center_quantile_0.7,normalized_union,inverse_margin,1.0,11.269095934520461,0.832,0.902,0.888,0.014
1,euclidean,center_quantile_0.7,normalized_union,inverse_margin,2.0,21.409022336600763,0.832,0.902,0.888,0.014
1,euclidean,center_quantile_0.7,normalized_union,max_ratio,0.0,1.1710894547080306,0.802,0.902,0.882,0.02
1,euclidean,center_quantile_0.7,normalized_union,max_ratio,0.25,1.1710894547080306,0.802,0.902,0.882,0.02
1,euclidean,center_quantile_0.7,normalized_union,max_ratio,0.5,1.1710894547080306,0.802,0.902,0.882,0.02
1,euclidean,center_quantile_0.7,normalized_union,max_ratio,1.0,1.1710894547080306,0.802,0.902,0.882,0.02
1,euclidean,center_quantile_0.7,normalized_union,max_ratio,2.0,1.820465600237133,0.832,0.902,0.888,0.014
1,euclidean,intent_quantile_0.7,nearest_sphere,none,0.0,1.181490714133011,0.852,0.902,0.892,0.01
1,euclidean,intent_quantile_0.7,nearest_sphere,none,0.25,1.181490714133011,0.852,0.902,0.892,0.01
1,euclidean,intent_quantile_0.7,nearest_sphere,none,0.5,1.181490714133011,0.852,0.902,0.892,0.01
1,euclidean,intent_quantile_0.7,nearest_sphere,none,1.0,1.181490714133011,0.852,0.902,0.892,0.01
1,euclidean,intent_quantile_0.7,nearest_sphere,none,2.0,1.181490714133011,0.852,0.902,0.892,0.01
1,euclidean,intent_quantile_0.7,nearest_sphere,ratio,0.0,1.181490714133011,0.852,0.902,0.892,0.01
1,euclidean,intent_quantile_0.7,nearest_sphere,ratio,0.25,1.4042652979752095,0.852,0.902,0.892,0.01
1,euclidean,intent_quantile_0.7,nearest_sphere,ratio,0.5,1.6267863691259123,0.852,0.902,0.892,0.01
1,euclidean,intent_quantile_0.7,nearest_sphere,ratio,1.0,2.0874216388896527,0.872,0.902,0.896,0.006
1,euclidean,intent_quantile_0.7,nearest_sphere,ratio,2.0,2.991550642274032,0.882,0.902,0.898,0.004
1,euclidean,intent_quantile_0.7,nearest_sphere,inverse_margin,0.0,1.181490714133011,0.852,0.902,0.892,0.01
1,euclidean,intent_quantile_0.7,nearest_sphere,inverse_margin,0.25,3.6781233772436988,0.892,0.902,0.9,0.002
1,euclidean,intent_quantile_0.7,nearest_sphere,inverse_margin,0.5,6.20202884079233,0.892,0.902,0.9,0.002
1,euclidean,intent_quantile_0.7,nearest_sphere,inverse_margin,1.0,11.27199204183248,0.892,0.902,0.9,0.002
1,euclidean,intent_quantile_0.7,nearest_sphere,inverse_margin,2.0,21.411918443912782,0.892,0.902,0.9,0.002
1,euclidean,intent_quantile_0.7,nearest_sphere,max_ratio,0.0,1.181490714133011,0.852,0.902,0.892,0.01
1,euclidean,intent_quantile_0.7,nearest_sphere,max_ratio,0.25,1.181490714133011,0.852,0.902,0.892,0.01
1,euclidean,intent_quantile_0.7,nearest_sphere,max_ratio,0.5,1.181490714133011,0.852,0.902,0.892,0.01
1,euclidean,intent_quantile_0.7,nearest_sphere,max_ratio,1.0,1.181490714133011,0.852,0.902,0.892,0.01
1,euclidean,intent_quantile_0.7,nearest_sphere,max_ratio,2.0,1.820465600237133,0.892,0.902,0.9,0.002
1,euclidean,intent_quantile_0.7,normalized_union,none,0.0,1.1710894547080306,0.802,0.902,0.882,0.02
1,euclidean,intent_quantile_0.7,normalized_union,none,0.25,1.1710894547080306,0.802,0.902,0.882,0.02
1,euclidean,intent_quantile_0.7,normalized_union,none,0.5,1.1710894547080306,0.802,0.902,0.882,0.02
1,euclidean,intent_quantile_0.7,normalized_union,none,1.0,1.1710894547080306,0.802,0.902,0.882,0.02
1,euclidean,intent_quantile_0.7,normalized_union,none,2.0,1.1710894547080306,0.802,0.902,0.882,0.02
1,euclidean,intent_quantile_0.7,normalized_union,ratio,0.0,1.1710894547080306,0.802,0.902,0.882,0.02
1,euclidean,intent_quantile_0.7,normalized_union,ratio,0.25,1.3954629044622289,0.802,0.902,0.882,0.02
1,euclidean,intent_quantile_0.7,normalized_union,ratio,0.5,1.6185571200703097,0.802,0.902,0.882,0.02
1,euclidean,intent_quantile_0.7,normalized_union,ratio,1.0,2.0821484117512354,0.842,0.902,0.89,0.012
1,euclidean,intent_quantile_0.7,normalized_union,ratio,2.0,2.991550642274032,0.862,0.902,0.894,0.008
1,euclidean,intent_quantile_0.7,normalized_union,inverse_margin,0.0,1.1710894547080306,0.802,0.902,0.882,0.02
1,euclidean,intent_quantile_0.7,normalized_union,inverse_margin,0.25,3.6781233772436988,0.842,0.902,0.89,0.012
1,euclidean,intent_quantile_0.7,normalized_union,inverse_margin,0.5,6.192719401439819,0.832,0.902,0.888,0.014
1,euclidean,intent_quantile_0.7,normalized_union,inverse_margin,1.0,11.27199204183248,0.832,0.902,0.888,0.014
1,euclidean,intent_quantile_0.7,normalized_union,inverse_margin,2.0,21.411918443912782,0.832,0.902,0.888,0.014
1,euclidean,intent_quantile_0.7,normalized_union,max_ratio,0.0,1.1710894547080306,0.802,0.902,0.882,0.02
1,euclidean,intent_quantile_0.7,normalized_union,max_ratio,0.25,1.1710894547080306,0.802,0.902,0.882,0.02
1,euclidean,intent_quantile_0.7,normalized_union,max_ratio,0.5,1.1710894547080306,0.802,0.902,0.882,0.02
1,euclidean,intent_quantile_0.7,normalized_union,max_ratio,1.0,1.1710894547080306,0.802,0.902,0.882,0.02
1,euclidean,intent_quantile_0.7,normalized_union,max_ratio,2.0,1.820465600237133,0.832,0.902,0.888,0.014
1,euclidean,center_quantile_0.8,nearest_sphere,none,0.0,1.0921927535675073,0.852,0.902,0.892,0.01
1,euclidean,center_quantile_0.8,nearest_sphere,none,0.25,1.0921927535675073,0.852,0.902,0.892,0.01
1,euclidean,center_quantile_0.8,nearest_sphere,none,0.5,1.0921927535675073,0.852,0.902,0.892,0.01
1,euclidean,center_quantile_0.8,nearest_sphere,none,1.0,1.0921927535675073,0.852,0.902,0.892,0.01
1,euclidean,center_quantile_0.8,nearest_sphere,none,2.0,1.0921927535675073,0.852,0.902,0.892,0.01
1,euclidean,center_quantile_0.8,nearest_sphere,ratio,0.0,1.0921927535675073,0.852,0.902,0.892,0.01
1,euclidean,center_quantile_0.8,nearest_sphere,ratio,0.25,1.3140616680882564,0.852,0.902,0.892,0.01
1,euclidean,center_quantile_0.8,nearest_sphere,ratio,0.5,1.537852590312874,0.862,0.902,0.894,0.008
1,euclidean,center_quantile_0.8,nearest_sphere,ratio,1.0,2.0066905862007047,0.872,0.902,0.896,0.006
1,euclidean,center_quantile_0.8,nearest_sphere,ratio,2.0,2.9251283404282047,0.882,0.902,0.898,0.004
1,euclidean,center_quantile_0.8,nearest_sphere,inverse_margin,0.0,1.0921927535675073,0.852,0.902,0.892,0.01
1,euclidean,center_quantile_0.8,nearest_sphere,inverse_margin,0.25,3.6048299395701475,0.892,0.902,0.9,0.002
1,euclidean,center_quantile_0.8,nearest_sphere,inverse_margin,0.5,6.139242189952637,0.892,0.902,0.9,0.002
1,euclidean,center_quantile_0.8,nearest_sphere,inverse_margin,1.0,11.209205390992787,0.892,0.902,0.9,0.002
1,euclidean,center_quantile_0.8,nearest_sphere,inverse_margin,2.0,21.349131793073088,0.892,0.902,0.9,0.002
1,euclidean,center_quantile_0.8,nearest_sphere,max_ratio,0.0,1.0921927535675073,0.852,0.902,0.892,0.01
1,euclidean,center_quantile_0.8,nearest_sphere,max_ratio,0.25,1.0921927535675073,0.852,0.902,0.892,0.01
1,euclidean,center_quantile_0.8,nearest_sphere,max_ratio,0.5,1.0921927535675073,0.852,0.902,0.892,0.01
1,euclidean,center_quantile_0.8,nearest_sphere,max_ratio,1.0,1.0921927535675073,0.852,0.902,0.892,0.01
1,euclidean,center_quantile_0.8,nearest_sphere,max_ratio,2.0,1.820465600237133,0.892,0.902,0.9,0.002
1,euclidean,center_quantile_0.8,normalized_union,none,0.0,1.090517620058323,0.792,0.902,0.88,0.022
1,euclidean,center_quantile_0.8,normalized_union,none,0.25,1.090517620058323,0.792,0.902,0.88,0.022
1,euclidean,center_quantile_0.8,normalized_union,none,0.5,1.090517620058323,0.792,0.902,0.88,0.022
1,euclidean,center_quantile_0.8,normalized_union,none,1.0,1.090517620058323,0.792,0.902,0.88,0.022
1,euclidean,center_quantile_0.8,normalized_union,none,2.0,1.090517620058323,0.792,0.902,0.88,0.022
1,euclidean,center_quantile_0.8,normalized_union,ratio,0.0,1.090517620058323,0.792,0.902,0.88,0.022
1,euclidean,center_quantile_0.8,normalized_union,ratio,0.25,1.3107259565361566,0.792,0.902,0.88,0.022
1,euclidean,center_quantile_0.8,normalized_union,ratio,0.5,1.529259159504806,0.812,0.902,0.884,0.018
1,euclidean,center_quantile_0.8,normalized_union,ratio,1.0,2.001194706496875,0.832,0.902,0.888,0.014
1,euclidean,center_quantile_0.8,normalized_union,ratio,2.0,2.921788531123632,0.842,0.902,0.89,0.012
1,euclidean,center_quantile_0.8,normalized_union,inverse_margin,0.0,1.090517620058323,0.792,0.902,0.88,0.022
1,euclidean,center_quantile_0.8,normalized_union,inverse_margin,0.25,3.6048299395701475,0.832,0.902,0.888,0.014
1,euclidean,center_quantile_0.8,normalized_union,inverse_margin,0.5,6.120479179379977,0.822,0.902,0.886,0.016
1,euclidean,center_quantile_0.8,normalized_union,inverse_margin,1.0,11.209205390992787,0.822,0.902,0.886,0.016
1,euclidean,center_quantile_0.8,normalized_union,inverse_margin,2.0,21.349131793073088,0.822,0.902,0.886,0.016
1,euclidean,center_quantile_0.8,normalized_union,max_ratio,0.0,1.090517620058323,0.792,0.902,0.88,0.022
1,euclidean,center_quantile_0.8,normalized_union,max_ratio,0.25,1.090517620058323,0.792,0.902,0.88,0.022
1,euclidean,center_quantile_0.8,normalized_union,max_ratio,0.5,1.090517620058323,0.792,0.902,0.88,0.022
1,euclidean,center_quantile_0.8,normalized_union,max_ratio,1.0,1.090517620058323,0.792,0.902,0.88,0.022
1,euclidean,center_quantile_0.8,normalized_union,max_ratio,2.0,1.820465600237133,0.822,0.902,0.886,0.016
1,euclidean,intent_quantile_0.8,nearest_sphere,none,0.0,1.0941016424272818,0.852,0.902,0.892,0.01
1,euclidean,intent_quantile_0.8,nearest_sphere,none,0.25,1.0941016424272818,0.852,0.902,0.892,0.01
1,euclidean,intent_quantile_0.8,nearest_sphere,none,0.5,1.0941016424272818,0.852,0.902,0.892,0.01
1,euclidean,intent_quantile_0.8,nearest_sphere,none,1.0,1.0941016424272818,0.852,0.902,0.892,0.01
1,euclidean,intent_quantile_0.8,nearest_sphere,none,2.0,1.0941016424272818,0.852,0.902,0.892,0.01
1,euclidean,intent_quantile_0.8,nearest_sphere,ratio,0.0,1.0941016424272818,0.852,0.902,0.892,0.01
1,euclidean,intent_quantile_0.8,nearest_sphere,ratio,0.25,1.3159530739443783,0.852,0.902,0.892,0.01
1,euclidean,intent_quantile_0.8,nearest_sphere,ratio,0.5,1.539378546330132,0.862,0.902,0.894,0.008
1,euclidean,intent_quantile_0.8,nearest_sphere,ratio,1.0,2.0075249530136765,0.872,0.902,0.896,0.006
1,euclidean,intent_quantile_0.8,nearest_sphere,ratio,2.0,2.925977871432957,0.882,0.902,0.898,0.004
1,euclidean,intent_quantile_0.8,nearest_sphere,inverse_margin,0.0,1.0941016424272818,0.852,0.902,0.892,0.01
1,euclidean,intent_quantile_0.8,nearest_sphere,inverse_margin,0.25,3.6066062721802794,0.892,0.902,0.9,0.002
1,euclidean,intent_quantile_0.8,nearest_sphere,inverse_margin,0.5,6.140049443408343,0.892,0.902,0.9,0.002
1,euclidean,intent_quantile_0.8,nearest_sphere,inverse_margin,1.0,11.210012644448494,0.892,0.902,0.9,0.002
1,euclidean,intent_quantile_0.8,nearest_sphere,inverse_margin,2.0,21.349939046528796,0.892,0.902,0.9,0.002
1,euclidean,intent_quantile_0.8,nearest_sphere,max_ratio,0.0,1.0941016424272818,0.852,0.902,0.892,0.01
1,euclidean,intent_quantile_0.8,nearest_sphere,max_ratio,0.25,1.0941016424272818,0.852,0.902,0.892,0.01
1,euclidean,intent_quantile_0.8,nearest_sphere,max_ratio,0.5,1.0941016424272818,0.852,0.902,0.892,0.01
1,euclidean,intent_quantile_0.8,nearest_sphere,max_ratio,1.0,1.0941016424272818,0.852,0.902,0.892,0.01
1,euclidean,intent_quantile_0.8,nearest_sphere,max_ratio,2.0,1.820465600237133,0.892,0.902,0.9,0.002
1,euclidean,intent_quantile_0.8,normalized_union,none,0.0,1.090517620058323,0.792,0.902,0.88,0.022
1,euclidean,intent_quantile_0.8,normalized_union,none,0.25,1.090517620058323,0.792,0.902,0.88,0.022
1,euclidean,intent_quantile_0.8,normalized_union,none,0.5,1.090517620058323,0.792,0.902,0.88,0.022
1,euclidean,intent_quantile_0.8,normalized_union,none,1.0,1.090517620058323,0.792,0.902,0.88,0.022
1,euclidean,intent_quantile_0.8,normalized_union,none,2.0,1.090517620058323,0.792,0.902,0.88,0.022
1,euclidean,intent_quantile_0.8,normalized_union,ratio,0.0,1.090517620058323,0.792,0.902,0.88,0.022
1,euclidean,intent_quantile_0.8,normalized_union,ratio,0.25,1.3126348453959311,0.792,0.902,0.88,0.022
1,euclidean,intent_quantile_0.8,normalized_union,ratio,0.5,1.5311680483645804,0.812,0.902,0.884,0.018
1,euclidean,intent_quantile_0.8,normalized_union,ratio,1.0,2.0030387839313035,0.832,0.902,0.888,0.014
1,euclidean,intent_quantile_0.8,normalized_union,ratio,2.0,2.9238258347475687,0.842,0.902,0.89,0.012
1,euclidean,intent_quantile_0.8,normalized_union,inverse_margin,0.0,1.090517620058323,0.792,0.902,0.88,0.022
1,euclidean,intent_quantile_0.8,normalized_union,inverse_margin,0.25,3.6066062721802794,0.832,0.902,0.888,0.014
1,euclidean,intent_quantile_0.8,normalized_union,inverse_margin,0.5,6.1212341724019925,0.822,0.902,0.886,0.016
1,euclidean,intent_quantile_0.8,normalized_union,inverse_margin,1.0,11.210012644448494,0.822,0.902,0.886,0.016
1,euclidean,intent_quantile_0.8,normalized_union,inverse_margin,2.0,21.349939046528796,0.822,0.902,0.886,0.016
1,euclidean,intent_quantile_0.8,normalized_union,max_ratio,0.0,1.090517620058323,0.792,0.902,0.88,0.022
1,euclidean,intent_quantile_0.8,normalized_union,max_ratio,0.25,1.090517620058323,0.792,0.902,0.88,0.022
1,euclidean,intent_quantile_0.8,normalized_union,max_ratio,0.5,1.090517620058323,0.792,0.902,0.88,0.022
1,euclidean,intent_quantile_0.8,normalized_union,max_ratio,1.0,1.090517620058323,0.792,0.902,0.88,0.022
1,euclidean,intent_quantile_0.8,normalized_union,max_ratio,2.0,1.820465600237133,0.822,0.902,0.886,0.016
1,euclidean,center_quantile_0.9,nearest_sphere,none,0.0,0.985432061163039,0.862,0.902,0.894,0.008
1,euclidean,center_quantile_0.9,nearest_sphere,none,0.25,0.985432061163039,0.862,0.902,0.894,0.008
1,euclidean,center_quantile_0.9,nearest_sphere,none,0.5,0.985432061163039,0.862,0.902,0.894,0.008
1,euclidean,center_quantile_0.9,nearest_sphere,none,1.0,0.985432061163039,0.862,0.902,0.894,0.008
1,euclidean,center_quantile_0.9,nearest_sphere,none,2.0,0.985432061163039,0.862,0.902,0.894,0.008
1,euclidean,center_quantile_0.9,nearest_sphere,ratio,0.0,0.985432061163039,0.862,0.902,0.894,0.008
1,euclidean,center_quantile_0.9,nearest_sphere,ratio,0.25,1.2082442539275742,0.862,0.902,0.894,0.008
1,euclidean,center_quantile_0.9,nearest_sphere,ratio,0.5,1.4473531405285627,0.872,0.902,0.896,0.006
1,euclidean,center_quantile_0.9,nearest_sphere,ratio,1.0,1.9087359604257186,0.872,0.902,0.896,0.006
1,euclidean,center_quantile_0.9,nearest_sphere,ratio,2.0,2.82429531549181,0.882,0.902,0.898,0.004
1,euclidean,center_quantile_0.9,nearest_sphere,inverse_margin,0.0,0.985432061163039,0.862,0.902,0.894,0.008
1,euclidean,center_quantile_0.9,nearest_sphere,inverse_margin,0.25,3.5332271572218374,0.892,0.902,0.9,0.002
1,euclidean,center_quantile_0.9,nearest_sphere,inverse_margin,0.5,6.054044349934705,0.892,0.902,0.9,0.002
1,euclidean,center_quantile_0.9,nearest_sphere,inverse_margin,1.0,11.138171958782063,0.892,0.902,0.9,0.002
1,euclidean,center_quantile_0.9,nearest_sphere,inverse_margin,2.0,21.278098360862362,0.892,0.902,0.9,0.002
1,euclidean,center_quantile_0.9,nearest_sphere,max_ratio,0.0,0.985432061163039,0.862,0.902,0.894,0.008
1,euclidean,center_quantile_0.9,nearest_sphere,max_ratio,0.25,0.985432061163039,0.862,0.902,0.894,0.008
1,euclidean,center_quantile_0.9,nearest_sphere,max_ratio,0.5,0.985432061163039,0.862,0.902,0.894,0.008
1,euclidean,center_quantile_0.9,nearest_sphere,max_ratio,1.0,0.9934027515452922,0.852,0.902,0.892,0.01
1,euclidean,center_quantile_0.9,nearest_sphere,max_ratio,2.0,1.820465600237133,0.892,0.902,0.9,0.002
1,euclidean,center_quantile_0.9,normalized_union,none,0.0,0.9782591686325899,0.812,0.902,0.884,0.018
1,euclidean,center_quantile_0.9,normalized_union,none,0.25,0.9782591686325899,0.812,0.902,0.884,0.018
1,euclidean,center_quantile_0.9,normalized_union,none,0.5,0.9782591686325899,0.812,0.902,0.884,0.018
1,euclidean,center_quantile_0.9,normalized_union,none,1.0,0.9782591686325899,0.812,0.902,0.884,0.018
1,euclidean,center_quantile_0.9,normalized_union,none,2.0,0.9782591686325899,0.812,0.902,0.884,0.018
1,euclidean,center_quantile_0.9,normalized_union,ratio,0.0,0.9782591686325899,0.812,0.902,0.884,0.018
1,euclidean,center_quantile_0.9,normalized_union,ratio,0.25,1.204623871308305,0.822,0.902,0.886,0.016
1,euclidean,center_quantile_0.9,normalized_union,ratio,0.5,1.4383001446487518,0.832,0.902,0.888,0.014
1,euclidean,center_quantile_0.9,normalized_union,ratio,1.0,1.9087359604257186,0.852,0.902,0.892,0.01
1,euclidean,center_quantile_0.9,normalized_union,ratio,2.0,2.82429531549181,0.862,0.902,0.894,0.008
1,euclidean,center_quantile_0.9,normalized_union,inverse_margin,0.0,0.9782591686325899,0.812,0.902,0.884,0.018
1,euclidean,center_quantile_0.9,normalized_union,inverse_margin,0.25,3.5332271572218374,0.872,0.902,0.896,0.006
1,euclidean,center_quantile_0.9,normalized_union,inverse_margin,0.5,6.054044349934705,0.862,0.902,0.894,0.008
1,euclidean,center_quantile_0.9,normalized_union,inverse_margin,1.0,11.138171958782063,0.862,0.902,0.894,0.008
1,euclidean,center_quantile_0.9,normalized_union,inverse_margin,2.0,21.278098360862362,0.862,0.902,0.894,0.008
1,euclidean,center_quantile_0.9,normalized_union,max_ratio,0.0,0.9782591686325899,0.812,0.902,0.884,0.018
1,euclidean,center_quantile_0.9,normalized_union,max_ratio,0.25,0.9782591686325899,0.812,0.902,0.884,0.018
1,euclidean,center_quantile_0.9,normalized_union,max_ratio,0.5,0.9782591686325899,0.812,0.902,0.884,0.018
1,euclidean,center_quantile_0.9,normalized_union,max_ratio,1.0,0.9891792672120607,0.822,0.902,0.886,0.016
1,euclidean,center_quantile_0.9,normalized_union,max_ratio,2.0,1.820465600237133,0.862,0.902,0.894,0.008
1,euclidean,intent_quantile_0.9,nearest_sphere,none,0.0,0.9883464176114033,0.862,0.902,0.894,0.008
1,euclidean,intent_quantile_0.9,nearest_sphere,none,0.25,0.9883464176114033,0.862,0.902,0.894,0.008
1,euclidean,intent_quantile_0.9,nearest_sphere,none,0.5,0.9883464176114033,0.862,0.902,0.894,0.008
1,euclidean,intent_quantile_0.9,nearest_sphere,none,1.0,0.9883464176114033,0.862,0.902,0.894,0.008
1,euclidean,intent_quantile_0.9,nearest_sphere,none,2.0,0.9883464176114033,0.862,0.902,0.894,0.008
1,euclidean,intent_quantile_0.9,nearest_sphere,ratio,0.0,0.9883464176114033,0.862,0.902,0.894,0.008
1,euclidean,intent_quantile_0.9,nearest_sphere,ratio,0.25,1.2110992920538481,0.862,0.902,0.894,0.008
1,euclidean,intent_quantile_0.9,nearest_sphere,ratio,0.5,1.450234606695434,0.872,0.902,0.896,0.006
1,euclidean,intent_quantile_0.9,nearest_sphere,ratio,1.0,1.9115022890979694,0.872,0.902,0.896,0.006
1,euclidean,intent_quantile_0.9,nearest_sphere,ratio,2.0,2.82429531549181,0.882,0.902,0.898,0.004
1,euclidean,intent_quantile_0.9,nearest_sphere,inverse_margin,0.0,0.9883464176114033,0.862,0.902,0.894,0.008
1,euclidean,intent_quantile_0.9,nearest_sphere,inverse_margin,0.25,3.5332271572218374,0.892,0.902,0.9,0.002
1,euclidean,intent_quantile_0.9,nearest_sphere,inverse_margin,0.5,6.054044349934705,0.892,0.902,0.9,0.002
1,euclidean,intent_quantile_0.9,nearest_sphere,inverse_margin,1.0,11.138171958782063,0.892,0.902,0.9,0.002
1,euclidean,intent_quantile_0.9,nearest_sphere,inverse_margin,2.0,21.278098360862362,0.892,0.902,0.9,0.002
1,euclidean,intent_quantile_0.9,nearest_sphere,max_ratio,0.0,0.9883464176114033,0.862,0.902,0.894,0.008
1,euclidean,intent_quantile_0.9,nearest_sphere,max_ratio,0.25,0.9883464176114033,0.862,0.902,0.894,0.008
1,euclidean,intent_quantile_0.9,nearest_sphere,max_ratio,0.5,0.9883464176114033,0.862,0.902,0.894,0.008
1,euclidean,intent_quantile_0.9,nearest_sphere,max_ratio,1.0,0.9934027515452922,0.852,0.902,0.892,0.01
1,euclidean,intent_quantile_0.9,nearest_sphere,max_ratio,2.0,1.820465600237133,0.892,0.902,0.9,0.002
1,euclidean,intent_quantile_0.9,normalized_union,none,0.0,0.9878048565941828,0.812,0.902,0.884,0.018
1,euclidean,intent_quantile_0.9,normalized_union,none,0.25,0.9878048565941828,0.812,0.902,0.884,0.018
1,euclidean,intent_quantile_0.9,normalized_union,none,0.5,0.9878048565941828,0.812,0.902,0.884,0.018
1,euclidean,intent_quantile_0.9,normalized_union,none,1.0,0.9878048565941828,0.812,0.902,0.884,0.018
1,euclidean,intent_quantile_0.9,normalized_union,none,2.0,0.9878048565941828,0.812,0.902,0.884,0.018
1,euclidean,intent_quantile_0.9,normalized_union,ratio,0.0,0.9878048565941828,0.812,0.902,0.884,0.018
1,euclidean,intent_quantile_0.9,normalized_union,ratio,0.25,1.2072134692063778,0.822,0.902,0.886,0.016
1,euclidean,intent_quantile_0.9,normalized_union,ratio,0.5,1.4406477163975653,0.832,0.902,0.888,0.014
1,euclidean,intent_quantile_0.9,normalized_union,ratio,1.0,1.9115022890979694,0.852,0.902,0.892,0.01
1,euclidean,intent_quantile_0.9,normalized_union,ratio,2.0,2.82429531549181,0.862,0.902,0.894,0.008
1,euclidean,intent_quantile_0.9,normalized_union,inverse_margin,0.0,0.9878048565941828,0.812,0.902,0.884,0.018
1,euclidean,intent_quantile_0.9,normalized_union,inverse_margin,0.25,3.5332271572218374,0.872,0.902,0.896,0.006
1,euclidean,intent_quantile_0.9,normalized_union,inverse_margin,0.5,6.054044349934705,0.862,0.902,0.894,0.008
1,euclidean,intent_quantile_0.9,normalized_union,inverse_margin,1.0,11.138171958782063,0.862,0.902,0.894,0.008
1,euclidean,intent_quantile_0.9,normalized_union,inverse_margin,2.0,21.278098360862362,0.862,0.902,0.894,0.008
1,euclidean,intent_quantile_0.9,normalized_union,max_ratio,0.0,0.9878048565941828,0.812,0.902,0.884,0.018
1,euclidean,intent_quantile_0.9,normalized_union,max_ratio,0.25,0.9878048565941828,0.812,0.902,0.884,0.018
1,euclidean,intent_quantile_0.9,normalized_union,max_ratio,0.5,0.9878048565941828,0.812,0.902,0.884,0.018
1,euclidean,intent_quantile_0.9,normalized_union,max_ratio,1.0,0.9916013153169944,0.822,0.902,0.886,0.016
1,euclidean,intent_quantile_0.9,normalized_union,max_ratio,2.0,1.820465600237133,0.862,0.902,0.894,0.008
1,euclidean,center_quantile_0.95,nearest_sphere,none,0.0,0.9301200589510489,0.862,0.902,0.894,0.008
1,euclidean,center_quantile_0.95,nearest_sphere,none,0.25,0.9301200589510489,0.862,0.902,0.894,0.008
1,euclidean,center_quantile_0.95,nearest_sphere,none,0.5,0.9301200589510489,0.862,0.902,0.894,0.008
1,euclidean,center_quantile_0.95,nearest_sphere,none,1.0,0.9301200589510489,0.862,0.902,0.894,0.008
1,euclidean,center_quantile_0.95,nearest_sphere,none,2.0,0.9301200589510489,0.862,0.902,0.894,0.008
1,euclidean,center_quantile_0.95,nearest_sphere,ratio,0.0,0.9301200589510489,0.862,0.902,0.894,0.008
1,euclidean,center_quantile_0.95,nearest_sphere,ratio,0.25,1.1619374512680756,0.872,0.902,0.896,0.006
1,euclidean,center_quantile_0.95,nearest_sphere,ratio,0.5,1.3908917518418638,0.872,0.902,0.896,0.006
1,euclidean,center_quantile_0.95,nearest_sphere,ratio,1.0,1.859365034128492,0.872,0.902,0.896,0.006
1,euclidean,center_quantile_0.95,nearest_sphere,ratio,2.0,2.7725101243482833,0.882,0.902,0.898,0.004
1,euclidean,center_quantile_0.95,nearest_sphere,inverse_margin,0.0,0.9301200589510489,0.862,0.902,0.894,0.008
1,euclidean,center_quantile_0.95,nearest_sphere,inverse_margin,0.25,3.4861256347171574,0.892,0.902,0.9,0.002
1,euclidean,center_quantile_0.95,nearest_sphere,inverse_margin,0.5,6.0108343060887695,0.892,0.902,0.9,0.002
1,euclidean,center_quantile_0.95,nearest_sphere,inverse_margin,1.0,11.09197092619145,0.892,0.902,0.9,0.002
1,euclidean,center_quantile_0.95,nearest_sphere,inverse_margin,2.0,21.231897328271753,0.892,0.902,0.9,0.002
1,euclidean,center_quantile_0.95,nearest_sphere,max_ratio,0.0,0.9301200589510489,0.862,0.902,0.894,0.008
1,euclidean,center_quantile_0.95,nearest_sphere,max_ratio,0.25,0.9301200589510489,0.862,0.902,0.894,0.008
1,euclidean,center_quantile_0.95,nearest_sphere,max_ratio,0.5,0.9301200589510489,0.862,0.902,0.894,0.008
1,euclidean,center_quantile_0.95,nearest_sphere,max_ratio,1.0,0.9496988863657794,0.882,0.902,0.898,0.004
1,euclidean,center_quantile_0.95,nearest_sphere,max_ratio,2.0,1.820465600237133,0.892,0.902,0.9,0.002
1,euclidean,center_quantile_0.95,normalized_union,none,0.0,0.9255536500637854,0.832,0.902,0.888,0.014
1,euclidean,center_quantile_0.95,normalized_union,none,0.25,0.9255536500637854,0.832,0.902,0.888,0.014
1,euclidean,center_quantile_0.95,normalized_union,none,0.5,0.9255536500637854,0.832,0.902,0.888,0.014
1,euclidean,center_quantile_0.95,normalized_union,none,1.0,0.9255536500637854,0.832,0.902,0.888,0.014
1,euclidean,center_quantile_0.95,normalized_union,none,2.0,0.9255536500637854,0.832,0.902,0.888,0.014
1,euclidean,center_quantile_0.95,normalized_union,ratio,0.0,0.9255536500637854,0.832,0.902,0.888,0.014
1,euclidean,center_quantile_0.95,normalized_union,ratio,0.25,1.1619374512680756,0.852,0.902,0.892,0.01
1,euclidean,center_quantile_0.95,normalized_union,ratio,0.5,1.386894430831989,0.862,0.902,0.894,0.008
1,euclidean,center_quantile_0.95,normalized_union,ratio,1.0,1.859365034128492,0.872,0.902,0.896,0.006
1,euclidean,center_quantile_0.95,normalized_union,ratio,2.0,2.7725101243482833,0.882,0.902,0.898,0.004
1,euclidean,center_quantile_0.95,normalized_union,inverse_margin,0.0,0.9255536500637854,0.832,0.902,0.888,0.014
1,euclidean,center_quantile_0.95,normalized_union,inverse_margin,0.25,3.4861256347171574,0.892,0.902,0.9,0.002
1,euclidean,center_quantile_0.95,normalized_union,inverse_margin,0.5,6.0108343060887695,0.892,0.902,0.9,0.002
1,euclidean,center_quantile_0.95,normalized_union,inverse_margin,1.0,11.09197092619145,0.892,0.902,0.9,0.002
1,euclidean,center_quantile_0.95,normalized_union,inverse_margin,2.0,21.231897328271753,0.892,0.902,0.9,0.002
1,euclidean,center_quantile_0.95,normalized_union,max_ratio,0.0,0.9255536500637854,0.832,0.902,0.888,0.014
1,euclidean,center_quantile_0.95,normalized_union,max_ratio,0.25,0.9255536500637854,0.832,0.902,0.888,0.014
1,euclidean,center_quantile_0.95,normalized_union,max_ratio,0.5,0.9255536500637854,0.832,0.902,0.888,0.014
1,euclidean,center_quantile_0.95,normalized_union,max_ratio,1.0,0.9496988863657794,0.882,0.902,0.898,0.004
1,euclidean,center_quantile_0.95,normalized_union,max_ratio,2.0,1.820465600237133,0.892,0.902,0.9,0.002
1,euclidean,intent_quantile_0.95,nearest_sphere,none,0.0,0.9322258500527391,0.862,0.902,0.894,0.008
1,euclidean,intent_quantile_0.95,nearest_sphere,none,0.25,0.9322258500527391,0.862,0.902,0.894,0.008
1,euclidean,intent_quantile_0.95,nearest_sphere,none,0.5,0.9322258500527391,0.862,0.902,0.894,0.008
1,euclidean,intent_quantile_0.95,nearest_sphere,none,1.0,0.9322258500527391,0.862,0.902,0.894,0.008
1,euclidean,intent_quantile_0.95,nearest_sphere,none,2.0,0.9322258500527391,0.862,0.902,0.894,0.008
1,euclidean,intent_quantile_0.95,nearest_sphere,ratio,0.0,0.9322258500527391,0.862,0.902,0.894,0.008
1,euclidean,intent_quantile_0.95,nearest_sphere,ratio,0.25,1.1690044353232831,0.862,0.902,0.894,0.008
1,euclidean,intent_quantile_0.95,nearest_sphere,ratio,0.5,1.4046251981463882,0.872,0.902,0.896,0.006
1,euclidean,intent_quantile_0.95,nearest_sphere,ratio,1.0,1.8638265222932482,0.882,0.902,0.898,0.004
1,euclidean,intent_quantile_0.95,nearest_sphere,ratio,2.0,2.774059322411815,0.882,0.902,0.898,0.004
1,euclidean,intent_quantile_0.95,nearest_sphere,inverse_margin,0.0,0.9322258500527391,0.862,0.902,0.894,0.008
1,euclidean,intent_quantile_0.95,nearest_sphere,inverse_margin,0.25,3.4877778993965833,0.892,0.902,0.9,0.002
1,euclidean,intent_quantile_0.95,nearest_sphere,inverse_margin,0.5,6.012283211286287,0.892,0.902,0.9,0.002
1,euclidean,intent_quantile_0.95,nearest_sphere,inverse_margin,1.0,11.093520124254983,0.892,0.902,0.9,0.002
1,euclidean,intent_quantile_0.95,nearest_sphere,inverse_margin,2.0,21.233446526335282,0.892,0.902,0.9,0.002
1,euclidean,intent_quantile_0.95,nearest_sphere,max_ratio,0.0,0.9322258500527391,0.862,0.902,0.894,0.008
1,euclidean,intent_quantile_0.95,nearest_sphere,max_ratio,0.25,0.9322258500527391,0.862,0.902,0.894,0.008
1,euclidean,intent_quantile_0.95,nearest_sphere,max_ratio,0.5,0.9322258500527391,0.862,0.902,0.894,0.008
1,euclidean,intent_quantile_0.95,nearest_sphere,max_ratio,1.0,0.9516287341236958,0.882,0.902,0.898,0.004
1,euclidean,intent_quantile_0.95,nearest_sphere,max_ratio,2.0,1.820465600237133,0.892,0.902,0.9,0.002
1,euclidean,intent_quantile_0.95,normalized_union,none,0.0,0.930704200471973,0.832,0.902,0.888,0.014
1,euclidean,intent_quantile_0.95,normalized_union,none,0.25,0.930704200471973,0.832,0.902,0.888,0.014
1,euclidean,intent_quantile_0.95,normalized_union,none,0.5,0.930704200471973,0.832,0.902,0.888,0.014
1,euclidean,intent_quantile_0.95,normalized_union,none,1.0,0.930704200471973,0.832,0.902,0.888,0.014
1,euclidean,intent_quantile_0.95,normalized_union,none,2.0,0.930704200471973,0.832,0.902,0.888,0.014
1,euclidean,intent_quantile_0.95,normalized_union,ratio,0.0,0.930704200471973,0.832,0.902,0.888,0.014
1,euclidean,intent_quantile_0.95,normalized_union,ratio,0.25,1.1634556320398337,0.842,0.902,0.89,0.012
1,euclidean,intent_quantile_0.95,normalized_union,ratio,0.5,1.394730663585969,0.862,0.902,0.894,0.008
1,euclidean,intent_quantile_0.95,normalized_union,ratio,1.0,1.8638265222932482,0.882,0.902,0.898,0.004
1,euclidean,intent_quantile_0.95,normalized_union,ratio,2.0,2.774059322411815,0.882,0.902,0.898,0.004
1,euclidean,intent_quantile_0.95,normalized_union,inverse_margin,0.0,0.930704200471973,0.832,0.902,0.888,0.014
1,euclidean,intent_quantile_0.95,normalized_union,inverse_margin,0.25,3.4877778993965833,0.892,0.902,0.9,0.002
1,euclidean,intent_quantile_0.95,normalized_union,inverse_margin,0.5,6.012283211286287,0.892,0.902,0.9,0.002
1,euclidean,intent_quantile_0.95,normalized_union,inverse_margin,1.0,11.093520124254983,0.892,0.902,0.9,0.002
1,euclidean,intent_quantile_0.95,normalized_union,inverse_margin,2.0,21.233446526335282,0.892,0.902,0.9,0.002
1,euclidean,intent_quantile_0.95,normalized_union,max_ratio,0.0,0.930704200471973,0.832,0.902,0.888,0.014
1,euclidean,intent_quantile_0.95,normalized_union,max_ratio,0.25,0.930704200471973,0.832,0.902,0.888,0.014
1,euclidean,intent_quantile_0.95,normalized_union,max_ratio,0.5,0.930704200471973,0.832,0.902,0.888,0.014
1,euclidean,intent_quantile_0.95,normalized_union,max_ratio,1.0,0.9516287341236958,0.882,0.902,0.898,0.004
1,euclidean,intent_quantile_0.95,normalized_union,max_ratio,2.0,1.820465600237133,0.892,0.902,0.9,0.002
1,euclidean,center_quantile_0.99,nearest_sphere,none,0.0,0.8742426989812975,0.872,0.902,0.896,0.006
1,euclidean,center_quantile_0.99,nearest_sphere,none,0.25,0.8742426989812975,0.872,0.902,0.896,0.006
1,euclidean,center_quantile_0.99,nearest_sphere,none,0.5,0.8742426989812975,0.872,0.902,0.896,0.006
1,euclidean,center_quantile_0.99,nearest_sphere,none,1.0,0.8742426989812975,0.872,0.902,0.896,0.006
1,euclidean,center_quantile_0.99,nearest_sphere,none,2.0,0.8742426989812975,0.872,0.902,0.896,0.006
1,euclidean,center_quantile_0.99,nearest_sphere,ratio,0.0,0.8742426989812975,0.872,0.902,0.896,0.006
1,euclidean,center_quantile_0.99,nearest_sphere,ratio,0.25,1.1050345333267173,0.872,0.902,0.896,0.006
1,euclidean,center_quantile_0.99,nearest_sphere,ratio,0.5,1.3331267312517165,0.882,0.902,0.898,0.004
1,euclidean,center_quantile_0.99,nearest_sphere,ratio,1.0,1.7931240654683864,0.882,0.902,0.898,0.004
1,euclidean,center_quantile_0.99,nearest_sphere,ratio,2.0,2.7089412677635387,0.882,0.902,0.898,0.004
1,euclidean,center_quantile_0.99,nearest_sphere,inverse_margin,0.0,0.8742426989812975,0.872,0.902,0.896,0.006
1,euclidean,center_quantile_0.99,nearest_sphere,inverse_margin,0.25,3.425532084157249,0.892,0.902,0.9,0.002
1,euclidean,center_quantile_0.99,nearest_sphere,inverse_margin,0.5,5.957698563713147,0.892,0.902,0.9,0.002
1,euclidean,center_quantile_0.99,nearest_sphere,inverse_margin,1.0,11.035157140628645,0.892,0.902,0.9,0.002
1,euclidean,center_quantile_0.99,nearest_sphere,inverse_margin,2.0,21.175083542708943,0.892,0.902,0.9,0.002
1,euclidean,center_quantile_0.99,nearest_sphere,max_ratio,0.0,0.8742426989812975,0.872,0.902,0.896,0.006
1,euclidean,center_quantile_0.99,nearest_sphere,max_ratio,0.25,0.8742426989812975,0.872,0.902,0.896,0.006
1,euclidean,center_quantile_0.99,nearest_sphere,max_ratio,0.5,0.8742426989812975,0.872,0.902,0.896,0.006
1,euclidean,center_quantile_0.99,nearest_sphere,max_ratio,1.0,0.9246449054077188,0.882,0.902,0.898,0.004
1,euclidean,center_quantile_0.99,nearest_sphere,max_ratio,2.0,1.820465600237133,0.892,0.902,0.9,0.002
1,euclidean,center_quantile_0.99,normalized_union,none,0.0,0.8742426989812975,0.872,0.902,0.896,0.006
1,euclidean,center_quantile_0.99,normalized_union,none,0.25,0.8742426989812975,0.872,0.902,0.896,0.006
1,euclidean,center_quantile_0.99,normalized_union,none,0.5,0.8742426989812975,0.872,0.902,0.896,0.006
1,euclidean,center_quantile_0.99,normalized_union,none,1.0,0.8742426989812975,0.872,0.902,0.896,0.006
1,euclidean,center_quantile_0.99,normalized_union,none,2.0,0.8742426989812975,0.872,0.902,0.896,0.006
1,euclidean,center_quantile_0.99,normalized_union,ratio,0.0,0.8742426989812975,0.872,0.902,0.896,0.006
1,euclidean,center_quantile_0.99,normalized_union,ratio,0.25,1.1050345333267173,0.872,0.902,0.896,0.006
1,euclidean,center_quantile_0.99,normalized_union,ratio,0.5,1.3331267312517165,0.882,0.902,0.898,0.004
1,euclidean,center_quantile_0.99,normalized_union,ratio,1.0,1.7931240654683864,0.882,0.902,0.898,0.004
1,euclidean,center_quantile_0.99,normalized_union,ratio,2.0,2.7089412677635387,0.882,0.902,0.898,0.004
1,euclidean,center_quantile_0.99,normalized_union,inverse_margin,0.0,0.8742426989812975,0.872,0.902,0.896,0.006
1,euclidean,center_quantile_0.99,normalized_union,inverse_margin,0.25,3.425532084157249,0.892,0.902,0.9,0.002
1,euclidean,center_quantile_0.99,normalized_union,inverse_margin,0.5,5.957698563713147,0.892,0.902,0.9,0.002
1,euclidean,center_quantile_0.99,normalized_union,inverse_margin,1.0,11.035157140628645,0.892,0.902,0.9,0.002
1,euclidean,center_quantile_0.99,normalized_union,inverse_margin,2.0,21.175083542708943,0.892,0.902,0.9,0.002
1,euclidean,center_quantile_0.99,normalized_union,max_ratio,0.0,0.8742426989812975,0.872,0.902,0.896,0.006
1,euclidean,center_quantile_0.99,normalized_union,max_ratio,0.25,0.8742426989812975,0.872,0.902,0.896,0.006
1,euclidean,center_quantile_0.99,normalized_union,max_ratio,0.5,0.8742426989812975,0.872,0.902,0.896,0.006
1,euclidean,center_quantile_0.99,normalized_union,max_ratio,1.0,0.9246449054077188,0.882,0.902,0.898,0.004
1,euclidean,center_quantile_0.99,normalized_union,max_ratio,2.0,1.820465600237133,0.892,0.902,0.9,0.002
1,euclidean,intent_quantile_0.99,nearest_sphere,none,0.0,0.8839647578128088,0.872,0.902,0.896,0.006
1,euclidean,intent_quantile_0.99,nearest_sphere,none,0.25,0.8839647578128088,0.872,0.902,0.896,0.006
1,euclidean,intent_quantile_0.99,nearest_sphere,none,0.5,0.8839647578128088,0.872,0.902,0.896,0.006
1,euclidean,intent_quantile_0.99,nearest_sphere,none,1.0,0.8839647578128088,0.872,0.902,0.896,0.006
1,euclidean,intent_quantile_0.99,nearest_sphere,none,2.0,0.8839647578128088,0.872,0.902,0.896,0.006
1,euclidean,intent_quantile_0.99,nearest_sphere,ratio,0.0,0.8839647578128088,0.872,0.902,0.896,0.006
1,euclidean,intent_quantile_0.99,nearest_sphere,ratio,0.25,1.1121600857292597,0.872,0.902,0.896,0.006
1,euclidean,intent_quantile_0.99,nearest_sphere,ratio,0.5,1.3481015402606005,0.872,0.902,0.896,0.006
1,euclidean,intent_quantile_0.99,nearest_sphere,ratio,1.0,1.803238259907057,0.882,0.902,0.898,0.004
1,euclidean,intent_quantile_0.99,nearest_sphere,ratio,2.0,2.715599162403113,0.882,0.902,0.898,0.004
1,euclidean,intent_quantile_0.99,nearest_sphere,inverse_margin,0.0,0.8839647578128088,0.872,0.902,0.896,0.006
1,euclidean,intent_quantile_0.99,nearest_sphere,inverse_margin,0.25,3.4327779960782454,0.892,0.902,0.9,0.002
1,euclidean,intent_quantile_0.99,nearest_sphere,inverse_margin,0.5,5.964052654297917,0.892,0.902,0.9,0.002
1,euclidean,intent_quantile_0.99,nearest_sphere,inverse_margin,1.0,11.041951059821075,0.892,0.902,0.9,0.002
1,euclidean,intent_quantile_0.99,nearest_sphere,inverse_margin,2.0,21.181877461901376,0.892,0.902,0.9,0.002
1,euclidean,intent_quantile_0.99,nearest_sphere,max_ratio,0.0,0.8839647578128088,0.872,0.902,0.896,0.006
1,euclidean,intent_quantile_0.99,nearest_sphere,max_ratio,0.25,0.8839647578128088,0.872,0.902,0.896,0.006
1,euclidean,intent_quantile_0.99,nearest_sphere,max_ratio,0.5,0.8839647578128088,0.872,0.902,0.896,0.006
1,euclidean,intent_quantile_0.99,nearest_sphere,max_ratio,1.0,0.9272307543587828,0.882,0.902,0.898,0.004
1,euclidean,intent_quantile_0.99,nearest_sphere,max_ratio,2.0,1.820465600237133,0.892,0.902,0.9,0.002
1,euclidean,intent_quantile_0.99,normalized_union,none,0.0,0.8827549956251297,0.842,0.902,0.89,0.012
1,euclidean,intent_quantile_0.99,normalized_union,none,0.25,0.8827549956251297,0.842,0.902,0.89,0.012
1,euclidean,intent_quantile_0.99,normalized_union,none,0.5,0.8827549956251297,0.842,0.902,0.89,0.012
1,euclidean,intent_quantile_0.99,normalized_union,none,1.0,0.8827549956251297,0.842,0.902,0.89,0.012
1,euclidean,intent_quantile_0.99,normalized_union,none,2.0,0.8827549956251297,0.842,0.902,0.89,0.012
1,euclidean,intent_quantile_0.99,normalized_union,ratio,0.0,0.8827549956251297,0.842,0.902,0.89,0.012
1,euclidean,intent_quantile_0.99,normalized_union,ratio,0.25,1.1107153037604882,0.852,0.902,0.892,0.01
1,euclidean,intent_quantile_0.99,normalized_union,ratio,0.5,1.3481015402606005,0.872,0.902,0.896,0.006
1,euclidean,intent_quantile_0.99,normalized_union,ratio,1.0,1.803238259907057,0.882,0.902,0.898,0.004
1,euclidean,intent_quantile_0.99,normalized_union,ratio,2.0,2.715599162403113,0.882,0.902,0.898,0.004
1,euclidean,intent_quantile_0.99,normalized_union,inverse_margin,0.0,0.8827549956251297,0.842,0.902,0.89,0.012
1,euclidean,intent_quantile_0.99,normalized_union,inverse_margin,0.25,3.4327779960782454,0.892,0.902,0.9,0.002
1,euclidean,intent_quantile_0.99,normalized_union,inverse_margin,0.5,5.964052654297917,0.892,0.902,0.9,0.002
1,euclidean,intent_quantile_0.99,normalized_union,inverse_margin,1.0,11.041951059821075,0.892,0.902,0.9,0.002
1,euclidean,intent_quantile_0.99,normalized_union,inverse_margin,2.0,21.181877461901376,0.892,0.902,0.9,0.002
1,euclidean,intent_quantile_0.99,normalized_union,max_ratio,0.0,0.8827549956251297,0.842,0.902,0.89,0.012
1,euclidean,intent_quantile_0.99,normalized_union,max_ratio,0.25,0.8827549956251297,0.842,0.902,0.89,0.012
1,euclidean,intent_quantile_0.99,normalized_union,max_ratio,0.5,0.8827549956251297,0.842,0.902,0.89,0.012
1,euclidean,intent_quantile_0.99,normalized_union,max_ratio,1.0,0.9272307543587828,0.882,0.902,0.898,0.004
1,euclidean,intent_quantile_0.99,normalized_union,max_ratio,2.0,1.820465600237133,0.892,0.902,0.9,0.002
1,mahalanobis_diag,mean_std_0.0,nearest_sphere,none,0.0,1.2110283520571012,0.802,0.902,0.882,0.02
1,mahalanobis_diag,mean_std_0.0,nearest_sphere,none,0.25,1.2110283520571012,0.802,0.902,0.882,0.02
1,mahalanobis_diag,mean_std_0.0,nearest_sphere,none,0.5,1.2110283520571012,0.802,0.902,0.882,0.02
1,mahalanobis_diag,mean_std_0.0,nearest_sphere,none,1.0,1.2110283520571012,0.802,0.902,0.882,0.02
1,mahalanobis_diag,mean_std_0.0,nearest_sphere,none,2.0,1.2110283520571012,0.802,0.902,0.882,0.02
1,mahalanobis_diag,mean_std_0.0,nearest_sphere,ratio,0.0,1.2110283520571012,0.802,0.902,0.882,0.02
1,mahalanobis_diag,mean_std_0.0,nearest_sphere,ratio,0.25,1.431904344399862,0.802,0.902,0.882,0.02
1,mahalanobis_diag,mean_std_0.0,nearest_sphere,ratio,0.5,1.6542076532165346,0.812,0.902,0.884,0.018
1,mahalanobis_diag,mean_std_0.0,nearest_sphere,ratio,1.0,2.1355143597233894,0.812,0.902,0.884,0.018
1,mahalanobis_diag,mean_std_0.0,nearest_sphere,ratio,2.0,3.0852126538646125,0.842,0.902,0.89,0.012
1,mahalanobis_diag,mean_std_0.0,nearest_sphere,inverse_margin,0.0,1.2110283520571012,0.802,0.902,0.882,0.02
1,mahalanobis_diag,mean_std_0.0,nearest_sphere,inverse_margin,0.25,4.745124367940328,0.812,0.902,0.884,0.018
1,mahalanobis_diag,mean_std_0.0,nearest_sphere,inverse_margin,0.5,8.253442012838985,0.812,0.902,0.884,0.018
1,mahalanobis_diag,mean_std_0.0,nearest_sphere,inverse_margin,1.0,15.2700773026363,0.812,0.902,0.884,0.018
1,mahalanobis_diag,mean_std_0.0,nearest_sphere,inverse_margin,2.0,29.30334788223093,0.812,0.902,0.884,0.018
1,mahalanobis_diag,mean_std_0.0,nearest_sphere,max_ratio,0.0,1.2110283520571012,0.802,0.902,0.882,0.02
1,mahalanobis_diag,mean_std_0.0,nearest_sphere,max_ratio,0.25,1.2110283520571012,0.802,0.902,0.882,0.02
1,mahalanobis_diag,mean_std_0.0,nearest_sphere,max_ratio,0.5,1.2110283520571012,0.802,0.902,0.882,0.02
1,mahalanobis_diag,mean_std_0.0,nearest_sphere,max_ratio,1.0,1.2110283520571012,0.802,0.902,0.882,0.02
1,mahalanobis_diag,mean_std_0.0,nearest_sphere,max_ratio,2.0,1.866961750644288,0.812,0.902,0.884,0.018
1,mahalanobis_diag,mean_std_0.0,normalized_union,none,0.0,1.2110283520571012,0.802,0.902,0.882,0.02
1,mahalanobis_diag,mean_std_0.0,normalized_union,none,0.25,1.2110283520571012,0.802,0.902,0.882,0.02
1,mahalanobis_diag,mean_std_0.0,normalized_union,none,0.5,1.2110283520571012,0.802,0.902,0.882,0.02
1,mahalanobis_diag,mean_std_0.0,normalized_union,none,1.0,1.2110283520571012,0.802,0.902,0.882,0.02
1,mahalanobis_diag,mean_std_0.0,normalized_union,none,2.0,1.2110283520571012,0.802,0.902,0.882,0.02
1,mahalanobis_diag,mean_std_0.0,normalized_union,ratio,0.0,1.2110283520571012,0.802,0.902,0.882,0.02
1,mahalanobis_diag,mean_std_0.0,normalized_union,ratio,0.25,1.431904344399862,0.802,0.902,0.882,0.02
1,mahalanobis_diag,mean_std_0.0,normalized_union,ratio,0.5,1.6542076532165346,0.812,0.902,0.884,0.018
1,mahalanobis_diag,mean_std_0.0,normalized_union,ratio,1.0,2.1355143597233894,0.812,0.902,0.884,0.018
1,mahalanobis_diag,mean_std_0.0,normalized_union,ratio,2.0,3.0852126538646125,0.842,0.902,0.89,0.012
1,mahalanobis_diag,mean_std_0.0,normalized_union,inverse_margin,0.0,1.2110283520571012,0.802,0.902,0.882,0.02
1,mahalanobis_diag,mean_std_0.0,normalized_union,inverse_margin,0.25,4.745124367940328,0.812,0.902,0.884,0.018
1,mahalanobis_diag,mean_std_0.0,normalized_union,inverse_margin,0.5,8.253442012838985,0.812,0.902,0.884,0.018
1,mahalanobis_diag,mean_std_0.0,normalized_union,inverse_margin,1.0,15.2700773026363,0.812,0.902,0.884,0.018
1,mahalanobis_diag,mean_std_0.0,normalized_union,inverse_margin,2.0,29.30334788223093,0.812,0.902,0.884,0.018
1,mahalanobis_diag,mean_std_0.0,normalized_union,max_ratio,0.0,1.2110283520571012,0.802,0.902,0.882,0.02
1,mahalanobis_diag,mean_std_0.0,normalized_union,max_ratio,0.25,1.2110283520571012,0.802,0.902,0.882,0.02
1,mahalanobis_diag,mean_std_0.0,normalized_union,max_ratio,0.5,1.2110283520571012,0.802,0.902,0.882,0.02
1,mahalanobis_diag,mean_std_0.0,normalized_union,max_ratio,1.0,1.2110283520571012,0.802,0.902,0.882,0.02
1,mahalanobis_diag,mean_std_0.0,normalized_union,max_ratio,2.0,1.866961750644288,0.812,0.902,0.884,0.018
1,mahalanobis_diag,mean_std_0.25,nearest_sphere,none,0.0,1.1718024128810458,0.802,0.902,0.882,0.02
1,mahalanobis_diag,mean_std_0.25,nearest_sphere,none,0.25,1.1718024128810458,0.802,0.902,0.882,0.02
1,mahalanobis_diag,mean_std_0.25,nearest_sphere,none,0.5,1.1718024128810458,0.802,0.902,0.882,0.02
1,mahalanobis_diag,mean_std_0.25,nearest_sphere,none,1.0,1.1718024128810458,0.802,0.902,0.882,0.02
1,mahalanobis_diag,mean_std_0.25,nearest_sphere,none,2.0,1.1718024128810458,0.802,0.902,0.882,0.02
1,mahalanobis_diag,mean_std_0.25,nearest_sphere,ratio,0.0,1.1718024128810458,0.802,0.902,0.882,0.02
1,mahalanobis_diag,mean_std_0.25,nearest_sphere,ratio,0.25,1.3949027259275992,0.812,0.902,0.884,0.018
1,mahalanobis_diag,mean_std_0.25,nearest_sphere,ratio,0.5,1.6136415631694698,0.812,0.902,0.884,0.018
1,mahalanobis_diag,mean_std_0.25,nearest_sphere,ratio,1.0,2.099964199859805,0.822,0.902,0.886,0.016
1,mahalanobis_diag,mean_std_0.25,nearest_sphere,ratio,2.0,3.042007821230625,0.842,0.902,0.89,0.012
1,mahalanobis_diag,mean_std_0.25,nearest_sphere,inverse_margin,0.0,1.1718024128810458,0.802,0.902,0.882,0.02
1,mahalanobis_diag,mean_std_0.25,nearest_sphere,inverse_margin,0.25,4.707440685743885,0.812,0.902,0.884,0.018
1,mahalanobis_diag,mean_std_0.25,nearest_sphere,inverse_margin,0.5,8.215758330642542,0.812,0.902,0.884,0.018
1,mahalanobis_diag,mean_std_0.25,nearest_sphere,inverse_margin,1.0,15.232393620439858,0.812,0.902,0.884,0.018
1,mahalanobis_diag,mean_std_0.25,nearest_sphere,inverse_margin,2.0,29.265664200034486,0.812,0.902,0.884,0.018
1,mahalanobis_diag,mean_std_0.25,nearest_sphere,max_ratio,0.0,1.1718024128810458,0.802,0.902,0.882,0.02
1,mahalanobis_diag,mean_std_0.25,nearest_sphere,max_ratio,0.25,1.1718024128810458,0.802,0.902,0.882,0.02
1,mahalanobis_diag,mean_std_0.25,nearest_sphere,max_ratio,0.5,1.1718024128810458,0.802,0.902,0.882,0.02
1,mahalanobis_diag,mean_std_0.25,nearest_sphere,max_ratio,1.0,1.1718024128810458,0.802,0.902,0.882,0.02
1,mahalanobis_diag,mean_std_0.25,nearest_sphere,max_ratio,2.0,1.866961750644288,0.812,0.902,0.884,0.018
1,mahalanobis_diag,mean_std_0.25,normalized_union,none,0.0,1.1718024128810458,0.802,0.902,0.882,0.02
1,mahalanobis_diag,mean_std_0.25,normalized_union,none,0.25,1.1718024128810458,0.802,0.902,0.882,0.02
1,mahalanobis_diag,mean_std_0.25,normalized_union,none,0.5,1.1718024128810458,0.802,0.902,0.882,0.02
1,mahalanobis_diag,mean_std_0.25,normalized_union,none,1.0,1.1718024128810458,0.802,0.902,0.882,0.02
1,mahalanobis_diag,mean_std_0.25,normalized_union,none,2.0,1.1718024128810458,0.802,0.902,0.882,0.02
1,mahalanobis_diag,mean_std_0.25,normalized_union,ratio,0.0,1.1718024128810458,0.802,0.902,0.882,0.02
1,mahalanobis_diag,mean_std_0.25,normalized_union,ratio,0.25,1.3949027259275992,0.812,0.902,0.884,0.018
1,mahalanobis_diag,mean_std_0.25,normalized_union,ratio,0.5,1.6136415631694698,0.812,0.902,0.884,0.018
1,mahalanobis_diag,mean_std_0.25,normalized_union,ratio,1.0,2.099964199859805,0.822,0.902,0.886,0.016
1,mahalanobis_diag,mean_std_0.25,normalized_union,ratio,2.0,3.042007821230625,0.842,0.902,0.89,0.012
1,mahalanobis_diag,mean_std_0.25,normalized_union,inverse_margin,0.0,1.1718024128810458,0.802,0.902,0.882,0.02
1,mahalanobis_diag,mean_std_0.25,normalized_union,inverse_margin,0.25,4.707440685743885,0.812,0.902,0.884,0.018
1,mahalanobis_diag,mean_std_0.25,normalized_union,inverse_margin,0.5,8.215758330642542,0.812,0.902,0.884,0.018
1,mahalanobis_diag,mean_std_0.25,normalized_union,inverse_margin,1.0,15.232393620439858,0.812,0.902,0.884,0.018
1,mahalanobis_diag,mean_std_0.25,normalized_union,inverse_margin,2.0,29.265664200034486,0.812,0.902,0.884,0.018
1,mahalanobis_diag,mean_std_0.25,normalized_union,max_ratio,0.0,1.1718024128810458,0.802,0.902,0.882,0.02
1,mahalanobis_diag,mean_std_0.25,normalized_union,max_ratio,0.25,1.1718024128810458,0.802,0.902,0.882,0.02
1,mahalanobis_diag,mean_std_0.25,normalized_union,max_ratio,0.5,1.1718024128810458,0.802,0.902,0.882,0.02
1,mahalanobis_diag,mean_std_0.25,normalized_union,max_ratio,1.0,1.1718024128810458,0.802,0.902,0.882,0.02
1,mahalanobis_diag,mean_std_0.25,normalized_union,max_ratio,2.0,1.866961750644288,0.812,0.902,0.884,0.018
1,mahalanobis_diag,mean_std_0.5,nearest_sphere,none,0.0,1.1359000035528548,0.802,0.902,0.882,0.02
1,mahalanobis_diag,mean_std_0.5,nearest_sphere,none,0.25,1.1359000035528548,0.802,0.902,0.882,0.02
1,mahalanobis_diag,mean_std_0.5,nearest_sphere,none,0.5,1.1359000035528548,0.802,0.902,0.882,0.02
1,mahalanobis_diag,mean_std_0.5,nearest_sphere,none,1.0,1.1359000035528548,0.802,0.902,0.882,0.02
1,mahalanobis_diag,mean_std_0.5,nearest_sphere,none,2.0,1.1359000035528548,0.802,0.902,0.882,0.02
1,mahalanobis_diag,mean_std_0.5,nearest_sphere,ratio,0.0,1.1359000035528548,0.802,0.902,0.882,0.02
1,mahalanobis_diag,mean_std_0.5,nearest_sphere,ratio,0.25,1.3600892090299455,0.812,0.902,0.884,0.018
1,mahalanobis_diag,mean_std_0.5,nearest_sphere,ratio,0.5,1.5803131499863414,0.812,0.902,0.884,0.018
1,mahalanobis_diag,mean_std_0.5,nearest_sphere,ratio,1.0,2.0667627736240206,0.822,0.902,0.886,0.016
1,mahalanobis_diag,mean_std_0.5,nearest_sphere,ratio,2.0,3.0038644576102955,0.832,0.902,0.888,0.014
1,mahalanobis_diag,mean_std_0.5,nearest_sphere,inverse_margin,0.0,1.1359000035528548,0.802,0.902,0.882,0.02
1,mahalanobis_diag,mean_std_0.5,nearest_sphere,inverse_margin,0.25,4.6719854391606805,0.812,0.902,0.884,0.018
1,mahalanobis_diag,mean_std_0.5,nearest_sphere,inverse_margin,0.5,8.180303084059338,0.812,0.902,0.884,0.018
1,mahalanobis_diag,mean_std_0.5,nearest_sphere,inverse_margin,1.0,15.196938373856653,0.812,0.902,0.884,0.018
1,mahalanobis_diag,mean_std_0.5,nearest_sphere,inverse_margin,2.0,29.23020895345128,0.812,0.902,0.884,0.018
1,mahalanobis_diag,mean_std_0.5,nearest_sphere,max_ratio,0.0,1.1359000035528548,0.802,0.902,0.882,0.02
1,mahalanobis_diag,mean_std_0.5,nearest_sphere,max_ratio,0.25,1.1359000035528548,0.802,0.902,0.882,0.02
1,mahalanobis_diag,mean_std_0.5,nearest_sphere,max_ratio,0.5,1.1359000035528548,0.802,0.902,0.882,0.02
1,mahalanobis_diag,mean_std_0.5,nearest_sphere,max_ratio,1.0,1.1359000035528548,0.802,0.902,0.882,0.02
1,mahalanobis_diag,mean_std_0.5,nearest_sphere,max_ratio,2.0,1.866961750644288,0.812,0.902,0.884,0.018
1,mahalanobis_diag,mean_std_0.5,normalized_union,none,0.0,1.1359000035528548,0.812,0.902,0.884,0.018
1,mahalanobis_diag,mean_std_0.5,normalized_union,none,0.25,1.1359000035528548,0.812,0.902,0.884,0.018
1,mahalanobis_diag,mean_std_0.5,normalized_union,none,0.5,1.1359000035528548,0.812,0.902,0.884,0.018
1,mahalanobis_diag,mean_std_0.5,normalized_union,none,1.0,1.1359000035528548,0.812,0.902,0.884,0.018
1,mahalanobis_diag,mean_std_0.5,normalized_union,none,2.0,1.1359000035528548,0.812,0.902,0.884,0.018
1,mahalanobis_diag,mean_std_0.5,normalized_union,ratio,0.0,1.1359000035528548,0.812,0.902,0.884,0.018
1,mahalanobis_diag,mean_std_0.5,normalized_union,ratio,0.25,1.3600892090299455,0.822,0.902,0.886,0.016
1,mahalanobis_diag,mean_std_0.5,normalized_union,ratio,0.5,1.5803131499863414,0.822,0.902,0.886,0.016
1,mahalanobis_diag,mean_std_0.5,normalized_union,ratio,1.0,2.066668624166433,0.832,0.902,0.888,0.014
1,mahalanobis_diag,mean_std_0.5,normalized_union,ratio,2.0,3.0038644576102955,0.832,0.902,0.888,0.014
1,mahalanobis_diag,mean_std_0.5,normalized_union,inverse_margin,0.0,1.1359000035528548,0.812,0.902,0.884,0.018
1,mahalanobis_diag,mean_std_0.5,normalized_union,inverse_margin,0.25,4.6719854391606805,0.812,0.902,0.884,0.018
1,mahalanobis_diag,mean_std_0.5,normalized_union,inverse_margin,0.5,8.180303084059338,0.812,0.902,0.884,0.018
1,mahalanobis_diag,mean_std_0.5,normalized_union,inverse_margin,1.0,15.196938373856653,0.812,0.902,0.884,0.018
1,mahalanobis_diag,mean_std_0.5,normalized_union,inverse_margin,2.0,29.23020895345128,0.812,0.902,0.884,0.018
1,mahalanobis_diag,mean_std_0.5,normalized_union,max_ratio,0.0,1.1359000035528548,0.812,0.902,0.884,0.018
1,mahalanobis_diag,mean_std_0.5,normalized_union,max_ratio,0.25,1.1359000035528548,0.812,0.902,0.884,0.018
1,mahalanobis_diag,mean_std_0.5,normalized_union,max_ratio,0.5,1.1359000035528548,0.812,0.902,0.884,0.018
1,mahalanobis_diag,mean_std_0.5,normalized_union,max_ratio,1.0,1.1359000035528548,0.812,0.902,0.884,0.018
1,mahalanobis_diag,mean_std_0.5,normalized_union,max_ratio,2.0,1.866961750644288,0.812,0.902,0.884,0.018
1,mahalanobis_diag,mean_std_0.75,nearest_sphere,none,0.0,1.0951445787720442,0.802,0.902,0.882,0.02
1,mahalanobis_diag,mean_std_0.75,nearest_sphere,none,0.25,1.0951445787720442,0.802,0.902,0.882,0.02
1,mahalanobis_diag,mean_std_0.75,nearest_sphere,none,0.5,1.0951445787720442,0.802,0.902,0.882,0.02
1,mahalanobis_diag,mean_std_0.75,nearest_sphere,none,1.0,1.0951445787720442,0.802,0.902,0.882,0.02
1,mahalanobis_diag,mean_std_0.75,nearest_sphere,none,2.0,1.0951445787720442,0.802,0.902,0.882,0.02
1,mahalanobis_diag,mean_std_0.75,nearest_sphere,ratio,0.0,1.0951445787720442,0.802,0.902,0.882,0.02
1,mahalanobis_diag,mean_std_0.75,nearest_sphere,ratio,0.25,1.3272752766683293,0.812,0.902,0.884,0.018
1,mahalanobis_diag,mean_std_0.75,nearest_sphere,ratio,0.5,1.5488990214130551,0.812,0.902,0.884,0.018
1,mahalanobis_diag,mean_std_0.75,nearest_sphere,ratio,1.0,2.035348645050734,0.822,0.902,0.886,0.016
1,mahalanobis_diag,mean_std_0.75,nearest_sphere,ratio,2.0,2.9698932911751315,0.832,0.902,0.888,0.014
1,mahalanobis_diag,mean_std_0.75,nearest_sphere,inverse_margin,0.0,1.0951445787720442,0.802,0.902,0.882,0.02
1,mahalanobis_diag,mean_std_0.75,nearest_sphere,inverse_margin,0.25,4.6385666361518965,0.812,0.902,0.884,0.018
1,mahalanobis_diag,mean_std_0.75,nearest_sphere,inverse_margin,0.5,8.146884281050554,0.812,0.902,0.884,0.018
1,mahalanobis_diag,mean_std_0.75,nearest_sphere,inverse_margin,1.0,15.16351957084787,0.812,0.902,0.884,0.018
1,mahalanobis_diag,mean_std_0.75,nearest_sphere,inverse_margin,2.0,29.1967901504425,0.812,0.902,0.884,0.018
1,mahalanobis_diag,mean_std_0.75,nearest_sphere,max_ratio,0.0,1.0951445787720442,0.802,0.902,0.882,0.02
1,mahalanobis_diag,mean_std_0.75,nearest_sphere,max_ratio,0.25,1.0951445787720442,0.802,0.902,0.882,0.02
1,mahalanobis_diag,mean_std_0.75,nearest_sphere,max_ratio,0.5,1.0951445787720442,0.802,0.902,0.882,0.02
1,mahalanobis_diag,mean_std_0.75,nearest_sphere,max_ratio,1.0,1.0951445787720442,0.802,0.902,0.882,0.02
1,mahalanobis_diag,mean_std_0.75,nearest_sphere,max_ratio,2.0,1.866961750644288,0.812,0.902,0.884,0.018
1,mahalanobis_diag,mean_std_0.75,normalized_union,none,0.0,1.0951445787720442,0.812,0.902,0.884,0.018
1,mahalanobis_diag,mean_std_0.75,normalized_union,none,0.25,1.0951445787720442,0.812,0.902,0.884,0.018
1,mahalanobis_diag,mean_std_0.75,normalized_union,none,0.5,1.0951445787720442,0.812,0.902,0.884,0.018
1,mahalanobis_diag,mean_std_0.75,normalized_union,none,1.0,1.0951445787720442,0.812,0.902,0.884,0.018
1,mahalanobis_diag,mean_std_0.75,normalized_union,none,2.0,1.0951445787720442,0.812,0.902,0.884,0.018
1,mahalanobis_diag,mean_std_0.75,normalized_union,ratio,0.0,1.0951445787720442,0.812,0.902,0.884,0.018
1,mahalanobis_diag,mean_std_0.75,normalized_union,ratio,0.25,1.3272752766683293,0.822,0.902,0.886,0.016
1,mahalanobis_diag,mean_std_0.75,normalized_union,ratio,0.5,1.5488990214130551,0.822,0.902,0.886,0.016
1,mahalanobis_diag,mean_std_0.75,normalized_union,ratio,1.0,2.0292580368696727,0.832,0.902,0.888,0.014
1,mahalanobis_diag,mean_std_0.75,normalized_union,ratio,2.0,2.9698932911751315,0.832,0.902,0.888,0.014
1,mahalanobis_diag,mean_std_0.75,normalized_union,inverse_margin,0.0,1.0951445787720442,0.812,0.902,0.884,0.018
1,mahalanobis_diag,mean_std_0.75,normalized_union,inverse_margin,0.25,4.6385666361518965,0.812,0.902,0.884,0.018
1,mahalanobis_diag,mean_std_0.75,normalized_union,inverse_margin,0.5,8.146884281050554,0.812,0.902,0.884,0.018
1,mahalanobis_diag,mean_std_0.75,normalized_union,inverse_margin,1.0,15.16351957084787,0.812,0.902,0.884,0.018
1,mahalanobis_diag,mean_std_0.75,normalized_union,inverse_margin,2.0,29.1967901504425,0.812,0.902,0.884,0.018
1,mahalanobis_diag,mean_std_0.75,normalized_union,max_ratio,0.0,1.0951445787720442,0.812,0.902,0.884,0.018
1,mahalanobis_diag,mean_std_0.75,normalized_union,max_ratio,0.25,1.0951445787720442,0.812,0.902,0.884,0.018
1,mahalanobis_diag,mean_std_0.75,normalized_union,max_ratio,0.5,1.0951445787720442,0.812,0.902,0.884,0.018
1,mahalanobis_diag,mean_std_0.75,normalized_union,max_ratio,1.0,1.0951445787720442,0.812,0.902,0.884,0.018
1,mahalanobis_diag,mean_std_0.75,normalized_union,max_ratio,2.0,1.866961750644288,0.812,0.902,0.884,0.018
1,mahalanobis_diag,mean_std_1.0,nearest_sphere,none,0.0,1.0615693289469037,0.802,0.902,0.882,0.02
1,mahalanobis_diag,mean_std_1.0,nearest_sphere,none,0.25,1.0615693289469037,0.802,0.902,0.882,0.02
1,mahalanobis_diag,mean_std_1.0,nearest_sphere,none,0.5,1.0615693289469037,0.802,0.902,0.882,0.02
1,mahalanobis_diag,mean_std_1.0,nearest_sphere,none,1.0,1.0615693289469037,0.802,0.902,0.882,0.02
1,mahalanobis_diag,mean_std_1.0,nearest_sphere,none,2.0,1.0615693289469037,0.802,0.902,0.882,0.02
1,mahalanobis_diag,mean_std_1.0,nearest_sphere,ratio,0.0,1.0615693289469037,0.802,0.902,0.882,0.02
1,mahalanobis_diag,mean_std_1.0,nearest_sphere,ratio,0.25,1.2956057805490184,0.812,0.902,0.884,0.018
1,mahalanobis_diag,mean_std_1.0,nearest_sphere,ratio,0.5,1.5192388554634866,0.812,0.902,0.884,0.018
1,mahalanobis_diag,mean_std_1.0,nearest_sphere,ratio,1.0,2.0040099149038966,0.832,0.902,0.888,0.014
1,mahalanobis_diag,mean_std_1.0,nearest_sphere,ratio,2.0,2.937847453098104,0.832,0.902,0.888,0.014
1,mahalanobis_diag,mean_std_1.0,nearest_sphere,inverse_margin,0.0,1.0615693289469037,0.802,0.902,0.882,0.02
1,mahalanobis_diag,mean_std_1.0,nearest_sphere,inverse_margin,0.25,4.607013723876642,0.812,0.902,0.884,0.018
1,mahalanobis_diag,mean_std_1.0,nearest_sphere,inverse_margin,0.5,8.1153313687753,0.812,0.902,0.884,0.018
1,mahalanobis_diag,mean_std_1.0,nearest_sphere,inverse_margin,1.0,15.131966658572615,0.812,0.902,0.884,0.018
1,mahalanobis_diag,mean_std_1.0,nearest_sphere,inverse_margin,2.0,29.165237238167244,0.812,0.902,0.884,0.018
1,mahalanobis_diag,mean_std_1.0,nearest_sphere,max_ratio,0.0,1.0615693289469037,0.802,0.902,0.882,0.02
1,mahalanobis_diag,mean_std_1.0,nearest_sphere,max_ratio,0.25,1.0615693289469037,0.802,0.902,0.882,0.02
1,mahalanobis_diag,mean_std_1.0,nearest_sphere,max_ratio,0.5,1.0615693289469037,0.802,0.902,0.882,0.02
1,mahalanobis_diag,mean_std_1.0,nearest_sphere,max_ratio,1.0,1.0615693289469037,0.802,0.902,0.882,0.02
1,mahalanobis_diag,mean_std_1.0,nearest_sphere,max_ratio,2.0,1.866961750644288,0.812,0.902,0.884,0.018
1,mahalanobis_diag,mean_std_1.0,normalized_union,none,0.0,1.0615693289469037,0.812,0.902,0.884,0.018
1,mahalanobis_diag,mean_std_1.0,normalized_union,none,0.25,1.0615693289469037,0.812,0.902,0.884,0.018
1,mahalanobis_diag,mean_std_1.0,normalized_union,none,0.5,1.0615693289469037,0.812,0.902,0.884,0.018
1,mahalanobis_diag,mean_std_1.0,normalized_union,none,1.0,1.0615693289469037,0.812,0.902,0.884,0.018
1,mahalanobis_diag,mean_std_1.0,normalized_union,none,2.0,1.0615693289469037,0.812,0.902,0.884,0.018
1,mahalanobis_diag,mean_std_1.0,normalized_union,ratio,0.0,1.0615693289469037,0.812,0.902,0.884,0.018
1,mahalanobis_diag,mean_std_1.0,normalized_union,ratio,0.25,1.2956057805490184,0.822,0.902,0.886,0.016
1,mahalanobis_diag,mean_std_1.0,normalized_union,ratio,0.5,1.5192388554634866,0.822,0.902,0.886,0.016
1,mahalanobis_diag,mean_std_1.0,normalized_union,ratio,1.0,1.9994581807915885,0.832,0.902,0.888,0.014
1,mahalanobis_diag,mean_std_1.0,normalized_union,ratio,2.0,2.937847453098104,0.832,0.902,0.888,0.014
1,mahalanobis_diag,mean_std_1.0,normalized_union,inverse_margin,0.0,1.0615693289469037,0.812,0.902,0.884,0.018
1,mahalanobis_diag,mean_std_1.0,normalized_union,inverse_margin,0.25,4.607013723876642,0.812,0.902,0.884,0.018
1,mahalanobis_diag,mean_std_1.0,normalized_union,inverse_margin,0.5,8.1153313687753,0.812,0.902,0.884,0.018
1,mahalanobis_diag,mean_std_1.0,normalized_union,inverse_margin,1.0,15.131966658572615,0.812,0.902,0.884,0.018
1,mahalanobis_diag,mean_std_1.0,normalized_union,inverse_margin,2.0,29.165237238167244,0.812,0.902,0.884,0.018
1,mahalanobis_diag,mean_std_1.0,normalized_union,max_ratio,0.0,1.0615693289469037,0.812,0.902,0.884,0.018
1,mahalanobis_diag,mean_std_1.0,normalized_union,max_ratio,0.25,1.0615693289469037,0.812,0.902,0.884,0.018
1,mahalanobis_diag,mean_std_1.0,normalized_union,max_ratio,0.5,1.0615693289469037,0.812,0.902,0.884,0.018
1,mahalanobis_diag,mean_std_1.0,normalized_union,max_ratio,1.0,1.0615693289469037,0.812,0.902,0.884,0.018
1,mahalanobis_diag,mean_std_1.0,normalized_union,max_ratio,2.0,1.866961750644288,0.812,0.902,0.884,0.018
1,mahalanobis_diag,mean_std_1.5,nearest_sphere,none,0.0,1.0015284903936783,0.812,0.902,0.884,0.018
1,mahalanobis_diag,mean_std_1.5,nearest_sphere,none,0.25,1.0015284903936783,0.812,0.902,0.884,0.018
1,mahalanobis_diag,mean_std_1.5,nearest_sphere,none,0.5,1.0015284903936783,0.812,0.902,0.884,0.018
1,mahalanobis_diag,mean_std_1.5,nearest_sphere,none,1.0,1.0015284903936783,0.812,0.902,0.884,0.018
1,mahalanobis_diag,mean_std_1.5,nearest_sphere,none,2.0,1.0015284903936783,0.812,0.902,0.884,0.018
1,mahalanobis_diag,mean_std_1.5,nearest_sphere,ratio,0.0,1.0015284903936783,0.812,0.902,0.884,0.018
1,mahalanobis_diag,mean_std_1.5,nearest_sphere,ratio,0.25,1.2332296211641887,0.812,0.902,0.884,0.018
1,mahalanobis_diag,mean_std_1.5,nearest_sphere,ratio,0.5,1.4644292380494222,0.822,0.902,0.886,0.016
1,mahalanobis_diag,mean_std_1.5,nearest_sphere,ratio,1.0,1.9445860093409753,0.822,0.902,0.886,0.016
1,mahalanobis_diag,mean_std_1.5,nearest_sphere,ratio,2.0,2.8789121657083476,0.832,0.902,0.888,0.014
1,mahalanobis_diag,mean_std_1.5,nearest_sphere,inverse_margin,0.0,1.0015284903936783,0.812,0.902,0.884,0.018
1,mahalanobis_diag,mean_std_1.5,nearest_sphere,inverse_margin,0.25,4.548913550251735,0.812,0.902,0.884,0.018
1,mahalanobis_diag,mean_std_1.5,nearest_sphere,inverse_margin,0.5,8.057231195150392,0.812,0.902,0.884,0.018
1,mahalanobis_diag,mean_std_1.5,nearest_sphere,inverse_margin,1.0,15.073866484947708,0.812,0.902,0.884,0.018
1,mahalanobis_diag,mean_std_1.5,nearest_sphere,inverse_margin,2.0,29.107137064542336,0.812,0.902,0.884,0.018
1,mahalanobis_diag,mean_std_1.5,nearest_sphere,max_ratio,0.0,1.0015284903936783,0.812,0.902,0.884,0.018
1,mahalanobis_diag,mean_std_1.5,nearest_sphere,max_ratio,0.25,1.0015284903936783,0.812,0.902,0.884,0.018
1,mahalanobis_diag,mean_std_1.5,nearest_sphere,max_ratio,0.5,1.0015284903936783,0.812,0.902,0.884,0.018
1,mahalanobis_diag,mean_std_1.5,nearest_sphere,max_ratio,1.0,1.0015284903936783,0.812,0.902,0.884,0.018
1,mahalanobis_diag,mean_std_1.5,nearest_sphere,max_ratio,2.0,1.866961750644288,0.812,0.902,0.884,0.018
1,mahalanobis_diag,mean_std_1.5,normalized_union,none,0.0,1.0015284903936783,0.832,0.902,0.888,0.014
1,mahalanobis_diag,mean_std_1.5,normalized_union,none,0.25,1.0015284903936783,0.832,0.902,0.888,0.014
1,mahalanobis_diag,mean_std_1.5,normalized_union,none,0.5,1.0015284903936783,0.832,0.902,0.888,0.014
1,mahalanobis_diag,mean_std_1.5,normalized_union,none,1.0,1.0015284903936783,0.832,0.902,0.888,0.014
1,mahalanobis_diag,mean_std_1.5,normalized_union,none,2.0,1.0015284903936783,0.832,0.902,0.888,0.014
1,mahalanobis_diag,mean_std_1.5,normalized_union,ratio,0.0,1.0015284903936783,0.832,0.902,0.888,0.014
1,mahalanobis_diag,mean_std_1.5,normalized_union,ratio,0.25,1.2332296211641887,0.832,0.902,0.888,0.014
1,mahalanobis_diag,mean_std_1.5,normalized_union,ratio,0.5,1.4644292380494222,0.842,0.902,0.89,0.012
1,mahalanobis_diag,mean_std_1.5,normalized_union,ratio,1.0,1.9392051918821192,0.832,0.902,0.888,0.014
1,mahalanobis_diag,mean_std_1.5,normalized_union,ratio,2.0,2.8789121657083476,0.832,0.902,0.888,0.014
1,mahalanobis_diag,mean_std_1.5,normalized_union,inverse_margin,0.0,1.0015284903936783,0.832,0.902,0.888,0.014
1,mahalanobis_diag,mean_std_1.5,normalized_union,inverse_margin,0.25,4.548913550251735,0.812,0.902,0.884,0.018
1,mahalanobis_diag,mean_std_1.5,normalized_union,inverse_margin,0.5,8.057231195150392,0.812,0.902,0.884,0.018
1,mahalanobis_diag,mean_std_1.5,normalized_union,inverse_margin,1.0,15.073866484947708,0.812,0.902,0.884,0.018
1,mahalanobis_diag,mean_std_1.5,normalized_union,inverse_margin,2.0,29.107137064542336,0.812,0.902,0.884,0.018
1,mahalanobis_diag,mean_std_1.5,normalized_union,max_ratio,0.0,1.0015284903936783,0.832,0.902,0.888,0.014
1,mahalanobis_diag,mean_std_1.5,normalized_union,max_ratio,0.25,1.0015284903936783,0.832,0.902,0.888,0.014
1,mahalanobis_diag,mean_std_1.5,normalized_union,max_ratio,0.5,1.0015284903936783,0.832,0.902,0.888,0.014
1,mahalanobis_diag,mean_std_1.5,normalized_union,max_ratio,1.0,1.0015284903936783,0.832,0.902,0.888,0.014
1,mahalanobis_diag,mean_std_1.5,normalized_union,max_ratio,2.0,1.866961750644288,0.812,0.902,0.884,0.018
1,mahalanobis_diag,mean_std_2.0,nearest_sphere,none,0.0,0.9428354093172413,0.812,0.902,0.884,0.018
1,mahalanobis_diag,mean_std_2.0,nearest_sphere,none,0.25,0.9428354093172413,0.812,0.902,0.884,0.018
1,mahalanobis_diag,mean_std_2.0,nearest_sphere,none,0.5,0.9428354093172413,0.812,0.902,0.884,0.018
1,mahalanobis_diag,mean_std_2.0,nearest_sphere,none,1.0,0.9428354093172413,0.812,0.902,0.884,0.018
1,mahalanobis_diag,mean_std_2.0,nearest_sphere,none,2.0,0.9428354093172413,0.812,0.902,0.884,0.018
1,mahalanobis_diag,mean_std_2.0,nearest_sphere,ratio,0.0,0.9428354093172413,0.812,0.902,0.884,0.018
1,mahalanobis_diag,mean_std_2.0,nearest_sphere,ratio,0.25,1.1816773523298607,0.812,0.902,0.884,0.018
1,mahalanobis_diag,mean_std_2.0,nearest_sphere,ratio,0.5,1.4140507164959697,0.832,0.902,0.888,0.014
1,mahalanobis_diag,mean_std_2.0,nearest_sphere,ratio,1.0,1.8888266703286667,0.832,0.902,0.888,0.014
1,mahalanobis_diag,mean_std_2.0,nearest_sphere,ratio,2.0,2.825977106263823,0.832,0.902,0.888,0.014
1,mahalanobis_diag,mean_std_2.0,nearest_sphere,inverse_margin,0.0,0.9428354093172413,0.812,0.902,0.884,0.018
1,mahalanobis_diag,mean_std_2.0,nearest_sphere,inverse_margin,0.25,4.496649547288081,0.812,0.902,0.884,0.018
1,mahalanobis_diag,mean_std_2.0,nearest_sphere,inverse_margin,0.5,8.004967192186738,0.812,0.902,0.884,0.018
1,mahalanobis_diag,mean_std_2.0,nearest_sphere,inverse_margin,1.0,15.021602481984054,0.812,0.902,0.884,0.018
1,mahalanobis_diag,mean_std_2.0,nearest_sphere,inverse_margin,2.0,29.054873061578682,0.812,0.902,0.884,0.018
1,mahalanobis_diag,mean_std_2.0,nearest_sphere,max_ratio,0.0,0.9428354093172413,0.812,0.902,0.884,0.018
1,mahalanobis_diag,mean_std_2.0,nearest_sphere,max_ratio,0.25,0.9428354093172413,0.812,0.902,0.884,0.018
1,mahalanobis_diag,mean_std_2.0,nearest_sphere,max_ratio,0.5,0.9428354093172413,0.812,0.902,0.884,0.018
1,mahalanobis_diag,mean_std_2.0,nearest_sphere,max_ratio,1.0,0.9658139060783194,0.812,0.902,0.884,0.018
1,mahalanobis_diag,mean_std_2.0,nearest_sphere,max_ratio,2.0,1.866961750644288,0.812,0.902,0.884,0.018
1,mahalanobis_diag,mean_std_2.0,normalized_union,none,0.0,0.9428354093172413,0.832,0.902,0.888,0.014
1,mahalanobis_diag,mean_std_2.0,normalized_union,none,0.25,0.9428354093172413,0.832,0.902,0.888,0.014
1,mahalanobis_diag,mean_std_2.0,normalized_union,none,0.5,0.9428354093172413,0.832,0.902,0.888,0.014
1,mahalanobis_diag,mean_std_2.0,normalized_union,none,1.0,0.9428354093172413,0.832,0.902,0.888,0.014
1,mahalanobis_diag,mean_std_2.0,normalized_union,none,2.0,0.9428354093172413,0.832,0.902,0.888,0.014
1,mahalanobis_diag,mean_std_2.0,normalized_union,ratio,0.0,0.9428354093172413,0.832,0.902,0.888,0.014
1,mahalanobis_diag,mean_std_2.0,normalized_union,ratio,0.25,1.1816773523298607,0.832,0.902,0.888,0.014
1,mahalanobis_diag,mean_std_2.0,normalized_union,ratio,0.5,1.4080826118979524,0.842,0.902,0.89,0.012
1,mahalanobis_diag,mean_std_2.0,normalized_union,ratio,1.0,1.8817071746732714,0.832,0.902,0.888,0.014
1,mahalanobis_diag,mean_std_2.0,normalized_union,ratio,2.0,2.825977106263823,0.832,0.902,0.888,0.014
1,mahalanobis_diag,mean_std_2.0,normalized_union,inverse_margin,0.0,0.9428354093172413,0.832,0.902,0.888,0.014
1,mahalanobis_diag,mean_std_2.0,normalized_union,inverse_margin,0.25,4.496649547288081,0.812,0.902,0.884,0.018
1,mahalanobis_diag,mean_std_2.0,normalized_union,inverse_margin,0.5,8.004967192186738,0.812,0.902,0.884,0.018
1,mahalanobis_diag,mean_std_2.0,normalized_union,inverse_margin,1.0,15.021602481984054,0.812,0.902,0.884,0.018
1,mahalanobis_diag,mean_std_2.0,normalized_union,inverse_margin,2.0,29.054873061578682,0.812,0.902,0.884,0.018
1,mahalanobis_diag,mean_std_2.0,normalized_union,max_ratio,0.0,0.9428354093172413,0.832,0.902,0.888,0.014
1,mahalanobis_diag,mean_std_2.0,normalized_union,max_ratio,0.25,0.9428354093172413,0.832,0.902,0.888,0.014
1,mahalanobis_diag,mean_std_2.0,normalized_union,max_ratio,0.5,0.9428354093172413,0.832,0.902,0.888,0.014
1,mahalanobis_diag,mean_std_2.0,normalized_union,max_ratio,1.0,0.9641431093747646,0.822,0.902,0.886,0.016
1,mahalanobis_diag,mean_std_2.0,normalized_union,max_ratio,2.0,1.866961750644288,0.812,0.902,0.884,0.018
1,mahalanobis_diag,mean_std_3.0,nearest_sphere,none,0.0,0.8543243822640408,0.802,0.902,0.882,0.02
1,mahalanobis_diag,mean_std_3.0,nearest_sphere,none,0.25,0.8543243822640408,0.802,0.902,0.882,0.02
1,mahalanobis_diag,mean_std_3.0,nearest_sphere,none,0.5,0.8543243822640408,0.802,0.902,0.882,0.02
1,mahalanobis_diag,mean_std_3.0,nearest_sphere,none,1.0,0.8543243822640408,0.802,0.902,0.882,0.02
1,mahalanobis_diag,mean_std_3.0,nearest_sphere,none,2.0,0.8543243822640408,0.802,0.902,0.882,0.02
1,mahalanobis_diag,mean_std_3.0,nearest_sphere,ratio,0.0,0.8543243822640408,0.802,0.902,0.882,0.02
1,mahalanobis_diag,mean_std_3.0,nearest_sphere,ratio,0.25,1.0886685753460439,0.802,0.902,0.882,0.02
1,mahalanobis_diag,mean_std_3.0,nearest_sphere,ratio,0.5,1.3222656068206171,0.832,0.902,0.888,0.014
1,mahalanobis_diag,mean_std_3.0,nearest_sphere,ratio,1.0,1.799887981618868,0.832,0.902,0.888,0.014
1,mahalanobis_diag,mean_std_3.0,nearest_sphere,ratio,2.0,2.734781041534027,0.832,0.902,0.888,0.014
1,mahalanobis_diag,mean_std_3.0,nearest_sphere,inverse_margin,0.0,0.8543243822640408,0.802,0.902,0.882,0.02
1,mahalanobis_diag,mean_std_3.0,nearest_sphere,inverse_margin,0.25,4.406433665903159,0.812,0.902,0.884,0.018
1,mahalanobis_diag,mean_std_3.0,nearest_sphere,inverse_margin,0.5,7.914751310801816,0.812,0.902,0.884,0.018
1,mahalanobis_diag,mean_std_3.0,nearest_sphere,inverse_margin,1.0,14.931386600599131,0.812,0.902,0.884,0.018
1,mahalanobis_diag,mean_std_3.0,nearest_sphere,inverse_margin,2.0,28.96465718019376,0.812,0.902,0.884,0.018
1,mahalanobis_diag,mean_std_3.0,nearest_sphere,max_ratio,0.0,0.8543243822640408,0.802,0.902,0.882,0.02
1,mahalanobis_diag,mean_std_3.0,nearest_sphere,max_ratio,0.25,0.8543243822640408,0.802,0.902,0.882,0.02
1,mahalanobis_diag,mean_std_3.0,nearest_sphere,max_ratio,0.5,0.8543243822640408,0.802,0.902,0.882,0.02
1,mahalanobis_diag,mean_std_3.0,nearest_sphere,max_ratio,1.0,0.9374561755152763,0.812,0.902,0.884,0.018
1,mahalanobis_diag,mean_std_3.0,nearest_sphere,max_ratio,2.0,1.866961750644288,0.812,0.902,0.884,0.018
1,mahalanobis_diag,mean_std_3.0,normalized_union,none,0.0,0.8514526901760087,0.852,0.902,0.892,0.01
1,mahalanobis_diag,mean_std_3.0,normalized_union,none,0.25,0.8514526901760087,0.852,0.902,0.892,0.01
1,mahalanobis_diag,mean_std_3.0,normalized_union,none,0.5,0.8514526901760087,0.852,0.902,0.892,0.01
1,mahalanobis_diag,mean_std_3.0,normalized_union,none,1.0,0.8514526901760087,0.852,0.902,0.892,0.01
1,mahalanobis_diag,mean_std_3.0,normalized_union,none,2.0,0.8514526901760087,0.852,0.902,0.892,0.01
1,mahalanobis_diag,mean_std_3.0,normalized_union,ratio,0.0,0.8514526901760087,0.852,0.902,0.892,0.01
1,mahalanobis_diag,mean_std_3.0,normalized_union,ratio,0.25,1.082556031786036,0.852,0.902,0.892,0.01
1,mahalanobis_diag,mean_std_3.0,normalized_union,ratio,0.5,1.3103384625822367,0.852,0.902,0.892,0.01
1,mahalanobis_diag,mean_std_3.0,normalized_union,ratio,1.0,1.779480223239006,0.852,0.902,0.892,0.01
1,mahalanobis_diag,mean_std_3.0,normalized_union,ratio,2.0,2.7260892804903456,0.842,0.902,0.89,0.012
1,mahalanobis_diag,mean_std_3.0,normalized_union,inverse_margin,0.0,0.8514526901760087,0.852,0.902,0.892,0.01
1,mahalanobis_diag,mean_std_3.0,normalized_union,inverse_margin,0.25,4.401705348068963,0.832,0.902,0.888,0.014
1,mahalanobis_diag,mean_std_3.0,normalized_union,inverse_margin,0.5,7.91002299296762,0.832,0.902,0.888,0.014
1,mahalanobis_diag,mean_std_3.0,normalized_union,inverse_margin,1.0,14.926658282764935,0.832,0.902,0.888,0.014
1,mahalanobis_diag,mean_std_3.0,normalized_union,inverse_margin,2.0,28.959928862359565,0.832,0.902,0.888,0.014
1,mahalanobis_diag,mean_std_3.0,normalized_union,max_ratio,0.0,0.8514526901760087,0.852,0.902,0.892,0.01
1,mahalanobis_diag,mean_std_3.0,normalized_union,max_ratio,0.25,0.8514526901760087,0.852,0.902,0.892,0.01
1,mahalanobis_diag,mean_std_3.0,normalized_union,max_ratio,0.5,0.8514526901760087,0.852,0.902,0.892,0.01
1,mahalanobis_diag,mean_std_3.0,normalized_union,max_ratio,1.0,0.9374561755152763,0.832,0.902,0.888,0.014
1,mahalanobis_diag,mean_std_3.0,normalized_union,max_ratio,2.0,1.866961750644288,0.832,0.902,0.888,0.014
1,mahalanobis_diag,center_quantile_0.5,nearest_sphere,none,0.0,1.2541824607050467,0.802,0.902,0.882,0.02
1,mahalanobis_diag,center_quantile_0.5,nearest_sphere,none,0.25,1.2541824607050467,0.802,0.902,0.882,0.02
1,mahalanobis_diag,center_quantile_0.5,nearest_sphere,none,0.5,1.2541824607050467,0.802,0.902,0.882,0.02
1,mahalanobis_diag,center_quantile_0.5,nearest_sphere,none,1.0,1.2541824607050467,0.802,0.902,0.882,0.02
1,mahalanobis_diag,center_quantile_0.5,nearest_sphere,none,2.0,1.2541824607050467,0.802,0.902,0.882,0.02
1,mahalanobis_diag,center_quantile_0.5,nearest_sphere,ratio,0.0,1.2541824607050467,0.802,0.902,0.882,0.02
1,mahalanobis_diag,center_quantile_0.5,nearest_sphere,ratio,0.25,1.4737107913016845,0.802,0.902,0.882,0.02
1,mahalanobis_diag,center_quantile_0.5,nearest_sphere,ratio,0.5,1.701445572997967,0.812,0.902,0.884,0.018
1,mahalanobis_diag,center_quantile_0.5,nearest_sphere,ratio,1.0,2.173579758247451,0.812,0.902,0.884,0.018
1,mahalanobis_diag,center_quantile_0.5,nearest_sphere,ratio,2.0,3.116520509354415,0.842,0.902,0.89,0.012
1,mahalanobis_diag,center_quantile_0.5,nearest_sphere,inverse_margin,0.0,1.2541824607050467,0.802,0.902,0.882,0.02
1,mahalanobis_diag,center_quantile_0.5,nearest_sphere,inverse_margin,0.25,4.785618887842695,0.812,0.902,0.884,0.018
1,mahalanobis_diag,center_quantile_0.5,nearest_sphere,inverse_margin,0.5,8.293936532741352,0.812,0.902,0.884,0.018
1,mahalanobis_diag,center_quantile_0.5,nearest_sphere,inverse_margin,1.0,15.310571822538668,0.812,0.902,0.884,0.018
1,mahalanobis_diag,center_quantile_0.5,nearest_sphere,inverse_margin,2.0,29.343842402133298,0.812,0.902,0.884,0.018
1,mahalanobis_diag,center_quantile_0.5,nearest_sphere,max_ratio,0.0,1.2541824607050467,0.802,0.902,0.882,0.02
1,mahalanobis_diag,center_quantile_0.5,nearest_sphere,max_ratio,0.25,1.2541824607050467,0.802,0.902,0.882,0.02
1,mahalanobis_diag,center_quantile_0.5,nearest_sphere,max_ratio,0.5,1.2541824607050467,0.802,0.902,0.882,0.02
1,mahalanobis_diag,center_quantile_0.5,nearest_sphere,max_ratio,1.0,1.2541824607050467,0.802,0.902,0.882,0.02
1,mahalanobis_diag,center_quantile_0.5,nearest_sphere,max_ratio,2.0,1.866961750644288,0.812,0.902,0.884,0.018
1,mahalanobis_diag,center_quantile_0.5,normalized_union,none,0.0,1.2541824607050467,0.802,0.902,0.882,0.02
1,mahalanobis_diag,center_quantile_0.5,normalized_union,none,0.25,1.2541824607050467,0.802,0.902,0.882,0.02
1,mahalanobis_diag,center_quantile_0.5,normalized_union,none,0.5,1.2541824607050467,0.802,0.902,0.882,0.02
1,mahalanobis_diag,center_quantile_0.5,normalized_union,none,1.0,1.2541824607050467,0.802,0.902,0.882,0.02
1,mahalanobis_diag,center_quantile_0.5,normalized_union,none,2.0,1.2541824607050467,0.802,0.902,0.882,0.02
1,mahalanobis_diag,center_quantile_0.5,normalized_union,ratio,0.0,1.2541824607050467,0.802,0.902,0.882,0.02
1,mahalanobis_diag,center_quantile_0.5,normalized_union,ratio,0.25,1.4737107913016845,0.802,0.902,0.882,0.02
1,mahalanobis_diag,center_quantile_0.5,normalized_union,ratio,0.5,1.701445572997967,0.812,0.902,0.884,0.018
1,mahalanobis_diag,center_quantile_0.5,normalized_union,ratio,1.0,2.173579758247451,0.812,0.902,0.884,0.018
1,mahalanobis_diag,center_quantile_0.5,normalized_union,ratio,2.0,3.116520509354415,0.842,0.902,0.89,0.012
1,mahalanobis_diag,center_quantile_0.5,normalized_union,inverse_margin,0.0,1.2541824607050467,0.802,0.902,0.882,0.02
1,mahalanobis_diag,center_quantile_0.5,normalized_union,inverse_margin,0.25,4.785618887842695,0.812,0.902,0.884,0.018
1,mahalanobis_diag,center_quantile_0.5,normalized_union,inverse_margin,0.5,8.293936532741352,0.812,0.902,0.884,0.018
1,mahalanobis_diag,center_quantile_0.5,normalized_union,inverse_margin,1.0,15.310571822538668,0.812,0.902,0.884,0.018
1,mahalanobis_diag,center_quantile_0.5,normalized_union,inverse_margin,2.0,29.343842402133298,0.812,0.902,0.884,0.018
1,mahalanobis_diag,center_quantile_0.5,normalized_union,max_ratio,0.0,1.2541824607050467,0.802,0.902,0.882,0.02
1,mahalanobis_diag,center_quantile_0.5,normalized_union,max_ratio,0.25,1.2541824607050467,0.802,0.902,0.882,0.02
1,mahalanobis_diag,center_quantile_0.5,normalized_union,max_ratio,0.5,1.2541824607050467,0.802,0.902,0.882,0.02
1,mahalanobis_diag,center_quantile_0.5,normalized_union,max_ratio,1.0,1.2541824607050467,0.802,0.902,0.882,0.02
1,mahalanobis_diag,center_quantile_0.5,normalized_union,max_ratio,2.0,1.866961750644288,0.812,0.902,0.884,0.018
1,mahalanobis_diag,intent_quantile_0.5,nearest_sphere,none,0.0,1.254472406019444,0.802,0.902,0.882,0.02
1,mahalanobis_diag,intent_quantile_0.5,nearest_sphere,none,0.25,1.254472406019444,0.802,0.902,0.882,0.02
1,mahalanobis_diag,intent_quantile_0.5,nearest_sphere,none,0.5,1.254472406019444,0.802,0.902,0.882,0.02
1,mahalanobis_diag,intent_quantile_0.5,nearest_sphere,none,1.0,1.254472406019444,0.802,0.902,0.882,0.02
1,mahalanobis_diag,intent_quantile_0.5,nearest_sphere,none,2.0,1.254472406019444,0.802,0.902,0.882,0.02
1,mahalanobis_diag,intent_quantile_0.5,nearest_sphere,ratio,0.0,1.254472406019444,0.802,0.902,0.882,0.02
1,mahalanobis_diag,intent_quantile_0.5,nearest_sphere,ratio,0.25,1.4737107913016845,0.802,0.902,0.882,0.02
1,mahalanobis_diag,intent_quantile_0.5,nearest_sphere,ratio,0.5,1.7021554492456226,0.812,0.902,0.884,0.018
1,mahalanobis_diag,intent_quantile_0.5,nearest_sphere,ratio,1.0,2.173857334835509,0.812,0.902,0.884,0.018
1,mahalanobis_diag,intent_quantile_0.5,nearest_sphere,ratio,2.0,3.117230385602071,0.842,0.902,0.89,0.012
1,mahalanobis_diag,intent_quantile_0.5,nearest_sphere,inverse_margin,0.0,1.254472406019444,0.802,0.902,0.882,0.02
1,mahalanobis_diag,intent_quantile_0.5,nearest_sphere,inverse_margin,0.25,4.785914177820086,0.812,0.902,0.884,0.018
1,mahalanobis_diag,intent_quantile_0.5,nearest_sphere,inverse_margin,0.5,8.294231822718743,0.812,0.902,0.884,0.018
1,mahalanobis_diag,intent_quantile_0.5,nearest_sphere,inverse_margin,1.0,15.310867112516059,0.812,0.902,0.884,0.018
1,mahalanobis_diag,intent_quantile_0.5,nearest_sphere,inverse_margin,2.0,29.34413769211069,0.812,0.902,0.884,0.018
1,mahalanobis_diag,intent_quantile_0.5,nearest_sphere,max_ratio,0.0,1.254472406019444,0.802,0.902,0.882,0.02
1,mahalanobis_diag,intent_quantile_0.5,nearest_sphere,max_ratio,0.25,1.254472406019444,0.802,0.902,0.882,0.02
1,mahalanobis_diag,intent_quantile_0.5,nearest_sphere,max_ratio,0.5,1.254472406019444,0.802,0.902,0.882,0.02
1,mahalanobis_diag,intent_quantile_0.5,nearest_sphere,max_ratio,1.0,1.254472406019444,0.802,0.902,0.882,0.02
1,mahalanobis_diag,intent_quantile_0.5,nearest_sphere,max_ratio,2.0,1.866961750644288,0.812,0.902,0.884,0.018
1,mahalanobis_diag,intent_quantile_0.5,normalized_union,none,0.0,1.254472406019444,0.802,0.902,0.882,0.02
1,mahalanobis_diag,intent_quantile_0.5,normalized_union,none,0.25,1.254472406019444,0.802,0.902,0.882,0.02
1,mahalanobis_diag,intent_quantile_0.5,normalized_union,none,0.5,1.254472406019444,0.802,0.902,0.882,0.02
1,mahalanobis_diag,intent_quantile_0.5,normalized_union,none,1.0,1.254472406019444,0.802,0.902,0.882,0.02
1,mahalanobis_diag,intent_quantile_0.5,normalized_union,none,2.0,1.254472406019444,0.802,0.902,0.882,0.02
1,mahalanobis_diag,intent_quantile_0.5,normalized_union,ratio,0.0,1.254472406019444,0.802,0.902,0.882,0.02
1,mahalanobis_diag,intent_quantile_0.5,normalized_union,ratio,0.25,1.4737107913016845,0.802,0.902,0.882,0.02
1,mahalanobis_diag,intent_quantile_0.5,normalized_union,ratio,0.5,1.7021554492456226,0.812,0.902,0.884,0.018
1,mahalanobis_diag,intent_quantile_0.5,normalized_union,ratio,1.0,2.173857334835509,0.812,0.902,0.884,0.018
1,mahalanobis_diag,intent_quantile_0.5,normalized_union,ratio,2.0,3.117230385602071,0.842,0.902,0.89,0.012
1,mahalanobis_diag,intent_quantile_0.5,normalized_union,inverse_margin,0.0,1.254472406019444,0.802,0.902,0.882,0.02
1,mahalanobis_diag,intent_quantile_0.5,normalized_union,inverse_margin,0.25,4.785914177820086,0.812,0.902,0.884,0.018
1,mahalanobis_diag,intent_quantile_0.5,normalized_union,inverse_margin,0.5,8.294231822718743,0.812,0.902,0.884,0.018
1,mahalanobis_diag,intent_quantile_0.5,normalized_union,inverse_margin,1.0,15.310867112516059,0.812,0.902,0.884,0.018
1,mahalanobis_diag,intent_quantile_0.5,normalized_union,inverse_margin,2.0,29.34413769211069,0.812,0.902,0.884,0.018
1,mahalanobis_diag,intent_quantile_0.5,normalized_union,max_ratio,0.0,1.254472406019444,0.802,0.902,0.882,0.02
1,mahalanobis_diag,intent_quantile_0.5,normalized_union,max_ratio,0.25,1.254472406019444,0.802,0.902,0.882,0.02
1,mahalanobis_diag,intent_quantile_0.5,normalized_union,max_ratio,0.5,1.254472406019444,0.802,0.902,0.882,0.02
1,mahalanobis_diag,intent_quantile_0.5,normalized_union,max_ratio,1.0,1.254472406019444,0.802,0.902,0.882,0.02
1,mahalanobis_diag,intent_quantile_0.5,normalized_union,max_ratio,2.0,1.866961750644288,0.812,0.902,0.884,0.018
1,mahalanobis_diag,center_quantile_0.7,nearest_sphere,none,0.0,1.1723045201380482,0.802,0.902,0.882,0.02
1,mahalanobis_diag,center_quantile_0.7,nearest_sphere,none,0.25,1.1723045201380482,0.802,0.902,0.882,0.02
1,mahalanobis_diag,center_quantile_0.7,nearest_sphere,none,0.5,1.1723045201380482,0.802,0.902,0.882,0.02
1,mahalanobis_diag,center_quantile_0.7,nearest_sphere,none,1.0,1.1723045201380482,0.802,0.902,0.882,0.02
1,mahalanobis_diag,center_quantile_0.7,nearest_sphere,none,2.0,1.1723045201380482,0.802,0.902,0.882,0.02
1,mahalanobis_diag,center_quantile_0.7,nearest_sphere,ratio,0.0,1.1723045201380482,0.802,0.902,0.882,0.02
1,mahalanobis_diag,center_quantile_0.7,nearest_sphere,ratio,0.25,1.3910254910261557,0.802,0.902,0.882,0.02
1,mahalanobis_diag,center_quantile_0.7,nearest_sphere,ratio,0.5,1.6183700553824534,0.812,0.902,0.884,0.018
1,mahalanobis_diag,center_quantile_0.7,nearest_sphere,ratio,1.0,2.096034864958105,0.822,0.902,0.886,0.016
1,mahalanobis_diag,center_quantile_0.7,nearest_sphere,ratio,2.0,3.0266081240517053,0.842,0.902,0.89,0.012
1,mahalanobis_diag,center_quantile_0.7,nearest_sphere,inverse_margin,0.0,1.1723045201380482,0.802,0.902,0.882,0.02
1,mahalanobis_diag,center_quantile_0.7,nearest_sphere,inverse_margin,0.25,4.703201467906178,0.812,0.902,0.884,0.018
1,mahalanobis_diag,center_quantile_0.7,nearest_sphere,inverse_margin,0.5,8.211519112804835,0.812,0.902,0.884,0.018
1,mahalanobis_diag,center_quantile_0.7,nearest_sphere,inverse_margin,1.0,15.22815440260215,0.812,0.902,0.884,0.018
1,mahalanobis_diag,center_quantile_0.7,nearest_sphere,inverse_margin,2.0,29.26142498219678,0.812,0.902,0.884,0.018
1,mahalanobis_diag,center_quantile_0.7,nearest_sphere,max_ratio,0.0,1.1723045201380482,0.802,0.902,0.882,0.02
1,mahalanobis_diag,center_quantile_0.7,nearest_sphere,max_ratio,0.25,1.1723045201380482,0.802,0.902,0.882,0.02
1,mahalanobis_diag,center_quantile_0.7,nearest_sphere,max_ratio,0.5,1.1723045201380482,0.802,0.902,0.882,0.02
1,mahalanobis_diag,center_quantile_0.7,nearest_sphere,max_ratio,1.0,1.1723045201380482,0.802,0.902,0.882,0.02
1,mahalanobis_diag,center_quantile_0.7,nearest_sphere,max_ratio,2.0,1.866961750644288,0.812,0.902,0.884,0.018
1,mahalanobis_diag,center_quantile_0.7,normalized_union,none,0.0,1.1723045201380482,0.802,0.902,0.882,0.02
1,mahalanobis_diag,center_quantile_0.7,normalized_union,none,0.25,1.1723045201380482,0.802,0.902,0.882,0.02
1,mahalanobis_diag,center_quantile_0.7,normalized_union,none,0.5,1.1723045201380482,0.802,0.902,0.882,0.02
1,mahalanobis_diag,center_quantile_0.7,normalized_union,none,1.0,1.1723045201380482,0.802,0.902,0.882,0.02
1,mahalanobis_diag,center_quantile_0.7,normalized_union,none,2.0,1.1723045201380482,0.802,0.902,0.882,0.02
1,mahalanobis_diag,center_quantile_0.7,normalized_union,ratio,0.0,1.1723045201380482,0.802,0.902,0.882,0.02
1,mahalanobis_diag,center_quantile_0.7,normalized_union,ratio,0.25,1.3910254910261557,0.802,0.902,0.882,0.02
1,mahalanobis_diag,center_quantile_0.7,normalized_union,ratio,0.5,1.6183700553824534,0.812,0.902,0.884,0.018
1,mahalanobis_diag,center_quantile_0.7,normalized_union,ratio,1.0,2.096034864958105,0.822,0.902,0.886,0.016
1,mahalanobis_diag,center_quantile_0.7,normalized_union,ratio,2.0,3.0266081240517053,0.842,0.902,0.89,0.012
1,mahalanobis_diag,center_quantile_0.7,normalized_union,inverse_margin,0.0,1.1723045201380482,0.802,0.902,0.882,0.02
1,mahalanobis_diag,center_quantile_0.7,normalized_union,inverse_margin,0.25,4.703201467906178,0.812,0.902,0.884,0.018
1,mahalanobis_diag,center_quantile_0.7,normalized_union,inverse_margin,0.5,8.211519112804835,0.812,0.902,0.884,0.018
1,mahalanobis_diag,center_quantile_0.7,normalized_union,inverse_margin,1.0,15.22815440260215,0.812,0.902,0.884,0.018
1,mahalanobis_diag,center_quantile_0.7,normalized_union,inverse_margin,2.0,29.26142498219678,0.812,0.902,0.884,0.018
1,mahalanobis_diag,center_quantile_0.7,normalized_union,max_ratio,0.0,1.1723045201380482,0.802,0.902,0.882,0.02
1,mahalanobis_diag,center_quantile_0.7,normalized_union,max_ratio,0.25,1.1723045201380482,0.802,0.902,0.882,0.02
1,mahalanobis_diag,center_quantile_0.7,normalized_union,max_ratio,0.5,1.1723045201380482,0.802,0.902,0.882,0.02
1,mahalanobis_diag,center_quantile_0.7,normalized_union,max_ratio,1.0,1.1723045201380482,0.802,0.902,0.882,0.02
1,mahalanobis_diag,center_quantile_0.7,normalized_union,max_ratio,2.0,1.866961750644288,0.812,0.902,0.884,0.018
1,mahalanobis_diag,intent_quantile_0.7,nearest_sphere,none,0.0,1.1723045201380482,0.802,0.902,0.882,0.02
1,mahalanobis_diag,intent_quantile_0.7,nearest_sphere,none,0.25,1.1723045201380482,0.802,0.902,0.882,0.02
1,mahalanobis_diag,intent_quantile_0.7,nearest_sphere,none,0.5,1.1723045201380482,0.802,0.902,0.882,0.02
1,mahalanobis_diag,intent_quantile_0.7,nearest_sphere,none,1.0,1.1723045201380482,0.802,0.902,0.882,0.02
1,mahalanobis_diag,intent_quantile_0.7,nearest_sphere,none,2.0,1.1723045201380482,0.802,0.902,0.882,0.02
1,mahalanobis_diag,intent_quantile_0.7,nearest_sphere,ratio,0.0,1.1723045201380482,0.802,0.902,0.882,0.02
1,mahalanobis_diag,intent_quantile_0.7,nearest_sphere,ratio,0.25,1.391510424423132,0.802,0.902,0.882,0.02
1,mahalanobis_diag,intent_quantile_0.7,nearest_sphere,ratio,0.5,1.6205201201523818,0.812,0.902,0.884,0.018
1,mahalanobis_diag,intent_quantile_0.7,nearest_sphere,ratio,1.0,2.0965000702205083,0.822,0.902,0.886,0.016
1,mahalanobis_diag,intent_quantile_0.7,nearest_sphere,ratio,2.0,3.0288337513585546,0.842,0.902,0.89,0.012
1,mahalanobis_diag,intent_quantile_0.7,nearest_sphere,inverse_margin,0.0,1.1723045201380482,0.802,0.902,0.882,0.02
1,mahalanobis_diag,intent_quantile_0.7,nearest_sphere,inverse_margin,0.25,4.703703361100804,0.812,0.902,0.884,0.018
1,mahalanobis_diag,intent_quantile_0.7,nearest_sphere,inverse_margin,0.5,8.212021005999462,0.812,0.902,0.884,0.018
1,mahalanobis_diag,intent_quantile_0.7,nearest_sphere,inverse_margin,1.0,15.228656295796776,0.812,0.902,0.884,0.018
1,mahalanobis_diag,intent_quantile_0.7,nearest_sphere,inverse_margin,2.0,29.261926875391406,0.812,0.902,0.884,0.018
1,mahalanobis_diag,intent_quantile_0.7,nearest_sphere,max_ratio,0.0,1.1723045201380482,0.802,0.902,0.882,0.02
1,mahalanobis_diag,intent_quantile_0.7,nearest_sphere,max_ratio,0.25,1.1723045201380482,0.802,0.902,0.882,0.02
1,mahalanobis_diag,intent_quantile_0.7,nearest_sphere,max_ratio,0.5,1.1723045201380482,0.802,0.902,0.882,0.02
1,mahalanobis_diag,intent_quantile_0.7,nearest_sphere,max_ratio,1.0,1.1723045201380482,0.802,0.902,0.882,0.02
1,mahalanobis_diag,intent_quantile_0.7,nearest_sphere,max_ratio,2.0,1.866961750644288,0.812,0.902,0.884,0.018
1,mahalanobis_diag,intent_quantile_0.7,normalized_union,none,0.0,1.1723045201380482,0.802,0.902,0.882,0.02
1,mahalanobis_diag,intent_quantile_0.7,normalized_union,none,0.25,1.1723045201380482,0.802,0.902,0.882,0.02
1,mahalanobis_diag,intent_quantile_0.7,normalized_union,none,0.5,1.1723045201380482,0.802,0.902,0.882,0.02
1,mahalanobis_diag,intent_quantile_0.7,normalized_union,none,1.0,1.1723045201380482,0.802,0.902,0.882,0.02
1,mahalanobis_diag,intent_quantile_0.7,normalized_union,none,2.0,1.1723045201380482,0.802,0.902,0.882,0.02
1,mahalanobis_diag,intent_quantile_0.7,normalized_union,ratio,0.0,1.1723045201380482,0.802,0.902,0.882,0.02
1,mahalanobis_diag,intent_quantile_0.7,normalized_union,ratio,0.25,1.391510424423132,0.802,0.902,0.882,0.02
1,mahalanobis_diag,intent_quantile_0.7,normalized_union,ratio,0.5,1.6205201201523818,0.812,0.902,0.884,0.018
1,mahalanobis_diag,intent_quantile_0.7,normalized_union,ratio,1.0,2.0965000702205083,0.822,0.902,0.886,0.016
1,mahalanobis_diag,intent_quantile_0.7,normalized_union,ratio,2.0,3.0288337513585546,0.842,0.902,0.89,0.012
1,mahalanobis_diag,intent_quantile_0.7,normalized_union,inverse_margin,0.0,1.1723045201380482,0.802,0.902,0.882,0.02
1,mahalanobis_diag,intent_quantile_0.7,normalized_union,inverse_margin,0.25,4.703703361100804,0.812,0.902,0.884,0.018
1,mahalanobis_diag,intent_quantile_0.7,normalized_union,inverse_margin,0.5,8.212021005999462,0.812,0.902,0.884,0.018
1,mahalanobis_diag,intent_quantile_0.7,normalized_union,inverse_margin,1.0,15.228656295796776,0.812,0.902,0.884,0.018
1,mahalanobis_diag,intent_quantile_0.7,normalized_union,inverse_margin,2.0,29.261926875391406,0.812,0.902,0.884,0.018
1,mahalanobis_diag,intent_quantile_0.7,normalized_union,max_ratio,0.0,1.1723045201380482,0.802,0.902,0.882,0.02
1,mahalanobis_diag,intent_quantile_0.7,normalized_union,max_ratio,0.25,1.1723045201380482,0.802,0.902,0.882,0.02
1,mahalanobis_diag,intent_quantile_0.7,normalized_union,max_ratio,0.5,1.1723045201380482,0.802,0.902,0.882,0.02
1,mahalanobis_diag,intent_quantile_0.7,normalized_union,max_ratio,1.0,1.1723045201380482,0.802,0.902,0.882,0.02
1,mahalanobis_diag,intent_quantile_0.7,normalized_union,max_ratio,2.0,1.866961750644288,0.812,0.902,0.884,0.018
1,mahalanobis_diag,center_quantile_0.8,nearest_sphere,none,0.0,1.089590970473799,0.802,0.902,0.882,0.02
1,mahalanobis_diag,center_quantile_0.8,nearest_sphere,none,0.25,1.089590970473799,0.802,0.902,0.882,0.02
1,mahalanobis_diag,center_quantile_0.8,nearest_sphere,none,0.5,1.089590970473799,0.802,0.902,0.882,0.02
1,mahalanobis_diag,center_quantile_0.8,nearest_sphere,none,1.0,1.089590970473799,0.802,0.902,0.882,0.02
1,mahalanobis_diag,center_quantile_0.8,nearest_sphere,none,2.0,1.089590970473799,0.802,0.902,0.882,0.02
1,mahalanobis_diag,center_quantile_0.8,nearest_sphere,ratio,0.0,1.089590970473799,0.802,0.902,0.882,0.02
1,mahalanobis_diag,center_quantile_0.8,nearest_sphere,ratio,0.25,1.3232163535819805,0.802,0.902,0.882,0.02
1,mahalanobis_diag,center_quantile_0.8,nearest_sphere,ratio,0.5,1.5555833233476692,0.802,0.902,0.882,0.02
1,mahalanobis_diag,center_quantile_0.8,nearest_sphere,ratio,1.0,2.0168669235225387,0.802,0.902,0.882,0.02
1,mahalanobis_diag,center_quantile_0.8,nearest_sphere,ratio,2.0,2.961501699794714,0.832,0.902,0.888,0.014
1,mahalanobis_diag,center_quantile_0.8,nearest_sphere,inverse_margin,0.0,1.089590970473799,0.802,0.902,0.882,0.02
1,mahalanobis_diag,center_quantile_0.8,nearest_sphere,inverse_margin,0.25,4.616558821671022,0.812,0.902,0.884,0.018
1,mahalanobis_diag,center_quantile_0.8,nearest_sphere,inverse_margin,0.5,8.12487646656968,0.812,0.902,0.884,0.018
1,mahalanobis_diag,center_quantile_0.8,nearest_sphere,inverse_margin,1.0,15.141511756366995,0.812,0.902,0.884,0.018
1,mahalanobis_diag,center_quantile_0.8,nearest_sphere,inverse_margin,2.0,29.174782335961623,0.812,0.902,0.884,0.018
1,mahalanobis_diag,center_quantile_0.8,nearest_sphere,max_ratio,0.0,1.089590970473799,0.802,0.902,0.882,0.02
1,mahalanobis_diag,center_quantile_0.8,nearest_sphere,max_ratio,0.25,1.089590970473799,0.802,0.902,0.882,0.02
1,mahalanobis_diag,center_quantile_0.8,nearest_sphere,max_ratio,0.5,1.089590970473799,0.802,0.902,0.882,0.02
1,mahalanobis_diag,center_quantile_0.8,nearest_sphere,max_ratio,1.0,1.089590970473799,0.802,0.902,0.882,0.02
1,mahalanobis_diag,center_quantile_0.8,nearest_sphere,max_ratio,2.0,1.866961750644288,0.812,0.902,0.884,0.018
1,mahalanobis_diag,center_quantile_0.8,normalized_union,none,0.0,1.089590970473799,0.792,0.902,0.88,0.022
1,mahalanobis_diag,center_quantile_0.8,normalized_union,none,0.25,1.089590970473799,0.792,0.902,0.88,0.022
1,mahalanobis_diag,center_quantile_0.8,normalized_union,none,0.5,1.089590970473799,0.792,0.902,0.88,0.022
1,mahalanobis_diag,center_quantile_0.8,normalized_union,none,1.0,1.089590970473799,0.792,0.902,0.88,0.022
1,mahalanobis_diag,center_quantile_0.8,normalized_union,none,2.0,1.089590970473799,0.792,0.902,0.88,0.022
1,mahalanobis_diag,center_quantile_0.8,normalized_union,ratio,0.0,1.089590970473799,0.792,0.902,0.88,0.022
1,mahalanobis_diag,center_quantile_0.8,normalized_union,ratio,0.25,1.3232163535819805,0.792,0.902,0.88,0.022
1,mahalanobis_diag,center_quantile_0.8,normalized_union,ratio,0.5,1.5555833233476692,0.792,0.902,0.88,0.022
1,mahalanobis_diag,center_quantile_0.8,normalized_union,ratio,1.0,2.0168669235225387,0.792,0.902,0.88,0.022
1,mahalanobis_diag,center_quantile_0.8,normalized_union,ratio,2.0,2.961501699794714,0.822,0.902,0.886,0.016
1,mahalanobis_diag,center_quantile_0.8,normalized_union,inverse_margin,0.0,1.089590970473799,0.792,0.902,0.88,0.022
1,mahalanobis_diag,center_quantile_0.8,normalized_union,inverse_margin,0.25,4.616558821671022,0.812,0.902,0.884,0.018
1,mahalanobis_diag,center_quantile_0.8,normalized_union,inverse_margin,0.5,8.12487646656968,0.812,0.902,0.884,0.018
1,mahalanobis_diag,center_quantile_0.8,normalized_union,inverse_margin,1.0,15.141511756366995,0.812,0.902,0.884,0.018
1,mahalanobis_diag,center_quantile_0.8,normalized_union,inverse_margin,2.0,29.174782335961623,0.812,0.902,0.884,0.018
1,mahalanobis_diag,center_quantile_0.8,normalized_union,max_ratio,0.0,1.089590970473799,0.792,0.902,0.88,0.022
1,mahalanobis_diag,center_quantile_0.8,normalized_union,max_ratio,0.25,1.089590970473799,0.792,0.902,0.88,0.022
1,mahalanobis_diag,center_quantile_0.8,normalized_union,max_ratio,0.5,1.089590970473799,0.792,0.902,0.88,0.022
1,mahalanobis_diag,center_quantile_0.8,normalized_union,max_ratio,1.0,1.089590970473799,0.792,0.902,0.88,0.022
1,mahalanobis_diag,center_quantile_0.8,normalized_union,max_ratio,2.0,1.866961750644288,0.812,0.902,0.884,0.018
1,mahalanobis_diag,intent_quantile_0.8,nearest_sphere,none,0.0,1.0988601784569854,0.802,0.902,0.882,0.02
1,mahalanobis_diag,intent_quantile_0.8,nearest_sphere,none,0.25,1.0988601784569854,0.802,0.902,0.882,0.02
1,mahalanobis_diag,intent_quantile_0.8,nearest_sphere,none,0.5,1.0988601784569854,0.802,0.902,0.882,0.02
1,mahalanobis_diag,intent_quantile_0.8,nearest_sphere,none,1.0,1.0988601784569854,0.802,0.902,0.882,0.02
1,mahalanobis_diag,intent_quantile_0.8,nearest_sphere,none,2.0,1.0988601784569854,0.802,0.902,0.882,0.02
1,mahalanobis_diag,intent_quantile_0.8,nearest_sphere,ratio,0.0,1.0988601784569854,0.802,0.902,0.882,0.02
1,mahalanobis_diag,intent_quantile_0.8,nearest_sphere,ratio,0.25,1.326556254023516,0.802,0.902,0.882,0.02
1,mahalanobis_diag,intent_quantile_0.8,nearest_sphere,ratio,0.5,1.5559938374518532,0.802,0.902,0.882,0.02
1,mahalanobis_diag,intent_quantile_0.8,nearest_sphere,ratio,1.0,2.0180169020755754,0.802,0.902,0.882,0.02
1,mahalanobis_diag,intent_quantile_0.8,nearest_sphere,ratio,2.0,2.961904073320336,0.832,0.902,0.888,0.014
1,mahalanobis_diag,intent_quantile_0.8,nearest_sphere,inverse_margin,0.0,1.0988601784569854,0.802,0.902,0.882,0.02
1,mahalanobis_diag,intent_quantile_0.8,nearest_sphere,inverse_margin,0.25,4.6177490189503505,0.812,0.902,0.884,0.018
1,mahalanobis_diag,intent_quantile_0.8,nearest_sphere,inverse_margin,0.5,8.126066663849008,0.812,0.902,0.884,0.018
1,mahalanobis_diag,intent_quantile_0.8,nearest_sphere,inverse_margin,1.0,15.142701953646323,0.812,0.902,0.884,0.018
1,mahalanobis_diag,intent_quantile_0.8,nearest_sphere,inverse_margin,2.0,29.17597253324095,0.812,0.902,0.884,0.018
1,mahalanobis_diag,intent_quantile_0.8,nearest_sphere,max_ratio,0.0,1.0988601784569854,0.802,0.902,0.882,0.02
1,mahalanobis_diag,intent_quantile_0.8,nearest_sphere,max_ratio,0.25,1.0988601784569854,0.802,0.902,0.882,0.02
1,mahalanobis_diag,intent_quantile_0.8,nearest_sphere,max_ratio,0.5,1.0988601784569854,0.802,0.902,0.882,0.02
1,mahalanobis_diag,intent_quantile_0.8,nearest_sphere,max_ratio,1.0,1.0988601784569854,0.802,0.902,0.882,0.02
1,mahalanobis_diag,intent_quantile_0.8,nearest_sphere,max_ratio,2.0,1.866961750644288,0.812,0.902,0.884,0.018
1,mahalanobis_diag,intent_quantile_0.8,normalized_union,none,0.0,1.0988601784569854,0.782,0.902,0.878,0.024
1,mahalanobis_diag,intent_quantile_0.8,normalized_union,none,0.25,1.0988601784569854,0.782,0.902,0.878,0.024
1,mahalanobis_diag,intent_quantile_0.8,normalized_union,none,0.5,1.0988601784569854,0.782,0.902,0.878,0.024
1,mahalanobis_diag,intent_quantile_0.8,normalized_union,none,1.0,1.0988601784569854,0.782,0.902,0.878,0.024
1,mahalanobis_diag,intent_quantile_0.8,normalized_union,none,2.0,1.0988601784569854,0.782,0.902,0.878,0.024
1,mahalanobis_diag,intent_quantile_0.8,normalized_union,ratio,0.0,1.0988601784569854,0.782,0.902,0.878,0.024
1,mahalanobis_diag,intent_quantile_0.8,normalized_union,ratio,0.25,1.326556254023516,0.782,0.902,0.878,0.024
1,mahalanobis_diag,intent_quantile_0.8,normalized_union,ratio,0.5,1.5559938374518532,0.782,0.902,0.878,0.024
1,mahalanobis_diag,intent_quantile_0.8,normalized_union,ratio,1.0,2.0180169020755754,0.782,0.902,0.878,0.024
1,mahalanobis_diag,intent_quantile_0.8,normalized_union,ratio,2.0,2.961904073320336,0.812,0.902,0.884,0.018
1,mahalanobis_diag,intent_quantile_0.8,normalized_union,inverse_margin,0.0,1.0988601784569854,0.782,0.902,0.878,0.024
1,mahalanobis_diag,intent_quantile_0.8,normalized_union,inverse_margin,0.25,4.6177490189503505,0.812,0.902,0.884,0.018
1,mahalanobis_diag,intent_quantile_0.8,normalized_union,inverse_margin,0.5,8.126066663849008,0.812,0.902,0.884,0.018
1,mahalanobis_diag,intent_quantile_0.8,normalized_union,inverse_margin,1.0,15.142701953646323,0.812,0.902,0.884,0.018
1,mahalanobis_diag,intent_quantile_0.8,normalized_union,inverse_margin,2.0,29.17597253324095,0.812,0.902,0.884,0.018
1,mahalanobis_diag,intent_quantile_0.8,normalized_union,max_ratio,0.0,1.0988601784569854,0.782,0.902,0.878,0.024
1,mahalanobis_diag,intent_quantile_0.8,normalized_union,max_ratio,0.25,1.0988601784569854,0.782,0.902,0.878,0.024
1,mahalanobis_diag,intent_quantile_0.8,normalized_union,max_ratio,0.5,1.0988601784569854,0.782,0.902,0.878,0.024
1,mahalanobis_diag,intent_quantile_0.8,normalized_union,max_ratio,1.0,1.0988601784569854,0.782,0.902,0.878,0.024
1,mahalanobis_diag,intent_quantile_0.8,normalized_union,max_ratio,2.0,1.866961750644288,0.812,0.902,0.884,0.018
1,mahalanobis_diag,center_quantile_0.9,nearest_sphere,none,0.0,0.9927539457364504,0.812,0.902,0.884,0.018
1,mahalanobis_diag,center_quantile_0.9,nearest_sphere,none,0.25,0.9927539457364504,0.812,0.902,0.884,0.018
1,mahalanobis_diag,center_quantile_0.9,nearest_sphere,none,0.5,0.9927539457364504,0.812,0.902,0.884,0.018
1,mahalanobis_diag,center_quantile_0.9,nearest_sphere,none,1.0,0.9927539457364504,0.812,0.902,0.884,0.018
1,mahalanobis_diag,center_quantile_0.9,nearest_sphere,none,2.0,0.9927539457364504,0.812,0.902,0.884,0.018
1,mahalanobis_diag,center_quantile_0.9,nearest_sphere,ratio,0.0,0.9927539457364504,0.812,0.902,0.884,0.018
1,mahalanobis_diag,center_quantile_0.9,nearest_sphere,ratio,0.25,1.2208891708075145,0.812,0.902,0.884,0.018
1,mahalanobis_diag,center_quantile_0.9,nearest_sphere,ratio,0.5,1.4517570354610025,0.822,0.902,0.886,0.016
1,mahalanobis_diag,center_quantile_0.9,nearest_sphere,ratio,1.0,1.9320326401680368,0.832,0.902,0.888,0.014
1,mahalanobis_diag,center_quantile_0.9,nearest_sphere,ratio,2.0,2.8802419347931414,0.832,0.902,0.888,0.014
1,mahalanobis_diag,center_quantile_0.9,nearest_sphere,inverse_margin,0.0,0.9927539457364504,0.812,0.902,0.884,0.018
1,mahalanobis_diag,center_quantile_0.9,nearest_sphere,inverse_margin,0.25,4.536285381718857,0.812,0.902,0.884,0.018
1,mahalanobis_diag,center_quantile_0.9,nearest_sphere,inverse_margin,0.5,8.044603026617516,0.812,0.902,0.884,0.018
1,mahalanobis_diag,center_quantile_0.9,nearest_sphere,inverse_margin,1.0,15.06123831641483,0.812,0.902,0.884,0.018
1,mahalanobis_diag,center_quantile_0.9,nearest_sphere,inverse_margin,2.0,29.094508896009458,0.812,0.902,0.884,0.018
1,mahalanobis_diag,center_quantile_0.9,nearest_sphere,max_ratio,0.0,0.9927539457364504,0.812,0.902,0.884,0.018
1,mahalanobis_diag,center_quantile_0.9,nearest_sphere,max_ratio,0.25,0.9927539457364504,0.812,0.902,0.884,0.018
1,mahalanobis_diag,center_quantile_0.9,nearest_sphere,max_ratio,0.5,0.9927539457364504,0.812,0.902,0.884,0.018
1,mahalanobis_diag,center_quantile_0.9,nearest_sphere,max_ratio,1.0,0.9927539457364504,0.812,0.902,0.884,0.018
1,mahalanobis_diag,center_quantile_0.9,nearest_sphere,max_ratio,2.0,1.866961750644288,0.812,0.902,0.884,0.018
1,mahalanobis_diag,center_quantile_0.9,normalized_union,none,0.0,0.9909188311189558,0.812,0.902,0.884,0.018
1,mahalanobis_diag,center_quantile_0.9,normalized_union,none,0.25,0.9909188311189558,0.812,0.902,0.884,0.018
1,mahalanobis_diag,center_quantile_0.9,normalized_union,none,0.5,0.9909188311189558,0.812,0.902,0.884,0.018
1,mahalanobis_diag,center_quantile_0.9,normalized_union,none,1.0,0.9909188311189558,0.812,0.902,0.884,0.018
1,mahalanobis_diag,center_quantile_0.9,normalized_union,none,2.0,0.9909188311189558,0.812,0.902,0.884,0.018
1,mahalanobis_diag,center_quantile_0.9,normalized_union,ratio,0.0,0.9909188311189558,0.812,0.902,0.884,0.018
1,mahalanobis_diag,center_quantile_0.9,normalized_union,ratio,0.25,1.220487069611365,0.812,0.902,0.884,0.018
1,mahalanobis_diag,center_quantile_0.9,normalized_union,ratio,0.5,1.447072214814581,0.822,0.902,0.886,0.016
1,mahalanobis_diag,center_quantile_0.9,normalized_union,ratio,1.0,1.9227266469280833,0.822,0.902,0.886,0.016
1,mahalanobis_diag,center_quantile_0.9,normalized_union,ratio,2.0,2.8802419347931414,0.822,0.902,0.886,0.016
1,mahalanobis_diag,center_quantile_0.9,normalized_union,inverse_margin,0.0,0.9909188311189558,0.812,0.902,0.884,0.018
1,mahalanobis_diag,center_quantile_0.9,normalized_union,inverse_margin,0.25,4.536285381718857,0.812,0.902,0.884,0.018
1,mahalanobis_diag,center_quantile_0.9,normalized_union,inverse_margin,0.5,8.044603026617516,0.812,0.902,0.884,0.018
1,mahalanobis_diag,center_quantile_0.9,normalized_union,inverse_margin,1.0,15.06123831641483,0.812,0.902,0.884,0.018
1,mahalanobis_diag,center_quantile_0.9,normalized_union,inverse_margin,2.0,29.094508896009458,0.812,0.902,0.884,0.018
1,mahalanobis_diag,center_quantile_0.9,normalized_union,max_ratio,0.0,0.9909188311189558,0.812,0.902,0.884,0.018
1,mahalanobis_diag,center_quantile_0.9,normalized_union,max_ratio,0.25,0.9909188311189558,0.812,0.902,0.884,0.018
1,mahalanobis_diag,center_quantile_0.9,normalized_union,max_ratio,0.5,0.9909188311189558,0.812,0.902,0.884,0.018
1,mahalanobis_diag,center_quantile_0.9,normalized_union,max_ratio,1.0,0.9909188311189558,0.812,0.902,0.884,0.018
1,mahalanobis_diag,center_quantile_0.9,normalized_union,max_ratio,2.0,1.866961750644288,0.812,0.902,0.884,0.018
1,mahalanobis_diag,intent_quantile_0.9,nearest_sphere,none,0.0,1.007435582745158,0.802,0.902,0.882,0.02
1,mahalanobis_diag,intent_quantile_0.9,nearest_sphere,none,0.25,1.007435582745158,0.802,0.902,0.882,0.02
1,mahalanobis_diag,intent_quantile_0.9,nearest_sphere,none,0.5,1.007435582745158,0.802,0.902,0.882,0.02
1,mahalanobis_diag,intent_quantile_0.9,nearest_sphere,none,1.0,1.007435582745158,0.802,0.902,0.882,0.02
1,mahalanobis_diag,intent_quantile_0.9,nearest_sphere,none,2.0,1.007435582745158,0.802,0.902,0.882,0.02
1,mahalanobis_diag,intent_quantile_0.9,nearest_sphere,ratio,0.0,1.007435582745158,0.802,0.902,0.882,0.02
1,mahalanobis_diag,intent_quantile_0.9,nearest_sphere,ratio,0.25,1.231742206762744,0.802,0.902,0.882,0.02
1,mahalanobis_diag,intent_quantile_0.9,nearest_sphere,ratio,0.5,1.4580960834051169,0.812,0.902,0.884,0.018
1,mahalanobis_diag,intent_quantile_0.9,nearest_sphere,ratio,1.0,1.9400606116875627,0.822,0.902,0.886,0.016
1,mahalanobis_diag,intent_quantile_0.9,nearest_sphere,ratio,2.0,2.883851668271718,0.832,0.902,0.888,0.014
1,mahalanobis_diag,intent_quantile_0.9,nearest_sphere,inverse_margin,0.0,1.007435582745158,0.802,0.902,0.882,0.02
1,mahalanobis_diag,intent_quantile_0.9,nearest_sphere,inverse_margin,0.25,4.5371978520829925,0.812,0.902,0.884,0.018
1,mahalanobis_diag,intent_quantile_0.9,nearest_sphere,inverse_margin,0.5,8.04551549698165,0.812,0.902,0.884,0.018
1,mahalanobis_diag,intent_quantile_0.9,nearest_sphere,inverse_margin,1.0,15.062150786778965,0.812,0.902,0.884,0.018
1,mahalanobis_diag,intent_quantile_0.9,nearest_sphere,inverse_margin,2.0,29.095421366373596,0.812,0.902,0.884,0.018
1,mahalanobis_diag,intent_quantile_0.9,nearest_sphere,max_ratio,0.0,1.007435582745158,0.802,0.902,0.882,0.02
1,mahalanobis_diag,intent_quantile_0.9,nearest_sphere,max_ratio,0.25,1.007435582745158,0.802,0.902,0.882,0.02
1,mahalanobis_diag,intent_quantile_0.9,nearest_sphere,max_ratio,0.5,1.007435582745158,0.802,0.902,0.882,0.02
1,mahalanobis_diag,intent_quantile_0.9,nearest_sphere,max_ratio,1.0,1.007435582745158,0.802,0.902,0.882,0.02
1,mahalanobis_diag,intent_quantile_0.9,nearest_sphere,max_ratio,2.0,1.866961750644288,0.812,0.902,0.884,0.018
1,mahalanobis_diag,intent_quantile_0.9,normalized_union,none,0.0,1.007435582745158,0.802,0.902,0.882,0.02
1,mahalanobis_diag,intent_quantile_0.9,normalized_union,none,0.25,1.007435582745158,0.802,0.902,0.882,0.02
1,mahalanobis_diag,intent_quantile_0.9,normalized_union,none,0.5,1.007435582745158,0.802,0.902,0.882,0.02
1,mahalanobis_diag,intent_quantile_0.9,normalized_union,none,1.0,1.007435582745158,0.802,0.902,0.882,0.02
1,mahalanobis_diag,intent_quantile_0.9,normalized_union,none,2.0,1.007435582745158,0.802,0.902,0.882,0.02
1,mahalanobis_diag,intent_quantile_0.9,normalized_union,ratio,0.0,1.007435582745158,0.802,0.902,0.882,0.02
1,mahalanobis_diag,intent_quantile_0.9,normalized_union,ratio,0.25,1.231742206762744,0.802,0.902,0.882,0.02
1,mahalanobis_diag,intent_quantile_0.9,normalized_union,ratio,0.5,1.4580960834051169,0.812,0.902,0.884,0.018
1,mahalanobis_diag,intent_quantile_0.9,normalized_union,ratio,1.0,1.9400606116875627,0.822,0.902,0.886,0.016
1,mahalanobis_diag,intent_quantile_0.9,normalized_union,ratio,2.0,2.883851668271718,0.832,0.902,0.888,0.014
1,mahalanobis_diag,intent_quantile_0.9,normalized_union,inverse_margin,0.0,1.007435582745158,0.802,0.902,0.882,0.02
1,mahalanobis_diag,intent_quantile_0.9,normalized_union,inverse_margin,0.25,4.5371978520829925,0.812,0.902,0.884,0.018
1,mahalanobis_diag,intent_quantile_0.9,normalized_union,inverse_margin,0.5,8.04551549698165,0.812,0.902,0.884,0.018
1,mahalanobis_diag,intent_quantile_0.9,normalized_union,inverse_margin,1.0,15.062150786778965,0.812,0.902,0.884,0.018
1,mahalanobis_diag,intent_quantile_0.9,normalized_union,inverse_margin,2.0,29.095421366373596,0.812,0.902,0.884,0.018
1,mahalanobis_diag,intent_quantile_0.9,normalized_union,max_ratio,0.0,1.007435582745158,0.802,0.902,0.882,0.02
1,mahalanobis_diag,intent_quantile_0.9,normalized_union,max_ratio,0.25,1.007435582745158,0.802,0.902,0.882,0.02
1,mahalanobis_diag,intent_quantile_0.9,normalized_union,max_ratio,0.5,1.007435582745158,0.802,0.902,0.882,0.02
1,mahalanobis_diag,intent_quantile_0.9,normalized_union,max_ratio,1.0,1.007435582745158,0.802,0.902,0.882,0.02
1,mahalanobis_diag,intent_quantile_0.9,normalized_union,max_ratio,2.0,1.866961750644288,0.812,0.902,0.884,0.018
1,mahalanobis_diag,center_quantile_0.95,nearest_sphere,none,0.0,0.9405916017850786,0.812,0.902,0.884,0.018
1,mahalanobis_diag,center_quantile_0.95,nearest_sphere,none,0.25,0.9405916017850786,0.812,0.902,0.884,0.018
1,mahalanobis_diag,center_quantile_0.95,nearest_sphere,none,0.5,0.9405916017850786,0.812,0.902,0.884,0.018
1,mahalanobis_diag,center_quantile_0.95,nearest_sphere,none,1.0,0.9405916017850786,0.812,0.902,0.884,0.018
1,mahalanobis_diag,center_quantile_0.95,nearest_sphere,none,2.0,0.9405916017850786,0.812,0.902,0.884,0.018
1,mahalanobis_diag,center_quantile_0.95,nearest_sphere,ratio,0.0,0.9405916017850786,0.812,0.902,0.884,0.018
1,mahalanobis_diag,center_quantile_0.95,nearest_sphere,ratio,0.25,1.1735849370610527,0.802,0.902,0.882,0.02
1,mahalanobis_diag,center_quantile_0.95,nearest_sphere,ratio,0.5,1.4075555493393408,0.832,0.902,0.888,0.014
1,mahalanobis_diag,center_quantile_0.95,nearest_sphere,ratio,1.0,1.8831784567042726,0.832,0.902,0.888,0.014
1,mahalanobis_diag,center_quantile_0.95,nearest_sphere,ratio,2.0,2.825765311623467,0.832,0.902,0.888,0.014
1,mahalanobis_diag,center_quantile_0.95,nearest_sphere,inverse_margin,0.0,0.9405916017850786,0.812,0.902,0.884,0.018
1,mahalanobis_diag,center_quantile_0.95,nearest_sphere,inverse_margin,0.25,4.496095468137599,0.812,0.902,0.884,0.018
1,mahalanobis_diag,center_quantile_0.95,nearest_sphere,inverse_margin,0.5,8.004413113036257,0.812,0.902,0.884,0.018
1,mahalanobis_diag,center_quantile_0.95,nearest_sphere,inverse_margin,1.0,15.021048402833571,0.812,0.902,0.884,0.018
1,mahalanobis_diag,center_quantile_0.95,nearest_sphere,inverse_margin,2.0,29.054318982428203,0.812,0.902,0.884,0.018
1,mahalanobis_diag,center_quantile_0.95,nearest_sphere,max_ratio,0.0,0.9405916017850786,0.812,0.902,0.884,0.018
1,mahalanobis_diag,center_quantile_0.95,nearest_sphere,max_ratio,0.25,0.9405916017850786,0.812,0.902,0.884,0.018
1,mahalanobis_diag,center_quantile_0.95,nearest_sphere,max_ratio,0.5,0.9405916017850786,0.812,0.902,0.884,0.018
1,mahalanobis_diag,center_quantile_0.95,nearest_sphere,max_ratio,1.0,0.9652724509787626,0.812,0.902,0.884,0.018
1,mahalanobis_diag,center_quantile_0.95,nearest_sphere,max_ratio,2.0,1.866961750644288,0.812,0.902,0.884,0.018
1,mahalanobis_diag,center_quantile_0.95,normalized_union,none,0.0,0.9341824599449638,0.842,0.902,0.89,0.012
1,mahalanobis_diag,center_quantile_0.95,normalized_union,none,0.25,0.9341824599449638,0.842,0.902,0.89,0.012
1,mahalanobis_diag,center_quantile_0.95,normalized_union,none,0.5,0.9341824599449638,0.842,0.902,0.89,0.012
1,mahalanobis_diag,center_quantile_0.95,normalized_union,none,1.0,0.9341824599449638,0.842,0.902,0.89,0.012
1,mahalanobis_diag,center_quantile_0.95,normalized_union,none,2.0,0.9341824599449638,0.842,0.902,0.89,0.012
1,mahalanobis_diag,center_quantile_0.95,normalized_union,ratio,0.0,0.9341824599449638,0.842,0.902,0.89,0.012
1,mahalanobis_diag,center_quantile_0.95,normalized_union,ratio,0.25,1.170538795558978,0.852,0.902,0.892,0.01
1,mahalanobis_diag,center_quantile_0.95,normalized_union,ratio,0.5,1.3996565432029455,0.842,0.902,0.89,0.012
1,mahalanobis_diag,center_quantile_0.95,normalized_union,ratio,1.0,1.8594872641434446,0.842,0.902,0.89,0.012
1,mahalanobis_diag,center_quantile_0.95,normalized_union,ratio,2.0,2.8113792230090695,0.832,0.902,0.888,0.014
1,mahalanobis_diag,center_quantile_0.95,normalized_union,inverse_margin,0.0,0.9341824599449638,0.842,0.902,0.89,0.012
1,mahalanobis_diag,center_quantile_0.95,normalized_union,inverse_margin,0.25,4.495661590238186,0.822,0.902,0.886,0.016
1,mahalanobis_diag,center_quantile_0.95,normalized_union,inverse_margin,0.5,8.003979235136843,0.822,0.902,0.886,0.016
1,mahalanobis_diag,center_quantile_0.95,normalized_union,inverse_margin,1.0,15.020614524934158,0.822,0.902,0.886,0.016
1,mahalanobis_diag,center_quantile_0.95,normalized_union,inverse_margin,2.0,29.05388510452879,0.822,0.902,0.886,0.016
1,mahalanobis_diag,center_quantile_0.95,normalized_union,max_ratio,0.0,0.9341824599449638,0.842,0.902,0.89,0.012
1,mahalanobis_diag,center_quantile_0.95,normalized_union,max_ratio,0.25,0.9341824599449638,0.842,0.902,0.89,0.012
1,mahalanobis_diag,center_quantile_0.95,normalized_union,max_ratio,0.5,0.9341824599449638,0.842,0.902,0.89,0.012
1,mahalanobis_diag,center_quantile_0.95,normalized_union,max_ratio,1.0,0.9641431093747646,0.832,0.902,0.888,0.014
1,mahalanobis_diag,center_quantile_0.95,normalized_union,max_ratio,2.0,1.866961750644288,0.822,0.902,0.886,0.016
1,mahalanobis_diag,intent_quantile_0.95,nearest_sphere,none,0.0,0.9566910192440513,0.802,0.902,0.882,0.02
1,mahalanobis_diag,intent_quantile_0.95,nearest_sphere,none,0.25,0.9566910192440513,0.802,0.902,0.882,0.02
1,mahalanobis_diag,intent_quantile_0.95,nearest_sphere,none,0.5,0.9566910192440513,0.802,0.902,0.882,0.02
1,mahalanobis_diag,intent_quantile_0.95,nearest_sphere,none,1.0,0.9566910192440513,0.802,0.902,0.882,0.02
1,mahalanobis_diag,intent_quantile_0.95,nearest_sphere,none,2.0,0.9566910192440513,0.802,0.902,0.882,0.02
1,mahalanobis_diag,intent_quantile_0.95,nearest_sphere,ratio,0.0,0.9566910192440513,0.802,0.902,0.882,0.02
1,mahalanobis_diag,intent_quantile_0.95,nearest_sphere,ratio,0.25,1.1909179440876791,0.802,0.902,0.882,0.02
1,mahalanobis_diag,intent_quantile_0.95,nearest_sphere,ratio,0.5,1.414974189072081,0.812,0.902,0.884,0.018
1,mahalanobis_diag,intent_quantile_0.95,nearest_sphere,ratio,1.0,1.9004742251048605,0.822,0.902,0.886,0.016
1,mahalanobis_diag,intent_quantile_0.95,nearest_sphere,ratio,2.0,2.8442771783774203,0.832,0.902,0.888,0.014
1,mahalanobis_diag,intent_quantile_0.95,nearest_sphere,inverse_margin,0.0,0.9566910192440513,0.802,0.902,0.882,0.02
1,mahalanobis_diag,intent_quantile_0.95,nearest_sphere,inverse_margin,0.25,4.496095468137599,0.812,0.902,0.884,0.018
1,mahalanobis_diag,intent_quantile_0.95,nearest_sphere,inverse_margin,0.5,8.004413113036257,0.812,0.902,0.884,0.018
1,mahalanobis_diag,intent_quantile_0.95,nearest_sphere,inverse_margin,1.0,15.021048402833571,0.812,0.902,0.884,0.018
1,mahalanobis_diag,intent_quantile_0.95,nearest_sphere,inverse_margin,2.0,29.054318982428203,0.812,0.902,0.884,0.018
1,mahalanobis_diag,intent_quantile_0.95,nearest_sphere,max_ratio,0.0,0.9566910192440513,0.802,0.902,0.882,0.02
1,mahalanobis_diag,intent_quantile_0.95,nearest_sphere,max_ratio,0.25,0.9566910192440513,0.802,0.902,0.882,0.02
1,mahalanobis_diag,intent_quantile_0.95,nearest_sphere,max_ratio,0.5,0.9566910192440513,0.802,0.902,0.882,0.02
1,mahalanobis_diag,intent_quantile_0.95,nearest_sphere,max_ratio,1.0,0.969899330970876,0.822,0.902,0.886,0.016
1,mahalanobis_diag,intent_quantile_0.95,nearest_sphere,max_ratio,2.0,1.866961750644288,0.812,0.902,0.884,0.018
1,mahalanobis_diag,intent_quantile_0.95,normalized_union,none,0.0,0.9566910192440513,0.812,0.902,0.884,0.018
1,mahalanobis_diag,intent_quantile_0.95,normalized_union,none,0.25,0.9566910192440513,0.812,0.902,0.884,0.018
1,mahalanobis_diag,intent_quantile_0.95,normalized_union,none,0.5,0.9566910192440513,0.812,0.902,0.884,0.018
1,mahalanobis_diag,intent_quantile_0.95,normalized_union,none,1.0,0.9566910192440513,0.812,0.902,0.884,0.018
1,mahalanobis_diag,intent_quantile_0.95,normalized_union,none,2.0,0.9566910192440513,0.812,0.902,0.884,0.018
1,mahalanobis_diag,intent_quantile_0.95,normalized_union,ratio,0.0,0.9566910192440513,0.812,0.902,0.884,0.018
1,mahalanobis_diag,intent_quantile_0.95,normalized_union,ratio,0.25,1.1909179440876791,0.812,0.902,0.884,0.018
1,mahalanobis_diag,intent_quantile_0.95,normalized_union,ratio,0.5,1.414974189072081,0.822,0.902,0.886,0.016
1,mahalanobis_diag,intent_quantile_0.95,normalized_union,ratio,1.0,1.8947024603490155,0.832,0.902,0.888,0.014
1,mahalanobis_diag,intent_quantile_0.95,normalized_union,ratio,2.0,2.8442771783774203,0.832,0.902,0.888,0.014
1,mahalanobis_diag,intent_quantile_0.95,normalized_union,inverse_margin,0.0,0.9566910192440513,0.812,0.902,0.884,0.018
1,mahalanobis_diag,intent_quantile_0.95,normalized_union,inverse_margin,0.25,4.496095468137599,0.812,0.902,0.884,0.018
1,mahalanobis_diag,intent_quantile_0.95,normalized_union,inverse_margin,0.5,8.004413113036257,0.812,0.902,0.884,0.018
1,mahalanobis_diag,intent_quantile_0.95,normalized_union,inverse_margin,1.0,15.021048402833571,0.812,0.902,0.884,0.018
1,mahalanobis_diag,intent_quantile_0.95,normalized_union,inverse_margin,2.0,29.054318982428203,0.812,0.902,0.884,0.018
1,mahalanobis_diag,intent_quantile_0.95,normalized_union,max_ratio,0.0,0.9566910192440513,0.812,0.902,0.884,0.018
1,mahalanobis_diag,intent_quantile_0.95,normalized_union,max_ratio,0.25,0.9566910192440513,0.812,0.902,0.884,0.018
1,mahalanobis_diag,intent_quantile_0.95,normalized_union,max_ratio,0.5,0.9566910192440513,0.812,0.902,0.884,0.018
1,mahalanobis_diag,intent_quantile_0.95,normalized_union,max_ratio,1.0,0.969899330970876,0.822,0.902,0.886,0.016
1,mahalanobis_diag,intent_quantile_0.95,normalized_union,max_ratio,2.0,1.866961750644288,0.812,0.902,0.884,0.018
1,mahalanobis_diag,center_quantile_0.99,nearest_sphere,none,0.0,0.8947658948126911,0.812,0.902,0.884,0.018
1,mahalanobis_diag,center_quantile_0.99,nearest_sphere,none,0.25,0.8947658948126911,0.812,0.902,0.884,0.018
1,mahalanobis_diag,center_quantile_0.99,nearest_sphere,none,0.5,0.8947658948126911,0.812,0.902,0.884,0.018
1,mahalanobis_diag,center_quantile_0.99,nearest_sphere,none,1.0,0.8947658948126911,0.812,0.902,0.884,0.018
1,mahalanobis_diag,center_quantile_0.99,nearest_sphere,none,2.0,0.8947658948126911,0.812,0.902,0.884,0.018
1,mahalanobis_diag,center_quantile_0.99,nearest_sphere,ratio,0.0,0.8947658948126911,0.812,0.902,0.884,0.018
1,mahalanobis_diag,center_quantile_0.99,nearest_sphere,ratio,0.25,1.126317085158919,0.832,0.902,0.888,0.014
1,mahalanobis_diag,center_quantile_0.99,nearest_sphere,ratio,0.5,1.3581077240447763,0.842,0.902,0.89,0.012
1,mahalanobis_diag,center_quantile_0.99,nearest_sphere,ratio,1.0,1.828009706998078,0.842,0.902,0.89,0.012
1,mahalanobis_diag,center_quantile_0.99,nearest_sphere,ratio,2.0,2.770119761745867,0.842,0.902,0.89,0.012
1,mahalanobis_diag,center_quantile_0.99,nearest_sphere,inverse_margin,0.0,0.8947658948126911,0.812,0.902,0.884,0.018
1,mahalanobis_diag,center_quantile_0.99,nearest_sphere,inverse_margin,0.25,4.454417519155121,0.812,0.902,0.884,0.018
1,mahalanobis_diag,center_quantile_0.99,nearest_sphere,inverse_margin,0.5,7.962735164053778,0.812,0.902,0.884,0.018
1,mahalanobis_diag,center_quantile_0.99,nearest_sphere,inverse_margin,1.0,14.979370453851093,0.812,0.902,0.884,0.018
1,mahalanobis_diag,center_quantile_0.99,nearest_sphere,inverse_margin,2.0,29.012641033445725,0.812,0.902,0.884,0.018
1,mahalanobis_diag,center_quantile_0.99,nearest_sphere,max_ratio,0.0,0.8947658948126911,0.812,0.902,0.884,0.018
1,mahalanobis_diag,center_quantile_0.99,nearest_sphere,max_ratio,0.25,0.8947658948126911,0.812,0.902,0.884,0.018
1,mahalanobis_diag,center_quantile_0.99,nearest_sphere,max_ratio,0.5,0.8947658948126911,0.812,0.902,0.884,0.018
1,mahalanobis_diag,center_quantile_0.99,nearest_sphere,max_ratio,1.0,0.946075041356242,0.822,0.902,0.886,0.016
1,mahalanobis_diag,center_quantile_0.99,nearest_sphere,max_ratio,2.0,1.866961750644288,0.812,0.902,0.884,0.018
1,mahalanobis_diag,center_quantile_0.99,normalized_union,none,0.0,0.8809865886118444,0.872,0.902,0.896,0.006
1,mahalanobis_diag,center_quantile_0.99,normalized_union,none,0.25,0.8809865886118444,0.872,0.902,0.896,0.006
1,mahalanobis_diag,center_quantile_0.99,normalized_union,none,0.5,0.8809865886118444,0.872,0.902,0.896,0.006
1,mahalanobis_diag,center_quantile_0.99,normalized_union,none,1.0,0.8809865886118444,0.872,0.902,0.896,0.006
1,mahalanobis_diag,center_quantile_0.99,normalized_union,none,2.0,0.8809865886118444,0.872,0.902,0.896,0.006
1,mahalanobis_diag,center_quantile_0.99,normalized_union,ratio,0.0,0.8809865886118444,0.872,0.902,0.896,0.006
1,mahalanobis_diag,center_quantile_0.99,normalized_union,ratio,0.25,1.1090477531484977,0.872,0.902,0.896,0.006
1,mahalanobis_diag,center_quantile_0.99,normalized_union,ratio,0.5,1.3400254596780843,0.862,0.902,0.894,0.008
1,mahalanobis_diag,center_quantile_0.99,normalized_union,ratio,1.0,1.8070524864691186,0.862,0.902,0.894,0.008
1,mahalanobis_diag,center_quantile_0.99,normalized_union,ratio,2.0,2.738229628086988,0.862,0.902,0.894,0.008
1,mahalanobis_diag,center_quantile_0.99,normalized_union,inverse_margin,0.0,0.8809865886118444,0.872,0.902,0.896,0.006
1,mahalanobis_diag,center_quantile_0.99,normalized_union,inverse_margin,0.25,4.43329817341618,0.852,0.902,0.892,0.01
1,mahalanobis_diag,center_quantile_0.99,normalized_union,inverse_margin,0.5,7.941615818314838,0.852,0.902,0.892,0.01
1,mahalanobis_diag,center_quantile_0.99,normalized_union,inverse_margin,1.0,14.958251108112153,0.852,0.902,0.892,0.01
1,mahalanobis_diag,center_quantile_0.99,normalized_union,inverse_margin,2.0,28.991521687706783,0.852,0.902,0.892,0.01
1,mahalanobis_diag,center_quantile_0.99,normalized_union,max_ratio,0.0,0.8809865886118444,0.872,0.902,0.896,0.006
1,mahalanobis_diag,center_quantile_0.99,normalized_union,max_ratio,0.25,0.8809865886118444,0.872,0.902,0.896,0.006
1,mahalanobis_diag,center_quantile_0.99,normalized_union,max_ratio,0.5,0.8809865886118444,0.872,0.902,0.896,0.006
1,mahalanobis_diag,center_quantile_0.99,normalized_union,max_ratio,1.0,0.9446494137312726,0.852,0.902,0.892,0.01
1,mahalanobis_diag,center_quantile_0.99,normalized_union,max_ratio,2.0,1.866961750644288,0.852,0.902,0.892,0.01
1,mahalanobis_diag,intent_quantile_0.99,nearest_sphere,none,0.0,0.9151344609655995,0.802,0.902,0.882,0.02
1,mahalanobis_diag,intent_quantile_0.99,nearest_sphere,none,0.25,0.9151344609655995,0.802,0.902,0.882,0.02
1,mahalanobis_diag,intent_quantile_0.99,nearest_sphere,none,0.5,0.9151344609655995,0.802,0.902,0.882,0.02
1,mahalanobis_diag,intent_quantile_0.99,nearest_sphere,none,1.0,0.9151344609655995,0.802,0.902,0.882,0.02
1,mahalanobis_diag,intent_quantile_0.99,nearest_sphere,none,2.0,0.9151344609655995,0.802,0.902,0.882,0.02
1,mahalanobis_diag,intent_quantile_0.99,nearest_sphere,ratio,0.0,0.9151344609655995,0.802,0.902,0.882,0.02
1,mahalanobis_diag,intent_quantile_0.99,nearest_sphere,ratio,0.25,1.1464592053088833,0.812,0.902,0.884,0.018
1,mahalanobis_diag,intent_quantile_0.99,nearest_sphere,ratio,0.5,1.3757963511446631,0.812,0.902,0.884,0.018
1,mahalanobis_diag,intent_quantile_0.99,nearest_sphere,ratio,1.0,1.855677129547738,0.832,0.902,0.888,0.014
1,mahalanobis_diag,intent_quantile_0.99,nearest_sphere,ratio,2.0,2.7911453395170494,0.832,0.902,0.888,0.014
1,mahalanobis_diag,intent_quantile_0.99,nearest_sphere,inverse_margin,0.0,0.9151344609655995,0.802,0.902,0.882,0.02
1,mahalanobis_diag,intent_quantile_0.99,nearest_sphere,inverse_margin,0.25,4.454417519155121,0.812,0.902,0.884,0.018
1,mahalanobis_diag,intent_quantile_0.99,nearest_sphere,inverse_margin,0.5,7.962735164053778,0.812,0.902,0.884,0.018
1,mahalanobis_diag,intent_quantile_0.99,nearest_sphere,inverse_margin,1.0,14.979370453851093,0.812,0.902,0.884,0.018
1,mahalanobis_diag,intent_quantile_0.99,nearest_sphere,inverse_margin,2.0,29.012641033445725,0.812,0.902,0.884,0.018
1,mahalanobis_diag,intent_quantile_0.99,nearest_sphere,max_ratio,0.0,0.9151344609655995,0.802,0.902,0.882,0.02
1,mahalanobis_diag,intent_quantile_0.99,nearest_sphere,max_ratio,0.25,0.9151344609655995,0.802,0.902,0.882,0.02
1,mahalanobis_diag,intent_quantile_0.99,nearest_sphere,max_ratio,0.5,0.9151344609655995,0.802,0.902,0.882,0.02
1,mahalanobis_diag,intent_quantile_0.99,nearest_sphere,max_ratio,1.0,0.9489316353344104,0.812,0.902,0.884,0.018
1,mahalanobis_diag,intent_quantile_0.99,nearest_sphere,max_ratio,2.0,1.866961750644288,0.812,0.902,0.884,0.018
1,mahalanobis_diag,intent_quantile_0.99,normalized_union,none,0.0,0.9151344609655995,0.812,0.902,0.884,0.018
1,mahalanobis_diag,intent_quantile_0.99,normalized_union,none,0.25,0.9151344609655995,0.812,0.902,0.884,0.018
1,mahalanobis_diag,intent_quantile_0.99,normalized_union,none,0.5,0.9151344609655995,0.812,0.902,0.884,0.018
1,mahalanobis_diag,intent_quantile_0.99,normalized_union,none,1.0,0.9151344609655995,0.812,0.902,0.884,0.018
1,mahalanobis_diag,intent_quantile_0.99,normalized_union,none,2.0,0.9151344609655995,0.812,0.902,0.884,0.018
1,mahalanobis_diag,intent_quantile_0.99,normalized_union,ratio,0.0,0.9151344609655995,0.812,0.902,0.884,0.018
1,mahalanobis_diag,intent_quantile_0.99,normalized_union,ratio,0.25,1.1464592053088833,0.822,0.902,0.886,0.016
1,mahalanobis_diag,intent_quantile_0.99,normalized_union,ratio,0.5,1.3757963511446631,0.822,0.902,0.886,0.016
1,mahalanobis_diag,intent_quantile_0.99,normalized_union,ratio,1.0,1.8553401070273023,0.832,0.902,0.888,0.014
1,mahalanobis_diag,intent_quantile_0.99,normalized_union,ratio,2.0,2.7911453395170494,0.832,0.902,0.888,0.014
1,mahalanobis_diag,intent_quantile_0.99,normalized_union,inverse_margin,0.0,0.9151344609655995,0.812,0.902,0.884,0.018
1,mahalanobis_diag,intent_quantile_0.99,normalized_union,inverse_margin,0.25,4.454417519155121,0.812,0.902,0.884,0.018
1,mahalanobis_diag,intent_quantile_0.99,normalized_union,inverse_margin,0.5,7.962735164053778,0.812,0.902,0.884,0.018
1,mahalanobis_diag,intent_quantile_0.99,normalized_union,inverse_margin,1.0,14.979370453851093,0.812,0.902,0.884,0.018
1,mahalanobis_diag,intent_quantile_0.99,normalized_union,inverse_margin,2.0,29.012641033445725,0.812,0.902,0.884,0.018
1,mahalanobis_diag,intent_quantile_0.99,normalized_union,max_ratio,0.0,0.9151344609655995,0.812,0.902,0.884,0.018
1,mahalanobis_diag,intent_quantile_0.99,normalized_union,max_ratio,0.25,0.9151344609655995,0.812,0.902,0.884,0.018
1,mahalanobis_diag,intent_quantile_0.99,normalized_union,max_ratio,0.5,0.9151344609655995,0.812,0.902,0.884,0.018
1,mahalanobis_diag,intent_quantile_0.99,normalized_union,max_ratio,1.0,0.9489316353344104,0.812,0.902,0.884,0.018
1,mahalanobis_diag,intent_quantile_0.99,normalized_union,max_ratio,2.0,1.866961750644288,0.812,0.902,0.884,0.018
2,euclidean,mean_std_0.0,nearest_sphere,none,0.0,1.132991986520649,0.762,0.902,0.874,0.028
2,euclidean,mean_std_0.0,nearest_sphere,none,0.25,1.132991986520649,0.762,0.902,0.874,0.028
2,euclidean,mean_std_0.0,nearest_sphere,none,0.5,1.132991986520649,0.762,0.902,0.874,0.028
2,euclidean,mean_std_0.0,nearest_sphere,none,1.0,1.132991986520649,0.762,0.902,0.874,0.028
2,euclidean,mean_std_0.0,nearest_sphere,none,2.0,1.132991986520649,0.762,0.902,0.874,0.028
2,euclidean,mean_std_0.0,nearest_sphere,ratio,0.0,1.132991986520649,0.762,0.902,0.874,0.028
2,euclidean,mean_std_0.0,nearest_sphere,ratio,0.25,1.3469250979973635,0.782,0.902,0.878,0.024
2,euclidean,mean_std_0.0,nearest_sphere,ratio,0.5,1.5667923562196548,0.822,0.902,0.886,0.016
2,euclidean,mean_std_0.0,nearest_sphere,ratio,1.0,2.0158187120819955,0.862,0.902,0.894,0.008
2,euclidean,mean_std_0.0,nearest_sphere,ratio,2.0,2.955976441749811,0.862,0.902,0.894,0.008
2,euclidean,mean_std_0.0,nearest_sphere,inverse_margin,0.0,1.132991986520649,0.762,0.902,0.874,0.028
2,euclidean,mean_std_0.0,nearest_sphere,inverse_margin,0.25,4.639475651296992,0.872,0.902,0.896,0.006
2,euclidean,mean_std_0.0,nearest_sphere,inverse_margin,0.5,8.319801732548179,0.872,0.902,0.896,0.006
2,euclidean,mean_std_0.0,nearest_sphere,inverse_margin,1.0,15.680453895050553,0.872,0.902,0.896,0.006
2,euclidean,mean_std_0.0,nearest_sphere,inverse_margin,2.0,30.4017582200553,0.872,0.902,0.896,0.006
2,euclidean,mean_std_0.0,nearest_sphere,max_ratio,0.0,1.132991986520649,0.762,0.902,0.874,0.028
2,euclidean,mean_std_0.0,nearest_sphere,max_ratio,0.25,1.132991986520649,0.762,0.902,0.874,0.028
2,euclidean,mean_std_0.0,nearest_sphere,max_ratio,0.5,1.132991986520649,0.762,0.902,0.874,0.028
2,euclidean,mean_std_0.0,nearest_sphere,max_ratio,1.0,1.132991986520649,0.762,0.902,0.874,0.028
2,euclidean,mean_std_0.0,nearest_sphere,max_ratio,2.0,1.8727840922957646,0.872,0.902,0.896,0.006
2,euclidean,mean_std_0.0,normalized_union,none,0.0,1.0549635245896867,0.622,0.902,0.846,0.056
2,euclidean,mean_std_0.0,normalized_union,none,0.25,1.0549635245896867,0.622,0.902,0.846,0.056
2,euclidean,mean_std_0.0,normalized_union,none,0.5,1.0549635245896867,0.622,0.902,0.846,0.056
2,euclidean,mean_std_0.0,normalized_union,none,1.0,1.0549635245896867,0.622,0.902,0.846,0.056
2,euclidean,mean_std_0.0,normalized_union,none,2.0,1.0549635245896867,0.622,0.902,0.846,0.056
2,euclidean,mean_std_0.0,normalized_union,ratio,0.0,1.0549635245896867,0.622,0.902,0.846,0.056
2,euclidean,mean_std_0.0,normalized_union,ratio,0.25,1.2736161056160755,0.612,0.902,0.844,0.058
2,euclidean,mean_std_0.0,normalized_union,ratio,0.5,1.5012545758488045,0.622,0.902,0.846,0.056
2,euclidean,mean_std_0.0,normalized_union,ratio,1.0,1.9654286482014798,0.632,0.902,0.848,0.054
2,euclidean,mean_std_0.0,normalized_union,ratio,2.0,2.903702780072602,0.652,0.902,0.852,0.05
2,euclidean,mean_std_0.0,normalized_union,inverse_margin,0.0,1.0549635245896867,0.622,0.902,0.846,0.056
2,euclidean,mean_std_0.0,normalized_union,inverse_margin,0.25,4.639475651296992,0.622,0.902,0.846,0.056
2,euclidean,mean_std_0.0,normalized_union,inverse_margin,0.5,8.319801732548179,0.622,0.902,0.846,0.056
2,euclidean,mean_std_0.0,normalized_union,inverse_margin,1.0,15.680453895050553,0.622,0.902,0.846,0.056
2,euclidean,mean_std_0.0,normalized_union,inverse_margin,2.0,30.4017582200553,0.622,0.902,0.846,0.056
2,euclidean,mean_std_0.0,normalized_union,max_ratio,0.0,1.0549635245896867,0.622,0.902,0.846,0.056
2,euclidean,mean_std_0.0,normalized_union,max_ratio,0.25,1.0549635245896867,0.622,0.902,0.846,0.056
2,euclidean,mean_std_0.0,normalized_union,max_ratio,0.5,1.0549635245896867,0.622,0.902,0.846,0.056
2,euclidean,mean_std_0.0,normalized_union,max_ratio,1.0,1.0549635245896867,0.622,0.902,0.846,0.056
2,euclidean,mean_std_0.0,normalized_union,max_ratio,2.0,1.8727840922957646,0.622,0.902,0.846,0.056
2,euclidean,mean_std_0.25,nearest_sphere,none,0.0,1.1022089050123172,0.762,0.902,0.874,0.028
2,euclidean,mean_std_0.25,nearest_sphere,none,0.25,1.1022089050123172,0.762,0.902,0.874,0.028
2,euclidean,mean_std_0.25,nearest_sphere,none,0.5,1.1022089050123172,0.762,0.902,0.874,0.028
2,euclidean,mean_std_0.25,nearest_sphere,none,1.0,1.1022089050123172,0.762,0.902,0.874,0.028
2,euclidean,mean_std_0.25,nearest_sphere,none,2.0,1.1022089050123172,0.762,0.902,0.874,0.028
2,euclidean,mean_std_0.25,nearest_sphere,ratio,0.0,1.1022089050123172,0.762,0.902,0.874,0.028
2,euclidean,mean_std_0.25,nearest_sphere,ratio,0.25,1.3154017408891676,0.802,0.902,0.882,0.02
2,euclidean,mean_std_0.25,nearest_sphere,ratio,0.5,1.5350680695008518,0.832,0.902,0.888,0.014
2,euclidean,mean_std_0.25,nearest_sphere,ratio,1.0,1.9962333866236244,0.862,0.902,0.894,0.008
2,euclidean,mean_std_0.25,nearest_sphere,ratio,2.0,2.9308982785539373,0.862,0.902,0.894,0.008
2,euclidean,mean_std_0.25,nearest_sphere,inverse_margin,0.0,1.1022089050123172,0.762,0.902,0.874,0.028
2,euclidean,mean_std_0.25,nearest_sphere,inverse_margin,0.25,4.623272898990182,0.872,0.902,0.896,0.006
2,euclidean,mean_std_0.25,nearest_sphere,inverse_margin,0.5,8.303598980241368,0.872,0.902,0.896,0.006
2,euclidean,mean_std_0.25,nearest_sphere,inverse_margin,1.0,15.664251142743742,0.872,0.902,0.896,0.006
2,euclidean,mean_std_0.25,nearest_sphere,inverse_margin,2.0,30.38555546774849,0.872,0.902,0.896,0.006
2,euclidean,mean_std_0.25,nearest_sphere,max_ratio,0.0,1.1022089050123172,0.762,0.902,0.874,0.028
2,euclidean,mean_std_0.25,nearest_sphere,max_ratio,0.25,1.1022089050123172,0.762,0.902,0.874,0.028
2,euclidean,mean_std_0.25,nearest_sphere,max_ratio,0.5,1.1022089050123172,0.762,0.902,0.874,0.028
2,euclidean,mean_std_0.25,nearest_sphere,max_ratio,1.0,1.1022089050123172,0.762,0.902,0.874,0.028
2,euclidean,mean_std_0.25,nearest_sphere,max_ratio,2.0,1.8727840922957646,0.872,0.902,0.896,0.006
2,euclidean,mean_std_0.25,normalized_union,none,0.0,1.0277136866485022,0.682,0.902,0.858,0.044
2,euclidean,mean_std_0.25,normalized_union,none,0.25,1.0277136866485022,0.682,0.902,0.858,0.044
2,euclidean,mean_std_0.25,normalized_union,none,0.5,1.0277136866485022,0.682,0.902,0.858,0.044
2,euclidean,mean_std_0.25,normalized_union,none,1.0,1.0277136866485022,0.682,0.902,0.858,0.044
2,euclidean,mean_std_0.25,normalized_union,none,2.0,1.0277136866485022,0.682,0.902,0.858,0.044
2,euclidean,mean_std_0.25,normalized_union,ratio,0.0,1.0277136866485022,0.682,0.902,0.858,0.044
2,euclidean,mean_std_0.25,normalized_union,ratio,0.25,1.244730233446105,0.682,0.902,0.858,0.044
2,euclidean,mean_std_0.25,normalized_union,ratio,0.5,1.4805989090866127,0.682,0.902,0.858,0.044
2,euclidean,mean_std_0.25,normalized_union,ratio,1.0,1.9393181829083181,0.702,0.902,0.862,0.04
2,euclidean,mean_std_0.25,normalized_union,ratio,2.0,2.8853434278988406,0.712,0.902,0.864,0.038
2,euclidean,mean_std_0.25,normalized_union,inverse_margin,0.0,1.0277136866485022,0.682,0.902,0.858,0.044
2,euclidean,mean_std_0.25,normalized_union,inverse_margin,0.25,4.623272898990182,0.692,0.902,0.86,0.042
2,euclidean,mean_std_0.25,normalized_union,inverse_margin,0.5,8.303598980241368,0.692,0.902,0.86,0.042
2,euclidean,mean_std_0.25,normalized_union,inverse_margin,1.0,15.664251142743742,0.692,0.902,0.86,0.042
2,euclidean,mean_std_0.25,normalized_union,inverse_margin,2.0,30.38555546774849,0.692,0.902,0.86,0.042
2,euclidean,mean_std_0.25,normalized_union,max_ratio,0.0,1.0277136866485022,0.682,0.902,0.858,0.044
2,euclidean,mean_std_0.25,normalized_union,max_ratio,0.25,1.0277136866485022,0.682,0.902,0.858,0.044
2,euclidean,mean_std_0.25,normalized_union,max_ratio,0.5,1.0277136866485022,0.682,0.902,0.858,0.044
2,euclidean,mean_std_0.25,normalized_union,max_ratio,1.0,1.0277136866485022,0.682,0.902,0.858,0.044
2,euclidean,mean_std_0.25,normalized_union,max_ratio,2.0,1.8727840922957646,0.692,0.902,0.86,0.042
2,euclidean,mean_std_0.5,nearest_sphere,none,0.0,1.071863393307308,0.782,0.902,0.878,0.024
2,euclidean,mean_std_0.5,nearest_sphere,none,0.25,1.071863393307308,0.782,0.902,0.878,0.024
2,euclidean,mean_std_0.5,nearest_sphere,none,0.5,1.071863393307308,0.782,0.902,0.878,0.024
2,euclidean,mean_std_0.5,nearest_sphere,none,1.0,1.071863393307308,0.782,0.902,0.878,0.024
2,euclidean,mean_std_0.5,nearest_sphere,none,2.0,1.071863393307308,0.782,0.902,0.878,0.024
2,euclidean,mean_std_0.5,nearest_sphere,ratio,0.0,1.071863393307308,0.782,0.902,0.878,0.024
2,euclidean,mean_std_0.5,nearest_sphere,ratio,0.25,1.284972955757766,0.822,0.902,0.886,0.016
2,euclidean,mean_std_0.5,nearest_sphere,ratio,0.5,1.5125999002093435,0.852,0.902,0.892,0.01
2,euclidean,mean_std_0.5,nearest_sphere,ratio,1.0,1.9731637473272492,0.862,0.902,0.894,0.008
2,euclidean,mean_std_0.5,nearest_sphere,ratio,2.0,2.9109374719611605,0.862,0.902,0.894,0.008
2,euclidean,mean_std_0.5,nearest_sphere,inverse_margin,0.0,1.071863393307308,0.782,0.902,0.878,0.024
2,euclidean,mean_std_0.5,nearest_sphere,inverse_margin,0.25,4.607608473555209,0.872,0.902,0.896,0.006
2,euclidean,mean_std_0.5,nearest_sphere,inverse_margin,0.5,8.287934554806396,0.872,0.902,0.896,0.006
2,euclidean,mean_std_0.5,nearest_sphere,inverse_margin,1.0,15.648586717308769,0.872,0.902,0.896,0.006
2,euclidean,mean_std_0.5,nearest_sphere,inverse_margin,2.0,30.369891042313515,0.872,0.902,0.896,0.006
2,euclidean,mean_std_0.5,nearest_sphere,max_ratio,0.0,1.071863393307308,0.782,0.902,0.878,0.024
2,euclidean,mean_std_0.5,nearest_sphere,max_ratio,0.25,1.071863393307308,0.782,0.902,0.878,0.024
2,euclidean,mean_std_0.5,nearest_sphere,max_ratio,0.5,1.071863393307308,0.782,0.902,0.878,0.024
2,euclidean,mean_std_0.5,nearest_sphere,max_ratio,1.0,1.071863393307308,0.782,0.902,0.878,0.024
2,euclidean,mean_std_0.5,nearest_sphere,max_ratio,2.0,1.8727840922957646,0.872,0.902,0.896,0.006
2,euclidean,mean_std_0.5,normalized_union,none,0.0,1.0020265648036915,0.742,0.902,0.87,0.032
2,euclidean,mean_std_0.5,normalized_union,none,0.25,1.0020265648036915,0.742,0.902,0.87,0.032
2,euclidean,mean_std_0.5,normalized_union,none,0.5,1.0020265648036915,0.742,0.902,0.87,0.032
2,euclidean,mean_std_0.5,normalized_union,none,1.0,1.0020265648036915,0.742,0.902,0.87,0.032
2,euclidean,mean_std_0.5,normalized_union,none,2.0,1.0020265648036915,0.742,0.902,0.87,0.032
2,euclidean,mean_std_0.5,normalized_union,ratio,0.0,1.0020265648036915,0.742,0.902,0.87,0.032
2,euclidean,mean_std_0.5,normalized_union,ratio,0.25,1.2261884175595186,0.722,0.902,0.866,0.036
2,euclidean,mean_std_0.5,normalized_union,ratio,0.5,1.457296882095745,0.752,0.902,0.872,0.03
2,euclidean,mean_std_0.5,normalized_union,ratio,1.0,1.9194651124471023,0.752,0.902,0.872,0.03
2,euclidean,mean_std_0.5,normalized_union,ratio,2.0,2.868070762843751,0.762,0.902,0.874,0.028
2,euclidean,mean_std_0.5,normalized_union,inverse_margin,0.0,1.0020265648036915,0.742,0.902,0.87,0.032
2,euclidean,mean_std_0.5,normalized_union,inverse_margin,0.25,4.607608473555209,0.742,0.902,0.87,0.032
2,euclidean,mean_std_0.5,normalized_union,inverse_margin,0.5,8.287934554806396,0.742,0.902,0.87,0.032
2,euclidean,mean_std_0.5,normalized_union,inverse_margin,1.0,15.648586717308769,0.742,0.902,0.87,0.032
2,euclidean,mean_std_0.5,normalized_union,inverse_margin,2.0,30.369891042313515,0.742,0.902,0.87,0.032
2,euclidean,mean_std_0.5,normalized_union,max_ratio,0.0,1.0020265648036915,0.742,0.902,0.87,0.032
2,euclidean,mean_std_0.5,normalized_union,max_ratio,0.25,1.0020265648036915,0.742,0.902,0.87,0.032
2,euclidean,mean_std_0.5,normalized_union,max_ratio,0.5,1.0020265648036915,0.742,0.902,0.87,0.032
2,euclidean,mean_std_0.5,normalized_union,max_ratio,1.0,1.0020265648036915,0.742,0.902,0.87,0.032
2,euclidean,mean_std_0.5,normalized_union,max_ratio,2.0,1.8727840922957646,0.742,0.902,0.87,0.032
2,euclidean,mean_std_0.75,nearest_sphere,none,0.0,1.041108130956576,0.792,0.902,0.88,0.022
2,euclidean,mean_std_0.75,nearest_sphere,none,0.25,1.041108130956576,0.792,0.902,0.88,0.022
2,euclidean,mean_std_0.75,nearest_sphere,none,0.5,1.041108130956576,0.792,0.902,0.88,0.022
2,euclidean,mean_std_0.75,nearest_sphere,none,1.0,1.041108130956576,0.792,0.902,0.88,0.022
2,euclidean,mean_std_0.75,nearest_sphere,none,2.0,1.041108130956576,0.792,0.902,0.88,0.022
2,euclidean,mean_std_0.75,nearest_sphere,ratio,0.0,1.041108130956576,0.792,0.902,0.88,0.022
2,euclidean,mean_std_0.75,nearest_sphere,ratio,0.25,1.262227795666426,0.832,0.902,0.888,0.014
2,euclidean,mean_std_0.75,nearest_sphere,ratio,0.5,1.4816926227700236,0.862,0.902,0.894,0.008
2,euclidean,mean_std_0.75,nearest_sphere,ratio,1.0,1.9506015944676838,0.862,0.902,0.894,0.008
2,euclidean,mean_std_0.75,nearest_sphere,ratio,2.0,2.8907685763962787,0.862,0.902,0.894,0.008
2,euclidean,mean_std_0.75,nearest_sphere,inverse_margin,0.0,1.041108130956576,0.792,0.902,0.88,0.022
2,euclidean,mean_std_0.75,nearest_sphere,inverse_margin,0.25,4.592455984999665,0.872,0.902,0.896,0.006
2,euclidean,mean_std_0.75,nearest_sphere,inverse_margin,0.5,8.272782066250851,0.872,0.902,0.896,0.006
2,euclidean,mean_std_0.75,nearest_sphere,inverse_margin,1.0,15.633434228753226,0.872,0.902,0.896,0.006
2,euclidean,mean_std_0.75,nearest_sphere,inverse_margin,2.0,30.354738553757972,0.872,0.902,0.896,0.006
2,euclidean,mean_std_0.75,nearest_sphere,max_ratio,0.0,1.041108130956576,0.792,0.902,0.88,0.022
2,euclidean,mean_std_0.75,nearest_sphere,max_ratio,0.25,1.041108130956576,0.792,0.902,0.88,0.022
2,euclidean,mean_std_0.75,nearest_sphere,max_ratio,0.5,1.041108130956576,0.792,0.902,0.88,0.022
2,euclidean,mean_std_0.75,nearest_sphere,max_ratio,1.0,1.041108130956576,0.792,0.902,0.88,0.022
2,euclidean,mean_std_0.75,nearest_sphere,max_ratio,2.0,1.8727840922957646,0.872,0.902,0.896,0.006
2,euclidean,mean_std_0.75,normalized_union,none,0.0,0.9796022305527589,0.752,0.902,0.872,0.03
2,euclidean,mean_std_0.75,normalized_union,none,0.25,0.9796022305527589,0.752,0.902,0.872,0.03
2,euclidean,mean_std_0.75,normalized_union,none,0.5,0.9796022305527589,0.752,0.902,0.872,0.03
2,euclidean,mean_std_0.75,normalized_union,none,1.0,0.9796022305527589,0.752,0.902,0.872,0.03
2,euclidean,mean_std_0.75,normalized_union,none,2.0,0.9796022305527589,0.752,0.902,0.872,0.03
2,euclidean,mean_std_0.75,normalized_union,ratio,0.0,0.9796022305527589,0.752,0.902,0.872,0.03
2,euclidean,mean_std_0.75,normalized_union,ratio,0.25,1.2072362156603886,0.752,0.902,0.872,0.03
2,euclidean,mean_std_0.75,normalized_union,ratio,0.5,1.4353776232223747,0.772,0.902,0.876,0.026
2,euclidean,mean_std_0.75,normalized_union,ratio,1.0,1.9003687512733487,0.772,0.902,0.876,0.026
2,euclidean,mean_std_0.75,normalized_union,ratio,2.0,2.847231087182281,0.782,0.902,0.878,0.024
2,euclidean,mean_std_0.75,normalized_union,inverse_margin,0.0,0.9796022305527589,0.752,0.902,0.872,0.03
2,euclidean,mean_std_0.75,normalized_union,inverse_margin,0.25,4.592455984999665,0.762,0.902,0.874,0.028
2,euclidean,mean_std_0.75,normalized_union,inverse_margin,0.5,8.272782066250851,0.762,0.902,0.874,0.028
2,euclidean,mean_std_0.75,normalized_union,inverse_margin,1.0,15.633434228753226,0.762,0.902,0.874,0.028
2,euclidean,mean_std_0.75,normalized_union,inverse_margin,2.0,30.354738553757972,0.762,0.902,0.874,0.028
2,euclidean,mean_std_0.75,normalized_union,max_ratio,0.0,0.9796022305527589,0.752,0.902,0.872,0.03
2,euclidean,mean_std_0.75,normalized_union,max_ratio,0.25,0.9796022305527589,0.752,0.902,0.872,0.03
2,euclidean,mean_std_0.75,normalized_union,max_ratio,0.5,0.9796022305527589,0.752,0.902,0.872,0.03
2,euclidean,mean_std_0.75,normalized_union,max_ratio,1.0,0.9873898241413535,0.752,0.902,0.872,0.03
2,euclidean,mean_std_0.75,normalized_union,max_ratio,2.0,1.8727840922957646,0.762,0.902,0.874,0.028
2,euclidean,mean_std_1.0,nearest_sphere,none,0.0,1.017585705522079,0.802,0.902,0.882,0.02
2,euclidean,mean_std_1.0,nearest_sphere,none,0.25,1.017585705522079,0.802,0.902,0.882,0.02
2,euclidean,mean_std_1.0,nearest_sphere,none,0.5,1.017585705522079,0.802,0.902,0.882,0.02
2,euclidean,mean_std_1.0,nearest_sphere,none,1.0,1.017585705522079,0.802,0.902,0.882,0.02
2,euclidean,mean_std_1.0,nearest_sphere,none,2.0,1.017585705522079,0.802,0.902,0.882,0.02
2,euclidean,mean_std_1.0,nearest_sphere,ratio,0.0,1.017585705522079,0.802,0.902,0.882,0.02
2,euclidean,mean_std_1.0,nearest_sphere,ratio,0.25,1.2368829358815703,0.832,0.902,0.888,0.014
2,euclidean,mean_std_1.0,nearest_sphere,ratio,0.5,1.4643254430695614,0.862,0.902,0.894,0.008
2,euclidean,mean_std_1.0,nearest_sphere,ratio,1.0,1.9332894028347856,0.862,0.902,0.894,0.008
2,euclidean,mean_std_1.0,nearest_sphere,ratio,2.0,2.867325584898259,0.872,0.902,0.896,0.006
2,euclidean,mean_std_1.0,nearest_sphere,inverse_margin,0.0,1.017585705522079,0.802,0.902,0.882,0.02
2,euclidean,mean_std_1.0,nearest_sphere,inverse_margin,0.25,4.577790740526633,0.872,0.902,0.896,0.006
2,euclidean,mean_std_1.0,nearest_sphere,inverse_margin,0.5,8.25811682177782,0.872,0.902,0.896,0.006
2,euclidean,mean_std_1.0,nearest_sphere,inverse_margin,1.0,15.618768984280193,0.872,0.902,0.896,0.006
2,euclidean,mean_std_1.0,nearest_sphere,inverse_margin,2.0,30.34007330928494,0.872,0.902,0.896,0.006
2,euclidean,mean_std_1.0,nearest_sphere,max_ratio,0.0,1.017585705522079,0.802,0.902,0.882,0.02
2,euclidean,mean_std_1.0,nearest_sphere,max_ratio,0.25,1.017585705522079,0.802,0.902,0.882,0.02
2,euclidean,mean_std_1.0,nearest_sphere,max_ratio,0.5,1.017585705522079,0.802,0.902,0.882,0.02
2,euclidean,mean_std_1.0,nearest_sphere,max_ratio,1.0,1.017585705522079,0.802,0.902,0.882,0.02
2,euclidean,mean_std_1.0,nearest_sphere,max_ratio,2.0,1.8727840922957646,0.872,0.902,0.896,0.006
2,euclidean,mean_std_1.0,normalized_union,none,0.0,0.9596198509088162,0.752,0.902,0.872,0.03
2,euclidean,mean_std_1.0,normalized_union,none,0.25,0.9596198509088162,0.752,0.902,0.872,0.03
2,euclidean,mean_std_1.0,normalized_union,none,0.5,0.9596198509088162,0.752,0.902,0.872,0.03
2,euclidean,mean_std_1.0,normalized_union,none,1.0,0.9596198509088162,0.752,0.902,0.872,0.03
2,euclidean,mean_std_1.0,normalized_union,none,2.0,0.9596198509088162,0.752,0.902,0.872,0.03
2,euclidean,mean_std_1.0,normalized_union,ratio,0.0,0.9596198509088162,0.752,0.902,0.872,0.03
2,euclidean,mean_std_1.0,normalized_union,ratio,0.25,1.1863763267949219,0.762,0.902,0.874,0.028
2,euclidean,mean_std_1.0,normalized_union,ratio,0.5,1.4171663076385728,0.772,0.902,0.876,0.026
2,euclidean,mean_std_1.0,normalized_union,ratio,1.0,1.8819866449670575,0.772,0.902,0.876,0.026
2,euclidean,mean_std_1.0,normalized_union,ratio,2.0,2.8302230597578184,0.782,0.902,0.878,0.024
2,euclidean,mean_std_1.0,normalized_union,inverse_margin,0.0,0.9596198509088162,0.752,0.902,0.872,0.03
2,euclidean,mean_std_1.0,normalized_union,inverse_margin,0.25,4.577790740526633,0.772,0.902,0.876,0.026
2,euclidean,mean_std_1.0,normalized_union,inverse_margin,0.5,8.25811682177782,0.772,0.902,0.876,0.026
2,euclidean,mean_std_1.0,normalized_union,inverse_margin,1.0,15.618768984280193,0.772,0.902,0.876,0.026
2,euclidean,mean_std_1.0,normalized_union,inverse_margin,2.0,30.34007330928494,0.772,0.902,0.876,0.026
2,euclidean,mean_std_1.0,normalized_union,max_ratio,0.0,0.9596198509088162,0.752,0.902,0.872,0.03
2,euclidean,mean_std_1.0,normalized_union,max_ratio,0.25,0.9596198509088162,0.752,0.902,0.872,0.03
2,euclidean,mean_std_1.0,normalized_union,max_ratio,0.5,0.9596198509088162,0.752,0.902,0.872,0.03
2,euclidean,mean_std_1.0,normalized_union,max_ratio,1.0,0.9723452588498303,0.782,0.902,0.878,0.024
2,euclidean,mean_std_1.0,normalized_union,max_ratio,2.0,1.8727840922957646,0.772,0.902,0.876,0.026
2,euclidean,mean_std_1.5,nearest_sphere,none,0.0,0.9726617571397184,0.822,0.902,0.886,0.016
2,euclidean,mean_std_1.5,nearest_sphere,none,0.25,0.9726617571397184,0.822,0.902,0.886,0.016
2,euclidean,mean_std_1.5,nearest_sphere,none,0.5,0.9726617571397184,0.822,0.902,0.886,0.016
2,euclidean,mean_std_1.5,nearest_sphere,none,1.0,0.9726617571397184,0.822,0.902,0.886,0.016
2,euclidean,mean_std_1.5,nearest_sphere,none,2.0,0.9726617571397184,0.822,0.902,0.886,0.016
2,euclidean,mean_std_1.5,nearest_sphere,ratio,0.0,0.9726617571397184,0.822,0.902,0.886,0.016
2,euclidean,mean_std_1.5,nearest_sphere,ratio,0.25,1.198160432267807,0.852,0.902,0.892,0.01
2,euclidean,mean_std_1.5,nearest_sphere,ratio,0.5,1.4257620484806206,0.862,0.902,0.894,0.008
2,euclidean,mean_std_1.5,nearest_sphere,ratio,1.0,1.8947792262611474,0.862,0.902,0.894,0.008
2,euclidean,mean_std_1.5,nearest_sphere,ratio,2.0,2.812753823114721,0.882,0.902,0.898,0.004
2,euclidean,mean_std_1.5,nearest_sphere,inverse_margin,0.0,0.9726617571397184,0.822,0.902,0.886,0.016
2,euclidean,mean_std_1.5,nearest_sphere,inverse_margin,0.25,4.549830905495206,0.872,0.902,0.896,0.006
2,euclidean,mean_std_1.5,nearest_sphere,inverse_margin,0.5,8.230156986746392,0.872,0.902,0.896,0.006
2,euclidean,mean_std_1.5,nearest_sphere,inverse_margin,1.0,15.590809149248766,0.872,0.902,0.896,0.006
2,euclidean,mean_std_1.5,nearest_sphere,inverse_margin,2.0,30.31211347425351,0.872,0.902,0.896,0.006
2,euclidean,mean_std_1.5,nearest_sphere,max_ratio,0.0,0.9726617571397184,0.822,0.902,0.886,0.016
2,euclidean,mean_std_1.5,nearest_sphere,max_ratio,0.25,0.9726617571397184,0.822,0.902,0.886,0.016
2,euclidean,mean_std_1.5,nearest_sphere,max_ratio,0.5,0.9726617571397184,0.822,0.902,0.886,0.016
2,euclidean,mean_std_1.5,nearest_sphere,max_ratio,1.0,0.9807508483384563,0.852,0.902,0.892,0.01
2,euclidean,mean_std_1.5,nearest_sphere,max_ratio,2.0,1.8727840922957646,0.872,0.902,0.896,0.006
2,euclidean,mean_std_1.5,normalized_union,none,0.0,0.9174587214139756,0.772,0.902,0.876,0.026
2,euclidean,mean_std_1.5,normalized_union,none,0.25,0.9174587214139756,0.772,0.902,0.876,0.026
2,euclidean,mean_std_1.5,normalized_union,none,0.5,0.9174587214139756,0.772,0.902,0.876,0.026
2,euclidean,mean_std_1.5,normalized_union,none,1.0,0.9174587214139756,0.772,0.902,0.876,0.026
2,euclidean,mean_std_1.5,normalized_union,none,2.0,0.9174587214139756,0.772,0.902,0.876,0.026
2,euclidean,mean_std_1.5,normalized_union,ratio,0.0,0.9174587214139756,0.772,0.902,0.876,0.026
2,euclidean,mean_std_1.5,normalized_union,ratio,0.25,1.1519234759872368,0.802,0.902,0.882,0.02
2,euclidean,mean_std_1.5,normalized_union,ratio,0.5,1.3827134568308876,0.812,0.902,0.884,0.018
2,euclidean,mean_std_1.5,normalized_union,ratio,1.0,1.8486189001463593,0.812,0.902,0.884,0.018
2,euclidean,mean_std_1.5,normalized_union,ratio,2.0,2.800332442715685,0.832,0.902,0.888,0.014
2,euclidean,mean_std_1.5,normalized_union,inverse_margin,0.0,0.9174587214139756,0.772,0.902,0.876,0.026
2,euclidean,mean_std_1.5,normalized_union,inverse_margin,0.25,4.549830905495206,0.822,0.902,0.886,0.016
2,euclidean,mean_std_1.5,normalized_union,inverse_margin,0.5,8.230156986746392,0.822,0.902,0.886,0.016
2,euclidean,mean_std_1.5,normalized_union,inverse_margin,1.0,15.590809149248766,0.822,0.902,0.886,0.016
2,euclidean,mean_std_1.5,normalized_union,inverse_margin,2.0,30.31211347425351,0.822,0.902,0.886,0.016
2,euclidean,mean_std_1.5,normalized_union,max_ratio,0.0,0.9174587214139756,0.772,0.902,0.876,0.026
2,euclidean,mean_std_1.5,normalized_union,max_ratio,0.25,0.9174587214139756,0.772,0.902,0.876,0.026
2,euclidean,mean_std_1.5,normalized_union,max_ratio,0.5,0.9174587214139756,0.772,0.902,0.876,0.026
2,euclidean,mean_std_1.5,normalized_union,max_ratio,1.0,0.9574674140791537,0.832,0.902,0.888,0.014
2,euclidean,mean_std_1.5,normalized_union,max_ratio,2.0,1.8727840922957646,0.822,0.902,0.886,0.016
2,euclidean,mean_std_2.0,nearest_sphere,none,0.0,0.9386204335807458,0.832,0.902,0.888,0.014
2,euclidean,mean_std_2.0,nearest_sphere,none,0.25,0.9386204335807458,0.832,0.902,0.888,0.014
2,euclidean,mean_std_2.0,nearest_sphere,none,0.5,0.9386204335807458,0.832,0.902,0.888,0.014
2,euclidean,mean_std_2.0,nearest_sphere,none,1.0,0.9386204335807458,0.832,0.902,0.888,0.014
2,euclidean,mean_std_2.0,nearest_sphere,none,2.0,0.9386204335807458,0.832,0.902,0.888,0.014
2,euclidean,mean_std_2.0,nearest_sphere,ratio,0.0,0.9386204335807458,0.832,0.902,0.888,0.014
2,euclidean,mean_std_2.0,nearest_sphere,ratio,0.25,1.1566612162894643,0.862,0.902,0.894,0.008
2,euclidean,mean_std_2.0,nearest_sphere,ratio,0.5,1.3830430147803572,0.872,0.902,0.896,0.006
2,euclidean,mean_std_2.0,nearest_sphere,ratio,1.0,1.856052684723222,0.862,0.902,0.894,0.008
2,euclidean,mean_std_2.0,nearest_sphere,ratio,2.0,2.7801534774752596,0.882,0.902,0.898,0.004
2,euclidean,mean_std_2.0,nearest_sphere,inverse_margin,0.0,0.9386204335807458,0.832,0.902,0.888,0.014
2,euclidean,mean_std_2.0,nearest_sphere,inverse_margin,0.25,4.523560570536003,0.872,0.902,0.896,0.006
2,euclidean,mean_std_2.0,nearest_sphere,inverse_margin,0.5,8.20388665178719,0.872,0.902,0.896,0.006
2,euclidean,mean_std_2.0,nearest_sphere,inverse_margin,1.0,15.564538814289563,0.872,0.902,0.896,0.006
2,euclidean,mean_std_2.0,nearest_sphere,inverse_margin,2.0,30.28584313929431,0.872,0.902,0.896,0.006
2,euclidean,mean_std_2.0,nearest_sphere,max_ratio,0.0,0.9386204335807458,0.832,0.902,0.888,0.014
2,euclidean,mean_std_2.0,nearest_sphere,max_ratio,0.25,0.9386204335807458,0.832,0.902,0.888,0.014
2,euclidean,mean_std_2.0,nearest_sphere,max_ratio,0.5,0.9386204335807458,0.832,0.902,0.888,0.014
2,euclidean,mean_std_2.0,nearest_sphere,max_ratio,1.0,0.9647970318306096,0.862,0.902,0.894,0.008
2,euclidean,mean_std_2.0,nearest_sphere,max_ratio,2.0,1.8727840922957646,0.872,0.902,0.896,0.006
2,euclidean,mean_std_2.0,normalized_union,none,0.0,0.8836126975667566,0.792,0.902,0.88,0.022
2,euclidean,mean_std_2.0,normalized_union,none,0.25,0.8836126975667566,0.792,0.902,0.88,0.022
2,euclidean,mean_std_2.0,normalized_union,none,0.5,0.8836126975667566,0.792,0.902,0.88,0.022
2,euclidean,mean_std_2.0,normalized_union,none,1.0,0.8836126975667566,0.792,0.902,0.88,0.022
2,euclidean,mean_std_2.0,normalized_union,none,2.0,0.8836126975667566,0.792,0.902,0.88,0.022
2,euclidean,mean_std_2.0,normalized_union,ratio,0.0,0.8836126975667566,0.792,0.902,0.88,0.022
2,euclidean,mean_std_2.0,normalized_union,ratio,0.25,1.1213967212079745,0.822,0.902,0.886,0.016
2,euclidean,mean_std_2.0,normalized_union,ratio,0.5,1.3506736409877724,0.832,0.902,0.888,0.014
2,euclidean,mean_std_2.0,normalized_union,ratio,1.0,1.8148550974430477,0.842,0.902,0.89,0.012
2,euclidean,mean_std_2.0,normalized_union,ratio,2.0,2.763702972163495,0.862,0.902,0.894,0.008
2,euclidean,mean_std_2.0,normalized_union,inverse_margin,0.0,0.8836126975667566,0.792,0.902,0.88,0.022
2,euclidean,mean_std_2.0,normalized_union,inverse_margin,0.25,4.523560570536003,0.852,0.902,0.892,0.01
2,euclidean,mean_std_2.0,normalized_union,inverse_margin,0.5,8.20388665178719,0.852,0.902,0.892,0.01
2,euclidean,mean_std_2.0,normalized_union,inverse_margin,1.0,15.564538814289563,0.852,0.902,0.892,0.01
2,euclidean,mean_std_2.0,normalized_union,inverse_margin,2.0,30.28584313929431,0.852,0.902,0.892,0.01
2,euclidean,mean_std_2.0,normalized_union,max_ratio,0.0,0.8836126975667566,0.792,0.902,0.88,0.022
2,euclidean,mean_std_2.0,normalized_union,max_ratio,0.25,0.8836126975667566,0.792,0.902,0.88,0.022
2,euclidean,mean_std_2.0,normalized_union,max_ratio,0.5,0.8836126975667566,0.792,0.902,0.88,0.022
2,euclidean,mean_std_2.0,normalized_union,max_ratio,1.0,0.9370577147502833,0.852,0.902,0.892,0.01
2,euclidean,mean_std_2.0,normalized_union,max_ratio,2.0,1.8727840922957646,0.852,0.902,0.892,0.01
2,euclidean,mean_std_3.0,nearest_sphere,none,0.0,0.8722294517849941,0.842,0.902,0.89,0.012
2,euclidean,mean_std_3.0,nearest_sphere,none,0.25,0.8722294517849941,0.842,0.902,0.89,0.012
2,euclidean,mean_std_3.0,nearest_sphere,none,0.5,0.8722294517849941,0.842,0.902,0.89,0.012
2,euclidean,mean_std_3.0,nearest_sphere,none,1.0,0.8722294517849941,0.842,0.902,0.89,0.012
2,euclidean,mean_std_3.0,nearest_sphere,none,2.0,0.8722294517849941,0.842,0.902,0.89,0.012
2,euclidean,mean_std_3.0,nearest_sphere,ratio,0.0,0.8722294517849941,0.842,0.902,0.89,0.012
2,euclidean,mean_std_3.0,nearest_sphere,ratio,0.25,1.093959263625791,0.872,0.902,0.896,0.006
2,euclidean,mean_std_3.0,nearest_sphere,ratio,0.5,1.319473300564412,0.872,0.902,0.896,0.006
2,euclidean,mean_std_3.0,nearest_sphere,ratio,1.0,1.789334086344179,0.882,0.902,0.898,0.004
2,euclidean,mean_std_3.0,nearest_sphere,ratio,2.0,2.7229855013911055,0.882,0.902,0.898,0.004
2,euclidean,mean_std_3.0,nearest_sphere,inverse_margin,0.0,0.8722294517849941,0.842,0.902,0.89,0.012
2,euclidean,mean_std_3.0,nearest_sphere,inverse_margin,0.25,4.475510766870324,0.872,0.902,0.896,0.006
2,euclidean,mean_std_3.0,nearest_sphere,inverse_margin,0.5,8.15583684812151,0.872,0.902,0.896,0.006
2,euclidean,mean_std_3.0,nearest_sphere,inverse_margin,1.0,15.516489010623884,0.872,0.902,0.896,0.006
2,euclidean,mean_std_3.0,nearest_sphere,inverse_margin,2.0,30.23779333562863,0.872,0.902,0.896,0.006
2,euclidean,mean_std_3.0,nearest_sphere,max_ratio,0.0,0.8722294517849941,0.842,0.902,0.89,0.012
2,euclidean,mean_std_3.0,nearest_sphere,max_ratio,0.25,0.8722294517849941,0.842,0.902,0.89,0.012
2,euclidean,mean_std_3.0,nearest_sphere,max_ratio,0.5,0.8722294517849941,0.842,0.902,0.89,0.012
2,euclidean,mean_std_3.0,nearest_sphere,max_ratio,1.0,0.9507940362529688,0.872,0.902,0.896,0.006
2,euclidean,mean_std_3.0,nearest_sphere,max_ratio,2.0,1.8727840922957646,0.872,0.902,0.896,0.006
2,euclidean,mean_std_3.0,normalized_union,none,0.0,0.8284039909377179,0.792,0.902,0.88,0.022
2,euclidean,mean_std_3.0,normalized_union,none,0.25,0.8284039909377179,0.792,0.902,0.88,0.022
2,euclidean,mean_std_3.0,normalized_union,none,0.5,0.8284039909377179,0.792,0.902,0.88,0.022
2,euclidean,mean_std_3.0,normalized_union,none,1.0,0.8284039909377179,0.792,0.902,0.88,0.022
2,euclidean,mean_std_3.0,normalized_union,none,2.0,0.8284039909377179,0.792,0.902,0.88,0.022
2,euclidean,mean_std_3.0,normalized_union,ratio,0.0,0.8284039909377179,0.792,0.902,0.88,0.022
2,euclidean,mean_std_3.0,normalized_union,ratio,0.25,1.0555843870035628,0.822,0.902,0.886,0.016
2,euclidean,mean_std_3.0,normalized_union,ratio,0.5,1.2876647982119402,0.822,0.902,0.886,0.016
2,euclidean,mean_std_3.0,normalized_union,ratio,1.0,1.7558250421285622,0.842,0.902,0.89,0.012
2,euclidean,mean_std_3.0,normalized_union,ratio,2.0,2.703269804795761,0.852,0.902,0.892,0.01
2,euclidean,mean_std_3.0,normalized_union,inverse_margin,0.0,0.8284039909377179,0.792,0.902,0.88,0.022
2,euclidean,mean_std_3.0,normalized_union,inverse_margin,0.25,4.475510766870324,0.852,0.902,0.892,0.01
2,euclidean,mean_std_3.0,normalized_union,inverse_margin,0.5,8.15583684812151,0.852,0.902,0.892,0.01
2,euclidean,mean_std_3.0,normalized_union,inverse_margin,1.0,15.516489010623884,0.852,0.902,0.892,0.01
2,euclidean,mean_std_3.0,normalized_union,inverse_margin,2.0,30.23779333562863,0.852,0.902,0.892,0.01
2,euclidean,mean_std_3.0,normalized_union,max_ratio,0.0,0.8284039909377179,0.792,0.902,0.88,0.022
2,euclidean,mean_std_3.0,normalized_union,max_ratio,0.25,0.8284039909377179,0.792,0.902,0.88,0.022
2,euclidean,mean_std_3.0,normalized_union,max_ratio,0.5,0.8284039909377179,0.792,0.902,0.88,0.022
2,euclidean,mean_std_3.0,normalized_union,max_ratio,1.0,0.9363920461478823,0.852,0.902,0.892,0.01
2,euclidean,mean_std_3.0,normalized_union,max_ratio,2.0,1.8727840922957646,0.852,0.902,0.892,0.01
2,euclidean,center_quantile_0.5,nearest_sphere,none,0.0,1.1428423648183827,0.742,0.902,0.87,0.032
2,euclidean,center_quantile_0.5,nearest_sphere,none,0.25,1.1428423648183827,0.742,0.902,0.87,0.032
2,euclidean,center_quantile_0.5,nearest_sphere,none,0.5,1.1428423648183827,0.742,0.902,0.87,0.032
2,euclidean,center_quantile_0.5,nearest_sphere,none,1.0,1.1428423648183827,0.742,0.902,0.87,0.032
2,euclidean,center_quantile_0.5,nearest_sphere,none,2.0,1.1428423648183827,0.742,0.902,0.87,0.032
2,euclidean,center_quantile_0.5,nearest_sphere,ratio,0.0,1.1428423648183827,0.742,0.902,0.87,0.032
2,euclidean,center_quantile_0.5,nearest_sphere,ratio,0.25,1.3531334714628542,0.782,0.902,0.878,0.024
2,euclidean,center_quantile_0.5,nearest_sphere,ratio,0.5,1.5717014647032763,0.812,0.902,0.884,0.018
2,euclidean,center_quantile_0.5,nearest_sphere,ratio,1.0,2.0180247125082786,0.862,0.902,0.894,0.008
2,euclidean,center_quantile_0.5,nearest_sphere,ratio,2.0,2.9601932841841503,0.862,0.902,0.894,0.008
2,euclidean,center_quantile_0.5,nearest_sphere,inverse_margin,0.0,1.1428423648183827,0.742,0.902,0.87,0.032
2,euclidean,center_quantile_0.5,nearest_sphere,inverse_margin,0.25,4.643072375034745,0.872,0.902,0.896,0.006
2,euclidean,center_quantile_0.5,nearest_sphere,inverse_margin,0.5,8.323398456285933,0.872,0.902,0.896,0.006
2,euclidean,center_quantile_0.5,nearest_sphere,inverse_margin,1.0,15.684050618788305,0.872,0.902,0.896,0.006
2,euclidean,center_quantile_0.5,nearest_sphere,inverse_margin,2.0,30.40535494379305,0.872,0.902,0.896,0.006
2,euclidean,center_quantile_0.5,nearest_sphere,max_ratio,0.0,1.1428423648183827,0.742,0.902,0.87,0.032
2,euclidean,center_quantile_0.5,nearest_sphere,max_ratio,0.25,1.1428423648183827,0.742,0.902,0.87,0.032
2,euclidean,center_quantile_0.5,nearest_sphere,max_ratio,0.5,1.1428423648183827,0.742,0.902,0.87,0.032
2,euclidean,center_quantile_0.5,nearest_sphere,max_ratio,1.0,1.1428423648183827,0.742,0.902,0.87,0.032
2,euclidean,center_quantile_0.5,nearest_sphere,max_ratio,2.0,1.8727840922957646,0.872,0.902,0.896,0.006
2,euclidean,center_quantile_0.5,normalized_union,none,0.0,1.0626722448545234,0.412,0.902,0.804,0.098
2,euclidean,center_quantile_0.5,normalized_union,none,0.25,1.0626722448545234,0.412,0.902,0.804,0.098
2,euclidean,center_quantile_0.5,normalized_union,none,0.5,1.0626722448545234,0.412,0.902,0.804,0.098
2,euclidean,center_quantile_0.5,normalized_union,none,1.0,1.0626722448545234,0.412,0.902,0.804,0.098
2,euclidean,center_quantile_0.5,normalized_union,none,2.0,1.0626722448545234,0.412,0.902,0.804,0.098
2,euclidean,center_quantile_0.5,normalized_union,ratio,0.0,1.0626722448545234,0.412,0.902,0.804,0.098
2,euclidean,center_quantile_0.5,normalized_union,ratio,0.25,1.2856652297379718,0.442,0.902,0.81,0.092
2,euclidean,center_quantile_0.5,normalized_union,ratio,0.5,1.5057813186112223,0.392,0.902,0.8,0.102
2,euclidean,center_quantile_0.5,normalized_union,ratio,1.0,1.970073335462513,0.372,0.902,0.796,0.106
2,euclidean,center_quantile_0.5,normalized_union,ratio,2.0,2.8928673302937185,0.372,0.902,0.796,0.106
2,euclidean,center_quantile_0.5,normalized_union,inverse_margin,0.0,1.0626722448545234,0.412,0.902,0.804,0.098
2,euclidean,center_quantile_0.5,normalized_union,inverse_margin,0.25,4.643072375034745,0.342,0.902,0.79,0.112
2,euclidean,center_quantile_0.5,normalized_union,inverse_margin,0.5,8.323398456285933,0.342,0.902,0.79,0.112
2,euclidean,center_quantile_0.5,normalized_union,inverse_margin,1.0,15.684050618788305,0.342,0.902,0.79,0.112
2,euclidean,center_quantile_0.5,normalized_union,inverse_margin,2.0,30.40535494379305,0.342,0.902,0.79,0.112
2,euclidean,center_quantile_0.5,normalized_union,max_ratio,0.0,1.0626722448545234,0.412,0.902,0.804,0.098
2,euclidean,center_quantile_0.5,normalized_union,max_ratio,0.25,1.0626722448545234,0.412,0.902,0.804,0.098
2,euclidean,center_quantile_0.5,normalized_union,max_ratio,0.5,1.0626722448545234,0.412,0.902,0.804,0.098
2,euclidean,center_quantile_0.5,normalized_union,max_ratio,1.0,1.0626722448545234,0.412,0.902,0.804,0.098
2,euclidean,center_quantile_0.5,normalized_union,max_ratio,2.0,1.8727840922957646,0.342,0.902,0.79,0.112
2,euclidean,intent_quantile_0.5,nearest_sphere,none,0.0,1.2437413869493616,0.872,0.902,0.896,0.006
2,euclidean,intent_quantile_0.5,nearest_sphere,none,0.25,1.2437413869493616,0.872,0.902,0.896,0.006
2,euclidean,intent_quantile_0.5,nearest_sphere,none,0.5,1.2437413869493616,0.872,0.902,0.896,0.006
2,euclidean,intent_quantile_0.5,nearest_sphere,none,1.0,1.2437413869493616,0.872,0.902,0.896,0.006
2,euclidean,intent_quantile_0.5,nearest_sphere,none,2.0,1.2437413869493616,0.872,0.902,0.896,0.006
2,euclidean,intent_quantile_0.5,nearest_sphere,ratio,0.0,1.2437413869493616,0.872,0.902,0.896,0.006
2,euclidean,intent_quantile_0.5,nearest_sphere,ratio,0.25,1.4742582670257849,0.872,0.902,0.896,0.006
2,euclidean,intent_quantile_0.5,nearest_sphere,ratio,0.5,1.7146863697245571,0.892,0.902,0.9,0.002
2,euclidean,intent_quantile_0.5,nearest_sphere,ratio,1.0,2.1849403184422713,0.892,0.902,0.9,0.002
2,euclidean,intent_quantile_0.5,nearest_sphere,ratio,2.0,3.1459076635938548,0.892,0.902,0.9,0.002
2,euclidean,intent_quantile_0.5,nearest_sphere,inverse_margin,0.0,1.2437413869493616,0.872,0.902,0.896,0.006
2,euclidean,intent_quantile_0.5,nearest_sphere,inverse_margin,0.25,5.163359483726597,0.872,0.902,0.896,0.006
2,euclidean,intent_quantile_0.5,nearest_sphere,inverse_margin,0.5,8.827266208162698,0.872,0.902,0.896,0.006
2,euclidean,intent_quantile_0.5,nearest_sphere,inverse_margin,1.0,16.155079657034896,0.872,0.902,0.896,0.006
2,euclidean,intent_quantile_0.5,nearest_sphere,inverse_margin,2.0,30.810706554779298,0.872,0.902,0.896,0.006
2,euclidean,intent_quantile_0.5,nearest_sphere,max_ratio,0.0,1.2437413869493616,0.872,0.902,0.896,0.006
2,euclidean,intent_quantile_0.5,nearest_sphere,max_ratio,0.25,1.2437413869493616,0.872,0.902,0.896,0.006
2,euclidean,intent_quantile_0.5,nearest_sphere,max_ratio,0.5,1.2437413869493616,0.872,0.902,0.896,0.006
2,euclidean,intent_quantile_0.5,nearest_sphere,max_ratio,1.0,1.2437413869493616,0.872,0.902,0.896,0.006
2,euclidean,intent_quantile_0.5,nearest_sphere,max_ratio,2.0,1.8727840922957646,0.872,0.902,0.896,0.006
2,euclidean,intent_quantile_0.5,normalized_union,none,0.0,1.21546618656529,0.762,0.902,0.874,0.028
2,euclidean,intent_quantile_0.5,normalized_union,none,0.25,1.21546618656529,0.762,0.902,0.874,0.028
2,euclidean,intent_quantile_0.5,normalized_union,none,0.5,1.21546618656529,0.762,0.902,0.874,0.028
2,euclidean,intent_quantile_0.5,normalized_union,none,1.0,1.21546618656529,0.762,0.902,0.874,0.028
2,euclidean,intent_quantile_0.5,normalized_union,none,2.0,1.21546618656529,0.762,0.902,0.874,0.028
2,euclidean,intent_quantile_0.5,normalized_union,ratio,0.0,1.21546618656529,0.762,0.902,0.874,0.028
2,euclidean,intent_quantile_0.5,normalized_union,ratio,0.25,1.4494974871556217,0.752,0.902,0.872,0.03
2,euclidean,intent_quantile_0.5,normalized_union,ratio,0.5,1.6883078069919264,0.752,0.902,0.872,0.03
2,euclidean,intent_quantile_0.5,normalized_union,ratio,1.0,2.1610904882257347,0.752,0.902,0.872,0.03
2,euclidean,intent_quantile_0.5,normalized_union,ratio,2.0,3.0901356789934775,0.752,0.902,0.872,0.03
2,euclidean,intent_quantile_0.5,normalized_union,inverse_margin,0.0,1.21546618656529,0.762,0.902,0.874,0.028
2,euclidean,intent_quantile_0.5,normalized_union,inverse_margin,0.25,4.87937291100139,0.732,0.902,0.868,0.034
2,euclidean,intent_quantile_0.5,normalized_union,inverse_margin,0.5,8.54327963543749,0.732,0.902,0.868,0.034
2,euclidean,intent_quantile_0.5,normalized_union,inverse_margin,1.0,15.872416307605535,0.732,0.902,0.868,0.034
2,euclidean,intent_quantile_0.5,normalized_union,inverse_margin,2.0,30.59372063261028,0.732,0.902,0.868,0.034
2,euclidean,intent_quantile_0.5,normalized_union,max_ratio,0.0,1.21546618656529,0.762,0.902,0.874,0.028
2,euclidean,intent_quantile_0.5,normalized_union,max_ratio,0.25,1.21546618656529,0.762,0.902,0.874,0.028
2,euclidean,intent_quantile_0.5,normalized_union,max_ratio,0.5,1.21546618656529,0.762,0.902,0.874,0.028
2,euclidean,intent_quantile_0.5,normalized_union,max_ratio,1.0,1.21546618656529,0.762,0.902,0.874,0.028
2,euclidean,intent_quantile_0.5,normalized_union,max_ratio,2.0,1.8727840922957646,0.732,0.902,0.868,0.034
2,euclidean,center_quantile_0.7,nearest_sphere,none,0.0,1.0844422741909867,0.762,0.902,0.874,0.028
2,euclidean,center_quantile_0.7,nearest_sphere,none,0.25,1.0844422741909867,0.762,0.902,0.874,0.028
2,euclidean,center_quantile_0.7,nearest_sphere,none,0.5,1.0844422741909867,0.762,0.902,0.874,0.028
2,euclidean,center_quantile_0.7,nearest_sphere,none,1.0,1.0844422741909867,0.762,0.902,0.874,0.028
2,euclidean,center_quantile_0.7,nearest_sphere,none,2.0,1.0844422741909867,0.762,0.902,0.874,0.028
2,euclidean,center_quantile_0.7,nearest_sphere,ratio,0.0,1.0844422741909867,0.762,0.902,0.874,0.028
2,euclidean,center_quantile_0.7,nearest_sphere,ratio,0.25,1.2957553812477298,0.802,0.902,0.882,0.02
2,euclidean,center_quantile_0.7,nearest_sphere,ratio,0.5,1.5237377343223244,0.832,0.902,0.888,0.014
2,euclidean,center_quantile_0.7,nearest_sphere,ratio,1.0,1.975598441502434,0.862,0.902,0.894,0.008
2,euclidean,center_quantile_0.7,nearest_sphere,ratio,2.0,2.909500195655304,0.862,0.902,0.894,0.008
2,euclidean,center_quantile_0.7,nearest_sphere,inverse_margin,0.0,1.0844422741909867,0.762,0.902,0.874,0.028
2,euclidean,center_quantile_0.7,nearest_sphere,inverse_margin,0.25,4.605585736104752,0.872,0.902,0.896,0.006
2,euclidean,center_quantile_0.7,nearest_sphere,inverse_margin,0.5,8.285911817355938,0.872,0.902,0.896,0.006
2,euclidean,center_quantile_0.7,nearest_sphere,inverse_margin,1.0,15.646563979858312,0.872,0.902,0.896,0.006
2,euclidean,center_quantile_0.7,nearest_sphere,inverse_margin,2.0,30.36786830486306,0.872,0.902,0.896,0.006
2,euclidean,center_quantile_0.7,nearest_sphere,max_ratio,0.0,1.0844422741909867,0.762,0.902,0.874,0.028
2,euclidean,center_quantile_0.7,nearest_sphere,max_ratio,0.25,1.0844422741909867,0.762,0.902,0.874,0.028
2,euclidean,center_quantile_0.7,nearest_sphere,max_ratio,0.5,1.0844422741909867,0.762,0.902,0.874,0.028
2,euclidean,center_quantile_0.7,nearest_sphere,max_ratio,1.0,1.0844422741909867,0.762,0.902,0.874,0.028
2,euclidean,center_quantile_0.7,nearest_sphere,max_ratio,2.0,1.8727840922957646,0.872,0.902,0.896,0.006
2,euclidean,center_quantile_0.7,normalized_union,none,0.0,1.0134496163276001,0.622,0.902,0.846,0.056
2,euclidean,center_quantile_0.7,normalized_union,none,0.25,1.0134496163276001,0.622,0.902,0.846,0.056
2,euclidean,center_quantile_0.7,normalized_union,none,0.5,1.0134496163276001,0.622,0.902,0.846,0.056
2,euclidean,center_quantile_0.7,normalized_union,none,1.0,1.0134496163276001,0.622,0.902,0.846,0.056
2,euclidean,center_quantile_0.7,normalized_union,none,2.0,1.0134496163276001,0.622,0.902,0.846,0.056
2,euclidean,center_quantile_0.7,normalized_union,ratio,0.0,1.0134496163276001,0.622,0.902,0.846,0.056
2,euclidean,center_quantile_0.7,normalized_union,ratio,0.25,1.2402900086925932,0.612,0.902,0.844,0.058
2,euclidean,center_quantile_0.7,normalized_union,ratio,0.5,1.4651402782173149,0.612,0.902,0.844,0.058
2,euclidean,center_quantile_0.7,normalized_union,ratio,1.0,1.9225110687476294,0.622,0.902,0.846,0.056
2,euclidean,center_quantile_0.7,normalized_union,ratio,2.0,2.8643579710059925,0.642,0.902,0.85,0.052
2,euclidean,center_quantile_0.7,normalized_union,inverse_margin,0.0,1.0134496163276001,0.622,0.902,0.846,0.056
2,euclidean,center_quantile_0.7,normalized_union,inverse_margin,0.25,4.605585736104752,0.622,0.902,0.846,0.056
2,euclidean,center_quantile_0.7,normalized_union,inverse_margin,0.5,8.285911817355938,0.622,0.902,0.846,0.056
2,euclidean,center_quantile_0.7,normalized_union,inverse_margin,1.0,15.646563979858312,0.622,0.902,0.846,0.056
2,euclidean,center_quantile_0.7,normalized_union,inverse_margin,2.0,30.36786830486306,0.622,0.902,0.846,0.056
2,euclidean,center_quantile_0.7,normalized_union,max_ratio,0.0,1.0134496163276001,0.622,0.902,0.846,0.056
2,euclidean,center_quantile_0.7,normalized_union,max_ratio,0.25,1.0134496163276001,0.622,0.902,0.846,0.056
2,euclidean,center_quantile_0.7,normalized_union,max_ratio,0.5,1.0134496163276001,0.622,0.902,0.846,0.056
2,euclidean,center_quantile_0.7,normalized_union,max_ratio,1.0,1.0134496163276001,0.622,0.902,0.846,0.056
2,euclidean,center_quantile_0.7,normalized_union,max_ratio,2.0,1.8727840922957646,0.622,0.902,0.846,0.056
2,euclidean,intent_quantile_0.7,nearest_sphere,none,0.0,1.1516481784833925,0.882,0.902,0.898,0.004
2,euclidean,intent_quantile_0.7,nearest_sphere,none,0.25,1.1516481784833925,0.882,0.902,0.898,0.004
2,euclidean,intent_quantile_0.7,nearest_sphere,none,0.5,1.1516481784833925,0.882,0.902,0.898,0.004
2,euclidean,intent_quantile_0.7,nearest_sphere,none,1.0,1.1516481784833925,0.882,0.902,0.898,0.004
2,euclidean,intent_quantile_0.7,nearest_sphere,none,2.0,1.1516481784833925,0.882,0.902,0.898,0.004
2,euclidean,intent_quantile_0.7,nearest_sphere,ratio,0.0,1.1516481784833925,0.882,0.902,0.898,0.004
2,euclidean,intent_quantile_0.7,nearest_sphere,ratio,0.25,1.3919740207736007,0.882,0.902,0.898,0.004
2,euclidean,intent_quantile_0.7,nearest_sphere,ratio,0.5,1.6243034693198408,0.882,0.902,0.898,0.004
2,euclidean,intent_quantile_0.7,nearest_sphere,ratio,1.0,2.101876115549131,0.882,0.902,0.898,0.004
2,euclidean,intent_quantile_0.7,nearest_sphere,ratio,2.0,3.071052955891428,0.882,0.902,0.898,0.004
2,euclidean,intent_quantile_0.7,nearest_sphere,inverse_margin,0.0,1.1516481784833925,0.882,0.902,0.898,0.004
2,euclidean,intent_quantile_0.7,nearest_sphere,inverse_margin,0.25,5.027024131929809,0.872,0.902,0.896,0.006
2,euclidean,intent_quantile_0.7,nearest_sphere,inverse_margin,0.5,8.69093085636591,0.872,0.902,0.896,0.006
2,euclidean,intent_quantile_0.7,nearest_sphere,inverse_margin,1.0,16.01874430523811,0.872,0.902,0.896,0.006
2,euclidean,intent_quantile_0.7,nearest_sphere,inverse_margin,2.0,30.67437120298251,0.872,0.902,0.896,0.006
2,euclidean,intent_quantile_0.7,nearest_sphere,max_ratio,0.0,1.1516481784833925,0.882,0.902,0.898,0.004
2,euclidean,intent_quantile_0.7,nearest_sphere,max_ratio,0.25,1.1516481784833925,0.882,0.902,0.898,0.004
2,euclidean,intent_quantile_0.7,nearest_sphere,max_ratio,0.5,1.1516481784833925,0.882,0.902,0.898,0.004
2,euclidean,intent_quantile_0.7,nearest_sphere,max_ratio,1.0,1.1516481784833925,0.882,0.902,0.898,0.004
2,euclidean,intent_quantile_0.7,nearest_sphere,max_ratio,2.0,1.8727840922957646,0.872,0.902,0.896,0.006
2,euclidean,intent_quantile_0.7,normalized_union,none,0.0,1.1344827350360203,0.792,0.902,0.88,0.022
2,euclidean,intent_quantile_0.7,normalized_union,none,0.25,1.1344827350360203,0.792,0.902,0.88,0.022
2,euclidean,intent_quantile_0.7,normalized_union,none,0.5,1.1344827350360203,0.792,0.902,0.88,0.022
2,euclidean,intent_quantile_0.7,normalized_union,none,1.0,1.1344827350360203,0.792,0.902,0.88,0.022
2,euclidean,intent_quantile_0.7,normalized_union,none,2.0,1.1344827350360203,0.792,0.902,0.88,0.022
2,euclidean,intent_quantile_0.7,normalized_union,ratio,0.0,1.1344827350360203,0.792,0.902,0.88,0.022
2,euclidean,intent_quantile_0.7,normalized_union,ratio,0.25,1.3670471478618405,0.782,0.902,0.878,0.024
2,euclidean,intent_quantile_0.7,normalized_union,ratio,0.5,1.6043886825742513,0.782,0.902,0.878,0.024
2,euclidean,intent_quantile_0.7,normalized_union,ratio,1.0,2.081876241295898,0.802,0.902,0.882,0.02
2,euclidean,intent_quantile_0.7,normalized_union,ratio,2.0,3.0151120699526754,0.782,0.902,0.878,0.024
2,euclidean,intent_quantile_0.7,normalized_union,inverse_margin,0.0,1.1344827350360203,0.792,0.902,0.88,0.022
2,euclidean,intent_quantile_0.7,normalized_union,inverse_margin,0.25,4.763497644054651,0.762,0.902,0.874,0.028
2,euclidean,intent_quantile_0.7,normalized_union,inverse_margin,0.5,8.443823725305837,0.762,0.902,0.874,0.028
2,euclidean,intent_quantile_0.7,normalized_union,inverse_margin,1.0,15.804475887808211,0.762,0.902,0.874,0.028
2,euclidean,intent_quantile_0.7,normalized_union,inverse_margin,2.0,30.525780212812958,0.762,0.902,0.874,0.028
2,euclidean,intent_quantile_0.7,normalized_union,max_ratio,0.0,1.1344827350360203,0.792,0.902,0.88,0.022
2,euclidean,intent_quantile_0.7,normalized_union,max_ratio,0.25,1.1344827350360203,0.792,0.902,0.88,0.022
2,euclidean,intent_quantile_0.7,normalized_union,max_ratio,0.5,1.1344827350360203,0.792,0.902,0.88,0.022
2,euclidean,intent_quantile_0.7,normalized_union,max_ratio,1.0,1.1344827350360203,0.792,0.902,0.88,0.022
2,euclidean,intent_quantile_0.7,normalized_union,max_ratio,2.0,1.8727840922957646,0.762,0.902,0.874,0.028
2,euclidean,center_quantile_0.8,nearest_sphere,none,0.0,1.0447038857691116,0.782,0.902,0.878,0.024
2,euclidean,center_quantile_0.8,nearest_sphere,none,0.25,1.0447038857691116,0.782,0.902,0.878,0.024
2,euclidean,center_quantile_0.8,nearest_sphere,none,0.5,1.0447038857691116,0.782,0.902,0.878,0.024
2,euclidean,center_quantile_0.8,nearest_sphere,none,1.0,1.0447038857691116,0.782,0.902,0.878,0.024
2,euclidean,center_quantile_0.8,nearest_sphere,none,2.0,1.0447038857691116,0.782,0.902,0.878,0.024
2,euclidean,center_quantile_0.8,nearest_sphere,ratio,0.0,1.0447038857691116,0.782,0.902,0.878,0.024
2,euclidean,center_quantile_0.8,nearest_sphere,ratio,0.25,1.2587048010137427,0.822,0.902,0.886,0.016
2,euclidean,center_quantile_0.8,nearest_sphere,ratio,0.5,1.4832080394313465,0.852,0.902,0.892,0.01
2,euclidean,center_quantile_0.8,nearest_sphere,ratio,1.0,1.9432038993357683,0.862,0.902,0.894,0.008
2,euclidean,center_quantile_0.8,nearest_sphere,ratio,2.0,2.8793031546825203,0.872,0.902,0.896,0.006
2,euclidean,center_quantile_0.8,nearest_sphere,inverse_margin,0.0,1.0447038857691116,0.782,0.902,0.878,0.024
2,euclidean,center_quantile_0.8,nearest_sphere,inverse_margin,0.25,4.587010838513096,0.872,0.902,0.896,0.006
2,euclidean,center_quantile_0.8,nearest_sphere,inverse_margin,0.5,8.267336919764283,0.872,0.902,0.896,0.006
2,euclidean,center_quantile_0.8,nearest_sphere,inverse_margin,1.0,15.627989082266655,0.872,0.902,0.896,0.006
2,euclidean,center_quantile_0.8,nearest_sphere,inverse_margin,2.0,30.349293407271404,0.872,0.902,0.896,0.006
2,euclidean,center_quantile_0.8,nearest_sphere,max_ratio,0.0,1.0447038857691116,0.782,0.902,0.878,0.024
2,euclidean,center_quantile_0.8,nearest_sphere,max_ratio,0.25,1.0447038857691116,0.782,0.902,0.878,0.024
2,euclidean,center_quantile_0.8,nearest_sphere,max_ratio,0.5,1.0447038857691116,0.782,0.902,0.878,0.024
2,euclidean,center_quantile_0.8,nearest_sphere,max_ratio,1.0,1.0447038857691116,0.782,0.902,0.878,0.024
2,euclidean,center_quantile_0.8,nearest_sphere,max_ratio,2.0,1.8727840922957646,0.872,0.902,0.896,0.006
2,euclidean,center_quantile_0.8,normalized_union,none,0.0,0.9772363442329652,0.702,0.902,0.862,0.04
2,euclidean,center_quantile_0.8,normalized_union,none,0.25,0.9772363442329652,0.702,0.902,0.862,0.04
2,euclidean,center_quantile_0.8,normalized_union,none,0.5,0.9772363442329652,0.702,0.902,0.862,0.04
2,euclidean,center_quantile_0.8,normalized_union,none,1.0,0.9772363442329652,0.702,0.902,0.862,0.04
2,euclidean,center_quantile_0.8,normalized_union,none,2.0,0.9772363442329652,0.702,0.902,0.862,0.04
2,euclidean,center_quantile_0.8,normalized_union,ratio,0.0,0.9772363442329652,0.702,0.902,0.862,0.04
2,euclidean,center_quantile_0.8,normalized_union,ratio,0.25,1.1956355815263693,0.702,0.902,0.862,0.04
2,euclidean,center_quantile_0.8,normalized_union,ratio,0.5,1.432767308611467,0.712,0.902,0.864,0.038
2,euclidean,center_quantile_0.8,normalized_union,ratio,1.0,1.8959028916844534,0.712,0.902,0.864,0.038
2,euclidean,center_quantile_0.8,normalized_union,ratio,2.0,2.8350658156255935,0.732,0.902,0.868,0.034
2,euclidean,center_quantile_0.8,normalized_union,inverse_margin,0.0,0.9772363442329652,0.702,0.902,0.862,0.04
2,euclidean,center_quantile_0.8,normalized_union,inverse_margin,0.25,4.587010838513096,0.722,0.902,0.866,0.036
2,euclidean,center_quantile_0.8,normalized_union,inverse_margin,0.5,8.267336919764283,0.722,0.902,0.866,0.036
2,euclidean,center_quantile_0.8,normalized_union,inverse_margin,1.0,15.627989082266655,0.722,0.902,0.866,0.036
2,euclidean,center_quantile_0.8,normalized_union,inverse_margin,2.0,30.349293407271404,0.722,0.902,0.866,0.036
2,euclidean,center_quantile_0.8,normalized_union,max_ratio,0.0,0.9772363442329652,0.702,0.902,0.862,0.04
2,euclidean,center_quantile_0.8,normalized_union,max_ratio,0.25,0.9772363442329652,0.702,0.902,0.862,0.04
2,euclidean,center_quantile_0.8,normalized_union,max_ratio,0.5,0.9772363442329652,0.702,0.902,0.862,0.04
2,euclidean,center_quantile_0.8,normalized_union,max_ratio,1.0,0.9814863979699918,0.732,0.902,0.868,0.034
2,euclidean,center_quantile_0.8,normalized_union,max_ratio,2.0,1.8727840922957646,0.722,0.902,0.866,0.036
2,euclidean,intent_quantile_0.8,nearest_sphere,none,0.0,1.0831932331711116,0.882,0.902,0.898,0.004
2,euclidean,intent_quantile_0.8,nearest_sphere,none,0.25,1.0831932331711116,0.882,0.902,0.898,0.004
2,euclidean,intent_quantile_0.8,nearest_sphere,none,0.5,1.0831932331711116,0.882,0.902,0.898,0.004
2,euclidean,intent_quantile_0.8,nearest_sphere,none,1.0,1.0831932331711116,0.882,0.902,0.898,0.004
2,euclidean,intent_quantile_0.8,nearest_sphere,none,2.0,1.0831932331711116,0.882,0.902,0.898,0.004
2,euclidean,intent_quantile_0.8,nearest_sphere,ratio,0.0,1.0831932331711116,0.882,0.902,0.898,0.004
2,euclidean,intent_quantile_0.8,nearest_sphere,ratio,0.25,1.3228427343859708,0.882,0.902,0.898,0.004
2,euclidean,intent_quantile_0.8,nearest_sphere,ratio,0.5,1.5672140184470547,0.882,0.902,0.898,0.004
2,euclidean,intent_quantile_0.8,nearest_sphere,ratio,1.0,2.0487264067376474,0.882,0.902,0.898,0.004
2,euclidean,intent_quantile_0.8,nearest_sphere,ratio,2.0,3.018538839515491,0.882,0.902,0.898,0.004
2,euclidean,intent_quantile_0.8,nearest_sphere,inverse_margin,0.0,1.0831932331711116,0.882,0.902,0.898,0.004
2,euclidean,intent_quantile_0.8,nearest_sphere,inverse_margin,0.25,4.896260404430157,0.872,0.902,0.896,0.006
2,euclidean,intent_quantile_0.8,nearest_sphere,inverse_margin,0.5,8.560167128866258,0.872,0.902,0.896,0.006
2,euclidean,intent_quantile_0.8,nearest_sphere,inverse_margin,1.0,15.887980577738457,0.872,0.902,0.896,0.006
2,euclidean,intent_quantile_0.8,nearest_sphere,inverse_margin,2.0,30.543607475482858,0.872,0.902,0.896,0.006
2,euclidean,intent_quantile_0.8,nearest_sphere,max_ratio,0.0,1.0831932331711116,0.882,0.902,0.898,0.004
2,euclidean,intent_quantile_0.8,nearest_sphere,max_ratio,0.25,1.0831932331711116,0.882,0.902,0.898,0.004
2,euclidean,intent_quantile_0.8,nearest_sphere,max_ratio,0.5,1.0831932331711116,0.882,0.902,0.898,0.004
2,euclidean,intent_quantile_0.8,nearest_sphere,max_ratio,1.0,1.0831932331711116,0.882,0.902,0.898,0.004
2,euclidean,intent_quantile_0.8,nearest_sphere,max_ratio,2.0,1.8727840922957646,0.872,0.902,0.896,0.006
2,euclidean,intent_quantile_0.8,normalized_union,none,0.0,1.074651554925985,0.792,0.902,0.88,0.022
2,euclidean,intent_quantile_0.8,normalized_union,none,0.25,1.074651554925985,0.792,0.902,0.88,0.022
2,euclidean,intent_quantile_0.8,normalized_union,none,0.5,1.074651554925985,0.792,0.902,0.88,0.022
2,euclidean,intent_quantile_0.8,normalized_union,none,1.0,1.074651554925985,0.792,0.902,0.88,0.022
2,euclidean,intent_quantile_0.8,normalized_union,none,2.0,1.074651554925985,0.792,0.902,0.88,0.022
2,euclidean,intent_quantile_0.8,normalized_union,ratio,0.0,1.074651554925985,0.792,0.902,0.88,0.022
2,euclidean,intent_quantile_0.8,normalized_union,ratio,0.25,1.3060164375347518,0.792,0.902,0.88,0.022
2,euclidean,intent_quantile_0.8,normalized_union,ratio,0.5,1.5502537216271768,0.802,0.902,0.882,0.02
2,euclidean,intent_quantile_0.8,normalized_union,ratio,1.0,2.0297083867583456,0.812,0.902,0.884,0.018
2,euclidean,intent_quantile_0.8,normalized_union,ratio,2.0,2.9595257269551576,0.792,0.902,0.88,0.022
2,euclidean,intent_quantile_0.8,normalized_union,inverse_margin,0.0,1.074651554925985,0.792,0.902,0.88,0.022
2,euclidean,intent_quantile_0.8,normalized_union,inverse_margin,0.25,4.699831919269945,0.772,0.902,0.876,0.026
2,euclidean,intent_quantile_0.8,normalized_union,inverse_margin,0.5,8.380158000521131,0.772,0.902,0.876,0.026
2,euclidean,intent_quantile_0.8,normalized_union,inverse_margin,1.0,15.740810163023506,0.772,0.902,0.876,0.026
2,euclidean,intent_quantile_0.8,normalized_union,inverse_margin,2.0,30.462114488028252,0.772,0.902,0.876,0.026
2,euclidean,intent_quantile_0.8,normalized_union,max_ratio,0.0,1.074651554925985,0.792,0.902,0.88,0.022
2,euclidean,intent_quantile_0.8,normalized_union,max_ratio,0.25,1.074651554925985,0.792,0.902,0.88,0.022
2,euclidean,intent_quantile_0.8,normalized_union,max_ratio,0.5,1.074651554925985,0.792,0.902,0.88,0.022
2,euclidean,intent_quantile_0.8,normalized_union,max_ratio,1.0,1.074651554925985,0.792,0.902,0.88,0.022
2,euclidean,intent_quantile_0.8,normalized_union,max_ratio,2.0,1.8727840922957646,0.772,0.902,0.876,0.026
2,euclidean,center_quantile_0.9,nearest_sphere,none,0.0,0.9916741244470009,0.802,0.902,0.882,0.02
2,euclidean,center_quantile_0.9,nearest_sphere,none,0.25,0.9916741244470009,0.802,0.902,0.882,0.02
2,euclidean,center_quantile_0.9,nearest_sphere,none,0.5,0.9916741244470009,0.802,0.902,0.882,0.02
2,euclidean,center_quantile_0.9,nearest_sphere,none,1.0,0.9916741244470009,0.802,0.902,0.882,0.02
2,euclidean,center_quantile_0.9,nearest_sphere,none,2.0,0.9916741244470009,0.802,0.902,0.882,0.02
2,euclidean,center_quantile_0.9,nearest_sphere,ratio,0.0,0.9916741244470009,0.802,0.902,0.882,0.02
2,euclidean,center_quantile_0.9,nearest_sphere,ratio,0.25,1.2106572949411936,0.842,0.902,0.89,0.012
2,euclidean,center_quantile_0.9,nearest_sphere,ratio,0.5,1.432235103100444,0.872,0.902,0.896,0.006
2,euclidean,center_quantile_0.9,nearest_sphere,ratio,1.0,1.8994371012059754,0.872,0.902,0.896,0.006
2,euclidean,center_quantile_0.9,nearest_sphere,ratio,2.0,2.8255770166793406,0.882,0.902,0.898,0.004
2,euclidean,center_quantile_0.9,nearest_sphere,inverse_margin,0.0,0.9916741244470009,0.802,0.902,0.882,0.02
2,euclidean,center_quantile_0.9,nearest_sphere,inverse_margin,0.25,4.55351525951615,0.872,0.902,0.896,0.006
2,euclidean,center_quantile_0.9,nearest_sphere,inverse_margin,0.5,8.233841340767336,0.872,0.902,0.896,0.006
2,euclidean,center_quantile_0.9,nearest_sphere,inverse_margin,1.0,15.59449350326971,0.872,0.902,0.896,0.006
2,euclidean,center_quantile_0.9,nearest_sphere,inverse_margin,2.0,30.315797828274455,0.872,0.902,0.896,0.006
2,euclidean,center_quantile_0.9,nearest_sphere,max_ratio,0.0,0.9916741244470009,0.802,0.902,0.882,0.02
2,euclidean,center_quantile_0.9,nearest_sphere,max_ratio,0.25,0.9916741244470009,0.802,0.902,0.882,0.02
2,euclidean,center_quantile_0.9,nearest_sphere,max_ratio,0.5,0.9916741244470009,0.802,0.902,0.882,0.02
2,euclidean,center_quantile_0.9,nearest_sphere,max_ratio,1.0,0.9927235763677666,0.822,0.902,0.886,0.016
2,euclidean,center_quantile_0.9,nearest_sphere,max_ratio,2.0,1.8727840922957646,0.872,0.902,0.896,0.006
2,euclidean,center_quantile_0.9,normalized_union,none,0.0,0.9247027709271176,0.792,0.902,0.88,0.022
2,euclidean,center_quantile_0.9,normalized_union,none,0.25,0.9247027709271176,0.792,0.902,0.88,0.022
2,euclidean,center_quantile_0.9,normalized_union,none,0.5,0.9247027709271176,0.792,0.902,0.88,0.022
2,euclidean,center_quantile_0.9,normalized_union,none,1.0,0.9247027709271176,0.792,0.902,0.88,0.022
2,euclidean,center_quantile_0.9,normalized_union,none,2.0,0.9247027709271176,0.792,0.902,0.88,0.022
2,euclidean,center_quantile_0.9,normalized_union,ratio,0.0,0.9247027709271176,0.792,0.902,0.88,0.022
2,euclidean,center_quantile_0.9,normalized_union,ratio,0.25,1.1623779747003955,0.822,0.902,0.886,0.016
2,euclidean,center_quantile_0.9,normalized_union,ratio,0.5,1.3953850119235853,0.832,0.902,0.888,0.014
2,euclidean,center_quantile_0.9,normalized_union,ratio,1.0,1.8593997486075382,0.842,0.902,0.89,0.012
2,euclidean,center_quantile_0.9,normalized_union,ratio,2.0,2.808681885026136,0.862,0.902,0.894,0.008
2,euclidean,center_quantile_0.9,normalized_union,inverse_margin,0.0,0.9247027709271176,0.792,0.902,0.88,0.022
2,euclidean,center_quantile_0.9,normalized_union,inverse_margin,0.25,4.55351525951615,0.852,0.902,0.892,0.01
2,euclidean,center_quantile_0.9,normalized_union,inverse_margin,0.5,8.233841340767336,0.852,0.902,0.892,0.01
2,euclidean,center_quantile_0.9,normalized_union,inverse_margin,1.0,15.59449350326971,0.852,0.902,0.892,0.01
2,euclidean,center_quantile_0.9,normalized_union,inverse_margin,2.0,30.315797828274455,0.852,0.902,0.892,0.01
2,euclidean,center_quantile_0.9,normalized_union,max_ratio,0.0,0.9247027709271176,0.792,0.902,0.88,0.022
2,euclidean,center_quantile_0.9,normalized_union,max_ratio,0.25,0.9247027709271176,0.792,0.902,0.88,0.022
2,euclidean,center_quantile_0.9,normalized_union,max_ratio,0.5,0.9247027709271176,0.792,0.902,0.88,0.022
2,euclidean,center_quantile_0.9,normalized_union,max_ratio,1.0,0.9574078992325913,0.862,0.902,0.894,0.008
2,euclidean,center_quantile_0.9,normalized_union,max_ratio,2.0,1.8727840922957646,0.852,0.902,0.892,0.01
2,euclidean,intent_quantile_0.9,nearest_sphere,none,0.0,1.0049596110402563,0.872,0.902,0.896,0.006
2,euclidean,intent_quantile_0.9,nearest_sphere,none,0.25,1.0049596110402563,0.872,0.902,0.896,0.006
2,euclidean,intent_quantile_0.9,nearest_sphere,none,0.5,1.0049596110402563,0.872,0.902,0.896,0.006
2,euclidean,intent_quantile_0.9,nearest_sphere,none,1.0,1.0049596110402563,0.872,0.902,0.896,0.006
2,euclidean,intent_quantile_0.9,nearest_sphere,none,2.0,1.0049596110402563,0.872,0.902,0.896,0.006
2,euclidean,intent_quantile_0.9,nearest_sphere,ratio,0.0,1.0049596110402563,0.872,0.902,0.896,0.006
2,euclidean,intent_quantile_0.9,nearest_sphere,ratio,0.25,1.2468885784040795,0.872,0.902,0.896,0.006
2,euclidean,intent_quantile_0.9,nearest_sphere,ratio,0.5,1.490915374336788,0.872,0.902,0.896,0.006
2,euclidean,intent_quantile_0.9,nearest_sphere,ratio,1.0,1.957505718116265,0.872,0.902,0.896,0.006
2,euclidean,intent_quantile_0.9,nearest_sphere,ratio,2.0,2.89340308113276,0.882,0.902,0.898,0.004
2,euclidean,intent_quantile_0.9,nearest_sphere,inverse_margin,0.0,1.0049596110402563,0.872,0.902,0.896,0.006
2,euclidean,intent_quantile_0.9,nearest_sphere,inverse_margin,0.25,4.647499945680161,0.872,0.902,0.896,0.006
2,euclidean,intent_quantile_0.9,nearest_sphere,inverse_margin,0.5,8.31511491013201,0.872,0.902,0.896,0.006
2,euclidean,intent_quantile_0.9,nearest_sphere,inverse_margin,1.0,15.675767072634383,0.872,0.902,0.896,0.006
2,euclidean,intent_quantile_0.9,nearest_sphere,inverse_margin,2.0,30.39707139763913,0.872,0.902,0.896,0.006
2,euclidean,intent_quantile_0.9,nearest_sphere,max_ratio,0.0,1.0049596110402563,0.872,0.902,0.896,0.006
2,euclidean,intent_quantile_0.9,nearest_sphere,max_ratio,0.25,1.0049596110402563,0.872,0.902,0.896,0.006
2,euclidean,intent_quantile_0.9,nearest_sphere,max_ratio,0.5,1.0049596110402563,0.872,0.902,0.896,0.006
2,euclidean,intent_quantile_0.9,nearest_sphere,max_ratio,1.0,1.0049596110402563,0.872,0.902,0.896,0.006
2,euclidean,intent_quantile_0.9,nearest_sphere,max_ratio,2.0,1.8727840922957646,0.872,0.902,0.896,0.006
2,euclidean,intent_quantile_0.9,normalized_union,none,0.0,0.9939166171207119,0.802,0.902,0.882,0.02
2,euclidean,intent_quantile_0.9,normalized_union,none,0.25,0.9939166171207119,0.802,0.902,0.882,0.02
2,euclidean,intent_quantile_0.9,normalized_union,none,0.5,0.9939166171207119,0.802,0.902,0.882,0.02
2,euclidean,intent_quantile_0.9,normalized_union,none,1.0,0.9939166171207119,0.802,0.902,0.882,0.02
2,euclidean,intent_quantile_0.9,normalized_union,none,2.0,0.9939166171207119,0.802,0.902,0.882,0.02
2,euclidean,intent_quantile_0.9,normalized_union,ratio,0.0,0.9939166171207119,0.802,0.902,0.882,0.02
2,euclidean,intent_quantile_0.9,normalized_union,ratio,0.25,1.235619665762354,0.812,0.902,0.884,0.018
2,euclidean,intent_quantile_0.9,normalized_union,ratio,0.5,1.4764402169115969,0.822,0.902,0.886,0.016
2,euclidean,intent_quantile_0.9,normalized_union,ratio,1.0,1.9573778804551238,0.832,0.902,0.888,0.014
2,euclidean,intent_quantile_0.9,normalized_union,ratio,2.0,2.881866720408614,0.842,0.902,0.89,0.012
2,euclidean,intent_quantile_0.9,normalized_union,inverse_margin,0.0,0.9939166171207119,0.802,0.902,0.882,0.02
2,euclidean,intent_quantile_0.9,normalized_union,inverse_margin,0.25,4.634788828880822,0.812,0.902,0.884,0.018
2,euclidean,intent_quantile_0.9,normalized_union,inverse_margin,0.5,8.31511491013201,0.812,0.902,0.884,0.018
2,euclidean,intent_quantile_0.9,normalized_union,inverse_margin,1.0,15.675767072634383,0.812,0.902,0.884,0.018
2,euclidean,intent_quantile_0.9,normalized_union,inverse_margin,2.0,30.39707139763913,0.812,0.902,0.884,0.018
2,euclidean,intent_quantile_0.9,normalized_union,max_ratio,0.0,0.9939166171207119,0.802,0.902,0.882,0.02
2,euclidean,intent_quantile_0.9,normalized_union,max_ratio,0.25,0.9939166171207119,0.802,0.902,0.882,0.02
2,euclidean,intent_quantile_0.9,normalized_union,max_ratio,0.5,0.9939166171207119,0.802,0.902,0.882,0.02
2,euclidean,intent_quantile_0.9,normalized_union,max_ratio,1.0,0.9947587673093841,0.802,0.902,0.882,0.02
2,euclidean,intent_quantile_0.9,normalized_union,max_ratio,2.0,1.8727840922957646,0.812,0.902,0.884,0.018
2,euclidean,center_quantile_0.95,nearest_sphere,none,0.0,0.9582439797464414,0.822,0.902,0.886,0.016
2,euclidean,center_quantile_0.95,nearest_sphere,none,0.25,0.9582439797464414,0.822,0.902,0.886,0.016
2,euclidean,center_quantile_0.95,nearest_sphere,none,0.5,0.9582439797464414,0.822,0.902,0.886,0.016
2,euclidean,center_quantile_0.95,nearest_sphere,none,1.0,0.9582439797464414,0.822,0.902,0.886,0.016
2,euclidean,center_quantile_0.95,nearest_sphere,none,2.0,0.9582439797464414,0.822,0.902,0.886,0.016
2,euclidean,center_quantile_0.95,nearest_sphere,ratio,0.0,0.9582439797464414,0.822,0.902,0.886,0.016
2,euclidean,center_quantile_0.95,nearest_sphere,ratio,0.25,1.1800356398960978,0.862,0.902,0.894,0.008
2,euclidean,center_quantile_0.95,nearest_sphere,ratio,0.5,1.4017859769090537,0.862,0.902,0.894,0.008
2,euclidean,center_quantile_0.95,nearest_sphere,ratio,1.0,1.874188845788825,0.862,0.902,0.894,0.008
2,euclidean,center_quantile_0.95,nearest_sphere,ratio,2.0,2.798730757798866,0.872,0.902,0.896,0.006
2,euclidean,center_quantile_0.95,nearest_sphere,inverse_margin,0.0,0.9582439797464414,0.822,0.902,0.886,0.016
2,euclidean,center_quantile_0.95,nearest_sphere,inverse_margin,0.25,4.540006632809903,0.872,0.902,0.896,0.006
2,euclidean,center_quantile_0.95,nearest_sphere,inverse_margin,0.5,8.22033271406109,0.872,0.902,0.896,0.006
2,euclidean,center_quantile_0.95,nearest_sphere,inverse_margin,1.0,15.580984876563463,0.872,0.902,0.896,0.006
2,euclidean,center_quantile_0.95,nearest_sphere,inverse_margin,2.0,30.30228920156821,0.872,0.902,0.896,0.006
2,euclidean,center_quantile_0.95,nearest_sphere,max_ratio,0.0,0.9582439797464414,0.822,0.902,0.886,0.016
2,euclidean,center_quantile_0.95,nearest_sphere,max_ratio,0.25,0.9582439797464414,0.822,0.902,0.886,0.016
2,euclidean,center_quantile_0.95,nearest_sphere,max_ratio,0.5,0.9582439797464414,0.822,0.902,0.886,0.016
2,euclidean,center_quantile_0.95,nearest_sphere,max_ratio,1.0,0.9704471929436619,0.862,0.902,0.894,0.008
2,euclidean,center_quantile_0.95,nearest_sphere,max_ratio,2.0,1.8727840922957646,0.872,0.902,0.896,0.006
2,euclidean,center_quantile_0.95,normalized_union,none,0.0,0.9030916990431701,0.842,0.902,0.89,0.012
2,euclidean,center_quantile_0.95,normalized_union,none,0.25,0.9030916990431701,0.842,0.902,0.89,0.012
2,euclidean,center_quantile_0.95,normalized_union,none,0.5,0.9030916990431701,0.842,0.902,0.89,0.012
2,euclidean,center_quantile_0.95,normalized_union,none,1.0,0.9030916990431701,0.842,0.902,0.89,0.012
2,euclidean,center_quantile_0.95,normalized_union,none,2.0,0.9030916990431701,0.842,0.902,0.89,0.012
2,euclidean,center_quantile_0.95,normalized_union,ratio,0.0,0.9030916990431701,0.842,0.902,0.89,0.012
2,euclidean,center_quantile_0.95,normalized_union,ratio,0.25,1.1307398841662197,0.842,0.902,0.89,0.012
2,euclidean,center_quantile_0.95,normalized_union,ratio,0.5,1.3632394440415845,0.842,0.902,0.89,0.012
2,euclidean,center_quantile_0.95,normalized_union,ratio,1.0,1.8319115339241452,0.852,0.902,0.892,0.01
2,euclidean,center_quantile_0.95,normalized_union,ratio,2.0,2.779356296591344,0.852,0.902,0.892,0.01
2,euclidean,center_quantile_0.95,normalized_union,inverse_margin,0.0,0.9030916990431701,0.842,0.902,0.89,0.012
2,euclidean,center_quantile_0.95,normalized_union,inverse_margin,0.25,4.540006632809903,0.852,0.902,0.892,0.01
2,euclidean,center_quantile_0.95,normalized_union,inverse_margin,0.5,8.22033271406109,0.852,0.902,0.892,0.01
2,euclidean,center_quantile_0.95,normalized_union,inverse_margin,1.0,15.580984876563463,0.852,0.902,0.892,0.01
2,euclidean,center_quantile_0.95,normalized_union,inverse_margin,2.0,30.30228920156821,0.852,0.902,0.892,0.01
2,euclidean,center_quantile_0.95,normalized_union,max_ratio,0.0,0.9030916990431701,0.842,0.902,0.89,0.012
2,euclidean,center_quantile_0.95,normalized_union,max_ratio,0.25,0.9030916990431701,0.842,0.902,0.89,0.012
2,euclidean,center_quantile_0.95,normalized_union,max_ratio,0.5,0.9030916990431701,0.842,0.902,0.89,0.012
2,euclidean,center_quantile_0.95,normalized_union,max_ratio,1.0,0.9478441166210989,0.852,0.902,0.892,0.01
2,euclidean,center_quantile_0.95,normalized_union,max_ratio,2.0,1.8727840922957646,0.852,0.902,0.892,0.01
2,euclidean,intent_quantile_0.95,nearest_sphere,none,0.0,0.9573738257040584,0.872,0.902,0.896,0.006
2,euclidean,intent_quantile_0.95,nearest_sphere,none,0.25,0.9573738257040584,0.872,0.902,0.896,0.006
2,euclidean,intent_quantile_0.95,nearest_sphere,none,0.5,0.9573738257040584,0.872,0.902,0.896,0.006
2,euclidean,intent_quantile_0.95,nearest_sphere,none,1.0,0.9573738257040584,0.872,0.902,0.896,0.006
2,euclidean,intent_quantile_0.95,nearest_sphere,none,2.0,0.9573738257040584,0.872,0.902,0.896,0.006
2,euclidean,intent_quantile_0.95,nearest_sphere,ratio,0.0,0.9573738257040584,0.872,0.902,0.896,0.006
2,euclidean,intent_quantile_0.95,nearest_sphere,ratio,0.25,1.1897237944023704,0.872,0.902,0.896,0.006
2,euclidean,intent_quantile_0.95,nearest_sphere,ratio,0.5,1.4208702373682964,0.872,0.902,0.896,0.006
2,euclidean,intent_quantile_0.95,nearest_sphere,ratio,1.0,1.8956992289832053,0.882,0.902,0.898,0.004
2,euclidean,intent_quantile_0.95,nearest_sphere,ratio,2.0,2.844796051795606,0.882,0.902,0.898,0.004
2,euclidean,intent_quantile_0.95,nearest_sphere,inverse_margin,0.0,0.9573738257040584,0.872,0.902,0.896,0.006
2,euclidean,intent_quantile_0.95,nearest_sphere,inverse_margin,0.25,4.590144972068119,0.872,0.902,0.896,0.006
2,euclidean,intent_quantile_0.95,nearest_sphere,inverse_margin,0.5,8.270471053319305,0.872,0.902,0.896,0.006
2,euclidean,intent_quantile_0.95,nearest_sphere,inverse_margin,1.0,15.63112321582168,0.872,0.902,0.896,0.006
2,euclidean,intent_quantile_0.95,nearest_sphere,inverse_margin,2.0,30.352427540826426,0.872,0.902,0.896,0.006
2,euclidean,intent_quantile_0.95,nearest_sphere,max_ratio,0.0,0.9573738257040584,0.872,0.902,0.896,0.006
2,euclidean,intent_quantile_0.95,nearest_sphere,max_ratio,0.25,0.9573738257040584,0.872,0.902,0.896,0.006
2,euclidean,intent_quantile_0.95,nearest_sphere,max_ratio,0.5,0.9573738257040584,0.872,0.902,0.896,0.006
2,euclidean,intent_quantile_0.95,nearest_sphere,max_ratio,1.0,0.9721148158783968,0.882,0.902,0.898,0.004
2,euclidean,intent_quantile_0.95,nearest_sphere,max_ratio,2.0,1.8727840922957646,0.872,0.902,0.896,0.006
2,euclidean,intent_quantile_0.95,normalized_union,none,0.0,0.9492556776657617,0.812,0.902,0.884,0.018
2,euclidean,intent_quantile_0.95,normalized_union,none,0.25,0.9492556776657617,0.812,0.902,0.884,0.018
2,euclidean,intent_quantile_0.95,normalized_union,none,0.5,0.9492556776657617,0.812,0.902,0.884,0.018
2,euclidean,intent_quantile_0.95,normalized_union,none,1.0,0.9492556776657617,0.812,0.902,0.884,0.018
2,euclidean,intent_quantile_0.95,normalized_union,none,2.0,0.9492556776657617,0.812,0.902,0.884,0.018
2,euclidean,intent_quantile_0.95,normalized_union,ratio,0.0,0.9492556776657617,0.812,0.902,0.884,0.018
2,euclidean,intent_quantile_0.95,normalized_union,ratio,0.25,1.1889478135964922,0.832,0.902,0.888,0.014
2,euclidean,intent_quantile_0.95,normalized_union,ratio,0.5,1.4208702373682964,0.852,0.902,0.892,0.01
2,euclidean,intent_quantile_0.95,normalized_union,ratio,1.0,1.8897947793467025,0.852,0.902,0.892,0.01
2,euclidean,intent_quantile_0.95,normalized_union,ratio,2.0,2.837254485291046,0.872,0.902,0.896,0.006
2,euclidean,intent_quantile_0.95,normalized_union,inverse_margin,0.0,0.9492556776657617,0.812,0.902,0.884,0.018
2,euclidean,intent_quantile_0.95,normalized_union,inverse_margin,0.25,4.590144972068119,0.872,0.902,0.896,0.006
2,euclidean,intent_quantile_0.95,normalized_union,inverse_margin,0.5,8.270471053319305,0.872,0.902,0.896,0.006
2,euclidean,intent_quantile_0.95,normalized_union,inverse_margin,1.0,15.63112321582168,0.872,0.902,0.896,0.006
2,euclidean,intent_quantile_0.95,normalized_union,inverse_margin,2.0,30.352427540826426,0.872,0.902,0.896,0.006
2,euclidean,intent_quantile_0.95,normalized_union,max_ratio,0.0,0.9492556776657617,0.812,0.902,0.884,0.018
2,euclidean,intent_quantile_0.95,normalized_union,max_ratio,0.25,0.9492556776657617,0.812,0.902,0.884,0.018
2,euclidean,intent_quantile_0.95,normalized_union,max_ratio,0.5,0.9492556776657617,0.812,0.902,0.884,0.018
2,euclidean,intent_quantile_0.95,normalized_union,max_ratio,1.0,0.9721148158783968,0.872,0.902,0.896,0.006
2,euclidean,intent_quantile_0.95,normalized_union,max_ratio,2.0,1.8727840922957646,0.872,0.902,0.896,0.006
2,euclidean,center_quantile_0.99,nearest_sphere,none,0.0,0.9165843169781721,0.852,0.902,0.892,0.01
2,euclidean,center_quantile_0.99,nearest_sphere,none,0.25,0.9165843169781721,0.852,0.902,0.892,0.01
2,euclidean,center_quantile_0.99,nearest_sphere,none,0.5,0.9165843169781721,0.852,0.902,0.892,0.01
2,euclidean,center_quantile_0.99,nearest_sphere,none,1.0,0.9165843169781721,0.852,0.902,0.892,0.01
2,euclidean,center_quantile_0.99,nearest_sphere,none,2.0,0.9165843169781721,0.852,0.902,0.892,0.01
2,euclidean,center_quantile_0.99,nearest_sphere,ratio,0.0,0.9165843169781721,0.852,0.902,0.892,0.01
2,euclidean,center_quantile_0.99,nearest_sphere,ratio,0.25,1.1392621791304718,0.872,0.902,0.896,0.006
2,euclidean,center_quantile_0.99,nearest_sphere,ratio,0.5,1.3646615294229878,0.872,0.902,0.896,0.006
2,euclidean,center_quantile_0.99,nearest_sphere,ratio,1.0,1.8258439160453346,0.872,0.902,0.896,0.006
2,euclidean,center_quantile_0.99,nearest_sphere,ratio,2.0,2.7685935563205035,0.882,0.902,0.898,0.004
2,euclidean,center_quantile_0.99,nearest_sphere,inverse_margin,0.0,0.9165843169781721,0.852,0.902,0.892,0.01
2,euclidean,center_quantile_0.99,nearest_sphere,inverse_margin,0.25,4.509834455356556,0.872,0.902,0.896,0.006
2,euclidean,center_quantile_0.99,nearest_sphere,inverse_margin,0.5,8.190160536607742,0.872,0.902,0.896,0.006
2,euclidean,center_quantile_0.99,nearest_sphere,inverse_margin,1.0,15.550812699110116,0.872,0.902,0.896,0.006
2,euclidean,center_quantile_0.99,nearest_sphere,inverse_margin,2.0,30.272117024114863,0.872,0.902,0.896,0.006
2,euclidean,center_quantile_0.99,nearest_sphere,max_ratio,0.0,0.9165843169781721,0.852,0.902,0.892,0.01
2,euclidean,center_quantile_0.99,nearest_sphere,max_ratio,0.25,0.9165843169781721,0.852,0.902,0.892,0.01
2,euclidean,center_quantile_0.99,nearest_sphere,max_ratio,0.5,0.9165843169781721,0.852,0.902,0.892,0.01
2,euclidean,center_quantile_0.99,nearest_sphere,max_ratio,1.0,0.9546146644222737,0.862,0.902,0.894,0.008
2,euclidean,center_quantile_0.99,nearest_sphere,max_ratio,2.0,1.8727840922957646,0.872,0.902,0.896,0.006
2,euclidean,center_quantile_0.99,normalized_union,none,0.0,0.876141068717251,0.842,0.902,0.89,0.012
2,euclidean,center_quantile_0.99,normalized_union,none,0.25,0.876141068717251,0.842,0.902,0.89,0.012
2,euclidean,center_quantile_0.99,normalized_union,none,0.5,0.876141068717251,0.842,0.902,0.89,0.012
2,euclidean,center_quantile_0.99,normalized_union,none,1.0,0.876141068717251,0.842,0.902,0.89,0.012
2,euclidean,center_quantile_0.99,normalized_union,none,2.0,0.876141068717251,0.842,0.902,0.89,0.012
2,euclidean,center_quantile_0.99,normalized_union,ratio,0.0,0.876141068717251,0.842,0.902,0.89,0.012
2,euclidean,center_quantile_0.99,normalized_union,ratio,0.25,1.1021523178331085,0.842,0.902,0.89,0.012
2,euclidean,center_quantile_0.99,normalized_union,ratio,0.5,1.3354684918761064,0.852,0.902,0.892,0.01
2,euclidean,center_quantile_0.99,normalized_union,ratio,1.0,1.8023119461263408,0.862,0.902,0.894,0.008
2,euclidean,center_quantile_0.99,normalized_union,ratio,2.0,2.7323170716342524,0.862,0.902,0.894,0.008
2,euclidean,center_quantile_0.99,normalized_union,inverse_margin,0.0,0.876141068717251,0.842,0.902,0.89,0.012
2,euclidean,center_quantile_0.99,normalized_union,inverse_margin,0.25,4.509834455356556,0.852,0.902,0.892,0.01
2,euclidean,center_quantile_0.99,normalized_union,inverse_margin,0.5,8.190160536607742,0.852,0.902,0.892,0.01
2,euclidean,center_quantile_0.99,normalized_union,inverse_margin,1.0,15.550812699110116,0.852,0.902,0.892,0.01
2,euclidean,center_quantile_0.99,normalized_union,inverse_margin,2.0,30.272117024114863,0.852,0.902,0.892,0.01
2,euclidean,center_quantile_0.99,normalized_union,max_ratio,0.0,0.876141068717251,0.842,0.902,0.89,0.012
2,euclidean,center_quantile_0.99,normalized_union,max_ratio,0.25,0.876141068717251,0.842,0.902,0.89,0.012
2,euclidean,center_quantile_0.99,normalized_union,max_ratio,0.5,0.876141068717251,0.842,0.902,0.89,0.012
2,euclidean,center_quantile_0.99,normalized_union,max_ratio,1.0,0.9474447626671987,0.852,0.902,0.892,0.01
2,euclidean,center_quantile_0.99,normalized_union,max_ratio,2.0,1.8727840922957646,0.852,0.902,0.892,0.01
2,euclidean,intent_quantile_0.99,nearest_sphere,none,0.0,0.9017707503401231,0.872,0.902,0.896,0.006
2,euclidean,intent_quantile_0.99,nearest_sphere,none,0.25,0.9017707503401231,0.872,0.902,0.896,0.006
2,euclidean,intent_quantile_0.99,nearest_sphere,none,0.5,0.9017707503401231,0.872,0.902,0.896,0.006
2,euclidean,intent_quantile_0.99,nearest_sphere,none,1.0,0.9017707503401231,0.872,0.902,0.896,0.006
2,euclidean,intent_quantile_0.99,nearest_sphere,none,2.0,0.9017707503401231,0.872,0.902,0.896,0.006
2,euclidean,intent_quantile_0.99,nearest_sphere,ratio,0.0,0.9017707503401231,0.872,0.902,0.896,0.006
2,euclidean,intent_quantile_0.99,nearest_sphere,ratio,0.25,1.1325957092391215,0.872,0.902,0.896,0.006
2,euclidean,intent_quantile_0.99,nearest_sphere,ratio,0.5,1.3678050758220452,0.872,0.902,0.896,0.006
2,euclidean,intent_quantile_0.99,nearest_sphere,ratio,1.0,1.8373689769575943,0.882,0.902,0.898,0.004
2,euclidean,intent_quantile_0.99,nearest_sphere,ratio,2.0,2.7816450532502515,0.882,0.902,0.898,0.004
2,euclidean,intent_quantile_0.99,nearest_sphere,inverse_margin,0.0,0.9017707503401231,0.872,0.902,0.896,0.006
2,euclidean,intent_quantile_0.99,nearest_sphere,inverse_margin,0.25,4.540029636583451,0.872,0.902,0.896,0.006
2,euclidean,intent_quantile_0.99,nearest_sphere,inverse_margin,0.5,8.22035571783464,0.872,0.902,0.896,0.006
2,euclidean,intent_quantile_0.99,nearest_sphere,inverse_margin,1.0,15.581007880337012,0.872,0.902,0.896,0.006
2,euclidean,intent_quantile_0.99,nearest_sphere,inverse_margin,2.0,30.302312205341757,0.872,0.902,0.896,0.006
2,euclidean,intent_quantile_0.99,nearest_sphere,max_ratio,0.0,0.9017707503401231,0.872,0.902,0.896,0.006
2,euclidean,intent_quantile_0.99,nearest_sphere,max_ratio,0.25,0.9017707503401231,0.872,0.902,0.896,0.006
2,euclidean,intent_quantile_0.99,nearest_sphere,max_ratio,0.5,0.9017707503401231,0.872,0.902,0.896,0.006
2,euclidean,intent_quantile_0.99,nearest_sphere,max_ratio,1.0,0.9478441166210989,0.882,0.902,0.898,0.004
2,euclidean,intent_quantile_0.99,nearest_sphere,max_ratio,2.0,1.8727840922957646,0.872,0.902,0.896,0.006
2,euclidean,intent_quantile_0.99,normalized_union,none,0.0,0.8994005254204896,0.832,0.902,0.888,0.014
2,euclidean,intent_quantile_0.99,normalized_union,none,0.25,0.8994005254204896,0.832,0.902,0.888,0.014
2,euclidean,intent_quantile_0.99,normalized_union,none,0.5,0.8994005254204896,0.832,0.902,0.888,0.014
2,euclidean,intent_quantile_0.99,normalized_union,none,1.0,0.8994005254204896,0.832,0.902,0.888,0.014
2,euclidean,intent_quantile_0.99,normalized_union,none,2.0,0.8994005254204896,0.832,0.902,0.888,0.014
2,euclidean,intent_quantile_0.99,normalized_union,ratio,0.0,0.8994005254204896,0.832,0.902,0.888,0.014
2,euclidean,intent_quantile_0.99,normalized_union,ratio,0.25,1.1325957092391215,0.852,0.902,0.892,0.01
2,euclidean,intent_quantile_0.99,normalized_union,ratio,0.5,1.3678050758220452,0.852,0.902,0.892,0.01
2,euclidean,intent_quantile_0.99,normalized_union,ratio,1.0,1.8352072358683071,0.862,0.902,0.894,0.008
2,euclidean,intent_quantile_0.99,normalized_union,ratio,2.0,2.7816450532502515,0.882,0.902,0.898,0.004
2,euclidean,intent_quantile_0.99,normalized_union,inverse_margin,0.0,0.8994005254204896,0.832,0.902,0.888,0.014
2,euclidean,intent_quantile_0.99,normalized_union,inverse_margin,0.25,4.540029636583451,0.872,0.902,0.896,0.006
2,euclidean,intent_quantile_0.99,normalized_union,inverse_margin,0.5,8.22035571783464,0.872,0.902,0.896,0.006
2,euclidean,intent_quantile_0.99,normalized_union,inverse_margin,1.0,15.581007880337012,0.872,0.902,0.896,0.006
2,euclidean,intent_quantile_0.99,normalized_union,inverse_margin,2.0,30.302312205341757,0.872,0.902,0.896,0.006
2,euclidean,intent_quantile_0.99,normalized_union,max_ratio,0.0,0.8994005254204896,0.832,0.902,0.888,0.014
2,euclidean,intent_quantile_0.99,normalized_union,max_ratio,0.25,0.8994005254204896,0.832,0.902,0.888,0.014
2,euclidean,intent_quantile_0.99,normalized_union,max_ratio,0.5,0.8994005254204896,0.832,0.902,0.888,0.014
2,euclidean,intent_quantile_0.99,normalized_union,max_ratio,1.0,0.9478441166210989,0.882,0.902,0.898,0.004
2,euclidean,intent_quantile_0.99,normalized_union,max_ratio,2.0,1.8727840922957646,0.872,0.902,0.896,0.006
2,mahalanobis_diag,mean_std_0.0,nearest_sphere,none,0.0,1.0594000498581873,0.682,0.902,0.858,0.044
2,mahalanobis_diag,mean_std_0.0,nearest_sphere,none,0.25,1.0594000498581873,0.682,0.902,0.858,0.044
2,mahalanobis_diag,mean_std_0.0,nearest_sphere,none,0.5,1.0594000498581873,0.682,0.902,0.858,0.044
2,mahalanobis_diag,mean_std_0.0,nearest_sphere,none,1.0,1.0594000498581873,0.682,0.902,0.858,0.044
2,mahalanobis_diag,mean_std_0.0,nearest_sphere,none,2.0,1.0594000498581873,0.682,0.902,0.858,0.044
2,mahalanobis_diag,mean_std_0.0,nearest_sphere,ratio,0.0,1.0594000498581873,0.682,0.902,0.858,0.044
2,mahalanobis_diag,mean_std_0.0,nearest_sphere,ratio,0.25,1.2981219241937285,0.702,0.902,0.862,0.04
2,mahalanobis_diag,mean_std_0.0,nearest_sphere,ratio,0.5,1.5405428085877895,0.692,0.902,0.86,0.042
2,mahalanobis_diag,mean_std_0.0,nearest_sphere,ratio,1.0,2.0223817273826206,0.692,0.902,0.86,0.042
2,mahalanobis_diag,mean_std_0.0,nearest_sphere,ratio,2.0,2.9937562335770886,0.712,0.902,0.864,0.038
2,mahalanobis_diag,mean_std_0.0,nearest_sphere,inverse_margin,0.0,1.0594000498581873,0.682,0.902,0.858,0.044
2,mahalanobis_diag,mean_std_0.0,nearest_sphere,inverse_margin,0.25,11.48227734807255,0.712,0.902,0.864,0.038
2,mahalanobis_diag,mean_std_0.0,nearest_sphere,inverse_margin,0.5,21.944675922298725,0.712,0.902,0.864,0.038
2,mahalanobis_diag,mean_std_0.0,nearest_sphere,inverse_margin,1.0,42.86947307075108,0.712,0.902,0.864,0.038
2,mahalanobis_diag,mean_std_0.0,nearest_sphere,inverse_margin,2.0,84.71906736765578,0.712,0.902,0.864,0.038
2,mahalanobis_diag,mean_std_0.0,nearest_sphere,max_ratio,0.0,1.0594000498581873,0.682,0.902,0.858,0.044
2,mahalanobis_diag,mean_std_0.0,nearest_sphere,max_ratio,0.25,1.0594000498581873,0.682,0.902,0.858,0.044
2,mahalanobis_diag,mean_std_0.0,nearest_sphere,max_ratio,0.5,1.0594000498581873,0.682,0.902,0.858,0.044
2,mahalanobis_diag,mean_std_0.0,nearest_sphere,max_ratio,1.0,1.0594000498581873,0.682,0.902,0.858,0.044
2,mahalanobis_diag,mean_std_0.0,nearest_sphere,max_ratio,2.0,1.9533251123419744,0.712,0.902,0.864,0.038
2,mahalanobis_diag,mean_std_0.0,normalized_union,none,0.0,1.0594000498581873,0.672,0.902,0.856,0.046
2,mahalanobis_diag,mean_std_0.0,normalized_union,none,0.25,1.0594000498581873,0.672,0.902,0.856,0.046
2,mahalanobis_diag,mean_std_0.0,normalized_union,none,0.5,1.0594000498581873,0.672,0.902,0.856,0.046
2,mahalanobis_diag,mean_std_0.0,normalized_union,none,1.0,1.0594000498581873,0.672,0.902,0.856,0.046
2,mahalanobis_diag,mean_std_0.0,normalized_union,none,2.0,1.0594000498581873,0.672,0.902,0.856,0.046
2,mahalanobis_diag,mean_std_0.0,normalized_union,ratio,0.0,1.0594000498581873,0.672,0.902,0.856,0.046
2,mahalanobis_diag,mean_std_0.0,normalized_union,ratio,0.25,1.2981219241937285,0.692,0.902,0.86,0.042
2,mahalanobis_diag,mean_std_0.0,normalized_union,ratio,0.5,1.5391319441409974,0.692,0.902,0.86,0.042
2,mahalanobis_diag,mean_std_0.0,normalized_union,ratio,1.0,2.0223817273826206,0.692,0.902,0.86,0.042
2,mahalanobis_diag,mean_std_0.0,normalized_union,ratio,2.0,2.9937562335770886,0.712,0.902,0.864,0.038
2,mahalanobis_diag,mean_std_0.0,normalized_union,inverse_margin,0.0,1.0594000498581873,0.672,0.902,0.856,0.046
2,mahalanobis_diag,mean_std_0.0,normalized_union,inverse_margin,0.25,11.48227734807255,0.712,0.902,0.864,0.038
2,mahalanobis_diag,mean_std_0.0,normalized_union,inverse_margin,0.5,21.944675922298725,0.712,0.902,0.864,0.038
2,mahalanobis_diag,mean_std_0.0,normalized_union,inverse_margin,1.0,42.86947307075108,0.712,0.902,0.864,0.038
2,mahalanobis_diag,mean_std_0.0,normalized_union,inverse_margin,2.0,84.71906736765578,0.712,0.902,0.864,0.038
2,mahalanobis_diag,mean_std_0.0,normalized_union,max_ratio,0.0,1.0594000498581873,0.672,0.902,0.856,0.046
2,mahalanobis_diag,mean_std_0.0,normalized_union,max_ratio,0.25,1.0594000498581873,0.672,0.902,0.856,0.046
2,mahalanobis_diag,mean_std_0.0,normalized_union,max_ratio,0.5,1.0594000498581873,0.672,0.902,0.856,0.046
2,mahalanobis_diag,mean_std_0.0,normalized_union,max_ratio,1.0,1.0594000498581873,0.672,0.902,0.856,0.046
2,mahalanobis_diag,mean_std_0.0,normalized_union,max_ratio,2.0,1.9533251123419744,0.712,0.902,0.864,0.038
2,mahalanobis_diag,mean_std_0.25,nearest_sphere,none,0.0,1.0345781265240315,0.702,0.902,0.862,0.04
2,mahalanobis_diag,mean_std_0.25,nearest_sphere,none,0.25,1.0345781265240315,0.702,0.902,0.862,0.04
2,mahalanobis_diag,mean_std_0.25,nearest_sphere,none,0.5,1.0345781265240315,0.702,0.902,0.862,0.04
2,mahalanobis_diag,mean_std_0.25,nearest_sphere,none,1.0,1.0345781265240315,0.702,0.902,0.862,0.04
2,mahalanobis_diag,mean_std_0.25,nearest_sphere,none,2.0,1.0345781265240315,0.702,0.902,0.862,0.04
2,mahalanobis_diag,mean_std_0.25,nearest_sphere,ratio,0.0,1.0345781265240315,0.702,0.902,0.862,0.04
2,mahalanobis_diag,mean_std_0.25,nearest_sphere,ratio,0.25,1.272755700964692,0.712,0.902,0.864,0.038
2,mahalanobis_diag,mean_std_0.25,nearest_sphere,ratio,0.5,1.5106942426363503,0.722,0.902,0.866,0.036
2,mahalanobis_diag,mean_std_0.25,nearest_sphere,ratio,1.0,1.9968293015934169,0.712,0.902,0.864,0.038
2,mahalanobis_diag,mean_std_0.25,nearest_sphere,ratio,2.0,2.965842347239811,0.732,0.902,0.868,0.034
2,mahalanobis_diag,mean_std_0.25,nearest_sphere,inverse_margin,0.0,1.0345781265240315,0.702,0.902,0.862,0.04
2,mahalanobis_diag,mean_std_0.25,nearest_sphere,inverse_margin,0.25,11.442418498444612,0.712,0.902,0.864,0.038
2,mahalanobis_diag,mean_std_0.25,nearest_sphere,inverse_margin,0.5,21.904817072670788,0.712,0.902,0.864,0.038
2,mahalanobis_diag,mean_std_0.25,nearest_sphere,inverse_margin,1.0,42.82961422112314,0.712,0.902,0.864,0.038
2,mahalanobis_diag,mean_std_0.25,nearest_sphere,inverse_margin,2.0,84.67920851802785,0.712,0.902,0.864,0.038
2,mahalanobis_diag,mean_std_0.25,nearest_sphere,max_ratio,0.0,1.0345781265240315,0.702,0.902,0.862,0.04
2,mahalanobis_diag,mean_std_0.25,nearest_sphere,max_ratio,0.25,1.0345781265240315,0.702,0.902,0.862,0.04
2,mahalanobis_diag,mean_std_0.25,nearest_sphere,max_ratio,0.5,1.0345781265240315,0.702,0.902,0.862,0.04
2,mahalanobis_diag,mean_std_0.25,nearest_sphere,max_ratio,1.0,1.0345781265240315,0.702,0.902,0.862,0.04
2,mahalanobis_diag,mean_std_0.25,nearest_sphere,max_ratio,2.0,1.9533251123419744,0.712,0.902,0.864,0.038
2,mahalanobis_diag,mean_std_0.25,normalized_union,none,0.0,1.0345781265240315,0.702,0.902,0.862,0.04
2,mahalanobis_diag,mean_std_0.25,normalized_union,none,0.25,1.0345781265240315,0.702,0.902,0.862,0.04
2,mahalanobis_diag,mean_std_0.25,normalized_union,none,0.5,1.0345781265240315,0.702,0.902,0.862,0.04
2,mahalanobis_diag,mean_std_0.25,normalized_union,none,1.0,1.0345781265240315,0.702,0.902,0.862,0.04
2,mahalanobis_diag,mean_std_0.25,normalized_union,none,2.0,1.0345781265240315,0.702,0.902,0.862,0.04
2,mahalanobis_diag,mean_std_0.25,normalized_union,ratio,0.0,1.0345781265240315,0.702,0.902,0.862,0.04
2,mahalanobis_diag,mean_std_0.25,normalized_union,ratio,0.25,1.272755700964692,0.712,0.902,0.864,0.038
2,mahalanobis_diag,mean_std_0.25,normalized_union,ratio,0.5,1.5106942426363503,0.722,0.902,0.866,0.036
2,mahalanobis_diag,mean_std_0.25,normalized_union,ratio,1.0,1.9968293015934169,0.702,0.902,0.862,0.04
2,mahalanobis_diag,mean_std_0.25,normalized_union,ratio,2.0,2.965842347239811,0.722,0.902,0.866,0.036
2,mahalanobis_diag,mean_std_0.25,normalized_union,inverse_margin,0.0,1.0345781265240315,0.702,0.902,0.862,0.04
2,mahalanobis_diag,mean_std_0.25,normalized_union,inverse_margin,0.25,11.442418498444612,0.712,0.902,0.864,0.038
2,mahalanobis_diag,mean_std_0.25,normalized_union,inverse_margin,0.5,21.904817072670788,0.712,0.902,0.864,0.038
2,mahalanobis_diag,mean_std_0.25,normalized_union,inverse_margin,1.0,42.82961422112314,0.712,0.902,0.864,0.038
2,mahalanobis_diag,mean_std_0.25,normalized_union,inverse_margin,2.0,84.67920851802785,0.712,0.902,0.864,0.038
2,mahalanobis_diag,mean_std_0.25,normalized_union,max_ratio,0.0,1.0345781265240315,0.702,0.902,0.862,0.04
2,mahalanobis_diag,mean_std_0.25,normalized_union,max_ratio,0.25,1.0345781265240315,0.702,0.902,0.862,0.04
2,mahalanobis_diag,mean_std_0.25,normalized_union,max_ratio,0.5,1.0345781265240315,0.702,0.902,0.862,0.04
2,mahalanobis_diag,mean_std_0.25,normalized_union,max_ratio,1.0,1.0345781265240315,0.702,0.902,0.862,0.04
2,mahalanobis_diag,mean_std_0.25,normalized_union,max_ratio,2.0,1.9533251123419744,0.712,0.902,0.864,0.038
2,mahalanobis_diag,mean_std_0.5,nearest_sphere,none,0.0,1.007493550219675,0.712,0.902,0.864,0.038
2,mahalanobis_diag,mean_std_0.5,nearest_sphere,none,0.25,1.007493550219675,0.712,0.902,0.864,0.038
2,mahalanobis_diag,mean_std_0.5,nearest_sphere,none,0.5,1.007493550219675,0.712,0.902,0.864,0.038
2,mahalanobis_diag,mean_std_0.5,nearest_sphere,none,1.0,1.007493550219675,0.712,0.902,0.864,0.038
2,mahalanobis_diag,mean_std_0.5,nearest_sphere,none,2.0,1.007493550219675,0.712,0.902,0.864,0.038
2,mahalanobis_diag,mean_std_0.5,nearest_sphere,ratio,0.0,1.007493550219675,0.712,0.902,0.864,0.038
2,mahalanobis_diag,mean_std_0.5,nearest_sphere,ratio,0.25,1.2440131878010414,0.722,0.902,0.866,0.036
2,mahalanobis_diag,mean_std_0.5,nearest_sphere,ratio,0.5,1.4898697782614756,0.732,0.902,0.868,0.034
2,mahalanobis_diag,mean_std_0.5,nearest_sphere,ratio,1.0,1.972659831990836,0.732,0.902,0.868,0.034
2,mahalanobis_diag,mean_std_0.5,nearest_sphere,ratio,2.0,2.945498437863688,0.732,0.902,0.868,0.034
2,mahalanobis_diag,mean_std_0.5,nearest_sphere,inverse_margin,0.0,1.007493550219675,0.712,0.902,0.864,0.038
2,mahalanobis_diag,mean_std_0.5,nearest_sphere,inverse_margin,0.25,11.405557990780704,0.712,0.902,0.864,0.038
2,mahalanobis_diag,mean_std_0.5,nearest_sphere,inverse_margin,0.5,21.867956565006878,0.712,0.902,0.864,0.038
2,mahalanobis_diag,mean_std_0.5,nearest_sphere,inverse_margin,1.0,42.792753713459234,0.712,0.902,0.864,0.038
2,mahalanobis_diag,mean_std_0.5,nearest_sphere,inverse_margin,2.0,84.64234801036393,0.712,0.902,0.864,0.038
2,mahalanobis_diag,mean_std_0.5,nearest_sphere,max_ratio,0.0,1.007493550219675,0.712,0.902,0.864,0.038
2,mahalanobis_diag,mean_std_0.5,nearest_sphere,max_ratio,0.25,1.007493550219675,0.712,0.902,0.864,0.038
2,mahalanobis_diag,mean_std_0.5,nearest_sphere,max_ratio,0.5,1.007493550219675,0.712,0.902,0.864,0.038
2,mahalanobis_diag,mean_std_0.5,nearest_sphere,max_ratio,1.0,1.007493550219675,0.712,0.902,0.864,0.038
2,mahalanobis_diag,mean_std_0.5,nearest_sphere,max_ratio,2.0,1.9533251123419744,0.712,0.902,0.864,0.038
2,mahalanobis_diag,mean_std_0.5,normalized_union,none,0.0,1.0069667861292997,0.732,0.902,0.868,0.034
2,mahalanobis_diag,mean_std_0.5,normalized_union,none,0.25,1.0069667861292997,0.732,0.902,0.868,0.034
2,mahalanobis_diag,mean_std_0.5,normalized_union,none,0.5,1.0069667861292997,0.732,0.902,0.868,0.034
2,mahalanobis_diag,mean_std_0.5,normalized_union,none,1.0,1.0069667861292997,0.732,0.902,0.868,0.034
2,mahalanobis_diag,mean_std_0.5,normalized_union,none,2.0,1.0069667861292997,0.732,0.902,0.868,0.034
2,mahalanobis_diag,mean_std_0.5,normalized_union,ratio,0.0,1.0069667861292997,0.732,0.902,0.868,0.034
2,mahalanobis_diag,mean_std_0.5,normalized_union,ratio,0.25,1.243842322418429,0.732,0.902,0.868,0.034
2,mahalanobis_diag,mean_std_0.5,normalized_union,ratio,0.5,1.4868627663709524,0.732,0.902,0.868,0.034
2,mahalanobis_diag,mean_std_0.5,normalized_union,ratio,1.0,1.9714415147179172,0.752,0.902,0.872,0.03
2,mahalanobis_diag,mean_std_0.5,normalized_union,ratio,2.0,2.945498437863688,0.742,0.902,0.87,0.032
2,mahalanobis_diag,mean_std_0.5,normalized_union,inverse_margin,0.0,1.0069667861292997,0.732,0.902,0.868,0.034
2,mahalanobis_diag,mean_std_0.5,normalized_union,inverse_margin,0.25,11.405557990780704,0.722,0.902,0.866,0.036
2,mahalanobis_diag,mean_std_0.5,normalized_union,inverse_margin,0.5,21.867956565006878,0.722,0.902,0.866,0.036
2,mahalanobis_diag,mean_std_0.5,normalized_union,inverse_margin,1.0,42.792753713459234,0.722,0.902,0.866,0.036
2,mahalanobis_diag,mean_std_0.5,normalized_union,inverse_margin,2.0,84.64234801036393,0.722,0.902,0.866,0.036
2,mahalanobis_diag,mean_std_0.5,normalized_union,max_ratio,0.0,1.0069667861292997,0.732,0.902,0.868,0.034
2,mahalanobis_diag,mean_std_0.5,normalized_union,max_ratio,0.25,1.0069667861292997,0.732,0.902,0.868,0.034
2,mahalanobis_diag,mean_std_0.5,normalized_union,max_ratio,0.5,1.0069667861292997,0.732,0.902,0.868,0.034
2,mahalanobis_diag,mean_std_0.5,normalized_union,max_ratio,1.0,1.0069667861292997,0.732,0.902,0.868,0.034
2,mahalanobis_diag,mean_std_0.5,normalized_union,max_ratio,2.0,1.9533251123419744,0.722,0.902,0.866,0.036
2,mahalanobis_diag,mean_std_0.75,nearest_sphere,none,0.0,0.9867156815755045,0.722,0.902,0.866,0.036
2,mahalanobis_diag,mean_std_0.75,nearest_sphere,none,0.25,0.9867156815755045,0.722,0.902,0.866,0.036
2,mahalanobis_diag,mean_std_0.75,nearest_sphere,none,0.5,0.9867156815755045,0.722,0.902,0.866,0.036
2,mahalanobis_diag,mean_std_0.75,nearest_sphere,none,1.0,0.9867156815755045,0.722,0.902,0.866,0.036
2,mahalanobis_diag,mean_std_0.75,nearest_sphere,none,2.0,0.9867156815755045,0.722,0.902,0.866,0.036
2,mahalanobis_diag,mean_std_0.75,nearest_sphere,ratio,0.0,0.9867156815755045,0.722,0.902,0.866,0.036
2,mahalanobis_diag,mean_std_0.75,nearest_sphere,ratio,0.25,1.2251201658992585,0.732,0.902,0.868,0.034
2,mahalanobis_diag,mean_std_0.75,nearest_sphere,ratio,0.5,1.4701496143182091,0.742,0.902,0.87,0.032
2,mahalanobis_diag,mean_std_0.75,nearest_sphere,ratio,1.0,1.9510993334411793,0.762,0.902,0.874,0.028
2,mahalanobis_diag,mean_std_0.75,nearest_sphere,ratio,2.0,2.923194842888338,0.742,0.902,0.87,0.032
2,mahalanobis_diag,mean_std_0.75,nearest_sphere,inverse_margin,0.0,0.9867156815755045,0.722,0.902,0.866,0.036
2,mahalanobis_diag,mean_std_0.75,nearest_sphere,inverse_margin,0.25,11.37136976784692,0.712,0.902,0.864,0.038
2,mahalanobis_diag,mean_std_0.75,nearest_sphere,inverse_margin,0.5,21.833768342073096,0.712,0.902,0.864,0.038
2,mahalanobis_diag,mean_std_0.75,nearest_sphere,inverse_margin,1.0,42.75856549052545,0.712,0.902,0.864,0.038
2,mahalanobis_diag,mean_std_0.75,nearest_sphere,inverse_margin,2.0,84.60815978743015,0.712,0.902,0.864,0.038
2,mahalanobis_diag,mean_std_0.75,nearest_sphere,max_ratio,0.0,0.9867156815755045,0.722,0.902,0.866,0.036
2,mahalanobis_diag,mean_std_0.75,nearest_sphere,max_ratio,0.25,0.9867156815755045,0.722,0.902,0.866,0.036
2,mahalanobis_diag,mean_std_0.75,nearest_sphere,max_ratio,0.5,0.9867156815755045,0.722,0.902,0.866,0.036
2,mahalanobis_diag,mean_std_0.75,nearest_sphere,max_ratio,1.0,0.994955590512678,0.722,0.902,0.866,0.036
2,mahalanobis_diag,mean_std_0.75,nearest_sphere,max_ratio,2.0,1.9533251123419744,0.712,0.902,0.864,0.038
2,mahalanobis_diag,mean_std_0.75,normalized_union,none,0.0,0.9825191352175203,0.742,0.902,0.87,0.032
2,mahalanobis_diag,mean_std_0.75,normalized_union,none,0.25,0.9825191352175203,0.742,0.902,0.87,0.032
2,mahalanobis_diag,mean_std_0.75,normalized_union,none,0.5,0.9825191352175203,0.742,0.902,0.87,0.032
2,mahalanobis_diag,mean_std_0.75,normalized_union,none,1.0,0.9825191352175203,0.742,0.902,0.87,0.032
2,mahalanobis_diag,mean_std_0.75,normalized_union,none,2.0,0.9825191352175203,0.742,0.902,0.87,0.032
2,mahalanobis_diag,mean_std_0.75,normalized_union,ratio,0.0,0.9825191352175203,0.742,0.902,0.87,0.032
2,mahalanobis_diag,mean_std_0.75,normalized_union,ratio,0.25,1.2244687491949402,0.742,0.902,0.87,0.032
2,mahalanobis_diag,mean_std_0.75,normalized_union,ratio,0.5,1.4668092343293497,0.742,0.902,0.87,0.032
2,mahalanobis_diag,mean_std_0.75,normalized_union,ratio,1.0,1.9489332527395558,0.782,0.902,0.878,0.024
2,mahalanobis_diag,mean_std_0.75,normalized_union,ratio,2.0,2.9196795316648383,0.752,0.902,0.872,0.03
2,mahalanobis_diag,mean_std_0.75,normalized_union,inverse_margin,0.0,0.9825191352175203,0.742,0.902,0.87,0.032
2,mahalanobis_diag,mean_std_0.75,normalized_union,inverse_margin,0.25,11.37136976784692,0.722,0.902,0.866,0.036
2,mahalanobis_diag,mean_std_0.75,normalized_union,inverse_margin,0.5,21.833768342073096,0.722,0.902,0.866,0.036
2,mahalanobis_diag,mean_std_0.75,normalized_union,inverse_margin,1.0,42.75856549052545,0.722,0.902,0.866,0.036
2,mahalanobis_diag,mean_std_0.75,normalized_union,inverse_margin,2.0,84.60815978743015,0.722,0.902,0.866,0.036
2,mahalanobis_diag,mean_std_0.75,normalized_union,max_ratio,0.0,0.9825191352175203,0.742,0.902,0.87,0.032
2,mahalanobis_diag,mean_std_0.75,normalized_union,max_ratio,0.25,0.9825191352175203,0.742,0.902,0.87,0.032
2,mahalanobis_diag,mean_std_0.75,normalized_union,max_ratio,0.5,0.9825191352175203,0.742,0.902,0.87,0.032
2,mahalanobis_diag,mean_std_0.75,normalized_union,max_ratio,1.0,0.9939918784989416,0.762,0.902,0.874,0.028
2,mahalanobis_diag,mean_std_0.75,normalized_union,max_ratio,2.0,1.9533251123419744,0.722,0.902,0.866,0.036
2,mahalanobis_diag,mean_std_1.0,nearest_sphere,none,0.0,0.9673408321061853,0.722,0.902,0.866,0.036
2,mahalanobis_diag,mean_std_1.0,nearest_sphere,none,0.25,0.9673408321061853,0.722,0.902,0.866,0.036
2,mahalanobis_diag,mean_std_1.0,nearest_sphere,none,0.5,0.9673408321061853,0.722,0.902,0.866,0.036
2,mahalanobis_diag,mean_std_1.0,nearest_sphere,none,1.0,0.9673408321061853,0.722,0.902,0.866,0.036
2,mahalanobis_diag,mean_std_1.0,nearest_sphere,none,2.0,0.9673408321061853,0.722,0.902,0.866,0.036
2,mahalanobis_diag,mean_std_1.0,nearest_sphere,ratio,0.0,0.9673408321061853,0.722,0.902,0.866,0.036
2,mahalanobis_diag,mean_std_1.0,nearest_sphere,ratio,0.25,1.2067345714955864,0.742,0.902,0.87,0.032
2,mahalanobis_diag,mean_std_1.0,nearest_sphere,ratio,0.5,1.449604634549101,0.742,0.902,0.87,0.032
2,mahalanobis_diag,mean_std_1.0,nearest_sphere,ratio,1.0,1.9283937455465083,0.772,0.902,0.876,0.026
2,mahalanobis_diag,mean_std_1.0,nearest_sphere,ratio,2.0,2.8987052040508887,0.752,0.902,0.872,0.03
2,mahalanobis_diag,mean_std_1.0,nearest_sphere,inverse_margin,0.0,0.9673408321061853,0.722,0.902,0.866,0.036
2,mahalanobis_diag,mean_std_1.0,nearest_sphere,inverse_margin,0.25,11.33957339514154,0.712,0.902,0.864,0.038
2,mahalanobis_diag,mean_std_1.0,nearest_sphere,inverse_margin,0.5,21.801971969367717,0.712,0.902,0.864,0.038
2,mahalanobis_diag,mean_std_1.0,nearest_sphere,inverse_margin,1.0,42.72676911782007,0.712,0.902,0.864,0.038
2,mahalanobis_diag,mean_std_1.0,nearest_sphere,inverse_margin,2.0,84.57636341472478,0.712,0.902,0.864,0.038
2,mahalanobis_diag,mean_std_1.0,nearest_sphere,max_ratio,0.0,0.9673408321061853,0.722,0.902,0.866,0.036
2,mahalanobis_diag,mean_std_1.0,nearest_sphere,max_ratio,0.25,0.9673408321061853,0.722,0.902,0.866,0.036
2,mahalanobis_diag,mean_std_1.0,nearest_sphere,max_ratio,0.5,0.9673408321061853,0.722,0.902,0.866,0.036
2,mahalanobis_diag,mean_std_1.0,nearest_sphere,max_ratio,1.0,0.9876350962241888,0.752,0.902,0.872,0.03
2,mahalanobis_diag,mean_std_1.0,nearest_sphere,max_ratio,2.0,1.9533251123419744,0.712,0.902,0.864,0.038
2,mahalanobis_diag,mean_std_1.0,normalized_union,none,0.0,0.9635674177706449,0.752,0.902,0.872,0.03
2,mahalanobis_diag,mean_std_1.0,normalized_union,none,0.25,0.9635674177706449,0.752,0.902,0.872,0.03
2,mahalanobis_diag,mean_std_1.0,normalized_union,none,0.5,0.9635674177706449,0.752,0.902,0.872,0.03
2,mahalanobis_diag,mean_std_1.0,normalized_union,none,1.0,0.9635674177706449,0.752,0.902,0.872,0.03
2,mahalanobis_diag,mean_std_1.0,normalized_union,none,2.0,0.9635674177706449,0.752,0.902,0.872,0.03
2,mahalanobis_diag,mean_std_1.0,normalized_union,ratio,0.0,0.9635674177706449,0.752,0.902,0.872,0.03
2,mahalanobis_diag,mean_std_1.0,normalized_union,ratio,0.25,1.2025340347592466,0.762,0.902,0.874,0.028
2,mahalanobis_diag,mean_std_1.0,normalized_union,ratio,0.5,1.442455116494516,0.772,0.902,0.876,0.026
2,mahalanobis_diag,mean_std_1.0,normalized_union,ratio,1.0,1.9258890492372207,0.792,0.902,0.88,0.022
2,mahalanobis_diag,mean_std_1.0,normalized_union,ratio,2.0,2.893167196743305,0.772,0.902,0.876,0.026
2,mahalanobis_diag,mean_std_1.0,normalized_union,inverse_margin,0.0,0.9635674177706449,0.752,0.902,0.872,0.03
2,mahalanobis_diag,mean_std_1.0,normalized_union,inverse_margin,0.25,11.33957339514154,0.732,0.902,0.868,0.034
2,mahalanobis_diag,mean_std_1.0,normalized_union,inverse_margin,0.5,21.801971969367717,0.732,0.902,0.868,0.034
2,mahalanobis_diag,mean_std_1.0,normalized_union,inverse_margin,1.0,42.72676911782007,0.732,0.902,0.868,0.034
2,mahalanobis_diag,mean_std_1.0,normalized_union,inverse_margin,2.0,84.57636341472478,0.732,0.902,0.868,0.034
2,mahalanobis_diag,mean_std_1.0,normalized_union,max_ratio,0.0,0.9635674177706449,0.752,0.902,0.872,0.03
2,mahalanobis_diag,mean_std_1.0,normalized_union,max_ratio,0.25,0.9635674177706449,0.752,0.902,0.872,0.03
2,mahalanobis_diag,mean_std_1.0,normalized_union,max_ratio,0.5,0.9635674177706449,0.752,0.902,0.872,0.03
2,mahalanobis_diag,mean_std_1.0,normalized_union,max_ratio,1.0,0.9862126224020191,0.792,0.902,0.88,0.022
2,mahalanobis_diag,mean_std_1.0,normalized_union,max_ratio,2.0,1.9533251123419744,0.732,0.902,0.868,0.034
2,mahalanobis_diag,mean_std_1.5,nearest_sphere,none,0.0,0.9326537322829611,0.732,0.902,0.868,0.034
2,mahalanobis_diag,mean_std_1.5,nearest_sphere,none,0.25,0.9326537322829611,0.732,0.902,0.868,0.034
2,mahalanobis_diag,mean_std_1.5,nearest_sphere,none,0.5,0.9326537322829611,0.732,0.902,0.868,0.034
2,mahalanobis_diag,mean_std_1.5,nearest_sphere,none,1.0,0.9326537322829611,0.732,0.902,0.868,0.034
2,mahalanobis_diag,mean_std_1.5,nearest_sphere,none,2.0,0.9326537322829611,0.732,0.902,0.868,0.034
2,mahalanobis_diag,mean_std_1.5,nearest_sphere,ratio,0.0,0.9326537322829611,0.732,0.902,0.868,0.034
2,mahalanobis_diag,mean_std_1.5,nearest_sphere,ratio,0.25,1.1726662323856096,0.742,0.902,0.87,0.032
2,mahalanobis_diag,mean_std_1.5,nearest_sphere,ratio,0.5,1.415644616523926,0.752,0.902,0.872,0.03
2,mahalanobis_diag,mean_std_1.5,nearest_sphere,ratio,1.0,1.8939649763490234,0.782,0.902,0.878,0.024
2,mahalanobis_diag,mean_std_1.5,nearest_sphere,ratio,2.0,2.860622732540045,0.762,0.902,0.874,0.028
2,mahalanobis_diag,mean_std_1.5,nearest_sphere,inverse_margin,0.0,0.9326537322829611,0.732,0.902,0.868,0.034
2,mahalanobis_diag,mean_std_1.5,nearest_sphere,inverse_margin,0.25,11.282217829272271,0.712,0.902,0.864,0.038
2,mahalanobis_diag,mean_std_1.5,nearest_sphere,inverse_margin,0.5,21.744616403498448,0.712,0.902,0.864,0.038
2,mahalanobis_diag,mean_std_1.5,nearest_sphere,inverse_margin,1.0,42.6694135519508,0.712,0.902,0.864,0.038
2,mahalanobis_diag,mean_std_1.5,nearest_sphere,inverse_margin,2.0,84.51900784885551,0.712,0.902,0.864,0.038
2,mahalanobis_diag,mean_std_1.5,nearest_sphere,max_ratio,0.0,0.9326537322829611,0.732,0.902,0.868,0.034
2,mahalanobis_diag,mean_std_1.5,nearest_sphere,max_ratio,0.25,0.9326537322829611,0.732,0.902,0.868,0.034
2,mahalanobis_diag,mean_std_1.5,nearest_sphere,max_ratio,0.5,0.9326537322829611,0.732,0.902,0.868,0.034
2,mahalanobis_diag,mean_std_1.5,nearest_sphere,max_ratio,1.0,0.9800645362923999,0.742,0.902,0.87,0.032
2,mahalanobis_diag,mean_std_1.5,nearest_sphere,max_ratio,2.0,1.9533251123419744,0.712,0.902,0.864,0.038
2,mahalanobis_diag,mean_std_1.5,normalized_union,none,0.0,0.9245860081757455,0.772,0.902,0.876,0.026
2,mahalanobis_diag,mean_std_1.5,normalized_union,none,0.25,0.9245860081757455,0.772,0.902,0.876,0.026
2,mahalanobis_diag,mean_std_1.5,normalized_union,none,0.5,0.9245860081757455,0.772,0.902,0.876,0.026
2,mahalanobis_diag,mean_std_1.5,normalized_union,none,1.0,0.9245860081757455,0.772,0.902,0.876,0.026
2,mahalanobis_diag,mean_std_1.5,normalized_union,none,2.0,0.9245860081757455,0.772,0.902,0.876,0.026
2,mahalanobis_diag,mean_std_1.5,normalized_union,ratio,0.0,0.9245860081757455,0.772,0.902,0.876,0.026
2,mahalanobis_diag,mean_std_1.5,normalized_union,ratio,0.25,1.166631452625666,0.782,0.902,0.878,0.024
2,mahalanobis_diag,mean_std_1.5,normalized_union,ratio,0.5,1.404865751944783,0.812,0.902,0.884,0.018
2,mahalanobis_diag,mean_std_1.5,normalized_union,ratio,1.0,1.886118472584048,0.812,0.902,0.884,0.018
2,mahalanobis_diag,mean_std_1.5,normalized_union,ratio,2.0,2.856487737254364,0.802,0.902,0.882,0.02
2,mahalanobis_diag,mean_std_1.5,normalized_union,inverse_margin,0.0,0.9245860081757455,0.772,0.902,0.876,0.026
2,mahalanobis_diag,mean_std_1.5,normalized_union,inverse_margin,0.25,11.282217829272271,0.762,0.902,0.874,0.028
2,mahalanobis_diag,mean_std_1.5,normalized_union,inverse_margin,0.5,21.744616403498448,0.762,0.902,0.874,0.028
2,mahalanobis_diag,mean_std_1.5,normalized_union,inverse_margin,1.0,42.6694135519508,0.762,0.902,0.874,0.028
2,mahalanobis_diag,mean_std_1.5,normalized_union,inverse_margin,2.0,84.51900784885551,0.762,0.902,0.874,0.028
2,mahalanobis_diag,mean_std_1.5,normalized_union,max_ratio,0.0,0.9245860081757455,0.772,0.902,0.876,0.026
2,mahalanobis_diag,mean_std_1.5,normalized_union,max_ratio,0.25,0.9245860081757455,0.772,0.902,0.876,0.026
2,mahalanobis_diag,mean_std_1.5,normalized_union,max_ratio,0.5,0.9245860081757455,0.772,0.902,0.876,0.026
2,mahalanobis_diag,mean_std_1.5,normalized_union,max_ratio,1.0,0.9800645362923999,0.792,0.902,0.88,0.022
2,mahalanobis_diag,mean_std_1.5,normalized_union,max_ratio,2.0,1.9533251123419744,0.762,0.902,0.874,0.028
2,mahalanobis_diag,mean_std_2.0,nearest_sphere,none,0.0,0.9028545452976195,0.732,0.902,0.868,0.034
2,mahalanobis_diag,mean_std_2.0,nearest_sphere,none,0.25,0.9028545452976195,0.732,0.902,0.868,0.034
2,mahalanobis_diag,mean_std_2.0,nearest_sphere,none,0.5,0.9028545452976195,0.732,0.902,0.868,0.034
2,mahalanobis_diag,mean_std_2.0,nearest_sphere,none,1.0,0.9028545452976195,0.732,0.902,0.868,0.034
2,mahalanobis_diag,mean_std_2.0,nearest_sphere,none,2.0,0.9028545452976195,0.732,0.902,0.868,0.034
2,mahalanobis_diag,mean_std_2.0,nearest_sphere,ratio,0.0,0.9028545452976195,0.732,0.902,0.868,0.034
2,mahalanobis_diag,mean_std_2.0,nearest_sphere,ratio,0.25,1.1411275157234448,0.762,0.902,0.874,0.028
2,mahalanobis_diag,mean_std_2.0,nearest_sphere,ratio,0.5,1.3816716934583138,0.752,0.902,0.872,0.03
2,mahalanobis_diag,mean_std_2.0,nearest_sphere,ratio,1.0,1.8592686539391807,0.792,0.902,0.88,0.022
2,mahalanobis_diag,mean_std_2.0,nearest_sphere,ratio,2.0,2.8280372114101806,0.772,0.902,0.876,0.026
2,mahalanobis_diag,mean_std_2.0,nearest_sphere,inverse_margin,0.0,0.9028545452976195,0.732,0.902,0.868,0.034
2,mahalanobis_diag,mean_std_2.0,nearest_sphere,inverse_margin,0.25,11.231902507321665,0.712,0.902,0.864,0.038
2,mahalanobis_diag,mean_std_2.0,nearest_sphere,inverse_margin,0.5,21.69430108154784,0.712,0.902,0.864,0.038
2,mahalanobis_diag,mean_std_2.0,nearest_sphere,inverse_margin,1.0,42.6190982300002,0.712,0.902,0.864,0.038
2,mahalanobis_diag,mean_std_2.0,nearest_sphere,inverse_margin,2.0,84.4686925269049,0.712,0.902,0.864,0.038
2,mahalanobis_diag,mean_std_2.0,nearest_sphere,max_ratio,0.0,0.9028545452976195,0.732,0.902,0.868,0.034
2,mahalanobis_diag,mean_std_2.0,nearest_sphere,max_ratio,0.25,0.9028545452976195,0.732,0.902,0.868,0.034
2,mahalanobis_diag,mean_std_2.0,nearest_sphere,max_ratio,0.5,0.9028545452976195,0.732,0.902,0.868,0.034
2,mahalanobis_diag,mean_std_2.0,nearest_sphere,max_ratio,1.0,0.9774504650620287,0.722,0.902,0.866,0.036
2,mahalanobis_diag,mean_std_2.0,nearest_sphere,max_ratio,2.0,1.9533251123419744,0.712,0.902,0.864,0.038
2,mahalanobis_diag,mean_std_2.0,normalized_union,none,0.0,0.8918595675444176,0.782,0.902,0.878,0.024
2,mahalanobis_diag,mean_std_2.0,normalized_union,none,0.25,0.8918595675444176,0.782,0.902,0.878,0.024
2,mahalanobis_diag,mean_std_2.0,normalized_union,none,0.5,0.8918595675444176,0.782,0.902,0.878,0.024
2,mahalanobis_diag,mean_std_2.0,normalized_union,none,1.0,0.8918595675444176,0.782,0.902,0.878,0.024
2,mahalanobis_diag,mean_std_2.0,normalized_union,none,2.0,0.8918595675444176,0.782,0.902,0.878,0.024
2,mahalanobis_diag,mean_std_2.0,normalized_union,ratio,0.0,0.8918595675444176,0.782,0.902,0.878,0.024
2,mahalanobis_diag,mean_std_2.0,normalized_union,ratio,0.25,1.1314162845518407,0.812,0.902,0.884,0.018
2,mahalanobis_diag,mean_std_2.0,normalized_union,ratio,0.5,1.3690615432250492,0.822,0.902,0.886,0.016
2,mahalanobis_diag,mean_std_2.0,normalized_union,ratio,1.0,1.8448498887895035,0.822,0.902,0.886,0.016
2,mahalanobis_diag,mean_std_2.0,normalized_union,ratio,2.0,2.8162276993468245,0.852,0.902,0.892,0.01
2,mahalanobis_diag,mean_std_2.0,normalized_union,inverse_margin,0.0,0.8918595675444176,0.782,0.902,0.878,0.024
2,mahalanobis_diag,mean_std_2.0,normalized_union,inverse_margin,0.25,11.231902507321665,0.792,0.902,0.88,0.022
2,mahalanobis_diag,mean_std_2.0,normalized_union,inverse_margin,0.5,21.69430108154784,0.792,0.902,0.88,0.022
2,mahalanobis_diag,mean_std_2.0,normalized_union,inverse_margin,1.0,42.6190982300002,0.792,0.902,0.88,0.022
2,mahalanobis_diag,mean_std_2.0,normalized_union,inverse_margin,2.0,84.4686925269049,0.792,0.902,0.88,0.022
2,mahalanobis_diag,mean_std_2.0,normalized_union,max_ratio,0.0,0.8918595675444176,0.782,0.902,0.878,0.024
2,mahalanobis_diag,mean_std_2.0,normalized_union,max_ratio,0.25,0.8918595675444176,0.782,0.902,0.878,0.024
2,mahalanobis_diag,mean_std_2.0,normalized_union,max_ratio,0.5,0.8918595675444176,0.782,0.902,0.878,0.024
2,mahalanobis_diag,mean_std_2.0,normalized_union,max_ratio,1.0,0.9768667236187746,0.802,0.902,0.882,0.02
2,mahalanobis_diag,mean_std_2.0,normalized_union,max_ratio,2.0,1.9533251123419744,0.792,0.902,0.88,0.022
2,mahalanobis_diag,mean_std_3.0,nearest_sphere,none,0.0,0.8477429274854986,0.752,0.902,0.872,0.03
2,mahalanobis_diag,mean_std_3.0,nearest_sphere,none,0.25,0.8477429274854986,0.752,0.902,0.872,0.03
2,mahalanobis_diag,mean_std_3.0,nearest_sphere,none,0.5,0.8477429274854986,0.752,0.902,0.872,0.03
2,mahalanobis_diag,mean_std_3.0,nearest_sphere,none,1.0,0.8477429274854986,0.752,0.902,0.872,0.03
2,mahalanobis_diag,mean_std_3.0,nearest_sphere,none,2.0,0.8477429274854986,0.752,0.902,0.872,0.03
2,mahalanobis_diag,mean_std_3.0,nearest_sphere,ratio,0.0,0.8477429274854986,0.752,0.902,0.872,0.03
2,mahalanobis_diag,mean_std_3.0,nearest_sphere,ratio,0.25,1.0837460941862034,0.762,0.902,0.874,0.028
2,mahalanobis_diag,mean_std_3.0,nearest_sphere,ratio,0.5,1.323596040684742,0.752,0.902,0.872,0.03
2,mahalanobis_diag,mean_std_3.0,nearest_sphere,ratio,1.0,1.8082774447530319,0.792,0.902,0.88,0.022
2,mahalanobis_diag,mean_std_3.0,nearest_sphere,ratio,2.0,2.7743295642332964,0.772,0.902,0.876,0.026
2,mahalanobis_diag,mean_std_3.0,nearest_sphere,inverse_margin,0.0,0.8477429274854986,0.752,0.902,0.872,0.03
2,mahalanobis_diag,mean_std_3.0,nearest_sphere,inverse_margin,0.25,11.147774434342926,0.712,0.902,0.864,0.038
2,mahalanobis_diag,mean_std_3.0,nearest_sphere,inverse_margin,0.5,21.610173008569102,0.712,0.902,0.864,0.038
2,mahalanobis_diag,mean_std_3.0,nearest_sphere,inverse_margin,1.0,42.534970157021455,0.712,0.902,0.864,0.038
2,mahalanobis_diag,mean_std_3.0,nearest_sphere,inverse_margin,2.0,84.38456445392616,0.712,0.902,0.864,0.038
2,mahalanobis_diag,mean_std_3.0,nearest_sphere,max_ratio,0.0,0.8477429274854986,0.752,0.902,0.872,0.03
2,mahalanobis_diag,mean_std_3.0,nearest_sphere,max_ratio,0.25,0.8477429274854986,0.752,0.902,0.872,0.03
2,mahalanobis_diag,mean_std_3.0,nearest_sphere,max_ratio,0.5,0.8477429274854986,0.752,0.902,0.872,0.03
2,mahalanobis_diag,mean_std_3.0,nearest_sphere,max_ratio,1.0,0.9766625561709872,0.712,0.902,0.864,0.038
2,mahalanobis_diag,mean_std_3.0,nearest_sphere,max_ratio,2.0,1.9533251123419744,0.712,0.902,0.864,0.038
2,mahalanobis_diag,mean_std_3.0,normalized_union,none,0.0,0.8310128410814281,0.792,0.902,0.88,0.022
2,mahalanobis_diag,mean_std_3.0,normalized_union,none,0.25,0.8310128410814281,0.792,0.902,0.88,0.022
2,mahalanobis_diag,mean_std_3.0,normalized_union,none,0.5,0.8310128410814281,0.792,0.902,0.88,0.022
2,mahalanobis_diag,mean_std_3.0,normalized_union,none,1.0,0.8310128410814281,0.792,0.902,0.88,0.022
2,mahalanobis_diag,mean_std_3.0,normalized_union,none,2.0,0.8310128410814281,0.792,0.902,0.88,0.022
2,mahalanobis_diag,mean_std_3.0,normalized_union,ratio,0.0,0.8310128410814281,0.792,0.902,0.88,0.022
2,mahalanobis_diag,mean_std_3.0,normalized_union,ratio,0.25,1.0688314688975,0.822,0.902,0.886,0.016
2,mahalanobis_diag,mean_std_3.0,normalized_union,ratio,0.5,1.3018341480234015,0.822,0.902,0.886,0.016
2,mahalanobis_diag,mean_std_3.0,normalized_union,ratio,1.0,1.775305766619053,0.852,0.902,0.892,0.01
2,mahalanobis_diag,mean_std_3.0,normalized_union,ratio,2.0,2.7397324464477215,0.862,0.902,0.894,0.008
2,mahalanobis_diag,mean_std_3.0,normalized_union,inverse_margin,0.0,0.8310128410814281,0.792,0.902,0.88,0.022
2,mahalanobis_diag,mean_std_3.0,normalized_union,inverse_margin,0.25,11.147774434342926,0.832,0.902,0.888,0.014
2,mahalanobis_diag,mean_std_3.0,normalized_union,inverse_margin,0.5,21.610173008569102,0.832,0.902,0.888,0.014
2,mahalanobis_diag,mean_std_3.0,normalized_union,inverse_margin,1.0,42.534970157021455,0.832,0.902,0.888,0.014
2,mahalanobis_diag,mean_std_3.0,normalized_union,inverse_margin,2.0,84.38456445392616,0.832,0.902,0.888,0.014
2,mahalanobis_diag,mean_std_3.0,normalized_union,max_ratio,0.0,0.8310128410814281,0.792,0.902,0.88,0.022
2,mahalanobis_diag,mean_std_3.0,normalized_union,max_ratio,0.25,0.8310128410814281,0.792,0.902,0.88,0.022
2,mahalanobis_diag,mean_std_3.0,normalized_union,max_ratio,0.5,0.8310128410814281,0.792,0.902,0.88,0.022
2,mahalanobis_diag,mean_std_3.0,normalized_union,max_ratio,1.0,0.9766625561709872,0.832,0.902,0.888,0.014
2,mahalanobis_diag,mean_std_3.0,normalized_union,max_ratio,2.0,1.9533251123419744,0.832,0.902,0.888,0.014
2,mahalanobis_diag,center_quantile_0.5,nearest_sphere,none,0.0,1.1281842432891027,0.682,0.902,0.858,0.044
2,mahalanobis_diag,center_quantile_0.5,nearest_sphere,none,0.25,1.1281842432891027,0.682,0.902,0.858,0.044
2,mahalanobis_diag,center_quantile_0.5,nearest_sphere,none,0.5,1.1281842432891027,0.682,0.902,0.858,0.044
2,mahalanobis_diag,center_quantile_0.5,nearest_sphere,none,1.0,1.1281842432891027,0.682,0.902,0.858,0.044
2,mahalanobis_diag,center_quantile_0.5,nearest_sphere,none,2.0,1.1281842432891027,0.682,0.902,0.858,0.044
2,mahalanobis_diag,center_quantile_0.5,nearest_sphere,ratio,0.0,1.1281842432891027,0.682,0.902,0.858,0.044
2,mahalanobis_diag,center_quantile_0.5,nearest_sphere,ratio,0.25,1.367340824887233,0.702,0.902,0.862,0.04
2,mahalanobis_diag,center_quantile_0.5,nearest_sphere,ratio,0.5,1.610324578454056,0.712,0.902,0.864,0.038
2,mahalanobis_diag,center_quantile_0.5,nearest_sphere,ratio,1.0,2.0874673181166736,0.722,0.902,0.866,0.036
2,mahalanobis_diag,center_quantile_0.5,nearest_sphere,ratio,2.0,3.0567329513259853,0.722,0.902,0.866,0.036
2,mahalanobis_diag,center_quantile_0.5,nearest_sphere,inverse_margin,0.0,1.1281842432891027,0.682,0.902,0.858,0.044
2,mahalanobis_diag,center_quantile_0.5,nearest_sphere,inverse_margin,0.25,11.515308034479336,0.712,0.902,0.864,0.038
2,mahalanobis_diag,center_quantile_0.5,nearest_sphere,inverse_margin,0.5,21.977706608705514,0.712,0.902,0.864,0.038
2,mahalanobis_diag,center_quantile_0.5,nearest_sphere,inverse_margin,1.0,42.90250375715787,0.712,0.902,0.864,0.038
2,mahalanobis_diag,center_quantile_0.5,nearest_sphere,inverse_margin,2.0,84.75209805406257,0.712,0.902,0.864,0.038
2,mahalanobis_diag,center_quantile_0.5,nearest_sphere,max_ratio,0.0,1.1281842432891027,0.682,0.902,0.858,0.044
2,mahalanobis_diag,center_quantile_0.5,nearest_sphere,max_ratio,0.25,1.1281842432891027,0.682,0.902,0.858,0.044
2,mahalanobis_diag,center_quantile_0.5,nearest_sphere,max_ratio,0.5,1.1281842432891027,0.682,0.902,0.858,0.044
2,mahalanobis_diag,center_quantile_0.5,nearest_sphere,max_ratio,1.0,1.1281842432891027,0.682,0.902,0.858,0.044
2,mahalanobis_diag,center_quantile_0.5,nearest_sphere,max_ratio,2.0,1.9533251123419744,0.712,0.902,0.864,0.038
2,mahalanobis_diag,center_quantile_0.5,normalized_union,none,0.0,1.119148449439478,0.632,0.902,0.848,0.054
2,mahalanobis_diag,center_quantile_0.5,normalized_union,none,0.25,1.119148449439478,0.632,0.902,0.848,0.054
2,mahalanobis_diag,center_quantile_0.5,normalized_union,none,0.5,1.119148449439478,0.632,0.902,0.848,0.054
2,mahalanobis_diag,center_quantile_0.5,normalized_union,none,1.0,1.119148449439478,0.632,0.902,0.848,0.054
2,mahalanobis_diag,center_quantile_0.5,normalized_union,none,2.0,1.119148449439478,0.632,0.902,0.848,0.054
2,mahalanobis_diag,center_quantile_0.5,normalized_union,ratio,0.0,1.119148449439478,0.632,0.902,0.848,0.054
2,mahalanobis_diag,center_quantile_0.5,normalized_union,ratio,0.25,1.35702317915338,0.642,0.902,0.85,0.052
2,mahalanobis_diag,center_quantile_0.5,normalized_union,ratio,0.5,1.5883858386838074,0.652,0.902,0.852,0.05
2,mahalanobis_diag,center_quantile_0.5,normalized_union,ratio,1.0,2.0741183726375874,0.662,0.902,0.854,0.048
2,mahalanobis_diag,center_quantile_0.5,normalized_union,ratio,2.0,3.0455649849047832,0.672,0.902,0.856,0.046
2,mahalanobis_diag,center_quantile_0.5,normalized_union,inverse_margin,0.0,1.119148449439478,0.632,0.902,0.848,0.054
2,mahalanobis_diag,center_quantile_0.5,normalized_union,inverse_margin,0.25,11.515308034479336,0.642,0.902,0.85,0.052
2,mahalanobis_diag,center_quantile_0.5,normalized_union,inverse_margin,0.5,21.977706608705514,0.642,0.902,0.85,0.052
2,mahalanobis_diag,center_quantile_0.5,normalized_union,inverse_margin,1.0,42.90250375715787,0.642,0.902,0.85,0.052
2,mahalanobis_diag,center_quantile_0.5,normalized_union,inverse_margin,2.0,84.75209805406257,0.642,0.902,0.85,0.052
2,mahalanobis_diag,center_quantile_0.5,normalized_union,max_ratio,0.0,1.119148449439478,0.632,0.902,0.848,0.054
2,mahalanobis_diag,center_quantile_0.5,normalized_union,max_ratio,0.25,1.119148449439478,0.632,0.902,0.848,0.054
2,mahalanobis_diag,center_quantile_0.5,normalized_union,max_ratio,0.5,1.119148449439478,0.632,0.902,0.848,0.054
2,mahalanobis_diag,center_quantile_0.5,normalized_union,max_ratio,1.0,1.119148449439478,0.632,0.902,0.848,0.054
2,mahalanobis_diag,center_quantile_0.5,normalized_union,max_ratio,2.0,1.9533251123419744,0.642,0.902,0.85,0.052
2,mahalanobis_diag,intent_quantile_0.5,nearest_sphere,none,0.0,1.1343183488813444,0.682,0.902,0.858,0.044
2,mahalanobis_diag,intent_quantile_0.5,nearest_sphere,none,0.25,1.1343183488813444,0.682,0.902,0.858,0.044
2,mahalanobis_diag,intent_quantile_0.5,nearest_sphere,none,0.5,1.1343183488813444,0.682,0.902,0.858,0.044
2,mahalanobis_diag,intent_quantile_0.5,nearest_sphere,none,1.0,1.1343183488813444,0.682,0.902,0.858,0.044
2,mahalanobis_diag,intent_quantile_0.5,nearest_sphere,none,2.0,1.1343183488813444,0.682,0.902,0.858,0.044
2,mahalanobis_diag,intent_quantile_0.5,nearest_sphere,ratio,0.0,1.1343183488813444,0.682,0.902,0.858,0.044
2,mahalanobis_diag,intent_quantile_0.5,nearest_sphere,ratio,0.25,1.3721190059848558,0.722,0.902,0.866,0.036
2,mahalanobis_diag,intent_quantile_0.5,nearest_sphere,ratio,0.5,1.6128628253202453,0.732,0.902,0.868,0.034
2,mahalanobis_diag,intent_quantile_0.5,nearest_sphere,ratio,1.0,2.0911214961228803,0.722,0.902,0.866,0.036
2,mahalanobis_diag,intent_quantile_0.5,nearest_sphere,ratio,2.0,3.0612457659475174,0.722,0.902,0.866,0.036
2,mahalanobis_diag,intent_quantile_0.5,nearest_sphere,inverse_margin,0.0,1.1343183488813444,0.682,0.902,0.858,0.044
2,mahalanobis_diag,intent_quantile_0.5,nearest_sphere,inverse_margin,0.25,11.52795420221245,0.712,0.902,0.864,0.038
2,mahalanobis_diag,intent_quantile_0.5,nearest_sphere,inverse_margin,0.5,21.990352776438627,0.712,0.902,0.864,0.038
2,mahalanobis_diag,intent_quantile_0.5,nearest_sphere,inverse_margin,1.0,42.91514992489098,0.712,0.902,0.864,0.038
2,mahalanobis_diag,intent_quantile_0.5,nearest_sphere,inverse_margin,2.0,84.76474422179568,0.712,0.902,0.864,0.038
2,mahalanobis_diag,intent_quantile_0.5,nearest_sphere,max_ratio,0.0,1.1343183488813444,0.682,0.902,0.858,0.044
2,mahalanobis_diag,intent_quantile_0.5,nearest_sphere,max_ratio,0.25,1.1343183488813444,0.682,0.902,0.858,0.044
2,mahalanobis_diag,intent_quantile_0.5,nearest_sphere,max_ratio,0.5,1.1343183488813444,0.682,0.902,0.858,0.044
2,mahalanobis_diag,intent_quantile_0.5,nearest_sphere,max_ratio,1.0,1.1343183488813444,0.682,0.902,0.858,0.044
2,mahalanobis_diag,intent_quantile_0.5,nearest_sphere,max_ratio,2.0,1.9533251123419744,0.712,0.902,0.864,0.038
2,mahalanobis_diag,intent_quantile_0.5,normalized_union,none,0.0,1.1279910489241187,0.662,0.902,0.854,0.048
2,mahalanobis_diag,intent_quantile_0.5,normalized_union,none,0.25,1.1279910489241187,0.662,0.902,0.854,0.048
2,mahalanobis_diag,intent_quantile_0.5,normalized_union,none,0.5,1.1279910489241187,0.662,0.902,0.854,0.048
2,mahalanobis_diag,intent_quantile_0.5,normalized_union,none,1.0,1.1279910489241187,0.662,0.902,0.854,0.048
2,mahalanobis_diag,intent_quantile_0.5,normalized_union,none,2.0,1.1279910489241187,0.662,0.902,0.854,0.048
2,mahalanobis_diag,intent_quantile_0.5,normalized_union,ratio,0.0,1.1279910489241187,0.662,0.902,0.854,0.048
2,mahalanobis_diag,intent_quantile_0.5,normalized_union,ratio,0.25,1.364967274206104,0.682,0.902,0.858,0.044
2,mahalanobis_diag,intent_quantile_0.5,normalized_union,ratio,0.5,1.5999954548282567,0.682,0.902,0.858,0.044
2,mahalanobis_diag,intent_quantile_0.5,normalized_union,ratio,1.0,2.0813088771836545,0.702,0.902,0.862,0.04
2,mahalanobis_diag,intent_quantile_0.5,normalized_union,ratio,2.0,3.050752764415057,0.702,0.902,0.862,0.04
2,mahalanobis_diag,intent_quantile_0.5,normalized_union,inverse_margin,0.0,1.1279910489241187,0.662,0.902,0.854,0.048
2,mahalanobis_diag,intent_quantile_0.5,normalized_union,inverse_margin,0.25,11.52795420221245,0.672,0.902,0.856,0.046
2,mahalanobis_diag,intent_quantile_0.5,normalized_union,inverse_margin,0.5,21.990352776438627,0.672,0.902,0.856,0.046
2,mahalanobis_diag,intent_quantile_0.5,normalized_union,inverse_margin,1.0,42.91514992489098,0.672,0.902,0.856,0.046
2,mahalanobis_diag,intent_quantile_0.5,normalized_union,inverse_margin,2.0,84.76474422179568,0.672,0.902,0.856,0.046
2,mahalanobis_diag,intent_quantile_0.5,normalized_union,max_ratio,0.0,1.1279910489241187,0.662,0.902,0.854,0.048
2,mahalanobis_diag,intent_quantile_0.5,normalized_union,max_ratio,0.25,1.1279910489241187,0.662,0.902,0.854,0.048
2,mahalanobis_diag,intent_quantile_0.5,normalized_union,max_ratio,0.5,1.1279910489241187,0.662,0.902,0.854,0.048
2,mahalanobis_diag,intent_quantile_0.5,normalized_union,max_ratio,1.0,1.1279910489241187,0.662,0.902,0.854,0.048
2,mahalanobis_diag,intent_quantile_0.5,normalized_union,max_ratio,2.0,1.9533251123419744,0.672,0.902,0.856,0.046
2,mahalanobis_diag,center_quantile_0.7,nearest_sphere,none,0.0,1.0870854434279436,0.702,0.902,0.862,0.04
2,mahalanobis_diag,center_quantile_0.7,nearest_sphere,none,0.25,1.0870854434279436,0.702,0.902,0.862,0.04
2,mahalanobis_diag,center_quantile_0.7,nearest_sphere,none,0.5,1.0870854434279436,0.702,0.902,0.862,0.04
2,mahalanobis_diag,center_quantile_0.7,nearest_sphere,none,1.0,1.0870854434279436,0.702,0.902,0.862,0.04
2,mahalanobis_diag,center_quantile_0.7,nearest_sphere,none,2.0,1.0870854434279436,0.702,0.902,0.862,0.04
2,mahalanobis_diag,center_quantile_0.7,nearest_sphere,ratio,0.0,1.0870854434279436,0.702,0.902,0.862,0.04
2,mahalanobis_diag,center_quantile_0.7,nearest_sphere,ratio,0.25,1.3261530163266433,0.732,0.902,0.868,0.034
2,mahalanobis_diag,center_quantile_0.7,nearest_sphere,ratio,0.5,1.5700527267882811,0.732,0.902,0.868,0.034
2,mahalanobis_diag,center_quantile_0.7,nearest_sphere,ratio,1.0,2.04579832308963,0.732,0.902,0.868,0.034
2,mahalanobis_diag,center_quantile_0.7,nearest_sphere,ratio,2.0,3.0152233749756947,0.732,0.902,0.868,0.034
2,mahalanobis_diag,center_quantile_0.7,nearest_sphere,inverse_margin,0.0,1.0870854434279436,0.702,0.902,0.862,0.04
2,mahalanobis_diag,center_quantile_0.7,nearest_sphere,inverse_margin,0.25,11.435423000530973,0.712,0.902,0.864,0.038
2,mahalanobis_diag,center_quantile_0.7,nearest_sphere,inverse_margin,0.5,21.89782157475715,0.712,0.902,0.864,0.038
2,mahalanobis_diag,center_quantile_0.7,nearest_sphere,inverse_margin,1.0,42.8226187232095,0.712,0.902,0.864,0.038
2,mahalanobis_diag,center_quantile_0.7,nearest_sphere,inverse_margin,2.0,84.6722130201142,0.712,0.902,0.864,0.038
2,mahalanobis_diag,center_quantile_0.7,nearest_sphere,max_ratio,0.0,1.0870854434279436,0.702,0.902,0.862,0.04
2,mahalanobis_diag,center_quantile_0.7,nearest_sphere,max_ratio,0.25,1.0870854434279436,0.702,0.902,0.862,0.04
2,mahalanobis_diag,center_quantile_0.7,nearest_sphere,max_ratio,0.5,1.0870854434279436,0.702,0.902,0.862,0.04
2,mahalanobis_diag,center_quantile_0.7,nearest_sphere,max_ratio,1.0,1.0870854434279436,0.702,0.902,0.862,0.04
2,mahalanobis_diag,center_quantile_0.7,nearest_sphere,max_ratio,2.0,1.9533251123419744,0.712,0.902,0.864,0.038
2,mahalanobis_diag,center_quantile_0.7,normalized_union,none,0.0,1.0621794335930332,0.692,0.902,0.86,0.042
2,mahalanobis_diag,center_quantile_0.7,normalized_union,none,0.25,1.0621794335930332,0.692,0.902,0.86,0.042
2,mahalanobis_diag,center_quantile_0.7,normalized_union,none,0.5,1.0621794335930332,0.692,0.902,0.86,0.042
2,mahalanobis_diag,center_quantile_0.7,normalized_union,none,1.0,1.0621794335930332,0.692,0.902,0.86,0.042
2,mahalanobis_diag,center_quantile_0.7,normalized_union,none,2.0,1.0621794335930332,0.692,0.902,0.86,0.042
2,mahalanobis_diag,center_quantile_0.7,normalized_union,ratio,0.0,1.0621794335930332,0.692,0.902,0.86,0.042
2,mahalanobis_diag,center_quantile_0.7,normalized_union,ratio,0.25,1.3050385229377368,0.692,0.902,0.86,0.042
2,mahalanobis_diag,center_quantile_0.7,normalized_union,ratio,0.5,1.543960416270548,0.712,0.902,0.864,0.038
2,mahalanobis_diag,center_quantile_0.7,normalized_union,ratio,1.0,2.0266859833571838,0.732,0.902,0.868,0.034
2,mahalanobis_diag,center_quantile_0.7,normalized_union,ratio,2.0,2.987366342836533,0.712,0.902,0.864,0.038
2,mahalanobis_diag,center_quantile_0.7,normalized_union,inverse_margin,0.0,1.0621794335930332,0.692,0.902,0.86,0.042
2,mahalanobis_diag,center_quantile_0.7,normalized_union,inverse_margin,0.25,11.435423000530973,0.712,0.902,0.864,0.038
2,mahalanobis_diag,center_quantile_0.7,normalized_union,inverse_margin,0.5,21.89782157475715,0.712,0.902,0.864,0.038
2,mahalanobis_diag,center_quantile_0.7,normalized_union,inverse_margin,1.0,42.8226187232095,0.712,0.902,0.864,0.038
2,mahalanobis_diag,center_quantile_0.7,normalized_union,inverse_margin,2.0,84.6722130201142,0.712,0.902,0.864,0.038
2,mahalanobis_diag,center_quantile_0.7,normalized_union,max_ratio,0.0,1.0621794335930332,0.692,0.902,0.86,0.042
2,mahalanobis_diag,center_quantile_0.7,normalized_union,max_ratio,0.25,1.0621794335930332,0.692,0.902,0.86,0.042
2,mahalanobis_diag,center_quantile_0.7,normalized_union,max_ratio,0.5,1.0621794335930332,0.692,0.902,0.86,0.042
2,mahalanobis_diag,center_quantile_0.7,normalized_union,max_ratio,1.0,1.0621794335930332,0.692,0.902,0.86,0.042
2,mahalanobis_diag,center_quantile_0.7,normalized_union,max_ratio,2.0,1.9533251123419744,0.712,0.902,0.864,0.038
2,mahalanobis_diag,intent_quantile_0.7,nearest_sphere,none,0.0,1.090377095966452,0.712,0.902,0.864,0.038
2,mahalanobis_diag,intent_quantile_0.7,nearest_sphere,none,0.25,1.090377095966452,0.712,0.902,0.864,0.038
2,mahalanobis_diag,intent_quantile_0.7,nearest_sphere,none,0.5,1.090377095966452,0.712,0.902,0.864,0.038
2,mahalanobis_diag,intent_quantile_0.7,nearest_sphere,none,1.0,1.090377095966452,0.712,0.902,0.864,0.038
2,mahalanobis_diag,intent_quantile_0.7,nearest_sphere,none,2.0,1.090377095966452,0.712,0.902,0.864,0.038
2,mahalanobis_diag,intent_quantile_0.7,nearest_sphere,ratio,0.0,1.090377095966452,0.712,0.902,0.864,0.038
2,mahalanobis_diag,intent_quantile_0.7,nearest_sphere,ratio,0.25,1.332006977009891,0.732,0.902,0.868,0.034
2,mahalanobis_diag,intent_quantile_0.7,nearest_sphere,ratio,0.5,1.572893197359568,0.732,0.902,0.868,0.034
2,mahalanobis_diag,intent_quantile_0.7,nearest_sphere,ratio,1.0,2.0490674168595904,0.742,0.902,0.87,0.032
2,mahalanobis_diag,intent_quantile_0.7,nearest_sphere,ratio,2.0,3.0219272043888106,0.732,0.902,0.868,0.034
2,mahalanobis_diag,intent_quantile_0.7,nearest_sphere,inverse_margin,0.0,1.090377095966452,0.712,0.902,0.864,0.038
2,mahalanobis_diag,intent_quantile_0.7,nearest_sphere,inverse_margin,0.25,11.47453576753859,0.712,0.902,0.864,0.038
2,mahalanobis_diag,intent_quantile_0.7,nearest_sphere,inverse_margin,0.5,21.93693434176477,0.712,0.902,0.864,0.038
2,mahalanobis_diag,intent_quantile_0.7,nearest_sphere,inverse_margin,1.0,42.86173149021712,0.712,0.902,0.864,0.038
2,mahalanobis_diag,intent_quantile_0.7,nearest_sphere,inverse_margin,2.0,84.71132578712182,0.712,0.902,0.864,0.038
2,mahalanobis_diag,intent_quantile_0.7,nearest_sphere,max_ratio,0.0,1.090377095966452,0.712,0.902,0.864,0.038
2,mahalanobis_diag,intent_quantile_0.7,nearest_sphere,max_ratio,0.25,1.090377095966452,0.712,0.902,0.864,0.038
2,mahalanobis_diag,intent_quantile_0.7,nearest_sphere,max_ratio,0.5,1.090377095966452,0.712,0.902,0.864,0.038
2,mahalanobis_diag,intent_quantile_0.7,nearest_sphere,max_ratio,1.0,1.090377095966452,0.712,0.902,0.864,0.038
2,mahalanobis_diag,intent_quantile_0.7,nearest_sphere,max_ratio,2.0,1.9533251123419744,0.712,0.902,0.864,0.038
2,mahalanobis_diag,intent_quantile_0.7,normalized_union,none,0.0,1.07658051417744,0.712,0.902,0.864,0.038
2,mahalanobis_diag,intent_quantile_0.7,normalized_union,none,0.25,1.07658051417744,0.712,0.902,0.864,0.038
2,mahalanobis_diag,intent_quantile_0.7,normalized_union,none,0.5,1.07658051417744,0.712,0.902,0.864,0.038
2,mahalanobis_diag,intent_quantile_0.7,normalized_union,none,1.0,1.07658051417744,0.712,0.902,0.864,0.038
2,mahalanobis_diag,intent_quantile_0.7,normalized_union,none,2.0,1.07658051417744,0.712,0.902,0.864,0.038
2,mahalanobis_diag,intent_quantile_0.7,normalized_union,ratio,0.0,1.07658051417744,0.712,0.902,0.864,0.038
2,mahalanobis_diag,intent_quantile_0.7,normalized_union,ratio,0.25,1.314666509857207,0.712,0.902,0.864,0.038
2,mahalanobis_diag,intent_quantile_0.7,normalized_union,ratio,0.5,1.5553372892410264,0.732,0.902,0.868,0.034
2,mahalanobis_diag,intent_quantile_0.7,normalized_union,ratio,1.0,2.0380699264043503,0.742,0.902,0.87,0.032
2,mahalanobis_diag,intent_quantile_0.7,normalized_union,ratio,2.0,3.0052133711574935,0.722,0.902,0.866,0.036
2,mahalanobis_diag,intent_quantile_0.7,normalized_union,inverse_margin,0.0,1.07658051417744,0.712,0.902,0.864,0.038
2,mahalanobis_diag,intent_quantile_0.7,normalized_union,inverse_margin,0.25,11.47453576753859,0.662,0.902,0.854,0.048
2,mahalanobis_diag,intent_quantile_0.7,normalized_union,inverse_margin,0.5,21.93693434176477,0.662,0.902,0.854,0.048
2,mahalanobis_diag,intent_quantile_0.7,normalized_union,inverse_margin,1.0,42.86173149021712,0.662,0.902,0.854,0.048
2,mahalanobis_diag,intent_quantile_0.7,normalized_union,inverse_margin,2.0,84.71132578712182,0.662,0.902,0.854,0.048
2,mahalanobis_diag,intent_quantile_0.7,normalized_union,max_ratio,0.0,1.07658051417744,0.712,0.902,0.864,0.038
2,mahalanobis_diag,intent_quantile_0.7,normalized_union,max_ratio,0.25,1.07658051417744,0.712,0.902,0.864,0.038
2,mahalanobis_diag,intent_quantile_0.7,normalized_union,max_ratio,0.5,1.07658051417744,0.712,0.902,0.864,0.038
2,mahalanobis_diag,intent_quantile_0.7,normalized_union,max_ratio,1.0,1.07658051417744,0.712,0.902,0.864,0.038
2,mahalanobis_diag,intent_quantile_0.7,normalized_union,max_ratio,2.0,1.9533251123419744,0.662,0.902,0.854,0.048
2,mahalanobis_diag,center_quantile_0.8,nearest_sphere,none,0.0,1.0589113516593116,0.712,0.902,0.864,0.038
2,mahalanobis_diag,center_quantile_0.8,nearest_sphere,none,0.25,1.0589113516593116,0.712,0.902,0.864,0.038
2,mahalanobis_diag,center_quantile_0.8,nearest_sphere,none,0.5,1.0589113516593116,0.712,0.902,0.864,0.038
2,mahalanobis_diag,center_quantile_0.8,nearest_sphere,none,1.0,1.0589113516593116,0.712,0.902,0.864,0.038
2,mahalanobis_diag,center_quantile_0.8,nearest_sphere,none,2.0,1.0589113516593116,0.712,0.902,0.864,0.038
2,mahalanobis_diag,center_quantile_0.8,nearest_sphere,ratio,0.0,1.0589113516593116,0.712,0.902,0.864,0.038
2,mahalanobis_diag,center_quantile_0.8,nearest_sphere,ratio,0.25,1.2987414356686973,0.732,0.902,0.868,0.034
2,mahalanobis_diag,center_quantile_0.8,nearest_sphere,ratio,0.5,1.539011818287318,0.742,0.902,0.87,0.032
2,mahalanobis_diag,center_quantile_0.8,nearest_sphere,ratio,1.0,2.018793778597777,0.732,0.902,0.868,0.034
2,mahalanobis_diag,center_quantile_0.8,nearest_sphere,ratio,2.0,2.9843981261016927,0.742,0.902,0.87,0.032
2,mahalanobis_diag,center_quantile_0.8,nearest_sphere,inverse_margin,0.0,1.0589113516593116,0.712,0.902,0.864,0.038
2,mahalanobis_diag,center_quantile_0.8,nearest_sphere,inverse_margin,0.25,11.389165887673581,0.712,0.902,0.864,0.038
2,mahalanobis_diag,center_quantile_0.8,nearest_sphere,inverse_margin,0.5,21.85156446189976,0.712,0.902,0.864,0.038
2,mahalanobis_diag,center_quantile_0.8,nearest_sphere,inverse_margin,1.0,42.77636161035211,0.712,0.902,0.864,0.038
2,mahalanobis_diag,center_quantile_0.8,nearest_sphere,inverse_margin,2.0,84.62595590725681,0.712,0.902,0.864,0.038
2,mahalanobis_diag,center_quantile_0.8,nearest_sphere,max_ratio,0.0,1.0589113516593116,0.712,0.902,0.864,0.038
2,mahalanobis_diag,center_quantile_0.8,nearest_sphere,max_ratio,0.25,1.0589113516593116,0.712,0.902,0.864,0.038
2,mahalanobis_diag,center_quantile_0.8,nearest_sphere,max_ratio,0.5,1.0589113516593116,0.712,0.902,0.864,0.038
2,mahalanobis_diag,center_quantile_0.8,nearest_sphere,max_ratio,1.0,1.0589113516593116,0.712,0.902,0.864,0.038
2,mahalanobis_diag,center_quantile_0.8,nearest_sphere,max_ratio,2.0,1.9533251123419744,0.712,0.902,0.864,0.038
2,mahalanobis_diag,center_quantile_0.8,normalized_union,none,0.0,1.0328791953279919,0.722,0.902,0.866,0.036
2,mahalanobis_diag,center_quantile_0.8,normalized_union,none,0.25,1.0328791953279919,0.722,0.902,0.866,0.036
2,mahalanobis_diag,center_quantile_0.8,normalized_union,none,0.5,1.0328791953279919,0.722,0.902,0.866,0.036
2,mahalanobis_diag,center_quantile_0.8,normalized_union,none,1.0,1.0328791953279919,0.722,0.902,0.866,0.036
2,mahalanobis_diag,center_quantile_0.8,normalized_union,none,2.0,1.0328791953279919,0.722,0.902,0.866,0.036
2,mahalanobis_diag,center_quantile_0.8,normalized_union,ratio,0.0,1.0328791953279919,0.722,0.902,0.866,0.036
2,mahalanobis_diag,center_quantile_0.8,normalized_union,ratio,0.25,1.2735575805548076,0.742,0.902,0.87,0.032
2,mahalanobis_diag,center_quantile_0.8,normalized_union,ratio,0.5,1.5124836869351699,0.742,0.902,0.87,0.032
2,mahalanobis_diag,center_quantile_0.8,normalized_union,ratio,1.0,1.9909312156187648,0.772,0.902,0.876,0.026
2,mahalanobis_diag,center_quantile_0.8,normalized_union,ratio,2.0,2.952189660771147,0.772,0.902,0.876,0.026
2,mahalanobis_diag,center_quantile_0.8,normalized_union,inverse_margin,0.0,1.0328791953279919,0.722,0.902,0.866,0.036
2,mahalanobis_diag,center_quantile_0.8,normalized_union,inverse_margin,0.25,11.389165887673581,0.742,0.902,0.87,0.032
2,mahalanobis_diag,center_quantile_0.8,normalized_union,inverse_margin,0.5,21.85156446189976,0.742,0.902,0.87,0.032
2,mahalanobis_diag,center_quantile_0.8,normalized_union,inverse_margin,1.0,42.77636161035211,0.742,0.902,0.87,0.032
2,mahalanobis_diag,center_quantile_0.8,normalized_union,inverse_margin,2.0,84.62595590725681,0.742,0.902,0.87,0.032
2,mahalanobis_diag,center_quantile_0.8,normalized_union,max_ratio,0.0,1.0328791953279919,0.722,0.902,0.866,0.036
2,mahalanobis_diag,center_quantile_0.8,normalized_union,max_ratio,0.25,1.0328791953279919,0.722,0.902,0.866,0.036
2,mahalanobis_diag,center_quantile_0.8,normalized_union,max_ratio,0.5,1.0328791953279919,0.722,0.902,0.866,0.036
2,mahalanobis_diag,center_quantile_0.8,normalized_union,max_ratio,1.0,1.0328791953279919,0.722,0.902,0.866,0.036
2,mahalanobis_diag,center_quantile_0.8,normalized_union,max_ratio,2.0,1.9533251123419744,0.742,0.902,0.87,0.032
2,mahalanobis_diag,intent_quantile_0.8,nearest_sphere,none,0.0,1.0662538651513265,0.702,0.902,0.862,0.04
2,mahalanobis_diag,intent_quantile_0.8,nearest_sphere,none,0.25,1.0662538651513265,0.702,0.902,0.862,0.04
2,mahalanobis_diag,intent_quantile_0.8,nearest_sphere,none,0.5,1.0662538651513265,0.702,0.902,0.862,0.04
2,mahalanobis_diag,intent_quantile_0.8,nearest_sphere,none,1.0,1.0662538651513265,0.702,0.902,0.862,0.04
2,mahalanobis_diag,intent_quantile_0.8,nearest_sphere,none,2.0,1.0662538651513265,0.702,0.902,0.862,0.04
2,mahalanobis_diag,intent_quantile_0.8,nearest_sphere,ratio,0.0,1.0662538651513265,0.702,0.902,0.862,0.04
2,mahalanobis_diag,intent_quantile_0.8,nearest_sphere,ratio,0.25,1.3046500708038817,0.722,0.902,0.866,0.036
2,mahalanobis_diag,intent_quantile_0.8,nearest_sphere,ratio,0.5,1.5467484045212858,0.742,0.902,0.87,0.032
2,mahalanobis_diag,intent_quantile_0.8,nearest_sphere,ratio,1.0,2.022888163105565,0.742,0.902,0.87,0.032
2,mahalanobis_diag,intent_quantile_0.8,nearest_sphere,ratio,2.0,2.9943435829186518,0.732,0.902,0.868,0.034
2,mahalanobis_diag,intent_quantile_0.8,nearest_sphere,inverse_margin,0.0,1.0662538651513265,0.702,0.902,0.862,0.04
2,mahalanobis_diag,intent_quantile_0.8,nearest_sphere,inverse_margin,0.25,11.438201864842657,0.712,0.902,0.864,0.038
2,mahalanobis_diag,intent_quantile_0.8,nearest_sphere,inverse_margin,0.5,21.900600439068835,0.712,0.902,0.864,0.038
2,mahalanobis_diag,intent_quantile_0.8,nearest_sphere,inverse_margin,1.0,42.82539758752119,0.712,0.902,0.864,0.038
2,mahalanobis_diag,intent_quantile_0.8,nearest_sphere,inverse_margin,2.0,84.67499188442589,0.712,0.902,0.864,0.038
2,mahalanobis_diag,intent_quantile_0.8,nearest_sphere,max_ratio,0.0,1.0662538651513265,0.702,0.902,0.862,0.04
2,mahalanobis_diag,intent_quantile_0.8,nearest_sphere,max_ratio,0.25,1.0662538651513265,0.702,0.902,0.862,0.04
2,mahalanobis_diag,intent_quantile_0.8,nearest_sphere,max_ratio,0.5,1.0662538651513265,0.702,0.902,0.862,0.04
2,mahalanobis_diag,intent_quantile_0.8,nearest_sphere,max_ratio,1.0,1.0662538651513265,0.702,0.902,0.862,0.04
2,mahalanobis_diag,intent_quantile_0.8,nearest_sphere,max_ratio,2.0,1.9533251123419744,0.712,0.902,0.864,0.038
2,mahalanobis_diag,intent_quantile_0.8,normalized_union,none,0.0,1.0472841938542032,0.722,0.902,0.866,0.036
2,mahalanobis_diag,intent_quantile_0.8,normalized_union,none,0.25,1.0472841938542032,0.722,0.902,0.866,0.036
2,mahalanobis_diag,intent_quantile_0.8,normalized_union,none,0.5,1.0472841938542032,0.722,0.902,0.866,0.036
2,mahalanobis_diag,intent_quantile_0.8,normalized_union,none,1.0,1.0472841938542032,0.722,0.902,0.866,0.036
2,mahalanobis_diag,intent_quantile_0.8,normalized_union,none,2.0,1.0472841938542032,0.722,0.902,0.866,0.036
2,mahalanobis_diag,intent_quantile_0.8,normalized_union,ratio,0.0,1.0472841938542032,0.722,0.902,0.866,0.036
2,mahalanobis_diag,intent_quantile_0.8,normalized_union,ratio,0.25,1.2908582988951285,0.722,0.902,0.866,0.036
2,mahalanobis_diag,intent_quantile_0.8,normalized_union,ratio,0.5,1.5294998334345917,0.742,0.902,0.87,0.032
2,mahalanobis_diag,intent_quantile_0.8,normalized_union,ratio,1.0,2.009335547530217,0.762,0.902,0.874,0.028
2,mahalanobis_diag,intent_quantile_0.8,normalized_union,ratio,2.0,2.981290538605563,0.732,0.902,0.868,0.034
2,mahalanobis_diag,intent_quantile_0.8,normalized_union,inverse_margin,0.0,1.0472841938542032,0.722,0.902,0.866,0.036
2,mahalanobis_diag,intent_quantile_0.8,normalized_union,inverse_margin,0.25,11.438201864842657,0.722,0.902,0.866,0.036
2,mahalanobis_diag,intent_quantile_0.8,normalized_union,inverse_margin,0.5,21.900600439068835,0.722,0.902,0.866,0.036
2,mahalanobis_diag,intent_quantile_0.8,normalized_union,inverse_margin,1.0,42.82539758752119,0.722,0.902,0.866,0.036
2,mahalanobis_diag,intent_quantile_0.8,normalized_union,inverse_margin,2.0,84.67499188442589,0.722,0.902,0.866,0.036
2,mahalanobis_diag,intent_quantile_0.8,normalized_union,max_ratio,0.0,1.0472841938542032,0.722,0.902,0.866,0.036
2,mahalanobis_diag,intent_quantile_0.8,normalized_union,max_ratio,0.25,1.0472841938542032,0.722,0.902,0.866,0.036
2,mahalanobis_diag,intent_quantile_0.8,normalized_union,max_ratio,0.5,1.0472841938542032,0.722,0.902,0.866,0.036
2,mahalanobis_diag,intent_quantile_0.8,normalized_union,max_ratio,1.0,1.0472841938542032,0.722,0.902,0.866,0.036
2,mahalanobis_diag,intent_quantile_0.8,normalized_union,max_ratio,2.0,1.9533251123419744,0.722,0.902,0.866,0.036
2,mahalanobis_diag,center_quantile_0.9,nearest_sphere,none,0.0,1.0170506052347392,0.712,0.902,0.864,0.038
2,mahalanobis_diag,center_quantile_0.9,nearest_sphere,none,0.25,1.0170506052347392,0.712,0.902,0.864,0.038
2,mahalanobis_diag,center_quantile_0.9,nearest_sphere,none,0.5,1.0170506052347392,0.712,0.902,0.864,0.038
2,mahalanobis_diag,center_quantile_0.9,nearest_sphere,none,1.0,1.0170506052347392,0.712,0.902,0.864,0.038
2,mahalanobis_diag,center_quantile_0.9,nearest_sphere,none,2.0,1.0170506052347392,0.712,0.902,0.864,0.038
2,mahalanobis_diag,center_quantile_0.9,nearest_sphere,ratio,0.0,1.0170506052347392,0.712,0.902,0.864,0.038
2,mahalanobis_diag,center_quantile_0.9,nearest_sphere,ratio,0.25,1.25912002883742,0.742,0.902,0.87,0.032
2,mahalanobis_diag,center_quantile_0.9,nearest_sphere,ratio,0.5,1.4980178128347545,0.762,0.902,0.874,0.028
2,mahalanobis_diag,center_quantile_0.9,nearest_sphere,ratio,1.0,1.9841251104506585,0.762,0.902,0.874,0.028
2,mahalanobis_diag,center_quantile_0.9,nearest_sphere,ratio,2.0,2.940873601832073,0.762,0.902,0.874,0.028
2,mahalanobis_diag,center_quantile_0.9,nearest_sphere,inverse_margin,0.0,1.0170506052347392,0.712,0.902,0.864,0.038
2,mahalanobis_diag,center_quantile_0.9,nearest_sphere,inverse_margin,0.25,11.253491420352573,0.712,0.902,0.864,0.038
2,mahalanobis_diag,center_quantile_0.9,nearest_sphere,inverse_margin,0.5,21.71588999457875,0.712,0.902,0.864,0.038
2,mahalanobis_diag,center_quantile_0.9,nearest_sphere,inverse_margin,1.0,42.6406871430311,0.712,0.902,0.864,0.038
2,mahalanobis_diag,center_quantile_0.9,nearest_sphere,inverse_margin,2.0,84.49028143993581,0.712,0.902,0.864,0.038
2,mahalanobis_diag,center_quantile_0.9,nearest_sphere,max_ratio,0.0,1.0170506052347392,0.712,0.902,0.864,0.038
2,mahalanobis_diag,center_quantile_0.9,nearest_sphere,max_ratio,0.25,1.0170506052347392,0.712,0.902,0.864,0.038
2,mahalanobis_diag,center_quantile_0.9,nearest_sphere,max_ratio,0.5,1.0170506052347392,0.712,0.902,0.864,0.038
2,mahalanobis_diag,center_quantile_0.9,nearest_sphere,max_ratio,1.0,1.0170506052347392,0.712,0.902,0.864,0.038
2,mahalanobis_diag,center_quantile_0.9,nearest_sphere,max_ratio,2.0,1.9533251123419744,0.712,0.902,0.864,0.038
2,mahalanobis_diag,center_quantile_0.9,normalized_union,none,0.0,0.9859242287942573,0.792,0.902,0.88,0.022
2,mahalanobis_diag,center_quantile_0.9,normalized_union,none,0.25,0.9859242287942573,0.792,0.902,0.88,0.022
2,mahalanobis_diag,center_quantile_0.9,normalized_union,none,0.5,0.9859242287942573,0.792,0.902,0.88,0.022
2,mahalanobis_diag,center_quantile_0.9,normalized_union,none,1.0,0.9859242287942573,0.792,0.902,0.88,0.022
2,mahalanobis_diag,center_quantile_0.9,normalized_union,none,2.0,0.9859242287942573,0.792,0.902,0.88,0.022
2,mahalanobis_diag,center_quantile_0.9,normalized_union,ratio,0.0,0.9859242287942573,0.792,0.902,0.88,0.022
2,mahalanobis_diag,center_quantile_0.9,normalized_union,ratio,0.25,1.2241705121276816,0.812,0.902,0.884,0.018
2,mahalanobis_diag,center_quantile_0.9,normalized_union,ratio,0.5,1.4592951855233194,0.822,0.902,0.886,0.016
2,mahalanobis_diag,center_quantile_0.9,normalized_union,ratio,1.0,1.927939179613104,0.842,0.902,0.89,0.012
2,mahalanobis_diag,center_quantile_0.9,normalized_union,ratio,2.0,2.8834846514729295,0.872,0.902,0.896,0.006
2,mahalanobis_diag,center_quantile_0.9,normalized_union,inverse_margin,0.0,0.9859242287942573,0.792,0.902,0.88,0.022
2,mahalanobis_diag,center_quantile_0.9,normalized_union,inverse_margin,0.25,11.253491420352573,0.822,0.902,0.886,0.016
2,mahalanobis_diag,center_quantile_0.9,normalized_union,inverse_margin,0.5,21.71588999457875,0.822,0.902,0.886,0.016
2,mahalanobis_diag,center_quantile_0.9,normalized_union,inverse_margin,1.0,42.6406871430311,0.822,0.902,0.886,0.016
2,mahalanobis_diag,center_quantile_0.9,normalized_union,inverse_margin,2.0,84.49028143993581,0.822,0.902,0.886,0.016
2,mahalanobis_diag,center_quantile_0.9,normalized_union,max_ratio,0.0,0.9859242287942573,0.792,0.902,0.88,0.022
2,mahalanobis_diag,center_quantile_0.9,normalized_union,max_ratio,0.25,0.9859242287942573,0.792,0.902,0.88,0.022
2,mahalanobis_diag,center_quantile_0.9,normalized_union,max_ratio,0.5,0.9859242287942573,0.792,0.902,0.88,0.022
2,mahalanobis_diag,center_quantile_0.9,normalized_union,max_ratio,1.0,0.9963184908107762,0.822,0.902,0.886,0.016
2,mahalanobis_diag,center_quantile_0.9,normalized_union,max_ratio,2.0,1.9533251123419744,0.822,0.902,0.886,0.016
2,mahalanobis_diag,intent_quantile_0.9,nearest_sphere,none,0.0,1.017716052928652,0.712,0.902,0.864,0.038
2,mahalanobis_diag,intent_quantile_0.9,nearest_sphere,none,0.25,1.017716052928652,0.712,0.902,0.864,0.038
2,mahalanobis_diag,intent_quantile_0.9,nearest_sphere,none,0.5,1.017716052928652,0.712,0.902,0.864,0.038
2,mahalanobis_diag,intent_quantile_0.9,nearest_sphere,none,1.0,1.017716052928652,0.712,0.902,0.864,0.038
2,mahalanobis_diag,intent_quantile_0.9,nearest_sphere,none,2.0,1.017716052928652,0.712,0.902,0.864,0.038
2,mahalanobis_diag,intent_quantile_0.9,nearest_sphere,ratio,0.0,1.017716052928652,0.712,0.902,0.864,0.038
2,mahalanobis_diag,intent_quantile_0.9,nearest_sphere,ratio,0.25,1.2634814928802343,0.722,0.902,0.866,0.036
2,mahalanobis_diag,intent_quantile_0.9,nearest_sphere,ratio,0.5,1.5028336707773104,0.742,0.902,0.87,0.032
2,mahalanobis_diag,intent_quantile_0.9,nearest_sphere,ratio,1.0,1.9886448278502982,0.752,0.902,0.872,0.03
2,mahalanobis_diag,intent_quantile_0.9,nearest_sphere,ratio,2.0,2.9520937675373196,0.762,0.902,0.874,0.028
2,mahalanobis_diag,intent_quantile_0.9,nearest_sphere,inverse_margin,0.0,1.017716052928652,0.712,0.902,0.864,0.038
2,mahalanobis_diag,intent_quantile_0.9,nearest_sphere,inverse_margin,0.25,11.411864657303909,0.712,0.902,0.864,0.038
2,mahalanobis_diag,intent_quantile_0.9,nearest_sphere,inverse_margin,0.5,21.874263231530087,0.712,0.902,0.864,0.038
2,mahalanobis_diag,intent_quantile_0.9,nearest_sphere,inverse_margin,1.0,42.799060379982436,0.712,0.902,0.864,0.038
2,mahalanobis_diag,intent_quantile_0.9,nearest_sphere,inverse_margin,2.0,84.64865467688715,0.712,0.902,0.864,0.038
2,mahalanobis_diag,intent_quantile_0.9,nearest_sphere,max_ratio,0.0,1.017716052928652,0.712,0.902,0.864,0.038
2,mahalanobis_diag,intent_quantile_0.9,nearest_sphere,max_ratio,0.25,1.017716052928652,0.712,0.902,0.864,0.038
2,mahalanobis_diag,intent_quantile_0.9,nearest_sphere,max_ratio,0.5,1.017716052928652,0.712,0.902,0.864,0.038
2,mahalanobis_diag,intent_quantile_0.9,nearest_sphere,max_ratio,1.0,1.017716052928652,0.712,0.902,0.864,0.038
2,mahalanobis_diag,intent_quantile_0.9,nearest_sphere,max_ratio,2.0,1.9533251123419744,0.712,0.902,0.864,0.038
2,mahalanobis_diag,intent_quantile_0.9,normalized_union,none,0.0,1.0098046291319622,0.732,0.902,0.868,0.034
2,mahalanobis_diag,intent_quantile_0.9,normalized_union,none,0.25,1.0098046291319622,0.732,0.902,0.868,0.034
2,mahalanobis_diag,intent_quantile_0.9,normalized_union,none,0.5,1.0098046291319622,0.732,0.902,0.868,0.034
2,mahalanobis_diag,intent_quantile_0.9,normalized_union,none,1.0,1.0098046291319622,0.732,0.902,0.868,0.034
2,mahalanobis_diag,intent_quantile_0.9,normalized_union,none,2.0,1.0098046291319622,0.732,0.902,0.868,0.034
2,mahalanobis_diag,intent_quantile_0.9,normalized_union,ratio,0.0,1.0098046291319622,0.732,0.902,0.868,0.034
2,mahalanobis_diag,intent_quantile_0.9,normalized_union,ratio,0.25,1.2494948011294038,0.752,0.902,0.872,0.03
2,mahalanobis_diag,intent_quantile_0.9,normalized_union,ratio,0.5,1.4924778212920686,0.762,0.902,0.874,0.028
2,mahalanobis_diag,intent_quantile_0.9,normalized_union,ratio,1.0,1.9757307950381384,0.772,0.902,0.876,0.026
2,mahalanobis_diag,intent_quantile_0.9,normalized_union,ratio,2.0,2.9418332442900583,0.742,0.902,0.87,0.032
2,mahalanobis_diag,intent_quantile_0.9,normalized_union,inverse_margin,0.0,1.0098046291319622,0.732,0.902,0.868,0.034
2,mahalanobis_diag,intent_quantile_0.9,normalized_union,inverse_margin,0.25,11.411864657303909,0.732,0.902,0.868,0.034
2,mahalanobis_diag,intent_quantile_0.9,normalized_union,inverse_margin,0.5,21.874263231530087,0.732,0.902,0.868,0.034
2,mahalanobis_diag,intent_quantile_0.9,normalized_union,inverse_margin,1.0,42.799060379982436,0.732,0.902,0.868,0.034
2,mahalanobis_diag,intent_quantile_0.9,normalized_union,inverse_margin,2.0,84.64865467688715,0.732,0.902,0.868,0.034
2,mahalanobis_diag,intent_quantile_0.9,normalized_union,max_ratio,0.0,1.0098046291319622,0.732,0.902,0.868,0.034
2,mahalanobis_diag,intent_quantile_0.9,normalized_union,max_ratio,0.25,1.0098046291319622,0.732,0.902,0.868,0.034
2,mahalanobis_diag,intent_quantile_0.9,normalized_union,max_ratio,0.5,1.0098046291319622,0.732,0.902,0.868,0.034
2,mahalanobis_diag,intent_quantile_0.9,normalized_union,max_ratio,1.0,1.0098046291319622,0.732,0.902,0.868,0.034
2,mahalanobis_diag,intent_quantile_0.9,normalized_union,max_ratio,2.0,1.9533251123419744,0.732,0.902,0.868,0.034
2,mahalanobis_diag,center_quantile_0.95,nearest_sphere,none,0.0,0.9859890650468426,0.702,0.902,0.862,0.04
2,mahalanobis_diag,center_quantile_0.95,nearest_sphere,none,0.25,0.9859890650468426,0.702,0.902,0.862,0.04
2,mahalanobis_diag,center_quantile_0.95,nearest_sphere,none,0.5,0.9859890650468426,0.702,0.902,0.862,0.04
2,mahalanobis_diag,center_quantile_0.95,nearest_sphere,none,1.0,0.9859890650468426,0.702,0.902,0.862,0.04
2,mahalanobis_diag,center_quantile_0.95,nearest_sphere,none,2.0,0.9859890650468426,0.702,0.902,0.862,0.04
2,mahalanobis_diag,center_quantile_0.95,nearest_sphere,ratio,0.0,0.9859890650468426,0.702,0.902,0.862,0.04
2,mahalanobis_diag,center_quantile_0.95,nearest_sphere,ratio,0.25,1.220682842402839,0.732,0.902,0.868,0.034
2,mahalanobis_diag,center_quantile_0.95,nearest_sphere,ratio,0.5,1.4615875805171035,0.742,0.902,0.87,0.032
2,mahalanobis_diag,center_quantile_0.95,nearest_sphere,ratio,1.0,1.9366290600818767,0.762,0.902,0.874,0.028
2,mahalanobis_diag,center_quantile_0.95,nearest_sphere,ratio,2.0,2.902485559383307,0.762,0.902,0.874,0.028
2,mahalanobis_diag,center_quantile_0.95,nearest_sphere,inverse_margin,0.0,0.9859890650468426,0.702,0.902,0.862,0.04
2,mahalanobis_diag,center_quantile_0.95,nearest_sphere,inverse_margin,0.25,11.19040806804301,0.712,0.902,0.864,0.038
2,mahalanobis_diag,center_quantile_0.95,nearest_sphere,inverse_margin,0.5,21.652806642269184,0.712,0.902,0.864,0.038
2,mahalanobis_diag,center_quantile_0.95,nearest_sphere,inverse_margin,1.0,42.57760379072154,0.712,0.902,0.864,0.038
2,mahalanobis_diag,center_quantile_0.95,nearest_sphere,inverse_margin,2.0,84.42719808762624,0.712,0.902,0.864,0.038
2,mahalanobis_diag,center_quantile_0.95,nearest_sphere,max_ratio,0.0,0.9859890650468426,0.702,0.902,0.862,0.04
2,mahalanobis_diag,center_quantile_0.95,nearest_sphere,max_ratio,0.25,0.9859890650468426,0.702,0.902,0.862,0.04
2,mahalanobis_diag,center_quantile_0.95,nearest_sphere,max_ratio,0.5,0.9859890650468426,0.702,0.902,0.862,0.04
2,mahalanobis_diag,center_quantile_0.95,nearest_sphere,max_ratio,1.0,0.9944028134842819,0.712,0.902,0.864,0.038
2,mahalanobis_diag,center_quantile_0.95,nearest_sphere,max_ratio,2.0,1.9533251123419744,0.712,0.902,0.864,0.038
2,mahalanobis_diag,center_quantile_0.95,normalized_union,none,0.0,0.9468006926380759,0.802,0.902,0.882,0.02
2,mahalanobis_diag,center_quantile_0.95,normalized_union,none,0.25,0.9468006926380759,0.802,0.902,0.882,0.02
2,mahalanobis_diag,center_quantile_0.95,normalized_union,none,0.5,0.9468006926380759,0.802,0.902,0.882,0.02
2,mahalanobis_diag,center_quantile_0.95,normalized_union,none,1.0,0.9468006926380759,0.802,0.902,0.882,0.02
2,mahalanobis_diag,center_quantile_0.95,normalized_union,none,2.0,0.9468006926380759,0.802,0.902,0.882,0.02
2,mahalanobis_diag,center_quantile_0.95,normalized_union,ratio,0.0,0.9468006926380759,0.802,0.902,0.882,0.02
2,mahalanobis_diag,center_quantile_0.95,normalized_union,ratio,0.25,1.1832822755644217,0.822,0.902,0.886,0.016
2,mahalanobis_diag,center_quantile_0.95,normalized_union,ratio,0.5,1.420833524776702,0.822,0.902,0.886,0.016
2,mahalanobis_diag,center_quantile_0.95,normalized_union,ratio,1.0,1.8839575349566857,0.852,0.902,0.892,0.01
2,mahalanobis_diag,center_quantile_0.95,normalized_union,ratio,2.0,2.844312035162522,0.862,0.902,0.894,0.008
2,mahalanobis_diag,center_quantile_0.95,normalized_union,inverse_margin,0.0,0.9468006926380759,0.802,0.902,0.882,0.02
2,mahalanobis_diag,center_quantile_0.95,normalized_union,inverse_margin,0.25,11.19040806804301,0.812,0.902,0.884,0.018
2,mahalanobis_diag,center_quantile_0.95,normalized_union,inverse_margin,0.5,21.652806642269184,0.812,0.902,0.884,0.018
2,mahalanobis_diag,center_quantile_0.95,normalized_union,inverse_margin,1.0,42.57760379072154,0.812,0.902,0.884,0.018
2,mahalanobis_diag,center_quantile_0.95,normalized_union,inverse_margin,2.0,84.42719808762624,0.812,0.902,0.884,0.018
2,mahalanobis_diag,center_quantile_0.95,normalized_union,max_ratio,0.0,0.9468006926380759,0.802,0.902,0.882,0.02
2,mahalanobis_diag,center_quantile_0.95,normalized_union,max_ratio,0.25,0.9468006926380759,0.802,0.902,0.882,0.02
2,mahalanobis_diag,center_quantile_0.95,normalized_union,max_ratio,0.5,0.9468006926380759,0.802,0.902,0.882,0.02
2,mahalanobis_diag,center_quantile_0.95,normalized_union,max_ratio,1.0,0.9841098233721868,0.822,0.902,0.886,0.016
2,mahalanobis_diag,center_quantile_0.95,normalized_union,max_ratio,2.0,1.9533251123419744,0.812,0.902,0.884,0.018
2,mahalanobis_diag,intent_quantile_0.95,nearest_sphere,none,0.0,0.9793794419855969,0.722,0.902,0.866,0.036
2,mahalanobis_diag,intent_quantile_0.95,nearest_sphere,none,0.25,0.9793794419855969,0.722,0.902,0.866,0.036
2,mahalanobis_diag,intent_quantile_0.95,nearest_sphere,none,0.5,0.9793794419855969,0.722,0.902,0.866,0.036
2,mahalanobis_diag,intent_quantile_0.95,nearest_sphere,none,1.0,0.9793794419855969,0.722,0.902,0.866,0.036
2,mahalanobis_diag,intent_quantile_0.95,nearest_sphere,none,2.0,0.9793794419855969,0.722,0.902,0.866,0.036
2,mahalanobis_diag,intent_quantile_0.95,nearest_sphere,ratio,0.0,0.9793794419855969,0.722,0.902,0.866,0.036
2,mahalanobis_diag,intent_quantile_0.95,nearest_sphere,ratio,0.25,1.222953547026522,0.722,0.902,0.866,0.036
2,mahalanobis_diag,intent_quantile_0.95,nearest_sphere,ratio,0.5,1.4664418501880228,0.742,0.902,0.87,0.032
2,mahalanobis_diag,intent_quantile_0.95,nearest_sphere,ratio,1.0,1.9449654949279016,0.762,0.902,0.874,0.028
2,mahalanobis_diag,intent_quantile_0.95,nearest_sphere,ratio,2.0,2.911648393638484,0.752,0.902,0.872,0.03
2,mahalanobis_diag,intent_quantile_0.95,nearest_sphere,inverse_margin,0.0,0.9793794419855969,0.722,0.902,0.866,0.036
2,mahalanobis_diag,intent_quantile_0.95,nearest_sphere,inverse_margin,0.25,11.376146621613163,0.712,0.902,0.864,0.038
2,mahalanobis_diag,intent_quantile_0.95,nearest_sphere,inverse_margin,0.5,21.838545195839338,0.712,0.902,0.864,0.038
2,mahalanobis_diag,intent_quantile_0.95,nearest_sphere,inverse_margin,1.0,42.763342344291694,0.712,0.902,0.864,0.038
2,mahalanobis_diag,intent_quantile_0.95,nearest_sphere,inverse_margin,2.0,84.6129366411964,0.712,0.902,0.864,0.038
2,mahalanobis_diag,intent_quantile_0.95,nearest_sphere,max_ratio,0.0,0.9793794419855969,0.722,0.902,0.866,0.036
2,mahalanobis_diag,intent_quantile_0.95,nearest_sphere,max_ratio,0.25,0.9793794419855969,0.722,0.902,0.866,0.036
2,mahalanobis_diag,intent_quantile_0.95,nearest_sphere,max_ratio,0.5,0.9793794419855969,0.722,0.902,0.866,0.036
2,mahalanobis_diag,intent_quantile_0.95,nearest_sphere,max_ratio,1.0,0.994955590512678,0.722,0.902,0.866,0.036
2,mahalanobis_diag,intent_quantile_0.95,nearest_sphere,max_ratio,2.0,1.9533251123419744,0.712,0.902,0.864,0.038
2,mahalanobis_diag,intent_quantile_0.95,normalized_union,none,0.0,0.9766055972025612,0.732,0.902,0.868,0.034
2,mahalanobis_diag,intent_quantile_0.95,normalized_union,none,0.25,0.9766055972025612,0.732,0.902,0.868,0.034
2,mahalanobis_diag,intent_quantile_0.95,normalized_union,none,0.5,0.9766055972025612,0.732,0.902,0.868,0.034
2,mahalanobis_diag,intent_quantile_0.95,normalized_union,none,1.0,0.9766055972025612,0.732,0.902,0.868,0.034
2,mahalanobis_diag,intent_quantile_0.95,normalized_union,none,2.0,0.9766055972025612,0.732,0.902,0.868,0.034
2,mahalanobis_diag,intent_quantile_0.95,normalized_union,ratio,0.0,0.9766055972025612,0.732,0.902,0.868,0.034
2,mahalanobis_diag,intent_quantile_0.95,normalized_union,ratio,0.25,1.2142587072400635,0.752,0.902,0.872,0.03
2,mahalanobis_diag,intent_quantile_0.95,normalized_union,ratio,0.5,1.4566191921226919,0.762,0.902,0.874,0.028
2,mahalanobis_diag,intent_quantile_0.95,normalized_union,ratio,1.0,1.9424986966716045,0.772,0.902,0.876,0.026
2,mahalanobis_diag,intent_quantile_0.95,normalized_union,ratio,2.0,2.907438431482488,0.752,0.902,0.872,0.03
2,mahalanobis_diag,intent_quantile_0.95,normalized_union,inverse_margin,0.0,0.9766055972025612,0.732,0.902,0.868,0.034
2,mahalanobis_diag,intent_quantile_0.95,normalized_union,inverse_margin,0.25,11.376146621613163,0.742,0.902,0.87,0.032
2,mahalanobis_diag,intent_quantile_0.95,normalized_union,inverse_margin,0.5,21.838545195839338,0.742,0.902,0.87,0.032
2,mahalanobis_diag,intent_quantile_0.95,normalized_union,inverse_margin,1.0,42.763342344291694,0.742,0.902,0.87,0.032
2,mahalanobis_diag,intent_quantile_0.95,normalized_union,inverse_margin,2.0,84.6129366411964,0.742,0.902,0.87,0.032
2,mahalanobis_diag,intent_quantile_0.95,normalized_union,max_ratio,0.0,0.9766055972025612,0.732,0.902,0.868,0.034
2,mahalanobis_diag,intent_quantile_0.95,normalized_union,max_ratio,0.25,0.9766055972025612,0.732,0.902,0.868,0.034
2,mahalanobis_diag,intent_quantile_0.95,normalized_union,max_ratio,0.5,0.9766055972025612,0.732,0.902,0.868,0.034
2,mahalanobis_diag,intent_quantile_0.95,normalized_union,max_ratio,1.0,0.9923705280637999,0.762,0.902,0.874,0.028
2,mahalanobis_diag,intent_quantile_0.95,normalized_union,max_ratio,2.0,1.9533251123419744,0.742,0.902,0.87,0.032
2,mahalanobis_diag,center_quantile_0.99,nearest_sphere,none,0.0,0.9332599524919718,0.702,0.902,0.862,0.04
2,mahalanobis_diag,center_quantile_0.99,nearest_sphere,none,0.25,0.9332599524919718,0.702,0.902,0.862,0.04
2,mahalanobis_diag,center_quantile_0.99,nearest_sphere,none,0.5,0.9332599524919718,0.702,0.902,0.862,0.04
2,mahalanobis_diag,center_quantile_0.99,nearest_sphere,none,1.0,0.9332599524919718,0.702,0.902,0.862,0.04
2,mahalanobis_diag,center_quantile_0.99,nearest_sphere,none,2.0,0.9332599524919718,0.702,0.902,0.862,0.04
2,mahalanobis_diag,center_quantile_0.99,nearest_sphere,ratio,0.0,0.9332599524919718,0.702,0.902,0.862,0.04
2,mahalanobis_diag,center_quantile_0.99,nearest_sphere,ratio,0.25,1.163553334527702,0.712,0.902,0.864,0.038
2,mahalanobis_diag,center_quantile_0.99,nearest_sphere,ratio,0.5,1.400543765540053,0.732,0.902,0.868,0.034
2,mahalanobis_diag,center_quantile_0.99,nearest_sphere,ratio,1.0,1.88202477778936,0.772,0.902,0.876,0.026
2,mahalanobis_diag,center_quantile_0.99,nearest_sphere,ratio,2.0,2.8493386712233155,0.772,0.902,0.876,0.026
2,mahalanobis_diag,center_quantile_0.99,nearest_sphere,inverse_margin,0.0,0.9332599524919718,0.702,0.902,0.862,0.04
2,mahalanobis_diag,center_quantile_0.99,nearest_sphere,inverse_margin,0.25,11.140252242740996,0.712,0.902,0.864,0.038
2,mahalanobis_diag,center_quantile_0.99,nearest_sphere,inverse_margin,0.5,21.602650816967174,0.712,0.902,0.864,0.038
2,mahalanobis_diag,center_quantile_0.99,nearest_sphere,inverse_margin,1.0,42.527447965419526,0.712,0.902,0.864,0.038
2,mahalanobis_diag,center_quantile_0.99,nearest_sphere,inverse_margin,2.0,84.37704226232422,0.712,0.902,0.864,0.038
2,mahalanobis_diag,center_quantile_0.99,nearest_sphere,max_ratio,0.0,0.9332599524919718,0.702,0.902,0.862,0.04
2,mahalanobis_diag,center_quantile_0.99,nearest_sphere,max_ratio,0.25,0.9332599524919718,0.702,0.902,0.862,0.04
2,mahalanobis_diag,center_quantile_0.99,nearest_sphere,max_ratio,0.5,0.9332599524919718,0.702,0.902,0.862,0.04
2,mahalanobis_diag,center_quantile_0.99,nearest_sphere,max_ratio,1.0,0.9808867360480035,0.732,0.902,0.868,0.034
2,mahalanobis_diag,center_quantile_0.99,nearest_sphere,max_ratio,2.0,1.9533251123419744,0.712,0.902,0.864,0.038
2,mahalanobis_diag,center_quantile_0.99,normalized_union,none,0.0,0.8996668623559987,0.832,0.902,0.888,0.014
2,mahalanobis_diag,center_quantile_0.99,normalized_union,none,0.25,0.8996668623559987,0.832,0.902,0.888,0.014
2,mahalanobis_diag,center_quantile_0.99,normalized_union,none,0.5,0.8996668623559987,0.832,0.902,0.888,0.014
2,mahalanobis_diag,center_quantile_0.99,normalized_union,none,1.0,0.8996668623559987,0.832,0.902,0.888,0.014
2,mahalanobis_diag,center_quantile_0.99,normalized_union,none,2.0,0.8996668623559987,0.832,0.902,0.888,0.014
2,mahalanobis_diag,center_quantile_0.99,normalized_union,ratio,0.0,0.8996668623559987,0.832,0.902,0.888,0.014
2,mahalanobis_diag,center_quantile_0.99,normalized_union,ratio,0.25,1.1324513957092046,0.842,0.902,0.89,0.012
2,mahalanobis_diag,center_quantile_0.99,normalized_union,ratio,0.5,1.3709673543107348,0.842,0.902,0.89,0.012
2,mahalanobis_diag,center_quantile_0.99,normalized_union,ratio,1.0,1.8430798490665294,0.842,0.902,0.89,0.012
2,mahalanobis_diag,center_quantile_0.99,normalized_union,ratio,2.0,2.7949027737540684,0.852,0.902,0.892,0.01
2,mahalanobis_diag,center_quantile_0.99,normalized_union,inverse_margin,0.0,0.8996668623559987,0.832,0.902,0.888,0.014
2,mahalanobis_diag,center_quantile_0.99,normalized_union,inverse_margin,0.25,11.140252242740996,0.822,0.902,0.886,0.016
2,mahalanobis_diag,center_quantile_0.99,normalized_union,inverse_margin,0.5,21.602650816967174,0.822,0.902,0.886,0.016
2,mahalanobis_diag,center_quantile_0.99,normalized_union,inverse_margin,1.0,42.527447965419526,0.822,0.902,0.886,0.016
2,mahalanobis_diag,center_quantile_0.99,normalized_union,inverse_margin,2.0,84.37704226232422,0.822,0.902,0.886,0.016
2,mahalanobis_diag,center_quantile_0.99,normalized_union,max_ratio,0.0,0.8996668623559987,0.832,0.902,0.888,0.014
2,mahalanobis_diag,center_quantile_0.99,normalized_union,max_ratio,0.25,0.8996668623559987,0.832,0.902,0.888,0.014
2,mahalanobis_diag,center_quantile_0.99,normalized_union,max_ratio,0.5,0.8996668623559987,0.832,0.902,0.888,0.014
2,mahalanobis_diag,center_quantile_0.99,normalized_union,max_ratio,1.0,0.9774504650620287,0.812,0.902,0.884,0.018
2,mahalanobis_diag,center_quantile_0.99,normalized_union,max_ratio,2.0,1.9533251123419744,0.822,0.902,0.886,0.016
2,mahalanobis_diag,intent_quantile_0.99,nearest_sphere,none,0.0,0.9319585043437854,0.722,0.902,0.866,0.036
2,mahalanobis_diag,intent_quantile_0.99,nearest_sphere,none,0.25,0.9319585043437854,0.722,0.902,0.866,0.036
2,mahalanobis_diag,intent_quantile_0.99,nearest_sphere,none,0.5,0.9319585043437854,0.722,0.902,0.866,0.036
2,mahalanobis_diag,intent_quantile_0.99,nearest_sphere,none,1.0,0.9319585043437854,0.722,0.902,0.866,0.036
2,mahalanobis_diag,intent_quantile_0.99,nearest_sphere,none,2.0,0.9319585043437854,0.722,0.902,0.866,0.036
2,mahalanobis_diag,intent_quantile_0.99,nearest_sphere,ratio,0.0,0.9319585043437854,0.722,0.902,0.866,0.036
2,mahalanobis_diag,intent_quantile_0.99,nearest_sphere,ratio,0.25,1.1722688164821875,0.742,0.902,0.87,0.032
2,mahalanobis_diag,intent_quantile_0.99,nearest_sphere,ratio,0.5,1.415648678213479,0.742,0.902,0.87,0.032
2,mahalanobis_diag,intent_quantile_0.99,nearest_sphere,ratio,1.0,1.896050833905867,0.752,0.902,0.872,0.03
2,mahalanobis_diag,intent_quantile_0.99,nearest_sphere,ratio,2.0,2.8682486703504066,0.742,0.902,0.87,0.032
2,mahalanobis_diag,intent_quantile_0.99,nearest_sphere,inverse_margin,0.0,0.9319585043437854,0.722,0.902,0.866,0.036
2,mahalanobis_diag,intent_quantile_0.99,nearest_sphere,inverse_margin,0.25,11.335235136155411,0.712,0.902,0.864,0.038
2,mahalanobis_diag,intent_quantile_0.99,nearest_sphere,inverse_margin,0.5,21.79763371038159,0.712,0.902,0.864,0.038
2,mahalanobis_diag,intent_quantile_0.99,nearest_sphere,inverse_margin,1.0,42.72243085883394,0.712,0.902,0.864,0.038
2,mahalanobis_diag,intent_quantile_0.99,nearest_sphere,inverse_margin,2.0,84.57202515573864,0.712,0.902,0.864,0.038
2,mahalanobis_diag,intent_quantile_0.99,nearest_sphere,max_ratio,0.0,0.9319585043437854,0.722,0.902,0.866,0.036
2,mahalanobis_diag,intent_quantile_0.99,nearest_sphere,max_ratio,0.25,0.9319585043437854,0.722,0.902,0.866,0.036
2,mahalanobis_diag,intent_quantile_0.99,nearest_sphere,max_ratio,0.5,0.9319585043437854,0.722,0.902,0.866,0.036
2,mahalanobis_diag,intent_quantile_0.99,nearest_sphere,max_ratio,1.0,0.9795780260397708,0.742,0.902,0.87,0.032
2,mahalanobis_diag,intent_quantile_0.99,nearest_sphere,max_ratio,2.0,1.9533251123419744,0.712,0.902,0.864,0.038
2,mahalanobis_diag,intent_quantile_0.99,normalized_union,none,0.0,0.9310519906238268,0.742,0.902,0.87,0.032
2,mahalanobis_diag,intent_quantile_0.99,normalized_union,none,0.25,0.9310519906238268,0.742,0.902,0.87,0.032
2,mahalanobis_diag,intent_quantile_0.99,normalized_union,none,0.5,0.9310519906238268,0.742,0.902,0.87,0.032
2,mahalanobis_diag,intent_quantile_0.99,normalized_union,none,1.0,0.9310519906238268,0.742,0.902,0.87,0.032
2,mahalanobis_diag,intent_quantile_0.99,normalized_union,none,2.0,0.9310519906238268,0.742,0.902,0.87,0.032
2,mahalanobis_diag,intent_quantile_0.99,normalized_union,ratio,0.0,0.9310519906238268,0.742,0.902,0.87,0.032
2,mahalanobis_diag,intent_quantile_0.99,normalized_union,ratio,0.25,1.1701031375755173,0.742,0.902,0.87,0.032
2,mahalanobis_diag,intent_quantile_0.99,normalized_union,ratio,0.5,1.4139857828535398,0.752,0.902,0.872,0.03
2,mahalanobis_diag,intent_quantile_0.99,normalized_union,ratio,1.0,1.8952183925651933,0.772,0.902,0.876,0.026
2,mahalanobis_diag,intent_quantile_0.99,normalized_union,ratio,2.0,2.8642875810816535,0.752,0.902,0.872,0.03
2,mahalanobis_diag,intent_quantile_0.99,normalized_union,inverse_margin,0.0,0.9310519906238268,0.742,0.902,0.87,0.032
2,mahalanobis_diag,intent_quantile_0.99,normalized_union,inverse_margin,0.25,11.335235136155411,0.722,0.902,0.866,0.036
2,mahalanobis_diag,intent_quantile_0.99,normalized_union,inverse_margin,0.5,21.79763371038159,0.722,0.902,0.866,0.036
2,mahalanobis_diag,intent_quantile_0.99,normalized_union,inverse_margin,1.0,42.72243085883394,0.722,0.902,0.866,0.036
2,mahalanobis_diag,intent_quantile_0.99,normalized_union,inverse_margin,2.0,84.57202515573864,0.722,0.902,0.866,0.036
2,mahalanobis_diag,intent_quantile_0.99,normalized_union,max_ratio,0.0,0.9310519906238268,0.742,0.902,0.87,0.032
2,mahalanobis_diag,intent_quantile_0.99,normalized_union,max_ratio,0.25,0.9310519906238268,0.742,0.902,0.87,0.032
2,mahalanobis_diag,intent_quantile_0.99,normalized_union,max_ratio,0.5,0.9310519906238268,0.742,0.902,0.87,0.032
2,mahalanobis_diag,intent_quantile_0.99,normalized_union,max_ratio,1.0,0.9795780260397708,0.772,0.902,0.876,0.026
2,mahalanobis_diag,intent_quantile_0.99,normalized_union,max_ratio,2.0,1.9533251123419744,0.722,0.902,0.866,0.036
3,euclidean,mean_std_0.0,nearest_sphere,none,0.0,1.130002537939674,0.742,0.902,0.87,0.032
3,euclidean,mean_std_0.0,nearest_sphere,none,0.25,1.130002537939674,0.742,0.902,0.87,0.032
3,euclidean,mean_std_0.0,nearest_sphere,none,0.5,1.130002537939674,0.742,0.902,0.87,0.032
3,euclidean,mean_std_0.0,nearest_sphere,none,1.0,1.130002537939674,0.742,0.902,0.87,0.032
3,euclidean,mean_std_0.0,nearest_sphere,none,2.0,1.130002537939674,0.742,0.902,0.87,0.032
3,euclidean,mean_std_0.0,nearest_sphere,ratio,0.0,1.130002537939674,0.742,0.902,0.87,0.032
3,euclidean,mean_std_0.0,nearest_sphere,ratio,0.25,1.3419046577108493,0.772,0.902,0.876,0.026
3,euclidean,mean_std_0.0,nearest_sphere,ratio,0.5,1.5566519679576065,0.812,0.902,0.884,0.018
3,euclidean,mean_std_0.0,nearest_sphere,ratio,1.0,2.0085778478502174,0.852,0.902,0.892,0.01
3,euclidean,mean_std_0.0,nearest_sphere,ratio,2.0,2.9426557317899995,0.872,0.902,0.896,0.006
3,euclidean,mean_std_0.0,nearest_sphere,inverse_margin,0.0,1.130002537939674,0.742,0.902,0.87,0.032
3,euclidean,mean_std_0.0,nearest_sphere,inverse_margin,0.25,4.768864777147658,0.882,0.902,0.898,0.004
3,euclidean,mean_std_0.0,nearest_sphere,inverse_margin,0.5,8.462394453935184,0.882,0.902,0.898,0.004
3,euclidean,mean_std_0.0,nearest_sphere,inverse_margin,1.0,16.011006058557605,0.882,0.902,0.898,0.004
3,euclidean,mean_std_0.0,nearest_sphere,inverse_margin,2.0,31.108229267802447,0.882,0.902,0.898,0.004
3,euclidean,mean_std_0.0,nearest_sphere,max_ratio,0.0,1.130002537939674,0.742,0.902,0.87,0.032
3,euclidean,mean_std_0.0,nearest_sphere,max_ratio,0.25,1.130002537939674,0.742,0.902,0.87,0.032
3,euclidean,mean_std_0.0,nearest_sphere,max_ratio,0.5,1.130002537939674,0.742,0.902,0.87,0.032
3,euclidean,mean_std_0.0,nearest_sphere,max_ratio,1.0,1.130002537939674,0.742,0.902,0.87,0.032
3,euclidean,mean_std_0.0,nearest_sphere,max_ratio,2.0,1.8753706322026324,0.892,0.902,0.9,0.002
3,euclidean,mean_std_0.0,normalized_union,none,0.0,1.0277235577894652,0.672,0.902,0.856,0.046
3,euclidean,mean_std_0.0,normalized_union,none,0.25,1.0277235577894652,0.672,0.902,0.856,0.046
3,euclidean,mean_std_0.0,normalized_union,none,0.5,1.0277235577894652,0.672,0.902,0.856,0.046
3,euclidean,mean_std_0.0,normalized_union,none,1.0,1.0277235577894652,0.672,0.902,0.856,0.046
3,euclidean,mean_std_0.0,normalized_union,none,2.0,1.0277235577894652,0.672,0.902,0.856,0.046
3,euclidean,mean_std_0.0,normalized_union,ratio,0.0,1.0277235577894652,0.672,0.902,0.856,0.046
3,euclidean,mean_std_0.0,normalized_union,ratio,0.25,1.2540401532670837,0.682,0.902,0.858,0.044
3,euclidean,mean_std_0.0,normalized_union,ratio,0.5,1.473288078134815,0.672,0.902,0.856,0.046
3,euclidean,mean_std_0.0,normalized_union,ratio,1.0,1.9348667720434904,0.682,0.902,0.858,0.044
3,euclidean,mean_std_0.0,normalized_union,ratio,2.0,2.8673878843294984,0.692,0.902,0.86,0.042
3,euclidean,mean_std_0.0,normalized_union,inverse_margin,0.0,1.0277235577894652,0.672,0.902,0.856,0.046
3,euclidean,mean_std_0.0,normalized_union,inverse_margin,0.25,4.688088651623973,0.692,0.902,0.86,0.042
3,euclidean,mean_std_0.0,normalized_union,inverse_margin,0.5,8.462394453935184,0.692,0.902,0.86,0.042
3,euclidean,mean_std_0.0,normalized_union,inverse_margin,1.0,16.011006058557605,0.692,0.902,0.86,0.042
3,euclidean,mean_std_0.0,normalized_union,inverse_margin,2.0,31.108229267802447,0.692,0.902,0.86,0.042
3,euclidean,mean_std_0.0,normalized_union,max_ratio,0.0,1.0277235577894652,0.672,0.902,0.856,0.046
3,euclidean,mean_std_0.0,normalized_union,max_ratio,0.25,1.0277235577894652,0.672,0.902,0.856,0.046
3,euclidean,mean_std_0.0,normalized_union,max_ratio,0.5,1.0277235577894652,0.672,0.902,0.856,0.046
3,euclidean,mean_std_0.0,normalized_union,max_ratio,1.0,1.0277235577894652,0.672,0.902,0.856,0.046
3,euclidean,mean_std_0.0,normalized_union,max_ratio,2.0,1.8753706322026324,0.702,0.902,0.862,0.04
3,euclidean,mean_std_0.25,nearest_sphere,none,0.0,1.0996913727561648,0.762,0.902,0.874,0.028
3,euclidean,mean_std_0.25,nearest_sphere,none,0.25,1.0996913727561648,0.762,0.902,0.874,0.028
3,euclidean,mean_std_0.25,nearest_sphere,none,0.5,1.0996913727561648,0.762,0.902,0.874,0.028
3,euclidean,mean_std_0.25,nearest_sphere,none,1.0,1.0996913727561648,0.762,0.902,0.874,0.028
3,euclidean,mean_std_0.25,nearest_sphere,none,2.0,1.0996913727561648,0.762,0.902,0.874,0.028
3,euclidean,mean_std_0.25,nearest_sphere,ratio,0.0,1.0996913727561648,0.762,0.902,0.874,0.028
3,euclidean,mean_std_0.25,nearest_sphere,ratio,0.25,1.315932768266177,0.782,0.902,0.878,0.024
3,euclidean,mean_std_0.25,nearest_sphere,ratio,0.5,1.5327014909531598,0.822,0.902,0.886,0.016
3,euclidean,mean_std_0.25,nearest_sphere,ratio,1.0,1.9870187545218658,0.862,0.902,0.894,0.008
3,euclidean,mean_std_0.25,nearest_sphere,ratio,2.0,2.925965657369253,0.872,0.902,0.896,0.006
3,euclidean,mean_std_0.25,nearest_sphere,inverse_margin,0.0,1.0996913727561648,0.762,0.902,0.874,0.028
3,euclidean,mean_std_0.25,nearest_sphere,inverse_margin,0.25,4.735303930351562,0.882,0.902,0.898,0.004
3,euclidean,mean_std_0.25,nearest_sphere,inverse_margin,0.5,8.445202373460422,0.882,0.902,0.898,0.004
3,euclidean,mean_std_0.25,nearest_sphere,inverse_margin,1.0,15.993813978082843,0.882,0.902,0.898,0.004
3,euclidean,mean_std_0.25,nearest_sphere,inverse_margin,2.0,31.091037187327682,0.882,0.902,0.898,0.004
3,euclidean,mean_std_0.25,nearest_sphere,max_ratio,0.0,1.0996913727561648,0.762,0.902,0.874,0.028
3,euclidean,mean_std_0.25,nearest_sphere,max_ratio,0.25,1.0996913727561648,0.762,0.902,0.874,0.028
3,euclidean,mean_std_0.25,nearest_sphere,max_ratio,0.5,1.0996913727561648,0.762,0.902,0.874,0.028
3,euclidean,mean_std_0.25,nearest_sphere,max_ratio,1.0,1.0996913727561648,0.762,0.902,0.874,0.028
3,euclidean,mean_std_0.25,nearest_sphere,max_ratio,2.0,1.8753706322026324,0.892,0.902,0.9,0.002
3,euclidean,mean_std_0.25,normalized_union,none,0.0,1.0073245023994686,0.762,0.902,0.874,0.028
3,euclidean,mean_std_0.25,normalized_union,none,0.25,1.0073245023994686,0.762,0.902,0.874,0.028
3,euclidean,mean_std_0.25,normalized_union,none,0.5,1.0073245023994686,0.762,0.902,0.874,0.028
3,euclidean,mean_std_0.25,normalized_union,none,1.0,1.0073245023994686,0.762,0.902,0.874,0.028
3,euclidean,mean_std_0.25,normalized_union,none,2.0,1.0073245023994686,0.762,0.902,0.874,0.028
3,euclidean,mean_std_0.25,normalized_union,ratio,0.0,1.0073245023994686,0.762,0.902,0.874,0.028
3,euclidean,mean_std_0.25,normalized_union,ratio,0.25,1.2284950599732505,0.762,0.902,0.874,0.028
3,euclidean,mean_std_0.25,normalized_union,ratio,0.5,1.4555088159746097,0.742,0.902,0.87,0.032
3,euclidean,mean_std_0.25,normalized_union,ratio,1.0,1.919211465409746,0.752,0.902,0.872,0.03
3,euclidean,mean_std_0.25,normalized_union,ratio,2.0,2.8491922047179603,0.762,0.902,0.874,0.028
3,euclidean,mean_std_0.25,normalized_union,inverse_margin,0.0,1.0073245023994686,0.762,0.902,0.874,0.028
3,euclidean,mean_std_0.25,normalized_union,inverse_margin,0.25,4.6708965711492105,0.762,0.902,0.874,0.028
3,euclidean,mean_std_0.25,normalized_union,inverse_margin,0.5,8.445202373460422,0.762,0.902,0.874,0.028
3,euclidean,mean_std_0.25,normalized_union,inverse_margin,1.0,15.993813978082843,0.762,0.902,0.874,0.028
3,euclidean,mean_std_0.25,normalized_union,inverse_margin,2.0,31.091037187327682,0.762,0.902,0.874,0.028
3,euclidean,mean_std_0.25,normalized_union,max_ratio,0.0,1.0073245023994686,0.762,0.902,0.874,0.028
3,euclidean,mean_std_0.25,normalized_union,max_ratio,0.25,1.0073245023994686,0.762,0.902,0.874,0.028
3,euclidean,mean_std_0.25,normalized_union,max_ratio,0.5,1.0073245023994686,0.762,0.902,0.874,0.028
3,euclidean,mean_std_0.25,normalized_union,max_ratio,1.0,1.0073245023994686,0.762,0.902,0.874,0.028
3,euclidean,mean_std_0.25,normalized_union,max_ratio,2.0,1.8753706322026324,0.772,0.902,0.876,0.026
3,euclidean,mean_std_0.5,nearest_sphere,none,0.0,1.0717927635409092,0.762,0.902,0.874,0.028
3,euclidean,mean_std_0.5,nearest_sphere,none,0.25,1.0717927635409092,0.762,0.902,0.874,0.028
3,euclidean,mean_std_0.5,nearest_sphere,none,0.5,1.0717927635409092,0.762,0.902,0.874,0.028
3,euclidean,mean_std_0.5,nearest_sphere,none,1.0,1.0717927635409092,0.762,0.902,0.874,0.028
3,euclidean,mean_std_0.5,nearest_sphere,none,2.0,1.0717927635409092,0.762,0.902,0.874,0.028
3,euclidean,mean_std_0.5,nearest_sphere,ratio,0.0,1.0717927635409092,0.762,0.902,0.874,0.028
3,euclidean,mean_std_0.5,nearest_sphere,ratio,0.25,1.2862389750003462,0.802,0.902,0.882,0.02
3,euclidean,mean_std_0.5,nearest_sphere,ratio,0.5,1.50822171459978,0.842,0.902,0.89,0.012
3,euclidean,mean_std_0.5,nearest_sphere,ratio,1.0,1.969133257778839,0.862,0.902,0.894,0.008
3,euclidean,mean_std_0.5,nearest_sphere,ratio,2.0,2.9007457462056316,0.872,0.902,0.896,0.006
3,euclidean,mean_std_0.5,nearest_sphere,inverse_margin,0.0,1.0717927635409092,0.762,0.902,0.874,0.028
3,euclidean,mean_std_0.5,nearest_sphere,inverse_margin,0.25,4.703604003718212,0.882,0.902,0.898,0.004
3,euclidean,mean_std_0.5,nearest_sphere,inverse_margin,0.5,8.42864525665996,0.882,0.902,0.898,0.004
3,euclidean,mean_std_0.5,nearest_sphere,inverse_margin,1.0,15.977256861282381,0.882,0.902,0.898,0.004
3,euclidean,mean_std_0.5,nearest_sphere,inverse_margin,2.0,31.074480070527223,0.882,0.902,0.898,0.004
3,euclidean,mean_std_0.5,nearest_sphere,max_ratio,0.0,1.0717927635409092,0.762,0.902,0.874,0.028
3,euclidean,mean_std_0.5,nearest_sphere,max_ratio,0.25,1.0717927635409092,0.762,0.902,0.874,0.028
3,euclidean,mean_std_0.5,nearest_sphere,max_ratio,0.5,1.0717927635409092,0.762,0.902,0.874,0.028
3,euclidean,mean_std_0.5,nearest_sphere,max_ratio,1.0,1.0717927635409092,0.762,0.902,0.874,0.028
3,euclidean,mean_std_0.5,nearest_sphere,max_ratio,2.0,1.8753706322026324,0.892,0.902,0.9,0.002
3,euclidean,mean_std_0.5,normalized_union,none,0.0,0.9857973495342198,0.762,0.902,0.874,0.028
3,euclidean,mean_std_0.5,normalized_union,none,0.25,0.9857973495342198,0.762,0.902,0.874,0.028
3,euclidean,mean_std_0.5,normalized_union,none,0.5,0.9857973495342198,0.762,0.902,0.874,0.028
3,euclidean,mean_std_0.5,normalized_union,none,1.0,0.9857973495342198,0.762,0.902,0.874,0.028
3,euclidean,mean_std_0.5,normalized_union,none,2.0,0.9857973495342198,0.762,0.902,0.874,0.028
3,euclidean,mean_std_0.5,normalized_union,ratio,0.0,0.9857973495342198,0.762,0.902,0.874,0.028
3,euclidean,mean_std_0.5,normalized_union,ratio,0.25,1.2110765919784543,0.762,0.902,0.874,0.028
3,euclidean,mean_std_0.5,normalized_union,ratio,0.5,1.440494798773663,0.762,0.902,0.874,0.028
3,euclidean,mean_std_0.5,normalized_union,ratio,1.0,1.9017491722447653,0.772,0.902,0.876,0.026
3,euclidean,mean_std_0.5,normalized_union,ratio,2.0,2.8316682242654587,0.782,0.902,0.878,0.024
3,euclidean,mean_std_0.5,normalized_union,inverse_margin,0.0,0.9857973495342198,0.762,0.902,0.874,0.028
3,euclidean,mean_std_0.5,normalized_union,inverse_margin,0.25,4.654339454348751,0.782,0.902,0.878,0.024
3,euclidean,mean_std_0.5,normalized_union,inverse_margin,0.5,8.42864525665996,0.782,0.902,0.878,0.024
3,euclidean,mean_std_0.5,normalized_union,inverse_margin,1.0,15.977256861282381,0.782,0.902,0.878,0.024
3,euclidean,mean_std_0.5,normalized_union,inverse_margin,2.0,31.074480070527223,0.782,0.902,0.878,0.024
3,euclidean,mean_std_0.5,normalized_union,max_ratio,0.0,0.9857973495342198,0.762,0.902,0.874,0.028
3,euclidean,mean_std_0.5,normalized_union,max_ratio,0.25,0.9857973495342198,0.762,0.902,0.874,0.028
3,euclidean,mean_std_0.5,normalized_union,max_ratio,0.5,0.9857973495342198,0.762,0.902,0.874,0.028
3,euclidean,mean_std_0.5,normalized_union,max_ratio,1.0,0.9857973495342198,0.762,0.902,0.874,0.028
3,euclidean,mean_std_0.5,normalized_union,max_ratio,2.0,1.8753706322026324,0.792,0.902,0.88,0.022
3,euclidean,mean_std_0.75,nearest_sphere,none,0.0,1.0454514178334873,0.772,0.902,0.876,0.026
3,euclidean,mean_std_0.75,nearest_sphere,none,0.25,1.0454514178334873,0.772,0.902,0.876,0.026
3,euclidean,mean_std_0.75,nearest_sphere,none,0.5,1.0454514178334873,0.772,0.902,0.876,0.026
3,euclidean,mean_std_0.75,nearest_sphere,none,1.0,1.0454514178334873,0.772,0.902,0.876,0.026
3,euclidean,mean_std_0.75,nearest_sphere,none,2.0,1.0454514178334873,0.772,0.902,0.876,0.026
3,euclidean,mean_std_0.75,nearest_sphere,ratio,0.0,1.0454514178334873,0.772,0.902,0.876,0.026
3,euclidean,mean_std_0.75,nearest_sphere,ratio,0.25,1.2624770436181079,0.812,0.902,0.884,0.018
3,euclidean,mean_std_0.75,nearest_sphere,ratio,0.5,1.4865764797670051,0.842,0.902,0.89,0.012
3,euclidean,mean_std_0.75,nearest_sphere,ratio,1.0,1.9354153816227597,0.872,0.902,0.896,0.006
3,euclidean,mean_std_0.75,nearest_sphere,ratio,2.0,2.879033054622376,0.872,0.902,0.896,0.006
3,euclidean,mean_std_0.75,nearest_sphere,inverse_margin,0.0,1.0454514178334873,0.772,0.902,0.876,0.026
3,euclidean,mean_std_0.75,nearest_sphere,inverse_margin,0.25,4.67361439304474,0.882,0.902,0.898,0.004
3,euclidean,mean_std_0.75,nearest_sphere,inverse_margin,0.5,8.412688564218042,0.882,0.902,0.898,0.004
3,euclidean,mean_std_0.75,nearest_sphere,inverse_margin,1.0,15.961300168840463,0.882,0.902,0.898,0.004
3,euclidean,mean_std_0.75,nearest_sphere,inverse_margin,2.0,31.058523378085305,0.882,0.902,0.898,0.004
3,euclidean,mean_std_0.75,nearest_sphere,max_ratio,0.0,1.0454514178334873,0.772,0.902,0.876,0.026
3,euclidean,mean_std_0.75,nearest_sphere,max_ratio,0.25,1.0454514178334873,0.772,0.902,0.876,0.026
3,euclidean,mean_std_0.75,nearest_sphere,max_ratio,0.5,1.0454514178334873,0.772,0.902,0.876,0.026
3,euclidean,mean_std_0.75,nearest_sphere,max_ratio,1.0,1.0454514178334873,0.772,0.902,0.876,0.026
3,euclidean,mean_std_0.75,nearest_sphere,max_ratio,2.0,1.8753706322026324,0.892,0.902,0.9,0.002
3,euclidean,mean_std_0.75,normalized_union,none,0.0,0.9668921034493008,0.752,0.902,0.872,0.03
3,euclidean,mean_std_0.75,normalized_union,none,0.25,0.9668921034493008,0.752,0.902,0.872,0.03
3,euclidean,mean_std_0.75,normalized_union,none,0.5,0.9668921034493008,0.752,0.902,0.872,0.03
3,euclidean,mean_std_0.75,normalized_union,none,1.0,0.9668921034493008,0.752,0.902,0.872,0.03
3,euclidean,mean_std_0.75,normalized_union,none,2.0,0.9668921034493008,0.752,0.902,0.872,0.03
3,euclidean,mean_std_0.75,normalized_union,ratio,0.0,0.9668921034493008,0.752,0.902,0.872,0.03
3,euclidean,mean_std_0.75,normalized_union,ratio,0.25,1.193684353780499,0.772,0.902,0.876,0.026
3,euclidean,mean_std_0.75,normalized_union,ratio,0.5,1.4259118837002485,0.772,0.902,0.876,0.026
3,euclidean,mean_std_0.75,normalized_union,ratio,1.0,1.8849198224010202,0.782,0.902,0.878,0.024
3,euclidean,mean_std_0.75,normalized_union,ratio,2.0,2.8147794230694325,0.802,0.902,0.882,0.02
3,euclidean,mean_std_0.75,normalized_union,inverse_margin,0.0,0.9668921034493008,0.752,0.902,0.872,0.03
3,euclidean,mean_std_0.75,normalized_union,inverse_margin,0.25,4.638382761906832,0.802,0.902,0.882,0.02
3,euclidean,mean_std_0.75,normalized_union,inverse_margin,0.5,8.412688564218042,0.802,0.902,0.882,0.02
3,euclidean,mean_std_0.75,normalized_union,inverse_margin,1.0,15.961300168840463,0.802,0.902,0.882,0.02
3,euclidean,mean_std_0.75,normalized_union,inverse_margin,2.0,31.058523378085305,0.802,0.902,0.882,0.02
3,euclidean,mean_std_0.75,normalized_union,max_ratio,0.0,0.9668921034493008,0.752,0.902,0.872,0.03
3,euclidean,mean_std_0.75,normalized_union,max_ratio,0.25,0.9668921034493008,0.752,0.902,0.872,0.03
3,euclidean,mean_std_0.75,normalized_union,max_ratio,0.5,0.9668921034493008,0.752,0.902,0.872,0.03
3,euclidean,mean_std_0.75,normalized_union,max_ratio,1.0,0.9725793370194059,0.792,0.902,0.88,0.022
3,euclidean,mean_std_0.75,normalized_union,max_ratio,2.0,1.8753706322026324,0.812,0.902,0.884,0.018
3,euclidean,mean_std_1.0,nearest_sphere,none,0.0,1.022828149355067,0.782,0.902,0.878,0.024
3,euclidean,mean_std_1.0,nearest_sphere,none,0.25,1.022828149355067,0.782,0.902,0.878,0.024
3,euclidean,mean_std_1.0,nearest_sphere,none,0.5,1.022828149355067,0.782,0.902,0.878,0.024
3,euclidean,mean_std_1.0,nearest_sphere,none,1.0,1.022828149355067,0.782,0.902,0.878,0.024
3,euclidean,mean_std_1.0,nearest_sphere,none,2.0,1.022828149355067,0.782,0.902,0.878,0.024
3,euclidean,mean_std_1.0,nearest_sphere,ratio,0.0,1.022828149355067,0.782,0.902,0.878,0.024
3,euclidean,mean_std_1.0,nearest_sphere,ratio,0.25,1.241275910010365,0.812,0.902,0.884,0.018
3,euclidean,mean_std_1.0,nearest_sphere,ratio,0.5,1.468686499881325,0.852,0.902,0.892,0.01
3,euclidean,mean_std_1.0,nearest_sphere,ratio,1.0,1.9161277599904847,0.872,0.902,0.896,0.006
3,euclidean,mean_std_1.0,nearest_sphere,ratio,2.0,2.857598536189472,0.872,0.902,0.896,0.006
3,euclidean,mean_std_1.0,nearest_sphere,inverse_margin,0.0,1.022828149355067,0.782,0.902,0.878,0.024
3,euclidean,mean_std_1.0,nearest_sphere,inverse_margin,0.25,4.645200318431904,0.882,0.902,0.898,0.004
3,euclidean,mean_std_1.0,nearest_sphere,inverse_margin,0.5,8.397300217261664,0.882,0.902,0.898,0.004
3,euclidean,mean_std_1.0,nearest_sphere,inverse_margin,1.0,15.945911821884085,0.882,0.902,0.898,0.004
3,euclidean,mean_std_1.0,nearest_sphere,inverse_margin,2.0,31.043135031128926,0.882,0.902,0.898,0.004
3,euclidean,mean_std_1.0,nearest_sphere,max_ratio,0.0,1.022828149355067,0.782,0.902,0.878,0.024
3,euclidean,mean_std_1.0,nearest_sphere,max_ratio,0.25,1.022828149355067,0.782,0.902,0.878,0.024
3,euclidean,mean_std_1.0,nearest_sphere,max_ratio,0.5,1.022828149355067,0.782,0.902,0.878,0.024
3,euclidean,mean_std_1.0,nearest_sphere,max_ratio,1.0,1.022828149355067,0.782,0.902,0.878,0.024
3,euclidean,mean_std_1.0,nearest_sphere,max_ratio,2.0,1.8753706322026324,0.892,0.902,0.9,0.002
3,euclidean,mean_std_1.0,normalized_union,none,0.0,0.9505923192699378,0.752,0.902,0.872,0.03
3,euclidean,mean_std_1.0,normalized_union,none,0.25,0.9505923192699378,0.752,0.902,0.872,0.03
3,euclidean,mean_std_1.0,normalized_union,none,0.5,0.9505923192699378,0.752,0.902,0.872,0.03
3,euclidean,mean_std_1.0,normalized_union,none,1.0,0.9505923192699378,0.752,0.902,0.872,0.03
3,euclidean,mean_std_1.0,normalized_union,none,2.0,0.9505923192699378,0.752,0.902,0.872,0.03
3,euclidean,mean_std_1.0,normalized_union,ratio,0.0,0.9505923192699378,0.752,0.902,0.872,0.03
3,euclidean,mean_std_1.0,normalized_union,ratio,0.25,1.1791278287456053,0.762,0.902,0.874,0.028
3,euclidean,mean_std_1.0,normalized_union,ratio,0.5,1.4115603784031743,0.772,0.902,0.876,0.026
3,euclidean,mean_std_1.0,normalized_union,ratio,1.0,1.8702506864173705,0.782,0.902,0.878,0.024
3,euclidean,mean_std_1.0,normalized_union,ratio,2.0,2.7984918815236446,0.802,0.902,0.882,0.02
3,euclidean,mean_std_1.0,normalized_union,inverse_margin,0.0,0.9505923192699378,0.752,0.902,0.872,0.03
3,euclidean,mean_std_1.0,normalized_union,inverse_margin,0.25,4.622994414950453,0.802,0.902,0.882,0.02
3,euclidean,mean_std_1.0,normalized_union,inverse_margin,0.5,8.397300217261664,0.802,0.902,0.882,0.02
3,euclidean,mean_std_1.0,normalized_union,inverse_margin,1.0,15.945911821884085,0.802,0.902,0.882,0.02
3,euclidean,mean_std_1.0,normalized_union,inverse_margin,2.0,31.043135031128926,0.802,0.902,0.882,0.02
3,euclidean,mean_std_1.0,normalized_union,max_ratio,0.0,0.9505923192699378,0.752,0.902,0.872,0.03
3,euclidean,mean_std_1.0,normalized_union,max_ratio,0.25,0.9505923192699378,0.752,0.902,0.872,0.03
3,euclidean,mean_std_1.0,normalized_union,max_ratio,0.5,0.9505923192699378,0.752,0.902,0.872,0.03
3,euclidean,mean_std_1.0,normalized_union,max_ratio,1.0,0.9644225252860311,0.812,0.902,0.884,0.018
3,euclidean,mean_std_1.0,normalized_union,max_ratio,2.0,1.8753706322026324,0.812,0.902,0.884,0.018
3,euclidean,mean_std_1.5,nearest_sphere,none,0.0,0.9752338821585772,0.802,0.902,0.882,0.02
3,euclidean,mean_std_1.5,nearest_sphere,none,0.25,0.9752338821585772,0.802,0.902,0.882,0.02
3,euclidean,mean_std_1.5,nearest_sphere,none,0.5,0.9752338821585772,0.802,0.902,0.882,0.02
3,euclidean,mean_std_1.5,nearest_sphere,none,1.0,0.9752338821585772,0.802,0.902,0.882,0.02
3,euclidean,mean_std_1.5,nearest_sphere,none,2.0,0.9752338821585772,0.802,0.902,0.882,0.02
3,euclidean,mean_std_1.5,nearest_sphere,ratio,0.0,0.9752338821585772,0.802,0.902,0.882,0.02
3,euclidean,mean_std_1.5,nearest_sphere,ratio,0.25,1.1999844775129602,0.842,0.902,0.89,0.012
3,euclidean,mean_std_1.5,nearest_sphere,ratio,0.5,1.4265363550290442,0.862,0.902,0.894,0.008
3,euclidean,mean_std_1.5,nearest_sphere,ratio,1.0,1.8826240393912994,0.872,0.902,0.896,0.006
3,euclidean,mean_std_1.5,nearest_sphere,ratio,2.0,2.8222432525583936,0.882,0.902,0.898,0.004
3,euclidean,mean_std_1.5,nearest_sphere,inverse_margin,0.0,0.9752338821585772,0.802,0.902,0.882,0.02
3,euclidean,mean_std_1.5,nearest_sphere,inverse_margin,0.25,4.595780428301977,0.882,0.902,0.898,0.004
3,euclidean,mean_std_1.5,nearest_sphere,inverse_margin,0.5,8.368111277197514,0.882,0.902,0.898,0.004
3,euclidean,mean_std_1.5,nearest_sphere,inverse_margin,1.0,15.916722881819934,0.882,0.902,0.898,0.004
3,euclidean,mean_std_1.5,nearest_sphere,inverse_margin,2.0,31.013946091064778,0.882,0.902,0.898,0.004
3,euclidean,mean_std_1.5,nearest_sphere,max_ratio,0.0,0.9752338821585772,0.802,0.902,0.882,0.02
3,euclidean,mean_std_1.5,nearest_sphere,max_ratio,0.25,0.9752338821585772,0.802,0.902,0.882,0.02
3,euclidean,mean_std_1.5,nearest_sphere,max_ratio,0.5,0.9752338821585772,0.802,0.902,0.882,0.02
3,euclidean,mean_std_1.5,nearest_sphere,max_ratio,1.0,0.9839643857767008,0.832,0.902,0.888,0.014
3,euclidean,mean_std_1.5,nearest_sphere,max_ratio,2.0,1.8753706322026324,0.892,0.902,0.9,0.002
3,euclidean,mean_std_1.5,normalized_union,none,0.0,0.916214623339493,0.792,0.902,0.88,0.022
3,euclidean,mean_std_1.5,normalized_union,none,0.25,0.916214623339493,0.792,0.902,0.88,0.022
3,euclidean,mean_std_1.5,normalized_union,none,0.5,0.916214623339493,0.792,0.902,0.88,0.022
3,euclidean,mean_std_1.5,normalized_union,none,1.0,0.916214623339493,0.792,0.902,0.88,0.022
3,euclidean,mean_std_1.5,normalized_union,none,2.0,0.916214623339493,0.792,0.902,0.88,0.022
3,euclidean,mean_std_1.5,normalized_union,ratio,0.0,0.916214623339493,0.792,0.902,0.88,0.022
3,euclidean,mean_std_1.5,normalized_union,ratio,0.25,1.1464098920125796,0.822,0.902,0.886,0.016
3,euclidean,mean_std_1.5,normalized_union,ratio,0.5,1.3796811005521128,0.822,0.902,0.886,0.016
3,euclidean,mean_std_1.5,normalized_union,ratio,1.0,1.8403543317938538,0.822,0.902,0.886,0.016
3,euclidean,mean_std_1.5,normalized_union,ratio,2.0,2.7706606817822843,0.852,0.902,0.892,0.01
3,euclidean,mean_std_1.5,normalized_union,inverse_margin,0.0,0.916214623339493,0.792,0.902,0.88,0.022
3,euclidean,mean_std_1.5,normalized_union,inverse_margin,0.25,4.593805474886303,0.852,0.902,0.892,0.01
3,euclidean,mean_std_1.5,normalized_union,inverse_margin,0.5,8.368111277197514,0.852,0.902,0.892,0.01
3,euclidean,mean_std_1.5,normalized_union,inverse_margin,1.0,15.916722881819934,0.852,0.902,0.892,0.01
3,euclidean,mean_std_1.5,normalized_union,inverse_margin,2.0,31.013946091064778,0.852,0.902,0.892,0.01
3,euclidean,mean_std_1.5,normalized_union,max_ratio,0.0,0.916214623339493,0.792,0.902,0.88,0.022
3,euclidean,mean_std_1.5,normalized_union,max_ratio,0.25,0.916214623339493,0.792,0.902,0.88,0.022
3,euclidean,mean_std_1.5,normalized_union,max_ratio,0.5,0.916214623339493,0.792,0.902,0.88,0.022
3,euclidean,mean_std_1.5,normalized_union,max_ratio,1.0,0.9481375142630828,0.852,0.902,0.892,0.01
3,euclidean,mean_std_1.5,normalized_union,max_ratio,2.0,1.8753706322026324,0.862,0.902,0.894,0.008
3,euclidean,mean_std_2.0,nearest_sphere,none,0.0,0.9422772109109301,0.822,0.902,0.886,0.016
3,euclidean,mean_std_2.0,nearest_sphere,none,0.25,0.9422772109109301,0.822,0.902,0.886,0.016
3,euclidean,mean_std_2.0,nearest_sphere,none,0.5,0.9422772109109301,0.822,0.902,0.886,0.016
3,euclidean,mean_std_2.0,nearest_sphere,none,1.0,0.9422772109109301,0.822,0.902,0.886,0.016
3,euclidean,mean_std_2.0,nearest_sphere,none,2.0,0.9422772109109301,0.822,0.902,0.886,0.016
3,euclidean,mean_std_2.0,nearest_sphere,ratio,0.0,0.9422772109109301,0.822,0.902,0.886,0.016
3,euclidean,mean_std_2.0,nearest_sphere,ratio,0.25,1.1595046513589304,0.862,0.902,0.894,0.008
3,euclidean,mean_std_2.0,nearest_sphere,ratio,0.5,1.3895935707712412,0.872,0.902,0.896,0.006
3,euclidean,mean_std_2.0,nearest_sphere,ratio,1.0,1.8515999931550051,0.872,0.902,0.896,0.006
3,euclidean,mean_std_2.0,nearest_sphere,ratio,2.0,2.7772431187916333,0.882,0.902,0.898,0.004
3,euclidean,mean_std_2.0,nearest_sphere,inverse_margin,0.0,0.9422772109109301,0.822,0.902,0.886,0.016
3,euclidean,mean_std_2.0,nearest_sphere,inverse_margin,0.25,4.566557566847509,0.882,0.902,0.898,0.004
3,euclidean,mean_std_2.0,nearest_sphere,inverse_margin,0.5,8.340863369158718,0.882,0.902,0.898,0.004
3,euclidean,mean_std_2.0,nearest_sphere,inverse_margin,1.0,15.88947497378114,0.882,0.902,0.898,0.004
3,euclidean,mean_std_2.0,nearest_sphere,inverse_margin,2.0,30.986698183025982,0.882,0.902,0.898,0.004
3,euclidean,mean_std_2.0,nearest_sphere,max_ratio,0.0,0.9422772109109301,0.822,0.902,0.886,0.016
3,euclidean,mean_std_2.0,nearest_sphere,max_ratio,0.25,0.9422772109109301,0.822,0.902,0.886,0.016
3,euclidean,mean_std_2.0,nearest_sphere,max_ratio,0.5,0.9422772109109301,0.822,0.902,0.886,0.016
3,euclidean,mean_std_2.0,nearest_sphere,max_ratio,1.0,0.967029037530057,0.862,0.902,0.894,0.008
3,euclidean,mean_std_2.0,nearest_sphere,max_ratio,2.0,1.8753706322026324,0.892,0.902,0.9,0.002
3,euclidean,mean_std_2.0,normalized_union,none,0.0,0.8878891853834262,0.782,0.902,0.878,0.024
3,euclidean,mean_std_2.0,normalized_union,none,0.25,0.8878891853834262,0.782,0.902,0.878,0.024
3,euclidean,mean_std_2.0,normalized_union,none,0.5,0.8878891853834262,0.782,0.902,0.878,0.024
3,euclidean,mean_std_2.0,normalized_union,none,1.0,0.8878891853834262,0.782,0.902,0.878,0.024
3,euclidean,mean_std_2.0,normalized_union,none,2.0,0.8878891853834262,0.782,0.902,0.878,0.024
3,euclidean,mean_std_2.0,normalized_union,ratio,0.0,0.8878891853834262,0.782,0.902,0.878,0.024
3,euclidean,mean_std_2.0,normalized_union,ratio,0.25,1.1179032896582055,0.802,0.902,0.882,0.02
3,euclidean,mean_std_2.0,normalized_union,ratio,0.5,1.349511173509084,0.812,0.902,0.884,0.018
3,euclidean,mean_std_2.0,normalized_union,ratio,1.0,1.8118924669172967,0.812,0.902,0.884,0.018
3,euclidean,mean_std_2.0,normalized_union,ratio,2.0,2.7429750790706784,0.852,0.902,0.892,0.01
3,euclidean,mean_std_2.0,normalized_union,inverse_margin,0.0,0.8878891853834262,0.782,0.902,0.878,0.024
3,euclidean,mean_std_2.0,normalized_union,inverse_margin,0.25,4.566557566847509,0.862,0.902,0.894,0.008
3,euclidean,mean_std_2.0,normalized_union,inverse_margin,0.5,8.340863369158718,0.862,0.902,0.894,0.008
3,euclidean,mean_std_2.0,normalized_union,inverse_margin,1.0,15.88947497378114,0.862,0.902,0.894,0.008
3,euclidean,mean_std_2.0,normalized_union,inverse_margin,2.0,30.986698183025982,0.862,0.902,0.894,0.008
3,euclidean,mean_std_2.0,normalized_union,max_ratio,0.0,0.8878891853834262,0.782,0.902,0.878,0.024
3,euclidean,mean_std_2.0,normalized_union,max_ratio,0.25,0.8878891853834262,0.782,0.902,0.878,0.024
3,euclidean,mean_std_2.0,normalized_union,max_ratio,0.5,0.8878891853834262,0.782,0.902,0.878,0.024
3,euclidean,mean_std_2.0,normalized_union,max_ratio,1.0,0.9378774843958375,0.862,0.902,0.894,0.008
3,euclidean,mean_std_2.0,normalized_union,max_ratio,2.0,1.8753706322026324,0.872,0.902,0.896,0.006
3,euclidean,mean_std_3.0,nearest_sphere,none,0.0,0.8761374667417979,0.842,0.902,0.89,0.012
3,euclidean,mean_std_3.0,nearest_sphere,none,0.25,0.8761374667417979,0.842,0.902,0.89,0.012
3,euclidean,mean_std_3.0,nearest_sphere,none,0.5,0.8761374667417979,0.842,0.902,0.89,0.012
3,euclidean,mean_std_3.0,nearest_sphere,none,1.0,0.8761374667417979,0.842,0.902,0.89,0.012
3,euclidean,mean_std_3.0,nearest_sphere,none,2.0,0.8761374667417979,0.842,0.902,0.89,0.012
3,euclidean,mean_std_3.0,nearest_sphere,ratio,0.0,0.8761374667417979,0.842,0.902,0.89,0.012
3,euclidean,mean_std_3.0,nearest_sphere,ratio,0.25,1.0957772724419457,0.872,0.902,0.896,0.006
3,euclidean,mean_std_3.0,nearest_sphere,ratio,0.5,1.3247558763153315,0.872,0.902,0.896,0.006
3,euclidean,mean_std_3.0,nearest_sphere,ratio,1.0,1.7903659425857477,0.872,0.902,0.896,0.006
3,euclidean,mean_std_3.0,nearest_sphere,ratio,2.0,2.7171314092446726,0.882,0.902,0.898,0.004
3,euclidean,mean_std_3.0,nearest_sphere,inverse_margin,0.0,0.8761374667417979,0.842,0.902,0.89,0.012
3,euclidean,mean_std_3.0,nearest_sphere,inverse_margin,0.25,4.517158677484965,0.882,0.902,0.898,0.004
3,euclidean,mean_std_3.0,nearest_sphere,inverse_margin,0.5,8.291464479796176,0.882,0.902,0.898,0.004
3,euclidean,mean_std_3.0,nearest_sphere,inverse_margin,1.0,15.840076084418596,0.882,0.902,0.898,0.004
3,euclidean,mean_std_3.0,nearest_sphere,inverse_margin,2.0,30.937299293663436,0.882,0.902,0.898,0.004
3,euclidean,mean_std_3.0,nearest_sphere,max_ratio,0.0,0.8761374667417979,0.842,0.902,0.89,0.012
3,euclidean,mean_std_3.0,nearest_sphere,max_ratio,0.25,0.8761374667417979,0.842,0.902,0.89,0.012
3,euclidean,mean_std_3.0,nearest_sphere,max_ratio,0.5,0.8761374667417979,0.842,0.902,0.89,0.012
3,euclidean,mean_std_3.0,nearest_sphere,max_ratio,1.0,0.9409683964168648,0.872,0.902,0.896,0.006
3,euclidean,mean_std_3.0,nearest_sphere,max_ratio,2.0,1.8753706322026324,0.892,0.902,0.9,0.002
3,euclidean,mean_std_3.0,normalized_union,none,0.0,0.8348220229814385,0.792,0.902,0.88,0.022
3,euclidean,mean_std_3.0,normalized_union,none,0.25,0.8348220229814385,0.792,0.902,0.88,0.022
3,euclidean,mean_std_3.0,normalized_union,none,0.5,0.8348220229814385,0.792,0.902,0.88,0.022
3,euclidean,mean_std_3.0,normalized_union,none,1.0,0.8348220229814385,0.792,0.902,0.88,0.022
3,euclidean,mean_std_3.0,normalized_union,none,2.0,0.8348220229814385,0.792,0.902,0.88,0.022
3,euclidean,mean_std_3.0,normalized_union,ratio,0.0,0.8348220229814385,0.792,0.902,0.88,0.022
3,euclidean,mean_std_3.0,normalized_union,ratio,0.25,1.0601846957688592,0.822,0.902,0.886,0.016
3,euclidean,mean_std_3.0,normalized_union,ratio,0.5,1.2930051512957603,0.822,0.902,0.886,0.016
3,euclidean,mean_std_3.0,normalized_union,ratio,1.0,1.7576612302153451,0.822,0.902,0.886,0.016
3,euclidean,mean_std_3.0,normalized_union,ratio,2.0,2.6876982943891816,0.852,0.902,0.892,0.01
3,euclidean,mean_std_3.0,normalized_union,inverse_margin,0.0,0.8348220229814385,0.792,0.902,0.88,0.022
3,euclidean,mean_std_3.0,normalized_union,inverse_margin,0.25,4.517158677484965,0.862,0.902,0.894,0.008
3,euclidean,mean_std_3.0,normalized_union,inverse_margin,0.5,8.291464479796176,0.862,0.902,0.894,0.008
3,euclidean,mean_std_3.0,normalized_union,inverse_margin,1.0,15.840076084418596,0.862,0.902,0.894,0.008
3,euclidean,mean_std_3.0,normalized_union,inverse_margin,2.0,30.937299293663436,0.862,0.902,0.894,0.008
3,euclidean,mean_std_3.0,normalized_union,max_ratio,0.0,0.8348220229814385,0.792,0.902,0.88,0.022
3,euclidean,mean_std_3.0,normalized_union,max_ratio,0.25,0.8348220229814385,0.792,0.902,0.88,0.022
3,euclidean,mean_std_3.0,normalized_union,max_ratio,0.5,0.8348220229814385,0.792,0.902,0.88,0.022
3,euclidean,mean_std_3.0,normalized_union,max_ratio,1.0,0.9376853161013162,0.872,0.902,0.896,0.006
3,euclidean,mean_std_3.0,normalized_union,max_ratio,2.0,1.8753706322026324,0.872,0.902,0.896,0.006
3,euclidean,center_quantile_0.5,nearest_sphere,none,0.0,1.1409472253796602,0.742,0.902,0.87,0.032
3,euclidean,center_quantile_0.5,nearest_sphere,none,0.25,1.1409472253796602,0.742,0.902,0.87,0.032
3,euclidean,center_quantile_0.5,nearest_sphere,none,0.5,1.1409472253796602,0.742,0.902,0.87,0.032
3,euclidean,center_quantile_0.5,nearest_sphere,none,1.0,1.1409472253796602,0.742,0.902,0.87,0.032
3,euclidean,center_quantile_0.5,nearest_sphere,none,2.0,1.1409472253796602,0.742,0.902,0.87,0.032
3,euclidean,center_quantile_0.5,nearest_sphere,ratio,0.0,1.1409472253796602,0.742,0.902,0.87,0.032
3,euclidean,center_quantile_0.5,nearest_sphere,ratio,0.25,1.356704911732914,0.772,0.902,0.876,0.026
3,euclidean,center_quantile_0.5,nearest_sphere,ratio,0.5,1.5670081362445634,0.802,0.902,0.882,0.02
3,euclidean,center_quantile_0.5,nearest_sphere,ratio,1.0,2.0138178380022076,0.852,0.902,0.892,0.01
3,euclidean,center_quantile_0.5,nearest_sphere,ratio,2.0,2.944414194398078,0.872,0.902,0.896,0.006
3,euclidean,center_quantile_0.5,nearest_sphere,inverse_margin,0.0,1.1409472253796602,0.742,0.902,0.87,0.032
3,euclidean,center_quantile_0.5,nearest_sphere,inverse_margin,0.25,4.777232358552396,0.882,0.902,0.898,0.004
3,euclidean,center_quantile_0.5,nearest_sphere,inverse_margin,0.5,8.463143470160404,0.882,0.902,0.898,0.004
3,euclidean,center_quantile_0.5,nearest_sphere,inverse_margin,1.0,16.011755074782823,0.882,0.902,0.898,0.004
3,euclidean,center_quantile_0.5,nearest_sphere,inverse_margin,2.0,31.108978284027664,0.882,0.902,0.898,0.004
3,euclidean,center_quantile_0.5,nearest_sphere,max_ratio,0.0,1.1409472253796602,0.742,0.902,0.87,0.032
3,euclidean,center_quantile_0.5,nearest_sphere,max_ratio,0.25,1.1409472253796602,0.742,0.902,0.87,0.032
3,euclidean,center_quantile_0.5,nearest_sphere,max_ratio,0.5,1.1409472253796602,0.742,0.902,0.87,0.032
3,euclidean,center_quantile_0.5,nearest_sphere,max_ratio,1.0,1.1409472253796602,0.742,0.902,0.87,0.032
3,euclidean,center_quantile_0.5,nearest_sphere,max_ratio,2.0,1.8753706322026324,0.892,0.902,0.9,0.002
3,euclidean,center_quantile_0.5,normalized_union,none,0.0,1.03766721393123,0.562,0.902,0.834,0.068
3,euclidean,center_quantile_0.5,normalized_union,none,0.25,1.03766721393123,0.562,0.902,0.834,0.068
3,euclidean,center_quantile_0.5,normalized_union,none,0.5,1.03766721393123,0.562,0.902,0.834,0.068
3,euclidean,center_quantile_0.5,normalized_union,none,1.0,1.03766721393123,0.562,0.902,0.834,0.068
3,euclidean,center_quantile_0.5,normalized_union,none,2.0,1.03766721393123,0.562,0.902,0.834,0.068
3,euclidean,center_quantile_0.5,normalized_union,ratio,0.0,1.03766721393123,0.562,0.902,0.834,0.068
3,euclidean,center_quantile_0.5,normalized_union,ratio,0.25,1.2557613682833502,0.512,0.902,0.824,0.078
3,euclidean,center_quantile_0.5,normalized_union,ratio,0.5,1.4846313359216725,0.512,0.902,0.824,0.078
3,euclidean,center_quantile_0.5,normalized_union,ratio,1.0,1.930862769142135,0.492,0.902,0.82,0.082
3,euclidean,center_quantile_0.5,normalized_union,ratio,2.0,2.8685879134380183,0.522,0.902,0.826,0.076
3,euclidean,center_quantile_0.5,normalized_union,inverse_margin,0.0,1.03766721393123,0.562,0.902,0.834,0.068
3,euclidean,center_quantile_0.5,normalized_union,inverse_margin,0.25,4.688837667849193,0.522,0.902,0.826,0.076
3,euclidean,center_quantile_0.5,normalized_union,inverse_margin,0.5,8.463143470160404,0.522,0.902,0.826,0.076
3,euclidean,center_quantile_0.5,normalized_union,inverse_margin,1.0,16.011755074782823,0.522,0.902,0.826,0.076
3,euclidean,center_quantile_0.5,normalized_union,inverse_margin,2.0,31.108978284027664,0.522,0.902,0.826,0.076
3,euclidean,center_quantile_0.5,normalized_union,max_ratio,0.0,1.03766721393123,0.562,0.902,0.834,0.068
3,euclidean,center_quantile_0.5,normalized_union,max_ratio,0.25,1.03766721393123,0.562,0.902,0.834,0.068
3,euclidean,center_quantile_0.5,normalized_union,max_ratio,0.5,1.03766721393123,0.562,0.902,0.834,0.068
3,euclidean,center_quantile_0.5,normalized_union,max_ratio,1.0,1.03766721393123,0.562,0.902,0.834,0.068
3,euclidean,center_quantile_0.5,normalized_union,max_ratio,2.0,1.8753706322026324,0.532,0.902,0.828,0.074
3,euclidean,intent_quantile_0.5,nearest_sphere,none,0.0,1.2554073897287232,0.872,0.902,0.896,0.006
3,euclidean,intent_quantile_0.5,nearest_sphere,none,0.25,1.2554073897287232,0.872,0.902,0.896,0.006
3,euclidean,intent_quantile_0.5,nearest_sphere,none,0.5,1.2554073897287232,0.872,0.902,0.896,0.006
3,euclidean,intent_quantile_0.5,nearest_sphere,none,1.0,1.2554073897287232,0.872,0.902,0.896,0.006
3,euclidean,intent_quantile_0.5,nearest_sphere,none,2.0,1.2554073897287232,0.872,0.902,0.896,0.006
3,euclidean,intent_quantile_0.5,nearest_sphere,ratio,0.0,1.2554073897287232,0.872,0.902,0.896,0.006
3,euclidean,intent_quantile_0.5,nearest_sphere,ratio,0.25,1.4823552176908485,0.882,0.902,0.898,0.004
3,euclidean,intent_quantile_0.5,nearest_sphere,ratio,0.5,1.7198565525506118,0.892,0.902,0.9,0.002
3,euclidean,intent_quantile_0.5,nearest_sphere,ratio,1.0,2.202499537521506,0.892,0.902,0.9,0.002
3,euclidean,intent_quantile_0.5,nearest_sphere,ratio,2.0,3.1543284650537537,0.892,0.902,0.9,0.002
3,euclidean,intent_quantile_0.5,nearest_sphere,inverse_margin,0.0,1.2554073897287232,0.872,0.902,0.896,0.006
3,euclidean,intent_quantile_0.5,nearest_sphere,inverse_margin,0.25,5.05509863343269,0.892,0.902,0.9,0.002
3,euclidean,intent_quantile_0.5,nearest_sphere,inverse_margin,0.5,8.816994134763808,0.892,0.902,0.9,0.002
3,euclidean,intent_quantile_0.5,nearest_sphere,inverse_margin,1.0,16.340785137426042,0.892,0.902,0.9,0.002
3,euclidean,intent_quantile_0.5,nearest_sphere,inverse_margin,2.0,31.388367142750514,0.892,0.902,0.9,0.002
3,euclidean,intent_quantile_0.5,nearest_sphere,max_ratio,0.0,1.2554073897287232,0.872,0.902,0.896,0.006
3,euclidean,intent_quantile_0.5,nearest_sphere,max_ratio,0.25,1.2554073897287232,0.872,0.902,0.896,0.006
3,euclidean,intent_quantile_0.5,nearest_sphere,max_ratio,0.5,1.2554073897287232,0.872,0.902,0.896,0.006
3,euclidean,intent_quantile_0.5,nearest_sphere,max_ratio,1.0,1.2554073897287232,0.872,0.902,0.896,0.006
3,euclidean,intent_quantile_0.5,nearest_sphere,max_ratio,2.0,1.8753706322026324,0.892,0.902,0.9,0.002
3,euclidean,intent_quantile_0.5,normalized_union,none,0.0,1.2286112320610554,0.772,0.902,0.876,0.026
3,euclidean,intent_quantile_0.5,normalized_union,none,0.25,1.2286112320610554,0.772,0.902,0.876,0.026
3,euclidean,intent_quantile_0.5,normalized_union,none,0.5,1.2286112320610554,0.772,0.902,0.876,0.026
3,euclidean,intent_quantile_0.5,normalized_union,none,1.0,1.2286112320610554,0.772,0.902,0.876,0.026
3,euclidean,intent_quantile_0.5,normalized_union,none,2.0,1.2286112320610554,0.772,0.902,0.876,0.026
3,euclidean,intent_quantile_0.5,normalized_union,ratio,0.0,1.2286112320610554,0.772,0.902,0.876,0.026
3,euclidean,intent_quantile_0.5,normalized_union,ratio,0.25,1.4597429798374424,0.772,0.902,0.876,0.026
3,euclidean,intent_quantile_0.5,normalized_union,ratio,0.5,1.68886188610652,0.762,0.902,0.874,0.028
3,euclidean,intent_quantile_0.5,normalized_union,ratio,1.0,2.167035694543933,0.772,0.902,0.876,0.026
3,euclidean,intent_quantile_0.5,normalized_union,ratio,2.0,3.105109006406181,0.782,0.902,0.878,0.024
3,euclidean,intent_quantile_0.5,normalized_union,inverse_margin,0.0,1.2286112320610554,0.772,0.902,0.876,0.026
3,euclidean,intent_quantile_0.5,normalized_union,inverse_margin,0.25,5.003464012459306,0.742,0.902,0.87,0.032
3,euclidean,intent_quantile_0.5,normalized_union,inverse_margin,0.5,8.777769814770515,0.742,0.902,0.87,0.032
3,euclidean,intent_quantile_0.5,normalized_union,inverse_margin,1.0,16.326381419392938,0.742,0.902,0.87,0.032
3,euclidean,intent_quantile_0.5,normalized_union,inverse_margin,2.0,31.388367142750514,0.752,0.902,0.872,0.03
3,euclidean,intent_quantile_0.5,normalized_union,max_ratio,0.0,1.2286112320610554,0.772,0.902,0.876,0.026
3,euclidean,intent_quantile_0.5,normalized_union,max_ratio,0.25,1.2286112320610554,0.772,0.902,0.876,0.026
3,euclidean,intent_quantile_0.5,normalized_union,max_ratio,0.5,1.2286112320610554,0.772,0.902,0.876,0.026
3,euclidean,intent_quantile_0.5,normalized_union,max_ratio,1.0,1.2286112320610554,0.772,0.902,0.876,0.026
3,euclidean,intent_quantile_0.5,normalized_union,max_ratio,2.0,1.8753706322026324,0.752,0.902,0.872,0.03
3,euclidean,center_quantile_0.7,nearest_sphere,none,0.0,1.0781584974858827,0.752,0.902,0.872,0.03
3,euclidean,center_quantile_0.7,nearest_sphere,none,0.25,1.0781584974858827,0.752,0.902,0.872,0.03
3,euclidean,center_quantile_0.7,nearest_sphere,none,0.5,1.0781584974858827,0.752,0.902,0.872,0.03
3,euclidean,center_quantile_0.7,nearest_sphere,none,1.0,1.0781584974858827,0.752,0.902,0.872,0.03
3,euclidean,center_quantile_0.7,nearest_sphere,none,2.0,1.0781584974858827,0.752,0.902,0.872,0.03
3,euclidean,center_quantile_0.7,nearest_sphere,ratio,0.0,1.0781584974858827,0.752,0.902,0.872,0.03
3,euclidean,center_quantile_0.7,nearest_sphere,ratio,0.25,1.2962282487968102,0.772,0.902,0.876,0.026
3,euclidean,center_quantile_0.7,nearest_sphere,ratio,0.5,1.5147409336917539,0.822,0.902,0.886,0.016
3,euclidean,center_quantile_0.7,nearest_sphere,ratio,1.0,1.9685120669106457,0.862,0.902,0.894,0.008
3,euclidean,center_quantile_0.7,nearest_sphere,ratio,2.0,2.9063497305379125,0.872,0.902,0.896,0.006
3,euclidean,center_quantile_0.7,nearest_sphere,inverse_margin,0.0,1.0781584974858827,0.752,0.902,0.872,0.03
3,euclidean,center_quantile_0.7,nearest_sphere,inverse_margin,0.25,4.715201026365904,0.882,0.902,0.898,0.004
3,euclidean,center_quantile_0.7,nearest_sphere,inverse_margin,0.5,8.434558081957002,0.882,0.902,0.898,0.004
3,euclidean,center_quantile_0.7,nearest_sphere,inverse_margin,1.0,15.983169686579423,0.882,0.902,0.898,0.004
3,euclidean,center_quantile_0.7,nearest_sphere,inverse_margin,2.0,31.080392895824264,0.882,0.902,0.898,0.004
3,euclidean,center_quantile_0.7,nearest_sphere,max_ratio,0.0,1.0781584974858827,0.752,0.902,0.872,0.03
3,euclidean,center_quantile_0.7,nearest_sphere,max_ratio,0.25,1.0781584974858827,0.752,0.902,0.872,0.03
3,euclidean,center_quantile_0.7,nearest_sphere,max_ratio,0.5,1.0781584974858827,0.752,0.902,0.872,0.03
3,euclidean,center_quantile_0.7,nearest_sphere,max_ratio,1.0,1.0781584974858827,0.752,0.902,0.872,0.03
3,euclidean,center_quantile_0.7,nearest_sphere,max_ratio,2.0,1.8753706322026324,0.892,0.902,0.9,0.002
3,euclidean,center_quantile_0.7,normalized_union,none,0.0,0.9913638403394276,0.632,0.902,0.848,0.054
3,euclidean,center_quantile_0.7,normalized_union,none,0.25,0.9913638403394276,0.632,0.902,0.848,0.054
3,euclidean,center_quantile_0.7,normalized_union,none,0.5,0.9913638403394276,0.632,0.902,0.848,0.054
3,euclidean,center_quantile_0.7,normalized_union,none,1.0,0.9913638403394276,0.632,0.902,0.848,0.054
3,euclidean,center_quantile_0.7,normalized_union,none,2.0,0.9913638403394276,0.632,0.902,0.848,0.054
3,euclidean,center_quantile_0.7,normalized_union,ratio,0.0,0.9913638403394276,0.632,0.902,0.848,0.054
3,euclidean,center_quantile_0.7,normalized_union,ratio,0.25,1.2166784705208409,0.622,0.902,0.846,0.056
3,euclidean,center_quantile_0.7,normalized_union,ratio,0.5,1.4400535623733492,0.652,0.902,0.852,0.05
3,euclidean,center_quantile_0.7,normalized_union,ratio,1.0,1.8956384157340265,0.662,0.902,0.854,0.048
3,euclidean,center_quantile_0.7,normalized_union,ratio,2.0,2.835921425549236,0.682,0.902,0.858,0.044
3,euclidean,center_quantile_0.7,normalized_union,inverse_margin,0.0,0.9913638403394276,0.632,0.902,0.848,0.054
3,euclidean,center_quantile_0.7,normalized_union,inverse_margin,0.25,4.660252279645792,0.682,0.902,0.858,0.044
3,euclidean,center_quantile_0.7,normalized_union,inverse_margin,0.5,8.434558081957002,0.682,0.902,0.858,0.044
3,euclidean,center_quantile_0.7,normalized_union,inverse_margin,1.0,15.983169686579423,0.682,0.902,0.858,0.044
3,euclidean,center_quantile_0.7,normalized_union,inverse_margin,2.0,31.080392895824264,0.682,0.902,0.858,0.044
3,euclidean,center_quantile_0.7,normalized_union,max_ratio,0.0,0.9913638403394276,0.632,0.902,0.848,0.054
3,euclidean,center_quantile_0.7,normalized_union,max_ratio,0.25,0.9913638403394276,0.632,0.902,0.848,0.054
3,euclidean,center_quantile_0.7,normalized_union,max_ratio,0.5,0.9913638403394276,0.632,0.902,0.848,0.054
3,euclidean,center_quantile_0.7,normalized_union,max_ratio,1.0,0.9937825732941917,0.632,0.902,0.848,0.054
3,euclidean,center_quantile_0.7,normalized_union,max_ratio,2.0,1.8753706322026324,0.692,0.902,0.86,0.042
3,euclidean,intent_quantile_0.7,nearest_sphere,none,0.0,1.155088756075994,0.872,0.902,0.896,0.006
3,euclidean,intent_quantile_0.7,nearest_sphere,none,0.25,1.155088756075994,0.872,0.902,0.896,0.006
3,euclidean,intent_quantile_0.7,nearest_sphere,none,0.5,1.155088756075994,0.872,0.902,0.896,0.006
3,euclidean,intent_quantile_0.7,nearest_sphere,none,1.0,1.155088756075994,0.872,0.902,0.896,0.006
3,euclidean,intent_quantile_0.7,nearest_sphere,none,2.0,1.155088756075994,0.872,0.902,0.896,0.006
3,euclidean,intent_quantile_0.7,nearest_sphere,ratio,0.0,1.155088756075994,0.872,0.902,0.896,0.006
3,euclidean,intent_quantile_0.7,nearest_sphere,ratio,0.25,1.387119049827932,0.882,0.902,0.898,0.004
3,euclidean,intent_quantile_0.7,nearest_sphere,ratio,0.5,1.6272591524908906,0.882,0.902,0.898,0.004
3,euclidean,intent_quantile_0.7,nearest_sphere,ratio,1.0,2.0969884158436614,0.882,0.902,0.898,0.004
3,euclidean,intent_quantile_0.7,nearest_sphere,ratio,2.0,3.0638223590079052,0.892,0.902,0.9,0.002
3,euclidean,intent_quantile_0.7,nearest_sphere,inverse_margin,0.0,1.155088756075994,0.872,0.902,0.896,0.006
3,euclidean,intent_quantile_0.7,nearest_sphere,inverse_margin,0.25,4.957113711603392,0.892,0.902,0.9,0.002
3,euclidean,intent_quantile_0.7,nearest_sphere,inverse_margin,0.5,8.719009212934509,0.892,0.902,0.9,0.002
3,euclidean,intent_quantile_0.7,nearest_sphere,inverse_margin,1.0,16.242800215596745,0.892,0.902,0.9,0.002
3,euclidean,intent_quantile_0.7,nearest_sphere,inverse_margin,2.0,31.290382220921213,0.892,0.902,0.9,0.002
3,euclidean,intent_quantile_0.7,nearest_sphere,max_ratio,0.0,1.155088756075994,0.872,0.902,0.896,0.006
3,euclidean,intent_quantile_0.7,nearest_sphere,max_ratio,0.25,1.155088756075994,0.872,0.902,0.896,0.006
3,euclidean,intent_quantile_0.7,nearest_sphere,max_ratio,0.5,1.155088756075994,0.872,0.902,0.896,0.006
3,euclidean,intent_quantile_0.7,nearest_sphere,max_ratio,1.0,1.155088756075994,0.872,0.902,0.896,0.006
3,euclidean,intent_quantile_0.7,nearest_sphere,max_ratio,2.0,1.8753706322026324,0.892,0.902,0.9,0.002
3,euclidean,intent_quantile_0.7,normalized_union,none,0.0,1.1361097423555062,0.782,0.902,0.878,0.024
3,euclidean,intent_quantile_0.7,normalized_union,none,0.25,1.1361097423555062,0.782,0.902,0.878,0.024
3,euclidean,intent_quantile_0.7,normalized_union,none,0.5,1.1361097423555062,0.782,0.902,0.878,0.024
3,euclidean,intent_quantile_0.7,normalized_union,none,1.0,1.1361097423555062,0.782,0.902,0.878,0.024
3,euclidean,intent_quantile_0.7,normalized_union,none,2.0,1.1361097423555062,0.782,0.902,0.878,0.024
3,euclidean,intent_quantile_0.7,normalized_union,ratio,0.0,1.1361097423555062,0.782,0.902,0.878,0.024
3,euclidean,intent_quantile_0.7,normalized_union,ratio,0.25,1.3671057168898701,0.772,0.902,0.876,0.026
3,euclidean,intent_quantile_0.7,normalized_union,ratio,0.5,1.6031491616806577,0.792,0.902,0.88,0.022
3,euclidean,intent_quantile_0.7,normalized_union,ratio,1.0,2.0784601603092074,0.802,0.902,0.882,0.02
3,euclidean,intent_quantile_0.7,normalized_union,ratio,2.0,3.018005221849508,0.802,0.902,0.882,0.02
3,euclidean,intent_quantile_0.7,normalized_union,inverse_margin,0.0,1.1361097423555062,0.782,0.902,0.878,0.024
3,euclidean,intent_quantile_0.7,normalized_union,inverse_margin,0.25,4.893094833351737,0.762,0.902,0.874,0.028
3,euclidean,intent_quantile_0.7,normalized_union,inverse_margin,0.5,8.667400635662947,0.762,0.902,0.874,0.028
3,euclidean,intent_quantile_0.7,normalized_union,inverse_margin,1.0,16.216012240285366,0.762,0.902,0.874,0.028
3,euclidean,intent_quantile_0.7,normalized_union,inverse_margin,2.0,31.290382220921213,0.772,0.902,0.876,0.026
3,euclidean,intent_quantile_0.7,normalized_union,max_ratio,0.0,1.1361097423555062,0.782,0.902,0.878,0.024
3,euclidean,intent_quantile_0.7,normalized_union,max_ratio,0.25,1.1361097423555062,0.782,0.902,0.878,0.024
3,euclidean,intent_quantile_0.7,normalized_union,max_ratio,0.5,1.1361097423555062,0.782,0.902,0.878,0.024
3,euclidean,intent_quantile_0.7,normalized_union,max_ratio,1.0,1.1361097423555062,0.782,0.902,0.878,0.024
3,euclidean,intent_quantile_0.7,normalized_union,max_ratio,2.0,1.8753706322026324,0.772,0.902,0.876,0.026
3,euclidean,center_quantile_0.8,nearest_sphere,none,0.0,1.0483482673939637,0.772,0.902,0.876,0.026
3,euclidean,center_quantile_0.8,nearest_sphere,none,0.25,1.0483482673939637,0.772,0.902,0.876,0.026
3,euclidean,center_quantile_0.8,nearest_sphere,none,0.5,1.0483482673939637,0.772,0.902,0.876,0.026
3,euclidean,center_quantile_0.8,nearest_sphere,none,1.0,1.0483482673939637,0.772,0.902,0.876,0.026
3,euclidean,center_quantile_0.8,nearest_sphere,none,2.0,1.0483482673939637,0.772,0.902,0.876,0.026
3,euclidean,center_quantile_0.8,nearest_sphere,ratio,0.0,1.0483482673939637,0.772,0.902,0.876,0.026
3,euclidean,center_quantile_0.8,nearest_sphere,ratio,0.25,1.2627950435265893,0.812,0.902,0.884,0.018
3,euclidean,center_quantile_0.8,nearest_sphere,ratio,0.5,1.4864426071382661,0.842,0.902,0.89,0.012
3,euclidean,center_quantile_0.8,nearest_sphere,ratio,1.0,1.9293519776528039,0.872,0.902,0.896,0.006
3,euclidean,center_quantile_0.8,nearest_sphere,ratio,2.0,2.872378202073518,0.872,0.902,0.896,0.006
3,euclidean,center_quantile_0.8,nearest_sphere,inverse_margin,0.0,1.0483482673939637,0.772,0.902,0.876,0.026
3,euclidean,center_quantile_0.8,nearest_sphere,inverse_margin,0.25,4.6691888658803045,0.882,0.902,0.898,0.004
3,euclidean,center_quantile_0.8,nearest_sphere,inverse_margin,0.5,8.409928998136394,0.882,0.902,0.898,0.004
3,euclidean,center_quantile_0.8,nearest_sphere,inverse_margin,1.0,15.958540602758815,0.882,0.902,0.898,0.004
3,euclidean,center_quantile_0.8,nearest_sphere,inverse_margin,2.0,31.055763812003654,0.882,0.902,0.898,0.004
3,euclidean,center_quantile_0.8,nearest_sphere,max_ratio,0.0,1.0483482673939637,0.772,0.902,0.876,0.026
3,euclidean,center_quantile_0.8,nearest_sphere,max_ratio,0.25,1.0483482673939637,0.772,0.902,0.876,0.026
3,euclidean,center_quantile_0.8,nearest_sphere,max_ratio,0.5,1.0483482673939637,0.772,0.902,0.876,0.026
3,euclidean,center_quantile_0.8,nearest_sphere,max_ratio,1.0,1.0483482673939637,0.772,0.902,0.876,0.026
3,euclidean,center_quantile_0.8,nearest_sphere,max_ratio,2.0,1.8753706322026324,0.892,0.902,0.9,0.002
3,euclidean,center_quantile_0.8,normalized_union,none,0.0,0.9661519722665721,0.702,0.902,0.862,0.04
3,euclidean,center_quantile_0.8,normalized_union,none,0.25,0.9661519722665721,0.702,0.902,0.862,0.04
3,euclidean,center_quantile_0.8,normalized_union,none,0.5,0.9661519722665721,0.702,0.902,0.862,0.04
3,euclidean,center_quantile_0.8,normalized_union,none,1.0,0.9661519722665721,0.702,0.902,0.862,0.04
3,euclidean,center_quantile_0.8,normalized_union,none,2.0,0.9661519722665721,0.702,0.902,0.862,0.04
3,euclidean,center_quantile_0.8,normalized_union,ratio,0.0,0.9661519722665721,0.702,0.902,0.862,0.04
3,euclidean,center_quantile_0.8,normalized_union,ratio,0.25,1.1922191019232689,0.702,0.902,0.862,0.04
3,euclidean,center_quantile_0.8,normalized_union,ratio,0.5,1.4231093857865833,0.702,0.902,0.862,0.04
3,euclidean,center_quantile_0.8,normalized_union,ratio,1.0,1.8803313784908124,0.702,0.902,0.862,0.04
3,euclidean,center_quantile_0.8,normalized_union,ratio,2.0,2.809598549296201,0.732,0.902,0.868,0.034
3,euclidean,center_quantile_0.8,normalized_union,inverse_margin,0.0,0.9661519722665721,0.702,0.902,0.862,0.04
3,euclidean,center_quantile_0.8,normalized_union,inverse_margin,0.25,4.6356231958251835,0.732,0.902,0.868,0.034
3,euclidean,center_quantile_0.8,normalized_union,inverse_margin,0.5,8.409928998136394,0.732,0.902,0.868,0.034
3,euclidean,center_quantile_0.8,normalized_union,inverse_margin,1.0,15.958540602758815,0.732,0.902,0.868,0.034
3,euclidean,center_quantile_0.8,normalized_union,inverse_margin,2.0,31.055763812003654,0.732,0.902,0.868,0.034
3,euclidean,center_quantile_0.8,normalized_union,max_ratio,0.0,0.9661519722665721,0.702,0.902,0.862,0.04
3,euclidean,center_quantile_0.8,normalized_union,max_ratio,0.25,0.9661519722665721,0.702,0.902,0.862,0.04
3,euclidean,center_quantile_0.8,normalized_union,max_ratio,0.5,0.9661519722665721,0.702,0.902,0.862,0.04
3,euclidean,center_quantile_0.8,normalized_union,max_ratio,1.0,0.9754330196219513,0.702,0.902,0.862,0.04
3,euclidean,center_quantile_0.8,normalized_union,max_ratio,2.0,1.8753706322026324,0.742,0.902,0.87,0.032
3,euclidean,intent_quantile_0.8,nearest_sphere,none,0.0,1.084292235546711,0.882,0.902,0.898,0.004
3,euclidean,intent_quantile_0.8,nearest_sphere,none,0.25,1.084292235546711,0.882,0.902,0.898,0.004
3,euclidean,intent_quantile_0.8,nearest_sphere,none,0.5,1.084292235546711,0.882,0.902,0.898,0.004
3,euclidean,intent_quantile_0.8,nearest_sphere,none,1.0,1.084292235546711,0.882,0.902,0.898,0.004
3,euclidean,intent_quantile_0.8,nearest_sphere,none,2.0,1.084292235546711,0.882,0.902,0.898,0.004
3,euclidean,intent_quantile_0.8,nearest_sphere,ratio,0.0,1.084292235546711,0.882,0.902,0.898,0.004
3,euclidean,intent_quantile_0.8,nearest_sphere,ratio,0.25,1.3260831822709318,0.882,0.902,0.898,0.004
3,euclidean,intent_quantile_0.8,nearest_sphere,ratio,0.5,1.557725165854591,0.882,0.902,0.898,0.004
3,euclidean,intent_quantile_0.8,nearest_sphere,ratio,1.0,2.0395930446397488,0.882,0.902,0.898,0.004
3,euclidean,intent_quantile_0.8,nearest_sphere,ratio,2.0,3.001803484006334,0.882,0.902,0.898,0.004
3,euclidean,intent_quantile_0.8,nearest_sphere,inverse_margin,0.0,1.084292235546711,0.882,0.902,0.898,0.004
3,euclidean,intent_quantile_0.8,nearest_sphere,inverse_margin,0.25,4.897513087936535,0.892,0.902,0.9,0.002
3,euclidean,intent_quantile_0.8,nearest_sphere,inverse_margin,0.5,8.659408589267652,0.892,0.902,0.9,0.002
3,euclidean,intent_quantile_0.8,nearest_sphere,inverse_margin,1.0,16.18319959192989,0.892,0.902,0.9,0.002
3,euclidean,intent_quantile_0.8,nearest_sphere,inverse_margin,2.0,31.230781597254357,0.892,0.902,0.9,0.002
3,euclidean,intent_quantile_0.8,nearest_sphere,max_ratio,0.0,1.084292235546711,0.882,0.902,0.898,0.004
3,euclidean,intent_quantile_0.8,nearest_sphere,max_ratio,0.25,1.084292235546711,0.882,0.902,0.898,0.004
3,euclidean,intent_quantile_0.8,nearest_sphere,max_ratio,0.5,1.084292235546711,0.882,0.902,0.898,0.004
3,euclidean,intent_quantile_0.8,nearest_sphere,max_ratio,1.0,1.084292235546711,0.882,0.902,0.898,0.004
3,euclidean,intent_quantile_0.8,nearest_sphere,max_ratio,2.0,1.8753706322026324,0.892,0.902,0.9,0.002
3,euclidean,intent_quantile_0.8,normalized_union,none,0.0,1.0741334117083667,0.792,0.902,0.88,0.022
3,euclidean,intent_quantile_0.8,normalized_union,none,0.25,1.0741334117083667,0.792,0.902,0.88,0.022
3,euclidean,intent_quantile_0.8,normalized_union,none,0.5,1.0741334117083667,0.792,0.902,0.88,0.022
3,euclidean,intent_quantile_0.8,normalized_union,none,1.0,1.0741334117083667,0.792,0.902,0.88,0.022
3,euclidean,intent_quantile_0.8,normalized_union,none,2.0,1.0741334117083667,0.792,0.902,0.88,0.022
3,euclidean,intent_quantile_0.8,normalized_union,ratio,0.0,1.0741334117083667,0.792,0.902,0.88,0.022
3,euclidean,intent_quantile_0.8,normalized_union,ratio,0.25,1.3099375705806109,0.802,0.902,0.882,0.02
3,euclidean,intent_quantile_0.8,normalized_union,ratio,0.5,1.542965849097374,0.812,0.902,0.884,0.018
3,euclidean,intent_quantile_0.8,normalized_union,ratio,1.0,2.0207291300572803,0.822,0.902,0.886,0.016
3,euclidean,intent_quantile_0.8,normalized_union,ratio,2.0,2.9569716688058394,0.822,0.902,0.886,0.016
3,euclidean,intent_quantile_0.8,normalized_union,inverse_margin,0.0,1.0741334117083667,0.792,0.902,0.88,0.022
3,euclidean,intent_quantile_0.8,normalized_union,inverse_margin,0.25,4.809034867484762,0.782,0.902,0.878,0.024
3,euclidean,intent_quantile_0.8,normalized_union,inverse_margin,0.5,8.583340669795973,0.782,0.902,0.878,0.024
3,euclidean,intent_quantile_0.8,normalized_union,inverse_margin,1.0,16.131952274418392,0.782,0.902,0.878,0.024
3,euclidean,intent_quantile_0.8,normalized_union,inverse_margin,2.0,31.229175483663234,0.782,0.902,0.878,0.024
3,euclidean,intent_quantile_0.8,normalized_union,max_ratio,0.0,1.0741334117083667,0.792,0.902,0.88,0.022
3,euclidean,intent_quantile_0.8,normalized_union,max_ratio,0.25,1.0741334117083667,0.792,0.902,0.88,0.022
3,euclidean,intent_quantile_0.8,normalized_union,max_ratio,0.5,1.0741334117083667,0.792,0.902,0.88,0.022
3,euclidean,intent_quantile_0.8,normalized_union,max_ratio,1.0,1.0741334117083667,0.792,0.902,0.88,0.022
3,euclidean,intent_quantile_0.8,normalized_union,max_ratio,2.0,1.8753706322026324,0.792,0.902,0.88,0.022
3,euclidean,center_quantile_0.9,nearest_sphere,none,0.0,0.9982060470315339,0.792,0.902,0.88,0.022
3,euclidean,center_quantile_0.9,nearest_sphere,none,0.25,0.9982060470315339,0.792,0.902,0.88,0.022
3,euclidean,center_quantile_0.9,nearest_sphere,none,0.5,0.9982060470315339,0.792,0.902,0.88,0.022
3,euclidean,center_quantile_0.9,nearest_sphere,none,1.0,0.9982060470315339,0.792,0.902,0.88,0.022
3,euclidean,center_quantile_0.9,nearest_sphere,none,2.0,0.9982060470315339,0.792,0.902,0.88,0.022
3,euclidean,center_quantile_0.9,nearest_sphere,ratio,0.0,0.9982060470315339,0.792,0.902,0.88,0.022
3,euclidean,center_quantile_0.9,nearest_sphere,ratio,0.25,1.2190511235763695,0.832,0.902,0.888,0.014
3,euclidean,center_quantile_0.9,nearest_sphere,ratio,0.5,1.438348437645752,0.852,0.902,0.892,0.01
3,euclidean,center_quantile_0.9,nearest_sphere,ratio,1.0,1.8928815464985642,0.872,0.902,0.896,0.006
3,euclidean,center_quantile_0.9,nearest_sphere,ratio,2.0,2.8285223507266295,0.882,0.902,0.898,0.004
3,euclidean,center_quantile_0.9,nearest_sphere,inverse_margin,0.0,0.9982060470315339,0.792,0.902,0.88,0.022
3,euclidean,center_quantile_0.9,nearest_sphere,inverse_margin,0.25,4.620804678605213,0.882,0.902,0.898,0.004
3,euclidean,center_quantile_0.9,nearest_sphere,inverse_margin,0.5,8.375906007989592,0.882,0.902,0.898,0.004
3,euclidean,center_quantile_0.9,nearest_sphere,inverse_margin,1.0,15.924517612612012,0.882,0.902,0.898,0.004
3,euclidean,center_quantile_0.9,nearest_sphere,inverse_margin,2.0,31.021740821856852,0.882,0.902,0.898,0.004
3,euclidean,center_quantile_0.9,nearest_sphere,max_ratio,0.0,0.9982060470315339,0.792,0.902,0.88,0.022
3,euclidean,center_quantile_0.9,nearest_sphere,max_ratio,0.25,0.9982060470315339,0.792,0.902,0.88,0.022
3,euclidean,center_quantile_0.9,nearest_sphere,max_ratio,0.5,0.9982060470315339,0.792,0.902,0.88,0.022
3,euclidean,center_quantile_0.9,nearest_sphere,max_ratio,1.0,0.9989275556806514,0.792,0.902,0.88,0.022
3,euclidean,center_quantile_0.9,nearest_sphere,max_ratio,2.0,1.8753706322026324,0.892,0.902,0.9,0.002
3,euclidean,center_quantile_0.9,normalized_union,none,0.0,0.9257749430995714,0.812,0.902,0.884,0.018
3,euclidean,center_quantile_0.9,normalized_union,none,0.25,0.9257749430995714,0.812,0.902,0.884,0.018
3,euclidean,center_quantile_0.9,normalized_union,none,0.5,0.9257749430995714,0.812,0.902,0.884,0.018
3,euclidean,center_quantile_0.9,normalized_union,none,1.0,0.9257749430995714,0.812,0.902,0.884,0.018
3,euclidean,center_quantile_0.9,normalized_union,none,2.0,0.9257749430995714,0.812,0.902,0.884,0.018
3,euclidean,center_quantile_0.9,normalized_union,ratio,0.0,0.9257749430995714,0.812,0.902,0.884,0.018
3,euclidean,center_quantile_0.9,normalized_union,ratio,0.25,1.15715740272556,0.842,0.902,0.89,0.012
3,euclidean,center_quantile_0.9,normalized_union,ratio,0.5,1.3898464834423416,0.842,0.902,0.89,0.012
3,euclidean,center_quantile_0.9,normalized_union,ratio,1.0,1.8504194968651793,0.862,0.902,0.894,0.008
3,euclidean,center_quantile_0.9,normalized_union,ratio,2.0,2.780429653854808,0.872,0.902,0.896,0.006
3,euclidean,center_quantile_0.9,normalized_union,inverse_margin,0.0,0.9257749430995714,0.812,0.902,0.884,0.018
3,euclidean,center_quantile_0.9,normalized_union,inverse_margin,0.25,4.6016002056783805,0.882,0.902,0.898,0.004
3,euclidean,center_quantile_0.9,normalized_union,inverse_margin,0.5,8.375906007989592,0.882,0.902,0.898,0.004
3,euclidean,center_quantile_0.9,normalized_union,inverse_margin,1.0,15.924517612612012,0.882,0.902,0.898,0.004
3,euclidean,center_quantile_0.9,normalized_union,inverse_margin,2.0,31.021740821856852,0.882,0.902,0.898,0.004
3,euclidean,center_quantile_0.9,normalized_union,max_ratio,0.0,0.9257749430995714,0.812,0.902,0.884,0.018
3,euclidean,center_quantile_0.9,normalized_union,max_ratio,0.25,0.9257749430995714,0.812,0.902,0.884,0.018
3,euclidean,center_quantile_0.9,normalized_union,max_ratio,0.5,0.9257749430995714,0.812,0.902,0.884,0.018
3,euclidean,center_quantile_0.9,normalized_union,max_ratio,1.0,0.9490197717860898,0.872,0.902,0.896,0.006
3,euclidean,center_quantile_0.9,normalized_union,max_ratio,2.0,1.8753706322026324,0.892,0.902,0.9,0.002
3,euclidean,intent_quantile_0.9,nearest_sphere,none,0.0,1.0069727033850027,0.872,0.902,0.896,0.006
3,euclidean,intent_quantile_0.9,nearest_sphere,none,0.25,1.0069727033850027,0.872,0.902,0.896,0.006
3,euclidean,intent_quantile_0.9,nearest_sphere,none,0.5,1.0069727033850027,0.872,0.902,0.896,0.006
3,euclidean,intent_quantile_0.9,nearest_sphere,none,1.0,1.0069727033850027,0.872,0.902,0.896,0.006
3,euclidean,intent_quantile_0.9,nearest_sphere,none,2.0,1.0069727033850027,0.872,0.902,0.896,0.006
3,euclidean,intent_quantile_0.9,nearest_sphere,ratio,0.0,1.0069727033850027,0.872,0.902,0.896,0.006
3,euclidean,intent_quantile_0.9,nearest_sphere,ratio,0.25,1.2452606850827719,0.872,0.902,0.896,0.006
3,euclidean,intent_quantile_0.9,nearest_sphere,ratio,0.5,1.477154859743853,0.872,0.902,0.896,0.006
3,euclidean,intent_quantile_0.9,nearest_sphere,ratio,1.0,1.9528470703573684,0.872,0.902,0.896,0.006
3,euclidean,intent_quantile_0.9,nearest_sphere,ratio,2.0,2.886776153757807,0.882,0.902,0.898,0.004
3,euclidean,intent_quantile_0.9,nearest_sphere,inverse_margin,0.0,1.0069727033850027,0.872,0.902,0.896,0.006
3,euclidean,intent_quantile_0.9,nearest_sphere,inverse_margin,0.25,4.758354594475351,0.882,0.902,0.898,0.004
3,euclidean,intent_quantile_0.9,nearest_sphere,inverse_margin,0.5,8.532660396786563,0.882,0.902,0.898,0.004
3,euclidean,intent_quantile_0.9,nearest_sphere,inverse_margin,1.0,16.081272001408983,0.882,0.902,0.898,0.004
3,euclidean,intent_quantile_0.9,nearest_sphere,inverse_margin,2.0,31.17427013059393,0.892,0.902,0.9,0.002
3,euclidean,intent_quantile_0.9,nearest_sphere,max_ratio,0.0,1.0069727033850027,0.872,0.902,0.896,0.006
3,euclidean,intent_quantile_0.9,nearest_sphere,max_ratio,0.25,1.0069727033850027,0.872,0.902,0.896,0.006
3,euclidean,intent_quantile_0.9,nearest_sphere,max_ratio,0.5,1.0069727033850027,0.872,0.902,0.896,0.006
3,euclidean,intent_quantile_0.9,nearest_sphere,max_ratio,1.0,1.0069727033850027,0.872,0.902,0.896,0.006
3,euclidean,intent_quantile_0.9,nearest_sphere,max_ratio,2.0,1.8753706322026324,0.892,0.902,0.9,0.002
3,euclidean,intent_quantile_0.9,normalized_union,none,0.0,0.9944884506590306,0.802,0.902,0.882,0.02
3,euclidean,intent_quantile_0.9,normalized_union,none,0.25,0.9944884506590306,0.802,0.902,0.882,0.02
3,euclidean,intent_quantile_0.9,normalized_union,none,0.5,0.9944884506590306,0.802,0.902,0.882,0.02
3,euclidean,intent_quantile_0.9,normalized_union,none,1.0,0.9944884506590306,0.802,0.902,0.882,0.02
3,euclidean,intent_quantile_0.9,normalized_union,none,2.0,0.9944884506590306,0.802,0.902,0.882,0.02
3,euclidean,intent_quantile_0.9,normalized_union,ratio,0.0,0.9944884506590306,0.802,0.902,0.882,0.02
3,euclidean,intent_quantile_0.9,normalized_union,ratio,0.25,1.2358363317992596,0.802,0.902,0.882,0.02
3,euclidean,intent_quantile_0.9,normalized_union,ratio,0.5,1.468940371403937,0.822,0.902,0.886,0.016
3,euclidean,intent_quantile_0.9,normalized_union,ratio,1.0,1.9474785284978626,0.842,0.902,0.89,0.012
3,euclidean,intent_quantile_0.9,normalized_union,ratio,2.0,2.8808862196421456,0.862,0.902,0.894,0.008
3,euclidean,intent_quantile_0.9,normalized_union,inverse_margin,0.0,0.9944884506590306,0.802,0.902,0.882,0.02
3,euclidean,intent_quantile_0.9,normalized_union,inverse_margin,0.25,4.737541540033698,0.822,0.902,0.886,0.016
3,euclidean,intent_quantile_0.9,normalized_union,inverse_margin,0.5,8.51184734234491,0.822,0.902,0.886,0.016
3,euclidean,intent_quantile_0.9,normalized_union,inverse_margin,1.0,16.06045894696733,0.822,0.902,0.886,0.016
3,euclidean,intent_quantile_0.9,normalized_union,inverse_margin,2.0,31.15768215621217,0.822,0.902,0.886,0.016
3,euclidean,intent_quantile_0.9,normalized_union,max_ratio,0.0,0.9944884506590306,0.802,0.902,0.882,0.02
3,euclidean,intent_quantile_0.9,normalized_union,max_ratio,0.25,0.9944884506590306,0.802,0.902,0.882,0.02
3,euclidean,intent_quantile_0.9,normalized_union,max_ratio,0.5,0.9944884506590306,0.802,0.902,0.882,0.02
3,euclidean,intent_quantile_0.9,normalized_union,max_ratio,1.0,0.9944884506590306,0.802,0.902,0.882,0.02
3,euclidean,intent_quantile_0.9,normalized_union,max_ratio,2.0,1.8753706322026324,0.832,0.902,0.888,0.014
3,euclidean,center_quantile_0.95,nearest_sphere,none,0.0,0.9615318497021386,0.802,0.902,0.882,0.02
3,euclidean,center_quantile_0.95,nearest_sphere,none,0.25,0.9615318497021386,0.802,0.902,0.882,0.02
3,euclidean,center_quantile_0.95,nearest_sphere,none,0.5,0.9615318497021386,0.802,0.902,0.882,0.02
3,euclidean,center_quantile_0.95,nearest_sphere,none,1.0,0.9615318497021386,0.802,0.902,0.882,0.02
3,euclidean,center_quantile_0.95,nearest_sphere,none,2.0,0.9615318497021386,0.802,0.902,0.882,0.02
3,euclidean,center_quantile_0.95,nearest_sphere,ratio,0.0,0.9615318497021386,0.802,0.902,0.882,0.02
3,euclidean,center_quantile_0.95,nearest_sphere,ratio,0.25,1.1844322996801546,0.842,0.902,0.89,0.012
3,euclidean,center_quantile_0.95,nearest_sphere,ratio,0.5,1.4055103559459392,0.862,0.902,0.894,0.008
3,euclidean,center_quantile_0.95,nearest_sphere,ratio,1.0,1.8646876104239505,0.872,0.902,0.896,0.006
3,euclidean,center_quantile_0.95,nearest_sphere,ratio,2.0,2.796241746038996,0.882,0.902,0.898,0.004
3,euclidean,center_quantile_0.95,nearest_sphere,inverse_margin,0.0,0.9615318497021386,0.802,0.902,0.882,0.02
3,euclidean,center_quantile_0.95,nearest_sphere,inverse_margin,0.25,4.581356954135085,0.882,0.902,0.898,0.004
3,euclidean,center_quantile_0.95,nearest_sphere,inverse_margin,0.5,8.347765040352815,0.882,0.902,0.898,0.004
3,euclidean,center_quantile_0.95,nearest_sphere,inverse_margin,1.0,15.896376644975236,0.882,0.902,0.898,0.004
3,euclidean,center_quantile_0.95,nearest_sphere,inverse_margin,2.0,30.993599854220076,0.882,0.902,0.898,0.004
3,euclidean,center_quantile_0.95,nearest_sphere,max_ratio,0.0,0.9615318497021386,0.802,0.902,0.882,0.02
3,euclidean,center_quantile_0.95,nearest_sphere,max_ratio,0.25,0.9615318497021386,0.802,0.902,0.882,0.02
3,euclidean,center_quantile_0.95,nearest_sphere,max_ratio,0.5,0.9615318497021386,0.802,0.902,0.882,0.02
3,euclidean,center_quantile_0.95,nearest_sphere,max_ratio,1.0,0.9771064393149096,0.842,0.902,0.89,0.012
3,euclidean,center_quantile_0.95,nearest_sphere,max_ratio,2.0,1.8753706322026324,0.892,0.902,0.9,0.002
3,euclidean,center_quantile_0.95,normalized_union,none,0.0,0.9034259776814695,0.852,0.902,0.892,0.01
3,euclidean,center_quantile_0.95,normalized_union,none,0.25,0.9034259776814695,0.852,0.902,0.892,0.01
3,euclidean,center_quantile_0.95,normalized_union,none,0.5,0.9034259776814695,0.852,0.902,0.892,0.01
3,euclidean,center_quantile_0.95,normalized_union,none,1.0,0.9034259776814695,0.852,0.902,0.892,0.01
3,euclidean,center_quantile_0.95,normalized_union,none,2.0,0.9034259776814695,0.852,0.902,0.892,0.01
3,euclidean,center_quantile_0.95,normalized_union,ratio,0.0,0.9034259776814695,0.852,0.902,0.892,0.01
3,euclidean,center_quantile_0.95,normalized_union,ratio,0.25,1.1307063734927598,0.852,0.902,0.892,0.01
3,euclidean,center_quantile_0.95,normalized_union,ratio,0.5,1.3636010084421732,0.852,0.902,0.892,0.01
3,euclidean,center_quantile_0.95,normalized_union,ratio,1.0,1.8253490657338243,0.872,0.902,0.896,0.006
3,euclidean,center_quantile_0.95,normalized_union,ratio,2.0,2.7627516366533653,0.872,0.902,0.896,0.006
3,euclidean,center_quantile_0.95,normalized_union,inverse_margin,0.0,0.9034259776814695,0.852,0.902,0.892,0.01
3,euclidean,center_quantile_0.95,normalized_union,inverse_margin,0.25,4.573459238041604,0.882,0.902,0.898,0.004
3,euclidean,center_quantile_0.95,normalized_union,inverse_margin,0.5,8.347765040352815,0.882,0.902,0.898,0.004
3,euclidean,center_quantile_0.95,normalized_union,inverse_margin,1.0,15.896376644975236,0.882,0.902,0.898,0.004
3,euclidean,center_quantile_0.95,normalized_union,inverse_margin,2.0,30.993599854220076,0.882,0.902,0.898,0.004
3,euclidean,center_quantile_0.95,normalized_union,max_ratio,0.0,0.9034259776814695,0.852,0.902,0.892,0.01
3,euclidean,center_quantile_0.95,normalized_union,max_ratio,0.25,0.9034259776814695,0.852,0.902,0.892,0.01
3,euclidean,center_quantile_0.95,normalized_union,max_ratio,0.5,0.9034259776814695,0.852,0.902,0.892,0.01
3,euclidean,center_quantile_0.95,normalized_union,max_ratio,1.0,0.9444479705645638,0.862,0.902,0.894,0.008
3,euclidean,center_quantile_0.95,normalized_union,max_ratio,2.0,1.8753706322026324,0.892,0.902,0.9,0.002
3,euclidean,intent_quantile_0.95,nearest_sphere,none,0.0,0.9635166494295866,0.872,0.902,0.896,0.006
3,euclidean,intent_quantile_0.95,nearest_sphere,none,0.25,0.9635166494295866,0.872,0.902,0.896,0.006
3,euclidean,intent_quantile_0.95,nearest_sphere,none,0.5,0.9635166494295866,0.872,0.902,0.896,0.006
3,euclidean,intent_quantile_0.95,nearest_sphere,none,1.0,0.9635166494295866,0.872,0.902,0.896,0.006
3,euclidean,intent_quantile_0.95,nearest_sphere,none,2.0,0.9635166494295866,0.872,0.902,0.896,0.006
3,euclidean,intent_quantile_0.95,nearest_sphere,ratio,0.0,0.9635166494295866,0.872,0.902,0.896,0.006
3,euclidean,intent_quantile_0.95,nearest_sphere,ratio,0.25,1.1963368275157167,0.872,0.902,0.896,0.006
3,euclidean,intent_quantile_0.95,nearest_sphere,ratio,0.5,1.4279917529268904,0.872,0.902,0.896,0.006
3,euclidean,intent_quantile_0.95,nearest_sphere,ratio,1.0,1.8964296939723535,0.882,0.902,0.898,0.004
3,euclidean,intent_quantile_0.95,nearest_sphere,ratio,2.0,2.8159381342082215,0.882,0.902,0.898,0.004
3,euclidean,intent_quantile_0.95,nearest_sphere,inverse_margin,0.0,0.9635166494295866,0.872,0.902,0.896,0.006
3,euclidean,intent_quantile_0.95,nearest_sphere,inverse_margin,0.25,4.672193195297846,0.882,0.902,0.898,0.004
3,euclidean,intent_quantile_0.95,nearest_sphere,inverse_margin,0.5,8.446498997609057,0.882,0.902,0.898,0.004
3,euclidean,intent_quantile_0.95,nearest_sphere,inverse_margin,1.0,15.995110602231478,0.882,0.902,0.898,0.004
3,euclidean,intent_quantile_0.95,nearest_sphere,inverse_margin,2.0,31.09233381147632,0.882,0.902,0.898,0.004
3,euclidean,intent_quantile_0.95,nearest_sphere,max_ratio,0.0,0.9635166494295866,0.872,0.902,0.896,0.006
3,euclidean,intent_quantile_0.95,nearest_sphere,max_ratio,0.25,0.9635166494295866,0.872,0.902,0.896,0.006
3,euclidean,intent_quantile_0.95,nearest_sphere,max_ratio,0.5,0.9635166494295866,0.872,0.902,0.896,0.006
3,euclidean,intent_quantile_0.95,nearest_sphere,max_ratio,1.0,0.972611602140929,0.882,0.902,0.898,0.004
3,euclidean,intent_quantile_0.95,nearest_sphere,max_ratio,2.0,1.8753706322026324,0.892,0.902,0.9,0.002
3,euclidean,intent_quantile_0.95,normalized_union,none,0.0,0.9519739769213319,0.822,0.902,0.886,0.016
3,euclidean,intent_quantile_0.95,normalized_union,none,0.25,0.9519739769213319,0.822,0.902,0.886,0.016
3,euclidean,intent_quantile_0.95,normalized_union,none,0.5,0.9519739769213319,0.822,0.902,0.886,0.016
3,euclidean,intent_quantile_0.95,normalized_union,none,1.0,0.9519739769213319,0.822,0.902,0.886,0.016
3,euclidean,intent_quantile_0.95,normalized_union,none,2.0,0.9519739769213319,0.822,0.902,0.886,0.016
3,euclidean,intent_quantile_0.95,normalized_union,ratio,0.0,0.9519739769213319,0.822,0.902,0.886,0.016
3,euclidean,intent_quantile_0.95,normalized_union,ratio,0.25,1.193017593712739,0.832,0.902,0.888,0.014
3,euclidean,intent_quantile_0.95,normalized_union,ratio,0.5,1.4257815361384558,0.842,0.902,0.89,0.012
3,euclidean,intent_quantile_0.95,normalized_union,ratio,1.0,1.8846709533839343,0.852,0.902,0.892,0.01
3,euclidean,intent_quantile_0.95,normalized_union,ratio,2.0,2.8159381342082215,0.882,0.902,0.898,0.004
3,euclidean,intent_quantile_0.95,normalized_union,inverse_margin,0.0,0.9519739769213319,0.822,0.902,0.886,0.016
3,euclidean,intent_quantile_0.95,normalized_union,inverse_margin,0.25,4.672193195297846,0.882,0.902,0.898,0.004
3,euclidean,intent_quantile_0.95,normalized_union,inverse_margin,0.5,8.446498997609057,0.882,0.902,0.898,0.004
3,euclidean,intent_quantile_0.95,normalized_union,inverse_margin,1.0,15.995110602231478,0.882,0.902,0.898,0.004
3,euclidean,intent_quantile_0.95,normalized_union,inverse_margin,2.0,31.09233381147632,0.882,0.902,0.898,0.004
3,euclidean,intent_quantile_0.95,normalized_union,max_ratio,0.0,0.9519739769213319,0.822,0.902,0.886,0.016
3,euclidean,intent_quantile_0.95,normalized_union,max_ratio,0.25,0.9519739769213319,0.822,0.902,0.886,0.016
3,euclidean,intent_quantile_0.95,normalized_union,max_ratio,0.5,0.9519739769213319,0.822,0.902,0.886,0.016
3,euclidean,intent_quantile_0.95,normalized_union,max_ratio,1.0,0.9707265313475733,0.852,0.902,0.892,0.01
3,euclidean,intent_quantile_0.95,normalized_union,max_ratio,2.0,1.8753706322026324,0.892,0.902,0.9,0.002
3,euclidean,center_quantile_0.99,nearest_sphere,none,0.0,0.9188175447627283,0.842,0.902,0.89,0.012
3,euclidean,center_quantile_0.99,nearest_sphere,none,0.25,0.9188175447627283,0.842,0.902,0.89,0.012
3,euclidean,center_quantile_0.99,nearest_sphere,none,0.5,0.9188175447627283,0.842,0.902,0.89,0.012
3,euclidean,center_quantile_0.99,nearest_sphere,none,1.0,0.9188175447627283,0.842,0.902,0.89,0.012
3,euclidean,center_quantile_0.99,nearest_sphere,none,2.0,0.9188175447627283,0.842,0.902,0.89,0.012
3,euclidean,center_quantile_0.99,nearest_sphere,ratio,0.0,0.9188175447627283,0.842,0.902,0.89,0.012
3,euclidean,center_quantile_0.99,nearest_sphere,ratio,0.25,1.139749282924973,0.862,0.902,0.894,0.008
3,euclidean,center_quantile_0.99,nearest_sphere,ratio,0.5,1.3675479335139429,0.872,0.902,0.896,0.006
3,euclidean,center_quantile_0.99,nearest_sphere,ratio,1.0,1.8269865865234456,0.872,0.902,0.896,0.006
3,euclidean,center_quantile_0.99,nearest_sphere,ratio,2.0,2.7673260534728663,0.882,0.902,0.898,0.004
3,euclidean,center_quantile_0.99,nearest_sphere,inverse_margin,0.0,0.9188175447627283,0.842,0.902,0.89,0.012
3,euclidean,center_quantile_0.99,nearest_sphere,inverse_margin,0.25,4.564302602447155,0.882,0.902,0.898,0.004
3,euclidean,center_quantile_0.99,nearest_sphere,inverse_margin,0.5,8.338608404758364,0.882,0.902,0.898,0.004
3,euclidean,center_quantile_0.99,nearest_sphere,inverse_margin,1.0,15.887220009380785,0.882,0.902,0.898,0.004
3,euclidean,center_quantile_0.99,nearest_sphere,inverse_margin,2.0,30.98444321862563,0.882,0.902,0.898,0.004
3,euclidean,center_quantile_0.99,nearest_sphere,max_ratio,0.0,0.9188175447627283,0.842,0.902,0.89,0.012
3,euclidean,center_quantile_0.99,nearest_sphere,max_ratio,0.25,0.9188175447627283,0.842,0.902,0.89,0.012
3,euclidean,center_quantile_0.99,nearest_sphere,max_ratio,0.5,0.9188175447627283,0.842,0.902,0.89,0.012
3,euclidean,center_quantile_0.99,nearest_sphere,max_ratio,1.0,0.9511855775145515,0.862,0.902,0.894,0.008
3,euclidean,center_quantile_0.99,nearest_sphere,max_ratio,2.0,1.8753706322026324,0.892,0.902,0.9,0.002
3,euclidean,center_quantile_0.99,normalized_union,none,0.0,0.8832118533352068,0.852,0.902,0.892,0.01
3,euclidean,center_quantile_0.99,normalized_union,none,0.25,0.8832118533352068,0.852,0.902,0.892,0.01
3,euclidean,center_quantile_0.99,normalized_union,none,0.5,0.8832118533352068,0.852,0.902,0.892,0.01
3,euclidean,center_quantile_0.99,normalized_union,none,1.0,0.8832118533352068,0.852,0.902,0.892,0.01
3,euclidean,center_quantile_0.99,normalized_union,none,2.0,0.8832118533352068,0.852,0.902,0.892,0.01
3,euclidean,center_quantile_0.99,normalized_union,ratio,0.0,0.8832118533352068,0.852,0.902,0.892,0.01
3,euclidean,center_quantile_0.99,normalized_union,ratio,0.25,1.112656561957946,0.852,0.902,0.892,0.01
3,euclidean,center_quantile_0.99,normalized_union,ratio,0.5,1.3436551310217952,0.852,0.902,0.892,0.01
3,euclidean,center_quantile_0.99,normalized_union,ratio,1.0,1.8042419164453407,0.872,0.902,0.896,0.006
3,euclidean,center_quantile_0.99,normalized_union,ratio,2.0,2.7334801853913966,0.872,0.902,0.896,0.006
3,euclidean,center_quantile_0.99,normalized_union,inverse_margin,0.0,0.8832118533352068,0.852,0.902,0.892,0.01
3,euclidean,center_quantile_0.99,normalized_union,inverse_margin,0.25,4.564302602447155,0.882,0.902,0.898,0.004
3,euclidean,center_quantile_0.99,normalized_union,inverse_margin,0.5,8.338608404758364,0.882,0.902,0.898,0.004
3,euclidean,center_quantile_0.99,normalized_union,inverse_margin,1.0,15.887220009380785,0.882,0.902,0.898,0.004
3,euclidean,center_quantile_0.99,normalized_union,inverse_margin,2.0,30.98444321862563,0.882,0.902,0.898,0.004
3,euclidean,center_quantile_0.99,normalized_union,max_ratio,0.0,0.8832118533352068,0.852,0.902,0.892,0.01
3,euclidean,center_quantile_0.99,normalized_union,max_ratio,0.25,0.8832118533352068,0.852,0.902,0.892,0.01
3,euclidean,center_quantile_0.99,normalized_union,max_ratio,0.5,0.8832118533352068,0.852,0.902,0.892,0.01
3,euclidean,center_quantile_0.99,normalized_union,max_ratio,1.0,0.9381098877243129,0.882,0.902,0.898,0.004
3,euclidean,center_quantile_0.99,normalized_union,max_ratio,2.0,1.8753706322026324,0.892,0.902,0.9,0.002
3,euclidean,intent_quantile_0.99,nearest_sphere,none,0.0,0.9095928627397629,0.872,0.902,0.896,0.006
3,euclidean,intent_quantile_0.99,nearest_sphere,none,0.25,0.9095928627397629,0.872,0.902,0.896,0.006
3,euclidean,intent_quantile_0.99,nearest_sphere,none,0.5,0.9095928627397629,0.872,0.902,0.896,0.006
3,euclidean,intent_quantile_0.99,nearest_sphere,none,1.0,0.9095928627397629,0.872,0.902,0.896,0.006
3,euclidean,intent_quantile_0.99,nearest_sphere,none,2.0,0.9095928627397629,0.872,0.902,0.896,0.006
3,euclidean,intent_quantile_0.99,nearest_sphere,ratio,0.0,0.9095928627397629,0.872,0.902,0.896,0.006
3,euclidean,intent_quantile_0.99,nearest_sphere,ratio,0.25,1.1350879631291386,0.872,0.902,0.896,0.006
3,euclidean,intent_quantile_0.99,nearest_sphere,ratio,0.5,1.3683937393922272,0.872,0.902,0.896,0.006
3,euclidean,intent_quantile_0.99,nearest_sphere,ratio,1.0,1.8313235232987393,0.882,0.902,0.898,0.004
3,euclidean,intent_quantile_0.99,nearest_sphere,ratio,2.0,2.7631779701761516,0.882,0.902,0.898,0.004
3,euclidean,intent_quantile_0.99,nearest_sphere,inverse_margin,0.0,0.9095928627397629,0.872,0.902,0.896,0.006
3,euclidean,intent_quantile_0.99,nearest_sphere,inverse_margin,0.25,4.609188976236278,0.882,0.902,0.898,0.004
3,euclidean,intent_quantile_0.99,nearest_sphere,inverse_margin,0.5,8.383494778547488,0.882,0.902,0.898,0.004
3,euclidean,intent_quantile_0.99,nearest_sphere,inverse_margin,1.0,15.93210638316991,0.882,0.902,0.898,0.004
3,euclidean,intent_quantile_0.99,nearest_sphere,inverse_margin,2.0,31.02932959241475,0.882,0.902,0.898,0.004
3,euclidean,intent_quantile_0.99,nearest_sphere,max_ratio,0.0,0.9095928627397629,0.872,0.902,0.896,0.006
3,euclidean,intent_quantile_0.99,nearest_sphere,max_ratio,0.25,0.9095928627397629,0.872,0.902,0.896,0.006
3,euclidean,intent_quantile_0.99,nearest_sphere,max_ratio,0.5,0.9095928627397629,0.872,0.902,0.896,0.006
3,euclidean,intent_quantile_0.99,nearest_sphere,max_ratio,1.0,0.9478016384572722,0.882,0.902,0.898,0.004
3,euclidean,intent_quantile_0.99,nearest_sphere,max_ratio,2.0,1.8753706322026324,0.892,0.902,0.9,0.002
3,euclidean,intent_quantile_0.99,normalized_union,none,0.0,0.9062961693850606,0.842,0.902,0.89,0.012
3,euclidean,intent_quantile_0.99,normalized_union,none,0.25,0.9062961693850606,0.842,0.902,0.89,0.012
3,euclidean,intent_quantile_0.99,normalized_union,none,0.5,0.9062961693850606,0.842,0.902,0.89,0.012
3,euclidean,intent_quantile_0.99,normalized_union,none,1.0,0.9062961693850606,0.842,0.902,0.89,0.012
3,euclidean,intent_quantile_0.99,normalized_union,none,2.0,0.9062961693850606,0.842,0.902,0.89,0.012
3,euclidean,intent_quantile_0.99,normalized_union,ratio,0.0,0.9062961693850606,0.842,0.902,0.89,0.012
3,euclidean,intent_quantile_0.99,normalized_union,ratio,0.25,1.1350879631291386,0.852,0.902,0.892,0.01
3,euclidean,intent_quantile_0.99,normalized_union,ratio,0.5,1.3640269387931145,0.852,0.902,0.892,0.01
3,euclidean,intent_quantile_0.99,normalized_union,ratio,1.0,1.8310775441365525,0.872,0.902,0.896,0.006
3,euclidean,intent_quantile_0.99,normalized_union,ratio,2.0,2.7631779701761516,0.882,0.902,0.898,0.004
3,euclidean,intent_quantile_0.99,normalized_union,inverse_margin,0.0,0.9062961693850606,0.842,0.902,0.89,0.012
3,euclidean,intent_quantile_0.99,normalized_union,inverse_margin,0.25,4.609188976236278,0.882,0.902,0.898,0.004
3,euclidean,intent_quantile_0.99,normalized_union,inverse_margin,0.5,8.383494778547488,0.882,0.902,0.898,0.004
3,euclidean,intent_quantile_0.99,normalized_union,inverse_margin,1.0,15.93210638316991,0.882,0.902,0.898,0.004
3,euclidean,intent_quantile_0.99,normalized_union,inverse_margin,2.0,31.02932959241475,0.882,0.902,0.898,0.004
3,euclidean,intent_quantile_0.99,normalized_union,max_ratio,0.0,0.9062961693850606,0.842,0.902,0.89,0.012
3,euclidean,intent_quantile_0.99,normalized_union,max_ratio,0.25,0.9062961693850606,0.842,0.902,0.89,0.012
3,euclidean,intent_quantile_0.99,normalized_union,max_ratio,0.5,0.9062961693850606,0.842,0.902,0.89,0.012
3,euclidean,intent_quantile_0.99,normalized_union,max_ratio,1.0,0.9478016384572722,0.882,0.902,0.898,0.004
3,euclidean,intent_quantile_0.99,normalized_union,max_ratio,2.0,1.8753706322026324,0.892,0.902,0.9,0.002
3,mahalanobis_diag,mean_std_0.0,nearest_sphere,none,0.0,1.0370073297523692,0.732,0.902,0.868,0.034
3,mahalanobis_diag,mean_std_0.0,nearest_sphere,none,0.25,1.0370073297523692,0.732,0.902,0.868,0.034
3,mahalanobis_diag,mean_std_0.0,nearest_sphere,none,0.5,1.0370073297523692,0.732,0.902,0.868,0.034
3,mahalanobis_diag,mean_std_0.0,nearest_sphere,none,1.0,1.0370073297523692,0.732,0.902,0.868,0.034
3,mahalanobis_diag,mean_std_0.0,nearest_sphere,none,2.0,1.0370073297523692,0.732,0.902,0.868,0.034
3,mahalanobis_diag,mean_std_0.0,nearest_sphere,ratio,0.0,1.0370073297523692,0.732,0.902,0.868,0.034
3,mahalanobis_diag,mean_std_0.0,nearest_sphere,ratio,0.25,1.2780819915292885,0.722,0.902,0.866,0.036
3,mahalanobis_diag,mean_std_0.0,nearest_sphere,ratio,0.5,1.519890077248459,0.752,0.902,0.872,0.03
3,mahalanobis_diag,mean_std_0.0,nearest_sphere,ratio,1.0,2.0029686755328315,0.752,0.902,0.872,0.03
3,mahalanobis_diag,mean_std_0.0,nearest_sphere,ratio,2.0,2.967108240504176,0.782,0.902,0.878,0.024
3,mahalanobis_diag,mean_std_0.0,nearest_sphere,inverse_margin,0.0,1.0370073297523692,0.732,0.902,0.868,0.034
3,mahalanobis_diag,mean_std_0.0,nearest_sphere,inverse_margin,0.25,9.560617499039035,0.792,0.902,0.88,0.022
3,mahalanobis_diag,mean_std_0.0,nearest_sphere,inverse_margin,0.5,18.113654781187023,0.792,0.902,0.88,0.022
3,mahalanobis_diag,mean_std_0.0,nearest_sphere,inverse_margin,1.0,35.219729345482996,0.792,0.902,0.88,0.022
3,mahalanobis_diag,mean_std_0.0,nearest_sphere,inverse_margin,2.0,69.43187847407495,0.792,0.902,0.88,0.022
3,mahalanobis_diag,mean_std_0.0,nearest_sphere,max_ratio,0.0,1.0370073297523692,0.732,0.902,0.868,0.034
3,mahalanobis_diag,mean_std_0.0,nearest_sphere,max_ratio,0.25,1.0370073297523692,0.732,0.902,0.868,0.034
3,mahalanobis_diag,mean_std_0.0,nearest_sphere,max_ratio,0.5,1.0370073297523692,0.732,0.902,0.868,0.034
3,mahalanobis_diag,mean_std_0.0,nearest_sphere,max_ratio,1.0,1.0370073297523692,0.732,0.902,0.868,0.034
3,mahalanobis_diag,mean_std_0.0,nearest_sphere,max_ratio,2.0,1.9432014219667149,0.792,0.902,0.88,0.022
3,mahalanobis_diag,mean_std_0.0,normalized_union,none,0.0,1.036328543459493,0.692,0.902,0.86,0.042
3,mahalanobis_diag,mean_std_0.0,normalized_union,none,0.25,1.036328543459493,0.692,0.902,0.86,0.042
3,mahalanobis_diag,mean_std_0.0,normalized_union,none,0.5,1.036328543459493,0.692,0.902,0.86,0.042
3,mahalanobis_diag,mean_std_0.0,normalized_union,none,1.0,1.036328543459493,0.692,0.902,0.86,0.042
3,mahalanobis_diag,mean_std_0.0,normalized_union,none,2.0,1.036328543459493,0.692,0.902,0.86,0.042
3,mahalanobis_diag,mean_std_0.0,normalized_union,ratio,0.0,1.036328543459493,0.692,0.902,0.86,0.042
3,mahalanobis_diag,mean_std_0.0,normalized_union,ratio,0.25,1.2780819915292885,0.702,0.902,0.862,0.04
3,mahalanobis_diag,mean_std_0.0,normalized_union,ratio,0.5,1.519890077248459,0.712,0.902,0.864,0.038
3,mahalanobis_diag,mean_std_0.0,normalized_union,ratio,1.0,2.0008721598033548,0.722,0.902,0.866,0.036
3,mahalanobis_diag,mean_std_0.0,normalized_union,ratio,2.0,2.967108240504176,0.772,0.902,0.876,0.026
3,mahalanobis_diag,mean_std_0.0,normalized_union,inverse_margin,0.0,1.036328543459493,0.692,0.902,0.86,0.042
3,mahalanobis_diag,mean_std_0.0,normalized_union,inverse_margin,0.25,9.560617499039035,0.792,0.902,0.88,0.022
3,mahalanobis_diag,mean_std_0.0,normalized_union,inverse_margin,0.5,18.113654781187023,0.792,0.902,0.88,0.022
3,mahalanobis_diag,mean_std_0.0,normalized_union,inverse_margin,1.0,35.219729345482996,0.792,0.902,0.88,0.022
3,mahalanobis_diag,mean_std_0.0,normalized_union,inverse_margin,2.0,69.43187847407495,0.792,0.902,0.88,0.022
3,mahalanobis_diag,mean_std_0.0,normalized_union,max_ratio,0.0,1.036328543459493,0.692,0.902,0.86,0.042
3,mahalanobis_diag,mean_std_0.0,normalized_union,max_ratio,0.25,1.036328543459493,0.692,0.902,0.86,0.042
3,mahalanobis_diag,mean_std_0.0,normalized_union,max_ratio,0.5,1.036328543459493,0.692,0.902,0.86,0.042
3,mahalanobis_diag,mean_std_0.0,normalized_union,max_ratio,1.0,1.036328543459493,0.692,0.902,0.86,0.042
3,mahalanobis_diag,mean_std_0.0,normalized_union,max_ratio,2.0,1.9432014219667149,0.792,0.902,0.88,0.022
3,mahalanobis_diag,mean_std_0.25,nearest_sphere,none,0.0,1.0134897352782857,0.742,0.902,0.87,0.032
3,mahalanobis_diag,mean_std_0.25,nearest_sphere,none,0.25,1.0134897352782857,0.742,0.902,0.87,0.032
3,mahalanobis_diag,mean_std_0.25,nearest_sphere,none,0.5,1.0134897352782857,0.742,0.902,0.87,0.032
3,mahalanobis_diag,mean_std_0.25,nearest_sphere,none,1.0,1.0134897352782857,0.742,0.902,0.87,0.032
3,mahalanobis_diag,mean_std_0.25,nearest_sphere,none,2.0,1.0134897352782857,0.742,0.902,0.87,0.032
3,mahalanobis_diag,mean_std_0.25,nearest_sphere,ratio,0.0,1.0134897352782857,0.742,0.902,0.87,0.032
3,mahalanobis_diag,mean_std_0.25,nearest_sphere,ratio,0.25,1.2552871977618016,0.752,0.902,0.872,0.03
3,mahalanobis_diag,mean_std_0.25,nearest_sphere,ratio,0.5,1.4952292910487264,0.772,0.902,0.876,0.026
3,mahalanobis_diag,mean_std_0.25,nearest_sphere,ratio,1.0,1.9778993251879045,0.772,0.902,0.876,0.026
3,mahalanobis_diag,mean_std_0.25,nearest_sphere,ratio,2.0,2.946882269311625,0.792,0.902,0.88,0.022
3,mahalanobis_diag,mean_std_0.25,nearest_sphere,inverse_margin,0.0,1.0134897352782857,0.742,0.902,0.87,0.032
3,mahalanobis_diag,mean_std_0.25,nearest_sphere,inverse_margin,0.25,9.537881794670218,0.792,0.902,0.88,0.022
3,mahalanobis_diag,mean_std_0.25,nearest_sphere,inverse_margin,0.5,18.07448543011393,0.792,0.902,0.88,0.022
3,mahalanobis_diag,mean_std_0.25,nearest_sphere,inverse_margin,1.0,35.18055999440991,0.792,0.902,0.88,0.022
3,mahalanobis_diag,mean_std_0.25,nearest_sphere,inverse_margin,2.0,69.39270912300186,0.792,0.902,0.88,0.022
3,mahalanobis_diag,mean_std_0.25,nearest_sphere,max_ratio,0.0,1.0134897352782857,0.742,0.902,0.87,0.032
3,mahalanobis_diag,mean_std_0.25,nearest_sphere,max_ratio,0.25,1.0134897352782857,0.742,0.902,0.87,0.032
3,mahalanobis_diag,mean_std_0.25,nearest_sphere,max_ratio,0.5,1.0134897352782857,0.742,0.902,0.87,0.032
3,mahalanobis_diag,mean_std_0.25,nearest_sphere,max_ratio,1.0,1.0134897352782857,0.742,0.902,0.87,0.032
3,mahalanobis_diag,mean_std_0.25,nearest_sphere,max_ratio,2.0,1.9432014219667149,0.792,0.902,0.88,0.022
3,mahalanobis_diag,mean_std_0.25,normalized_union,none,0.0,1.0134897352782857,0.742,0.902,0.87,0.032
3,mahalanobis_diag,mean_std_0.25,normalized_union,none,0.25,1.0134897352782857,0.742,0.902,0.87,0.032
3,mahalanobis_diag,mean_std_0.25,normalized_union,none,0.5,1.0134897352782857,0.742,0.902,0.87,0.032
3,mahalanobis_diag,mean_std_0.25,normalized_union,none,1.0,1.0134897352782857,0.742,0.902,0.87,0.032
3,mahalanobis_diag,mean_std_0.25,normalized_union,none,2.0,1.0134897352782857,0.742,0.902,0.87,0.032
3,mahalanobis_diag,mean_std_0.25,normalized_union,ratio,0.0,1.0134897352782857,0.742,0.902,0.87,0.032
3,mahalanobis_diag,mean_std_0.25,normalized_union,ratio,0.25,1.2552871977618016,0.752,0.902,0.872,0.03
3,mahalanobis_diag,mean_std_0.25,normalized_union,ratio,0.5,1.4952292910487264,0.772,0.902,0.876,0.026
3,mahalanobis_diag,mean_std_0.25,normalized_union,ratio,1.0,1.9778993251879045,0.772,0.902,0.876,0.026
3,mahalanobis_diag,mean_std_0.25,normalized_union,ratio,2.0,2.946882269311625,0.792,0.902,0.88,0.022
3,mahalanobis_diag,mean_std_0.25,normalized_union,inverse_margin,0.0,1.0134897352782857,0.742,0.902,0.87,0.032
3,mahalanobis_diag,mean_std_0.25,normalized_union,inverse_margin,0.25,9.537881794670218,0.792,0.902,0.88,0.022
3,mahalanobis_diag,mean_std_0.25,normalized_union,inverse_margin,0.5,18.07448543011393,0.792,0.902,0.88,0.022
3,mahalanobis_diag,mean_std_0.25,normalized_union,inverse_margin,1.0,35.18055999440991,0.792,0.902,0.88,0.022
3,mahalanobis_diag,mean_std_0.25,normalized_union,inverse_margin,2.0,69.39270912300186,0.792,0.902,0.88,0.022
3,mahalanobis_diag,mean_std_0.25,normalized_union,max_ratio,0.0,1.0134897352782857,0.742,0.902,0.87,0.032
3,mahalanobis_diag,mean_std_0.25,normalized_union,max_ratio,0.25,1.0134897352782857,0.742,0.902,0.87,0.032
3,mahalanobis_diag,mean_std_0.25,normalized_union,max_ratio,0.5,1.0134897352782857,0.742,0.902,0.87,0.032
3,mahalanobis_diag,mean_std_0.25,normalized_union,max_ratio,1.0,1.0134897352782857,0.742,0.902,0.87,0.032
3,mahalanobis_diag,mean_std_0.25,normalized_union,max_ratio,2.0,1.9432014219667149,0.792,0.902,0.88,0.022
3,mahalanobis_diag,mean_std_0.5,nearest_sphere,none,0.0,0.9948286251218837,0.742,0.902,0.87,0.032
3,mahalanobis_diag,mean_std_0.5,nearest_sphere,none,0.25,0.9948286251218837,0.742,0.902,0.87,0.032
3,mahalanobis_diag,mean_std_0.5,nearest_sphere,none,0.5,0.9948286251218837,0.742,0.902,0.87,0.032
3,mahalanobis_diag,mean_std_0.5,nearest_sphere,none,1.0,0.9948286251218837,0.742,0.902,0.87,0.032
3,mahalanobis_diag,mean_std_0.5,nearest_sphere,none,2.0,0.9948286251218837,0.742,0.902,0.87,0.032
3,mahalanobis_diag,mean_std_0.5,nearest_sphere,ratio,0.0,0.9948286251218837,0.742,0.902,0.87,0.032
3,mahalanobis_diag,mean_std_0.5,nearest_sphere,ratio,0.25,1.2353577308756254,0.762,0.902,0.874,0.028
3,mahalanobis_diag,mean_std_0.5,nearest_sphere,ratio,0.5,1.4747861863916767,0.772,0.902,0.876,0.026
3,mahalanobis_diag,mean_std_0.5,nearest_sphere,ratio,1.0,1.955420666835486,0.792,0.902,0.88,0.022
3,mahalanobis_diag,mean_std_0.5,nearest_sphere,ratio,2.0,2.921128475627691,0.792,0.902,0.88,0.022
3,mahalanobis_diag,mean_std_0.5,nearest_sphere,inverse_margin,0.0,0.9948286251218837,0.742,0.902,0.87,0.032
3,mahalanobis_diag,mean_std_0.5,nearest_sphere,inverse_margin,0.25,9.52196437089173,0.792,0.902,0.88,0.022
3,mahalanobis_diag,mean_std_0.5,nearest_sphere,inverse_margin,0.5,18.05512563376522,0.792,0.902,0.88,0.022
3,mahalanobis_diag,mean_std_0.5,nearest_sphere,inverse_margin,1.0,35.14432207624196,0.792,0.902,0.88,0.022
3,mahalanobis_diag,mean_std_0.5,nearest_sphere,inverse_margin,2.0,69.35647120483391,0.792,0.902,0.88,0.022
3,mahalanobis_diag,mean_std_0.5,nearest_sphere,max_ratio,0.0,0.9948286251218837,0.742,0.902,0.87,0.032
3,mahalanobis_diag,mean_std_0.5,nearest_sphere,max_ratio,0.25,0.9948286251218837,0.742,0.902,0.87,0.032
3,mahalanobis_diag,mean_std_0.5,nearest_sphere,max_ratio,0.5,0.9948286251218837,0.742,0.902,0.87,0.032
3,mahalanobis_diag,mean_std_0.5,nearest_sphere,max_ratio,1.0,0.9964501867362779,0.772,0.902,0.876,0.026
3,mahalanobis_diag,mean_std_0.5,nearest_sphere,max_ratio,2.0,1.9432014219667149,0.792,0.902,0.88,0.022
3,mahalanobis_diag,mean_std_0.5,normalized_union,none,0.0,0.9948286251218837,0.752,0.902,0.872,0.03
3,mahalanobis_diag,mean_std_0.5,normalized_union,none,0.25,0.9948286251218837,0.752,0.902,0.872,0.03
3,mahalanobis_diag,mean_std_0.5,normalized_union,none,0.5,0.9948286251218837,0.752,0.902,0.872,0.03
3,mahalanobis_diag,mean_std_0.5,normalized_union,none,1.0,0.9948286251218837,0.752,0.902,0.872,0.03
3,mahalanobis_diag,mean_std_0.5,normalized_union,none,2.0,0.9948286251218837,0.752,0.902,0.872,0.03
3,mahalanobis_diag,mean_std_0.5,normalized_union,ratio,0.0,0.9948286251218837,0.752,0.902,0.872,0.03
3,mahalanobis_diag,mean_std_0.5,normalized_union,ratio,0.25,1.2353577308756254,0.772,0.902,0.876,0.026
3,mahalanobis_diag,mean_std_0.5,normalized_union,ratio,0.5,1.4747861863916767,0.782,0.902,0.878,0.024
3,mahalanobis_diag,mean_std_0.5,normalized_union,ratio,1.0,1.955420666835486,0.802,0.902,0.882,0.02
3,mahalanobis_diag,mean_std_0.5,normalized_union,ratio,2.0,2.921128475627691,0.802,0.902,0.882,0.02
3,mahalanobis_diag,mean_std_0.5,normalized_union,inverse_margin,0.0,0.9948286251218837,0.752,0.902,0.872,0.03
3,mahalanobis_diag,mean_std_0.5,normalized_union,inverse_margin,0.25,9.52196437089173,0.802,0.902,0.882,0.02
3,mahalanobis_diag,mean_std_0.5,normalized_union,inverse_margin,0.5,18.05512563376522,0.802,0.902,0.882,0.02
3,mahalanobis_diag,mean_std_0.5,normalized_union,inverse_margin,1.0,35.14432207624196,0.802,0.902,0.882,0.02
3,mahalanobis_diag,mean_std_0.5,normalized_union,inverse_margin,2.0,69.35647120483391,0.802,0.902,0.882,0.02
3,mahalanobis_diag,mean_std_0.5,normalized_union,max_ratio,0.0,0.9948286251218837,0.752,0.902,0.872,0.03
3,mahalanobis_diag,mean_std_0.5,normalized_union,max_ratio,0.25,0.9948286251218837,0.752,0.902,0.872,0.03
3,mahalanobis_diag,mean_std_0.5,normalized_union,max_ratio,0.5,0.9948286251218837,0.752,0.902,0.872,0.03
3,mahalanobis_diag,mean_std_0.5,normalized_union,max_ratio,1.0,0.9964501867362779,0.782,0.902,0.878,0.024
3,mahalanobis_diag,mean_std_0.5,normalized_union,max_ratio,2.0,1.9432014219667149,0.802,0.902,0.882,0.02
3,mahalanobis_diag,mean_std_0.75,nearest_sphere,none,0.0,0.9759162413358937,0.742,0.902,0.87,0.032
3,mahalanobis_diag,mean_std_0.75,nearest_sphere,none,0.25,0.9759162413358937,0.742,0.902,0.87,0.032
3,mahalanobis_diag,mean_std_0.75,nearest_sphere,none,0.5,0.9759162413358937,0.742,0.902,0.87,0.032
3,mahalanobis_diag,mean_std_0.75,nearest_sphere,none,1.0,0.9759162413358937,0.742,0.902,0.87,0.032
3,mahalanobis_diag,mean_std_0.75,nearest_sphere,none,2.0,0.9759162413358937,0.742,0.902,0.87,0.032
3,mahalanobis_diag,mean_std_0.75,nearest_sphere,ratio,0.0,0.9759162413358937,0.742,0.902,0.87,0.032
3,mahalanobis_diag,mean_std_0.75,nearest_sphere,ratio,0.25,1.2177010233590175,0.752,0.902,0.872,0.03
3,mahalanobis_diag,mean_std_0.75,nearest_sphere,ratio,0.5,1.4591503887581811,0.782,0.902,0.878,0.024
3,mahalanobis_diag,mean_std_0.75,nearest_sphere,ratio,1.0,1.9389022083216492,0.792,0.902,0.88,0.022
3,mahalanobis_diag,mean_std_0.75,nearest_sphere,ratio,2.0,2.898813605965781,0.792,0.902,0.88,0.022
3,mahalanobis_diag,mean_std_0.75,nearest_sphere,inverse_margin,0.0,0.9759162413358937,0.742,0.902,0.87,0.032
3,mahalanobis_diag,mean_std_0.75,nearest_sphere,inverse_margin,0.25,9.506543429491465,0.792,0.902,0.88,0.022
3,mahalanobis_diag,mean_std_0.75,nearest_sphere,inverse_margin,0.5,18.039704692364953,0.792,0.902,0.88,0.022
3,mahalanobis_diag,mean_std_0.75,nearest_sphere,inverse_margin,1.0,35.110698378554005,0.792,0.902,0.88,0.022
3,mahalanobis_diag,mean_std_0.75,nearest_sphere,inverse_margin,2.0,69.32284750714595,0.792,0.902,0.88,0.022
3,mahalanobis_diag,mean_std_0.75,nearest_sphere,max_ratio,0.0,0.9759162413358937,0.742,0.902,0.87,0.032
3,mahalanobis_diag,mean_std_0.75,nearest_sphere,max_ratio,0.25,0.9759162413358937,0.742,0.902,0.87,0.032
3,mahalanobis_diag,mean_std_0.75,nearest_sphere,max_ratio,0.5,0.9759162413358937,0.742,0.902,0.87,0.032
3,mahalanobis_diag,mean_std_0.75,nearest_sphere,max_ratio,1.0,0.9897246304354903,0.762,0.902,0.874,0.028
3,mahalanobis_diag,mean_std_0.75,nearest_sphere,max_ratio,2.0,1.9432014219667149,0.792,0.902,0.88,0.022
3,mahalanobis_diag,mean_std_0.75,normalized_union,none,0.0,0.974330937448363,0.742,0.902,0.87,0.032
3,mahalanobis_diag,mean_std_0.75,normalized_union,none,0.25,0.974330937448363,0.742,0.902,0.87,0.032
3,mahalanobis_diag,mean_std_0.75,normalized_union,none,0.5,0.974330937448363,0.742,0.902,0.87,0.032
3,mahalanobis_diag,mean_std_0.75,normalized_union,none,1.0,0.974330937448363,0.742,0.902,0.87,0.032
3,mahalanobis_diag,mean_std_0.75,normalized_union,none,2.0,0.974330937448363,0.742,0.902,0.87,0.032
3,mahalanobis_diag,mean_std_0.75,normalized_union,ratio,0.0,0.974330937448363,0.742,0.902,0.87,0.032
3,mahalanobis_diag,mean_std_0.75,normalized_union,ratio,0.25,1.216820931077341,0.762,0.902,0.874,0.028
3,mahalanobis_diag,mean_std_0.75,normalized_union,ratio,0.5,1.4589444175857171,0.802,0.902,0.882,0.02
3,mahalanobis_diag,mean_std_0.75,normalized_union,ratio,1.0,1.9324495918923885,0.802,0.902,0.882,0.02
3,mahalanobis_diag,mean_std_0.75,normalized_union,ratio,2.0,2.897174585505427,0.802,0.902,0.882,0.02
3,mahalanobis_diag,mean_std_0.75,normalized_union,inverse_margin,0.0,0.974330937448363,0.742,0.902,0.87,0.032
3,mahalanobis_diag,mean_std_0.75,normalized_union,inverse_margin,0.25,9.506543429491465,0.802,0.902,0.882,0.02
3,mahalanobis_diag,mean_std_0.75,normalized_union,inverse_margin,0.5,18.039704692364953,0.802,0.902,0.882,0.02
3,mahalanobis_diag,mean_std_0.75,normalized_union,inverse_margin,1.0,35.110698378554005,0.802,0.902,0.882,0.02
3,mahalanobis_diag,mean_std_0.75,normalized_union,inverse_margin,2.0,69.32284750714595,0.802,0.902,0.882,0.02
3,mahalanobis_diag,mean_std_0.75,normalized_union,max_ratio,0.0,0.974330937448363,0.742,0.902,0.87,0.032
3,mahalanobis_diag,mean_std_0.75,normalized_union,max_ratio,0.25,0.974330937448363,0.742,0.902,0.87,0.032
3,mahalanobis_diag,mean_std_0.75,normalized_union,max_ratio,0.5,0.974330937448363,0.742,0.902,0.87,0.032
3,mahalanobis_diag,mean_std_0.75,normalized_union,max_ratio,1.0,0.9897246304354903,0.792,0.902,0.88,0.022
3,mahalanobis_diag,mean_std_0.75,normalized_union,max_ratio,2.0,1.9432014219667149,0.802,0.902,0.882,0.02
3,mahalanobis_diag,mean_std_1.0,nearest_sphere,none,0.0,0.9584272148603559,0.752,0.902,0.872,0.03
3,mahalanobis_diag,mean_std_1.0,nearest_sphere,none,0.25,0.9584272148603559,0.752,0.902,0.872,0.03
3,mahalanobis_diag,mean_std_1.0,nearest_sphere,none,0.5,0.9584272148603559,0.752,0.902,0.872,0.03
3,mahalanobis_diag,mean_std_1.0,nearest_sphere,none,1.0,0.9584272148603559,0.752,0.902,0.872,0.03
3,mahalanobis_diag,mean_std_1.0,nearest_sphere,none,2.0,0.9584272148603559,0.752,0.902,0.872,0.03
3,mahalanobis_diag,mean_std_1.0,nearest_sphere,ratio,0.0,0.9584272148603559,0.752,0.902,0.872,0.03
3,mahalanobis_diag,mean_std_1.0,nearest_sphere,ratio,0.25,1.2003547983636311,0.752,0.902,0.872,0.03
3,mahalanobis_diag,mean_std_1.0,nearest_sphere,ratio,0.5,1.4419118716348676,0.802,0.902,0.882,0.02
3,mahalanobis_diag,mean_std_1.0,nearest_sphere,ratio,1.0,1.9143527793944934,0.792,0.902,0.88,0.022
3,mahalanobis_diag,mean_std_1.0,nearest_sphere,ratio,2.0,2.881723878503944,0.792,0.902,0.88,0.022
3,mahalanobis_diag,mean_std_1.0,nearest_sphere,inverse_margin,0.0,0.9584272148603559,0.752,0.902,0.872,0.03
3,mahalanobis_diag,mean_std_1.0,nearest_sphere,inverse_margin,0.25,9.49159609840517,0.792,0.902,0.88,0.022
3,mahalanobis_diag,mean_std_1.0,nearest_sphere,inverse_margin,0.5,18.024757361278656,0.792,0.902,0.88,0.022
3,mahalanobis_diag,mean_std_1.0,nearest_sphere,inverse_margin,1.0,35.09107988702563,0.792,0.902,0.88,0.022
3,mahalanobis_diag,mean_std_1.0,nearest_sphere,inverse_margin,2.0,69.29156499184182,0.792,0.902,0.88,0.022
3,mahalanobis_diag,mean_std_1.0,nearest_sphere,max_ratio,0.0,0.9584272148603559,0.752,0.902,0.872,0.03
3,mahalanobis_diag,mean_std_1.0,nearest_sphere,max_ratio,0.25,0.9584272148603559,0.752,0.902,0.872,0.03
3,mahalanobis_diag,mean_std_1.0,nearest_sphere,max_ratio,0.5,0.9584272148603559,0.752,0.902,0.872,0.03
3,mahalanobis_diag,mean_std_1.0,nearest_sphere,max_ratio,1.0,0.9847564671179658,0.772,0.902,0.876,0.026
3,mahalanobis_diag,mean_std_1.0,nearest_sphere,max_ratio,2.0,1.9432014219667149,0.792,0.902,0.88,0.022
3,mahalanobis_diag,mean_std_1.0,normalized_union,none,0.0,0.958155213349375,0.752,0.902,0.872,0.03
3,mahalanobis_diag,mean_std_1.0,normalized_union,none,0.25,0.958155213349375,0.752,0.902,0.872,0.03
3,mahalanobis_diag,mean_std_1.0,normalized_union,none,0.5,0.958155213349375,0.752,0.902,0.872,0.03
3,mahalanobis_diag,mean_std_1.0,normalized_union,none,1.0,0.958155213349375,0.752,0.902,0.872,0.03
3,mahalanobis_diag,mean_std_1.0,normalized_union,none,2.0,0.958155213349375,0.752,0.902,0.872,0.03
3,mahalanobis_diag,mean_std_1.0,normalized_union,ratio,0.0,0.958155213349375,0.752,0.902,0.872,0.03
3,mahalanobis_diag,mean_std_1.0,normalized_union,ratio,0.25,1.2000720904105648,0.772,0.902,0.876,0.026
3,mahalanobis_diag,mean_std_1.0,normalized_union,ratio,0.5,1.4403701353544516,0.812,0.902,0.884,0.018
3,mahalanobis_diag,mean_std_1.0,normalized_union,ratio,1.0,1.912934215580668,0.802,0.902,0.882,0.02
3,mahalanobis_diag,mean_std_1.0,normalized_union,ratio,2.0,2.8716666633087935,0.812,0.902,0.884,0.018
3,mahalanobis_diag,mean_std_1.0,normalized_union,inverse_margin,0.0,0.958155213349375,0.752,0.902,0.872,0.03
3,mahalanobis_diag,mean_std_1.0,normalized_union,inverse_margin,0.25,9.49159609840517,0.802,0.902,0.882,0.02
3,mahalanobis_diag,mean_std_1.0,normalized_union,inverse_margin,0.5,18.024757361278656,0.802,0.902,0.882,0.02
3,mahalanobis_diag,mean_std_1.0,normalized_union,inverse_margin,1.0,35.09107988702563,0.802,0.902,0.882,0.02
3,mahalanobis_diag,mean_std_1.0,normalized_union,inverse_margin,2.0,69.29156499184182,0.802,0.902,0.882,0.02
3,mahalanobis_diag,mean_std_1.0,normalized_union,max_ratio,0.0,0.958155213349375,0.752,0.902,0.872,0.03
3,mahalanobis_diag,mean_std_1.0,normalized_union,max_ratio,0.25,0.958155213349375,0.752,0.902,0.872,0.03
3,mahalanobis_diag,mean_std_1.0,normalized_union,max_ratio,0.5,0.958155213349375,0.752,0.902,0.872,0.03
3,mahalanobis_diag,mean_std_1.0,normalized_union,max_ratio,1.0,0.9847564671179658,0.802,0.902,0.882,0.02
3,mahalanobis_diag,mean_std_1.0,normalized_union,max_ratio,2.0,1.9432014219667149,0.802,0.902,0.882,0.02
3,mahalanobis_diag,mean_std_1.5,nearest_sphere,none,0.0,0.9278485730816394,0.752,0.902,0.872,0.03
3,mahalanobis_diag,mean_std_1.5,nearest_sphere,none,0.25,0.9278485730816394,0.752,0.902,0.872,0.03
3,mahalanobis_diag,mean_std_1.5,nearest_sphere,none,0.5,0.9278485730816394,0.752,0.902,0.872,0.03
3,mahalanobis_diag,mean_std_1.5,nearest_sphere,none,1.0,0.9278485730816394,0.752,0.902,0.872,0.03
3,mahalanobis_diag,mean_std_1.5,nearest_sphere,none,2.0,0.9278485730816394,0.752,0.902,0.872,0.03
3,mahalanobis_diag,mean_std_1.5,nearest_sphere,ratio,0.0,0.9278485730816394,0.752,0.902,0.872,0.03
3,mahalanobis_diag,mean_std_1.5,nearest_sphere,ratio,0.25,1.1705192882361701,0.752,0.902,0.872,0.03
3,mahalanobis_diag,mean_std_1.5,nearest_sphere,ratio,0.5,1.4108025418221288,0.792,0.902,0.88,0.022
3,mahalanobis_diag,mean_std_1.5,nearest_sphere,ratio,1.0,1.8800796727155695,0.792,0.902,0.88,0.022
3,mahalanobis_diag,mean_std_1.5,nearest_sphere,ratio,2.0,2.8374323866621625,0.802,0.902,0.882,0.02
3,mahalanobis_diag,mean_std_1.5,nearest_sphere,inverse_margin,0.0,0.9278485730816394,0.752,0.902,0.872,0.03
3,mahalanobis_diag,mean_std_1.5,nearest_sphere,inverse_margin,0.25,9.463037594111592,0.792,0.902,0.88,0.022
3,mahalanobis_diag,mean_std_1.5,nearest_sphere,inverse_margin,0.5,17.996198856985078,0.792,0.902,0.88,0.022
3,mahalanobis_diag,mean_std_1.5,nearest_sphere,inverse_margin,1.0,35.06252138273205,0.792,0.902,0.88,0.022
3,mahalanobis_diag,mean_std_1.5,nearest_sphere,inverse_margin,2.0,69.23510909383228,0.792,0.902,0.88,0.022
3,mahalanobis_diag,mean_std_1.5,nearest_sphere,max_ratio,0.0,0.9278485730816394,0.752,0.902,0.872,0.03
3,mahalanobis_diag,mean_std_1.5,nearest_sphere,max_ratio,0.25,0.9278485730816394,0.752,0.902,0.872,0.03
3,mahalanobis_diag,mean_std_1.5,nearest_sphere,max_ratio,0.5,0.9278485730816394,0.752,0.902,0.872,0.03
3,mahalanobis_diag,mean_std_1.5,nearest_sphere,max_ratio,1.0,0.9771317588953123,0.772,0.902,0.876,0.026
3,mahalanobis_diag,mean_std_1.5,nearest_sphere,max_ratio,2.0,1.9432014219667149,0.792,0.902,0.88,0.022
3,mahalanobis_diag,mean_std_1.5,normalized_union,none,0.0,0.924432764990851,0.772,0.902,0.876,0.026
3,mahalanobis_diag,mean_std_1.5,normalized_union,none,0.25,0.924432764990851,0.772,0.902,0.876,0.026
3,mahalanobis_diag,mean_std_1.5,normalized_union,none,0.5,0.924432764990851,0.772,0.902,0.876,0.026
3,mahalanobis_diag,mean_std_1.5,normalized_union,none,1.0,0.924432764990851,0.772,0.902,0.876,0.026
3,mahalanobis_diag,mean_std_1.5,normalized_union,none,2.0,0.924432764990851,0.772,0.902,0.876,0.026
3,mahalanobis_diag,mean_std_1.5,normalized_union,ratio,0.0,0.924432764990851,0.772,0.902,0.876,0.026
3,mahalanobis_diag,mean_std_1.5,normalized_union,ratio,0.25,1.1663077873608607,0.792,0.902,0.88,0.022
3,mahalanobis_diag,mean_std_1.5,normalized_union,ratio,0.5,1.4044044874075248,0.812,0.902,0.884,0.018
3,mahalanobis_diag,mean_std_1.5,normalized_union,ratio,1.0,1.8787271096435187,0.812,0.902,0.884,0.018
3,mahalanobis_diag,mean_std_1.5,normalized_union,ratio,2.0,2.834137693597863,0.822,0.902,0.886,0.016
3,mahalanobis_diag,mean_std_1.5,normalized_union,inverse_margin,0.0,0.924432764990851,0.772,0.902,0.876,0.026
3,mahalanobis_diag,mean_std_1.5,normalized_union,inverse_margin,0.25,9.450203403349828,0.822,0.902,0.886,0.016
3,mahalanobis_diag,mean_std_1.5,normalized_union,inverse_margin,0.5,17.983364666223313,0.822,0.902,0.886,0.016
3,mahalanobis_diag,mean_std_1.5,normalized_union,inverse_margin,1.0,35.049687191970285,0.822,0.902,0.886,0.016
3,mahalanobis_diag,mean_std_1.5,normalized_union,inverse_margin,2.0,69.23510909383228,0.822,0.902,0.886,0.016
3,mahalanobis_diag,mean_std_1.5,normalized_union,max_ratio,0.0,0.924432764990851,0.772,0.902,0.876,0.026
3,mahalanobis_diag,mean_std_1.5,normalized_union,max_ratio,0.25,0.924432764990851,0.772,0.902,0.876,0.026
3,mahalanobis_diag,mean_std_1.5,normalized_union,max_ratio,0.5,0.924432764990851,0.772,0.902,0.876,0.026
3,mahalanobis_diag,mean_std_1.5,normalized_union,max_ratio,1.0,0.9771317588953123,0.822,0.902,0.886,0.016
3,mahalanobis_diag,mean_std_1.5,normalized_union,max_ratio,2.0,1.9432014219667149,0.822,0.902,0.886,0.016
3,mahalanobis_diag,mean_std_2.0,nearest_sphere,none,0.0,0.8999329830695707,0.752,0.902,0.872,0.03
3,mahalanobis_diag,mean_std_2.0,nearest_sphere,none,0.25,0.8999329830695707,0.752,0.902,0.872,0.03
3,mahalanobis_diag,mean_std_2.0,nearest_sphere,none,0.5,0.8999329830695707,0.752,0.902,0.872,0.03
3,mahalanobis_diag,mean_std_2.0,nearest_sphere,none,1.0,0.8999329830695707,0.752,0.902,0.872,0.03
3,mahalanobis_diag,mean_std_2.0,nearest_sphere,none,2.0,0.8999329830695707,0.752,0.902,0.872,0.03
3,mahalanobis_diag,mean_std_2.0,nearest_sphere,ratio,0.0,0.8999329830695707,0.752,0.902,0.872,0.03
3,mahalanobis_diag,mean_std_2.0,nearest_sphere,ratio,0.25,1.139692486494539,0.762,0.902,0.874,0.028
3,mahalanobis_diag,mean_std_2.0,nearest_sphere,ratio,0.5,1.380370088028807,0.792,0.902,0.88,0.022
3,mahalanobis_diag,mean_std_2.0,nearest_sphere,ratio,1.0,1.8517119864304754,0.792,0.902,0.88,0.022
3,mahalanobis_diag,mean_std_2.0,nearest_sphere,ratio,2.0,2.8079274466643747,0.802,0.902,0.882,0.02
3,mahalanobis_diag,mean_std_2.0,nearest_sphere,inverse_margin,0.0,0.8999329830695707,0.752,0.902,0.872,0.03
3,mahalanobis_diag,mean_std_2.0,nearest_sphere,inverse_margin,0.25,9.4361317618971,0.792,0.902,0.88,0.022
3,mahalanobis_diag,mean_std_2.0,nearest_sphere,inverse_margin,0.5,17.969293024770586,0.792,0.902,0.88,0.022
3,mahalanobis_diag,mean_std_2.0,nearest_sphere,inverse_margin,1.0,35.035615550517555,0.792,0.902,0.88,0.022
3,mahalanobis_diag,mean_std_2.0,nearest_sphere,inverse_margin,2.0,69.18555411674281,0.792,0.902,0.88,0.022
3,mahalanobis_diag,mean_std_2.0,nearest_sphere,max_ratio,0.0,0.8999329830695707,0.752,0.902,0.872,0.03
3,mahalanobis_diag,mean_std_2.0,nearest_sphere,max_ratio,0.25,0.8999329830695707,0.752,0.902,0.872,0.03
3,mahalanobis_diag,mean_std_2.0,nearest_sphere,max_ratio,0.5,0.8999329830695707,0.752,0.902,0.872,0.03
3,mahalanobis_diag,mean_std_2.0,nearest_sphere,max_ratio,1.0,0.9717918231004614,0.792,0.902,0.88,0.022
3,mahalanobis_diag,mean_std_2.0,nearest_sphere,max_ratio,2.0,1.9432014219667149,0.792,0.902,0.88,0.022
3,mahalanobis_diag,mean_std_2.0,normalized_union,none,0.0,0.8928483517341251,0.782,0.902,0.878,0.024
3,mahalanobis_diag,mean_std_2.0,normalized_union,none,0.25,0.8928483517341251,0.782,0.902,0.878,0.024
3,mahalanobis_diag,mean_std_2.0,normalized_union,none,0.5,0.8928483517341251,0.782,0.902,0.878,0.024
3,mahalanobis_diag,mean_std_2.0,normalized_union,none,1.0,0.8928483517341251,0.782,0.902,0.878,0.024
3,mahalanobis_diag,mean_std_2.0,normalized_union,none,2.0,0.8928483517341251,0.782,0.902,0.878,0.024
3,mahalanobis_diag,mean_std_2.0,normalized_union,ratio,0.0,0.8928483517341251,0.782,0.902,0.878,0.024
3,mahalanobis_diag,mean_std_2.0,normalized_union,ratio,0.25,1.1336369298271065,0.812,0.902,0.884,0.018
3,mahalanobis_diag,mean_std_2.0,normalized_union,ratio,0.5,1.3753991709984554,0.822,0.902,0.886,0.016
3,mahalanobis_diag,mean_std_2.0,normalized_union,ratio,1.0,1.841488104684946,0.832,0.902,0.888,0.014
3,mahalanobis_diag,mean_std_2.0,normalized_union,ratio,2.0,2.8004189416627936,0.852,0.902,0.892,0.01
3,mahalanobis_diag,mean_std_2.0,normalized_union,inverse_margin,0.0,0.8928483517341251,0.782,0.902,0.878,0.024
3,mahalanobis_diag,mean_std_2.0,normalized_union,inverse_margin,0.25,9.394155802346821,0.852,0.902,0.892,0.01
3,mahalanobis_diag,mean_std_2.0,normalized_union,inverse_margin,0.5,17.927317065220308,0.852,0.902,0.892,0.01
3,mahalanobis_diag,mean_std_2.0,normalized_union,inverse_margin,1.0,34.99363959096728,0.852,0.902,0.892,0.01
3,mahalanobis_diag,mean_std_2.0,normalized_union,inverse_margin,2.0,69.18555411674281,0.852,0.902,0.892,0.01
3,mahalanobis_diag,mean_std_2.0,normalized_union,max_ratio,0.0,0.8928483517341251,0.782,0.902,0.878,0.024
3,mahalanobis_diag,mean_std_2.0,normalized_union,max_ratio,0.25,0.8928483517341251,0.782,0.902,0.878,0.024
3,mahalanobis_diag,mean_std_2.0,normalized_union,max_ratio,0.5,0.8928483517341251,0.782,0.902,0.878,0.024
3,mahalanobis_diag,mean_std_2.0,normalized_union,max_ratio,1.0,0.9717918231004614,0.852,0.902,0.892,0.01
3,mahalanobis_diag,mean_std_2.0,normalized_union,max_ratio,2.0,1.9432014219667149,0.852,0.902,0.892,0.01
3,mahalanobis_diag,mean_std_3.0,nearest_sphere,none,0.0,0.8480538504062718,0.752,0.902,0.872,0.03
3,mahalanobis_diag,mean_std_3.0,nearest_sphere,none,0.25,0.8480538504062718,0.752,0.902,0.872,0.03
3,mahalanobis_diag,mean_std_3.0,nearest_sphere,none,0.5,0.8480538504062718,0.752,0.902,0.872,0.03
3,mahalanobis_diag,mean_std_3.0,nearest_sphere,none,1.0,0.8480538504062718,0.752,0.902,0.872,0.03
3,mahalanobis_diag,mean_std_3.0,nearest_sphere,none,2.0,0.8480538504062718,0.752,0.902,0.872,0.03
3,mahalanobis_diag,mean_std_3.0,nearest_sphere,ratio,0.0,0.8480538504062718,0.752,0.902,0.872,0.03
3,mahalanobis_diag,mean_std_3.0,nearest_sphere,ratio,0.25,1.0829611995732698,0.762,0.902,0.874,0.028
3,mahalanobis_diag,mean_std_3.0,nearest_sphere,ratio,0.5,1.3266062847073088,0.772,0.902,0.876,0.026
3,mahalanobis_diag,mean_std_3.0,nearest_sphere,ratio,1.0,1.798197249668731,0.792,0.902,0.88,0.022
3,mahalanobis_diag,mean_std_3.0,nearest_sphere,ratio,2.0,2.7574179902847193,0.802,0.902,0.882,0.02
3,mahalanobis_diag,mean_std_3.0,nearest_sphere,inverse_margin,0.0,0.8480538504062718,0.752,0.902,0.872,0.03
3,mahalanobis_diag,mean_std_3.0,nearest_sphere,inverse_margin,0.25,9.386735667102041,0.792,0.902,0.88,0.022
3,mahalanobis_diag,mean_std_3.0,nearest_sphere,inverse_margin,0.5,17.91989692997553,0.792,0.902,0.88,0.022
3,mahalanobis_diag,mean_std_3.0,nearest_sphere,inverse_margin,1.0,34.9862194557225,0.792,0.902,0.88,0.022
3,mahalanobis_diag,mean_std_3.0,nearest_sphere,inverse_margin,2.0,69.11886450721644,0.792,0.902,0.88,0.022
3,mahalanobis_diag,mean_std_3.0,nearest_sphere,max_ratio,0.0,0.8480538504062718,0.752,0.902,0.872,0.03
3,mahalanobis_diag,mean_std_3.0,nearest_sphere,max_ratio,0.25,0.8480538504062718,0.752,0.902,0.872,0.03
3,mahalanobis_diag,mean_std_3.0,nearest_sphere,max_ratio,0.5,0.8480538504062718,0.752,0.902,0.872,0.03
3,mahalanobis_diag,mean_std_3.0,nearest_sphere,max_ratio,1.0,0.9716007109833574,0.792,0.902,0.88,0.022
3,mahalanobis_diag,mean_std_3.0,nearest_sphere,max_ratio,2.0,1.9432014219667149,0.792,0.902,0.88,0.022
3,mahalanobis_diag,mean_std_3.0,normalized_union,none,0.0,0.8392199316810768,0.792,0.902,0.88,0.022
3,mahalanobis_diag,mean_std_3.0,normalized_union,none,0.25,0.8392199316810768,0.792,0.902,0.88,0.022
3,mahalanobis_diag,mean_std_3.0,normalized_union,none,0.5,0.8392199316810768,0.792,0.902,0.88,0.022
3,mahalanobis_diag,mean_std_3.0,normalized_union,none,1.0,0.8392199316810768,0.792,0.902,0.88,0.022
3,mahalanobis_diag,mean_std_3.0,normalized_union,none,2.0,0.8392199316810768,0.792,0.902,0.88,0.022
3,mahalanobis_diag,mean_std_3.0,normalized_union,ratio,0.0,0.8392199316810768,0.792,0.902,0.88,0.022
3,mahalanobis_diag,mean_std_3.0,normalized_union,ratio,0.25,1.0768471928259733,0.812,0.902,0.884,0.018
3,mahalanobis_diag,mean_std_3.0,normalized_union,ratio,0.5,1.3126284562049086,0.832,0.902,0.888,0.014
3,mahalanobis_diag,mean_std_3.0,normalized_union,ratio,1.0,1.7807818164815878,0.832,0.902,0.888,0.014
3,mahalanobis_diag,mean_std_3.0,normalized_union,ratio,2.0,2.729344645179014,0.872,0.902,0.896,0.006
3,mahalanobis_diag,mean_std_3.0,normalized_union,inverse_margin,0.0,0.8392199316810768,0.792,0.902,0.88,0.022
3,mahalanobis_diag,mean_std_3.0,normalized_union,inverse_margin,0.25,9.300374969755962,0.832,0.902,0.888,0.014
3,mahalanobis_diag,mean_std_3.0,normalized_union,inverse_margin,0.5,17.83353623262945,0.832,0.902,0.888,0.014
3,mahalanobis_diag,mean_std_3.0,normalized_union,inverse_margin,1.0,34.899858758376425,0.832,0.902,0.888,0.014
3,mahalanobis_diag,mean_std_3.0,normalized_union,inverse_margin,2.0,69.10263697261344,0.832,0.902,0.888,0.014
3,mahalanobis_diag,mean_std_3.0,normalized_union,max_ratio,0.0,0.8392199316810768,0.792,0.902,0.88,0.022
3,mahalanobis_diag,mean_std_3.0,normalized_union,max_ratio,0.25,0.8392199316810768,0.792,0.902,0.88,0.022
3,mahalanobis_diag,mean_std_3.0,normalized_union,max_ratio,0.5,0.8392199316810768,0.792,0.902,0.88,0.022
3,mahalanobis_diag,mean_std_3.0,normalized_union,max_ratio,1.0,0.9716007109833574,0.832,0.902,0.888,0.014
3,mahalanobis_diag,mean_std_3.0,normalized_union,max_ratio,2.0,1.9432014219667149,0.832,0.902,0.888,0.014
3,mahalanobis_diag,center_quantile_0.5,nearest_sphere,none,0.0,1.100042142276097,0.752,0.902,0.872,0.03
3,mahalanobis_diag,center_quantile_0.5,nearest_sphere,none,0.25,1.100042142276097,0.752,0.902,0.872,0.03
3,mahalanobis_diag,center_quantile_0.5,nearest_sphere,none,0.5,1.100042142276097,0.752,0.902,0.872,0.03
3,mahalanobis_diag,center_quantile_0.5,nearest_sphere,none,1.0,1.100042142276097,0.752,0.902,0.872,0.03
3,mahalanobis_diag,center_quantile_0.5,nearest_sphere,none,2.0,1.100042142276097,0.752,0.902,0.872,0.03
3,mahalanobis_diag,center_quantile_0.5,nearest_sphere,ratio,0.0,1.100042142276097,0.752,0.902,0.872,0.03
3,mahalanobis_diag,center_quantile_0.5,nearest_sphere,ratio,0.25,1.3415051858915528,0.762,0.902,0.874,0.028
3,mahalanobis_diag,center_quantile_0.5,nearest_sphere,ratio,0.5,1.5794393165530374,0.772,0.902,0.876,0.026
3,mahalanobis_diag,center_quantile_0.5,nearest_sphere,ratio,1.0,2.05828011374936,0.782,0.902,0.878,0.024
3,mahalanobis_diag,center_quantile_0.5,nearest_sphere,ratio,2.0,3.03231189441789,0.802,0.902,0.882,0.02
3,mahalanobis_diag,center_quantile_0.5,nearest_sphere,inverse_margin,0.0,1.100042142276097,0.752,0.902,0.872,0.03
3,mahalanobis_diag,center_quantile_0.5,nearest_sphere,inverse_margin,0.25,9.635607482162978,0.792,0.902,0.88,0.022
3,mahalanobis_diag,center_quantile_0.5,nearest_sphere,inverse_margin,0.5,18.168768745036466,0.792,0.902,0.88,0.022
3,mahalanobis_diag,center_quantile_0.5,nearest_sphere,inverse_margin,1.0,35.25727436129064,0.792,0.902,0.88,0.022
3,mahalanobis_diag,center_quantile_0.5,nearest_sphere,inverse_margin,2.0,69.4694234898826,0.792,0.902,0.88,0.022
3,mahalanobis_diag,center_quantile_0.5,nearest_sphere,max_ratio,0.0,1.100042142276097,0.752,0.902,0.872,0.03
3,mahalanobis_diag,center_quantile_0.5,nearest_sphere,max_ratio,0.25,1.100042142276097,0.752,0.902,0.872,0.03
3,mahalanobis_diag,center_quantile_0.5,nearest_sphere,max_ratio,0.5,1.100042142276097,0.752,0.902,0.872,0.03
3,mahalanobis_diag,center_quantile_0.5,nearest_sphere,max_ratio,1.0,1.100042142276097,0.752,0.902,0.872,0.03
3,mahalanobis_diag,center_quantile_0.5,nearest_sphere,max_ratio,2.0,1.9432014219667149,0.792,0.902,0.88,0.022
3,mahalanobis_diag,center_quantile_0.5,normalized_union,none,0.0,1.0901026649740666,0.692,0.902,0.86,0.042
3,mahalanobis_diag,center_quantile_0.5,normalized_union,none,0.25,1.0901026649740666,0.692,0.902,0.86,0.042
3,mahalanobis_diag,center_quantile_0.5,normalized_union,none,0.5,1.0901026649740666,0.692,0.902,0.86,0.042
3,mahalanobis_diag,center_quantile_0.5,normalized_union,none,1.0,1.0901026649740666,0.692,0.902,0.86,0.042
3,mahalanobis_diag,center_quantile_0.5,normalized_union,none,2.0,1.0901026649740666,0.692,0.902,0.86,0.042
3,mahalanobis_diag,center_quantile_0.5,normalized_union,ratio,0.0,1.0901026649740666,0.692,0.902,0.86,0.042
3,mahalanobis_diag,center_quantile_0.5,normalized_union,ratio,0.25,1.3292479089197036,0.702,0.902,0.862,0.04
3,mahalanobis_diag,center_quantile_0.5,normalized_union,ratio,0.5,1.5737421674332137,0.692,0.902,0.86,0.042
3,mahalanobis_diag,center_quantile_0.5,normalized_union,ratio,1.0,2.0561859667832416,0.752,0.902,0.872,0.03
3,mahalanobis_diag,center_quantile_0.5,normalized_union,ratio,2.0,3.021484331268417,0.772,0.902,0.876,0.026
3,mahalanobis_diag,center_quantile_0.5,normalized_union,inverse_margin,0.0,1.0901026649740666,0.692,0.902,0.86,0.042
3,mahalanobis_diag,center_quantile_0.5,normalized_union,inverse_margin,0.25,9.620483525727089,0.742,0.902,0.87,0.032
3,mahalanobis_diag,center_quantile_0.5,normalized_union,inverse_margin,0.5,18.153644788600577,0.742,0.902,0.87,0.032
3,mahalanobis_diag,center_quantile_0.5,normalized_union,inverse_margin,1.0,35.25727436129064,0.742,0.902,0.87,0.032
3,mahalanobis_diag,center_quantile_0.5,normalized_union,inverse_margin,2.0,69.4694234898826,0.742,0.902,0.87,0.032
3,mahalanobis_diag,center_quantile_0.5,normalized_union,max_ratio,0.0,1.0901026649740666,0.692,0.902,0.86,0.042
3,mahalanobis_diag,center_quantile_0.5,normalized_union,max_ratio,0.25,1.0901026649740666,0.692,0.902,0.86,0.042
3,mahalanobis_diag,center_quantile_0.5,normalized_union,max_ratio,0.5,1.0901026649740666,0.692,0.902,0.86,0.042
3,mahalanobis_diag,center_quantile_0.5,normalized_union,max_ratio,1.0,1.0901026649740666,0.692,0.902,0.86,0.042
3,mahalanobis_diag,center_quantile_0.5,normalized_union,max_ratio,2.0,1.9432014219667149,0.742,0.902,0.87,0.032
3,mahalanobis_diag,intent_quantile_0.5,nearest_sphere,none,0.0,1.107626488050372,0.752,0.902,0.872,0.03
3,mahalanobis_diag,intent_quantile_0.5,nearest_sphere,none,0.25,1.107626488050372,0.752,0.902,0.872,0.03
3,mahalanobis_diag,intent_quantile_0.5,nearest_sphere,none,0.5,1.107626488050372,0.752,0.902,0.872,0.03
3,mahalanobis_diag,intent_quantile_0.5,nearest_sphere,none,1.0,1.107626488050372,0.752,0.902,0.872,0.03
3,mahalanobis_diag,intent_quantile_0.5,nearest_sphere,none,2.0,1.107626488050372,0.752,0.902,0.872,0.03
3,mahalanobis_diag,intent_quantile_0.5,nearest_sphere,ratio,0.0,1.107626488050372,0.752,0.902,0.872,0.03
3,mahalanobis_diag,intent_quantile_0.5,nearest_sphere,ratio,0.25,1.3510582207887807,0.762,0.902,0.874,0.028
3,mahalanobis_diag,intent_quantile_0.5,nearest_sphere,ratio,0.5,1.5933947316211925,0.772,0.902,0.876,0.026
3,mahalanobis_diag,intent_quantile_0.5,nearest_sphere,ratio,1.0,2.0723535068962082,0.782,0.902,0.878,0.024
3,mahalanobis_diag,intent_quantile_0.5,nearest_sphere,ratio,2.0,3.046046997090741,0.812,0.902,0.884,0.018
3,mahalanobis_diag,intent_quantile_0.5,nearest_sphere,inverse_margin,0.0,1.107626488050372,0.752,0.902,0.872,0.03
3,mahalanobis_diag,intent_quantile_0.5,nearest_sphere,inverse_margin,0.25,9.643208403076184,0.792,0.902,0.88,0.022
3,mahalanobis_diag,intent_quantile_0.5,nearest_sphere,inverse_margin,0.5,18.176369665949668,0.792,0.902,0.88,0.022
3,mahalanobis_diag,intent_quantile_0.5,nearest_sphere,inverse_margin,1.0,35.27244569577028,0.792,0.902,0.88,0.022
3,mahalanobis_diag,intent_quantile_0.5,nearest_sphere,inverse_margin,2.0,69.48459482436223,0.792,0.902,0.88,0.022
3,mahalanobis_diag,intent_quantile_0.5,nearest_sphere,max_ratio,0.0,1.107626488050372,0.752,0.902,0.872,0.03
3,mahalanobis_diag,intent_quantile_0.5,nearest_sphere,max_ratio,0.25,1.107626488050372,0.752,0.902,0.872,0.03
3,mahalanobis_diag,intent_quantile_0.5,nearest_sphere,max_ratio,0.5,1.107626488050372,0.752,0.902,0.872,0.03
3,mahalanobis_diag,intent_quantile_0.5,nearest_sphere,max_ratio,1.0,1.107626488050372,0.752,0.902,0.872,0.03
3,mahalanobis_diag,intent_quantile_0.5,nearest_sphere,max_ratio,2.0,1.9432014219667149,0.792,0.902,0.88,0.022
3,mahalanobis_diag,intent_quantile_0.5,normalized_union,none,0.0,1.1056500385025962,0.712,0.902,0.864,0.038
3,mahalanobis_diag,intent_quantile_0.5,normalized_union,none,0.25,1.1056500385025962,0.712,0.902,0.864,0.038
3,mahalanobis_diag,intent_quantile_0.5,normalized_union,none,0.5,1.1056500385025962,0.712,0.902,0.864,0.038
3,mahalanobis_diag,intent_quantile_0.5,normalized_union,none,1.0,1.1056500385025962,0.712,0.902,0.864,0.038
3,mahalanobis_diag,intent_quantile_0.5,normalized_union,none,2.0,1.1056500385025962,0.712,0.902,0.864,0.038
3,mahalanobis_diag,intent_quantile_0.5,normalized_union,ratio,0.0,1.1056500385025962,0.712,0.902,0.864,0.038
3,mahalanobis_diag,intent_quantile_0.5,normalized_union,ratio,0.25,1.343963345632805,0.722,0.902,0.866,0.036
3,mahalanobis_diag,intent_quantile_0.5,normalized_union,ratio,0.5,1.5890678194077954,0.712,0.902,0.864,0.038
3,mahalanobis_diag,intent_quantile_0.5,normalized_union,ratio,1.0,2.069794018136084,0.762,0.902,0.874,0.028
3,mahalanobis_diag,intent_quantile_0.5,normalized_union,ratio,2.0,3.0390492019219595,0.782,0.902,0.878,0.024
3,mahalanobis_diag,intent_quantile_0.5,normalized_union,inverse_margin,0.0,1.1056500385025962,0.712,0.902,0.864,0.038
3,mahalanobis_diag,intent_quantile_0.5,normalized_union,inverse_margin,0.25,9.634304942505777,0.742,0.902,0.87,0.032
3,mahalanobis_diag,intent_quantile_0.5,normalized_union,inverse_margin,0.5,18.167466205379263,0.742,0.902,0.87,0.032
3,mahalanobis_diag,intent_quantile_0.5,normalized_union,inverse_margin,1.0,35.27244569577028,0.742,0.902,0.87,0.032
3,mahalanobis_diag,intent_quantile_0.5,normalized_union,inverse_margin,2.0,69.48459482436223,0.742,0.902,0.87,0.032
3,mahalanobis_diag,intent_quantile_0.5,normalized_union,max_ratio,0.0,1.1056500385025962,0.712,0.902,0.864,0.038
3,mahalanobis_diag,intent_quantile_0.5,normalized_union,max_ratio,0.25,1.1056500385025962,0.712,0.902,0.864,0.038
3,mahalanobis_diag,intent_quantile_0.5,normalized_union,max_ratio,0.5,1.1056500385025962,0.712,0.902,0.864,0.038
3,mahalanobis_diag,intent_quantile_0.5,normalized_union,max_ratio,1.0,1.1056500385025962,0.712,0.902,0.864,0.038
3,mahalanobis_diag,intent_quantile_0.5,normalized_union,max_ratio,2.0,1.9432014219667149,0.742,0.902,0.87,0.032
3,mahalanobis_diag,center_quantile_0.7,nearest_sphere,none,0.0,1.060733082700817,0.772,0.902,0.876,0.026
3,mahalanobis_diag,center_quantile_0.7,nearest_sphere,none,0.25,1.060733082700817,0.772,0.902,0.876,0.026
3,mahalanobis_diag,center_quantile_0.7,nearest_sphere,none,0.5,1.060733082700817,0.772,0.902,0.876,0.026
3,mahalanobis_diag,center_quantile_0.7,nearest_sphere,none,1.0,1.060733082700817,0.772,0.902,0.876,0.026
3,mahalanobis_diag,center_quantile_0.7,nearest_sphere,none,2.0,1.060733082700817,0.772,0.902,0.876,0.026
3,mahalanobis_diag,center_quantile_0.7,nearest_sphere,ratio,0.0,1.060733082700817,0.772,0.902,0.876,0.026
3,mahalanobis_diag,center_quantile_0.7,nearest_sphere,ratio,0.25,1.3001874466883159,0.772,0.902,0.876,0.026
3,mahalanobis_diag,center_quantile_0.7,nearest_sphere,ratio,0.5,1.5444436651048545,0.772,0.902,0.876,0.026
3,mahalanobis_diag,center_quantile_0.7,nearest_sphere,ratio,1.0,2.016944720499276,0.802,0.902,0.882,0.02
3,mahalanobis_diag,center_quantile_0.7,nearest_sphere,ratio,2.0,2.9912134504481167,0.812,0.902,0.884,0.018
3,mahalanobis_diag,center_quantile_0.7,nearest_sphere,inverse_margin,0.0,1.060733082700817,0.772,0.902,0.876,0.026
3,mahalanobis_diag,center_quantile_0.7,nearest_sphere,inverse_margin,0.25,9.601887918655128,0.792,0.902,0.88,0.022
3,mahalanobis_diag,center_quantile_0.7,nearest_sphere,inverse_margin,0.5,18.135049181528615,0.792,0.902,0.88,0.022
3,mahalanobis_diag,center_quantile_0.7,nearest_sphere,inverse_margin,1.0,35.201371707275584,0.792,0.902,0.88,0.022
3,mahalanobis_diag,center_quantile_0.7,nearest_sphere,inverse_margin,2.0,69.38968816989852,0.792,0.902,0.88,0.022
3,mahalanobis_diag,center_quantile_0.7,nearest_sphere,max_ratio,0.0,1.060733082700817,0.772,0.902,0.876,0.026
3,mahalanobis_diag,center_quantile_0.7,nearest_sphere,max_ratio,0.25,1.060733082700817,0.772,0.902,0.876,0.026
3,mahalanobis_diag,center_quantile_0.7,nearest_sphere,max_ratio,0.5,1.060733082700817,0.772,0.902,0.876,0.026
3,mahalanobis_diag,center_quantile_0.7,nearest_sphere,max_ratio,1.0,1.060733082700817,0.772,0.902,0.876,0.026
3,mahalanobis_diag,center_quantile_0.7,nearest_sphere,max_ratio,2.0,1.9432014219667149,0.792,0.902,0.88,0.022
3,mahalanobis_diag,center_quantile_0.7,normalized_union,none,0.0,1.0462461329893993,0.742,0.902,0.87,0.032
3,mahalanobis_diag,center_quantile_0.7,normalized_union,none,0.25,1.0462461329893993,0.742,0.902,0.87,0.032
3,mahalanobis_diag,center_quantile_0.7,normalized_union,none,0.5,1.0462461329893993,0.742,0.902,0.87,0.032
3,mahalanobis_diag,center_quantile_0.7,normalized_union,none,1.0,1.0462461329893993,0.742,0.902,0.87,0.032
3,mahalanobis_diag,center_quantile_0.7,normalized_union,none,2.0,1.0462461329893993,0.742,0.902,0.87,0.032
3,mahalanobis_diag,center_quantile_0.7,normalized_union,ratio,0.0,1.0462461329893993,0.742,0.902,0.87,0.032
3,mahalanobis_diag,center_quantile_0.7,normalized_union,ratio,0.25,1.2836867036446042,0.752,0.902,0.872,0.03
3,mahalanobis_diag,center_quantile_0.7,normalized_union,ratio,0.5,1.526798017403053,0.752,0.902,0.872,0.03
3,mahalanobis_diag,center_quantile_0.7,normalized_union,ratio,1.0,2.01442727062759,0.802,0.902,0.882,0.02
3,mahalanobis_diag,center_quantile_0.7,normalized_union,ratio,2.0,2.9828089230780193,0.792,0.902,0.88,0.022
3,mahalanobis_diag,center_quantile_0.7,normalized_union,inverse_margin,0.0,1.0462461329893993,0.742,0.902,0.87,0.032
3,mahalanobis_diag,center_quantile_0.7,normalized_union,inverse_margin,0.25,9.58597193158867,0.762,0.902,0.874,0.028
3,mahalanobis_diag,center_quantile_0.7,normalized_union,inverse_margin,0.5,18.119133194462158,0.762,0.902,0.874,0.028
3,mahalanobis_diag,center_quantile_0.7,normalized_union,inverse_margin,1.0,35.18545572020913,0.762,0.902,0.874,0.028
3,mahalanobis_diag,center_quantile_0.7,normalized_union,inverse_margin,2.0,69.38968816989852,0.762,0.902,0.874,0.028
3,mahalanobis_diag,center_quantile_0.7,normalized_union,max_ratio,0.0,1.0462461329893993,0.742,0.902,0.87,0.032
3,mahalanobis_diag,center_quantile_0.7,normalized_union,max_ratio,0.25,1.0462461329893993,0.742,0.902,0.87,0.032
3,mahalanobis_diag,center_quantile_0.7,normalized_union,max_ratio,0.5,1.0462461329893993,0.742,0.902,0.87,0.032
3,mahalanobis_diag,center_quantile_0.7,normalized_union,max_ratio,1.0,1.0462461329893993,0.742,0.902,0.87,0.032
3,mahalanobis_diag,center_quantile_0.7,normalized_union,max_ratio,2.0,1.9432014219667149,0.762,0.902,0.874,0.028
3,mahalanobis_diag,intent_quantile_0.7,nearest_sphere,none,0.0,1.0718427573352216,0.762,0.902,0.874,0.028
3,mahalanobis_diag,intent_quantile_0.7,nearest_sphere,none,0.25,1.0718427573352216,0.762,0.902,0.874,0.028
3,mahalanobis_diag,intent_quantile_0.7,nearest_sphere,none,0.5,1.0718427573352216,0.762,0.902,0.874,0.028
3,mahalanobis_diag,intent_quantile_0.7,nearest_sphere,none,1.0,1.0718427573352216,0.762,0.902,0.874,0.028
3,mahalanobis_diag,intent_quantile_0.7,nearest_sphere,none,2.0,1.0718427573352216,0.762,0.902,0.874,0.028
3,mahalanobis_diag,intent_quantile_0.7,nearest_sphere,ratio,0.0,1.0718427573352216,0.762,0.902,0.874,0.028
3,mahalanobis_diag,intent_quantile_0.7,nearest_sphere,ratio,0.25,1.312408664012303,0.772,0.902,0.876,0.026
3,mahalanobis_diag,intent_quantile_0.7,nearest_sphere,ratio,0.5,1.5542016783077413,0.772,0.902,0.876,0.026
3,mahalanobis_diag,intent_quantile_0.7,nearest_sphere,ratio,1.0,2.0335627736458695,0.802,0.902,0.882,0.02
3,mahalanobis_diag,intent_quantile_0.7,nearest_sphere,ratio,2.0,3.004334698734721,0.812,0.902,0.884,0.018
3,mahalanobis_diag,intent_quantile_0.7,nearest_sphere,inverse_margin,0.0,1.0718427573352216,0.762,0.902,0.874,0.028
3,mahalanobis_diag,intent_quantile_0.7,nearest_sphere,inverse_margin,0.25,9.609942306795062,0.792,0.902,0.88,0.022
3,mahalanobis_diag,intent_quantile_0.7,nearest_sphere,inverse_margin,0.5,18.143103569668547,0.792,0.902,0.88,0.022
3,mahalanobis_diag,intent_quantile_0.7,nearest_sphere,inverse_margin,1.0,35.220272448400124,0.792,0.902,0.88,0.022
3,mahalanobis_diag,intent_quantile_0.7,nearest_sphere,inverse_margin,2.0,69.43242157699208,0.792,0.902,0.88,0.022
3,mahalanobis_diag,intent_quantile_0.7,nearest_sphere,max_ratio,0.0,1.0718427573352216,0.762,0.902,0.874,0.028
3,mahalanobis_diag,intent_quantile_0.7,nearest_sphere,max_ratio,0.25,1.0718427573352216,0.762,0.902,0.874,0.028
3,mahalanobis_diag,intent_quantile_0.7,nearest_sphere,max_ratio,0.5,1.0718427573352216,0.762,0.902,0.874,0.028
3,mahalanobis_diag,intent_quantile_0.7,nearest_sphere,max_ratio,1.0,1.0718427573352216,0.762,0.902,0.874,0.028
3,mahalanobis_diag,intent_quantile_0.7,nearest_sphere,max_ratio,2.0,1.9432014219667149,0.792,0.902,0.88,0.022
3,mahalanobis_diag,intent_quantile_0.7,normalized_union,none,0.0,1.0649464568754274,0.732,0.902,0.868,0.034
3,mahalanobis_diag,intent_quantile_0.7,normalized_union,none,0.25,1.0649464568754274,0.732,0.902,0.868,0.034
3,mahalanobis_diag,intent_quantile_0.7,normalized_union,none,0.5,1.0649464568754274,0.732,0.902,0.868,0.034
3,mahalanobis_diag,intent_quantile_0.7,normalized_union,none,1.0,1.0649464568754274,0.732,0.902,0.868,0.034
3,mahalanobis_diag,intent_quantile_0.7,normalized_union,none,2.0,1.0649464568754274,0.732,0.902,0.868,0.034
3,mahalanobis_diag,intent_quantile_0.7,normalized_union,ratio,0.0,1.0649464568754274,0.732,0.902,0.868,0.034
3,mahalanobis_diag,intent_quantile_0.7,normalized_union,ratio,0.25,1.304288928023838,0.742,0.902,0.87,0.032
3,mahalanobis_diag,intent_quantile_0.7,normalized_union,ratio,0.5,1.5461327976767427,0.752,0.902,0.872,0.03
3,mahalanobis_diag,intent_quantile_0.7,normalized_union,ratio,1.0,2.02941897090908,0.792,0.902,0.88,0.022
3,mahalanobis_diag,intent_quantile_0.7,normalized_union,ratio,2.0,3.0012821885047862,0.802,0.902,0.882,0.02
3,mahalanobis_diag,intent_quantile_0.7,normalized_union,inverse_margin,0.0,1.0649464568754274,0.732,0.902,0.868,0.034
3,mahalanobis_diag,intent_quantile_0.7,normalized_union,inverse_margin,0.25,9.598107719748914,0.752,0.902,0.872,0.03
3,mahalanobis_diag,intent_quantile_0.7,normalized_union,inverse_margin,0.5,18.1312689826224,0.752,0.902,0.872,0.03
3,mahalanobis_diag,intent_quantile_0.7,normalized_union,inverse_margin,1.0,35.220272448400124,0.752,0.902,0.872,0.03
3,mahalanobis_diag,intent_quantile_0.7,normalized_union,inverse_margin,2.0,69.43242157699208,0.752,0.902,0.872,0.03
3,mahalanobis_diag,intent_quantile_0.7,normalized_union,max_ratio,0.0,1.0649464568754274,0.732,0.902,0.868,0.034
3,mahalanobis_diag,intent_quantile_0.7,normalized_union,max_ratio,0.25,1.0649464568754274,0.732,0.902,0.868,0.034
3,mahalanobis_diag,intent_quantile_0.7,normalized_union,max_ratio,0.5,1.0649464568754274,0.732,0.902,0.868,0.034
3,mahalanobis_diag,intent_quantile_0.7,normalized_union,max_ratio,1.0,1.0649464568754274,0.732,0.902,0.868,0.034
3,mahalanobis_diag,intent_quantile_0.7,normalized_union,max_ratio,2.0,1.9432014219667149,0.752,0.902,0.872,0.03
3,mahalanobis_diag,center_quantile_0.8,nearest_sphere,none,0.0,1.0373277058544899,0.752,0.902,0.872,0.03
3,mahalanobis_diag,center_quantile_0.8,nearest_sphere,none,0.25,1.0373277058544899,0.752,0.902,0.872,0.03
3,mahalanobis_diag,center_quantile_0.8,nearest_sphere,none,0.5,1.0373277058544899,0.752,0.902,0.872,0.03
3,mahalanobis_diag,center_quantile_0.8,nearest_sphere,none,1.0,1.0373277058544899,0.752,0.902,0.872,0.03
3,mahalanobis_diag,center_quantile_0.8,nearest_sphere,none,2.0,1.0373277058544899,0.752,0.902,0.872,0.03
3,mahalanobis_diag,center_quantile_0.8,nearest_sphere,ratio,0.0,1.0373277058544899,0.752,0.902,0.872,0.03
3,mahalanobis_diag,center_quantile_0.8,nearest_sphere,ratio,0.25,1.2781971844324733,0.772,0.902,0.876,0.026
3,mahalanobis_diag,center_quantile_0.8,nearest_sphere,ratio,0.5,1.5197932409639394,0.772,0.902,0.876,0.026
3,mahalanobis_diag,center_quantile_0.8,nearest_sphere,ratio,1.0,1.997762289816603,0.802,0.902,0.882,0.02
3,mahalanobis_diag,center_quantile_0.8,nearest_sphere,ratio,2.0,2.9695986340913256,0.812,0.902,0.884,0.018
3,mahalanobis_diag,center_quantile_0.8,nearest_sphere,inverse_margin,0.0,1.0373277058544899,0.752,0.902,0.872,0.03
3,mahalanobis_diag,center_quantile_0.8,nearest_sphere,inverse_margin,0.25,9.57275598705133,0.792,0.902,0.88,0.022
3,mahalanobis_diag,center_quantile_0.8,nearest_sphere,inverse_margin,0.5,18.10591724992482,0.792,0.902,0.88,0.022
3,mahalanobis_diag,center_quantile_0.8,nearest_sphere,inverse_margin,1.0,35.17223977567179,0.792,0.902,0.88,0.022
3,mahalanobis_diag,center_quantile_0.8,nearest_sphere,inverse_margin,2.0,69.3441393594481,0.792,0.902,0.88,0.022
3,mahalanobis_diag,center_quantile_0.8,nearest_sphere,max_ratio,0.0,1.0373277058544899,0.752,0.902,0.872,0.03
3,mahalanobis_diag,center_quantile_0.8,nearest_sphere,max_ratio,0.25,1.0373277058544899,0.752,0.902,0.872,0.03
3,mahalanobis_diag,center_quantile_0.8,nearest_sphere,max_ratio,0.5,1.0373277058544899,0.752,0.902,0.872,0.03
3,mahalanobis_diag,center_quantile_0.8,nearest_sphere,max_ratio,1.0,1.0373277058544899,0.752,0.902,0.872,0.03
3,mahalanobis_diag,center_quantile_0.8,nearest_sphere,max_ratio,2.0,1.9432014219667149,0.792,0.902,0.88,0.022
3,mahalanobis_diag,center_quantile_0.8,normalized_union,none,0.0,1.0234227657626196,0.742,0.902,0.87,0.032
3,mahalanobis_diag,center_quantile_0.8,normalized_union,none,0.25,1.0234227657626196,0.742,0.902,0.87,0.032
3,mahalanobis_diag,center_quantile_0.8,normalized_union,none,0.5,1.0234227657626196,0.742,0.902,0.87,0.032
3,mahalanobis_diag,center_quantile_0.8,normalized_union,none,1.0,1.0234227657626196,0.742,0.902,0.87,0.032
3,mahalanobis_diag,center_quantile_0.8,normalized_union,none,2.0,1.0234227657626196,0.742,0.902,0.87,0.032
3,mahalanobis_diag,center_quantile_0.8,normalized_union,ratio,0.0,1.0234227657626196,0.742,0.902,0.87,0.032
3,mahalanobis_diag,center_quantile_0.8,normalized_union,ratio,0.25,1.2640752201916872,0.752,0.902,0.872,0.03
3,mahalanobis_diag,center_quantile_0.8,normalized_union,ratio,0.5,1.5060452077861926,0.772,0.902,0.876,0.026
3,mahalanobis_diag,center_quantile_0.8,normalized_union,ratio,1.0,1.9929007301768158,0.812,0.902,0.884,0.018
3,mahalanobis_diag,center_quantile_0.8,normalized_union,ratio,2.0,2.948998998498432,0.792,0.902,0.88,0.022
3,mahalanobis_diag,center_quantile_0.8,normalized_union,inverse_margin,0.0,1.0234227657626196,0.742,0.902,0.87,0.032
3,mahalanobis_diag,center_quantile_0.8,normalized_union,inverse_margin,0.25,9.567309975357578,0.772,0.902,0.876,0.026
3,mahalanobis_diag,center_quantile_0.8,normalized_union,inverse_margin,0.5,18.100471238231062,0.772,0.902,0.876,0.026
3,mahalanobis_diag,center_quantile_0.8,normalized_union,inverse_margin,1.0,35.166793763978035,0.772,0.902,0.876,0.026
3,mahalanobis_diag,center_quantile_0.8,normalized_union,inverse_margin,2.0,69.3441393594481,0.772,0.902,0.876,0.026
3,mahalanobis_diag,center_quantile_0.8,normalized_union,max_ratio,0.0,1.0234227657626196,0.742,0.902,0.87,0.032
3,mahalanobis_diag,center_quantile_0.8,normalized_union,max_ratio,0.25,1.0234227657626196,0.742,0.902,0.87,0.032
3,mahalanobis_diag,center_quantile_0.8,normalized_union,max_ratio,0.5,1.0234227657626196,0.742,0.902,0.87,0.032
3,mahalanobis_diag,center_quantile_0.8,normalized_union,max_ratio,1.0,1.0234227657626196,0.742,0.902,0.87,0.032
3,mahalanobis_diag,center_quantile_0.8,normalized_union,max_ratio,2.0,1.9432014219667149,0.772,0.902,0.876,0.026
3,mahalanobis_diag,intent_quantile_0.8,nearest_sphere,none,0.0,1.04258763074101,0.762,0.902,0.874,0.028
3,mahalanobis_diag,intent_quantile_0.8,nearest_sphere,none,0.25,1.04258763074101,0.762,0.902,0.874,0.028
3,mahalanobis_diag,intent_quantile_0.8,nearest_sphere,none,0.5,1.04258763074101,0.762,0.902,0.874,0.028
3,mahalanobis_diag,intent_quantile_0.8,nearest_sphere,none,1.0,1.04258763074101,0.762,0.902,0.874,0.028
3,mahalanobis_diag,intent_quantile_0.8,nearest_sphere,none,2.0,1.04258763074101,0.762,0.902,0.874,0.028
3,mahalanobis_diag,intent_quantile_0.8,nearest_sphere,ratio,0.0,1.04258763074101,0.762,0.902,0.874,0.028
3,mahalanobis_diag,intent_quantile_0.8,nearest_sphere,ratio,0.25,1.286962420011376,0.762,0.902,0.874,0.028
3,mahalanobis_diag,intent_quantile_0.8,nearest_sphere,ratio,0.5,1.5264667507804852,0.772,0.902,0.876,0.026
3,mahalanobis_diag,intent_quantile_0.8,nearest_sphere,ratio,1.0,2.008266021290034,0.802,0.902,0.882,0.02
3,mahalanobis_diag,intent_quantile_0.8,nearest_sphere,ratio,2.0,2.9830061932366805,0.812,0.902,0.884,0.018
3,mahalanobis_diag,intent_quantile_0.8,nearest_sphere,inverse_margin,0.0,1.04258763074101,0.762,0.902,0.874,0.028
3,mahalanobis_diag,intent_quantile_0.8,nearest_sphere,inverse_margin,0.25,9.580709660675762,0.792,0.902,0.88,0.022
3,mahalanobis_diag,intent_quantile_0.8,nearest_sphere,inverse_margin,0.5,18.11387092354925,0.792,0.902,0.88,0.022
3,mahalanobis_diag,intent_quantile_0.8,nearest_sphere,inverse_margin,1.0,35.18804140923189,0.792,0.902,0.88,0.022
3,mahalanobis_diag,intent_quantile_0.8,nearest_sphere,inverse_margin,2.0,69.40019053782385,0.792,0.902,0.88,0.022
3,mahalanobis_diag,intent_quantile_0.8,nearest_sphere,max_ratio,0.0,1.04258763074101,0.762,0.902,0.874,0.028
3,mahalanobis_diag,intent_quantile_0.8,nearest_sphere,max_ratio,0.25,1.04258763074101,0.762,0.902,0.874,0.028
3,mahalanobis_diag,intent_quantile_0.8,nearest_sphere,max_ratio,0.5,1.04258763074101,0.762,0.902,0.874,0.028
3,mahalanobis_diag,intent_quantile_0.8,nearest_sphere,max_ratio,1.0,1.04258763074101,0.762,0.902,0.874,0.028
3,mahalanobis_diag,intent_quantile_0.8,nearest_sphere,max_ratio,2.0,1.9432014219667149,0.792,0.902,0.88,0.022
3,mahalanobis_diag,intent_quantile_0.8,normalized_union,none,0.0,1.0414865377326983,0.742,0.902,0.87,0.032
3,mahalanobis_diag,intent_quantile_0.8,normalized_union,none,0.25,1.0414865377326983,0.742,0.902,0.87,0.032
3,mahalanobis_diag,intent_quantile_0.8,normalized_union,none,0.5,1.0414865377326983,0.742,0.902,0.87,0.032
3,mahalanobis_diag,intent_quantile_0.8,normalized_union,none,1.0,1.0414865377326983,0.742,0.902,0.87,0.032
3,mahalanobis_diag,intent_quantile_0.8,normalized_union,none,2.0,1.0414865377326983,0.742,0.902,0.87,0.032
3,mahalanobis_diag,intent_quantile_0.8,normalized_union,ratio,0.0,1.0414865377326983,0.742,0.902,0.87,0.032
3,mahalanobis_diag,intent_quantile_0.8,normalized_union,ratio,0.25,1.2766839072658003,0.762,0.902,0.874,0.028
3,mahalanobis_diag,intent_quantile_0.8,normalized_union,ratio,0.5,1.5202742340497064,0.762,0.902,0.874,0.028
3,mahalanobis_diag,intent_quantile_0.8,normalized_union,ratio,1.0,2.0070916985614646,0.802,0.902,0.882,0.02
3,mahalanobis_diag,intent_quantile_0.8,normalized_union,ratio,2.0,2.973775007932349,0.802,0.902,0.882,0.02
3,mahalanobis_diag,intent_quantile_0.8,normalized_union,inverse_margin,0.0,1.0414865377326983,0.742,0.902,0.87,0.032
3,mahalanobis_diag,intent_quantile_0.8,normalized_union,inverse_margin,0.25,9.577528710421085,0.752,0.902,0.872,0.03
3,mahalanobis_diag,intent_quantile_0.8,normalized_union,inverse_margin,0.5,18.11068997329457,0.752,0.902,0.872,0.03
3,mahalanobis_diag,intent_quantile_0.8,normalized_union,inverse_margin,1.0,35.18804140923189,0.752,0.902,0.872,0.03
3,mahalanobis_diag,intent_quantile_0.8,normalized_union,inverse_margin,2.0,69.40019053782385,0.752,0.902,0.872,0.03
3,mahalanobis_diag,intent_quantile_0.8,normalized_union,max_ratio,0.0,1.0414865377326983,0.742,0.902,0.87,0.032
3,mahalanobis_diag,intent_quantile_0.8,normalized_union,max_ratio,0.25,1.0414865377326983,0.742,0.902,0.87,0.032
3,mahalanobis_diag,intent_quantile_0.8,normalized_union,max_ratio,0.5,1.0414865377326983,0.742,0.902,0.87,0.032
3,mahalanobis_diag,intent_quantile_0.8,normalized_union,max_ratio,1.0,1.0414865377326983,0.742,0.902,0.87,0.032
3,mahalanobis_diag,intent_quantile_0.8,normalized_union,max_ratio,2.0,1.9432014219667149,0.752,0.902,0.872,0.03
3,mahalanobis_diag,center_quantile_0.9,nearest_sphere,none,0.0,1.0012535258870912,0.742,0.902,0.87,0.032
3,mahalanobis_diag,center_quantile_0.9,nearest_sphere,none,0.25,1.0012535258870912,0.742,0.902,0.87,0.032
3,mahalanobis_diag,center_quantile_0.9,nearest_sphere,none,0.5,1.0012535258870912,0.742,0.902,0.87,0.032
3,mahalanobis_diag,center_quantile_0.9,nearest_sphere,none,1.0,1.0012535258870912,0.742,0.902,0.87,0.032
3,mahalanobis_diag,center_quantile_0.9,nearest_sphere,none,2.0,1.0012535258870912,0.742,0.902,0.87,0.032
3,mahalanobis_diag,center_quantile_0.9,nearest_sphere,ratio,0.0,1.0012535258870912,0.742,0.902,0.87,0.032
3,mahalanobis_diag,center_quantile_0.9,nearest_sphere,ratio,0.25,1.240715246278996,0.762,0.902,0.874,0.028
3,mahalanobis_diag,center_quantile_0.9,nearest_sphere,ratio,0.5,1.4783880127777187,0.772,0.902,0.876,0.026
3,mahalanobis_diag,center_quantile_0.9,nearest_sphere,ratio,1.0,1.9654922970474455,0.812,0.902,0.884,0.018
3,mahalanobis_diag,center_quantile_0.9,nearest_sphere,ratio,2.0,2.9261001190781166,0.812,0.902,0.884,0.018
3,mahalanobis_diag,center_quantile_0.9,nearest_sphere,inverse_margin,0.0,1.0012535258870912,0.742,0.902,0.87,0.032
3,mahalanobis_diag,center_quantile_0.9,nearest_sphere,inverse_margin,0.25,9.533567841846336,0.792,0.902,0.88,0.022
3,mahalanobis_diag,center_quantile_0.9,nearest_sphere,inverse_margin,0.5,18.066729104719823,0.792,0.902,0.88,0.022
3,mahalanobis_diag,center_quantile_0.9,nearest_sphere,inverse_margin,1.0,35.133051630466795,0.792,0.902,0.88,0.022
3,mahalanobis_diag,center_quantile_0.9,nearest_sphere,inverse_margin,2.0,69.26569668196075,0.792,0.902,0.88,0.022
3,mahalanobis_diag,center_quantile_0.9,nearest_sphere,max_ratio,0.0,1.0012535258870912,0.742,0.902,0.87,0.032
3,mahalanobis_diag,center_quantile_0.9,nearest_sphere,max_ratio,0.25,1.0012535258870912,0.742,0.902,0.87,0.032
3,mahalanobis_diag,center_quantile_0.9,nearest_sphere,max_ratio,0.5,1.0012535258870912,0.742,0.902,0.87,0.032
3,mahalanobis_diag,center_quantile_0.9,nearest_sphere,max_ratio,1.0,1.0012535258870912,0.742,0.902,0.87,0.032
3,mahalanobis_diag,center_quantile_0.9,nearest_sphere,max_ratio,2.0,1.9432014219667149,0.792,0.902,0.88,0.022
3,mahalanobis_diag,center_quantile_0.9,normalized_union,none,0.0,0.9855328923909344,0.792,0.902,0.88,0.022
3,mahalanobis_diag,center_quantile_0.9,normalized_union,none,0.25,0.9855328923909344,0.792,0.902,0.88,0.022
3,mahalanobis_diag,center_quantile_0.9,normalized_union,none,0.5,0.9855328923909344,0.792,0.902,0.88,0.022
3,mahalanobis_diag,center_quantile_0.9,normalized_union,none,1.0,0.9855328923909344,0.792,0.902,0.88,0.022
3,mahalanobis_diag,center_quantile_0.9,normalized_union,none,2.0,0.9855328923909344,0.792,0.902,0.88,0.022
3,mahalanobis_diag,center_quantile_0.9,normalized_union,ratio,0.0,0.9855328923909344,0.792,0.902,0.88,0.022
3,mahalanobis_diag,center_quantile_0.9,normalized_union,ratio,0.25,1.2252361285952322,0.812,0.902,0.884,0.018
3,mahalanobis_diag,center_quantile_0.9,normalized_union,ratio,0.5,1.4647529786342686,0.832,0.902,0.888,0.014
3,mahalanobis_diag,center_quantile_0.9,normalized_union,ratio,1.0,1.9237221412326806,0.832,0.902,0.888,0.014
3,mahalanobis_diag,center_quantile_0.9,normalized_union,ratio,2.0,2.887034708158134,0.872,0.902,0.896,0.006
3,mahalanobis_diag,center_quantile_0.9,normalized_union,inverse_margin,0.0,0.9855328923909344,0.792,0.902,0.88,0.022
3,mahalanobis_diag,center_quantile_0.9,normalized_union,inverse_margin,0.25,9.410797790529397,0.832,0.902,0.888,0.014
3,mahalanobis_diag,center_quantile_0.9,normalized_union,inverse_margin,0.5,17.94395905340288,0.832,0.902,0.888,0.014
3,mahalanobis_diag,center_quantile_0.9,normalized_union,inverse_margin,1.0,35.010281579149854,0.832,0.902,0.888,0.014
3,mahalanobis_diag,center_quantile_0.9,normalized_union,inverse_margin,2.0,69.20026827628492,0.832,0.902,0.888,0.014
3,mahalanobis_diag,center_quantile_0.9,normalized_union,max_ratio,0.0,0.9855328923909344,0.792,0.902,0.88,0.022
3,mahalanobis_diag,center_quantile_0.9,normalized_union,max_ratio,0.25,0.9855328923909344,0.792,0.902,0.88,0.022
3,mahalanobis_diag,center_quantile_0.9,normalized_union,max_ratio,0.5,0.9855328923909344,0.792,0.902,0.88,0.022
3,mahalanobis_diag,center_quantile_0.9,normalized_union,max_ratio,1.0,0.9952528049737509,0.822,0.902,0.886,0.016
3,mahalanobis_diag,center_quantile_0.9,normalized_union,max_ratio,2.0,1.9432014219667149,0.832,0.902,0.888,0.014
3,mahalanobis_diag,intent_quantile_0.9,nearest_sphere,none,0.0,1.0072378444703751,0.742,0.902,0.87,0.032
3,mahalanobis_diag,intent_quantile_0.9,nearest_sphere,none,0.25,1.0072378444703751,0.742,0.902,0.87,0.032
3,mahalanobis_diag,intent_quantile_0.9,nearest_sphere,none,0.5,1.0072378444703751,0.742,0.902,0.87,0.032
3,mahalanobis_diag,intent_quantile_0.9,nearest_sphere,none,1.0,1.0072378444703751,0.742,0.902,0.87,0.032
3,mahalanobis_diag,intent_quantile_0.9,nearest_sphere,none,2.0,1.0072378444703751,0.742,0.902,0.87,0.032
3,mahalanobis_diag,intent_quantile_0.9,nearest_sphere,ratio,0.0,1.0072378444703751,0.742,0.902,0.87,0.032
3,mahalanobis_diag,intent_quantile_0.9,nearest_sphere,ratio,0.25,1.2464224887725082,0.772,0.902,0.876,0.026
3,mahalanobis_diag,intent_quantile_0.9,nearest_sphere,ratio,0.5,1.4880508978862228,0.772,0.902,0.876,0.026
3,mahalanobis_diag,intent_quantile_0.9,nearest_sphere,ratio,1.0,1.9761272289866407,0.812,0.902,0.884,0.018
3,mahalanobis_diag,intent_quantile_0.9,nearest_sphere,ratio,2.0,2.9413756160202036,0.812,0.902,0.884,0.018
3,mahalanobis_diag,intent_quantile_0.9,nearest_sphere,inverse_margin,0.0,1.0072378444703751,0.742,0.902,0.87,0.032
3,mahalanobis_diag,intent_quantile_0.9,nearest_sphere,inverse_margin,0.25,9.54039910734386,0.792,0.902,0.88,0.022
3,mahalanobis_diag,intent_quantile_0.9,nearest_sphere,inverse_margin,0.5,18.073560370217347,0.792,0.902,0.88,0.022
3,mahalanobis_diag,intent_quantile_0.9,nearest_sphere,inverse_margin,1.0,35.1567045639465,0.792,0.902,0.88,0.022
3,mahalanobis_diag,intent_quantile_0.9,nearest_sphere,inverse_margin,2.0,69.36885369253845,0.792,0.902,0.88,0.022
3,mahalanobis_diag,intent_quantile_0.9,nearest_sphere,max_ratio,0.0,1.0072378444703751,0.742,0.902,0.87,0.032
3,mahalanobis_diag,intent_quantile_0.9,nearest_sphere,max_ratio,0.25,1.0072378444703751,0.742,0.902,0.87,0.032
3,mahalanobis_diag,intent_quantile_0.9,nearest_sphere,max_ratio,0.5,1.0072378444703751,0.742,0.902,0.87,0.032
3,mahalanobis_diag,intent_quantile_0.9,nearest_sphere,max_ratio,1.0,1.0072378444703751,0.742,0.902,0.87,0.032
3,mahalanobis_diag,intent_quantile_0.9,nearest_sphere,max_ratio,2.0,1.9432014219667149,0.792,0.902,0.88,0.022
3,mahalanobis_diag,intent_quantile_0.9,normalized_union,none,0.0,1.0070376741496883,0.742,0.902,0.87,0.032
3,mahalanobis_diag,intent_quantile_0.9,normalized_union,none,0.25,1.0070376741496883,0.742,0.902,0.87,0.032
3,mahalanobis_diag,intent_quantile_0.9,normalized_union,none,0.5,1.0070376741496883,0.742,0.902,0.87,0.032
3,mahalanobis_diag,intent_quantile_0.9,normalized_union,none,1.0,1.0070376741496883,0.742,0.902,0.87,0.032
3,mahalanobis_diag,intent_quantile_0.9,normalized_union,none,2.0,1.0070376741496883,0.742,0.902,0.87,0.032
3,mahalanobis_diag,intent_quantile_0.9,normalized_union,ratio,0.0,1.0070376741496883,0.742,0.902,0.87,0.032
3,mahalanobis_diag,intent_quantile_0.9,normalized_union,ratio,0.25,1.244343084816681,0.762,0.902,0.874,0.028
3,mahalanobis_diag,intent_quantile_0.9,normalized_union,ratio,0.5,1.4854140333408865,0.782,0.902,0.878,0.024
3,mahalanobis_diag,intent_quantile_0.9,normalized_union,ratio,1.0,1.9750183940311352,0.812,0.902,0.884,0.018
3,mahalanobis_diag,intent_quantile_0.9,normalized_union,ratio,2.0,2.9413756160202036,0.802,0.902,0.882,0.02
3,mahalanobis_diag,intent_quantile_0.9,normalized_union,inverse_margin,0.0,1.0070376741496883,0.742,0.902,0.87,0.032
3,mahalanobis_diag,intent_quantile_0.9,normalized_union,inverse_margin,0.25,9.54039910734386,0.772,0.902,0.876,0.026
3,mahalanobis_diag,intent_quantile_0.9,normalized_union,inverse_margin,0.5,18.073560370217347,0.772,0.902,0.876,0.026
3,mahalanobis_diag,intent_quantile_0.9,normalized_union,inverse_margin,1.0,35.1567045639465,0.772,0.902,0.876,0.026
3,mahalanobis_diag,intent_quantile_0.9,normalized_union,inverse_margin,2.0,69.36885369253845,0.772,0.902,0.876,0.026
3,mahalanobis_diag,intent_quantile_0.9,normalized_union,max_ratio,0.0,1.0070376741496883,0.742,0.902,0.87,0.032
3,mahalanobis_diag,intent_quantile_0.9,normalized_union,max_ratio,0.25,1.0070376741496883,0.742,0.902,0.87,0.032
3,mahalanobis_diag,intent_quantile_0.9,normalized_union,max_ratio,0.5,1.0070376741496883,0.742,0.902,0.87,0.032
3,mahalanobis_diag,intent_quantile_0.9,normalized_union,max_ratio,1.0,1.0070376741496883,0.742,0.902,0.87,0.032
3,mahalanobis_diag,intent_quantile_0.9,normalized_union,max_ratio,2.0,1.9432014219667149,0.772,0.902,0.876,0.026
3,mahalanobis_diag,center_quantile_0.95,nearest_sphere,none,0.0,0.9729290440057493,0.742,0.902,0.87,0.032
3,mahalanobis_diag,center_quantile_0.95,nearest_sphere,none,0.25,0.9729290440057493,0.742,0.902,0.87,0.032
3,mahalanobis_diag,center_quantile_0.95,nearest_sphere,none,0.5,0.9729290440057493,0.742,0.902,0.87,0.032
3,mahalanobis_diag,center_quantile_0.95,nearest_sphere,none,1.0,0.9729290440057493,0.742,0.902,0.87,0.032
3,mahalanobis_diag,center_quantile_0.95,nearest_sphere,none,2.0,0.9729290440057493,0.742,0.902,0.87,0.032
3,mahalanobis_diag,center_quantile_0.95,nearest_sphere,ratio,0.0,0.9729290440057493,0.742,0.902,0.87,0.032
3,mahalanobis_diag,center_quantile_0.95,nearest_sphere,ratio,0.25,1.211549004881148,0.762,0.902,0.874,0.028
3,mahalanobis_diag,center_quantile_0.95,nearest_sphere,ratio,0.5,1.447120613565189,0.772,0.902,0.876,0.026
3,mahalanobis_diag,center_quantile_0.95,nearest_sphere,ratio,1.0,1.9299037460422377,0.812,0.902,0.884,0.018
3,mahalanobis_diag,center_quantile_0.95,nearest_sphere,ratio,2.0,2.8857144730940085,0.802,0.902,0.882,0.02
3,mahalanobis_diag,center_quantile_0.95,nearest_sphere,inverse_margin,0.0,0.9729290440057493,0.742,0.902,0.87,0.032
3,mahalanobis_diag,center_quantile_0.95,nearest_sphere,inverse_margin,0.25,9.504271196206378,0.792,0.902,0.88,0.022
3,mahalanobis_diag,center_quantile_0.95,nearest_sphere,inverse_margin,0.5,18.037432459079863,0.792,0.902,0.88,0.022
3,mahalanobis_diag,center_quantile_0.95,nearest_sphere,inverse_margin,1.0,35.103754984826836,0.792,0.902,0.88,0.022
3,mahalanobis_diag,center_quantile_0.95,nearest_sphere,inverse_margin,2.0,69.23640003632079,0.792,0.902,0.88,0.022
3,mahalanobis_diag,center_quantile_0.95,nearest_sphere,max_ratio,0.0,0.9729290440057493,0.742,0.902,0.87,0.032
3,mahalanobis_diag,center_quantile_0.95,nearest_sphere,max_ratio,0.25,0.9729290440057493,0.742,0.902,0.87,0.032
3,mahalanobis_diag,center_quantile_0.95,nearest_sphere,max_ratio,0.5,0.9729290440057493,0.742,0.902,0.87,0.032
3,mahalanobis_diag,center_quantile_0.95,nearest_sphere,max_ratio,1.0,0.9925724553348599,0.752,0.902,0.872,0.03
3,mahalanobis_diag,center_quantile_0.95,nearest_sphere,max_ratio,2.0,1.9432014219667149,0.792,0.902,0.88,0.022
3,mahalanobis_diag,center_quantile_0.95,normalized_union,none,0.0,0.9534323440443612,0.792,0.902,0.88,0.022
3,mahalanobis_diag,center_quantile_0.95,normalized_union,none,0.25,0.9534323440443612,0.792,0.902,0.88,0.022
3,mahalanobis_diag,center_quantile_0.95,normalized_union,none,0.5,0.9534323440443612,0.792,0.902,0.88,0.022
3,mahalanobis_diag,center_quantile_0.95,normalized_union,none,1.0,0.9534323440443612,0.792,0.902,0.88,0.022
3,mahalanobis_diag,center_quantile_0.95,normalized_union,none,2.0,0.9534323440443612,0.792,0.902,0.88,0.022
3,mahalanobis_diag,center_quantile_0.95,normalized_union,ratio,0.0,0.9534323440443612,0.792,0.902,0.88,0.022
3,mahalanobis_diag,center_quantile_0.95,normalized_union,ratio,0.25,1.1950789457066242,0.802,0.902,0.882,0.02
3,mahalanobis_diag,center_quantile_0.95,normalized_union,ratio,0.5,1.4331182812555872,0.832,0.902,0.888,0.014
3,mahalanobis_diag,center_quantile_0.95,normalized_union,ratio,1.0,1.891920887667196,0.832,0.902,0.888,0.014
3,mahalanobis_diag,center_quantile_0.95,normalized_union,ratio,2.0,2.831336984499191,0.862,0.902,0.894,0.008
3,mahalanobis_diag,center_quantile_0.95,normalized_union,inverse_margin,0.0,0.9534323440443612,0.792,0.902,0.88,0.022
3,mahalanobis_diag,center_quantile_0.95,normalized_union,inverse_margin,0.25,9.346490713824798,0.842,0.902,0.89,0.012
3,mahalanobis_diag,center_quantile_0.95,normalized_union,inverse_margin,0.5,17.879651976698284,0.842,0.902,0.89,0.012
3,mahalanobis_diag,center_quantile_0.95,normalized_union,inverse_margin,1.0,34.94597450244525,0.842,0.902,0.89,0.012
3,mahalanobis_diag,center_quantile_0.95,normalized_union,inverse_margin,2.0,69.1434106114472,0.842,0.902,0.89,0.012
3,mahalanobis_diag,center_quantile_0.95,normalized_union,max_ratio,0.0,0.9534323440443612,0.792,0.902,0.88,0.022
3,mahalanobis_diag,center_quantile_0.95,normalized_union,max_ratio,0.25,0.9534323440443612,0.792,0.902,0.88,0.022
3,mahalanobis_diag,center_quantile_0.95,normalized_union,max_ratio,0.5,0.9534323440443612,0.792,0.902,0.88,0.022
3,mahalanobis_diag,center_quantile_0.95,normalized_union,max_ratio,1.0,0.9863335938950768,0.842,0.902,0.89,0.012
3,mahalanobis_diag,center_quantile_0.95,normalized_union,max_ratio,2.0,1.9432014219667149,0.842,0.902,0.89,0.012
3,mahalanobis_diag,intent_quantile_0.95,nearest_sphere,none,0.0,0.9769370698598636,0.762,0.902,0.874,0.028
3,mahalanobis_diag,intent_quantile_0.95,nearest_sphere,none,0.25,0.9769370698598636,0.762,0.902,0.874,0.028
3,mahalanobis_diag,intent_quantile_0.95,nearest_sphere,none,0.5,0.9769370698598636,0.762,0.902,0.874,0.028
3,mahalanobis_diag,intent_quantile_0.95,nearest_sphere,none,1.0,0.9769370698598636,0.762,0.902,0.874,0.028
3,mahalanobis_diag,intent_quantile_0.95,nearest_sphere,none,2.0,0.9769370698598636,0.762,0.902,0.874,0.028
3,mahalanobis_diag,intent_quantile_0.95,nearest_sphere,ratio,0.0,0.9769370698598636,0.762,0.902,0.874,0.028
3,mahalanobis_diag,intent_quantile_0.95,nearest_sphere,ratio,0.25,1.2150186663988856,0.772,0.902,0.876,0.026
3,mahalanobis_diag,intent_quantile_0.95,nearest_sphere,ratio,0.5,1.455995653126517,0.772,0.902,0.876,0.026
3,mahalanobis_diag,intent_quantile_0.95,nearest_sphere,ratio,1.0,1.940012500547403,0.812,0.902,0.884,0.018
3,mahalanobis_diag,intent_quantile_0.95,nearest_sphere,ratio,2.0,2.90481230507433,0.802,0.902,0.882,0.02
3,mahalanobis_diag,intent_quantile_0.95,nearest_sphere,inverse_margin,0.0,0.9769370698598636,0.762,0.902,0.874,0.028
3,mahalanobis_diag,intent_quantile_0.95,nearest_sphere,inverse_margin,0.25,9.512775153447297,0.792,0.902,0.88,0.022
3,mahalanobis_diag,intent_quantile_0.95,nearest_sphere,inverse_margin,0.5,18.04593641632078,0.792,0.902,0.88,0.022
3,mahalanobis_diag,intent_quantile_0.95,nearest_sphere,inverse_margin,1.0,35.12023444458248,0.792,0.902,0.88,0.022
3,mahalanobis_diag,intent_quantile_0.95,nearest_sphere,inverse_margin,2.0,69.33238357317443,0.792,0.902,0.88,0.022
3,mahalanobis_diag,intent_quantile_0.95,nearest_sphere,max_ratio,0.0,0.9769370698598636,0.762,0.902,0.874,0.028
3,mahalanobis_diag,intent_quantile_0.95,nearest_sphere,max_ratio,0.25,0.9769370698598636,0.762,0.902,0.874,0.028
3,mahalanobis_diag,intent_quantile_0.95,nearest_sphere,max_ratio,0.5,0.9769370698598636,0.762,0.902,0.874,0.028
3,mahalanobis_diag,intent_quantile_0.95,nearest_sphere,max_ratio,1.0,0.9932680457261293,0.762,0.902,0.874,0.028
3,mahalanobis_diag,intent_quantile_0.95,nearest_sphere,max_ratio,2.0,1.9432014219667149,0.792,0.902,0.88,0.022
3,mahalanobis_diag,intent_quantile_0.95,normalized_union,none,0.0,0.9753130386915904,0.742,0.902,0.87,0.032
3,mahalanobis_diag,intent_quantile_0.95,normalized_union,none,0.25,0.9753130386915904,0.742,0.902,0.87,0.032
3,mahalanobis_diag,intent_quantile_0.95,normalized_union,none,0.5,0.9753130386915904,0.742,0.902,0.87,0.032
3,mahalanobis_diag,intent_quantile_0.95,normalized_union,none,1.0,0.9753130386915904,0.742,0.902,0.87,0.032
3,mahalanobis_diag,intent_quantile_0.95,normalized_union,none,2.0,0.9753130386915904,0.742,0.902,0.87,0.032
3,mahalanobis_diag,intent_quantile_0.95,normalized_union,ratio,0.0,0.9753130386915904,0.742,0.902,0.87,0.032
3,mahalanobis_diag,intent_quantile_0.95,normalized_union,ratio,0.25,1.2117943599827268,0.762,0.902,0.874,0.028
3,mahalanobis_diag,intent_quantile_0.95,normalized_union,ratio,0.5,1.45392154509917,0.782,0.902,0.878,0.024
3,mahalanobis_diag,intent_quantile_0.95,normalized_union,ratio,1.0,1.940012500547403,0.822,0.902,0.886,0.016
3,mahalanobis_diag,intent_quantile_0.95,normalized_union,ratio,2.0,2.8984061910039447,0.812,0.902,0.884,0.018
3,mahalanobis_diag,intent_quantile_0.95,normalized_union,inverse_margin,0.0,0.9753130386915904,0.742,0.902,0.87,0.032
3,mahalanobis_diag,intent_quantile_0.95,normalized_union,inverse_margin,0.25,9.512775153447297,0.802,0.902,0.882,0.02
3,mahalanobis_diag,intent_quantile_0.95,normalized_union,inverse_margin,0.5,18.04593641632078,0.802,0.902,0.882,0.02
3,mahalanobis_diag,intent_quantile_0.95,normalized_union,inverse_margin,1.0,35.12023444458248,0.802,0.902,0.882,0.02
3,mahalanobis_diag,intent_quantile_0.95,normalized_union,inverse_margin,2.0,69.33238357317443,0.802,0.902,0.882,0.02
3,mahalanobis_diag,intent_quantile_0.95,normalized_union,max_ratio,0.0,0.9753130386915904,0.742,0.902,0.87,0.032
3,mahalanobis_diag,intent_quantile_0.95,normalized_union,max_ratio,0.25,0.9753130386915904,0.742,0.902,0.87,0.032
3,mahalanobis_diag,intent_quantile_0.95,normalized_union,max_ratio,0.5,0.9753130386915904,0.742,0.902,0.87,0.032
3,mahalanobis_diag,intent_quantile_0.95,normalized_union,max_ratio,1.0,0.9932680457261293,0.772,0.902,0.876,0.026
3,mahalanobis_diag,intent_quantile_0.95,normalized_union,max_ratio,2.0,1.9432014219667149,0.802,0.902,0.882,0.02
3,mahalanobis_diag,center_quantile_0.99,nearest_sphere,none,0.0,0.9295545000428234,0.712,0.902,0.864,0.038
3,mahalanobis_diag,center_quantile_0.99,nearest_sphere,none,0.25,0.9295545000428234,0.712,0.902,0.864,0.038
3,mahalanobis_diag,center_quantile_0.99,nearest_sphere,none,0.5,0.9295545000428234,0.712,0.902,0.864,0.038
3,mahalanobis_diag,center_quantile_0.99,nearest_sphere,none,1.0,0.9295545000428234,0.712,0.902,0.864,0.038
3,mahalanobis_diag,center_quantile_0.99,nearest_sphere,none,2.0,0.9295545000428234,0.712,0.902,0.864,0.038
3,mahalanobis_diag,center_quantile_0.99,nearest_sphere,ratio,0.0,0.9295545000428234,0.712,0.902,0.864,0.038
3,mahalanobis_diag,center_quantile_0.99,nearest_sphere,ratio,0.25,1.163236944911787,0.752,0.902,0.872,0.03
3,mahalanobis_diag,center_quantile_0.99,nearest_sphere,ratio,0.5,1.4019989888097366,0.752,0.902,0.872,0.03
3,mahalanobis_diag,center_quantile_0.99,nearest_sphere,ratio,1.0,1.8808525462054662,0.772,0.902,0.876,0.026
3,mahalanobis_diag,center_quantile_0.99,nearest_sphere,ratio,2.0,2.835762413409362,0.802,0.902,0.882,0.02
3,mahalanobis_diag,center_quantile_0.99,nearest_sphere,inverse_margin,0.0,0.9295545000428234,0.712,0.902,0.864,0.038
3,mahalanobis_diag,center_quantile_0.99,nearest_sphere,inverse_margin,0.25,9.44062292569449,0.792,0.902,0.88,0.022
3,mahalanobis_diag,center_quantile_0.99,nearest_sphere,inverse_margin,0.5,17.973784188567976,0.792,0.902,0.88,0.022
3,mahalanobis_diag,center_quantile_0.99,nearest_sphere,inverse_margin,1.0,35.040106714314945,0.792,0.902,0.88,0.022
3,mahalanobis_diag,center_quantile_0.99,nearest_sphere,inverse_margin,2.0,69.1727517658089,0.792,0.902,0.88,0.022
3,mahalanobis_diag,center_quantile_0.99,nearest_sphere,max_ratio,0.0,0.9295545000428234,0.712,0.902,0.864,0.038
3,mahalanobis_diag,center_quantile_0.99,nearest_sphere,max_ratio,0.25,0.9295545000428234,0.712,0.902,0.864,0.038
3,mahalanobis_diag,center_quantile_0.99,nearest_sphere,max_ratio,0.5,0.9295545000428234,0.712,0.902,0.864,0.038
3,mahalanobis_diag,center_quantile_0.99,nearest_sphere,max_ratio,1.0,0.9771529828797164,0.742,0.902,0.87,0.032
3,mahalanobis_diag,center_quantile_0.99,nearest_sphere,max_ratio,2.0,1.9432014219667149,0.792,0.902,0.88,0.022
3,mahalanobis_diag,center_quantile_0.99,normalized_union,none,0.0,0.9080973964296184,0.842,0.902,0.89,0.012
3,mahalanobis_diag,center_quantile_0.99,normalized_union,none,0.25,0.9080973964296184,0.842,0.902,0.89,0.012
3,mahalanobis_diag,center_quantile_0.99,normalized_union,none,0.5,0.9080973964296184,0.842,0.902,0.89,0.012
3,mahalanobis_diag,center_quantile_0.99,normalized_union,none,1.0,0.9080973964296184,0.842,0.902,0.89,0.012
3,mahalanobis_diag,center_quantile_0.99,normalized_union,none,2.0,0.9080973964296184,0.842,0.902,0.89,0.012
3,mahalanobis_diag,center_quantile_0.99,normalized_union,ratio,0.0,0.9080973964296184,0.842,0.902,0.89,0.012
3,mahalanobis_diag,center_quantile_0.99,normalized_union,ratio,0.25,1.1429655129893188,0.842,0.902,0.89,0.012
3,mahalanobis_diag,center_quantile_0.99,normalized_union,ratio,0.5,1.3747392274010102,0.842,0.902,0.89,0.012
3,mahalanobis_diag,center_quantile_0.99,normalized_union,ratio,1.0,1.8429449759247163,0.852,0.902,0.892,0.01
3,mahalanobis_diag,center_quantile_0.99,normalized_union,ratio,2.0,2.7833477732782077,0.872,0.902,0.896,0.006
3,mahalanobis_diag,center_quantile_0.99,normalized_union,inverse_margin,0.0,0.9080973964296184,0.842,0.902,0.89,0.012
3,mahalanobis_diag,center_quantile_0.99,normalized_union,inverse_margin,0.25,9.29255542572252,0.862,0.902,0.894,0.008
3,mahalanobis_diag,center_quantile_0.99,normalized_union,inverse_margin,0.5,17.825716688596007,0.862,0.902,0.894,0.008
3,mahalanobis_diag,center_quantile_0.99,normalized_union,inverse_margin,1.0,34.89203921434298,0.862,0.902,0.894,0.008
3,mahalanobis_diag,center_quantile_0.99,normalized_union,inverse_margin,2.0,69.09572325430092,0.862,0.902,0.894,0.008
3,mahalanobis_diag,center_quantile_0.99,normalized_union,max_ratio,0.0,0.9080973964296184,0.842,0.902,0.89,0.012
3,mahalanobis_diag,center_quantile_0.99,normalized_union,max_ratio,0.25,0.9080973964296184,0.842,0.902,0.89,0.012
3,mahalanobis_diag,center_quantile_0.99,normalized_union,max_ratio,0.5,0.9080973964296184,0.842,0.902,0.89,0.012
3,mahalanobis_diag,center_quantile_0.99,normalized_union,max_ratio,1.0,0.9734832780691957,0.862,0.902,0.894,0.008
3,mahalanobis_diag,center_quantile_0.99,normalized_union,max_ratio,2.0,1.9432014219667149,0.862,0.902,0.894,0.008
3,mahalanobis_diag,intent_quantile_0.99,nearest_sphere,none,0.0,0.9335267435899576,0.762,0.902,0.874,0.028
3,mahalanobis_diag,intent_quantile_0.99,nearest_sphere,none,0.25,0.9335267435899576,0.762,0.902,0.874,0.028
3,mahalanobis_diag,intent_quantile_0.99,nearest_sphere,none,0.5,0.9335267435899576,0.762,0.902,0.874,0.028
3,mahalanobis_diag,intent_quantile_0.99,nearest_sphere,none,1.0,0.9335267435899576,0.762,0.902,0.874,0.028
3,mahalanobis_diag,intent_quantile_0.99,nearest_sphere,none,2.0,0.9335267435899576,0.762,0.902,0.874,0.028
3,mahalanobis_diag,intent_quantile_0.99,nearest_sphere,ratio,0.0,0.9335267435899576,0.762,0.902,0.874,0.028
3,mahalanobis_diag,intent_quantile_0.99,nearest_sphere,ratio,0.25,1.1702341437536408,0.772,0.902,0.876,0.026
3,mahalanobis_diag,intent_quantile_0.99,nearest_sphere,ratio,0.5,1.4108337979548016,0.802,0.902,0.882,0.02
3,mahalanobis_diag,intent_quantile_0.99,nearest_sphere,ratio,1.0,1.8899150882516542,0.812,0.902,0.884,0.018
3,mahalanobis_diag,intent_quantile_0.99,nearest_sphere,ratio,2.0,2.855433756163264,0.792,0.902,0.88,0.022
3,mahalanobis_diag,intent_quantile_0.99,nearest_sphere,inverse_margin,0.0,0.9335267435899576,0.762,0.902,0.874,0.028
3,mahalanobis_diag,intent_quantile_0.99,nearest_sphere,inverse_margin,0.25,9.47086264902887,0.792,0.902,0.88,0.022
3,mahalanobis_diag,intent_quantile_0.99,nearest_sphere,inverse_margin,0.5,18.004023911902355,0.792,0.902,0.88,0.022
3,mahalanobis_diag,intent_quantile_0.99,nearest_sphere,inverse_margin,1.0,35.072787807118175,0.792,0.902,0.88,0.022
3,mahalanobis_diag,intent_quantile_0.99,nearest_sphere,inverse_margin,2.0,69.28493693571014,0.792,0.902,0.88,0.022
3,mahalanobis_diag,intent_quantile_0.99,nearest_sphere,max_ratio,0.0,0.9335267435899576,0.762,0.902,0.874,0.028
3,mahalanobis_diag,intent_quantile_0.99,nearest_sphere,max_ratio,0.25,0.9335267435899576,0.762,0.902,0.874,0.028
3,mahalanobis_diag,intent_quantile_0.99,nearest_sphere,max_ratio,0.5,0.9335267435899576,0.762,0.902,0.874,0.028
3,mahalanobis_diag,intent_quantile_0.99,nearest_sphere,max_ratio,1.0,0.9771317588953123,0.772,0.902,0.876,0.026
3,mahalanobis_diag,intent_quantile_0.99,nearest_sphere,max_ratio,2.0,1.9432014219667149,0.792,0.902,0.88,0.022
3,mahalanobis_diag,intent_quantile_0.99,normalized_union,none,0.0,0.9324832448585016,0.762,0.902,0.874,0.028
3,mahalanobis_diag,intent_quantile_0.99,normalized_union,none,0.25,0.9324832448585016,0.762,0.902,0.874,0.028
3,mahalanobis_diag,intent_quantile_0.99,normalized_union,none,0.5,0.9324832448585016,0.762,0.902,0.874,0.028
3,mahalanobis_diag,intent_quantile_0.99,normalized_union,none,1.0,0.9324832448585016,0.762,0.902,0.874,0.028
3,mahalanobis_diag,intent_quantile_0.99,normalized_union,none,2.0,0.9324832448585016,0.762,0.902,0.874,0.028
3,mahalanobis_diag,intent_quantile_0.99,normalized_union,ratio,0.0,0.9324832448585016,0.762,0.902,0.874,0.028
3,mahalanobis_diag,intent_quantile_0.99,normalized_union,ratio,0.25,1.167342290849589,0.762,0.902,0.874,0.028
3,mahalanobis_diag,intent_quantile_0.99,normalized_union,ratio,0.5,1.409710754272941,0.802,0.902,0.882,0.02
3,mahalanobis_diag,intent_quantile_0.99,normalized_union,ratio,1.0,1.8896648490013224,0.822,0.902,0.886,0.016
3,mahalanobis_diag,intent_quantile_0.99,normalized_union,ratio,2.0,2.850940008639835,0.802,0.902,0.882,0.02
3,mahalanobis_diag,intent_quantile_0.99,normalized_union,inverse_margin,0.0,0.9324832448585016,0.762,0.902,0.874,0.028
3,mahalanobis_diag,intent_quantile_0.99,normalized_union,inverse_margin,0.25,9.47086264902887,0.802,0.902,0.882,0.02
3,mahalanobis_diag,intent_quantile_0.99,normalized_union,inverse_margin,0.5,18.004023911902355,0.802,0.902,0.882,0.02
3,mahalanobis_diag,intent_quantile_0.99,normalized_union,inverse_margin,1.0,35.072787807118175,0.802,0.902,0.882,0.02
3,mahalanobis_diag,intent_quantile_0.99,normalized_union,inverse_margin,2.0,69.28493693571014,0.802,0.902,0.882,0.02
3,mahalanobis_diag,intent_quantile_0.99,normalized_union,max_ratio,0.0,0.9324832448585016,0.762,0.902,0.874,0.028
3,mahalanobis_diag,intent_quantile_0.99,normalized_union,max_ratio,0.25,0.9324832448585016,0.762,0.902,0.874,0.028
3,mahalanobis_diag,intent_quantile_0.99,normalized_union,max_ratio,0.5,0.9324832448585016,0.762,0.902,0.874,0.028
3,mahalanobis_diag,intent_quantile_0.99,normalized_union,max_ratio,1.0,0.9771317588953123,0.792,0.902,0.88,0.022
3,mahalanobis_diag,intent_quantile_0.99,normalized_union,max_ratio,2.0,1.9432014219667149,0.802,0.902,0.882,0.02
4,euclidean,mean_std_0.0,nearest_sphere,none,0.0,1.1380099920887063,0.742,0.902,0.87,0.032
4,euclidean,mean_std_0.0,nearest_sphere,none,0.25,1.1380099920887063,0.742,0.902,0.87,0.032
4,euclidean,mean_std_0.0,nearest_sphere,none,0.5,1.1380099920887063,0.742,0.902,0.87,0.032
4,euclidean,mean_std_0.0,nearest_sphere,none,1.0,1.1380099920887063,0.742,0.902,0.87,0.032
4,euclidean,mean_std_0.0,nearest_sphere,none,2.0,1.1380099920887063,0.742,0.902,0.87,0.032
4,euclidean,mean_std_0.0,nearest_sphere,ratio,0.0,1.1380099920887063,0.742,0.902,0.87,0.032
4,euclidean,mean_std_0.0,nearest_sphere,ratio,0.25,1.342964509819343,0.762,0.902,0.874,0.028
4,euclidean,mean_std_0.0,nearest_sphere,ratio,0.5,1.565287419195268,0.802,0.902,0.882,0.02
4,euclidean,mean_std_0.0,nearest_sphere,ratio,1.0,2.009694995810934,0.852,0.902,0.892,0.01
4,euclidean,mean_std_0.0,nearest_sphere,ratio,2.0,2.9379235111349713,0.862,0.902,0.894,0.008
4,euclidean,mean_std_0.0,nearest_sphere,inverse_margin,0.0,1.1380099920887063,0.742,0.902,0.87,0.032
4,euclidean,mean_std_0.0,nearest_sphere,inverse_margin,0.25,4.9355804944904,0.892,0.902,0.9,0.002
4,euclidean,mean_std_0.0,nearest_sphere,inverse_margin,0.5,8.872611862326956,0.892,0.902,0.9,0.002
4,euclidean,mean_std_0.0,nearest_sphere,inverse_margin,1.0,16.746674598000066,0.892,0.902,0.9,0.002
4,euclidean,mean_std_0.0,nearest_sphere,inverse_margin,2.0,32.49480006934629,0.892,0.902,0.9,0.002
4,euclidean,mean_std_0.0,nearest_sphere,max_ratio,0.0,1.1380099920887063,0.742,0.902,0.87,0.032
4,euclidean,mean_std_0.0,nearest_sphere,max_ratio,0.25,1.1380099920887063,0.742,0.902,0.87,0.032
4,euclidean,mean_std_0.0,nearest_sphere,max_ratio,0.5,1.1380099920887063,0.742,0.902,0.87,0.032
4,euclidean,mean_std_0.0,nearest_sphere,max_ratio,1.0,1.1380099920887063,0.742,0.902,0.87,0.032
4,euclidean,mean_std_0.0,nearest_sphere,max_ratio,2.0,1.88058365078398,0.892,0.902,0.9,0.002
4,euclidean,mean_std_0.0,normalized_union,none,0.0,1.0036933786758997,0.772,0.902,0.876,0.026
4,euclidean,mean_std_0.0,normalized_union,none,0.25,1.0036933786758997,0.772,0.902,0.876,0.026
4,euclidean,mean_std_0.0,normalized_union,none,0.5,1.0036933786758997,0.772,0.902,0.876,0.026
4,euclidean,mean_std_0.0,normalized_union,none,1.0,1.0036933786758997,0.772,0.902,0.876,0.026
4,euclidean,mean_std_0.0,normalized_union,none,2.0,1.0036933786758997,0.772,0.902,0.876,0.026
4,euclidean,mean_std_0.0,normalized_union,ratio,0.0,1.0036933786758997,0.772,0.902,0.876,0.026
4,euclidean,mean_std_0.0,normalized_union,ratio,0.25,1.2326540116612994,0.802,0.902,0.882,0.02
4,euclidean,mean_std_0.0,normalized_union,ratio,0.5,1.4617989435513619,0.822,0.902,0.886,0.016
4,euclidean,mean_std_0.0,normalized_union,ratio,1.0,1.9280926420308826,0.832,0.902,0.888,0.014
4,euclidean,mean_std_0.0,normalized_union,ratio,2.0,2.8800632249723788,0.862,0.902,0.894,0.008
4,euclidean,mean_std_0.0,normalized_union,inverse_margin,0.0,1.0036933786758997,0.772,0.902,0.876,0.026
4,euclidean,mean_std_0.0,normalized_union,inverse_margin,0.25,4.9355804944904,0.872,0.902,0.896,0.006
4,euclidean,mean_std_0.0,normalized_union,inverse_margin,0.5,8.872611862326956,0.872,0.902,0.896,0.006
4,euclidean,mean_std_0.0,normalized_union,inverse_margin,1.0,16.746674598000066,0.872,0.902,0.896,0.006
4,euclidean,mean_std_0.0,normalized_union,inverse_margin,2.0,32.49480006934629,0.872,0.902,0.896,0.006
4,euclidean,mean_std_0.0,normalized_union,max_ratio,0.0,1.0036933786758997,0.772,0.902,0.876,0.026
4,euclidean,mean_std_0.0,normalized_union,max_ratio,0.25,1.0036933786758997,0.772,0.902,0.876,0.026
4,euclidean,mean_std_0.0,normalized_union,max_ratio,0.5,1.0036933786758997,0.772,0.902,0.876,0.026
4,euclidean,mean_std_0.0,normalized_union,max_ratio,1.0,1.0036933786758997,0.772,0.902,0.876,0.026
4,euclidean,mean_std_0.0,normalized_union,max_ratio,2.0,1.88058365078398,0.872,0.902,0.896,0.006
4,euclidean,mean_std_0.25,nearest_sphere,none,0.0,1.1054112172699737,0.742,0.902,0.87,0.032
4,euclidean,mean_std_0.25,nearest_sphere,none,0.25,1.1054112172699737,0.742,0.902,0.87,0.032
4,euclidean,mean_std_0.25,nearest_sphere,none,0.5,1.1054112172699737,0.742,0.902,0.87,0.032
4,euclidean,mean_std_0.25,nearest_sphere,none,1.0,1.1054112172699737,0.742,0.902,0.87,0.032
4,euclidean,mean_std_0.25,nearest_sphere,none,2.0,1.1054112172699737,0.742,0.902,0.87,0.032
4,euclidean,mean_std_0.25,nearest_sphere,ratio,0.0,1.1054112172699737,0.742,0.902,0.87,0.032
4,euclidean,mean_std_0.25,nearest_sphere,ratio,0.25,1.312219739699588,0.762,0.902,0.874,0.028
4,euclidean,mean_std_0.25,nearest_sphere,ratio,0.5,1.5347403868488259,0.822,0.902,0.886,0.016
4,euclidean,mean_std_0.25,nearest_sphere,ratio,1.0,1.9831592262711921,0.852,0.902,0.892,0.01
4,euclidean,mean_std_0.25,nearest_sphere,ratio,2.0,2.919369541857515,0.862,0.902,0.894,0.008
4,euclidean,mean_std_0.25,nearest_sphere,inverse_margin,0.0,1.1054112172699737,0.742,0.902,0.87,0.032
4,euclidean,mean_std_0.25,nearest_sphere,inverse_margin,0.25,4.918712213618056,0.892,0.902,0.9,0.002
4,euclidean,mean_std_0.25,nearest_sphere,inverse_margin,0.5,8.855743581454611,0.892,0.902,0.9,0.002
4,euclidean,mean_std_0.25,nearest_sphere,inverse_margin,1.0,16.72980631712772,0.892,0.902,0.9,0.002
4,euclidean,mean_std_0.25,nearest_sphere,inverse_margin,2.0,32.477931788473946,0.892,0.902,0.9,0.002
4,euclidean,mean_std_0.25,nearest_sphere,max_ratio,0.0,1.1054112172699737,0.742,0.902,0.87,0.032
4,euclidean,mean_std_0.25,nearest_sphere,max_ratio,0.25,1.1054112172699737,0.742,0.902,0.87,0.032
4,euclidean,mean_std_0.25,nearest_sphere,max_ratio,0.5,1.1054112172699737,0.742,0.902,0.87,0.032
4,euclidean,mean_std_0.25,nearest_sphere,max_ratio,1.0,1.1054112172699737,0.742,0.902,0.87,0.032
4,euclidean,mean_std_0.25,nearest_sphere,max_ratio,2.0,1.88058365078398,0.892,0.902,0.9,0.002
4,euclidean,mean_std_0.25,normalized_union,none,0.0,0.9894932331771623,0.782,0.902,0.878,0.024
4,euclidean,mean_std_0.25,normalized_union,none,0.25,0.9894932331771623,0.782,0.902,0.878,0.024
4,euclidean,mean_std_0.25,normalized_union,none,0.5,0.9894932331771623,0.782,0.902,0.878,0.024
4,euclidean,mean_std_0.25,normalized_union,none,1.0,0.9894932331771623,0.782,0.902,0.878,0.024
4,euclidean,mean_std_0.25,normalized_union,none,2.0,0.9894932331771623,0.782,0.902,0.878,0.024
4,euclidean,mean_std_0.25,normalized_union,ratio,0.0,0.9894932331771623,0.782,0.902,0.878,0.024
4,euclidean,mean_std_0.25,normalized_union,ratio,0.25,1.2172694476318462,0.802,0.902,0.882,0.02
4,euclidean,mean_std_0.25,normalized_union,ratio,0.5,1.448002809380117,0.822,0.902,0.886,0.016
4,euclidean,mean_std_0.25,normalized_union,ratio,1.0,1.9153603458315211,0.832,0.902,0.888,0.014
4,euclidean,mean_std_0.25,normalized_union,ratio,2.0,2.863353389426498,0.862,0.902,0.894,0.008
4,euclidean,mean_std_0.25,normalized_union,inverse_margin,0.0,0.9894932331771623,0.782,0.902,0.878,0.024
4,euclidean,mean_std_0.25,normalized_union,inverse_margin,0.25,4.918712213618056,0.872,0.902,0.896,0.006
4,euclidean,mean_std_0.25,normalized_union,inverse_margin,0.5,8.855743581454611,0.872,0.902,0.896,0.006
4,euclidean,mean_std_0.25,normalized_union,inverse_margin,1.0,16.72980631712772,0.872,0.902,0.896,0.006
4,euclidean,mean_std_0.25,normalized_union,inverse_margin,2.0,32.477931788473946,0.872,0.902,0.896,0.006
4,euclidean,mean_std_0.25,normalized_union,max_ratio,0.0,0.9894932331771623,0.782,0.902,0.878,0.024
4,euclidean,mean_std_0.25,normalized_union,max_ratio,0.25,0.9894932331771623,0.782,0.902,0.878,0.024
4,euclidean,mean_std_0.25,normalized_union,max_ratio,0.5,0.9894932331771623,0.782,0.902,0.878,0.024
4,euclidean,mean_std_0.25,normalized_union,max_ratio,1.0,0.9930702480900444,0.782,0.902,0.878,0.024
4,euclidean,mean_std_0.25,normalized_union,max_ratio,2.0,1.88058365078398,0.872,0.902,0.896,0.006
4,euclidean,mean_std_0.5,nearest_sphere,none,0.0,1.076058160104475,0.752,0.902,0.872,0.03
4,euclidean,mean_std_0.5,nearest_sphere,none,0.25,1.076058160104475,0.752,0.902,0.872,0.03
4,euclidean,mean_std_0.5,nearest_sphere,none,0.5,1.076058160104475,0.752,0.902,0.872,0.03
4,euclidean,mean_std_0.5,nearest_sphere,none,1.0,1.076058160104475,0.752,0.902,0.872,0.03
4,euclidean,mean_std_0.5,nearest_sphere,none,2.0,1.076058160104475,0.752,0.902,0.872,0.03
4,euclidean,mean_std_0.5,nearest_sphere,ratio,0.0,1.076058160104475,0.752,0.902,0.872,0.03
4,euclidean,mean_std_0.5,nearest_sphere,ratio,0.25,1.2901853726150618,0.792,0.902,0.88,0.022
4,euclidean,mean_std_0.5,nearest_sphere,ratio,0.5,1.514053937317428,0.842,0.902,0.89,0.012
4,euclidean,mean_std_0.5,nearest_sphere,ratio,1.0,1.9578205972493352,0.852,0.902,0.892,0.01
4,euclidean,mean_std_0.5,nearest_sphere,ratio,2.0,2.907184801934771,0.862,0.902,0.894,0.008
4,euclidean,mean_std_0.5,nearest_sphere,inverse_margin,0.0,1.076058160104475,0.752,0.902,0.872,0.03
4,euclidean,mean_std_0.5,nearest_sphere,inverse_margin,0.25,4.902404370054506,0.892,0.902,0.9,0.002
4,euclidean,mean_std_0.5,nearest_sphere,inverse_margin,0.5,8.839435737891062,0.892,0.902,0.9,0.002
4,euclidean,mean_std_0.5,nearest_sphere,inverse_margin,1.0,16.713498473564172,0.892,0.902,0.9,0.002
4,euclidean,mean_std_0.5,nearest_sphere,inverse_margin,2.0,32.46162394491039,0.892,0.902,0.9,0.002
4,euclidean,mean_std_0.5,nearest_sphere,max_ratio,0.0,1.076058160104475,0.752,0.902,0.872,0.03
4,euclidean,mean_std_0.5,nearest_sphere,max_ratio,0.25,1.076058160104475,0.752,0.902,0.872,0.03
4,euclidean,mean_std_0.5,nearest_sphere,max_ratio,0.5,1.076058160104475,0.752,0.902,0.872,0.03
4,euclidean,mean_std_0.5,nearest_sphere,max_ratio,1.0,1.076058160104475,0.752,0.902,0.872,0.03
4,euclidean,mean_std_0.5,nearest_sphere,max_ratio,2.0,1.88058365078398,0.892,0.902,0.9,0.002
4,euclidean,mean_std_0.5,normalized_union,none,0.0,0.9759002372394582,0.792,0.902,0.88,0.022
4,euclidean,mean_std_0.5,normalized_union,none,0.25,0.9759002372394582,0.792,0.902,0.88,0.022
4,euclidean,mean_std_0.5,normalized_union,none,0.5,0.9759002372394582,0.792,0.902,0.88,0.022
4,euclidean,mean_std_0.5,normalized_union,none,1.0,0.9759002372394582,0.792,0.902,0.88,0.022
4,euclidean,mean_std_0.5,normalized_union,none,2.0,0.9759002372394582,0.792,0.902,0.88,0.022
4,euclidean,mean_std_0.5,normalized_union,ratio,0.0,0.9759002372394582,0.792,0.902,0.88,0.022
4,euclidean,mean_std_0.5,normalized_union,ratio,0.25,1.2042194809104894,0.802,0.902,0.882,0.02
4,euclidean,mean_std_0.5,normalized_union,ratio,0.5,1.4350722172594965,0.822,0.902,0.886,0.016
4,euclidean,mean_std_0.5,normalized_union,ratio,1.0,1.9019761908883426,0.832,0.902,0.888,0.014
4,euclidean,mean_std_0.5,normalized_union,ratio,2.0,2.846640931164122,0.862,0.902,0.894,0.008
4,euclidean,mean_std_0.5,normalized_union,inverse_margin,0.0,0.9759002372394582,0.792,0.902,0.88,0.022
4,euclidean,mean_std_0.5,normalized_union,inverse_margin,0.25,4.902404370054506,0.872,0.902,0.896,0.006
4,euclidean,mean_std_0.5,normalized_union,inverse_margin,0.5,8.839435737891062,0.872,0.902,0.896,0.006
4,euclidean,mean_std_0.5,normalized_union,inverse_margin,1.0,16.713498473564172,0.872,0.902,0.896,0.006
4,euclidean,mean_std_0.5,normalized_union,inverse_margin,2.0,32.46162394491039,0.872,0.902,0.896,0.006
4,euclidean,mean_std_0.5,normalized_union,max_ratio,0.0,0.9759002372394582,0.792,0.902,0.88,0.022
4,euclidean,mean_std_0.5,normalized_union,max_ratio,0.25,0.9759002372394582,0.792,0.902,0.88,0.022
4,euclidean,mean_std_0.5,normalized_union,max_ratio,0.5,0.9759002372394582,0.792,0.902,0.88,0.022
4,euclidean,mean_std_0.5,normalized_union,max_ratio,1.0,0.9811886239548004,0.832,0.902,0.888,0.014
4,euclidean,mean_std_0.5,normalized_union,max_ratio,2.0,1.88058365078398,0.872,0.902,0.896,0.006
4,euclidean,mean_std_0.75,nearest_sphere,none,0.0,1.0504282009300623,0.762,0.902,0.874,0.028
4,euclidean,mean_std_0.75,nearest_sphere,none,0.25,1.0504282009300623,0.762,0.902,0.874,0.028
4,euclidean,mean_std_0.75,nearest_sphere,none,0.5,1.0504282009300623,0.762,0.902,0.874,0.028
4,euclidean,mean_std_0.75,nearest_sphere,none,1.0,1.0504282009300623,0.762,0.902,0.874,0.028
4,euclidean,mean_std_0.75,nearest_sphere,none,2.0,1.0504282009300623,0.762,0.902,0.874,0.028
4,euclidean,mean_std_0.75,nearest_sphere,ratio,0.0,1.0504282009300623,0.762,0.902,0.874,0.028
4,euclidean,mean_std_0.75,nearest_sphere,ratio,0.25,1.2672806973192368,0.812,0.902,0.884,0.018
4,euclidean,mean_std_0.75,nearest_sphere,ratio,0.5,1.4989777417779082,0.832,0.902,0.888,0.014
4,euclidean,mean_std_0.75,nearest_sphere,ratio,1.0,1.939127659486891,0.852,0.902,0.892,0.01
4,euclidean,mean_std_0.75,nearest_sphere,ratio,2.0,2.8886177386822975,0.872,0.902,0.896,0.006
4,euclidean,mean_std_0.75,nearest_sphere,inverse_margin,0.0,1.0504282009300623,0.762,0.902,0.874,0.028
4,euclidean,mean_std_0.75,nearest_sphere,inverse_margin,0.25,4.886629489969466,0.892,0.902,0.9,0.002
4,euclidean,mean_std_0.75,nearest_sphere,inverse_margin,0.5,8.823660857806022,0.892,0.902,0.9,0.002
4,euclidean,mean_std_0.75,nearest_sphere,inverse_margin,1.0,16.697723593479132,0.892,0.902,0.9,0.002
4,euclidean,mean_std_0.75,nearest_sphere,inverse_margin,2.0,32.44584906482535,0.892,0.902,0.9,0.002
4,euclidean,mean_std_0.75,nearest_sphere,max_ratio,0.0,1.0504282009300623,0.762,0.902,0.874,0.028
4,euclidean,mean_std_0.75,nearest_sphere,max_ratio,0.25,1.0504282009300623,0.762,0.902,0.874,0.028
4,euclidean,mean_std_0.75,nearest_sphere,max_ratio,0.5,1.0504282009300623,0.762,0.902,0.874,0.028
4,euclidean,mean_std_0.75,nearest_sphere,max_ratio,1.0,1.0504282009300623,0.762,0.902,0.874,0.028
4,euclidean,mean_std_0.75,nearest_sphere,max_ratio,2.0,1.88058365078398,0.892,0.902,0.9,0.002
4,euclidean,mean_std_0.75,normalized_union,none,0.0,0.9621925422455369,0.792,0.902,0.88,0.022
4,euclidean,mean_std_0.75,normalized_union,none,0.25,0.9621925422455369,0.792,0.902,0.88,0.022
4,euclidean,mean_std_0.75,normalized_union,none,0.5,0.9621925422455369,0.792,0.902,0.88,0.022
4,euclidean,mean_std_0.75,normalized_union,none,1.0,0.9621925422455369,0.792,0.902,0.88,0.022
4,euclidean,mean_std_0.75,normalized_union,none,2.0,0.9621925422455369,0.792,0.902,0.88,0.022
4,euclidean,mean_std_0.75,normalized_union,ratio,0.0,0.9621925422455369,0.792,0.902,0.88,0.022
4,euclidean,mean_std_0.75,normalized_union,ratio,0.25,1.1902782784428836,0.812,0.902,0.884,0.018
4,euclidean,mean_std_0.75,normalized_union,ratio,0.5,1.4221749523204898,0.832,0.902,0.888,0.014
4,euclidean,mean_std_0.75,normalized_union,ratio,1.0,1.8875154709333541,0.832,0.902,0.888,0.014
4,euclidean,mean_std_0.75,normalized_union,ratio,2.0,2.83047465976301,0.862,0.902,0.894,0.008
4,euclidean,mean_std_0.75,normalized_union,inverse_margin,0.0,0.9621925422455369,0.792,0.902,0.88,0.022
4,euclidean,mean_std_0.75,normalized_union,inverse_margin,0.25,4.886629489969466,0.862,0.902,0.894,0.008
4,euclidean,mean_std_0.75,normalized_union,inverse_margin,0.5,8.823660857806022,0.862,0.902,0.894,0.008
4,euclidean,mean_std_0.75,normalized_union,inverse_margin,1.0,16.697723593479132,0.862,0.902,0.894,0.008
4,euclidean,mean_std_0.75,normalized_union,inverse_margin,2.0,32.44584906482535,0.862,0.902,0.894,0.008
4,euclidean,mean_std_0.75,normalized_union,max_ratio,0.0,0.9621925422455369,0.792,0.902,0.88,0.022
4,euclidean,mean_std_0.75,normalized_union,max_ratio,0.25,0.9621925422455369,0.792,0.902,0.88,0.022
4,euclidean,mean_std_0.75,normalized_union,max_ratio,0.5,0.9621925422455369,0.792,0.902,0.88,0.022
4,euclidean,mean_std_0.75,normalized_union,max_ratio,1.0,0.9714382006772999,0.842,0.902,0.89,0.012
4,euclidean,mean_std_0.75,normalized_union,max_ratio,2.0,1.88058365078398,0.862,0.902,0.894,0.008
4,euclidean,mean_std_1.0,nearest_sphere,none,0.0,1.0286892648683879,0.762,0.902,0.874,0.028
4,euclidean,mean_std_1.0,nearest_sphere,none,0.25,1.0286892648683879,0.762,0.902,0.874,0.028
4,euclidean,mean_std_1.0,nearest_sphere,none,0.5,1.0286892648683879,0.762,0.902,0.874,0.028
4,euclidean,mean_std_1.0,nearest_sphere,none,1.0,1.0286892648683879,0.762,0.902,0.874,0.028
4,euclidean,mean_std_1.0,nearest_sphere,none,2.0,1.0286892648683879,0.762,0.902,0.874,0.028
4,euclidean,mean_std_1.0,nearest_sphere,ratio,0.0,1.0286892648683879,0.762,0.902,0.874,0.028
4,euclidean,mean_std_1.0,nearest_sphere,ratio,0.25,1.2491431481873259,0.812,0.902,0.884,0.018
4,euclidean,mean_std_1.0,nearest_sphere,ratio,0.5,1.4722483528217385,0.842,0.902,0.89,0.012
4,euclidean,mean_std_1.0,nearest_sphere,ratio,1.0,1.921799389711808,0.852,0.902,0.892,0.01
4,euclidean,mean_std_1.0,nearest_sphere,ratio,2.0,2.8753030186749102,0.872,0.902,0.896,0.006
4,euclidean,mean_std_1.0,nearest_sphere,inverse_margin,0.0,1.0286892648683879,0.762,0.902,0.874,0.028
4,euclidean,mean_std_1.0,nearest_sphere,inverse_margin,0.25,4.87136186642788,0.892,0.902,0.9,0.002
4,euclidean,mean_std_1.0,nearest_sphere,inverse_margin,0.5,8.808393234264436,0.892,0.902,0.9,0.002
4,euclidean,mean_std_1.0,nearest_sphere,inverse_margin,1.0,16.682455969937546,0.892,0.902,0.9,0.002
4,euclidean,mean_std_1.0,nearest_sphere,inverse_margin,2.0,32.43058144128377,0.892,0.902,0.9,0.002
4,euclidean,mean_std_1.0,nearest_sphere,max_ratio,0.0,1.0286892648683879,0.762,0.902,0.874,0.028
4,euclidean,mean_std_1.0,nearest_sphere,max_ratio,0.25,1.0286892648683879,0.762,0.902,0.874,0.028
4,euclidean,mean_std_1.0,nearest_sphere,max_ratio,0.5,1.0286892648683879,0.762,0.902,0.874,0.028
4,euclidean,mean_std_1.0,nearest_sphere,max_ratio,1.0,1.0286892648683879,0.762,0.902,0.874,0.028
4,euclidean,mean_std_1.0,nearest_sphere,max_ratio,2.0,1.88058365078398,0.892,0.902,0.9,0.002
4,euclidean,mean_std_1.0,normalized_union,none,0.0,0.9475306093543023,0.812,0.902,0.884,0.018
4,euclidean,mean_std_1.0,normalized_union,none,0.25,0.9475306093543023,0.812,0.902,0.884,0.018
4,euclidean,mean_std_1.0,normalized_union,none,0.5,0.9475306093543023,0.812,0.902,0.884,0.018
4,euclidean,mean_std_1.0,normalized_union,none,1.0,0.9475306093543023,0.812,0.902,0.884,0.018
4,euclidean,mean_std_1.0,normalized_union,none,2.0,0.9475306093543023,0.812,0.902,0.884,0.018
4,euclidean,mean_std_1.0,normalized_union,ratio,0.0,0.9475306093543023,0.812,0.902,0.884,0.018
4,euclidean,mean_std_1.0,normalized_union,ratio,0.25,1.1769153682924511,0.822,0.902,0.886,0.016
4,euclidean,mean_std_1.0,normalized_union,ratio,0.5,1.4102021833714868,0.832,0.902,0.888,0.014
4,euclidean,mean_std_1.0,normalized_union,ratio,1.0,1.8749943569637222,0.832,0.902,0.888,0.014
4,euclidean,mean_std_1.0,normalized_union,ratio,2.0,2.8149141493753045,0.862,0.902,0.894,0.008
4,euclidean,mean_std_1.0,normalized_union,inverse_margin,0.0,0.9475306093543023,0.812,0.902,0.884,0.018
4,euclidean,mean_std_1.0,normalized_union,inverse_margin,0.25,4.87136186642788,0.862,0.902,0.894,0.008
4,euclidean,mean_std_1.0,normalized_union,inverse_margin,0.5,8.808393234264436,0.862,0.902,0.894,0.008
4,euclidean,mean_std_1.0,normalized_union,inverse_margin,1.0,16.682455969937546,0.862,0.902,0.894,0.008
4,euclidean,mean_std_1.0,normalized_union,inverse_margin,2.0,32.43058144128377,0.862,0.902,0.894,0.008
4,euclidean,mean_std_1.0,normalized_union,max_ratio,0.0,0.9475306093543023,0.812,0.902,0.884,0.018
4,euclidean,mean_std_1.0,normalized_union,max_ratio,0.25,0.9475306093543023,0.812,0.902,0.884,0.018
4,euclidean,mean_std_1.0,normalized_union,max_ratio,0.5,0.9475306093543023,0.812,0.902,0.884,0.018
4,euclidean,mean_std_1.0,normalized_union,max_ratio,1.0,0.9628863083820125,0.862,0.902,0.894,0.008
4,euclidean,mean_std_1.0,normalized_union,max_ratio,2.0,1.88058365078398,0.862,0.902,0.894,0.008
4,euclidean,mean_std_1.5,nearest_sphere,none,0.0,0.98648988181658,0.782,0.902,0.878,0.024
4,euclidean,mean_std_1.5,nearest_sphere,none,0.25,0.98648988181658,0.782,0.902,0.878,0.024
4,euclidean,mean_std_1.5,nearest_sphere,none,0.5,0.98648988181658,0.782,0.902,0.878,0.024
4,euclidean,mean_std_1.5,nearest_sphere,none,1.0,0.98648988181658,0.782,0.902,0.878,0.024
4,euclidean,mean_std_1.5,nearest_sphere,none,2.0,0.98648988181658,0.782,0.902,0.878,0.024
4,euclidean,mean_std_1.5,nearest_sphere,ratio,0.0,0.98648988181658,0.782,0.902,0.878,0.024
4,euclidean,mean_std_1.5,nearest_sphere,ratio,0.25,1.2100352198284217,0.832,0.902,0.888,0.014
4,euclidean,mean_std_1.5,nearest_sphere,ratio,0.5,1.432662964763606,0.842,0.902,0.89,0.012
4,euclidean,mean_std_1.5,nearest_sphere,ratio,1.0,1.8864519982762396,0.862,0.902,0.894,0.008
4,euclidean,mean_std_1.5,nearest_sphere,ratio,2.0,2.845218886651339,0.872,0.902,0.896,0.006
4,euclidean,mean_std_1.5,nearest_sphere,inverse_margin,0.0,0.98648988181658,0.782,0.902,0.878,0.024
4,euclidean,mean_std_1.5,nearest_sphere,inverse_margin,0.25,4.8422535700185385,0.892,0.902,0.9,0.002
4,euclidean,mean_std_1.5,nearest_sphere,inverse_margin,0.5,8.779284937855094,0.892,0.902,0.9,0.002
4,euclidean,mean_std_1.5,nearest_sphere,inverse_margin,1.0,16.653347673528206,0.892,0.902,0.9,0.002
4,euclidean,mean_std_1.5,nearest_sphere,inverse_margin,2.0,32.40147314487443,0.892,0.902,0.9,0.002
4,euclidean,mean_std_1.5,nearest_sphere,max_ratio,0.0,0.98648988181658,0.782,0.902,0.878,0.024
4,euclidean,mean_std_1.5,nearest_sphere,max_ratio,0.25,0.98648988181658,0.782,0.902,0.878,0.024
4,euclidean,mean_std_1.5,nearest_sphere,max_ratio,0.5,0.98648988181658,0.782,0.902,0.878,0.024
4,euclidean,mean_std_1.5,nearest_sphere,max_ratio,1.0,0.9941804886767219,0.802,0.902,0.882,0.02
4,euclidean,mean_std_1.5,nearest_sphere,max_ratio,2.0,1.88058365078398,0.892,0.902,0.9,0.002
4,euclidean,mean_std_1.5,normalized_union,none,0.0,0.9239238670730067,0.802,0.902,0.882,0.02
4,euclidean,mean_std_1.5,normalized_union,none,0.25,0.9239238670730067,0.802,0.902,0.882,0.02
4,euclidean,mean_std_1.5,normalized_union,none,0.5,0.9239238670730067,0.802,0.902,0.882,0.02
4,euclidean,mean_std_1.5,normalized_union,none,1.0,0.9239238670730067,0.802,0.902,0.882,0.02
4,euclidean,mean_std_1.5,normalized_union,none,2.0,0.9239238670730067,0.802,0.902,0.882,0.02
4,euclidean,mean_std_1.5,normalized_union,ratio,0.0,0.9239238670730067,0.802,0.902,0.882,0.02
4,euclidean,mean_std_1.5,normalized_union,ratio,0.25,1.1520342083961543,0.812,0.902,0.884,0.018
4,euclidean,mean_std_1.5,normalized_union,ratio,0.5,1.3850498190569405,0.832,0.902,0.888,0.014
4,euclidean,mean_std_1.5,normalized_union,ratio,1.0,1.8492917073716137,0.842,0.902,0.89,0.012
4,euclidean,mean_std_1.5,normalized_union,ratio,2.0,2.7878037638038613,0.852,0.902,0.892,0.01
4,euclidean,mean_std_1.5,normalized_union,inverse_margin,0.0,0.9239238670730067,0.802,0.902,0.882,0.02
4,euclidean,mean_std_1.5,normalized_union,inverse_margin,0.25,4.8422535700185385,0.862,0.902,0.894,0.008
4,euclidean,mean_std_1.5,normalized_union,inverse_margin,0.5,8.779284937855094,0.862,0.902,0.894,0.008
4,euclidean,mean_std_1.5,normalized_union,inverse_margin,1.0,16.653347673528206,0.862,0.902,0.894,0.008
4,euclidean,mean_std_1.5,normalized_union,inverse_margin,2.0,32.40147314487443,0.862,0.902,0.894,0.008
4,euclidean,mean_std_1.5,normalized_union,max_ratio,0.0,0.9239238670730067,0.802,0.902,0.882,0.02
4,euclidean,mean_std_1.5,normalized_union,max_ratio,0.25,0.9239238670730067,0.802,0.902,0.882,0.02
4,euclidean,mean_std_1.5,normalized_union,max_ratio,0.5,0.9239238670730067,0.802,0.902,0.882,0.02
4,euclidean,mean_std_1.5,normalized_union,max_ratio,1.0,0.9478837607836299,0.862,0.902,0.894,0.008
4,euclidean,mean_std_1.5,normalized_union,max_ratio,2.0,1.88058365078398,0.862,0.902,0.894,0.008
4,euclidean,mean_std_2.0,nearest_sphere,none,0.0,0.9519947727714114,0.802,0.902,0.882,0.02
4,euclidean,mean_std_2.0,nearest_sphere,none,0.25,0.9519947727714114,0.802,0.902,0.882,0.02
4,euclidean,mean_std_2.0,nearest_sphere,none,0.5,0.9519947727714114,0.802,0.902,0.882,0.02
4,euclidean,mean_std_2.0,nearest_sphere,none,1.0,0.9519947727714114,0.802,0.902,0.882,0.02
4,euclidean,mean_std_2.0,nearest_sphere,none,2.0,0.9519947727714114,0.802,0.902,0.882,0.02
4,euclidean,mean_std_2.0,nearest_sphere,ratio,0.0,0.9519947727714114,0.802,0.902,0.882,0.02
4,euclidean,mean_std_2.0,nearest_sphere,ratio,0.25,1.1728855728147989,0.842,0.902,0.89,0.012
4,euclidean,mean_std_2.0,nearest_sphere,ratio,0.5,1.3974198280007746,0.852,0.902,0.892,0.01
4,euclidean,mean_std_2.0,nearest_sphere,ratio,1.0,1.8596743607804416,0.872,0.902,0.896,0.006
4,euclidean,mean_std_2.0,nearest_sphere,ratio,2.0,2.8138158660468817,0.872,0.902,0.896,0.006
4,euclidean,mean_std_2.0,nearest_sphere,inverse_margin,0.0,0.9519947727714114,0.802,0.902,0.882,0.02
4,euclidean,mean_std_2.0,nearest_sphere,inverse_margin,0.25,4.814904166699761,0.892,0.902,0.9,0.002
4,euclidean,mean_std_2.0,nearest_sphere,inverse_margin,0.5,8.751935534536317,0.892,0.902,0.9,0.002
4,euclidean,mean_std_2.0,nearest_sphere,inverse_margin,1.0,16.62599827020943,0.892,0.902,0.9,0.002
4,euclidean,mean_std_2.0,nearest_sphere,inverse_margin,2.0,32.37412374155565,0.892,0.902,0.9,0.002
4,euclidean,mean_std_2.0,nearest_sphere,max_ratio,0.0,0.9519947727714114,0.802,0.902,0.882,0.02
4,euclidean,mean_std_2.0,nearest_sphere,max_ratio,0.25,0.9519947727714114,0.802,0.902,0.882,0.02
4,euclidean,mean_std_2.0,nearest_sphere,max_ratio,0.5,0.9519947727714114,0.802,0.902,0.882,0.02
4,euclidean,mean_std_2.0,nearest_sphere,max_ratio,1.0,0.9720175590966221,0.872,0.902,0.896,0.006
4,euclidean,mean_std_2.0,nearest_sphere,max_ratio,2.0,1.88058365078398,0.892,0.902,0.9,0.002
4,euclidean,mean_std_2.0,normalized_union,none,0.0,0.8998949044522516,0.802,0.902,0.882,0.02
4,euclidean,mean_std_2.0,normalized_union,none,0.25,0.8998949044522516,0.802,0.902,0.882,0.02
4,euclidean,mean_std_2.0,normalized_union,none,0.5,0.8998949044522516,0.802,0.902,0.882,0.02
4,euclidean,mean_std_2.0,normalized_union,none,1.0,0.8998949044522516,0.802,0.902,0.882,0.02
4,euclidean,mean_std_2.0,normalized_union,none,2.0,0.8998949044522516,0.802,0.902,0.882,0.02
4,euclidean,mean_std_2.0,normalized_union,ratio,0.0,0.8998949044522516,0.802,0.902,0.882,0.02
4,euclidean,mean_std_2.0,normalized_union,ratio,0.25,1.1240437671990489,0.812,0.902,0.884,0.018
4,euclidean,mean_std_2.0,normalized_union,ratio,0.5,1.3602762587458825,0.832,0.902,0.888,0.014
4,euclidean,mean_std_2.0,normalized_union,ratio,1.0,1.8282153711081914,0.842,0.902,0.89,0.012
4,euclidean,mean_std_2.0,normalized_union,ratio,2.0,2.7622791041381274,0.852,0.902,0.892,0.01
4,euclidean,mean_std_2.0,normalized_union,inverse_margin,0.0,0.8998949044522516,0.802,0.902,0.882,0.02
4,euclidean,mean_std_2.0,normalized_union,inverse_margin,0.25,4.814904166699761,0.862,0.902,0.894,0.008
4,euclidean,mean_std_2.0,normalized_union,inverse_margin,0.5,8.751935534536317,0.862,0.902,0.894,0.008
4,euclidean,mean_std_2.0,normalized_union,inverse_margin,1.0,16.62599827020943,0.862,0.902,0.894,0.008
4,euclidean,mean_std_2.0,normalized_union,inverse_margin,2.0,32.37412374155565,0.862,0.902,0.894,0.008
4,euclidean,mean_std_2.0,normalized_union,max_ratio,0.0,0.8998949044522516,0.802,0.902,0.882,0.02
4,euclidean,mean_std_2.0,normalized_union,max_ratio,0.25,0.8998949044522516,0.802,0.902,0.882,0.02
4,euclidean,mean_std_2.0,normalized_union,max_ratio,0.5,0.8998949044522516,0.802,0.902,0.882,0.02
4,euclidean,mean_std_2.0,normalized_union,max_ratio,1.0,0.9437328317708223,0.872,0.902,0.896,0.006
4,euclidean,mean_std_2.0,normalized_union,max_ratio,2.0,1.88058365078398,0.862,0.902,0.894,0.008
4,euclidean,mean_std_3.0,nearest_sphere,none,0.0,0.8880844659800043,0.832,0.902,0.888,0.014
4,euclidean,mean_std_3.0,nearest_sphere,none,0.25,0.8880844659800043,0.832,0.902,0.888,0.014
4,euclidean,mean_std_3.0,nearest_sphere,none,0.5,0.8880844659800043,0.832,0.902,0.888,0.014
4,euclidean,mean_std_3.0,nearest_sphere,none,1.0,0.8880844659800043,0.832,0.902,0.888,0.014
4,euclidean,mean_std_3.0,nearest_sphere,none,2.0,0.8880844659800043,0.832,0.902,0.888,0.014
4,euclidean,mean_std_3.0,nearest_sphere,ratio,0.0,0.8880844659800043,0.832,0.902,0.888,0.014
4,euclidean,mean_std_3.0,nearest_sphere,ratio,0.25,1.1123402705444367,0.852,0.902,0.892,0.01
4,euclidean,mean_std_3.0,nearest_sphere,ratio,0.5,1.333184966148644,0.862,0.902,0.894,0.008
4,euclidean,mean_std_3.0,nearest_sphere,ratio,1.0,1.8031703148882274,0.872,0.902,0.896,0.006
4,euclidean,mean_std_3.0,nearest_sphere,ratio,2.0,2.7644379781631825,0.882,0.902,0.898,0.004
4,euclidean,mean_std_3.0,nearest_sphere,inverse_margin,0.0,0.8880844659800043,0.832,0.902,0.888,0.014
4,euclidean,mean_std_3.0,nearest_sphere,inverse_margin,0.25,4.76488068139607,0.892,0.902,0.9,0.002
4,euclidean,mean_std_3.0,nearest_sphere,inverse_margin,0.5,8.701912049232625,0.892,0.902,0.9,0.002
4,euclidean,mean_std_3.0,nearest_sphere,inverse_margin,1.0,16.575974784905736,0.892,0.902,0.9,0.002
4,euclidean,mean_std_3.0,nearest_sphere,inverse_margin,2.0,32.32410025625196,0.892,0.902,0.9,0.002
4,euclidean,mean_std_3.0,nearest_sphere,max_ratio,0.0,0.8880844659800043,0.832,0.902,0.888,0.014
4,euclidean,mean_std_3.0,nearest_sphere,max_ratio,0.25,0.8880844659800043,0.832,0.902,0.888,0.014
4,euclidean,mean_std_3.0,nearest_sphere,max_ratio,0.5,0.8880844659800043,0.832,0.902,0.888,0.014
4,euclidean,mean_std_3.0,nearest_sphere,max_ratio,1.0,0.9480346776179838,0.882,0.902,0.898,0.004
4,euclidean,mean_std_3.0,nearest_sphere,max_ratio,2.0,1.88058365078398,0.892,0.902,0.9,0.002
4,euclidean,mean_std_3.0,normalized_union,none,0.0,0.8530850892339723,0.822,0.902,0.886,0.016
4,euclidean,mean_std_3.0,normalized_union,none,0.25,0.8530850892339723,0.822,0.902,0.886,0.016
4,euclidean,mean_std_3.0,normalized_union,none,0.5,0.8530850892339723,0.822,0.902,0.886,0.016
4,euclidean,mean_std_3.0,normalized_union,none,1.0,0.8530850892339723,0.822,0.902,0.886,0.016
4,euclidean,mean_std_3.0,normalized_union,none,2.0,0.8530850892339723,0.822,0.902,0.886,0.016
4,euclidean,mean_std_3.0,normalized_union,ratio,0.0,0.8530850892339723,0.822,0.902,0.886,0.016
4,euclidean,mean_std_3.0,normalized_union,ratio,0.25,1.0790277232155985,0.832,0.902,0.888,0.014
4,euclidean,mean_std_3.0,normalized_union,ratio,0.5,1.313321039317396,0.842,0.902,0.89,0.012
4,euclidean,mean_std_3.0,normalized_union,ratio,1.0,1.785660291616726,0.842,0.902,0.89,0.012
4,euclidean,mean_std_3.0,normalized_union,ratio,2.0,2.716374087854076,0.852,0.902,0.892,0.01
4,euclidean,mean_std_3.0,normalized_union,inverse_margin,0.0,0.8530850892339723,0.822,0.902,0.886,0.016
4,euclidean,mean_std_3.0,normalized_union,inverse_margin,0.25,4.76488068139607,0.862,0.902,0.894,0.008
4,euclidean,mean_std_3.0,normalized_union,inverse_margin,0.5,8.701912049232625,0.862,0.902,0.894,0.008
4,euclidean,mean_std_3.0,normalized_union,inverse_margin,1.0,16.575974784905736,0.862,0.902,0.894,0.008
4,euclidean,mean_std_3.0,normalized_union,inverse_margin,2.0,32.32410025625196,0.862,0.902,0.894,0.008
4,euclidean,mean_std_3.0,normalized_union,max_ratio,0.0,0.8530850892339723,0.822,0.902,0.886,0.016
4,euclidean,mean_std_3.0,normalized_union,max_ratio,0.25,0.8530850892339723,0.822,0.902,0.886,0.016
4,euclidean,mean_std_3.0,normalized_union,max_ratio,0.5,0.8530850892339723,0.822,0.902,0.886,0.016
4,euclidean,mean_std_3.0,normalized_union,max_ratio,1.0,0.94029182539199,0.862,0.902,0.894,0.008
4,euclidean,mean_std_3.0,normalized_union,max_ratio,2.0,1.88058365078398,0.862,0.902,0.894,0.008
4,euclidean,center_quantile_0.5,nearest_sphere,none,0.0,1.1477907439401103,0.742,0.902,0.87,0.032
4,euclidean,center_quantile_0.5,nearest_sphere,none,0.25,1.1477907439401103,0.742,0.902,0.87,0.032
4,euclidean,center_quantile_0.5,nearest_sphere,none,0.5,1.1477907439401103,0.742,0.902,0.87,0.032
4,euclidean,center_quantile_0.5,nearest_sphere,none,1.0,1.1477907439401103,0.742,0.902,0.87,0.032
4,euclidean,center_quantile_0.5,nearest_sphere,none,2.0,1.1477907439401103,0.742,0.902,0.87,0.032
4,euclidean,center_quantile_0.5,nearest_sphere,ratio,0.0,1.1477907439401103,0.742,0.902,0.87,0.032
4,euclidean,center_quantile_0.5,nearest_sphere,ratio,0.25,1.3541668294493054,0.762,0.902,0.874,0.028
4,euclidean,center_quantile_0.5,nearest_sphere,ratio,0.5,1.571916242470563,0.802,0.902,0.882,0.02
4,euclidean,center_quantile_0.5,nearest_sphere,ratio,1.0,2.0131287411409238,0.852,0.902,0.892,0.01
4,euclidean,center_quantile_0.5,nearest_sphere,ratio,2.0,2.943137950251287,0.852,0.902,0.892,0.01
4,euclidean,center_quantile_0.5,nearest_sphere,inverse_margin,0.0,1.1477907439401103,0.742,0.902,0.87,0.032
4,euclidean,center_quantile_0.5,nearest_sphere,inverse_margin,0.25,4.940143205517327,0.892,0.902,0.9,0.002
4,euclidean,center_quantile_0.5,nearest_sphere,inverse_margin,0.5,8.877174573353882,0.892,0.902,0.9,0.002
4,euclidean,center_quantile_0.5,nearest_sphere,inverse_margin,1.0,16.751237309026994,0.892,0.902,0.9,0.002
4,euclidean,center_quantile_0.5,nearest_sphere,inverse_margin,2.0,32.49936278037322,0.892,0.902,0.9,0.002
4,euclidean,center_quantile_0.5,nearest_sphere,max_ratio,0.0,1.1477907439401103,0.742,0.902,0.87,0.032
4,euclidean,center_quantile_0.5,nearest_sphere,max_ratio,0.25,1.1477907439401103,0.742,0.902,0.87,0.032
4,euclidean,center_quantile_0.5,nearest_sphere,max_ratio,0.5,1.1477907439401103,0.742,0.902,0.87,0.032
4,euclidean,center_quantile_0.5,nearest_sphere,max_ratio,1.0,1.1477907439401103,0.742,0.902,0.87,0.032
4,euclidean,center_quantile_0.5,nearest_sphere,max_ratio,2.0,1.88058365078398,0.892,0.902,0.9,0.002
4,euclidean,center_quantile_0.5,normalized_union,none,0.0,1.0103528061316989,0.762,0.902,0.874,0.028
4,euclidean,center_quantile_0.5,normalized_union,none,0.25,1.0103528061316989,0.762,0.902,0.874,0.028
4,euclidean,center_quantile_0.5,normalized_union,none,0.5,1.0103528061316989,0.762,0.902,0.874,0.028
4,euclidean,center_quantile_0.5,normalized_union,none,1.0,1.0103528061316989,0.762,0.902,0.874,0.028
4,euclidean,center_quantile_0.5,normalized_union,none,2.0,1.0103528061316989,0.762,0.902,0.874,0.028
4,euclidean,center_quantile_0.5,normalized_union,ratio,0.0,1.0103528061316989,0.762,0.902,0.874,0.028
4,euclidean,center_quantile_0.5,normalized_union,ratio,0.25,1.2372051638843613,0.802,0.902,0.882,0.02
4,euclidean,center_quantile_0.5,normalized_union,ratio,0.5,1.462037246212626,0.802,0.902,0.882,0.02
4,euclidean,center_quantile_0.5,normalized_union,ratio,1.0,1.9259486448190493,0.822,0.902,0.886,0.016
4,euclidean,center_quantile_0.5,normalized_union,ratio,2.0,2.8818742111021423,0.852,0.902,0.892,0.01
4,euclidean,center_quantile_0.5,normalized_union,inverse_margin,0.0,1.0103528061316989,0.762,0.902,0.874,0.028
4,euclidean,center_quantile_0.5,normalized_union,inverse_margin,0.25,4.940143205517327,0.852,0.902,0.892,0.01
4,euclidean,center_quantile_0.5,normalized_union,inverse_margin,0.5,8.877174573353882,0.852,0.902,0.892,0.01
4,euclidean,center_quantile_0.5,normalized_union,inverse_margin,1.0,16.751237309026994,0.852,0.902,0.892,0.01
4,euclidean,center_quantile_0.5,normalized_union,inverse_margin,2.0,32.49936278037322,0.852,0.902,0.892,0.01
4,euclidean,center_quantile_0.5,normalized_union,max_ratio,0.0,1.0103528061316989,0.762,0.902,0.874,0.028
4,euclidean,center_quantile_0.5,normalized_union,max_ratio,0.25,1.0103528061316989,0.762,0.902,0.874,0.028
4,euclidean,center_quantile_0.5,normalized_union,max_ratio,0.5,1.0103528061316989,0.762,0.902,0.874,0.028
4,euclidean,center_quantile_0.5,normalized_union,max_ratio,1.0,1.0103528061316989,0.762,0.902,0.874,0.028
4,euclidean,center_quantile_0.5,normalized_union,max_ratio,2.0,1.88058365078398,0.852,0.902,0.892,0.01
4,euclidean,intent_quantile_0.5,nearest_sphere,none,0.0,1.2554883074558238,0.872,0.902,0.896,0.006
4,euclidean,intent_quantile_0.5,nearest_sphere,none,0.25,1.2554883074558238,0.872,0.902,0.896,0.006
4,euclidean,intent_quantile_0.5,nearest_sphere,none,0.5,1.2554883074558238,0.872,0.902,0.896,0.006
4,euclidean,intent_quantile_0.5,nearest_sphere,none,1.0,1.2554883074558238,0.872,0.902,0.896,0.006
4,euclidean,intent_quantile_0.5,nearest_sphere,none,2.0,1.2554883074558238,0.872,0.902,0.896,0.006
4,euclidean,intent_quantile_0.5,nearest_sphere,ratio,0.0,1.2554883074558238,0.872,0.902,0.896,0.006
4,euclidean,intent_quantile_0.5,nearest_sphere,ratio,0.25,1.4941721495632032,0.872,0.902,0.896,0.006
4,euclidean,intent_quantile_0.5,nearest_sphere,ratio,0.5,1.7296749150694173,0.882,0.902,0.898,0.004
4,euclidean,intent_quantile_0.5,nearest_sphere,ratio,1.0,2.2013149726042833,0.882,0.902,0.898,0.004
4,euclidean,intent_quantile_0.5,nearest_sphere,ratio,2.0,3.1518903507750142,0.892,0.902,0.9,0.002
4,euclidean,intent_quantile_0.5,nearest_sphere,inverse_margin,0.0,1.2554883074558238,0.872,0.902,0.896,0.006
4,euclidean,intent_quantile_0.5,nearest_sphere,inverse_margin,0.25,5.313068433695629,0.892,0.902,0.9,0.002
4,euclidean,intent_quantile_0.5,nearest_sphere,inverse_margin,0.5,9.181106555234518,0.892,0.902,0.9,0.002
4,euclidean,intent_quantile_0.5,nearest_sphere,inverse_margin,1.0,17.205938628248617,0.892,0.902,0.9,0.002
4,euclidean,intent_quantile_0.5,nearest_sphere,inverse_margin,2.0,33.216107375804675,0.892,0.902,0.9,0.002
4,euclidean,intent_quantile_0.5,nearest_sphere,max_ratio,0.0,1.2554883074558238,0.872,0.902,0.896,0.006
4,euclidean,intent_quantile_0.5,nearest_sphere,max_ratio,0.25,1.2554883074558238,0.872,0.902,0.896,0.006
4,euclidean,intent_quantile_0.5,nearest_sphere,max_ratio,0.5,1.2554883074558238,0.872,0.902,0.896,0.006
4,euclidean,intent_quantile_0.5,nearest_sphere,max_ratio,1.0,1.2554883074558238,0.872,0.902,0.896,0.006
4,euclidean,intent_quantile_0.5,nearest_sphere,max_ratio,2.0,1.88058365078398,0.892,0.902,0.9,0.002
4,euclidean,intent_quantile_0.5,normalized_union,none,0.0,1.2320418149251573,0.762,0.902,0.874,0.028
4,euclidean,intent_quantile_0.5,normalized_union,none,0.25,1.2320418149251573,0.762,0.902,0.874,0.028
4,euclidean,intent_quantile_0.5,normalized_union,none,0.5,1.2320418149251573,0.762,0.902,0.874,0.028
4,euclidean,intent_quantile_0.5,normalized_union,none,1.0,1.2320418149251573,0.762,0.902,0.874,0.028
4,euclidean,intent_quantile_0.5,normalized_union,none,2.0,1.2320418149251573,0.762,0.902,0.874,0.028
4,euclidean,intent_quantile_0.5,normalized_union,ratio,0.0,1.2320418149251573,0.762,0.902,0.874,0.028
4,euclidean,intent_quantile_0.5,normalized_union,ratio,0.25,1.4659398829248724,0.762,0.902,0.874,0.028
4,euclidean,intent_quantile_0.5,normalized_union,ratio,0.5,1.6965283480052962,0.762,0.902,0.874,0.028
4,euclidean,intent_quantile_0.5,normalized_union,ratio,1.0,2.175484892733204,0.782,0.902,0.878,0.024
4,euclidean,intent_quantile_0.5,normalized_union,ratio,2.0,3.1241260701947953,0.792,0.902,0.88,0.022
4,euclidean,intent_quantile_0.5,normalized_union,inverse_margin,0.0,1.2320418149251573,0.762,0.902,0.874,0.028
4,euclidean,intent_quantile_0.5,normalized_union,inverse_margin,0.25,5.168690518727469,0.782,0.902,0.878,0.024
4,euclidean,intent_quantile_0.5,normalized_union,inverse_margin,0.5,9.176026859293874,0.772,0.902,0.876,0.026
4,euclidean,intent_quantile_0.5,normalized_union,inverse_margin,1.0,17.050089594966984,0.772,0.902,0.876,0.026
4,euclidean,intent_quantile_0.5,normalized_union,inverse_margin,2.0,32.798215066313205,0.772,0.902,0.876,0.026
4,euclidean,intent_quantile_0.5,normalized_union,max_ratio,0.0,1.2320418149251573,0.762,0.902,0.874,0.028
4,euclidean,intent_quantile_0.5,normalized_union,max_ratio,0.25,1.2320418149251573,0.762,0.902,0.874,0.028
4,euclidean,intent_quantile_0.5,normalized_union,max_ratio,0.5,1.2320418149251573,0.762,0.902,0.874,0.028
4,euclidean,intent_quantile_0.5,normalized_union,max_ratio,1.0,1.2320418149251573,0.762,0.902,0.874,0.028
4,euclidean,intent_quantile_0.5,normalized_union,max_ratio,2.0,1.88058365078398,0.772,0.902,0.876,0.026
4,euclidean,center_quantile_0.7,nearest_sphere,none,0.0,1.086276610876306,0.742,0.902,0.87,0.032
4,euclidean,center_quantile_0.7,nearest_sphere,none,0.25,1.086276610876306,0.742,0.902,0.87,0.032
4,euclidean,center_quantile_0.7,nearest_sphere,none,0.5,1.086276610876306,0.742,0.902,0.87,0.032
4,euclidean,center_quantile_0.7,nearest_sphere,none,1.0,1.086276610876306,0.742,0.902,0.87,0.032
4,euclidean,center_quantile_0.7,nearest_sphere,none,2.0,1.086276610876306,0.742,0.902,0.87,0.032
4,euclidean,center_quantile_0.7,nearest_sphere,ratio,0.0,1.086276610876306,0.742,0.902,0.87,0.032
4,euclidean,center_quantile_0.7,nearest_sphere,ratio,0.25,1.2937449855033734,0.772,0.902,0.876,0.026
4,euclidean,center_quantile_0.7,nearest_sphere,ratio,0.5,1.5183083304954457,0.832,0.902,0.888,0.014
4,euclidean,center_quantile_0.7,nearest_sphere,ratio,1.0,1.964465105621964,0.852,0.902,0.892,0.01
4,euclidean,center_quantile_0.7,nearest_sphere,ratio,2.0,2.901704259923268,0.862,0.902,0.894,0.008
4,euclidean,center_quantile_0.7,nearest_sphere,inverse_margin,0.0,1.086276610876306,0.742,0.902,0.87,0.032
4,euclidean,center_quantile_0.7,nearest_sphere,inverse_margin,0.25,4.913901587704269,0.892,0.902,0.9,0.002
4,euclidean,center_quantile_0.7,nearest_sphere,inverse_margin,0.5,8.850932955540825,0.892,0.902,0.9,0.002
4,euclidean,center_quantile_0.7,nearest_sphere,inverse_margin,1.0,16.724995691213937,0.892,0.902,0.9,0.002
4,euclidean,center_quantile_0.7,nearest_sphere,inverse_margin,2.0,32.47312116256016,0.892,0.902,0.9,0.002
4,euclidean,center_quantile_0.7,nearest_sphere,max_ratio,0.0,1.086276610876306,0.742,0.902,0.87,0.032
4,euclidean,center_quantile_0.7,nearest_sphere,max_ratio,0.25,1.086276610876306,0.742,0.902,0.87,0.032
4,euclidean,center_quantile_0.7,nearest_sphere,max_ratio,0.5,1.086276610876306,0.742,0.902,0.87,0.032
4,euclidean,center_quantile_0.7,nearest_sphere,max_ratio,1.0,1.086276610876306,0.742,0.902,0.87,0.032
4,euclidean,center_quantile_0.7,nearest_sphere,max_ratio,2.0,1.88058365078398,0.892,0.902,0.9,0.002
4,euclidean,center_quantile_0.7,normalized_union,none,0.0,0.9756716080936845,0.762,0.902,0.874,0.028
4,euclidean,center_quantile_0.7,normalized_union,none,0.25,0.9756716080936845,0.762,0.902,0.874,0.028
4,euclidean,center_quantile_0.7,normalized_union,none,0.5,0.9756716080936845,0.762,0.902,0.874,0.028
4,euclidean,center_quantile_0.7,normalized_union,none,1.0,0.9756716080936845,0.762,0.902,0.874,0.028
4,euclidean,center_quantile_0.7,normalized_union,none,2.0,0.9756716080936845,0.762,0.902,0.874,0.028
4,euclidean,center_quantile_0.7,normalized_union,ratio,0.0,0.9756716080936845,0.762,0.902,0.874,0.028
4,euclidean,center_quantile_0.7,normalized_union,ratio,0.25,1.2062561403649474,0.802,0.902,0.882,0.02
4,euclidean,center_quantile_0.7,normalized_union,ratio,0.5,1.4334047240672634,0.822,0.902,0.886,0.016
4,euclidean,center_quantile_0.7,normalized_union,ratio,1.0,1.9005418666543723,0.832,0.902,0.888,0.014
4,euclidean,center_quantile_0.7,normalized_union,ratio,2.0,2.855456740494239,0.862,0.902,0.894,0.008
4,euclidean,center_quantile_0.7,normalized_union,inverse_margin,0.0,0.9756716080936845,0.762,0.902,0.874,0.028
4,euclidean,center_quantile_0.7,normalized_union,inverse_margin,0.25,4.913901587704269,0.872,0.902,0.896,0.006
4,euclidean,center_quantile_0.7,normalized_union,inverse_margin,0.5,8.850932955540825,0.872,0.902,0.896,0.006
4,euclidean,center_quantile_0.7,normalized_union,inverse_margin,1.0,16.724995691213937,0.872,0.902,0.896,0.006
4,euclidean,center_quantile_0.7,normalized_union,inverse_margin,2.0,32.47312116256016,0.872,0.902,0.896,0.006
4,euclidean,center_quantile_0.7,normalized_union,max_ratio,0.0,0.9756716080936845,0.762,0.902,0.874,0.028
4,euclidean,center_quantile_0.7,normalized_union,max_ratio,0.25,0.9756716080936845,0.762,0.902,0.874,0.028
4,euclidean,center_quantile_0.7,normalized_union,max_ratio,0.5,0.9756716080936845,0.762,0.902,0.874,0.028
4,euclidean,center_quantile_0.7,normalized_union,max_ratio,1.0,0.9823005734037702,0.802,0.902,0.882,0.02
4,euclidean,center_quantile_0.7,normalized_union,max_ratio,2.0,1.88058365078398,0.872,0.902,0.896,0.006
4,euclidean,intent_quantile_0.7,nearest_sphere,none,0.0,1.1576486520123042,0.872,0.902,0.896,0.006
4,euclidean,intent_quantile_0.7,nearest_sphere,none,0.25,1.1576486520123042,0.872,0.902,0.896,0.006
4,euclidean,intent_quantile_0.7,nearest_sphere,none,0.5,1.1576486520123042,0.872,0.902,0.896,0.006
4,euclidean,intent_quantile_0.7,nearest_sphere,none,1.0,1.1576486520123042,0.872,0.902,0.896,0.006
4,euclidean,intent_quantile_0.7,nearest_sphere,none,2.0,1.1576486520123042,0.872,0.902,0.896,0.006
4,euclidean,intent_quantile_0.7,nearest_sphere,ratio,0.0,1.1576486520123042,0.872,0.902,0.896,0.006
4,euclidean,intent_quantile_0.7,nearest_sphere,ratio,0.25,1.3894231058515156,0.872,0.902,0.896,0.006
4,euclidean,intent_quantile_0.7,nearest_sphere,ratio,0.5,1.6318201134136112,0.872,0.902,0.896,0.006
4,euclidean,intent_quantile_0.7,nearest_sphere,ratio,1.0,2.117280598894432,0.872,0.902,0.896,0.006
4,euclidean,intent_quantile_0.7,nearest_sphere,ratio,2.0,3.071002565119776,0.892,0.902,0.9,0.002
4,euclidean,intent_quantile_0.7,nearest_sphere,inverse_margin,0.0,1.1576486520123042,0.872,0.902,0.896,0.006
4,euclidean,intent_quantile_0.7,nearest_sphere,inverse_margin,0.25,5.153265825386772,0.892,0.902,0.9,0.002
4,euclidean,intent_quantile_0.7,nearest_sphere,inverse_margin,0.5,9.10703517494785,0.892,0.902,0.9,0.002
4,euclidean,intent_quantile_0.7,nearest_sphere,inverse_margin,1.0,17.131867247961946,0.892,0.902,0.9,0.002
4,euclidean,intent_quantile_0.7,nearest_sphere,inverse_margin,2.0,33.05781547345018,0.892,0.902,0.9,0.002
4,euclidean,intent_quantile_0.7,nearest_sphere,max_ratio,0.0,1.1576486520123042,0.872,0.902,0.896,0.006
4,euclidean,intent_quantile_0.7,nearest_sphere,max_ratio,0.25,1.1576486520123042,0.872,0.902,0.896,0.006
4,euclidean,intent_quantile_0.7,nearest_sphere,max_ratio,0.5,1.1576486520123042,0.872,0.902,0.896,0.006
4,euclidean,intent_quantile_0.7,nearest_sphere,max_ratio,1.0,1.1576486520123042,0.872,0.902,0.896,0.006
4,euclidean,intent_quantile_0.7,nearest_sphere,max_ratio,2.0,1.88058365078398,0.892,0.902,0.9,0.002
4,euclidean,intent_quantile_0.7,normalized_union,none,0.0,1.1404182552541036,0.792,0.902,0.88,0.022
4,euclidean,intent_quantile_0.7,normalized_union,none,0.25,1.1404182552541036,0.792,0.902,0.88,0.022
4,euclidean,intent_quantile_0.7,normalized_union,none,0.5,1.1404182552541036,0.792,0.902,0.88,0.022
4,euclidean,intent_quantile_0.7,normalized_union,none,1.0,1.1404182552541036,0.792,0.902,0.88,0.022
4,euclidean,intent_quantile_0.7,normalized_union,none,2.0,1.1404182552541036,0.792,0.902,0.88,0.022
4,euclidean,intent_quantile_0.7,normalized_union,ratio,0.0,1.1404182552541036,0.792,0.902,0.88,0.022
4,euclidean,intent_quantile_0.7,normalized_union,ratio,0.25,1.3735758967384852,0.792,0.902,0.88,0.022
4,euclidean,intent_quantile_0.7,normalized_union,ratio,0.5,1.6065859287628164,0.802,0.902,0.882,0.02
4,euclidean,intent_quantile_0.7,normalized_union,ratio,1.0,2.0818930287602577,0.822,0.902,0.886,0.016
4,euclidean,intent_quantile_0.7,normalized_union,ratio,2.0,3.0388929510125426,0.832,0.902,0.888,0.014
4,euclidean,intent_quantile_0.7,normalized_union,inverse_margin,0.0,1.1404182552541036,0.792,0.902,0.88,0.022
4,euclidean,intent_quantile_0.7,normalized_union,inverse_margin,0.25,5.0946191384408,0.802,0.902,0.882,0.02
4,euclidean,intent_quantile_0.7,normalized_union,inverse_margin,0.5,9.092622545523046,0.792,0.902,0.88,0.022
4,euclidean,intent_quantile_0.7,normalized_union,inverse_margin,1.0,16.966685281196156,0.792,0.902,0.88,0.022
4,euclidean,intent_quantile_0.7,normalized_union,inverse_margin,2.0,32.71481075254238,0.792,0.902,0.88,0.022
4,euclidean,intent_quantile_0.7,normalized_union,max_ratio,0.0,1.1404182552541036,0.792,0.902,0.88,0.022
4,euclidean,intent_quantile_0.7,normalized_union,max_ratio,0.25,1.1404182552541036,0.792,0.902,0.88,0.022
4,euclidean,intent_quantile_0.7,normalized_union,max_ratio,0.5,1.1404182552541036,0.792,0.902,0.88,0.022
4,euclidean,intent_quantile_0.7,normalized_union,max_ratio,1.0,1.1404182552541036,0.792,0.902,0.88,0.022
4,euclidean,intent_quantile_0.7,normalized_union,max_ratio,2.0,1.88058365078398,0.792,0.902,0.88,0.022
4,euclidean,center_quantile_0.8,nearest_sphere,none,0.0,1.0504803939698921,0.762,0.902,0.874,0.028
4,euclidean,center_quantile_0.8,nearest_sphere,none,0.25,1.0504803939698921,0.762,0.902,0.874,0.028
4,euclidean,center_quantile_0.8,nearest_sphere,none,0.5,1.0504803939698921,0.762,0.902,0.874,0.028
4,euclidean,center_quantile_0.8,nearest_sphere,none,1.0,1.0504803939698921,0.762,0.902,0.874,0.028
4,euclidean,center_quantile_0.8,nearest_sphere,none,2.0,1.0504803939698921,0.762,0.902,0.874,0.028
4,euclidean,center_quantile_0.8,nearest_sphere,ratio,0.0,1.0504803939698921,0.762,0.902,0.874,0.028
4,euclidean,center_quantile_0.8,nearest_sphere,ratio,0.25,1.2637125477661422,0.802,0.902,0.882,0.02
4,euclidean,center_quantile_0.8,nearest_sphere,ratio,0.5,1.4899609553741051,0.842,0.902,0.89,0.012
4,euclidean,center_quantile_0.8,nearest_sphere,ratio,1.0,1.930004094371435,0.852,0.902,0.892,0.01
4,euclidean,center_quantile_0.8,nearest_sphere,ratio,2.0,2.878897001976851,0.872,0.902,0.896,0.006
4,euclidean,center_quantile_0.8,nearest_sphere,inverse_margin,0.0,1.0504803939698921,0.762,0.902,0.874,0.028
4,euclidean,center_quantile_0.8,nearest_sphere,inverse_margin,0.25,4.881983517257206,0.892,0.902,0.9,0.002
4,euclidean,center_quantile_0.8,nearest_sphere,inverse_margin,0.5,8.819014885093761,0.892,0.902,0.9,0.002
4,euclidean,center_quantile_0.8,nearest_sphere,inverse_margin,1.0,16.69307762076687,0.892,0.902,0.9,0.002
4,euclidean,center_quantile_0.8,nearest_sphere,inverse_margin,2.0,32.44120309211309,0.892,0.902,0.9,0.002
4,euclidean,center_quantile_0.8,nearest_sphere,max_ratio,0.0,1.0504803939698921,0.762,0.902,0.874,0.028
4,euclidean,center_quantile_0.8,nearest_sphere,max_ratio,0.25,1.0504803939698921,0.762,0.902,0.874,0.028
4,euclidean,center_quantile_0.8,nearest_sphere,max_ratio,0.5,1.0504803939698921,0.762,0.902,0.874,0.028
4,euclidean,center_quantile_0.8,nearest_sphere,max_ratio,1.0,1.0504803939698921,0.762,0.902,0.874,0.028
4,euclidean,center_quantile_0.8,nearest_sphere,max_ratio,2.0,1.88058365078398,0.892,0.902,0.9,0.002
4,euclidean,center_quantile_0.8,normalized_union,none,0.0,0.9574849504853801,0.782,0.902,0.878,0.024
4,euclidean,center_quantile_0.8,normalized_union,none,0.25,0.9574849504853801,0.782,0.902,0.878,0.024
4,euclidean,center_quantile_0.8,normalized_union,none,0.5,0.9574849504853801,0.782,0.902,0.878,0.024
4,euclidean,center_quantile_0.8,normalized_union,none,1.0,0.9574849504853801,0.782,0.902,0.878,0.024
4,euclidean,center_quantile_0.8,normalized_union,none,2.0,0.9574849504853801,0.782,0.902,0.878,0.024
4,euclidean,center_quantile_0.8,normalized_union,ratio,0.0,0.9574849504853801,0.782,0.902,0.878,0.024
4,euclidean,center_quantile_0.8,normalized_union,ratio,0.25,1.1855462969163166,0.792,0.902,0.88,0.022
4,euclidean,center_quantile_0.8,normalized_union,ratio,0.5,1.414738427734795,0.812,0.902,0.884,0.018
4,euclidean,center_quantile_0.8,normalized_union,ratio,1.0,1.882430048590304,0.822,0.902,0.886,0.016
4,euclidean,center_quantile_0.8,normalized_union,ratio,2.0,2.825713415596103,0.852,0.902,0.892,0.01
4,euclidean,center_quantile_0.8,normalized_union,inverse_margin,0.0,0.9574849504853801,0.782,0.902,0.878,0.024
4,euclidean,center_quantile_0.8,normalized_union,inverse_margin,0.25,4.881983517257206,0.862,0.902,0.894,0.008
4,euclidean,center_quantile_0.8,normalized_union,inverse_margin,0.5,8.819014885093761,0.862,0.902,0.894,0.008
4,euclidean,center_quantile_0.8,normalized_union,inverse_margin,1.0,16.69307762076687,0.862,0.902,0.894,0.008
4,euclidean,center_quantile_0.8,normalized_union,inverse_margin,2.0,32.44120309211309,0.862,0.902,0.894,0.008
4,euclidean,center_quantile_0.8,normalized_union,max_ratio,0.0,0.9574849504853801,0.782,0.902,0.878,0.024
4,euclidean,center_quantile_0.8,normalized_union,max_ratio,0.25,0.9574849504853801,0.782,0.902,0.878,0.024
4,euclidean,center_quantile_0.8,normalized_union,max_ratio,0.5,0.9574849504853801,0.782,0.902,0.878,0.024
4,euclidean,center_quantile_0.8,normalized_union,max_ratio,1.0,0.9691324587164155,0.832,0.902,0.888,0.014
4,euclidean,center_quantile_0.8,normalized_union,max_ratio,2.0,1.88058365078398,0.862,0.902,0.894,0.008
4,euclidean,intent_quantile_0.8,nearest_sphere,none,0.0,1.084606083081739,0.872,0.902,0.896,0.006
4,euclidean,intent_quantile_0.8,nearest_sphere,none,0.25,1.084606083081739,0.872,0.902,0.896,0.006
4,euclidean,intent_quantile_0.8,nearest_sphere,none,0.5,1.084606083081739,0.872,0.902,0.896,0.006
4,euclidean,intent_quantile_0.8,nearest_sphere,none,1.0,1.084606083081739,0.872,0.902,0.896,0.006
4,euclidean,intent_quantile_0.8,nearest_sphere,none,2.0,1.084606083081739,0.872,0.902,0.896,0.006
4,euclidean,intent_quantile_0.8,nearest_sphere,ratio,0.0,1.084606083081739,0.872,0.902,0.896,0.006
4,euclidean,intent_quantile_0.8,nearest_sphere,ratio,0.25,1.3244259346327296,0.872,0.902,0.896,0.006
4,euclidean,intent_quantile_0.8,nearest_sphere,ratio,0.5,1.5523024492414912,0.872,0.902,0.896,0.006
4,euclidean,intent_quantile_0.8,nearest_sphere,ratio,1.0,2.0308328978521115,0.882,0.902,0.898,0.004
4,euclidean,intent_quantile_0.8,nearest_sphere,ratio,2.0,3.0092966813672146,0.882,0.902,0.898,0.004
4,euclidean,intent_quantile_0.8,nearest_sphere,inverse_margin,0.0,1.084606083081739,0.872,0.902,0.896,0.006
4,euclidean,intent_quantile_0.8,nearest_sphere,inverse_margin,0.25,5.040038812755933,0.892,0.902,0.9,0.002
4,euclidean,intent_quantile_0.8,nearest_sphere,inverse_margin,0.5,9.052454849262983,0.892,0.902,0.9,0.002
4,euclidean,intent_quantile_0.8,nearest_sphere,inverse_margin,1.0,17.07728692227708,0.892,0.902,0.9,0.002
4,euclidean,intent_quantile_0.8,nearest_sphere,inverse_margin,2.0,32.93968113710312,0.892,0.902,0.9,0.002
4,euclidean,intent_quantile_0.8,nearest_sphere,max_ratio,0.0,1.084606083081739,0.872,0.902,0.896,0.006
4,euclidean,intent_quantile_0.8,nearest_sphere,max_ratio,0.25,1.084606083081739,0.872,0.902,0.896,0.006
4,euclidean,intent_quantile_0.8,nearest_sphere,max_ratio,0.5,1.084606083081739,0.872,0.902,0.896,0.006
4,euclidean,intent_quantile_0.8,nearest_sphere,max_ratio,1.0,1.084606083081739,0.872,0.902,0.896,0.006
4,euclidean,intent_quantile_0.8,nearest_sphere,max_ratio,2.0,1.88058365078398,0.892,0.902,0.9,0.002
4,euclidean,intent_quantile_0.8,normalized_union,none,0.0,1.074257609100246,0.802,0.902,0.882,0.02
4,euclidean,intent_quantile_0.8,normalized_union,none,0.25,1.074257609100246,0.802,0.902,0.882,0.02
4,euclidean,intent_quantile_0.8,normalized_union,none,0.5,1.074257609100246,0.802,0.902,0.882,0.02
4,euclidean,intent_quantile_0.8,normalized_union,none,1.0,1.074257609100246,0.802,0.902,0.882,0.02
4,euclidean,intent_quantile_0.8,normalized_union,none,2.0,1.074257609100246,0.802,0.902,0.882,0.02
4,euclidean,intent_quantile_0.8,normalized_union,ratio,0.0,1.074257609100246,0.802,0.902,0.882,0.02
4,euclidean,intent_quantile_0.8,normalized_union,ratio,0.25,1.305399289109223,0.802,0.902,0.882,0.02
4,euclidean,intent_quantile_0.8,normalized_union,ratio,0.5,1.5419287124208894,0.812,0.902,0.884,0.018
4,euclidean,intent_quantile_0.8,normalized_union,ratio,1.0,2.0186804517959427,0.822,0.902,0.886,0.016
4,euclidean,intent_quantile_0.8,normalized_union,ratio,2.0,2.9742884699429766,0.832,0.902,0.888,0.014
4,euclidean,intent_quantile_0.8,normalized_union,inverse_margin,0.0,1.074257609100246,0.802,0.902,0.882,0.02
4,euclidean,intent_quantile_0.8,normalized_union,inverse_margin,0.25,5.040038812755933,0.792,0.902,0.88,0.022
4,euclidean,intent_quantile_0.8,normalized_union,inverse_margin,0.5,9.031165143331853,0.782,0.902,0.878,0.024
4,euclidean,intent_quantile_0.8,normalized_union,inverse_margin,1.0,16.905227879004965,0.782,0.902,0.878,0.024
4,euclidean,intent_quantile_0.8,normalized_union,inverse_margin,2.0,32.65335335035119,0.782,0.902,0.878,0.024
4,euclidean,intent_quantile_0.8,normalized_union,max_ratio,0.0,1.074257609100246,0.802,0.902,0.882,0.02
4,euclidean,intent_quantile_0.8,normalized_union,max_ratio,0.25,1.074257609100246,0.802,0.902,0.882,0.02
4,euclidean,intent_quantile_0.8,normalized_union,max_ratio,0.5,1.074257609100246,0.802,0.902,0.882,0.02
4,euclidean,intent_quantile_0.8,normalized_union,max_ratio,1.0,1.074257609100246,0.802,0.902,0.882,0.02
4,euclidean,intent_quantile_0.8,normalized_union,max_ratio,2.0,1.88058365078398,0.782,0.902,0.878,0.024
4,euclidean,center_quantile_0.9,nearest_sphere,none,0.0,1.0036291624015636,0.762,0.902,0.874,0.028
4,euclidean,center_quantile_0.9,nearest_sphere,none,0.25,1.0036291624015636,0.762,0.902,0.874,0.028
4,euclidean,center_quantile_0.9,nearest_sphere,none,0.5,1.0036291624015636,0.762,0.902,0.874,0.028
4,euclidean,center_quantile_0.9,nearest_sphere,none,1.0,1.0036291624015636,0.762,0.902,0.874,0.028
4,euclidean,center_quantile_0.9,nearest_sphere,none,2.0,1.0036291624015636,0.762,0.902,0.874,0.028
4,euclidean,center_quantile_0.9,nearest_sphere,ratio,0.0,1.0036291624015636,0.762,0.902,0.874,0.028
4,euclidean,center_quantile_0.9,nearest_sphere,ratio,0.25,1.2242232651653955,0.802,0.902,0.882,0.02
4,euclidean,center_quantile_0.9,nearest_sphere,ratio,0.5,1.4431921323309669,0.842,0.902,0.89,0.012
4,euclidean,center_quantile_0.9,nearest_sphere,ratio,1.0,1.89597293713229,0.862,0.902,0.894,0.008
4,euclidean,center_quantile_0.9,nearest_sphere,ratio,2.0,2.8461310977884744,0.872,0.902,0.896,0.006
4,euclidean,center_quantile_0.9,nearest_sphere,inverse_margin,0.0,1.0036291624015636,0.762,0.902,0.874,0.028
4,euclidean,center_quantile_0.9,nearest_sphere,inverse_margin,0.25,4.839677516347413,0.892,0.902,0.9,0.002
4,euclidean,center_quantile_0.9,nearest_sphere,inverse_margin,0.5,8.776708884183968,0.892,0.902,0.9,0.002
4,euclidean,center_quantile_0.9,nearest_sphere,inverse_margin,1.0,16.65077161985708,0.892,0.902,0.9,0.002
4,euclidean,center_quantile_0.9,nearest_sphere,inverse_margin,2.0,32.3988970912033,0.892,0.902,0.9,0.002
4,euclidean,center_quantile_0.9,nearest_sphere,max_ratio,0.0,1.0036291624015636,0.762,0.902,0.874,0.028
4,euclidean,center_quantile_0.9,nearest_sphere,max_ratio,0.25,1.0036291624015636,0.762,0.902,0.874,0.028
4,euclidean,center_quantile_0.9,nearest_sphere,max_ratio,0.5,1.0036291624015636,0.762,0.902,0.874,0.028
4,euclidean,center_quantile_0.9,nearest_sphere,max_ratio,1.0,1.0036291624015636,0.762,0.902,0.874,0.028
4,euclidean,center_quantile_0.9,nearest_sphere,max_ratio,2.0,1.88058365078398,0.892,0.902,0.9,0.002
4,euclidean,center_quantile_0.9,normalized_union,none,0.0,0.9251274072586549,0.802,0.902,0.882,0.02
4,euclidean,center_quantile_0.9,normalized_union,none,0.25,0.9251274072586549,0.802,0.902,0.882,0.02
4,euclidean,center_quantile_0.9,normalized_union,none,0.5,0.9251274072586549,0.802,0.902,0.882,0.02
4,euclidean,center_quantile_0.9,normalized_union,none,1.0,0.9251274072586549,0.802,0.902,0.882,0.02
4,euclidean,center_quantile_0.9,normalized_union,none,2.0,0.9251274072586549,0.802,0.902,0.882,0.02
4,euclidean,center_quantile_0.9,normalized_union,ratio,0.0,0.9251274072586549,0.802,0.902,0.882,0.02
4,euclidean,center_quantile_0.9,normalized_union,ratio,0.25,1.1554012650092325,0.812,0.902,0.884,0.018
4,euclidean,center_quantile_0.9,normalized_union,ratio,0.5,1.3874605207986208,0.822,0.902,0.886,0.016
4,euclidean,center_quantile_0.9,normalized_union,ratio,1.0,1.8559474898437802,0.842,0.902,0.89,0.012
4,euclidean,center_quantile_0.9,normalized_union,ratio,2.0,2.791843811811926,0.852,0.902,0.892,0.01
4,euclidean,center_quantile_0.9,normalized_union,inverse_margin,0.0,0.9251274072586549,0.802,0.902,0.882,0.02
4,euclidean,center_quantile_0.9,normalized_union,inverse_margin,0.25,4.839677516347413,0.862,0.902,0.894,0.008
4,euclidean,center_quantile_0.9,normalized_union,inverse_margin,0.5,8.776708884183968,0.862,0.902,0.894,0.008
4,euclidean,center_quantile_0.9,normalized_union,inverse_margin,1.0,16.65077161985708,0.862,0.902,0.894,0.008
4,euclidean,center_quantile_0.9,normalized_union,inverse_margin,2.0,32.3988970912033,0.862,0.902,0.894,0.008
4,euclidean,center_quantile_0.9,normalized_union,max_ratio,0.0,0.9251274072586549,0.802,0.902,0.882,0.02
4,euclidean,center_quantile_0.9,normalized_union,max_ratio,0.25,0.9251274072586549,0.802,0.902,0.882,0.02
4,euclidean,center_quantile_0.9,normalized_union,max_ratio,0.5,0.9251274072586549,0.802,0.902,0.882,0.02
4,euclidean,center_quantile_0.9,normalized_union,max_ratio,1.0,0.9491069938329216,0.852,0.902,0.892,0.01
4,euclidean,center_quantile_0.9,normalized_union,max_ratio,2.0,1.88058365078398,0.862,0.902,0.894,0.008
4,euclidean,intent_quantile_0.9,nearest_sphere,none,0.0,1.0029889388035744,0.862,0.902,0.894,0.008
4,euclidean,intent_quantile_0.9,nearest_sphere,none,0.25,1.0029889388035744,0.862,0.902,0.894,0.008
4,euclidean,intent_quantile_0.9,nearest_sphere,none,0.5,1.0029889388035744,0.862,0.902,0.894,0.008
4,euclidean,intent_quantile_0.9,nearest_sphere,none,1.0,1.0029889388035744,0.862,0.902,0.894,0.008
4,euclidean,intent_quantile_0.9,nearest_sphere,none,2.0,1.0029889388035744,0.862,0.902,0.894,0.008
4,euclidean,intent_quantile_0.9,nearest_sphere,ratio,0.0,1.0029889388035744,0.862,0.902,0.894,0.008
4,euclidean,intent_quantile_0.9,nearest_sphere,ratio,0.25,1.2375916804056195,0.862,0.902,0.894,0.008
4,euclidean,intent_quantile_0.9,nearest_sphere,ratio,0.5,1.473442277358605,0.862,0.902,0.894,0.008
4,euclidean,intent_quantile_0.9,nearest_sphere,ratio,1.0,1.9562653740083564,0.872,0.902,0.896,0.006
4,euclidean,intent_quantile_0.9,nearest_sphere,ratio,2.0,2.9060001420694475,0.882,0.902,0.898,0.004
4,euclidean,intent_quantile_0.9,nearest_sphere,inverse_margin,0.0,1.0029889388035744,0.862,0.902,0.894,0.008
4,euclidean,intent_quantile_0.9,nearest_sphere,inverse_margin,0.25,4.968785038841266,0.892,0.902,0.9,0.002
4,euclidean,intent_quantile_0.9,nearest_sphere,inverse_margin,0.5,8.946130395049865,0.892,0.902,0.9,0.002
4,euclidean,intent_quantile_0.9,nearest_sphere,inverse_margin,1.0,16.820193130722977,0.892,0.902,0.9,0.002
4,euclidean,intent_quantile_0.9,nearest_sphere,inverse_margin,2.0,32.5683186020692,0.892,0.902,0.9,0.002
4,euclidean,intent_quantile_0.9,nearest_sphere,max_ratio,0.0,1.0029889388035744,0.862,0.902,0.894,0.008
4,euclidean,intent_quantile_0.9,nearest_sphere,max_ratio,0.25,1.0029889388035744,0.862,0.902,0.894,0.008
4,euclidean,intent_quantile_0.9,nearest_sphere,max_ratio,0.5,1.0029889388035744,0.862,0.902,0.894,0.008
4,euclidean,intent_quantile_0.9,nearest_sphere,max_ratio,1.0,1.0029889388035744,0.862,0.902,0.894,0.008
4,euclidean,intent_quantile_0.9,nearest_sphere,max_ratio,2.0,1.88058365078398,0.892,0.902,0.9,0.002
4,euclidean,intent_quantile_0.9,normalized_union,none,0.0,0.9927067573949122,0.812,0.902,0.884,0.018
4,euclidean,intent_quantile_0.9,normalized_union,none,0.25,0.9927067573949122,0.812,0.902,0.884,0.018
4,euclidean,intent_quantile_0.9,normalized_union,none,0.5,0.9927067573949122,0.812,0.902,0.884,0.018
4,euclidean,intent_quantile_0.9,normalized_union,none,1.0,0.9927067573949122,0.812,0.902,0.884,0.018
4,euclidean,intent_quantile_0.9,normalized_union,none,2.0,0.9927067573949122,0.812,0.902,0.884,0.018
4,euclidean,intent_quantile_0.9,normalized_union,ratio,0.0,0.9927067573949122,0.812,0.902,0.884,0.018
4,euclidean,intent_quantile_0.9,normalized_union,ratio,0.25,1.2348621971402551,0.812,0.902,0.884,0.018
4,euclidean,intent_quantile_0.9,normalized_union,ratio,0.5,1.4719446669832326,0.822,0.902,0.886,0.016
4,euclidean,intent_quantile_0.9,normalized_union,ratio,1.0,1.940741435012896,0.842,0.902,0.89,0.012
4,euclidean,intent_quantile_0.9,normalized_union,ratio,2.0,2.9025243688869193,0.872,0.902,0.896,0.006
4,euclidean,intent_quantile_0.9,normalized_union,inverse_margin,0.0,0.9927067573949122,0.812,0.902,0.884,0.018
4,euclidean,intent_quantile_0.9,normalized_union,inverse_margin,0.25,4.968785038841266,0.852,0.902,0.892,0.01
4,euclidean,intent_quantile_0.9,normalized_union,inverse_margin,0.5,8.946130395049865,0.852,0.902,0.892,0.01
4,euclidean,intent_quantile_0.9,normalized_union,inverse_margin,1.0,16.820193130722977,0.852,0.902,0.892,0.01
4,euclidean,intent_quantile_0.9,normalized_union,inverse_margin,2.0,32.5683186020692,0.852,0.902,0.892,0.01
4,euclidean,intent_quantile_0.9,normalized_union,max_ratio,0.0,0.9927067573949122,0.812,0.902,0.884,0.018
4,euclidean,intent_quantile_0.9,normalized_union,max_ratio,0.25,0.9927067573949122,0.812,0.902,0.884,0.018
4,euclidean,intent_quantile_0.9,normalized_union,max_ratio,0.5,0.9927067573949122,0.812,0.902,0.884,0.018
4,euclidean,intent_quantile_0.9,normalized_union,max_ratio,1.0,0.9950574354358616,0.822,0.902,0.886,0.016
4,euclidean,intent_quantile_0.9,normalized_union,max_ratio,2.0,1.88058365078398,0.852,0.902,0.892,0.01
4,euclidean,center_quantile_0.95,nearest_sphere,none,0.0,0.9773647201779947,0.782,0.902,0.878,0.024
4,euclidean,center_quantile_0.95,nearest_sphere,none,0.25,0.9773647201779947,0.782,0.902,0.878,0.024
4,euclidean,center_quantile_0.95,nearest_sphere,none,0.5,0.9773647201779947,0.782,0.902,0.878,0.024
4,euclidean,center_quantile_0.95,nearest_sphere,none,1.0,0.9773647201779947,0.782,0.902,0.878,0.024
4,euclidean,center_quantile_0.95,nearest_sphere,none,2.0,0.9773647201779947,0.782,0.902,0.878,0.024
4,euclidean,center_quantile_0.95,nearest_sphere,ratio,0.0,0.9773647201779947,0.782,0.902,0.878,0.024
4,euclidean,center_quantile_0.95,nearest_sphere,ratio,0.25,1.1986805021716973,0.812,0.902,0.884,0.018
4,euclidean,center_quantile_0.95,nearest_sphere,ratio,0.5,1.4202771118945154,0.842,0.902,0.89,0.012
4,euclidean,center_quantile_0.95,nearest_sphere,ratio,1.0,1.8731446221732555,0.872,0.902,0.896,0.006
4,euclidean,center_quantile_0.95,nearest_sphere,ratio,2.0,2.8274055856831612,0.872,0.902,0.896,0.006
4,euclidean,center_quantile_0.95,nearest_sphere,inverse_margin,0.0,0.9773647201779947,0.782,0.902,0.878,0.024
4,euclidean,center_quantile_0.95,nearest_sphere,inverse_margin,0.25,4.822831175464199,0.892,0.902,0.9,0.002
4,euclidean,center_quantile_0.95,nearest_sphere,inverse_margin,0.5,8.759862543300754,0.892,0.902,0.9,0.002
4,euclidean,center_quantile_0.95,nearest_sphere,inverse_margin,1.0,16.633925278973866,0.892,0.902,0.9,0.002
4,euclidean,center_quantile_0.95,nearest_sphere,inverse_margin,2.0,32.38205075032009,0.892,0.902,0.9,0.002
4,euclidean,center_quantile_0.95,nearest_sphere,max_ratio,0.0,0.9773647201779947,0.782,0.902,0.878,0.024
4,euclidean,center_quantile_0.95,nearest_sphere,max_ratio,0.25,0.9773647201779947,0.782,0.902,0.878,0.024
4,euclidean,center_quantile_0.95,nearest_sphere,max_ratio,0.5,0.9773647201779947,0.782,0.902,0.878,0.024
4,euclidean,center_quantile_0.95,nearest_sphere,max_ratio,1.0,0.987461555370999,0.842,0.902,0.89,0.012
4,euclidean,center_quantile_0.95,nearest_sphere,max_ratio,2.0,1.88058365078398,0.892,0.902,0.9,0.002
4,euclidean,center_quantile_0.95,normalized_union,none,0.0,0.9109672336756799,0.802,0.902,0.882,0.02
4,euclidean,center_quantile_0.95,normalized_union,none,0.25,0.9109672336756799,0.802,0.902,0.882,0.02
4,euclidean,center_quantile_0.95,normalized_union,none,0.5,0.9109672336756799,0.802,0.902,0.882,0.02
4,euclidean,center_quantile_0.95,normalized_union,none,1.0,0.9109672336756799,0.802,0.902,0.882,0.02
4,euclidean,center_quantile_0.95,normalized_union,none,2.0,0.9109672336756799,0.802,0.902,0.882,0.02
4,euclidean,center_quantile_0.95,normalized_union,ratio,0.0,0.9109672336756799,0.802,0.902,0.882,0.02
4,euclidean,center_quantile_0.95,normalized_union,ratio,0.25,1.1363510171514564,0.812,0.902,0.884,0.018
4,euclidean,center_quantile_0.95,normalized_union,ratio,0.5,1.3723894098008496,0.822,0.902,0.886,0.016
4,euclidean,center_quantile_0.95,normalized_union,ratio,1.0,1.8423588852641024,0.842,0.902,0.89,0.012
4,euclidean,center_quantile_0.95,normalized_union,ratio,2.0,2.775119065755877,0.842,0.902,0.89,0.012
4,euclidean,center_quantile_0.95,normalized_union,inverse_margin,0.0,0.9109672336756799,0.802,0.902,0.882,0.02
4,euclidean,center_quantile_0.95,normalized_union,inverse_margin,0.25,4.822831175464199,0.852,0.902,0.892,0.01
4,euclidean,center_quantile_0.95,normalized_union,inverse_margin,0.5,8.759862543300754,0.852,0.902,0.892,0.01
4,euclidean,center_quantile_0.95,normalized_union,inverse_margin,1.0,16.633925278973866,0.852,0.902,0.892,0.01
4,euclidean,center_quantile_0.95,normalized_union,inverse_margin,2.0,32.38205075032009,0.852,0.902,0.892,0.01
4,euclidean,center_quantile_0.95,normalized_union,max_ratio,0.0,0.9109672336756799,0.802,0.902,0.882,0.02
4,euclidean,center_quantile_0.95,normalized_union,max_ratio,0.25,0.9109672336756799,0.802,0.902,0.882,0.02
4,euclidean,center_quantile_0.95,normalized_union,max_ratio,0.5,0.9109672336756799,0.802,0.902,0.882,0.02
4,euclidean,center_quantile_0.95,normalized_union,max_ratio,1.0,0.9443633071827208,0.862,0.902,0.894,0.008
4,euclidean,center_quantile_0.95,normalized_union,max_ratio,2.0,1.88058365078398,0.852,0.902,0.892,0.01
4,euclidean,intent_quantile_0.95,nearest_sphere,none,0.0,0.9564636426699725,0.862,0.902,0.894,0.008
4,euclidean,intent_quantile_0.95,nearest_sphere,none,0.25,0.9564636426699725,0.862,0.902,0.894,0.008
4,euclidean,intent_quantile_0.95,nearest_sphere,none,0.5,0.9564636426699725,0.862,0.902,0.894,0.008
4,euclidean,intent_quantile_0.95,nearest_sphere,none,1.0,0.9564636426699725,0.862,0.902,0.894,0.008
4,euclidean,intent_quantile_0.95,nearest_sphere,none,2.0,0.9564636426699725,0.862,0.902,0.894,0.008
4,euclidean,intent_quantile_0.95,nearest_sphere,ratio,0.0,0.9564636426699725,0.862,0.902,0.894,0.008
4,euclidean,intent_quantile_0.95,nearest_sphere,ratio,0.25,1.1944709527274098,0.862,0.902,0.894,0.008
4,euclidean,intent_quantile_0.95,nearest_sphere,ratio,0.5,1.4290379157445847,0.862,0.902,0.894,0.008
4,euclidean,intent_quantile_0.95,nearest_sphere,ratio,1.0,1.9044983202879564,0.882,0.902,0.898,0.004
4,euclidean,intent_quantile_0.95,nearest_sphere,ratio,2.0,2.85253299790594,0.882,0.902,0.898,0.004
4,euclidean,intent_quantile_0.95,nearest_sphere,inverse_margin,0.0,0.9564636426699725,0.862,0.902,0.894,0.008
4,euclidean,intent_quantile_0.95,nearest_sphere,inverse_margin,0.25,4.933697214242132,0.892,0.902,0.9,0.002
4,euclidean,intent_quantile_0.95,nearest_sphere,inverse_margin,0.5,8.870728582078687,0.892,0.902,0.9,0.002
4,euclidean,intent_quantile_0.95,nearest_sphere,inverse_margin,1.0,16.744791317751798,0.892,0.902,0.9,0.002
4,euclidean,intent_quantile_0.95,nearest_sphere,inverse_margin,2.0,32.49291678909802,0.892,0.902,0.9,0.002
4,euclidean,intent_quantile_0.95,nearest_sphere,max_ratio,0.0,0.9564636426699725,0.862,0.902,0.894,0.008
4,euclidean,intent_quantile_0.95,nearest_sphere,max_ratio,0.25,0.9564636426699725,0.862,0.902,0.894,0.008
4,euclidean,intent_quantile_0.95,nearest_sphere,max_ratio,0.5,0.9564636426699725,0.862,0.902,0.894,0.008
4,euclidean,intent_quantile_0.95,nearest_sphere,max_ratio,1.0,0.9770031944660671,0.882,0.902,0.898,0.004
4,euclidean,intent_quantile_0.95,nearest_sphere,max_ratio,2.0,1.88058365078398,0.892,0.902,0.9,0.002
4,euclidean,intent_quantile_0.95,normalized_union,none,0.0,0.9495216323996136,0.822,0.902,0.886,0.016
4,euclidean,intent_quantile_0.95,normalized_union,none,0.25,0.9495216323996136,0.822,0.902,0.886,0.016
4,euclidean,intent_quantile_0.95,normalized_union,none,0.5,0.9495216323996136,0.822,0.902,0.886,0.016
4,euclidean,intent_quantile_0.95,normalized_union,none,1.0,0.9495216323996136,0.822,0.902,0.886,0.016
4,euclidean,intent_quantile_0.95,normalized_union,none,2.0,0.9495216323996136,0.822,0.902,0.886,0.016
4,euclidean,intent_quantile_0.95,normalized_union,ratio,0.0,0.9495216323996136,0.822,0.902,0.886,0.016
4,euclidean,intent_quantile_0.95,normalized_union,ratio,0.25,1.1934723120744684,0.832,0.902,0.888,0.014
4,euclidean,intent_quantile_0.95,normalized_union,ratio,0.5,1.4290379157445847,0.842,0.902,0.89,0.012
4,euclidean,intent_quantile_0.95,normalized_union,ratio,1.0,1.8944782461894882,0.852,0.902,0.892,0.01
4,euclidean,intent_quantile_0.95,normalized_union,ratio,2.0,2.85253299790594,0.882,0.902,0.898,0.004
4,euclidean,intent_quantile_0.95,normalized_union,inverse_margin,0.0,0.9495216323996136,0.822,0.902,0.886,0.016
4,euclidean,intent_quantile_0.95,normalized_union,inverse_margin,0.25,4.933697214242132,0.892,0.902,0.9,0.002
4,euclidean,intent_quantile_0.95,normalized_union,inverse_margin,0.5,8.870728582078687,0.892,0.902,0.9,0.002
4,euclidean,intent_quantile_0.95,normalized_union,inverse_margin,1.0,16.744791317751798,0.892,0.902,0.9,0.002
4,euclidean,intent_quantile_0.95,normalized_union,inverse_margin,2.0,32.49291678909802,0.892,0.902,0.9,0.002
4,euclidean,intent_quantile_0.95,normalized_union,max_ratio,0.0,0.9495216323996136,0.822,0.902,0.886,0.016
4,euclidean,intent_quantile_0.95,normalized_union,max_ratio,0.25,0.9495216323996136,0.822,0.902,0.886,0.016
4,euclidean,intent_quantile_0.95,normalized_union,max_ratio,0.5,0.9495216323996136,0.822,0.902,0.886,0.016
4,euclidean,intent_quantile_0.95,normalized_union,max_ratio,1.0,0.9770031944660671,0.872,0.902,0.896,0.006
4,euclidean,intent_quantile_0.95,normalized_union,max_ratio,2.0,1.88058365078398,0.892,0.902,0.9,0.002
4,euclidean,center_quantile_0.99,nearest_sphere,none,0.0,0.9245994531478784,0.822,0.902,0.886,0.016
4,euclidean,center_quantile_0.99,nearest_sphere,none,0.25,0.9245994531478784,0.822,0.902,0.886,0.016
4,euclidean,center_quantile_0.99,nearest_sphere,none,0.5,0.9245994531478784,0.822,0.902,0.886,0.016
4,euclidean,center_quantile_0.99,nearest_sphere,none,1.0,0.9245994531478784,0.822,0.902,0.886,0.016
4,euclidean,center_quantile_0.99,nearest_sphere,none,2.0,0.9245994531478784,0.822,0.902,0.886,0.016
4,euclidean,center_quantile_0.99,nearest_sphere,ratio,0.0,0.9245994531478784,0.822,0.902,0.886,0.016
4,euclidean,center_quantile_0.99,nearest_sphere,ratio,0.25,1.1562071887992385,0.852,0.902,0.892,0.01
4,euclidean,center_quantile_0.99,nearest_sphere,ratio,0.5,1.3763222390561507,0.862,0.902,0.894,0.008
4,euclidean,center_quantile_0.99,nearest_sphere,ratio,1.0,1.84433517967185,0.872,0.902,0.896,0.006
4,euclidean,center_quantile_0.99,nearest_sphere,ratio,2.0,2.806363754847777,0.882,0.902,0.898,0.004
4,euclidean,center_quantile_0.99,nearest_sphere,inverse_margin,0.0,0.9245994531478784,0.822,0.902,0.886,0.016
4,euclidean,center_quantile_0.99,nearest_sphere,inverse_margin,0.25,4.809275075656259,0.892,0.902,0.9,0.002
4,euclidean,center_quantile_0.99,nearest_sphere,inverse_margin,0.5,8.746306443492815,0.892,0.902,0.9,0.002
4,euclidean,center_quantile_0.99,nearest_sphere,inverse_margin,1.0,16.620369179165927,0.892,0.902,0.9,0.002
4,euclidean,center_quantile_0.99,nearest_sphere,inverse_margin,2.0,32.36849465051215,0.892,0.902,0.9,0.002
4,euclidean,center_quantile_0.99,nearest_sphere,max_ratio,0.0,0.9245994531478784,0.822,0.902,0.886,0.016
4,euclidean,center_quantile_0.99,nearest_sphere,max_ratio,0.25,0.9245994531478784,0.822,0.902,0.886,0.016
4,euclidean,center_quantile_0.99,nearest_sphere,max_ratio,0.5,0.9245994531478784,0.822,0.902,0.886,0.016
4,euclidean,center_quantile_0.99,nearest_sphere,max_ratio,1.0,0.9605078169919105,0.882,0.902,0.898,0.004
4,euclidean,center_quantile_0.99,nearest_sphere,max_ratio,2.0,1.88058365078398,0.892,0.902,0.9,0.002
4,euclidean,center_quantile_0.99,normalized_union,none,0.0,0.8890939138353524,0.822,0.902,0.886,0.016
4,euclidean,center_quantile_0.99,normalized_union,none,0.25,0.8890939138353524,0.822,0.902,0.886,0.016
4,euclidean,center_quantile_0.99,normalized_union,none,0.5,0.8890939138353524,0.822,0.902,0.886,0.016
4,euclidean,center_quantile_0.99,normalized_union,none,1.0,0.8890939138353524,0.822,0.902,0.886,0.016
4,euclidean,center_quantile_0.99,normalized_union,none,2.0,0.8890939138353524,0.822,0.902,0.886,0.016
4,euclidean,center_quantile_0.99,normalized_union,ratio,0.0,0.8890939138353524,0.822,0.902,0.886,0.016
4,euclidean,center_quantile_0.99,normalized_union,ratio,0.25,1.116984581352679,0.842,0.902,0.89,0.012
4,euclidean,center_quantile_0.99,normalized_union,ratio,0.5,1.3572425252277551,0.842,0.902,0.89,0.012
4,euclidean,center_quantile_0.99,normalized_union,ratio,1.0,1.8286217469790462,0.852,0.902,0.892,0.01
4,euclidean,center_quantile_0.99,normalized_union,ratio,2.0,2.7582856847428006,0.862,0.902,0.894,0.008
4,euclidean,center_quantile_0.99,normalized_union,inverse_margin,0.0,0.8890939138353524,0.822,0.902,0.886,0.016
4,euclidean,center_quantile_0.99,normalized_union,inverse_margin,0.25,4.809275075656259,0.872,0.902,0.896,0.006
4,euclidean,center_quantile_0.99,normalized_union,inverse_margin,0.5,8.746306443492815,0.872,0.902,0.896,0.006
4,euclidean,center_quantile_0.99,normalized_union,inverse_margin,1.0,16.620369179165927,0.872,0.902,0.896,0.006
4,euclidean,center_quantile_0.99,normalized_union,inverse_margin,2.0,32.36849465051215,0.872,0.902,0.896,0.006
4,euclidean,center_quantile_0.99,normalized_union,max_ratio,0.0,0.8890939138353524,0.822,0.902,0.886,0.016
4,euclidean,center_quantile_0.99,normalized_union,max_ratio,0.25,0.8890939138353524,0.822,0.902,0.886,0.016
4,euclidean,center_quantile_0.99,normalized_union,max_ratio,0.5,0.8890939138353524,0.822,0.902,0.886,0.016
4,euclidean,center_quantile_0.99,normalized_union,max_ratio,1.0,0.9437328317708223,0.882,0.902,0.898,0.004
4,euclidean,center_quantile_0.99,normalized_union,max_ratio,2.0,1.88058365078398,0.872,0.902,0.896,0.006
4,euclidean,intent_quantile_0.99,nearest_sphere,none,0.0,0.9068553098787716,0.862,0.902,0.894,0.008
4,euclidean,intent_quantile_0.99,nearest_sphere,none,0.25,0.9068553098787716,0.862,0.902,0.894,0.008
4,euclidean,intent_quantile_0.99,nearest_sphere,none,0.5,0.9068553098787716,0.862,0.902,0.894,0.008
4,euclidean,intent_quantile_0.99,nearest_sphere,none,1.0,0.9068553098787716,0.862,0.902,0.894,0.008
4,euclidean,intent_quantile_0.99,nearest_sphere,none,2.0,0.9068553098787716,0.862,0.902,0.894,0.008
4,euclidean,intent_quantile_0.99,nearest_sphere,ratio,0.0,0.9068553098787716,0.862,0.902,0.894,0.008
4,euclidean,intent_quantile_0.99,nearest_sphere,ratio,0.25,1.1395344006685244,0.862,0.902,0.894,0.008
4,euclidean,intent_quantile_0.99,nearest_sphere,ratio,0.5,1.3768147429789086,0.872,0.902,0.896,0.006
4,euclidean,intent_quantile_0.99,nearest_sphere,ratio,1.0,1.8560733098090647,0.882,0.902,0.898,0.004
4,euclidean,intent_quantile_0.99,nearest_sphere,ratio,2.0,2.7942369758944747,0.882,0.902,0.898,0.004
4,euclidean,intent_quantile_0.99,nearest_sphere,inverse_margin,0.0,0.9068553098787716,0.862,0.902,0.894,0.008
4,euclidean,intent_quantile_0.99,nearest_sphere,inverse_margin,0.25,4.861532601954455,0.892,0.902,0.9,0.002
4,euclidean,intent_quantile_0.99,nearest_sphere,inverse_margin,0.5,8.79856396979101,0.892,0.902,0.9,0.002
4,euclidean,intent_quantile_0.99,nearest_sphere,inverse_margin,1.0,16.672626705464122,0.892,0.902,0.9,0.002
4,euclidean,intent_quantile_0.99,nearest_sphere,inverse_margin,2.0,32.420752176810346,0.892,0.902,0.9,0.002
4,euclidean,intent_quantile_0.99,nearest_sphere,max_ratio,0.0,0.9068553098787716,0.862,0.902,0.894,0.008
4,euclidean,intent_quantile_0.99,nearest_sphere,max_ratio,0.25,0.9068553098787716,0.862,0.902,0.894,0.008
4,euclidean,intent_quantile_0.99,nearest_sphere,max_ratio,0.5,0.9068553098787716,0.862,0.902,0.894,0.008
4,euclidean,intent_quantile_0.99,nearest_sphere,max_ratio,1.0,0.9446475591668549,0.882,0.902,0.898,0.004
4,euclidean,intent_quantile_0.99,nearest_sphere,max_ratio,2.0,1.88058365078398,0.892,0.902,0.9,0.002
4,euclidean,intent_quantile_0.99,normalized_union,none,0.0,0.9041580282945166,0.832,0.902,0.888,0.014
4,euclidean,intent_quantile_0.99,normalized_union,none,0.25,0.9041580282945166,0.832,0.902,0.888,0.014
4,euclidean,intent_quantile_0.99,normalized_union,none,0.5,0.9041580282945166,0.832,0.902,0.888,0.014
4,euclidean,intent_quantile_0.99,normalized_union,none,1.0,0.9041580282945166,0.832,0.902,0.888,0.014
4,euclidean,intent_quantile_0.99,normalized_union,none,2.0,0.9041580282945166,0.832,0.902,0.888,0.014
4,euclidean,intent_quantile_0.99,normalized_union,ratio,0.0,0.9041580282945166,0.832,0.902,0.888,0.014
4,euclidean,intent_quantile_0.99,normalized_union,ratio,0.25,1.1395344006685244,0.842,0.902,0.89,0.012
4,euclidean,intent_quantile_0.99,normalized_union,ratio,0.5,1.3722070334169487,0.852,0.902,0.892,0.01
4,euclidean,intent_quantile_0.99,normalized_union,ratio,1.0,1.8519796222025238,0.872,0.902,0.896,0.006
4,euclidean,intent_quantile_0.99,normalized_union,ratio,2.0,2.7942369758944747,0.882,0.902,0.898,0.004
4,euclidean,intent_quantile_0.99,normalized_union,inverse_margin,0.0,0.9041580282945166,0.832,0.902,0.888,0.014
4,euclidean,intent_quantile_0.99,normalized_union,inverse_margin,0.25,4.861532601954455,0.892,0.902,0.9,0.002
4,euclidean,intent_quantile_0.99,normalized_union,inverse_margin,0.5,8.79856396979101,0.892,0.902,0.9,0.002
4,euclidean,intent_quantile_0.99,normalized_union,inverse_margin,1.0,16.672626705464122,0.892,0.902,0.9,0.002
4,euclidean,intent_quantile_0.99,normalized_union,inverse_margin,2.0,32.420752176810346,0.892,0.902,0.9,0.002
4,euclidean,intent_quantile_0.99,normalized_union,max_ratio,0.0,0.9041580282945166,0.832,0.902,0.888,0.014
4,euclidean,intent_quantile_0.99,normalized_union,max_ratio,0.25,0.9041580282945166,0.832,0.902,0.888,0.014
4,euclidean,intent_quantile_0.99,normalized_union,max_ratio,0.5,0.9041580282945166,0.832,0.902,0.888,0.014
4,euclidean,intent_quantile_0.99,normalized_union,max_ratio,1.0,0.9446475591668549,0.882,0.902,0.898,0.004
4,euclidean,intent_quantile_0.99,normalized_union,max_ratio,2.0,1.88058365078398,0.892,0.902,0.9,0.002
4,mahalanobis_diag,mean_std_0.0,nearest_sphere,none,0.0,1.0174537987180108,0.762,0.902,0.874,0.028
4,mahalanobis_diag,mean_std_0.0,nearest_sphere,none,0.25,1.0174537987180108,0.762,0.902,0.874,0.028
4,mahalanobis_diag,mean_std_0.0,nearest_sphere,none,0.5,1.0174537987180108,0.762,0.902,0.874,0.028
4,mahalanobis_diag,mean_std_0.0,nearest_sphere,none,1.0,1.0174537987180108,0.762,0.902,0.874,0.028
4,mahalanobis_diag,mean_std_0.0,nearest_sphere,none,2.0,1.0174537987180108,0.762,0.902,0.874,0.028
4,mahalanobis_diag,mean_std_0.0,nearest_sphere,ratio,0.0,1.0174537987180108,0.762,0.902,0.874,0.028
4,mahalanobis_diag,mean_std_0.0,nearest_sphere,ratio,0.25,1.2540843328100726,0.772,0.902,0.876,0.026
4,mahalanobis_diag,mean_std_0.0,nearest_sphere,ratio,0.5,1.4920028231787348,0.782,0.902,0.878,0.024
4,mahalanobis_diag,mean_std_0.0,nearest_sphere,ratio,1.0,1.967761485599325,0.792,0.902,0.88,0.022
4,mahalanobis_diag,mean_std_0.0,nearest_sphere,ratio,2.0,2.922018670452818,0.822,0.902,0.886,0.016
4,mahalanobis_diag,mean_std_0.0,nearest_sphere,inverse_margin,0.0,1.0174537987180108,0.762,0.902,0.874,0.028
4,mahalanobis_diag,mean_std_0.0,nearest_sphere,inverse_margin,0.25,7.809461621683113,0.862,0.902,0.894,0.008
4,mahalanobis_diag,mean_std_0.0,nearest_sphere,inverse_margin,0.5,14.645059879457293,0.862,0.902,0.894,0.008
4,mahalanobis_diag,mean_std_0.0,nearest_sphere,inverse_margin,1.0,28.316256395005652,0.862,0.902,0.894,0.008
4,mahalanobis_diag,mean_std_0.0,nearest_sphere,inverse_margin,2.0,55.65864942610237,0.862,0.902,0.894,0.008
4,mahalanobis_diag,mean_std_0.0,nearest_sphere,max_ratio,0.0,1.0174537987180108,0.762,0.902,0.874,0.028
4,mahalanobis_diag,mean_std_0.0,nearest_sphere,max_ratio,0.25,1.0174537987180108,0.762,0.902,0.874,0.028
4,mahalanobis_diag,mean_std_0.0,nearest_sphere,max_ratio,0.5,1.0174537987180108,0.762,0.902,0.874,0.028
4,mahalanobis_diag,mean_std_0.0,nearest_sphere,max_ratio,1.0,1.0174537987180108,0.762,0.902,0.874,0.028
4,mahalanobis_diag,mean_std_0.0,nearest_sphere,max_ratio,2.0,1.929434328364382,0.862,0.902,0.894,0.008
4,mahalanobis_diag,mean_std_0.0,normalized_union,none,0.0,1.0174537987180108,0.762,0.902,0.874,0.028
4,mahalanobis_diag,mean_std_0.0,normalized_union,none,0.25,1.0174537987180108,0.762,0.902,0.874,0.028
4,mahalanobis_diag,mean_std_0.0,normalized_union,none,0.5,1.0174537987180108,0.762,0.902,0.874,0.028
4,mahalanobis_diag,mean_std_0.0,normalized_union,none,1.0,1.0174537987180108,0.762,0.902,0.874,0.028
4,mahalanobis_diag,mean_std_0.0,normalized_union,none,2.0,1.0174537987180108,0.762,0.902,0.874,0.028
4,mahalanobis_diag,mean_std_0.0,normalized_union,ratio,0.0,1.0174537987180108,0.762,0.902,0.874,0.028
4,mahalanobis_diag,mean_std_0.0,normalized_union,ratio,0.25,1.2540843328100726,0.772,0.902,0.876,0.026
4,mahalanobis_diag,mean_std_0.0,normalized_union,ratio,0.5,1.4920028231787348,0.782,0.902,0.878,0.024
4,mahalanobis_diag,mean_std_0.0,normalized_union,ratio,1.0,1.967761485599325,0.792,0.902,0.88,0.022
4,mahalanobis_diag,mean_std_0.0,normalized_union,ratio,2.0,2.922018670452818,0.822,0.902,0.886,0.016
4,mahalanobis_diag,mean_std_0.0,normalized_union,inverse_margin,0.0,1.0174537987180108,0.762,0.902,0.874,0.028
4,mahalanobis_diag,mean_std_0.0,normalized_union,inverse_margin,0.25,7.809461621683113,0.862,0.902,0.894,0.008
4,mahalanobis_diag,mean_std_0.0,normalized_union,inverse_margin,0.5,14.645059879457293,0.862,0.902,0.894,0.008
4,mahalanobis_diag,mean_std_0.0,normalized_union,inverse_margin,1.0,28.316256395005652,0.862,0.902,0.894,0.008
4,mahalanobis_diag,mean_std_0.0,normalized_union,inverse_margin,2.0,55.65864942610237,0.862,0.902,0.894,0.008
4,mahalanobis_diag,mean_std_0.0,normalized_union,max_ratio,0.0,1.0174537987180108,0.762,0.902,0.874,0.028
4,mahalanobis_diag,mean_std_0.0,normalized_union,max_ratio,0.25,1.0174537987180108,0.762,0.902,0.874,0.028
4,mahalanobis_diag,mean_std_0.0,normalized_union,max_ratio,0.5,1.0174537987180108,0.762,0.902,0.874,0.028
4,mahalanobis_diag,mean_std_0.0,normalized_union,max_ratio,1.0,1.0174537987180108,0.762,0.902,0.874,0.028
4,mahalanobis_diag,mean_std_0.0,normalized_union,max_ratio,2.0,1.929434328364382,0.862,0.902,0.894,0.008
4,mahalanobis_diag,mean_std_0.25,nearest_sphere,none,0.0,1.002868993946751,0.762,0.902,0.874,0.028
4,mahalanobis_diag,mean_std_0.25,nearest_sphere,none,0.25,1.002868993946751,0.762,0.902,0.874,0.028
4,mahalanobis_diag,mean_std_0.25,nearest_sphere,none,0.5,1.002868993946751,0.762,0.902,0.874,0.028
4,mahalanobis_diag,mean_std_0.25,nearest_sphere,none,1.0,1.002868993946751,0.762,0.902,0.874,0.028
4,mahalanobis_diag,mean_std_0.25,nearest_sphere,none,2.0,1.002868993946751,0.762,0.902,0.874,0.028
4,mahalanobis_diag,mean_std_0.25,nearest_sphere,ratio,0.0,1.002868993946751,0.762,0.902,0.874,0.028
4,mahalanobis_diag,mean_std_0.25,nearest_sphere,ratio,0.25,1.2402293361311072,0.782,0.902,0.878,0.024
4,mahalanobis_diag,mean_std_0.25,nearest_sphere,ratio,0.5,1.4781626274327493,0.782,0.902,0.878,0.024
4,mahalanobis_diag,mean_std_0.25,nearest_sphere,ratio,1.0,1.9515428740167233,0.792,0.902,0.88,0.022
4,mahalanobis_diag,mean_std_0.25,nearest_sphere,ratio,2.0,2.9065794799800475,0.832,0.902,0.888,0.014
4,mahalanobis_diag,mean_std_0.25,nearest_sphere,inverse_margin,0.0,1.002868993946751,0.762,0.902,0.874,0.028
4,mahalanobis_diag,mean_std_0.25,nearest_sphere,inverse_margin,0.25,7.794434322178228,0.862,0.902,0.894,0.008
4,mahalanobis_diag,mean_std_0.25,nearest_sphere,inverse_margin,0.5,14.630032579952408,0.862,0.902,0.894,0.008
4,mahalanobis_diag,mean_std_0.25,nearest_sphere,inverse_margin,1.0,28.301229095500766,0.862,0.902,0.894,0.008
4,mahalanobis_diag,mean_std_0.25,nearest_sphere,inverse_margin,2.0,55.643622126597485,0.862,0.902,0.894,0.008
4,mahalanobis_diag,mean_std_0.25,nearest_sphere,max_ratio,0.0,1.002868993946751,0.762,0.902,0.874,0.028
4,mahalanobis_diag,mean_std_0.25,nearest_sphere,max_ratio,0.25,1.002868993946751,0.762,0.902,0.874,0.028
4,mahalanobis_diag,mean_std_0.25,nearest_sphere,max_ratio,0.5,1.002868993946751,0.762,0.902,0.874,0.028
4,mahalanobis_diag,mean_std_0.25,nearest_sphere,max_ratio,1.0,1.002868993946751,0.762,0.902,0.874,0.028
4,mahalanobis_diag,mean_std_0.25,nearest_sphere,max_ratio,2.0,1.929434328364382,0.862,0.902,0.894,0.008
4,mahalanobis_diag,mean_std_0.25,normalized_union,none,0.0,1.002868993946751,0.772,0.902,0.876,0.026
4,mahalanobis_diag,mean_std_0.25,normalized_union,none,0.25,1.002868993946751,0.772,0.902,0.876,0.026
4,mahalanobis_diag,mean_std_0.25,normalized_union,none,0.5,1.002868993946751,0.772,0.902,0.876,0.026
4,mahalanobis_diag,mean_std_0.25,normalized_union,none,1.0,1.002868993946751,0.772,0.902,0.876,0.026
4,mahalanobis_diag,mean_std_0.25,normalized_union,none,2.0,1.002868993946751,0.772,0.902,0.876,0.026
4,mahalanobis_diag,mean_std_0.25,normalized_union,ratio,0.0,1.002868993946751,0.772,0.902,0.876,0.026
4,mahalanobis_diag,mean_std_0.25,normalized_union,ratio,0.25,1.2402293361311072,0.792,0.902,0.88,0.022
4,mahalanobis_diag,mean_std_0.25,normalized_union,ratio,0.5,1.4781626274327493,0.792,0.902,0.88,0.022
4,mahalanobis_diag,mean_std_0.25,normalized_union,ratio,1.0,1.9515428740167233,0.802,0.902,0.882,0.02
4,mahalanobis_diag,mean_std_0.25,normalized_union,ratio,2.0,2.9065794799800475,0.842,0.902,0.89,0.012
4,mahalanobis_diag,mean_std_0.25,normalized_union,inverse_margin,0.0,1.002868993946751,0.772,0.902,0.876,0.026
4,mahalanobis_diag,mean_std_0.25,normalized_union,inverse_margin,0.25,7.794434322178228,0.862,0.902,0.894,0.008
4,mahalanobis_diag,mean_std_0.25,normalized_union,inverse_margin,0.5,14.630032579952408,0.862,0.902,0.894,0.008
4,mahalanobis_diag,mean_std_0.25,normalized_union,inverse_margin,1.0,28.301229095500766,0.862,0.902,0.894,0.008
4,mahalanobis_diag,mean_std_0.25,normalized_union,inverse_margin,2.0,55.643622126597485,0.862,0.902,0.894,0.008
4,mahalanobis_diag,mean_std_0.25,normalized_union,max_ratio,0.0,1.002868993946751,0.772,0.902,0.876,0.026
4,mahalanobis_diag,mean_std_0.25,normalized_union,max_ratio,0.25,1.002868993946751,0.772,0.902,0.876,0.026
4,mahalanobis_diag,mean_std_0.25,normalized_union,max_ratio,0.5,1.002868993946751,0.772,0.902,0.876,0.026
4,mahalanobis_diag,mean_std_0.25,normalized_union,max_ratio,1.0,1.002868993946751,0.772,0.902,0.876,0.026
4,mahalanobis_diag,mean_std_0.25,normalized_union,max_ratio,2.0,1.929434328364382,0.862,0.902,0.894,0.008
4,mahalanobis_diag,mean_std_0.5,nearest_sphere,none,0.0,0.9884407762441867,0.762,0.902,0.874,0.028
4,mahalanobis_diag,mean_std_0.5,nearest_sphere,none,0.25,0.9884407762441867,0.762,0.902,0.874,0.028
4,mahalanobis_diag,mean_std_0.5,nearest_sphere,none,0.5,0.9884407762441867,0.762,0.902,0.874,0.028
4,mahalanobis_diag,mean_std_0.5,nearest_sphere,none,1.0,0.9884407762441867,0.762,0.902,0.874,0.028
4,mahalanobis_diag,mean_std_0.5,nearest_sphere,none,2.0,0.9884407762441867,0.762,0.902,0.874,0.028
4,mahalanobis_diag,mean_std_0.5,nearest_sphere,ratio,0.0,0.9884407762441867,0.762,0.902,0.874,0.028
4,mahalanobis_diag,mean_std_0.5,nearest_sphere,ratio,0.25,1.2268736952542802,0.782,0.902,0.878,0.024
4,mahalanobis_diag,mean_std_0.5,nearest_sphere,ratio,0.5,1.46390652722808,0.782,0.902,0.878,0.024
4,mahalanobis_diag,mean_std_0.5,nearest_sphere,ratio,1.0,1.9385732953105035,0.792,0.902,0.88,0.022
4,mahalanobis_diag,mean_std_0.5,nearest_sphere,ratio,2.0,2.891469717451361,0.832,0.902,0.888,0.014
4,mahalanobis_diag,mean_std_0.5,nearest_sphere,inverse_margin,0.0,0.9884407762441867,0.762,0.902,0.874,0.028
4,mahalanobis_diag,mean_std_0.5,nearest_sphere,inverse_margin,0.25,7.77986373591529,0.862,0.902,0.894,0.008
4,mahalanobis_diag,mean_std_0.5,nearest_sphere,inverse_margin,0.5,14.61546199368947,0.862,0.902,0.894,0.008
4,mahalanobis_diag,mean_std_0.5,nearest_sphere,inverse_margin,1.0,28.28665850923783,0.862,0.902,0.894,0.008
4,mahalanobis_diag,mean_std_0.5,nearest_sphere,inverse_margin,2.0,55.62905154033455,0.862,0.902,0.894,0.008
4,mahalanobis_diag,mean_std_0.5,nearest_sphere,max_ratio,0.0,0.9884407762441867,0.762,0.902,0.874,0.028
4,mahalanobis_diag,mean_std_0.5,nearest_sphere,max_ratio,0.25,0.9884407762441867,0.762,0.902,0.874,0.028
4,mahalanobis_diag,mean_std_0.5,nearest_sphere,max_ratio,0.5,0.9884407762441867,0.762,0.902,0.874,0.028
4,mahalanobis_diag,mean_std_0.5,nearest_sphere,max_ratio,1.0,0.9920831576868855,0.802,0.902,0.882,0.02
4,mahalanobis_diag,mean_std_0.5,nearest_sphere,max_ratio,2.0,1.929434328364382,0.862,0.902,0.894,0.008
4,mahalanobis_diag,mean_std_0.5,normalized_union,none,0.0,0.9884407762441867,0.772,0.902,0.876,0.026
4,mahalanobis_diag,mean_std_0.5,normalized_union,none,0.25,0.9884407762441867,0.772,0.902,0.876,0.026
4,mahalanobis_diag,mean_std_0.5,normalized_union,none,0.5,0.9884407762441867,0.772,0.902,0.876,0.026
4,mahalanobis_diag,mean_std_0.5,normalized_union,none,1.0,0.9884407762441867,0.772,0.902,0.876,0.026
4,mahalanobis_diag,mean_std_0.5,normalized_union,none,2.0,0.9884407762441867,0.772,0.902,0.876,0.026
4,mahalanobis_diag,mean_std_0.5,normalized_union,ratio,0.0,0.9884407762441867,0.772,0.902,0.876,0.026
4,mahalanobis_diag,mean_std_0.5,normalized_union,ratio,0.25,1.2268736952542802,0.792,0.902,0.88,0.022
4,mahalanobis_diag,mean_std_0.5,normalized_union,ratio,0.5,1.46390652722808,0.792,0.902,0.88,0.022
4,mahalanobis_diag,mean_std_0.5,normalized_union,ratio,1.0,1.9385732953105035,0.802,0.902,0.882,0.02
4,mahalanobis_diag,mean_std_0.5,normalized_union,ratio,2.0,2.891469717451361,0.842,0.902,0.89,0.012
4,mahalanobis_diag,mean_std_0.5,normalized_union,inverse_margin,0.0,0.9884407762441867,0.772,0.902,0.876,0.026
4,mahalanobis_diag,mean_std_0.5,normalized_union,inverse_margin,0.25,7.77986373591529,0.862,0.902,0.894,0.008
4,mahalanobis_diag,mean_std_0.5,normalized_union,inverse_margin,0.5,14.61546199368947,0.862,0.902,0.894,0.008
4,mahalanobis_diag,mean_std_0.5,normalized_union,inverse_margin,1.0,28.28665850923783,0.862,0.902,0.894,0.008
4,mahalanobis_diag,mean_std_0.5,normalized_union,inverse_margin,2.0,55.62905154033455,0.862,0.902,0.894,0.008
4,mahalanobis_diag,mean_std_0.5,normalized_union,max_ratio,0.0,0.9884407762441867,0.772,0.902,0.876,0.026
4,mahalanobis_diag,mean_std_0.5,normalized_union,max_ratio,0.25,0.9884407762441867,0.772,0.902,0.876,0.026
4,mahalanobis_diag,mean_std_0.5,normalized_union,max_ratio,0.5,0.9884407762441867,0.772,0.902,0.876,0.026
4,mahalanobis_diag,mean_std_0.5,normalized_union,max_ratio,1.0,0.9920831576868855,0.802,0.902,0.882,0.02
4,mahalanobis_diag,mean_std_0.5,normalized_union,max_ratio,2.0,1.929434328364382,0.862,0.902,0.894,0.008
4,mahalanobis_diag,mean_std_0.75,nearest_sphere,none,0.0,0.9752396280078022,0.762,0.902,0.874,0.028
4,mahalanobis_diag,mean_std_0.75,nearest_sphere,none,0.25,0.9752396280078022,0.762,0.902,0.874,0.028
4,mahalanobis_diag,mean_std_0.75,nearest_sphere,none,0.5,0.9752396280078022,0.762,0.902,0.874,0.028
4,mahalanobis_diag,mean_std_0.75,nearest_sphere,none,1.0,0.9752396280078022,0.762,0.902,0.874,0.028
4,mahalanobis_diag,mean_std_0.75,nearest_sphere,none,2.0,0.9752396280078022,0.762,0.902,0.874,0.028
4,mahalanobis_diag,mean_std_0.75,nearest_sphere,ratio,0.0,0.9752396280078022,0.762,0.902,0.874,0.028
4,mahalanobis_diag,mean_std_0.75,nearest_sphere,ratio,0.25,1.213432369957267,0.782,0.902,0.878,0.024
4,mahalanobis_diag,mean_std_0.75,nearest_sphere,ratio,0.5,1.450395150086837,0.782,0.902,0.878,0.024
4,mahalanobis_diag,mean_std_0.75,nearest_sphere,ratio,1.0,1.9247500495462178,0.802,0.902,0.882,0.02
4,mahalanobis_diag,mean_std_0.75,nearest_sphere,ratio,2.0,2.8785136769624566,0.832,0.902,0.888,0.014
4,mahalanobis_diag,mean_std_0.75,nearest_sphere,inverse_margin,0.0,0.9752396280078022,0.762,0.902,0.874,0.028
4,mahalanobis_diag,mean_std_0.75,nearest_sphere,inverse_margin,0.25,7.76572935374835,0.862,0.902,0.894,0.008
4,mahalanobis_diag,mean_std_0.75,nearest_sphere,inverse_margin,0.5,14.60132761152253,0.862,0.902,0.894,0.008
4,mahalanobis_diag,mean_std_0.75,nearest_sphere,inverse_margin,1.0,28.272524127070888,0.862,0.902,0.894,0.008
4,mahalanobis_diag,mean_std_0.75,nearest_sphere,inverse_margin,2.0,55.61491715816761,0.862,0.902,0.894,0.008
4,mahalanobis_diag,mean_std_0.75,nearest_sphere,max_ratio,0.0,0.9752396280078022,0.762,0.902,0.874,0.028
4,mahalanobis_diag,mean_std_0.75,nearest_sphere,max_ratio,0.25,0.9752396280078022,0.762,0.902,0.874,0.028
4,mahalanobis_diag,mean_std_0.75,nearest_sphere,max_ratio,0.5,0.9752396280078022,0.762,0.902,0.874,0.028
4,mahalanobis_diag,mean_std_0.75,nearest_sphere,max_ratio,1.0,0.9841933379365028,0.832,0.902,0.888,0.014
4,mahalanobis_diag,mean_std_0.75,nearest_sphere,max_ratio,2.0,1.929434328364382,0.862,0.902,0.894,0.008
4,mahalanobis_diag,mean_std_0.75,normalized_union,none,0.0,0.9752396280078022,0.782,0.902,0.878,0.024
4,mahalanobis_diag,mean_std_0.75,normalized_union,none,0.25,0.9752396280078022,0.782,0.902,0.878,0.024
4,mahalanobis_diag,mean_std_0.75,normalized_union,none,0.5,0.9752396280078022,0.782,0.902,0.878,0.024
4,mahalanobis_diag,mean_std_0.75,normalized_union,none,1.0,0.9752396280078022,0.782,0.902,0.878,0.024
4,mahalanobis_diag,mean_std_0.75,normalized_union,none,2.0,0.9752396280078022,0.782,0.902,0.878,0.024
4,mahalanobis_diag,mean_std_0.75,normalized_union,ratio,0.0,0.9752396280078022,0.782,0.902,0.878,0.024
4,mahalanobis_diag,mean_std_0.75,normalized_union,ratio,0.25,1.2133015393378408,0.792,0.902,0.88,0.022
4,mahalanobis_diag,mean_std_0.75,normalized_union,ratio,0.5,1.450395150086837,0.792,0.902,0.88,0.022
4,mahalanobis_diag,mean_std_0.75,normalized_union,ratio,1.0,1.9247500495462178,0.812,0.902,0.884,0.018
4,mahalanobis_diag,mean_std_0.75,normalized_union,ratio,2.0,2.8785136769624566,0.842,0.902,0.89,0.012
4,mahalanobis_diag,mean_std_0.75,normalized_union,inverse_margin,0.0,0.9752396280078022,0.782,0.902,0.878,0.024
4,mahalanobis_diag,mean_std_0.75,normalized_union,inverse_margin,0.25,7.76572935374835,0.862,0.902,0.894,0.008
4,mahalanobis_diag,mean_std_0.75,normalized_union,inverse_margin,0.5,14.60132761152253,0.862,0.902,0.894,0.008
4,mahalanobis_diag,mean_std_0.75,normalized_union,inverse_margin,1.0,28.272524127070888,0.862,0.902,0.894,0.008
4,mahalanobis_diag,mean_std_0.75,normalized_union,inverse_margin,2.0,55.61491715816761,0.862,0.902,0.894,0.008
4,mahalanobis_diag,mean_std_0.75,normalized_union,max_ratio,0.0,0.9752396280078022,0.782,0.902,0.878,0.024
4,mahalanobis_diag,mean_std_0.75,normalized_union,max_ratio,0.25,0.9752396280078022,0.782,0.902,0.878,0.024
4,mahalanobis_diag,mean_std_0.75,normalized_union,max_ratio,0.5,0.9752396280078022,0.782,0.902,0.878,0.024
4,mahalanobis_diag,mean_std_0.75,normalized_union,max_ratio,1.0,0.983809724697708,0.832,0.902,0.888,0.014
4,mahalanobis_diag,mean_std_0.75,normalized_union,max_ratio,2.0,1.929434328364382,0.862,0.902,0.894,0.008
4,mahalanobis_diag,mean_std_1.0,nearest_sphere,none,0.0,0.9631286720695054,0.762,0.902,0.874,0.028
4,mahalanobis_diag,mean_std_1.0,nearest_sphere,none,0.25,0.9631286720695054,0.762,0.902,0.874,0.028
4,mahalanobis_diag,mean_std_1.0,nearest_sphere,none,0.5,0.9631286720695054,0.762,0.902,0.874,0.028
4,mahalanobis_diag,mean_std_1.0,nearest_sphere,none,1.0,0.9631286720695054,0.762,0.902,0.874,0.028
4,mahalanobis_diag,mean_std_1.0,nearest_sphere,none,2.0,0.9631286720695054,0.762,0.902,0.874,0.028
4,mahalanobis_diag,mean_std_1.0,nearest_sphere,ratio,0.0,0.9631286720695054,0.762,0.902,0.874,0.028
4,mahalanobis_diag,mean_std_1.0,nearest_sphere,ratio,0.25,1.1997789099043736,0.782,0.902,0.878,0.024
4,mahalanobis_diag,mean_std_1.0,nearest_sphere,ratio,0.5,1.4372490187043039,0.782,0.902,0.878,0.024
4,mahalanobis_diag,mean_std_1.0,nearest_sphere,ratio,1.0,1.9108554333027996,0.812,0.902,0.884,0.018
4,mahalanobis_diag,mean_std_1.0,nearest_sphere,ratio,2.0,2.8658952633531967,0.832,0.902,0.888,0.014
4,mahalanobis_diag,mean_std_1.0,nearest_sphere,inverse_margin,0.0,0.9631286720695054,0.762,0.902,0.874,0.028
4,mahalanobis_diag,mean_std_1.0,nearest_sphere,inverse_margin,0.25,7.752011876398521,0.862,0.902,0.894,0.008
4,mahalanobis_diag,mean_std_1.0,nearest_sphere,inverse_margin,0.5,14.587610134172701,0.862,0.902,0.894,0.008
4,mahalanobis_diag,mean_std_1.0,nearest_sphere,inverse_margin,1.0,28.25880664972106,0.862,0.902,0.894,0.008
4,mahalanobis_diag,mean_std_1.0,nearest_sphere,inverse_margin,2.0,55.60119968081778,0.862,0.902,0.894,0.008
4,mahalanobis_diag,mean_std_1.0,nearest_sphere,max_ratio,0.0,0.9631286720695054,0.762,0.902,0.874,0.028
4,mahalanobis_diag,mean_std_1.0,nearest_sphere,max_ratio,0.25,0.9631286720695054,0.762,0.902,0.874,0.028
4,mahalanobis_diag,mean_std_1.0,nearest_sphere,max_ratio,0.5,0.9631286720695054,0.762,0.902,0.874,0.028
4,mahalanobis_diag,mean_std_1.0,nearest_sphere,max_ratio,1.0,0.9749538828741842,0.822,0.902,0.886,0.016
4,mahalanobis_diag,mean_std_1.0,nearest_sphere,max_ratio,2.0,1.929434328364382,0.862,0.902,0.894,0.008
4,mahalanobis_diag,mean_std_1.0,normalized_union,none,0.0,0.9618733218580138,0.782,0.902,0.878,0.024
4,mahalanobis_diag,mean_std_1.0,normalized_union,none,0.25,0.9618733218580138,0.782,0.902,0.878,0.024
4,mahalanobis_diag,mean_std_1.0,normalized_union,none,0.5,0.9618733218580138,0.782,0.902,0.878,0.024
4,mahalanobis_diag,mean_std_1.0,normalized_union,none,1.0,0.9618733218580138,0.782,0.902,0.878,0.024
4,mahalanobis_diag,mean_std_1.0,normalized_union,none,2.0,0.9618733218580138,0.782,0.902,0.878,0.024
4,mahalanobis_diag,mean_std_1.0,normalized_union,ratio,0.0,0.9618733218580138,0.782,0.902,0.878,0.024
4,mahalanobis_diag,mean_std_1.0,normalized_union,ratio,0.25,1.1996506077939884,0.792,0.902,0.88,0.022
4,mahalanobis_diag,mean_std_1.0,normalized_union,ratio,0.5,1.4360891186618778,0.792,0.902,0.88,0.022
4,mahalanobis_diag,mean_std_1.0,normalized_union,ratio,1.0,1.9108554333027996,0.822,0.902,0.886,0.016
4,mahalanobis_diag,mean_std_1.0,normalized_union,ratio,2.0,2.8658952633531967,0.842,0.902,0.89,0.012
4,mahalanobis_diag,mean_std_1.0,normalized_union,inverse_margin,0.0,0.9618733218580138,0.782,0.902,0.878,0.024
4,mahalanobis_diag,mean_std_1.0,normalized_union,inverse_margin,0.25,7.752011876398521,0.862,0.902,0.894,0.008
4,mahalanobis_diag,mean_std_1.0,normalized_union,inverse_margin,0.5,14.587610134172701,0.862,0.902,0.894,0.008
4,mahalanobis_diag,mean_std_1.0,normalized_union,inverse_margin,1.0,28.25880664972106,0.862,0.902,0.894,0.008
4,mahalanobis_diag,mean_std_1.0,normalized_union,inverse_margin,2.0,55.60119968081778,0.862,0.902,0.894,0.008
4,mahalanobis_diag,mean_std_1.0,normalized_union,max_ratio,0.0,0.9618733218580138,0.782,0.902,0.878,0.024
4,mahalanobis_diag,mean_std_1.0,normalized_union,max_ratio,0.25,0.9618733218580138,0.782,0.902,0.878,0.024
4,mahalanobis_diag,mean_std_1.0,normalized_union,max_ratio,0.5,0.9618733218580138,0.782,0.902,0.878,0.024
4,mahalanobis_diag,mean_std_1.0,normalized_union,max_ratio,1.0,0.9748741552608925,0.822,0.902,0.886,0.016
4,mahalanobis_diag,mean_std_1.0,normalized_union,max_ratio,2.0,1.929434328364382,0.862,0.902,0.894,0.008
4,mahalanobis_diag,mean_std_1.5,nearest_sphere,none,0.0,0.9358120297917628,0.762,0.902,0.874,0.028
4,mahalanobis_diag,mean_std_1.5,nearest_sphere,none,0.25,0.9358120297917628,0.762,0.902,0.874,0.028
4,mahalanobis_diag,mean_std_1.5,nearest_sphere,none,0.5,0.9358120297917628,0.762,0.902,0.874,0.028
4,mahalanobis_diag,mean_std_1.5,nearest_sphere,none,1.0,0.9358120297917628,0.762,0.902,0.874,0.028
4,mahalanobis_diag,mean_std_1.5,nearest_sphere,none,2.0,0.9358120297917628,0.762,0.902,0.874,0.028
4,mahalanobis_diag,mean_std_1.5,nearest_sphere,ratio,0.0,0.9358120297917628,0.762,0.902,0.874,0.028
4,mahalanobis_diag,mean_std_1.5,nearest_sphere,ratio,0.25,1.173422797584331,0.782,0.902,0.878,0.024
4,mahalanobis_diag,mean_std_1.5,nearest_sphere,ratio,0.5,1.4111515435392818,0.782,0.902,0.878,0.024
4,mahalanobis_diag,mean_std_1.5,nearest_sphere,ratio,1.0,1.8865800373044643,0.812,0.902,0.884,0.018
4,mahalanobis_diag,mean_std_1.5,nearest_sphere,ratio,2.0,2.838318985541272,0.832,0.902,0.888,0.014
4,mahalanobis_diag,mean_std_1.5,nearest_sphere,inverse_margin,0.0,0.9358120297917628,0.762,0.902,0.874,0.028
4,mahalanobis_diag,mean_std_1.5,nearest_sphere,inverse_margin,0.25,7.725755968416596,0.862,0.902,0.894,0.008
4,mahalanobis_diag,mean_std_1.5,nearest_sphere,inverse_margin,0.5,14.561354226190776,0.862,0.902,0.894,0.008
4,mahalanobis_diag,mean_std_1.5,nearest_sphere,inverse_margin,1.0,28.232550741739136,0.862,0.902,0.894,0.008
4,mahalanobis_diag,mean_std_1.5,nearest_sphere,inverse_margin,2.0,55.57494377283586,0.862,0.902,0.894,0.008
4,mahalanobis_diag,mean_std_1.5,nearest_sphere,max_ratio,0.0,0.9358120297917628,0.762,0.902,0.874,0.028
4,mahalanobis_diag,mean_std_1.5,nearest_sphere,max_ratio,0.25,0.9358120297917628,0.762,0.902,0.874,0.028
4,mahalanobis_diag,mean_std_1.5,nearest_sphere,max_ratio,0.5,0.9358120297917628,0.762,0.902,0.874,0.028
4,mahalanobis_diag,mean_std_1.5,nearest_sphere,max_ratio,1.0,0.9697705572754793,0.832,0.902,0.888,0.014
4,mahalanobis_diag,mean_std_1.5,nearest_sphere,max_ratio,2.0,1.929434328364382,0.862,0.902,0.894,0.008
4,mahalanobis_diag,mean_std_1.5,normalized_union,none,0.0,0.9348193097001404,0.792,0.902,0.88,0.022
4,mahalanobis_diag,mean_std_1.5,normalized_union,none,0.25,0.9348193097001404,0.792,0.902,0.88,0.022
4,mahalanobis_diag,mean_std_1.5,normalized_union,none,0.5,0.9348193097001404,0.792,0.902,0.88,0.022
4,mahalanobis_diag,mean_std_1.5,normalized_union,none,1.0,0.9348193097001404,0.792,0.902,0.88,0.022
4,mahalanobis_diag,mean_std_1.5,normalized_union,none,2.0,0.9348193097001404,0.792,0.902,0.88,0.022
4,mahalanobis_diag,mean_std_1.5,normalized_union,ratio,0.0,0.9348193097001404,0.792,0.902,0.88,0.022
4,mahalanobis_diag,mean_std_1.5,normalized_union,ratio,0.25,1.1721904341344094,0.792,0.902,0.88,0.022
4,mahalanobis_diag,mean_std_1.5,normalized_union,ratio,0.5,1.4096272516302057,0.792,0.902,0.88,0.022
4,mahalanobis_diag,mean_std_1.5,normalized_union,ratio,1.0,1.8817129476068684,0.822,0.902,0.886,0.016
4,mahalanobis_diag,mean_std_1.5,normalized_union,ratio,2.0,2.8355570284967575,0.842,0.902,0.89,0.012
4,mahalanobis_diag,mean_std_1.5,normalized_union,inverse_margin,0.0,0.9348193097001404,0.792,0.902,0.88,0.022
4,mahalanobis_diag,mean_std_1.5,normalized_union,inverse_margin,0.25,7.725755968416596,0.862,0.902,0.894,0.008
4,mahalanobis_diag,mean_std_1.5,normalized_union,inverse_margin,0.5,14.561354226190776,0.862,0.902,0.894,0.008
4,mahalanobis_diag,mean_std_1.5,normalized_union,inverse_margin,1.0,28.232550741739136,0.862,0.902,0.894,0.008
4,mahalanobis_diag,mean_std_1.5,normalized_union,inverse_margin,2.0,55.57494377283586,0.862,0.902,0.894,0.008
4,mahalanobis_diag,mean_std_1.5,normalized_union,max_ratio,0.0,0.9348193097001404,0.792,0.902,0.88,0.022
4,mahalanobis_diag,mean_std_1.5,normalized_union,max_ratio,0.25,0.9348193097001404,0.792,0.902,0.88,0.022
4,mahalanobis_diag,mean_std_1.5,normalized_union,max_ratio,0.5,0.9348193097001404,0.792,0.902,0.88,0.022
4,mahalanobis_diag,mean_std_1.5,normalized_union,max_ratio,1.0,0.9697705572754793,0.832,0.902,0.888,0.014
4,mahalanobis_diag,mean_std_1.5,normalized_union,max_ratio,2.0,1.929434328364382,0.862,0.902,0.894,0.008
4,mahalanobis_diag,mean_std_2.0,nearest_sphere,none,0.0,0.9099917567154038,0.762,0.902,0.874,0.028
4,mahalanobis_diag,mean_std_2.0,nearest_sphere,none,0.25,0.9099917567154038,0.762,0.902,0.874,0.028
4,mahalanobis_diag,mean_std_2.0,nearest_sphere,none,0.5,0.9099917567154038,0.762,0.902,0.874,0.028
4,mahalanobis_diag,mean_std_2.0,nearest_sphere,none,1.0,0.9099917567154038,0.762,0.902,0.874,0.028
4,mahalanobis_diag,mean_std_2.0,nearest_sphere,none,2.0,0.9099917567154038,0.762,0.902,0.874,0.028
4,mahalanobis_diag,mean_std_2.0,nearest_sphere,ratio,0.0,0.9099917567154038,0.762,0.902,0.874,0.028
4,mahalanobis_diag,mean_std_2.0,nearest_sphere,ratio,0.25,1.1488661700439284,0.782,0.902,0.878,0.024
4,mahalanobis_diag,mean_std_2.0,nearest_sphere,ratio,0.5,1.3859724397669155,0.782,0.902,0.878,0.024
4,mahalanobis_diag,mean_std_2.0,nearest_sphere,ratio,1.0,1.8629244911582252,0.822,0.902,0.886,0.016
4,mahalanobis_diag,mean_std_2.0,nearest_sphere,ratio,2.0,2.817971415458557,0.832,0.902,0.888,0.014
4,mahalanobis_diag,mean_std_2.0,nearest_sphere,inverse_margin,0.0,0.9099917567154038,0.762,0.902,0.874,0.028
4,mahalanobis_diag,mean_std_2.0,nearest_sphere,inverse_margin,0.25,7.70096265720798,0.862,0.902,0.894,0.008
4,mahalanobis_diag,mean_std_2.0,nearest_sphere,inverse_margin,0.5,14.53656091498216,0.862,0.902,0.894,0.008
4,mahalanobis_diag,mean_std_2.0,nearest_sphere,inverse_margin,1.0,28.20775743053052,0.862,0.902,0.894,0.008
4,mahalanobis_diag,mean_std_2.0,nearest_sphere,inverse_margin,2.0,55.55015046162724,0.862,0.902,0.894,0.008
4,mahalanobis_diag,mean_std_2.0,nearest_sphere,max_ratio,0.0,0.9099917567154038,0.762,0.902,0.874,0.028
4,mahalanobis_diag,mean_std_2.0,nearest_sphere,max_ratio,0.25,0.9099917567154038,0.762,0.902,0.874,0.028
4,mahalanobis_diag,mean_std_2.0,nearest_sphere,max_ratio,0.5,0.9099917567154038,0.762,0.902,0.874,0.028
4,mahalanobis_diag,mean_std_2.0,nearest_sphere,max_ratio,1.0,0.9685660100183136,0.862,0.902,0.894,0.008
4,mahalanobis_diag,mean_std_2.0,nearest_sphere,max_ratio,2.0,1.929434328364382,0.862,0.902,0.894,0.008
4,mahalanobis_diag,mean_std_2.0,normalized_union,none,0.0,0.9083757025768046,0.792,0.902,0.88,0.022
4,mahalanobis_diag,mean_std_2.0,normalized_union,none,0.25,0.9083757025768046,0.792,0.902,0.88,0.022
4,mahalanobis_diag,mean_std_2.0,normalized_union,none,0.5,0.9083757025768046,0.792,0.902,0.88,0.022
4,mahalanobis_diag,mean_std_2.0,normalized_union,none,1.0,0.9083757025768046,0.792,0.902,0.88,0.022
4,mahalanobis_diag,mean_std_2.0,normalized_union,none,2.0,0.9083757025768046,0.792,0.902,0.88,0.022
4,mahalanobis_diag,mean_std_2.0,normalized_union,ratio,0.0,0.9083757025768046,0.792,0.902,0.88,0.022
4,mahalanobis_diag,mean_std_2.0,normalized_union,ratio,0.25,1.1466768331790602,0.792,0.902,0.88,0.022
4,mahalanobis_diag,mean_std_2.0,normalized_union,ratio,0.5,1.3837727317136557,0.792,0.902,0.88,0.022
4,mahalanobis_diag,mean_std_2.0,normalized_union,ratio,1.0,1.857925322697874,0.822,0.902,0.886,0.016
4,mahalanobis_diag,mean_std_2.0,normalized_union,ratio,2.0,2.8100680769632835,0.842,0.902,0.89,0.012
4,mahalanobis_diag,mean_std_2.0,normalized_union,inverse_margin,0.0,0.9083757025768046,0.792,0.902,0.88,0.022
4,mahalanobis_diag,mean_std_2.0,normalized_union,inverse_margin,0.25,7.70096265720798,0.862,0.902,0.894,0.008
4,mahalanobis_diag,mean_std_2.0,normalized_union,inverse_margin,0.5,14.53656091498216,0.862,0.902,0.894,0.008
4,mahalanobis_diag,mean_std_2.0,normalized_union,inverse_margin,1.0,28.20775743053052,0.862,0.902,0.894,0.008
4,mahalanobis_diag,mean_std_2.0,normalized_union,inverse_margin,2.0,55.55015046162724,0.862,0.902,0.894,0.008
4,mahalanobis_diag,mean_std_2.0,normalized_union,max_ratio,0.0,0.9083757025768046,0.792,0.902,0.88,0.022
4,mahalanobis_diag,mean_std_2.0,normalized_union,max_ratio,0.25,0.9083757025768046,0.792,0.902,0.88,0.022
4,mahalanobis_diag,mean_std_2.0,normalized_union,max_ratio,0.5,0.9083757025768046,0.792,0.902,0.88,0.022
4,mahalanobis_diag,mean_std_2.0,normalized_union,max_ratio,1.0,0.9685618678811088,0.862,0.902,0.894,0.008
4,mahalanobis_diag,mean_std_2.0,normalized_union,max_ratio,2.0,1.929434328364382,0.862,0.902,0.894,0.008
4,mahalanobis_diag,mean_std_3.0,nearest_sphere,none,0.0,0.8669844493748778,0.762,0.902,0.874,0.028
4,mahalanobis_diag,mean_std_3.0,nearest_sphere,none,0.25,0.8669844493748778,0.762,0.902,0.874,0.028
4,mahalanobis_diag,mean_std_3.0,nearest_sphere,none,0.5,0.8669844493748778,0.762,0.902,0.874,0.028
4,mahalanobis_diag,mean_std_3.0,nearest_sphere,none,1.0,0.8669844493748778,0.762,0.902,0.874,0.028
4,mahalanobis_diag,mean_std_3.0,nearest_sphere,none,2.0,0.8669844493748778,0.762,0.902,0.874,0.028
4,mahalanobis_diag,mean_std_3.0,nearest_sphere,ratio,0.0,0.8669844493748778,0.762,0.902,0.874,0.028
4,mahalanobis_diag,mean_std_3.0,nearest_sphere,ratio,0.25,1.102888746322223,0.782,0.902,0.878,0.024
4,mahalanobis_diag,mean_std_3.0,nearest_sphere,ratio,0.5,1.3406611710743652,0.792,0.902,0.88,0.022
4,mahalanobis_diag,mean_std_3.0,nearest_sphere,ratio,1.0,1.8164896956196954,0.822,0.902,0.886,0.016
4,mahalanobis_diag,mean_std_3.0,nearest_sphere,ratio,2.0,2.775668315672208,0.832,0.902,0.888,0.014
4,mahalanobis_diag,mean_std_3.0,nearest_sphere,inverse_margin,0.0,0.8669844493748778,0.762,0.902,0.874,0.028
4,mahalanobis_diag,mean_std_3.0,nearest_sphere,inverse_margin,0.25,7.655300772141507,0.862,0.902,0.894,0.008
4,mahalanobis_diag,mean_std_3.0,nearest_sphere,inverse_margin,0.5,14.490899029915687,0.862,0.902,0.894,0.008
4,mahalanobis_diag,mean_std_3.0,nearest_sphere,inverse_margin,1.0,28.162095545464048,0.862,0.902,0.894,0.008
4,mahalanobis_diag,mean_std_3.0,nearest_sphere,inverse_margin,2.0,55.50448857656077,0.862,0.902,0.894,0.008
4,mahalanobis_diag,mean_std_3.0,nearest_sphere,max_ratio,0.0,0.8669844493748778,0.762,0.902,0.874,0.028
4,mahalanobis_diag,mean_std_3.0,nearest_sphere,max_ratio,0.25,0.8669844493748778,0.762,0.902,0.874,0.028
4,mahalanobis_diag,mean_std_3.0,nearest_sphere,max_ratio,0.5,0.8669844493748778,0.762,0.902,0.874,0.028
4,mahalanobis_diag,mean_std_3.0,nearest_sphere,max_ratio,1.0,0.964717164182191,0.862,0.902,0.894,0.008
4,mahalanobis_diag,mean_std_3.0,nearest_sphere,max_ratio,2.0,1.929434328364382,0.862,0.902,0.894,0.008
4,mahalanobis_diag,mean_std_3.0,normalized_union,none,0.0,0.8584723054800776,0.802,0.902,0.882,0.02
4,mahalanobis_diag,mean_std_3.0,normalized_union,none,0.25,0.8584723054800776,0.802,0.902,0.882,0.02
4,mahalanobis_diag,mean_std_3.0,normalized_union,none,0.5,0.8584723054800776,0.802,0.902,0.882,0.02
4,mahalanobis_diag,mean_std_3.0,normalized_union,none,1.0,0.8584723054800776,0.802,0.902,0.882,0.02
4,mahalanobis_diag,mean_std_3.0,normalized_union,none,2.0,0.8584723054800776,0.802,0.902,0.882,0.02
4,mahalanobis_diag,mean_std_3.0,normalized_union,ratio,0.0,0.8584723054800776,0.802,0.902,0.882,0.02
4,mahalanobis_diag,mean_std_3.0,normalized_union,ratio,0.25,1.096398679568181,0.802,0.902,0.882,0.02
4,mahalanobis_diag,mean_std_3.0,normalized_union,ratio,0.5,1.3358508475708128,0.822,0.902,0.886,0.016
4,mahalanobis_diag,mean_std_3.0,normalized_union,ratio,1.0,1.8093968086992296,0.832,0.902,0.888,0.014
4,mahalanobis_diag,mean_std_3.0,normalized_union,ratio,2.0,2.7603922482241336,0.852,0.902,0.892,0.01
4,mahalanobis_diag,mean_std_3.0,normalized_union,inverse_margin,0.0,0.8584723054800776,0.802,0.902,0.882,0.02
4,mahalanobis_diag,mean_std_3.0,normalized_union,inverse_margin,0.25,7.64931713469727,0.852,0.902,0.892,0.01
4,mahalanobis_diag,mean_std_3.0,normalized_union,inverse_margin,0.5,14.48491539247145,0.852,0.902,0.892,0.01
4,mahalanobis_diag,mean_std_3.0,normalized_union,inverse_margin,1.0,28.15611190801981,0.852,0.902,0.892,0.01
4,mahalanobis_diag,mean_std_3.0,normalized_union,inverse_margin,2.0,55.49850493911653,0.852,0.902,0.892,0.01
4,mahalanobis_diag,mean_std_3.0,normalized_union,max_ratio,0.0,0.8584723054800776,0.802,0.902,0.882,0.02
4,mahalanobis_diag,mean_std_3.0,normalized_union,max_ratio,0.25,0.8584723054800776,0.802,0.902,0.882,0.02
4,mahalanobis_diag,mean_std_3.0,normalized_union,max_ratio,0.5,0.8584723054800776,0.802,0.902,0.882,0.02
4,mahalanobis_diag,mean_std_3.0,normalized_union,max_ratio,1.0,0.964717164182191,0.852,0.902,0.892,0.01
4,mahalanobis_diag,mean_std_3.0,normalized_union,max_ratio,2.0,1.929434328364382,0.852,0.902,0.892,0.01
4,mahalanobis_diag,center_quantile_0.5,nearest_sphere,none,0.0,1.0801939700054013,0.752,0.902,0.872,0.03
4,mahalanobis_diag,center_quantile_0.5,nearest_sphere,none,0.25,1.0801939700054013,0.752,0.902,0.872,0.03
4,mahalanobis_diag,center_quantile_0.5,nearest_sphere,none,0.5,1.0801939700054013,0.752,0.902,0.872,0.03
4,mahalanobis_diag,center_quantile_0.5,nearest_sphere,none,1.0,1.0801939700054013,0.752,0.902,0.872,0.03
4,mahalanobis_diag,center_quantile_0.5,nearest_sphere,none,2.0,1.0801939700054013,0.752,0.902,0.872,0.03
4,mahalanobis_diag,center_quantile_0.5,nearest_sphere,ratio,0.0,1.0801939700054013,0.752,0.902,0.872,0.03
4,mahalanobis_diag,center_quantile_0.5,nearest_sphere,ratio,0.25,1.3139855310671766,0.752,0.902,0.872,0.03
4,mahalanobis_diag,center_quantile_0.5,nearest_sphere,ratio,0.5,1.549266537587176,0.762,0.902,0.874,0.028
4,mahalanobis_diag,center_quantile_0.5,nearest_sphere,ratio,1.0,2.022092558133934,0.782,0.902,0.878,0.024
4,mahalanobis_diag,center_quantile_0.5,nearest_sphere,ratio,2.0,2.9830926468404866,0.812,0.902,0.884,0.018
4,mahalanobis_diag,center_quantile_0.5,nearest_sphere,inverse_margin,0.0,1.0801939700054013,0.752,0.902,0.872,0.03
4,mahalanobis_diag,center_quantile_0.5,nearest_sphere,inverse_margin,0.25,7.830765655690902,0.862,0.902,0.894,0.008
4,mahalanobis_diag,center_quantile_0.5,nearest_sphere,inverse_margin,0.5,14.666363913465082,0.862,0.902,0.894,0.008
4,mahalanobis_diag,center_quantile_0.5,nearest_sphere,inverse_margin,1.0,28.337560429013443,0.862,0.902,0.894,0.008
4,mahalanobis_diag,center_quantile_0.5,nearest_sphere,inverse_margin,2.0,55.67995346011016,0.862,0.902,0.894,0.008
4,mahalanobis_diag,center_quantile_0.5,nearest_sphere,max_ratio,0.0,1.0801939700054013,0.752,0.902,0.872,0.03
4,mahalanobis_diag,center_quantile_0.5,nearest_sphere,max_ratio,0.25,1.0801939700054013,0.752,0.902,0.872,0.03
4,mahalanobis_diag,center_quantile_0.5,nearest_sphere,max_ratio,0.5,1.0801939700054013,0.752,0.902,0.872,0.03
4,mahalanobis_diag,center_quantile_0.5,nearest_sphere,max_ratio,1.0,1.0801939700054013,0.752,0.902,0.872,0.03
4,mahalanobis_diag,center_quantile_0.5,nearest_sphere,max_ratio,2.0,1.929434328364382,0.862,0.902,0.894,0.008
4,mahalanobis_diag,center_quantile_0.5,normalized_union,none,0.0,1.071403860492751,0.702,0.902,0.862,0.04
4,mahalanobis_diag,center_quantile_0.5,normalized_union,none,0.25,1.071403860492751,0.702,0.902,0.862,0.04
4,mahalanobis_diag,center_quantile_0.5,normalized_union,none,0.5,1.071403860492751,0.702,0.902,0.862,0.04
4,mahalanobis_diag,center_quantile_0.5,normalized_union,none,1.0,1.071403860492751,0.702,0.902,0.862,0.04
4,mahalanobis_diag,center_quantile_0.5,normalized_union,none,2.0,1.071403860492751,0.702,0.902,0.862,0.04
4,mahalanobis_diag,center_quantile_0.5,normalized_union,ratio,0.0,1.071403860492751,0.702,0.902,0.862,0.04
4,mahalanobis_diag,center_quantile_0.5,normalized_union,ratio,0.25,1.3072750467800736,0.722,0.902,0.866,0.036
4,mahalanobis_diag,center_quantile_0.5,normalized_union,ratio,0.5,1.5456183103779186,0.752,0.902,0.872,0.03
4,mahalanobis_diag,center_quantile_0.5,normalized_union,ratio,1.0,2.0159779596924787,0.762,0.902,0.874,0.028
4,mahalanobis_diag,center_quantile_0.5,normalized_union,ratio,2.0,2.979406023907531,0.792,0.902,0.88,0.022
4,mahalanobis_diag,center_quantile_0.5,normalized_union,inverse_margin,0.0,1.071403860492751,0.702,0.902,0.862,0.04
4,mahalanobis_diag,center_quantile_0.5,normalized_union,inverse_margin,0.25,7.830765655690902,0.812,0.902,0.884,0.018
4,mahalanobis_diag,center_quantile_0.5,normalized_union,inverse_margin,0.5,14.666363913465082,0.812,0.902,0.884,0.018
4,mahalanobis_diag,center_quantile_0.5,normalized_union,inverse_margin,1.0,28.337560429013443,0.812,0.902,0.884,0.018
4,mahalanobis_diag,center_quantile_0.5,normalized_union,inverse_margin,2.0,55.67995346011016,0.812,0.902,0.884,0.018
4,mahalanobis_diag,center_quantile_0.5,normalized_union,max_ratio,0.0,1.071403860492751,0.702,0.902,0.862,0.04
4,mahalanobis_diag,center_quantile_0.5,normalized_union,max_ratio,0.25,1.071403860492751,0.702,0.902,0.862,0.04
4,mahalanobis_diag,center_quantile_0.5,normalized_union,max_ratio,0.5,1.071403860492751,0.702,0.902,0.862,0.04
4,mahalanobis_diag,center_quantile_0.5,normalized_union,max_ratio,1.0,1.071403860492751,0.702,0.902,0.862,0.04
4,mahalanobis_diag,center_quantile_0.5,normalized_union,max_ratio,2.0,1.929434328364382,0.812,0.902,0.884,0.018
4,mahalanobis_diag,intent_quantile_0.5,nearest_sphere,none,0.0,1.0844755037325613,0.752,0.902,0.872,0.03
4,mahalanobis_diag,intent_quantile_0.5,nearest_sphere,none,0.25,1.0844755037325613,0.752,0.902,0.872,0.03
4,mahalanobis_diag,intent_quantile_0.5,nearest_sphere,none,0.5,1.0844755037325613,0.752,0.902,0.872,0.03
4,mahalanobis_diag,intent_quantile_0.5,nearest_sphere,none,1.0,1.0844755037325613,0.752,0.902,0.872,0.03
4,mahalanobis_diag,intent_quantile_0.5,nearest_sphere,none,2.0,1.0844755037325613,0.752,0.902,0.872,0.03
4,mahalanobis_diag,intent_quantile_0.5,nearest_sphere,ratio,0.0,1.0844755037325613,0.752,0.902,0.872,0.03
4,mahalanobis_diag,intent_quantile_0.5,nearest_sphere,ratio,0.25,1.319518193043789,0.762,0.902,0.874,0.028
4,mahalanobis_diag,intent_quantile_0.5,nearest_sphere,ratio,0.5,1.5562335099776416,0.762,0.902,0.874,0.028
4,mahalanobis_diag,intent_quantile_0.5,nearest_sphere,ratio,1.0,2.0311250095944424,0.782,0.902,0.878,0.024
4,mahalanobis_diag,intent_quantile_0.5,nearest_sphere,ratio,2.0,2.994006337140158,0.812,0.902,0.884,0.018
4,mahalanobis_diag,intent_quantile_0.5,nearest_sphere,inverse_margin,0.0,1.0844755037325613,0.752,0.902,0.872,0.03
4,mahalanobis_diag,intent_quantile_0.5,nearest_sphere,inverse_margin,0.25,7.853361993712672,0.862,0.902,0.894,0.008
4,mahalanobis_diag,intent_quantile_0.5,nearest_sphere,inverse_margin,0.5,14.688960251486852,0.862,0.902,0.894,0.008
4,mahalanobis_diag,intent_quantile_0.5,nearest_sphere,inverse_margin,1.0,28.36015676703521,0.862,0.902,0.894,0.008
4,mahalanobis_diag,intent_quantile_0.5,nearest_sphere,inverse_margin,2.0,55.70254979813193,0.862,0.902,0.894,0.008
4,mahalanobis_diag,intent_quantile_0.5,nearest_sphere,max_ratio,0.0,1.0844755037325613,0.752,0.902,0.872,0.03
4,mahalanobis_diag,intent_quantile_0.5,nearest_sphere,max_ratio,0.25,1.0844755037325613,0.752,0.902,0.872,0.03
4,mahalanobis_diag,intent_quantile_0.5,nearest_sphere,max_ratio,0.5,1.0844755037325613,0.752,0.902,0.872,0.03
4,mahalanobis_diag,intent_quantile_0.5,nearest_sphere,max_ratio,1.0,1.0844755037325613,0.752,0.902,0.872,0.03
4,mahalanobis_diag,intent_quantile_0.5,nearest_sphere,max_ratio,2.0,1.929434328364382,0.862,0.902,0.894,0.008
4,mahalanobis_diag,intent_quantile_0.5,normalized_union,none,0.0,1.084343889626638,0.732,0.902,0.868,0.034
4,mahalanobis_diag,intent_quantile_0.5,normalized_union,none,0.25,1.084343889626638,0.732,0.902,0.868,0.034
4,mahalanobis_diag,intent_quantile_0.5,normalized_union,none,0.5,1.084343889626638,0.732,0.902,0.868,0.034
4,mahalanobis_diag,intent_quantile_0.5,normalized_union,none,1.0,1.084343889626638,0.732,0.902,0.868,0.034
4,mahalanobis_diag,intent_quantile_0.5,normalized_union,none,2.0,1.084343889626638,0.732,0.902,0.868,0.034
4,mahalanobis_diag,intent_quantile_0.5,normalized_union,ratio,0.0,1.084343889626638,0.732,0.902,0.868,0.034
4,mahalanobis_diag,intent_quantile_0.5,normalized_union,ratio,0.25,1.3194529538590807,0.742,0.902,0.87,0.032
4,mahalanobis_diag,intent_quantile_0.5,normalized_union,ratio,0.5,1.556147556221481,0.742,0.902,0.87,0.032
4,mahalanobis_diag,intent_quantile_0.5,normalized_union,ratio,1.0,2.028037173153767,0.772,0.902,0.876,0.026
4,mahalanobis_diag,intent_quantile_0.5,normalized_union,ratio,2.0,2.9898063539032966,0.802,0.902,0.882,0.02
4,mahalanobis_diag,intent_quantile_0.5,normalized_union,inverse_margin,0.0,1.084343889626638,0.732,0.902,0.868,0.034
4,mahalanobis_diag,intent_quantile_0.5,normalized_union,inverse_margin,0.25,7.853361993712672,0.812,0.902,0.884,0.018
4,mahalanobis_diag,intent_quantile_0.5,normalized_union,inverse_margin,0.5,14.688960251486852,0.812,0.902,0.884,0.018
4,mahalanobis_diag,intent_quantile_0.5,normalized_union,inverse_margin,1.0,28.36015676703521,0.812,0.902,0.884,0.018
4,mahalanobis_diag,intent_quantile_0.5,normalized_union,inverse_margin,2.0,55.70254979813193,0.812,0.902,0.884,0.018
4,mahalanobis_diag,intent_quantile_0.5,normalized_union,max_ratio,0.0,1.084343889626638,0.732,0.902,0.868,0.034
4,mahalanobis_diag,intent_quantile_0.5,normalized_union,max_ratio,0.25,1.084343889626638,0.732,0.902,0.868,0.034
4,mahalanobis_diag,intent_quantile_0.5,normalized_union,max_ratio,0.5,1.084343889626638,0.732,0.902,0.868,0.034
4,mahalanobis_diag,intent_quantile_0.5,normalized_union,max_ratio,1.0,1.084343889626638,0.732,0.902,0.868,0.034
4,mahalanobis_diag,intent_quantile_0.5,normalized_union,max_ratio,2.0,1.929434328364382,0.812,0.902,0.884,0.018
4,mahalanobis_diag,center_quantile_0.7,nearest_sphere,none,0.0,1.0530114613000847,0.752,0.902,0.872,0.03
4,mahalanobis_diag,center_quantile_0.7,nearest_sphere,none,0.25,1.0530114613000847,0.752,0.902,0.872,0.03
4,mahalanobis_diag,center_quantile_0.7,nearest_sphere,none,0.5,1.0530114613000847,0.752,0.902,0.872,0.03
4,mahalanobis_diag,center_quantile_0.7,nearest_sphere,none,1.0,1.0530114613000847,0.752,0.902,0.872,0.03
4,mahalanobis_diag,center_quantile_0.7,nearest_sphere,none,2.0,1.0530114613000847,0.752,0.902,0.872,0.03
4,mahalanobis_diag,center_quantile_0.7,nearest_sphere,ratio,0.0,1.0530114613000847,0.752,0.902,0.872,0.03
4,mahalanobis_diag,center_quantile_0.7,nearest_sphere,ratio,0.25,1.2853954515659456,0.752,0.902,0.872,0.03
4,mahalanobis_diag,center_quantile_0.7,nearest_sphere,ratio,0.5,1.521193597074172,0.762,0.902,0.874,0.028
4,mahalanobis_diag,center_quantile_0.7,nearest_sphere,ratio,1.0,1.9923390766214788,0.782,0.902,0.878,0.024
4,mahalanobis_diag,center_quantile_0.7,nearest_sphere,ratio,2.0,2.952925082826357,0.812,0.902,0.884,0.018
4,mahalanobis_diag,center_quantile_0.7,nearest_sphere,inverse_margin,0.0,1.0530114613000847,0.752,0.902,0.872,0.03
4,mahalanobis_diag,center_quantile_0.7,nearest_sphere,inverse_margin,0.25,7.803031964043405,0.862,0.902,0.894,0.008
4,mahalanobis_diag,center_quantile_0.7,nearest_sphere,inverse_margin,0.5,14.638630221817584,0.862,0.902,0.894,0.008
4,mahalanobis_diag,center_quantile_0.7,nearest_sphere,inverse_margin,1.0,28.309826737365945,0.862,0.902,0.894,0.008
4,mahalanobis_diag,center_quantile_0.7,nearest_sphere,inverse_margin,2.0,55.652219768462665,0.862,0.902,0.894,0.008
4,mahalanobis_diag,center_quantile_0.7,nearest_sphere,max_ratio,0.0,1.0530114613000847,0.752,0.902,0.872,0.03
4,mahalanobis_diag,center_quantile_0.7,nearest_sphere,max_ratio,0.25,1.0530114613000847,0.752,0.902,0.872,0.03
4,mahalanobis_diag,center_quantile_0.7,nearest_sphere,max_ratio,0.5,1.0530114613000847,0.752,0.902,0.872,0.03
4,mahalanobis_diag,center_quantile_0.7,nearest_sphere,max_ratio,1.0,1.0530114613000847,0.752,0.902,0.872,0.03
4,mahalanobis_diag,center_quantile_0.7,nearest_sphere,max_ratio,2.0,1.929434328364382,0.862,0.902,0.894,0.008
4,mahalanobis_diag,center_quantile_0.7,normalized_union,none,0.0,1.041238684309393,0.702,0.902,0.862,0.04
4,mahalanobis_diag,center_quantile_0.7,normalized_union,none,0.25,1.041238684309393,0.702,0.902,0.862,0.04
4,mahalanobis_diag,center_quantile_0.7,normalized_union,none,0.5,1.041238684309393,0.702,0.902,0.862,0.04
4,mahalanobis_diag,center_quantile_0.7,normalized_union,none,1.0,1.041238684309393,0.702,0.902,0.862,0.04
4,mahalanobis_diag,center_quantile_0.7,normalized_union,none,2.0,1.041238684309393,0.702,0.902,0.862,0.04
4,mahalanobis_diag,center_quantile_0.7,normalized_union,ratio,0.0,1.041238684309393,0.702,0.902,0.862,0.04
4,mahalanobis_diag,center_quantile_0.7,normalized_union,ratio,0.25,1.2775873322102917,0.722,0.902,0.866,0.036
4,mahalanobis_diag,center_quantile_0.7,normalized_union,ratio,0.5,1.5149827682250265,0.752,0.902,0.872,0.03
4,mahalanobis_diag,center_quantile_0.7,normalized_union,ratio,1.0,1.9864068676969286,0.762,0.902,0.874,0.028
4,mahalanobis_diag,center_quantile_0.7,normalized_union,ratio,2.0,2.950652895357724,0.802,0.902,0.882,0.02
4,mahalanobis_diag,center_quantile_0.7,normalized_union,inverse_margin,0.0,1.041238684309393,0.702,0.902,0.862,0.04
4,mahalanobis_diag,center_quantile_0.7,normalized_union,inverse_margin,0.25,7.803031964043405,0.812,0.902,0.884,0.018
4,mahalanobis_diag,center_quantile_0.7,normalized_union,inverse_margin,0.5,14.638630221817584,0.812,0.902,0.884,0.018
4,mahalanobis_diag,center_quantile_0.7,normalized_union,inverse_margin,1.0,28.309826737365945,0.812,0.902,0.884,0.018
4,mahalanobis_diag,center_quantile_0.7,normalized_union,inverse_margin,2.0,55.652219768462665,0.812,0.902,0.884,0.018
4,mahalanobis_diag,center_quantile_0.7,normalized_union,max_ratio,0.0,1.041238684309393,0.702,0.902,0.862,0.04
4,mahalanobis_diag,center_quantile_0.7,normalized_union,max_ratio,0.25,1.041238684309393,0.702,0.902,0.862,0.04
4,mahalanobis_diag,center_quantile_0.7,normalized_union,max_ratio,0.5,1.041238684309393,0.702,0.902,0.862,0.04
4,mahalanobis_diag,center_quantile_0.7,normalized_union,max_ratio,1.0,1.041238684309393,0.702,0.902,0.862,0.04
4,mahalanobis_diag,center_quantile_0.7,normalized_union,max_ratio,2.0,1.929434328364382,0.812,0.902,0.884,0.018
4,mahalanobis_diag,intent_quantile_0.7,nearest_sphere,none,0.0,1.055463221362033,0.752,0.902,0.872,0.03
4,mahalanobis_diag,intent_quantile_0.7,nearest_sphere,none,0.25,1.055463221362033,0.752,0.902,0.872,0.03
4,mahalanobis_diag,intent_quantile_0.7,nearest_sphere,none,0.5,1.055463221362033,0.752,0.902,0.872,0.03
4,mahalanobis_diag,intent_quantile_0.7,nearest_sphere,none,1.0,1.055463221362033,0.752,0.902,0.872,0.03
4,mahalanobis_diag,intent_quantile_0.7,nearest_sphere,none,2.0,1.055463221362033,0.752,0.902,0.872,0.03
4,mahalanobis_diag,intent_quantile_0.7,nearest_sphere,ratio,0.0,1.055463221362033,0.752,0.902,0.872,0.03
4,mahalanobis_diag,intent_quantile_0.7,nearest_sphere,ratio,0.25,1.289667342303819,0.762,0.902,0.874,0.028
4,mahalanobis_diag,intent_quantile_0.7,nearest_sphere,ratio,0.5,1.5260749261335553,0.762,0.902,0.874,0.028
4,mahalanobis_diag,intent_quantile_0.7,nearest_sphere,ratio,1.0,1.9991826689963994,0.782,0.902,0.878,0.024
4,mahalanobis_diag,intent_quantile_0.7,nearest_sphere,ratio,2.0,2.9627979749027356,0.812,0.902,0.884,0.018
4,mahalanobis_diag,intent_quantile_0.7,nearest_sphere,inverse_margin,0.0,1.055463221362033,0.752,0.902,0.872,0.03
4,mahalanobis_diag,intent_quantile_0.7,nearest_sphere,inverse_margin,0.25,7.823548365852057,0.862,0.902,0.894,0.008
4,mahalanobis_diag,intent_quantile_0.7,nearest_sphere,inverse_margin,0.5,14.659146623626237,0.862,0.902,0.894,0.008
4,mahalanobis_diag,intent_quantile_0.7,nearest_sphere,inverse_margin,1.0,28.330343139174595,0.862,0.902,0.894,0.008
4,mahalanobis_diag,intent_quantile_0.7,nearest_sphere,inverse_margin,2.0,55.672736170271314,0.862,0.902,0.894,0.008
4,mahalanobis_diag,intent_quantile_0.7,nearest_sphere,max_ratio,0.0,1.055463221362033,0.752,0.902,0.872,0.03
4,mahalanobis_diag,intent_quantile_0.7,nearest_sphere,max_ratio,0.25,1.055463221362033,0.752,0.902,0.872,0.03
4,mahalanobis_diag,intent_quantile_0.7,nearest_sphere,max_ratio,0.5,1.055463221362033,0.752,0.902,0.872,0.03
4,mahalanobis_diag,intent_quantile_0.7,nearest_sphere,max_ratio,1.0,1.055463221362033,0.752,0.902,0.872,0.03
4,mahalanobis_diag,intent_quantile_0.7,nearest_sphere,max_ratio,2.0,1.929434328364382,0.862,0.902,0.894,0.008
4,mahalanobis_diag,intent_quantile_0.7,normalized_union,none,0.0,1.0553351282444507,0.742,0.902,0.87,0.032
4,mahalanobis_diag,intent_quantile_0.7,normalized_union,none,0.25,1.0553351282444507,0.742,0.902,0.87,0.032
4,mahalanobis_diag,intent_quantile_0.7,normalized_union,none,0.5,1.0553351282444507,0.742,0.902,0.87,0.032
4,mahalanobis_diag,intent_quantile_0.7,normalized_union,none,1.0,1.0553351282444507,0.742,0.902,0.87,0.032
4,mahalanobis_diag,intent_quantile_0.7,normalized_union,none,2.0,1.0553351282444507,0.742,0.902,0.87,0.032
4,mahalanobis_diag,intent_quantile_0.7,normalized_union,ratio,0.0,1.0553351282444507,0.742,0.902,0.87,0.032
4,mahalanobis_diag,intent_quantile_0.7,normalized_union,ratio,0.25,1.289268547413344,0.752,0.902,0.872,0.03
4,mahalanobis_diag,intent_quantile_0.7,normalized_union,ratio,0.5,1.5247321544636117,0.762,0.902,0.874,0.028
4,mahalanobis_diag,intent_quantile_0.7,normalized_union,ratio,1.0,1.9969229700292743,0.782,0.902,0.878,0.024
4,mahalanobis_diag,intent_quantile_0.7,normalized_union,ratio,2.0,2.9600207423480347,0.812,0.902,0.884,0.018
4,mahalanobis_diag,intent_quantile_0.7,normalized_union,inverse_margin,0.0,1.0553351282444507,0.742,0.902,0.87,0.032
4,mahalanobis_diag,intent_quantile_0.7,normalized_union,inverse_margin,0.25,7.823548365852057,0.812,0.902,0.884,0.018
4,mahalanobis_diag,intent_quantile_0.7,normalized_union,inverse_margin,0.5,14.659146623626237,0.812,0.902,0.884,0.018
4,mahalanobis_diag,intent_quantile_0.7,normalized_union,inverse_margin,1.0,28.330343139174595,0.812,0.902,0.884,0.018
4,mahalanobis_diag,intent_quantile_0.7,normalized_union,inverse_margin,2.0,55.672736170271314,0.812,0.902,0.884,0.018
4,mahalanobis_diag,intent_quantile_0.7,normalized_union,max_ratio,0.0,1.0553351282444507,0.742,0.902,0.87,0.032
4,mahalanobis_diag,intent_quantile_0.7,normalized_union,max_ratio,0.25,1.0553351282444507,0.742,0.902,0.87,0.032
4,mahalanobis_diag,intent_quantile_0.7,normalized_union,max_ratio,0.5,1.0553351282444507,0.742,0.902,0.87,0.032
4,mahalanobis_diag,intent_quantile_0.7,normalized_union,max_ratio,1.0,1.0553351282444507,0.742,0.902,0.87,0.032
4,mahalanobis_diag,intent_quantile_0.7,normalized_union,max_ratio,2.0,1.929434328364382,0.812,0.902,0.884,0.018
4,mahalanobis_diag,center_quantile_0.8,nearest_sphere,none,0.0,1.0329037562554648,0.752,0.902,0.872,0.03
4,mahalanobis_diag,center_quantile_0.8,nearest_sphere,none,0.25,1.0329037562554648,0.752,0.902,0.872,0.03
4,mahalanobis_diag,center_quantile_0.8,nearest_sphere,none,0.5,1.0329037562554648,0.752,0.902,0.872,0.03
4,mahalanobis_diag,center_quantile_0.8,nearest_sphere,none,1.0,1.0329037562554648,0.752,0.902,0.872,0.03
4,mahalanobis_diag,center_quantile_0.8,nearest_sphere,none,2.0,1.0329037562554648,0.752,0.902,0.872,0.03
4,mahalanobis_diag,center_quantile_0.8,nearest_sphere,ratio,0.0,1.0329037562554648,0.752,0.902,0.872,0.03
4,mahalanobis_diag,center_quantile_0.8,nearest_sphere,ratio,0.25,1.266432483412399,0.752,0.902,0.872,0.03
4,mahalanobis_diag,center_quantile_0.8,nearest_sphere,ratio,0.5,1.5025766197738986,0.762,0.902,0.874,0.028
4,mahalanobis_diag,center_quantile_0.8,nearest_sphere,ratio,1.0,1.9694763836766893,0.782,0.902,0.878,0.024
4,mahalanobis_diag,center_quantile_0.8,nearest_sphere,ratio,2.0,2.931169647732674,0.812,0.902,0.884,0.018
4,mahalanobis_diag,center_quantile_0.8,nearest_sphere,inverse_margin,0.0,1.0329037562554648,0.752,0.902,0.872,0.03
4,mahalanobis_diag,center_quantile_0.8,nearest_sphere,inverse_margin,0.25,7.784626396398148,0.862,0.902,0.894,0.008
4,mahalanobis_diag,center_quantile_0.8,nearest_sphere,inverse_margin,0.5,14.620224654172327,0.862,0.902,0.894,0.008
4,mahalanobis_diag,center_quantile_0.8,nearest_sphere,inverse_margin,1.0,28.29142116972069,0.862,0.902,0.894,0.008
4,mahalanobis_diag,center_quantile_0.8,nearest_sphere,inverse_margin,2.0,55.633814200817405,0.862,0.902,0.894,0.008
4,mahalanobis_diag,center_quantile_0.8,nearest_sphere,max_ratio,0.0,1.0329037562554648,0.752,0.902,0.872,0.03
4,mahalanobis_diag,center_quantile_0.8,nearest_sphere,max_ratio,0.25,1.0329037562554648,0.752,0.902,0.872,0.03
4,mahalanobis_diag,center_quantile_0.8,nearest_sphere,max_ratio,0.5,1.0329037562554648,0.752,0.902,0.872,0.03
4,mahalanobis_diag,center_quantile_0.8,nearest_sphere,max_ratio,1.0,1.0329037562554648,0.752,0.902,0.872,0.03
4,mahalanobis_diag,center_quantile_0.8,nearest_sphere,max_ratio,2.0,1.929434328364382,0.862,0.902,0.894,0.008
4,mahalanobis_diag,center_quantile_0.8,normalized_union,none,0.0,1.0222141231368072,0.732,0.902,0.868,0.034
4,mahalanobis_diag,center_quantile_0.8,normalized_union,none,0.25,1.0222141231368072,0.732,0.902,0.868,0.034
4,mahalanobis_diag,center_quantile_0.8,normalized_union,none,0.5,1.0222141231368072,0.732,0.902,0.868,0.034
4,mahalanobis_diag,center_quantile_0.8,normalized_union,none,1.0,1.0222141231368072,0.732,0.902,0.868,0.034
4,mahalanobis_diag,center_quantile_0.8,normalized_union,none,2.0,1.0222141231368072,0.732,0.902,0.868,0.034
4,mahalanobis_diag,center_quantile_0.8,normalized_union,ratio,0.0,1.0222141231368072,0.732,0.902,0.868,0.034
4,mahalanobis_diag,center_quantile_0.8,normalized_union,ratio,0.25,1.2578849699827053,0.742,0.902,0.87,0.032
4,mahalanobis_diag,center_quantile_0.8,normalized_union,ratio,0.5,1.4961528700536735,0.762,0.902,0.874,0.028
4,mahalanobis_diag,center_quantile_0.8,normalized_union,ratio,1.0,1.9673039895747588,0.772,0.902,0.876,0.026
4,mahalanobis_diag,center_quantile_0.8,normalized_union,ratio,2.0,2.925830546610821,0.812,0.902,0.884,0.018
4,mahalanobis_diag,center_quantile_0.8,normalized_union,inverse_margin,0.0,1.0222141231368072,0.732,0.902,0.868,0.034
4,mahalanobis_diag,center_quantile_0.8,normalized_union,inverse_margin,0.25,7.784626396398148,0.812,0.902,0.884,0.018
4,mahalanobis_diag,center_quantile_0.8,normalized_union,inverse_margin,0.5,14.620224654172327,0.812,0.902,0.884,0.018
4,mahalanobis_diag,center_quantile_0.8,normalized_union,inverse_margin,1.0,28.29142116972069,0.812,0.902,0.884,0.018
4,mahalanobis_diag,center_quantile_0.8,normalized_union,inverse_margin,2.0,55.633814200817405,0.812,0.902,0.884,0.018
4,mahalanobis_diag,center_quantile_0.8,normalized_union,max_ratio,0.0,1.0222141231368072,0.732,0.902,0.868,0.034
4,mahalanobis_diag,center_quantile_0.8,normalized_union,max_ratio,0.25,1.0222141231368072,0.732,0.902,0.868,0.034
4,mahalanobis_diag,center_quantile_0.8,normalized_union,max_ratio,0.5,1.0222141231368072,0.732,0.902,0.868,0.034
4,mahalanobis_diag,center_quantile_0.8,normalized_union,max_ratio,1.0,1.0222141231368072,0.732,0.902,0.868,0.034
4,mahalanobis_diag,center_quantile_0.8,normalized_union,max_ratio,2.0,1.929434328364382,0.812,0.902,0.884,0.018
4,mahalanobis_diag,intent_quantile_0.8,nearest_sphere,none,0.0,1.0373943786824302,0.752,0.902,0.872,0.03
4,mahalanobis_diag,intent_quantile_0.8,nearest_sphere,none,0.25,1.0373943786824302,0.752,0.902,0.872,0.03
4,mahalanobis_diag,intent_quantile_0.8,nearest_sphere,none,0.5,1.0373943786824302,0.752,0.902,0.872,0.03
4,mahalanobis_diag,intent_quantile_0.8,nearest_sphere,none,1.0,1.0373943786824302,0.752,0.902,0.872,0.03
4,mahalanobis_diag,intent_quantile_0.8,nearest_sphere,none,2.0,1.0373943786824302,0.752,0.902,0.872,0.03
4,mahalanobis_diag,intent_quantile_0.8,nearest_sphere,ratio,0.0,1.0373943786824302,0.752,0.902,0.872,0.03
4,mahalanobis_diag,intent_quantile_0.8,nearest_sphere,ratio,0.25,1.2718074512884299,0.762,0.902,0.874,0.028
4,mahalanobis_diag,intent_quantile_0.8,nearest_sphere,ratio,0.5,1.5072691143676458,0.772,0.902,0.876,0.026
4,mahalanobis_diag,intent_quantile_0.8,nearest_sphere,ratio,1.0,1.9773293825684624,0.782,0.902,0.878,0.024
4,mahalanobis_diag,intent_quantile_0.8,nearest_sphere,ratio,2.0,2.9421608513326456,0.812,0.902,0.884,0.018
4,mahalanobis_diag,intent_quantile_0.8,nearest_sphere,inverse_margin,0.0,1.0373943786824302,0.752,0.902,0.872,0.03
4,mahalanobis_diag,intent_quantile_0.8,nearest_sphere,inverse_margin,0.25,7.804773791337847,0.862,0.902,0.894,0.008
4,mahalanobis_diag,intent_quantile_0.8,nearest_sphere,inverse_margin,0.5,14.640372049112026,0.862,0.902,0.894,0.008
4,mahalanobis_diag,intent_quantile_0.8,nearest_sphere,inverse_margin,1.0,28.311568564660387,0.862,0.902,0.894,0.008
4,mahalanobis_diag,intent_quantile_0.8,nearest_sphere,inverse_margin,2.0,55.6539615957571,0.862,0.902,0.894,0.008
4,mahalanobis_diag,intent_quantile_0.8,nearest_sphere,max_ratio,0.0,1.0373943786824302,0.752,0.902,0.872,0.03
4,mahalanobis_diag,intent_quantile_0.8,nearest_sphere,max_ratio,0.25,1.0373943786824302,0.752,0.902,0.872,0.03
4,mahalanobis_diag,intent_quantile_0.8,nearest_sphere,max_ratio,0.5,1.0373943786824302,0.752,0.902,0.872,0.03
4,mahalanobis_diag,intent_quantile_0.8,nearest_sphere,max_ratio,1.0,1.0373943786824302,0.752,0.902,0.872,0.03
4,mahalanobis_diag,intent_quantile_0.8,nearest_sphere,max_ratio,2.0,1.929434328364382,0.862,0.902,0.894,0.008
4,mahalanobis_diag,intent_quantile_0.8,normalized_union,none,0.0,1.0356395104384184,0.742,0.902,0.87,0.032
4,mahalanobis_diag,intent_quantile_0.8,normalized_union,none,0.25,1.0356395104384184,0.742,0.902,0.87,0.032
4,mahalanobis_diag,intent_quantile_0.8,normalized_union,none,0.5,1.0356395104384184,0.742,0.902,0.87,0.032
4,mahalanobis_diag,intent_quantile_0.8,normalized_union,none,1.0,1.0356395104384184,0.742,0.902,0.87,0.032
4,mahalanobis_diag,intent_quantile_0.8,normalized_union,none,2.0,1.0356395104384184,0.742,0.902,0.87,0.032
4,mahalanobis_diag,intent_quantile_0.8,normalized_union,ratio,0.0,1.0356395104384184,0.742,0.902,0.87,0.032
4,mahalanobis_diag,intent_quantile_0.8,normalized_union,ratio,0.25,1.2711866462837313,0.752,0.902,0.872,0.03
4,mahalanobis_diag,intent_quantile_0.8,normalized_union,ratio,0.5,1.5059175224116796,0.772,0.902,0.876,0.026
4,mahalanobis_diag,intent_quantile_0.8,normalized_union,ratio,1.0,1.9773293825684624,0.782,0.902,0.878,0.024
4,mahalanobis_diag,intent_quantile_0.8,normalized_union,ratio,2.0,2.9376395113285083,0.812,0.902,0.884,0.018
4,mahalanobis_diag,intent_quantile_0.8,normalized_union,inverse_margin,0.0,1.0356395104384184,0.742,0.902,0.87,0.032
4,mahalanobis_diag,intent_quantile_0.8,normalized_union,inverse_margin,0.25,7.804773791337847,0.812,0.902,0.884,0.018
4,mahalanobis_diag,intent_quantile_0.8,normalized_union,inverse_margin,0.5,14.640372049112026,0.812,0.902,0.884,0.018
4,mahalanobis_diag,intent_quantile_0.8,normalized_union,inverse_margin,1.0,28.311568564660387,0.812,0.902,0.884,0.018
4,mahalanobis_diag,intent_quantile_0.8,normalized_union,inverse_margin,2.0,55.6539615957571,0.812,0.902,0.884,0.018
4,mahalanobis_diag,intent_quantile_0.8,normalized_union,max_ratio,0.0,1.0356395104384184,0.742,0.902,0.87,0.032
4,mahalanobis_diag,intent_quantile_0.8,normalized_union,max_ratio,0.25,1.0356395104384184,0.742,0.902,0.87,0.032
4,mahalanobis_diag,intent_quantile_0.8,normalized_union,max_ratio,0.5,1.0356395104384184,0.742,0.902,0.87,0.032
4,mahalanobis_diag,intent_quantile_0.8,normalized_union,max_ratio,1.0,1.0356395104384184,0.742,0.902,0.87,0.032
4,mahalanobis_diag,intent_quantile_0.8,normalized_union,max_ratio,2.0,1.929434328364382,0.812,0.902,0.884,0.018
4,mahalanobis_diag,center_quantile_0.9,nearest_sphere,none,0.0,1.0058644881651047,0.752,0.902,0.872,0.03
4,mahalanobis_diag,center_quantile_0.9,nearest_sphere,none,0.25,1.0058644881651047,0.752,0.902,0.872,0.03
4,mahalanobis_diag,center_quantile_0.9,nearest_sphere,none,0.5,1.0058644881651047,0.752,0.902,0.872,0.03
4,mahalanobis_diag,center_quantile_0.9,nearest_sphere,none,1.0,1.0058644881651047,0.752,0.902,0.872,0.03
4,mahalanobis_diag,center_quantile_0.9,nearest_sphere,none,2.0,1.0058644881651047,0.752,0.902,0.872,0.03
4,mahalanobis_diag,center_quantile_0.9,nearest_sphere,ratio,0.0,1.0058644881651047,0.752,0.902,0.872,0.03
4,mahalanobis_diag,center_quantile_0.9,nearest_sphere,ratio,0.25,1.2409045576567674,0.762,0.902,0.874,0.028
4,mahalanobis_diag,center_quantile_0.9,nearest_sphere,ratio,0.5,1.475906363776553,0.782,0.902,0.878,0.024
4,mahalanobis_diag,center_quantile_0.9,nearest_sphere,ratio,1.0,1.9473431520042022,0.782,0.902,0.878,0.024
4,mahalanobis_diag,center_quantile_0.9,nearest_sphere,ratio,2.0,2.9051880504604233,0.822,0.902,0.886,0.016
4,mahalanobis_diag,center_quantile_0.9,nearest_sphere,inverse_margin,0.0,1.0058644881651047,0.752,0.902,0.872,0.03
4,mahalanobis_diag,center_quantile_0.9,nearest_sphere,inverse_margin,0.25,7.758274549319325,0.862,0.902,0.894,0.008
4,mahalanobis_diag,center_quantile_0.9,nearest_sphere,inverse_margin,0.5,14.593872807093504,0.862,0.902,0.894,0.008
4,mahalanobis_diag,center_quantile_0.9,nearest_sphere,inverse_margin,1.0,28.265069322641864,0.862,0.902,0.894,0.008
4,mahalanobis_diag,center_quantile_0.9,nearest_sphere,inverse_margin,2.0,55.60746235373858,0.862,0.902,0.894,0.008
4,mahalanobis_diag,center_quantile_0.9,nearest_sphere,max_ratio,0.0,1.0058644881651047,0.752,0.902,0.872,0.03
4,mahalanobis_diag,center_quantile_0.9,nearest_sphere,max_ratio,0.25,1.0058644881651047,0.752,0.902,0.872,0.03
4,mahalanobis_diag,center_quantile_0.9,nearest_sphere,max_ratio,0.5,1.0058644881651047,0.752,0.902,0.872,0.03
4,mahalanobis_diag,center_quantile_0.9,nearest_sphere,max_ratio,1.0,1.0058644881651047,0.752,0.902,0.872,0.03
4,mahalanobis_diag,center_quantile_0.9,nearest_sphere,max_ratio,2.0,1.929434328364382,0.862,0.902,0.894,0.008
4,mahalanobis_diag,center_quantile_0.9,normalized_union,none,0.0,0.9957889743831653,0.732,0.902,0.868,0.034
4,mahalanobis_diag,center_quantile_0.9,normalized_union,none,0.25,0.9957889743831653,0.732,0.902,0.868,0.034
4,mahalanobis_diag,center_quantile_0.9,normalized_union,none,0.5,0.9957889743831653,0.732,0.902,0.868,0.034
4,mahalanobis_diag,center_quantile_0.9,normalized_union,none,1.0,0.9957889743831653,0.732,0.902,0.868,0.034
4,mahalanobis_diag,center_quantile_0.9,normalized_union,none,2.0,0.9957889743831653,0.732,0.902,0.868,0.034
4,mahalanobis_diag,center_quantile_0.9,normalized_union,ratio,0.0,0.9957889743831653,0.732,0.902,0.868,0.034
4,mahalanobis_diag,center_quantile_0.9,normalized_union,ratio,0.25,1.2305628024442838,0.762,0.902,0.874,0.028
4,mahalanobis_diag,center_quantile_0.9,normalized_union,ratio,0.5,1.4698266372923188,0.772,0.902,0.876,0.026
4,mahalanobis_diag,center_quantile_0.9,normalized_union,ratio,1.0,1.9436767652711908,0.782,0.902,0.878,0.024
4,mahalanobis_diag,center_quantile_0.9,normalized_union,ratio,2.0,2.9037292962205945,0.812,0.902,0.884,0.018
4,mahalanobis_diag,center_quantile_0.9,normalized_union,inverse_margin,0.0,0.9957889743831653,0.732,0.902,0.868,0.034
4,mahalanobis_diag,center_quantile_0.9,normalized_union,inverse_margin,0.25,7.758274549319325,0.852,0.902,0.892,0.01
4,mahalanobis_diag,center_quantile_0.9,normalized_union,inverse_margin,0.5,14.593872807093504,0.852,0.902,0.892,0.01
4,mahalanobis_diag,center_quantile_0.9,normalized_union,inverse_margin,1.0,28.265069322641864,0.852,0.902,0.892,0.01
4,mahalanobis_diag,center_quantile_0.9,normalized_union,inverse_margin,2.0,55.60746235373858,0.852,0.902,0.892,0.01
4,mahalanobis_diag,center_quantile_0.9,normalized_union,max_ratio,0.0,0.9957889743831653,0.732,0.902,0.868,0.034
4,mahalanobis_diag,center_quantile_0.9,normalized_union,max_ratio,0.25,0.9957889743831653,0.732,0.902,0.868,0.034
4,mahalanobis_diag,center_quantile_0.9,normalized_union,max_ratio,0.5,0.9957889743831653,0.732,0.902,0.868,0.034
4,mahalanobis_diag,center_quantile_0.9,normalized_union,max_ratio,1.0,0.9976175482310725,0.732,0.902,0.868,0.034
4,mahalanobis_diag,center_quantile_0.9,normalized_union,max_ratio,2.0,1.929434328364382,0.852,0.902,0.892,0.01
4,mahalanobis_diag,intent_quantile_0.9,nearest_sphere,none,0.0,1.0089576093749648,0.752,0.902,0.872,0.03
4,mahalanobis_diag,intent_quantile_0.9,nearest_sphere,none,0.25,1.0089576093749648,0.752,0.902,0.872,0.03
4,mahalanobis_diag,intent_quantile_0.9,nearest_sphere,none,0.5,1.0089576093749648,0.752,0.902,0.872,0.03
4,mahalanobis_diag,intent_quantile_0.9,nearest_sphere,none,1.0,1.0089576093749648,0.752,0.902,0.872,0.03
4,mahalanobis_diag,intent_quantile_0.9,nearest_sphere,none,2.0,1.0089576093749648,0.752,0.902,0.872,0.03
4,mahalanobis_diag,intent_quantile_0.9,nearest_sphere,ratio,0.0,1.0089576093749648,0.752,0.902,0.872,0.03
4,mahalanobis_diag,intent_quantile_0.9,nearest_sphere,ratio,0.25,1.2455440573488674,0.762,0.902,0.874,0.028
4,mahalanobis_diag,intent_quantile_0.9,nearest_sphere,ratio,0.5,1.48017515743014,0.782,0.902,0.878,0.024
4,mahalanobis_diag,intent_quantile_0.9,nearest_sphere,ratio,1.0,1.9516147711753813,0.782,0.902,0.878,0.024
4,mahalanobis_diag,intent_quantile_0.9,nearest_sphere,ratio,2.0,2.9137443698448235,0.812,0.902,0.884,0.018
4,mahalanobis_diag,intent_quantile_0.9,nearest_sphere,inverse_margin,0.0,1.0089576093749648,0.752,0.902,0.872,0.03
4,mahalanobis_diag,intent_quantile_0.9,nearest_sphere,inverse_margin,0.25,7.780134052001243,0.862,0.902,0.894,0.008
4,mahalanobis_diag,intent_quantile_0.9,nearest_sphere,inverse_margin,0.5,14.615732309775423,0.862,0.902,0.894,0.008
4,mahalanobis_diag,intent_quantile_0.9,nearest_sphere,inverse_margin,1.0,28.286928825323784,0.862,0.902,0.894,0.008
4,mahalanobis_diag,intent_quantile_0.9,nearest_sphere,inverse_margin,2.0,55.6293218564205,0.862,0.902,0.894,0.008
4,mahalanobis_diag,intent_quantile_0.9,nearest_sphere,max_ratio,0.0,1.0089576093749648,0.752,0.902,0.872,0.03
4,mahalanobis_diag,intent_quantile_0.9,nearest_sphere,max_ratio,0.25,1.0089576093749648,0.752,0.902,0.872,0.03
4,mahalanobis_diag,intent_quantile_0.9,nearest_sphere,max_ratio,0.5,1.0089576093749648,0.752,0.902,0.872,0.03
4,mahalanobis_diag,intent_quantile_0.9,nearest_sphere,max_ratio,1.0,1.0089576093749648,0.752,0.902,0.872,0.03
4,mahalanobis_diag,intent_quantile_0.9,nearest_sphere,max_ratio,2.0,1.929434328364382,0.862,0.902,0.894,0.008
4,mahalanobis_diag,intent_quantile_0.9,normalized_union,none,0.0,1.0089576093749648,0.752,0.902,0.872,0.03
4,mahalanobis_diag,intent_quantile_0.9,normalized_union,none,0.25,1.0089576093749648,0.752,0.902,0.872,0.03
4,mahalanobis_diag,intent_quantile_0.9,normalized_union,none,0.5,1.0089576093749648,0.752,0.902,0.872,0.03
4,mahalanobis_diag,intent_quantile_0.9,normalized_union,none,1.0,1.0089576093749648,0.752,0.902,0.872,0.03
4,mahalanobis_diag,intent_quantile_0.9,normalized_union,none,2.0,1.0089576093749648,0.752,0.902,0.872,0.03
4,mahalanobis_diag,intent_quantile_0.9,normalized_union,ratio,0.0,1.0089576093749648,0.752,0.902,0.872,0.03
4,mahalanobis_diag,intent_quantile_0.9,normalized_union,ratio,0.25,1.2455440573488674,0.762,0.902,0.874,0.028
4,mahalanobis_diag,intent_quantile_0.9,normalized_union,ratio,0.5,1.48017515743014,0.782,0.902,0.878,0.024
4,mahalanobis_diag,intent_quantile_0.9,normalized_union,ratio,1.0,1.9516147711753813,0.782,0.902,0.878,0.024
4,mahalanobis_diag,intent_quantile_0.9,normalized_union,ratio,2.0,2.9137443698448235,0.822,0.902,0.886,0.016
4,mahalanobis_diag,intent_quantile_0.9,normalized_union,inverse_margin,0.0,1.0089576093749648,0.752,0.902,0.872,0.03
4,mahalanobis_diag,intent_quantile_0.9,normalized_union,inverse_margin,0.25,7.780134052001243,0.842,0.902,0.89,0.012
4,mahalanobis_diag,intent_quantile_0.9,normalized_union,inverse_margin,0.5,14.615732309775423,0.842,0.902,0.89,0.012
4,mahalanobis_diag,intent_quantile_0.9,normalized_union,inverse_margin,1.0,28.286928825323784,0.842,0.902,0.89,0.012
4,mahalanobis_diag,intent_quantile_0.9,normalized_union,inverse_margin,2.0,55.6293218564205,0.842,0.902,0.89,0.012
4,mahalanobis_diag,intent_quantile_0.9,normalized_union,max_ratio,0.0,1.0089576093749648,0.752,0.902,0.872,0.03
4,mahalanobis_diag,intent_quantile_0.9,normalized_union,max_ratio,0.25,1.0089576093749648,0.752,0.902,0.872,0.03
4,mahalanobis_diag,intent_quantile_0.9,normalized_union,max_ratio,0.5,1.0089576093749648,0.752,0.902,0.872,0.03
4,mahalanobis_diag,intent_quantile_0.9,normalized_union,max_ratio,1.0,1.0089576093749648,0.752,0.902,0.872,0.03
4,mahalanobis_diag,intent_quantile_0.9,normalized_union,max_ratio,2.0,1.929434328364382,0.842,0.902,0.89,0.012
4,mahalanobis_diag,center_quantile_0.95,nearest_sphere,none,0.0,0.9853208612180394,0.752,0.902,0.872,0.03
4,mahalanobis_diag,center_quantile_0.95,nearest_sphere,none,0.25,0.9853208612180394,0.752,0.902,0.872,0.03
4,mahalanobis_diag,center_quantile_0.95,nearest_sphere,none,0.5,0.9853208612180394,0.752,0.902,0.872,0.03
4,mahalanobis_diag,center_quantile_0.95,nearest_sphere,none,1.0,0.9853208612180394,0.752,0.902,0.872,0.03
4,mahalanobis_diag,center_quantile_0.95,nearest_sphere,none,2.0,0.9853208612180394,0.752,0.902,0.872,0.03
4,mahalanobis_diag,center_quantile_0.95,nearest_sphere,ratio,0.0,0.9853208612180394,0.752,0.902,0.872,0.03
4,mahalanobis_diag,center_quantile_0.95,nearest_sphere,ratio,0.25,1.2161969713840526,0.762,0.902,0.874,0.028
4,mahalanobis_diag,center_quantile_0.95,nearest_sphere,ratio,0.5,1.4508056184492732,0.772,0.902,0.876,0.026
4,mahalanobis_diag,center_quantile_0.95,nearest_sphere,ratio,1.0,1.9195580338683254,0.782,0.902,0.878,0.024
4,mahalanobis_diag,center_quantile_0.95,nearest_sphere,ratio,2.0,2.8771911317678147,0.822,0.902,0.886,0.016
4,mahalanobis_diag,center_quantile_0.95,nearest_sphere,inverse_margin,0.0,0.9853208612180394,0.752,0.902,0.872,0.03
4,mahalanobis_diag,center_quantile_0.95,nearest_sphere,inverse_margin,0.25,7.736539093733137,0.862,0.902,0.894,0.008
4,mahalanobis_diag,center_quantile_0.95,nearest_sphere,inverse_margin,0.5,14.572137351507317,0.862,0.902,0.894,0.008
4,mahalanobis_diag,center_quantile_0.95,nearest_sphere,inverse_margin,1.0,28.243333867055675,0.862,0.902,0.894,0.008
4,mahalanobis_diag,center_quantile_0.95,nearest_sphere,inverse_margin,2.0,55.585726898152394,0.862,0.902,0.894,0.008
4,mahalanobis_diag,center_quantile_0.95,nearest_sphere,max_ratio,0.0,0.9853208612180394,0.752,0.902,0.872,0.03
4,mahalanobis_diag,center_quantile_0.95,nearest_sphere,max_ratio,0.25,0.9853208612180394,0.752,0.902,0.872,0.03
4,mahalanobis_diag,center_quantile_0.95,nearest_sphere,max_ratio,0.5,0.9853208612180394,0.752,0.902,0.872,0.03
4,mahalanobis_diag,center_quantile_0.95,nearest_sphere,max_ratio,1.0,0.9903889349503917,0.782,0.902,0.878,0.024
4,mahalanobis_diag,center_quantile_0.95,nearest_sphere,max_ratio,2.0,1.929434328364382,0.862,0.902,0.894,0.008
4,mahalanobis_diag,center_quantile_0.95,normalized_union,none,0.0,0.9701135094892959,0.732,0.902,0.868,0.034
4,mahalanobis_diag,center_quantile_0.95,normalized_union,none,0.25,0.9701135094892959,0.732,0.902,0.868,0.034
4,mahalanobis_diag,center_quantile_0.95,normalized_union,none,0.5,0.9701135094892959,0.732,0.902,0.868,0.034
4,mahalanobis_diag,center_quantile_0.95,normalized_union,none,1.0,0.9701135094892959,0.732,0.902,0.868,0.034
4,mahalanobis_diag,center_quantile_0.95,normalized_union,none,2.0,0.9701135094892959,0.732,0.902,0.868,0.034
4,mahalanobis_diag,center_quantile_0.95,normalized_union,ratio,0.0,0.9701135094892959,0.732,0.902,0.868,0.034
4,mahalanobis_diag,center_quantile_0.95,normalized_union,ratio,0.25,1.2048957811148275,0.742,0.902,0.87,0.032
4,mahalanobis_diag,center_quantile_0.95,normalized_union,ratio,0.5,1.441016064474252,0.772,0.902,0.876,0.026
4,mahalanobis_diag,center_quantile_0.95,normalized_union,ratio,1.0,1.9145103492967355,0.782,0.902,0.878,0.024
4,mahalanobis_diag,center_quantile_0.95,normalized_union,ratio,2.0,2.87215348191316,0.812,0.902,0.884,0.018
4,mahalanobis_diag,center_quantile_0.95,normalized_union,inverse_margin,0.0,0.9701135094892959,0.732,0.902,0.868,0.034
4,mahalanobis_diag,center_quantile_0.95,normalized_union,inverse_margin,0.25,7.736539093733137,0.862,0.902,0.894,0.008
4,mahalanobis_diag,center_quantile_0.95,normalized_union,inverse_margin,0.5,14.572137351507317,0.862,0.902,0.894,0.008
4,mahalanobis_diag,center_quantile_0.95,normalized_union,inverse_margin,1.0,28.243333867055675,0.862,0.902,0.894,0.008
4,mahalanobis_diag,center_quantile_0.95,normalized_union,inverse_margin,2.0,55.585726898152394,0.862,0.902,0.894,0.008
4,mahalanobis_diag,center_quantile_0.95,normalized_union,max_ratio,0.0,0.9701135094892959,0.732,0.902,0.868,0.034
4,mahalanobis_diag,center_quantile_0.95,normalized_union,max_ratio,0.25,0.9701135094892959,0.732,0.902,0.868,0.034
4,mahalanobis_diag,center_quantile_0.95,normalized_union,max_ratio,0.5,0.9701135094892959,0.732,0.902,0.868,0.034
4,mahalanobis_diag,center_quantile_0.95,normalized_union,max_ratio,1.0,0.9839512564998717,0.812,0.902,0.884,0.018
4,mahalanobis_diag,center_quantile_0.95,normalized_union,max_ratio,2.0,1.929434328364382,0.862,0.902,0.894,0.008
4,mahalanobis_diag,intent_quantile_0.95,nearest_sphere,none,0.0,0.9821373824820683,0.752,0.902,0.872,0.03
4,mahalanobis_diag,intent_quantile_0.95,nearest_sphere,none,0.25,0.9821373824820683,0.752,0.902,0.872,0.03
4,mahalanobis_diag,intent_quantile_0.95,nearest_sphere,none,0.5,0.9821373824820683,0.752,0.902,0.872,0.03
4,mahalanobis_diag,intent_quantile_0.95,nearest_sphere,none,1.0,0.9821373824820683,0.752,0.902,0.872,0.03
4,mahalanobis_diag,intent_quantile_0.95,nearest_sphere,none,2.0,0.9821373824820683,0.752,0.902,0.872,0.03
4,mahalanobis_diag,intent_quantile_0.95,nearest_sphere,ratio,0.0,0.9821373824820683,0.752,0.902,0.872,0.03
4,mahalanobis_diag,intent_quantile_0.95,nearest_sphere,ratio,0.25,1.2183839162103034,0.762,0.902,0.874,0.028
4,mahalanobis_diag,intent_quantile_0.95,nearest_sphere,ratio,0.5,1.45573426486821,0.782,0.902,0.878,0.024
4,mahalanobis_diag,intent_quantile_0.95,nearest_sphere,ratio,1.0,1.9254219047616368,0.782,0.902,0.878,0.024
4,mahalanobis_diag,intent_quantile_0.95,nearest_sphere,ratio,2.0,2.8854911660104134,0.822,0.902,0.886,0.016
4,mahalanobis_diag,intent_quantile_0.95,nearest_sphere,inverse_margin,0.0,0.9821373824820683,0.752,0.902,0.872,0.03
4,mahalanobis_diag,intent_quantile_0.95,nearest_sphere,inverse_margin,0.25,7.763410518753053,0.862,0.902,0.894,0.008
4,mahalanobis_diag,intent_quantile_0.95,nearest_sphere,inverse_margin,0.5,14.599008776527233,0.862,0.902,0.894,0.008
4,mahalanobis_diag,intent_quantile_0.95,nearest_sphere,inverse_margin,1.0,28.270205292075595,0.862,0.902,0.894,0.008
4,mahalanobis_diag,intent_quantile_0.95,nearest_sphere,inverse_margin,2.0,55.612598323172314,0.862,0.902,0.894,0.008
4,mahalanobis_diag,intent_quantile_0.95,nearest_sphere,max_ratio,0.0,0.9821373824820683,0.752,0.902,0.872,0.03
4,mahalanobis_diag,intent_quantile_0.95,nearest_sphere,max_ratio,0.25,0.9821373824820683,0.752,0.902,0.872,0.03
4,mahalanobis_diag,intent_quantile_0.95,nearest_sphere,max_ratio,0.5,0.9821373824820683,0.752,0.902,0.872,0.03
4,mahalanobis_diag,intent_quantile_0.95,nearest_sphere,max_ratio,1.0,0.9896835751464903,0.802,0.902,0.882,0.02
4,mahalanobis_diag,intent_quantile_0.95,nearest_sphere,max_ratio,2.0,1.929434328364382,0.862,0.902,0.894,0.008
4,mahalanobis_diag,intent_quantile_0.95,normalized_union,none,0.0,0.9821373824820683,0.762,0.902,0.874,0.028
4,mahalanobis_diag,intent_quantile_0.95,normalized_union,none,0.25,0.9821373824820683,0.762,0.902,0.874,0.028
4,mahalanobis_diag,intent_quantile_0.95,normalized_union,none,0.5,0.9821373824820683,0.762,0.902,0.874,0.028
4,mahalanobis_diag,intent_quantile_0.95,normalized_union,none,1.0,0.9821373824820683,0.762,0.902,0.874,0.028
4,mahalanobis_diag,intent_quantile_0.95,normalized_union,none,2.0,0.9821373824820683,0.762,0.902,0.874,0.028
4,mahalanobis_diag,intent_quantile_0.95,normalized_union,ratio,0.0,0.9821373824820683,0.762,0.902,0.874,0.028
4,mahalanobis_diag,intent_quantile_0.95,normalized_union,ratio,0.25,1.2183839162103034,0.772,0.902,0.876,0.026
4,mahalanobis_diag,intent_quantile_0.95,normalized_union,ratio,0.5,1.45573426486821,0.792,0.902,0.88,0.022
4,mahalanobis_diag,intent_quantile_0.95,normalized_union,ratio,1.0,1.9254219047616368,0.792,0.902,0.88,0.022
4,mahalanobis_diag,intent_quantile_0.95,normalized_union,ratio,2.0,2.8854911660104134,0.832,0.902,0.888,0.014
4,mahalanobis_diag,intent_quantile_0.95,normalized_union,inverse_margin,0.0,0.9821373824820683,0.762,0.902,0.874,0.028
4,mahalanobis_diag,intent_quantile_0.95,normalized_union,inverse_margin,0.25,7.763410518753053,0.862,0.902,0.894,0.008
4,mahalanobis_diag,intent_quantile_0.95,normalized_union,inverse_margin,0.5,14.599008776527233,0.862,0.902,0.894,0.008
4,mahalanobis_diag,intent_quantile_0.95,normalized_union,inverse_margin,1.0,28.270205292075595,0.862,0.902,0.894,0.008
4,mahalanobis_diag,intent_quantile_0.95,normalized_union,inverse_margin,2.0,55.612598323172314,0.862,0.902,0.894,0.008
4,mahalanobis_diag,intent_quantile_0.95,normalized_union,max_ratio,0.0,0.9821373824820683,0.762,0.902,0.874,0.028
4,mahalanobis_diag,intent_quantile_0.95,normalized_union,max_ratio,0.25,0.9821373824820683,0.762,0.902,0.874,0.028
4,mahalanobis_diag,intent_quantile_0.95,normalized_union,max_ratio,0.5,0.9821373824820683,0.762,0.902,0.874,0.028
4,mahalanobis_diag,intent_quantile_0.95,normalized_union,max_ratio,1.0,0.9896835751464903,0.802,0.902,0.882,0.02
4,mahalanobis_diag,intent_quantile_0.95,normalized_union,max_ratio,2.0,1.929434328364382,0.862,0.902,0.894,0.008
4,mahalanobis_diag,center_quantile_0.99,nearest_sphere,none,0.0,0.9414725583711056,0.742,0.902,0.87,0.032
4,mahalanobis_diag,center_quantile_0.99,nearest_sphere,none,0.25,0.9414725583711056,0.742,0.902,0.87,0.032
4,mahalanobis_diag,center_quantile_0.99,nearest_sphere,none,0.5,0.9414725583711056,0.742,0.902,0.87,0.032
4,mahalanobis_diag,center_quantile_0.99,nearest_sphere,none,1.0,0.9414725583711056,0.742,0.902,0.87,0.032
4,mahalanobis_diag,center_quantile_0.99,nearest_sphere,none,2.0,0.9414725583711056,0.742,0.902,0.87,0.032
4,mahalanobis_diag,center_quantile_0.99,nearest_sphere,ratio,0.0,0.9414725583711056,0.742,0.902,0.87,0.032
4,mahalanobis_diag,center_quantile_0.99,nearest_sphere,ratio,0.25,1.1761754658911285,0.762,0.902,0.874,0.028
4,mahalanobis_diag,center_quantile_0.99,nearest_sphere,ratio,0.5,1.4105181318417208,0.782,0.902,0.878,0.024
4,mahalanobis_diag,center_quantile_0.99,nearest_sphere,ratio,1.0,1.8823533061332707,0.802,0.902,0.882,0.02
4,mahalanobis_diag,center_quantile_0.99,nearest_sphere,ratio,2.0,2.835059708126512,0.832,0.902,0.888,0.014
4,mahalanobis_diag,center_quantile_0.99,nearest_sphere,inverse_margin,0.0,0.9414725583711056,0.742,0.902,0.87,0.032
4,mahalanobis_diag,center_quantile_0.99,nearest_sphere,inverse_margin,0.25,7.701149565086101,0.862,0.902,0.894,0.008
4,mahalanobis_diag,center_quantile_0.99,nearest_sphere,inverse_margin,0.5,14.53674782286028,0.862,0.902,0.894,0.008
4,mahalanobis_diag,center_quantile_0.99,nearest_sphere,inverse_margin,1.0,28.20794433840864,0.862,0.902,0.894,0.008
4,mahalanobis_diag,center_quantile_0.99,nearest_sphere,inverse_margin,2.0,55.55033736950536,0.862,0.902,0.894,0.008
4,mahalanobis_diag,center_quantile_0.99,nearest_sphere,max_ratio,0.0,0.9414725583711056,0.742,0.902,0.87,0.032
4,mahalanobis_diag,center_quantile_0.99,nearest_sphere,max_ratio,0.25,0.9414725583711056,0.742,0.902,0.87,0.032
4,mahalanobis_diag,center_quantile_0.99,nearest_sphere,max_ratio,0.5,0.9414725583711056,0.742,0.902,0.87,0.032
4,mahalanobis_diag,center_quantile_0.99,nearest_sphere,max_ratio,1.0,0.9731794593985388,0.822,0.902,0.886,0.016
4,mahalanobis_diag,center_quantile_0.99,nearest_sphere,max_ratio,2.0,1.929434328364382,0.862,0.902,0.894,0.008
4,mahalanobis_diag,center_quantile_0.99,normalized_union,none,0.0,0.9262475125905661,0.762,0.902,0.874,0.028
4,mahalanobis_diag,center_quantile_0.99,normalized_union,none,0.25,0.9262475125905661,0.762,0.902,0.874,0.028
4,mahalanobis_diag,center_quantile_0.99,normalized_union,none,0.5,0.9262475125905661,0.762,0.902,0.874,0.028
4,mahalanobis_diag,center_quantile_0.99,normalized_union,none,1.0,0.9262475125905661,0.762,0.902,0.874,0.028
4,mahalanobis_diag,center_quantile_0.99,normalized_union,none,2.0,0.9262475125905661,0.762,0.902,0.874,0.028
4,mahalanobis_diag,center_quantile_0.99,normalized_union,ratio,0.0,0.9262475125905661,0.762,0.902,0.874,0.028
4,mahalanobis_diag,center_quantile_0.99,normalized_union,ratio,0.25,1.161565933952875,0.772,0.902,0.876,0.026
4,mahalanobis_diag,center_quantile_0.99,normalized_union,ratio,0.5,1.3969611813830334,0.772,0.902,0.876,0.026
4,mahalanobis_diag,center_quantile_0.99,normalized_union,ratio,1.0,1.8691847032530502,0.792,0.902,0.88,0.022
4,mahalanobis_diag,center_quantile_0.99,normalized_union,ratio,2.0,2.8241137156256206,0.812,0.902,0.884,0.018
4,mahalanobis_diag,center_quantile_0.99,normalized_union,inverse_margin,0.0,0.9262475125905661,0.762,0.902,0.874,0.028
4,mahalanobis_diag,center_quantile_0.99,normalized_union,inverse_margin,0.25,7.701149565086101,0.852,0.902,0.892,0.01
4,mahalanobis_diag,center_quantile_0.99,normalized_union,inverse_margin,0.5,14.53674782286028,0.852,0.902,0.892,0.01
4,mahalanobis_diag,center_quantile_0.99,normalized_union,inverse_margin,1.0,28.20794433840864,0.852,0.902,0.892,0.01
4,mahalanobis_diag,center_quantile_0.99,normalized_union,inverse_margin,2.0,55.55033736950536,0.852,0.902,0.892,0.01
4,mahalanobis_diag,center_quantile_0.99,normalized_union,max_ratio,0.0,0.9262475125905661,0.762,0.902,0.874,0.028
4,mahalanobis_diag,center_quantile_0.99,normalized_union,max_ratio,0.25,0.9262475125905661,0.762,0.902,0.874,0.028
4,mahalanobis_diag,center_quantile_0.99,normalized_union,max_ratio,0.5,0.9262475125905661,0.762,0.902,0.874,0.028
4,mahalanobis_diag,center_quantile_0.99,normalized_union,max_ratio,1.0,0.9697705572754793,0.822,0.902,0.886,0.016
4,mahalanobis_diag,center_quantile_0.99,normalized_union,max_ratio,2.0,1.929434328364382,0.852,0.902,0.892,0.01
4,mahalanobis_diag,intent_quantile_0.99,nearest_sphere,none,0.0,0.9407411798683016,0.762,0.902,0.874,0.028
4,mahalanobis_diag,intent_quantile_0.99,nearest_sphere,none,0.25,0.9407411798683016,0.762,0.902,0.874,0.028
4,mahalanobis_diag,intent_quantile_0.99,nearest_sphere,none,0.5,0.9407411798683016,0.762,0.902,0.874,0.028
4,mahalanobis_diag,intent_quantile_0.99,nearest_sphere,none,1.0,0.9407411798683016,0.762,0.902,0.874,0.028
4,mahalanobis_diag,intent_quantile_0.99,nearest_sphere,none,2.0,0.9407411798683016,0.762,0.902,0.874,0.028
4,mahalanobis_diag,intent_quantile_0.99,nearest_sphere,ratio,0.0,0.9407411798683016,0.762,0.902,0.874,0.028
4,mahalanobis_diag,intent_quantile_0.99,nearest_sphere,ratio,0.25,1.1755307100734544,0.762,0.902,0.874,0.028
4,mahalanobis_diag,intent_quantile_0.99,nearest_sphere,ratio,0.5,1.4137756390833291,0.782,0.902,0.878,0.024
4,mahalanobis_diag,intent_quantile_0.99,nearest_sphere,ratio,1.0,1.8871307630807514,0.792,0.902,0.88,0.022
4,mahalanobis_diag,intent_quantile_0.99,nearest_sphere,ratio,2.0,2.843404522512814,0.822,0.902,0.886,0.016
4,mahalanobis_diag,intent_quantile_0.99,nearest_sphere,inverse_margin,0.0,0.9407411798683016,0.762,0.902,0.874,0.028
4,mahalanobis_diag,intent_quantile_0.99,nearest_sphere,inverse_margin,0.25,7.730616379518752,0.862,0.902,0.894,0.008
4,mahalanobis_diag,intent_quantile_0.99,nearest_sphere,inverse_margin,0.5,14.566214637292932,0.862,0.902,0.894,0.008
4,mahalanobis_diag,intent_quantile_0.99,nearest_sphere,inverse_margin,1.0,28.237411152841293,0.862,0.902,0.894,0.008
4,mahalanobis_diag,intent_quantile_0.99,nearest_sphere,inverse_margin,2.0,55.57980418393801,0.862,0.902,0.894,0.008
4,mahalanobis_diag,intent_quantile_0.99,nearest_sphere,max_ratio,0.0,0.9407411798683016,0.762,0.902,0.874,0.028
4,mahalanobis_diag,intent_quantile_0.99,nearest_sphere,max_ratio,0.25,0.9407411798683016,0.762,0.902,0.874,0.028
4,mahalanobis_diag,intent_quantile_0.99,nearest_sphere,max_ratio,0.5,0.9407411798683016,0.762,0.902,0.874,0.028
4,mahalanobis_diag,intent_quantile_0.99,nearest_sphere,max_ratio,1.0,0.970713540106825,0.832,0.902,0.888,0.014
4,mahalanobis_diag,intent_quantile_0.99,nearest_sphere,max_ratio,2.0,1.929434328364382,0.862,0.902,0.894,0.008
4,mahalanobis_diag,intent_quantile_0.99,normalized_union,none,0.0,0.9407411798683016,0.762,0.902,0.874,0.028
4,mahalanobis_diag,intent_quantile_0.99,normalized_union,none,0.25,0.9407411798683016,0.762,0.902,0.874,0.028
4,mahalanobis_diag,intent_quantile_0.99,normalized_union,none,0.5,0.9407411798683016,0.762,0.902,0.874,0.028
4,mahalanobis_diag,intent_quantile_0.99,normalized_union,none,1.0,0.9407411798683016,0.762,0.902,0.874,0.028
4,mahalanobis_diag,intent_quantile_0.99,normalized_union,none,2.0,0.9407411798683016,0.762,0.902,0.874,0.028
4,mahalanobis_diag,intent_quantile_0.99,normalized_union,ratio,0.0,0.9407411798683016,0.762,0.902,0.874,0.028
4,mahalanobis_diag,intent_quantile_0.99,normalized_union,ratio,0.25,1.1755307100734544,0.762,0.902,0.874,0.028
4,mahalanobis_diag,intent_quantile_0.99,normalized_union,ratio,0.5,1.4137756390833291,0.782,0.902,0.878,0.024
4,mahalanobis_diag,intent_quantile_0.99,normalized_union,ratio,1.0,1.8871307630807514,0.792,0.902,0.88,0.022
4,mahalanobis_diag,intent_quantile_0.99,normalized_union,ratio,2.0,2.843404522512814,0.822,0.902,0.886,0.016
4,mahalanobis_diag,intent_quantile_0.99,normalized_union,inverse_margin,0.0,0.9407411798683016,0.762,0.902,0.874,0.028
4,mahalanobis_diag,intent_quantile_0.99,normalized_union,inverse_margin,0.25,7.730616379518752,0.862,0.902,0.894,0.008
4,mahalanobis_diag,intent_quantile_0.99,normalized_union,inverse_margin,0.5,14.566214637292932,0.862,0.902,0.894,0.008
4,mahalanobis_diag,intent_quantile_0.99,normalized_union,inverse_margin,1.0,28.237411152841293,0.862,0.902,0.894,0.008
4,mahalanobis_diag,intent_quantile_0.99,normalized_union,inverse_margin,2.0,55.57980418393801,0.862,0.902,0.894,0.008
4,mahalanobis_diag,intent_quantile_0.99,normalized_union,max_ratio,0.0,0.9407411798683016,0.762,0.902,0.874,0.028
4,mahalanobis_diag,intent_quantile_0.99,normalized_union,max_ratio,0.25,0.9407411798683016,0.762,0.902,0.874,0.028
4,mahalanobis_diag,intent_quantile_0.99,normalized_union,max_ratio,0.5,0.9407411798683016,0.762,0.902,0.874,0.028
4,mahalanobis_diag,intent_quantile_0.99,normalized_union,max_ratio,1.0,0.970713540106825,0.832,0.902,0.888,0.014
4,mahalanobis_diag,intent_quantile_0.99,normalized_union,max_ratio,2.0,1.929434328364382,0.862,0.902,0.894,0.008
5,euclidean,mean_std_0.0,nearest_sphere,none,0.0,1.1428293597296246,0.702,0.902,0.862,0.04
5,euclidean,mean_std_0.0,nearest_sphere,none,0.25,1.1428293597296246,0.702,0.902,0.862,0.04
5,euclidean,mean_std_0.0,nearest_sphere,none,0.5,1.1428293597296246,0.702,0.902,0.862,0.04
5,euclidean,mean_std_0.0,nearest_sphere,none,1.0,1.1428293597296246,0.702,0.902,0.862,0.04
5,euclidean,mean_std_0.0,nearest_sphere,none,2.0,1.1428293597296246,0.702,0.902,0.862,0.04
5,euclidean,mean_std_0.0,nearest_sphere,ratio,0.0,1.1428293597296246,0.702,0.902,0.862,0.04
5,euclidean,mean_std_0.0,nearest_sphere,ratio,0.25,1.339008085878732,0.732,0.902,0.868,0.034
5,euclidean,mean_std_0.0,nearest_sphere,ratio,0.5,1.5491044429119962,0.752,0.902,0.872,0.03
5,euclidean,mean_std_0.0,nearest_sphere,ratio,1.0,2.005070190090808,0.792,0.902,0.88,0.022
5,euclidean,mean_std_0.0,nearest_sphere,ratio,2.0,2.9435159739214427,0.842,0.902,0.89,0.012
5,euclidean,mean_std_0.0,nearest_sphere,inverse_margin,0.0,1.1428293597296246,0.702,0.902,0.862,0.04
5,euclidean,mean_std_0.0,nearest_sphere,inverse_margin,0.25,5.557759594128658,0.892,0.902,0.9,0.002
5,euclidean,mean_std_0.0,nearest_sphere,inverse_margin,0.5,9.999858330897267,0.892,0.902,0.9,0.002
5,euclidean,mean_std_0.0,nearest_sphere,inverse_margin,1.0,18.721456420450636,0.892,0.902,0.9,0.002
5,euclidean,mean_std_0.0,nearest_sphere,inverse_margin,2.0,36.16465259955737,0.892,0.902,0.9,0.002
5,euclidean,mean_std_0.0,nearest_sphere,max_ratio,0.0,1.1428293597296246,0.702,0.902,0.862,0.04
5,euclidean,mean_std_0.0,nearest_sphere,max_ratio,0.25,1.1428293597296246,0.702,0.902,0.862,0.04
5,euclidean,mean_std_0.0,nearest_sphere,max_ratio,0.5,1.1428293597296246,0.702,0.902,0.862,0.04
5,euclidean,mean_std_0.0,nearest_sphere,max_ratio,1.0,1.1428293597296246,0.702,0.902,0.862,0.04
5,euclidean,mean_std_0.0,nearest_sphere,max_ratio,2.0,1.8915589260897367,0.892,0.902,0.9,0.002
5,euclidean,mean_std_0.0,normalized_union,none,0.0,1.0061313805129188,0.732,0.902,0.868,0.034
5,euclidean,mean_std_0.0,normalized_union,none,0.25,1.0061313805129188,0.732,0.902,0.868,0.034
5,euclidean,mean_std_0.0,normalized_union,none,0.5,1.0061313805129188,0.732,0.902,0.868,0.034
5,euclidean,mean_std_0.0,normalized_union,none,1.0,1.0061313805129188,0.732,0.902,0.868,0.034
5,euclidean,mean_std_0.0,normalized_union,none,2.0,1.0061313805129188,0.732,0.902,0.868,0.034
5,euclidean,mean_std_0.0,normalized_union,ratio,0.0,1.0061313805129188,0.732,0.902,0.868,0.034
5,euclidean,mean_std_0.0,normalized_union,ratio,0.25,1.2311849986127565,0.752,0.902,0.872,0.03
5,euclidean,mean_std_0.0,normalized_union,ratio,0.5,1.4631548492163544,0.772,0.902,0.876,0.026
5,euclidean,mean_std_0.0,normalized_union,ratio,1.0,1.9258439373416687,0.782,0.902,0.878,0.024
5,euclidean,mean_std_0.0,normalized_union,ratio,2.0,2.883208144562917,0.792,0.902,0.88,0.022
5,euclidean,mean_std_0.0,normalized_union,inverse_margin,0.0,1.0061313805129188,0.732,0.902,0.868,0.034
5,euclidean,mean_std_0.0,normalized_union,inverse_margin,0.25,5.351064162470605,0.802,0.902,0.882,0.02
5,euclidean,mean_std_0.0,normalized_union,inverse_margin,0.5,9.711863207247289,0.802,0.902,0.882,0.02
5,euclidean,mean_std_0.0,normalized_union,inverse_margin,1.0,18.433461296800658,0.802,0.902,0.882,0.02
5,euclidean,mean_std_0.0,normalized_union,inverse_margin,2.0,35.8766574759074,0.802,0.902,0.882,0.02
5,euclidean,mean_std_0.0,normalized_union,max_ratio,0.0,1.0061313805129188,0.732,0.902,0.868,0.034
5,euclidean,mean_std_0.0,normalized_union,max_ratio,0.25,1.0061313805129188,0.732,0.902,0.868,0.034
5,euclidean,mean_std_0.0,normalized_union,max_ratio,0.5,1.0061313805129188,0.732,0.902,0.868,0.034
5,euclidean,mean_std_0.0,normalized_union,max_ratio,1.0,1.0061313805129188,0.732,0.902,0.868,0.034
5,euclidean,mean_std_0.0,normalized_union,max_ratio,2.0,1.8915589260897367,0.802,0.902,0.882,0.02
5,euclidean,mean_std_0.25,nearest_sphere,none,0.0,1.1072537360362182,0.702,0.902,0.862,0.04
5,euclidean,mean_std_0.25,nearest_sphere,none,0.25,1.1072537360362182,0.702,0.902,0.862,0.04
5,euclidean,mean_std_0.25,nearest_sphere,none,0.5,1.1072537360362182,0.702,0.902,0.862,0.04
5,euclidean,mean_std_0.25,nearest_sphere,none,1.0,1.1072537360362182,0.702,0.902,0.862,0.04
5,euclidean,mean_std_0.25,nearest_sphere,none,2.0,1.1072537360362182,0.702,0.902,0.862,0.04
5,euclidean,mean_std_0.25,nearest_sphere,ratio,0.0,1.1072537360362182,0.702,0.902,0.862,0.04
5,euclidean,mean_std_0.25,nearest_sphere,ratio,0.25,1.3104795463650127,0.742,0.902,0.87,0.032
5,euclidean,mean_std_0.25,nearest_sphere,ratio,0.5,1.5302059533444,0.752,0.902,0.872,0.03
5,euclidean,mean_std_0.25,nearest_sphere,ratio,1.0,1.9835853436779591,0.812,0.902,0.884,0.018
5,euclidean,mean_std_0.25,nearest_sphere,ratio,2.0,2.917370054252573,0.842,0.902,0.89,0.012
5,euclidean,mean_std_0.25,nearest_sphere,inverse_margin,0.0,1.1072537360362182,0.702,0.902,0.862,0.04
5,euclidean,mean_std_0.25,nearest_sphere,inverse_margin,0.25,5.529362184764774,0.892,0.902,0.9,0.002
5,euclidean,mean_std_0.25,nearest_sphere,inverse_margin,0.5,9.964307694954913,0.892,0.902,0.9,0.002
5,euclidean,mean_std_0.25,nearest_sphere,inverse_margin,1.0,18.685905784508282,0.892,0.902,0.9,0.002
5,euclidean,mean_std_0.25,nearest_sphere,inverse_margin,2.0,36.12910196361502,0.892,0.902,0.9,0.002
5,euclidean,mean_std_0.25,nearest_sphere,max_ratio,0.0,1.1072537360362182,0.702,0.902,0.862,0.04
5,euclidean,mean_std_0.25,nearest_sphere,max_ratio,0.25,1.1072537360362182,0.702,0.902,0.862,0.04
5,euclidean,mean_std_0.25,nearest_sphere,max_ratio,0.5,1.1072537360362182,0.702,0.902,0.862,0.04
5,euclidean,mean_std_0.25,nearest_sphere,max_ratio,1.0,1.1072537360362182,0.702,0.902,0.862,0.04
5,euclidean,mean_std_0.25,nearest_sphere,max_ratio,2.0,1.8915589260897367,0.892,0.902,0.9,0.002
5,euclidean,mean_std_0.25,normalized_union,none,0.0,0.9926110011084582,0.742,0.902,0.87,0.032
5,euclidean,mean_std_0.25,normalized_union,none,0.25,0.9926110011084582,0.742,0.902,0.87,0.032
5,euclidean,mean_std_0.25,normalized_union,none,0.5,0.9926110011084582,0.742,0.902,0.87,0.032
5,euclidean,mean_std_0.25,normalized_union,none,1.0,0.9926110011084582,0.742,0.902,0.87,0.032
5,euclidean,mean_std_0.25,normalized_union,none,2.0,0.9926110011084582,0.742,0.902,0.87,0.032
5,euclidean,mean_std_0.25,normalized_union,ratio,0.0,0.9926110011084582,0.742,0.902,0.87,0.032
5,euclidean,mean_std_0.25,normalized_union,ratio,0.25,1.2184981818730258,0.752,0.902,0.872,0.03
5,euclidean,mean_std_0.25,normalized_union,ratio,0.5,1.450046844609498,0.772,0.902,0.876,0.026
5,euclidean,mean_std_0.25,normalized_union,ratio,1.0,1.9106257717023554,0.792,0.902,0.88,0.022
5,euclidean,mean_std_0.25,normalized_union,ratio,2.0,2.869886343925947,0.812,0.902,0.884,0.018
5,euclidean,mean_std_0.25,normalized_union,inverse_margin,0.0,0.9926110011084582,0.742,0.902,0.87,0.032
5,euclidean,mean_std_0.25,normalized_union,inverse_margin,0.25,5.338577411420731,0.822,0.902,0.886,0.016
5,euclidean,mean_std_0.25,normalized_union,inverse_margin,0.5,9.699376456197415,0.822,0.902,0.886,0.016
5,euclidean,mean_std_0.25,normalized_union,inverse_margin,1.0,18.420974545750784,0.822,0.902,0.886,0.016
5,euclidean,mean_std_0.25,normalized_union,inverse_margin,2.0,35.86417072485752,0.822,0.902,0.886,0.016
5,euclidean,mean_std_0.25,normalized_union,max_ratio,0.0,0.9926110011084582,0.742,0.902,0.87,0.032
5,euclidean,mean_std_0.25,normalized_union,max_ratio,0.25,0.9926110011084582,0.742,0.902,0.87,0.032
5,euclidean,mean_std_0.25,normalized_union,max_ratio,0.5,0.9926110011084582,0.742,0.902,0.87,0.032
5,euclidean,mean_std_0.25,normalized_union,max_ratio,1.0,0.9947315719132842,0.772,0.902,0.876,0.026
5,euclidean,mean_std_0.25,normalized_union,max_ratio,2.0,1.8915589260897367,0.822,0.902,0.886,0.016
5,euclidean,mean_std_0.5,nearest_sphere,none,0.0,1.0779395229995832,0.722,0.902,0.866,0.036
5,euclidean,mean_std_0.5,nearest_sphere,none,0.25,1.0779395229995832,0.722,0.902,0.866,0.036
5,euclidean,mean_std_0.5,nearest_sphere,none,0.5,1.0779395229995832,0.722,0.902,0.866,0.036
5,euclidean,mean_std_0.5,nearest_sphere,none,1.0,1.0779395229995832,0.722,0.902,0.866,0.036
5,euclidean,mean_std_0.5,nearest_sphere,none,2.0,1.0779395229995832,0.722,0.902,0.866,0.036
5,euclidean,mean_std_0.5,nearest_sphere,ratio,0.0,1.0779395229995832,0.722,0.902,0.866,0.036
5,euclidean,mean_std_0.5,nearest_sphere,ratio,0.25,1.2864513074106334,0.742,0.902,0.87,0.032
5,euclidean,mean_std_0.5,nearest_sphere,ratio,0.5,1.506338830839258,0.772,0.902,0.876,0.026
5,euclidean,mean_std_0.5,nearest_sphere,ratio,1.0,1.961182406846102,0.822,0.902,0.886,0.016
5,euclidean,mean_std_0.5,nearest_sphere,ratio,2.0,2.8985964111765137,0.852,0.902,0.892,0.01
5,euclidean,mean_std_0.5,nearest_sphere,inverse_margin,0.0,1.0779395229995832,0.722,0.902,0.866,0.036
5,euclidean,mean_std_0.5,nearest_sphere,inverse_margin,0.25,5.502501596231734,0.892,0.902,0.9,0.002
5,euclidean,mean_std_0.5,nearest_sphere,inverse_margin,0.5,9.930681000635749,0.892,0.902,0.9,0.002
5,euclidean,mean_std_0.5,nearest_sphere,inverse_margin,1.0,18.65227909018912,0.892,0.902,0.9,0.002
5,euclidean,mean_std_0.5,nearest_sphere,inverse_margin,2.0,36.09547526929586,0.892,0.902,0.9,0.002
5,euclidean,mean_std_0.5,nearest_sphere,max_ratio,0.0,1.0779395229995832,0.722,0.902,0.866,0.036
5,euclidean,mean_std_0.5,nearest_sphere,max_ratio,0.25,1.0779395229995832,0.722,0.902,0.866,0.036
5,euclidean,mean_std_0.5,nearest_sphere,max_ratio,0.5,1.0779395229995832,0.722,0.902,0.866,0.036
5,euclidean,mean_std_0.5,nearest_sphere,max_ratio,1.0,1.0779395229995832,0.722,0.902,0.866,0.036
5,euclidean,mean_std_0.5,nearest_sphere,max_ratio,2.0,1.8915589260897367,0.892,0.902,0.9,0.002
5,euclidean,mean_std_0.5,normalized_union,none,0.0,0.9802505290449809,0.742,0.902,0.87,0.032
5,euclidean,mean_std_0.5,normalized_union,none,0.25,0.9802505290449809,0.742,0.902,0.87,0.032
5,euclidean,mean_std_0.5,normalized_union,none,0.5,0.9802505290449809,0.742,0.902,0.87,0.032
5,euclidean,mean_std_0.5,normalized_union,none,1.0,0.9802505290449809,0.742,0.902,0.87,0.032
5,euclidean,mean_std_0.5,normalized_union,none,2.0,0.9802505290449809,0.742,0.902,0.87,0.032
5,euclidean,mean_std_0.5,normalized_union,ratio,0.0,0.9802505290449809,0.742,0.902,0.87,0.032
5,euclidean,mean_std_0.5,normalized_union,ratio,0.25,1.2061273298842614,0.752,0.902,0.872,0.03
5,euclidean,mean_std_0.5,normalized_union,ratio,0.5,1.4343615485636563,0.772,0.902,0.876,0.026
5,euclidean,mean_std_0.5,normalized_union,ratio,1.0,1.8991705945526165,0.792,0.902,0.88,0.022
5,euclidean,mean_std_0.5,normalized_union,ratio,2.0,2.8574717938127696,0.822,0.902,0.886,0.016
5,euclidean,mean_std_0.5,normalized_union,inverse_margin,0.0,0.9802505290449809,0.742,0.902,0.87,0.032
5,euclidean,mean_std_0.5,normalized_union,inverse_margin,0.25,5.326401642492439,0.822,0.902,0.886,0.016
5,euclidean,mean_std_0.5,normalized_union,inverse_margin,0.5,9.687200687269124,0.822,0.902,0.886,0.016
5,euclidean,mean_std_0.5,normalized_union,inverse_margin,1.0,18.408798776822493,0.822,0.902,0.886,0.016
5,euclidean,mean_std_0.5,normalized_union,inverse_margin,2.0,35.851994955929236,0.822,0.902,0.886,0.016
5,euclidean,mean_std_0.5,normalized_union,max_ratio,0.0,0.9802505290449809,0.742,0.902,0.87,0.032
5,euclidean,mean_std_0.5,normalized_union,max_ratio,0.25,0.9802505290449809,0.742,0.902,0.87,0.032
5,euclidean,mean_std_0.5,normalized_union,max_ratio,0.5,0.9802505290449809,0.742,0.902,0.87,0.032
5,euclidean,mean_std_0.5,normalized_union,max_ratio,1.0,0.9857182865446639,0.782,0.902,0.878,0.024
5,euclidean,mean_std_0.5,normalized_union,max_ratio,2.0,1.8915589260897367,0.822,0.902,0.886,0.016
5,euclidean,mean_std_0.75,nearest_sphere,none,0.0,1.052515492370817,0.732,0.902,0.868,0.034
5,euclidean,mean_std_0.75,nearest_sphere,none,0.25,1.052515492370817,0.732,0.902,0.868,0.034
5,euclidean,mean_std_0.75,nearest_sphere,none,0.5,1.052515492370817,0.732,0.902,0.868,0.034
5,euclidean,mean_std_0.75,nearest_sphere,none,1.0,1.052515492370817,0.732,0.902,0.868,0.034
5,euclidean,mean_std_0.75,nearest_sphere,none,2.0,1.052515492370817,0.732,0.902,0.868,0.034
5,euclidean,mean_std_0.75,nearest_sphere,ratio,0.0,1.052515492370817,0.732,0.902,0.868,0.034
5,euclidean,mean_std_0.75,nearest_sphere,ratio,0.25,1.2610226978544452,0.752,0.902,0.872,0.03
5,euclidean,mean_std_0.75,nearest_sphere,ratio,0.5,1.486155677772011,0.772,0.902,0.876,0.026
5,euclidean,mean_std_0.75,nearest_sphere,ratio,1.0,1.9483127599618073,0.832,0.902,0.888,0.014
5,euclidean,mean_std_0.75,nearest_sphere,ratio,2.0,2.8816261020471026,0.862,0.902,0.894,0.008
5,euclidean,mean_std_0.75,nearest_sphere,inverse_margin,0.0,1.052515492370817,0.732,0.902,0.868,0.034
5,euclidean,mean_std_0.75,nearest_sphere,inverse_margin,0.25,5.4770563600631625,0.892,0.902,0.9,0.002
5,euclidean,mean_std_0.75,nearest_sphere,inverse_margin,0.5,9.898826181912511,0.892,0.902,0.9,0.002
5,euclidean,mean_std_0.75,nearest_sphere,inverse_margin,1.0,18.620424271465883,0.892,0.902,0.9,0.002
5,euclidean,mean_std_0.75,nearest_sphere,inverse_margin,2.0,36.06362045057262,0.892,0.902,0.9,0.002
5,euclidean,mean_std_0.75,nearest_sphere,max_ratio,0.0,1.052515492370817,0.732,0.902,0.868,0.034
5,euclidean,mean_std_0.75,nearest_sphere,max_ratio,0.25,1.052515492370817,0.732,0.902,0.868,0.034
5,euclidean,mean_std_0.75,nearest_sphere,max_ratio,0.5,1.052515492370817,0.732,0.902,0.868,0.034
5,euclidean,mean_std_0.75,nearest_sphere,max_ratio,1.0,1.052515492370817,0.732,0.902,0.868,0.034
5,euclidean,mean_std_0.75,nearest_sphere,max_ratio,2.0,1.8915589260897367,0.892,0.902,0.9,0.002
5,euclidean,mean_std_0.75,normalized_union,none,0.0,0.9681941079395864,0.752,0.902,0.872,0.03
5,euclidean,mean_std_0.75,normalized_union,none,0.25,0.9681941079395864,0.752,0.902,0.872,0.03
5,euclidean,mean_std_0.75,normalized_union,none,0.5,0.9681941079395864,0.752,0.902,0.872,0.03
5,euclidean,mean_std_0.75,normalized_union,none,1.0,0.9681941079395864,0.752,0.902,0.872,0.03
5,euclidean,mean_std_0.75,normalized_union,none,2.0,0.9681941079395864,0.752,0.902,0.872,0.03
5,euclidean,mean_std_0.75,normalized_union,ratio,0.0,0.9681941079395864,0.752,0.902,0.872,0.03
5,euclidean,mean_std_0.75,normalized_union,ratio,0.25,1.194060784185756,0.762,0.902,0.874,0.028
5,euclidean,mean_std_0.75,normalized_union,ratio,0.5,1.4209370218683808,0.782,0.902,0.878,0.024
5,euclidean,mean_std_0.75,normalized_union,ratio,1.0,1.8879913450268964,0.802,0.902,0.882,0.02
5,euclidean,mean_std_0.75,normalized_union,ratio,2.0,2.846222080398654,0.832,0.902,0.888,0.014
5,euclidean,mean_std_0.75,normalized_union,inverse_margin,0.0,0.9681941079395864,0.752,0.902,0.872,0.03
5,euclidean,mean_std_0.75,normalized_union,inverse_margin,0.25,5.314525381073977,0.832,0.902,0.888,0.014
5,euclidean,mean_std_0.75,normalized_union,inverse_margin,0.5,9.675324425850663,0.832,0.902,0.888,0.014
5,euclidean,mean_std_0.75,normalized_union,inverse_margin,1.0,18.396922515404032,0.832,0.902,0.888,0.014
5,euclidean,mean_std_0.75,normalized_union,inverse_margin,2.0,35.84011869451077,0.832,0.902,0.888,0.014
5,euclidean,mean_std_0.75,normalized_union,max_ratio,0.0,0.9681941079395864,0.752,0.902,0.872,0.03
5,euclidean,mean_std_0.75,normalized_union,max_ratio,0.25,0.9681941079395864,0.752,0.902,0.872,0.03
5,euclidean,mean_std_0.75,normalized_union,max_ratio,0.5,0.9681941079395864,0.752,0.902,0.872,0.03
5,euclidean,mean_std_0.75,normalized_union,max_ratio,1.0,0.9788968278980636,0.822,0.902,0.886,0.016
5,euclidean,mean_std_0.75,normalized_union,max_ratio,2.0,1.8915589260897367,0.832,0.902,0.888,0.014
5,euclidean,mean_std_1.0,nearest_sphere,none,0.0,1.0301148709794756,0.732,0.902,0.868,0.034
5,euclidean,mean_std_1.0,nearest_sphere,none,0.25,1.0301148709794756,0.732,0.902,0.868,0.034
5,euclidean,mean_std_1.0,nearest_sphere,none,0.5,1.0301148709794756,0.732,0.902,0.868,0.034
5,euclidean,mean_std_1.0,nearest_sphere,none,1.0,1.0301148709794756,0.732,0.902,0.868,0.034
5,euclidean,mean_std_1.0,nearest_sphere,none,2.0,1.0301148709794756,0.732,0.902,0.868,0.034
5,euclidean,mean_std_1.0,nearest_sphere,ratio,0.0,1.0301148709794756,0.732,0.902,0.868,0.034
5,euclidean,mean_std_1.0,nearest_sphere,ratio,0.25,1.243497633399028,0.742,0.902,0.87,0.032
5,euclidean,mean_std_1.0,nearest_sphere,ratio,0.5,1.4659890337619657,0.782,0.902,0.878,0.024
5,euclidean,mean_std_1.0,nearest_sphere,ratio,1.0,1.9283687500022109,0.832,0.902,0.888,0.014
5,euclidean,mean_std_1.0,nearest_sphere,ratio,2.0,2.868632212224271,0.862,0.902,0.894,0.008
5,euclidean,mean_std_1.0,nearest_sphere,inverse_margin,0.0,1.0301148709794756,0.732,0.902,0.868,0.034
5,euclidean,mean_std_1.0,nearest_sphere,inverse_margin,0.25,5.452917480154138,0.892,0.902,0.9,0.002
5,euclidean,mean_std_1.0,nearest_sphere,inverse_margin,0.5,9.868606786871732,0.892,0.902,0.9,0.002
5,euclidean,mean_std_1.0,nearest_sphere,inverse_margin,1.0,18.5902048764251,0.892,0.902,0.9,0.002
5,euclidean,mean_std_1.0,nearest_sphere,inverse_margin,2.0,36.03340105553184,0.892,0.902,0.9,0.002
5,euclidean,mean_std_1.0,nearest_sphere,max_ratio,0.0,1.0301148709794756,0.732,0.902,0.868,0.034
5,euclidean,mean_std_1.0,nearest_sphere,max_ratio,0.25,1.0301148709794756,0.732,0.902,0.868,0.034
5,euclidean,mean_std_1.0,nearest_sphere,max_ratio,0.5,1.0301148709794756,0.732,0.902,0.868,0.034
5,euclidean,mean_std_1.0,nearest_sphere,max_ratio,1.0,1.0301148709794756,0.732,0.902,0.868,0.034
5,euclidean,mean_std_1.0,nearest_sphere,max_ratio,2.0,1.8915589260897367,0.892,0.902,0.9,0.002
5,euclidean,mean_std_1.0,normalized_union,none,0.0,0.9535412638436981,0.762,0.902,0.874,0.028
5,euclidean,mean_std_1.0,normalized_union,none,0.25,0.9535412638436981,0.762,0.902,0.874,0.028
5,euclidean,mean_std_1.0,normalized_union,none,0.5,0.9535412638436981,0.762,0.902,0.874,0.028
5,euclidean,mean_std_1.0,normalized_union,none,1.0,0.9535412638436981,0.762,0.902,0.874,0.028
5,euclidean,mean_std_1.0,normalized_union,none,2.0,0.9535412638436981,0.762,0.902,0.874,0.028
5,euclidean,mean_std_1.0,normalized_union,ratio,0.0,0.9535412638436981,0.762,0.902,0.874,0.028
5,euclidean,mean_std_1.0,normalized_union,ratio,0.25,1.1802964825930171,0.782,0.902,0.878,0.024
5,euclidean,mean_std_1.0,normalized_union,ratio,0.5,1.4098343372315756,0.802,0.902,0.882,0.02
5,euclidean,mean_std_1.0,normalized_union,ratio,1.0,1.8770781721209744,0.822,0.902,0.886,0.016
5,euclidean,mean_std_1.0,normalized_union,ratio,2.0,2.833697591527763,0.842,0.902,0.89,0.012
5,euclidean,mean_std_1.0,normalized_union,inverse_margin,0.0,0.9535412638436981,0.762,0.902,0.874,0.028
5,euclidean,mean_std_1.0,normalized_union,inverse_margin,0.25,5.302937710214711,0.852,0.902,0.892,0.01
5,euclidean,mean_std_1.0,normalized_union,inverse_margin,0.5,9.663736754991396,0.852,0.902,0.892,0.01
5,euclidean,mean_std_1.0,normalized_union,inverse_margin,1.0,18.385334844544765,0.852,0.902,0.892,0.01
5,euclidean,mean_std_1.0,normalized_union,inverse_margin,2.0,35.82853102365151,0.852,0.902,0.892,0.01
5,euclidean,mean_std_1.0,normalized_union,max_ratio,0.0,0.9535412638436981,0.762,0.902,0.874,0.028
5,euclidean,mean_std_1.0,normalized_union,max_ratio,0.25,0.9535412638436981,0.762,0.902,0.874,0.028
5,euclidean,mean_std_1.0,normalized_union,max_ratio,0.5,0.9535412638436981,0.762,0.902,0.874,0.028
5,euclidean,mean_std_1.0,normalized_union,max_ratio,1.0,0.9659131851074721,0.852,0.902,0.892,0.01
5,euclidean,mean_std_1.0,normalized_union,max_ratio,2.0,1.8915589260897367,0.852,0.902,0.892,0.01
5,euclidean,mean_std_1.5,nearest_sphere,none,0.0,0.9844482168148166,0.742,0.902,0.87,0.032
5,euclidean,mean_std_1.5,nearest_sphere,none,0.25,0.9844482168148166,0.742,0.902,0.87,0.032
5,euclidean,mean_std_1.5,nearest_sphere,none,0.5,0.9844482168148166,0.742,0.902,0.87,0.032
5,euclidean,mean_std_1.5,nearest_sphere,none,1.0,0.9844482168148166,0.742,0.902,0.87,0.032
5,euclidean,mean_std_1.5,nearest_sphere,none,2.0,0.9844482168148166,0.742,0.902,0.87,0.032
5,euclidean,mean_std_1.5,nearest_sphere,ratio,0.0,0.9844482168148166,0.742,0.902,0.87,0.032
5,euclidean,mean_std_1.5,nearest_sphere,ratio,0.25,1.2031634968028864,0.752,0.902,0.872,0.03
5,euclidean,mean_std_1.5,nearest_sphere,ratio,0.5,1.4269755546827043,0.802,0.902,0.882,0.02
5,euclidean,mean_std_1.5,nearest_sphere,ratio,1.0,1.893063960853023,0.842,0.902,0.89,0.012
5,euclidean,mean_std_1.5,nearest_sphere,ratio,2.0,2.84336994400673,0.862,0.902,0.894,0.008
5,euclidean,mean_std_1.5,nearest_sphere,inverse_margin,0.0,0.9844482168148166,0.742,0.902,0.87,0.032
5,euclidean,mean_std_1.5,nearest_sphere,inverse_margin,0.25,5.408176030589656,0.892,0.902,0.9,0.002
5,euclidean,mean_std_1.5,nearest_sphere,inverse_margin,0.5,9.812595093529628,0.892,0.902,0.9,0.002
5,euclidean,mean_std_1.5,nearest_sphere,inverse_margin,1.0,18.534193183082998,0.892,0.902,0.9,0.002
5,euclidean,mean_std_1.5,nearest_sphere,inverse_margin,2.0,35.97738936218974,0.892,0.902,0.9,0.002
5,euclidean,mean_std_1.5,nearest_sphere,max_ratio,0.0,0.9844482168148166,0.742,0.902,0.87,0.032
5,euclidean,mean_std_1.5,nearest_sphere,max_ratio,0.25,0.9844482168148166,0.742,0.902,0.87,0.032
5,euclidean,mean_std_1.5,nearest_sphere,max_ratio,0.5,0.9844482168148166,0.742,0.902,0.87,0.032
5,euclidean,mean_std_1.5,nearest_sphere,max_ratio,1.0,0.993854690754358,0.792,0.902,0.88,0.022
5,euclidean,mean_std_1.5,nearest_sphere,max_ratio,2.0,1.8915589260897367,0.892,0.902,0.9,0.002
5,euclidean,mean_std_1.5,normalized_union,none,0.0,0.9276441221390872,0.762,0.902,0.874,0.028
5,euclidean,mean_std_1.5,normalized_union,none,0.25,0.9276441221390872,0.762,0.902,0.874,0.028
5,euclidean,mean_std_1.5,normalized_union,none,0.5,0.9276441221390872,0.762,0.902,0.874,0.028
5,euclidean,mean_std_1.5,normalized_union,none,1.0,0.9276441221390872,0.762,0.902,0.874,0.028
5,euclidean,mean_std_1.5,normalized_union,none,2.0,0.9276441221390872,0.762,0.902,0.874,0.028
5,euclidean,mean_std_1.5,normalized_union,ratio,0.0,0.9276441221390872,0.762,0.902,0.874,0.028
5,euclidean,mean_std_1.5,normalized_union,ratio,0.25,1.1547785395756454,0.772,0.902,0.876,0.026
5,euclidean,mean_std_1.5,normalized_union,ratio,0.5,1.384818730759506,0.792,0.902,0.88,0.022
5,euclidean,mean_std_1.5,normalized_union,ratio,1.0,1.855407604719039,0.812,0.902,0.884,0.018
5,euclidean,mean_std_1.5,normalized_union,ratio,2.0,2.811346943546365,0.832,0.902,0.888,0.014
5,euclidean,mean_std_1.5,normalized_union,inverse_margin,0.0,0.9276441221390872,0.762,0.902,0.874,0.028
5,euclidean,mean_std_1.5,normalized_union,inverse_margin,0.25,5.280587062233312,0.852,0.902,0.892,0.01
5,euclidean,mean_std_1.5,normalized_union,inverse_margin,0.5,9.641386107009998,0.852,0.902,0.892,0.01
5,euclidean,mean_std_1.5,normalized_union,inverse_margin,1.0,18.362984196563367,0.852,0.902,0.892,0.01
5,euclidean,mean_std_1.5,normalized_union,inverse_margin,2.0,35.8061803756701,0.852,0.902,0.892,0.01
5,euclidean,mean_std_1.5,normalized_union,max_ratio,0.0,0.9276441221390872,0.762,0.902,0.874,0.028
5,euclidean,mean_std_1.5,normalized_union,max_ratio,0.25,0.9276441221390872,0.762,0.902,0.874,0.028
5,euclidean,mean_std_1.5,normalized_union,max_ratio,0.5,0.9276441221390872,0.762,0.902,0.874,0.028
5,euclidean,mean_std_1.5,normalized_union,max_ratio,1.0,0.9557912797539357,0.842,0.902,0.89,0.012
5,euclidean,mean_std_1.5,normalized_union,max_ratio,2.0,1.8915589260897367,0.852,0.902,0.892,0.01
5,euclidean,mean_std_2.0,nearest_sphere,none,0.0,0.9495273436205698,0.742,0.902,0.87,0.032
5,euclidean,mean_std_2.0,nearest_sphere,none,0.25,0.9495273436205698,0.742,0.902,0.87,0.032
5,euclidean,mean_std_2.0,nearest_sphere,none,0.5,0.9495273436205698,0.742,0.902,0.87,0.032
5,euclidean,mean_std_2.0,nearest_sphere,none,1.0,0.9495273436205698,0.742,0.902,0.87,0.032
5,euclidean,mean_std_2.0,nearest_sphere,none,2.0,0.9495273436205698,0.742,0.902,0.87,0.032
5,euclidean,mean_std_2.0,nearest_sphere,ratio,0.0,0.9495273436205698,0.742,0.902,0.87,0.032
5,euclidean,mean_std_2.0,nearest_sphere,ratio,0.25,1.1696056763804243,0.792,0.902,0.88,0.022
5,euclidean,mean_std_2.0,nearest_sphere,ratio,0.5,1.3981946372652372,0.812,0.902,0.884,0.018
5,euclidean,mean_std_2.0,nearest_sphere,ratio,1.0,1.8673124954423546,0.842,0.902,0.89,0.012
5,euclidean,mean_std_2.0,nearest_sphere,ratio,2.0,2.8213790592180255,0.872,0.902,0.896,0.006
5,euclidean,mean_std_2.0,nearest_sphere,inverse_margin,0.0,0.9495273436205698,0.742,0.902,0.87,0.032
5,euclidean,mean_std_2.0,nearest_sphere,inverse_margin,0.25,5.367600835183694,0.892,0.902,0.9,0.002
5,euclidean,mean_std_2.0,nearest_sphere,inverse_margin,0.5,9.761799121908297,0.892,0.902,0.9,0.002
5,euclidean,mean_std_2.0,nearest_sphere,inverse_margin,1.0,18.483397211461668,0.892,0.902,0.9,0.002
5,euclidean,mean_std_2.0,nearest_sphere,inverse_margin,2.0,35.92659339056841,0.892,0.902,0.9,0.002
5,euclidean,mean_std_2.0,nearest_sphere,max_ratio,0.0,0.9495273436205698,0.742,0.902,0.87,0.032
5,euclidean,mean_std_2.0,nearest_sphere,max_ratio,0.25,0.9495273436205698,0.742,0.902,0.87,0.032
5,euclidean,mean_std_2.0,nearest_sphere,max_ratio,0.5,0.9495273436205698,0.742,0.902,0.87,0.032
5,euclidean,mean_std_2.0,nearest_sphere,max_ratio,1.0,0.9723635681017437,0.862,0.902,0.894,0.008
5,euclidean,mean_std_2.0,nearest_sphere,max_ratio,2.0,1.8915589260897367,0.892,0.902,0.9,0.002
5,euclidean,mean_std_2.0,normalized_union,none,0.0,0.9059628521622831,0.782,0.902,0.878,0.024
5,euclidean,mean_std_2.0,normalized_union,none,0.25,0.9059628521622831,0.782,0.902,0.878,0.024
5,euclidean,mean_std_2.0,normalized_union,none,0.5,0.9059628521622831,0.782,0.902,0.878,0.024
5,euclidean,mean_std_2.0,normalized_union,none,1.0,0.9059628521622831,0.782,0.902,0.878,0.024
5,euclidean,mean_std_2.0,normalized_union,none,2.0,0.9059628521622831,0.782,0.902,0.878,0.024
5,euclidean,mean_std_2.0,normalized_union,ratio,0.0,0.9059628521622831,0.782,0.902,0.878,0.024
5,euclidean,mean_std_2.0,normalized_union,ratio,0.25,1.1336711584025634,0.792,0.902,0.88,0.022
5,euclidean,mean_std_2.0,normalized_union,ratio,0.5,1.3639122773503252,0.812,0.902,0.884,0.018
5,euclidean,mean_std_2.0,normalized_union,ratio,1.0,1.8331669304282505,0.832,0.902,0.888,0.014
5,euclidean,mean_std_2.0,normalized_union,ratio,2.0,2.7869550247653465,0.842,0.902,0.89,0.012
5,euclidean,mean_std_2.0,normalized_union,inverse_margin,0.0,0.9059628521622831,0.782,0.902,0.878,0.024
5,euclidean,mean_std_2.0,normalized_union,inverse_margin,0.25,5.259272302277293,0.862,0.902,0.894,0.008
5,euclidean,mean_std_2.0,normalized_union,inverse_margin,0.5,9.620071347053978,0.862,0.902,0.894,0.008
5,euclidean,mean_std_2.0,normalized_union,inverse_margin,1.0,18.341669436607347,0.862,0.902,0.894,0.008
5,euclidean,mean_std_2.0,normalized_union,inverse_margin,2.0,35.78486561571408,0.862,0.902,0.894,0.008
5,euclidean,mean_std_2.0,normalized_union,max_ratio,0.0,0.9059628521622831,0.782,0.902,0.878,0.024
5,euclidean,mean_std_2.0,normalized_union,max_ratio,0.25,0.9059628521622831,0.782,0.902,0.878,0.024
5,euclidean,mean_std_2.0,normalized_union,max_ratio,0.5,0.9059628521622831,0.782,0.902,0.878,0.024
5,euclidean,mean_std_2.0,normalized_union,max_ratio,1.0,0.9490338331847323,0.862,0.902,0.894,0.008
5,euclidean,mean_std_2.0,normalized_union,max_ratio,2.0,1.8915589260897367,0.862,0.902,0.894,0.008
5,euclidean,mean_std_3.0,nearest_sphere,none,0.0,0.8843386188079564,0.782,0.902,0.878,0.024
5,euclidean,mean_std_3.0,nearest_sphere,none,0.25,0.8843386188079564,0.782,0.902,0.878,0.024
5,euclidean,mean_std_3.0,nearest_sphere,none,0.5,0.8843386188079564,0.782,0.902,0.878,0.024
5,euclidean,mean_std_3.0,nearest_sphere,none,1.0,0.8843386188079564,0.782,0.902,0.878,0.024
5,euclidean,mean_std_3.0,nearest_sphere,none,2.0,0.8843386188079564,0.782,0.902,0.878,0.024
5,euclidean,mean_std_3.0,nearest_sphere,ratio,0.0,0.8843386188079564,0.782,0.902,0.878,0.024
5,euclidean,mean_std_3.0,nearest_sphere,ratio,0.25,1.1124128202768861,0.812,0.902,0.884,0.018
5,euclidean,mean_std_3.0,nearest_sphere,ratio,0.5,1.3405343197128652,0.832,0.902,0.888,0.014
5,euclidean,mean_std_3.0,nearest_sphere,ratio,1.0,1.8178567385154403,0.842,0.902,0.89,0.012
5,euclidean,mean_std_3.0,nearest_sphere,ratio,2.0,2.7692648368729236,0.862,0.902,0.894,0.008
5,euclidean,mean_std_3.0,nearest_sphere,inverse_margin,0.0,0.8843386188079564,0.782,0.902,0.878,0.024
5,euclidean,mean_std_3.0,nearest_sphere,inverse_margin,0.25,5.296819766404368,0.892,0.902,0.9,0.002
5,euclidean,mean_std_3.0,nearest_sphere,inverse_margin,0.5,9.673188503399386,0.892,0.902,0.9,0.002
5,euclidean,mean_std_3.0,nearest_sphere,inverse_margin,1.0,18.394786592952755,0.892,0.902,0.9,0.002
5,euclidean,mean_std_3.0,nearest_sphere,inverse_margin,2.0,35.83798277205949,0.892,0.902,0.9,0.002
5,euclidean,mean_std_3.0,nearest_sphere,max_ratio,0.0,0.8843386188079564,0.782,0.902,0.878,0.024
5,euclidean,mean_std_3.0,nearest_sphere,max_ratio,0.25,0.8843386188079564,0.782,0.902,0.878,0.024
5,euclidean,mean_std_3.0,nearest_sphere,max_ratio,0.5,0.8843386188079564,0.782,0.902,0.878,0.024
5,euclidean,mean_std_3.0,nearest_sphere,max_ratio,1.0,0.9500654340362081,0.892,0.902,0.9,0.002
5,euclidean,mean_std_3.0,nearest_sphere,max_ratio,2.0,1.8915589260897367,0.892,0.902,0.9,0.002
5,euclidean,mean_std_3.0,normalized_union,none,0.0,0.858696683903089,0.722,0.902,0.866,0.036
5,euclidean,mean_std_3.0,normalized_union,none,0.25,0.858696683903089,0.722,0.902,0.866,0.036
5,euclidean,mean_std_3.0,normalized_union,none,0.5,0.858696683903089,0.722,0.902,0.866,0.036
5,euclidean,mean_std_3.0,normalized_union,none,1.0,0.858696683903089,0.722,0.902,0.866,0.036
5,euclidean,mean_std_3.0,normalized_union,none,2.0,0.858696683903089,0.722,0.902,0.866,0.036
5,euclidean,mean_std_3.0,normalized_union,ratio,0.0,0.858696683903089,0.722,0.902,0.866,0.036
5,euclidean,mean_std_3.0,normalized_union,ratio,0.25,1.081346651536148,0.752,0.902,0.872,0.03
5,euclidean,mean_std_3.0,normalized_union,ratio,0.5,1.320352969901837,0.762,0.902,0.874,0.028
5,euclidean,mean_std_3.0,normalized_union,ratio,1.0,1.794273851640913,0.792,0.902,0.88,0.022
5,euclidean,mean_std_3.0,normalized_union,ratio,2.0,2.743805101057064,0.792,0.902,0.88,0.022
5,euclidean,mean_std_3.0,normalized_union,inverse_margin,0.0,0.858696683903089,0.722,0.902,0.866,0.036
5,euclidean,mean_std_3.0,normalized_union,inverse_margin,0.25,5.216694201055195,0.812,0.902,0.884,0.018
5,euclidean,mean_std_3.0,normalized_union,inverse_margin,0.5,9.57749324583188,0.812,0.902,0.884,0.018
5,euclidean,mean_std_3.0,normalized_union,inverse_margin,1.0,18.29909133538525,0.812,0.902,0.884,0.018
5,euclidean,mean_std_3.0,normalized_union,inverse_margin,2.0,35.742287514491984,0.812,0.902,0.884,0.018
5,euclidean,mean_std_3.0,normalized_union,max_ratio,0.0,0.858696683903089,0.722,0.902,0.866,0.036
5,euclidean,mean_std_3.0,normalized_union,max_ratio,0.25,0.858696683903089,0.722,0.902,0.866,0.036
5,euclidean,mean_std_3.0,normalized_union,max_ratio,0.5,0.858696683903089,0.722,0.902,0.866,0.036
5,euclidean,mean_std_3.0,normalized_union,max_ratio,1.0,0.9477719632832867,0.812,0.902,0.884,0.018
5,euclidean,mean_std_3.0,normalized_union,max_ratio,2.0,1.8915589260897367,0.812,0.902,0.884,0.018
5,euclidean,center_quantile_0.5,nearest_sphere,none,0.0,1.1545676686647848,0.702,0.902,0.862,0.04
5,euclidean,center_quantile_0.5,nearest_sphere,none,0.25,1.1545676686647848,0.702,0.902,0.862,0.04
5,euclidean,center_quantile_0.5,nearest_sphere,none,0.5,1.1545676686647848,0.702,0.902,0.862,0.04
5,euclidean,center_quantile_0.5,nearest_sphere,none,1.0,1.1545676686647848,0.702,0.902,0.862,0.04
5,euclidean,center_quantile_0.5,nearest_sphere,none,2.0,1.1545676686647848,0.702,0.902,0.862,0.04
5,euclidean,center_quantile_0.5,nearest_sphere,ratio,0.0,1.1545676686647848,0.702,0.902,0.862,0.04
5,euclidean,center_quantile_0.5,nearest_sphere,ratio,0.25,1.3593318819864209,0.732,0.902,0.868,0.034
5,euclidean,center_quantile_0.5,nearest_sphere,ratio,0.5,1.5637937709900738,0.742,0.902,0.87,0.032
5,euclidean,center_quantile_0.5,nearest_sphere,ratio,1.0,2.0112250175435467,0.792,0.902,0.88,0.022
5,euclidean,center_quantile_0.5,nearest_sphere,ratio,2.0,2.946534898354967,0.842,0.902,0.89,0.012
5,euclidean,center_quantile_0.5,nearest_sphere,inverse_margin,0.0,1.1545676686647848,0.702,0.902,0.862,0.04
5,euclidean,center_quantile_0.5,nearest_sphere,inverse_margin,0.25,5.580024027552604,0.892,0.902,0.9,0.002
5,euclidean,center_quantile_0.5,nearest_sphere,inverse_margin,0.5,10.027731111719453,0.892,0.902,0.9,0.002
5,euclidean,center_quantile_0.5,nearest_sphere,inverse_margin,1.0,18.749329201272822,0.892,0.902,0.9,0.002
5,euclidean,center_quantile_0.5,nearest_sphere,inverse_margin,2.0,36.192525380379564,0.892,0.902,0.9,0.002
5,euclidean,center_quantile_0.5,nearest_sphere,max_ratio,0.0,1.1545676686647848,0.702,0.902,0.862,0.04
5,euclidean,center_quantile_0.5,nearest_sphere,max_ratio,0.25,1.1545676686647848,0.702,0.902,0.862,0.04
5,euclidean,center_quantile_0.5,nearest_sphere,max_ratio,0.5,1.1545676686647848,0.702,0.902,0.862,0.04
5,euclidean,center_quantile_0.5,nearest_sphere,max_ratio,1.0,1.1545676686647848,0.702,0.902,0.862,0.04
5,euclidean,center_quantile_0.5,nearest_sphere,max_ratio,2.0,1.8915589260897367,0.892,0.902,0.9,0.002
5,euclidean,center_quantile_0.5,normalized_union,none,0.0,1.0138387559098758,0.712,0.902,0.864,0.038
5,euclidean,center_quantile_0.5,normalized_union,none,0.25,1.0138387559098758,0.712,0.902,0.864,0.038
5,euclidean,center_quantile_0.5,normalized_union,none,0.5,1.0138387559098758,0.712,0.902,0.864,0.038
5,euclidean,center_quantile_0.5,normalized_union,none,1.0,1.0138387559098758,0.712,0.902,0.864,0.038
5,euclidean,center_quantile_0.5,normalized_union,none,2.0,1.0138387559098758,0.712,0.902,0.864,0.038
5,euclidean,center_quantile_0.5,normalized_union,ratio,0.0,1.0138387559098758,0.712,0.902,0.864,0.038
5,euclidean,center_quantile_0.5,normalized_union,ratio,0.25,1.2349816328487695,0.732,0.902,0.868,0.034
5,euclidean,center_quantile_0.5,normalized_union,ratio,0.5,1.4638913636366162,0.752,0.902,0.872,0.03
5,euclidean,center_quantile_0.5,normalized_union,ratio,1.0,1.9255438855143898,0.772,0.902,0.876,0.026
5,euclidean,center_quantile_0.5,normalized_union,ratio,2.0,2.8897714392423124,0.792,0.902,0.88,0.022
5,euclidean,center_quantile_0.5,normalized_union,inverse_margin,0.0,1.0138387559098758,0.712,0.902,0.864,0.038
5,euclidean,center_quantile_0.5,normalized_union,inverse_margin,0.25,5.355687280033548,0.792,0.902,0.88,0.022
5,euclidean,center_quantile_0.5,normalized_union,inverse_margin,0.5,9.716486324810234,0.792,0.902,0.88,0.022
5,euclidean,center_quantile_0.5,normalized_union,inverse_margin,1.0,18.4380844143636,0.792,0.902,0.88,0.022
5,euclidean,center_quantile_0.5,normalized_union,inverse_margin,2.0,35.88128059347034,0.792,0.902,0.88,0.022
5,euclidean,center_quantile_0.5,normalized_union,max_ratio,0.0,1.0138387559098758,0.712,0.902,0.864,0.038
5,euclidean,center_quantile_0.5,normalized_union,max_ratio,0.25,1.0138387559098758,0.712,0.902,0.864,0.038
5,euclidean,center_quantile_0.5,normalized_union,max_ratio,0.5,1.0138387559098758,0.712,0.902,0.864,0.038
5,euclidean,center_quantile_0.5,normalized_union,max_ratio,1.0,1.0138387559098758,0.712,0.902,0.864,0.038
5,euclidean,center_quantile_0.5,normalized_union,max_ratio,2.0,1.8915589260897367,0.792,0.902,0.88,0.022
5,euclidean,intent_quantile_0.5,nearest_sphere,none,0.0,1.2683889291211072,0.832,0.902,0.888,0.014
5,euclidean,intent_quantile_0.5,nearest_sphere,none,0.25,1.2683889291211072,0.832,0.902,0.888,0.014
5,euclidean,intent_quantile_0.5,nearest_sphere,none,0.5,1.2683889291211072,0.832,0.902,0.888,0.014
5,euclidean,intent_quantile_0.5,nearest_sphere,none,1.0,1.2683889291211072,0.832,0.902,0.888,0.014
5,euclidean,intent_quantile_0.5,nearest_sphere,none,2.0,1.2683889291211072,0.832,0.902,0.888,0.014
5,euclidean,intent_quantile_0.5,nearest_sphere,ratio,0.0,1.2683889291211072,0.832,0.902,0.888,0.014
5,euclidean,intent_quantile_0.5,nearest_sphere,ratio,0.25,1.5065999505852827,0.862,0.902,0.894,0.008
5,euclidean,intent_quantile_0.5,nearest_sphere,ratio,0.5,1.7506726497275777,0.862,0.902,0.894,0.008
5,euclidean,intent_quantile_0.5,nearest_sphere,ratio,1.0,2.2301354404292493,0.862,0.902,0.894,0.008
5,euclidean,intent_quantile_0.5,nearest_sphere,ratio,2.0,3.1842416676007597,0.882,0.902,0.898,0.004
5,euclidean,intent_quantile_0.5,nearest_sphere,inverse_margin,0.0,1.2683889291211072,0.832,0.902,0.888,0.014
5,euclidean,intent_quantile_0.5,nearest_sphere,inverse_margin,0.25,5.585164063440492,0.892,0.902,0.9,0.002
5,euclidean,intent_quantile_0.5,nearest_sphere,inverse_margin,0.5,10.034165908015108,0.892,0.902,0.9,0.002
5,euclidean,intent_quantile_0.5,nearest_sphere,inverse_margin,1.0,18.75576399756848,0.892,0.902,0.9,0.002
5,euclidean,intent_quantile_0.5,nearest_sphere,inverse_margin,2.0,36.198960176675214,0.892,0.902,0.9,0.002
5,euclidean,intent_quantile_0.5,nearest_sphere,max_ratio,0.0,1.2683889291211072,0.832,0.902,0.888,0.014
5,euclidean,intent_quantile_0.5,nearest_sphere,max_ratio,0.25,1.2683889291211072,0.832,0.902,0.888,0.014
5,euclidean,intent_quantile_0.5,nearest_sphere,max_ratio,0.5,1.2683889291211072,0.832,0.902,0.888,0.014
5,euclidean,intent_quantile_0.5,nearest_sphere,max_ratio,1.0,1.2683889291211072,0.832,0.902,0.888,0.014
5,euclidean,intent_quantile_0.5,nearest_sphere,max_ratio,2.0,1.8915589260897367,0.892,0.902,0.9,0.002
5,euclidean,intent_quantile_0.5,normalized_union,none,0.0,1.2330981125260545,0.762,0.902,0.874,0.028
5,euclidean,intent_quantile_0.5,normalized_union,none,0.25,1.2330981125260545,0.762,0.902,0.874,0.028
5,euclidean,intent_quantile_0.5,normalized_union,none,0.5,1.2330981125260545,0.762,0.902,0.874,0.028
5,euclidean,intent_quantile_0.5,normalized_union,none,1.0,1.2330981125260545,0.762,0.902,0.874,0.028
5,euclidean,intent_quantile_0.5,normalized_union,none,2.0,1.2330981125260545,0.762,0.902,0.874,0.028
5,euclidean,intent_quantile_0.5,normalized_union,ratio,0.0,1.2330981125260545,0.762,0.902,0.874,0.028
5,euclidean,intent_quantile_0.5,normalized_union,ratio,0.25,1.4679522998538976,0.762,0.902,0.874,0.028
5,euclidean,intent_quantile_0.5,normalized_union,ratio,0.5,1.705062017048894,0.762,0.902,0.874,0.028
5,euclidean,intent_quantile_0.5,normalized_union,ratio,1.0,2.184490359642133,0.772,0.902,0.876,0.026
5,euclidean,intent_quantile_0.5,normalized_union,ratio,2.0,3.1291941839340085,0.792,0.902,0.88,0.022
5,euclidean,intent_quantile_0.5,normalized_union,inverse_margin,0.0,1.2330981125260545,0.762,0.902,0.874,0.028
5,euclidean,intent_quantile_0.5,normalized_union,inverse_margin,0.25,5.585164063440492,0.782,0.902,0.878,0.024
5,euclidean,intent_quantile_0.5,normalized_union,inverse_margin,0.5,10.009977516590926,0.772,0.902,0.876,0.026
5,euclidean,intent_quantile_0.5,normalized_union,inverse_margin,1.0,18.731575606144297,0.772,0.902,0.876,0.026
5,euclidean,intent_quantile_0.5,normalized_union,inverse_margin,2.0,36.17477178525103,0.772,0.902,0.876,0.026
5,euclidean,intent_quantile_0.5,normalized_union,max_ratio,0.0,1.2330981125260545,0.762,0.902,0.874,0.028
5,euclidean,intent_quantile_0.5,normalized_union,max_ratio,0.25,1.2330981125260545,0.762,0.902,0.874,0.028
5,euclidean,intent_quantile_0.5,normalized_union,max_ratio,0.5,1.2330981125260545,0.762,0.902,0.874,0.028
5,euclidean,intent_quantile_0.5,normalized_union,max_ratio,1.0,1.2330981125260545,0.762,0.902,0.874,0.028
5,euclidean,intent_quantile_0.5,normalized_union,max_ratio,2.0,1.8915589260897367,0.772,0.902,0.876,0.026
5,euclidean,center_quantile_0.7,nearest_sphere,none,0.0,1.0885262275003067,0.712,0.902,0.864,0.038
5,euclidean,center_quantile_0.7,nearest_sphere,none,0.25,1.0885262275003067,0.712,0.902,0.864,0.038
5,euclidean,center_quantile_0.7,nearest_sphere,none,0.5,1.0885262275003067,0.712,0.902,0.864,0.038
5,euclidean,center_quantile_0.7,nearest_sphere,none,1.0,1.0885262275003067,0.712,0.902,0.864,0.038
5,euclidean,center_quantile_0.7,nearest_sphere,none,2.0,1.0885262275003067,0.712,0.902,0.864,0.038
5,euclidean,center_quantile_0.7,nearest_sphere,ratio,0.0,1.0885262275003067,0.712,0.902,0.864,0.038
5,euclidean,center_quantile_0.7,nearest_sphere,ratio,0.25,1.290072693710772,0.742,0.902,0.87,0.032
5,euclidean,center_quantile_0.7,nearest_sphere,ratio,0.5,1.5049387636316005,0.752,0.902,0.872,0.03
5,euclidean,center_quantile_0.7,nearest_sphere,ratio,1.0,1.9604896747548524,0.822,0.902,0.886,0.016
5,euclidean,center_quantile_0.7,nearest_sphere,ratio,2.0,2.8971131155168637,0.852,0.902,0.892,0.01
5,euclidean,center_quantile_0.7,nearest_sphere,inverse_margin,0.0,1.0885262275003067,0.712,0.902,0.864,0.038
5,euclidean,center_quantile_0.7,nearest_sphere,inverse_margin,0.25,5.526704784676408,0.892,0.902,0.9,0.002
5,euclidean,center_quantile_0.7,nearest_sphere,inverse_margin,0.5,9.960980903349238,0.892,0.902,0.9,0.002
5,euclidean,center_quantile_0.7,nearest_sphere,inverse_margin,1.0,18.682578992902606,0.892,0.902,0.9,0.002
5,euclidean,center_quantile_0.7,nearest_sphere,inverse_margin,2.0,36.12577517200935,0.892,0.902,0.9,0.002
5,euclidean,center_quantile_0.7,nearest_sphere,max_ratio,0.0,1.0885262275003067,0.712,0.902,0.864,0.038
5,euclidean,center_quantile_0.7,nearest_sphere,max_ratio,0.25,1.0885262275003067,0.712,0.902,0.864,0.038
5,euclidean,center_quantile_0.7,nearest_sphere,max_ratio,0.5,1.0885262275003067,0.712,0.902,0.864,0.038
5,euclidean,center_quantile_0.7,nearest_sphere,max_ratio,1.0,1.0885262275003067,0.712,0.902,0.864,0.038
5,euclidean,center_quantile_0.7,nearest_sphere,max_ratio,2.0,1.8915589260897367,0.892,0.902,0.9,0.002
5,euclidean,center_quantile_0.7,normalized_union,none,0.0,0.9778661105619394,0.712,0.902,0.864,0.038
5,euclidean,center_quantile_0.7,normalized_union,none,0.25,0.9778661105619394,0.712,0.902,0.864,0.038
5,euclidean,center_quantile_0.7,normalized_union,none,0.5,0.9778661105619394,0.712,0.902,0.864,0.038
5,euclidean,center_quantile_0.7,normalized_union,none,1.0,0.9778661105619394,0.712,0.902,0.864,0.038
5,euclidean,center_quantile_0.7,normalized_union,none,2.0,0.9778661105619394,0.712,0.902,0.864,0.038
5,euclidean,center_quantile_0.7,normalized_union,ratio,0.0,0.9778661105619394,0.712,0.902,0.864,0.038
5,euclidean,center_quantile_0.7,normalized_union,ratio,0.25,1.2049984778075211,0.732,0.902,0.868,0.034
5,euclidean,center_quantile_0.7,normalized_union,ratio,0.5,1.4344864717357457,0.762,0.902,0.874,0.028
5,euclidean,center_quantile_0.7,normalized_union,ratio,1.0,1.8983856062721185,0.782,0.902,0.878,0.024
5,euclidean,center_quantile_0.7,normalized_union,ratio,2.0,2.856445786784947,0.792,0.902,0.88,0.022
5,euclidean,center_quantile_0.7,normalized_union,inverse_margin,0.0,0.9778661105619394,0.712,0.902,0.864,0.038
5,euclidean,center_quantile_0.7,normalized_union,inverse_margin,0.25,5.329352656822989,0.812,0.902,0.884,0.018
5,euclidean,center_quantile_0.7,normalized_union,inverse_margin,0.5,9.690151701599673,0.812,0.902,0.884,0.018
5,euclidean,center_quantile_0.7,normalized_union,inverse_margin,1.0,18.411749791153042,0.812,0.902,0.884,0.018
5,euclidean,center_quantile_0.7,normalized_union,inverse_margin,2.0,35.854945970259784,0.812,0.902,0.884,0.018
5,euclidean,center_quantile_0.7,normalized_union,max_ratio,0.0,0.9778661105619394,0.712,0.902,0.864,0.038
5,euclidean,center_quantile_0.7,normalized_union,max_ratio,0.25,0.9778661105619394,0.712,0.902,0.864,0.038
5,euclidean,center_quantile_0.7,normalized_union,max_ratio,0.5,0.9778661105619394,0.712,0.902,0.864,0.038
5,euclidean,center_quantile_0.7,normalized_union,max_ratio,1.0,0.9840720079671903,0.772,0.902,0.876,0.026
5,euclidean,center_quantile_0.7,normalized_union,max_ratio,2.0,1.8915589260897367,0.812,0.902,0.884,0.018
5,euclidean,intent_quantile_0.7,nearest_sphere,none,0.0,1.1677957386128446,0.852,0.902,0.892,0.01
5,euclidean,intent_quantile_0.7,nearest_sphere,none,0.25,1.1677957386128446,0.852,0.902,0.892,0.01
5,euclidean,intent_quantile_0.7,nearest_sphere,none,0.5,1.1677957386128446,0.852,0.902,0.892,0.01
5,euclidean,intent_quantile_0.7,nearest_sphere,none,1.0,1.1677957386128446,0.852,0.902,0.892,0.01
5,euclidean,intent_quantile_0.7,nearest_sphere,none,2.0,1.1677957386128446,0.852,0.902,0.892,0.01
5,euclidean,intent_quantile_0.7,nearest_sphere,ratio,0.0,1.1677957386128446,0.852,0.902,0.892,0.01
5,euclidean,intent_quantile_0.7,nearest_sphere,ratio,0.25,1.4100592917695003,0.852,0.902,0.892,0.01
5,euclidean,intent_quantile_0.7,nearest_sphere,ratio,0.5,1.6477432855654288,0.852,0.902,0.892,0.01
5,euclidean,intent_quantile_0.7,nearest_sphere,ratio,1.0,2.1314011868547498,0.862,0.902,0.894,0.008
5,euclidean,intent_quantile_0.7,nearest_sphere,ratio,2.0,3.0795986877447943,0.882,0.902,0.898,0.004
5,euclidean,intent_quantile_0.7,nearest_sphere,inverse_margin,0.0,1.1677957386128446,0.852,0.902,0.892,0.01
5,euclidean,intent_quantile_0.7,nearest_sphere,inverse_margin,0.25,5.491633425943734,0.892,0.902,0.9,0.002
5,euclidean,intent_quantile_0.7,nearest_sphere,inverse_margin,0.5,9.917075169191154,0.892,0.902,0.9,0.002
5,euclidean,intent_quantile_0.7,nearest_sphere,inverse_margin,1.0,18.638673258744525,0.892,0.902,0.9,0.002
5,euclidean,intent_quantile_0.7,nearest_sphere,inverse_margin,2.0,36.08186943785126,0.892,0.902,0.9,0.002
5,euclidean,intent_quantile_0.7,nearest_sphere,max_ratio,0.0,1.1677957386128446,0.852,0.902,0.892,0.01
5,euclidean,intent_quantile_0.7,nearest_sphere,max_ratio,0.25,1.1677957386128446,0.852,0.902,0.892,0.01
5,euclidean,intent_quantile_0.7,nearest_sphere,max_ratio,0.5,1.1677957386128446,0.852,0.902,0.892,0.01
5,euclidean,intent_quantile_0.7,nearest_sphere,max_ratio,1.0,1.1677957386128446,0.852,0.902,0.892,0.01
5,euclidean,intent_quantile_0.7,nearest_sphere,max_ratio,2.0,1.8915589260897367,0.892,0.902,0.9,0.002
5,euclidean,intent_quantile_0.7,normalized_union,none,0.0,1.1497753960125836,0.772,0.902,0.876,0.026
5,euclidean,intent_quantile_0.7,normalized_union,none,0.25,1.1497753960125836,0.772,0.902,0.876,0.026
5,euclidean,intent_quantile_0.7,normalized_union,none,0.5,1.1497753960125836,0.772,0.902,0.876,0.026
5,euclidean,intent_quantile_0.7,normalized_union,none,1.0,1.1497753960125836,0.772,0.902,0.876,0.026
5,euclidean,intent_quantile_0.7,normalized_union,none,2.0,1.1497753960125836,0.772,0.902,0.876,0.026
5,euclidean,intent_quantile_0.7,normalized_union,ratio,0.0,1.1497753960125836,0.772,0.902,0.876,0.026
5,euclidean,intent_quantile_0.7,normalized_union,ratio,0.25,1.3776061142053815,0.782,0.902,0.878,0.024
5,euclidean,intent_quantile_0.7,normalized_union,ratio,0.5,1.6159760602009279,0.772,0.902,0.876,0.026
5,euclidean,intent_quantile_0.7,normalized_union,ratio,1.0,2.095301899412266,0.792,0.902,0.88,0.022
5,euclidean,intent_quantile_0.7,normalized_union,ratio,2.0,3.0410231494013527,0.812,0.902,0.884,0.018
5,euclidean,intent_quantile_0.7,normalized_union,inverse_margin,0.0,1.1497753960125836,0.772,0.902,0.876,0.026
5,euclidean,intent_quantile_0.7,normalized_union,inverse_margin,0.25,5.491633425943734,0.802,0.902,0.882,0.02
5,euclidean,intent_quantile_0.7,normalized_union,inverse_margin,0.5,9.917075169191154,0.802,0.902,0.882,0.02
5,euclidean,intent_quantile_0.7,normalized_union,inverse_margin,1.0,18.638673258744525,0.802,0.902,0.882,0.02
5,euclidean,intent_quantile_0.7,normalized_union,inverse_margin,2.0,36.08186943785126,0.802,0.902,0.882,0.02
5,euclidean,intent_quantile_0.7,normalized_union,max_ratio,0.0,1.1497753960125836,0.772,0.902,0.876,0.026
5,euclidean,intent_quantile_0.7,normalized_union,max_ratio,0.25,1.1497753960125836,0.772,0.902,0.876,0.026
5,euclidean,intent_quantile_0.7,normalized_union,max_ratio,0.5,1.1497753960125836,0.772,0.902,0.876,0.026
5,euclidean,intent_quantile_0.7,normalized_union,max_ratio,1.0,1.1497753960125836,0.772,0.902,0.876,0.026
5,euclidean,intent_quantile_0.7,normalized_union,max_ratio,2.0,1.8915589260897367,0.802,0.902,0.882,0.02
5,euclidean,center_quantile_0.8,nearest_sphere,none,0.0,1.0492507060348029,0.732,0.902,0.868,0.034
5,euclidean,center_quantile_0.8,nearest_sphere,none,0.25,1.0492507060348029,0.732,0.902,0.868,0.034
5,euclidean,center_quantile_0.8,nearest_sphere,none,0.5,1.0492507060348029,0.732,0.902,0.868,0.034
5,euclidean,center_quantile_0.8,nearest_sphere,none,1.0,1.0492507060348029,0.732,0.902,0.868,0.034
5,euclidean,center_quantile_0.8,nearest_sphere,none,2.0,1.0492507060348029,0.732,0.902,0.868,0.034
5,euclidean,center_quantile_0.8,nearest_sphere,ratio,0.0,1.0492507060348029,0.732,0.902,0.868,0.034
5,euclidean,center_quantile_0.8,nearest_sphere,ratio,0.25,1.255982348650116,0.742,0.902,0.87,0.032
5,euclidean,center_quantile_0.8,nearest_sphere,ratio,0.5,1.4798793867462758,0.772,0.902,0.876,0.026
5,euclidean,center_quantile_0.8,nearest_sphere,ratio,1.0,1.9383200420893667,0.832,0.902,0.888,0.014
5,euclidean,center_quantile_0.8,nearest_sphere,ratio,2.0,2.877143974860823,0.862,0.902,0.894,0.008
5,euclidean,center_quantile_0.8,nearest_sphere,inverse_margin,0.0,1.0492507060348029,0.732,0.902,0.868,0.034
5,euclidean,center_quantile_0.8,nearest_sphere,inverse_margin,0.25,5.470764970318771,0.892,0.902,0.9,0.002
5,euclidean,center_quantile_0.8,nearest_sphere,inverse_margin,0.5,9.890950009001514,0.892,0.902,0.9,0.002
5,euclidean,center_quantile_0.8,nearest_sphere,inverse_margin,1.0,18.612548098554885,0.892,0.902,0.9,0.002
5,euclidean,center_quantile_0.8,nearest_sphere,inverse_margin,2.0,36.055744277661624,0.892,0.902,0.9,0.002
5,euclidean,center_quantile_0.8,nearest_sphere,max_ratio,0.0,1.0492507060348029,0.732,0.902,0.868,0.034
5,euclidean,center_quantile_0.8,nearest_sphere,max_ratio,0.25,1.0492507060348029,0.732,0.902,0.868,0.034
5,euclidean,center_quantile_0.8,nearest_sphere,max_ratio,0.5,1.0492507060348029,0.732,0.902,0.868,0.034
5,euclidean,center_quantile_0.8,nearest_sphere,max_ratio,1.0,1.0492507060348029,0.732,0.902,0.868,0.034
5,euclidean,center_quantile_0.8,nearest_sphere,max_ratio,2.0,1.8915589260897367,0.892,0.902,0.9,0.002
5,euclidean,center_quantile_0.8,normalized_union,none,0.0,0.9589110305100308,0.692,0.902,0.86,0.042
5,euclidean,center_quantile_0.8,normalized_union,none,0.25,0.9589110305100308,0.692,0.902,0.86,0.042
5,euclidean,center_quantile_0.8,normalized_union,none,0.5,0.9589110305100308,0.692,0.902,0.86,0.042
5,euclidean,center_quantile_0.8,normalized_union,none,1.0,0.9589110305100308,0.692,0.902,0.86,0.042
5,euclidean,center_quantile_0.8,normalized_union,none,2.0,0.9589110305100308,0.692,0.902,0.86,0.042
5,euclidean,center_quantile_0.8,normalized_union,ratio,0.0,0.9589110305100308,0.692,0.902,0.86,0.042
5,euclidean,center_quantile_0.8,normalized_union,ratio,0.25,1.1856053570812741,0.702,0.902,0.862,0.04
5,euclidean,center_quantile_0.8,normalized_union,ratio,0.5,1.4173605452189657,0.732,0.902,0.868,0.034
5,euclidean,center_quantile_0.8,normalized_union,ratio,1.0,1.8785795318828797,0.752,0.902,0.872,0.03
5,euclidean,center_quantile_0.8,normalized_union,ratio,2.0,2.8380728104757056,0.782,0.902,0.878,0.024
5,euclidean,center_quantile_0.8,normalized_union,inverse_margin,0.0,0.9589110305100308,0.692,0.902,0.86,0.042
5,euclidean,center_quantile_0.8,normalized_union,inverse_margin,0.25,5.313764423795372,0.812,0.902,0.884,0.018
5,euclidean,center_quantile_0.8,normalized_union,inverse_margin,0.5,9.674563468572057,0.812,0.902,0.884,0.018
5,euclidean,center_quantile_0.8,normalized_union,inverse_margin,1.0,18.396161558125424,0.812,0.902,0.884,0.018
5,euclidean,center_quantile_0.8,normalized_union,inverse_margin,2.0,35.83935773723216,0.812,0.902,0.884,0.018
5,euclidean,center_quantile_0.8,normalized_union,max_ratio,0.0,0.9589110305100308,0.692,0.902,0.86,0.042
5,euclidean,center_quantile_0.8,normalized_union,max_ratio,0.25,0.9589110305100308,0.692,0.902,0.86,0.042
5,euclidean,center_quantile_0.8,normalized_union,max_ratio,0.5,0.9589110305100308,0.692,0.902,0.86,0.042
5,euclidean,center_quantile_0.8,normalized_union,max_ratio,1.0,0.9730506569324202,0.772,0.902,0.876,0.026
5,euclidean,center_quantile_0.8,normalized_union,max_ratio,2.0,1.8915589260897367,0.812,0.902,0.884,0.018
5,euclidean,intent_quantile_0.8,nearest_sphere,none,0.0,1.0981274656541502,0.852,0.902,0.892,0.01
5,euclidean,intent_quantile_0.8,nearest_sphere,none,0.25,1.0981274656541502,0.852,0.902,0.892,0.01
5,euclidean,intent_quantile_0.8,nearest_sphere,none,0.5,1.0981274656541502,0.852,0.902,0.892,0.01
5,euclidean,intent_quantile_0.8,nearest_sphere,none,1.0,1.0981274656541502,0.852,0.902,0.892,0.01
5,euclidean,intent_quantile_0.8,nearest_sphere,none,2.0,1.0981274656541502,0.852,0.902,0.892,0.01
5,euclidean,intent_quantile_0.8,nearest_sphere,ratio,0.0,1.0981274656541502,0.852,0.902,0.892,0.01
5,euclidean,intent_quantile_0.8,nearest_sphere,ratio,0.25,1.3380726744090998,0.852,0.902,0.892,0.01
5,euclidean,intent_quantile_0.8,nearest_sphere,ratio,0.5,1.570386770631323,0.862,0.902,0.894,0.008
5,euclidean,intent_quantile_0.8,nearest_sphere,ratio,1.0,2.045796513106806,0.862,0.902,0.894,0.008
5,euclidean,intent_quantile_0.8,nearest_sphere,ratio,2.0,3.01148320145309,0.882,0.902,0.898,0.004
5,euclidean,intent_quantile_0.8,nearest_sphere,inverse_margin,0.0,1.0981274656541502,0.852,0.902,0.892,0.01
5,euclidean,intent_quantile_0.8,nearest_sphere,inverse_margin,0.25,5.411148137069626,0.892,0.902,0.9,0.002
5,euclidean,intent_quantile_0.8,nearest_sphere,inverse_margin,0.5,9.816315865171061,0.892,0.902,0.9,0.002
5,euclidean,intent_quantile_0.8,nearest_sphere,inverse_margin,1.0,18.53791395472443,0.892,0.902,0.9,0.002
5,euclidean,intent_quantile_0.8,nearest_sphere,inverse_margin,2.0,35.98111013383117,0.892,0.902,0.9,0.002
5,euclidean,intent_quantile_0.8,nearest_sphere,max_ratio,0.0,1.0981274656541502,0.852,0.902,0.892,0.01
5,euclidean,intent_quantile_0.8,nearest_sphere,max_ratio,0.25,1.0981274656541502,0.852,0.902,0.892,0.01
5,euclidean,intent_quantile_0.8,nearest_sphere,max_ratio,0.5,1.0981274656541502,0.852,0.902,0.892,0.01
5,euclidean,intent_quantile_0.8,nearest_sphere,max_ratio,1.0,1.0981274656541502,0.852,0.902,0.892,0.01
5,euclidean,intent_quantile_0.8,nearest_sphere,max_ratio,2.0,1.8915589260897367,0.892,0.902,0.9,0.002
5,euclidean,intent_quantile_0.8,normalized_union,none,0.0,1.0795479241508892,0.792,0.902,0.88,0.022
5,euclidean,intent_quantile_0.8,normalized_union,none,0.25,1.0795479241508892,0.792,0.902,0.88,0.022
5,euclidean,intent_quantile_0.8,normalized_union,none,0.5,1.0795479241508892,0.792,0.902,0.88,0.022
5,euclidean,intent_quantile_0.8,normalized_union,none,1.0,1.0795479241508892,0.792,0.902,0.88,0.022
5,euclidean,intent_quantile_0.8,normalized_union,none,2.0,1.0795479241508892,0.792,0.902,0.88,0.022
5,euclidean,intent_quantile_0.8,normalized_union,ratio,0.0,1.0795479241508892,0.792,0.902,0.88,0.022
5,euclidean,intent_quantile_0.8,normalized_union,ratio,0.25,1.303384803168648,0.792,0.902,0.88,0.022
5,euclidean,intent_quantile_0.8,normalized_union,ratio,0.5,1.5518360115164893,0.792,0.902,0.88,0.022
5,euclidean,intent_quantile_0.8,normalized_union,ratio,1.0,2.0299438026474226,0.802,0.902,0.882,0.02
5,euclidean,intent_quantile_0.8,normalized_union,ratio,2.0,2.9734610933726824,0.822,0.902,0.886,0.016
5,euclidean,intent_quantile_0.8,normalized_union,inverse_margin,0.0,1.0795479241508892,0.792,0.902,0.88,0.022
5,euclidean,intent_quantile_0.8,normalized_union,inverse_margin,0.25,5.411148137069626,0.812,0.902,0.884,0.018
5,euclidean,intent_quantile_0.8,normalized_union,inverse_margin,0.5,9.816315865171061,0.812,0.902,0.884,0.018
5,euclidean,intent_quantile_0.8,normalized_union,inverse_margin,1.0,18.53791395472443,0.812,0.902,0.884,0.018
5,euclidean,intent_quantile_0.8,normalized_union,inverse_margin,2.0,35.98111013383117,0.812,0.902,0.884,0.018
5,euclidean,intent_quantile_0.8,normalized_union,max_ratio,0.0,1.0795479241508892,0.792,0.902,0.88,0.022
5,euclidean,intent_quantile_0.8,normalized_union,max_ratio,0.25,1.0795479241508892,0.792,0.902,0.88,0.022
5,euclidean,intent_quantile_0.8,normalized_union,max_ratio,0.5,1.0795479241508892,0.792,0.902,0.88,0.022
5,euclidean,intent_quantile_0.8,normalized_union,max_ratio,1.0,1.0795479241508892,0.792,0.902,0.88,0.022
5,euclidean,intent_quantile_0.8,normalized_union,max_ratio,2.0,1.8915589260897367,0.812,0.902,0.884,0.018
5,euclidean,center_quantile_0.9,nearest_sphere,none,0.0,1.0033244083973774,0.732,0.902,0.868,0.034
5,euclidean,center_quantile_0.9,nearest_sphere,none,0.25,1.0033244083973774,0.732,0.902,0.868,0.034
5,euclidean,center_quantile_0.9,nearest_sphere,none,0.5,1.0033244083973774,0.732,0.902,0.868,0.034
5,euclidean,center_quantile_0.9,nearest_sphere,none,1.0,1.0033244083973774,0.732,0.902,0.868,0.034
5,euclidean,center_quantile_0.9,nearest_sphere,none,2.0,1.0033244083973774,0.732,0.902,0.868,0.034
5,euclidean,center_quantile_0.9,nearest_sphere,ratio,0.0,1.0033244083973774,0.732,0.902,0.868,0.034
5,euclidean,center_quantile_0.9,nearest_sphere,ratio,0.25,1.2184867971659705,0.752,0.902,0.872,0.03
5,euclidean,center_quantile_0.9,nearest_sphere,ratio,0.5,1.4443452782614647,0.802,0.902,0.882,0.02
5,euclidean,center_quantile_0.9,nearest_sphere,ratio,1.0,1.9036065997738092,0.832,0.902,0.888,0.014
5,euclidean,center_quantile_0.9,nearest_sphere,ratio,2.0,2.849727213844766,0.862,0.902,0.894,0.008
5,euclidean,center_quantile_0.9,nearest_sphere,inverse_margin,0.0,1.0033244083973774,0.732,0.902,0.868,0.034
5,euclidean,center_quantile_0.9,nearest_sphere,inverse_margin,0.25,5.402313444187272,0.892,0.902,0.9,0.002
5,euclidean,center_quantile_0.9,nearest_sphere,inverse_margin,0.5,9.805255738301796,0.892,0.902,0.9,0.002
5,euclidean,center_quantile_0.9,nearest_sphere,inverse_margin,1.0,18.526853827855167,0.892,0.902,0.9,0.002
5,euclidean,center_quantile_0.9,nearest_sphere,inverse_margin,2.0,35.970050006961905,0.892,0.902,0.9,0.002
5,euclidean,center_quantile_0.9,nearest_sphere,max_ratio,0.0,1.0033244083973774,0.732,0.902,0.868,0.034
5,euclidean,center_quantile_0.9,nearest_sphere,max_ratio,0.25,1.0033244083973774,0.732,0.902,0.868,0.034
5,euclidean,center_quantile_0.9,nearest_sphere,max_ratio,0.5,1.0033244083973774,0.732,0.902,0.868,0.034
5,euclidean,center_quantile_0.9,nearest_sphere,max_ratio,1.0,1.0033244083973774,0.732,0.902,0.868,0.034
5,euclidean,center_quantile_0.9,nearest_sphere,max_ratio,2.0,1.8915589260897367,0.892,0.902,0.9,0.002
5,euclidean,center_quantile_0.9,normalized_union,none,0.0,0.9328938780713758,0.752,0.902,0.872,0.03
5,euclidean,center_quantile_0.9,normalized_union,none,0.25,0.9328938780713758,0.752,0.902,0.872,0.03
5,euclidean,center_quantile_0.9,normalized_union,none,0.5,0.9328938780713758,0.752,0.902,0.872,0.03
5,euclidean,center_quantile_0.9,normalized_union,none,1.0,0.9328938780713758,0.752,0.902,0.872,0.03
5,euclidean,center_quantile_0.9,normalized_union,none,2.0,0.9328938780713758,0.752,0.902,0.872,0.03
5,euclidean,center_quantile_0.9,normalized_union,ratio,0.0,0.9328938780713758,0.752,0.902,0.872,0.03
5,euclidean,center_quantile_0.9,normalized_union,ratio,0.25,1.1626683066507262,0.772,0.902,0.876,0.026
5,euclidean,center_quantile_0.9,normalized_union,ratio,0.5,1.3930401617152979,0.792,0.902,0.88,0.022
5,euclidean,center_quantile_0.9,normalized_union,ratio,1.0,1.8609314345831385,0.812,0.902,0.884,0.018
5,euclidean,center_quantile_0.9,normalized_union,ratio,2.0,2.817782366979246,0.832,0.902,0.888,0.014
5,euclidean,center_quantile_0.9,normalized_union,inverse_margin,0.0,0.9328938780713758,0.752,0.902,0.872,0.03
5,euclidean,center_quantile_0.9,normalized_union,inverse_margin,0.25,5.287022485666194,0.862,0.902,0.894,0.008
5,euclidean,center_quantile_0.9,normalized_union,inverse_margin,0.5,9.64782153044288,0.862,0.902,0.894,0.008
5,euclidean,center_quantile_0.9,normalized_union,inverse_margin,1.0,18.369419619996247,0.862,0.902,0.894,0.008
5,euclidean,center_quantile_0.9,normalized_union,inverse_margin,2.0,35.812615799102986,0.862,0.902,0.894,0.008
5,euclidean,center_quantile_0.9,normalized_union,max_ratio,0.0,0.9328938780713758,0.752,0.902,0.872,0.03
5,euclidean,center_quantile_0.9,normalized_union,max_ratio,0.25,0.9328938780713758,0.752,0.902,0.872,0.03
5,euclidean,center_quantile_0.9,normalized_union,max_ratio,0.5,0.9328938780713758,0.752,0.902,0.872,0.03
5,euclidean,center_quantile_0.9,normalized_union,max_ratio,1.0,0.9596340242906238,0.842,0.902,0.89,0.012
5,euclidean,center_quantile_0.9,normalized_union,max_ratio,2.0,1.8915589260897367,0.862,0.902,0.894,0.008
5,euclidean,intent_quantile_0.9,nearest_sphere,none,0.0,0.9960645900865934,0.852,0.902,0.892,0.01
5,euclidean,intent_quantile_0.9,nearest_sphere,none,0.25,0.9960645900865934,0.852,0.902,0.892,0.01
5,euclidean,intent_quantile_0.9,nearest_sphere,none,0.5,0.9960645900865934,0.852,0.902,0.892,0.01
5,euclidean,intent_quantile_0.9,nearest_sphere,none,1.0,0.9960645900865934,0.852,0.902,0.892,0.01
5,euclidean,intent_quantile_0.9,nearest_sphere,none,2.0,0.9960645900865934,0.852,0.902,0.892,0.01
5,euclidean,intent_quantile_0.9,nearest_sphere,ratio,0.0,0.9960645900865934,0.852,0.902,0.892,0.01
5,euclidean,intent_quantile_0.9,nearest_sphere,ratio,0.25,1.2355687481472628,0.852,0.902,0.892,0.01
5,euclidean,intent_quantile_0.9,nearest_sphere,ratio,0.5,1.4768938561167246,0.852,0.902,0.892,0.01
5,euclidean,intent_quantile_0.9,nearest_sphere,ratio,1.0,1.9598027225251038,0.872,0.902,0.896,0.006
5,euclidean,intent_quantile_0.9,nearest_sphere,ratio,2.0,2.9234320348710803,0.892,0.902,0.9,0.002
5,euclidean,intent_quantile_0.9,nearest_sphere,inverse_margin,0.0,0.9960645900865934,0.852,0.902,0.892,0.01
5,euclidean,intent_quantile_0.9,nearest_sphere,inverse_margin,0.25,5.346290909465434,0.892,0.902,0.9,0.002
5,euclidean,intent_quantile_0.9,nearest_sphere,inverse_margin,0.5,9.735121286565615,0.892,0.902,0.9,0.002
5,euclidean,intent_quantile_0.9,nearest_sphere,inverse_margin,1.0,18.456719376118983,0.892,0.902,0.9,0.002
5,euclidean,intent_quantile_0.9,nearest_sphere,inverse_margin,2.0,35.899915555225725,0.892,0.902,0.9,0.002
5,euclidean,intent_quantile_0.9,nearest_sphere,max_ratio,0.0,0.9960645900865934,0.852,0.902,0.892,0.01
5,euclidean,intent_quantile_0.9,nearest_sphere,max_ratio,0.25,0.9960645900865934,0.852,0.902,0.892,0.01
5,euclidean,intent_quantile_0.9,nearest_sphere,max_ratio,0.5,0.9960645900865934,0.852,0.902,0.892,0.01
5,euclidean,intent_quantile_0.9,nearest_sphere,max_ratio,1.0,0.9996840638506369,0.852,0.902,0.892,0.01
5,euclidean,intent_quantile_0.9,nearest_sphere,max_ratio,2.0,1.8915589260897367,0.892,0.902,0.9,0.002
5,euclidean,intent_quantile_0.9,normalized_union,none,0.0,0.9890725567606862,0.802,0.902,0.882,0.02
5,euclidean,intent_quantile_0.9,normalized_union,none,0.25,0.9890725567606862,0.802,0.902,0.882,0.02
5,euclidean,intent_quantile_0.9,normalized_union,none,0.5,0.9890725567606862,0.802,0.902,0.882,0.02
5,euclidean,intent_quantile_0.9,normalized_union,none,1.0,0.9890725567606862,0.802,0.902,0.882,0.02
5,euclidean,intent_quantile_0.9,normalized_union,none,2.0,0.9890725567606862,0.802,0.902,0.882,0.02
5,euclidean,intent_quantile_0.9,normalized_union,ratio,0.0,0.9890725567606862,0.802,0.902,0.882,0.02
5,euclidean,intent_quantile_0.9,normalized_union,ratio,0.25,1.2305737938300096,0.802,0.902,0.882,0.02
5,euclidean,intent_quantile_0.9,normalized_union,ratio,0.5,1.4647009477188015,0.822,0.902,0.886,0.016
5,euclidean,intent_quantile_0.9,normalized_union,ratio,1.0,1.940329338676917,0.832,0.902,0.888,0.014
5,euclidean,intent_quantile_0.9,normalized_union,ratio,2.0,2.9014491633720914,0.852,0.902,0.892,0.01
5,euclidean,intent_quantile_0.9,normalized_union,inverse_margin,0.0,0.9890725567606862,0.802,0.902,0.882,0.02
5,euclidean,intent_quantile_0.9,normalized_union,inverse_margin,0.25,5.346290909465434,0.852,0.902,0.892,0.01
5,euclidean,intent_quantile_0.9,normalized_union,inverse_margin,0.5,9.735121286565615,0.852,0.902,0.892,0.01
5,euclidean,intent_quantile_0.9,normalized_union,inverse_margin,1.0,18.456719376118983,0.852,0.902,0.892,0.01
5,euclidean,intent_quantile_0.9,normalized_union,inverse_margin,2.0,35.899915555225725,0.852,0.902,0.892,0.01
5,euclidean,intent_quantile_0.9,normalized_union,max_ratio,0.0,0.9890725567606862,0.802,0.902,0.882,0.02
5,euclidean,intent_quantile_0.9,normalized_union,max_ratio,0.25,0.9890725567606862,0.802,0.902,0.882,0.02
5,euclidean,intent_quantile_0.9,normalized_union,max_ratio,0.5,0.9890725567606862,0.802,0.902,0.882,0.02
5,euclidean,intent_quantile_0.9,normalized_union,max_ratio,1.0,0.9976258458178678,0.822,0.902,0.886,0.016
5,euclidean,intent_quantile_0.9,normalized_union,max_ratio,2.0,1.8915589260897367,0.852,0.902,0.892,0.01
5,euclidean,center_quantile_0.95,nearest_sphere,none,0.0,0.9718555388600861,0.742,0.902,0.87,0.032
5,euclidean,center_quantile_0.95,nearest_sphere,none,0.25,0.9718555388600861,0.742,0.902,0.87,0.032
5,euclidean,center_quantile_0.95,nearest_sphere,none,0.5,0.9718555388600861,0.742,0.902,0.87,0.032
5,euclidean,center_quantile_0.95,nearest_sphere,none,1.0,0.9718555388600861,0.742,0.902,0.87,0.032
5,euclidean,center_quantile_0.95,nearest_sphere,none,2.0,0.9718555388600861,0.742,0.902,0.87,0.032
5,euclidean,center_quantile_0.95,nearest_sphere,ratio,0.0,0.9718555388600861,0.742,0.902,0.87,0.032
5,euclidean,center_quantile_0.95,nearest_sphere,ratio,0.25,1.1900759841590556,0.752,0.902,0.872,0.03
5,euclidean,center_quantile_0.95,nearest_sphere,ratio,0.5,1.414612206791504,0.792,0.902,0.88,0.022
5,euclidean,center_quantile_0.95,nearest_sphere,ratio,1.0,1.8855222260626312,0.842,0.902,0.89,0.012
5,euclidean,center_quantile_0.95,nearest_sphere,ratio,2.0,2.833763509581125,0.862,0.902,0.894,0.008
5,euclidean,center_quantile_0.95,nearest_sphere,inverse_margin,0.0,0.9718555388600861,0.742,0.902,0.87,0.032
5,euclidean,center_quantile_0.95,nearest_sphere,inverse_margin,0.25,5.378374750377016,0.892,0.902,0.9,0.002
5,euclidean,center_quantile_0.95,nearest_sphere,inverse_margin,0.5,9.775286955668186,0.892,0.902,0.9,0.002
5,euclidean,center_quantile_0.95,nearest_sphere,inverse_margin,1.0,18.496885045221553,0.892,0.902,0.9,0.002
5,euclidean,center_quantile_0.95,nearest_sphere,inverse_margin,2.0,35.940081224328296,0.892,0.902,0.9,0.002
5,euclidean,center_quantile_0.95,nearest_sphere,max_ratio,0.0,0.9718555388600861,0.742,0.902,0.87,0.032
5,euclidean,center_quantile_0.95,nearest_sphere,max_ratio,0.25,0.9718555388600861,0.742,0.902,0.87,0.032
5,euclidean,center_quantile_0.95,nearest_sphere,max_ratio,0.5,0.9718555388600861,0.742,0.902,0.87,0.032
5,euclidean,center_quantile_0.95,nearest_sphere,max_ratio,1.0,0.9850938683041629,0.812,0.902,0.884,0.018
5,euclidean,center_quantile_0.95,nearest_sphere,max_ratio,2.0,1.8915589260897367,0.892,0.902,0.9,0.002
5,euclidean,center_quantile_0.95,normalized_union,none,0.0,0.9163543002055998,0.782,0.902,0.878,0.024
5,euclidean,center_quantile_0.95,normalized_union,none,0.25,0.9163543002055998,0.782,0.902,0.878,0.024
5,euclidean,center_quantile_0.95,normalized_union,none,0.5,0.9163543002055998,0.782,0.902,0.878,0.024
5,euclidean,center_quantile_0.95,normalized_union,none,1.0,0.9163543002055998,0.782,0.902,0.878,0.024
5,euclidean,center_quantile_0.95,normalized_union,none,2.0,0.9163543002055998,0.782,0.902,0.878,0.024
5,euclidean,center_quantile_0.95,normalized_union,ratio,0.0,0.9163543002055998,0.782,0.902,0.878,0.024
5,euclidean,center_quantile_0.95,normalized_union,ratio,0.25,1.1393715401997713,0.802,0.902,0.882,0.02
5,euclidean,center_quantile_0.95,normalized_union,ratio,0.5,1.3696732724006178,0.802,0.902,0.882,0.02
5,euclidean,center_quantile_0.95,normalized_union,ratio,1.0,1.8463301877754268,0.822,0.902,0.886,0.016
5,euclidean,center_quantile_0.95,normalized_union,ratio,2.0,2.7911477291880162,0.832,0.902,0.888,0.014
5,euclidean,center_quantile_0.95,normalized_union,inverse_margin,0.0,0.9163543002055998,0.782,0.902,0.878,0.024
5,euclidean,center_quantile_0.95,normalized_union,inverse_margin,0.25,5.263644275162772,0.862,0.902,0.894,0.008
5,euclidean,center_quantile_0.95,normalized_union,inverse_margin,0.5,9.624443319939456,0.862,0.902,0.894,0.008
5,euclidean,center_quantile_0.95,normalized_union,inverse_margin,1.0,18.346041409492827,0.862,0.902,0.894,0.008
5,euclidean,center_quantile_0.95,normalized_union,inverse_margin,2.0,35.78923758859956,0.862,0.902,0.894,0.008
5,euclidean,center_quantile_0.95,normalized_union,max_ratio,0.0,0.9163543002055998,0.782,0.902,0.878,0.024
5,euclidean,center_quantile_0.95,normalized_union,max_ratio,0.25,0.9163543002055998,0.782,0.902,0.878,0.024
5,euclidean,center_quantile_0.95,normalized_union,max_ratio,0.5,0.9163543002055998,0.782,0.902,0.878,0.024
5,euclidean,center_quantile_0.95,normalized_union,max_ratio,1.0,0.9512567819162309,0.852,0.902,0.892,0.01
5,euclidean,center_quantile_0.95,normalized_union,max_ratio,2.0,1.8915589260897367,0.862,0.902,0.894,0.008
5,euclidean,intent_quantile_0.95,nearest_sphere,none,0.0,0.951669420949189,0.842,0.902,0.89,0.012
5,euclidean,intent_quantile_0.95,nearest_sphere,none,0.25,0.951669420949189,0.842,0.902,0.89,0.012
5,euclidean,intent_quantile_0.95,nearest_sphere,none,0.5,0.951669420949189,0.842,0.902,0.89,0.012
5,euclidean,intent_quantile_0.95,nearest_sphere,none,1.0,0.951669420949189,0.842,0.902,0.89,0.012
5,euclidean,intent_quantile_0.95,nearest_sphere,none,2.0,0.951669420949189,0.842,0.902,0.89,0.012
5,euclidean,intent_quantile_0.95,nearest_sphere,ratio,0.0,0.951669420949189,0.842,0.902,0.89,0.012
5,euclidean,intent_quantile_0.95,nearest_sphere,ratio,0.25,1.1885752465468085,0.852,0.902,0.892,0.01
5,euclidean,intent_quantile_0.95,nearest_sphere,ratio,0.5,1.4323643318126198,0.852,0.902,0.892,0.01
5,euclidean,intent_quantile_0.95,nearest_sphere,ratio,1.0,1.9187495180513179,0.862,0.902,0.894,0.008
5,euclidean,intent_quantile_0.95,nearest_sphere,ratio,2.0,2.860795303497197,0.892,0.902,0.9,0.002
5,euclidean,intent_quantile_0.95,nearest_sphere,inverse_margin,0.0,0.951669420949189,0.842,0.902,0.89,0.012
5,euclidean,intent_quantile_0.95,nearest_sphere,inverse_margin,0.25,5.3157888539565,0.892,0.902,0.9,0.002
5,euclidean,intent_quantile_0.95,nearest_sphere,inverse_margin,0.5,9.696935850105671,0.892,0.902,0.9,0.002
5,euclidean,intent_quantile_0.95,nearest_sphere,inverse_margin,1.0,18.41853393965904,0.892,0.902,0.9,0.002
5,euclidean,intent_quantile_0.95,nearest_sphere,inverse_margin,2.0,35.86173011876578,0.892,0.902,0.9,0.002
5,euclidean,intent_quantile_0.95,nearest_sphere,max_ratio,0.0,0.951669420949189,0.842,0.902,0.89,0.012
5,euclidean,intent_quantile_0.95,nearest_sphere,max_ratio,0.25,0.951669420949189,0.842,0.902,0.89,0.012
5,euclidean,intent_quantile_0.95,nearest_sphere,max_ratio,0.5,0.951669420949189,0.842,0.902,0.89,0.012
5,euclidean,intent_quantile_0.95,nearest_sphere,max_ratio,1.0,0.9753377605523015,0.882,0.902,0.898,0.004
5,euclidean,intent_quantile_0.95,nearest_sphere,max_ratio,2.0,1.8915589260897367,0.892,0.902,0.9,0.002
5,euclidean,intent_quantile_0.95,normalized_union,none,0.0,0.9479014052797706,0.812,0.902,0.884,0.018
5,euclidean,intent_quantile_0.95,normalized_union,none,0.25,0.9479014052797706,0.812,0.902,0.884,0.018
5,euclidean,intent_quantile_0.95,normalized_union,none,0.5,0.9479014052797706,0.812,0.902,0.884,0.018
5,euclidean,intent_quantile_0.95,normalized_union,none,1.0,0.9479014052797706,0.812,0.902,0.884,0.018
5,euclidean,intent_quantile_0.95,normalized_union,none,2.0,0.9479014052797706,0.812,0.902,0.884,0.018
5,euclidean,intent_quantile_0.95,normalized_union,ratio,0.0,0.9479014052797706,0.812,0.902,0.884,0.018
5,euclidean,intent_quantile_0.95,normalized_union,ratio,0.25,1.1829763589174875,0.832,0.902,0.888,0.014
5,euclidean,intent_quantile_0.95,normalized_union,ratio,0.5,1.4220743816391228,0.832,0.902,0.888,0.014
5,euclidean,intent_quantile_0.95,normalized_union,ratio,1.0,1.9020178329839816,0.842,0.902,0.89,0.012
5,euclidean,intent_quantile_0.95,normalized_union,ratio,2.0,2.8532746149002124,0.882,0.902,0.898,0.004
5,euclidean,intent_quantile_0.95,normalized_union,inverse_margin,0.0,0.9479014052797706,0.812,0.902,0.884,0.018
5,euclidean,intent_quantile_0.95,normalized_union,inverse_margin,0.25,5.3157888539565,0.882,0.902,0.898,0.004
5,euclidean,intent_quantile_0.95,normalized_union,inverse_margin,0.5,9.696935850105671,0.882,0.902,0.898,0.004
5,euclidean,intent_quantile_0.95,normalized_union,inverse_margin,1.0,18.41853393965904,0.882,0.902,0.898,0.004
5,euclidean,intent_quantile_0.95,normalized_union,inverse_margin,2.0,35.86173011876578,0.882,0.902,0.898,0.004
5,euclidean,intent_quantile_0.95,normalized_union,max_ratio,0.0,0.9479014052797706,0.812,0.902,0.884,0.018
5,euclidean,intent_quantile_0.95,normalized_union,max_ratio,0.25,0.9479014052797706,0.812,0.902,0.884,0.018
5,euclidean,intent_quantile_0.95,normalized_union,max_ratio,0.5,0.9479014052797706,0.812,0.902,0.884,0.018
5,euclidean,intent_quantile_0.95,normalized_union,max_ratio,1.0,0.9753377605523015,0.862,0.902,0.894,0.008
5,euclidean,intent_quantile_0.95,normalized_union,max_ratio,2.0,1.8915589260897367,0.882,0.902,0.898,0.004
5,euclidean,center_quantile_0.99,nearest_sphere,none,0.0,0.9235078271721693,0.762,0.902,0.874,0.028
5,euclidean,center_quantile_0.99,nearest_sphere,none,0.25,0.9235078271721693,0.762,0.902,0.874,0.028
5,euclidean,center_quantile_0.99,nearest_sphere,none,0.5,0.9235078271721693,0.762,0.902,0.874,0.028
5,euclidean,center_quantile_0.99,nearest_sphere,none,1.0,0.9235078271721693,0.762,0.902,0.874,0.028
5,euclidean,center_quantile_0.99,nearest_sphere,none,2.0,0.9235078271721693,0.762,0.902,0.874,0.028
5,euclidean,center_quantile_0.99,nearest_sphere,ratio,0.0,0.9235078271721693,0.762,0.902,0.874,0.028
5,euclidean,center_quantile_0.99,nearest_sphere,ratio,0.25,1.1499574655490086,0.812,0.902,0.884,0.018
5,euclidean,center_quantile_0.99,nearest_sphere,ratio,0.5,1.3852675347088659,0.832,0.902,0.888,0.014
5,euclidean,center_quantile_0.99,nearest_sphere,ratio,1.0,1.8511209612900075,0.852,0.902,0.892,0.01
5,euclidean,center_quantile_0.99,nearest_sphere,ratio,2.0,2.80920626058875,0.872,0.902,0.896,0.006
5,euclidean,center_quantile_0.99,nearest_sphere,inverse_margin,0.0,0.9235078271721693,0.762,0.902,0.874,0.028
5,euclidean,center_quantile_0.99,nearest_sphere,inverse_margin,0.25,5.316427938998689,0.892,0.902,0.9,0.002
5,euclidean,center_quantile_0.99,nearest_sphere,inverse_margin,0.5,9.697735918850672,0.892,0.902,0.9,0.002
5,euclidean,center_quantile_0.99,nearest_sphere,inverse_margin,1.0,18.419334008404043,0.892,0.902,0.9,0.002
5,euclidean,center_quantile_0.99,nearest_sphere,inverse_margin,2.0,35.86253018751078,0.892,0.902,0.9,0.002
5,euclidean,center_quantile_0.99,nearest_sphere,max_ratio,0.0,0.9235078271721693,0.762,0.902,0.874,0.028
5,euclidean,center_quantile_0.99,nearest_sphere,max_ratio,0.25,0.9235078271721693,0.762,0.902,0.874,0.028
5,euclidean,center_quantile_0.99,nearest_sphere,max_ratio,0.5,0.9235078271721693,0.762,0.902,0.874,0.028
5,euclidean,center_quantile_0.99,nearest_sphere,max_ratio,1.0,0.9564485685036275,0.882,0.902,0.898,0.004
5,euclidean,center_quantile_0.99,nearest_sphere,max_ratio,2.0,1.8915589260897367,0.892,0.902,0.9,0.002
5,euclidean,center_quantile_0.99,normalized_union,none,0.0,0.8939907100554415,0.802,0.902,0.882,0.02
5,euclidean,center_quantile_0.99,normalized_union,none,0.25,0.8939907100554415,0.802,0.902,0.882,0.02
5,euclidean,center_quantile_0.99,normalized_union,none,0.5,0.8939907100554415,0.802,0.902,0.882,0.02
5,euclidean,center_quantile_0.99,normalized_union,none,1.0,0.8939907100554415,0.802,0.902,0.882,0.02
5,euclidean,center_quantile_0.99,normalized_union,none,2.0,0.8939907100554415,0.802,0.902,0.882,0.02
5,euclidean,center_quantile_0.99,normalized_union,ratio,0.0,0.8939907100554415,0.802,0.902,0.882,0.02
5,euclidean,center_quantile_0.99,normalized_union,ratio,0.25,1.124737098648059,0.822,0.902,0.886,0.016
5,euclidean,center_quantile_0.99,normalized_union,ratio,0.5,1.3543090746661954,0.822,0.902,0.886,0.016
5,euclidean,center_quantile_0.99,normalized_union,ratio,1.0,1.8344619656998296,0.842,0.902,0.89,0.012
5,euclidean,center_quantile_0.99,normalized_union,ratio,2.0,2.7775657302253545,0.842,0.902,0.89,0.012
5,euclidean,center_quantile_0.99,normalized_union,inverse_margin,0.0,0.8939907100554415,0.802,0.902,0.882,0.02
5,euclidean,center_quantile_0.99,normalized_union,inverse_margin,0.25,5.249481547431646,0.872,0.902,0.896,0.006
5,euclidean,center_quantile_0.99,normalized_union,inverse_margin,0.5,9.61028059220833,0.872,0.902,0.896,0.006
5,euclidean,center_quantile_0.99,normalized_union,inverse_margin,1.0,18.3318786817617,0.872,0.902,0.896,0.006
5,euclidean,center_quantile_0.99,normalized_union,inverse_margin,2.0,35.775074860868436,0.872,0.902,0.896,0.006
5,euclidean,center_quantile_0.99,normalized_union,max_ratio,0.0,0.8939907100554415,0.802,0.902,0.882,0.02
5,euclidean,center_quantile_0.99,normalized_union,max_ratio,0.25,0.8939907100554415,0.802,0.902,0.882,0.02
5,euclidean,center_quantile_0.99,normalized_union,max_ratio,0.5,0.8939907100554415,0.802,0.902,0.882,0.02
5,euclidean,center_quantile_0.99,normalized_union,max_ratio,1.0,0.9483762752386479,0.872,0.902,0.896,0.006
5,euclidean,center_quantile_0.99,normalized_union,max_ratio,2.0,1.8915589260897367,0.872,0.902,0.896,0.006
5,euclidean,intent_quantile_0.99,nearest_sphere,none,0.0,0.9040696861986801,0.842,0.902,0.89,0.012
5,euclidean,intent_quantile_0.99,nearest_sphere,none,0.25,0.9040696861986801,0.842,0.902,0.89,0.012
5,euclidean,intent_quantile_0.99,nearest_sphere,none,0.5,0.9040696861986801,0.842,0.902,0.89,0.012
5,euclidean,intent_quantile_0.99,nearest_sphere,none,1.0,0.9040696861986801,0.842,0.902,0.89,0.012
5,euclidean,intent_quantile_0.99,nearest_sphere,none,2.0,0.9040696861986801,0.842,0.902,0.89,0.012
5,euclidean,intent_quantile_0.99,nearest_sphere,ratio,0.0,0.9040696861986801,0.842,0.902,0.89,0.012
5,euclidean,intent_quantile_0.99,nearest_sphere,ratio,0.25,1.1373421499675198,0.852,0.902,0.892,0.01
5,euclidean,intent_quantile_0.99,nearest_sphere,ratio,0.5,1.3764576935174877,0.862,0.902,0.894,0.008
5,euclidean,intent_quantile_0.99,nearest_sphere,ratio,1.0,1.8620620100739171,0.872,0.902,0.896,0.006
5,euclidean,intent_quantile_0.99,nearest_sphere,ratio,2.0,2.8068972478633043,0.872,0.902,0.896,0.006
5,euclidean,intent_quantile_0.99,nearest_sphere,inverse_margin,0.0,0.9040696861986801,0.842,0.902,0.89,0.012
5,euclidean,intent_quantile_0.99,nearest_sphere,inverse_margin,0.25,5.2768211511482,0.892,0.902,0.9,0.002
5,euclidean,intent_quantile_0.99,nearest_sphere,inverse_margin,0.5,9.648152293891224,0.892,0.902,0.9,0.002
5,euclidean,intent_quantile_0.99,nearest_sphere,inverse_margin,1.0,18.369750383444593,0.892,0.902,0.9,0.002
5,euclidean,intent_quantile_0.99,nearest_sphere,inverse_margin,2.0,35.81294656255133,0.892,0.902,0.9,0.002
5,euclidean,intent_quantile_0.99,nearest_sphere,max_ratio,0.0,0.9040696861986801,0.842,0.902,0.89,0.012
5,euclidean,intent_quantile_0.99,nearest_sphere,max_ratio,0.25,0.9040696861986801,0.842,0.902,0.89,0.012
5,euclidean,intent_quantile_0.99,nearest_sphere,max_ratio,0.5,0.9040696861986801,0.842,0.902,0.89,0.012
5,euclidean,intent_quantile_0.99,nearest_sphere,max_ratio,1.0,0.9500654340362081,0.892,0.902,0.9,0.002
5,euclidean,intent_quantile_0.99,nearest_sphere,max_ratio,2.0,1.8915589260897367,0.892,0.902,0.9,0.002
5,euclidean,intent_quantile_0.99,normalized_union,none,0.0,0.9001831729541879,0.822,0.902,0.886,0.016
5,euclidean,intent_quantile_0.99,normalized_union,none,0.25,0.9001831729541879,0.822,0.902,0.886,0.016
5,euclidean,intent_quantile_0.99,normalized_union,none,0.5,0.9001831729541879,0.822,0.902,0.886,0.016
5,euclidean,intent_quantile_0.99,normalized_union,none,1.0,0.9001831729541879,0.822,0.902,0.886,0.016
5,euclidean,intent_quantile_0.99,normalized_union,none,2.0,0.9001831729541879,0.822,0.902,0.886,0.016
5,euclidean,intent_quantile_0.99,normalized_union,ratio,0.0,0.9001831729541879,0.822,0.902,0.886,0.016
5,euclidean,intent_quantile_0.99,normalized_union,ratio,0.25,1.1373421499675198,0.842,0.902,0.89,0.012
5,euclidean,intent_quantile_0.99,normalized_union,ratio,0.5,1.3709793292290384,0.842,0.902,0.89,0.012
5,euclidean,intent_quantile_0.99,normalized_union,ratio,1.0,1.8541746480436307,0.852,0.902,0.892,0.01
5,euclidean,intent_quantile_0.99,normalized_union,ratio,2.0,2.8068972478633043,0.882,0.902,0.898,0.004
5,euclidean,intent_quantile_0.99,normalized_union,inverse_margin,0.0,0.9001831729541879,0.822,0.902,0.886,0.016
5,euclidean,intent_quantile_0.99,normalized_union,inverse_margin,0.25,5.2768211511482,0.892,0.902,0.9,0.002
5,euclidean,intent_quantile_0.99,normalized_union,inverse_margin,0.5,9.648152293891224,0.892,0.902,0.9,0.002
5,euclidean,intent_quantile_0.99,normalized_union,inverse_margin,1.0,18.369750383444593,0.892,0.902,0.9,0.002
5,euclidean,intent_quantile_0.99,normalized_union,inverse_margin,2.0,35.81294656255133,0.892,0.902,0.9,0.002
5,euclidean,intent_quantile_0.99,normalized_union,max_ratio,0.0,0.9001831729541879,0.822,0.902,0.886,0.016
5,euclidean,intent_quantile_0.99,normalized_union,max_ratio,0.25,0.9001831729541879,0.822,0.902,0.886,0.016
5,euclidean,intent_quantile_0.99,normalized_union,max_ratio,0.5,0.9001831729541879,0.822,0.902,0.886,0.016
5,euclidean,intent_quantile_0.99,normalized_union,max_ratio,1.0,0.9500654340362081,0.892,0.902,0.9,0.002
5,euclidean,intent_quantile_0.99,normalized_union,max_ratio,2.0,1.8915589260897367,0.892,0.902,0.9,0.002
5,mahalanobis_diag,mean_std_0.0,nearest_sphere,none,0.0,1.0205602609154387,0.712,0.902,0.864,0.038
5,mahalanobis_diag,mean_std_0.0,nearest_sphere,none,0.25,1.0205602609154387,0.712,0.902,0.864,0.038
5,mahalanobis_diag,mean_std_0.0,nearest_sphere,none,0.5,1.0205602609154387,0.712,0.902,0.864,0.038
5,mahalanobis_diag,mean_std_0.0,nearest_sphere,none,1.0,1.0205602609154387,0.712,0.902,0.864,0.038
5,mahalanobis_diag,mean_std_0.0,nearest_sphere,none,2.0,1.0205602609154387,0.712,0.902,0.864,0.038
5,mahalanobis_diag,mean_std_0.0,nearest_sphere,ratio,0.0,1.0205602609154387,0.712,0.902,0.864,0.038
5,mahalanobis_diag,mean_std_0.0,nearest_sphere,ratio,0.25,1.262569156282374,0.732,0.902,0.868,0.034
5,mahalanobis_diag,mean_std_0.0,nearest_sphere,ratio,0.5,1.5001801732209648,0.732,0.902,0.868,0.034
5,mahalanobis_diag,mean_std_0.0,nearest_sphere,ratio,1.0,1.982076586896492,0.752,0.902,0.872,0.03
5,mahalanobis_diag,mean_std_0.0,nearest_sphere,ratio,2.0,2.952559877777402,0.772,0.902,0.876,0.026
5,mahalanobis_diag,mean_std_0.0,nearest_sphere,inverse_margin,0.0,1.0205602609154387,0.712,0.902,0.864,0.038
5,mahalanobis_diag,mean_std_0.0,nearest_sphere,inverse_margin,0.25,10.927530082970137,0.822,0.902,0.886,0.016
5,mahalanobis_diag,mean_std_0.0,nearest_sphere,inverse_margin,0.5,20.840988402427698,0.822,0.902,0.886,0.016
5,mahalanobis_diag,mean_std_0.0,nearest_sphere,inverse_margin,1.0,40.66790504134281,0.822,0.902,0.886,0.016
5,mahalanobis_diag,mean_std_0.0,nearest_sphere,inverse_margin,2.0,80.32173831917305,0.822,0.902,0.886,0.016
5,mahalanobis_diag,mean_std_0.0,nearest_sphere,max_ratio,0.0,1.0205602609154387,0.712,0.902,0.864,0.038
5,mahalanobis_diag,mean_std_0.0,nearest_sphere,max_ratio,0.25,1.0205602609154387,0.712,0.902,0.864,0.038
5,mahalanobis_diag,mean_std_0.0,nearest_sphere,max_ratio,0.5,1.0205602609154387,0.712,0.902,0.864,0.038
5,mahalanobis_diag,mean_std_0.0,nearest_sphere,max_ratio,1.0,1.0205602609154387,0.712,0.902,0.864,0.038
5,mahalanobis_diag,mean_std_0.0,nearest_sphere,max_ratio,2.0,1.950804147143225,0.822,0.902,0.886,0.016
5,mahalanobis_diag,mean_std_0.0,normalized_union,none,0.0,1.0205602609154387,0.712,0.902,0.864,0.038
5,mahalanobis_diag,mean_std_0.0,normalized_union,none,0.25,1.0205602609154387,0.712,0.902,0.864,0.038
5,mahalanobis_diag,mean_std_0.0,normalized_union,none,0.5,1.0205602609154387,0.712,0.902,0.864,0.038
5,mahalanobis_diag,mean_std_0.0,normalized_union,none,1.0,1.0205602609154387,0.712,0.902,0.864,0.038
5,mahalanobis_diag,mean_std_0.0,normalized_union,none,2.0,1.0205602609154387,0.712,0.902,0.864,0.038
5,mahalanobis_diag,mean_std_0.0,normalized_union,ratio,0.0,1.0205602609154387,0.712,0.902,0.864,0.038
5,mahalanobis_diag,mean_std_0.0,normalized_union,ratio,0.25,1.262569156282374,0.732,0.902,0.868,0.034
5,mahalanobis_diag,mean_std_0.0,normalized_union,ratio,0.5,1.5001801732209648,0.732,0.902,0.868,0.034
5,mahalanobis_diag,mean_std_0.0,normalized_union,ratio,1.0,1.982076586896492,0.752,0.902,0.872,0.03
5,mahalanobis_diag,mean_std_0.0,normalized_union,ratio,2.0,2.952250390429513,0.782,0.902,0.878,0.024
5,mahalanobis_diag,mean_std_0.0,normalized_union,inverse_margin,0.0,1.0205602609154387,0.712,0.902,0.864,0.038
5,mahalanobis_diag,mean_std_0.0,normalized_union,inverse_margin,0.25,10.927530082970137,0.822,0.902,0.886,0.016
5,mahalanobis_diag,mean_std_0.0,normalized_union,inverse_margin,0.5,20.840988402427698,0.822,0.902,0.886,0.016
5,mahalanobis_diag,mean_std_0.0,normalized_union,inverse_margin,1.0,40.66790504134281,0.822,0.902,0.886,0.016
5,mahalanobis_diag,mean_std_0.0,normalized_union,inverse_margin,2.0,80.32173831917305,0.822,0.902,0.886,0.016
5,mahalanobis_diag,mean_std_0.0,normalized_union,max_ratio,0.0,1.0205602609154387,0.712,0.902,0.864,0.038
5,mahalanobis_diag,mean_std_0.0,normalized_union,max_ratio,0.25,1.0205602609154387,0.712,0.902,0.864,0.038
5,mahalanobis_diag,mean_std_0.0,normalized_union,max_ratio,0.5,1.0205602609154387,0.712,0.902,0.864,0.038
5,mahalanobis_diag,mean_std_0.0,normalized_union,max_ratio,1.0,1.0205602609154387,0.712,0.902,0.864,0.038
5,mahalanobis_diag,mean_std_0.0,normalized_union,max_ratio,2.0,1.950804147143225,0.822,0.902,0.886,0.016
5,mahalanobis_diag,mean_std_0.25,nearest_sphere,none,0.0,1.003329455203481,0.742,0.902,0.87,0.032
5,mahalanobis_diag,mean_std_0.25,nearest_sphere,none,0.25,1.003329455203481,0.742,0.902,0.87,0.032
5,mahalanobis_diag,mean_std_0.25,nearest_sphere,none,0.5,1.003329455203481,0.742,0.902,0.87,0.032
5,mahalanobis_diag,mean_std_0.25,nearest_sphere,none,1.0,1.003329455203481,0.742,0.902,0.87,0.032
5,mahalanobis_diag,mean_std_0.25,nearest_sphere,none,2.0,1.003329455203481,0.742,0.902,0.87,0.032
5,mahalanobis_diag,mean_std_0.25,nearest_sphere,ratio,0.0,1.003329455203481,0.742,0.902,0.87,0.032
5,mahalanobis_diag,mean_std_0.25,nearest_sphere,ratio,0.25,1.2449907644202742,0.742,0.902,0.87,0.032
5,mahalanobis_diag,mean_std_0.25,nearest_sphere,ratio,0.5,1.4859445450915263,0.742,0.902,0.87,0.032
5,mahalanobis_diag,mean_std_0.25,nearest_sphere,ratio,1.0,1.962575340452103,0.762,0.902,0.874,0.028
5,mahalanobis_diag,mean_std_0.25,nearest_sphere,ratio,2.0,2.9324456755142663,0.782,0.902,0.878,0.024
5,mahalanobis_diag,mean_std_0.25,nearest_sphere,inverse_margin,0.0,1.003329455203481,0.742,0.902,0.87,0.032
5,mahalanobis_diag,mean_std_0.25,nearest_sphere,inverse_margin,0.25,10.91459856548493,0.822,0.902,0.886,0.016
5,mahalanobis_diag,mean_std_0.25,nearest_sphere,inverse_margin,0.5,20.82805688494249,0.822,0.902,0.886,0.016
5,mahalanobis_diag,mean_std_0.25,nearest_sphere,inverse_margin,1.0,40.654973523857606,0.822,0.902,0.886,0.016
5,mahalanobis_diag,mean_std_0.25,nearest_sphere,inverse_margin,2.0,80.30880680168785,0.822,0.902,0.886,0.016
5,mahalanobis_diag,mean_std_0.25,nearest_sphere,max_ratio,0.0,1.003329455203481,0.742,0.902,0.87,0.032
5,mahalanobis_diag,mean_std_0.25,nearest_sphere,max_ratio,0.25,1.003329455203481,0.742,0.902,0.87,0.032
5,mahalanobis_diag,mean_std_0.25,nearest_sphere,max_ratio,0.5,1.003329455203481,0.742,0.902,0.87,0.032
5,mahalanobis_diag,mean_std_0.25,nearest_sphere,max_ratio,1.0,1.003329455203481,0.742,0.902,0.87,0.032
5,mahalanobis_diag,mean_std_0.25,nearest_sphere,max_ratio,2.0,1.950804147143225,0.822,0.902,0.886,0.016
5,mahalanobis_diag,mean_std_0.25,normalized_union,none,0.0,1.003329455203481,0.752,0.902,0.872,0.03
5,mahalanobis_diag,mean_std_0.25,normalized_union,none,0.25,1.003329455203481,0.752,0.902,0.872,0.03
5,mahalanobis_diag,mean_std_0.25,normalized_union,none,0.5,1.003329455203481,0.752,0.902,0.872,0.03
5,mahalanobis_diag,mean_std_0.25,normalized_union,none,1.0,1.003329455203481,0.752,0.902,0.872,0.03
5,mahalanobis_diag,mean_std_0.25,normalized_union,none,2.0,1.003329455203481,0.752,0.902,0.872,0.03
5,mahalanobis_diag,mean_std_0.25,normalized_union,ratio,0.0,1.003329455203481,0.752,0.902,0.872,0.03
5,mahalanobis_diag,mean_std_0.25,normalized_union,ratio,0.25,1.2449907644202742,0.752,0.902,0.872,0.03
5,mahalanobis_diag,mean_std_0.25,normalized_union,ratio,0.5,1.4859445450915263,0.752,0.902,0.872,0.03
5,mahalanobis_diag,mean_std_0.25,normalized_union,ratio,1.0,1.962575340452103,0.772,0.902,0.876,0.026
5,mahalanobis_diag,mean_std_0.25,normalized_union,ratio,2.0,2.9324456755142663,0.792,0.902,0.88,0.022
5,mahalanobis_diag,mean_std_0.25,normalized_union,inverse_margin,0.0,1.003329455203481,0.752,0.902,0.872,0.03
5,mahalanobis_diag,mean_std_0.25,normalized_union,inverse_margin,0.25,10.91459856548493,0.822,0.902,0.886,0.016
5,mahalanobis_diag,mean_std_0.25,normalized_union,inverse_margin,0.5,20.82805688494249,0.822,0.902,0.886,0.016
5,mahalanobis_diag,mean_std_0.25,normalized_union,inverse_margin,1.0,40.654973523857606,0.822,0.902,0.886,0.016
5,mahalanobis_diag,mean_std_0.25,normalized_union,inverse_margin,2.0,80.30880680168785,0.822,0.902,0.886,0.016
5,mahalanobis_diag,mean_std_0.25,normalized_union,max_ratio,0.0,1.003329455203481,0.752,0.902,0.872,0.03
5,mahalanobis_diag,mean_std_0.25,normalized_union,max_ratio,0.25,1.003329455203481,0.752,0.902,0.872,0.03
5,mahalanobis_diag,mean_std_0.25,normalized_union,max_ratio,0.5,1.003329455203481,0.752,0.902,0.872,0.03
5,mahalanobis_diag,mean_std_0.25,normalized_union,max_ratio,1.0,1.003329455203481,0.752,0.902,0.872,0.03
5,mahalanobis_diag,mean_std_0.25,normalized_union,max_ratio,2.0,1.950804147143225,0.822,0.902,0.886,0.016
5,mahalanobis_diag,mean_std_0.5,nearest_sphere,none,0.0,0.9909825426603096,0.742,0.902,0.87,0.032
5,mahalanobis_diag,mean_std_0.5,nearest_sphere,none,0.25,0.9909825426603096,0.742,0.902,0.87,0.032
5,mahalanobis_diag,mean_std_0.5,nearest_sphere,none,0.5,0.9909825426603096,0.742,0.902,0.87,0.032
5,mahalanobis_diag,mean_std_0.5,nearest_sphere,none,1.0,0.9909825426603096,0.742,0.902,0.87,0.032
5,mahalanobis_diag,mean_std_0.5,nearest_sphere,none,2.0,0.9909825426603096,0.742,0.902,0.87,0.032
5,mahalanobis_diag,mean_std_0.5,nearest_sphere,ratio,0.0,0.9909825426603096,0.742,0.902,0.87,0.032
5,mahalanobis_diag,mean_std_0.5,nearest_sphere,ratio,0.25,1.2299663722051795,0.742,0.902,0.87,0.032
5,mahalanobis_diag,mean_std_0.5,nearest_sphere,ratio,0.5,1.4733998181776482,0.742,0.902,0.87,0.032
5,mahalanobis_diag,mean_std_0.5,nearest_sphere,ratio,1.0,1.9483756490460813,0.762,0.902,0.874,0.028
5,mahalanobis_diag,mean_std_0.5,nearest_sphere,ratio,2.0,2.9182457619366122,0.792,0.902,0.88,0.022
5,mahalanobis_diag,mean_std_0.5,nearest_sphere,inverse_margin,0.0,0.9909825426603096,0.742,0.902,0.87,0.032
5,mahalanobis_diag,mean_std_0.5,nearest_sphere,inverse_margin,0.25,10.901992702547405,0.822,0.902,0.886,0.016
5,mahalanobis_diag,mean_std_0.5,nearest_sphere,inverse_margin,0.5,20.815451022004964,0.822,0.902,0.886,0.016
5,mahalanobis_diag,mean_std_0.5,nearest_sphere,inverse_margin,1.0,40.64236766092009,0.822,0.902,0.886,0.016
5,mahalanobis_diag,mean_std_0.5,nearest_sphere,inverse_margin,2.0,80.29620093875032,0.822,0.902,0.886,0.016
5,mahalanobis_diag,mean_std_0.5,nearest_sphere,max_ratio,0.0,0.9909825426603096,0.742,0.902,0.87,0.032
5,mahalanobis_diag,mean_std_0.5,nearest_sphere,max_ratio,0.25,0.9909825426603096,0.742,0.902,0.87,0.032
5,mahalanobis_diag,mean_std_0.5,nearest_sphere,max_ratio,0.5,0.9909825426603096,0.742,0.902,0.87,0.032
5,mahalanobis_diag,mean_std_0.5,nearest_sphere,max_ratio,1.0,0.99606936481477,0.732,0.902,0.868,0.034
5,mahalanobis_diag,mean_std_0.5,nearest_sphere,max_ratio,2.0,1.950804147143225,0.822,0.902,0.886,0.016
5,mahalanobis_diag,mean_std_0.5,normalized_union,none,0.0,0.9895220704200234,0.732,0.902,0.868,0.034
5,mahalanobis_diag,mean_std_0.5,normalized_union,none,0.25,0.9895220704200234,0.732,0.902,0.868,0.034
5,mahalanobis_diag,mean_std_0.5,normalized_union,none,0.5,0.9895220704200234,0.732,0.902,0.868,0.034
5,mahalanobis_diag,mean_std_0.5,normalized_union,none,1.0,0.9895220704200234,0.732,0.902,0.868,0.034
5,mahalanobis_diag,mean_std_0.5,normalized_union,none,2.0,0.9895220704200234,0.732,0.902,0.868,0.034
5,mahalanobis_diag,mean_std_0.5,normalized_union,ratio,0.0,0.9895220704200234,0.732,0.902,0.868,0.034
5,mahalanobis_diag,mean_std_0.5,normalized_union,ratio,0.25,1.2288220752141488,0.742,0.902,0.87,0.032
5,mahalanobis_diag,mean_std_0.5,normalized_union,ratio,0.5,1.4731618418486399,0.752,0.902,0.872,0.03
5,mahalanobis_diag,mean_std_0.5,normalized_union,ratio,1.0,1.9483756490460813,0.762,0.902,0.874,0.028
5,mahalanobis_diag,mean_std_0.5,normalized_union,ratio,2.0,2.9182457619366122,0.792,0.902,0.88,0.022
5,mahalanobis_diag,mean_std_0.5,normalized_union,inverse_margin,0.0,0.9895220704200234,0.732,0.902,0.868,0.034
5,mahalanobis_diag,mean_std_0.5,normalized_union,inverse_margin,0.25,10.901992702547405,0.822,0.902,0.886,0.016
5,mahalanobis_diag,mean_std_0.5,normalized_union,inverse_margin,0.5,20.815451022004964,0.822,0.902,0.886,0.016
5,mahalanobis_diag,mean_std_0.5,normalized_union,inverse_margin,1.0,40.64236766092009,0.822,0.902,0.886,0.016
5,mahalanobis_diag,mean_std_0.5,normalized_union,inverse_margin,2.0,80.29620093875032,0.822,0.902,0.886,0.016
5,mahalanobis_diag,mean_std_0.5,normalized_union,max_ratio,0.0,0.9895220704200234,0.732,0.902,0.868,0.034
5,mahalanobis_diag,mean_std_0.5,normalized_union,max_ratio,0.25,0.9895220704200234,0.732,0.902,0.868,0.034
5,mahalanobis_diag,mean_std_0.5,normalized_union,max_ratio,0.5,0.9895220704200234,0.732,0.902,0.868,0.034
5,mahalanobis_diag,mean_std_0.5,normalized_union,max_ratio,1.0,0.99606936481477,0.722,0.902,0.866,0.036
5,mahalanobis_diag,mean_std_0.5,normalized_union,max_ratio,2.0,1.950804147143225,0.822,0.902,0.886,0.016
5,mahalanobis_diag,mean_std_0.75,nearest_sphere,none,0.0,0.9789358167793266,0.742,0.902,0.87,0.032
5,mahalanobis_diag,mean_std_0.75,nearest_sphere,none,0.25,0.9789358167793266,0.742,0.902,0.87,0.032
5,mahalanobis_diag,mean_std_0.75,nearest_sphere,none,0.5,0.9789358167793266,0.742,0.902,0.87,0.032
5,mahalanobis_diag,mean_std_0.75,nearest_sphere,none,1.0,0.9789358167793266,0.742,0.902,0.87,0.032
5,mahalanobis_diag,mean_std_0.75,nearest_sphere,none,2.0,0.9789358167793266,0.742,0.902,0.87,0.032
5,mahalanobis_diag,mean_std_0.75,nearest_sphere,ratio,0.0,0.9789358167793266,0.742,0.902,0.87,0.032
5,mahalanobis_diag,mean_std_0.75,nearest_sphere,ratio,0.25,1.2168543684225654,0.742,0.902,0.87,0.032
5,mahalanobis_diag,mean_std_0.75,nearest_sphere,ratio,0.5,1.4611941350570563,0.752,0.902,0.872,0.03
5,mahalanobis_diag,mean_std_0.75,nearest_sphere,ratio,1.0,1.9362293685990597,0.762,0.902,0.874,0.028
5,mahalanobis_diag,mean_std_0.75,nearest_sphere,ratio,2.0,2.9065508393452766,0.792,0.902,0.88,0.022
5,mahalanobis_diag,mean_std_0.75,nearest_sphere,inverse_margin,0.0,0.9789358167793266,0.742,0.902,0.87,0.032
5,mahalanobis_diag,mean_std_0.75,nearest_sphere,inverse_margin,0.25,10.889700345682051,0.822,0.902,0.886,0.016
5,mahalanobis_diag,mean_std_0.75,nearest_sphere,inverse_margin,0.5,20.80315866513961,0.822,0.902,0.886,0.016
5,mahalanobis_diag,mean_std_0.75,nearest_sphere,inverse_margin,1.0,40.63007530405473,0.822,0.902,0.886,0.016
5,mahalanobis_diag,mean_std_0.75,nearest_sphere,inverse_margin,2.0,80.28390858188497,0.822,0.902,0.886,0.016
5,mahalanobis_diag,mean_std_0.75,nearest_sphere,max_ratio,0.0,0.9789358167793266,0.742,0.902,0.87,0.032
5,mahalanobis_diag,mean_std_0.75,nearest_sphere,max_ratio,0.25,0.9789358167793266,0.742,0.902,0.87,0.032
5,mahalanobis_diag,mean_std_0.75,nearest_sphere,max_ratio,0.5,0.9789358167793266,0.742,0.902,0.87,0.032
5,mahalanobis_diag,mean_std_0.75,nearest_sphere,max_ratio,1.0,0.9904684428001833,0.772,0.902,0.876,0.026
5,mahalanobis_diag,mean_std_0.75,nearest_sphere,max_ratio,2.0,1.950804147143225,0.822,0.902,0.886,0.016
5,mahalanobis_diag,mean_std_0.75,normalized_union,none,0.0,0.9774930985437561,0.752,0.902,0.872,0.03
5,mahalanobis_diag,mean_std_0.75,normalized_union,none,0.25,0.9774930985437561,0.752,0.902,0.872,0.03
5,mahalanobis_diag,mean_std_0.75,normalized_union,none,0.5,0.9774930985437561,0.752,0.902,0.872,0.03
5,mahalanobis_diag,mean_std_0.75,normalized_union,none,1.0,0.9774930985437561,0.752,0.902,0.872,0.03
5,mahalanobis_diag,mean_std_0.75,normalized_union,none,2.0,0.9774930985437561,0.752,0.902,0.872,0.03
5,mahalanobis_diag,mean_std_0.75,normalized_union,ratio,0.0,0.9774930985437561,0.752,0.902,0.872,0.03
5,mahalanobis_diag,mean_std_0.75,normalized_union,ratio,0.25,1.2168543684225654,0.762,0.902,0.874,0.028
5,mahalanobis_diag,mean_std_0.75,normalized_union,ratio,0.5,1.4608112618915876,0.772,0.902,0.876,0.026
5,mahalanobis_diag,mean_std_0.75,normalized_union,ratio,1.0,1.936175439685238,0.772,0.902,0.876,0.026
5,mahalanobis_diag,mean_std_0.75,normalized_union,ratio,2.0,2.9065508393452766,0.792,0.902,0.88,0.022
5,mahalanobis_diag,mean_std_0.75,normalized_union,inverse_margin,0.0,0.9774930985437561,0.752,0.902,0.872,0.03
5,mahalanobis_diag,mean_std_0.75,normalized_union,inverse_margin,0.25,10.889700345682051,0.832,0.902,0.888,0.014
5,mahalanobis_diag,mean_std_0.75,normalized_union,inverse_margin,0.5,20.80315866513961,0.832,0.902,0.888,0.014
5,mahalanobis_diag,mean_std_0.75,normalized_union,inverse_margin,1.0,40.63007530405473,0.832,0.902,0.888,0.014
5,mahalanobis_diag,mean_std_0.75,normalized_union,inverse_margin,2.0,80.28390858188497,0.832,0.902,0.888,0.014
5,mahalanobis_diag,mean_std_0.75,normalized_union,max_ratio,0.0,0.9774930985437561,0.752,0.902,0.872,0.03
5,mahalanobis_diag,mean_std_0.75,normalized_union,max_ratio,0.25,0.9774930985437561,0.752,0.902,0.872,0.03
5,mahalanobis_diag,mean_std_0.75,normalized_union,max_ratio,0.5,0.9774930985437561,0.752,0.902,0.872,0.03
5,mahalanobis_diag,mean_std_0.75,normalized_union,max_ratio,1.0,0.9904684428001833,0.762,0.902,0.874,0.028
5,mahalanobis_diag,mean_std_0.75,normalized_union,max_ratio,2.0,1.950804147143225,0.832,0.902,0.888,0.014
5,mahalanobis_diag,mean_std_1.0,nearest_sphere,none,0.0,0.9671784615259079,0.742,0.902,0.87,0.032
5,mahalanobis_diag,mean_std_1.0,nearest_sphere,none,0.25,0.9671784615259079,0.742,0.902,0.87,0.032
5,mahalanobis_diag,mean_std_1.0,nearest_sphere,none,0.5,0.9671784615259079,0.742,0.902,0.87,0.032
5,mahalanobis_diag,mean_std_1.0,nearest_sphere,none,1.0,0.9671784615259079,0.742,0.902,0.87,0.032
5,mahalanobis_diag,mean_std_1.0,nearest_sphere,none,2.0,0.9671784615259079,0.742,0.902,0.87,0.032
5,mahalanobis_diag,mean_std_1.0,nearest_sphere,ratio,0.0,0.9671784615259079,0.742,0.902,0.87,0.032
5,mahalanobis_diag,mean_std_1.0,nearest_sphere,ratio,0.25,1.2051741341657602,0.742,0.902,0.87,0.032
5,mahalanobis_diag,mean_std_1.0,nearest_sphere,ratio,0.5,1.4492686882557853,0.752,0.902,0.872,0.03
5,mahalanobis_diag,mean_std_1.0,nearest_sphere,ratio,1.0,1.9250135088496338,0.762,0.902,0.874,0.028
5,mahalanobis_diag,mean_std_1.0,nearest_sphere,ratio,2.0,2.895103220589079,0.792,0.902,0.88,0.022
5,mahalanobis_diag,mean_std_1.0,nearest_sphere,inverse_margin,0.0,0.9671784615259079,0.742,0.902,0.87,0.032
5,mahalanobis_diag,mean_std_1.0,nearest_sphere,inverse_margin,0.25,10.877709943253508,0.822,0.902,0.886,0.016
5,mahalanobis_diag,mean_std_1.0,nearest_sphere,inverse_margin,0.5,20.791168262711068,0.822,0.902,0.886,0.016
5,mahalanobis_diag,mean_std_1.0,nearest_sphere,inverse_margin,1.0,40.61808490162619,0.822,0.902,0.886,0.016
5,mahalanobis_diag,mean_std_1.0,nearest_sphere,inverse_margin,2.0,80.27191817945642,0.822,0.902,0.886,0.016
5,mahalanobis_diag,mean_std_1.0,nearest_sphere,max_ratio,0.0,0.9671784615259079,0.742,0.902,0.87,0.032
5,mahalanobis_diag,mean_std_1.0,nearest_sphere,max_ratio,0.25,0.9671784615259079,0.742,0.902,0.87,0.032
5,mahalanobis_diag,mean_std_1.0,nearest_sphere,max_ratio,0.5,0.9671784615259079,0.742,0.902,0.87,0.032
5,mahalanobis_diag,mean_std_1.0,nearest_sphere,max_ratio,1.0,0.9873401077449389,0.772,0.902,0.876,0.026
5,mahalanobis_diag,mean_std_1.0,nearest_sphere,max_ratio,2.0,1.950804147143225,0.822,0.902,0.886,0.016
5,mahalanobis_diag,mean_std_1.0,normalized_union,none,0.0,0.9654008369122467,0.762,0.902,0.874,0.028
5,mahalanobis_diag,mean_std_1.0,normalized_union,none,0.25,0.9654008369122467,0.762,0.902,0.874,0.028
5,mahalanobis_diag,mean_std_1.0,normalized_union,none,0.5,0.9654008369122467,0.762,0.902,0.874,0.028
5,mahalanobis_diag,mean_std_1.0,normalized_union,none,1.0,0.9654008369122467,0.762,0.902,0.874,0.028
5,mahalanobis_diag,mean_std_1.0,normalized_union,none,2.0,0.9654008369122467,0.762,0.902,0.874,0.028
5,mahalanobis_diag,mean_std_1.0,normalized_union,ratio,0.0,0.9654008369122467,0.762,0.902,0.874,0.028
5,mahalanobis_diag,mean_std_1.0,normalized_union,ratio,0.25,1.2051741341657602,0.772,0.902,0.876,0.026
5,mahalanobis_diag,mean_std_1.0,normalized_union,ratio,0.5,1.4492686882557853,0.782,0.902,0.878,0.024
5,mahalanobis_diag,mean_std_1.0,normalized_union,ratio,1.0,1.9244212001036485,0.782,0.902,0.878,0.024
5,mahalanobis_diag,mean_std_1.0,normalized_union,ratio,2.0,2.89222778614177,0.802,0.902,0.882,0.02
5,mahalanobis_diag,mean_std_1.0,normalized_union,inverse_margin,0.0,0.9654008369122467,0.762,0.902,0.874,0.028
5,mahalanobis_diag,mean_std_1.0,normalized_union,inverse_margin,0.25,10.877709943253508,0.832,0.902,0.888,0.014
5,mahalanobis_diag,mean_std_1.0,normalized_union,inverse_margin,0.5,20.791168262711068,0.832,0.902,0.888,0.014
5,mahalanobis_diag,mean_std_1.0,normalized_union,inverse_margin,1.0,40.61808490162619,0.832,0.902,0.888,0.014
5,mahalanobis_diag,mean_std_1.0,normalized_union,inverse_margin,2.0,80.27191817945642,0.832,0.902,0.888,0.014
5,mahalanobis_diag,mean_std_1.0,normalized_union,max_ratio,0.0,0.9654008369122467,0.762,0.902,0.874,0.028
5,mahalanobis_diag,mean_std_1.0,normalized_union,max_ratio,0.25,0.9654008369122467,0.762,0.902,0.874,0.028
5,mahalanobis_diag,mean_std_1.0,normalized_union,max_ratio,0.5,0.9654008369122467,0.762,0.902,0.874,0.028
5,mahalanobis_diag,mean_std_1.0,normalized_union,max_ratio,1.0,0.9868207644501215,0.782,0.902,0.878,0.024
5,mahalanobis_diag,mean_std_1.0,normalized_union,max_ratio,2.0,1.950804147143225,0.832,0.902,0.888,0.014
5,mahalanobis_diag,mean_std_1.5,nearest_sphere,none,0.0,0.944358160550789,0.742,0.902,0.87,0.032
5,mahalanobis_diag,mean_std_1.5,nearest_sphere,none,0.25,0.944358160550789,0.742,0.902,0.87,0.032
5,mahalanobis_diag,mean_std_1.5,nearest_sphere,none,0.5,0.944358160550789,0.742,0.902,0.87,0.032
5,mahalanobis_diag,mean_std_1.5,nearest_sphere,none,1.0,0.944358160550789,0.742,0.902,0.87,0.032
5,mahalanobis_diag,mean_std_1.5,nearest_sphere,none,2.0,0.944358160550789,0.742,0.902,0.87,0.032
5,mahalanobis_diag,mean_std_1.5,nearest_sphere,ratio,0.0,0.944358160550789,0.742,0.902,0.87,0.032
5,mahalanobis_diag,mean_std_1.5,nearest_sphere,ratio,0.25,1.1826356234038533,0.742,0.902,0.87,0.032
5,mahalanobis_diag,mean_std_1.5,nearest_sphere,ratio,0.5,1.4258413939772507,0.762,0.902,0.874,0.028
5,mahalanobis_diag,mean_std_1.5,nearest_sphere,ratio,1.0,1.9016358238123146,0.772,0.902,0.876,0.026
5,mahalanobis_diag,mean_std_1.5,nearest_sphere,ratio,2.0,2.870955893034879,0.792,0.902,0.88,0.022
5,mahalanobis_diag,mean_std_1.5,nearest_sphere,inverse_margin,0.0,0.944358160550789,0.742,0.902,0.87,0.032
5,mahalanobis_diag,mean_std_1.5,nearest_sphere,inverse_margin,0.25,10.854591564723425,0.822,0.902,0.886,0.016
5,mahalanobis_diag,mean_std_1.5,nearest_sphere,inverse_margin,0.5,20.768049884180982,0.822,0.902,0.886,0.016
5,mahalanobis_diag,mean_std_1.5,nearest_sphere,inverse_margin,1.0,40.594966523096105,0.822,0.902,0.886,0.016
5,mahalanobis_diag,mean_std_1.5,nearest_sphere,inverse_margin,2.0,80.24879980092634,0.822,0.902,0.886,0.016
5,mahalanobis_diag,mean_std_1.5,nearest_sphere,max_ratio,0.0,0.944358160550789,0.742,0.902,0.87,0.032
5,mahalanobis_diag,mean_std_1.5,nearest_sphere,max_ratio,0.25,0.944358160550789,0.742,0.902,0.87,0.032
5,mahalanobis_diag,mean_std_1.5,nearest_sphere,max_ratio,0.5,0.944358160550789,0.742,0.902,0.87,0.032
5,mahalanobis_diag,mean_std_1.5,nearest_sphere,max_ratio,1.0,0.9803140822895038,0.792,0.902,0.88,0.022
5,mahalanobis_diag,mean_std_1.5,nearest_sphere,max_ratio,2.0,1.950804147143225,0.822,0.902,0.886,0.016
5,mahalanobis_diag,mean_std_1.5,normalized_union,none,0.0,0.9422738510799799,0.752,0.902,0.872,0.03
5,mahalanobis_diag,mean_std_1.5,normalized_union,none,0.25,0.9422738510799799,0.752,0.902,0.872,0.03
5,mahalanobis_diag,mean_std_1.5,normalized_union,none,0.5,0.9422738510799799,0.752,0.902,0.872,0.03
5,mahalanobis_diag,mean_std_1.5,normalized_union,none,1.0,0.9422738510799799,0.752,0.902,0.872,0.03
5,mahalanobis_diag,mean_std_1.5,normalized_union,none,2.0,0.9422738510799799,0.752,0.902,0.872,0.03
5,mahalanobis_diag,mean_std_1.5,normalized_union,ratio,0.0,0.9422738510799799,0.752,0.902,0.872,0.03
5,mahalanobis_diag,mean_std_1.5,normalized_union,ratio,0.25,1.1799922675573944,0.752,0.902,0.872,0.03
5,mahalanobis_diag,mean_std_1.5,normalized_union,ratio,0.5,1.4211403991161564,0.782,0.902,0.878,0.024
5,mahalanobis_diag,mean_std_1.5,normalized_union,ratio,1.0,1.898159659375548,0.782,0.902,0.878,0.024
5,mahalanobis_diag,mean_std_1.5,normalized_union,ratio,2.0,2.8653208254637397,0.792,0.902,0.88,0.022
5,mahalanobis_diag,mean_std_1.5,normalized_union,inverse_margin,0.0,0.9422738510799799,0.752,0.902,0.872,0.03
5,mahalanobis_diag,mean_std_1.5,normalized_union,inverse_margin,0.25,10.854591564723425,0.822,0.902,0.886,0.016
5,mahalanobis_diag,mean_std_1.5,normalized_union,inverse_margin,0.5,20.768049884180982,0.822,0.902,0.886,0.016
5,mahalanobis_diag,mean_std_1.5,normalized_union,inverse_margin,1.0,40.594966523096105,0.822,0.902,0.886,0.016
5,mahalanobis_diag,mean_std_1.5,normalized_union,inverse_margin,2.0,80.24879980092634,0.822,0.902,0.886,0.016
5,mahalanobis_diag,mean_std_1.5,normalized_union,max_ratio,0.0,0.9422738510799799,0.752,0.902,0.872,0.03
5,mahalanobis_diag,mean_std_1.5,normalized_union,max_ratio,0.25,0.9422738510799799,0.752,0.902,0.872,0.03
5,mahalanobis_diag,mean_std_1.5,normalized_union,max_ratio,0.5,0.9422738510799799,0.752,0.902,0.872,0.03
5,mahalanobis_diag,mean_std_1.5,normalized_union,max_ratio,1.0,0.9802420182973828,0.792,0.902,0.88,0.022
5,mahalanobis_diag,mean_std_1.5,normalized_union,max_ratio,2.0,1.950804147143225,0.822,0.902,0.886,0.016
5,mahalanobis_diag,mean_std_2.0,nearest_sphere,none,0.0,0.9214837271050776,0.742,0.902,0.87,0.032
5,mahalanobis_diag,mean_std_2.0,nearest_sphere,none,0.25,0.9214837271050776,0.742,0.902,0.87,0.032
5,mahalanobis_diag,mean_std_2.0,nearest_sphere,none,0.5,0.9214837271050776,0.742,0.902,0.87,0.032
5,mahalanobis_diag,mean_std_2.0,nearest_sphere,none,1.0,0.9214837271050776,0.742,0.902,0.87,0.032
5,mahalanobis_diag,mean_std_2.0,nearest_sphere,none,2.0,0.9214837271050776,0.742,0.902,0.87,0.032
5,mahalanobis_diag,mean_std_2.0,nearest_sphere,ratio,0.0,0.9214837271050776,0.742,0.902,0.87,0.032
5,mahalanobis_diag,mean_std_2.0,nearest_sphere,ratio,0.25,1.1610004786248966,0.742,0.902,0.87,0.032
5,mahalanobis_diag,mean_std_2.0,nearest_sphere,ratio,0.5,1.4033138173116755,0.762,0.902,0.874,0.028
5,mahalanobis_diag,mean_std_2.0,nearest_sphere,ratio,1.0,1.8798949108371699,0.772,0.902,0.876,0.026
5,mahalanobis_diag,mean_std_2.0,nearest_sphere,ratio,2.0,2.850004499526254,0.782,0.902,0.878,0.024
5,mahalanobis_diag,mean_std_2.0,nearest_sphere,inverse_margin,0.0,0.9214837271050776,0.742,0.902,0.87,0.032
5,mahalanobis_diag,mean_std_2.0,nearest_sphere,inverse_margin,0.25,10.832555778179325,0.822,0.902,0.886,0.016
5,mahalanobis_diag,mean_std_2.0,nearest_sphere,inverse_margin,0.5,20.746014097636884,0.822,0.902,0.886,0.016
5,mahalanobis_diag,mean_std_2.0,nearest_sphere,inverse_margin,1.0,40.572930736552,0.822,0.902,0.886,0.016
5,mahalanobis_diag,mean_std_2.0,nearest_sphere,inverse_margin,2.0,80.22676401438224,0.822,0.902,0.886,0.016
5,mahalanobis_diag,mean_std_2.0,nearest_sphere,max_ratio,0.0,0.9214837271050776,0.742,0.902,0.87,0.032
5,mahalanobis_diag,mean_std_2.0,nearest_sphere,max_ratio,0.25,0.9214837271050776,0.742,0.902,0.87,0.032
5,mahalanobis_diag,mean_std_2.0,nearest_sphere,max_ratio,0.5,0.9214837271050776,0.742,0.902,0.87,0.032
5,mahalanobis_diag,mean_std_2.0,nearest_sphere,max_ratio,1.0,0.9765584383969147,0.822,0.902,0.886,0.016
5,mahalanobis_diag,mean_std_2.0,nearest_sphere,max_ratio,2.0,1.950804147143225,0.822,0.902,0.886,0.016
5,mahalanobis_diag,mean_std_2.0,normalized_union,none,0.0,0.919097458721766,0.762,0.902,0.874,0.028
5,mahalanobis_diag,mean_std_2.0,normalized_union,none,0.25,0.919097458721766,0.762,0.902,0.874,0.028
5,mahalanobis_diag,mean_std_2.0,normalized_union,none,0.5,0.919097458721766,0.762,0.902,0.874,0.028
5,mahalanobis_diag,mean_std_2.0,normalized_union,none,1.0,0.919097458721766,0.762,0.902,0.874,0.028
5,mahalanobis_diag,mean_std_2.0,normalized_union,none,2.0,0.919097458721766,0.762,0.902,0.874,0.028
5,mahalanobis_diag,mean_std_2.0,normalized_union,ratio,0.0,0.919097458721766,0.762,0.902,0.874,0.028
5,mahalanobis_diag,mean_std_2.0,normalized_union,ratio,0.25,1.1553700072283588,0.772,0.902,0.876,0.026
5,mahalanobis_diag,mean_std_2.0,normalized_union,ratio,0.5,1.3958537711229706,0.782,0.902,0.878,0.024
5,mahalanobis_diag,mean_std_2.0,normalized_union,ratio,1.0,1.8753692364916659,0.782,0.902,0.878,0.024
5,mahalanobis_diag,mean_std_2.0,normalized_union,ratio,2.0,2.8329167627873235,0.812,0.902,0.884,0.018
5,mahalanobis_diag,mean_std_2.0,normalized_union,inverse_margin,0.0,0.919097458721766,0.762,0.902,0.874,0.028
5,mahalanobis_diag,mean_std_2.0,normalized_union,inverse_margin,0.25,10.832555778179325,0.822,0.902,0.886,0.016
5,mahalanobis_diag,mean_std_2.0,normalized_union,inverse_margin,0.5,20.746014097636884,0.822,0.902,0.886,0.016
5,mahalanobis_diag,mean_std_2.0,normalized_union,inverse_margin,1.0,40.572930736552,0.822,0.902,0.886,0.016
5,mahalanobis_diag,mean_std_2.0,normalized_union,inverse_margin,2.0,80.22676401438224,0.822,0.902,0.886,0.016
5,mahalanobis_diag,mean_std_2.0,normalized_union,max_ratio,0.0,0.919097458721766,0.762,0.902,0.874,0.028
5,mahalanobis_diag,mean_std_2.0,normalized_union,max_ratio,0.25,0.919097458721766,0.762,0.902,0.874,0.028
5,mahalanobis_diag,mean_std_2.0,normalized_union,max_ratio,0.5,0.919097458721766,0.762,0.902,0.874,0.028
5,mahalanobis_diag,mean_std_2.0,normalized_union,max_ratio,1.0,0.9761063755437788,0.822,0.902,0.886,0.016
5,mahalanobis_diag,mean_std_2.0,normalized_union,max_ratio,2.0,1.950804147143225,0.822,0.902,0.886,0.016
5,mahalanobis_diag,mean_std_3.0,nearest_sphere,none,0.0,0.8807736823715255,0.742,0.902,0.87,0.032
5,mahalanobis_diag,mean_std_3.0,nearest_sphere,none,0.25,0.8807736823715255,0.742,0.902,0.87,0.032
5,mahalanobis_diag,mean_std_3.0,nearest_sphere,none,0.5,0.8807736823715255,0.742,0.902,0.87,0.032
5,mahalanobis_diag,mean_std_3.0,nearest_sphere,none,1.0,0.8807736823715255,0.742,0.902,0.87,0.032
5,mahalanobis_diag,mean_std_3.0,nearest_sphere,none,2.0,0.8807736823715255,0.742,0.902,0.87,0.032
5,mahalanobis_diag,mean_std_3.0,nearest_sphere,ratio,0.0,0.8807736823715255,0.742,0.902,0.87,0.032
5,mahalanobis_diag,mean_std_3.0,nearest_sphere,ratio,0.25,1.119760280270682,0.742,0.902,0.87,0.032
5,mahalanobis_diag,mean_std_3.0,nearest_sphere,ratio,0.5,1.3627404206470344,0.762,0.902,0.874,0.028
5,mahalanobis_diag,mean_std_3.0,nearest_sphere,ratio,1.0,1.8414926977650614,0.762,0.902,0.874,0.028
5,mahalanobis_diag,mean_std_3.0,nearest_sphere,ratio,2.0,2.8114000153217926,0.782,0.902,0.878,0.024
5,mahalanobis_diag,mean_std_3.0,nearest_sphere,inverse_margin,0.0,0.8807736823715255,0.742,0.902,0.87,0.032
5,mahalanobis_diag,mean_std_3.0,nearest_sphere,inverse_margin,0.25,10.79144141284877,0.822,0.902,0.886,0.016
5,mahalanobis_diag,mean_std_3.0,nearest_sphere,inverse_margin,0.5,20.704899732306327,0.822,0.902,0.886,0.016
5,mahalanobis_diag,mean_std_3.0,nearest_sphere,inverse_margin,1.0,40.531816371221446,0.822,0.902,0.886,0.016
5,mahalanobis_diag,mean_std_3.0,nearest_sphere,inverse_margin,2.0,80.18564964905168,0.822,0.902,0.886,0.016
5,mahalanobis_diag,mean_std_3.0,nearest_sphere,max_ratio,0.0,0.8807736823715255,0.742,0.902,0.87,0.032
5,mahalanobis_diag,mean_std_3.0,nearest_sphere,max_ratio,0.25,0.8807736823715255,0.742,0.902,0.87,0.032
5,mahalanobis_diag,mean_std_3.0,nearest_sphere,max_ratio,0.5,0.8807736823715255,0.742,0.902,0.87,0.032
5,mahalanobis_diag,mean_std_3.0,nearest_sphere,max_ratio,1.0,0.9754020735716125,0.822,0.902,0.886,0.016
5,mahalanobis_diag,mean_std_3.0,nearest_sphere,max_ratio,2.0,1.950804147143225,0.822,0.902,0.886,0.016
5,mahalanobis_diag,mean_std_3.0,normalized_union,none,0.0,0.8729170377014882,0.772,0.902,0.876,0.026
5,mahalanobis_diag,mean_std_3.0,normalized_union,none,0.25,0.8729170377014882,0.772,0.902,0.876,0.026
5,mahalanobis_diag,mean_std_3.0,normalized_union,none,0.5,0.8729170377014882,0.772,0.902,0.876,0.026
5,mahalanobis_diag,mean_std_3.0,normalized_union,none,1.0,0.8729170377014882,0.772,0.902,0.876,0.026
5,mahalanobis_diag,mean_std_3.0,normalized_union,none,2.0,0.8729170377014882,0.772,0.902,0.876,0.026
5,mahalanobis_diag,mean_std_3.0,normalized_union,ratio,0.0,0.8729170377014882,0.772,0.902,0.876,0.026
5,mahalanobis_diag,mean_std_3.0,normalized_union,ratio,0.25,1.1094863212093717,0.782,0.902,0.878,0.024
5,mahalanobis_diag,mean_std_3.0,normalized_union,ratio,0.5,1.3486313387416906,0.782,0.902,0.878,0.024
5,mahalanobis_diag,mean_std_3.0,normalized_union,ratio,1.0,1.8264006035350937,0.792,0.902,0.88,0.022
5,mahalanobis_diag,mean_std_3.0,normalized_union,ratio,2.0,2.7898063463878673,0.812,0.902,0.884,0.018
5,mahalanobis_diag,mean_std_3.0,normalized_union,inverse_margin,0.0,0.8729170377014882,0.772,0.902,0.876,0.026
5,mahalanobis_diag,mean_std_3.0,normalized_union,inverse_margin,0.25,10.79144141284877,0.822,0.902,0.886,0.016
5,mahalanobis_diag,mean_std_3.0,normalized_union,inverse_margin,0.5,20.704899732306327,0.822,0.902,0.886,0.016
5,mahalanobis_diag,mean_std_3.0,normalized_union,inverse_margin,1.0,40.531816371221446,0.822,0.902,0.886,0.016
5,mahalanobis_diag,mean_std_3.0,normalized_union,inverse_margin,2.0,80.18564964905168,0.822,0.902,0.886,0.016
5,mahalanobis_diag,mean_std_3.0,normalized_union,max_ratio,0.0,0.8729170377014882,0.772,0.902,0.876,0.026
5,mahalanobis_diag,mean_std_3.0,normalized_union,max_ratio,0.25,0.8729170377014882,0.772,0.902,0.876,0.026
5,mahalanobis_diag,mean_std_3.0,normalized_union,max_ratio,0.5,0.8729170377014882,0.772,0.902,0.876,0.026
5,mahalanobis_diag,mean_std_3.0,normalized_union,max_ratio,1.0,0.9754020735716125,0.822,0.902,0.886,0.016
5,mahalanobis_diag,mean_std_3.0,normalized_union,max_ratio,2.0,1.950804147143225,0.822,0.902,0.886,0.016
5,mahalanobis_diag,center_quantile_0.5,nearest_sphere,none,0.0,1.0847948764297626,0.702,0.902,0.862,0.04
5,mahalanobis_diag,center_quantile_0.5,nearest_sphere,none,0.25,1.0847948764297626,0.702,0.902,0.862,0.04
5,mahalanobis_diag,center_quantile_0.5,nearest_sphere,none,0.5,1.0847948764297626,0.702,0.902,0.862,0.04
5,mahalanobis_diag,center_quantile_0.5,nearest_sphere,none,1.0,1.0847948764297626,0.702,0.902,0.862,0.04
5,mahalanobis_diag,center_quantile_0.5,nearest_sphere,none,2.0,1.0847948764297626,0.702,0.902,0.862,0.04
5,mahalanobis_diag,center_quantile_0.5,nearest_sphere,ratio,0.0,1.0847948764297626,0.702,0.902,0.862,0.04
5,mahalanobis_diag,center_quantile_0.5,nearest_sphere,ratio,0.25,1.317046998187161,0.702,0.902,0.862,0.04
5,mahalanobis_diag,center_quantile_0.5,nearest_sphere,ratio,0.5,1.5541713272386801,0.722,0.902,0.866,0.036
5,mahalanobis_diag,center_quantile_0.5,nearest_sphere,ratio,1.0,2.0317373866919635,0.752,0.902,0.872,0.03
5,mahalanobis_diag,center_quantile_0.5,nearest_sphere,ratio,2.0,3.0041687656738443,0.762,0.902,0.874,0.028
5,mahalanobis_diag,center_quantile_0.5,nearest_sphere,inverse_margin,0.0,1.0847948764297626,0.702,0.902,0.862,0.04
5,mahalanobis_diag,center_quantile_0.5,nearest_sphere,inverse_margin,0.25,10.985097832478768,0.822,0.902,0.886,0.016
5,mahalanobis_diag,center_quantile_0.5,nearest_sphere,inverse_margin,0.5,20.89855615193633,0.822,0.902,0.886,0.016
5,mahalanobis_diag,center_quantile_0.5,nearest_sphere,inverse_margin,1.0,40.72547279085145,0.822,0.902,0.886,0.016
5,mahalanobis_diag,center_quantile_0.5,nearest_sphere,inverse_margin,2.0,80.37930606868169,0.822,0.902,0.886,0.016
5,mahalanobis_diag,center_quantile_0.5,nearest_sphere,max_ratio,0.0,1.0847948764297626,0.702,0.902,0.862,0.04
5,mahalanobis_diag,center_quantile_0.5,nearest_sphere,max_ratio,0.25,1.0847948764297626,0.702,0.902,0.862,0.04
5,mahalanobis_diag,center_quantile_0.5,nearest_sphere,max_ratio,0.5,1.0847948764297626,0.702,0.902,0.862,0.04
5,mahalanobis_diag,center_quantile_0.5,nearest_sphere,max_ratio,1.0,1.0847948764297626,0.702,0.902,0.862,0.04
5,mahalanobis_diag,center_quantile_0.5,nearest_sphere,max_ratio,2.0,1.950804147143225,0.822,0.902,0.886,0.016
5,mahalanobis_diag,center_quantile_0.5,normalized_union,none,0.0,1.0628741654768454,0.692,0.902,0.86,0.042
5,mahalanobis_diag,center_quantile_0.5,normalized_union,none,0.25,1.0628741654768454,0.692,0.902,0.86,0.042
5,mahalanobis_diag,center_quantile_0.5,normalized_union,none,0.5,1.0628741654768454,0.692,0.902,0.86,0.042
5,mahalanobis_diag,center_quantile_0.5,normalized_union,none,1.0,1.0628741654768454,0.692,0.902,0.86,0.042
5,mahalanobis_diag,center_quantile_0.5,normalized_union,none,2.0,1.0628741654768454,0.692,0.902,0.86,0.042
5,mahalanobis_diag,center_quantile_0.5,normalized_union,ratio,0.0,1.0628741654768454,0.692,0.902,0.86,0.042
5,mahalanobis_diag,center_quantile_0.5,normalized_union,ratio,0.25,1.30226523156855,0.712,0.902,0.864,0.038
5,mahalanobis_diag,center_quantile_0.5,normalized_union,ratio,0.5,1.5416430065262074,0.702,0.902,0.862,0.04
5,mahalanobis_diag,center_quantile_0.5,normalized_union,ratio,1.0,2.0199320070844347,0.732,0.902,0.868,0.034
5,mahalanobis_diag,center_quantile_0.5,normalized_union,ratio,2.0,2.9899415672649914,0.742,0.902,0.87,0.032
5,mahalanobis_diag,center_quantile_0.5,normalized_union,inverse_margin,0.0,1.0628741654768454,0.692,0.902,0.86,0.042
5,mahalanobis_diag,center_quantile_0.5,normalized_union,inverse_margin,0.25,10.985097832478768,0.772,0.902,0.876,0.026
5,mahalanobis_diag,center_quantile_0.5,normalized_union,inverse_margin,0.5,20.89855615193633,0.772,0.902,0.876,0.026
5,mahalanobis_diag,center_quantile_0.5,normalized_union,inverse_margin,1.0,40.72547279085145,0.772,0.902,0.876,0.026
5,mahalanobis_diag,center_quantile_0.5,normalized_union,inverse_margin,2.0,80.37930606868169,0.772,0.902,0.876,0.026
5,mahalanobis_diag,center_quantile_0.5,normalized_union,max_ratio,0.0,1.0628741654768454,0.692,0.902,0.86,0.042
5,mahalanobis_diag,center_quantile_0.5,normalized_union,max_ratio,0.25,1.0628741654768454,0.692,0.902,0.86,0.042
5,mahalanobis_diag,center_quantile_0.5,normalized_union,max_ratio,0.5,1.0628741654768454,0.692,0.902,0.86,0.042
5,mahalanobis_diag,center_quantile_0.5,normalized_union,max_ratio,1.0,1.0628741654768454,0.692,0.902,0.86,0.042
5,mahalanobis_diag,center_quantile_0.5,normalized_union,max_ratio,2.0,1.950804147143225,0.772,0.902,0.876,0.026
5,mahalanobis_diag,intent_quantile_0.5,nearest_sphere,none,0.0,1.0817589019329379,0.712,0.902,0.864,0.038
5,mahalanobis_diag,intent_quantile_0.5,nearest_sphere,none,0.25,1.0817589019329379,0.712,0.902,0.864,0.038
5,mahalanobis_diag,intent_quantile_0.5,nearest_sphere,none,0.5,1.0817589019329379,0.712,0.902,0.864,0.038
5,mahalanobis_diag,intent_quantile_0.5,nearest_sphere,none,1.0,1.0817589019329379,0.712,0.902,0.864,0.038
5,mahalanobis_diag,intent_quantile_0.5,nearest_sphere,none,2.0,1.0817589019329379,0.712,0.902,0.864,0.038
5,mahalanobis_diag,intent_quantile_0.5,nearest_sphere,ratio,0.0,1.0817589019329379,0.712,0.902,0.864,0.038
5,mahalanobis_diag,intent_quantile_0.5,nearest_sphere,ratio,0.25,1.3205182091803527,0.742,0.902,0.87,0.032
5,mahalanobis_diag,intent_quantile_0.5,nearest_sphere,ratio,0.5,1.5575939123777554,0.752,0.902,0.872,0.03
5,mahalanobis_diag,intent_quantile_0.5,nearest_sphere,ratio,1.0,2.037164929259702,0.752,0.902,0.872,0.03
5,mahalanobis_diag,intent_quantile_0.5,nearest_sphere,ratio,2.0,3.0095023476499336,0.772,0.902,0.876,0.026
5,mahalanobis_diag,intent_quantile_0.5,nearest_sphere,inverse_margin,0.0,1.0817589019329379,0.712,0.902,0.864,0.038
5,mahalanobis_diag,intent_quantile_0.5,nearest_sphere,inverse_margin,0.25,11.002031985933765,0.822,0.902,0.886,0.016
5,mahalanobis_diag,intent_quantile_0.5,nearest_sphere,inverse_margin,0.5,20.915490305391327,0.822,0.902,0.886,0.016
5,mahalanobis_diag,intent_quantile_0.5,nearest_sphere,inverse_margin,1.0,40.742406944306445,0.822,0.902,0.886,0.016
5,mahalanobis_diag,intent_quantile_0.5,nearest_sphere,inverse_margin,2.0,80.39624022213668,0.822,0.902,0.886,0.016
5,mahalanobis_diag,intent_quantile_0.5,nearest_sphere,max_ratio,0.0,1.0817589019329379,0.712,0.902,0.864,0.038
5,mahalanobis_diag,intent_quantile_0.5,nearest_sphere,max_ratio,0.25,1.0817589019329379,0.712,0.902,0.864,0.038
5,mahalanobis_diag,intent_quantile_0.5,nearest_sphere,max_ratio,0.5,1.0817589019329379,0.712,0.902,0.864,0.038
5,mahalanobis_diag,intent_quantile_0.5,nearest_sphere,max_ratio,1.0,1.0817589019329379,0.712,0.902,0.864,0.038
5,mahalanobis_diag,intent_quantile_0.5,nearest_sphere,max_ratio,2.0,1.950804147143225,0.822,0.902,0.886,0.016
5,mahalanobis_diag,intent_quantile_0.5,normalized_union,none,0.0,1.0817589019329379,0.632,0.902,0.848,0.054
5,mahalanobis_diag,intent_quantile_0.5,normalized_union,none,0.25,1.0817589019329379,0.632,0.902,0.848,0.054
5,mahalanobis_diag,intent_quantile_0.5,normalized_union,none,0.5,1.0817589019329379,0.632,0.902,0.848,0.054
5,mahalanobis_diag,intent_quantile_0.5,normalized_union,none,1.0,1.0817589019329379,0.632,0.902,0.848,0.054
5,mahalanobis_diag,intent_quantile_0.5,normalized_union,none,2.0,1.0817589019329379,0.632,0.902,0.848,0.054
5,mahalanobis_diag,intent_quantile_0.5,normalized_union,ratio,0.0,1.0817589019329379,0.632,0.902,0.848,0.054
5,mahalanobis_diag,intent_quantile_0.5,normalized_union,ratio,0.25,1.3169049785735967,0.652,0.902,0.852,0.05
5,mahalanobis_diag,intent_quantile_0.5,normalized_union,ratio,0.5,1.555700369953119,0.692,0.902,0.86,0.042
5,mahalanobis_diag,intent_quantile_0.5,normalized_union,ratio,1.0,2.037164929259702,0.702,0.902,0.862,0.04
5,mahalanobis_diag,intent_quantile_0.5,normalized_union,ratio,2.0,3.0095023476499336,0.722,0.902,0.866,0.036
5,mahalanobis_diag,intent_quantile_0.5,normalized_union,inverse_margin,0.0,1.0817589019329379,0.632,0.902,0.848,0.054
5,mahalanobis_diag,intent_quantile_0.5,normalized_union,inverse_margin,0.25,11.002031985933765,0.772,0.902,0.876,0.026
5,mahalanobis_diag,intent_quantile_0.5,normalized_union,inverse_margin,0.5,20.915490305391327,0.772,0.902,0.876,0.026
5,mahalanobis_diag,intent_quantile_0.5,normalized_union,inverse_margin,1.0,40.742406944306445,0.772,0.902,0.876,0.026
5,mahalanobis_diag,intent_quantile_0.5,normalized_union,inverse_margin,2.0,80.39624022213668,0.772,0.902,0.876,0.026
5,mahalanobis_diag,intent_quantile_0.5,normalized_union,max_ratio,0.0,1.0817589019329379,0.632,0.902,0.848,0.054
5,mahalanobis_diag,intent_quantile_0.5,normalized_union,max_ratio,0.25,1.0817589019329379,0.632,0.902,0.848,0.054
5,mahalanobis_diag,intent_quantile_0.5,normalized_union,max_ratio,0.5,1.0817589019329379,0.632,0.902,0.848,0.054
5,mahalanobis_diag,intent_quantile_0.5,normalized_union,max_ratio,1.0,1.0817589019329379,0.632,0.902,0.848,0.054
5,mahalanobis_diag,intent_quantile_0.5,normalized_union,max_ratio,2.0,1.950804147143225,0.772,0.902,0.876,0.026
5,mahalanobis_diag,center_quantile_0.7,nearest_sphere,none,0.0,1.054489105123818,0.702,0.902,0.862,0.04
5,mahalanobis_diag,center_quantile_0.7,nearest_sphere,none,0.25,1.054489105123818,0.702,0.902,0.862,0.04
5,mahalanobis_diag,center_quantile_0.7,nearest_sphere,none,0.5,1.054489105123818,0.702,0.902,0.862,0.04
5,mahalanobis_diag,center_quantile_0.7,nearest_sphere,none,1.0,1.054489105123818,0.702,0.902,0.862,0.04
5,mahalanobis_diag,center_quantile_0.7,nearest_sphere,none,2.0,1.054489105123818,0.702,0.902,0.862,0.04
5,mahalanobis_diag,center_quantile_0.7,nearest_sphere,ratio,0.0,1.054489105123818,0.702,0.902,0.862,0.04
5,mahalanobis_diag,center_quantile_0.7,nearest_sphere,ratio,0.25,1.2877440673270162,0.702,0.902,0.862,0.04
5,mahalanobis_diag,center_quantile_0.7,nearest_sphere,ratio,0.5,1.5277990651980966,0.722,0.902,0.866,0.036
5,mahalanobis_diag,center_quantile_0.7,nearest_sphere,ratio,1.0,2.0033587039595,0.752,0.902,0.872,0.03
5,mahalanobis_diag,center_quantile_0.7,nearest_sphere,ratio,2.0,2.9775679717287464,0.762,0.902,0.874,0.028
5,mahalanobis_diag,center_quantile_0.7,nearest_sphere,inverse_margin,0.0,1.054489105123818,0.702,0.902,0.862,0.04
5,mahalanobis_diag,center_quantile_0.7,nearest_sphere,inverse_margin,0.25,10.957351868391672,0.822,0.902,0.886,0.016
5,mahalanobis_diag,center_quantile_0.7,nearest_sphere,inverse_margin,0.5,20.87081018784923,0.822,0.902,0.886,0.016
5,mahalanobis_diag,center_quantile_0.7,nearest_sphere,inverse_margin,1.0,40.69772682676435,0.822,0.902,0.886,0.016
5,mahalanobis_diag,center_quantile_0.7,nearest_sphere,inverse_margin,2.0,80.35156010459458,0.822,0.902,0.886,0.016
5,mahalanobis_diag,center_quantile_0.7,nearest_sphere,max_ratio,0.0,1.054489105123818,0.702,0.902,0.862,0.04
5,mahalanobis_diag,center_quantile_0.7,nearest_sphere,max_ratio,0.25,1.054489105123818,0.702,0.902,0.862,0.04
5,mahalanobis_diag,center_quantile_0.7,nearest_sphere,max_ratio,0.5,1.054489105123818,0.702,0.902,0.862,0.04
5,mahalanobis_diag,center_quantile_0.7,nearest_sphere,max_ratio,1.0,1.054489105123818,0.702,0.902,0.862,0.04
5,mahalanobis_diag,center_quantile_0.7,nearest_sphere,max_ratio,2.0,1.950804147143225,0.822,0.902,0.886,0.016
5,mahalanobis_diag,center_quantile_0.7,normalized_union,none,0.0,1.0366620340945931,0.692,0.902,0.86,0.042
5,mahalanobis_diag,center_quantile_0.7,normalized_union,none,0.25,1.0366620340945931,0.692,0.902,0.86,0.042
5,mahalanobis_diag,center_quantile_0.7,normalized_union,none,0.5,1.0366620340945931,0.692,0.902,0.86,0.042
5,mahalanobis_diag,center_quantile_0.7,normalized_union,none,1.0,1.0366620340945931,0.692,0.902,0.86,0.042
5,mahalanobis_diag,center_quantile_0.7,normalized_union,none,2.0,1.0366620340945931,0.692,0.902,0.86,0.042
5,mahalanobis_diag,center_quantile_0.7,normalized_union,ratio,0.0,1.0366620340945931,0.692,0.902,0.86,0.042
5,mahalanobis_diag,center_quantile_0.7,normalized_union,ratio,0.25,1.2735490752132734,0.702,0.902,0.862,0.04
5,mahalanobis_diag,center_quantile_0.7,normalized_union,ratio,0.5,1.5148158364450188,0.702,0.902,0.862,0.04
5,mahalanobis_diag,center_quantile_0.7,normalized_union,ratio,1.0,1.9925383386446236,0.722,0.902,0.866,0.036
5,mahalanobis_diag,center_quantile_0.7,normalized_union,ratio,2.0,2.9622189610089125,0.742,0.902,0.87,0.032
5,mahalanobis_diag,center_quantile_0.7,normalized_union,inverse_margin,0.0,1.0366620340945931,0.692,0.902,0.86,0.042
5,mahalanobis_diag,center_quantile_0.7,normalized_union,inverse_margin,0.25,10.957351868391672,0.772,0.902,0.876,0.026
5,mahalanobis_diag,center_quantile_0.7,normalized_union,inverse_margin,0.5,20.87081018784923,0.772,0.902,0.876,0.026
5,mahalanobis_diag,center_quantile_0.7,normalized_union,inverse_margin,1.0,40.69772682676435,0.772,0.902,0.876,0.026
5,mahalanobis_diag,center_quantile_0.7,normalized_union,inverse_margin,2.0,80.35156010459458,0.772,0.902,0.876,0.026
5,mahalanobis_diag,center_quantile_0.7,normalized_union,max_ratio,0.0,1.0366620340945931,0.692,0.902,0.86,0.042
5,mahalanobis_diag,center_quantile_0.7,normalized_union,max_ratio,0.25,1.0366620340945931,0.692,0.902,0.86,0.042
5,mahalanobis_diag,center_quantile_0.7,normalized_union,max_ratio,0.5,1.0366620340945931,0.692,0.902,0.86,0.042
5,mahalanobis_diag,center_quantile_0.7,normalized_union,max_ratio,1.0,1.0366620340945931,0.692,0.902,0.86,0.042
5,mahalanobis_diag,center_quantile_0.7,normalized_union,max_ratio,2.0,1.950804147143225,0.772,0.902,0.876,0.026
5,mahalanobis_diag,intent_quantile_0.7,nearest_sphere,none,0.0,1.0515595020358899,0.732,0.902,0.868,0.034
5,mahalanobis_diag,intent_quantile_0.7,nearest_sphere,none,0.25,1.0515595020358899,0.732,0.902,0.868,0.034
5,mahalanobis_diag,intent_quantile_0.7,nearest_sphere,none,0.5,1.0515595020358899,0.732,0.902,0.868,0.034
5,mahalanobis_diag,intent_quantile_0.7,nearest_sphere,none,1.0,1.0515595020358899,0.732,0.902,0.868,0.034
5,mahalanobis_diag,intent_quantile_0.7,nearest_sphere,none,2.0,1.0515595020358899,0.732,0.902,0.868,0.034
5,mahalanobis_diag,intent_quantile_0.7,nearest_sphere,ratio,0.0,1.0515595020358899,0.732,0.902,0.868,0.034
5,mahalanobis_diag,intent_quantile_0.7,nearest_sphere,ratio,0.25,1.2889857229389954,0.752,0.902,0.872,0.03
5,mahalanobis_diag,intent_quantile_0.7,nearest_sphere,ratio,0.5,1.5277703366647732,0.752,0.902,0.872,0.03
5,mahalanobis_diag,intent_quantile_0.7,nearest_sphere,ratio,1.0,2.0059267404374053,0.752,0.902,0.872,0.03
5,mahalanobis_diag,intent_quantile_0.7,nearest_sphere,ratio,2.0,2.978595894593889,0.772,0.902,0.876,0.026
5,mahalanobis_diag,intent_quantile_0.7,nearest_sphere,inverse_margin,0.0,1.0515595020358899,0.732,0.902,0.868,0.034
5,mahalanobis_diag,intent_quantile_0.7,nearest_sphere,inverse_margin,0.25,10.970970336959443,0.822,0.902,0.886,0.016
5,mahalanobis_diag,intent_quantile_0.7,nearest_sphere,inverse_margin,0.5,20.884428656417004,0.822,0.902,0.886,0.016
5,mahalanobis_diag,intent_quantile_0.7,nearest_sphere,inverse_margin,1.0,40.71134529533212,0.822,0.902,0.886,0.016
5,mahalanobis_diag,intent_quantile_0.7,nearest_sphere,inverse_margin,2.0,80.36517857316235,0.822,0.902,0.886,0.016
5,mahalanobis_diag,intent_quantile_0.7,nearest_sphere,max_ratio,0.0,1.0515595020358899,0.732,0.902,0.868,0.034
5,mahalanobis_diag,intent_quantile_0.7,nearest_sphere,max_ratio,0.25,1.0515595020358899,0.732,0.902,0.868,0.034
5,mahalanobis_diag,intent_quantile_0.7,nearest_sphere,max_ratio,0.5,1.0515595020358899,0.732,0.902,0.868,0.034
5,mahalanobis_diag,intent_quantile_0.7,nearest_sphere,max_ratio,1.0,1.0515595020358899,0.732,0.902,0.868,0.034
5,mahalanobis_diag,intent_quantile_0.7,nearest_sphere,max_ratio,2.0,1.950804147143225,0.822,0.902,0.886,0.016
5,mahalanobis_diag,intent_quantile_0.7,normalized_union,none,0.0,1.0515595020358899,0.682,0.902,0.858,0.044
5,mahalanobis_diag,intent_quantile_0.7,normalized_union,none,0.25,1.0515595020358899,0.682,0.902,0.858,0.044
5,mahalanobis_diag,intent_quantile_0.7,normalized_union,none,0.5,1.0515595020358899,0.682,0.902,0.858,0.044
5,mahalanobis_diag,intent_quantile_0.7,normalized_union,none,1.0,1.0515595020358899,0.682,0.902,0.858,0.044
5,mahalanobis_diag,intent_quantile_0.7,normalized_union,none,2.0,1.0515595020358899,0.682,0.902,0.858,0.044
5,mahalanobis_diag,intent_quantile_0.7,normalized_union,ratio,0.0,1.0515595020358899,0.682,0.902,0.858,0.044
5,mahalanobis_diag,intent_quantile_0.7,normalized_union,ratio,0.25,1.2877968396582304,0.682,0.902,0.858,0.044
5,mahalanobis_diag,intent_quantile_0.7,normalized_union,ratio,0.5,1.5262855869465586,0.712,0.902,0.864,0.038
5,mahalanobis_diag,intent_quantile_0.7,normalized_union,ratio,1.0,2.0059267404374053,0.722,0.902,0.866,0.036
5,mahalanobis_diag,intent_quantile_0.7,normalized_union,ratio,2.0,2.978595894593889,0.742,0.902,0.87,0.032
5,mahalanobis_diag,intent_quantile_0.7,normalized_union,inverse_margin,0.0,1.0515595020358899,0.682,0.902,0.858,0.044
5,mahalanobis_diag,intent_quantile_0.7,normalized_union,inverse_margin,0.25,10.970970336959443,0.792,0.902,0.88,0.022
5,mahalanobis_diag,intent_quantile_0.7,normalized_union,inverse_margin,0.5,20.884428656417004,0.792,0.902,0.88,0.022
5,mahalanobis_diag,intent_quantile_0.7,normalized_union,inverse_margin,1.0,40.71134529533212,0.792,0.902,0.88,0.022
5,mahalanobis_diag,intent_quantile_0.7,normalized_union,inverse_margin,2.0,80.36517857316235,0.792,0.902,0.88,0.022
5,mahalanobis_diag,intent_quantile_0.7,normalized_union,max_ratio,0.0,1.0515595020358899,0.682,0.902,0.858,0.044
5,mahalanobis_diag,intent_quantile_0.7,normalized_union,max_ratio,0.25,1.0515595020358899,0.682,0.902,0.858,0.044
5,mahalanobis_diag,intent_quantile_0.7,normalized_union,max_ratio,0.5,1.0515595020358899,0.682,0.902,0.858,0.044
5,mahalanobis_diag,intent_quantile_0.7,normalized_union,max_ratio,1.0,1.0515595020358899,0.682,0.902,0.858,0.044
5,mahalanobis_diag,intent_quantile_0.7,normalized_union,max_ratio,2.0,1.950804147143225,0.792,0.902,0.88,0.022
5,mahalanobis_diag,center_quantile_0.8,nearest_sphere,none,0.0,1.0315990603254206,0.702,0.902,0.862,0.04
5,mahalanobis_diag,center_quantile_0.8,nearest_sphere,none,0.25,1.0315990603254206,0.702,0.902,0.862,0.04
5,mahalanobis_diag,center_quantile_0.8,nearest_sphere,none,0.5,1.0315990603254206,0.702,0.902,0.862,0.04
5,mahalanobis_diag,center_quantile_0.8,nearest_sphere,none,1.0,1.0315990603254206,0.702,0.902,0.862,0.04
5,mahalanobis_diag,center_quantile_0.8,nearest_sphere,none,2.0,1.0315990603254206,0.702,0.902,0.862,0.04
5,mahalanobis_diag,center_quantile_0.8,nearest_sphere,ratio,0.0,1.0315990603254206,0.702,0.902,0.862,0.04
5,mahalanobis_diag,center_quantile_0.8,nearest_sphere,ratio,0.25,1.2682782306270626,0.702,0.902,0.862,0.04
5,mahalanobis_diag,center_quantile_0.8,nearest_sphere,ratio,0.5,1.5057239429274545,0.722,0.902,0.866,0.036
5,mahalanobis_diag,center_quantile_0.8,nearest_sphere,ratio,1.0,1.9868135830985163,0.752,0.902,0.872,0.03
5,mahalanobis_diag,center_quantile_0.8,nearest_sphere,ratio,2.0,2.9588794558555183,0.762,0.902,0.874,0.028
5,mahalanobis_diag,center_quantile_0.8,nearest_sphere,inverse_margin,0.0,1.0315990603254206,0.702,0.902,0.862,0.04
5,mahalanobis_diag,center_quantile_0.8,nearest_sphere,inverse_margin,0.25,10.931481225599207,0.822,0.902,0.886,0.016
5,mahalanobis_diag,center_quantile_0.8,nearest_sphere,inverse_margin,0.5,20.844939545056768,0.822,0.902,0.886,0.016
5,mahalanobis_diag,center_quantile_0.8,nearest_sphere,inverse_margin,1.0,40.67185618397188,0.822,0.902,0.886,0.016
5,mahalanobis_diag,center_quantile_0.8,nearest_sphere,inverse_margin,2.0,80.32568946180213,0.822,0.902,0.886,0.016
5,mahalanobis_diag,center_quantile_0.8,nearest_sphere,max_ratio,0.0,1.0315990603254206,0.702,0.902,0.862,0.04
5,mahalanobis_diag,center_quantile_0.8,nearest_sphere,max_ratio,0.25,1.0315990603254206,0.702,0.902,0.862,0.04
5,mahalanobis_diag,center_quantile_0.8,nearest_sphere,max_ratio,0.5,1.0315990603254206,0.702,0.902,0.862,0.04
5,mahalanobis_diag,center_quantile_0.8,nearest_sphere,max_ratio,1.0,1.0315990603254206,0.702,0.902,0.862,0.04
5,mahalanobis_diag,center_quantile_0.8,nearest_sphere,max_ratio,2.0,1.950804147143225,0.822,0.902,0.886,0.016
5,mahalanobis_diag,center_quantile_0.8,normalized_union,none,0.0,1.0189918540581728,0.712,0.902,0.864,0.038
5,mahalanobis_diag,center_quantile_0.8,normalized_union,none,0.25,1.0189918540581728,0.712,0.902,0.864,0.038
5,mahalanobis_diag,center_quantile_0.8,normalized_union,none,0.5,1.0189918540581728,0.712,0.902,0.864,0.038
5,mahalanobis_diag,center_quantile_0.8,normalized_union,none,1.0,1.0189918540581728,0.712,0.902,0.864,0.038
5,mahalanobis_diag,center_quantile_0.8,normalized_union,none,2.0,1.0189918540581728,0.712,0.902,0.864,0.038
5,mahalanobis_diag,center_quantile_0.8,normalized_union,ratio,0.0,1.0189918540581728,0.712,0.902,0.864,0.038
5,mahalanobis_diag,center_quantile_0.8,normalized_union,ratio,0.25,1.254274468595902,0.722,0.902,0.866,0.036
5,mahalanobis_diag,center_quantile_0.8,normalized_union,ratio,0.5,1.497206494742477,0.732,0.902,0.868,0.034
5,mahalanobis_diag,center_quantile_0.8,normalized_union,ratio,1.0,1.9724016820976273,0.752,0.902,0.872,0.03
5,mahalanobis_diag,center_quantile_0.8,normalized_union,ratio,2.0,2.9443597142684643,0.762,0.902,0.874,0.028
5,mahalanobis_diag,center_quantile_0.8,normalized_union,inverse_margin,0.0,1.0189918540581728,0.712,0.902,0.864,0.038
5,mahalanobis_diag,center_quantile_0.8,normalized_union,inverse_margin,0.25,10.931481225599207,0.792,0.902,0.88,0.022
5,mahalanobis_diag,center_quantile_0.8,normalized_union,inverse_margin,0.5,20.844939545056768,0.792,0.902,0.88,0.022
5,mahalanobis_diag,center_quantile_0.8,normalized_union,inverse_margin,1.0,40.67185618397188,0.792,0.902,0.88,0.022
5,mahalanobis_diag,center_quantile_0.8,normalized_union,inverse_margin,2.0,80.32568946180213,0.792,0.902,0.88,0.022
5,mahalanobis_diag,center_quantile_0.8,normalized_union,max_ratio,0.0,1.0189918540581728,0.712,0.902,0.864,0.038
5,mahalanobis_diag,center_quantile_0.8,normalized_union,max_ratio,0.25,1.0189918540581728,0.712,0.902,0.864,0.038
5,mahalanobis_diag,center_quantile_0.8,normalized_union,max_ratio,0.5,1.0189918540581728,0.712,0.902,0.864,0.038
5,mahalanobis_diag,center_quantile_0.8,normalized_union,max_ratio,1.0,1.0189918540581728,0.712,0.902,0.864,0.038
5,mahalanobis_diag,center_quantile_0.8,normalized_union,max_ratio,2.0,1.950804147143225,0.792,0.902,0.88,0.022
5,mahalanobis_diag,intent_quantile_0.8,nearest_sphere,none,0.0,1.0296431006253364,0.732,0.902,0.868,0.034
5,mahalanobis_diag,intent_quantile_0.8,nearest_sphere,none,0.25,1.0296431006253364,0.732,0.902,0.868,0.034
5,mahalanobis_diag,intent_quantile_0.8,nearest_sphere,none,0.5,1.0296431006253364,0.732,0.902,0.868,0.034
5,mahalanobis_diag,intent_quantile_0.8,nearest_sphere,none,1.0,1.0296431006253364,0.732,0.902,0.868,0.034
5,mahalanobis_diag,intent_quantile_0.8,nearest_sphere,none,2.0,1.0296431006253364,0.732,0.902,0.868,0.034
5,mahalanobis_diag,intent_quantile_0.8,nearest_sphere,ratio,0.0,1.0296431006253364,0.732,0.902,0.868,0.034
5,mahalanobis_diag,intent_quantile_0.8,nearest_sphere,ratio,0.25,1.27059797033933,0.752,0.902,0.872,0.03
5,mahalanobis_diag,intent_quantile_0.8,nearest_sphere,ratio,0.5,1.5095490637597746,0.752,0.902,0.872,0.03
5,mahalanobis_diag,intent_quantile_0.8,nearest_sphere,ratio,1.0,1.987918943789679,0.752,0.902,0.872,0.03
5,mahalanobis_diag,intent_quantile_0.8,nearest_sphere,ratio,2.0,2.9587685404351776,0.772,0.902,0.876,0.026
5,mahalanobis_diag,intent_quantile_0.8,nearest_sphere,inverse_margin,0.0,1.0296431006253364,0.732,0.902,0.868,0.034
5,mahalanobis_diag,intent_quantile_0.8,nearest_sphere,inverse_margin,0.25,10.951758743227643,0.822,0.902,0.886,0.016
5,mahalanobis_diag,intent_quantile_0.8,nearest_sphere,inverse_margin,0.5,20.865217062685204,0.822,0.902,0.886,0.016
5,mahalanobis_diag,intent_quantile_0.8,nearest_sphere,inverse_margin,1.0,40.69213370160032,0.822,0.902,0.886,0.016
5,mahalanobis_diag,intent_quantile_0.8,nearest_sphere,inverse_margin,2.0,80.34596697943056,0.822,0.902,0.886,0.016
5,mahalanobis_diag,intent_quantile_0.8,nearest_sphere,max_ratio,0.0,1.0296431006253364,0.732,0.902,0.868,0.034
5,mahalanobis_diag,intent_quantile_0.8,nearest_sphere,max_ratio,0.25,1.0296431006253364,0.732,0.902,0.868,0.034
5,mahalanobis_diag,intent_quantile_0.8,nearest_sphere,max_ratio,0.5,1.0296431006253364,0.732,0.902,0.868,0.034
5,mahalanobis_diag,intent_quantile_0.8,nearest_sphere,max_ratio,1.0,1.0296431006253364,0.732,0.902,0.868,0.034
5,mahalanobis_diag,intent_quantile_0.8,nearest_sphere,max_ratio,2.0,1.950804147143225,0.822,0.902,0.886,0.016
5,mahalanobis_diag,intent_quantile_0.8,normalized_union,none,0.0,1.0296431006253364,0.692,0.902,0.86,0.042
5,mahalanobis_diag,intent_quantile_0.8,normalized_union,none,0.25,1.0296431006253364,0.692,0.902,0.86,0.042
5,mahalanobis_diag,intent_quantile_0.8,normalized_union,none,0.5,1.0296431006253364,0.692,0.902,0.86,0.042
5,mahalanobis_diag,intent_quantile_0.8,normalized_union,none,1.0,1.0296431006253364,0.692,0.902,0.86,0.042
5,mahalanobis_diag,intent_quantile_0.8,normalized_union,none,2.0,1.0296431006253364,0.692,0.902,0.86,0.042
5,mahalanobis_diag,intent_quantile_0.8,normalized_union,ratio,0.0,1.0296431006253364,0.692,0.902,0.86,0.042
5,mahalanobis_diag,intent_quantile_0.8,normalized_union,ratio,0.25,1.2683801230112492,0.702,0.902,0.862,0.04
5,mahalanobis_diag,intent_quantile_0.8,normalized_union,ratio,0.5,1.506284793704845,0.712,0.902,0.864,0.038
5,mahalanobis_diag,intent_quantile_0.8,normalized_union,ratio,1.0,1.987918943789679,0.732,0.902,0.868,0.034
5,mahalanobis_diag,intent_quantile_0.8,normalized_union,ratio,2.0,2.9587685404351776,0.752,0.902,0.872,0.03
5,mahalanobis_diag,intent_quantile_0.8,normalized_union,inverse_margin,0.0,1.0296431006253364,0.692,0.902,0.86,0.042
5,mahalanobis_diag,intent_quantile_0.8,normalized_union,inverse_margin,0.25,10.951758743227643,0.802,0.902,0.882,0.02
5,mahalanobis_diag,intent_quantile_0.8,normalized_union,inverse_margin,0.5,20.865217062685204,0.802,0.902,0.882,0.02
5,mahalanobis_diag,intent_quantile_0.8,normalized_union,inverse_margin,1.0,40.69213370160032,0.802,0.902,0.882,0.02
5,mahalanobis_diag,intent_quantile_0.8,normalized_union,inverse_margin,2.0,80.34596697943056,0.802,0.902,0.882,0.02
5,mahalanobis_diag,intent_quantile_0.8,normalized_union,max_ratio,0.0,1.0296431006253364,0.692,0.902,0.86,0.042
5,mahalanobis_diag,intent_quantile_0.8,normalized_union,max_ratio,0.25,1.0296431006253364,0.692,0.902,0.86,0.042
5,mahalanobis_diag,intent_quantile_0.8,normalized_union,max_ratio,0.5,1.0296431006253364,0.692,0.902,0.86,0.042
5,mahalanobis_diag,intent_quantile_0.8,normalized_union,max_ratio,1.0,1.0296431006253364,0.692,0.902,0.86,0.042
5,mahalanobis_diag,intent_quantile_0.8,normalized_union,max_ratio,2.0,1.950804147143225,0.802,0.902,0.882,0.02
5,mahalanobis_diag,center_quantile_0.9,nearest_sphere,none,0.0,1.006994285129149,0.712,0.902,0.864,0.038
5,mahalanobis_diag,center_quantile_0.9,nearest_sphere,none,0.25,1.006994285129149,0.712,0.902,0.864,0.038
5,mahalanobis_diag,center_quantile_0.9,nearest_sphere,none,0.5,1.006994285129149,0.712,0.902,0.864,0.038
5,mahalanobis_diag,center_quantile_0.9,nearest_sphere,none,1.0,1.006994285129149,0.712,0.902,0.864,0.038
5,mahalanobis_diag,center_quantile_0.9,nearest_sphere,none,2.0,1.006994285129149,0.712,0.902,0.864,0.038
5,mahalanobis_diag,center_quantile_0.9,nearest_sphere,ratio,0.0,1.006994285129149,0.712,0.902,0.864,0.038
5,mahalanobis_diag,center_quantile_0.9,nearest_sphere,ratio,0.25,1.2462907336316225,0.702,0.902,0.862,0.04
5,mahalanobis_diag,center_quantile_0.9,nearest_sphere,ratio,0.5,1.4806847853486755,0.732,0.902,0.868,0.034
5,mahalanobis_diag,center_quantile_0.9,nearest_sphere,ratio,1.0,1.9653322050953417,0.752,0.902,0.872,0.03
5,mahalanobis_diag,center_quantile_0.9,nearest_sphere,ratio,2.0,2.934653919057294,0.762,0.902,0.874,0.028
5,mahalanobis_diag,center_quantile_0.9,nearest_sphere,inverse_margin,0.0,1.006994285129149,0.712,0.902,0.864,0.038
5,mahalanobis_diag,center_quantile_0.9,nearest_sphere,inverse_margin,0.25,10.905945026835521,0.822,0.902,0.886,0.016
5,mahalanobis_diag,center_quantile_0.9,nearest_sphere,inverse_margin,0.5,20.81940334629308,0.822,0.902,0.886,0.016
5,mahalanobis_diag,center_quantile_0.9,nearest_sphere,inverse_margin,1.0,40.6463199852082,0.822,0.902,0.886,0.016
5,mahalanobis_diag,center_quantile_0.9,nearest_sphere,inverse_margin,2.0,80.30015326303844,0.822,0.902,0.886,0.016
5,mahalanobis_diag,center_quantile_0.9,nearest_sphere,max_ratio,0.0,1.006994285129149,0.712,0.902,0.864,0.038
5,mahalanobis_diag,center_quantile_0.9,nearest_sphere,max_ratio,0.25,1.006994285129149,0.712,0.902,0.864,0.038
5,mahalanobis_diag,center_quantile_0.9,nearest_sphere,max_ratio,0.5,1.006994285129149,0.712,0.902,0.864,0.038
5,mahalanobis_diag,center_quantile_0.9,nearest_sphere,max_ratio,1.0,1.006994285129149,0.712,0.902,0.864,0.038
5,mahalanobis_diag,center_quantile_0.9,nearest_sphere,max_ratio,2.0,1.950804147143225,0.822,0.902,0.886,0.016
5,mahalanobis_diag,center_quantile_0.9,normalized_union,none,0.0,0.9926685878865292,0.712,0.902,0.864,0.038
5,mahalanobis_diag,center_quantile_0.9,normalized_union,none,0.25,0.9926685878865292,0.712,0.902,0.864,0.038
5,mahalanobis_diag,center_quantile_0.9,normalized_union,none,0.5,0.9926685878865292,0.712,0.902,0.864,0.038
5,mahalanobis_diag,center_quantile_0.9,normalized_union,none,1.0,0.9926685878865292,0.712,0.902,0.864,0.038
5,mahalanobis_diag,center_quantile_0.9,normalized_union,none,2.0,0.9926685878865292,0.712,0.902,0.864,0.038
5,mahalanobis_diag,center_quantile_0.9,normalized_union,ratio,0.0,0.9926685878865292,0.712,0.902,0.864,0.038
5,mahalanobis_diag,center_quantile_0.9,normalized_union,ratio,0.25,1.2321170868562854,0.712,0.902,0.864,0.038
5,mahalanobis_diag,center_quantile_0.9,normalized_union,ratio,0.5,1.47532584271388,0.732,0.902,0.868,0.034
5,mahalanobis_diag,center_quantile_0.9,normalized_union,ratio,1.0,1.9508423975936282,0.742,0.902,0.87,0.032
5,mahalanobis_diag,center_quantile_0.9,normalized_union,ratio,2.0,2.919939708998894,0.772,0.902,0.876,0.026
5,mahalanobis_diag,center_quantile_0.9,normalized_union,inverse_margin,0.0,0.9926685878865292,0.712,0.902,0.864,0.038
5,mahalanobis_diag,center_quantile_0.9,normalized_union,inverse_margin,0.25,10.905945026835521,0.822,0.902,0.886,0.016
5,mahalanobis_diag,center_quantile_0.9,normalized_union,inverse_margin,0.5,20.81940334629308,0.822,0.902,0.886,0.016
5,mahalanobis_diag,center_quantile_0.9,normalized_union,inverse_margin,1.0,40.6463199852082,0.822,0.902,0.886,0.016
5,mahalanobis_diag,center_quantile_0.9,normalized_union,inverse_margin,2.0,80.30015326303844,0.822,0.902,0.886,0.016
5,mahalanobis_diag,center_quantile_0.9,normalized_union,max_ratio,0.0,0.9926685878865292,0.712,0.902,0.864,0.038
5,mahalanobis_diag,center_quantile_0.9,normalized_union,max_ratio,0.25,0.9926685878865292,0.712,0.902,0.864,0.038
5,mahalanobis_diag,center_quantile_0.9,normalized_union,max_ratio,0.5,0.9926685878865292,0.712,0.902,0.864,0.038
5,mahalanobis_diag,center_quantile_0.9,normalized_union,max_ratio,1.0,0.9972146566536871,0.712,0.902,0.864,0.038
5,mahalanobis_diag,center_quantile_0.9,normalized_union,max_ratio,2.0,1.950804147143225,0.822,0.902,0.886,0.016
5,mahalanobis_diag,intent_quantile_0.9,nearest_sphere,none,0.0,1.0041050075300648,0.732,0.902,0.868,0.034
5,mahalanobis_diag,intent_quantile_0.9,nearest_sphere,none,0.25,1.0041050075300648,0.732,0.902,0.868,0.034
5,mahalanobis_diag,intent_quantile_0.9,nearest_sphere,none,0.5,1.0041050075300648,0.732,0.902,0.868,0.034
5,mahalanobis_diag,intent_quantile_0.9,nearest_sphere,none,1.0,1.0041050075300648,0.732,0.902,0.868,0.034
5,mahalanobis_diag,intent_quantile_0.9,nearest_sphere,none,2.0,1.0041050075300648,0.732,0.902,0.868,0.034
5,mahalanobis_diag,intent_quantile_0.9,nearest_sphere,ratio,0.0,1.0041050075300648,0.732,0.902,0.868,0.034
5,mahalanobis_diag,intent_quantile_0.9,nearest_sphere,ratio,0.25,1.2451874712263575,0.732,0.902,0.868,0.034
5,mahalanobis_diag,intent_quantile_0.9,nearest_sphere,ratio,0.5,1.483527692205304,0.752,0.902,0.872,0.03
5,mahalanobis_diag,intent_quantile_0.9,nearest_sphere,ratio,1.0,1.9646070855708881,0.752,0.902,0.872,0.03
5,mahalanobis_diag,intent_quantile_0.9,nearest_sphere,ratio,2.0,2.9314642193444995,0.782,0.902,0.878,0.024
5,mahalanobis_diag,intent_quantile_0.9,nearest_sphere,inverse_margin,0.0,1.0041050075300648,0.732,0.902,0.868,0.034
5,mahalanobis_diag,intent_quantile_0.9,nearest_sphere,inverse_margin,0.25,10.922285706396416,0.822,0.902,0.886,0.016
5,mahalanobis_diag,intent_quantile_0.9,nearest_sphere,inverse_margin,0.5,20.835744025853973,0.822,0.902,0.886,0.016
5,mahalanobis_diag,intent_quantile_0.9,nearest_sphere,inverse_margin,1.0,40.66266066476909,0.822,0.902,0.886,0.016
5,mahalanobis_diag,intent_quantile_0.9,nearest_sphere,inverse_margin,2.0,80.31649394259934,0.822,0.902,0.886,0.016
5,mahalanobis_diag,intent_quantile_0.9,nearest_sphere,max_ratio,0.0,1.0041050075300648,0.732,0.902,0.868,0.034
5,mahalanobis_diag,intent_quantile_0.9,nearest_sphere,max_ratio,0.25,1.0041050075300648,0.732,0.902,0.868,0.034
5,mahalanobis_diag,intent_quantile_0.9,nearest_sphere,max_ratio,0.5,1.0041050075300648,0.732,0.902,0.868,0.034
5,mahalanobis_diag,intent_quantile_0.9,nearest_sphere,max_ratio,1.0,1.0041050075300648,0.732,0.902,0.868,0.034
5,mahalanobis_diag,intent_quantile_0.9,nearest_sphere,max_ratio,2.0,1.950804147143225,0.822,0.902,0.886,0.016
5,mahalanobis_diag,intent_quantile_0.9,normalized_union,none,0.0,1.0041050075300648,0.712,0.902,0.864,0.038
5,mahalanobis_diag,intent_quantile_0.9,normalized_union,none,0.25,1.0041050075300648,0.712,0.902,0.864,0.038
5,mahalanobis_diag,intent_quantile_0.9,normalized_union,none,0.5,1.0041050075300648,0.712,0.902,0.864,0.038
5,mahalanobis_diag,intent_quantile_0.9,normalized_union,none,1.0,1.0041050075300648,0.712,0.902,0.864,0.038
5,mahalanobis_diag,intent_quantile_0.9,normalized_union,none,2.0,1.0041050075300648,0.712,0.902,0.864,0.038
5,mahalanobis_diag,intent_quantile_0.9,normalized_union,ratio,0.0,1.0041050075300648,0.712,0.902,0.864,0.038
5,mahalanobis_diag,intent_quantile_0.9,normalized_union,ratio,0.25,1.2439441618201799,0.722,0.902,0.866,0.036
5,mahalanobis_diag,intent_quantile_0.9,normalized_union,ratio,0.5,1.4832609861616655,0.732,0.902,0.868,0.034
5,mahalanobis_diag,intent_quantile_0.9,normalized_union,ratio,1.0,1.9646070855708881,0.742,0.902,0.87,0.032
5,mahalanobis_diag,intent_quantile_0.9,normalized_union,ratio,2.0,2.9314642193444995,0.772,0.902,0.876,0.026
5,mahalanobis_diag,intent_quantile_0.9,normalized_union,inverse_margin,0.0,1.0041050075300648,0.712,0.902,0.864,0.038
5,mahalanobis_diag,intent_quantile_0.9,normalized_union,inverse_margin,0.25,10.922285706396416,0.822,0.902,0.886,0.016
5,mahalanobis_diag,intent_quantile_0.9,normalized_union,inverse_margin,0.5,20.835744025853973,0.822,0.902,0.886,0.016
5,mahalanobis_diag,intent_quantile_0.9,normalized_union,inverse_margin,1.0,40.66266066476909,0.822,0.902,0.886,0.016
5,mahalanobis_diag,intent_quantile_0.9,normalized_union,inverse_margin,2.0,80.31649394259934,0.822,0.902,0.886,0.016
5,mahalanobis_diag,intent_quantile_0.9,normalized_union,max_ratio,0.0,1.0041050075300648,0.712,0.902,0.864,0.038
5,mahalanobis_diag,intent_quantile_0.9,normalized_union,max_ratio,0.25,1.0041050075300648,0.712,0.902,0.864,0.038
5,mahalanobis_diag,intent_quantile_0.9,normalized_union,max_ratio,0.5,1.0041050075300648,0.712,0.902,0.864,0.038
5,mahalanobis_diag,intent_quantile_0.9,normalized_union,max_ratio,1.0,1.0041050075300648,0.712,0.902,0.864,0.038
5,mahalanobis_diag,intent_quantile_0.9,normalized_union,max_ratio,2.0,1.950804147143225,0.822,0.902,0.886,0.016
5,mahalanobis_diag,center_quantile_0.95,nearest_sphere,none,0.0,0.9849238333001904,0.702,0.902,0.862,0.04
5,mahalanobis_diag,center_quantile_0.95,nearest_sphere,none,0.25,0.9849238333001904,0.702,0.902,0.862,0.04
5,mahalanobis_diag,center_quantile_0.95,nearest_sphere,none,0.5,0.9849238333001904,0.702,0.902,0.862,0.04
5,mahalanobis_diag,center_quantile_0.95,nearest_sphere,none,1.0,0.9849238333001904,0.702,0.902,0.862,0.04
5,mahalanobis_diag,center_quantile_0.95,nearest_sphere,none,2.0,0.9849238333001904,0.702,0.902,0.862,0.04
5,mahalanobis_diag,center_quantile_0.95,nearest_sphere,ratio,0.0,0.9849238333001904,0.702,0.902,0.862,0.04
5,mahalanobis_diag,center_quantile_0.95,nearest_sphere,ratio,0.25,1.2246619883442977,0.702,0.902,0.862,0.04
5,mahalanobis_diag,center_quantile_0.95,nearest_sphere,ratio,0.5,1.4606744524699953,0.722,0.902,0.866,0.036
5,mahalanobis_diag,center_quantile_0.95,nearest_sphere,ratio,1.0,1.9377532865287201,0.752,0.902,0.872,0.03
5,mahalanobis_diag,center_quantile_0.95,nearest_sphere,ratio,2.0,2.911813697700805,0.762,0.902,0.874,0.028
5,mahalanobis_diag,center_quantile_0.95,nearest_sphere,inverse_margin,0.0,0.9849238333001904,0.702,0.902,0.862,0.04
5,mahalanobis_diag,center_quantile_0.95,nearest_sphere,inverse_margin,0.25,10.885338896780755,0.822,0.902,0.886,0.016
5,mahalanobis_diag,center_quantile_0.95,nearest_sphere,inverse_margin,0.5,20.798797216238313,0.822,0.902,0.886,0.016
5,mahalanobis_diag,center_quantile_0.95,nearest_sphere,inverse_margin,1.0,40.625713855153435,0.822,0.902,0.886,0.016
5,mahalanobis_diag,center_quantile_0.95,nearest_sphere,inverse_margin,2.0,80.27954713298367,0.822,0.902,0.886,0.016
5,mahalanobis_diag,center_quantile_0.95,nearest_sphere,max_ratio,0.0,0.9849238333001904,0.702,0.902,0.862,0.04
5,mahalanobis_diag,center_quantile_0.95,nearest_sphere,max_ratio,0.25,0.9849238333001904,0.702,0.902,0.862,0.04
5,mahalanobis_diag,center_quantile_0.95,nearest_sphere,max_ratio,0.5,0.9849238333001904,0.702,0.902,0.862,0.04
5,mahalanobis_diag,center_quantile_0.95,nearest_sphere,max_ratio,1.0,0.9945264000579939,0.712,0.902,0.864,0.038
5,mahalanobis_diag,center_quantile_0.95,nearest_sphere,max_ratio,2.0,1.950804147143225,0.822,0.902,0.886,0.016
5,mahalanobis_diag,center_quantile_0.95,normalized_union,none,0.0,0.9682363126723365,0.642,0.902,0.85,0.052
5,mahalanobis_diag,center_quantile_0.95,normalized_union,none,0.25,0.9682363126723365,0.642,0.902,0.85,0.052
5,mahalanobis_diag,center_quantile_0.95,normalized_union,none,0.5,0.9682363126723365,0.642,0.902,0.85,0.052
5,mahalanobis_diag,center_quantile_0.95,normalized_union,none,1.0,0.9682363126723365,0.642,0.902,0.85,0.052
5,mahalanobis_diag,center_quantile_0.95,normalized_union,none,2.0,0.9682363126723365,0.642,0.902,0.85,0.052
5,mahalanobis_diag,center_quantile_0.95,normalized_union,ratio,0.0,0.9682363126723365,0.642,0.902,0.85,0.052
5,mahalanobis_diag,center_quantile_0.95,normalized_union,ratio,0.25,1.2071371653539762,0.662,0.902,0.854,0.048
5,mahalanobis_diag,center_quantile_0.95,normalized_union,ratio,0.5,1.4474166354354967,0.662,0.902,0.854,0.048
5,mahalanobis_diag,center_quantile_0.95,normalized_union,ratio,1.0,1.927407255942667,0.682,0.902,0.858,0.044
5,mahalanobis_diag,center_quantile_0.95,normalized_union,ratio,2.0,2.8961955596985076,0.712,0.902,0.864,0.038
5,mahalanobis_diag,center_quantile_0.95,normalized_union,inverse_margin,0.0,0.9682363126723365,0.642,0.902,0.85,0.052
5,mahalanobis_diag,center_quantile_0.95,normalized_union,inverse_margin,0.25,10.885338896780755,0.792,0.902,0.88,0.022
5,mahalanobis_diag,center_quantile_0.95,normalized_union,inverse_margin,0.5,20.798797216238313,0.792,0.902,0.88,0.022
5,mahalanobis_diag,center_quantile_0.95,normalized_union,inverse_margin,1.0,40.625713855153435,0.792,0.902,0.88,0.022
5,mahalanobis_diag,center_quantile_0.95,normalized_union,inverse_margin,2.0,80.27954713298367,0.792,0.902,0.88,0.022
5,mahalanobis_diag,center_quantile_0.95,normalized_union,max_ratio,0.0,0.9682363126723365,0.642,0.902,0.85,0.052
5,mahalanobis_diag,center_quantile_0.95,normalized_union,max_ratio,0.25,0.9682363126723365,0.642,0.902,0.85,0.052
5,mahalanobis_diag,center_quantile_0.95,normalized_union,max_ratio,0.5,0.9682363126723365,0.642,0.902,0.85,0.052
5,mahalanobis_diag,center_quantile_0.95,normalized_union,max_ratio,1.0,0.9872936972438519,0.732,0.902,0.868,0.034
5,mahalanobis_diag,center_quantile_0.95,normalized_union,max_ratio,2.0,1.950804147143225,0.792,0.902,0.88,0.022
5,mahalanobis_diag,intent_quantile_0.95,nearest_sphere,none,0.0,0.9863629467016308,0.732,0.902,0.868,0.034
5,mahalanobis_diag,intent_quantile_0.95,nearest_sphere,none,0.25,0.9863629467016308,0.732,0.902,0.868,0.034
5,mahalanobis_diag,intent_quantile_0.95,nearest_sphere,none,0.5,0.9863629467016308,0.732,0.902,0.868,0.034
5,mahalanobis_diag,intent_quantile_0.95,nearest_sphere,none,1.0,0.9863629467016308,0.732,0.902,0.868,0.034
5,mahalanobis_diag,intent_quantile_0.95,nearest_sphere,none,2.0,0.9863629467016308,0.732,0.902,0.868,0.034
5,mahalanobis_diag,intent_quantile_0.95,nearest_sphere,ratio,0.0,0.9863629467016308,0.732,0.902,0.868,0.034
5,mahalanobis_diag,intent_quantile_0.95,nearest_sphere,ratio,0.25,1.2227069695802235,0.732,0.902,0.868,0.034
5,mahalanobis_diag,intent_quantile_0.95,nearest_sphere,ratio,0.5,1.4618217702521963,0.752,0.902,0.872,0.03
5,mahalanobis_diag,intent_quantile_0.95,nearest_sphere,ratio,1.0,1.942998024224274,0.752,0.902,0.872,0.03
5,mahalanobis_diag,intent_quantile_0.95,nearest_sphere,ratio,2.0,2.9137478541625024,0.772,0.902,0.876,0.026
5,mahalanobis_diag,intent_quantile_0.95,nearest_sphere,inverse_margin,0.0,0.9863629467016308,0.732,0.902,0.868,0.034
5,mahalanobis_diag,intent_quantile_0.95,nearest_sphere,inverse_margin,0.25,10.89982126615919,0.822,0.902,0.886,0.016
5,mahalanobis_diag,intent_quantile_0.95,nearest_sphere,inverse_margin,0.5,20.81327958561675,0.822,0.902,0.886,0.016
5,mahalanobis_diag,intent_quantile_0.95,nearest_sphere,inverse_margin,1.0,40.64019622453187,0.822,0.902,0.886,0.016
5,mahalanobis_diag,intent_quantile_0.95,nearest_sphere,inverse_margin,2.0,80.29402950236211,0.822,0.902,0.886,0.016
5,mahalanobis_diag,intent_quantile_0.95,nearest_sphere,max_ratio,0.0,0.9863629467016308,0.732,0.902,0.868,0.034
5,mahalanobis_diag,intent_quantile_0.95,nearest_sphere,max_ratio,0.25,0.9863629467016308,0.732,0.902,0.868,0.034
5,mahalanobis_diag,intent_quantile_0.95,nearest_sphere,max_ratio,0.5,0.9863629467016308,0.732,0.902,0.868,0.034
5,mahalanobis_diag,intent_quantile_0.95,nearest_sphere,max_ratio,1.0,0.9945264000579939,0.732,0.902,0.868,0.034
5,mahalanobis_diag,intent_quantile_0.95,nearest_sphere,max_ratio,2.0,1.950804147143225,0.822,0.902,0.886,0.016
5,mahalanobis_diag,intent_quantile_0.95,normalized_union,none,0.0,0.9863629467016308,0.692,0.902,0.86,0.042
5,mahalanobis_diag,intent_quantile_0.95,normalized_union,none,0.25,0.9863629467016308,0.692,0.902,0.86,0.042
5,mahalanobis_diag,intent_quantile_0.95,normalized_union,none,0.5,0.9863629467016308,0.692,0.902,0.86,0.042
5,mahalanobis_diag,intent_quantile_0.95,normalized_union,none,1.0,0.9863629467016308,0.692,0.902,0.86,0.042
5,mahalanobis_diag,intent_quantile_0.95,normalized_union,none,2.0,0.9863629467016308,0.692,0.902,0.86,0.042
5,mahalanobis_diag,intent_quantile_0.95,normalized_union,ratio,0.0,0.9863629467016308,0.692,0.902,0.86,0.042
5,mahalanobis_diag,intent_quantile_0.95,normalized_union,ratio,0.25,1.220777786836036,0.692,0.902,0.86,0.042
5,mahalanobis_diag,intent_quantile_0.95,normalized_union,ratio,0.5,1.4603123609396085,0.722,0.902,0.866,0.036
5,mahalanobis_diag,intent_quantile_0.95,normalized_union,ratio,1.0,1.9429395791407624,0.732,0.902,0.868,0.034
5,mahalanobis_diag,intent_quantile_0.95,normalized_union,ratio,2.0,2.9137478541625024,0.772,0.902,0.876,0.026
5,mahalanobis_diag,intent_quantile_0.95,normalized_union,inverse_margin,0.0,0.9863629467016308,0.692,0.902,0.86,0.042
5,mahalanobis_diag,intent_quantile_0.95,normalized_union,inverse_margin,0.25,10.89982126615919,0.822,0.902,0.886,0.016
5,mahalanobis_diag,intent_quantile_0.95,normalized_union,inverse_margin,0.5,20.81327958561675,0.822,0.902,0.886,0.016
5,mahalanobis_diag,intent_quantile_0.95,normalized_union,inverse_margin,1.0,40.64019622453187,0.822,0.902,0.886,0.016
5,mahalanobis_diag,intent_quantile_0.95,normalized_union,inverse_margin,2.0,80.29402950236211,0.822,0.902,0.886,0.016
5,mahalanobis_diag,intent_quantile_0.95,normalized_union,max_ratio,0.0,0.9863629467016308,0.692,0.902,0.86,0.042
5,mahalanobis_diag,intent_quantile_0.95,normalized_union,max_ratio,0.25,0.9863629467016308,0.692,0.902,0.86,0.042
5,mahalanobis_diag,intent_quantile_0.95,normalized_union,max_ratio,0.5,0.9863629467016308,0.692,0.902,0.86,0.042
5,mahalanobis_diag,intent_quantile_0.95,normalized_union,max_ratio,1.0,0.9945264000579939,0.722,0.902,0.866,0.036
5,mahalanobis_diag,intent_quantile_0.95,normalized_union,max_ratio,2.0,1.950804147143225,0.822,0.902,0.886,0.016
5,mahalanobis_diag,center_quantile_0.99,nearest_sphere,none,0.0,0.9530871586681608,0.702,0.902,0.862,0.04
5,mahalanobis_diag,center_quantile_0.99,nearest_sphere,none,0.25,0.9530871586681608,0.702,0.902,0.862,0.04
5,mahalanobis_diag,center_quantile_0.99,nearest_sphere,none,0.5,0.9530871586681608,0.702,0.902,0.862,0.04
5,mahalanobis_diag,center_quantile_0.99,nearest_sphere,none,1.0,0.9530871586681608,0.702,0.902,0.862,0.04
5,mahalanobis_diag,center_quantile_0.99,nearest_sphere,none,2.0,0.9530871586681608,0.702,0.902,0.862,0.04
5,mahalanobis_diag,center_quantile_0.99,nearest_sphere,ratio,0.0,0.9530871586681608,0.702,0.902,0.862,0.04
5,mahalanobis_diag,center_quantile_0.99,nearest_sphere,ratio,0.25,1.1878070780671017,0.702,0.902,0.862,0.04
5,mahalanobis_diag,center_quantile_0.99,nearest_sphere,ratio,0.5,1.4249846040386993,0.712,0.902,0.864,0.038
5,mahalanobis_diag,center_quantile_0.99,nearest_sphere,ratio,1.0,1.9035494743501946,0.762,0.902,0.874,0.028
5,mahalanobis_diag,center_quantile_0.99,nearest_sphere,ratio,2.0,2.8706063818171486,0.782,0.902,0.878,0.024
5,mahalanobis_diag,center_quantile_0.99,nearest_sphere,inverse_margin,0.0,0.9530871586681608,0.702,0.902,0.862,0.04
5,mahalanobis_diag,center_quantile_0.99,nearest_sphere,inverse_margin,0.25,10.839162574141252,0.822,0.902,0.886,0.016
5,mahalanobis_diag,center_quantile_0.99,nearest_sphere,inverse_margin,0.5,20.752620893598813,0.822,0.902,0.886,0.016
5,mahalanobis_diag,center_quantile_0.99,nearest_sphere,inverse_margin,1.0,40.57953753251393,0.822,0.902,0.886,0.016
5,mahalanobis_diag,center_quantile_0.99,nearest_sphere,inverse_margin,2.0,80.23337081034417,0.822,0.902,0.886,0.016
5,mahalanobis_diag,center_quantile_0.99,nearest_sphere,max_ratio,0.0,0.9530871586681608,0.702,0.902,0.862,0.04
5,mahalanobis_diag,center_quantile_0.99,nearest_sphere,max_ratio,0.25,0.9530871586681608,0.702,0.902,0.862,0.04
5,mahalanobis_diag,center_quantile_0.99,nearest_sphere,max_ratio,0.5,0.9530871586681608,0.702,0.902,0.862,0.04
5,mahalanobis_diag,center_quantile_0.99,nearest_sphere,max_ratio,1.0,0.9848144763930571,0.752,0.902,0.872,0.03
5,mahalanobis_diag,center_quantile_0.99,nearest_sphere,max_ratio,2.0,1.950804147143225,0.822,0.902,0.886,0.016
5,mahalanobis_diag,center_quantile_0.99,normalized_union,none,0.0,0.9286822412546654,0.652,0.902,0.852,0.05
5,mahalanobis_diag,center_quantile_0.99,normalized_union,none,0.25,0.9286822412546654,0.652,0.902,0.852,0.05
5,mahalanobis_diag,center_quantile_0.99,normalized_union,none,0.5,0.9286822412546654,0.652,0.902,0.852,0.05
5,mahalanobis_diag,center_quantile_0.99,normalized_union,none,1.0,0.9286822412546654,0.652,0.902,0.852,0.05
5,mahalanobis_diag,center_quantile_0.99,normalized_union,none,2.0,0.9286822412546654,0.652,0.902,0.852,0.05
5,mahalanobis_diag,center_quantile_0.99,normalized_union,ratio,0.0,0.9286822412546654,0.652,0.902,0.852,0.05
5,mahalanobis_diag,center_quantile_0.99,normalized_union,ratio,0.25,1.1641631418601717,0.662,0.902,0.854,0.048
5,mahalanobis_diag,center_quantile_0.99,normalized_union,ratio,0.5,1.4082577757963453,0.682,0.902,0.858,0.044
5,mahalanobis_diag,center_quantile_0.99,normalized_union,ratio,1.0,1.889031916103467,0.712,0.902,0.864,0.038
5,mahalanobis_diag,center_quantile_0.99,normalized_union,ratio,2.0,2.855558531615246,0.732,0.902,0.868,0.034
5,mahalanobis_diag,center_quantile_0.99,normalized_union,inverse_margin,0.0,0.9286822412546654,0.652,0.902,0.852,0.05
5,mahalanobis_diag,center_quantile_0.99,normalized_union,inverse_margin,0.25,10.839162574141252,0.782,0.902,0.878,0.024
5,mahalanobis_diag,center_quantile_0.99,normalized_union,inverse_margin,0.5,20.752620893598813,0.782,0.902,0.878,0.024
5,mahalanobis_diag,center_quantile_0.99,normalized_union,inverse_margin,1.0,40.57953753251393,0.782,0.902,0.878,0.024
5,mahalanobis_diag,center_quantile_0.99,normalized_union,inverse_margin,2.0,80.23337081034417,0.782,0.902,0.878,0.024
5,mahalanobis_diag,center_quantile_0.99,normalized_union,max_ratio,0.0,0.9286822412546654,0.652,0.902,0.852,0.05
5,mahalanobis_diag,center_quantile_0.99,normalized_union,max_ratio,0.25,0.9286822412546654,0.652,0.902,0.852,0.05
5,mahalanobis_diag,center_quantile_0.99,normalized_union,max_ratio,0.5,0.9286822412546654,0.652,0.902,0.852,0.05
5,mahalanobis_diag,center_quantile_0.99,normalized_union,max_ratio,1.0,0.9776097880046721,0.772,0.902,0.876,0.026
5,mahalanobis_diag,center_quantile_0.99,normalized_union,max_ratio,2.0,1.950804147143225,0.782,0.902,0.878,0.024
5,mahalanobis_diag,intent_quantile_0.99,nearest_sphere,none,0.0,0.9453563834213279,0.732,0.902,0.868,0.034
5,mahalanobis_diag,intent_quantile_0.99,nearest_sphere,none,0.25,0.9453563834213279,0.732,0.902,0.868,0.034
5,mahalanobis_diag,intent_quantile_0.99,nearest_sphere,none,0.5,0.9453563834213279,0.732,0.902,0.868,0.034
5,mahalanobis_diag,intent_quantile_0.99,nearest_sphere,none,1.0,0.9453563834213279,0.732,0.902,0.868,0.034
5,mahalanobis_diag,intent_quantile_0.99,nearest_sphere,none,2.0,0.9453563834213279,0.732,0.902,0.868,0.034
5,mahalanobis_diag,intent_quantile_0.99,nearest_sphere,ratio,0.0,0.9453563834213279,0.732,0.902,0.868,0.034
5,mahalanobis_diag,intent_quantile_0.99,nearest_sphere,ratio,0.25,1.1846729632624875,0.732,0.902,0.868,0.034
5,mahalanobis_diag,intent_quantile_0.99,nearest_sphere,ratio,0.5,1.423164210078585,0.752,0.902,0.872,0.03
5,mahalanobis_diag,intent_quantile_0.99,nearest_sphere,ratio,1.0,1.9035270669466695,0.762,0.902,0.874,0.028
5,mahalanobis_diag,intent_quantile_0.99,nearest_sphere,ratio,2.0,2.876633875818736,0.782,0.902,0.878,0.024
5,mahalanobis_diag,intent_quantile_0.99,nearest_sphere,inverse_margin,0.0,0.9453563834213279,0.732,0.902,0.868,0.034
5,mahalanobis_diag,intent_quantile_0.99,nearest_sphere,inverse_margin,0.25,10.86042618929787,0.822,0.902,0.886,0.016
5,mahalanobis_diag,intent_quantile_0.99,nearest_sphere,inverse_margin,0.5,20.77388450875543,0.822,0.902,0.886,0.016
5,mahalanobis_diag,intent_quantile_0.99,nearest_sphere,inverse_margin,1.0,40.600801147670545,0.822,0.902,0.886,0.016
5,mahalanobis_diag,intent_quantile_0.99,nearest_sphere,inverse_margin,2.0,80.25463442550078,0.822,0.902,0.886,0.016
5,mahalanobis_diag,intent_quantile_0.99,nearest_sphere,max_ratio,0.0,0.9453563834213279,0.732,0.902,0.868,0.034
5,mahalanobis_diag,intent_quantile_0.99,nearest_sphere,max_ratio,0.25,0.9453563834213279,0.732,0.902,0.868,0.034
5,mahalanobis_diag,intent_quantile_0.99,nearest_sphere,max_ratio,0.5,0.9453563834213279,0.732,0.902,0.868,0.034
5,mahalanobis_diag,intent_quantile_0.99,nearest_sphere,max_ratio,1.0,0.9807534412194313,0.782,0.902,0.878,0.024
5,mahalanobis_diag,intent_quantile_0.99,nearest_sphere,max_ratio,2.0,1.950804147143225,0.822,0.902,0.886,0.016
5,mahalanobis_diag,intent_quantile_0.99,normalized_union,none,0.0,0.9453563834213279,0.722,0.902,0.866,0.036
5,mahalanobis_diag,intent_quantile_0.99,normalized_union,none,0.25,0.9453563834213279,0.722,0.902,0.866,0.036
5,mahalanobis_diag,intent_quantile_0.99,normalized_union,none,0.5,0.9453563834213279,0.722,0.902,0.866,0.036
5,mahalanobis_diag,intent_quantile_0.99,normalized_union,none,1.0,0.9453563834213279,0.722,0.902,0.866,0.036
5,mahalanobis_diag,intent_quantile_0.99,normalized_union,none,2.0,0.9453563834213279,0.722,0.902,0.866,0.036
5,mahalanobis_diag,intent_quantile_0.99,normalized_union,ratio,0.0,0.9453563834213279,0.722,0.902,0.866,0.036
5,mahalanobis_diag,intent_quantile_0.99,normalized_union,ratio,0.25,1.1846729632624875,0.732,0.902,0.868,0.034
5,mahalanobis_diag,intent_quantile_0.99,normalized_union,ratio,0.5,1.4227630076732212,0.742,0.902,0.87,0.032
5,mahalanobis_diag,intent_quantile_0.99,normalized_union,ratio,1.0,1.9035270669466695,0.762,0.902,0.874,0.028
5,mahalanobis_diag,intent_quantile_0.99,normalized_union,ratio,2.0,2.876633875818736,0.782,0.902,0.878,0.024
5,mahalanobis_diag,intent_quantile_0.99,normalized_union,inverse_margin,0.0,0.9453563834213279,0.722,0.902,0.866,0.036
5,mahalanobis_diag,intent_quantile_0.99,normalized_union,inverse_margin,0.25,10.86042618929787,0.822,0.902,0.886,0.016
5,mahalanobis_diag,intent_quantile_0.99,normalized_union,inverse_margin,0.5,20.77388450875543,0.822,0.902,0.886,0.016
5,mahalanobis_diag,intent_quantile_0.99,normalized_union,inverse_margin,1.0,40.600801147670545,0.822,0.902,0.886,0.016
5,mahalanobis_diag,intent_quantile_0.99,normalized_union,inverse_margin,2.0,80.25463442550078,0.822,0.902,0.886,0.016
5,mahalanobis_diag,intent_quantile_0.99,normalized_union,max_ratio,0.0,0.9453563834213279,0.722,0.902,0.866,0.036
5,mahalanobis_diag,intent_quantile_0.99,normalized_union,max_ratio,0.25,0.9453563834213279,0.722,0.902,0.866,0.036
5,mahalanobis_diag,intent_quantile_0.99,normalized_union,max_ratio,0.5,0.9453563834213279,0.722,0.902,0.866,0.036
5,mahalanobis_diag,intent_quantile_0.99,normalized_union,max_ratio,1.0,0.9807534412194313,0.782,0.902,0.878,0.024
5,mahalanobis_diag,intent_quantile_0.99,normalized_union,max_ratio,2.0,1.950804147143225,0.822,0.902,0.886,0.016
