dataset,kir,seed,method,method_label,n_samples,n_known,n_oos,oos_f1,known_recall,false_accept_rate,false_reject_rate,source_oos_f1,source_known_recall,metric_recompute_delta,source_prediction_path,oos_false_accept_count,known_false_reject_count,oos_true_reject_count,oos_recall,oos_precision,oos_f1_reconstructed
clinc150,0.25,13,trainable_k1,Trainable K=1,5700,1140,4560,0.9528118939883644,0.7368421052631579,0.0302631578947368,0.2631578947368421,0.9528118939883644,0.736842105263158,1.1102230246251563e-16,/home/bo/bo01/llmpy311/artifacts/s2c/runs/protocol_v2_textoir_v1/minilm_trainable_kir_sweep_v1/kir_0.25/runs/clinc150/seed_13/predictions.jsonl,137.9999999999998,300.0,4422.0,0.9697368421052631,0.9364675984752223,0.9528118939883645
clinc150,0.25,13,single_centroid,Frozen K=1,5700,1140,4560,0.9442615755979812,0.7798245614035088,0.056359649122807,0.2201754385964912,0.9442615755979812,0.7798245614035088,-1.1102230246251563e-16,../artifacts/s2c/runs/protocol_v2_textoir_v1/mogb_baseline_v1/clinc150/kir_0.25/seed_13/single_centroid/predictions.tsv,256.9999999999999,250.99999999999997,4303.0,0.943640350877193,0.9448836187966623,0.9442615755979812
clinc150,0.25,13,fixed_k2,Frozen K=2,5700,1140,4560,0.9463605701229464,0.7526315789473684,0.0462719298245614,0.2473684210526315,0.9463605701229464,0.7526315789473684,0.0,../artifacts/s2c/runs/protocol_v2_textoir_v1/mogb_baseline_v1/clinc150/kir_0.25/seed_13/fixed_k2/predictions.tsv,211.0,281.9999999999999,4349.0,0.9537280701754386,0.9391060246167134,0.9463605701229463
clinc150,0.25,13,random_partition,Random K=2,5700,1140,4560,0.9433795990306236,0.7929824561403509,0.0609649122807017,0.2070175438596491,0.9433795990306236,0.7929824561403509,-1.1102230246251563e-16,../artifacts/s2c/runs/protocol_v2_textoir_v1/mogb_baseline_v1/clinc150/kir_0.25/seed_13/random_partition/predictions.tsv,277.9999999999998,235.99999999999997,4282.0,0.9390350877192982,0.9477644975652944,0.9433795990306234
clinc150,0.25,13,mogb_minilm,MOGB MiniLM,5700,1140,4560,0.9259297203155414,0.4017543859649123,0.0089912280701754,0.5982456140350877,0.9259297203155414,0.4017543859649123,0.0,../artifacts/s2c/runs/protocol_v2_textoir_v1/mogb_baseline_v1/clinc150/kir_0.25/seed_13/mogb_minilm/predictions.tsv,40.99999999999983,682.0,4519.0,0.9910087719298246,0.8688713708902134,0.9259297203155414
clinc150,0.25,13,mogb_partition_ours_boundary,MOGB partition + ours,5700,1140,4560,0.9441786283891548,0.6447368421052632,0.0263157894736842,0.3552631578947368,0.9441786283891548,0.6447368421052632,-1.1102230246251563e-16,../artifacts/s2c/runs/protocol_v2_textoir_v1/mogb_baseline_v1/clinc150/kir_0.25/seed_13/mogb_partition_ours_boundary/predictions.tsv,119.99999999999994,404.99999999999994,4440.0,0.9736842105263158,0.9164086687306502,0.9441786283891548
clinc150,0.25,13,ours_partition_mogb_boundary,Ours partition + MOGB,5700,1140,4560,0.925388494391273,0.4201754385964912,0.0140350877192982,0.5798245614035088,0.925388494391273,0.4201754385964912,0.0,../artifacts/s2c/runs/protocol_v2_textoir_v1/mogb_baseline_v1/clinc150/kir_0.25/seed_13/ours_partition_mogb_boundary/predictions.tsv,63.999999999999794,661.0,4496.0,0.9859649122807017,0.8718247042854372,0.925388494391273
clinc150,0.25,42,trainable_k1,Trainable K=1,5700,1140,4560,0.9479594040164112,0.7263157894736842,0.0372807017543859,0.2736842105263158,0.9479594040164112,0.7263157894736842,-1.1102230246251563e-16,/home/bo/bo01/llmpy311/artifacts/s2c/runs/protocol_v2_textoir_v1/minilm_trainable_kir_sweep_v1/kir_0.25/runs/clinc150/seed_42/predictions.jsonl,169.99999999999972,312.0,4390.0,0.9627192982456141,0.9336452573373033,0.9479594040164111
clinc150,0.25,42,single_centroid,Frozen K=1,5700,1140,4560,0.938201011656037,0.7649122807017544,0.0644736842105263,0.2350877192982456,0.938201011656037,0.7649122807017543,0.0,../artifacts/s2c/runs/protocol_v2_textoir_v1/mogb_baseline_v1/clinc150/kir_0.25/seed_42/single_centroid/predictions.tsv,293.9999999999999,268.0,4266.0,0.9355263157894737,0.940891045434495,0.938201011656037
clinc150,0.25,42,fixed_k2,Frozen K=2,5700,1140,4560,0.9448784722222222,0.7350877192982456,0.0451754385964912,0.2649122807017544,0.9448784722222222,0.7350877192982457,0.0,../artifacts/s2c/runs/protocol_v2_textoir_v1/mogb_baseline_v1/clinc150/kir_0.25/seed_42/fixed_k2/predictions.tsv,205.9999999999999,302.0,4354.0,0.9548245614035088,0.9351374570446735,0.9448784722222223
clinc150,0.25,42,random_partition,Random K=2,5700,1140,4560,0.9351422898742554,0.7657894736842106,0.0703947368421052,0.2342105263157894,0.9351422898742554,0.7657894736842106,0.0,../artifacts/s2c/runs/protocol_v2_textoir_v1/mogb_baseline_v1/clinc150/kir_0.25/seed_42/random_partition/predictions.tsv,320.9999999999997,266.9999999999999,4239.0,0.9296052631578947,0.940745672436751,0.9351422898742554
clinc150,0.25,42,mogb_minilm,MOGB MiniLM,5700,1140,4560,0.9190780789927911,0.3307017543859649,0.0074561403508771,0.6692982456140351,0.9190780789927911,0.3307017543859649,0.0,../artifacts/s2c/runs/protocol_v2_textoir_v1/mogb_baseline_v1/clinc150/kir_0.25/seed_42/mogb_minilm/predictions.tsv,33.999999999999574,763.0,4526.0,0.9925438596491228,0.8557383248251087,0.9190780789927911
clinc150,0.25,42,mogb_partition_ours_boundary,MOGB partition + ours,5700,1140,4560,0.9337242173594388,0.5333333333333333,0.0221491228070175,0.4666666666666667,0.9337242173594388,0.5333333333333333,0.0,../artifacts/s2c/runs/protocol_v2_textoir_v1/mogb_baseline_v1/clinc150/kir_0.25/seed_42/mogb_partition_ours_boundary/predictions.tsv,100.9999999999998,532.0,4459.0,0.9778508771929825,0.8934081346423562,0.9337242173594388
clinc150,0.25,42,ours_partition_mogb_boundary,Ours partition + MOGB,5700,1140,4560,0.928219852337982,0.4157894736842105,0.0074561403508771,0.5842105263157895,0.928219852337982,0.4157894736842105,0.0,../artifacts/s2c/runs/protocol_v2_textoir_v1/mogb_baseline_v1/clinc150/kir_0.25/seed_42/ours_partition_mogb_boundary/predictions.tsv,33.999999999999574,666.0,4526.0,0.9925438596491228,0.8717257318952234,0.9282198523379821
clinc150,0.25,87,trainable_k1,Trainable K=1,5700,1140,4560,0.9473684210526316,0.7368421052631579,0.0407894736842105,0.2631578947368421,0.9473684210526316,0.736842105263158,-1.1102230246251563e-16,/home/bo/bo01/llmpy311/artifacts/s2c/runs/protocol_v2_textoir_v1/minilm_trainable_kir_sweep_v1/kir_0.25/runs/clinc150/seed_87/predictions.jsonl,185.9999999999999,300.0,4374.0,0.9592105263157895,0.9358151476251605,0.9473684210526315
clinc150,0.25,87,single_centroid,Frozen K=1,5700,1140,4560,0.9354624085163008,0.7894736842105263,0.075,0.2105263157894736,0.9354624085163008,0.7894736842105263,-1.1102230246251563e-16,../artifacts/s2c/runs/protocol_v2_textoir_v1/mogb_baseline_v1/clinc150/kir_0.25/seed_87/single_centroid/predictions.tsv,342.0,239.9999999999999,4218.0,0.925,0.946164199192463,0.9354624085163007
clinc150,0.25,87,fixed_k2,Frozen K=2,5700,1140,4560,0.9354095843842528,0.7421052631578947,0.0646929824561403,0.2578947368421053,0.9354095843842528,0.7421052631578947,-1.1102230246251563e-16,../artifacts/s2c/runs/protocol_v2_textoir_v1/mogb_baseline_v1/clinc150/kir_0.25/seed_87/fixed_k2/predictions.tsv,294.9999999999998,294.0,4265.0,0.9353070175438597,0.9355121737223075,0.9354095843842526
clinc150,0.25,87,random_partition,Random K=2,5700,1140,4560,0.9348863006100944,0.7885964912280702,0.0758771929824561,0.2114035087719298,0.9348863006100944,0.7885964912280702,-1.1102230246251563e-16,../artifacts/s2c/runs/protocol_v2_textoir_v1/mogb_baseline_v1/clinc150/kir_0.25/seed_87/random_partition/predictions.tsv,345.99999999999983,240.99999999999997,4214.0,0.9241228070175439,0.9459034792368126,0.9348863006100944
clinc150,0.25,87,mogb_minilm,MOGB MiniLM,5700,1140,4560,0.9232335573203012,0.3614035087719298,0.0057017543859649,0.6385964912280702,0.9232335573203012,0.3614035087719298,1.1102230246251563e-16,../artifacts/s2c/runs/protocol_v2_textoir_v1/mogb_baseline_v1/clinc150/kir_0.25/seed_87/mogb_minilm/predictions.tsv,25.999999999999943,728.0,4534.0,0.9942982456140351,0.8616495629038389,0.9232335573203013
clinc150,0.25,87,mogb_partition_ours_boundary,MOGB partition + ours,5700,1140,4560,0.939911448450348,0.5894736842105263,0.0223684210526315,0.4105263157894737,0.939911448450348,0.5894736842105264,-1.1102230246251563e-16,../artifacts/s2c/runs/protocol_v2_textoir_v1/mogb_baseline_v1/clinc150/kir_0.25/seed_87/mogb_partition_ours_boundary/predictions.tsv,101.99999999999963,468.0,4458.0,0.9776315789473684,0.904993909866017,0.9399114484503479
clinc150,0.25,87,ours_partition_mogb_boundary,Ours partition + MOGB,5700,1140,4560,0.9244270080528598,0.4307017543859649,0.0182017543859649,0.5692982456140351,0.9244270080528598,0.4307017543859649,0.0,../artifacts/s2c/runs/protocol_v2_textoir_v1/mogb_baseline_v1/clinc150/kir_0.25/seed_87/ours_partition_mogb_boundary/predictions.tsv,82.99999999999994,649.0,4477.0,0.9817982456140351,0.8733905579399142,0.9244270080528598
clinc150,0.25,100,trainable_k1,Trainable K=1,5700,1140,4560,0.9625347891243844,0.7491228070175439,0.0140350877192982,0.2508771929824561,0.9625347891243844,0.7491228070175439,1.1102230246251563e-16,/home/bo/bo01/llmpy311/artifacts/s2c/runs/protocol_v2_textoir_v1/minilm_trainable_kir_sweep_extension_v1/kir_0.25/runs/clinc150/seed_100/predictions.jsonl,63.999999999999794,285.99999999999994,4496.0,0.9859649122807017,0.9401923881221247,0.9625347891243844
clinc150,0.25,100,single_centroid,Frozen K=1,5700,1140,4560,0.9540204837655264,0.7894736842105263,0.0399122807017543,0.2105263157894736,0.9540204837655264,0.7894736842105263,-1.1102230246251563e-16,../artifacts/s2c/runs/protocol_v2_textoir_v1/mogb_baseline_v1/clinc150/kir_0.25/seed_100/single_centroid/predictions.tsv,181.99999999999963,239.9999999999999,4378.0,0.9600877192982457,0.9480294499783456,0.9540204837655263
clinc150,0.25,100,fixed_k2,Frozen K=2,5700,1140,4560,0.9567555938037866,0.7464912280701754,0.0247807017543859,0.2535087719298246,0.9567555938037866,0.7464912280701754,0.0,../artifacts/s2c/runs/protocol_v2_textoir_v1/mogb_baseline_v1/clinc150/kir_0.25/seed_100/fixed_k2/predictions.tsv,112.9999999999997,289.0,4447.0,0.975219298245614,0.9389780405405406,0.9567555938037866
clinc150,0.25,100,random_partition,Random K=2,5700,1140,4560,0.9580106881884612,0.8096491228070175,0.0368421052631578,0.1903508771929824,0.9580106881884612,0.8096491228070175,-1.1102230246251563e-16,../artifacts/s2c/runs/protocol_v2_textoir_v1/mogb_baseline_v1/clinc150/kir_0.25/seed_100/random_partition/predictions.tsv,167.99999999999957,216.99999999999994,4392.0,0.9631578947368421,0.9529182035148622,0.9580106881884611
clinc150,0.25,100,mogb_minilm,MOGB MiniLM,5700,1140,4560,0.9265110590153908,0.3807017543859649,0.0032894736842105,0.6192982456140351,0.9265110590153908,0.3807017543859649,1.1102230246251563e-16,../artifacts/s2c/runs/protocol_v2_textoir_v1/mogb_baseline_v1/clinc150/kir_0.25/seed_100/mogb_minilm/predictions.tsv,14.999999999999881,706.0,4545.0,0.9967105263157895,0.8655494191582556,0.9265110590153909
clinc150,0.25,100,mogb_partition_ours_boundary,MOGB partition + ours,5700,1140,4560,0.9469035853222584,0.6070175438596491,0.0125,0.3929824561403509,0.9469035853222584,0.6070175438596491,1.1102230246251563e-16,../artifacts/s2c/runs/protocol_v2_textoir_v1/mogb_baseline_v1/clinc150/kir_0.25/seed_100/mogb_partition_ours_boundary/predictions.tsv,57.0,448.0,4503.0,0.9875,0.9095132296505757,0.9469035853222585
clinc150,0.25,100,ours_partition_mogb_boundary,Ours partition + MOGB,5700,1140,4560,0.9313916521382424,0.4298245614035088,0.0041666666666666,0.5701754385964912,0.9313916521382424,0.4298245614035088,-1.1102230246251563e-16,../artifacts/s2c/runs/protocol_v2_textoir_v1/mogb_baseline_v1/clinc150/kir_0.25/seed_100/ours_partition_mogb_boundary/predictions.tsv,18.999999999999694,650.0,4541.0,0.9958333333333333,0.8747832787516856,0.9313916521382423
clinc150,0.25,123,trainable_k1,Trainable K=1,5700,1140,4560,0.9475392103839914,0.7324561403508771,0.0394736842105263,0.2675438596491228,0.9475392103839914,0.7324561403508771,0.0,/home/bo/bo01/llmpy311/artifacts/s2c/runs/protocol_v2_textoir_v1/minilm_trainable_kir_sweep_extension_v1/kir_0.25/runs/clinc150/seed_123/predictions.jsonl,179.99999999999991,305.0,4380.0,0.9605263157894737,0.9348986125933831,0.9475392103839914
clinc150,0.25,123,single_centroid,Frozen K=1,5700,1140,4560,0.9384157761374904,0.7736842105263158,0.0660087719298245,0.2263157894736842,0.9384157761374904,0.7736842105263158,0.0,../artifacts/s2c/runs/protocol_v2_textoir_v1/mogb_baseline_v1/clinc150/kir_0.25/seed_123/single_centroid/predictions.tsv,300.9999999999997,258.0,4259.0,0.9339912280701754,0.9428824441000664,0.9384157761374903
clinc150,0.25,123,fixed_k2,Frozen K=2,5700,1140,4560,0.9401877319362584,0.7412280701754386,0.0554824561403508,0.2587719298245614,0.9401877319362584,0.7412280701754386,1.1102230246251563e-16,../artifacts/s2c/runs/protocol_v2_textoir_v1/mogb_baseline_v1/clinc150/kir_0.25/seed_123/fixed_k2/predictions.tsv,252.99999999999966,294.99999999999994,4307.0,0.9445175438596491,0.9358974358974359,0.9401877319362585
clinc150,0.25,123,random_partition,Random K=2,5700,1140,4560,0.940579869915114,0.7850877192982456,0.0644736842105263,0.2149122807017544,0.940579869915114,0.7850877192982456,1.1102230246251563e-16,../artifacts/s2c/runs/protocol_v2_textoir_v1/mogb_baseline_v1/clinc150/kir_0.25/seed_123/random_partition/predictions.tsv,293.9999999999999,245.0,4266.0,0.9355263157894737,0.9456883174462425,0.940579869915114
clinc150,0.25,123,mogb_minilm,MOGB MiniLM,5700,1140,4560,0.9244281045751634,0.3807017543859649,0.0074561403508771,0.6192982456140351,0.9244281045751634,0.3807017543859649,0.0,../artifacts/s2c/runs/protocol_v2_textoir_v1/mogb_baseline_v1/clinc150/kir_0.25/seed_123/mogb_minilm/predictions.tsv,33.999999999999574,706.0,4526.0,0.9925438596491228,0.8650611620795107,0.9244281045751634
clinc150,0.25,123,mogb_partition_ours_boundary,MOGB partition + ours,5700,1140,4560,0.941851812480068,0.6342105263157894,0.0285087719298245,0.3657894736842105,0.941851812480068,0.6342105263157894,0.0,../artifacts/s2c/runs/protocol_v2_textoir_v1/mogb_baseline_v1/clinc150/kir_0.25/seed_123/mogb_partition_ours_boundary/predictions.tsv,129.99999999999972,416.99999999999994,4430.0,0.9714912280701754,0.9139674025170208,0.9418518124800681
clinc150,0.25,123,ours_partition_mogb_boundary,Ours partition + MOGB,5700,1140,4560,0.9224607168532404,0.3982456140350877,0.0151315789473684,0.6017543859649123,0.9224607168532404,0.3982456140350877,-1.1102230246251563e-16,../artifacts/s2c/runs/protocol_v2_textoir_v1/mogb_baseline_v1/clinc150/kir_0.25/seed_123/ours_partition_mogb_boundary/predictions.tsv,68.9999999999999,686.0,4491.0,0.9848684210526316,0.8674908248020089,0.9224607168532402
clinc150,0.5,13,trainable_k1,Trainable K=1,5700,2250,3450,0.9070904645476772,0.7453333333333333,0.0321739130434782,0.2546666666666666,0.9070904645476772,0.7453333333333334,1.1102230246251563e-16,/home/bo/bo01/llmpy311/artifacts/s2c/runs/protocol_v2_textoir_v1/minilm_trainable_kir_sweep_v1/kir_0.50/runs/clinc150/seed_13/predictions.jsonl,110.99999999999979,572.9999999999999,3339.0,0.9678260869565217,0.8535276073619632,0.9070904645476773
clinc150,0.5,13,single_centroid,Frozen K=1,5700,2250,3450,0.8932504942106749,0.7915555555555556,0.0831884057971014,0.2084444444444444,0.8932504942106749,0.7915555555555556,0.0,../artifacts/s2c/runs/protocol_v2_textoir_v1/mogb_baseline_v1/clinc150/kir_0.50/seed_13/single_centroid/predictions.tsv,286.99999999999983,468.9999999999999,3163.0,0.9168115942028986,0.8708700440528634,0.8932504942106748
clinc150,0.5,13,fixed_k2,Frozen K=2,5700,2250,3450,0.8935519733185103,0.764,0.0681159420289855,0.236,0.8935519733185103,0.764,0.0,../artifacts/s2c/runs/protocol_v2_textoir_v1/mogb_baseline_v1/clinc150/kir_0.50/seed_13/fixed_k2/predictions.tsv,234.99999999999994,531.0,3215.0,0.9318840579710145,0.8582487987186332,0.8935519733185103
clinc150,0.5,13,random_partition,Random K=2,5700,2250,3450,0.8901816118047673,0.7951111111111111,0.0907246376811594,0.2048888888888889,0.8901816118047673,0.7951111111111111,0.0,../artifacts/s2c/runs/protocol_v2_textoir_v1/mogb_baseline_v1/clinc150/kir_0.50/seed_13/random_partition/predictions.tsv,312.99999999999994,461.0,3137.0,0.9092753623188405,0.8718732629238466,0.8901816118047673
clinc150,0.5,13,mogb_minilm,MOGB MiniLM,5700,2250,3450,0.8126636515115448,0.3164444444444444,0.0104347826086956,0.6835555555555556,0.8126636515115448,0.3164444444444444,0.0,../artifacts/s2c/runs/protocol_v2_textoir_v1/mogb_baseline_v1/clinc150/kir_0.50/seed_13/mogb_minilm/predictions.tsv,35.999999999999815,1538.0,3414.0,0.9895652173913043,0.6894184168012925,0.8126636515115448
clinc150,0.5,13,mogb_partition_ours_boundary,MOGB partition + ours,5700,2250,3450,0.8596266939401688,0.5511111111111111,0.0255072463768115,0.4488888888888889,0.8596266939401688,0.5511111111111111,0.0,../artifacts/s2c/runs/protocol_v2_textoir_v1/mogb_baseline_v1/clinc150/kir_0.50/seed_13/mogb_partition_ours_boundary/predictions.tsv,87.99999999999967,1010.0,3362.0000000000005,0.9744927536231885,0.7689844464775847,0.8596266939401688
clinc150,0.5,13,ours_partition_mogb_boundary,Ours partition + MOGB,5700,2250,3450,0.833394902105652,0.428,0.0191304347826086,0.572,0.833394902105652,0.428,0.0,../artifacts/s2c/runs/protocol_v2_textoir_v1/mogb_baseline_v1/clinc150/kir_0.50/seed_13/ours_partition_mogb_boundary/predictions.tsv,65.99999999999967,1287.0,3384.0000000000005,0.9808695652173914,0.7244701348747592,0.8333949021056521
clinc150,0.5,42,trainable_k1,Trainable K=1,5700,2250,3450,0.8971451987433411,0.7391111111111112,0.0481159420289855,0.2608888888888889,0.8971451987433411,0.739111111111111,0.0,/home/bo/bo01/llmpy311/artifacts/s2c/runs/protocol_v2_textoir_v1/minilm_trainable_kir_sweep_v1/kir_0.50/runs/clinc150/seed_42/predictions.jsonl,166.0,587.0,3284.0,0.9518840579710145,0.8483595970033583,0.8971451987433411
clinc150,0.5,42,single_centroid,Frozen K=1,5700,2250,3450,0.8814846056516238,0.7653333333333333,0.0913043478260869,0.2346666666666666,0.8814846056516238,0.7653333333333333,0.0,../artifacts/s2c/runs/protocol_v2_textoir_v1/mogb_baseline_v1/clinc150/kir_0.50/seed_42/single_centroid/predictions.tsv,314.99999999999983,527.9999999999999,3135.0,0.908695652173913,0.8558558558558559,0.8814846056516238
clinc150,0.5,42,fixed_k2,Frozen K=2,5700,2250,3450,0.8911676237353021,0.7311111111111112,0.0553623188405797,0.2688888888888889,0.8911676237353021,0.731111111111111,0.0,../artifacts/s2c/runs/protocol_v2_textoir_v1/mogb_baseline_v1/clinc150/kir_0.50/seed_42/fixed_k2/predictions.tsv,190.99999999999994,605.0,3259.0,0.9446376811594203,0.8434265010351967,0.8911676237353021
clinc150,0.5,42,random_partition,Random K=2,5700,2250,3450,0.8829412593323003,0.7711111111111111,0.0915942028985507,0.2288888888888889,0.8829412593323003,0.7711111111111111,0.0,../artifacts/s2c/runs/protocol_v2_textoir_v1/mogb_baseline_v1/clinc150/kir_0.50/seed_42/random_partition/predictions.tsv,315.99999999999994,515.0,3134.0,0.9084057971014493,0.8588654425870101,0.8829412593323004
clinc150,0.5,42,mogb_minilm,MOGB MiniLM,5700,2250,3450,0.8099016937107664,0.3004444444444444,0.0089855072463768,0.6995555555555556,0.8099016937107664,0.3004444444444444,0.0,../artifacts/s2c/runs/protocol_v2_textoir_v1/mogb_baseline_v1/clinc150/kir_0.50/seed_42/mogb_minilm/predictions.tsv,30.999999999999957,1574.0,3419.0,0.9910144927536232,0.6847586621269778,0.8099016937107664
clinc150,0.5,42,mogb_partition_ours_boundary,MOGB partition + ours,5700,2250,3450,0.8500063075564527,0.5075555555555555,0.0234782608695652,0.4924444444444444,0.8500063075564527,0.5075555555555555,0.0,../artifacts/s2c/runs/protocol_v2_textoir_v1/mogb_baseline_v1/clinc150/kir_0.50/seed_42/mogb_partition_ours_boundary/predictions.tsv,80.99999999999993,1108.0,3369.0,0.9765217391304348,0.7525128434219344,0.8500063075564526
clinc150,0.5,42,ours_partition_mogb_boundary,Ours partition + MOGB,5700,2250,3450,0.8313400048816207,0.4053333333333333,0.0127536231884057,0.5946666666666667,0.8313400048816207,0.4053333333333333,0.0,../artifacts/s2c/runs/protocol_v2_textoir_v1/mogb_baseline_v1/clinc150/kir_0.50/seed_42/ours_partition_mogb_boundary/predictions.tsv,43.999999999999666,1338.0,3406.0000000000005,0.9872463768115943,0.7179595278246207,0.8313400048816209
clinc150,0.5,87,trainable_k1,Trainable K=1,5700,2250,3450,0.9086720867208672,0.7435555555555555,0.0281159420289855,0.2564444444444444,0.9086720867208672,0.7435555555555555,0.0,/home/bo/bo01/llmpy311/artifacts/s2c/runs/protocol_v2_textoir_v1/minilm_trainable_kir_sweep_v1/kir_0.50/runs/clinc150/seed_87/predictions.jsonl,96.99999999999997,577.0,3353.0,0.9718840579710145,0.8531806615776082,0.9086720867208673
clinc150,0.5,87,single_centroid,Frozen K=1,5700,2250,3450,0.8935625976978826,0.8031111111111111,0.088695652173913,0.1968888888888889,0.8935625976978826,0.8031111111111111,0.0,../artifacts/s2c/runs/protocol_v2_textoir_v1/mogb_baseline_v1/clinc150/kir_0.50/seed_87/single_centroid/predictions.tsv,305.99999999999983,443.0,3144.0,0.9113043478260869,0.8764984666852523,0.8935625976978826
clinc150,0.5,87,fixed_k2,Frozen K=2,5700,2250,3450,0.8958073889580739,0.76,0.0617391304347826,0.24,0.8958073889580739,0.76,0.0,../artifacts/s2c/runs/protocol_v2_textoir_v1/mogb_baseline_v1/clinc150/kir_0.50/seed_87/fixed_k2/predictions.tsv,212.99999999999997,540.0,3237.0,0.9382608695652174,0.8570293884034949,0.8958073889580739
clinc150,0.5,87,random_partition,Random K=2,5700,2250,3450,0.8959726768179878,0.8093333333333333,0.0875362318840579,0.1906666666666666,0.8959726768179878,0.8093333333333333,0.0,../artifacts/s2c/runs/protocol_v2_textoir_v1/mogb_baseline_v1/clinc150/kir_0.50/seed_87/random_partition/predictions.tsv,301.9999999999998,428.99999999999983,3148.0,0.912463768115942,0.8800670953312832,0.8959726768179878
clinc150,0.5,87,mogb_minilm,MOGB MiniLM,5700,2250,3450,0.8176716417910448,0.3328888888888889,0.0075362318840579,0.6671111111111111,0.8176716417910448,0.3328888888888889,0.0,../artifacts/s2c/runs/protocol_v2_textoir_v1/mogb_baseline_v1/clinc150/kir_0.50/seed_87/mogb_minilm/predictions.tsv,25.999999999999755,1501.0,3424.0000000000005,0.9924637681159422,0.6952284263959392,0.8176716417910448
clinc150,0.5,87,mogb_partition_ours_boundary,MOGB partition + ours,5700,2250,3450,0.8596558317399617,0.5453333333333333,0.0226086956521739,0.4546666666666666,0.8596558317399617,0.5453333333333333,0.0,../artifacts/s2c/runs/protocol_v2_textoir_v1/mogb_baseline_v1/clinc150/kir_0.50/seed_87/mogb_partition_ours_boundary/predictions.tsv,77.99999999999996,1022.9999999999999,3372.0,0.9773913043478261,0.7672354948805461,0.8596558317399619
clinc150,0.5,87,ours_partition_mogb_boundary,Ours partition + MOGB,5700,2250,3450,0.8382552823427654,0.444,0.0168115942028985,0.556,0.8382552823427654,0.4439999999999999,0.0,../artifacts/s2c/runs/protocol_v2_textoir_v1/mogb_baseline_v1/clinc150/kir_0.50/seed_87/ours_partition_mogb_boundary/predictions.tsv,57.99999999999982,1251.0,3392.0,0.9831884057971014,0.7305621365496446,0.8382552823427654
clinc150,0.5,100,trainable_k1,Trainable K=1,5700,2250,3450,0.9051512673753066,0.748,0.037391304347826,0.252,0.9051512673753066,0.748,0.0,/home/bo/bo01/llmpy311/artifacts/s2c/runs/protocol_v2_textoir_v1/minilm_trainable_kir_sweep_extension_v1/kir_0.50/runs/clinc150/seed_100/predictions.jsonl,128.9999999999997,567.0,3321.0000000000005,0.962608695652174,0.8541666666666666,0.9051512673753067
clinc150,0.5,100,single_centroid,Frozen K=1,5700,2250,3450,0.8876595744680851,0.7906666666666666,0.0930434782608695,0.2093333333333333,0.8876595744680851,0.7906666666666666,0.0,../artifacts/s2c/runs/protocol_v2_textoir_v1/mogb_baseline_v1/clinc150/kir_0.50/seed_100/single_centroid/predictions.tsv,320.9999999999998,470.9999999999999,3129.0,0.9069565217391304,0.8691666666666666,0.8876595744680851
clinc150,0.5,100,fixed_k2,Frozen K=2,5700,2250,3450,0.8901220865704772,0.7555555555555555,0.0701449275362318,0.2444444444444444,0.8901220865704772,0.7555555555555555,0.0,../artifacts/s2c/runs/protocol_v2_textoir_v1/mogb_baseline_v1/clinc150/kir_0.50/seed_100/fixed_k2/predictions.tsv,241.99999999999972,549.9999999999999,3208.0000000000005,0.9298550724637682,0.8536455561468866,0.8901220865704774
clinc150,0.5,100,random_partition,Random K=2,5700,2250,3450,0.8901224025049815,0.8004444444444444,0.0936231884057971,0.1995555555555555,0.8901224025049815,0.8004444444444444,0.0,../artifacts/s2c/runs/protocol_v2_textoir_v1/mogb_baseline_v1/clinc150/kir_0.50/seed_100/random_partition/predictions.tsv,323.0,448.9999999999999,3127.0,0.9063768115942029,0.8744407158836689,0.8901224025049815
clinc150,0.5,100,mogb_minilm,MOGB MiniLM,5700,2250,3450,0.814364113576712,0.3248888888888889,0.0107246376811594,0.6751111111111111,0.814364113576712,0.3248888888888889,0.0,../artifacts/s2c/runs/protocol_v2_textoir_v1/mogb_baseline_v1/clinc150/kir_0.50/seed_100/mogb_minilm/predictions.tsv,36.99999999999993,1519.0,3413.0,0.9892753623188406,0.6920113544201135,0.8143641135767121
clinc150,0.5,100,mogb_partition_ours_boundary,MOGB partition + ours,5700,2250,3450,0.8553893364019947,0.544,0.0304347826086956,0.456,0.8553893364019947,0.544,0.0,../artifacts/s2c/runs/protocol_v2_textoir_v1/mogb_baseline_v1/clinc150/kir_0.50/seed_100/mogb_partition_ours_boundary/predictions.tsv,104.99999999999983,1026.0,3345.0,0.9695652173913043,0.7652711050102952,0.8553893364019945
clinc150,0.5,100,ours_partition_mogb_boundary,Ours partition + MOGB,5700,2250,3450,0.8321239699913909,0.4231111111111111,0.0194202898550724,0.5768888888888889,0.8321239699913909,0.4231111111111111,0.0,../artifacts/s2c/runs/protocol_v2_textoir_v1/mogb_baseline_v1/clinc150/kir_0.50/seed_100/ours_partition_mogb_boundary/predictions.tsv,66.99999999999977,1298.0,3383.0,0.9805797101449275,0.7227088229010895,0.8321239699913909
clinc150,0.5,123,trainable_k1,Trainable K=1,5700,2250,3450,0.9039116805233748,0.7462222222222222,0.0388405797101449,0.2537777777777777,0.9039116805233748,0.7462222222222222,-1.1102230246251563e-16,/home/bo/bo01/llmpy311/artifacts/s2c/runs/protocol_v2_textoir_v1/minilm_trainable_kir_sweep_extension_v1/kir_0.50/runs/clinc150/seed_123/predictions.jsonl,133.99999999999991,570.9999999999999,3316.0,0.9611594202898551,0.8531000771803448,0.9039116805233747
clinc150,0.5,123,single_centroid,Frozen K=1,5700,2250,3450,0.8912092563849302,0.7871111111111111,0.0846376811594202,0.2128888888888888,0.8912092563849302,0.7871111111111111,0.0,../artifacts/s2c/runs/protocol_v2_textoir_v1/mogb_baseline_v1/clinc150/kir_0.50/seed_123/single_centroid/predictions.tsv,291.9999999999997,478.9999999999998,3158.0000000000005,0.9153623188405798,0.8682980478416278,0.8912092563849303
clinc150,0.5,123,fixed_k2,Frozen K=2,5700,2250,3450,0.8893799199005662,0.7462222222222222,0.0666666666666666,0.2537777777777777,0.8893799199005662,0.7462222222222222,0.0,../artifacts/s2c/runs/protocol_v2_textoir_v1/mogb_baseline_v1/clinc150/kir_0.50/seed_123/fixed_k2/predictions.tsv,229.99999999999974,570.9999999999999,3220.0000000000005,0.9333333333333335,0.8493801107887101,0.8893799199005663
clinc150,0.5,123,random_partition,Random K=2,5700,2250,3450,0.894237576100807,0.7977777777777778,0.0846376811594202,0.2022222222222222,0.894237576100807,0.7977777777777778,0.0,../artifacts/s2c/runs/protocol_v2_textoir_v1/mogb_baseline_v1/clinc150/kir_0.50/seed_123/random_partition/predictions.tsv,291.9999999999997,454.99999999999994,3158.0000000000005,0.9153623188405798,0.8740658732355383,0.894237576100807
clinc150,0.5,123,mogb_minilm,MOGB MiniLM,5700,2250,3450,0.8113744075829384,0.304,0.0075362318840579,0.696,0.8113744075829384,0.304,0.0,../artifacts/s2c/runs/protocol_v2_textoir_v1/mogb_baseline_v1/clinc150/kir_0.50/seed_123/mogb_minilm/predictions.tsv,25.999999999999755,1566.0,3424.0000000000005,0.9924637681159422,0.6861723446893788,0.8113744075829384
clinc150,0.5,123,mogb_partition_ours_boundary,MOGB partition + ours,5700,2250,3450,0.8530937618625838,0.5191111111111111,0.0228985507246376,0.4808888888888888,0.8530937618625838,0.5191111111111111,0.0,../artifacts/s2c/runs/protocol_v2_textoir_v1/mogb_baseline_v1/clinc150/kir_0.50/seed_123/mogb_partition_ours_boundary/predictions.tsv,78.99999999999972,1081.9999999999998,3371.0000000000005,0.9771014492753625,0.7570177408488661,0.853093761862584
clinc150,0.5,123,ours_partition_mogb_boundary,Ours partition + MOGB,5700,2250,3450,0.8310479921645446,0.4115555555555555,0.016231884057971,0.5884444444444444,0.8310479921645446,0.4115555555555555,0.0,../artifacts/s2c/runs/protocol_v2_textoir_v1/mogb_baseline_v1/clinc150/kir_0.50/seed_123/ours_partition_mogb_boundary/predictions.tsv,55.99999999999996,1324.0,3394.0,0.983768115942029,0.7193726155150487,0.8310479921645446
clinc150,0.75,13,trainable_k1,Trainable K=1,5700,3360,2340,0.8230088495575221,0.7464285714285714,0.0461538461538461,0.2535714285714285,0.8230088495575221,0.7464285714285714,0.0,/home/bo/bo01/llmpy311/artifacts/s2c/runs/protocol_v2_textoir_v1/minilm_trainable_kir_sweep_v1/kir_0.75/runs/clinc150/seed_13/predictions.jsonl,107.99999999999987,851.9999999999998,2232.0,0.9538461538461539,0.7237354085603113,0.8230088495575221
clinc150,0.75,13,single_centroid,Frozen K=1,5700,3360,2340,0.8122102009273571,0.781547619047619,0.1017094017094017,0.2184523809523809,0.8122102009273571,0.781547619047619,0.0,../artifacts/s2c/runs/protocol_v2_textoir_v1/mogb_baseline_v1/clinc150/kir_0.75/seed_13/single_centroid/predictions.tsv,237.99999999999997,733.9999999999998,2102.0,0.8982905982905983,0.7411847672778561,0.8122102009273571
clinc150,0.75,13,fixed_k2,Frozen K=2,5700,3360,2340,0.8166102968808718,0.7592261904761904,0.0713675213675213,0.2407738095238095,0.8166102968808718,0.7592261904761904,0.0,../artifacts/s2c/runs/protocol_v2_textoir_v1/mogb_baseline_v1/clinc150/kir_0.75/seed_13/fixed_k2/predictions.tsv,166.99999999999983,808.9999999999999,2173.0,0.9286324786324787,0.7287055667337358,0.8166102968808718
clinc150,0.75,13,random_partition,Random K=2,5700,3360,2340,0.818022235225278,0.7946428571428571,0.1038461538461538,0.2053571428571428,0.818022235225278,0.7946428571428572,0.0,../artifacts/s2c/runs/protocol_v2_textoir_v1/mogb_baseline_v1/clinc150/kir_0.75/seed_13/random_partition/predictions.tsv,242.9999999999999,689.9999999999998,2097.0,0.8961538461538462,0.7524219590958019,0.8180222352252781
clinc150,0.75,13,mogb_minilm,MOGB MiniLM,5700,3360,2340,0.655469301340861,0.2788690476190476,0.0076923076923076,0.7211309523809524,0.655469301340861,0.2788690476190476,0.0,../artifacts/s2c/runs/protocol_v2_textoir_v1/mogb_baseline_v1/clinc150/kir_0.75/seed_13/mogb_minilm/predictions.tsv,17.999999999999783,2423.0,2322.0,0.9923076923076923,0.4893572181243414,0.655469301340861
clinc150,0.75,13,mogb_partition_ours_boundary,MOGB partition + ours,5700,3360,2340,0.718701217608492,0.475,0.0162393162393162,0.525,0.718701217608492,0.475,0.0,../artifacts/s2c/runs/protocol_v2_textoir_v1/mogb_baseline_v1/clinc150/kir_0.75/seed_13/mogb_partition_ours_boundary/predictions.tsv,37.99999999999991,1764.0,2302.0,0.9837606837606837,0.5661583866207575,0.7187012176084919
clinc150,0.75,13,ours_partition_mogb_boundary,Ours partition + MOGB,5700,3360,2340,0.6987364895722332,0.4244047619047619,0.0192307692307692,0.575595238095238,0.6987364895722332,0.4244047619047619,0.0,../artifacts/s2c/runs/protocol_v2_textoir_v1/mogb_baseline_v1/clinc150/kir_0.75/seed_13/ours_partition_mogb_boundary/predictions.tsv,44.99999999999993,1933.9999999999998,2295.0,0.9807692307692307,0.54268148498463,0.6987364895722333
clinc150,0.75,42,trainable_k1,Trainable K=1,5700,3360,2340,0.823141706334676,0.7398809523809524,0.0393162393162393,0.2601190476190476,0.823141706334676,0.7398809523809524,0.0,/home/bo/bo01/llmpy311/artifacts/s2c/runs/protocol_v2_textoir_v1/minilm_trainable_kir_sweep_v1/kir_0.75/runs/clinc150/seed_42/predictions.jsonl,91.99999999999997,873.9999999999999,2248.0,0.9606837606837607,0.7200512491992312,0.8231417063346759
clinc150,0.75,42,single_centroid,Frozen K=1,5700,3360,2340,0.8075954272427824,0.7806547619047619,0.1094017094017094,0.2193452380952381,0.8075954272427824,0.7806547619047619,0.0,../artifacts/s2c/runs/protocol_v2_textoir_v1/mogb_baseline_v1/clinc150/kir_0.75/seed_42/single_centroid/predictions.tsv,256.0,737.0,2084.0,0.8905982905982905,0.7387451258419,0.8075954272427824
clinc150,0.75,42,fixed_k2,Frozen K=2,5700,3360,2340,0.8098617855808741,0.7482142857142857,0.0735042735042735,0.2517857142857143,0.8098617855808741,0.7482142857142857,0.0,../artifacts/s2c/runs/protocol_v2_textoir_v1/mogb_baseline_v1/clinc150/kir_0.75/seed_42/fixed_k2/predictions.tsv,172.0,846.0,2168.0,0.9264957264957265,0.7193098871930989,0.8098617855808741
clinc150,0.75,42,random_partition,Random K=2,5700,3360,2340,0.8092349833692036,0.7907738095238095,0.1162393162393162,0.2092261904761904,0.8092349833692036,0.7907738095238095,0.0,../artifacts/s2c/runs/protocol_v2_textoir_v1/mogb_baseline_v1/clinc150/kir_0.75/seed_42/random_partition/predictions.tsv,271.9999999999999,702.9999999999998,2068.0,0.8837606837606837,0.7463009743774811,0.8092349833692037
clinc150,0.75,42,mogb_minilm,MOGB MiniLM,5700,3360,2340,0.6552746787176953,0.2794642857142857,0.0085470085470085,0.7205357142857143,0.6552746787176953,0.2794642857142857,0.0,../artifacts/s2c/runs/protocol_v2_textoir_v1/mogb_baseline_v1/clinc150/kir_0.75/seed_42/mogb_minilm/predictions.tsv,19.99999999999989,2421.0,2320.0,0.9914529914529915,0.4893482387681924,0.6552746787176952
clinc150,0.75,42,mogb_partition_ours_boundary,MOGB partition + ours,5700,3360,2340,0.7124132613723978,0.4538690476190476,0.0128205128205128,0.5461309523809523,0.7124132613723978,0.4538690476190476,0.0,../artifacts/s2c/runs/protocol_v2_textoir_v1/mogb_baseline_v1/clinc150/kir_0.75/seed_42/mogb_partition_ours_boundary/predictions.tsv,29.99999999999995,1834.9999999999998,2310.0,0.9871794871794872,0.5572979493365501,0.7124132613723979
clinc150,0.75,42,ours_partition_mogb_boundary,Ours partition + MOGB,5700,3360,2340,0.6984848484848485,0.4181547619047619,0.0149572649572649,0.5818452380952381,0.6984848484848485,0.4181547619047618,0.0,../artifacts/s2c/runs/protocol_v2_textoir_v1/mogb_baseline_v1/clinc150/kir_0.75/seed_42/ours_partition_mogb_boundary/predictions.tsv,34.999999999999865,1955.0000000000002,2305.0,0.9850427350427351,0.5410798122065728,0.6984848484848486
clinc150,0.75,87,trainable_k1,Trainable K=1,5700,3360,2340,0.8302650957290133,0.7508928571428571,0.0363247863247863,0.2491071428571428,0.8302650957290133,0.7508928571428571,0.0,/home/bo/bo01/llmpy311/artifacts/s2c/runs/protocol_v2_textoir_v1/minilm_trainable_kir_sweep_v1/kir_0.75/runs/clinc150/seed_87/predictions.jsonl,84.99999999999994,836.9999999999998,2255.0,0.9636752136752137,0.7293014230271668,0.8302650957290133
clinc150,0.75,87,single_centroid,Frozen K=1,5700,3360,2340,0.8238724727838258,0.7961309523809523,0.0944444444444444,0.2038690476190476,0.8238724727838258,0.7961309523809523,0.0,../artifacts/s2c/runs/protocol_v2_textoir_v1/mogb_baseline_v1/clinc150/kir_0.75/seed_87/single_centroid/predictions.tsv,220.9999999999999,684.9999999999999,2119.0,0.9055555555555556,0.7557061340941512,0.8238724727838258
clinc150,0.75,87,fixed_k2,Frozen K=2,5700,3360,2340,0.8191369606003752,0.7598214285714285,0.067094017094017,0.2401785714285714,0.8191369606003752,0.7598214285714285,0.0,../artifacts/s2c/runs/protocol_v2_textoir_v1/mogb_baseline_v1/clinc150/kir_0.75/seed_87/fixed_k2/predictions.tsv,156.99999999999977,806.9999999999999,2183.0,0.9329059829059829,0.7301003344481606,0.8191369606003752
clinc150,0.75,87,random_partition,Random K=2,5700,3360,2340,0.8299531981279251,0.8035714285714286,0.0905982905982906,0.1964285714285714,0.8299531981279251,0.8035714285714286,0.0,../artifacts/s2c/runs/protocol_v2_textoir_v1/mogb_baseline_v1/clinc150/kir_0.75/seed_87/random_partition/predictions.tsv,212.0,659.9999999999999,2128.0,0.9094017094017094,0.763271162123386,0.8299531981279251
clinc150,0.75,87,mogb_minilm,MOGB MiniLM,5700,3360,2340,0.6600256154831364,0.2952380952380952,0.0089743589743589,0.7047619047619048,0.6600256154831364,0.2952380952380952,0.0,../artifacts/s2c/runs/protocol_v2_textoir_v1/mogb_baseline_v1/clinc150/kir_0.75/seed_87/mogb_minilm/predictions.tsv,20.99999999999983,2368.0,2319.0,0.9910256410256411,0.49477277576274803,0.6600256154831365
clinc150,0.75,87,mogb_partition_ours_boundary,MOGB partition + ours,5700,3360,2340,0.7166744803875605,0.4744047619047619,0.02008547008547,0.5255952380952381,0.7166744803875605,0.4744047619047619,0.0,../artifacts/s2c/runs/protocol_v2_textoir_v1/mogb_baseline_v1/clinc150/kir_0.75/seed_87/mogb_partition_ours_boundary/predictions.tsv,46.9999999999998,1766.0,2293.0,0.9799145299145299,0.5649174673564917,0.7166744803875604
clinc150,0.75,87,ours_partition_mogb_boundary,Ours partition + MOGB,5700,3360,2340,0.6988393402565669,0.4285714285714285,0.0222222222222222,0.5714285714285714,0.6988393402565669,0.4285714285714286,0.0,../artifacts/s2c/runs/protocol_v2_textoir_v1/mogb_baseline_v1/clinc150/kir_0.75/seed_87/ours_partition_mogb_boundary/predictions.tsv,51.99999999999994,1920.0,2288.0,0.9777777777777777,0.5437262357414449,0.6988393402565669
clinc150,0.75,100,trainable_k1,Trainable K=1,5700,3360,2340,0.8333023601561048,0.7622023809523809,0.0418803418803418,0.237797619047619,0.8333023601561048,0.762202380952381,0.0,/home/bo/bo01/llmpy311/artifacts/s2c/runs/protocol_v2_textoir_v1/minilm_trainable_kir_sweep_extension_v1/kir_0.75/runs/clinc150/seed_100/predictions.jsonl,97.99999999999982,798.9999999999999,2242.0,0.9581196581196582,0.7372574810917462,0.8333023601561048
clinc150,0.75,100,single_centroid,Frozen K=1,5700,3360,2340,0.8267762771579565,0.8044642857142857,0.0974358974358974,0.1955357142857142,0.8267762771579565,0.8044642857142857,0.0,../artifacts/s2c/runs/protocol_v2_textoir_v1/mogb_baseline_v1/clinc150/kir_0.75/seed_100/single_centroid/predictions.tsv,227.99999999999991,656.9999999999998,2112.0,0.9025641025641026,0.7627302275189599,0.8267762771579565
clinc150,0.75,100,fixed_k2,Frozen K=2,5700,3360,2340,0.8223022947088944,0.7723214285714286,0.0735042735042735,0.2276785714285714,0.8223022947088944,0.7723214285714286,0.0,../artifacts/s2c/runs/protocol_v2_textoir_v1/mogb_baseline_v1/clinc150/kir_0.75/seed_100/fixed_k2/predictions.tsv,172.0,764.9999999999999,2168.0,0.9264957264957265,0.7391749062393453,0.8223022947088944
clinc150,0.75,100,random_partition,Random K=2,5700,3360,2340,0.8324132492113565,0.8151785714285714,0.0978632478632478,0.1848214285714285,0.8324132492113565,0.8151785714285714,0.0,../artifacts/s2c/runs/protocol_v2_textoir_v1/mogb_baseline_v1/clinc150/kir_0.75/seed_100/random_partition/predictions.tsv,228.99999999999983,620.9999999999998,2111.0,0.9021367521367522,0.7726939970717424,0.8324132492113566
clinc150,0.75,100,mogb_minilm,MOGB MiniLM,5700,3360,2340,0.660377358490566,0.3017857142857142,0.0128205128205128,0.6982142857142857,0.660377358490566,0.3017857142857143,0.0,../artifacts/s2c/runs/protocol_v2_textoir_v1/mogb_baseline_v1/clinc150/kir_0.75/seed_100/mogb_minilm/predictions.tsv,29.99999999999995,2346.0,2310.0,0.9871794871794872,0.4961340206185567,0.6603773584905661
clinc150,0.75,100,mogb_partition_ours_boundary,MOGB partition + ours,5700,3360,2340,0.723047739487828,0.4943452380952381,0.0226495726495726,0.5056547619047619,0.723047739487828,0.4943452380952381,0.0,../artifacts/s2c/runs/protocol_v2_textoir_v1/mogb_baseline_v1/clinc150/kir_0.75/seed_100/mogb_partition_ours_boundary/predictions.tsv,52.999999999999886,1699.0,2287.0,0.9773504273504273,0.5737581535373808,0.7230477394878279
clinc150,0.75,100,ours_partition_mogb_boundary,Ours partition + MOGB,5700,3360,2340,0.7072982564419071,0.4497023809523809,0.0205128205128205,0.5502976190476191,0.7072982564419071,0.4497023809523809,0.0,../artifacts/s2c/runs/protocol_v2_textoir_v1/mogb_baseline_v1/clinc150/kir_0.75/seed_100/ours_partition_mogb_boundary/predictions.tsv,47.999999999999964,1849.0000000000002,2292.0,0.9794871794871794,0.5534894952909926,0.7072982564419071
clinc150,0.75,123,trainable_k1,Trainable K=1,5700,3360,2340,0.8327481057105895,0.756547619047619,0.0371794871794871,0.2434523809523809,0.8327481057105895,0.756547619047619,0.0,/home/bo/bo01/llmpy311/artifacts/s2c/runs/protocol_v2_textoir_v1/minilm_trainable_kir_sweep_extension_v1/kir_0.75/runs/clinc150/seed_123/predictions.jsonl,86.99999999999982,817.9999999999998,2253.0,0.9628205128205128,0.7336372517095409,0.8327481057105895
clinc150,0.75,123,single_centroid,Frozen K=1,5700,3360,2340,0.8168740279937792,0.7907738095238095,0.1021367521367521,0.2092261904761904,0.8168740279937792,0.7907738095238095,0.0,../artifacts/s2c/runs/protocol_v2_textoir_v1/mogb_baseline_v1/clinc150/kir_0.75/seed_123/single_centroid/predictions.tsv,238.9999999999999,702.9999999999998,2101.0,0.8978632478632479,0.7492867332382311,0.8168740279937793
clinc150,0.75,123,fixed_k2,Frozen K=2,5700,3360,2340,0.807280915744042,0.7505952380952381,0.0807692307692307,0.2494047619047619,0.807280915744042,0.7505952380952381,0.0,../artifacts/s2c/runs/protocol_v2_textoir_v1/mogb_baseline_v1/clinc150/kir_0.75/seed_123/fixed_k2/predictions.tsv,188.99999999999986,838.0,2151.0,0.9192307692307692,0.719638675142188,0.807280915744042
clinc150,0.75,123,random_partition,Random K=2,5700,3360,2340,0.82063305978898,0.7982142857142858,0.1025641025641025,0.2017857142857143,0.82063305978898,0.7982142857142858,0.0,../artifacts/s2c/runs/protocol_v2_textoir_v1/mogb_baseline_v1/clinc150/kir_0.75/seed_123/random_partition/predictions.tsv,239.99999999999986,678.0,2100.0,0.8974358974358975,0.755939524838013,0.82063305978898
clinc150,0.75,123,mogb_minilm,MOGB MiniLM,5700,3360,2340,0.665430161221287,0.3044642857142857,0.0034188034188034,0.6955357142857143,0.665430161221287,0.3044642857142857,0.0,../artifacts/s2c/runs/protocol_v2_textoir_v1/mogb_baseline_v1/clinc150/kir_0.75/seed_123/mogb_minilm/predictions.tsv,7.9999999999999565,2337.0,2332.0,0.9965811965811966,0.4994645534375669,0.6654301612212868
clinc150,0.75,123,mogb_partition_ours_boundary,MOGB partition + ours,5700,3360,2340,0.7278803309993634,0.5068452380952381,0.0226495726495726,0.4931547619047619,0.7278803309993634,0.5068452380952381,0.0,../artifacts/s2c/runs/protocol_v2_textoir_v1/mogb_baseline_v1/clinc150/kir_0.75/seed_123/mogb_partition_ours_boundary/predictions.tsv,52.999999999999886,1657.0,2287.0,0.9773504273504273,0.579868154158215,0.7278803309993634
clinc150,0.75,123,ours_partition_mogb_boundary,Ours partition + MOGB,5700,3360,2340,0.6986634264884569,0.4214285714285714,0.017094017094017,0.5785714285714286,0.6986634264884569,0.4214285714285714,0.0,../artifacts/s2c/runs/protocol_v2_textoir_v1/mogb_baseline_v1/clinc150/kir_0.75/seed_123/ours_partition_mogb_boundary/predictions.tsv,39.99999999999978,1944.0000000000002,2300.0,0.9829059829059829,0.5419415645617343,0.6986634264884569
banking77,0.25,13,trainable_k1,Trainable K=1,3080,760,2320,0.9154867256637168,0.8276315789473684,0.1081896551724137,0.1723684210526316,0.9154867256637168,0.8276315789473684,0.0,/home/bo/bo01/llmpy311/artifacts/s2c/runs/protocol_v2_textoir_v1/minilm_trainable_kir_sweep_v1/kir_0.25/runs/banking77/seed_13/predictions.jsonl,250.9999999999998,131.0,2069.0,0.8918103448275863,0.9404545454545454,0.9154867256637168
banking77,0.25,13,single_centroid,Frozen K=1,3080,760,2320,0.8406072106261859,0.8368421052631579,0.2362068965517241,0.1631578947368421,0.8406072106261859,0.8368421052631578,0.0,../artifacts/s2c/runs/protocol_v2_textoir_v1/mogb_baseline_v1/banking77/kir_0.25/seed_13/single_centroid/predictions.tsv,547.9999999999999,124.0,1772.0,0.7637931034482759,0.9345991561181435,0.8406072106261859
banking77,0.25,13,fixed_k2,Frozen K=2,3080,760,2320,0.8445179584120983,0.8355263157894737,0.2297413793103448,0.1644736842105263,0.8445179584120983,0.8355263157894737,0.0,../artifacts/s2c/runs/protocol_v2_textoir_v1/mogb_baseline_v1/banking77/kir_0.25/seed_13/fixed_k2/predictions.tsv,532.9999999999999,124.99999999999999,1787.0,0.7702586206896552,0.9346234309623431,0.8445179584120983
banking77,0.25,13,random_partition,Random K=2,3080,760,2320,0.8404483663248271,0.8539473684210527,0.2405172413793103,0.1460526315789473,0.8404483663248271,0.8539473684210526,0.0,../artifacts/s2c/runs/protocol_v2_textoir_v1/mogb_baseline_v1/banking77/kir_0.25/seed_13/random_partition/predictions.tsv,557.9999999999999,110.99999999999994,1762.0,0.7594827586206897,0.9407367859049653,0.8404483663248272
banking77,0.25,13,mogb_minilm,MOGB MiniLM,3080,760,2320,0.8975725281231498,0.3776315789473684,0.0198275862068965,0.6223684210526316,0.8975725281231498,0.3776315789473684,0.0,../artifacts/s2c/runs/protocol_v2_textoir_v1/mogb_baseline_v1/banking77/kir_0.25/seed_13/mogb_minilm/predictions.tsv,45.99999999999988,473.0,2274.0,0.9801724137931035,0.8278121587186021,0.8975725281231498
banking77,0.25,13,mogb_partition_ours_boundary,MOGB partition + ours,3080,760,2320,0.916837361736993,0.5736842105263158,0.0353448275862069,0.4263157894736842,0.916837361736993,0.5736842105263158,0.0,../artifacts/s2c/runs/protocol_v2_textoir_v1/mogb_baseline_v1/banking77/kir_0.25/seed_13/mogb_partition_ours_boundary/predictions.tsv,82.0,324.0,2238.0,0.9646551724137931,0.8735362997658079,0.9168373617369932
banking77,0.25,13,ours_partition_mogb_boundary,Ours partition + MOGB,3080,760,2320,0.8993399339933993,0.5421052631578948,0.0603448275862069,0.4578947368421052,0.8993399339933993,0.5421052631578948,0.0,../artifacts/s2c/runs/protocol_v2_textoir_v1/mogb_baseline_v1/banking77/kir_0.25/seed_13/ours_partition_mogb_boundary/predictions.tsv,140.0,347.99999999999994,2180.0,0.9396551724137931,0.8623417721518988,0.8993399339933994
banking77,0.25,42,trainable_k1,Trainable K=1,3080,760,2320,0.9191208791208793,0.8171052631578948,0.0987068965517241,0.1828947368421052,0.9191208791208793,0.8171052631578948,-1.1102230246251563e-16,/home/bo/bo01/llmpy311/artifacts/s2c/runs/protocol_v2_textoir_v1/minilm_trainable_kir_sweep_v1/kir_0.25/runs/banking77/seed_42/predictions.jsonl,228.99999999999991,138.99999999999994,2091.0,0.9012931034482758,0.9376681614349776,0.9191208791208791
banking77,0.25,42,single_centroid,Frozen K=1,3080,760,2320,0.8386023294509152,0.8381578947368421,0.2396551724137931,0.1618421052631579,0.8386023294509152,0.8381578947368421,0.0,../artifacts/s2c/runs/protocol_v2_textoir_v1/mogb_baseline_v1/banking77/kir_0.25/seed_42/single_centroid/predictions.tsv,556.0,123.0,1764.0,0.7603448275862069,0.9348171701112877,0.8386023294509153
banking77,0.25,42,fixed_k2,Frozen K=2,3080,760,2320,0.875835061045842,0.8421052631578947,0.180603448275862,0.1578947368421052,0.875835061045842,0.8421052631578947,0.0,../artifacts/s2c/runs/protocol_v2_textoir_v1/mogb_baseline_v1/banking77/kir_0.25/seed_42/fixed_k2/predictions.tsv,418.99999999999983,119.99999999999996,1901.0000000000002,0.8193965517241381,0.9406234537357744,0.8758350610458421
banking77,0.25,42,random_partition,Random K=2,3080,760,2320,0.8347701149425287,0.8513157894736842,0.2487068965517241,0.1486842105263157,0.8347701149425287,0.8513157894736842,0.0,../artifacts/s2c/runs/protocol_v2_textoir_v1/mogb_baseline_v1/banking77/kir_0.25/seed_42/random_partition/predictions.tsv,576.9999999999999,112.99999999999993,1743.0,0.7512931034482758,0.9391163793103449,0.8347701149425287
banking77,0.25,42,mogb_minilm,MOGB MiniLM,3080,760,2320,0.9093069306930692,0.4289473684210526,0.0103448275862068,0.5710526315789474,0.9093069306930692,0.4289473684210526,1.1102230246251563e-16,../artifacts/s2c/runs/protocol_v2_textoir_v1/mogb_baseline_v1/banking77/kir_0.25/seed_42/mogb_minilm/predictions.tsv,23.999999999999773,434.0,2296.0,0.9896551724137931,0.841025641025641,0.9093069306930693
banking77,0.25,42,mogb_partition_ours_boundary,MOGB partition + ours,3080,760,2320,0.9243557772236076,0.6473684210526316,0.0413793103448275,0.3526315789473684,0.9243557772236076,0.6473684210526316,0.0,../artifacts/s2c/runs/protocol_v2_textoir_v1/mogb_baseline_v1/banking77/kir_0.25/seed_42/mogb_partition_ours_boundary/predictions.tsv,95.9999999999998,268.0,2224.0,0.9586206896551724,0.8924558587479936,0.9243557772236077
banking77,0.25,42,ours_partition_mogb_boundary,Ours partition + MOGB,3080,760,2320,0.9178921568627452,0.5671052631578948,0.0314655172413793,0.4328947368421053,0.9178921568627452,0.5671052631578948,-1.1102230246251563e-16,../artifacts/s2c/runs/protocol_v2_textoir_v1/mogb_baseline_v1/banking77/kir_0.25/seed_42/ours_partition_mogb_boundary/predictions.tsv,72.99999999999997,329.0,2247.0,0.9685344827586206,0.8722826086956522,0.9178921568627451
banking77,0.25,87,trainable_k1,Trainable K=1,3080,760,2320,0.9304952215464812,0.8131578947368421,0.0767241379310344,0.1868421052631579,0.9304952215464812,0.8131578947368421,1.1102230246251563e-16,/home/bo/bo01/llmpy311/artifacts/s2c/runs/protocol_v2_textoir_v1/minilm_trainable_kir_sweep_v1/kir_0.25/runs/banking77/seed_87/predictions.jsonl,177.9999999999998,142.0,2142.0,0.9232758620689655,0.9378283712784589,0.9304952215464813
banking77,0.25,87,single_centroid,Frozen K=1,3080,760,2320,0.8788294467306813,0.8263157894736842,0.171551724137931,0.1736842105263158,0.8788294467306813,0.8263157894736842,0.0,../artifacts/s2c/runs/protocol_v2_textoir_v1/mogb_baseline_v1/banking77/kir_0.25/seed_87/single_centroid/predictions.tsv,397.9999999999999,132.0,1922.0,0.8284482758620689,0.9357351509250244,0.8788294467306813
banking77,0.25,87,fixed_k2,Frozen K=2,3080,760,2320,0.852015847121883,0.8118421052631579,0.2120689655172414,0.1881578947368421,0.852015847121883,0.8118421052631579,0.0,../artifacts/s2c/runs/protocol_v2_textoir_v1/mogb_baseline_v1/banking77/kir_0.25/seed_87/fixed_k2/predictions.tsv,492.0,143.0,1828.0,0.7879310344827586,0.9274479959411466,0.852015847121883
banking77,0.25,87,random_partition,Random K=2,3080,760,2320,0.869364161849711,0.8355263157894737,0.1896551724137931,0.1644736842105263,0.869364161849711,0.8355263157894737,0.0,../artifacts/s2c/runs/protocol_v2_textoir_v1/mogb_baseline_v1/banking77/kir_0.25/seed_87/random_partition/predictions.tsv,440.0,124.99999999999999,1880.0,0.8103448275862069,0.9376558603491272,0.869364161849711
banking77,0.25,87,mogb_minilm,MOGB MiniLM,3080,760,2320,0.9025600317523318,0.4144736842105263,0.0198275862068965,0.5855263157894737,0.9025600317523318,0.4144736842105263,0.0,../artifacts/s2c/runs/protocol_v2_textoir_v1/mogb_baseline_v1/banking77/kir_0.25/seed_87/mogb_minilm/predictions.tsv,45.99999999999988,445.0,2274.0,0.9801724137931035,0.8363368885619713,0.9025600317523319
banking77,0.25,87,mogb_partition_ours_boundary,MOGB partition + ours,3080,760,2320,0.9256026600166252,0.6513157894736842,0.0400862068965517,0.3486842105263157,0.9256026600166252,0.6513157894736843,-1.1102230246251563e-16,../artifacts/s2c/runs/protocol_v2_textoir_v1/mogb_baseline_v1/banking77/kir_0.25/seed_87/mogb_partition_ours_boundary/predictions.tsv,92.99999999999994,264.99999999999994,2227.0,0.9599137931034483,0.8936597110754414,0.9256026600166252
banking77,0.25,87,ours_partition_mogb_boundary,Ours partition + MOGB,3080,760,2320,0.9030936283548452,0.5302631578947369,0.05,0.4697368421052632,0.9030936283548452,0.5302631578947368,1.1102230246251563e-16,../artifacts/s2c/runs/protocol_v2_textoir_v1/mogb_baseline_v1/banking77/kir_0.25/seed_87/ours_partition_mogb_boundary/predictions.tsv,116.0,357.0,2204.0,0.95,0.8606013276064037,0.9030936283548453
banking77,0.25,100,trainable_k1,Trainable K=1,3080,760,2320,0.9308176100628932,0.8092105263157895,0.075,0.1907894736842105,0.9308176100628932,0.8092105263157895,-1.1102230246251563e-16,/home/bo/bo01/llmpy311/artifacts/s2c/runs/protocol_v2_textoir_v1/minilm_trainable_kir_sweep_extension_v1/kir_0.25/runs/banking77/seed_100/predictions.jsonl,174.0,145.0,2146.0,0.925,0.9367088607594937,0.9308176100628932
banking77,0.25,100,single_centroid,Frozen K=1,3080,760,2320,0.8778467908902692,0.843421052631579,0.1775862068965517,0.156578947368421,0.8778467908902692,0.843421052631579,0.0,../artifacts/s2c/runs/protocol_v2_textoir_v1/mogb_baseline_v1/banking77/kir_0.25/seed_100/single_centroid/predictions.tsv,411.99999999999994,118.99999999999997,1908.0,0.8224137931034483,0.9412925505673408,0.8778467908902692
banking77,0.25,100,fixed_k2,Frozen K=2,3080,760,2320,0.900088809946714,0.7934210526315789,0.1262931034482758,0.206578947368421,0.900088809946714,0.7934210526315789,0.0,../artifacts/s2c/runs/protocol_v2_textoir_v1/mogb_baseline_v1/banking77/kir_0.25/seed_100/fixed_k2/predictions.tsv,292.99999999999983,156.99999999999997,2027.0000000000002,0.8737068965517243,0.9281135531135533,0.9000888099467141
banking77,0.25,100,random_partition,Random K=2,3080,760,2320,0.8817598533455545,0.8421052631578947,0.1706896551724138,0.1578947368421052,0.8817598533455545,0.8421052631578947,0.0,../artifacts/s2c/runs/protocol_v2_textoir_v1/mogb_baseline_v1/banking77/kir_0.25/seed_100/random_partition/predictions.tsv,396.0,119.99999999999996,1924.0,0.8293103448275863,0.9412915851272016,0.8817598533455545
banking77,0.25,100,mogb_minilm,MOGB MiniLM,3080,760,2320,0.9044910766817024,0.3776315789473684,0.0060344827586206,0.6223684210526316,0.9044910766817024,0.3776315789473684,-1.1102230246251563e-16,../artifacts/s2c/runs/protocol_v2_textoir_v1/mogb_baseline_v1/banking77/kir_0.25/seed_100/mogb_minilm/predictions.tsv,13.999999999999792,473.0,2306.0,0.9939655172413793,0.8297948902482908,0.9044910766817024
banking77,0.25,100,mogb_partition_ours_boundary,MOGB partition + ours,3080,760,2320,0.9207003089598352,0.6052631578947368,0.0366379310344827,0.3947368421052631,0.9207003089598352,0.6052631578947368,0.0,../artifacts/s2c/runs/protocol_v2_textoir_v1/mogb_baseline_v1/banking77/kir_0.25/seed_100/mogb_partition_ours_boundary/predictions.tsv,84.99999999999986,299.99999999999994,2235.0,0.9633620689655172,0.8816568047337278,0.9207003089598351
banking77,0.25,100,ours_partition_mogb_boundary,Ours partition + MOGB,3080,760,2320,0.9161628375654978,0.5144736842105263,0.0202586206896551,0.4855263157894737,0.9161628375654978,0.5144736842105263,0.0,../artifacts/s2c/runs/protocol_v2_textoir_v1/mogb_baseline_v1/banking77/kir_0.25/seed_100/ours_partition_mogb_boundary/predictions.tsv,46.99999999999983,369.0,2273.0,0.9797413793103448,0.860333080999243,0.9161628375654978
banking77,0.25,123,trainable_k1,Trainable K=1,3080,760,2320,0.8867710460630814,0.825,0.1577586206896551,0.175,0.8867710460630814,0.825,0.0,/home/bo/bo01/llmpy311/artifacts/s2c/runs/protocol_v2_textoir_v1/minilm_trainable_kir_sweep_extension_v1/kir_0.25/runs/banking77/seed_123/predictions.jsonl,365.99999999999983,133.0,1954.0000000000002,0.8422413793103449,0.936272160996646,0.8867710460630815
banking77,0.25,123,single_centroid,Frozen K=1,3080,760,2320,0.82273276904474,0.85,0.2668103448275862,0.15,0.82273276904474,0.85,0.0,../artifacts/s2c/runs/protocol_v2_textoir_v1/mogb_baseline_v1/banking77/kir_0.25/seed_123/single_centroid/predictions.tsv,619.0,114.0,1701.0,0.7331896551724137,0.9371900826446281,0.82273276904474
banking77,0.25,123,fixed_k2,Frozen K=2,3080,760,2320,0.8164344065353195,0.8118421052631579,0.2676724137931034,0.1881578947368421,0.8164344065353195,0.8118421052631579,0.0,../artifacts/s2c/runs/protocol_v2_textoir_v1/mogb_baseline_v1/banking77/kir_0.25/seed_123/fixed_k2/predictions.tsv,620.9999999999999,143.0,1699.0,0.7323275862068965,0.9223669923995657,0.8164344065353195
banking77,0.25,123,random_partition,Random K=2,3080,760,2320,0.8238993710691824,0.8539473684210527,0.265948275862069,0.1460526315789473,0.8238993710691824,0.8539473684210526,0.0,../artifacts/s2c/runs/protocol_v2_textoir_v1/mogb_baseline_v1/banking77/kir_0.25/seed_123/random_partition/predictions.tsv,617.0,110.99999999999994,1703.0,0.7340517241379311,0.9388092613009923,0.8238993710691824
banking77,0.25,123,mogb_minilm,MOGB MiniLM,3080,760,2320,0.9010292953285828,0.4,0.0189655172413793,0.6,0.9010292953285828,0.4,0.0,../artifacts/s2c/runs/protocol_v2_textoir_v1/mogb_baseline_v1/banking77/kir_0.25/seed_123/mogb_minilm/predictions.tsv,43.99999999999998,456.0,2276.0,0.9810344827586207,0.8330893118594437,0.9010292953285828
banking77,0.25,123,mogb_partition_ours_boundary,MOGB partition + ours,3080,760,2320,0.9153033754400496,0.6065789473684211,0.0474137931034482,0.3934210526315789,0.9153033754400496,0.6065789473684211,1.1102230246251563e-16,../artifacts/s2c/runs/protocol_v2_textoir_v1/mogb_baseline_v1/banking77/kir_0.25/seed_123/mogb_partition_ours_boundary/predictions.tsv,109.99999999999982,298.99999999999994,2210.0,0.9525862068965517,0.8808290155440415,0.9153033754400497
banking77,0.25,123,ours_partition_mogb_boundary,Ours partition + MOGB,3080,760,2320,0.8973776584761511,0.5394736842105263,0.0633620689655172,0.4605263157894737,0.8973776584761511,0.5394736842105263,0.0,../artifacts/s2c/runs/protocol_v2_textoir_v1/mogb_baseline_v1/banking77/kir_0.25/seed_123/ours_partition_mogb_boundary/predictions.tsv,146.99999999999991,350.0,2173.0,0.9366379310344828,0.8612762584225129,0.8973776584761511
banking77,0.5,13,trainable_k1,Trainable K=1,3080,1520,1560,0.8462021343377275,0.8171052631578948,0.1358974358974359,0.1828947368421052,0.8462021343377275,0.8171052631578948,0.0,/home/bo/bo01/llmpy311/artifacts/s2c/runs/protocol_v2_textoir_v1/minilm_trainable_kir_sweep_v1/kir_0.50/runs/banking77/seed_13/predictions.jsonl,211.99999999999997,277.9999999999999,1348.0,0.8641025641025641,0.8290282902829028,0.8462021343377276
banking77,0.5,13,single_centroid,Frozen K=1,3080,1520,1560,0.6906422018348624,0.8526315789473684,0.3967948717948718,0.1473684210526315,0.6906422018348624,0.8526315789473684,0.0,../artifacts/s2c/runs/protocol_v2_textoir_v1/mogb_baseline_v1/banking77/kir_0.50/seed_13/single_centroid/predictions.tsv,619.0,223.9999999999999,941.0,0.6032051282051282,0.8077253218884121,0.6906422018348624
banking77,0.5,13,fixed_k2,Frozen K=2,3080,1520,1560,0.7343804537521815,0.8335526315789473,0.3256410256410256,0.1664473684210526,0.7343804537521815,0.8335526315789474,0.0,../artifacts/s2c/runs/protocol_v2_textoir_v1/mogb_baseline_v1/banking77/kir_0.50/seed_13/fixed_k2/predictions.tsv,507.99999999999994,252.99999999999994,1052.0,0.6743589743589744,0.8061302681992337,0.7343804537521814
banking77,0.5,13,random_partition,Random K=2,3080,1520,1560,0.6940740740740741,0.8664473684210526,0.3993589743589744,0.1335526315789473,0.6940740740740741,0.8664473684210526,0.0,../artifacts/s2c/runs/protocol_v2_textoir_v1/mogb_baseline_v1/banking77/kir_0.50/seed_13/random_partition/predictions.tsv,623.0,202.99999999999991,937.0,0.6006410256410256,0.8219298245614035,0.6940740740740741
banking77,0.5,13,mogb_minilm,MOGB MiniLM,3080,1520,1560,0.7496965282835639,0.3322368421052631,0.0102564102564102,0.6677631578947368,0.7496965282835639,0.3322368421052631,0.0,../artifacts/s2c/runs/protocol_v2_textoir_v1/mogb_baseline_v1/banking77/kir_0.50/seed_13/mogb_minilm/predictions.tsv,15.999999999999911,1015.0,1544.0,0.9897435897435898,0.6033606877686596,0.7496965282835639
banking77,0.5,13,mogb_partition_ours_boundary,MOGB partition + ours,3080,1520,1560,0.7925322114120431,0.5157894736842106,0.0339743589743589,0.4842105263157895,0.7925322114120431,0.5157894736842106,0.0,../artifacts/s2c/runs/protocol_v2_textoir_v1/mogb_baseline_v1/banking77/kir_0.50/seed_13/mogb_partition_ours_boundary/predictions.tsv,52.999999999999886,736.0,1507.0,0.966025641025641,0.6718680338831922,0.7925322114120431
banking77,0.5,13,ours_partition_mogb_boundary,Ours partition + MOGB,3080,1520,1560,0.7840085859940972,0.5355263157894737,0.0634615384615384,0.4644736842105263,0.7840085859940972,0.5355263157894736,0.0,../artifacts/s2c/runs/protocol_v2_textoir_v1/mogb_baseline_v1/banking77/kir_0.50/seed_13/ours_partition_mogb_boundary/predictions.tsv,98.99999999999991,706.0,1461.0,0.9365384615384615,0.6742039686202123,0.7840085859940972
banking77,0.5,42,trainable_k1,Trainable K=1,3080,1520,1560,0.8414403032217309,0.8197368421052632,0.1461538461538461,0.1802631578947368,0.8414403032217309,0.8197368421052631,0.0,/home/bo/bo01/llmpy311/artifacts/s2c/runs/protocol_v2_textoir_v1/minilm_trainable_kir_sweep_v1/kir_0.50/runs/banking77/seed_42/predictions.jsonl,227.99999999999991,273.99999999999994,1332.0,0.8538461538461538,0.8293897882938979,0.8414403032217309
banking77,0.5,42,single_centroid,Frozen K=1,3080,1520,1560,0.7456445993031359,0.8421052631578947,0.3141025641025641,0.1578947368421052,0.7456445993031359,0.8421052631578947,0.0,../artifacts/s2c/runs/protocol_v2_textoir_v1/mogb_baseline_v1/banking77/kir_0.50/seed_42/single_centroid/predictions.tsv,490.0,239.99999999999991,1070.0,0.6858974358974359,0.816793893129771,0.7456445993031359
banking77,0.5,42,fixed_k2,Frozen K=2,3080,1520,1560,0.7649456521739131,0.8302631578947368,0.2782051282051282,0.1697368421052631,0.7649456521739131,0.8302631578947368,0.0,../artifacts/s2c/runs/protocol_v2_textoir_v1/mogb_baseline_v1/banking77/kir_0.50/seed_42/fixed_k2/predictions.tsv,434.0,257.99999999999994,1126.0,0.7217948717948718,0.8135838150289018,0.764945652173913
banking77,0.5,42,random_partition,Random K=2,3080,1520,1560,0.7263646093471281,0.8519736842105263,0.3474358974358974,0.1480263157894736,0.7263646093471281,0.8519736842105263,0.0,../artifacts/s2c/runs/protocol_v2_textoir_v1/mogb_baseline_v1/banking77/kir_0.50/seed_42/random_partition/predictions.tsv,542.0,224.99999999999986,1018.0,0.6525641025641026,0.8189863234111023,0.726364609347128
banking77,0.5,42,mogb_minilm,MOGB MiniLM,3080,1520,1560,0.7435712569093967,0.306578947368421,0.0083333333333333,0.6934210526315789,0.7435712569093967,0.306578947368421,0.0,../artifacts/s2c/runs/protocol_v2_textoir_v1/mogb_baseline_v1/banking77/kir_0.50/seed_42/mogb_minilm/predictions.tsv,12.999999999999948,1054.0,1547.0,0.9916666666666667,0.5947712418300654,0.7435712569093967
banking77,0.5,42,mogb_partition_ours_boundary,MOGB partition + ours,3080,1520,1560,0.7882906429691584,0.5013157894736842,0.0333333333333333,0.4986842105263158,0.7882906429691584,0.5013157894736842,0.0,../artifacts/s2c/runs/protocol_v2_textoir_v1/mogb_baseline_v1/banking77/kir_0.50/seed_42/mogb_partition_ours_boundary/predictions.tsv,51.99999999999994,758.0,1508.0,0.9666666666666667,0.6654898499558694,0.7882906429691584
banking77,0.5,42,ours_partition_mogb_boundary,Ours partition + MOGB,3080,1520,1560,0.792845702082221,0.5388157894736842,0.048076923076923,0.4611842105263158,0.792845702082221,0.5388157894736842,0.0,../artifacts/s2c/runs/protocol_v2_textoir_v1/mogb_baseline_v1/banking77/kir_0.50/seed_42/ours_partition_mogb_boundary/predictions.tsv,74.99999999999989,701.0,1485.0,0.9519230769230769,0.6793229643183898,0.792845702082221
banking77,0.5,87,trainable_k1,Trainable K=1,3080,1520,1560,0.8554480174836091,0.8203947368421053,0.1217948717948717,0.1796052631578947,0.8554480174836091,0.8203947368421053,0.0,/home/bo/bo01/llmpy311/artifacts/s2c/runs/protocol_v2_textoir_v1/minilm_trainable_kir_sweep_v1/kir_0.50/runs/banking77/seed_87/predictions.jsonl,189.99999999999986,272.99999999999994,1370.0000000000002,0.8782051282051283,0.8338405356055996,0.8554480174836092
banking77,0.5,87,single_centroid,Frozen K=1,3080,1520,1560,0.7539627842866988,0.8368421052631579,0.2987179487179487,0.1631578947368421,0.7539627842866988,0.8368421052631578,0.0,../artifacts/s2c/runs/protocol_v2_textoir_v1/mogb_baseline_v1/banking77/kir_0.50/seed_87/single_centroid/predictions.tsv,466.0,248.0,1094.0,0.7012820512820512,0.8152011922503726,0.7539627842866987
banking77,0.5,87,fixed_k2,Frozen K=2,3080,1520,1560,0.7584097859327217,0.8243421052631579,0.2846153846153846,0.1756578947368421,0.7584097859327217,0.8243421052631579,0.0,../artifacts/s2c/runs/protocol_v2_textoir_v1/mogb_baseline_v1/banking77/kir_0.50/seed_87/fixed_k2/predictions.tsv,444.0,267.0,1116.0,0.7153846153846154,0.806941431670282,0.7584097859327217
banking77,0.5,87,random_partition,Random K=2,3080,1520,1560,0.7561911405650505,0.8532894736842105,0.3051282051282051,0.1467105263157894,0.7561911405650505,0.8532894736842105,0.0,../artifacts/s2c/runs/protocol_v2_textoir_v1/mogb_baseline_v1/banking77/kir_0.50/seed_87/random_partition/predictions.tsv,475.99999999999994,222.9999999999999,1084.0,0.6948717948717948,0.8293802601377199,0.7561911405650504
banking77,0.5,87,mogb_minilm,MOGB MiniLM,3080,1520,1560,0.7592275727206063,0.356578947368421,0.0044871794871794,0.6434210526315789,0.7592275727206063,0.3565789473684211,0.0,../artifacts/s2c/runs/protocol_v2_textoir_v1/mogb_baseline_v1/banking77/kir_0.50/seed_87/mogb_minilm/predictions.tsv,6.999999999999864,977.9999999999999,1553.0000000000002,0.9955128205128206,0.6135914658237852,0.7592275727206064
banking77,0.5,87,mogb_partition_ours_boundary,MOGB partition + ours,3080,1520,1560,0.807315133845746,0.5460526315789473,0.0237179487179487,0.4539473684210526,0.807315133845746,0.5460526315789473,0.0,../artifacts/s2c/runs/protocol_v2_textoir_v1/mogb_baseline_v1/banking77/kir_0.50/seed_87/mogb_partition_ours_boundary/predictions.tsv,36.99999999999997,690.0,1523.0,0.9762820512820513,0.6882060551287844,0.8073151338457462
banking77,0.5,87,ours_partition_mogb_boundary,Ours partition + MOGB,3080,1520,1560,0.7970045466702327,0.5467105263157894,0.0448717948717948,0.4532894736842105,0.7970045466702327,0.5467105263157894,0.0,../artifacts/s2c/runs/protocol_v2_textoir_v1/mogb_baseline_v1/banking77/kir_0.50/seed_87/ours_partition_mogb_boundary/predictions.tsv,69.99999999999989,689.0,1490.0,0.9551282051282052,0.6837999082147774,0.7970045466702328
banking77,0.5,100,trainable_k1,Trainable K=1,3080,1520,1560,0.8259473346178549,0.8236842105263158,0.1756410256410256,0.1763157894736842,0.8259473346178549,0.8236842105263158,0.0,/home/bo/bo01/llmpy311/artifacts/s2c/runs/protocol_v2_textoir_v1/minilm_trainable_kir_sweep_extension_v1/kir_0.50/runs/banking77/seed_100/predictions.jsonl,273.99999999999994,268.0,1286.0,0.8243589743589743,0.8275418275418276,0.8259473346178549
banking77,0.5,100,single_centroid,Frozen K=1,3080,1520,1560,0.7304534094966083,0.8565789473684211,0.3442307692307692,0.1434210526315789,0.7304534094966083,0.8565789473684211,0.0,../artifacts/s2c/runs/protocol_v2_textoir_v1/mogb_baseline_v1/banking77/kir_0.50/seed_100/single_centroid/predictions.tsv,536.9999999999999,217.99999999999991,1023.0000000000001,0.6557692307692309,0.8243352135374699,0.7304534094966085
banking77,0.5,100,fixed_k2,Frozen K=2,3080,1520,1560,0.783212161269002,0.8151315789473684,0.2403846153846154,0.1848684210526315,0.783212161269002,0.8151315789473684,0.0,../artifacts/s2c/runs/protocol_v2_textoir_v1/mogb_baseline_v1/banking77/kir_0.50/seed_100/fixed_k2/predictions.tsv,375.0,280.9999999999999,1185.0,0.7596153846153846,0.8083219645293315,0.7832121612690021
banking77,0.5,100,random_partition,Random K=2,3080,1520,1560,0.7137681159420289,0.8585526315789473,0.3685897435897436,0.1414473684210526,0.7137681159420289,0.8585526315789473,0.0,../artifacts/s2c/runs/protocol_v2_textoir_v1/mogb_baseline_v1/banking77/kir_0.50/seed_100/random_partition/predictions.tsv,575.0,214.99999999999994,985.0,0.6314102564102564,0.8208333333333333,0.7137681159420289
banking77,0.5,100,mogb_minilm,MOGB MiniLM,3080,1520,1560,0.7444901913296198,0.3210526315789473,0.0147435897435897,0.6789473684210526,0.7444901913296198,0.3210526315789473,0.0,../artifacts/s2c/runs/protocol_v2_textoir_v1/mogb_baseline_v1/banking77/kir_0.50/seed_100/mogb_minilm/predictions.tsv,22.999999999999932,1032.0,1537.0,0.9852564102564103,0.5982872713117945,0.7444901913296199
banking77,0.5,100,mogb_partition_ours_boundary,MOGB partition + ours,3080,1520,1560,0.7884665792922674,0.5059210526315789,0.0358974358974358,0.494078947368421,0.7884665792922674,0.5059210526315789,0.0,../artifacts/s2c/runs/protocol_v2_textoir_v1/mogb_baseline_v1/banking77/kir_0.50/seed_100/mogb_partition_ours_boundary/predictions.tsv,55.999999999999844,750.9999999999999,1504.0000000000002,0.9641025641025642,0.6669623059866964,0.7884665792922676
banking77,0.5,100,ours_partition_mogb_boundary,Ours partition + MOGB,3080,1520,1560,0.7932755450485947,0.5151315789473684,0.032051282051282,0.4848684210526315,0.7932755450485947,0.5151315789473685,0.0,../artifacts/s2c/runs/protocol_v2_textoir_v1/mogb_baseline_v1/banking77/kir_0.50/seed_100/ours_partition_mogb_boundary/predictions.tsv,49.99999999999992,736.9999999999999,1510.0,0.967948717948718,0.6720071206052515,0.7932755450485948
banking77,0.5,123,trainable_k1,Trainable K=1,3080,1520,1560,0.809165302782324,0.8296052631578947,0.2076923076923077,0.1703947368421052,0.809165302782324,0.8296052631578947,0.0,/home/bo/bo01/llmpy311/artifacts/s2c/runs/protocol_v2_textoir_v1/minilm_trainable_kir_sweep_extension_v1/kir_0.50/runs/banking77/seed_123/predictions.jsonl,324.0,258.99999999999994,1236.0,0.7923076923076923,0.8267558528428094,0.809165302782324
banking77,0.5,123,single_centroid,Frozen K=1,3080,1520,1560,0.7006977598237238,0.8625,0.3884615384615384,0.1375,0.7006977598237238,0.8625,0.0,../artifacts/s2c/runs/protocol_v2_textoir_v1/mogb_baseline_v1/banking77/kir_0.50/seed_123/single_centroid/predictions.tsv,605.9999999999999,209.00000000000003,954.0000000000001,0.6115384615384616,0.820292347377472,0.700697759823724
banking77,0.5,123,fixed_k2,Frozen K=2,3080,1520,1560,0.7321304649548924,0.8243421052631579,0.3237179487179487,0.1756578947368421,0.7321304649548924,0.8243421052631579,0.0,../artifacts/s2c/runs/protocol_v2_textoir_v1/mogb_baseline_v1/banking77/kir_0.50/seed_123/fixed_k2/predictions.tsv,504.99999999999994,267.0,1055.0,0.6762820512820513,0.7980332829046899,0.7321304649548924
banking77,0.5,123,random_partition,Random K=2,3080,1520,1560,0.6907063197026022,0.8677631578947368,0.4044871794871795,0.1322368421052631,0.6907063197026022,0.8677631578947369,0.0,../artifacts/s2c/runs/protocol_v2_textoir_v1/mogb_baseline_v1/banking77/kir_0.50/seed_123/random_partition/predictions.tsv,631.0,200.99999999999991,929.0,0.5955128205128205,0.8221238938053097,0.6907063197026021
banking77,0.5,123,mogb_minilm,MOGB MiniLM,3080,1520,1560,0.7526987242394504,0.3539473684210526,0.0166666666666666,0.6460526315789473,0.7526987242394504,0.3539473684210527,0.0,../artifacts/s2c/runs/protocol_v2_textoir_v1/mogb_baseline_v1/banking77/kir_0.50/seed_123/mogb_minilm/predictions.tsv,25.999999999999897,981.9999999999999,1534.0,0.9833333333333333,0.609697933227345,0.7526987242394505
banking77,0.5,123,mogb_partition_ours_boundary,MOGB partition + ours,3080,1520,1560,0.7932692307692307,0.5401315789473684,0.048076923076923,0.4598684210526316,0.7932692307692307,0.5401315789473684,0.0,../artifacts/s2c/runs/protocol_v2_textoir_v1/mogb_baseline_v1/banking77/kir_0.50/seed_123/mogb_partition_ours_boundary/predictions.tsv,74.99999999999989,699.0,1485.0,0.9519230769230769,0.679945054945055,0.7932692307692308
banking77,0.5,123,ours_partition_mogb_boundary,Ours partition + MOGB,3080,1520,1560,0.7758389261744967,0.5263157894736842,0.0737179487179487,0.4736842105263157,0.7758389261744967,0.5263157894736843,0.0,../artifacts/s2c/runs/protocol_v2_textoir_v1/mogb_baseline_v1/banking77/kir_0.50/seed_123/ours_partition_mogb_boundary/predictions.tsv,114.99999999999999,719.9999999999999,1445.0,0.9262820512820513,0.6674364896073903,0.7758389261744967
banking77,0.75,13,trainable_k1,Trainable K=1,3080,2320,760,0.6601269474899019,0.8271551724137931,0.2473684210526315,0.1728448275862069,0.6601269474899019,0.8271551724137931,0.0,/home/bo/bo01/llmpy311/artifacts/s2c/runs/protocol_v2_textoir_v1/minilm_trainable_kir_sweep_v1/kir_0.75/runs/banking77/seed_13/predictions.jsonl,187.99999999999994,401.0,572.0,0.7526315789473684,0.5878725590955807,0.6601269474899019
banking77,0.75,13,single_centroid,Frozen K=1,3080,2320,760,0.4677533664068037,0.8616379310344827,0.5657894736842105,0.1383620689655172,0.4677533664068037,0.8616379310344827,0.0,../artifacts/s2c/runs/protocol_v2_textoir_v1/mogb_baseline_v1/banking77/kir_0.75/seed_13/single_centroid/predictions.tsv,430.0,320.9999999999999,330.0,0.4342105263157895,0.5069124423963135,0.4677533664068037
banking77,0.75,13,fixed_k2,Frozen K=2,3080,2320,760,0.5487959442332065,0.834051724137931,0.4302631578947368,0.1659482758620689,0.5487959442332065,0.834051724137931,0.0,../artifacts/s2c/runs/protocol_v2_textoir_v1/mogb_baseline_v1/banking77/kir_0.75/seed_13/fixed_k2/predictions.tsv,326.99999999999994,384.99999999999983,433.00000000000006,0.5697368421052632,0.5293398533007336,0.5487959442332067
banking77,0.75,13,random_partition,Random K=2,3080,2320,760,0.464,0.8724137931034482,0.5802631578947368,0.1275862068965517,0.464,0.8724137931034482,0.0,../artifacts/s2c/runs/protocol_v2_textoir_v1/mogb_baseline_v1/banking77/kir_0.75/seed_13/random_partition/predictions.tsv,441.0,295.99999999999994,319.0,0.41973684210526313,0.5186991869918699,0.464
banking77,0.75,13,mogb_minilm,MOGB MiniLM,3080,2320,760,0.4772510340439071,0.2961206896551724,0.0131578947368421,0.7038793103448275,0.4772510340439071,0.2961206896551724,0.0,../artifacts/s2c/runs/protocol_v2_textoir_v1/mogb_baseline_v1/banking77/kir_0.75/seed_13/mogb_minilm/predictions.tsv,9.999999999999995,1632.9999999999998,750.0,0.9868421052631579,0.31472933277381454,0.47725103404390706
banking77,0.75,13,mogb_partition_ours_boundary,MOGB partition + ours,3080,2320,760,0.5330882352941176,0.4676724137931034,0.0460526315789473,0.5323275862068966,0.5330882352941176,0.4676724137931034,0.0,../artifacts/s2c/runs/protocol_v2_textoir_v1/mogb_baseline_v1/banking77/kir_0.75/seed_13/mogb_partition_ours_boundary/predictions.tsv,34.99999999999995,1235.0,725.0,0.9539473684210527,0.36989795918367346,0.5330882352941176
banking77,0.75,13,ours_partition_mogb_boundary,Ours partition + MOGB,3080,2320,760,0.5444400159426066,0.5405172413793103,0.1013157894736842,0.4594827586206896,0.5444400159426066,0.5405172413793103,0.0,../artifacts/s2c/runs/protocol_v2_textoir_v1/mogb_baseline_v1/banking77/kir_0.75/seed_13/ours_partition_mogb_boundary/predictions.tsv,77.0,1065.9999999999998,683.0,0.8986842105263158,0.39050886220697545,0.5444400159426066
banking77,0.75,42,trainable_k1,Trainable K=1,3080,2320,760,0.7272727272727273,0.8297413793103449,0.131578947368421,0.1702586206896551,0.7272727272727273,0.8297413793103449,0.0,/home/bo/bo01/llmpy311/artifacts/s2c/runs/protocol_v2_textoir_v1/minilm_trainable_kir_sweep_v1/kir_0.75/runs/banking77/seed_42/predictions.jsonl,99.99999999999996,394.99999999999983,660.0,0.868421052631579,0.6255924170616115,0.7272727272727274
banking77,0.75,42,single_centroid,Frozen K=1,3080,2320,760,0.5716180371352785,0.8633620689655173,0.4328947368421053,0.1366379310344827,0.5716180371352785,0.8633620689655173,0.0,../artifacts/s2c/runs/protocol_v2_textoir_v1/mogb_baseline_v1/banking77/kir_0.75/seed_42/single_centroid/predictions.tsv,329.0,316.9999999999999,431.0,0.5671052631578948,0.5762032085561498,0.5716180371352786
banking77,0.75,42,fixed_k2,Frozen K=2,3080,2320,760,0.6131736526946108,0.8284482758620689,0.3263157894736842,0.171551724137931,0.6131736526946108,0.8284482758620689,0.0,../artifacts/s2c/runs/protocol_v2_textoir_v1/mogb_baseline_v1/banking77/kir_0.75/seed_42/fixed_k2/predictions.tsv,248.0,397.9999999999999,512.0,0.6736842105263158,0.5626373626373627,0.6131736526946109
banking77,0.75,42,random_partition,Random K=2,3080,2320,760,0.5775401069518716,0.8689655172413793,0.431578947368421,0.1310344827586207,0.5775401069518716,0.8689655172413793,0.0,../artifacts/s2c/runs/protocol_v2_textoir_v1/mogb_baseline_v1/banking77/kir_0.75/seed_42/random_partition/predictions.tsv,327.99999999999994,304.0,432.00000000000006,0.568421052631579,0.5869565217391305,0.5775401069518717
banking77,0.75,42,mogb_minilm,MOGB MiniLM,3080,2320,760,0.4733207784055241,0.2793103448275862,0.0078947368421052,0.7206896551724138,0.4733207784055241,0.2793103448275862,5.551115123125783e-17,../artifacts/s2c/runs/protocol_v2_textoir_v1/mogb_baseline_v1/banking77/kir_0.75/seed_42/mogb_minilm/predictions.tsv,5.999999999999951,1672.0,754.0,0.9921052631578947,0.3107996702390767,0.4733207784055242
banking77,0.75,42,mogb_partition_ours_boundary,MOGB partition + ours,3080,2320,760,0.5281539558089807,0.4375,0.025,0.5625,0.5281539558089807,0.4375,0.0,../artifacts/s2c/runs/protocol_v2_textoir_v1/mogb_baseline_v1/banking77/kir_0.75/seed_42/mogb_partition_ours_boundary/predictions.tsv,19.0,1305.0,741.0,0.975,0.3621700879765396,0.5281539558089808
banking77,0.75,42,ours_partition_mogb_boundary,Ours partition + MOGB,3080,2320,760,0.5496062992125984,0.5336206896551724,0.081578947368421,0.4663793103448276,0.5496062992125984,0.5336206896551724,0.0,../artifacts/s2c/runs/protocol_v2_textoir_v1/mogb_baseline_v1/banking77/kir_0.75/seed_42/ours_partition_mogb_boundary/predictions.tsv,61.99999999999996,1082.0,698.0,0.9184210526315789,0.3921348314606742,0.5496062992125984
banking77,0.75,87,trainable_k1,Trainable K=1,3080,2320,760,0.6984478935698448,0.821551724137931,0.1710526315789473,0.1784482758620689,0.6984478935698448,0.8215517241379311,0.0,/home/bo/bo01/llmpy311/artifacts/s2c/runs/protocol_v2_textoir_v1/minilm_trainable_kir_sweep_v1/kir_0.75/runs/banking77/seed_87/predictions.jsonl,129.99999999999994,413.9999999999999,630.0,0.8289473684210527,0.603448275862069,0.6984478935698447
banking77,0.75,87,single_centroid,Frozen K=1,3080,2320,760,0.5678524374176548,0.8590517241379311,0.4328947368421053,0.1409482758620689,0.5678524374176548,0.8590517241379311,0.0,../artifacts/s2c/runs/protocol_v2_textoir_v1/mogb_baseline_v1/banking77/kir_0.75/seed_87/single_centroid/predictions.tsv,329.0,326.99999999999983,431.0,0.5671052631578948,0.5686015831134567,0.5678524374176549
banking77,0.75,87,fixed_k2,Frozen K=2,3080,2320,760,0.6058394160583942,0.8336206896551724,0.3447368421052632,0.1663793103448275,0.6058394160583942,0.8336206896551724,0.0,../artifacts/s2c/runs/protocol_v2_textoir_v1/mogb_baseline_v1/banking77/kir_0.75/seed_87/fixed_k2/predictions.tsv,262.0,385.99999999999983,498.0,0.6552631578947369,0.5633484162895929,0.6058394160583942
banking77,0.75,87,random_partition,Random K=2,3080,2320,760,0.5516304347826086,0.868103448275862,0.4657894736842105,0.1318965517241379,0.5516304347826086,0.868103448275862,0.0,../artifacts/s2c/runs/protocol_v2_textoir_v1/mogb_baseline_v1/banking77/kir_0.75/seed_87/random_partition/predictions.tsv,353.99999999999994,305.9999999999999,406.00000000000006,0.5342105263157896,0.5702247191011237,0.5516304347826088
banking77,0.75,87,mogb_minilm,MOGB MiniLM,3080,2320,760,0.4827365728900256,0.3047413793103448,0.006578947368421,0.6952586206896552,0.4827365728900256,0.3047413793103448,0.0,../artifacts/s2c/runs/protocol_v2_textoir_v1/mogb_baseline_v1/banking77/kir_0.75/seed_87/mogb_minilm/predictions.tsv,4.99999999999996,1613.0,755.0,0.993421052631579,0.3188344594594595,0.4827365728900256
banking77,0.75,87,mogb_partition_ours_boundary,MOGB partition + ours,3080,2320,760,0.5405201658499812,0.493103448275862,0.056578947368421,0.506896551724138,0.5405201658499812,0.493103448275862,0.0,../artifacts/s2c/runs/protocol_v2_textoir_v1/mogb_baseline_v1/banking77/kir_0.75/seed_87/mogb_partition_ours_boundary/predictions.tsv,42.99999999999996,1176.0,717.0,0.9434210526315789,0.3787638668779715,0.5405201658499812
banking77,0.75,87,ours_partition_mogb_boundary,Ours partition + MOGB,3080,2320,760,0.5565217391304348,0.5405172413793103,0.0736842105263157,0.4594827586206896,0.5565217391304348,0.5405172413793103,0.0,../artifacts/s2c/runs/protocol_v2_textoir_v1/mogb_baseline_v1/banking77/kir_0.75/seed_87/ours_partition_mogb_boundary/predictions.tsv,55.99999999999993,1065.9999999999998,704.0000000000001,0.9263157894736843,0.39774011299435036,0.5565217391304349
banking77,0.75,100,trainable_k1,Trainable K=1,3080,2320,760,0.6801573917931422,0.821551724137931,0.2039473684210526,0.1784482758620689,0.6801573917931422,0.8215517241379311,0.0,/home/bo/bo01/llmpy311/artifacts/s2c/runs/protocol_v2_textoir_v1/minilm_trainable_kir_sweep_extension_v1/kir_0.75/runs/banking77/seed_100/predictions.jsonl,154.99999999999997,413.9999999999999,605.0,0.7960526315789473,0.5937193326790973,0.6801573917931423
banking77,0.75,100,single_centroid,Frozen K=1,3080,2320,760,0.5380434782608695,0.8637931034482759,0.4789473684210526,0.1362068965517241,0.5380434782608695,0.8637931034482759,0.0,../artifacts/s2c/runs/protocol_v2_textoir_v1/mogb_baseline_v1/banking77/kir_0.75/seed_100/single_centroid/predictions.tsv,364.0,315.99999999999994,396.0,0.5210526315789473,0.5561797752808989,0.5380434782608695
banking77,0.75,100,fixed_k2,Frozen K=2,3080,2320,760,0.5937122128174124,0.8262931034482759,0.3539473684210526,0.1737068965517241,0.5937122128174124,0.8262931034482759,0.0,../artifacts/s2c/runs/protocol_v2_textoir_v1/mogb_baseline_v1/banking77/kir_0.75/seed_100/fixed_k2/predictions.tsv,269.0,402.99999999999994,491.0,0.6460526315789473,0.5492170022371364,0.5937122128174123
banking77,0.75,100,random_partition,Random K=2,3080,2320,760,0.5431928127159641,0.8732758620689656,0.4828947368421052,0.1267241379310345,0.5431928127159641,0.8732758620689656,0.0,../artifacts/s2c/runs/protocol_v2_textoir_v1/mogb_baseline_v1/banking77/kir_0.75/seed_100/random_partition/predictions.tsv,366.99999999999994,294.0,393.00000000000006,0.5171052631578948,0.572052401746725,0.5431928127159641
banking77,0.75,100,mogb_minilm,MOGB MiniLM,3080,2320,760,0.4722831193235202,0.2762931034482758,0.0078947368421052,0.7237068965517242,0.4722831193235202,0.2762931034482758,0.0,../artifacts/s2c/runs/protocol_v2_textoir_v1/mogb_baseline_v1/banking77/kir_0.75/seed_100/mogb_minilm/predictions.tsv,5.999999999999951,1679.0,754.0,0.9921052631578947,0.3099054665022606,0.4722831193235202
banking77,0.75,100,mogb_partition_ours_boundary,MOGB partition + ours,3080,2320,760,0.5249632892804699,0.4616379310344827,0.0592105263157894,0.5383620689655172,0.5249632892804699,0.4616379310344828,0.0,../artifacts/s2c/runs/protocol_v2_textoir_v1/mogb_baseline_v1/banking77/kir_0.75/seed_100/mogb_partition_ours_boundary/predictions.tsv,44.99999999999994,1249.0,715.0,0.9407894736842105,0.3640529531568228,0.52496328928047
banking77,0.75,100,ours_partition_mogb_boundary,Ours partition + MOGB,3080,2320,760,0.5486518171160609,0.5271551724137931,0.0763157894736842,0.4728448275862069,0.5486518171160609,0.5271551724137931,0.0,../artifacts/s2c/runs/protocol_v2_textoir_v1/mogb_baseline_v1/banking77/kir_0.75/seed_100/ours_partition_mogb_boundary/predictions.tsv,57.99999999999999,1097.0,702.0,0.9236842105263158,0.39021678710394664,0.5486518171160609
banking77,0.75,123,trainable_k1,Trainable K=1,3080,2320,760,0.6666666666666666,0.8206896551724138,0.2263157894736842,0.1793103448275862,0.6666666666666666,0.8206896551724138,0.0,/home/bo/bo01/llmpy311/artifacts/s2c/runs/protocol_v2_textoir_v1/minilm_trainable_kir_sweep_extension_v1/kir_0.75/runs/banking77/seed_123/predictions.jsonl,172.0,416.0,588.0,0.7736842105263158,0.5856573705179283,0.6666666666666667
banking77,0.75,123,single_centroid,Frozen K=1,3080,2320,760,0.5377685377685377,0.8728448275862069,0.4894736842105263,0.1271551724137931,0.5377685377685377,0.8728448275862069,0.0,../artifacts/s2c/runs/protocol_v2_textoir_v1/mogb_baseline_v1/banking77/kir_0.75/seed_123/single_centroid/predictions.tsv,372.0,295.0,388.0,0.5105263157894737,0.568081991215227,0.5377685377685377
banking77,0.75,123,fixed_k2,Frozen K=2,3080,2320,760,0.6040268456375839,0.8344827586206897,0.3486842105263157,0.1655172413793103,0.6040268456375839,0.8344827586206897,0.0,../artifacts/s2c/runs/protocol_v2_textoir_v1/mogb_baseline_v1/banking77/kir_0.75/seed_123/fixed_k2/predictions.tsv,264.99999999999994,383.9999999999999,495.00000000000006,0.6513157894736843,0.5631399317406144,0.604026845637584
banking77,0.75,123,random_partition,Random K=2,3080,2320,760,0.5325779036827195,0.8810344827586207,0.5052631578947369,0.1189655172413793,0.5325779036827195,0.8810344827586207,0.0,../artifacts/s2c/runs/protocol_v2_textoir_v1/mogb_baseline_v1/banking77/kir_0.75/seed_123/random_partition/predictions.tsv,384.0,276.0,376.0,0.49473684210526314,0.5766871165644172,0.5325779036827196
banking77,0.75,123,mogb_minilm,MOGB MiniLM,3080,2320,760,0.4761306532663316,0.2818965517241379,0.0026315789473684,0.718103448275862,0.4761306532663316,0.2818965517241379,5.551115123125783e-17,../artifacts/s2c/runs/protocol_v2_textoir_v1/mogb_baseline_v1/banking77/kir_0.75/seed_123/mogb_minilm/predictions.tsv,1.9999999999999842,1666.0,758.0,0.9973684210526316,0.3127062706270627,0.4761306532663317
banking77,0.75,123,mogb_partition_ours_boundary,MOGB partition + ours,3080,2320,760,0.5299326957137797,0.4331896551724138,0.0157894736842105,0.5668103448275862,0.5299326957137797,0.4331896551724138,0.0,../artifacts/s2c/runs/protocol_v2_textoir_v1/mogb_baseline_v1/banking77/kir_0.75/seed_123/mogb_partition_ours_boundary/predictions.tsv,11.999999999999979,1315.0,748.0,0.9842105263157894,0.36257876878332523,0.5299326957137797
banking77,0.75,123,ours_partition_mogb_boundary,Ours partition + MOGB,3080,2320,760,0.5543307086614173,0.5362068965517242,0.0736842105263157,0.4637931034482758,0.5543307086614173,0.5362068965517242,0.0,../artifacts/s2c/runs/protocol_v2_textoir_v1/mogb_baseline_v1/banking77/kir_0.75/seed_123/ours_partition_mogb_boundary/predictions.tsv,55.99999999999993,1075.9999999999998,704.0000000000001,0.9263157894736843,0.39550561797752815,0.5543307086614174
stackoverflow,0.25,13,trainable_k1,Trainable K=1,6000,1500,4500,0.9348581679560488,0.8333333333333334,0.0735555555555555,0.1666666666666666,0.9348581679560488,0.8333333333333334,1.1102230246251563e-16,/home/bo/bo01/llmpy311/artifacts/s2c/runs/protocol_v2_textoir_v1/minilm_trainable_kir_sweep_v1/kir_0.25/runs/stackoverflow/seed_13/predictions.jsonl,330.9999999999998,249.99999999999991,4169.0,0.9264444444444444,0.9434261145055443,0.9348581679560489
stackoverflow,0.25,13,single_centroid,Frozen K=1,6000,1500,4500,0.9306841273425152,0.8426666666666667,0.084,0.1573333333333333,0.9306841273425152,0.8426666666666667,1.1102230246251563e-16,../artifacts/s2c/runs/protocol_v2_textoir_v1/mogb_baseline_v1/stackoverflow/kir_0.25/seed_13/single_centroid/predictions.tsv,378.0,235.99999999999994,4122.0,0.916,0.9458467186782928,0.9306841273425153
stackoverflow,0.25,13,fixed_k2,Frozen K=2,6000,1500,4500,0.8651577173127859,0.858,0.2015555555555555,0.142,0.8651577173127859,0.858,0.0,../artifacts/s2c/runs/protocol_v2_textoir_v1/mogb_baseline_v1/stackoverflow/kir_0.25/seed_13/fixed_k2/predictions.tsv,906.9999999999997,212.99999999999997,3593.0000000000005,0.7984444444444445,0.9440357330530741,0.865157717312786
stackoverflow,0.25,13,random_partition,Random K=2,6000,1500,4500,0.9301641199773628,0.8493333333333334,0.0868888888888888,0.1506666666666666,0.9301641199773628,0.8493333333333333,0.0,../artifacts/s2c/runs/protocol_v2_textoir_v1/mogb_baseline_v1/stackoverflow/kir_0.25/seed_13/random_partition/predictions.tsv,390.99999999999955,225.9999999999999,4109.0,0.9131111111111111,0.9478662053056517,0.9301641199773629
stackoverflow,0.25,13,mogb_minilm,MOGB MiniLM,6000,1500,4500,0.8917312921744385,0.332,0.0162222222222222,0.668,0.8917312921744385,0.3319999999999999,0.0,../artifacts/s2c/runs/protocol_v2_textoir_v1/mogb_baseline_v1/stackoverflow/kir_0.25/seed_13/mogb_minilm/predictions.tsv,72.9999999999999,1002.0000000000001,4427.0,0.9837777777777778,0.8154356235034076,0.8917312921744385
stackoverflow,0.25,13,mogb_partition_ours_boundary,MOGB partition + ours,6000,1500,4500,0.9219723366064828,0.5966666666666667,0.0297777777777777,0.4033333333333333,0.9219723366064828,0.5966666666666667,1.1102230246251563e-16,../artifacts/s2c/runs/protocol_v2_textoir_v1/mogb_baseline_v1/stackoverflow/kir_0.25/seed_13/mogb_partition_ours_boundary/predictions.tsv,133.99999999999966,605.0,4366.0,0.9702222222222222,0.8782941058137196,0.9219723366064829
stackoverflow,0.25,13,ours_partition_mogb_boundary,Ours partition + MOGB,6000,1500,4500,0.9100874881416676,0.5533333333333333,0.0406666666666666,0.4466666666666666,0.9100874881416676,0.5533333333333333,-1.1102230246251563e-16,../artifacts/s2c/runs/protocol_v2_textoir_v1/mogb_baseline_v1/stackoverflow/kir_0.25/seed_13/ours_partition_mogb_boundary/predictions.tsv,182.99999999999972,669.9999999999999,4317.0,0.9593333333333334,0.8656506917986766,0.9100874881416675
stackoverflow,0.25,42,trainable_k1,Trainable K=1,6000,1500,4500,0.9546207353428288,0.844,0.0393333333333333,0.156,0.9546207353428288,0.844,0.0,/home/bo/bo01/llmpy311/artifacts/s2c/runs/protocol_v2_textoir_v1/minilm_trainable_kir_sweep_v1/kir_0.25/runs/stackoverflow/seed_42/predictions.jsonl,176.99999999999983,234.0,4323.0,0.9606666666666667,0.9486504279131007,0.9546207353428289
stackoverflow,0.25,42,single_centroid,Frozen K=1,6000,1500,4500,0.8451644818204304,0.8873333333333333,0.2406666666666666,0.1126666666666666,0.8451644818204304,0.8873333333333333,0.0,../artifacts/s2c/runs/protocol_v2_textoir_v1/mogb_baseline_v1/stackoverflow/kir_0.25/seed_42/single_centroid/predictions.tsv,1082.9999999999998,168.9999999999999,3417.0,0.7593333333333333,0.95287228109314,0.8451644818204305
stackoverflow,0.25,42,fixed_k2,Frozen K=2,6000,1500,4500,0.8346554288547348,0.866,0.2517777777777777,0.134,0.8346554288547348,0.866,0.0,../artifacts/s2c/runs/protocol_v2_textoir_v1/mogb_baseline_v1/stackoverflow/kir_0.25/seed_42/fixed_k2/predictions.tsv,1132.9999999999998,201.0,3367.0,0.7482222222222222,0.9436659192825112,0.8346554288547349
stackoverflow,0.25,42,random_partition,Random K=2,6000,1500,4500,0.8359775140537165,0.894,0.2564444444444444,0.106,0.8359775140537165,0.894,0.0,../artifacts/s2c/runs/protocol_v2_textoir_v1/mogb_baseline_v1/stackoverflow/kir_0.25/seed_42/random_partition/predictions.tsv,1154.0,159.0,3346.0,0.7435555555555555,0.9546362339514979,0.8359775140537163
stackoverflow,0.25,42,mogb_minilm,MOGB MiniLM,6000,1500,4500,0.8921178343949044,0.2893333333333333,0.004,0.7106666666666667,0.8921178343949044,0.2893333333333333,0.0,../artifacts/s2c/runs/protocol_v2_textoir_v1/mogb_baseline_v1/stackoverflow/kir_0.25/seed_42/mogb_minilm/predictions.tsv,18.0,1066.0,4482.0,0.996,0.807858687815429,0.8921178343949044
stackoverflow,0.25,42,mogb_partition_ours_boundary,MOGB partition + ours,6000,1500,4500,0.924728962312855,0.5286666666666666,0.0048888888888888,0.4713333333333333,0.924728962312855,0.5286666666666666,0.0,../artifacts/s2c/runs/protocol_v2_textoir_v1/mogb_baseline_v1/stackoverflow/kir_0.25/seed_42/mogb_partition_ours_boundary/predictions.tsv,21.999999999999602,707.0,4478.0,0.9951111111111111,0.8636451301832209,0.924728962312855
stackoverflow,0.25,42,ours_partition_mogb_boundary,Ours partition + MOGB,6000,1500,4500,0.9005748350010645,0.5573333333333333,0.06,0.4426666666666666,0.9005748350010645,0.5573333333333333,0.0,../artifacts/s2c/runs/protocol_v2_textoir_v1/mogb_baseline_v1/stackoverflow/kir_0.25/seed_42/ours_partition_mogb_boundary/predictions.tsv,270.0,663.9999999999999,4230.0,0.94,0.8643236616264814,0.9005748350010646
stackoverflow,0.25,87,trainable_k1,Trainable K=1,6000,1500,4500,0.961905807443188,0.848,0.0264444444444444,0.152,0.961905807443188,0.848,1.1102230246251563e-16,/home/bo/bo01/llmpy311/artifacts/s2c/runs/protocol_v2_textoir_v1/minilm_trainable_kir_sweep_v1/kir_0.25/runs/stackoverflow/seed_87/predictions.jsonl,118.9999999999998,228.0,4381.0,0.9735555555555555,0.9505315686699934,0.961905807443188
stackoverflow,0.25,87,single_centroid,Frozen K=1,6000,1500,4500,0.8905607147055367,0.854,0.1582222222222222,0.146,0.8905607147055367,0.854,0.0,../artifacts/s2c/runs/protocol_v2_textoir_v1/mogb_baseline_v1/stackoverflow/kir_0.25/seed_87/single_centroid/predictions.tsv,711.9999999999999,219.0,3788.0,0.8417777777777777,0.9453456451210381,0.8905607147055367
stackoverflow,0.25,87,fixed_k2,Frozen K=2,6000,1500,4500,0.8926064576509125,0.8446666666666667,0.1522222222222222,0.1553333333333333,0.8926064576509125,0.8446666666666667,0.0,../artifacts/s2c/runs/protocol_v2_textoir_v1/mogb_baseline_v1/stackoverflow/kir_0.25/seed_87/fixed_k2/predictions.tsv,684.9999999999999,232.99999999999994,3815.0,0.8477777777777777,0.9424407114624506,0.8926064576509125
stackoverflow,0.25,87,random_partition,Random K=2,6000,1500,4500,0.888023598820059,0.8586666666666667,0.1637777777777777,0.1413333333333333,0.888023598820059,0.8586666666666667,0.0,../artifacts/s2c/runs/protocol_v2_textoir_v1/mogb_baseline_v1/stackoverflow/kir_0.25/seed_87/random_partition/predictions.tsv,736.9999999999995,211.99999999999997,3763.0000000000005,0.8362222222222223,0.9466666666666667,0.8880235988200591
stackoverflow,0.25,87,mogb_minilm,MOGB MiniLM,6000,1500,4500,0.8904790300139137,0.2786666666666667,0.0044444444444444,0.7213333333333334,0.8904790300139137,0.2786666666666666,0.0,../artifacts/s2c/runs/protocol_v2_textoir_v1/mogb_baseline_v1/stackoverflow/kir_0.25/seed_87/mogb_minilm/predictions.tsv,19.9999999999998,1082.0,4480.0,0.9955555555555555,0.8054656598345918,0.8904790300139137
stackoverflow,0.25,87,mogb_partition_ours_boundary,MOGB partition + ours,6000,1500,4500,0.9250285951960072,0.554,0.0115555555555555,0.446,0.9250285951960072,0.554,-1.1102230246251563e-16,../artifacts/s2c/runs/protocol_v2_textoir_v1/mogb_baseline_v1/stackoverflow/kir_0.25/seed_87/mogb_partition_ours_boundary/predictions.tsv,51.99999999999975,669.0,4448.0,0.9884444444444445,0.8692593316396326,0.9250285951960071
stackoverflow,0.25,87,ours_partition_mogb_boundary,Ours partition + MOGB,6000,1500,4500,0.908653846153846,0.5193333333333333,0.034,0.4806666666666667,0.908653846153846,0.5193333333333333,1.1102230246251563e-16,../artifacts/s2c/runs/protocol_v2_textoir_v1/mogb_baseline_v1/stackoverflow/kir_0.25/seed_87/ours_partition_mogb_boundary/predictions.tsv,153.0,721.0,4347.0,0.966,0.8577348066298343,0.9086538461538461
stackoverflow,0.25,100,trainable_k1,Trainable K=1,6000,1500,4500,0.9664517539066768,0.8473333333333334,0.0173333333333333,0.1526666666666666,0.9664517539066768,0.8473333333333333,0.0,/home/bo/bo01/llmpy311/artifacts/s2c/runs/protocol_v2_textoir_v1/minilm_trainable_kir_sweep_extension_v1/kir_0.25/runs/stackoverflow/seed_100/predictions.jsonl,77.99999999999986,228.9999999999999,4422.0,0.9826666666666667,0.950763276714685,0.9664517539066769
stackoverflow,0.25,100,single_centroid,Frozen K=1,6000,1500,4500,0.9333333333333332,0.8533333333333334,0.0822222222222222,0.1466666666666666,0.9333333333333332,0.8533333333333333,1.1102230246251563e-16,../artifacts/s2c/runs/protocol_v2_textoir_v1/mogb_baseline_v1/stackoverflow/kir_0.25/seed_100/single_centroid/predictions.tsv,369.9999999999999,219.99999999999991,4130.0,0.9177777777777778,0.9494252873563218,0.9333333333333333
stackoverflow,0.25,100,fixed_k2,Frozen K=2,6000,1500,4500,0.9314914645103324,0.8286666666666667,0.0784444444444444,0.1713333333333333,0.9314914645103324,0.8286666666666667,1.1102230246251563e-16,../artifacts/s2c/runs/protocol_v2_textoir_v1/mogb_baseline_v1/stackoverflow/kir_0.25/seed_100/fixed_k2/predictions.tsv,352.9999999999998,256.99999999999994,4147.0,0.9215555555555556,0.9416439600363307,0.9314914645103325
stackoverflow,0.25,100,random_partition,Random K=2,6000,1500,4500,0.9324737020699017,0.854,0.084,0.146,0.9324737020699017,0.854,-1.1102230246251563e-16,../artifacts/s2c/runs/protocol_v2_textoir_v1/mogb_baseline_v1/stackoverflow/kir_0.25/seed_100/random_partition/predictions.tsv,378.0,219.0,4122.0,0.916,0.949550794747754,0.9324737020699015
stackoverflow,0.25,100,mogb_minilm,MOGB MiniLM,6000,1500,4500,0.8927314768271841,0.3286666666666666,0.0133333333333333,0.6713333333333333,0.8927314768271841,0.3286666666666666,0.0,../artifacts/s2c/runs/protocol_v2_textoir_v1/mogb_baseline_v1/stackoverflow/kir_0.25/seed_100/mogb_minilm/predictions.tsv,59.99999999999985,1007.0,4440.0,0.9866666666666667,0.8151275931705526,0.8927314768271841
stackoverflow,0.25,100,mogb_partition_ours_boundary,MOGB partition + ours,6000,1500,4500,0.922978859024753,0.6206666666666667,0.0346666666666666,0.3793333333333333,0.922978859024753,0.6206666666666667,0.0,../artifacts/s2c/runs/protocol_v2_textoir_v1/mogb_baseline_v1/stackoverflow/kir_0.25/seed_100/mogb_partition_ours_boundary/predictions.tsv,155.99999999999972,569.0,4344.0,0.9653333333333334,0.88418481579483,0.9229788590247531
stackoverflow,0.25,100,ours_partition_mogb_boundary,Ours partition + MOGB,6000,1500,4500,0.9269510926118626,0.5626666666666666,0.0102222222222222,0.4373333333333333,0.9269510926118626,0.5626666666666666,0.0,../artifacts/s2c/runs/protocol_v2_textoir_v1/mogb_baseline_v1/stackoverflow/kir_0.25/seed_100/ours_partition_mogb_boundary/predictions.tsv,45.9999999999999,656.0,4454.0,0.9897777777777778,0.8716242661448141,0.9269510926118627
stackoverflow,0.25,123,trainable_k1,Trainable K=1,6000,1500,4500,0.9561480828558836,0.842,0.0357777777777777,0.158,0.9561480828558836,0.842,0.0,/home/bo/bo01/llmpy311/artifacts/s2c/runs/protocol_v2_textoir_v1/minilm_trainable_kir_sweep_extension_v1/kir_0.25/runs/stackoverflow/seed_123/predictions.jsonl,160.99999999999966,237.0,4339.0,0.9642222222222222,0.948208041958042,0.9561480828558836
stackoverflow,0.25,123,single_centroid,Frozen K=1,6000,1500,4500,0.8743611078093427,0.8433333333333334,0.1826666666666666,0.1566666666666666,0.8743611078093427,0.8433333333333333,0.0,../artifacts/s2c/runs/protocol_v2_textoir_v1/mogb_baseline_v1/stackoverflow/kir_0.25/seed_123/single_centroid/predictions.tsv,821.9999999999997,234.9999999999999,3678.0000000000005,0.8173333333333335,0.9399437771530795,0.8743611078093427
stackoverflow,0.25,123,fixed_k2,Frozen K=2,6000,1500,4500,0.8091622374082511,0.8633333333333333,0.2895555555555555,0.1366666666666666,0.8091622374082511,0.8633333333333333,0.0,../artifacts/s2c/runs/protocol_v2_textoir_v1/mogb_baseline_v1/stackoverflow/kir_0.25/seed_123/fixed_k2/predictions.tsv,1302.9999999999998,204.99999999999991,3197.0,0.7104444444444444,0.9397413286302175,0.809162237408251
stackoverflow,0.25,123,random_partition,Random K=2,6000,1500,4500,0.8688681502751855,0.8486666666666667,0.1931111111111111,0.1513333333333333,0.8688681502751855,0.8486666666666667,0.0,../artifacts/s2c/runs/protocol_v2_textoir_v1/mogb_baseline_v1/stackoverflow/kir_0.25/seed_123/random_partition/predictions.tsv,868.9999999999999,226.99999999999994,3631.0,0.8068888888888889,0.94116122343183,0.8688681502751855
stackoverflow,0.25,123,mogb_minilm,MOGB MiniLM,6000,1500,4500,0.9049406513137872,0.402,0.0088888888888888,0.598,0.9049406513137872,0.402,0.0,../artifacts/s2c/runs/protocol_v2_textoir_v1/mogb_baseline_v1/stackoverflow/kir_0.25/seed_123/mogb_minilm/predictions.tsv,39.9999999999996,897.0,4460.0,0.9911111111111112,0.8325555348142617,0.9049406513137871
stackoverflow,0.25,123,mogb_partition_ours_boundary,MOGB partition + ours,6000,1500,4500,0.9352716468590832,0.6553333333333333,0.0206666666666666,0.3446666666666667,0.9352716468590832,0.6553333333333333,0.0,../artifacts/s2c/runs/protocol_v2_textoir_v1/mogb_baseline_v1/stackoverflow/kir_0.25/seed_123/mogb_partition_ours_boundary/predictions.tsv,92.9999999999997,517.0,4407.0,0.9793333333333333,0.8950040617384241,0.9352716468590833
stackoverflow,0.25,123,ours_partition_mogb_boundary,Ours partition + MOGB,6000,1500,4500,0.8855254743125133,0.5146666666666667,0.0768888888888889,0.4853333333333333,0.8855254743125133,0.5146666666666666,0.0,../artifacts/s2c/runs/protocol_v2_textoir_v1/mogb_baseline_v1/stackoverflow/kir_0.25/seed_123/ours_partition_mogb_boundary/predictions.tsv,346.00000000000006,727.9999999999999,4154.0,0.9231111111111111,0.850880786562884,0.8855254743125132
stackoverflow,0.5,13,trainable_k1,Trainable K=1,6000,3000,3000,0.8565782973818541,0.8426666666666667,0.133,0.1573333333333333,0.8565782973818541,0.8426666666666667,0.0,/home/bo/bo01/llmpy311/artifacts/s2c/runs/protocol_v2_textoir_v1/minilm_trainable_kir_sweep_v1/kir_0.50/runs/stackoverflow/seed_13/predictions.jsonl,399.0,471.9999999999999,2601.0,0.867,0.8464041653107712,0.8565782973818541
stackoverflow,0.5,13,single_centroid,Frozen K=1,6000,3000,3000,0.695702897141746,0.882,0.4036666666666667,0.118,0.695702897141746,0.882,0.0,../artifacts/s2c/runs/protocol_v2_textoir_v1/mogb_baseline_v1/stackoverflow/kir_0.50/seed_13/single_centroid/predictions.tsv,1211.0,354.0,1789.0,0.5963333333333334,0.83481101259916,0.695702897141746
stackoverflow,0.5,13,fixed_k2,Frozen K=2,6000,3000,3000,0.5828933474128828,0.8816666666666667,0.54,0.1183333333333333,0.5828933474128828,0.8816666666666667,0.0,../artifacts/s2c/runs/protocol_v2_textoir_v1/mogb_baseline_v1/stackoverflow/kir_0.50/seed_13/fixed_k2/predictions.tsv,1620.0,354.9999999999999,1380.0,0.46,0.7953890489913544,0.5828933474128828
stackoverflow,0.5,13,random_partition,Random K=2,6000,3000,3000,0.6879905808477237,0.8856666666666667,0.4156666666666667,0.1143333333333333,0.6879905808477237,0.8856666666666667,0.0,../artifacts/s2c/runs/protocol_v2_textoir_v1/mogb_baseline_v1/stackoverflow/kir_0.50/seed_13/random_partition/predictions.tsv,1247.0,342.9999999999999,1753.0,0.5843333333333334,0.836354961832061,0.6879905808477237
stackoverflow,0.5,13,mogb_minilm,MOGB MiniLM,6000,3000,3000,0.7329299913569577,0.2896666666666667,0.0106666666666666,0.7103333333333334,0.7329299913569577,0.2896666666666666,0.0,../artifacts/s2c/runs/protocol_v2_textoir_v1/mogb_baseline_v1/stackoverflow/kir_0.50/seed_13/mogb_minilm/predictions.tsv,31.9999999999998,2131.0,2968.0,0.9893333333333333,0.5820749166503236,0.7329299913569577
stackoverflow,0.5,13,mogb_partition_ours_boundary,MOGB partition + ours,6000,3000,3000,0.8025267783575941,0.5466666666666666,0.026,0.4533333333333333,0.8025267783575941,0.5466666666666666,0.0,../artifacts/s2c/runs/protocol_v2_textoir_v1/mogb_baseline_v1/stackoverflow/kir_0.50/seed_13/mogb_partition_ours_boundary/predictions.tsv,78.0,1360.0,2922.0,0.974,0.6823914058851004,0.8025267783575941
stackoverflow,0.5,13,ours_partition_mogb_boundary,Ours partition + MOGB,6000,3000,3000,0.7231655101136867,0.5586666666666666,0.1836666666666666,0.4413333333333333,0.7231655101136867,0.5586666666666666,0.0,../artifacts/s2c/runs/protocol_v2_textoir_v1/mogb_baseline_v1/stackoverflow/kir_0.50/seed_13/ours_partition_mogb_boundary/predictions.tsv,550.9999999999998,1324.0,2449.0,0.8163333333333334,0.6490856082692817,0.7231655101136867
stackoverflow,0.5,42,trainable_k1,Trainable K=1,6000,3000,3000,0.8754826254826255,0.835,0.093,0.165,0.8754826254826255,0.835,0.0,/home/bo/bo01/llmpy311/artifacts/s2c/runs/protocol_v2_textoir_v1/minilm_trainable_kir_sweep_v1/kir_0.50/runs/stackoverflow/seed_42/predictions.jsonl,279.0,495.0,2721.0,0.907,0.8460820895522388,0.8754826254826255
stackoverflow,0.5,42,single_centroid,Frozen K=1,6000,3000,3000,0.7966284074605452,0.8816666666666667,0.2596666666666666,0.1183333333333333,0.7966284074605452,0.8816666666666667,0.0,../artifacts/s2c/runs/protocol_v2_textoir_v1/mogb_baseline_v1/stackoverflow/kir_0.50/seed_42/single_centroid/predictions.tsv,778.9999999999998,354.9999999999999,2221.0,0.7403333333333333,0.8621894409937888,0.7966284074605452
stackoverflow,0.5,42,fixed_k2,Frozen K=2,6000,3000,3000,0.6376229672756475,0.869,0.4706666666666667,0.131,0.6376229672756475,0.869,0.0,../artifacts/s2c/runs/protocol_v2_textoir_v1/mogb_baseline_v1/stackoverflow/kir_0.50/seed_42/fixed_k2/predictions.tsv,1412.0,393.0,1588.0,0.5293333333333333,0.8016153457849571,0.6376229672756475
stackoverflow,0.5,42,random_partition,Random K=2,6000,3000,3000,0.7910096066702919,0.8883333333333333,0.2726666666666666,0.1116666666666666,0.7910096066702919,0.8883333333333333,0.0,../artifacts/s2c/runs/protocol_v2_textoir_v1/mogb_baseline_v1/stackoverflow/kir_0.50/seed_42/random_partition/predictions.tsv,817.9999999999999,334.9999999999998,2182.0,0.7273333333333334,0.8669050456893127,0.7910096066702919
stackoverflow,0.5,42,mogb_minilm,MOGB MiniLM,6000,3000,3000,0.7316113161131611,0.2813333333333333,0.0086666666666666,0.7186666666666667,0.7316113161131611,0.2813333333333333,0.0,../artifacts/s2c/runs/protocol_v2_textoir_v1/mogb_baseline_v1/stackoverflow/kir_0.50/seed_42/mogb_minilm/predictions.tsv,25.9999999999998,2156.0,2974.0,0.9913333333333333,0.5797270955165692,0.7316113161131612
stackoverflow,0.5,42,mogb_partition_ours_boundary,MOGB partition + ours,6000,3000,3000,0.7966422962361224,0.5186666666666667,0.0193333333333333,0.4813333333333333,0.7966422962361224,0.5186666666666666,0.0,../artifacts/s2c/runs/protocol_v2_textoir_v1/mogb_baseline_v1/stackoverflow/kir_0.50/seed_42/mogb_partition_ours_boundary/predictions.tsv,57.9999999999999,1443.9999999999998,2942.0,0.9806666666666667,0.6707706338349293,0.7966422962361224
stackoverflow,0.5,42,ours_partition_mogb_boundary,Ours partition + MOGB,6000,3000,3000,0.7217314487632509,0.553,0.183,0.447,0.7217314487632509,0.5529999999999999,0.0,../artifacts/s2c/runs/protocol_v2_textoir_v1/mogb_baseline_v1/stackoverflow/kir_0.50/seed_42/ours_partition_mogb_boundary/predictions.tsv,549.0,1341.0,2451.0,0.817,0.6463607594936709,0.7217314487632509
stackoverflow,0.5,87,trainable_k1,Trainable K=1,6000,3000,3000,0.8692120227457352,0.84,0.1083333333333333,0.16,0.8692120227457352,0.84,0.0,/home/bo/bo01/llmpy311/artifacts/s2c/runs/protocol_v2_textoir_v1/minilm_trainable_kir_sweep_v1/kir_0.50/runs/stackoverflow/seed_87/predictions.jsonl,324.9999999999999,480.0,2675.0,0.8916666666666667,0.8478605388272583,0.8692120227457353
stackoverflow,0.5,87,single_centroid,Frozen K=1,6000,3000,3000,0.7661494045470949,0.8603333333333333,0.2923333333333333,0.1396666666666666,0.7661494045470949,0.8603333333333334,0.0,../artifacts/s2c/runs/protocol_v2_textoir_v1/mogb_baseline_v1/stackoverflow/kir_0.50/seed_87/single_centroid/predictions.tsv,876.9999999999999,418.99999999999983,2123.0,0.7076666666666667,0.8351691581431944,0.7661494045470949
stackoverflow,0.5,87,fixed_k2,Frozen K=2,6000,3000,3000,0.6551518761167362,0.871,0.45,0.129,0.6551518761167362,0.871,0.0,../artifacts/s2c/runs/protocol_v2_textoir_v1/mogb_baseline_v1/stackoverflow/kir_0.50/seed_87/fixed_k2/predictions.tsv,1350.0,387.0,1650.0,0.55,0.8100147275405007,0.6551518761167362
stackoverflow,0.5,87,random_partition,Random K=2,6000,3000,3000,0.7611777535441657,0.864,0.302,0.136,0.7611777535441657,0.864,0.0,../artifacts/s2c/runs/protocol_v2_textoir_v1/mogb_baseline_v1/stackoverflow/kir_0.50/seed_87/random_partition/predictions.tsv,906.0,408.00000000000006,2094.0,0.698,0.8369304556354916,0.7611777535441657
stackoverflow,0.5,87,mogb_minilm,MOGB MiniLM,6000,3000,3000,0.7312277252058498,0.2793333333333333,0.0083333333333333,0.7206666666666667,0.7312277252058498,0.2793333333333333,0.0,../artifacts/s2c/runs/protocol_v2_textoir_v1/mogb_baseline_v1/stackoverflow/kir_0.50/seed_87/mogb_minilm/predictions.tsv,24.9999999999999,2162.0,2975.0,0.9916666666666667,0.5791317889818961,0.7312277252058499
stackoverflow,0.5,87,mogb_partition_ours_boundary,MOGB partition + ours,6000,3000,3000,0.7937711577522004,0.5153333333333333,0.023,0.4846666666666667,0.7937711577522004,0.5153333333333333,0.0,../artifacts/s2c/runs/protocol_v2_textoir_v1/mogb_baseline_v1/stackoverflow/kir_0.50/seed_87/mogb_partition_ours_boundary/predictions.tsv,69.0,1454.0,2931.0,0.977,0.6684150513112885,0.7937711577522005
stackoverflow,0.5,87,ours_partition_mogb_boundary,Ours partition + MOGB,6000,3000,3000,0.7413071706824412,0.546,0.1436666666666666,0.454,0.7413071706824412,0.546,0.0,../artifacts/s2c/runs/protocol_v2_textoir_v1/mogb_baseline_v1/stackoverflow/kir_0.50/seed_87/ours_partition_mogb_boundary/predictions.tsv,430.99999999999983,1362.0,2569.0,0.8563333333333333,0.6535232765199694,0.7413071706824412
stackoverflow,0.5,100,trainable_k1,Trainable K=1,6000,3000,3000,0.9016032694121344,0.8353333333333334,0.044,0.1646666666666666,0.9016032694121344,0.8353333333333334,1.1102230246251563e-16,/home/bo/bo01/llmpy311/artifacts/s2c/runs/protocol_v2_textoir_v1/minilm_trainable_kir_sweep_extension_v1/kir_0.50/runs/stackoverflow/seed_100/predictions.jsonl,132.0,493.9999999999998,2868.0,0.956,0.8530636525877454,0.9016032694121346
stackoverflow,0.5,100,single_centroid,Frozen K=1,6000,3000,3000,0.8338152747065828,0.8573333333333333,0.183,0.1426666666666666,0.8338152747065828,0.8573333333333333,0.0,../artifacts/s2c/runs/protocol_v2_textoir_v1/mogb_baseline_v1/stackoverflow/kir_0.50/seed_100/single_centroid/predictions.tsv,549.0,427.99999999999983,2451.0,0.817,0.8513372698853768,0.8338152747065827
stackoverflow,0.5,100,fixed_k2,Frozen K=2,6000,3000,3000,0.6939931998488855,0.8476666666666667,0.3876666666666666,0.1523333333333333,0.6939931998488855,0.8476666666666667,0.0,../artifacts/s2c/runs/protocol_v2_textoir_v1/mogb_baseline_v1/stackoverflow/kir_0.50/seed_100/fixed_k2/predictions.tsv,1162.9999999999998,456.9999999999999,1837.0000000000002,0.6123333333333334,0.8007846556233654,0.6939931998488856
stackoverflow,0.5,100,random_partition,Random K=2,6000,3000,3000,0.8286252354048964,0.8596666666666667,0.1933333333333333,0.1403333333333333,0.8286252354048964,0.8596666666666667,0.0,../artifacts/s2c/runs/protocol_v2_textoir_v1/mogb_baseline_v1/stackoverflow/kir_0.50/seed_100/random_partition/predictions.tsv,579.9999999999999,420.99999999999994,2420.0,0.8066666666666666,0.8518127419922562,0.8286252354048964
stackoverflow,0.5,100,mogb_minilm,MOGB MiniLM,6000,3000,3000,0.7321494182486221,0.2746666666666666,0.0036666666666666,0.7253333333333334,0.7321494182486221,0.2746666666666666,0.0,../artifacts/s2c/runs/protocol_v2_textoir_v1/mogb_baseline_v1/stackoverflow/kir_0.50/seed_100/mogb_minilm/predictions.tsv,10.9999999999998,2176.0,2989.0,0.9963333333333333,0.578702807357212,0.7321494182486221
stackoverflow,0.5,100,mogb_partition_ours_boundary,MOGB partition + ours,6000,3000,3000,0.802642221623079,0.5196666666666667,0.0076666666666666,0.4803333333333333,0.802642221623079,0.5196666666666667,0.0,../artifacts/s2c/runs/protocol_v2_textoir_v1/mogb_baseline_v1/stackoverflow/kir_0.50/seed_100/mogb_partition_ours_boundary/predictions.tsv,22.9999999999998,1440.9999999999998,2977.0,0.9923333333333333,0.6738343141693074,0.802642221623079
stackoverflow,0.5,100,ours_partition_mogb_boundary,Ours partition + MOGB,6000,3000,3000,0.752262443438914,0.5293333333333333,0.1133333333333333,0.4706666666666667,0.752262443438914,0.5293333333333333,0.0,../artifacts/s2c/runs/protocol_v2_textoir_v1/mogb_baseline_v1/stackoverflow/kir_0.50/seed_100/ours_partition_mogb_boundary/predictions.tsv,339.9999999999999,1412.0,2660.0,0.8866666666666667,0.6532416502946955,0.7522624434389141
stackoverflow,0.5,123,trainable_k1,Trainable K=1,6000,3000,3000,0.8806571106458367,0.8416666666666667,0.0886666666666666,0.1583333333333333,0.8806571106458367,0.8416666666666667,0.0,/home/bo/bo01/llmpy311/artifacts/s2c/runs/protocol_v2_textoir_v1/minilm_trainable_kir_sweep_extension_v1/kir_0.50/runs/stackoverflow/seed_123/predictions.jsonl,265.99999999999983,474.9999999999999,2734.0,0.9113333333333333,0.8519788095980056,0.8806571106458366
stackoverflow,0.5,123,single_centroid,Frozen K=1,6000,3000,3000,0.7351837959489872,0.876,0.3466666666666667,0.124,0.7351837959489872,0.876,0.0,../artifacts/s2c/runs/protocol_v2_textoir_v1/mogb_baseline_v1/stackoverflow/kir_0.50/seed_123/single_centroid/predictions.tsv,1040.0,372.0,1960.0,0.6533333333333333,0.8404802744425386,0.7351837959489872
stackoverflow,0.5,123,fixed_k2,Frozen K=2,6000,3000,3000,0.6068111455108359,0.875,0.51,0.125,0.6068111455108359,0.875,0.0,../artifacts/s2c/runs/protocol_v2_textoir_v1/mogb_baseline_v1/stackoverflow/kir_0.50/seed_123/fixed_k2/predictions.tsv,1530.0,375.0,1470.0,0.49,0.7967479674796748,0.6068111455108359
stackoverflow,0.5,123,random_partition,Random K=2,6000,3000,3000,0.7251952009141116,0.8843333333333333,0.3653333333333333,0.1156666666666666,0.7251952009141116,0.8843333333333333,0.0,../artifacts/s2c/runs/protocol_v2_textoir_v1/mogb_baseline_v1/stackoverflow/kir_0.50/seed_123/random_partition/predictions.tsv,1095.9999999999998,346.9999999999998,1904.0000000000002,0.6346666666666667,0.845846290537539,0.7251952009141117
stackoverflow,0.5,123,mogb_minilm,MOGB MiniLM,6000,3000,3000,0.7180786869418296,0.2296666666666666,0.0083333333333333,0.7703333333333333,0.7180786869418296,0.2296666666666666,0.0,../artifacts/s2c/runs/protocol_v2_textoir_v1/mogb_baseline_v1/stackoverflow/kir_0.50/seed_123/mogb_minilm/predictions.tsv,24.9999999999999,2311.0,2975.0,0.9916666666666667,0.5628074158153613,0.7180786869418296
stackoverflow,0.5,123,mogb_partition_ours_boundary,MOGB partition + ours,6000,3000,3000,0.766770670826833,0.419,0.017,0.581,0.766770670826833,0.419,0.0,../artifacts/s2c/runs/protocol_v2_textoir_v1/mogb_baseline_v1/stackoverflow/kir_0.50/seed_123/mogb_partition_ours_boundary/predictions.tsv,51.00000000000001,1742.9999999999998,2949.0,0.983,0.6285166240409207,0.766770670826833
stackoverflow,0.5,123,ours_partition_mogb_boundary,Ours partition + MOGB,6000,3000,3000,0.7291425260718424,0.5376666666666666,0.161,0.4623333333333333,0.7291425260718424,0.5376666666666667,0.0,../artifacts/s2c/runs/protocol_v2_textoir_v1/mogb_baseline_v1/stackoverflow/kir_0.50/seed_123/ours_partition_mogb_boundary/predictions.tsv,483.0,1387.0,2517.0,0.839,0.6447233606557377,0.7291425260718423
stackoverflow,0.75,13,trainable_k1,Trainable K=1,6000,4500,1500,0.7781475318912923,0.8437777777777777,0.0646666666666666,0.1562222222222222,0.7781475318912923,0.8437777777777777,0.0,/home/bo/bo01/llmpy311/artifacts/s2c/runs/protocol_v2_textoir_v1/minilm_trainable_kir_sweep_v1/kir_0.75/runs/stackoverflow/seed_13/predictions.jsonl,96.99999999999989,702.9999999999999,1403.0,0.9353333333333333,0.6661918328584995,0.7781475318912924
stackoverflow,0.75,13,single_centroid,Frozen K=1,6000,4500,1500,0.6021580229725026,0.8871111111111111,0.4233333333333333,0.1128888888888888,0.6021580229725026,0.8871111111111111,0.0,../artifacts/s2c/runs/protocol_v2_textoir_v1/mogb_baseline_v1/stackoverflow/kir_0.75/seed_13/single_centroid/predictions.tsv,634.9999999999999,507.9999999999996,865.0000000000001,0.5766666666666668,0.6300072833211946,0.6021580229725028
stackoverflow,0.75,13,fixed_k2,Frozen K=2,6000,4500,1500,0.4532818532818533,0.8882222222222222,0.6086666666666667,0.1117777777777777,0.4532818532818533,0.8882222222222222,0.0,../artifacts/s2c/runs/protocol_v2_textoir_v1/mogb_baseline_v1/stackoverflow/kir_0.75/seed_13/fixed_k2/predictions.tsv,913.0,502.99999999999966,587.0,0.3913333333333333,0.5385321100917434,0.45328185328185333
stackoverflow,0.75,13,random_partition,Random K=2,6000,4500,1500,0.5966149506346967,0.8911111111111111,0.436,0.1088888888888888,0.5966149506346967,0.8911111111111111,0.0,../artifacts/s2c/runs/protocol_v2_textoir_v1/mogb_baseline_v1/stackoverflow/kir_0.75/seed_13/random_partition/predictions.tsv,654.0,489.9999999999996,846.0,0.564,0.633233532934132,0.5966149506346968
stackoverflow,0.75,13,mogb_minilm,MOGB MiniLM,6000,4500,1500,0.4540474741326841,0.2044444444444444,0.0053333333333333,0.7955555555555556,0.4540474741326841,0.2044444444444444,0.0,../artifacts/s2c/runs/protocol_v2_textoir_v1/mogb_baseline_v1/stackoverflow/kir_0.75/seed_13/mogb_minilm/predictions.tsv,7.99999999999995,3580.0,1492.0,0.9946666666666667,0.2941640378548896,0.45404747413268415
stackoverflow,0.75,13,mogb_partition_ours_boundary,MOGB partition + ours,6000,4500,1500,0.5125977410947002,0.3822222222222222,0.0166666666666666,0.6177777777777778,0.5125977410947002,0.3822222222222222,0.0,../artifacts/s2c/runs/protocol_v2_textoir_v1/mogb_baseline_v1/stackoverflow/kir_0.75/seed_13/mogb_partition_ours_boundary/predictions.tsv,24.9999999999999,2780.0,1475.0,0.9833333333333333,0.34665099882491185,0.5125977410947002
stackoverflow,0.75,13,ours_partition_mogb_boundary,Ours partition + MOGB,6000,4500,1500,0.4871794871794871,0.5466666666666666,0.24,0.4533333333333333,0.4871794871794871,0.5466666666666666,5.551115123125783e-17,../artifacts/s2c/runs/protocol_v2_textoir_v1/mogb_baseline_v1/stackoverflow/kir_0.75/seed_13/ours_partition_mogb_boundary/predictions.tsv,360.0,2040.0,1140.0,0.76,0.3584905660377358,0.48717948717948717
stackoverflow,0.75,42,trainable_k1,Trainable K=1,6000,4500,1500,0.748558246828143,0.8511111111111112,0.1346666666666666,0.1488888888888888,0.748558246828143,0.8511111111111112,0.0,/home/bo/bo01/llmpy311/artifacts/s2c/runs/protocol_v2_textoir_v1/minilm_trainable_kir_sweep_v1/kir_0.75/runs/stackoverflow/seed_42/predictions.jsonl,201.99999999999991,669.9999999999995,1298.0,0.8653333333333333,0.6595528455284554,0.7485582468281431
stackoverflow,0.75,42,single_centroid,Frozen K=1,6000,4500,1500,0.7390894819466248,0.8871111111111111,0.2153333333333333,0.1128888888888888,0.7390894819466248,0.8871111111111111,0.0,../artifacts/s2c/runs/protocol_v2_textoir_v1/mogb_baseline_v1/stackoverflow/kir_0.75/seed_42/single_centroid/predictions.tsv,322.99999999999994,507.9999999999996,1177.0,0.7846666666666666,0.6985163204747776,0.7390894819466247
stackoverflow,0.75,42,fixed_k2,Frozen K=2,6000,4500,1500,0.5610859728506787,0.874,0.4626666666666666,0.126,0.5610859728506787,0.874,0.0,../artifacts/s2c/runs/protocol_v2_textoir_v1/mogb_baseline_v1/stackoverflow/kir_0.75/seed_42/fixed_k2/predictions.tsv,693.9999999999999,567.0,806.0000000000001,0.5373333333333334,0.587035688273853,0.5610859728506788
stackoverflow,0.75,42,random_partition,Random K=2,6000,4500,1500,0.7363723302518329,0.8928888888888888,0.23,0.1071111111111111,0.7363723302518329,0.8928888888888888,0.0,../artifacts/s2c/runs/protocol_v2_textoir_v1/mogb_baseline_v1/stackoverflow/kir_0.75/seed_42/random_partition/predictions.tsv,345.0,481.99999999999994,1155.0,0.77,0.7055589492974954,0.7363723302518329
stackoverflow,0.75,42,mogb_minilm,MOGB MiniLM,6000,4500,1500,0.4509685230024213,0.196,0.0066666666666666,0.804,0.4509685230024213,0.1959999999999999,0.0,../artifacts/s2c/runs/protocol_v2_textoir_v1/mogb_baseline_v1/stackoverflow/kir_0.75/seed_42/mogb_minilm/predictions.tsv,9.9999999999999,3618.0,1490.0,0.9933333333333333,0.29169929522317933,0.45096852300242135
stackoverflow,0.75,42,mogb_partition_ours_boundary,MOGB partition + ours,6000,4500,1500,0.5052450558899398,0.3675555555555556,0.0206666666666666,0.6324444444444445,0.5052450558899398,0.3675555555555555,0.0,../artifacts/s2c/runs/protocol_v2_textoir_v1/mogb_baseline_v1/stackoverflow/kir_0.75/seed_42/mogb_partition_ours_boundary/predictions.tsv,30.9999999999999,2846.0,1469.0,0.9793333333333333,0.34044032444959443,0.5052450558899397
stackoverflow,0.75,42,ours_partition_mogb_boundary,Ours partition + MOGB,6000,4500,1500,0.487000634115409,0.538,0.232,0.462,0.487000634115409,0.538,0.0,../artifacts/s2c/runs/protocol_v2_textoir_v1/mogb_baseline_v1/stackoverflow/kir_0.75/seed_42/ours_partition_mogb_boundary/predictions.tsv,348.0,2079.0,1152.0,0.768,0.3565459610027855,0.487000634115409
stackoverflow,0.75,87,trainable_k1,Trainable K=1,6000,4500,1500,0.7736311631707982,0.8331111111111111,0.0533333333333333,0.1668888888888889,0.7736311631707982,0.8331111111111111,0.0,/home/bo/bo01/llmpy311/artifacts/s2c/runs/protocol_v2_textoir_v1/minilm_trainable_kir_sweep_v1/kir_0.75/runs/stackoverflow/seed_87/predictions.jsonl,79.99999999999996,751.0,1420.0,0.9466666666666667,0.654076462459696,0.7736311631707983
stackoverflow,0.75,87,single_centroid,Frozen K=1,6000,4500,1500,0.6731432152930116,0.8628888888888889,0.284,0.1371111111111111,0.6731432152930116,0.8628888888888889,0.0,../artifacts/s2c/runs/protocol_v2_textoir_v1/mogb_baseline_v1/stackoverflow/kir_0.75/seed_87/single_centroid/predictions.tsv,425.99999999999994,617.0,1074.0,0.716,0.6351271437019516,0.6731432152930116
stackoverflow,0.75,87,fixed_k2,Frozen K=2,6000,4500,1500,0.4250871080139373,0.8813333333333333,0.634,0.1186666666666666,0.4250871080139373,0.8813333333333333,0.0,../artifacts/s2c/runs/protocol_v2_textoir_v1/mogb_baseline_v1/stackoverflow/kir_0.75/seed_87/fixed_k2/predictions.tsv,951.0,533.9999999999997,549.0,0.366,0.506925207756233,0.4250871080139374
stackoverflow,0.75,87,random_partition,Random K=2,6000,4500,1500,0.6660262568043548,0.8704444444444445,0.3066666666666666,0.1295555555555555,0.6660262568043548,0.8704444444444445,0.0,../artifacts/s2c/runs/protocol_v2_textoir_v1/mogb_baseline_v1/stackoverflow/kir_0.75/seed_87/random_partition/predictions.tsv,459.9999999999999,582.9999999999998,1040.0,0.6933333333333334,0.6407886629698091,0.6660262568043549
stackoverflow,0.75,87,mogb_minilm,MOGB MiniLM,6000,4500,1500,0.462445685909373,0.2324444444444444,0.0066666666666666,0.7675555555555555,0.462445685909373,0.2324444444444444,5.551115123125783e-17,../artifacts/s2c/runs/protocol_v2_textoir_v1/mogb_baseline_v1/stackoverflow/kir_0.75/seed_87/mogb_minilm/predictions.tsv,9.9999999999999,3454.0,1490.0,0.9933333333333333,0.30137540453074435,0.4624456859093731
stackoverflow,0.75,87,mogb_partition_ours_boundary,MOGB partition + ours,6000,4500,1500,0.5297608343823054,0.4248888888888888,0.018,0.5751111111111111,0.5297608343823054,0.4248888888888888,0.0,../artifacts/s2c/runs/protocol_v2_textoir_v1/mogb_baseline_v1/stackoverflow/kir_0.75/seed_87/mogb_partition_ours_boundary/predictions.tsv,26.999999999999996,2588.0,1473.0,0.982,0.3627185422309776,0.5297608343823054
stackoverflow,0.75,87,ours_partition_mogb_boundary,Ours partition + MOGB,6000,4500,1500,0.4996850724333403,0.5393333333333333,0.2066666666666666,0.4606666666666666,0.4996850724333403,0.5393333333333333,0.0,../artifacts/s2c/runs/protocol_v2_textoir_v1/mogb_baseline_v1/stackoverflow/kir_0.75/seed_87/ours_partition_mogb_boundary/predictions.tsv,309.9999999999999,2072.9999999999995,1190.0,0.7933333333333333,0.36469506589028505,0.4996850724333403
stackoverflow,0.75,100,trainable_k1,Trainable K=1,6000,4500,1500,0.7201610583836641,0.8388888888888889,0.1653333333333333,0.1611111111111111,0.7201610583836641,0.8388888888888889,0.0,/home/bo/bo01/llmpy311/artifacts/s2c/runs/protocol_v2_textoir_v1/minilm_trainable_kir_sweep_extension_v1/kir_0.75/runs/stackoverflow/seed_100/predictions.jsonl,247.99999999999994,724.9999999999999,1252.0,0.8346666666666667,0.6332827516439049,0.7201610583836642
stackoverflow,0.75,100,single_centroid,Frozen K=1,6000,4500,1500,0.6219751471550032,0.8651111111111112,0.366,0.1348888888888889,0.6219751471550032,0.8651111111111112,0.0,../artifacts/s2c/runs/protocol_v2_textoir_v1/mogb_baseline_v1/stackoverflow/kir_0.75/seed_100/single_centroid/predictions.tsv,549.0,607.0,951.0,0.634,0.610397946084724,0.6219751471550031
stackoverflow,0.75,100,fixed_k2,Frozen K=2,6000,4500,1500,0.3816912335143522,0.8697777777777778,0.672,0.1302222222222222,0.3816912335143522,0.8697777777777778,0.0,../artifacts/s2c/runs/protocol_v2_textoir_v1/mogb_baseline_v1/stackoverflow/kir_0.75/seed_100/fixed_k2/predictions.tsv,1008.0000000000001,586.0,491.9999999999999,0.3279999999999999,0.45640074211502774,0.38169123351435214
stackoverflow,0.75,100,random_partition,Random K=2,6000,4500,1500,0.6161011310711909,0.8711111111111111,0.3826666666666666,0.1288888888888889,0.6161011310711909,0.8711111111111112,0.0,../artifacts/s2c/runs/protocol_v2_textoir_v1/mogb_baseline_v1/stackoverflow/kir_0.75/seed_100/random_partition/predictions.tsv,573.9999999999999,580.0,926.0000000000001,0.6173333333333334,0.6148738379814078,0.616101131071191
stackoverflow,0.75,100,mogb_minilm,MOGB MiniLM,6000,4500,1500,0.4559889008786804,0.2204444444444444,0.014,0.7795555555555556,0.4559889008786804,0.2204444444444444,5.551115123125783e-17,../artifacts/s2c/runs/protocol_v2_textoir_v1/mogb_baseline_v1/stackoverflow/kir_0.75/seed_100/mogb_minilm/predictions.tsv,21.0,3508.0,1479.0,0.986,0.2965710848205334,0.45598890087868044
stackoverflow,0.75,100,mogb_partition_ours_boundary,MOGB partition + ours,6000,4500,1500,0.5217391304347826,0.4191111111111111,0.032,0.5808888888888889,0.5217391304347826,0.4191111111111111,0.0,../artifacts/s2c/runs/protocol_v2_textoir_v1/mogb_baseline_v1/stackoverflow/kir_0.75/seed_100/mogb_partition_ours_boundary/predictions.tsv,48.0,2614.0,1452.0,0.968,0.3571077225774717,0.5217391304347826
stackoverflow,0.75,100,ours_partition_mogb_boundary,Ours partition + MOGB,6000,4500,1500,0.4646972553949298,0.5191111111111111,0.2606666666666666,0.4808888888888888,0.4646972553949298,0.5191111111111111,0.0,../artifacts/s2c/runs/protocol_v2_textoir_v1/mogb_baseline_v1/stackoverflow/kir_0.75/seed_100/ours_partition_mogb_boundary/predictions.tsv,390.9999999999999,2163.9999999999995,1109.0,0.7393333333333333,0.3388328750381913,0.46469725539492984
stackoverflow,0.75,123,trainable_k1,Trainable K=1,6000,4500,1500,0.7946912242686891,0.8388888888888889,0.022,0.1611111111111111,0.7946912242686891,0.8388888888888889,0.0,/home/bo/bo01/llmpy311/artifacts/s2c/runs/protocol_v2_textoir_v1/minilm_trainable_kir_sweep_extension_v1/kir_0.75/runs/stackoverflow/seed_123/predictions.jsonl,33.0,724.9999999999999,1467.0,0.978,0.6692518248175182,0.7946912242686891
stackoverflow,0.75,123,single_centroid,Frozen K=1,6000,4500,1500,0.6438992042440318,0.8788888888888889,0.3526666666666667,0.1211111111111111,0.6438992042440318,0.8788888888888888,0.0,../artifacts/s2c/runs/protocol_v2_textoir_v1/mogb_baseline_v1/stackoverflow/kir_0.75/seed_123/single_centroid/predictions.tsv,529.0,545.0,971.0,0.6473333333333333,0.6405013192612137,0.6438992042440318
stackoverflow,0.75,123,fixed_k2,Frozen K=2,6000,4500,1500,0.3605887162714636,0.8877777777777778,0.706,0.1122222222222222,0.3605887162714636,0.8877777777777778,0.0,../artifacts/s2c/runs/protocol_v2_textoir_v1/mogb_baseline_v1/stackoverflow/kir_0.75/seed_123/fixed_k2/predictions.tsv,1059.0,504.9999999999999,441.0,0.294,0.4661733615221988,0.3605887162714636
stackoverflow,0.75,123,random_partition,Random K=2,6000,4500,1500,0.6353814989871708,0.8842222222222222,0.3726666666666666,0.1157777777777777,0.6353814989871708,0.8842222222222222,0.0,../artifacts/s2c/runs/protocol_v2_textoir_v1/mogb_baseline_v1/stackoverflow/kir_0.75/seed_123/random_partition/predictions.tsv,558.9999999999999,520.9999999999997,941.0000000000001,0.6273333333333334,0.643638850889193,0.6353814989871709
stackoverflow,0.75,123,mogb_minilm,MOGB MiniLM,6000,4500,1500,0.4559695817490494,0.2053333333333333,0.0006666666666666,0.7946666666666666,0.4559695817490494,0.2053333333333333,5.551115123125783e-17,../artifacts/s2c/runs/protocol_v2_textoir_v1/mogb_baseline_v1/stackoverflow/kir_0.75/seed_123/mogb_minilm/predictions.tsv,0.9999999999999,3576.0,1499.0,0.9993333333333333,0.2953694581280788,0.45596958174904945
stackoverflow,0.75,123,mogb_partition_ours_boundary,MOGB partition + ours,6000,4500,1500,0.5090166723375298,0.3595555555555556,0.0026666666666666,0.6404444444444445,0.5090166723375298,0.3595555555555555,0.0,../artifacts/s2c/runs/protocol_v2_textoir_v1/mogb_baseline_v1/stackoverflow/kir_0.75/seed_123/mogb_partition_ours_boundary/predictions.tsv,3.9999999999998996,2882.0,1496.0,0.9973333333333333,0.3417085427135678,0.5090166723375297
stackoverflow,0.75,123,ours_partition_mogb_boundary,Ours partition + MOGB,6000,4500,1500,0.485408356078102,0.5317777777777778,0.2293333333333333,0.4682222222222222,0.485408356078102,0.5317777777777778,0.0,../artifacts/s2c/runs/protocol_v2_textoir_v1/mogb_baseline_v1/stackoverflow/kir_0.75/seed_123/ours_partition_mogb_boundary/predictions.tsv,343.99999999999994,2107.0,1156.0,0.7706666666666667,0.3542752068648483,0.485408356078102
