k,distance,boundary,rule,fusion,fusion_weight,threshold,utility,known_coverage,known_correct_accept_rate,known_wrong_accept_rate
1,euclidean,mean_std_0.0,nearest_sphere,none,0.0,1.1013811040548165,0.622,0.752,0.726,0.026
1,euclidean,mean_std_0.0,nearest_sphere,none,0.25,1.1013811040548165,0.622,0.752,0.726,0.026
1,euclidean,mean_std_0.0,nearest_sphere,none,0.5,1.1013811040548165,0.622,0.752,0.726,0.026
1,euclidean,mean_std_0.0,nearest_sphere,none,1.0,1.1013811040548165,0.622,0.752,0.726,0.026
1,euclidean,mean_std_0.0,nearest_sphere,none,2.0,1.1013811040548165,0.622,0.752,0.726,0.026
1,euclidean,mean_std_0.0,nearest_sphere,ratio,0.0,1.1013811040548165,0.622,0.752,0.726,0.026
1,euclidean,mean_std_0.0,nearest_sphere,ratio,0.25,1.1917159034342362,0.622,0.752,0.726,0.026
1,euclidean,mean_std_0.0,nearest_sphere,ratio,0.5,1.3137184075831947,0.622,0.752,0.726,0.026
1,euclidean,mean_std_0.0,nearest_sphere,ratio,1.0,1.5260602067641043,0.652,0.752,0.732,0.02
1,euclidean,mean_std_0.0,nearest_sphere,ratio,2.0,1.9272905829333657,0.652,0.752,0.732,0.02
1,euclidean,mean_std_0.0,nearest_sphere,inverse_margin,0.0,1.1013811040548165,0.622,0.752,0.726,0.026
1,euclidean,mean_std_0.0,nearest_sphere,inverse_margin,0.25,1.303120912767537,0.652,0.752,0.732,0.02
1,euclidean,mean_std_0.0,nearest_sphere,inverse_margin,0.5,1.481432009112514,0.652,0.752,0.732,0.02
1,euclidean,mean_std_0.0,nearest_sphere,inverse_margin,1.0,1.841932026283042,0.652,0.752,0.732,0.02
1,euclidean,mean_std_0.0,nearest_sphere,inverse_margin,2.0,2.499302079863626,0.652,0.752,0.732,0.02
1,euclidean,mean_std_0.0,nearest_sphere,max_ratio,0.0,1.1013811040548165,0.622,0.752,0.726,0.026
1,euclidean,mean_std_0.0,nearest_sphere,max_ratio,0.25,1.1013811040548165,0.622,0.752,0.726,0.026
1,euclidean,mean_std_0.0,nearest_sphere,max_ratio,0.5,1.1013811040548165,0.622,0.752,0.726,0.026
1,euclidean,mean_std_0.0,nearest_sphere,max_ratio,1.0,1.1013811040548165,0.622,0.752,0.726,0.026
1,euclidean,mean_std_0.0,nearest_sphere,max_ratio,2.0,1.1445392500593567,0.642,0.752,0.73,0.022
1,euclidean,mean_std_0.0,normalized_union,none,0.0,1.1013811040548165,0.622,0.752,0.726,0.026
1,euclidean,mean_std_0.0,normalized_union,none,0.25,1.1013811040548165,0.622,0.752,0.726,0.026
1,euclidean,mean_std_0.0,normalized_union,none,0.5,1.1013811040548165,0.622,0.752,0.726,0.026
1,euclidean,mean_std_0.0,normalized_union,none,1.0,1.1013811040548165,0.622,0.752,0.726,0.026
1,euclidean,mean_std_0.0,normalized_union,none,2.0,1.1013811040548165,0.622,0.752,0.726,0.026
1,euclidean,mean_std_0.0,normalized_union,ratio,0.0,1.1013811040548165,0.622,0.752,0.726,0.026
1,euclidean,mean_std_0.0,normalized_union,ratio,0.25,1.1917159034342362,0.622,0.752,0.726,0.026
1,euclidean,mean_std_0.0,normalized_union,ratio,0.5,1.3137184075831947,0.622,0.752,0.726,0.026
1,euclidean,mean_std_0.0,normalized_union,ratio,1.0,1.5260602067641043,0.652,0.752,0.732,0.02
1,euclidean,mean_std_0.0,normalized_union,ratio,2.0,1.9272905829333657,0.652,0.752,0.732,0.02
1,euclidean,mean_std_0.0,normalized_union,inverse_margin,0.0,1.1013811040548165,0.622,0.752,0.726,0.026
1,euclidean,mean_std_0.0,normalized_union,inverse_margin,0.25,1.303120912767537,0.652,0.752,0.732,0.02
1,euclidean,mean_std_0.0,normalized_union,inverse_margin,0.5,1.481432009112514,0.652,0.752,0.732,0.02
1,euclidean,mean_std_0.0,normalized_union,inverse_margin,1.0,1.841932026283042,0.652,0.752,0.732,0.02
1,euclidean,mean_std_0.0,normalized_union,inverse_margin,2.0,2.499302079863626,0.652,0.752,0.732,0.02
1,euclidean,mean_std_0.0,normalized_union,max_ratio,0.0,1.1013811040548165,0.622,0.752,0.726,0.026
1,euclidean,mean_std_0.0,normalized_union,max_ratio,0.25,1.1013811040548165,0.622,0.752,0.726,0.026
1,euclidean,mean_std_0.0,normalized_union,max_ratio,0.5,1.1013811040548165,0.622,0.752,0.726,0.026
1,euclidean,mean_std_0.0,normalized_union,max_ratio,1.0,1.1013811040548165,0.622,0.752,0.726,0.026
1,euclidean,mean_std_0.0,normalized_union,max_ratio,2.0,1.1445392500593567,0.642,0.752,0.73,0.022
1,euclidean,mean_std_0.25,nearest_sphere,none,0.0,0.9845871518546614,0.622,0.752,0.726,0.026
1,euclidean,mean_std_0.25,nearest_sphere,none,0.25,0.9845871518546614,0.622,0.752,0.726,0.026
1,euclidean,mean_std_0.25,nearest_sphere,none,0.5,0.9845871518546614,0.622,0.752,0.726,0.026
1,euclidean,mean_std_0.25,nearest_sphere,none,1.0,0.9845871518546614,0.622,0.752,0.726,0.026
1,euclidean,mean_std_0.25,nearest_sphere,none,2.0,0.9845871518546614,0.622,0.752,0.726,0.026
1,euclidean,mean_std_0.25,nearest_sphere,ratio,0.0,0.9845871518546614,0.622,0.752,0.726,0.026
1,euclidean,mean_std_0.25,nearest_sphere,ratio,0.25,1.084268885252561,0.622,0.752,0.726,0.026
1,euclidean,mean_std_0.25,nearest_sphere,ratio,0.5,1.2005851044563114,0.642,0.752,0.73,0.022
1,euclidean,mean_std_0.25,nearest_sphere,ratio,1.0,1.4211973974227414,0.652,0.752,0.732,0.02
1,euclidean,mean_std_0.25,nearest_sphere,ratio,2.0,1.8357035777665682,0.652,0.752,0.732,0.02
1,euclidean,mean_std_0.25,nearest_sphere,inverse_margin,0.0,0.9845871518546614,0.622,0.752,0.726,0.026
1,euclidean,mean_std_0.25,nearest_sphere,inverse_margin,0.25,1.1921888393940978,0.652,0.752,0.732,0.02
1,euclidean,mean_std_0.25,nearest_sphere,inverse_margin,0.5,1.3555914577893793,0.652,0.752,0.732,0.02
1,euclidean,mean_std_0.25,nearest_sphere,inverse_margin,1.0,1.7068844850611158,0.652,0.752,0.732,0.02
1,euclidean,mean_std_0.25,nearest_sphere,inverse_margin,2.0,2.38527021804497,0.652,0.752,0.732,0.02
1,euclidean,mean_std_0.25,nearest_sphere,max_ratio,0.0,0.9845871518546614,0.622,0.752,0.726,0.026
1,euclidean,mean_std_0.25,nearest_sphere,max_ratio,0.25,0.9845871518546614,0.622,0.752,0.726,0.026
1,euclidean,mean_std_0.25,nearest_sphere,max_ratio,0.5,0.9845871518546614,0.622,0.752,0.726,0.026
1,euclidean,mean_std_0.25,nearest_sphere,max_ratio,1.0,0.9845871518546614,0.622,0.752,0.726,0.026
1,euclidean,mean_std_0.25,nearest_sphere,max_ratio,2.0,1.0483665011896994,0.652,0.752,0.732,0.02
1,euclidean,mean_std_0.25,normalized_union,none,0.0,0.9845871518546614,0.622,0.752,0.726,0.026
1,euclidean,mean_std_0.25,normalized_union,none,0.25,0.9845871518546614,0.622,0.752,0.726,0.026
1,euclidean,mean_std_0.25,normalized_union,none,0.5,0.9845871518546614,0.622,0.752,0.726,0.026
1,euclidean,mean_std_0.25,normalized_union,none,1.0,0.9845871518546614,0.622,0.752,0.726,0.026
1,euclidean,mean_std_0.25,normalized_union,none,2.0,0.9845871518546614,0.622,0.752,0.726,0.026
1,euclidean,mean_std_0.25,normalized_union,ratio,0.0,0.9845871518546614,0.622,0.752,0.726,0.026
1,euclidean,mean_std_0.25,normalized_union,ratio,0.25,1.084268885252561,0.622,0.752,0.726,0.026
1,euclidean,mean_std_0.25,normalized_union,ratio,0.5,1.2005851044563114,0.642,0.752,0.73,0.022
1,euclidean,mean_std_0.25,normalized_union,ratio,1.0,1.4211973974227414,0.652,0.752,0.732,0.02
1,euclidean,mean_std_0.25,normalized_union,ratio,2.0,1.8357035777665682,0.652,0.752,0.732,0.02
1,euclidean,mean_std_0.25,normalized_union,inverse_margin,0.0,0.9845871518546614,0.622,0.752,0.726,0.026
1,euclidean,mean_std_0.25,normalized_union,inverse_margin,0.25,1.1921888393940978,0.652,0.752,0.732,0.02
1,euclidean,mean_std_0.25,normalized_union,inverse_margin,0.5,1.3555914577893793,0.652,0.752,0.732,0.02
1,euclidean,mean_std_0.25,normalized_union,inverse_margin,1.0,1.7068844850611158,0.652,0.752,0.732,0.02
1,euclidean,mean_std_0.25,normalized_union,inverse_margin,2.0,2.38527021804497,0.652,0.752,0.732,0.02
1,euclidean,mean_std_0.25,normalized_union,max_ratio,0.0,0.9845871518546614,0.622,0.752,0.726,0.026
1,euclidean,mean_std_0.25,normalized_union,max_ratio,0.25,0.9845871518546614,0.622,0.752,0.726,0.026
1,euclidean,mean_std_0.25,normalized_union,max_ratio,0.5,0.9845871518546614,0.622,0.752,0.726,0.026
1,euclidean,mean_std_0.25,normalized_union,max_ratio,1.0,0.9845871518546614,0.622,0.752,0.726,0.026
1,euclidean,mean_std_0.25,normalized_union,max_ratio,2.0,1.0483665011896994,0.652,0.752,0.732,0.02
1,euclidean,mean_std_0.5,nearest_sphere,none,0.0,0.8917142460903249,0.622,0.752,0.726,0.026
1,euclidean,mean_std_0.5,nearest_sphere,none,0.25,0.8917142460903249,0.622,0.752,0.726,0.026
1,euclidean,mean_std_0.5,nearest_sphere,none,0.5,0.8917142460903249,0.622,0.752,0.726,0.026
1,euclidean,mean_std_0.5,nearest_sphere,none,1.0,0.8917142460903249,0.622,0.752,0.726,0.026
1,euclidean,mean_std_0.5,nearest_sphere,none,2.0,0.8917142460903249,0.622,0.752,0.726,0.026
1,euclidean,mean_std_0.5,nearest_sphere,ratio,0.0,0.8917142460903249,0.622,0.752,0.726,0.026
1,euclidean,mean_std_0.5,nearest_sphere,ratio,0.25,0.9989136444090959,0.622,0.752,0.726,0.026
1,euclidean,mean_std_0.5,nearest_sphere,ratio,0.5,1.1047501139124822,0.652,0.752,0.732,0.02
1,euclidean,mean_std_0.5,nearest_sphere,ratio,1.0,1.3184488363968367,0.652,0.752,0.732,0.02
1,euclidean,mean_std_0.5,nearest_sphere,ratio,2.0,1.7272656358597662,0.652,0.752,0.732,0.02
1,euclidean,mean_std_0.5,nearest_sphere,inverse_margin,0.0,0.8917142460903249,0.622,0.752,0.726,0.026
1,euclidean,mean_std_0.5,nearest_sphere,inverse_margin,0.25,1.0892518136724632,0.652,0.752,0.732,0.02
1,euclidean,mean_std_0.5,nearest_sphere,inverse_margin,0.5,1.272496671353346,0.652,0.752,0.732,0.02
1,euclidean,mean_std_0.5,nearest_sphere,inverse_margin,1.0,1.6173193676630278,0.652,0.752,0.732,0.02
1,euclidean,mean_std_0.5,nearest_sphere,inverse_margin,2.0,2.301841602805756,0.652,0.752,0.732,0.02
1,euclidean,mean_std_0.5,nearest_sphere,max_ratio,0.0,0.8917142460903249,0.622,0.752,0.726,0.026
1,euclidean,mean_std_0.5,nearest_sphere,max_ratio,0.25,0.8917142460903249,0.622,0.752,0.726,0.026
1,euclidean,mean_std_0.5,nearest_sphere,max_ratio,0.5,0.8917142460903249,0.622,0.752,0.726,0.026
1,euclidean,mean_std_0.5,nearest_sphere,max_ratio,1.0,0.8917142460903249,0.622,0.752,0.726,0.026
1,euclidean,mean_std_0.5,nearest_sphere,max_ratio,2.0,0.9712887149480744,0.652,0.752,0.732,0.02
1,euclidean,mean_std_0.5,normalized_union,none,0.0,0.8917142460903249,0.622,0.752,0.726,0.026
1,euclidean,mean_std_0.5,normalized_union,none,0.25,0.8917142460903249,0.622,0.752,0.726,0.026
1,euclidean,mean_std_0.5,normalized_union,none,0.5,0.8917142460903249,0.622,0.752,0.726,0.026
1,euclidean,mean_std_0.5,normalized_union,none,1.0,0.8917142460903249,0.622,0.752,0.726,0.026
1,euclidean,mean_std_0.5,normalized_union,none,2.0,0.8917142460903249,0.622,0.752,0.726,0.026
1,euclidean,mean_std_0.5,normalized_union,ratio,0.0,0.8917142460903249,0.622,0.752,0.726,0.026
1,euclidean,mean_std_0.5,normalized_union,ratio,0.25,0.9989136444090959,0.622,0.752,0.726,0.026
1,euclidean,mean_std_0.5,normalized_union,ratio,0.5,1.1047501139124822,0.652,0.752,0.732,0.02
1,euclidean,mean_std_0.5,normalized_union,ratio,1.0,1.3184488363968367,0.652,0.752,0.732,0.02
1,euclidean,mean_std_0.5,normalized_union,ratio,2.0,1.7272656358597662,0.652,0.752,0.732,0.02
1,euclidean,mean_std_0.5,normalized_union,inverse_margin,0.0,0.8917142460903249,0.622,0.752,0.726,0.026
1,euclidean,mean_std_0.5,normalized_union,inverse_margin,0.25,1.0892518136724632,0.652,0.752,0.732,0.02
1,euclidean,mean_std_0.5,normalized_union,inverse_margin,0.5,1.272496671353346,0.652,0.752,0.732,0.02
1,euclidean,mean_std_0.5,normalized_union,inverse_margin,1.0,1.6173193676630278,0.652,0.752,0.732,0.02
1,euclidean,mean_std_0.5,normalized_union,inverse_margin,2.0,2.301841602805756,0.652,0.752,0.732,0.02
1,euclidean,mean_std_0.5,normalized_union,max_ratio,0.0,0.8917142460903249,0.622,0.752,0.726,0.026
1,euclidean,mean_std_0.5,normalized_union,max_ratio,0.25,0.8917142460903249,0.622,0.752,0.726,0.026
1,euclidean,mean_std_0.5,normalized_union,max_ratio,0.5,0.8917142460903249,0.622,0.752,0.726,0.026
1,euclidean,mean_std_0.5,normalized_union,max_ratio,1.0,0.8917142460903249,0.622,0.752,0.726,0.026
1,euclidean,mean_std_0.5,normalized_union,max_ratio,2.0,0.9712887149480744,0.652,0.752,0.732,0.02
1,euclidean,mean_std_0.75,nearest_sphere,none,0.0,0.8189239654943644,0.622,0.752,0.726,0.026
1,euclidean,mean_std_0.75,nearest_sphere,none,0.25,0.8189239654943644,0.622,0.752,0.726,0.026
1,euclidean,mean_std_0.75,nearest_sphere,none,0.5,0.8189239654943644,0.622,0.752,0.726,0.026
1,euclidean,mean_std_0.75,nearest_sphere,none,1.0,0.8189239654943644,0.622,0.752,0.726,0.026
1,euclidean,mean_std_0.75,nearest_sphere,none,2.0,0.8189239654943644,0.622,0.752,0.726,0.026
1,euclidean,mean_std_0.75,nearest_sphere,ratio,0.0,0.8189239654943644,0.622,0.752,0.726,0.026
1,euclidean,mean_std_0.75,nearest_sphere,ratio,0.25,0.921702550958503,0.622,0.752,0.726,0.026
1,euclidean,mean_std_0.75,nearest_sphere,ratio,0.5,1.028088221911518,0.652,0.752,0.732,0.02
1,euclidean,mean_std_0.75,nearest_sphere,ratio,1.0,1.2509438948101563,0.652,0.752,0.732,0.02
1,euclidean,mean_std_0.75,nearest_sphere,ratio,2.0,1.6620651230767631,0.652,0.752,0.732,0.02
1,euclidean,mean_std_0.75,nearest_sphere,inverse_margin,0.0,0.8189239654943644,0.622,0.752,0.726,0.026
1,euclidean,mean_std_0.75,nearest_sphere,inverse_margin,0.25,1.01502924710823,0.652,0.752,0.732,0.02
1,euclidean,mean_std_0.75,nearest_sphere,inverse_margin,0.5,1.194007884747462,0.652,0.752,0.732,0.02
1,euclidean,mean_std_0.75,nearest_sphere,inverse_margin,1.0,1.5498357818700548,0.652,0.752,0.732,0.02
1,euclidean,mean_std_0.75,nearest_sphere,inverse_margin,2.0,2.226335755040396,0.652,0.752,0.732,0.02
1,euclidean,mean_std_0.75,nearest_sphere,max_ratio,0.0,0.8189239654943644,0.622,0.752,0.726,0.026
1,euclidean,mean_std_0.75,nearest_sphere,max_ratio,0.25,0.8189239654943644,0.622,0.752,0.726,0.026
1,euclidean,mean_std_0.75,nearest_sphere,max_ratio,0.5,0.8189239654943644,0.622,0.752,0.726,0.026
1,euclidean,mean_std_0.75,nearest_sphere,max_ratio,1.0,0.8189239654943644,0.622,0.752,0.726,0.026
1,euclidean,mean_std_0.75,nearest_sphere,max_ratio,2.0,0.8988759646006556,0.652,0.752,0.732,0.02
1,euclidean,mean_std_0.75,normalized_union,none,0.0,0.8189239654943644,0.622,0.752,0.726,0.026
1,euclidean,mean_std_0.75,normalized_union,none,0.25,0.8189239654943644,0.622,0.752,0.726,0.026
1,euclidean,mean_std_0.75,normalized_union,none,0.5,0.8189239654943644,0.622,0.752,0.726,0.026
1,euclidean,mean_std_0.75,normalized_union,none,1.0,0.8189239654943644,0.622,0.752,0.726,0.026
1,euclidean,mean_std_0.75,normalized_union,none,2.0,0.8189239654943644,0.622,0.752,0.726,0.026
1,euclidean,mean_std_0.75,normalized_union,ratio,0.0,0.8189239654943644,0.622,0.752,0.726,0.026
1,euclidean,mean_std_0.75,normalized_union,ratio,0.25,0.921702550958503,0.622,0.752,0.726,0.026
1,euclidean,mean_std_0.75,normalized_union,ratio,0.5,1.028088221911518,0.652,0.752,0.732,0.02
1,euclidean,mean_std_0.75,normalized_union,ratio,1.0,1.2509438948101563,0.652,0.752,0.732,0.02
1,euclidean,mean_std_0.75,normalized_union,ratio,2.0,1.6620651230767631,0.652,0.752,0.732,0.02
1,euclidean,mean_std_0.75,normalized_union,inverse_margin,0.0,0.8189239654943644,0.622,0.752,0.726,0.026
1,euclidean,mean_std_0.75,normalized_union,inverse_margin,0.25,1.01502924710823,0.652,0.752,0.732,0.02
1,euclidean,mean_std_0.75,normalized_union,inverse_margin,0.5,1.194007884747462,0.652,0.752,0.732,0.02
1,euclidean,mean_std_0.75,normalized_union,inverse_margin,1.0,1.5498357818700548,0.652,0.752,0.732,0.02
1,euclidean,mean_std_0.75,normalized_union,inverse_margin,2.0,2.226335755040396,0.652,0.752,0.732,0.02
1,euclidean,mean_std_0.75,normalized_union,max_ratio,0.0,0.8189239654943644,0.622,0.752,0.726,0.026
1,euclidean,mean_std_0.75,normalized_union,max_ratio,0.25,0.8189239654943644,0.622,0.752,0.726,0.026
1,euclidean,mean_std_0.75,normalized_union,max_ratio,0.5,0.8189239654943644,0.622,0.752,0.726,0.026
1,euclidean,mean_std_0.75,normalized_union,max_ratio,1.0,0.8189239654943644,0.622,0.752,0.726,0.026
1,euclidean,mean_std_0.75,normalized_union,max_ratio,2.0,0.8988759646006556,0.652,0.752,0.732,0.02
1,euclidean,mean_std_1.0,nearest_sphere,none,0.0,0.7571205176247203,0.622,0.752,0.726,0.026
1,euclidean,mean_std_1.0,nearest_sphere,none,0.25,0.7571205176247203,0.622,0.752,0.726,0.026
1,euclidean,mean_std_1.0,nearest_sphere,none,0.5,0.7571205176247203,0.622,0.752,0.726,0.026
1,euclidean,mean_std_1.0,nearest_sphere,none,1.0,0.7571205176247203,0.622,0.752,0.726,0.026
1,euclidean,mean_std_1.0,nearest_sphere,none,2.0,0.7571205176247203,0.622,0.752,0.726,0.026
1,euclidean,mean_std_1.0,nearest_sphere,ratio,0.0,0.7571205176247203,0.622,0.752,0.726,0.026
1,euclidean,mean_std_1.0,nearest_sphere,ratio,0.25,0.8592349771593719,0.642,0.752,0.73,0.022
1,euclidean,mean_std_1.0,nearest_sphere,ratio,0.5,0.9675768013248802,0.652,0.752,0.732,0.02
1,euclidean,mean_std_1.0,nearest_sphere,ratio,1.0,1.1748078817513974,0.652,0.752,0.732,0.02
1,euclidean,mean_std_1.0,nearest_sphere,ratio,2.0,1.6001880486347462,0.652,0.752,0.732,0.02
1,euclidean,mean_std_1.0,nearest_sphere,inverse_margin,0.0,0.7571205176247203,0.622,0.752,0.726,0.026
1,euclidean,mean_std_1.0,nearest_sphere,inverse_margin,0.25,0.9494076192117384,0.652,0.752,0.732,0.02
1,euclidean,mean_std_1.0,nearest_sphere,inverse_margin,0.5,1.1190961091879457,0.652,0.752,0.732,0.02
1,euclidean,mean_std_1.0,nearest_sphere,inverse_margin,1.0,1.49370975056832,0.652,0.752,0.732,0.02
1,euclidean,mean_std_1.0,nearest_sphere,inverse_margin,2.0,2.1611868518950046,0.652,0.752,0.732,0.02
1,euclidean,mean_std_1.0,nearest_sphere,max_ratio,0.0,0.7571205176247203,0.622,0.752,0.726,0.026
1,euclidean,mean_std_1.0,nearest_sphere,max_ratio,0.25,0.7571205176247203,0.622,0.752,0.726,0.026
1,euclidean,mean_std_1.0,nearest_sphere,max_ratio,0.5,0.7571205176247203,0.622,0.752,0.726,0.026
1,euclidean,mean_std_1.0,nearest_sphere,max_ratio,1.0,0.7571205176247203,0.622,0.752,0.726,0.026
1,euclidean,mean_std_1.0,nearest_sphere,max_ratio,2.0,0.8680520361600136,0.662,0.752,0.734,0.018
1,euclidean,mean_std_1.0,normalized_union,none,0.0,0.7571205176247203,0.622,0.752,0.726,0.026
1,euclidean,mean_std_1.0,normalized_union,none,0.25,0.7571205176247203,0.622,0.752,0.726,0.026
1,euclidean,mean_std_1.0,normalized_union,none,0.5,0.7571205176247203,0.622,0.752,0.726,0.026
1,euclidean,mean_std_1.0,normalized_union,none,1.0,0.7571205176247203,0.622,0.752,0.726,0.026
1,euclidean,mean_std_1.0,normalized_union,none,2.0,0.7571205176247203,0.622,0.752,0.726,0.026
1,euclidean,mean_std_1.0,normalized_union,ratio,0.0,0.7571205176247203,0.622,0.752,0.726,0.026
1,euclidean,mean_std_1.0,normalized_union,ratio,0.25,0.8592349771593719,0.642,0.752,0.73,0.022
1,euclidean,mean_std_1.0,normalized_union,ratio,0.5,0.9675768013248802,0.652,0.752,0.732,0.02
1,euclidean,mean_std_1.0,normalized_union,ratio,1.0,1.1748078817513974,0.652,0.752,0.732,0.02
1,euclidean,mean_std_1.0,normalized_union,ratio,2.0,1.6001880486347462,0.652,0.752,0.732,0.02
1,euclidean,mean_std_1.0,normalized_union,inverse_margin,0.0,0.7571205176247203,0.622,0.752,0.726,0.026
1,euclidean,mean_std_1.0,normalized_union,inverse_margin,0.25,0.9494076192117384,0.652,0.752,0.732,0.02
1,euclidean,mean_std_1.0,normalized_union,inverse_margin,0.5,1.1190961091879457,0.652,0.752,0.732,0.02
1,euclidean,mean_std_1.0,normalized_union,inverse_margin,1.0,1.49370975056832,0.652,0.752,0.732,0.02
1,euclidean,mean_std_1.0,normalized_union,inverse_margin,2.0,2.1611868518950046,0.652,0.752,0.732,0.02
1,euclidean,mean_std_1.0,normalized_union,max_ratio,0.0,0.7571205176247203,0.622,0.752,0.726,0.026
1,euclidean,mean_std_1.0,normalized_union,max_ratio,0.25,0.7571205176247203,0.622,0.752,0.726,0.026
1,euclidean,mean_std_1.0,normalized_union,max_ratio,0.5,0.7571205176247203,0.622,0.752,0.726,0.026
1,euclidean,mean_std_1.0,normalized_union,max_ratio,1.0,0.7571205176247203,0.622,0.752,0.726,0.026
1,euclidean,mean_std_1.0,normalized_union,max_ratio,2.0,0.8680520361600136,0.662,0.752,0.734,0.018
1,euclidean,mean_std_1.5,nearest_sphere,none,0.0,0.6509271985688627,0.622,0.752,0.726,0.026
1,euclidean,mean_std_1.5,nearest_sphere,none,0.25,0.6509271985688627,0.622,0.752,0.726,0.026
1,euclidean,mean_std_1.5,nearest_sphere,none,0.5,0.6509271985688627,0.622,0.752,0.726,0.026
1,euclidean,mean_std_1.5,nearest_sphere,none,1.0,0.6509271985688627,0.622,0.752,0.726,0.026
1,euclidean,mean_std_1.5,nearest_sphere,none,2.0,0.6509271985688627,0.622,0.752,0.726,0.026
1,euclidean,mean_std_1.5,nearest_sphere,ratio,0.0,0.6509271985688627,0.622,0.752,0.726,0.026
1,euclidean,mean_std_1.5,nearest_sphere,ratio,0.25,0.7521237239155942,0.642,0.752,0.73,0.022
1,euclidean,mean_std_1.5,nearest_sphere,ratio,0.5,0.8669812795539034,0.652,0.752,0.732,0.02
1,euclidean,mean_std_1.5,nearest_sphere,ratio,1.0,1.073505823135045,0.652,0.752,0.732,0.02
1,euclidean,mean_std_1.5,nearest_sphere,ratio,2.0,1.4995151552744055,0.652,0.752,0.732,0.02
1,euclidean,mean_std_1.5,nearest_sphere,inverse_margin,0.0,0.6509271985688627,0.622,0.752,0.726,0.026
1,euclidean,mean_std_1.5,nearest_sphere,inverse_margin,0.25,0.8370279561715657,0.652,0.752,0.732,0.02
1,euclidean,mean_std_1.5,nearest_sphere,inverse_margin,0.5,1.035746624556985,0.652,0.752,0.732,0.02
1,euclidean,mean_std_1.5,nearest_sphere,inverse_margin,1.0,1.3736364274881145,0.642,0.752,0.73,0.022
1,euclidean,mean_std_1.5,nearest_sphere,inverse_margin,2.0,2.0235659468466727,0.652,0.752,0.732,0.02
1,euclidean,mean_std_1.5,nearest_sphere,max_ratio,0.0,0.6509271985688627,0.622,0.752,0.726,0.026
1,euclidean,mean_std_1.5,nearest_sphere,max_ratio,0.25,0.6509271985688627,0.622,0.752,0.726,0.026
1,euclidean,mean_std_1.5,nearest_sphere,max_ratio,0.5,0.6509271985688627,0.622,0.752,0.726,0.026
1,euclidean,mean_std_1.5,nearest_sphere,max_ratio,1.0,0.6569677360469881,0.622,0.752,0.726,0.026
1,euclidean,mean_std_1.5,nearest_sphere,max_ratio,2.0,0.8377926591312688,0.662,0.752,0.734,0.018
1,euclidean,mean_std_1.5,normalized_union,none,0.0,0.6509271985688627,0.622,0.752,0.726,0.026
1,euclidean,mean_std_1.5,normalized_union,none,0.25,0.6509271985688627,0.622,0.752,0.726,0.026
1,euclidean,mean_std_1.5,normalized_union,none,0.5,0.6509271985688627,0.622,0.752,0.726,0.026
1,euclidean,mean_std_1.5,normalized_union,none,1.0,0.6509271985688627,0.622,0.752,0.726,0.026
1,euclidean,mean_std_1.5,normalized_union,none,2.0,0.6509271985688627,0.622,0.752,0.726,0.026
1,euclidean,mean_std_1.5,normalized_union,ratio,0.0,0.6509271985688627,0.622,0.752,0.726,0.026
1,euclidean,mean_std_1.5,normalized_union,ratio,0.25,0.7521237239155942,0.642,0.752,0.73,0.022
1,euclidean,mean_std_1.5,normalized_union,ratio,0.5,0.8669812795539034,0.652,0.752,0.732,0.02
1,euclidean,mean_std_1.5,normalized_union,ratio,1.0,1.073505823135045,0.652,0.752,0.732,0.02
1,euclidean,mean_std_1.5,normalized_union,ratio,2.0,1.4995151552744055,0.652,0.752,0.732,0.02
1,euclidean,mean_std_1.5,normalized_union,inverse_margin,0.0,0.6509271985688627,0.622,0.752,0.726,0.026
1,euclidean,mean_std_1.5,normalized_union,inverse_margin,0.25,0.8370279561715657,0.652,0.752,0.732,0.02
1,euclidean,mean_std_1.5,normalized_union,inverse_margin,0.5,1.035746624556985,0.652,0.752,0.732,0.02
1,euclidean,mean_std_1.5,normalized_union,inverse_margin,1.0,1.3736364274881145,0.642,0.752,0.73,0.022
1,euclidean,mean_std_1.5,normalized_union,inverse_margin,2.0,2.0235659468466727,0.652,0.752,0.732,0.02
1,euclidean,mean_std_1.5,normalized_union,max_ratio,0.0,0.6509271985688627,0.622,0.752,0.726,0.026
1,euclidean,mean_std_1.5,normalized_union,max_ratio,0.25,0.6509271985688627,0.622,0.752,0.726,0.026
1,euclidean,mean_std_1.5,normalized_union,max_ratio,0.5,0.6509271985688627,0.622,0.752,0.726,0.026
1,euclidean,mean_std_1.5,normalized_union,max_ratio,1.0,0.6569677360469881,0.622,0.752,0.726,0.026
1,euclidean,mean_std_1.5,normalized_union,max_ratio,2.0,0.8377926591312688,0.662,0.752,0.734,0.018
1,euclidean,mean_std_2.0,nearest_sphere,none,0.0,0.575459380417657,0.622,0.752,0.726,0.026
1,euclidean,mean_std_2.0,nearest_sphere,none,0.25,0.575459380417657,0.622,0.752,0.726,0.026
1,euclidean,mean_std_2.0,nearest_sphere,none,0.5,0.575459380417657,0.622,0.752,0.726,0.026
1,euclidean,mean_std_2.0,nearest_sphere,none,1.0,0.575459380417657,0.622,0.752,0.726,0.026
1,euclidean,mean_std_2.0,nearest_sphere,none,2.0,0.575459380417657,0.622,0.752,0.726,0.026
1,euclidean,mean_std_2.0,nearest_sphere,ratio,0.0,0.575459380417657,0.622,0.752,0.726,0.026
1,euclidean,mean_std_2.0,nearest_sphere,ratio,0.25,0.6682828889625267,0.642,0.752,0.73,0.022
1,euclidean,mean_std_2.0,nearest_sphere,ratio,0.5,0.777480944469843,0.652,0.752,0.732,0.02
1,euclidean,mean_std_2.0,nearest_sphere,ratio,1.0,1.0066364914529147,0.652,0.752,0.732,0.02
1,euclidean,mean_std_2.0,nearest_sphere,ratio,2.0,1.4211088440443305,0.652,0.752,0.732,0.02
1,euclidean,mean_std_2.0,nearest_sphere,inverse_margin,0.0,0.575459380417657,0.622,0.752,0.726,0.026
1,euclidean,mean_std_2.0,nearest_sphere,inverse_margin,0.25,0.7656934465695284,0.652,0.752,0.732,0.02
1,euclidean,mean_std_2.0,nearest_sphere,inverse_margin,0.5,0.9573887618150634,0.652,0.752,0.732,0.02
1,euclidean,mean_std_2.0,nearest_sphere,inverse_margin,1.0,1.3000058884319734,0.642,0.752,0.73,0.022
1,euclidean,mean_std_2.0,nearest_sphere,inverse_margin,2.0,1.9461373587188988,0.652,0.752,0.732,0.02
1,euclidean,mean_std_2.0,nearest_sphere,max_ratio,0.0,0.575459380417657,0.622,0.752,0.726,0.026
1,euclidean,mean_std_2.0,nearest_sphere,max_ratio,0.25,0.575459380417657,0.622,0.752,0.726,0.026
1,euclidean,mean_std_2.0,nearest_sphere,max_ratio,0.5,0.575459380417657,0.622,0.752,0.726,0.026
1,euclidean,mean_std_2.0,nearest_sphere,max_ratio,1.0,0.584344323165325,0.652,0.752,0.732,0.02
1,euclidean,mean_std_2.0,nearest_sphere,max_ratio,2.0,0.8296828927219361,0.662,0.752,0.734,0.018
1,euclidean,mean_std_2.0,normalized_union,none,0.0,0.575459380417657,0.622,0.752,0.726,0.026
1,euclidean,mean_std_2.0,normalized_union,none,0.25,0.575459380417657,0.622,0.752,0.726,0.026
1,euclidean,mean_std_2.0,normalized_union,none,0.5,0.575459380417657,0.622,0.752,0.726,0.026
1,euclidean,mean_std_2.0,normalized_union,none,1.0,0.575459380417657,0.622,0.752,0.726,0.026
1,euclidean,mean_std_2.0,normalized_union,none,2.0,0.575459380417657,0.622,0.752,0.726,0.026
1,euclidean,mean_std_2.0,normalized_union,ratio,0.0,0.575459380417657,0.622,0.752,0.726,0.026
1,euclidean,mean_std_2.0,normalized_union,ratio,0.25,0.6682828889625267,0.642,0.752,0.73,0.022
1,euclidean,mean_std_2.0,normalized_union,ratio,0.5,0.777480944469843,0.652,0.752,0.732,0.02
1,euclidean,mean_std_2.0,normalized_union,ratio,1.0,1.0066364914529147,0.652,0.752,0.732,0.02
1,euclidean,mean_std_2.0,normalized_union,ratio,2.0,1.4211088440443305,0.652,0.752,0.732,0.02
1,euclidean,mean_std_2.0,normalized_union,inverse_margin,0.0,0.575459380417657,0.622,0.752,0.726,0.026
1,euclidean,mean_std_2.0,normalized_union,inverse_margin,0.25,0.7656934465695284,0.652,0.752,0.732,0.02
1,euclidean,mean_std_2.0,normalized_union,inverse_margin,0.5,0.9573887618150634,0.652,0.752,0.732,0.02
1,euclidean,mean_std_2.0,normalized_union,inverse_margin,1.0,1.3000058884319734,0.642,0.752,0.73,0.022
1,euclidean,mean_std_2.0,normalized_union,inverse_margin,2.0,1.9461373587188988,0.652,0.752,0.732,0.02
1,euclidean,mean_std_2.0,normalized_union,max_ratio,0.0,0.575459380417657,0.622,0.752,0.726,0.026
1,euclidean,mean_std_2.0,normalized_union,max_ratio,0.25,0.575459380417657,0.622,0.752,0.726,0.026
1,euclidean,mean_std_2.0,normalized_union,max_ratio,0.5,0.575459380417657,0.622,0.752,0.726,0.026
1,euclidean,mean_std_2.0,normalized_union,max_ratio,1.0,0.584344323165325,0.652,0.752,0.732,0.02
1,euclidean,mean_std_2.0,normalized_union,max_ratio,2.0,0.8296828927219361,0.662,0.752,0.734,0.018
1,euclidean,mean_std_3.0,nearest_sphere,none,0.0,0.463814750675391,0.622,0.752,0.726,0.026
1,euclidean,mean_std_3.0,nearest_sphere,none,0.25,0.463814750675391,0.622,0.752,0.726,0.026
1,euclidean,mean_std_3.0,nearest_sphere,none,0.5,0.463814750675391,0.622,0.752,0.726,0.026
1,euclidean,mean_std_3.0,nearest_sphere,none,1.0,0.463814750675391,0.622,0.752,0.726,0.026
1,euclidean,mean_std_3.0,nearest_sphere,none,2.0,0.463814750675391,0.622,0.752,0.726,0.026
1,euclidean,mean_std_3.0,nearest_sphere,ratio,0.0,0.463814750675391,0.622,0.752,0.726,0.026
1,euclidean,mean_std_3.0,nearest_sphere,ratio,0.25,0.5605788586838314,0.642,0.752,0.73,0.022
1,euclidean,mean_std_3.0,nearest_sphere,ratio,0.5,0.674083643716128,0.652,0.752,0.732,0.02
1,euclidean,mean_std_3.0,nearest_sphere,ratio,1.0,0.900512482611383,0.652,0.752,0.732,0.02
1,euclidean,mean_std_3.0,nearest_sphere,ratio,2.0,1.3068986622136518,0.642,0.752,0.73,0.022
1,euclidean,mean_std_3.0,nearest_sphere,inverse_margin,0.0,0.463814750675391,0.622,0.752,0.726,0.026
1,euclidean,mean_std_3.0,nearest_sphere,inverse_margin,0.25,0.6618786441408273,0.652,0.752,0.732,0.02
1,euclidean,mean_std_3.0,nearest_sphere,inverse_margin,0.5,0.841488602149411,0.642,0.752,0.73,0.022
1,euclidean,mean_std_3.0,nearest_sphere,inverse_margin,1.0,1.1699838167749474,0.652,0.752,0.732,0.02
1,euclidean,mean_std_3.0,nearest_sphere,inverse_margin,2.0,1.847783449052225,0.652,0.752,0.732,0.02
1,euclidean,mean_std_3.0,nearest_sphere,max_ratio,0.0,0.463814750675391,0.622,0.752,0.726,0.026
1,euclidean,mean_std_3.0,nearest_sphere,max_ratio,0.25,0.463814750675391,0.622,0.752,0.726,0.026
1,euclidean,mean_std_3.0,nearest_sphere,max_ratio,0.5,0.463814750675391,0.622,0.752,0.726,0.026
1,euclidean,mean_std_3.0,nearest_sphere,max_ratio,1.0,0.49152913830530454,0.652,0.752,0.732,0.02
1,euclidean,mean_std_3.0,nearest_sphere,max_ratio,2.0,0.8289243217060687,0.662,0.752,0.734,0.018
1,euclidean,mean_std_3.0,normalized_union,none,0.0,0.463814750675391,0.622,0.752,0.726,0.026
1,euclidean,mean_std_3.0,normalized_union,none,0.25,0.463814750675391,0.622,0.752,0.726,0.026
1,euclidean,mean_std_3.0,normalized_union,none,0.5,0.463814750675391,0.622,0.752,0.726,0.026
1,euclidean,mean_std_3.0,normalized_union,none,1.0,0.463814750675391,0.622,0.752,0.726,0.026
1,euclidean,mean_std_3.0,normalized_union,none,2.0,0.463814750675391,0.622,0.752,0.726,0.026
1,euclidean,mean_std_3.0,normalized_union,ratio,0.0,0.463814750675391,0.622,0.752,0.726,0.026
1,euclidean,mean_std_3.0,normalized_union,ratio,0.25,0.5605788586838314,0.642,0.752,0.73,0.022
1,euclidean,mean_std_3.0,normalized_union,ratio,0.5,0.674083643716128,0.652,0.752,0.732,0.02
1,euclidean,mean_std_3.0,normalized_union,ratio,1.0,0.900512482611383,0.652,0.752,0.732,0.02
1,euclidean,mean_std_3.0,normalized_union,ratio,2.0,1.3068986622136518,0.642,0.752,0.73,0.022
1,euclidean,mean_std_3.0,normalized_union,inverse_margin,0.0,0.463814750675391,0.622,0.752,0.726,0.026
1,euclidean,mean_std_3.0,normalized_union,inverse_margin,0.25,0.6618786441408273,0.652,0.752,0.732,0.02
1,euclidean,mean_std_3.0,normalized_union,inverse_margin,0.5,0.841488602149411,0.642,0.752,0.73,0.022
1,euclidean,mean_std_3.0,normalized_union,inverse_margin,1.0,1.1699838167749474,0.652,0.752,0.732,0.02
1,euclidean,mean_std_3.0,normalized_union,inverse_margin,2.0,1.847783449052225,0.652,0.752,0.732,0.02
1,euclidean,mean_std_3.0,normalized_union,max_ratio,0.0,0.463814750675391,0.622,0.752,0.726,0.026
1,euclidean,mean_std_3.0,normalized_union,max_ratio,0.25,0.463814750675391,0.622,0.752,0.726,0.026
1,euclidean,mean_std_3.0,normalized_union,max_ratio,0.5,0.463814750675391,0.622,0.752,0.726,0.026
1,euclidean,mean_std_3.0,normalized_union,max_ratio,1.0,0.49152913830530454,0.652,0.752,0.732,0.02
1,euclidean,mean_std_3.0,normalized_union,max_ratio,2.0,0.8289243217060687,0.662,0.752,0.734,0.018
1,euclidean,center_quantile_0.5,nearest_sphere,none,0.0,1.318004216485855,0.612,0.752,0.724,0.028
1,euclidean,center_quantile_0.5,nearest_sphere,none,0.25,1.318004216485855,0.612,0.752,0.724,0.028
1,euclidean,center_quantile_0.5,nearest_sphere,none,0.5,1.318004216485855,0.612,0.752,0.724,0.028
1,euclidean,center_quantile_0.5,nearest_sphere,none,1.0,1.318004216485855,0.612,0.752,0.724,0.028
1,euclidean,center_quantile_0.5,nearest_sphere,none,2.0,1.318004216485855,0.612,0.752,0.724,0.028
1,euclidean,center_quantile_0.5,nearest_sphere,ratio,0.0,1.318004216485855,0.612,0.752,0.724,0.028
1,euclidean,center_quantile_0.5,nearest_sphere,ratio,0.25,1.4388268660522001,0.622,0.752,0.726,0.026
1,euclidean,center_quantile_0.5,nearest_sphere,ratio,0.5,1.5213039798884658,0.632,0.752,0.728,0.024
1,euclidean,center_quantile_0.5,nearest_sphere,ratio,1.0,1.748593343376788,0.642,0.752,0.73,0.022
1,euclidean,center_quantile_0.5,nearest_sphere,ratio,2.0,2.1485982927497886,0.652,0.752,0.732,0.02
1,euclidean,center_quantile_0.5,nearest_sphere,inverse_margin,0.0,1.318004216485855,0.612,0.752,0.724,0.028
1,euclidean,center_quantile_0.5,nearest_sphere,inverse_margin,0.25,1.5343529301231693,0.642,0.752,0.73,0.022
1,euclidean,center_quantile_0.5,nearest_sphere,inverse_margin,0.5,1.690153515951519,0.652,0.752,0.732,0.02
1,euclidean,center_quantile_0.5,nearest_sphere,inverse_margin,1.0,2.075884881615006,0.652,0.752,0.732,0.02
1,euclidean,center_quantile_0.5,nearest_sphere,inverse_margin,2.0,2.7816502349167385,0.652,0.752,0.732,0.02
1,euclidean,center_quantile_0.5,nearest_sphere,max_ratio,0.0,1.318004216485855,0.612,0.752,0.724,0.028
1,euclidean,center_quantile_0.5,nearest_sphere,max_ratio,0.25,1.318004216485855,0.612,0.752,0.724,0.028
1,euclidean,center_quantile_0.5,nearest_sphere,max_ratio,0.5,1.318004216485855,0.612,0.752,0.724,0.028
1,euclidean,center_quantile_0.5,nearest_sphere,max_ratio,1.0,1.318004216485855,0.612,0.752,0.724,0.028
1,euclidean,center_quantile_0.5,nearest_sphere,max_ratio,2.0,1.341858261182553,0.612,0.752,0.724,0.028
1,euclidean,center_quantile_0.5,normalized_union,none,0.0,1.318004216485855,0.612,0.752,0.724,0.028
1,euclidean,center_quantile_0.5,normalized_union,none,0.25,1.318004216485855,0.612,0.752,0.724,0.028
1,euclidean,center_quantile_0.5,normalized_union,none,0.5,1.318004216485855,0.612,0.752,0.724,0.028
1,euclidean,center_quantile_0.5,normalized_union,none,1.0,1.318004216485855,0.612,0.752,0.724,0.028
1,euclidean,center_quantile_0.5,normalized_union,none,2.0,1.318004216485855,0.612,0.752,0.724,0.028
1,euclidean,center_quantile_0.5,normalized_union,ratio,0.0,1.318004216485855,0.612,0.752,0.724,0.028
1,euclidean,center_quantile_0.5,normalized_union,ratio,0.25,1.4388268660522001,0.622,0.752,0.726,0.026
1,euclidean,center_quantile_0.5,normalized_union,ratio,0.5,1.5213039798884658,0.632,0.752,0.728,0.024
1,euclidean,center_quantile_0.5,normalized_union,ratio,1.0,1.748593343376788,0.642,0.752,0.73,0.022
1,euclidean,center_quantile_0.5,normalized_union,ratio,2.0,2.1485982927497886,0.652,0.752,0.732,0.02
1,euclidean,center_quantile_0.5,normalized_union,inverse_margin,0.0,1.318004216485855,0.612,0.752,0.724,0.028
1,euclidean,center_quantile_0.5,normalized_union,inverse_margin,0.25,1.5343529301231693,0.642,0.752,0.73,0.022
1,euclidean,center_quantile_0.5,normalized_union,inverse_margin,0.5,1.690153515951519,0.652,0.752,0.732,0.02
1,euclidean,center_quantile_0.5,normalized_union,inverse_margin,1.0,2.075884881615006,0.652,0.752,0.732,0.02
1,euclidean,center_quantile_0.5,normalized_union,inverse_margin,2.0,2.7816502349167385,0.652,0.752,0.732,0.02
1,euclidean,center_quantile_0.5,normalized_union,max_ratio,0.0,1.318004216485855,0.612,0.752,0.724,0.028
1,euclidean,center_quantile_0.5,normalized_union,max_ratio,0.25,1.318004216485855,0.612,0.752,0.724,0.028
1,euclidean,center_quantile_0.5,normalized_union,max_ratio,0.5,1.318004216485855,0.612,0.752,0.724,0.028
1,euclidean,center_quantile_0.5,normalized_union,max_ratio,1.0,1.318004216485855,0.612,0.752,0.724,0.028
1,euclidean,center_quantile_0.5,normalized_union,max_ratio,2.0,1.341858261182553,0.612,0.752,0.724,0.028
1,euclidean,intent_quantile_0.5,nearest_sphere,none,0.0,1.3405270133898204,0.612,0.752,0.724,0.028
1,euclidean,intent_quantile_0.5,nearest_sphere,none,0.25,1.3405270133898204,0.612,0.752,0.724,0.028
1,euclidean,intent_quantile_0.5,nearest_sphere,none,0.5,1.3405270133898204,0.612,0.752,0.724,0.028
1,euclidean,intent_quantile_0.5,nearest_sphere,none,1.0,1.3405270133898204,0.612,0.752,0.724,0.028
1,euclidean,intent_quantile_0.5,nearest_sphere,none,2.0,1.3405270133898204,0.612,0.752,0.724,0.028
1,euclidean,intent_quantile_0.5,nearest_sphere,ratio,0.0,1.3405270133898204,0.612,0.752,0.724,0.028
1,euclidean,intent_quantile_0.5,nearest_sphere,ratio,0.25,1.44987049254783,0.622,0.752,0.726,0.026
1,euclidean,intent_quantile_0.5,nearest_sphere,ratio,0.5,1.55622968442489,0.632,0.752,0.728,0.024
1,euclidean,intent_quantile_0.5,nearest_sphere,ratio,1.0,1.7608911231142796,0.652,0.752,0.732,0.02
1,euclidean,intent_quantile_0.5,nearest_sphere,ratio,2.0,2.1843246234639304,0.652,0.752,0.732,0.02
1,euclidean,intent_quantile_0.5,nearest_sphere,inverse_margin,0.0,1.3405270133898204,0.612,0.752,0.724,0.028
1,euclidean,intent_quantile_0.5,nearest_sphere,inverse_margin,0.25,1.5513154886098977,0.652,0.752,0.732,0.02
1,euclidean,intent_quantile_0.5,nearest_sphere,inverse_margin,0.5,1.710845429508769,0.652,0.752,0.732,0.02
1,euclidean,intent_quantile_0.5,nearest_sphere,inverse_margin,1.0,2.075884881615006,0.652,0.752,0.732,0.02
1,euclidean,intent_quantile_0.5,nearest_sphere,inverse_margin,2.0,2.7816502349167385,0.652,0.752,0.732,0.02
1,euclidean,intent_quantile_0.5,nearest_sphere,max_ratio,0.0,1.3405270133898204,0.612,0.752,0.724,0.028
1,euclidean,intent_quantile_0.5,nearest_sphere,max_ratio,0.25,1.3405270133898204,0.612,0.752,0.724,0.028
1,euclidean,intent_quantile_0.5,nearest_sphere,max_ratio,0.5,1.3405270133898204,0.612,0.752,0.724,0.028
1,euclidean,intent_quantile_0.5,nearest_sphere,max_ratio,1.0,1.3405270133898204,0.612,0.752,0.724,0.028
1,euclidean,intent_quantile_0.5,nearest_sphere,max_ratio,2.0,1.347699287423695,0.612,0.752,0.724,0.028
1,euclidean,intent_quantile_0.5,normalized_union,none,0.0,1.3405270133898204,0.612,0.752,0.724,0.028
1,euclidean,intent_quantile_0.5,normalized_union,none,0.25,1.3405270133898204,0.612,0.752,0.724,0.028
1,euclidean,intent_quantile_0.5,normalized_union,none,0.5,1.3405270133898204,0.612,0.752,0.724,0.028
1,euclidean,intent_quantile_0.5,normalized_union,none,1.0,1.3405270133898204,0.612,0.752,0.724,0.028
1,euclidean,intent_quantile_0.5,normalized_union,none,2.0,1.3405270133898204,0.612,0.752,0.724,0.028
1,euclidean,intent_quantile_0.5,normalized_union,ratio,0.0,1.3405270133898204,0.612,0.752,0.724,0.028
1,euclidean,intent_quantile_0.5,normalized_union,ratio,0.25,1.44987049254783,0.622,0.752,0.726,0.026
1,euclidean,intent_quantile_0.5,normalized_union,ratio,0.5,1.55622968442489,0.632,0.752,0.728,0.024
1,euclidean,intent_quantile_0.5,normalized_union,ratio,1.0,1.7608911231142796,0.652,0.752,0.732,0.02
1,euclidean,intent_quantile_0.5,normalized_union,ratio,2.0,2.1843246234639304,0.652,0.752,0.732,0.02
1,euclidean,intent_quantile_0.5,normalized_union,inverse_margin,0.0,1.3405270133898204,0.612,0.752,0.724,0.028
1,euclidean,intent_quantile_0.5,normalized_union,inverse_margin,0.25,1.5513154886098977,0.652,0.752,0.732,0.02
1,euclidean,intent_quantile_0.5,normalized_union,inverse_margin,0.5,1.710845429508769,0.652,0.752,0.732,0.02
1,euclidean,intent_quantile_0.5,normalized_union,inverse_margin,1.0,2.075884881615006,0.652,0.752,0.732,0.02
1,euclidean,intent_quantile_0.5,normalized_union,inverse_margin,2.0,2.7816502349167385,0.652,0.752,0.732,0.02
1,euclidean,intent_quantile_0.5,normalized_union,max_ratio,0.0,1.3405270133898204,0.612,0.752,0.724,0.028
1,euclidean,intent_quantile_0.5,normalized_union,max_ratio,0.25,1.3405270133898204,0.612,0.752,0.724,0.028
1,euclidean,intent_quantile_0.5,normalized_union,max_ratio,0.5,1.3405270133898204,0.612,0.752,0.724,0.028
1,euclidean,intent_quantile_0.5,normalized_union,max_ratio,1.0,1.3405270133898204,0.612,0.752,0.724,0.028
1,euclidean,intent_quantile_0.5,normalized_union,max_ratio,2.0,1.347699287423695,0.612,0.752,0.724,0.028
1,euclidean,center_quantile_0.7,nearest_sphere,none,0.0,1.047060181973743,0.612,0.752,0.724,0.028
1,euclidean,center_quantile_0.7,nearest_sphere,none,0.25,1.047060181973743,0.612,0.752,0.724,0.028
1,euclidean,center_quantile_0.7,nearest_sphere,none,0.5,1.047060181973743,0.612,0.752,0.724,0.028
1,euclidean,center_quantile_0.7,nearest_sphere,none,1.0,1.047060181973743,0.612,0.752,0.724,0.028
1,euclidean,center_quantile_0.7,nearest_sphere,none,2.0,1.047060181973743,0.612,0.752,0.724,0.028
1,euclidean,center_quantile_0.7,nearest_sphere,ratio,0.0,1.047060181973743,0.612,0.752,0.724,0.028
1,euclidean,center_quantile_0.7,nearest_sphere,ratio,0.25,1.1567137705712045,0.622,0.752,0.726,0.026
1,euclidean,center_quantile_0.7,nearest_sphere,ratio,0.5,1.2538129107786422,0.622,0.752,0.726,0.026
1,euclidean,center_quantile_0.7,nearest_sphere,ratio,1.0,1.4732709544145206,0.652,0.752,0.732,0.02
1,euclidean,center_quantile_0.7,nearest_sphere,ratio,2.0,1.874975340115276,0.652,0.752,0.732,0.02
1,euclidean,center_quantile_0.7,nearest_sphere,inverse_margin,0.0,1.047060181973743,0.612,0.752,0.724,0.028
1,euclidean,center_quantile_0.7,nearest_sphere,inverse_margin,0.25,1.235213292126132,0.652,0.752,0.732,0.02
1,euclidean,center_quantile_0.7,nearest_sphere,inverse_margin,0.5,1.4179805468365163,0.652,0.752,0.732,0.02
1,euclidean,center_quantile_0.7,nearest_sphere,inverse_margin,1.0,1.7706156948301166,0.652,0.752,0.732,0.02
1,euclidean,center_quantile_0.7,nearest_sphere,inverse_margin,2.0,2.451165897776418,0.652,0.752,0.732,0.02
1,euclidean,center_quantile_0.7,nearest_sphere,max_ratio,0.0,1.047060181973743,0.612,0.752,0.724,0.028
1,euclidean,center_quantile_0.7,nearest_sphere,max_ratio,0.25,1.047060181973743,0.612,0.752,0.724,0.028
1,euclidean,center_quantile_0.7,nearest_sphere,max_ratio,0.5,1.047060181973743,0.612,0.752,0.724,0.028
1,euclidean,center_quantile_0.7,nearest_sphere,max_ratio,1.0,1.047060181973743,0.612,0.752,0.724,0.028
1,euclidean,center_quantile_0.7,nearest_sphere,max_ratio,2.0,1.1179436939429985,0.652,0.752,0.732,0.02
1,euclidean,center_quantile_0.7,normalized_union,none,0.0,1.047060181973743,0.612,0.752,0.724,0.028
1,euclidean,center_quantile_0.7,normalized_union,none,0.25,1.047060181973743,0.612,0.752,0.724,0.028
1,euclidean,center_quantile_0.7,normalized_union,none,0.5,1.047060181973743,0.612,0.752,0.724,0.028
1,euclidean,center_quantile_0.7,normalized_union,none,1.0,1.047060181973743,0.612,0.752,0.724,0.028
1,euclidean,center_quantile_0.7,normalized_union,none,2.0,1.047060181973743,0.612,0.752,0.724,0.028
1,euclidean,center_quantile_0.7,normalized_union,ratio,0.0,1.047060181973743,0.612,0.752,0.724,0.028
1,euclidean,center_quantile_0.7,normalized_union,ratio,0.25,1.1567137705712045,0.622,0.752,0.726,0.026
1,euclidean,center_quantile_0.7,normalized_union,ratio,0.5,1.2538129107786422,0.622,0.752,0.726,0.026
1,euclidean,center_quantile_0.7,normalized_union,ratio,1.0,1.4732709544145206,0.652,0.752,0.732,0.02
1,euclidean,center_quantile_0.7,normalized_union,ratio,2.0,1.874975340115276,0.652,0.752,0.732,0.02
1,euclidean,center_quantile_0.7,normalized_union,inverse_margin,0.0,1.047060181973743,0.612,0.752,0.724,0.028
1,euclidean,center_quantile_0.7,normalized_union,inverse_margin,0.25,1.235213292126132,0.652,0.752,0.732,0.02
1,euclidean,center_quantile_0.7,normalized_union,inverse_margin,0.5,1.4179805468365163,0.652,0.752,0.732,0.02
1,euclidean,center_quantile_0.7,normalized_union,inverse_margin,1.0,1.7706156948301166,0.652,0.752,0.732,0.02
1,euclidean,center_quantile_0.7,normalized_union,inverse_margin,2.0,2.451165897776418,0.652,0.752,0.732,0.02
1,euclidean,center_quantile_0.7,normalized_union,max_ratio,0.0,1.047060181973743,0.612,0.752,0.724,0.028
1,euclidean,center_quantile_0.7,normalized_union,max_ratio,0.25,1.047060181973743,0.612,0.752,0.724,0.028
1,euclidean,center_quantile_0.7,normalized_union,max_ratio,0.5,1.047060181973743,0.612,0.752,0.724,0.028
1,euclidean,center_quantile_0.7,normalized_union,max_ratio,1.0,1.047060181973743,0.612,0.752,0.724,0.028
1,euclidean,center_quantile_0.7,normalized_union,max_ratio,2.0,1.1179436939429985,0.652,0.752,0.732,0.02
1,euclidean,intent_quantile_0.7,nearest_sphere,none,0.0,1.078588053826872,0.612,0.752,0.724,0.028
1,euclidean,intent_quantile_0.7,nearest_sphere,none,0.25,1.078588053826872,0.612,0.752,0.724,0.028
1,euclidean,intent_quantile_0.7,nearest_sphere,none,0.5,1.078588053826872,0.612,0.752,0.724,0.028
1,euclidean,intent_quantile_0.7,nearest_sphere,none,1.0,1.078588053826872,0.612,0.752,0.724,0.028
1,euclidean,intent_quantile_0.7,nearest_sphere,none,2.0,1.078588053826872,0.612,0.752,0.724,0.028
1,euclidean,intent_quantile_0.7,nearest_sphere,ratio,0.0,1.078588053826872,0.612,0.752,0.724,0.028
1,euclidean,intent_quantile_0.7,nearest_sphere,ratio,0.25,1.1786420487968974,0.622,0.752,0.726,0.026
1,euclidean,intent_quantile_0.7,nearest_sphere,ratio,0.5,1.2761454750396826,0.632,0.752,0.728,0.024
1,euclidean,intent_quantile_0.7,nearest_sphere,ratio,1.0,1.496418285178176,0.652,0.752,0.732,0.02
1,euclidean,intent_quantile_0.7,nearest_sphere,ratio,2.0,1.9068488977111624,0.652,0.752,0.732,0.02
1,euclidean,intent_quantile_0.7,nearest_sphere,inverse_margin,0.0,1.078588053826872,0.612,0.752,0.724,0.028
1,euclidean,intent_quantile_0.7,nearest_sphere,inverse_margin,0.25,1.2798012123007396,0.652,0.752,0.732,0.02
1,euclidean,intent_quantile_0.7,nearest_sphere,inverse_margin,0.5,1.4539757994469886,0.652,0.752,0.732,0.02
1,euclidean,intent_quantile_0.7,nearest_sphere,inverse_margin,1.0,1.8091870796829999,0.652,0.752,0.732,0.02
1,euclidean,intent_quantile_0.7,nearest_sphere,inverse_margin,2.0,2.4680928041204018,0.652,0.752,0.732,0.02
1,euclidean,intent_quantile_0.7,nearest_sphere,max_ratio,0.0,1.078588053826872,0.612,0.752,0.724,0.028
1,euclidean,intent_quantile_0.7,nearest_sphere,max_ratio,0.25,1.078588053826872,0.612,0.752,0.724,0.028
1,euclidean,intent_quantile_0.7,nearest_sphere,max_ratio,0.5,1.078588053826872,0.612,0.752,0.724,0.028
1,euclidean,intent_quantile_0.7,nearest_sphere,max_ratio,1.0,1.078588053826872,0.612,0.752,0.724,0.028
1,euclidean,intent_quantile_0.7,nearest_sphere,max_ratio,2.0,1.1246241654237452,0.652,0.752,0.732,0.02
1,euclidean,intent_quantile_0.7,normalized_union,none,0.0,1.078588053826872,0.612,0.752,0.724,0.028
1,euclidean,intent_quantile_0.7,normalized_union,none,0.25,1.078588053826872,0.612,0.752,0.724,0.028
1,euclidean,intent_quantile_0.7,normalized_union,none,0.5,1.078588053826872,0.612,0.752,0.724,0.028
1,euclidean,intent_quantile_0.7,normalized_union,none,1.0,1.078588053826872,0.612,0.752,0.724,0.028
1,euclidean,intent_quantile_0.7,normalized_union,none,2.0,1.078588053826872,0.612,0.752,0.724,0.028
1,euclidean,intent_quantile_0.7,normalized_union,ratio,0.0,1.078588053826872,0.612,0.752,0.724,0.028
1,euclidean,intent_quantile_0.7,normalized_union,ratio,0.25,1.1786420487968974,0.622,0.752,0.726,0.026
1,euclidean,intent_quantile_0.7,normalized_union,ratio,0.5,1.2761454750396826,0.632,0.752,0.728,0.024
1,euclidean,intent_quantile_0.7,normalized_union,ratio,1.0,1.496418285178176,0.652,0.752,0.732,0.02
1,euclidean,intent_quantile_0.7,normalized_union,ratio,2.0,1.9068488977111624,0.652,0.752,0.732,0.02
1,euclidean,intent_quantile_0.7,normalized_union,inverse_margin,0.0,1.078588053826872,0.612,0.752,0.724,0.028
1,euclidean,intent_quantile_0.7,normalized_union,inverse_margin,0.25,1.2798012123007396,0.652,0.752,0.732,0.02
1,euclidean,intent_quantile_0.7,normalized_union,inverse_margin,0.5,1.4539757994469886,0.652,0.752,0.732,0.02
1,euclidean,intent_quantile_0.7,normalized_union,inverse_margin,1.0,1.8091870796829999,0.652,0.752,0.732,0.02
1,euclidean,intent_quantile_0.7,normalized_union,inverse_margin,2.0,2.4680928041204018,0.652,0.752,0.732,0.02
1,euclidean,intent_quantile_0.7,normalized_union,max_ratio,0.0,1.078588053826872,0.612,0.752,0.724,0.028
1,euclidean,intent_quantile_0.7,normalized_union,max_ratio,0.25,1.078588053826872,0.612,0.752,0.724,0.028
1,euclidean,intent_quantile_0.7,normalized_union,max_ratio,0.5,1.078588053826872,0.612,0.752,0.724,0.028
1,euclidean,intent_quantile_0.7,normalized_union,max_ratio,1.0,1.078588053826872,0.612,0.752,0.724,0.028
1,euclidean,intent_quantile_0.7,normalized_union,max_ratio,2.0,1.1246241654237452,0.652,0.752,0.732,0.02
1,euclidean,center_quantile_0.8,nearest_sphere,none,0.0,0.8663677829290245,0.602,0.752,0.722,0.03
1,euclidean,center_quantile_0.8,nearest_sphere,none,0.25,0.8663677829290245,0.602,0.752,0.722,0.03
1,euclidean,center_quantile_0.8,nearest_sphere,none,0.5,0.8663677829290245,0.602,0.752,0.722,0.03
1,euclidean,center_quantile_0.8,nearest_sphere,none,1.0,0.8663677829290245,0.602,0.752,0.722,0.03
1,euclidean,center_quantile_0.8,nearest_sphere,none,2.0,0.8663677829290245,0.602,0.752,0.722,0.03
1,euclidean,center_quantile_0.8,nearest_sphere,ratio,0.0,0.8663677829290245,0.602,0.752,0.722,0.03
1,euclidean,center_quantile_0.8,nearest_sphere,ratio,0.25,0.9875579680816193,0.622,0.752,0.726,0.026
1,euclidean,center_quantile_0.8,nearest_sphere,ratio,0.5,1.0800346232789144,0.622,0.752,0.726,0.026
1,euclidean,center_quantile_0.8,nearest_sphere,ratio,1.0,1.2819008730483532,0.652,0.752,0.732,0.02
1,euclidean,center_quantile_0.8,nearest_sphere,ratio,2.0,1.707976451662189,0.652,0.752,0.732,0.02
1,euclidean,center_quantile_0.8,nearest_sphere,inverse_margin,0.0,0.8663677829290245,0.602,0.752,0.722,0.03
1,euclidean,center_quantile_0.8,nearest_sphere,inverse_margin,0.25,1.0693014292274838,0.652,0.752,0.732,0.02
1,euclidean,center_quantile_0.8,nearest_sphere,inverse_margin,0.5,1.2514578382651584,0.652,0.752,0.732,0.02
1,euclidean,center_quantile_0.8,nearest_sphere,inverse_margin,1.0,1.6011580002280539,0.652,0.752,0.732,0.02
1,euclidean,center_quantile_0.8,nearest_sphere,inverse_margin,2.0,2.252274790491219,0.652,0.752,0.732,0.02
1,euclidean,center_quantile_0.8,nearest_sphere,max_ratio,0.0,0.8663677829290245,0.602,0.752,0.722,0.03
1,euclidean,center_quantile_0.8,nearest_sphere,max_ratio,0.25,0.8663677829290245,0.602,0.752,0.722,0.03
1,euclidean,center_quantile_0.8,nearest_sphere,max_ratio,0.5,0.8663677829290245,0.602,0.752,0.722,0.03
1,euclidean,center_quantile_0.8,nearest_sphere,max_ratio,1.0,0.8663677829290245,0.602,0.752,0.722,0.03
1,euclidean,center_quantile_0.8,nearest_sphere,max_ratio,2.0,0.9848940228476782,0.652,0.752,0.732,0.02
1,euclidean,center_quantile_0.8,normalized_union,none,0.0,0.8663677829290245,0.602,0.752,0.722,0.03
1,euclidean,center_quantile_0.8,normalized_union,none,0.25,0.8663677829290245,0.602,0.752,0.722,0.03
1,euclidean,center_quantile_0.8,normalized_union,none,0.5,0.8663677829290245,0.602,0.752,0.722,0.03
1,euclidean,center_quantile_0.8,normalized_union,none,1.0,0.8663677829290245,0.602,0.752,0.722,0.03
1,euclidean,center_quantile_0.8,normalized_union,none,2.0,0.8663677829290245,0.602,0.752,0.722,0.03
1,euclidean,center_quantile_0.8,normalized_union,ratio,0.0,0.8663677829290245,0.602,0.752,0.722,0.03
1,euclidean,center_quantile_0.8,normalized_union,ratio,0.25,0.9875579680816193,0.622,0.752,0.726,0.026
1,euclidean,center_quantile_0.8,normalized_union,ratio,0.5,1.0800346232789144,0.622,0.752,0.726,0.026
1,euclidean,center_quantile_0.8,normalized_union,ratio,1.0,1.2819008730483532,0.652,0.752,0.732,0.02
1,euclidean,center_quantile_0.8,normalized_union,ratio,2.0,1.707976451662189,0.652,0.752,0.732,0.02
1,euclidean,center_quantile_0.8,normalized_union,inverse_margin,0.0,0.8663677829290245,0.602,0.752,0.722,0.03
1,euclidean,center_quantile_0.8,normalized_union,inverse_margin,0.25,1.0693014292274838,0.652,0.752,0.732,0.02
1,euclidean,center_quantile_0.8,normalized_union,inverse_margin,0.5,1.2514578382651584,0.652,0.752,0.732,0.02
1,euclidean,center_quantile_0.8,normalized_union,inverse_margin,1.0,1.6011580002280539,0.652,0.752,0.732,0.02
1,euclidean,center_quantile_0.8,normalized_union,inverse_margin,2.0,2.252274790491219,0.652,0.752,0.732,0.02
1,euclidean,center_quantile_0.8,normalized_union,max_ratio,0.0,0.8663677829290245,0.602,0.752,0.722,0.03
1,euclidean,center_quantile_0.8,normalized_union,max_ratio,0.25,0.8663677829290245,0.602,0.752,0.722,0.03
1,euclidean,center_quantile_0.8,normalized_union,max_ratio,0.5,0.8663677829290245,0.602,0.752,0.722,0.03
1,euclidean,center_quantile_0.8,normalized_union,max_ratio,1.0,0.8663677829290245,0.602,0.752,0.722,0.03
1,euclidean,center_quantile_0.8,normalized_union,max_ratio,2.0,0.9848940228476782,0.652,0.752,0.732,0.02
1,euclidean,intent_quantile_0.8,nearest_sphere,none,0.0,0.9127633236107616,0.612,0.752,0.724,0.028
1,euclidean,intent_quantile_0.8,nearest_sphere,none,0.25,0.9127633236107616,0.612,0.752,0.724,0.028
1,euclidean,intent_quantile_0.8,nearest_sphere,none,0.5,0.9127633236107616,0.612,0.752,0.724,0.028
1,euclidean,intent_quantile_0.8,nearest_sphere,none,1.0,0.9127633236107616,0.612,0.752,0.724,0.028
1,euclidean,intent_quantile_0.8,nearest_sphere,none,2.0,0.9127633236107616,0.612,0.752,0.724,0.028
1,euclidean,intent_quantile_0.8,nearest_sphere,ratio,0.0,0.9127633236107616,0.612,0.752,0.724,0.028
1,euclidean,intent_quantile_0.8,nearest_sphere,ratio,0.25,1.024470585746764,0.622,0.752,0.726,0.026
1,euclidean,intent_quantile_0.8,nearest_sphere,ratio,0.5,1.117825301783841,0.642,0.752,0.73,0.022
1,euclidean,intent_quantile_0.8,nearest_sphere,ratio,1.0,1.3359100769312322,0.652,0.752,0.732,0.02
1,euclidean,intent_quantile_0.8,nearest_sphere,ratio,2.0,1.7532619913810605,0.652,0.752,0.732,0.02
1,euclidean,intent_quantile_0.8,nearest_sphere,inverse_margin,0.0,0.9127633236107616,0.612,0.752,0.724,0.028
1,euclidean,intent_quantile_0.8,nearest_sphere,inverse_margin,0.25,1.111670441433513,0.652,0.752,0.732,0.02
1,euclidean,intent_quantile_0.8,nearest_sphere,inverse_margin,0.5,1.2935575706942344,0.652,0.752,0.732,0.02
1,euclidean,intent_quantile_0.8,nearest_sphere,inverse_margin,1.0,1.6174640616077447,0.652,0.752,0.732,0.02
1,euclidean,intent_quantile_0.8,nearest_sphere,inverse_margin,2.0,2.306171416392869,0.662,0.752,0.734,0.018
1,euclidean,intent_quantile_0.8,nearest_sphere,max_ratio,0.0,0.9127633236107616,0.612,0.752,0.724,0.028
1,euclidean,intent_quantile_0.8,nearest_sphere,max_ratio,0.25,0.9127633236107616,0.612,0.752,0.724,0.028
1,euclidean,intent_quantile_0.8,nearest_sphere,max_ratio,0.5,0.9127633236107616,0.612,0.752,0.724,0.028
1,euclidean,intent_quantile_0.8,nearest_sphere,max_ratio,1.0,0.9127633236107616,0.612,0.752,0.724,0.028
1,euclidean,intent_quantile_0.8,nearest_sphere,max_ratio,2.0,0.9984086855447513,0.652,0.752,0.732,0.02
1,euclidean,intent_quantile_0.8,normalized_union,none,0.0,0.9127633236107616,0.612,0.752,0.724,0.028
1,euclidean,intent_quantile_0.8,normalized_union,none,0.25,0.9127633236107616,0.612,0.752,0.724,0.028
1,euclidean,intent_quantile_0.8,normalized_union,none,0.5,0.9127633236107616,0.612,0.752,0.724,0.028
1,euclidean,intent_quantile_0.8,normalized_union,none,1.0,0.9127633236107616,0.612,0.752,0.724,0.028
1,euclidean,intent_quantile_0.8,normalized_union,none,2.0,0.9127633236107616,0.612,0.752,0.724,0.028
1,euclidean,intent_quantile_0.8,normalized_union,ratio,0.0,0.9127633236107616,0.612,0.752,0.724,0.028
1,euclidean,intent_quantile_0.8,normalized_union,ratio,0.25,1.024470585746764,0.622,0.752,0.726,0.026
1,euclidean,intent_quantile_0.8,normalized_union,ratio,0.5,1.117825301783841,0.642,0.752,0.73,0.022
1,euclidean,intent_quantile_0.8,normalized_union,ratio,1.0,1.3359100769312322,0.652,0.752,0.732,0.02
1,euclidean,intent_quantile_0.8,normalized_union,ratio,2.0,1.7532619913810605,0.652,0.752,0.732,0.02
1,euclidean,intent_quantile_0.8,normalized_union,inverse_margin,0.0,0.9127633236107616,0.612,0.752,0.724,0.028
1,euclidean,intent_quantile_0.8,normalized_union,inverse_margin,0.25,1.111670441433513,0.652,0.752,0.732,0.02
1,euclidean,intent_quantile_0.8,normalized_union,inverse_margin,0.5,1.2935575706942344,0.652,0.752,0.732,0.02
1,euclidean,intent_quantile_0.8,normalized_union,inverse_margin,1.0,1.6174640616077447,0.652,0.752,0.732,0.02
1,euclidean,intent_quantile_0.8,normalized_union,inverse_margin,2.0,2.306171416392869,0.662,0.752,0.734,0.018
1,euclidean,intent_quantile_0.8,normalized_union,max_ratio,0.0,0.9127633236107616,0.612,0.752,0.724,0.028
1,euclidean,intent_quantile_0.8,normalized_union,max_ratio,0.25,0.9127633236107616,0.612,0.752,0.724,0.028
1,euclidean,intent_quantile_0.8,normalized_union,max_ratio,0.5,0.9127633236107616,0.612,0.752,0.724,0.028
1,euclidean,intent_quantile_0.8,normalized_union,max_ratio,1.0,0.9127633236107616,0.612,0.752,0.724,0.028
1,euclidean,intent_quantile_0.8,normalized_union,max_ratio,2.0,0.9984086855447513,0.652,0.752,0.732,0.02
1,euclidean,center_quantile_0.9,nearest_sphere,none,0.0,0.6655927461193554,0.622,0.752,0.726,0.026
1,euclidean,center_quantile_0.9,nearest_sphere,none,0.25,0.6655927461193554,0.622,0.752,0.726,0.026
1,euclidean,center_quantile_0.9,nearest_sphere,none,0.5,0.6655927461193554,0.622,0.752,0.726,0.026
1,euclidean,center_quantile_0.9,nearest_sphere,none,1.0,0.6655927461193554,0.622,0.752,0.726,0.026
1,euclidean,center_quantile_0.9,nearest_sphere,none,2.0,0.6655927461193554,0.622,0.752,0.726,0.026
1,euclidean,center_quantile_0.9,nearest_sphere,ratio,0.0,0.6655927461193554,0.622,0.752,0.726,0.026
1,euclidean,center_quantile_0.9,nearest_sphere,ratio,0.25,0.7665302637655512,0.642,0.752,0.73,0.022
1,euclidean,center_quantile_0.9,nearest_sphere,ratio,0.5,0.8706288913263344,0.652,0.752,0.732,0.02
1,euclidean,center_quantile_0.9,nearest_sphere,ratio,1.0,1.0801697443618334,0.652,0.752,0.732,0.02
1,euclidean,center_quantile_0.9,nearest_sphere,ratio,2.0,1.4979605193525571,0.652,0.752,0.732,0.02
1,euclidean,center_quantile_0.9,nearest_sphere,inverse_margin,0.0,0.6655927461193554,0.622,0.752,0.726,0.026
1,euclidean,center_quantile_0.9,nearest_sphere,inverse_margin,0.25,0.8546466235017232,0.652,0.752,0.732,0.02
1,euclidean,center_quantile_0.9,nearest_sphere,inverse_margin,0.5,1.0344595044738158,0.652,0.752,0.732,0.02
1,euclidean,center_quantile_0.9,nearest_sphere,inverse_margin,1.0,1.3721764853078755,0.652,0.752,0.732,0.02
1,euclidean,center_quantile_0.9,nearest_sphere,inverse_margin,2.0,2.035820697236752,0.652,0.752,0.732,0.02
1,euclidean,center_quantile_0.9,nearest_sphere,max_ratio,0.0,0.6655927461193554,0.622,0.752,0.726,0.026
1,euclidean,center_quantile_0.9,nearest_sphere,max_ratio,0.25,0.6655927461193554,0.622,0.752,0.726,0.026
1,euclidean,center_quantile_0.9,nearest_sphere,max_ratio,0.5,0.6655927461193554,0.622,0.752,0.726,0.026
1,euclidean,center_quantile_0.9,nearest_sphere,max_ratio,1.0,0.6683722832087488,0.622,0.752,0.726,0.026
1,euclidean,center_quantile_0.9,nearest_sphere,max_ratio,2.0,0.8421760384471455,0.672,0.752,0.736,0.016
1,euclidean,center_quantile_0.9,normalized_union,none,0.0,0.6655927461193554,0.622,0.752,0.726,0.026
1,euclidean,center_quantile_0.9,normalized_union,none,0.25,0.6655927461193554,0.622,0.752,0.726,0.026
1,euclidean,center_quantile_0.9,normalized_union,none,0.5,0.6655927461193554,0.622,0.752,0.726,0.026
1,euclidean,center_quantile_0.9,normalized_union,none,1.0,0.6655927461193554,0.622,0.752,0.726,0.026
1,euclidean,center_quantile_0.9,normalized_union,none,2.0,0.6655927461193554,0.622,0.752,0.726,0.026
1,euclidean,center_quantile_0.9,normalized_union,ratio,0.0,0.6655927461193554,0.622,0.752,0.726,0.026
1,euclidean,center_quantile_0.9,normalized_union,ratio,0.25,0.7665302637655512,0.642,0.752,0.73,0.022
1,euclidean,center_quantile_0.9,normalized_union,ratio,0.5,0.8706288913263344,0.652,0.752,0.732,0.02
1,euclidean,center_quantile_0.9,normalized_union,ratio,1.0,1.0801697443618334,0.652,0.752,0.732,0.02
1,euclidean,center_quantile_0.9,normalized_union,ratio,2.0,1.4979605193525571,0.652,0.752,0.732,0.02
1,euclidean,center_quantile_0.9,normalized_union,inverse_margin,0.0,0.6655927461193554,0.622,0.752,0.726,0.026
1,euclidean,center_quantile_0.9,normalized_union,inverse_margin,0.25,0.8546466235017232,0.652,0.752,0.732,0.02
1,euclidean,center_quantile_0.9,normalized_union,inverse_margin,0.5,1.0344595044738158,0.652,0.752,0.732,0.02
1,euclidean,center_quantile_0.9,normalized_union,inverse_margin,1.0,1.3721764853078755,0.652,0.752,0.732,0.02
1,euclidean,center_quantile_0.9,normalized_union,inverse_margin,2.0,2.035820697236752,0.652,0.752,0.732,0.02
1,euclidean,center_quantile_0.9,normalized_union,max_ratio,0.0,0.6655927461193554,0.622,0.752,0.726,0.026
1,euclidean,center_quantile_0.9,normalized_union,max_ratio,0.25,0.6655927461193554,0.622,0.752,0.726,0.026
1,euclidean,center_quantile_0.9,normalized_union,max_ratio,0.5,0.6655927461193554,0.622,0.752,0.726,0.026
1,euclidean,center_quantile_0.9,normalized_union,max_ratio,1.0,0.6683722832087488,0.622,0.752,0.726,0.026
1,euclidean,center_quantile_0.9,normalized_union,max_ratio,2.0,0.8421760384471455,0.672,0.752,0.736,0.016
1,euclidean,intent_quantile_0.9,nearest_sphere,none,0.0,0.6890229603223755,0.622,0.752,0.726,0.026
1,euclidean,intent_quantile_0.9,nearest_sphere,none,0.25,0.6890229603223755,0.622,0.752,0.726,0.026
1,euclidean,intent_quantile_0.9,nearest_sphere,none,0.5,0.6890229603223755,0.622,0.752,0.726,0.026
1,euclidean,intent_quantile_0.9,nearest_sphere,none,1.0,0.6890229603223755,0.622,0.752,0.726,0.026
1,euclidean,intent_quantile_0.9,nearest_sphere,none,2.0,0.6890229603223755,0.622,0.752,0.726,0.026
1,euclidean,intent_quantile_0.9,nearest_sphere,ratio,0.0,0.6890229603223755,0.622,0.752,0.726,0.026
1,euclidean,intent_quantile_0.9,nearest_sphere,ratio,0.25,0.7909084319386726,0.642,0.752,0.73,0.022
1,euclidean,intent_quantile_0.9,nearest_sphere,ratio,0.5,0.8898017700593734,0.642,0.752,0.73,0.022
1,euclidean,intent_quantile_0.9,nearest_sphere,ratio,1.0,1.1215905584943082,0.652,0.752,0.732,0.02
1,euclidean,intent_quantile_0.9,nearest_sphere,ratio,2.0,1.5415928766512903,0.652,0.752,0.732,0.02
1,euclidean,intent_quantile_0.9,nearest_sphere,inverse_margin,0.0,0.6890229603223755,0.622,0.752,0.726,0.026
1,euclidean,intent_quantile_0.9,nearest_sphere,inverse_margin,0.25,0.8870100845065181,0.652,0.752,0.732,0.02
1,euclidean,intent_quantile_0.9,nearest_sphere,inverse_margin,0.5,1.073167297459184,0.652,0.752,0.732,0.02
1,euclidean,intent_quantile_0.9,nearest_sphere,inverse_margin,1.0,1.4105471942535215,0.652,0.752,0.732,0.02
1,euclidean,intent_quantile_0.9,nearest_sphere,inverse_margin,2.0,2.0689299771627323,0.652,0.752,0.732,0.02
1,euclidean,intent_quantile_0.9,nearest_sphere,max_ratio,0.0,0.6890229603223755,0.622,0.752,0.726,0.026
1,euclidean,intent_quantile_0.9,nearest_sphere,max_ratio,0.25,0.6890229603223755,0.622,0.752,0.726,0.026
1,euclidean,intent_quantile_0.9,nearest_sphere,max_ratio,0.5,0.6890229603223755,0.622,0.752,0.726,0.026
1,euclidean,intent_quantile_0.9,nearest_sphere,max_ratio,1.0,0.6890229603223755,0.622,0.752,0.726,0.026
1,euclidean,intent_quantile_0.9,nearest_sphere,max_ratio,2.0,0.8421760384471455,0.672,0.752,0.736,0.016
1,euclidean,intent_quantile_0.9,normalized_union,none,0.0,0.6890229603223755,0.622,0.752,0.726,0.026
1,euclidean,intent_quantile_0.9,normalized_union,none,0.25,0.6890229603223755,0.622,0.752,0.726,0.026
1,euclidean,intent_quantile_0.9,normalized_union,none,0.5,0.6890229603223755,0.622,0.752,0.726,0.026
1,euclidean,intent_quantile_0.9,normalized_union,none,1.0,0.6890229603223755,0.622,0.752,0.726,0.026
1,euclidean,intent_quantile_0.9,normalized_union,none,2.0,0.6890229603223755,0.622,0.752,0.726,0.026
1,euclidean,intent_quantile_0.9,normalized_union,ratio,0.0,0.6890229603223755,0.622,0.752,0.726,0.026
1,euclidean,intent_quantile_0.9,normalized_union,ratio,0.25,0.7909084319386726,0.642,0.752,0.73,0.022
1,euclidean,intent_quantile_0.9,normalized_union,ratio,0.5,0.8898017700593734,0.642,0.752,0.73,0.022
1,euclidean,intent_quantile_0.9,normalized_union,ratio,1.0,1.1215905584943082,0.652,0.752,0.732,0.02
1,euclidean,intent_quantile_0.9,normalized_union,ratio,2.0,1.5415928766512903,0.652,0.752,0.732,0.02
1,euclidean,intent_quantile_0.9,normalized_union,inverse_margin,0.0,0.6890229603223755,0.622,0.752,0.726,0.026
1,euclidean,intent_quantile_0.9,normalized_union,inverse_margin,0.25,0.8870100845065181,0.652,0.752,0.732,0.02
1,euclidean,intent_quantile_0.9,normalized_union,inverse_margin,0.5,1.073167297459184,0.652,0.752,0.732,0.02
1,euclidean,intent_quantile_0.9,normalized_union,inverse_margin,1.0,1.4105471942535215,0.652,0.752,0.732,0.02
1,euclidean,intent_quantile_0.9,normalized_union,inverse_margin,2.0,2.0689299771627323,0.652,0.752,0.732,0.02
1,euclidean,intent_quantile_0.9,normalized_union,max_ratio,0.0,0.6890229603223755,0.622,0.752,0.726,0.026
1,euclidean,intent_quantile_0.9,normalized_union,max_ratio,0.25,0.6890229603223755,0.622,0.752,0.726,0.026
1,euclidean,intent_quantile_0.9,normalized_union,max_ratio,0.5,0.6890229603223755,0.622,0.752,0.726,0.026
1,euclidean,intent_quantile_0.9,normalized_union,max_ratio,1.0,0.6890229603223755,0.622,0.752,0.726,0.026
1,euclidean,intent_quantile_0.9,normalized_union,max_ratio,2.0,0.8421760384471455,0.672,0.752,0.736,0.016
1,euclidean,center_quantile_0.95,nearest_sphere,none,0.0,0.5606554526823269,0.632,0.752,0.728,0.024
1,euclidean,center_quantile_0.95,nearest_sphere,none,0.25,0.5606554526823269,0.632,0.752,0.728,0.024
1,euclidean,center_quantile_0.95,nearest_sphere,none,0.5,0.5606554526823269,0.632,0.752,0.728,0.024
1,euclidean,center_quantile_0.95,nearest_sphere,none,1.0,0.5606554526823269,0.632,0.752,0.728,0.024
1,euclidean,center_quantile_0.95,nearest_sphere,none,2.0,0.5606554526823269,0.632,0.752,0.728,0.024
1,euclidean,center_quantile_0.95,nearest_sphere,ratio,0.0,0.5606554526823269,0.632,0.752,0.728,0.024
1,euclidean,center_quantile_0.95,nearest_sphere,ratio,0.25,0.6581869696706639,0.642,0.752,0.73,0.022
1,euclidean,center_quantile_0.95,nearest_sphere,ratio,0.5,0.765934690932049,0.652,0.752,0.732,0.02
1,euclidean,center_quantile_0.95,nearest_sphere,ratio,1.0,1.0022061484339388,0.642,0.752,0.73,0.022
1,euclidean,center_quantile_0.95,nearest_sphere,ratio,2.0,1.4052419180583924,0.642,0.752,0.73,0.022
1,euclidean,center_quantile_0.95,nearest_sphere,inverse_margin,0.0,0.5606554526823269,0.632,0.752,0.728,0.024
1,euclidean,center_quantile_0.95,nearest_sphere,inverse_margin,0.25,0.7671777961792803,0.642,0.752,0.73,0.022
1,euclidean,center_quantile_0.95,nearest_sphere,inverse_margin,0.5,0.9406582885242567,0.642,0.752,0.73,0.022
1,euclidean,center_quantile_0.95,nearest_sphere,inverse_margin,1.0,1.2828040344503695,0.652,0.752,0.732,0.02
1,euclidean,center_quantile_0.95,nearest_sphere,inverse_margin,2.0,1.9500452917601196,0.652,0.752,0.732,0.02
1,euclidean,center_quantile_0.95,nearest_sphere,max_ratio,0.0,0.5606554526823269,0.632,0.752,0.728,0.024
1,euclidean,center_quantile_0.95,nearest_sphere,max_ratio,0.25,0.5606554526823269,0.632,0.752,0.728,0.024
1,euclidean,center_quantile_0.95,nearest_sphere,max_ratio,0.5,0.5606554526823269,0.632,0.752,0.728,0.024
1,euclidean,center_quantile_0.95,nearest_sphere,max_ratio,1.0,0.5714690438088543,0.652,0.752,0.732,0.02
1,euclidean,center_quantile_0.95,nearest_sphere,max_ratio,2.0,0.8289243217060687,0.662,0.752,0.734,0.018
1,euclidean,center_quantile_0.95,normalized_union,none,0.0,0.5606554526823269,0.632,0.752,0.728,0.024
1,euclidean,center_quantile_0.95,normalized_union,none,0.25,0.5606554526823269,0.632,0.752,0.728,0.024
1,euclidean,center_quantile_0.95,normalized_union,none,0.5,0.5606554526823269,0.632,0.752,0.728,0.024
1,euclidean,center_quantile_0.95,normalized_union,none,1.0,0.5606554526823269,0.632,0.752,0.728,0.024
1,euclidean,center_quantile_0.95,normalized_union,none,2.0,0.5606554526823269,0.632,0.752,0.728,0.024
1,euclidean,center_quantile_0.95,normalized_union,ratio,0.0,0.5606554526823269,0.632,0.752,0.728,0.024
1,euclidean,center_quantile_0.95,normalized_union,ratio,0.25,0.6581869696706639,0.642,0.752,0.73,0.022
1,euclidean,center_quantile_0.95,normalized_union,ratio,0.5,0.765934690932049,0.652,0.752,0.732,0.02
1,euclidean,center_quantile_0.95,normalized_union,ratio,1.0,1.0022061484339388,0.642,0.752,0.73,0.022
1,euclidean,center_quantile_0.95,normalized_union,ratio,2.0,1.4052419180583924,0.642,0.752,0.73,0.022
1,euclidean,center_quantile_0.95,normalized_union,inverse_margin,0.0,0.5606554526823269,0.632,0.752,0.728,0.024
1,euclidean,center_quantile_0.95,normalized_union,inverse_margin,0.25,0.7671777961792803,0.642,0.752,0.73,0.022
1,euclidean,center_quantile_0.95,normalized_union,inverse_margin,0.5,0.9406582885242567,0.642,0.752,0.73,0.022
1,euclidean,center_quantile_0.95,normalized_union,inverse_margin,1.0,1.2828040344503695,0.652,0.752,0.732,0.02
1,euclidean,center_quantile_0.95,normalized_union,inverse_margin,2.0,1.9500452917601196,0.652,0.752,0.732,0.02
1,euclidean,center_quantile_0.95,normalized_union,max_ratio,0.0,0.5606554526823269,0.632,0.752,0.728,0.024
1,euclidean,center_quantile_0.95,normalized_union,max_ratio,0.25,0.5606554526823269,0.632,0.752,0.728,0.024
1,euclidean,center_quantile_0.95,normalized_union,max_ratio,0.5,0.5606554526823269,0.632,0.752,0.728,0.024
1,euclidean,center_quantile_0.95,normalized_union,max_ratio,1.0,0.5714690438088543,0.652,0.752,0.732,0.02
1,euclidean,center_quantile_0.95,normalized_union,max_ratio,2.0,0.8289243217060687,0.662,0.752,0.734,0.018
1,euclidean,intent_quantile_0.95,nearest_sphere,none,0.0,0.5809599498767752,0.642,0.752,0.73,0.022
1,euclidean,intent_quantile_0.95,nearest_sphere,none,0.25,0.5809599498767752,0.642,0.752,0.73,0.022
1,euclidean,intent_quantile_0.95,nearest_sphere,none,0.5,0.5809599498767752,0.642,0.752,0.73,0.022
1,euclidean,intent_quantile_0.95,nearest_sphere,none,1.0,0.5809599498767752,0.642,0.752,0.73,0.022
1,euclidean,intent_quantile_0.95,nearest_sphere,none,2.0,0.5809599498767752,0.642,0.752,0.73,0.022
1,euclidean,intent_quantile_0.95,nearest_sphere,ratio,0.0,0.5809599498767752,0.642,0.752,0.73,0.022
1,euclidean,intent_quantile_0.95,nearest_sphere,ratio,0.25,0.691588339907083,0.642,0.752,0.73,0.022
1,euclidean,intent_quantile_0.95,nearest_sphere,ratio,0.5,0.8119881479174861,0.642,0.752,0.73,0.022
1,euclidean,intent_quantile_0.95,nearest_sphere,ratio,1.0,1.0347208719257524,0.642,0.752,0.73,0.022
1,euclidean,intent_quantile_0.95,nearest_sphere,ratio,2.0,1.4251381414458346,0.642,0.752,0.73,0.022
1,euclidean,intent_quantile_0.95,nearest_sphere,inverse_margin,0.0,0.5809599498767752,0.642,0.752,0.73,0.022
1,euclidean,intent_quantile_0.95,nearest_sphere,inverse_margin,0.25,0.7966632096373636,0.642,0.752,0.73,0.022
1,euclidean,intent_quantile_0.95,nearest_sphere,inverse_margin,0.5,0.9606931034066561,0.642,0.752,0.73,0.022
1,euclidean,intent_quantile_0.95,nearest_sphere,inverse_margin,1.0,1.3039267544354045,0.652,0.752,0.732,0.02
1,euclidean,intent_quantile_0.95,nearest_sphere,inverse_margin,2.0,1.9861096961903764,0.652,0.752,0.732,0.02
1,euclidean,intent_quantile_0.95,nearest_sphere,max_ratio,0.0,0.5809599498767752,0.642,0.752,0.73,0.022
1,euclidean,intent_quantile_0.95,nearest_sphere,max_ratio,0.25,0.5809599498767752,0.642,0.752,0.73,0.022
1,euclidean,intent_quantile_0.95,nearest_sphere,max_ratio,0.5,0.5809599498767752,0.642,0.752,0.73,0.022
1,euclidean,intent_quantile_0.95,nearest_sphere,max_ratio,1.0,0.5854017920848401,0.652,0.752,0.732,0.02
1,euclidean,intent_quantile_0.95,nearest_sphere,max_ratio,2.0,0.8289243217060687,0.662,0.752,0.734,0.018
1,euclidean,intent_quantile_0.95,normalized_union,none,0.0,0.5809599498767752,0.642,0.752,0.73,0.022
1,euclidean,intent_quantile_0.95,normalized_union,none,0.25,0.5809599498767752,0.642,0.752,0.73,0.022
1,euclidean,intent_quantile_0.95,normalized_union,none,0.5,0.5809599498767752,0.642,0.752,0.73,0.022
1,euclidean,intent_quantile_0.95,normalized_union,none,1.0,0.5809599498767752,0.642,0.752,0.73,0.022
1,euclidean,intent_quantile_0.95,normalized_union,none,2.0,0.5809599498767752,0.642,0.752,0.73,0.022
1,euclidean,intent_quantile_0.95,normalized_union,ratio,0.0,0.5809599498767752,0.642,0.752,0.73,0.022
1,euclidean,intent_quantile_0.95,normalized_union,ratio,0.25,0.691588339907083,0.642,0.752,0.73,0.022
1,euclidean,intent_quantile_0.95,normalized_union,ratio,0.5,0.8119881479174861,0.642,0.752,0.73,0.022
1,euclidean,intent_quantile_0.95,normalized_union,ratio,1.0,1.0347208719257524,0.642,0.752,0.73,0.022
1,euclidean,intent_quantile_0.95,normalized_union,ratio,2.0,1.4251381414458346,0.642,0.752,0.73,0.022
1,euclidean,intent_quantile_0.95,normalized_union,inverse_margin,0.0,0.5809599498767752,0.642,0.752,0.73,0.022
1,euclidean,intent_quantile_0.95,normalized_union,inverse_margin,0.25,0.7966632096373636,0.642,0.752,0.73,0.022
1,euclidean,intent_quantile_0.95,normalized_union,inverse_margin,0.5,0.9606931034066561,0.642,0.752,0.73,0.022
1,euclidean,intent_quantile_0.95,normalized_union,inverse_margin,1.0,1.3039267544354045,0.652,0.752,0.732,0.02
1,euclidean,intent_quantile_0.95,normalized_union,inverse_margin,2.0,1.9861096961903764,0.652,0.752,0.732,0.02
1,euclidean,intent_quantile_0.95,normalized_union,max_ratio,0.0,0.5809599498767752,0.642,0.752,0.73,0.022
1,euclidean,intent_quantile_0.95,normalized_union,max_ratio,0.25,0.5809599498767752,0.642,0.752,0.73,0.022
1,euclidean,intent_quantile_0.95,normalized_union,max_ratio,0.5,0.5809599498767752,0.642,0.752,0.73,0.022
1,euclidean,intent_quantile_0.95,normalized_union,max_ratio,1.0,0.5854017920848401,0.652,0.752,0.732,0.02
1,euclidean,intent_quantile_0.95,normalized_union,max_ratio,2.0,0.8289243217060687,0.662,0.752,0.734,0.018
1,euclidean,center_quantile_0.99,nearest_sphere,none,0.0,0.4542252320325258,0.632,0.752,0.728,0.024
1,euclidean,center_quantile_0.99,nearest_sphere,none,0.25,0.4542252320325258,0.632,0.752,0.728,0.024
1,euclidean,center_quantile_0.99,nearest_sphere,none,0.5,0.4542252320325258,0.632,0.752,0.728,0.024
1,euclidean,center_quantile_0.99,nearest_sphere,none,1.0,0.4542252320325258,0.632,0.752,0.728,0.024
1,euclidean,center_quantile_0.99,nearest_sphere,none,2.0,0.4542252320325258,0.632,0.752,0.728,0.024
1,euclidean,center_quantile_0.99,nearest_sphere,ratio,0.0,0.4542252320325258,0.632,0.752,0.728,0.024
1,euclidean,center_quantile_0.99,nearest_sphere,ratio,0.25,0.5574676216858022,0.642,0.752,0.73,0.022
1,euclidean,center_quantile_0.99,nearest_sphere,ratio,0.5,0.6666122456405255,0.642,0.752,0.73,0.022
1,euclidean,center_quantile_0.99,nearest_sphere,ratio,1.0,0.8724108239919179,0.642,0.752,0.73,0.022
1,euclidean,center_quantile_0.99,nearest_sphere,ratio,2.0,1.2866096767321153,0.642,0.752,0.73,0.022
1,euclidean,center_quantile_0.99,nearest_sphere,inverse_margin,0.0,0.4542252320325258,0.632,0.752,0.728,0.024
1,euclidean,center_quantile_0.99,nearest_sphere,inverse_margin,0.25,0.6492889552234931,0.642,0.752,0.73,0.022
1,euclidean,center_quantile_0.99,nearest_sphere,inverse_margin,0.5,0.817711599092334,0.642,0.752,0.73,0.022
1,euclidean,center_quantile_0.99,nearest_sphere,inverse_margin,1.0,1.1521558361031852,0.652,0.752,0.732,0.02
1,euclidean,center_quantile_0.99,nearest_sphere,inverse_margin,2.0,1.8266899138867876,0.652,0.752,0.732,0.02
1,euclidean,center_quantile_0.99,nearest_sphere,max_ratio,0.0,0.4542252320325258,0.632,0.752,0.728,0.024
1,euclidean,center_quantile_0.99,nearest_sphere,max_ratio,0.25,0.4542252320325258,0.632,0.752,0.728,0.024
1,euclidean,center_quantile_0.99,nearest_sphere,max_ratio,0.5,0.4542252320325258,0.632,0.752,0.728,0.024
1,euclidean,center_quantile_0.99,nearest_sphere,max_ratio,1.0,0.4815277926886796,0.642,0.752,0.73,0.022
1,euclidean,center_quantile_0.99,nearest_sphere,max_ratio,2.0,0.8289243217060687,0.662,0.752,0.734,0.018
1,euclidean,center_quantile_0.99,normalized_union,none,0.0,0.4542252320325258,0.632,0.752,0.728,0.024
1,euclidean,center_quantile_0.99,normalized_union,none,0.25,0.4542252320325258,0.632,0.752,0.728,0.024
1,euclidean,center_quantile_0.99,normalized_union,none,0.5,0.4542252320325258,0.632,0.752,0.728,0.024
1,euclidean,center_quantile_0.99,normalized_union,none,1.0,0.4542252320325258,0.632,0.752,0.728,0.024
1,euclidean,center_quantile_0.99,normalized_union,none,2.0,0.4542252320325258,0.632,0.752,0.728,0.024
1,euclidean,center_quantile_0.99,normalized_union,ratio,0.0,0.4542252320325258,0.632,0.752,0.728,0.024
1,euclidean,center_quantile_0.99,normalized_union,ratio,0.25,0.5574676216858022,0.642,0.752,0.73,0.022
1,euclidean,center_quantile_0.99,normalized_union,ratio,0.5,0.6666122456405255,0.642,0.752,0.73,0.022
1,euclidean,center_quantile_0.99,normalized_union,ratio,1.0,0.8724108239919179,0.642,0.752,0.73,0.022
1,euclidean,center_quantile_0.99,normalized_union,ratio,2.0,1.2866096767321153,0.642,0.752,0.73,0.022
1,euclidean,center_quantile_0.99,normalized_union,inverse_margin,0.0,0.4542252320325258,0.632,0.752,0.728,0.024
1,euclidean,center_quantile_0.99,normalized_union,inverse_margin,0.25,0.6492889552234931,0.642,0.752,0.73,0.022
1,euclidean,center_quantile_0.99,normalized_union,inverse_margin,0.5,0.817711599092334,0.642,0.752,0.73,0.022
1,euclidean,center_quantile_0.99,normalized_union,inverse_margin,1.0,1.1521558361031852,0.652,0.752,0.732,0.02
1,euclidean,center_quantile_0.99,normalized_union,inverse_margin,2.0,1.8266899138867876,0.652,0.752,0.732,0.02
1,euclidean,center_quantile_0.99,normalized_union,max_ratio,0.0,0.4542252320325258,0.632,0.752,0.728,0.024
1,euclidean,center_quantile_0.99,normalized_union,max_ratio,0.25,0.4542252320325258,0.632,0.752,0.728,0.024
1,euclidean,center_quantile_0.99,normalized_union,max_ratio,0.5,0.4542252320325258,0.632,0.752,0.728,0.024
1,euclidean,center_quantile_0.99,normalized_union,max_ratio,1.0,0.4815277926886796,0.642,0.752,0.73,0.022
1,euclidean,center_quantile_0.99,normalized_union,max_ratio,2.0,0.8289243217060687,0.662,0.752,0.734,0.018
1,euclidean,intent_quantile_0.99,nearest_sphere,none,0.0,0.4659618029088762,0.632,0.752,0.728,0.024
1,euclidean,intent_quantile_0.99,nearest_sphere,none,0.25,0.4659618029088762,0.632,0.752,0.728,0.024
1,euclidean,intent_quantile_0.99,nearest_sphere,none,0.5,0.4659618029088762,0.632,0.752,0.728,0.024
1,euclidean,intent_quantile_0.99,nearest_sphere,none,1.0,0.4659618029088762,0.632,0.752,0.728,0.024
1,euclidean,intent_quantile_0.99,nearest_sphere,none,2.0,0.4659618029088762,0.632,0.752,0.728,0.024
1,euclidean,intent_quantile_0.99,nearest_sphere,ratio,0.0,0.4659618029088762,0.632,0.752,0.728,0.024
1,euclidean,intent_quantile_0.99,nearest_sphere,ratio,0.25,0.5785723242510254,0.632,0.752,0.728,0.024
1,euclidean,intent_quantile_0.99,nearest_sphere,ratio,0.5,0.6961842049759246,0.642,0.752,0.73,0.022
1,euclidean,intent_quantile_0.99,nearest_sphere,ratio,1.0,0.9014634432256468,0.642,0.752,0.73,0.022
1,euclidean,intent_quantile_0.99,nearest_sphere,ratio,2.0,1.3075960496047023,0.652,0.752,0.732,0.02
1,euclidean,intent_quantile_0.99,nearest_sphere,inverse_margin,0.0,0.4659618029088762,0.632,0.752,0.728,0.024
1,euclidean,intent_quantile_0.99,nearest_sphere,inverse_margin,0.25,0.6681991181541007,0.642,0.752,0.73,0.022
1,euclidean,intent_quantile_0.99,nearest_sphere,inverse_margin,0.5,0.8349268439670717,0.642,0.752,0.73,0.022
1,euclidean,intent_quantile_0.99,nearest_sphere,inverse_margin,1.0,1.1749003355187442,0.652,0.752,0.732,0.02
1,euclidean,intent_quantile_0.99,nearest_sphere,inverse_margin,2.0,1.8669015265100333,0.652,0.752,0.732,0.02
1,euclidean,intent_quantile_0.99,nearest_sphere,max_ratio,0.0,0.4659618029088762,0.632,0.752,0.728,0.024
1,euclidean,intent_quantile_0.99,nearest_sphere,max_ratio,0.25,0.4659618029088762,0.632,0.752,0.728,0.024
1,euclidean,intent_quantile_0.99,nearest_sphere,max_ratio,0.5,0.4659618029088762,0.632,0.752,0.728,0.024
1,euclidean,intent_quantile_0.99,nearest_sphere,max_ratio,1.0,0.4917921251329015,0.642,0.752,0.73,0.022
1,euclidean,intent_quantile_0.99,nearest_sphere,max_ratio,2.0,0.8289243217060687,0.662,0.752,0.734,0.018
1,euclidean,intent_quantile_0.99,normalized_union,none,0.0,0.4659618029088762,0.632,0.752,0.728,0.024
1,euclidean,intent_quantile_0.99,normalized_union,none,0.25,0.4659618029088762,0.632,0.752,0.728,0.024
1,euclidean,intent_quantile_0.99,normalized_union,none,0.5,0.4659618029088762,0.632,0.752,0.728,0.024
1,euclidean,intent_quantile_0.99,normalized_union,none,1.0,0.4659618029088762,0.632,0.752,0.728,0.024
1,euclidean,intent_quantile_0.99,normalized_union,none,2.0,0.4659618029088762,0.632,0.752,0.728,0.024
1,euclidean,intent_quantile_0.99,normalized_union,ratio,0.0,0.4659618029088762,0.632,0.752,0.728,0.024
1,euclidean,intent_quantile_0.99,normalized_union,ratio,0.25,0.5785723242510254,0.632,0.752,0.728,0.024
1,euclidean,intent_quantile_0.99,normalized_union,ratio,0.5,0.6961842049759246,0.642,0.752,0.73,0.022
1,euclidean,intent_quantile_0.99,normalized_union,ratio,1.0,0.9014634432256468,0.642,0.752,0.73,0.022
1,euclidean,intent_quantile_0.99,normalized_union,ratio,2.0,1.3075960496047023,0.652,0.752,0.732,0.02
1,euclidean,intent_quantile_0.99,normalized_union,inverse_margin,0.0,0.4659618029088762,0.632,0.752,0.728,0.024
1,euclidean,intent_quantile_0.99,normalized_union,inverse_margin,0.25,0.6681991181541007,0.642,0.752,0.73,0.022
1,euclidean,intent_quantile_0.99,normalized_union,inverse_margin,0.5,0.8349268439670717,0.642,0.752,0.73,0.022
1,euclidean,intent_quantile_0.99,normalized_union,inverse_margin,1.0,1.1749003355187442,0.652,0.752,0.732,0.02
1,euclidean,intent_quantile_0.99,normalized_union,inverse_margin,2.0,1.8669015265100333,0.652,0.752,0.732,0.02
1,euclidean,intent_quantile_0.99,normalized_union,max_ratio,0.0,0.4659618029088762,0.632,0.752,0.728,0.024
1,euclidean,intent_quantile_0.99,normalized_union,max_ratio,0.25,0.4659618029088762,0.632,0.752,0.728,0.024
1,euclidean,intent_quantile_0.99,normalized_union,max_ratio,0.5,0.4659618029088762,0.632,0.752,0.728,0.024
1,euclidean,intent_quantile_0.99,normalized_union,max_ratio,1.0,0.4917921251329015,0.642,0.752,0.73,0.022
1,euclidean,intent_quantile_0.99,normalized_union,max_ratio,2.0,0.8289243217060687,0.662,0.752,0.734,0.018
1,mahalanobis_diag,mean_std_0.0,nearest_sphere,none,0.0,1.108031892224836,0.622,0.752,0.726,0.026
1,mahalanobis_diag,mean_std_0.0,nearest_sphere,none,0.25,1.108031892224836,0.622,0.752,0.726,0.026
1,mahalanobis_diag,mean_std_0.0,nearest_sphere,none,0.5,1.108031892224836,0.622,0.752,0.726,0.026
1,mahalanobis_diag,mean_std_0.0,nearest_sphere,none,1.0,1.108031892224836,0.622,0.752,0.726,0.026
1,mahalanobis_diag,mean_std_0.0,nearest_sphere,none,2.0,1.108031892224836,0.622,0.752,0.726,0.026
1,mahalanobis_diag,mean_std_0.0,nearest_sphere,ratio,0.0,1.108031892224836,0.622,0.752,0.726,0.026
1,mahalanobis_diag,mean_std_0.0,nearest_sphere,ratio,0.25,1.2000244627201677,0.622,0.752,0.726,0.026
1,mahalanobis_diag,mean_std_0.0,nearest_sphere,ratio,0.5,1.3186357957974646,0.632,0.752,0.728,0.024
1,mahalanobis_diag,mean_std_0.0,nearest_sphere,ratio,1.0,1.5374822501393275,0.642,0.752,0.73,0.022
1,mahalanobis_diag,mean_std_0.0,nearest_sphere,ratio,2.0,1.9574503089478492,0.652,0.752,0.732,0.02
1,mahalanobis_diag,mean_std_0.0,nearest_sphere,inverse_margin,0.0,1.108031892224836,0.622,0.752,0.726,0.026
1,mahalanobis_diag,mean_std_0.0,nearest_sphere,inverse_margin,0.25,1.3063106524620718,0.642,0.752,0.73,0.022
1,mahalanobis_diag,mean_std_0.0,nearest_sphere,inverse_margin,0.5,1.4833961356383334,0.652,0.752,0.732,0.02
1,mahalanobis_diag,mean_std_0.0,nearest_sphere,inverse_margin,1.0,1.8501283407529923,0.652,0.752,0.732,0.02
1,mahalanobis_diag,mean_std_0.0,nearest_sphere,inverse_margin,2.0,2.6359707100080376,0.662,0.752,0.734,0.018
1,mahalanobis_diag,mean_std_0.0,nearest_sphere,max_ratio,0.0,1.108031892224836,0.622,0.752,0.726,0.026
1,mahalanobis_diag,mean_std_0.0,nearest_sphere,max_ratio,0.25,1.108031892224836,0.622,0.752,0.726,0.026
1,mahalanobis_diag,mean_std_0.0,nearest_sphere,max_ratio,0.5,1.108031892224836,0.622,0.752,0.726,0.026
1,mahalanobis_diag,mean_std_0.0,nearest_sphere,max_ratio,1.0,1.108031892224836,0.622,0.752,0.726,0.026
1,mahalanobis_diag,mean_std_0.0,nearest_sphere,max_ratio,2.0,1.156027372364401,0.632,0.752,0.728,0.024
1,mahalanobis_diag,mean_std_0.0,normalized_union,none,0.0,1.108031892224836,0.622,0.752,0.726,0.026
1,mahalanobis_diag,mean_std_0.0,normalized_union,none,0.25,1.108031892224836,0.622,0.752,0.726,0.026
1,mahalanobis_diag,mean_std_0.0,normalized_union,none,0.5,1.108031892224836,0.622,0.752,0.726,0.026
1,mahalanobis_diag,mean_std_0.0,normalized_union,none,1.0,1.108031892224836,0.622,0.752,0.726,0.026
1,mahalanobis_diag,mean_std_0.0,normalized_union,none,2.0,1.108031892224836,0.622,0.752,0.726,0.026
1,mahalanobis_diag,mean_std_0.0,normalized_union,ratio,0.0,1.108031892224836,0.622,0.752,0.726,0.026
1,mahalanobis_diag,mean_std_0.0,normalized_union,ratio,0.25,1.2000244627201677,0.622,0.752,0.726,0.026
1,mahalanobis_diag,mean_std_0.0,normalized_union,ratio,0.5,1.3186357957974646,0.632,0.752,0.728,0.024
1,mahalanobis_diag,mean_std_0.0,normalized_union,ratio,1.0,1.5374822501393275,0.642,0.752,0.73,0.022
1,mahalanobis_diag,mean_std_0.0,normalized_union,ratio,2.0,1.9574503089478492,0.652,0.752,0.732,0.02
1,mahalanobis_diag,mean_std_0.0,normalized_union,inverse_margin,0.0,1.108031892224836,0.622,0.752,0.726,0.026
1,mahalanobis_diag,mean_std_0.0,normalized_union,inverse_margin,0.25,1.3063106524620718,0.642,0.752,0.73,0.022
1,mahalanobis_diag,mean_std_0.0,normalized_union,inverse_margin,0.5,1.4833961356383334,0.652,0.752,0.732,0.02
1,mahalanobis_diag,mean_std_0.0,normalized_union,inverse_margin,1.0,1.8501283407529923,0.652,0.752,0.732,0.02
1,mahalanobis_diag,mean_std_0.0,normalized_union,inverse_margin,2.0,2.6359707100080376,0.662,0.752,0.734,0.018
1,mahalanobis_diag,mean_std_0.0,normalized_union,max_ratio,0.0,1.108031892224836,0.622,0.752,0.726,0.026
1,mahalanobis_diag,mean_std_0.0,normalized_union,max_ratio,0.25,1.108031892224836,0.622,0.752,0.726,0.026
1,mahalanobis_diag,mean_std_0.0,normalized_union,max_ratio,0.5,1.108031892224836,0.622,0.752,0.726,0.026
1,mahalanobis_diag,mean_std_0.0,normalized_union,max_ratio,1.0,1.108031892224836,0.622,0.752,0.726,0.026
1,mahalanobis_diag,mean_std_0.0,normalized_union,max_ratio,2.0,1.156027372364401,0.632,0.752,0.728,0.024
1,mahalanobis_diag,mean_std_0.25,nearest_sphere,none,0.0,0.9855402607381052,0.622,0.752,0.726,0.026
1,mahalanobis_diag,mean_std_0.25,nearest_sphere,none,0.25,0.9855402607381052,0.622,0.752,0.726,0.026
1,mahalanobis_diag,mean_std_0.25,nearest_sphere,none,0.5,0.9855402607381052,0.622,0.752,0.726,0.026
1,mahalanobis_diag,mean_std_0.25,nearest_sphere,none,1.0,0.9855402607381052,0.622,0.752,0.726,0.026
1,mahalanobis_diag,mean_std_0.25,nearest_sphere,none,2.0,0.9855402607381052,0.622,0.752,0.726,0.026
1,mahalanobis_diag,mean_std_0.25,nearest_sphere,ratio,0.0,0.9855402607381052,0.622,0.752,0.726,0.026
1,mahalanobis_diag,mean_std_0.25,nearest_sphere,ratio,0.25,1.0746122703206757,0.622,0.752,0.726,0.026
1,mahalanobis_diag,mean_std_0.25,nearest_sphere,ratio,0.5,1.2076787956912902,0.632,0.752,0.728,0.024
1,mahalanobis_diag,mean_std_0.25,nearest_sphere,ratio,1.0,1.4300442311845558,0.652,0.752,0.732,0.02
1,mahalanobis_diag,mean_std_0.25,nearest_sphere,ratio,2.0,1.853491836226795,0.652,0.752,0.732,0.02
1,mahalanobis_diag,mean_std_0.25,nearest_sphere,inverse_margin,0.0,0.9855402607381052,0.622,0.752,0.726,0.026
1,mahalanobis_diag,mean_std_0.25,nearest_sphere,inverse_margin,0.25,1.2061365958223533,0.652,0.752,0.732,0.02
1,mahalanobis_diag,mean_std_0.25,nearest_sphere,inverse_margin,0.5,1.3662407807550332,0.652,0.752,0.732,0.02
1,mahalanobis_diag,mean_std_0.25,nearest_sphere,inverse_margin,1.0,1.7240627521496243,0.652,0.752,0.732,0.02
1,mahalanobis_diag,mean_std_0.25,nearest_sphere,inverse_margin,2.0,2.5150288220207413,0.662,0.752,0.734,0.018
1,mahalanobis_diag,mean_std_0.25,nearest_sphere,max_ratio,0.0,0.9855402607381052,0.622,0.752,0.726,0.026
1,mahalanobis_diag,mean_std_0.25,nearest_sphere,max_ratio,0.25,0.9855402607381052,0.622,0.752,0.726,0.026
1,mahalanobis_diag,mean_std_0.25,nearest_sphere,max_ratio,0.5,0.9855402607381052,0.622,0.752,0.726,0.026
1,mahalanobis_diag,mean_std_0.25,nearest_sphere,max_ratio,1.0,0.9855402607381052,0.622,0.752,0.726,0.026
1,mahalanobis_diag,mean_std_0.25,nearest_sphere,max_ratio,2.0,1.0608842603763604,0.642,0.752,0.73,0.022
1,mahalanobis_diag,mean_std_0.25,normalized_union,none,0.0,0.9855402607381052,0.622,0.752,0.726,0.026
1,mahalanobis_diag,mean_std_0.25,normalized_union,none,0.25,0.9855402607381052,0.622,0.752,0.726,0.026
1,mahalanobis_diag,mean_std_0.25,normalized_union,none,0.5,0.9855402607381052,0.622,0.752,0.726,0.026
1,mahalanobis_diag,mean_std_0.25,normalized_union,none,1.0,0.9855402607381052,0.622,0.752,0.726,0.026
1,mahalanobis_diag,mean_std_0.25,normalized_union,none,2.0,0.9855402607381052,0.622,0.752,0.726,0.026
1,mahalanobis_diag,mean_std_0.25,normalized_union,ratio,0.0,0.9855402607381052,0.622,0.752,0.726,0.026
1,mahalanobis_diag,mean_std_0.25,normalized_union,ratio,0.25,1.0746122703206757,0.622,0.752,0.726,0.026
1,mahalanobis_diag,mean_std_0.25,normalized_union,ratio,0.5,1.2076787956912902,0.632,0.752,0.728,0.024
1,mahalanobis_diag,mean_std_0.25,normalized_union,ratio,1.0,1.4300442311845558,0.652,0.752,0.732,0.02
1,mahalanobis_diag,mean_std_0.25,normalized_union,ratio,2.0,1.853491836226795,0.652,0.752,0.732,0.02
1,mahalanobis_diag,mean_std_0.25,normalized_union,inverse_margin,0.0,0.9855402607381052,0.622,0.752,0.726,0.026
1,mahalanobis_diag,mean_std_0.25,normalized_union,inverse_margin,0.25,1.2061365958223533,0.652,0.752,0.732,0.02
1,mahalanobis_diag,mean_std_0.25,normalized_union,inverse_margin,0.5,1.3662407807550332,0.652,0.752,0.732,0.02
1,mahalanobis_diag,mean_std_0.25,normalized_union,inverse_margin,1.0,1.7240627521496243,0.652,0.752,0.732,0.02
1,mahalanobis_diag,mean_std_0.25,normalized_union,inverse_margin,2.0,2.5150288220207413,0.662,0.752,0.734,0.018
1,mahalanobis_diag,mean_std_0.25,normalized_union,max_ratio,0.0,0.9855402607381052,0.622,0.752,0.726,0.026
1,mahalanobis_diag,mean_std_0.25,normalized_union,max_ratio,0.25,0.9855402607381052,0.622,0.752,0.726,0.026
1,mahalanobis_diag,mean_std_0.25,normalized_union,max_ratio,0.5,0.9855402607381052,0.622,0.752,0.726,0.026
1,mahalanobis_diag,mean_std_0.25,normalized_union,max_ratio,1.0,0.9855402607381052,0.622,0.752,0.726,0.026
1,mahalanobis_diag,mean_std_0.25,normalized_union,max_ratio,2.0,1.0608842603763604,0.642,0.752,0.73,0.022
1,mahalanobis_diag,mean_std_0.5,nearest_sphere,none,0.0,0.8849422980554538,0.622,0.752,0.726,0.026
1,mahalanobis_diag,mean_std_0.5,nearest_sphere,none,0.25,0.8849422980554538,0.622,0.752,0.726,0.026
1,mahalanobis_diag,mean_std_0.5,nearest_sphere,none,0.5,0.8849422980554538,0.622,0.752,0.726,0.026
1,mahalanobis_diag,mean_std_0.5,nearest_sphere,none,1.0,0.8849422980554538,0.622,0.752,0.726,0.026
1,mahalanobis_diag,mean_std_0.5,nearest_sphere,none,2.0,0.8849422980554538,0.622,0.752,0.726,0.026
1,mahalanobis_diag,mean_std_0.5,nearest_sphere,ratio,0.0,0.8849422980554538,0.622,0.752,0.726,0.026
1,mahalanobis_diag,mean_std_0.5,nearest_sphere,ratio,0.25,0.9916839396022201,0.622,0.752,0.726,0.026
1,mahalanobis_diag,mean_std_0.5,nearest_sphere,ratio,0.5,1.1248266927969315,0.632,0.752,0.728,0.024
1,mahalanobis_diag,mean_std_0.5,nearest_sphere,ratio,1.0,1.3283539039298833,0.652,0.752,0.732,0.02
1,mahalanobis_diag,mean_std_0.5,nearest_sphere,ratio,2.0,1.7631531182504856,0.652,0.752,0.732,0.02
1,mahalanobis_diag,mean_std_0.5,nearest_sphere,inverse_margin,0.0,0.8849422980554538,0.622,0.752,0.726,0.026
1,mahalanobis_diag,mean_std_0.5,nearest_sphere,inverse_margin,0.25,1.0994013896721173,0.652,0.752,0.732,0.02
1,mahalanobis_diag,mean_std_0.5,nearest_sphere,inverse_margin,0.5,1.2811947827781855,0.652,0.752,0.732,0.02
1,mahalanobis_diag,mean_std_0.5,nearest_sphere,inverse_margin,1.0,1.6408278775046927,0.652,0.752,0.732,0.02
1,mahalanobis_diag,mean_std_0.5,nearest_sphere,inverse_margin,2.0,2.447305958270803,0.662,0.752,0.734,0.018
1,mahalanobis_diag,mean_std_0.5,nearest_sphere,max_ratio,0.0,0.8849422980554538,0.622,0.752,0.726,0.026
1,mahalanobis_diag,mean_std_0.5,nearest_sphere,max_ratio,0.25,0.8849422980554538,0.622,0.752,0.726,0.026
1,mahalanobis_diag,mean_std_0.5,nearest_sphere,max_ratio,0.5,0.8849422980554538,0.622,0.752,0.726,0.026
1,mahalanobis_diag,mean_std_0.5,nearest_sphere,max_ratio,1.0,0.8849422980554538,0.622,0.752,0.726,0.026
1,mahalanobis_diag,mean_std_0.5,nearest_sphere,max_ratio,2.0,0.9818605443603255,0.652,0.752,0.732,0.02
1,mahalanobis_diag,mean_std_0.5,normalized_union,none,0.0,0.8849422980554538,0.622,0.752,0.726,0.026
1,mahalanobis_diag,mean_std_0.5,normalized_union,none,0.25,0.8849422980554538,0.622,0.752,0.726,0.026
1,mahalanobis_diag,mean_std_0.5,normalized_union,none,0.5,0.8849422980554538,0.622,0.752,0.726,0.026
1,mahalanobis_diag,mean_std_0.5,normalized_union,none,1.0,0.8849422980554538,0.622,0.752,0.726,0.026
1,mahalanobis_diag,mean_std_0.5,normalized_union,none,2.0,0.8849422980554538,0.622,0.752,0.726,0.026
1,mahalanobis_diag,mean_std_0.5,normalized_union,ratio,0.0,0.8849422980554538,0.622,0.752,0.726,0.026
1,mahalanobis_diag,mean_std_0.5,normalized_union,ratio,0.25,0.9916839396022201,0.622,0.752,0.726,0.026
1,mahalanobis_diag,mean_std_0.5,normalized_union,ratio,0.5,1.1248266927969315,0.632,0.752,0.728,0.024
1,mahalanobis_diag,mean_std_0.5,normalized_union,ratio,1.0,1.3283539039298833,0.652,0.752,0.732,0.02
1,mahalanobis_diag,mean_std_0.5,normalized_union,ratio,2.0,1.7631531182504856,0.652,0.752,0.732,0.02
1,mahalanobis_diag,mean_std_0.5,normalized_union,inverse_margin,0.0,0.8849422980554538,0.622,0.752,0.726,0.026
1,mahalanobis_diag,mean_std_0.5,normalized_union,inverse_margin,0.25,1.0994013896721173,0.652,0.752,0.732,0.02
1,mahalanobis_diag,mean_std_0.5,normalized_union,inverse_margin,0.5,1.2811947827781855,0.652,0.752,0.732,0.02
1,mahalanobis_diag,mean_std_0.5,normalized_union,inverse_margin,1.0,1.6408278775046927,0.652,0.752,0.732,0.02
1,mahalanobis_diag,mean_std_0.5,normalized_union,inverse_margin,2.0,2.447305958270803,0.662,0.752,0.734,0.018
1,mahalanobis_diag,mean_std_0.5,normalized_union,max_ratio,0.0,0.8849422980554538,0.622,0.752,0.726,0.026
1,mahalanobis_diag,mean_std_0.5,normalized_union,max_ratio,0.25,0.8849422980554538,0.622,0.752,0.726,0.026
1,mahalanobis_diag,mean_std_0.5,normalized_union,max_ratio,0.5,0.8849422980554538,0.622,0.752,0.726,0.026
1,mahalanobis_diag,mean_std_0.5,normalized_union,max_ratio,1.0,0.8849422980554538,0.622,0.752,0.726,0.026
1,mahalanobis_diag,mean_std_0.5,normalized_union,max_ratio,2.0,0.9818605443603255,0.652,0.752,0.732,0.02
1,mahalanobis_diag,mean_std_0.75,nearest_sphere,none,0.0,0.8129086222259791,0.622,0.752,0.726,0.026
1,mahalanobis_diag,mean_std_0.75,nearest_sphere,none,0.25,0.8129086222259791,0.622,0.752,0.726,0.026
1,mahalanobis_diag,mean_std_0.75,nearest_sphere,none,0.5,0.8129086222259791,0.622,0.752,0.726,0.026
1,mahalanobis_diag,mean_std_0.75,nearest_sphere,none,1.0,0.8129086222259791,0.622,0.752,0.726,0.026
1,mahalanobis_diag,mean_std_0.75,nearest_sphere,none,2.0,0.8129086222259791,0.622,0.752,0.726,0.026
1,mahalanobis_diag,mean_std_0.75,nearest_sphere,ratio,0.0,0.8129086222259791,0.622,0.752,0.726,0.026
1,mahalanobis_diag,mean_std_0.75,nearest_sphere,ratio,0.25,0.9241901075388181,0.622,0.752,0.726,0.026
1,mahalanobis_diag,mean_std_0.75,nearest_sphere,ratio,0.5,1.0452470025692158,0.642,0.752,0.73,0.022
1,mahalanobis_diag,mean_std_0.75,nearest_sphere,ratio,1.0,1.2370456885994496,0.652,0.752,0.732,0.02
1,mahalanobis_diag,mean_std_0.75,nearest_sphere,ratio,2.0,1.6849186011604051,0.652,0.752,0.732,0.02
1,mahalanobis_diag,mean_std_0.75,nearest_sphere,inverse_margin,0.0,0.8129086222259791,0.622,0.752,0.726,0.026
1,mahalanobis_diag,mean_std_0.75,nearest_sphere,inverse_margin,0.25,1.0154554729431118,0.652,0.752,0.732,0.02
1,mahalanobis_diag,mean_std_0.75,nearest_sphere,inverse_margin,0.5,1.2157772824754702,0.652,0.752,0.732,0.02
1,mahalanobis_diag,mean_std_0.75,nearest_sphere,inverse_margin,1.0,1.576166839987709,0.652,0.752,0.732,0.02
1,mahalanobis_diag,mean_std_0.75,nearest_sphere,inverse_margin,2.0,2.376124282947675,0.662,0.752,0.734,0.018
1,mahalanobis_diag,mean_std_0.75,nearest_sphere,max_ratio,0.0,0.8129086222259791,0.622,0.752,0.726,0.026
1,mahalanobis_diag,mean_std_0.75,nearest_sphere,max_ratio,0.25,0.8129086222259791,0.622,0.752,0.726,0.026
1,mahalanobis_diag,mean_std_0.75,nearest_sphere,max_ratio,0.5,0.8129086222259791,0.622,0.752,0.726,0.026
1,mahalanobis_diag,mean_std_0.75,nearest_sphere,max_ratio,1.0,0.8129086222259791,0.622,0.752,0.726,0.026
1,mahalanobis_diag,mean_std_0.75,nearest_sphere,max_ratio,2.0,0.922548585272908,0.662,0.752,0.734,0.018
1,mahalanobis_diag,mean_std_0.75,normalized_union,none,0.0,0.8129086222259791,0.622,0.752,0.726,0.026
1,mahalanobis_diag,mean_std_0.75,normalized_union,none,0.25,0.8129086222259791,0.622,0.752,0.726,0.026
1,mahalanobis_diag,mean_std_0.75,normalized_union,none,0.5,0.8129086222259791,0.622,0.752,0.726,0.026
1,mahalanobis_diag,mean_std_0.75,normalized_union,none,1.0,0.8129086222259791,0.622,0.752,0.726,0.026
1,mahalanobis_diag,mean_std_0.75,normalized_union,none,2.0,0.8129086222259791,0.622,0.752,0.726,0.026
1,mahalanobis_diag,mean_std_0.75,normalized_union,ratio,0.0,0.8129086222259791,0.622,0.752,0.726,0.026
1,mahalanobis_diag,mean_std_0.75,normalized_union,ratio,0.25,0.9241901075388181,0.622,0.752,0.726,0.026
1,mahalanobis_diag,mean_std_0.75,normalized_union,ratio,0.5,1.0452470025692158,0.642,0.752,0.73,0.022
1,mahalanobis_diag,mean_std_0.75,normalized_union,ratio,1.0,1.2370456885994496,0.652,0.752,0.732,0.02
1,mahalanobis_diag,mean_std_0.75,normalized_union,ratio,2.0,1.6849186011604051,0.652,0.752,0.732,0.02
1,mahalanobis_diag,mean_std_0.75,normalized_union,inverse_margin,0.0,0.8129086222259791,0.622,0.752,0.726,0.026
1,mahalanobis_diag,mean_std_0.75,normalized_union,inverse_margin,0.25,1.0154554729431118,0.652,0.752,0.732,0.02
1,mahalanobis_diag,mean_std_0.75,normalized_union,inverse_margin,0.5,1.2157772824754702,0.652,0.752,0.732,0.02
1,mahalanobis_diag,mean_std_0.75,normalized_union,inverse_margin,1.0,1.576166839987709,0.652,0.752,0.732,0.02
1,mahalanobis_diag,mean_std_0.75,normalized_union,inverse_margin,2.0,2.376124282947675,0.662,0.752,0.734,0.018
1,mahalanobis_diag,mean_std_0.75,normalized_union,max_ratio,0.0,0.8129086222259791,0.622,0.752,0.726,0.026
1,mahalanobis_diag,mean_std_0.75,normalized_union,max_ratio,0.25,0.8129086222259791,0.622,0.752,0.726,0.026
1,mahalanobis_diag,mean_std_0.75,normalized_union,max_ratio,0.5,0.8129086222259791,0.622,0.752,0.726,0.026
1,mahalanobis_diag,mean_std_0.75,normalized_union,max_ratio,1.0,0.8129086222259791,0.622,0.752,0.726,0.026
1,mahalanobis_diag,mean_std_0.75,normalized_union,max_ratio,2.0,0.922548585272908,0.662,0.752,0.734,0.018
1,mahalanobis_diag,mean_std_1.0,nearest_sphere,none,0.0,0.7538195138568995,0.622,0.752,0.726,0.026
1,mahalanobis_diag,mean_std_1.0,nearest_sphere,none,0.25,0.7538195138568995,0.622,0.752,0.726,0.026
1,mahalanobis_diag,mean_std_1.0,nearest_sphere,none,0.5,0.7538195138568995,0.622,0.752,0.726,0.026
1,mahalanobis_diag,mean_std_1.0,nearest_sphere,none,1.0,0.7538195138568995,0.622,0.752,0.726,0.026
1,mahalanobis_diag,mean_std_1.0,nearest_sphere,none,2.0,0.7538195138568995,0.622,0.752,0.726,0.026
1,mahalanobis_diag,mean_std_1.0,nearest_sphere,ratio,0.0,0.7538195138568995,0.622,0.752,0.726,0.026
1,mahalanobis_diag,mean_std_1.0,nearest_sphere,ratio,0.25,0.8604346212318927,0.622,0.752,0.726,0.026
1,mahalanobis_diag,mean_std_1.0,nearest_sphere,ratio,0.5,0.9814251833852747,0.642,0.752,0.73,0.022
1,mahalanobis_diag,mean_std_1.0,nearest_sphere,ratio,1.0,1.1691557620393778,0.652,0.752,0.732,0.02
1,mahalanobis_diag,mean_std_1.0,nearest_sphere,ratio,2.0,1.6184618506946307,0.652,0.752,0.732,0.02
1,mahalanobis_diag,mean_std_1.0,nearest_sphere,inverse_margin,0.0,0.7538195138568995,0.622,0.752,0.726,0.026
1,mahalanobis_diag,mean_std_1.0,nearest_sphere,inverse_margin,0.25,0.9474062769516343,0.652,0.752,0.732,0.02
1,mahalanobis_diag,mean_std_1.0,nearest_sphere,inverse_margin,0.5,1.1511764625438237,0.652,0.752,0.732,0.02
1,mahalanobis_diag,mean_std_1.0,nearest_sphere,inverse_margin,1.0,1.5073230938562308,0.652,0.752,0.732,0.02
1,mahalanobis_diag,mean_std_1.0,nearest_sphere,inverse_margin,2.0,2.324096988369239,0.662,0.752,0.734,0.018
1,mahalanobis_diag,mean_std_1.0,nearest_sphere,max_ratio,0.0,0.7538195138568995,0.622,0.752,0.726,0.026
1,mahalanobis_diag,mean_std_1.0,nearest_sphere,max_ratio,0.25,0.7538195138568995,0.622,0.752,0.726,0.026
1,mahalanobis_diag,mean_std_1.0,nearest_sphere,max_ratio,0.5,0.7538195138568995,0.622,0.752,0.726,0.026
1,mahalanobis_diag,mean_std_1.0,nearest_sphere,max_ratio,1.0,0.7538195138568995,0.622,0.752,0.726,0.026
1,mahalanobis_diag,mean_std_1.0,nearest_sphere,max_ratio,2.0,0.8942245906087808,0.662,0.752,0.734,0.018
1,mahalanobis_diag,mean_std_1.0,normalized_union,none,0.0,0.7538195138568995,0.622,0.752,0.726,0.026
1,mahalanobis_diag,mean_std_1.0,normalized_union,none,0.25,0.7538195138568995,0.622,0.752,0.726,0.026
1,mahalanobis_diag,mean_std_1.0,normalized_union,none,0.5,0.7538195138568995,0.622,0.752,0.726,0.026
1,mahalanobis_diag,mean_std_1.0,normalized_union,none,1.0,0.7538195138568995,0.622,0.752,0.726,0.026
1,mahalanobis_diag,mean_std_1.0,normalized_union,none,2.0,0.7538195138568995,0.622,0.752,0.726,0.026
1,mahalanobis_diag,mean_std_1.0,normalized_union,ratio,0.0,0.7538195138568995,0.622,0.752,0.726,0.026
1,mahalanobis_diag,mean_std_1.0,normalized_union,ratio,0.25,0.8604346212318927,0.622,0.752,0.726,0.026
1,mahalanobis_diag,mean_std_1.0,normalized_union,ratio,0.5,0.9814251833852747,0.642,0.752,0.73,0.022
1,mahalanobis_diag,mean_std_1.0,normalized_union,ratio,1.0,1.1691557620393778,0.652,0.752,0.732,0.02
1,mahalanobis_diag,mean_std_1.0,normalized_union,ratio,2.0,1.6184618506946307,0.652,0.752,0.732,0.02
1,mahalanobis_diag,mean_std_1.0,normalized_union,inverse_margin,0.0,0.7538195138568995,0.622,0.752,0.726,0.026
1,mahalanobis_diag,mean_std_1.0,normalized_union,inverse_margin,0.25,0.9474062769516343,0.652,0.752,0.732,0.02
1,mahalanobis_diag,mean_std_1.0,normalized_union,inverse_margin,0.5,1.1511764625438237,0.652,0.752,0.732,0.02
1,mahalanobis_diag,mean_std_1.0,normalized_union,inverse_margin,1.0,1.5073230938562308,0.652,0.752,0.732,0.02
1,mahalanobis_diag,mean_std_1.0,normalized_union,inverse_margin,2.0,2.324096988369239,0.662,0.752,0.734,0.018
1,mahalanobis_diag,mean_std_1.0,normalized_union,max_ratio,0.0,0.7538195138568995,0.622,0.752,0.726,0.026
1,mahalanobis_diag,mean_std_1.0,normalized_union,max_ratio,0.25,0.7538195138568995,0.622,0.752,0.726,0.026
1,mahalanobis_diag,mean_std_1.0,normalized_union,max_ratio,0.5,0.7538195138568995,0.622,0.752,0.726,0.026
1,mahalanobis_diag,mean_std_1.0,normalized_union,max_ratio,1.0,0.7538195138568995,0.622,0.752,0.726,0.026
1,mahalanobis_diag,mean_std_1.0,normalized_union,max_ratio,2.0,0.8942245906087808,0.662,0.752,0.734,0.018
1,mahalanobis_diag,mean_std_1.5,nearest_sphere,none,0.0,0.6582072914034404,0.622,0.752,0.726,0.026
1,mahalanobis_diag,mean_std_1.5,nearest_sphere,none,0.25,0.6582072914034404,0.622,0.752,0.726,0.026
1,mahalanobis_diag,mean_std_1.5,nearest_sphere,none,0.5,0.6582072914034404,0.622,0.752,0.726,0.026
1,mahalanobis_diag,mean_std_1.5,nearest_sphere,none,1.0,0.6582072914034404,0.622,0.752,0.726,0.026
1,mahalanobis_diag,mean_std_1.5,nearest_sphere,none,2.0,0.6582072914034404,0.622,0.752,0.726,0.026
1,mahalanobis_diag,mean_std_1.5,nearest_sphere,ratio,0.0,0.6582072914034404,0.622,0.752,0.726,0.026
1,mahalanobis_diag,mean_std_1.5,nearest_sphere,ratio,0.25,0.7593186463828747,0.632,0.752,0.728,0.024
1,mahalanobis_diag,mean_std_1.5,nearest_sphere,ratio,0.5,0.8706412862956072,0.652,0.752,0.732,0.02
1,mahalanobis_diag,mean_std_1.5,nearest_sphere,ratio,1.0,1.0828038233161772,0.652,0.752,0.732,0.02
1,mahalanobis_diag,mean_std_1.5,nearest_sphere,ratio,2.0,1.5071288973573176,0.652,0.752,0.732,0.02
1,mahalanobis_diag,mean_std_1.5,nearest_sphere,inverse_margin,0.0,0.6582072914034404,0.622,0.752,0.726,0.026
1,mahalanobis_diag,mean_std_1.5,nearest_sphere,inverse_margin,0.25,0.8482743538316255,0.652,0.752,0.732,0.02
1,mahalanobis_diag,mean_std_1.5,nearest_sphere,inverse_margin,0.5,1.044349804384064,0.652,0.752,0.732,0.02
1,mahalanobis_diag,mean_std_1.5,nearest_sphere,inverse_margin,1.0,1.421141620286638,0.662,0.752,0.734,0.018
1,mahalanobis_diag,mean_std_1.5,nearest_sphere,inverse_margin,2.0,2.2392255317614964,0.662,0.752,0.734,0.018
1,mahalanobis_diag,mean_std_1.5,nearest_sphere,max_ratio,0.0,0.6582072914034404,0.622,0.752,0.726,0.026
1,mahalanobis_diag,mean_std_1.5,nearest_sphere,max_ratio,0.25,0.6582072914034404,0.622,0.752,0.726,0.026
1,mahalanobis_diag,mean_std_1.5,nearest_sphere,max_ratio,0.5,0.6582072914034404,0.622,0.752,0.726,0.026
1,mahalanobis_diag,mean_std_1.5,nearest_sphere,max_ratio,1.0,0.6584787492750371,0.632,0.752,0.728,0.024
1,mahalanobis_diag,mean_std_1.5,nearest_sphere,max_ratio,2.0,0.8708043052501998,0.662,0.752,0.734,0.018
1,mahalanobis_diag,mean_std_1.5,normalized_union,none,0.0,0.6582072914034404,0.622,0.752,0.726,0.026
1,mahalanobis_diag,mean_std_1.5,normalized_union,none,0.25,0.6582072914034404,0.622,0.752,0.726,0.026
1,mahalanobis_diag,mean_std_1.5,normalized_union,none,0.5,0.6582072914034404,0.622,0.752,0.726,0.026
1,mahalanobis_diag,mean_std_1.5,normalized_union,none,1.0,0.6582072914034404,0.622,0.752,0.726,0.026
1,mahalanobis_diag,mean_std_1.5,normalized_union,none,2.0,0.6582072914034404,0.622,0.752,0.726,0.026
1,mahalanobis_diag,mean_std_1.5,normalized_union,ratio,0.0,0.6582072914034404,0.622,0.752,0.726,0.026
1,mahalanobis_diag,mean_std_1.5,normalized_union,ratio,0.25,0.7593186463828747,0.632,0.752,0.728,0.024
1,mahalanobis_diag,mean_std_1.5,normalized_union,ratio,0.5,0.8706412862956072,0.652,0.752,0.732,0.02
1,mahalanobis_diag,mean_std_1.5,normalized_union,ratio,1.0,1.0828038233161772,0.652,0.752,0.732,0.02
1,mahalanobis_diag,mean_std_1.5,normalized_union,ratio,2.0,1.5071288973573176,0.652,0.752,0.732,0.02
1,mahalanobis_diag,mean_std_1.5,normalized_union,inverse_margin,0.0,0.6582072914034404,0.622,0.752,0.726,0.026
1,mahalanobis_diag,mean_std_1.5,normalized_union,inverse_margin,0.25,0.8482743538316255,0.652,0.752,0.732,0.02
1,mahalanobis_diag,mean_std_1.5,normalized_union,inverse_margin,0.5,1.044349804384064,0.652,0.752,0.732,0.02
1,mahalanobis_diag,mean_std_1.5,normalized_union,inverse_margin,1.0,1.421141620286638,0.662,0.752,0.734,0.018
1,mahalanobis_diag,mean_std_1.5,normalized_union,inverse_margin,2.0,2.2392255317614964,0.662,0.752,0.734,0.018
1,mahalanobis_diag,mean_std_1.5,normalized_union,max_ratio,0.0,0.6582072914034404,0.622,0.752,0.726,0.026
1,mahalanobis_diag,mean_std_1.5,normalized_union,max_ratio,0.25,0.6582072914034404,0.622,0.752,0.726,0.026
1,mahalanobis_diag,mean_std_1.5,normalized_union,max_ratio,0.5,0.6582072914034404,0.622,0.752,0.726,0.026
1,mahalanobis_diag,mean_std_1.5,normalized_union,max_ratio,1.0,0.6584787492750371,0.632,0.752,0.728,0.024
1,mahalanobis_diag,mean_std_1.5,normalized_union,max_ratio,2.0,0.8708043052501998,0.662,0.752,0.734,0.018
1,mahalanobis_diag,mean_std_2.0,nearest_sphere,none,0.0,0.5777616700531798,0.622,0.752,0.726,0.026
1,mahalanobis_diag,mean_std_2.0,nearest_sphere,none,0.25,0.5777616700531798,0.622,0.752,0.726,0.026
1,mahalanobis_diag,mean_std_2.0,nearest_sphere,none,0.5,0.5777616700531798,0.622,0.752,0.726,0.026
1,mahalanobis_diag,mean_std_2.0,nearest_sphere,none,1.0,0.5777616700531798,0.622,0.752,0.726,0.026
1,mahalanobis_diag,mean_std_2.0,nearest_sphere,none,2.0,0.5777616700531798,0.622,0.752,0.726,0.026
1,mahalanobis_diag,mean_std_2.0,nearest_sphere,ratio,0.0,0.5777616700531798,0.622,0.752,0.726,0.026
1,mahalanobis_diag,mean_std_2.0,nearest_sphere,ratio,0.25,0.6764558690973702,0.642,0.752,0.73,0.022
1,mahalanobis_diag,mean_std_2.0,nearest_sphere,ratio,0.5,0.7975786948571456,0.652,0.752,0.732,0.02
1,mahalanobis_diag,mean_std_2.0,nearest_sphere,ratio,1.0,1.0107319096170522,0.652,0.752,0.732,0.02
1,mahalanobis_diag,mean_std_2.0,nearest_sphere,ratio,2.0,1.4325443910754263,0.652,0.752,0.732,0.02
1,mahalanobis_diag,mean_std_2.0,nearest_sphere,inverse_margin,0.0,0.5777616700531798,0.622,0.752,0.726,0.026
1,mahalanobis_diag,mean_std_2.0,nearest_sphere,inverse_margin,0.25,0.7744417334110141,0.652,0.752,0.732,0.02
1,mahalanobis_diag,mean_std_2.0,nearest_sphere,inverse_margin,0.5,0.9580348016972219,0.652,0.752,0.732,0.02
1,mahalanobis_diag,mean_std_2.0,nearest_sphere,inverse_margin,1.0,1.3431156323246303,0.662,0.752,0.734,0.018
1,mahalanobis_diag,mean_std_2.0,nearest_sphere,inverse_margin,2.0,2.1650052711580394,0.662,0.752,0.734,0.018
1,mahalanobis_diag,mean_std_2.0,nearest_sphere,max_ratio,0.0,0.5777616700531798,0.622,0.752,0.726,0.026
1,mahalanobis_diag,mean_std_2.0,nearest_sphere,max_ratio,0.25,0.5777616700531798,0.622,0.752,0.726,0.026
1,mahalanobis_diag,mean_std_2.0,nearest_sphere,max_ratio,0.5,0.5777616700531798,0.622,0.752,0.726,0.026
1,mahalanobis_diag,mean_std_2.0,nearest_sphere,max_ratio,1.0,0.5923968927582066,0.642,0.752,0.73,0.022
1,mahalanobis_diag,mean_std_2.0,nearest_sphere,max_ratio,2.0,0.8708043052501998,0.662,0.752,0.734,0.018
1,mahalanobis_diag,mean_std_2.0,normalized_union,none,0.0,0.5777616700531798,0.622,0.752,0.726,0.026
1,mahalanobis_diag,mean_std_2.0,normalized_union,none,0.25,0.5777616700531798,0.622,0.752,0.726,0.026
1,mahalanobis_diag,mean_std_2.0,normalized_union,none,0.5,0.5777616700531798,0.622,0.752,0.726,0.026
1,mahalanobis_diag,mean_std_2.0,normalized_union,none,1.0,0.5777616700531798,0.622,0.752,0.726,0.026
1,mahalanobis_diag,mean_std_2.0,normalized_union,none,2.0,0.5777616700531798,0.622,0.752,0.726,0.026
1,mahalanobis_diag,mean_std_2.0,normalized_union,ratio,0.0,0.5777616700531798,0.622,0.752,0.726,0.026
1,mahalanobis_diag,mean_std_2.0,normalized_union,ratio,0.25,0.6764558690973702,0.642,0.752,0.73,0.022
1,mahalanobis_diag,mean_std_2.0,normalized_union,ratio,0.5,0.7975786948571456,0.652,0.752,0.732,0.02
1,mahalanobis_diag,mean_std_2.0,normalized_union,ratio,1.0,1.0107319096170522,0.652,0.752,0.732,0.02
1,mahalanobis_diag,mean_std_2.0,normalized_union,ratio,2.0,1.4325443910754263,0.652,0.752,0.732,0.02
1,mahalanobis_diag,mean_std_2.0,normalized_union,inverse_margin,0.0,0.5777616700531798,0.622,0.752,0.726,0.026
1,mahalanobis_diag,mean_std_2.0,normalized_union,inverse_margin,0.25,0.7744417334110141,0.652,0.752,0.732,0.02
1,mahalanobis_diag,mean_std_2.0,normalized_union,inverse_margin,0.5,0.9580348016972219,0.652,0.752,0.732,0.02
1,mahalanobis_diag,mean_std_2.0,normalized_union,inverse_margin,1.0,1.3431156323246303,0.662,0.752,0.734,0.018
1,mahalanobis_diag,mean_std_2.0,normalized_union,inverse_margin,2.0,2.1650052711580394,0.662,0.752,0.734,0.018
1,mahalanobis_diag,mean_std_2.0,normalized_union,max_ratio,0.0,0.5777616700531798,0.622,0.752,0.726,0.026
1,mahalanobis_diag,mean_std_2.0,normalized_union,max_ratio,0.25,0.5777616700531798,0.622,0.752,0.726,0.026
1,mahalanobis_diag,mean_std_2.0,normalized_union,max_ratio,0.5,0.5777616700531798,0.622,0.752,0.726,0.026
1,mahalanobis_diag,mean_std_2.0,normalized_union,max_ratio,1.0,0.5923968927582066,0.642,0.752,0.73,0.022
1,mahalanobis_diag,mean_std_2.0,normalized_union,max_ratio,2.0,0.8708043052501998,0.662,0.752,0.734,0.018
1,mahalanobis_diag,mean_std_3.0,nearest_sphere,none,0.0,0.46622599911706314,0.622,0.752,0.726,0.026
1,mahalanobis_diag,mean_std_3.0,nearest_sphere,none,0.25,0.46622599911706314,0.622,0.752,0.726,0.026
1,mahalanobis_diag,mean_std_3.0,nearest_sphere,none,0.5,0.46622599911706314,0.622,0.752,0.726,0.026
1,mahalanobis_diag,mean_std_3.0,nearest_sphere,none,1.0,0.46622599911706314,0.622,0.752,0.726,0.026
1,mahalanobis_diag,mean_std_3.0,nearest_sphere,none,2.0,0.46622599911706314,0.622,0.752,0.726,0.026
1,mahalanobis_diag,mean_std_3.0,nearest_sphere,ratio,0.0,0.46622599911706314,0.622,0.752,0.726,0.026
1,mahalanobis_diag,mean_std_3.0,nearest_sphere,ratio,0.25,0.5666544534308169,0.642,0.752,0.73,0.022
1,mahalanobis_diag,mean_std_3.0,nearest_sphere,ratio,0.5,0.68349128376362,0.652,0.752,0.732,0.02
1,mahalanobis_diag,mean_std_3.0,nearest_sphere,ratio,1.0,0.8980398298071226,0.652,0.752,0.732,0.02
1,mahalanobis_diag,mean_std_3.0,nearest_sphere,ratio,2.0,1.3180634106021756,0.652,0.752,0.732,0.02
1,mahalanobis_diag,mean_std_3.0,nearest_sphere,inverse_margin,0.0,0.46622599911706314,0.622,0.752,0.726,0.026
1,mahalanobis_diag,mean_std_3.0,nearest_sphere,inverse_margin,0.25,0.6576978185511584,0.652,0.752,0.732,0.02
1,mahalanobis_diag,mean_std_3.0,nearest_sphere,inverse_margin,0.5,0.8443220465415684,0.652,0.752,0.732,0.02
1,mahalanobis_diag,mean_std_3.0,nearest_sphere,inverse_margin,1.0,1.2416023742280304,0.662,0.752,0.734,0.018
1,mahalanobis_diag,mean_std_3.0,nearest_sphere,inverse_margin,2.0,2.049475147973127,0.662,0.752,0.734,0.018
1,mahalanobis_diag,mean_std_3.0,nearest_sphere,max_ratio,0.0,0.46622599911706314,0.622,0.752,0.726,0.026
1,mahalanobis_diag,mean_std_3.0,nearest_sphere,max_ratio,0.25,0.46622599911706314,0.622,0.752,0.726,0.026
1,mahalanobis_diag,mean_std_3.0,nearest_sphere,max_ratio,0.5,0.46622599911706314,0.622,0.752,0.726,0.026
1,mahalanobis_diag,mean_std_3.0,nearest_sphere,max_ratio,1.0,0.49909183959620873,0.652,0.752,0.732,0.02
1,mahalanobis_diag,mean_std_3.0,nearest_sphere,max_ratio,2.0,0.8708043052501998,0.662,0.752,0.734,0.018
1,mahalanobis_diag,mean_std_3.0,normalized_union,none,0.0,0.46622599911706314,0.622,0.752,0.726,0.026
1,mahalanobis_diag,mean_std_3.0,normalized_union,none,0.25,0.46622599911706314,0.622,0.752,0.726,0.026
1,mahalanobis_diag,mean_std_3.0,normalized_union,none,0.5,0.46622599911706314,0.622,0.752,0.726,0.026
1,mahalanobis_diag,mean_std_3.0,normalized_union,none,1.0,0.46622599911706314,0.622,0.752,0.726,0.026
1,mahalanobis_diag,mean_std_3.0,normalized_union,none,2.0,0.46622599911706314,0.622,0.752,0.726,0.026
1,mahalanobis_diag,mean_std_3.0,normalized_union,ratio,0.0,0.46622599911706314,0.622,0.752,0.726,0.026
1,mahalanobis_diag,mean_std_3.0,normalized_union,ratio,0.25,0.5666544534308169,0.642,0.752,0.73,0.022
1,mahalanobis_diag,mean_std_3.0,normalized_union,ratio,0.5,0.68349128376362,0.652,0.752,0.732,0.02
1,mahalanobis_diag,mean_std_3.0,normalized_union,ratio,1.0,0.8980398298071226,0.652,0.752,0.732,0.02
1,mahalanobis_diag,mean_std_3.0,normalized_union,ratio,2.0,1.3180634106021756,0.652,0.752,0.732,0.02
1,mahalanobis_diag,mean_std_3.0,normalized_union,inverse_margin,0.0,0.46622599911706314,0.622,0.752,0.726,0.026
1,mahalanobis_diag,mean_std_3.0,normalized_union,inverse_margin,0.25,0.6576978185511584,0.652,0.752,0.732,0.02
1,mahalanobis_diag,mean_std_3.0,normalized_union,inverse_margin,0.5,0.8443220465415684,0.652,0.752,0.732,0.02
1,mahalanobis_diag,mean_std_3.0,normalized_union,inverse_margin,1.0,1.2416023742280304,0.662,0.752,0.734,0.018
1,mahalanobis_diag,mean_std_3.0,normalized_union,inverse_margin,2.0,2.049475147973127,0.662,0.752,0.734,0.018
1,mahalanobis_diag,mean_std_3.0,normalized_union,max_ratio,0.0,0.46622599911706314,0.622,0.752,0.726,0.026
1,mahalanobis_diag,mean_std_3.0,normalized_union,max_ratio,0.25,0.46622599911706314,0.622,0.752,0.726,0.026
1,mahalanobis_diag,mean_std_3.0,normalized_union,max_ratio,0.5,0.46622599911706314,0.622,0.752,0.726,0.026
1,mahalanobis_diag,mean_std_3.0,normalized_union,max_ratio,1.0,0.49909183959620873,0.652,0.752,0.732,0.02
1,mahalanobis_diag,mean_std_3.0,normalized_union,max_ratio,2.0,0.8708043052501998,0.662,0.752,0.734,0.018
1,mahalanobis_diag,center_quantile_0.5,nearest_sphere,none,0.0,1.313063718013557,0.602,0.752,0.722,0.03
1,mahalanobis_diag,center_quantile_0.5,nearest_sphere,none,0.25,1.313063718013557,0.602,0.752,0.722,0.03
1,mahalanobis_diag,center_quantile_0.5,nearest_sphere,none,0.5,1.313063718013557,0.602,0.752,0.722,0.03
1,mahalanobis_diag,center_quantile_0.5,nearest_sphere,none,1.0,1.313063718013557,0.602,0.752,0.722,0.03
1,mahalanobis_diag,center_quantile_0.5,nearest_sphere,none,2.0,1.313063718013557,0.602,0.752,0.722,0.03
1,mahalanobis_diag,center_quantile_0.5,nearest_sphere,ratio,0.0,1.313063718013557,0.602,0.752,0.722,0.03
1,mahalanobis_diag,center_quantile_0.5,nearest_sphere,ratio,0.25,1.434141394477767,0.622,0.752,0.726,0.026
1,mahalanobis_diag,center_quantile_0.5,nearest_sphere,ratio,0.5,1.5267211769572973,0.632,0.752,0.728,0.024
1,mahalanobis_diag,center_quantile_0.5,nearest_sphere,ratio,1.0,1.7183462977860056,0.632,0.752,0.728,0.024
1,mahalanobis_diag,center_quantile_0.5,nearest_sphere,ratio,2.0,2.199729685624918,0.652,0.752,0.732,0.02
1,mahalanobis_diag,center_quantile_0.5,nearest_sphere,inverse_margin,0.0,1.313063718013557,0.602,0.752,0.722,0.03
1,mahalanobis_diag,center_quantile_0.5,nearest_sphere,inverse_margin,0.25,1.4984044086350692,0.632,0.752,0.728,0.024
1,mahalanobis_diag,center_quantile_0.5,nearest_sphere,inverse_margin,0.5,1.7282036253351256,0.652,0.752,0.732,0.02
1,mahalanobis_diag,center_quantile_0.5,nearest_sphere,inverse_margin,1.0,2.0855999818003843,0.652,0.752,0.732,0.02
1,mahalanobis_diag,center_quantile_0.5,nearest_sphere,inverse_margin,2.0,2.886128702601442,0.662,0.752,0.734,0.018
1,mahalanobis_diag,center_quantile_0.5,nearest_sphere,max_ratio,0.0,1.313063718013557,0.602,0.752,0.722,0.03
1,mahalanobis_diag,center_quantile_0.5,nearest_sphere,max_ratio,0.25,1.313063718013557,0.602,0.752,0.722,0.03
1,mahalanobis_diag,center_quantile_0.5,nearest_sphere,max_ratio,0.5,1.313063718013557,0.602,0.752,0.722,0.03
1,mahalanobis_diag,center_quantile_0.5,nearest_sphere,max_ratio,1.0,1.313063718013557,0.602,0.752,0.722,0.03
1,mahalanobis_diag,center_quantile_0.5,nearest_sphere,max_ratio,2.0,1.3261815595163762,0.612,0.752,0.724,0.028
1,mahalanobis_diag,center_quantile_0.5,normalized_union,none,0.0,1.313063718013557,0.602,0.752,0.722,0.03
1,mahalanobis_diag,center_quantile_0.5,normalized_union,none,0.25,1.313063718013557,0.602,0.752,0.722,0.03
1,mahalanobis_diag,center_quantile_0.5,normalized_union,none,0.5,1.313063718013557,0.602,0.752,0.722,0.03
1,mahalanobis_diag,center_quantile_0.5,normalized_union,none,1.0,1.313063718013557,0.602,0.752,0.722,0.03
1,mahalanobis_diag,center_quantile_0.5,normalized_union,none,2.0,1.313063718013557,0.602,0.752,0.722,0.03
1,mahalanobis_diag,center_quantile_0.5,normalized_union,ratio,0.0,1.313063718013557,0.602,0.752,0.722,0.03
1,mahalanobis_diag,center_quantile_0.5,normalized_union,ratio,0.25,1.434141394477767,0.622,0.752,0.726,0.026
1,mahalanobis_diag,center_quantile_0.5,normalized_union,ratio,0.5,1.5267211769572973,0.632,0.752,0.728,0.024
1,mahalanobis_diag,center_quantile_0.5,normalized_union,ratio,1.0,1.7183462977860056,0.632,0.752,0.728,0.024
1,mahalanobis_diag,center_quantile_0.5,normalized_union,ratio,2.0,2.199729685624918,0.652,0.752,0.732,0.02
1,mahalanobis_diag,center_quantile_0.5,normalized_union,inverse_margin,0.0,1.313063718013557,0.602,0.752,0.722,0.03
1,mahalanobis_diag,center_quantile_0.5,normalized_union,inverse_margin,0.25,1.4984044086350692,0.632,0.752,0.728,0.024
1,mahalanobis_diag,center_quantile_0.5,normalized_union,inverse_margin,0.5,1.7282036253351256,0.652,0.752,0.732,0.02
1,mahalanobis_diag,center_quantile_0.5,normalized_union,inverse_margin,1.0,2.0855999818003843,0.652,0.752,0.732,0.02
1,mahalanobis_diag,center_quantile_0.5,normalized_union,inverse_margin,2.0,2.886128702601442,0.662,0.752,0.734,0.018
1,mahalanobis_diag,center_quantile_0.5,normalized_union,max_ratio,0.0,1.313063718013557,0.602,0.752,0.722,0.03
1,mahalanobis_diag,center_quantile_0.5,normalized_union,max_ratio,0.25,1.313063718013557,0.602,0.752,0.722,0.03
1,mahalanobis_diag,center_quantile_0.5,normalized_union,max_ratio,0.5,1.313063718013557,0.602,0.752,0.722,0.03
1,mahalanobis_diag,center_quantile_0.5,normalized_union,max_ratio,1.0,1.313063718013557,0.602,0.752,0.722,0.03
1,mahalanobis_diag,center_quantile_0.5,normalized_union,max_ratio,2.0,1.3261815595163762,0.612,0.752,0.724,0.028
1,mahalanobis_diag,intent_quantile_0.5,nearest_sphere,none,0.0,1.3227484201896973,0.612,0.752,0.724,0.028
1,mahalanobis_diag,intent_quantile_0.5,nearest_sphere,none,0.25,1.3227484201896973,0.612,0.752,0.724,0.028
1,mahalanobis_diag,intent_quantile_0.5,nearest_sphere,none,0.5,1.3227484201896973,0.612,0.752,0.724,0.028
1,mahalanobis_diag,intent_quantile_0.5,nearest_sphere,none,1.0,1.3227484201896973,0.612,0.752,0.724,0.028
1,mahalanobis_diag,intent_quantile_0.5,nearest_sphere,none,2.0,1.3227484201896973,0.612,0.752,0.724,0.028
1,mahalanobis_diag,intent_quantile_0.5,nearest_sphere,ratio,0.0,1.3227484201896973,0.612,0.752,0.724,0.028
1,mahalanobis_diag,intent_quantile_0.5,nearest_sphere,ratio,0.25,1.443588083595678,0.622,0.752,0.726,0.026
1,mahalanobis_diag,intent_quantile_0.5,nearest_sphere,ratio,0.5,1.541235972071659,0.632,0.752,0.728,0.024
1,mahalanobis_diag,intent_quantile_0.5,nearest_sphere,ratio,1.0,1.7433460749009806,0.632,0.752,0.728,0.024
1,mahalanobis_diag,intent_quantile_0.5,nearest_sphere,ratio,2.0,2.2013160267021363,0.652,0.752,0.732,0.02
1,mahalanobis_diag,intent_quantile_0.5,nearest_sphere,inverse_margin,0.0,1.3227484201896973,0.612,0.752,0.724,0.028
1,mahalanobis_diag,intent_quantile_0.5,nearest_sphere,inverse_margin,0.25,1.5147999413195279,0.632,0.752,0.728,0.024
1,mahalanobis_diag,intent_quantile_0.5,nearest_sphere,inverse_margin,0.5,1.741272269883995,0.652,0.752,0.732,0.02
1,mahalanobis_diag,intent_quantile_0.5,nearest_sphere,inverse_margin,1.0,2.0868636260430122,0.652,0.752,0.732,0.02
1,mahalanobis_diag,intent_quantile_0.5,nearest_sphere,inverse_margin,2.0,2.8877521638900303,0.662,0.752,0.734,0.018
1,mahalanobis_diag,intent_quantile_0.5,nearest_sphere,max_ratio,0.0,1.3227484201896973,0.612,0.752,0.724,0.028
1,mahalanobis_diag,intent_quantile_0.5,nearest_sphere,max_ratio,0.25,1.3227484201896973,0.612,0.752,0.724,0.028
1,mahalanobis_diag,intent_quantile_0.5,nearest_sphere,max_ratio,0.5,1.3227484201896973,0.612,0.752,0.724,0.028
1,mahalanobis_diag,intent_quantile_0.5,nearest_sphere,max_ratio,1.0,1.3227484201896973,0.612,0.752,0.724,0.028
1,mahalanobis_diag,intent_quantile_0.5,nearest_sphere,max_ratio,2.0,1.3572836433955995,0.622,0.752,0.726,0.026
1,mahalanobis_diag,intent_quantile_0.5,normalized_union,none,0.0,1.3227484201896973,0.612,0.752,0.724,0.028
1,mahalanobis_diag,intent_quantile_0.5,normalized_union,none,0.25,1.3227484201896973,0.612,0.752,0.724,0.028
1,mahalanobis_diag,intent_quantile_0.5,normalized_union,none,0.5,1.3227484201896973,0.612,0.752,0.724,0.028
1,mahalanobis_diag,intent_quantile_0.5,normalized_union,none,1.0,1.3227484201896973,0.612,0.752,0.724,0.028
1,mahalanobis_diag,intent_quantile_0.5,normalized_union,none,2.0,1.3227484201896973,0.612,0.752,0.724,0.028
1,mahalanobis_diag,intent_quantile_0.5,normalized_union,ratio,0.0,1.3227484201896973,0.612,0.752,0.724,0.028
1,mahalanobis_diag,intent_quantile_0.5,normalized_union,ratio,0.25,1.443588083595678,0.622,0.752,0.726,0.026
1,mahalanobis_diag,intent_quantile_0.5,normalized_union,ratio,0.5,1.541235972071659,0.632,0.752,0.728,0.024
1,mahalanobis_diag,intent_quantile_0.5,normalized_union,ratio,1.0,1.7433460749009806,0.632,0.752,0.728,0.024
1,mahalanobis_diag,intent_quantile_0.5,normalized_union,ratio,2.0,2.2013160267021363,0.652,0.752,0.732,0.02
1,mahalanobis_diag,intent_quantile_0.5,normalized_union,inverse_margin,0.0,1.3227484201896973,0.612,0.752,0.724,0.028
1,mahalanobis_diag,intent_quantile_0.5,normalized_union,inverse_margin,0.25,1.5147999413195279,0.632,0.752,0.728,0.024
1,mahalanobis_diag,intent_quantile_0.5,normalized_union,inverse_margin,0.5,1.741272269883995,0.652,0.752,0.732,0.02
1,mahalanobis_diag,intent_quantile_0.5,normalized_union,inverse_margin,1.0,2.0868636260430122,0.652,0.752,0.732,0.02
1,mahalanobis_diag,intent_quantile_0.5,normalized_union,inverse_margin,2.0,2.8877521638900303,0.662,0.752,0.734,0.018
1,mahalanobis_diag,intent_quantile_0.5,normalized_union,max_ratio,0.0,1.3227484201896973,0.612,0.752,0.724,0.028
1,mahalanobis_diag,intent_quantile_0.5,normalized_union,max_ratio,0.25,1.3227484201896973,0.612,0.752,0.724,0.028
1,mahalanobis_diag,intent_quantile_0.5,normalized_union,max_ratio,0.5,1.3227484201896973,0.612,0.752,0.724,0.028
1,mahalanobis_diag,intent_quantile_0.5,normalized_union,max_ratio,1.0,1.3227484201896973,0.612,0.752,0.724,0.028
1,mahalanobis_diag,intent_quantile_0.5,normalized_union,max_ratio,2.0,1.3572836433955995,0.622,0.752,0.726,0.026
1,mahalanobis_diag,center_quantile_0.7,nearest_sphere,none,0.0,1.0483277284942287,0.602,0.752,0.722,0.03
1,mahalanobis_diag,center_quantile_0.7,nearest_sphere,none,0.25,1.0483277284942287,0.602,0.752,0.722,0.03
1,mahalanobis_diag,center_quantile_0.7,nearest_sphere,none,0.5,1.0483277284942287,0.602,0.752,0.722,0.03
1,mahalanobis_diag,center_quantile_0.7,nearest_sphere,none,1.0,1.0483277284942287,0.602,0.752,0.722,0.03
1,mahalanobis_diag,center_quantile_0.7,nearest_sphere,none,2.0,1.0483277284942287,0.602,0.752,0.722,0.03
1,mahalanobis_diag,center_quantile_0.7,nearest_sphere,ratio,0.0,1.0483277284942287,0.602,0.752,0.722,0.03
1,mahalanobis_diag,center_quantile_0.7,nearest_sphere,ratio,0.25,1.168683997338681,0.622,0.752,0.726,0.026
1,mahalanobis_diag,center_quantile_0.7,nearest_sphere,ratio,0.5,1.263150651301286,0.622,0.752,0.726,0.026
1,mahalanobis_diag,center_quantile_0.7,nearest_sphere,ratio,1.0,1.4716190853673414,0.642,0.752,0.73,0.022
1,mahalanobis_diag,center_quantile_0.7,nearest_sphere,ratio,2.0,1.8891331397454325,0.652,0.752,0.732,0.02
1,mahalanobis_diag,center_quantile_0.7,nearest_sphere,inverse_margin,0.0,1.0483277284942287,0.602,0.752,0.722,0.03
1,mahalanobis_diag,center_quantile_0.7,nearest_sphere,inverse_margin,0.25,1.253419057021784,0.642,0.752,0.73,0.022
1,mahalanobis_diag,center_quantile_0.7,nearest_sphere,inverse_margin,0.5,1.4607647902715875,0.652,0.752,0.732,0.02
1,mahalanobis_diag,center_quantile_0.7,nearest_sphere,inverse_margin,1.0,1.7927487829581774,0.652,0.752,0.732,0.02
1,mahalanobis_diag,center_quantile_0.7,nearest_sphere,inverse_margin,2.0,2.5697608110826184,0.662,0.752,0.734,0.018
1,mahalanobis_diag,center_quantile_0.7,nearest_sphere,max_ratio,0.0,1.0483277284942287,0.602,0.752,0.722,0.03
1,mahalanobis_diag,center_quantile_0.7,nearest_sphere,max_ratio,0.25,1.0483277284942287,0.602,0.752,0.722,0.03
1,mahalanobis_diag,center_quantile_0.7,nearest_sphere,max_ratio,0.5,1.0483277284942287,0.602,0.752,0.722,0.03
1,mahalanobis_diag,center_quantile_0.7,nearest_sphere,max_ratio,1.0,1.0483277284942287,0.602,0.752,0.722,0.03
1,mahalanobis_diag,center_quantile_0.7,nearest_sphere,max_ratio,2.0,1.1161377351150104,0.642,0.752,0.73,0.022
1,mahalanobis_diag,center_quantile_0.7,normalized_union,none,0.0,1.0483277284942287,0.602,0.752,0.722,0.03
1,mahalanobis_diag,center_quantile_0.7,normalized_union,none,0.25,1.0483277284942287,0.602,0.752,0.722,0.03
1,mahalanobis_diag,center_quantile_0.7,normalized_union,none,0.5,1.0483277284942287,0.602,0.752,0.722,0.03
1,mahalanobis_diag,center_quantile_0.7,normalized_union,none,1.0,1.0483277284942287,0.602,0.752,0.722,0.03
1,mahalanobis_diag,center_quantile_0.7,normalized_union,none,2.0,1.0483277284942287,0.602,0.752,0.722,0.03
1,mahalanobis_diag,center_quantile_0.7,normalized_union,ratio,0.0,1.0483277284942287,0.602,0.752,0.722,0.03
1,mahalanobis_diag,center_quantile_0.7,normalized_union,ratio,0.25,1.168683997338681,0.622,0.752,0.726,0.026
1,mahalanobis_diag,center_quantile_0.7,normalized_union,ratio,0.5,1.263150651301286,0.622,0.752,0.726,0.026
1,mahalanobis_diag,center_quantile_0.7,normalized_union,ratio,1.0,1.4716190853673414,0.642,0.752,0.73,0.022
1,mahalanobis_diag,center_quantile_0.7,normalized_union,ratio,2.0,1.8891331397454325,0.652,0.752,0.732,0.02
1,mahalanobis_diag,center_quantile_0.7,normalized_union,inverse_margin,0.0,1.0483277284942287,0.602,0.752,0.722,0.03
1,mahalanobis_diag,center_quantile_0.7,normalized_union,inverse_margin,0.25,1.253419057021784,0.642,0.752,0.73,0.022
1,mahalanobis_diag,center_quantile_0.7,normalized_union,inverse_margin,0.5,1.4607647902715875,0.652,0.752,0.732,0.02
1,mahalanobis_diag,center_quantile_0.7,normalized_union,inverse_margin,1.0,1.7927487829581774,0.652,0.752,0.732,0.02
1,mahalanobis_diag,center_quantile_0.7,normalized_union,inverse_margin,2.0,2.5697608110826184,0.662,0.752,0.734,0.018
1,mahalanobis_diag,center_quantile_0.7,normalized_union,max_ratio,0.0,1.0483277284942287,0.602,0.752,0.722,0.03
1,mahalanobis_diag,center_quantile_0.7,normalized_union,max_ratio,0.25,1.0483277284942287,0.602,0.752,0.722,0.03
1,mahalanobis_diag,center_quantile_0.7,normalized_union,max_ratio,0.5,1.0483277284942287,0.602,0.752,0.722,0.03
1,mahalanobis_diag,center_quantile_0.7,normalized_union,max_ratio,1.0,1.0483277284942287,0.602,0.752,0.722,0.03
1,mahalanobis_diag,center_quantile_0.7,normalized_union,max_ratio,2.0,1.1161377351150104,0.642,0.752,0.73,0.022
1,mahalanobis_diag,intent_quantile_0.7,nearest_sphere,none,0.0,1.0754442531241857,0.612,0.752,0.724,0.028
1,mahalanobis_diag,intent_quantile_0.7,nearest_sphere,none,0.25,1.0754442531241857,0.612,0.752,0.724,0.028
1,mahalanobis_diag,intent_quantile_0.7,nearest_sphere,none,0.5,1.0754442531241857,0.612,0.752,0.724,0.028
1,mahalanobis_diag,intent_quantile_0.7,nearest_sphere,none,1.0,1.0754442531241857,0.612,0.752,0.724,0.028
1,mahalanobis_diag,intent_quantile_0.7,nearest_sphere,none,2.0,1.0754442531241857,0.612,0.752,0.724,0.028
1,mahalanobis_diag,intent_quantile_0.7,nearest_sphere,ratio,0.0,1.0754442531241857,0.612,0.752,0.724,0.028
1,mahalanobis_diag,intent_quantile_0.7,nearest_sphere,ratio,0.25,1.1869317038583667,0.622,0.752,0.726,0.026
1,mahalanobis_diag,intent_quantile_0.7,nearest_sphere,ratio,0.5,1.275231941725953,0.622,0.752,0.726,0.026
1,mahalanobis_diag,intent_quantile_0.7,nearest_sphere,ratio,1.0,1.5002620938954592,0.642,0.752,0.73,0.022
1,mahalanobis_diag,intent_quantile_0.7,nearest_sphere,ratio,2.0,1.9137434142269978,0.652,0.752,0.732,0.02
1,mahalanobis_diag,intent_quantile_0.7,nearest_sphere,inverse_margin,0.0,1.0754442531241857,0.612,0.752,0.724,0.028
1,mahalanobis_diag,intent_quantile_0.7,nearest_sphere,inverse_margin,0.25,1.2661207649138722,0.642,0.752,0.73,0.022
1,mahalanobis_diag,intent_quantile_0.7,nearest_sphere,inverse_margin,0.5,1.4675928490863033,0.652,0.752,0.732,0.02
1,mahalanobis_diag,intent_quantile_0.7,nearest_sphere,inverse_margin,1.0,1.8289106201532719,0.652,0.752,0.732,0.02
1,mahalanobis_diag,intent_quantile_0.7,nearest_sphere,inverse_margin,2.0,2.598993035228966,0.662,0.752,0.734,0.018
1,mahalanobis_diag,intent_quantile_0.7,nearest_sphere,max_ratio,0.0,1.0754442531241857,0.612,0.752,0.724,0.028
1,mahalanobis_diag,intent_quantile_0.7,nearest_sphere,max_ratio,0.25,1.0754442531241857,0.612,0.752,0.724,0.028
1,mahalanobis_diag,intent_quantile_0.7,nearest_sphere,max_ratio,0.5,1.0754442531241857,0.612,0.752,0.724,0.028
1,mahalanobis_diag,intent_quantile_0.7,nearest_sphere,max_ratio,1.0,1.0754442531241857,0.612,0.752,0.724,0.028
1,mahalanobis_diag,intent_quantile_0.7,nearest_sphere,max_ratio,2.0,1.1243901366933624,0.642,0.752,0.73,0.022
1,mahalanobis_diag,intent_quantile_0.7,normalized_union,none,0.0,1.0754442531241857,0.612,0.752,0.724,0.028
1,mahalanobis_diag,intent_quantile_0.7,normalized_union,none,0.25,1.0754442531241857,0.612,0.752,0.724,0.028
1,mahalanobis_diag,intent_quantile_0.7,normalized_union,none,0.5,1.0754442531241857,0.612,0.752,0.724,0.028
1,mahalanobis_diag,intent_quantile_0.7,normalized_union,none,1.0,1.0754442531241857,0.612,0.752,0.724,0.028
1,mahalanobis_diag,intent_quantile_0.7,normalized_union,none,2.0,1.0754442531241857,0.612,0.752,0.724,0.028
1,mahalanobis_diag,intent_quantile_0.7,normalized_union,ratio,0.0,1.0754442531241857,0.612,0.752,0.724,0.028
1,mahalanobis_diag,intent_quantile_0.7,normalized_union,ratio,0.25,1.1869317038583667,0.622,0.752,0.726,0.026
1,mahalanobis_diag,intent_quantile_0.7,normalized_union,ratio,0.5,1.275231941725953,0.622,0.752,0.726,0.026
1,mahalanobis_diag,intent_quantile_0.7,normalized_union,ratio,1.0,1.5002620938954592,0.642,0.752,0.73,0.022
1,mahalanobis_diag,intent_quantile_0.7,normalized_union,ratio,2.0,1.9137434142269978,0.652,0.752,0.732,0.02
1,mahalanobis_diag,intent_quantile_0.7,normalized_union,inverse_margin,0.0,1.0754442531241857,0.612,0.752,0.724,0.028
1,mahalanobis_diag,intent_quantile_0.7,normalized_union,inverse_margin,0.25,1.2661207649138722,0.642,0.752,0.73,0.022
1,mahalanobis_diag,intent_quantile_0.7,normalized_union,inverse_margin,0.5,1.4675928490863033,0.652,0.752,0.732,0.02
1,mahalanobis_diag,intent_quantile_0.7,normalized_union,inverse_margin,1.0,1.8289106201532719,0.652,0.752,0.732,0.02
1,mahalanobis_diag,intent_quantile_0.7,normalized_union,inverse_margin,2.0,2.598993035228966,0.662,0.752,0.734,0.018
1,mahalanobis_diag,intent_quantile_0.7,normalized_union,max_ratio,0.0,1.0754442531241857,0.612,0.752,0.724,0.028
1,mahalanobis_diag,intent_quantile_0.7,normalized_union,max_ratio,0.25,1.0754442531241857,0.612,0.752,0.724,0.028
1,mahalanobis_diag,intent_quantile_0.7,normalized_union,max_ratio,0.5,1.0754442531241857,0.612,0.752,0.724,0.028
1,mahalanobis_diag,intent_quantile_0.7,normalized_union,max_ratio,1.0,1.0754442531241857,0.612,0.752,0.724,0.028
1,mahalanobis_diag,intent_quantile_0.7,normalized_union,max_ratio,2.0,1.1243901366933624,0.642,0.752,0.73,0.022
1,mahalanobis_diag,center_quantile_0.8,nearest_sphere,none,0.0,0.866483388909013,0.592,0.752,0.72,0.032
1,mahalanobis_diag,center_quantile_0.8,nearest_sphere,none,0.25,0.866483388909013,0.592,0.752,0.72,0.032
1,mahalanobis_diag,center_quantile_0.8,nearest_sphere,none,0.5,0.866483388909013,0.592,0.752,0.72,0.032
1,mahalanobis_diag,center_quantile_0.8,nearest_sphere,none,1.0,0.866483388909013,0.592,0.752,0.72,0.032
1,mahalanobis_diag,center_quantile_0.8,nearest_sphere,none,2.0,0.866483388909013,0.592,0.752,0.72,0.032
1,mahalanobis_diag,center_quantile_0.8,nearest_sphere,ratio,0.0,0.866483388909013,0.592,0.752,0.72,0.032
1,mahalanobis_diag,center_quantile_0.8,nearest_sphere,ratio,0.25,0.9842809535585979,0.622,0.752,0.726,0.026
1,mahalanobis_diag,center_quantile_0.8,nearest_sphere,ratio,0.5,1.0998510725971202,0.622,0.752,0.726,0.026
1,mahalanobis_diag,center_quantile_0.8,nearest_sphere,ratio,1.0,1.3155370445330345,0.642,0.752,0.73,0.022
1,mahalanobis_diag,center_quantile_0.8,nearest_sphere,ratio,2.0,1.7073300601467198,0.652,0.752,0.732,0.02
1,mahalanobis_diag,center_quantile_0.8,nearest_sphere,inverse_margin,0.0,0.866483388909013,0.592,0.752,0.72,0.032
1,mahalanobis_diag,center_quantile_0.8,nearest_sphere,inverse_margin,0.25,1.110917351873621,0.632,0.752,0.728,0.024
1,mahalanobis_diag,center_quantile_0.8,nearest_sphere,inverse_margin,0.5,1.2581853422776974,0.652,0.752,0.732,0.02
1,mahalanobis_diag,center_quantile_0.8,nearest_sphere,inverse_margin,1.0,1.6239823492099328,0.652,0.752,0.732,0.02
1,mahalanobis_diag,center_quantile_0.8,nearest_sphere,inverse_margin,2.0,2.3929658480211593,0.662,0.752,0.734,0.018
1,mahalanobis_diag,center_quantile_0.8,nearest_sphere,max_ratio,0.0,0.866483388909013,0.592,0.752,0.72,0.032
1,mahalanobis_diag,center_quantile_0.8,nearest_sphere,max_ratio,0.25,0.866483388909013,0.592,0.752,0.72,0.032
1,mahalanobis_diag,center_quantile_0.8,nearest_sphere,max_ratio,0.5,0.866483388909013,0.592,0.752,0.72,0.032
1,mahalanobis_diag,center_quantile_0.8,nearest_sphere,max_ratio,1.0,0.8694726871460444,0.602,0.752,0.722,0.03
1,mahalanobis_diag,center_quantile_0.8,nearest_sphere,max_ratio,2.0,1.0024232793342667,0.642,0.752,0.73,0.022
1,mahalanobis_diag,center_quantile_0.8,normalized_union,none,0.0,0.866483388909013,0.592,0.752,0.72,0.032
1,mahalanobis_diag,center_quantile_0.8,normalized_union,none,0.25,0.866483388909013,0.592,0.752,0.72,0.032
1,mahalanobis_diag,center_quantile_0.8,normalized_union,none,0.5,0.866483388909013,0.592,0.752,0.72,0.032
1,mahalanobis_diag,center_quantile_0.8,normalized_union,none,1.0,0.866483388909013,0.592,0.752,0.72,0.032
1,mahalanobis_diag,center_quantile_0.8,normalized_union,none,2.0,0.866483388909013,0.592,0.752,0.72,0.032
1,mahalanobis_diag,center_quantile_0.8,normalized_union,ratio,0.0,0.866483388909013,0.592,0.752,0.72,0.032
1,mahalanobis_diag,center_quantile_0.8,normalized_union,ratio,0.25,0.9842809535585979,0.622,0.752,0.726,0.026
1,mahalanobis_diag,center_quantile_0.8,normalized_union,ratio,0.5,1.0998510725971202,0.622,0.752,0.726,0.026
1,mahalanobis_diag,center_quantile_0.8,normalized_union,ratio,1.0,1.3155370445330345,0.642,0.752,0.73,0.022
1,mahalanobis_diag,center_quantile_0.8,normalized_union,ratio,2.0,1.7073300601467198,0.652,0.752,0.732,0.02
1,mahalanobis_diag,center_quantile_0.8,normalized_union,inverse_margin,0.0,0.866483388909013,0.592,0.752,0.72,0.032
1,mahalanobis_diag,center_quantile_0.8,normalized_union,inverse_margin,0.25,1.110917351873621,0.632,0.752,0.728,0.024
1,mahalanobis_diag,center_quantile_0.8,normalized_union,inverse_margin,0.5,1.2581853422776974,0.652,0.752,0.732,0.02
1,mahalanobis_diag,center_quantile_0.8,normalized_union,inverse_margin,1.0,1.6239823492099328,0.652,0.752,0.732,0.02
1,mahalanobis_diag,center_quantile_0.8,normalized_union,inverse_margin,2.0,2.3929658480211593,0.662,0.752,0.734,0.018
1,mahalanobis_diag,center_quantile_0.8,normalized_union,max_ratio,0.0,0.866483388909013,0.592,0.752,0.72,0.032
1,mahalanobis_diag,center_quantile_0.8,normalized_union,max_ratio,0.25,0.866483388909013,0.592,0.752,0.72,0.032
1,mahalanobis_diag,center_quantile_0.8,normalized_union,max_ratio,0.5,0.866483388909013,0.592,0.752,0.72,0.032
1,mahalanobis_diag,center_quantile_0.8,normalized_union,max_ratio,1.0,0.8694726871460444,0.602,0.752,0.722,0.03
1,mahalanobis_diag,center_quantile_0.8,normalized_union,max_ratio,2.0,1.0024232793342667,0.642,0.752,0.73,0.022
1,mahalanobis_diag,intent_quantile_0.8,nearest_sphere,none,0.0,0.9100829456149527,0.612,0.752,0.724,0.028
1,mahalanobis_diag,intent_quantile_0.8,nearest_sphere,none,0.25,0.9100829456149527,0.612,0.752,0.724,0.028
1,mahalanobis_diag,intent_quantile_0.8,nearest_sphere,none,0.5,0.9100829456149527,0.612,0.752,0.724,0.028
1,mahalanobis_diag,intent_quantile_0.8,nearest_sphere,none,1.0,0.9100829456149527,0.612,0.752,0.724,0.028
1,mahalanobis_diag,intent_quantile_0.8,nearest_sphere,none,2.0,0.9100829456149527,0.612,0.752,0.724,0.028
1,mahalanobis_diag,intent_quantile_0.8,nearest_sphere,ratio,0.0,0.9100829456149527,0.612,0.752,0.724,0.028
1,mahalanobis_diag,intent_quantile_0.8,nearest_sphere,ratio,0.25,1.0354604659601523,0.622,0.752,0.726,0.026
1,mahalanobis_diag,intent_quantile_0.8,nearest_sphere,ratio,0.5,1.1381041594034644,0.622,0.752,0.726,0.026
1,mahalanobis_diag,intent_quantile_0.8,nearest_sphere,ratio,1.0,1.3488059760603663,0.652,0.752,0.732,0.02
1,mahalanobis_diag,intent_quantile_0.8,nearest_sphere,ratio,2.0,1.7536179642391008,0.652,0.752,0.732,0.02
1,mahalanobis_diag,intent_quantile_0.8,nearest_sphere,inverse_margin,0.0,0.9100829456149527,0.612,0.752,0.724,0.028
1,mahalanobis_diag,intent_quantile_0.8,nearest_sphere,inverse_margin,0.25,1.1245357805240437,0.652,0.752,0.732,0.02
1,mahalanobis_diag,intent_quantile_0.8,nearest_sphere,inverse_margin,0.5,1.3009087359494214,0.652,0.752,0.732,0.02
1,mahalanobis_diag,intent_quantile_0.8,nearest_sphere,inverse_margin,1.0,1.6488956915027688,0.652,0.752,0.732,0.02
1,mahalanobis_diag,intent_quantile_0.8,nearest_sphere,inverse_margin,2.0,2.4374755882662678,0.662,0.752,0.734,0.018
1,mahalanobis_diag,intent_quantile_0.8,nearest_sphere,max_ratio,0.0,0.9100829456149527,0.612,0.752,0.724,0.028
1,mahalanobis_diag,intent_quantile_0.8,nearest_sphere,max_ratio,0.25,0.9100829456149527,0.612,0.752,0.724,0.028
1,mahalanobis_diag,intent_quantile_0.8,nearest_sphere,max_ratio,0.5,0.9100829456149527,0.612,0.752,0.724,0.028
1,mahalanobis_diag,intent_quantile_0.8,nearest_sphere,max_ratio,1.0,0.9100829456149527,0.612,0.752,0.724,0.028
1,mahalanobis_diag,intent_quantile_0.8,nearest_sphere,max_ratio,2.0,1.008723253733467,0.652,0.752,0.732,0.02
1,mahalanobis_diag,intent_quantile_0.8,normalized_union,none,0.0,0.9100829456149527,0.612,0.752,0.724,0.028
1,mahalanobis_diag,intent_quantile_0.8,normalized_union,none,0.25,0.9100829456149527,0.612,0.752,0.724,0.028
1,mahalanobis_diag,intent_quantile_0.8,normalized_union,none,0.5,0.9100829456149527,0.612,0.752,0.724,0.028
1,mahalanobis_diag,intent_quantile_0.8,normalized_union,none,1.0,0.9100829456149527,0.612,0.752,0.724,0.028
1,mahalanobis_diag,intent_quantile_0.8,normalized_union,none,2.0,0.9100829456149527,0.612,0.752,0.724,0.028
1,mahalanobis_diag,intent_quantile_0.8,normalized_union,ratio,0.0,0.9100829456149527,0.612,0.752,0.724,0.028
1,mahalanobis_diag,intent_quantile_0.8,normalized_union,ratio,0.25,1.0354604659601523,0.622,0.752,0.726,0.026
1,mahalanobis_diag,intent_quantile_0.8,normalized_union,ratio,0.5,1.1381041594034644,0.622,0.752,0.726,0.026
1,mahalanobis_diag,intent_quantile_0.8,normalized_union,ratio,1.0,1.3488059760603663,0.652,0.752,0.732,0.02
1,mahalanobis_diag,intent_quantile_0.8,normalized_union,ratio,2.0,1.7536179642391008,0.652,0.752,0.732,0.02
1,mahalanobis_diag,intent_quantile_0.8,normalized_union,inverse_margin,0.0,0.9100829456149527,0.612,0.752,0.724,0.028
1,mahalanobis_diag,intent_quantile_0.8,normalized_union,inverse_margin,0.25,1.1245357805240437,0.652,0.752,0.732,0.02
1,mahalanobis_diag,intent_quantile_0.8,normalized_union,inverse_margin,0.5,1.3009087359494214,0.652,0.752,0.732,0.02
1,mahalanobis_diag,intent_quantile_0.8,normalized_union,inverse_margin,1.0,1.6488956915027688,0.652,0.752,0.732,0.02
1,mahalanobis_diag,intent_quantile_0.8,normalized_union,inverse_margin,2.0,2.4374755882662678,0.662,0.752,0.734,0.018
1,mahalanobis_diag,intent_quantile_0.8,normalized_union,max_ratio,0.0,0.9100829456149527,0.612,0.752,0.724,0.028
1,mahalanobis_diag,intent_quantile_0.8,normalized_union,max_ratio,0.25,0.9100829456149527,0.612,0.752,0.724,0.028
1,mahalanobis_diag,intent_quantile_0.8,normalized_union,max_ratio,0.5,0.9100829456149527,0.612,0.752,0.724,0.028
1,mahalanobis_diag,intent_quantile_0.8,normalized_union,max_ratio,1.0,0.9100829456149527,0.612,0.752,0.724,0.028
1,mahalanobis_diag,intent_quantile_0.8,normalized_union,max_ratio,2.0,1.008723253733467,0.652,0.752,0.732,0.02
1,mahalanobis_diag,center_quantile_0.9,nearest_sphere,none,0.0,0.6695976124777882,0.612,0.752,0.724,0.028
1,mahalanobis_diag,center_quantile_0.9,nearest_sphere,none,0.25,0.6695976124777882,0.612,0.752,0.724,0.028
1,mahalanobis_diag,center_quantile_0.9,nearest_sphere,none,0.5,0.6695976124777882,0.612,0.752,0.724,0.028
1,mahalanobis_diag,center_quantile_0.9,nearest_sphere,none,1.0,0.6695976124777882,0.612,0.752,0.724,0.028
1,mahalanobis_diag,center_quantile_0.9,nearest_sphere,none,2.0,0.6695976124777882,0.612,0.752,0.724,0.028
1,mahalanobis_diag,center_quantile_0.9,nearest_sphere,ratio,0.0,0.6695976124777882,0.612,0.752,0.724,0.028
1,mahalanobis_diag,center_quantile_0.9,nearest_sphere,ratio,0.25,0.773033429977628,0.622,0.752,0.726,0.026
1,mahalanobis_diag,center_quantile_0.9,nearest_sphere,ratio,0.5,0.8854382225272712,0.652,0.752,0.732,0.02
1,mahalanobis_diag,center_quantile_0.9,nearest_sphere,ratio,1.0,1.0912741177546015,0.652,0.752,0.732,0.02
1,mahalanobis_diag,center_quantile_0.9,nearest_sphere,ratio,2.0,1.5172901999401993,0.652,0.752,0.732,0.02
1,mahalanobis_diag,center_quantile_0.9,nearest_sphere,inverse_margin,0.0,0.6695976124777882,0.612,0.752,0.724,0.028
1,mahalanobis_diag,center_quantile_0.9,nearest_sphere,inverse_margin,0.25,0.8632057835364476,0.652,0.752,0.732,0.02
1,mahalanobis_diag,center_quantile_0.9,nearest_sphere,inverse_margin,0.5,1.0466498839056924,0.652,0.752,0.732,0.02
1,mahalanobis_diag,center_quantile_0.9,nearest_sphere,inverse_margin,1.0,1.422565217727115,0.652,0.752,0.732,0.02
1,mahalanobis_diag,center_quantile_0.9,nearest_sphere,inverse_margin,2.0,2.2373468896777835,0.662,0.752,0.734,0.018
1,mahalanobis_diag,center_quantile_0.9,nearest_sphere,max_ratio,0.0,0.6695976124777882,0.612,0.752,0.724,0.028
1,mahalanobis_diag,center_quantile_0.9,nearest_sphere,max_ratio,0.25,0.6695976124777882,0.612,0.752,0.724,0.028
1,mahalanobis_diag,center_quantile_0.9,nearest_sphere,max_ratio,0.5,0.6695976124777882,0.612,0.752,0.724,0.028
1,mahalanobis_diag,center_quantile_0.9,nearest_sphere,max_ratio,1.0,0.6826707841845165,0.632,0.752,0.728,0.024
1,mahalanobis_diag,center_quantile_0.9,nearest_sphere,max_ratio,2.0,0.877446060890827,0.662,0.752,0.734,0.018
1,mahalanobis_diag,center_quantile_0.9,normalized_union,none,0.0,0.6695976124777882,0.612,0.752,0.724,0.028
1,mahalanobis_diag,center_quantile_0.9,normalized_union,none,0.25,0.6695976124777882,0.612,0.752,0.724,0.028
1,mahalanobis_diag,center_quantile_0.9,normalized_union,none,0.5,0.6695976124777882,0.612,0.752,0.724,0.028
1,mahalanobis_diag,center_quantile_0.9,normalized_union,none,1.0,0.6695976124777882,0.612,0.752,0.724,0.028
1,mahalanobis_diag,center_quantile_0.9,normalized_union,none,2.0,0.6695976124777882,0.612,0.752,0.724,0.028
1,mahalanobis_diag,center_quantile_0.9,normalized_union,ratio,0.0,0.6695976124777882,0.612,0.752,0.724,0.028
1,mahalanobis_diag,center_quantile_0.9,normalized_union,ratio,0.25,0.773033429977628,0.622,0.752,0.726,0.026
1,mahalanobis_diag,center_quantile_0.9,normalized_union,ratio,0.5,0.8854382225272712,0.652,0.752,0.732,0.02
1,mahalanobis_diag,center_quantile_0.9,normalized_union,ratio,1.0,1.0912741177546015,0.652,0.752,0.732,0.02
1,mahalanobis_diag,center_quantile_0.9,normalized_union,ratio,2.0,1.5172901999401993,0.652,0.752,0.732,0.02
1,mahalanobis_diag,center_quantile_0.9,normalized_union,inverse_margin,0.0,0.6695976124777882,0.612,0.752,0.724,0.028
1,mahalanobis_diag,center_quantile_0.9,normalized_union,inverse_margin,0.25,0.8632057835364476,0.652,0.752,0.732,0.02
1,mahalanobis_diag,center_quantile_0.9,normalized_union,inverse_margin,0.5,1.0466498839056924,0.652,0.752,0.732,0.02
1,mahalanobis_diag,center_quantile_0.9,normalized_union,inverse_margin,1.0,1.422565217727115,0.652,0.752,0.732,0.02
1,mahalanobis_diag,center_quantile_0.9,normalized_union,inverse_margin,2.0,2.2373468896777835,0.662,0.752,0.734,0.018
1,mahalanobis_diag,center_quantile_0.9,normalized_union,max_ratio,0.0,0.6695976124777882,0.612,0.752,0.724,0.028
1,mahalanobis_diag,center_quantile_0.9,normalized_union,max_ratio,0.25,0.6695976124777882,0.612,0.752,0.724,0.028
1,mahalanobis_diag,center_quantile_0.9,normalized_union,max_ratio,0.5,0.6695976124777882,0.612,0.752,0.724,0.028
1,mahalanobis_diag,center_quantile_0.9,normalized_union,max_ratio,1.0,0.6826707841845165,0.632,0.752,0.728,0.024
1,mahalanobis_diag,center_quantile_0.9,normalized_union,max_ratio,2.0,0.877446060890827,0.662,0.752,0.734,0.018
1,mahalanobis_diag,intent_quantile_0.9,nearest_sphere,none,0.0,0.6947987298052832,0.612,0.752,0.724,0.028
1,mahalanobis_diag,intent_quantile_0.9,nearest_sphere,none,0.25,0.6947987298052832,0.612,0.752,0.724,0.028
1,mahalanobis_diag,intent_quantile_0.9,nearest_sphere,none,0.5,0.6947987298052832,0.612,0.752,0.724,0.028
1,mahalanobis_diag,intent_quantile_0.9,nearest_sphere,none,1.0,0.6947987298052832,0.612,0.752,0.724,0.028
1,mahalanobis_diag,intent_quantile_0.9,nearest_sphere,none,2.0,0.6947987298052832,0.612,0.752,0.724,0.028
1,mahalanobis_diag,intent_quantile_0.9,nearest_sphere,ratio,0.0,0.6947987298052832,0.612,0.752,0.724,0.028
1,mahalanobis_diag,intent_quantile_0.9,nearest_sphere,ratio,0.25,0.7970959423822852,0.632,0.752,0.728,0.024
1,mahalanobis_diag,intent_quantile_0.9,nearest_sphere,ratio,0.5,0.9141403634469,0.652,0.752,0.732,0.02
1,mahalanobis_diag,intent_quantile_0.9,nearest_sphere,ratio,1.0,1.1183954593228722,0.652,0.752,0.732,0.02
1,mahalanobis_diag,intent_quantile_0.9,nearest_sphere,ratio,2.0,1.5516915752797882,0.652,0.752,0.732,0.02
1,mahalanobis_diag,intent_quantile_0.9,nearest_sphere,inverse_margin,0.0,0.6947987298052832,0.612,0.752,0.724,0.028
1,mahalanobis_diag,intent_quantile_0.9,nearest_sphere,inverse_margin,0.25,0.8884967097163197,0.652,0.752,0.732,0.02
1,mahalanobis_diag,intent_quantile_0.9,nearest_sphere,inverse_margin,0.5,1.0713059353576748,0.652,0.752,0.732,0.02
1,mahalanobis_diag,intent_quantile_0.9,nearest_sphere,inverse_margin,1.0,1.4546449762502487,0.652,0.752,0.732,0.02
1,mahalanobis_diag,intent_quantile_0.9,nearest_sphere,inverse_margin,2.0,2.255056738447546,0.662,0.752,0.734,0.018
1,mahalanobis_diag,intent_quantile_0.9,nearest_sphere,max_ratio,0.0,0.6947987298052832,0.612,0.752,0.724,0.028
1,mahalanobis_diag,intent_quantile_0.9,nearest_sphere,max_ratio,0.25,0.6947987298052832,0.612,0.752,0.724,0.028
1,mahalanobis_diag,intent_quantile_0.9,nearest_sphere,max_ratio,0.5,0.6947987298052832,0.612,0.752,0.724,0.028
1,mahalanobis_diag,intent_quantile_0.9,nearest_sphere,max_ratio,1.0,0.6991653624450173,0.632,0.752,0.728,0.024
1,mahalanobis_diag,intent_quantile_0.9,nearest_sphere,max_ratio,2.0,0.877446060890827,0.662,0.752,0.734,0.018
1,mahalanobis_diag,intent_quantile_0.9,normalized_union,none,0.0,0.6947987298052832,0.612,0.752,0.724,0.028
1,mahalanobis_diag,intent_quantile_0.9,normalized_union,none,0.25,0.6947987298052832,0.612,0.752,0.724,0.028
1,mahalanobis_diag,intent_quantile_0.9,normalized_union,none,0.5,0.6947987298052832,0.612,0.752,0.724,0.028
1,mahalanobis_diag,intent_quantile_0.9,normalized_union,none,1.0,0.6947987298052832,0.612,0.752,0.724,0.028
1,mahalanobis_diag,intent_quantile_0.9,normalized_union,none,2.0,0.6947987298052832,0.612,0.752,0.724,0.028
1,mahalanobis_diag,intent_quantile_0.9,normalized_union,ratio,0.0,0.6947987298052832,0.612,0.752,0.724,0.028
1,mahalanobis_diag,intent_quantile_0.9,normalized_union,ratio,0.25,0.7970959423822852,0.632,0.752,0.728,0.024
1,mahalanobis_diag,intent_quantile_0.9,normalized_union,ratio,0.5,0.9141403634469,0.652,0.752,0.732,0.02
1,mahalanobis_diag,intent_quantile_0.9,normalized_union,ratio,1.0,1.1183954593228722,0.652,0.752,0.732,0.02
1,mahalanobis_diag,intent_quantile_0.9,normalized_union,ratio,2.0,1.5516915752797882,0.652,0.752,0.732,0.02
1,mahalanobis_diag,intent_quantile_0.9,normalized_union,inverse_margin,0.0,0.6947987298052832,0.612,0.752,0.724,0.028
1,mahalanobis_diag,intent_quantile_0.9,normalized_union,inverse_margin,0.25,0.8884967097163197,0.652,0.752,0.732,0.02
1,mahalanobis_diag,intent_quantile_0.9,normalized_union,inverse_margin,0.5,1.0713059353576748,0.652,0.752,0.732,0.02
1,mahalanobis_diag,intent_quantile_0.9,normalized_union,inverse_margin,1.0,1.4546449762502487,0.652,0.752,0.732,0.02
1,mahalanobis_diag,intent_quantile_0.9,normalized_union,inverse_margin,2.0,2.255056738447546,0.662,0.752,0.734,0.018
1,mahalanobis_diag,intent_quantile_0.9,normalized_union,max_ratio,0.0,0.6947987298052832,0.612,0.752,0.724,0.028
1,mahalanobis_diag,intent_quantile_0.9,normalized_union,max_ratio,0.25,0.6947987298052832,0.612,0.752,0.724,0.028
1,mahalanobis_diag,intent_quantile_0.9,normalized_union,max_ratio,0.5,0.6947987298052832,0.612,0.752,0.724,0.028
1,mahalanobis_diag,intent_quantile_0.9,normalized_union,max_ratio,1.0,0.6991653624450173,0.632,0.752,0.728,0.024
1,mahalanobis_diag,intent_quantile_0.9,normalized_union,max_ratio,2.0,0.877446060890827,0.662,0.752,0.734,0.018
1,mahalanobis_diag,center_quantile_0.95,nearest_sphere,none,0.0,0.5594566978299734,0.632,0.752,0.728,0.024
1,mahalanobis_diag,center_quantile_0.95,nearest_sphere,none,0.25,0.5594566978299734,0.632,0.752,0.728,0.024
1,mahalanobis_diag,center_quantile_0.95,nearest_sphere,none,0.5,0.5594566978299734,0.632,0.752,0.728,0.024
1,mahalanobis_diag,center_quantile_0.95,nearest_sphere,none,1.0,0.5594566978299734,0.632,0.752,0.728,0.024
1,mahalanobis_diag,center_quantile_0.95,nearest_sphere,none,2.0,0.5594566978299734,0.632,0.752,0.728,0.024
1,mahalanobis_diag,center_quantile_0.95,nearest_sphere,ratio,0.0,0.5594566978299734,0.632,0.752,0.728,0.024
1,mahalanobis_diag,center_quantile_0.95,nearest_sphere,ratio,0.25,0.6604583990638279,0.652,0.752,0.732,0.02
1,mahalanobis_diag,center_quantile_0.95,nearest_sphere,ratio,0.5,0.7720708996011281,0.652,0.752,0.732,0.02
1,mahalanobis_diag,center_quantile_0.95,nearest_sphere,ratio,1.0,0.9995735046754258,0.652,0.752,0.732,0.02
1,mahalanobis_diag,center_quantile_0.95,nearest_sphere,ratio,2.0,1.409648893175301,0.652,0.752,0.732,0.02
1,mahalanobis_diag,center_quantile_0.95,nearest_sphere,inverse_margin,0.0,0.5594566978299734,0.632,0.752,0.728,0.024
1,mahalanobis_diag,center_quantile_0.95,nearest_sphere,inverse_margin,0.25,0.7659417939310448,0.652,0.752,0.732,0.02
1,mahalanobis_diag,center_quantile_0.95,nearest_sphere,inverse_margin,0.5,0.9516396734165253,0.652,0.752,0.732,0.02
1,mahalanobis_diag,center_quantile_0.95,nearest_sphere,inverse_margin,1.0,1.3524126896792807,0.662,0.752,0.734,0.018
1,mahalanobis_diag,center_quantile_0.95,nearest_sphere,inverse_margin,2.0,2.1227387587224165,0.662,0.752,0.734,0.018
1,mahalanobis_diag,center_quantile_0.95,nearest_sphere,max_ratio,0.0,0.5594566978299734,0.632,0.752,0.728,0.024
1,mahalanobis_diag,center_quantile_0.95,nearest_sphere,max_ratio,0.25,0.5594566978299734,0.632,0.752,0.728,0.024
1,mahalanobis_diag,center_quantile_0.95,nearest_sphere,max_ratio,0.5,0.5594566978299734,0.632,0.752,0.728,0.024
1,mahalanobis_diag,center_quantile_0.95,nearest_sphere,max_ratio,1.0,0.5719958721694497,0.642,0.752,0.73,0.022
1,mahalanobis_diag,center_quantile_0.95,nearest_sphere,max_ratio,2.0,0.8708043052501998,0.662,0.752,0.734,0.018
1,mahalanobis_diag,center_quantile_0.95,normalized_union,none,0.0,0.5594566978299734,0.632,0.752,0.728,0.024
1,mahalanobis_diag,center_quantile_0.95,normalized_union,none,0.25,0.5594566978299734,0.632,0.752,0.728,0.024
1,mahalanobis_diag,center_quantile_0.95,normalized_union,none,0.5,0.5594566978299734,0.632,0.752,0.728,0.024
1,mahalanobis_diag,center_quantile_0.95,normalized_union,none,1.0,0.5594566978299734,0.632,0.752,0.728,0.024
1,mahalanobis_diag,center_quantile_0.95,normalized_union,none,2.0,0.5594566978299734,0.632,0.752,0.728,0.024
1,mahalanobis_diag,center_quantile_0.95,normalized_union,ratio,0.0,0.5594566978299734,0.632,0.752,0.728,0.024
1,mahalanobis_diag,center_quantile_0.95,normalized_union,ratio,0.25,0.6604583990638279,0.652,0.752,0.732,0.02
1,mahalanobis_diag,center_quantile_0.95,normalized_union,ratio,0.5,0.7720708996011281,0.652,0.752,0.732,0.02
1,mahalanobis_diag,center_quantile_0.95,normalized_union,ratio,1.0,0.9995735046754258,0.652,0.752,0.732,0.02
1,mahalanobis_diag,center_quantile_0.95,normalized_union,ratio,2.0,1.409648893175301,0.652,0.752,0.732,0.02
1,mahalanobis_diag,center_quantile_0.95,normalized_union,inverse_margin,0.0,0.5594566978299734,0.632,0.752,0.728,0.024
1,mahalanobis_diag,center_quantile_0.95,normalized_union,inverse_margin,0.25,0.7659417939310448,0.652,0.752,0.732,0.02
1,mahalanobis_diag,center_quantile_0.95,normalized_union,inverse_margin,0.5,0.9516396734165253,0.652,0.752,0.732,0.02
1,mahalanobis_diag,center_quantile_0.95,normalized_union,inverse_margin,1.0,1.3524126896792807,0.662,0.752,0.734,0.018
1,mahalanobis_diag,center_quantile_0.95,normalized_union,inverse_margin,2.0,2.1227387587224165,0.662,0.752,0.734,0.018
1,mahalanobis_diag,center_quantile_0.95,normalized_union,max_ratio,0.0,0.5594566978299734,0.632,0.752,0.728,0.024
1,mahalanobis_diag,center_quantile_0.95,normalized_union,max_ratio,0.25,0.5594566978299734,0.632,0.752,0.728,0.024
1,mahalanobis_diag,center_quantile_0.95,normalized_union,max_ratio,0.5,0.5594566978299734,0.632,0.752,0.728,0.024
1,mahalanobis_diag,center_quantile_0.95,normalized_union,max_ratio,1.0,0.5719958721694497,0.642,0.752,0.73,0.022
1,mahalanobis_diag,center_quantile_0.95,normalized_union,max_ratio,2.0,0.8708043052501998,0.662,0.752,0.734,0.018
1,mahalanobis_diag,intent_quantile_0.95,nearest_sphere,none,0.0,0.5785893902246926,0.642,0.752,0.73,0.022
1,mahalanobis_diag,intent_quantile_0.95,nearest_sphere,none,0.25,0.5785893902246926,0.642,0.752,0.73,0.022
1,mahalanobis_diag,intent_quantile_0.95,nearest_sphere,none,0.5,0.5785893902246926,0.642,0.752,0.73,0.022
1,mahalanobis_diag,intent_quantile_0.95,nearest_sphere,none,1.0,0.5785893902246926,0.642,0.752,0.73,0.022
1,mahalanobis_diag,intent_quantile_0.95,nearest_sphere,none,2.0,0.5785893902246926,0.642,0.752,0.73,0.022
1,mahalanobis_diag,intent_quantile_0.95,nearest_sphere,ratio,0.0,0.5785893902246926,0.642,0.752,0.73,0.022
1,mahalanobis_diag,intent_quantile_0.95,nearest_sphere,ratio,0.25,0.6787126958685703,0.642,0.752,0.73,0.022
1,mahalanobis_diag,intent_quantile_0.95,nearest_sphere,ratio,0.5,0.8013320219429958,0.652,0.752,0.732,0.02
1,mahalanobis_diag,intent_quantile_0.95,nearest_sphere,ratio,1.0,1.0303417387219322,0.652,0.752,0.732,0.02
1,mahalanobis_diag,intent_quantile_0.95,nearest_sphere,ratio,2.0,1.4298639521366732,0.652,0.752,0.732,0.02
1,mahalanobis_diag,intent_quantile_0.95,nearest_sphere,inverse_margin,0.0,0.5785893902246926,0.642,0.752,0.73,0.022
1,mahalanobis_diag,intent_quantile_0.95,nearest_sphere,inverse_margin,0.25,0.7870467808544421,0.652,0.752,0.732,0.02
1,mahalanobis_diag,intent_quantile_0.95,nearest_sphere,inverse_margin,0.5,0.9838939805818789,0.652,0.752,0.732,0.02
1,mahalanobis_diag,intent_quantile_0.95,nearest_sphere,inverse_margin,1.0,1.3666446482957937,0.662,0.752,0.734,0.018
1,mahalanobis_diag,intent_quantile_0.95,nearest_sphere,inverse_margin,2.0,2.131415989709313,0.662,0.752,0.734,0.018
1,mahalanobis_diag,intent_quantile_0.95,nearest_sphere,max_ratio,0.0,0.5785893902246926,0.642,0.752,0.73,0.022
1,mahalanobis_diag,intent_quantile_0.95,nearest_sphere,max_ratio,0.25,0.5785893902246926,0.642,0.752,0.73,0.022
1,mahalanobis_diag,intent_quantile_0.95,nearest_sphere,max_ratio,0.5,0.5785893902246926,0.642,0.752,0.73,0.022
1,mahalanobis_diag,intent_quantile_0.95,nearest_sphere,max_ratio,1.0,0.5895029961339245,0.642,0.752,0.73,0.022
1,mahalanobis_diag,intent_quantile_0.95,nearest_sphere,max_ratio,2.0,0.8708043052501998,0.662,0.752,0.734,0.018
1,mahalanobis_diag,intent_quantile_0.95,normalized_union,none,0.0,0.5785893902246926,0.642,0.752,0.73,0.022
1,mahalanobis_diag,intent_quantile_0.95,normalized_union,none,0.25,0.5785893902246926,0.642,0.752,0.73,0.022
1,mahalanobis_diag,intent_quantile_0.95,normalized_union,none,0.5,0.5785893902246926,0.642,0.752,0.73,0.022
1,mahalanobis_diag,intent_quantile_0.95,normalized_union,none,1.0,0.5785893902246926,0.642,0.752,0.73,0.022
1,mahalanobis_diag,intent_quantile_0.95,normalized_union,none,2.0,0.5785893902246926,0.642,0.752,0.73,0.022
1,mahalanobis_diag,intent_quantile_0.95,normalized_union,ratio,0.0,0.5785893902246926,0.642,0.752,0.73,0.022
1,mahalanobis_diag,intent_quantile_0.95,normalized_union,ratio,0.25,0.6787126958685703,0.642,0.752,0.73,0.022
1,mahalanobis_diag,intent_quantile_0.95,normalized_union,ratio,0.5,0.8013320219429958,0.652,0.752,0.732,0.02
1,mahalanobis_diag,intent_quantile_0.95,normalized_union,ratio,1.0,1.0303417387219322,0.652,0.752,0.732,0.02
1,mahalanobis_diag,intent_quantile_0.95,normalized_union,ratio,2.0,1.4298639521366732,0.652,0.752,0.732,0.02
1,mahalanobis_diag,intent_quantile_0.95,normalized_union,inverse_margin,0.0,0.5785893902246926,0.642,0.752,0.73,0.022
1,mahalanobis_diag,intent_quantile_0.95,normalized_union,inverse_margin,0.25,0.7870467808544421,0.652,0.752,0.732,0.02
1,mahalanobis_diag,intent_quantile_0.95,normalized_union,inverse_margin,0.5,0.9838939805818789,0.652,0.752,0.732,0.02
1,mahalanobis_diag,intent_quantile_0.95,normalized_union,inverse_margin,1.0,1.3666446482957937,0.662,0.752,0.734,0.018
1,mahalanobis_diag,intent_quantile_0.95,normalized_union,inverse_margin,2.0,2.131415989709313,0.662,0.752,0.734,0.018
1,mahalanobis_diag,intent_quantile_0.95,normalized_union,max_ratio,0.0,0.5785893902246926,0.642,0.752,0.73,0.022
1,mahalanobis_diag,intent_quantile_0.95,normalized_union,max_ratio,0.25,0.5785893902246926,0.642,0.752,0.73,0.022
1,mahalanobis_diag,intent_quantile_0.95,normalized_union,max_ratio,0.5,0.5785893902246926,0.642,0.752,0.73,0.022
1,mahalanobis_diag,intent_quantile_0.95,normalized_union,max_ratio,1.0,0.5895029961339245,0.642,0.752,0.73,0.022
1,mahalanobis_diag,intent_quantile_0.95,normalized_union,max_ratio,2.0,0.8708043052501998,0.662,0.752,0.734,0.018
1,mahalanobis_diag,center_quantile_0.99,nearest_sphere,none,0.0,0.44701064657503753,0.622,0.752,0.726,0.026
1,mahalanobis_diag,center_quantile_0.99,nearest_sphere,none,0.25,0.44701064657503753,0.622,0.752,0.726,0.026
1,mahalanobis_diag,center_quantile_0.99,nearest_sphere,none,0.5,0.44701064657503753,0.622,0.752,0.726,0.026
1,mahalanobis_diag,center_quantile_0.99,nearest_sphere,none,1.0,0.44701064657503753,0.622,0.752,0.726,0.026
1,mahalanobis_diag,center_quantile_0.99,nearest_sphere,none,2.0,0.44701064657503753,0.622,0.752,0.726,0.026
1,mahalanobis_diag,center_quantile_0.99,nearest_sphere,ratio,0.0,0.44701064657503753,0.622,0.752,0.726,0.026
1,mahalanobis_diag,center_quantile_0.99,nearest_sphere,ratio,0.25,0.5525861898188958,0.652,0.752,0.732,0.02
1,mahalanobis_diag,center_quantile_0.99,nearest_sphere,ratio,0.5,0.6635101376750765,0.652,0.752,0.732,0.02
1,mahalanobis_diag,center_quantile_0.99,nearest_sphere,ratio,1.0,0.8880598755872562,0.652,0.752,0.732,0.02
1,mahalanobis_diag,center_quantile_0.99,nearest_sphere,ratio,2.0,1.3188760096975092,0.652,0.752,0.732,0.02
1,mahalanobis_diag,center_quantile_0.99,nearest_sphere,inverse_margin,0.0,0.44701064657503753,0.622,0.752,0.726,0.026
1,mahalanobis_diag,center_quantile_0.99,nearest_sphere,inverse_margin,0.25,0.6473042080295716,0.652,0.752,0.732,0.02
1,mahalanobis_diag,center_quantile_0.99,nearest_sphere,inverse_margin,0.5,0.8292781679685508,0.652,0.752,0.732,0.02
1,mahalanobis_diag,center_quantile_0.99,nearest_sphere,inverse_margin,1.0,1.2293280640614859,0.662,0.752,0.734,0.018
1,mahalanobis_diag,center_quantile_0.99,nearest_sphere,inverse_margin,2.0,1.9935929385225204,0.662,0.752,0.734,0.018
1,mahalanobis_diag,center_quantile_0.99,nearest_sphere,max_ratio,0.0,0.44701064657503753,0.622,0.752,0.726,0.026
1,mahalanobis_diag,center_quantile_0.99,nearest_sphere,max_ratio,0.25,0.44701064657503753,0.622,0.752,0.726,0.026
1,mahalanobis_diag,center_quantile_0.99,nearest_sphere,max_ratio,0.5,0.44701064657503753,0.622,0.752,0.726,0.026
1,mahalanobis_diag,center_quantile_0.99,nearest_sphere,max_ratio,1.0,0.4870657712437202,0.652,0.752,0.732,0.02
1,mahalanobis_diag,center_quantile_0.99,nearest_sphere,max_ratio,2.0,0.8708043052501998,0.662,0.752,0.734,0.018
1,mahalanobis_diag,center_quantile_0.99,normalized_union,none,0.0,0.44701064657503753,0.622,0.752,0.726,0.026
1,mahalanobis_diag,center_quantile_0.99,normalized_union,none,0.25,0.44701064657503753,0.622,0.752,0.726,0.026
1,mahalanobis_diag,center_quantile_0.99,normalized_union,none,0.5,0.44701064657503753,0.622,0.752,0.726,0.026
1,mahalanobis_diag,center_quantile_0.99,normalized_union,none,1.0,0.44701064657503753,0.622,0.752,0.726,0.026
1,mahalanobis_diag,center_quantile_0.99,normalized_union,none,2.0,0.44701064657503753,0.622,0.752,0.726,0.026
1,mahalanobis_diag,center_quantile_0.99,normalized_union,ratio,0.0,0.44701064657503753,0.622,0.752,0.726,0.026
1,mahalanobis_diag,center_quantile_0.99,normalized_union,ratio,0.25,0.5525861898188958,0.652,0.752,0.732,0.02
1,mahalanobis_diag,center_quantile_0.99,normalized_union,ratio,0.5,0.6635101376750765,0.652,0.752,0.732,0.02
1,mahalanobis_diag,center_quantile_0.99,normalized_union,ratio,1.0,0.8880598755872562,0.652,0.752,0.732,0.02
1,mahalanobis_diag,center_quantile_0.99,normalized_union,ratio,2.0,1.3188760096975092,0.652,0.752,0.732,0.02
1,mahalanobis_diag,center_quantile_0.99,normalized_union,inverse_margin,0.0,0.44701064657503753,0.622,0.752,0.726,0.026
1,mahalanobis_diag,center_quantile_0.99,normalized_union,inverse_margin,0.25,0.6473042080295716,0.652,0.752,0.732,0.02
1,mahalanobis_diag,center_quantile_0.99,normalized_union,inverse_margin,0.5,0.8292781679685508,0.652,0.752,0.732,0.02
1,mahalanobis_diag,center_quantile_0.99,normalized_union,inverse_margin,1.0,1.2293280640614859,0.662,0.752,0.734,0.018
1,mahalanobis_diag,center_quantile_0.99,normalized_union,inverse_margin,2.0,1.9935929385225204,0.662,0.752,0.734,0.018
1,mahalanobis_diag,center_quantile_0.99,normalized_union,max_ratio,0.0,0.44701064657503753,0.622,0.752,0.726,0.026
1,mahalanobis_diag,center_quantile_0.99,normalized_union,max_ratio,0.25,0.44701064657503753,0.622,0.752,0.726,0.026
1,mahalanobis_diag,center_quantile_0.99,normalized_union,max_ratio,0.5,0.44701064657503753,0.622,0.752,0.726,0.026
1,mahalanobis_diag,center_quantile_0.99,normalized_union,max_ratio,1.0,0.4870657712437202,0.652,0.752,0.732,0.02
1,mahalanobis_diag,center_quantile_0.99,normalized_union,max_ratio,2.0,0.8708043052501998,0.662,0.752,0.734,0.018
1,mahalanobis_diag,intent_quantile_0.99,nearest_sphere,none,0.0,0.4736793807625184,0.642,0.752,0.73,0.022
1,mahalanobis_diag,intent_quantile_0.99,nearest_sphere,none,0.25,0.4736793807625184,0.642,0.752,0.73,0.022
1,mahalanobis_diag,intent_quantile_0.99,nearest_sphere,none,0.5,0.4736793807625184,0.642,0.752,0.73,0.022
1,mahalanobis_diag,intent_quantile_0.99,nearest_sphere,none,1.0,0.4736793807625184,0.642,0.752,0.73,0.022
1,mahalanobis_diag,intent_quantile_0.99,nearest_sphere,none,2.0,0.4736793807625184,0.642,0.752,0.73,0.022
1,mahalanobis_diag,intent_quantile_0.99,nearest_sphere,ratio,0.0,0.4736793807625184,0.642,0.752,0.73,0.022
1,mahalanobis_diag,intent_quantile_0.99,nearest_sphere,ratio,0.25,0.5848765105029966,0.652,0.752,0.732,0.02
1,mahalanobis_diag,intent_quantile_0.99,nearest_sphere,ratio,0.5,0.7010327365592935,0.652,0.752,0.732,0.02
1,mahalanobis_diag,intent_quantile_0.99,nearest_sphere,ratio,1.0,0.911917586323105,0.652,0.752,0.732,0.02
1,mahalanobis_diag,intent_quantile_0.99,nearest_sphere,ratio,2.0,1.3358181892941274,0.652,0.752,0.732,0.02
1,mahalanobis_diag,intent_quantile_0.99,nearest_sphere,inverse_margin,0.0,0.4736793807625184,0.642,0.752,0.73,0.022
1,mahalanobis_diag,intent_quantile_0.99,nearest_sphere,inverse_margin,0.25,0.6826742291296342,0.652,0.752,0.732,0.02
1,mahalanobis_diag,intent_quantile_0.99,nearest_sphere,inverse_margin,0.5,0.858999668476117,0.652,0.752,0.732,0.02
1,mahalanobis_diag,intent_quantile_0.99,nearest_sphere,inverse_margin,1.0,1.2520646655498504,0.662,0.752,0.734,0.018
1,mahalanobis_diag,intent_quantile_0.99,nearest_sphere,inverse_margin,2.0,2.0241808717897243,0.662,0.752,0.734,0.018
1,mahalanobis_diag,intent_quantile_0.99,nearest_sphere,max_ratio,0.0,0.4736793807625184,0.642,0.752,0.73,0.022
1,mahalanobis_diag,intent_quantile_0.99,nearest_sphere,max_ratio,0.25,0.4736793807625184,0.642,0.752,0.73,0.022
1,mahalanobis_diag,intent_quantile_0.99,nearest_sphere,max_ratio,0.5,0.4736793807625184,0.642,0.752,0.73,0.022
1,mahalanobis_diag,intent_quantile_0.99,nearest_sphere,max_ratio,1.0,0.5054201212457407,0.652,0.752,0.732,0.02
1,mahalanobis_diag,intent_quantile_0.99,nearest_sphere,max_ratio,2.0,0.8708043052501998,0.662,0.752,0.734,0.018
1,mahalanobis_diag,intent_quantile_0.99,normalized_union,none,0.0,0.4736793807625184,0.642,0.752,0.73,0.022
1,mahalanobis_diag,intent_quantile_0.99,normalized_union,none,0.25,0.4736793807625184,0.642,0.752,0.73,0.022
1,mahalanobis_diag,intent_quantile_0.99,normalized_union,none,0.5,0.4736793807625184,0.642,0.752,0.73,0.022
1,mahalanobis_diag,intent_quantile_0.99,normalized_union,none,1.0,0.4736793807625184,0.642,0.752,0.73,0.022
1,mahalanobis_diag,intent_quantile_0.99,normalized_union,none,2.0,0.4736793807625184,0.642,0.752,0.73,0.022
1,mahalanobis_diag,intent_quantile_0.99,normalized_union,ratio,0.0,0.4736793807625184,0.642,0.752,0.73,0.022
1,mahalanobis_diag,intent_quantile_0.99,normalized_union,ratio,0.25,0.5848765105029966,0.652,0.752,0.732,0.02
1,mahalanobis_diag,intent_quantile_0.99,normalized_union,ratio,0.5,0.7010327365592935,0.652,0.752,0.732,0.02
1,mahalanobis_diag,intent_quantile_0.99,normalized_union,ratio,1.0,0.911917586323105,0.652,0.752,0.732,0.02
1,mahalanobis_diag,intent_quantile_0.99,normalized_union,ratio,2.0,1.3358181892941274,0.652,0.752,0.732,0.02
1,mahalanobis_diag,intent_quantile_0.99,normalized_union,inverse_margin,0.0,0.4736793807625184,0.642,0.752,0.73,0.022
1,mahalanobis_diag,intent_quantile_0.99,normalized_union,inverse_margin,0.25,0.6826742291296342,0.652,0.752,0.732,0.02
1,mahalanobis_diag,intent_quantile_0.99,normalized_union,inverse_margin,0.5,0.858999668476117,0.652,0.752,0.732,0.02
1,mahalanobis_diag,intent_quantile_0.99,normalized_union,inverse_margin,1.0,1.2520646655498504,0.662,0.752,0.734,0.018
1,mahalanobis_diag,intent_quantile_0.99,normalized_union,inverse_margin,2.0,2.0241808717897243,0.662,0.752,0.734,0.018
1,mahalanobis_diag,intent_quantile_0.99,normalized_union,max_ratio,0.0,0.4736793807625184,0.642,0.752,0.73,0.022
1,mahalanobis_diag,intent_quantile_0.99,normalized_union,max_ratio,0.25,0.4736793807625184,0.642,0.752,0.73,0.022
1,mahalanobis_diag,intent_quantile_0.99,normalized_union,max_ratio,0.5,0.4736793807625184,0.642,0.752,0.73,0.022
1,mahalanobis_diag,intent_quantile_0.99,normalized_union,max_ratio,1.0,0.5054201212457407,0.652,0.752,0.732,0.02
1,mahalanobis_diag,intent_quantile_0.99,normalized_union,max_ratio,2.0,0.8708043052501998,0.662,0.752,0.734,0.018
2,euclidean,mean_std_0.0,nearest_sphere,none,0.0,1.0702768778157747,0.582,0.752,0.718,0.034
2,euclidean,mean_std_0.0,nearest_sphere,none,0.25,1.0702768778157747,0.582,0.752,0.718,0.034
2,euclidean,mean_std_0.0,nearest_sphere,none,0.5,1.0702768778157747,0.582,0.752,0.718,0.034
2,euclidean,mean_std_0.0,nearest_sphere,none,1.0,1.0702768778157747,0.582,0.752,0.718,0.034
2,euclidean,mean_std_0.0,nearest_sphere,none,2.0,1.0702768778157747,0.582,0.752,0.718,0.034
2,euclidean,mean_std_0.0,nearest_sphere,ratio,0.0,1.0702768778157747,0.582,0.752,0.718,0.034
2,euclidean,mean_std_0.0,nearest_sphere,ratio,0.25,1.1774365940142917,0.592,0.752,0.72,0.032
2,euclidean,mean_std_0.0,nearest_sphere,ratio,0.5,1.295122426766264,0.612,0.752,0.724,0.028
2,euclidean,mean_std_0.0,nearest_sphere,ratio,1.0,1.5175075847155148,0.622,0.752,0.726,0.026
2,euclidean,mean_std_0.0,nearest_sphere,ratio,2.0,1.9612078790732397,0.642,0.752,0.73,0.022
2,euclidean,mean_std_0.0,nearest_sphere,inverse_margin,0.0,1.0702768778157747,0.582,0.752,0.718,0.034
2,euclidean,mean_std_0.0,nearest_sphere,inverse_margin,0.25,1.3064916939839808,0.622,0.752,0.726,0.026
2,euclidean,mean_std_0.0,nearest_sphere,inverse_margin,0.5,1.5027940415352958,0.642,0.752,0.73,0.022
2,euclidean,mean_std_0.0,nearest_sphere,inverse_margin,1.0,1.8769495632617101,0.642,0.752,0.73,0.022
2,euclidean,mean_std_0.0,nearest_sphere,inverse_margin,2.0,2.69666600088559,0.652,0.752,0.732,0.02
2,euclidean,mean_std_0.0,nearest_sphere,max_ratio,0.0,1.0702768778157747,0.582,0.752,0.718,0.034
2,euclidean,mean_std_0.0,nearest_sphere,max_ratio,0.25,1.0702768778157747,0.582,0.752,0.718,0.034
2,euclidean,mean_std_0.0,nearest_sphere,max_ratio,0.5,1.0702768778157747,0.582,0.752,0.718,0.034
2,euclidean,mean_std_0.0,nearest_sphere,max_ratio,1.0,1.0702768778157747,0.582,0.752,0.718,0.034
2,euclidean,mean_std_0.0,nearest_sphere,max_ratio,2.0,1.1764086200039134,0.612,0.752,0.724,0.028
2,euclidean,mean_std_0.0,normalized_union,none,0.0,0.9450519092867627,0.592,0.752,0.72,0.032
2,euclidean,mean_std_0.0,normalized_union,none,0.25,0.9450519092867627,0.592,0.752,0.72,0.032
2,euclidean,mean_std_0.0,normalized_union,none,0.5,0.9450519092867627,0.592,0.752,0.72,0.032
2,euclidean,mean_std_0.0,normalized_union,none,1.0,0.9450519092867627,0.592,0.752,0.72,0.032
2,euclidean,mean_std_0.0,normalized_union,none,2.0,0.9450519092867627,0.592,0.752,0.72,0.032
2,euclidean,mean_std_0.0,normalized_union,ratio,0.0,0.9450519092867627,0.592,0.752,0.72,0.032
2,euclidean,mean_std_0.0,normalized_union,ratio,0.25,1.0378140979377841,0.622,0.752,0.726,0.026
2,euclidean,mean_std_0.0,normalized_union,ratio,0.5,1.1461306700940497,0.622,0.752,0.726,0.026
2,euclidean,mean_std_0.0,normalized_union,ratio,1.0,1.3614430209943122,0.622,0.752,0.726,0.026
2,euclidean,mean_std_0.0,normalized_union,ratio,2.0,1.8251045137481527,0.632,0.752,0.728,0.024
2,euclidean,mean_std_0.0,normalized_union,inverse_margin,0.0,0.9450519092867627,0.592,0.752,0.72,0.032
2,euclidean,mean_std_0.0,normalized_union,inverse_margin,0.25,1.132424556393029,0.632,0.752,0.728,0.024
2,euclidean,mean_std_0.0,normalized_union,inverse_margin,0.5,1.347854507598425,0.632,0.752,0.728,0.024
2,euclidean,mean_std_0.0,normalized_union,inverse_margin,1.0,1.7422948573524446,0.632,0.752,0.728,0.024
2,euclidean,mean_std_0.0,normalized_union,inverse_margin,2.0,2.566163690935227,0.652,0.752,0.732,0.02
2,euclidean,mean_std_0.0,normalized_union,max_ratio,0.0,0.9450519092867627,0.592,0.752,0.72,0.032
2,euclidean,mean_std_0.0,normalized_union,max_ratio,0.25,0.9450519092867627,0.592,0.752,0.72,0.032
2,euclidean,mean_std_0.0,normalized_union,max_ratio,0.5,0.9450519092867627,0.592,0.752,0.72,0.032
2,euclidean,mean_std_0.0,normalized_union,max_ratio,1.0,0.9450519092867627,0.592,0.752,0.72,0.032
2,euclidean,mean_std_0.0,normalized_union,max_ratio,2.0,1.0189238069553983,0.632,0.752,0.728,0.024
2,euclidean,mean_std_0.25,nearest_sphere,none,0.0,0.9786242330565778,0.582,0.752,0.718,0.034
2,euclidean,mean_std_0.25,nearest_sphere,none,0.25,0.9786242330565778,0.582,0.752,0.718,0.034
2,euclidean,mean_std_0.25,nearest_sphere,none,0.5,0.9786242330565778,0.582,0.752,0.718,0.034
2,euclidean,mean_std_0.25,nearest_sphere,none,1.0,0.9786242330565778,0.582,0.752,0.718,0.034
2,euclidean,mean_std_0.25,nearest_sphere,none,2.0,0.9786242330565778,0.582,0.752,0.718,0.034
2,euclidean,mean_std_0.25,nearest_sphere,ratio,0.0,0.9786242330565778,0.582,0.752,0.718,0.034
2,euclidean,mean_std_0.25,nearest_sphere,ratio,0.25,1.0934510347438322,0.622,0.752,0.726,0.026
2,euclidean,mean_std_0.25,nearest_sphere,ratio,0.5,1.1982651749810214,0.622,0.752,0.726,0.026
2,euclidean,mean_std_0.25,nearest_sphere,ratio,1.0,1.4270372148750177,0.622,0.752,0.726,0.026
2,euclidean,mean_std_0.25,nearest_sphere,ratio,2.0,1.8614963559185445,0.642,0.752,0.73,0.022
2,euclidean,mean_std_0.25,nearest_sphere,inverse_margin,0.0,0.9786242330565778,0.582,0.752,0.718,0.034
2,euclidean,mean_std_0.25,nearest_sphere,inverse_margin,0.25,1.2035266098557478,0.622,0.752,0.726,0.026
2,euclidean,mean_std_0.25,nearest_sphere,inverse_margin,0.5,1.4010028201387956,0.642,0.752,0.73,0.022
2,euclidean,mean_std_0.25,nearest_sphere,inverse_margin,1.0,1.7748651244504692,0.642,0.752,0.73,0.022
2,euclidean,mean_std_0.25,nearest_sphere,inverse_margin,2.0,2.6035713455104466,0.652,0.752,0.732,0.02
2,euclidean,mean_std_0.25,nearest_sphere,max_ratio,0.0,0.9786242330565778,0.582,0.752,0.718,0.034
2,euclidean,mean_std_0.25,nearest_sphere,max_ratio,0.25,0.9786242330565778,0.582,0.752,0.718,0.034
2,euclidean,mean_std_0.25,nearest_sphere,max_ratio,0.5,0.9786242330565778,0.582,0.752,0.718,0.034
2,euclidean,mean_std_0.25,nearest_sphere,max_ratio,1.0,0.9786242330565778,0.582,0.752,0.718,0.034
2,euclidean,mean_std_0.25,nearest_sphere,max_ratio,2.0,1.0992564156859241,0.632,0.752,0.728,0.024
2,euclidean,mean_std_0.25,normalized_union,none,0.0,0.8691314797458859,0.582,0.752,0.718,0.034
2,euclidean,mean_std_0.25,normalized_union,none,0.25,0.8691314797458859,0.582,0.752,0.718,0.034
2,euclidean,mean_std_0.25,normalized_union,none,0.5,0.8691314797458859,0.582,0.752,0.718,0.034
2,euclidean,mean_std_0.25,normalized_union,none,1.0,0.8691314797458859,0.582,0.752,0.718,0.034
2,euclidean,mean_std_0.25,normalized_union,none,2.0,0.8691314797458859,0.582,0.752,0.718,0.034
2,euclidean,mean_std_0.25,normalized_union,ratio,0.0,0.8691314797458859,0.582,0.752,0.718,0.034
2,euclidean,mean_std_0.25,normalized_union,ratio,0.25,0.966550718784471,0.602,0.752,0.722,0.03
2,euclidean,mean_std_0.25,normalized_union,ratio,0.5,1.0703859891709804,0.622,0.752,0.726,0.026
2,euclidean,mean_std_0.25,normalized_union,ratio,1.0,1.2889353250802997,0.622,0.752,0.726,0.026
2,euclidean,mean_std_0.25,normalized_union,ratio,2.0,1.7395653689808697,0.632,0.752,0.728,0.024
2,euclidean,mean_std_0.25,normalized_union,inverse_margin,0.0,0.8691314797458859,0.582,0.752,0.718,0.034
2,euclidean,mean_std_0.25,normalized_union,inverse_margin,0.25,1.0597669564411083,0.632,0.752,0.728,0.024
2,euclidean,mean_std_0.25,normalized_union,inverse_margin,0.5,1.2667445206114964,0.632,0.752,0.728,0.024
2,euclidean,mean_std_0.25,normalized_union,inverse_margin,1.0,1.658922090238443,0.632,0.752,0.728,0.024
2,euclidean,mean_std_0.25,normalized_union,inverse_margin,2.0,2.494073286290091,0.652,0.752,0.732,0.02
2,euclidean,mean_std_0.25,normalized_union,max_ratio,0.0,0.8691314797458859,0.582,0.752,0.718,0.034
2,euclidean,mean_std_0.25,normalized_union,max_ratio,0.25,0.8691314797458859,0.582,0.752,0.718,0.034
2,euclidean,mean_std_0.25,normalized_union,max_ratio,0.5,0.8691314797458859,0.582,0.752,0.718,0.034
2,euclidean,mean_std_0.25,normalized_union,max_ratio,1.0,0.8699954649144224,0.602,0.752,0.722,0.03
2,euclidean,mean_std_0.25,normalized_union,max_ratio,2.0,0.9818701769523303,0.642,0.752,0.73,0.022
2,euclidean,mean_std_0.5,nearest_sphere,none,0.0,0.9065267342341623,0.592,0.752,0.72,0.032
2,euclidean,mean_std_0.5,nearest_sphere,none,0.25,0.9065267342341623,0.592,0.752,0.72,0.032
2,euclidean,mean_std_0.5,nearest_sphere,none,0.5,0.9065267342341623,0.592,0.752,0.72,0.032
2,euclidean,mean_std_0.5,nearest_sphere,none,1.0,0.9065267342341623,0.592,0.752,0.72,0.032
2,euclidean,mean_std_0.5,nearest_sphere,none,2.0,0.9065267342341623,0.592,0.752,0.72,0.032
2,euclidean,mean_std_0.5,nearest_sphere,ratio,0.0,0.9065267342341623,0.592,0.752,0.72,0.032
2,euclidean,mean_std_0.5,nearest_sphere,ratio,0.25,1.0111907223785146,0.622,0.752,0.726,0.026
2,euclidean,mean_std_0.5,nearest_sphere,ratio,0.5,1.1142202672927244,0.622,0.752,0.726,0.026
2,euclidean,mean_std_0.5,nearest_sphere,ratio,1.0,1.3388002632807905,0.632,0.752,0.728,0.024
2,euclidean,mean_std_0.5,nearest_sphere,ratio,2.0,1.7708730348692785,0.642,0.752,0.73,0.022
2,euclidean,mean_std_0.5,nearest_sphere,inverse_margin,0.0,0.9065267342341623,0.592,0.752,0.72,0.032
2,euclidean,mean_std_0.5,nearest_sphere,inverse_margin,0.25,1.1191036802964431,0.622,0.752,0.726,0.026
2,euclidean,mean_std_0.5,nearest_sphere,inverse_margin,0.5,1.3337899266703872,0.642,0.752,0.73,0.022
2,euclidean,mean_std_0.5,nearest_sphere,inverse_margin,1.0,1.6969568909673836,0.642,0.752,0.73,0.022
2,euclidean,mean_std_0.5,nearest_sphere,inverse_margin,2.0,2.5413158503231505,0.652,0.752,0.732,0.02
2,euclidean,mean_std_0.5,nearest_sphere,max_ratio,0.0,0.9065267342341623,0.592,0.752,0.72,0.032
2,euclidean,mean_std_0.5,nearest_sphere,max_ratio,0.25,0.9065267342341623,0.592,0.752,0.72,0.032
2,euclidean,mean_std_0.5,nearest_sphere,max_ratio,0.5,0.9065267342341623,0.592,0.752,0.72,0.032
2,euclidean,mean_std_0.5,nearest_sphere,max_ratio,1.0,0.9065267342341623,0.592,0.752,0.72,0.032
2,euclidean,mean_std_0.5,nearest_sphere,max_ratio,2.0,1.046029091902487,0.642,0.752,0.73,0.022
2,euclidean,mean_std_0.5,normalized_union,none,0.0,0.8010459735704825,0.582,0.752,0.718,0.034
2,euclidean,mean_std_0.5,normalized_union,none,0.25,0.8010459735704825,0.582,0.752,0.718,0.034
2,euclidean,mean_std_0.5,normalized_union,none,0.5,0.8010459735704825,0.582,0.752,0.718,0.034
2,euclidean,mean_std_0.5,normalized_union,none,1.0,0.8010459735704825,0.582,0.752,0.718,0.034
2,euclidean,mean_std_0.5,normalized_union,none,2.0,0.8010459735704825,0.582,0.752,0.718,0.034
2,euclidean,mean_std_0.5,normalized_union,ratio,0.0,0.8010459735704825,0.582,0.752,0.718,0.034
2,euclidean,mean_std_0.5,normalized_union,ratio,0.25,0.9074008515938154,0.602,0.752,0.722,0.03
2,euclidean,mean_std_0.5,normalized_union,ratio,0.5,1.018577787519972,0.622,0.752,0.726,0.026
2,euclidean,mean_std_0.5,normalized_union,ratio,1.0,1.220160352162078,0.632,0.752,0.728,0.024
2,euclidean,mean_std_0.5,normalized_union,ratio,2.0,1.6805222921997074,0.632,0.752,0.728,0.024
2,euclidean,mean_std_0.5,normalized_union,inverse_margin,0.0,0.8010459735704825,0.582,0.752,0.718,0.034
2,euclidean,mean_std_0.5,normalized_union,inverse_margin,0.25,0.9964476283666837,0.632,0.752,0.728,0.024
2,euclidean,mean_std_0.5,normalized_union,inverse_margin,0.5,1.192980182502977,0.632,0.752,0.728,0.024
2,euclidean,mean_std_0.5,normalized_union,inverse_margin,1.0,1.5911475010728786,0.632,0.752,0.728,0.024
2,euclidean,mean_std_0.5,normalized_union,inverse_margin,2.0,2.435295680996563,0.652,0.752,0.732,0.02
2,euclidean,mean_std_0.5,normalized_union,max_ratio,0.0,0.8010459735704825,0.582,0.752,0.718,0.034
2,euclidean,mean_std_0.5,normalized_union,max_ratio,0.25,0.8010459735704825,0.582,0.752,0.718,0.034
2,euclidean,mean_std_0.5,normalized_union,max_ratio,0.5,0.8010459735704825,0.582,0.752,0.718,0.034
2,euclidean,mean_std_0.5,normalized_union,max_ratio,1.0,0.8091511139487136,0.612,0.752,0.724,0.028
2,euclidean,mean_std_0.5,normalized_union,max_ratio,2.0,0.9435972414455732,0.652,0.752,0.732,0.02
2,euclidean,mean_std_0.75,nearest_sphere,none,0.0,0.8456006228587561,0.602,0.752,0.722,0.03
2,euclidean,mean_std_0.75,nearest_sphere,none,0.25,0.8456006228587561,0.602,0.752,0.722,0.03
2,euclidean,mean_std_0.75,nearest_sphere,none,0.5,0.8456006228587561,0.602,0.752,0.722,0.03
2,euclidean,mean_std_0.75,nearest_sphere,none,1.0,0.8456006228587561,0.602,0.752,0.722,0.03
2,euclidean,mean_std_0.75,nearest_sphere,none,2.0,0.8456006228587561,0.602,0.752,0.722,0.03
2,euclidean,mean_std_0.75,nearest_sphere,ratio,0.0,0.8456006228587561,0.602,0.752,0.722,0.03
2,euclidean,mean_std_0.75,nearest_sphere,ratio,0.25,0.9407855704306243,0.622,0.752,0.726,0.026
2,euclidean,mean_std_0.75,nearest_sphere,ratio,0.5,1.048599146564099,0.622,0.752,0.726,0.026
2,euclidean,mean_std_0.75,nearest_sphere,ratio,1.0,1.262593436039281,0.632,0.752,0.728,0.024
2,euclidean,mean_std_0.75,nearest_sphere,ratio,2.0,1.6941072515566424,0.642,0.752,0.73,0.022
2,euclidean,mean_std_0.75,nearest_sphere,inverse_margin,0.0,0.8456006228587561,0.602,0.752,0.722,0.03
2,euclidean,mean_std_0.75,nearest_sphere,inverse_margin,0.25,1.052298876683383,0.632,0.752,0.728,0.024
2,euclidean,mean_std_0.75,nearest_sphere,inverse_margin,0.5,1.2632486047621971,0.642,0.752,0.73,0.022
2,euclidean,mean_std_0.75,nearest_sphere,inverse_margin,1.0,1.6259850721943443,0.642,0.752,0.73,0.022
2,euclidean,mean_std_0.75,nearest_sphere,inverse_margin,2.0,2.477034834322564,0.652,0.752,0.732,0.02
2,euclidean,mean_std_0.75,nearest_sphere,max_ratio,0.0,0.8456006228587561,0.602,0.752,0.722,0.03
2,euclidean,mean_std_0.75,nearest_sphere,max_ratio,0.25,0.8456006228587561,0.602,0.752,0.722,0.03
2,euclidean,mean_std_0.75,nearest_sphere,max_ratio,0.5,0.8456006228587561,0.602,0.752,0.722,0.03
2,euclidean,mean_std_0.75,nearest_sphere,max_ratio,1.0,0.8466420045115686,0.612,0.752,0.724,0.028
2,euclidean,mean_std_0.75,nearest_sphere,max_ratio,2.0,1.0163855516399058,0.642,0.752,0.73,0.022
2,euclidean,mean_std_0.75,normalized_union,none,0.0,0.7515851138073627,0.582,0.752,0.718,0.034
2,euclidean,mean_std_0.75,normalized_union,none,0.25,0.7515851138073627,0.582,0.752,0.718,0.034
2,euclidean,mean_std_0.75,normalized_union,none,0.5,0.7515851138073627,0.582,0.752,0.718,0.034
2,euclidean,mean_std_0.75,normalized_union,none,1.0,0.7515851138073627,0.582,0.752,0.718,0.034
2,euclidean,mean_std_0.75,normalized_union,none,2.0,0.7515851138073627,0.582,0.752,0.718,0.034
2,euclidean,mean_std_0.75,normalized_union,ratio,0.0,0.7515851138073627,0.582,0.752,0.718,0.034
2,euclidean,mean_std_0.75,normalized_union,ratio,0.25,0.8560735672486057,0.602,0.752,0.722,0.03
2,euclidean,mean_std_0.75,normalized_union,ratio,0.5,0.9590494364321751,0.622,0.752,0.726,0.026
2,euclidean,mean_std_0.75,normalized_union,ratio,1.0,1.1772984560768394,0.632,0.752,0.728,0.024
2,euclidean,mean_std_0.75,normalized_union,ratio,2.0,1.6184093956658598,0.632,0.752,0.728,0.024
2,euclidean,mean_std_0.75,normalized_union,inverse_margin,0.0,0.7515851138073627,0.582,0.752,0.718,0.034
2,euclidean,mean_std_0.75,normalized_union,inverse_margin,0.25,0.9357739964464974,0.632,0.752,0.728,0.024
2,euclidean,mean_std_0.75,normalized_union,inverse_margin,0.5,1.1329941713235072,0.632,0.752,0.728,0.024
2,euclidean,mean_std_0.75,normalized_union,inverse_margin,1.0,1.5395617814383635,0.642,0.752,0.73,0.022
2,euclidean,mean_std_0.75,normalized_union,inverse_margin,2.0,2.3754799631514363,0.652,0.752,0.732,0.02
2,euclidean,mean_std_0.75,normalized_union,max_ratio,0.0,0.7515851138073627,0.582,0.752,0.718,0.034
2,euclidean,mean_std_0.75,normalized_union,max_ratio,0.25,0.7515851138073627,0.582,0.752,0.718,0.034
2,euclidean,mean_std_0.75,normalized_union,max_ratio,0.5,0.7515851138073627,0.582,0.752,0.718,0.034
2,euclidean,mean_std_0.75,normalized_union,max_ratio,1.0,0.7625431529273272,0.612,0.752,0.724,0.028
2,euclidean,mean_std_0.75,normalized_union,max_ratio,2.0,0.9345381146828301,0.662,0.752,0.734,0.018
2,euclidean,mean_std_1.0,nearest_sphere,none,0.0,0.7846635037935001,0.612,0.752,0.724,0.028
2,euclidean,mean_std_1.0,nearest_sphere,none,0.25,0.7846635037935001,0.612,0.752,0.724,0.028
2,euclidean,mean_std_1.0,nearest_sphere,none,0.5,0.7846635037935001,0.612,0.752,0.724,0.028
2,euclidean,mean_std_1.0,nearest_sphere,none,1.0,0.7846635037935001,0.612,0.752,0.724,0.028
2,euclidean,mean_std_1.0,nearest_sphere,none,2.0,0.7846635037935001,0.612,0.752,0.724,0.028
2,euclidean,mean_std_1.0,nearest_sphere,ratio,0.0,0.7846635037935001,0.612,0.752,0.724,0.028
2,euclidean,mean_std_1.0,nearest_sphere,ratio,0.25,0.8793249201046983,0.622,0.752,0.726,0.026
2,euclidean,mean_std_1.0,nearest_sphere,ratio,0.5,0.9881100676638706,0.622,0.752,0.726,0.026
2,euclidean,mean_std_1.0,nearest_sphere,ratio,1.0,1.1998665320889055,0.632,0.752,0.728,0.024
2,euclidean,mean_std_1.0,nearest_sphere,ratio,2.0,1.6453187927744883,0.642,0.752,0.73,0.022
2,euclidean,mean_std_1.0,nearest_sphere,inverse_margin,0.0,0.7846635037935001,0.612,0.752,0.724,0.028
2,euclidean,mean_std_1.0,nearest_sphere,inverse_margin,0.25,0.9855416400685693,0.632,0.752,0.728,0.024
2,euclidean,mean_std_1.0,nearest_sphere,inverse_margin,0.5,1.182857619132428,0.642,0.752,0.73,0.022
2,euclidean,mean_std_1.0,nearest_sphere,inverse_margin,1.0,1.5692620394030798,0.642,0.752,0.73,0.022
2,euclidean,mean_std_1.0,nearest_sphere,inverse_margin,2.0,2.4142165786110006,0.652,0.752,0.732,0.02
2,euclidean,mean_std_1.0,nearest_sphere,max_ratio,0.0,0.7846635037935001,0.612,0.752,0.724,0.028
2,euclidean,mean_std_1.0,nearest_sphere,max_ratio,0.25,0.7846635037935001,0.612,0.752,0.724,0.028
2,euclidean,mean_std_1.0,nearest_sphere,max_ratio,0.5,0.7846635037935001,0.612,0.752,0.724,0.028
2,euclidean,mean_std_1.0,nearest_sphere,max_ratio,1.0,0.7918983215038495,0.612,0.752,0.724,0.028
2,euclidean,mean_std_1.0,nearest_sphere,max_ratio,2.0,0.9875905096371346,0.652,0.752,0.732,0.02
2,euclidean,mean_std_1.0,normalized_union,none,0.0,0.7046944741316187,0.582,0.752,0.718,0.034
2,euclidean,mean_std_1.0,normalized_union,none,0.25,0.7046944741316187,0.582,0.752,0.718,0.034
2,euclidean,mean_std_1.0,normalized_union,none,0.5,0.7046944741316187,0.582,0.752,0.718,0.034
2,euclidean,mean_std_1.0,normalized_union,none,1.0,0.7046944741316187,0.582,0.752,0.718,0.034
2,euclidean,mean_std_1.0,normalized_union,none,2.0,0.7046944741316187,0.582,0.752,0.718,0.034
2,euclidean,mean_std_1.0,normalized_union,ratio,0.0,0.7046944741316187,0.582,0.752,0.718,0.034
2,euclidean,mean_std_1.0,normalized_union,ratio,0.25,0.8078730826624317,0.602,0.752,0.722,0.03
2,euclidean,mean_std_1.0,normalized_union,ratio,0.5,0.9074459837107207,0.622,0.752,0.726,0.026
2,euclidean,mean_std_1.0,normalized_union,ratio,1.0,1.1225944098838119,0.632,0.752,0.728,0.024
2,euclidean,mean_std_1.0,normalized_union,ratio,2.0,1.5685932051408469,0.632,0.752,0.728,0.024
2,euclidean,mean_std_1.0,normalized_union,inverse_margin,0.0,0.7046944741316187,0.582,0.752,0.718,0.034
2,euclidean,mean_std_1.0,normalized_union,inverse_margin,0.25,0.8845754332188592,0.632,0.752,0.728,0.024
2,euclidean,mean_std_1.0,normalized_union,inverse_margin,0.5,1.0813907186020528,0.632,0.752,0.728,0.024
2,euclidean,mean_std_1.0,normalized_union,inverse_margin,1.0,1.4944160047245059,0.642,0.752,0.73,0.022
2,euclidean,mean_std_1.0,normalized_union,inverse_margin,2.0,2.327152784198797,0.652,0.752,0.732,0.02
2,euclidean,mean_std_1.0,normalized_union,max_ratio,0.0,0.7046944741316187,0.582,0.752,0.718,0.034
2,euclidean,mean_std_1.0,normalized_union,max_ratio,0.25,0.7046944741316187,0.582,0.752,0.718,0.034
2,euclidean,mean_std_1.0,normalized_union,max_ratio,0.5,0.7046944741316187,0.582,0.752,0.718,0.034
2,euclidean,mean_std_1.0,normalized_union,max_ratio,1.0,0.7158115354931209,0.612,0.752,0.724,0.028
2,euclidean,mean_std_1.0,normalized_union,max_ratio,2.0,0.9296410764908333,0.662,0.752,0.734,0.018
2,euclidean,mean_std_1.5,nearest_sphere,none,0.0,0.6841222173345556,0.612,0.752,0.724,0.028
2,euclidean,mean_std_1.5,nearest_sphere,none,0.25,0.6841222173345556,0.612,0.752,0.724,0.028
2,euclidean,mean_std_1.5,nearest_sphere,none,0.5,0.6841222173345556,0.612,0.752,0.724,0.028
2,euclidean,mean_std_1.5,nearest_sphere,none,1.0,0.6841222173345556,0.612,0.752,0.724,0.028
2,euclidean,mean_std_1.5,nearest_sphere,none,2.0,0.6841222173345556,0.612,0.752,0.724,0.028
2,euclidean,mean_std_1.5,nearest_sphere,ratio,0.0,0.6841222173345556,0.612,0.752,0.724,0.028
2,euclidean,mean_std_1.5,nearest_sphere,ratio,0.25,0.7793420009063858,0.622,0.752,0.726,0.026
2,euclidean,mean_std_1.5,nearest_sphere,ratio,0.5,0.8887941505283624,0.622,0.752,0.726,0.026
2,euclidean,mean_std_1.5,nearest_sphere,ratio,1.0,1.1120699009947237,0.632,0.752,0.728,0.024
2,euclidean,mean_std_1.5,nearest_sphere,ratio,2.0,1.546320740722356,0.642,0.752,0.73,0.022
2,euclidean,mean_std_1.5,nearest_sphere,inverse_margin,0.0,0.6841222173345556,0.612,0.752,0.724,0.028
2,euclidean,mean_std_1.5,nearest_sphere,inverse_margin,0.25,0.8852900630439171,0.632,0.752,0.728,0.024
2,euclidean,mean_std_1.5,nearest_sphere,inverse_margin,0.5,1.0864184932967533,0.642,0.752,0.73,0.022
2,euclidean,mean_std_1.5,nearest_sphere,inverse_margin,1.0,1.4675263694688605,0.642,0.752,0.73,0.022
2,euclidean,mean_std_1.5,nearest_sphere,inverse_margin,2.0,2.3181856835819628,0.652,0.752,0.732,0.02
2,euclidean,mean_std_1.5,nearest_sphere,max_ratio,0.0,0.6841222173345556,0.612,0.752,0.724,0.028
2,euclidean,mean_std_1.5,nearest_sphere,max_ratio,0.25,0.6841222173345556,0.612,0.752,0.724,0.028
2,euclidean,mean_std_1.5,nearest_sphere,max_ratio,0.5,0.6841222173345556,0.612,0.752,0.724,0.028
2,euclidean,mean_std_1.5,nearest_sphere,max_ratio,1.0,0.7007855609047847,0.612,0.752,0.724,0.028
2,euclidean,mean_std_1.5,nearest_sphere,max_ratio,2.0,0.961968994026875,0.652,0.752,0.732,0.02
2,euclidean,mean_std_1.5,normalized_union,none,0.0,0.6297642703902888,0.582,0.752,0.718,0.034
2,euclidean,mean_std_1.5,normalized_union,none,0.25,0.6297642703902888,0.582,0.752,0.718,0.034
2,euclidean,mean_std_1.5,normalized_union,none,0.5,0.6297642703902888,0.582,0.752,0.718,0.034
2,euclidean,mean_std_1.5,normalized_union,none,1.0,0.6297642703902888,0.582,0.752,0.718,0.034
2,euclidean,mean_std_1.5,normalized_union,none,2.0,0.6297642703902888,0.582,0.752,0.718,0.034
2,euclidean,mean_std_1.5,normalized_union,ratio,0.0,0.6297642703902888,0.582,0.752,0.718,0.034
2,euclidean,mean_std_1.5,normalized_union,ratio,0.25,0.7256976933612599,0.612,0.752,0.724,0.028
2,euclidean,mean_std_1.5,normalized_union,ratio,0.5,0.8249377046275463,0.622,0.752,0.726,0.026
2,euclidean,mean_std_1.5,normalized_union,ratio,1.0,1.04433931522554,0.632,0.752,0.728,0.024
2,euclidean,mean_std_1.5,normalized_union,ratio,2.0,1.4842535957982819,0.632,0.752,0.728,0.024
2,euclidean,mean_std_1.5,normalized_union,inverse_margin,0.0,0.6297642703902888,0.582,0.752,0.718,0.034
2,euclidean,mean_std_1.5,normalized_union,inverse_margin,0.25,0.8043109022222545,0.632,0.752,0.728,0.024
2,euclidean,mean_std_1.5,normalized_union,inverse_margin,0.5,0.9972098611790363,0.632,0.752,0.728,0.024
2,euclidean,mean_std_1.5,normalized_union,inverse_margin,1.0,1.4204049378265893,0.642,0.752,0.73,0.022
2,euclidean,mean_std_1.5,normalized_union,inverse_margin,2.0,2.2479261912636153,0.652,0.752,0.732,0.02
2,euclidean,mean_std_1.5,normalized_union,max_ratio,0.0,0.6297642703902888,0.582,0.752,0.718,0.034
2,euclidean,mean_std_1.5,normalized_union,max_ratio,0.25,0.6297642703902888,0.582,0.752,0.718,0.034
2,euclidean,mean_std_1.5,normalized_union,max_ratio,0.5,0.6297642703902888,0.582,0.752,0.718,0.034
2,euclidean,mean_std_1.5,normalized_union,max_ratio,1.0,0.6456198081573562,0.612,0.752,0.724,0.028
2,euclidean,mean_std_1.5,normalized_union,max_ratio,2.0,0.9249878776216742,0.662,0.752,0.734,0.018
2,euclidean,mean_std_2.0,nearest_sphere,none,0.0,0.6105199438101621,0.612,0.752,0.724,0.028
2,euclidean,mean_std_2.0,nearest_sphere,none,0.25,0.6105199438101621,0.612,0.752,0.724,0.028
2,euclidean,mean_std_2.0,nearest_sphere,none,0.5,0.6105199438101621,0.612,0.752,0.724,0.028
2,euclidean,mean_std_2.0,nearest_sphere,none,1.0,0.6105199438101621,0.612,0.752,0.724,0.028
2,euclidean,mean_std_2.0,nearest_sphere,none,2.0,0.6105199438101621,0.612,0.752,0.724,0.028
2,euclidean,mean_std_2.0,nearest_sphere,ratio,0.0,0.6105199438101621,0.612,0.752,0.724,0.028
2,euclidean,mean_std_2.0,nearest_sphere,ratio,0.25,0.704463848780043,0.622,0.752,0.726,0.026
2,euclidean,mean_std_2.0,nearest_sphere,ratio,0.5,0.8172483343736706,0.622,0.752,0.726,0.026
2,euclidean,mean_std_2.0,nearest_sphere,ratio,1.0,1.0367351910597828,0.632,0.752,0.728,0.024
2,euclidean,mean_std_2.0,nearest_sphere,ratio,2.0,1.4826752307704179,0.642,0.752,0.73,0.022
2,euclidean,mean_std_2.0,nearest_sphere,inverse_margin,0.0,0.6105199438101621,0.612,0.752,0.724,0.028
2,euclidean,mean_std_2.0,nearest_sphere,inverse_margin,0.25,0.8217693580787241,0.642,0.752,0.73,0.022
2,euclidean,mean_std_2.0,nearest_sphere,inverse_margin,0.5,1.022173892910885,0.642,0.752,0.73,0.022
2,euclidean,mean_std_2.0,nearest_sphere,inverse_margin,1.0,1.4036809580991907,0.652,0.752,0.732,0.02
2,euclidean,mean_std_2.0,nearest_sphere,inverse_margin,2.0,2.266615617541983,0.662,0.752,0.734,0.018
2,euclidean,mean_std_2.0,nearest_sphere,max_ratio,0.0,0.6105199438101621,0.612,0.752,0.724,0.028
2,euclidean,mean_std_2.0,nearest_sphere,max_ratio,0.25,0.6105199438101621,0.612,0.752,0.724,0.028
2,euclidean,mean_std_2.0,nearest_sphere,max_ratio,0.5,0.6105199438101621,0.612,0.752,0.724,0.028
2,euclidean,mean_std_2.0,nearest_sphere,max_ratio,1.0,0.6356100097512601,0.612,0.752,0.724,0.028
2,euclidean,mean_std_2.0,nearest_sphere,max_ratio,2.0,0.935242173279046,0.672,0.752,0.736,0.016
2,euclidean,mean_std_2.0,normalized_union,none,0.0,0.5703168693551939,0.572,0.752,0.716,0.036
2,euclidean,mean_std_2.0,normalized_union,none,0.25,0.5703168693551939,0.572,0.752,0.716,0.036
2,euclidean,mean_std_2.0,normalized_union,none,0.5,0.5703168693551939,0.572,0.752,0.716,0.036
2,euclidean,mean_std_2.0,normalized_union,none,1.0,0.5703168693551939,0.572,0.752,0.716,0.036
2,euclidean,mean_std_2.0,normalized_union,none,2.0,0.5703168693551939,0.572,0.752,0.716,0.036
2,euclidean,mean_std_2.0,normalized_union,ratio,0.0,0.5703168693551939,0.572,0.752,0.716,0.036
2,euclidean,mean_std_2.0,normalized_union,ratio,0.25,0.6615373678763056,0.622,0.752,0.726,0.026
2,euclidean,mean_std_2.0,normalized_union,ratio,0.5,0.7589062381519119,0.622,0.752,0.726,0.026
2,euclidean,mean_std_2.0,normalized_union,ratio,1.0,0.9762251039080938,0.632,0.752,0.728,0.024
2,euclidean,mean_std_2.0,normalized_union,ratio,2.0,1.4198033595066766,0.632,0.752,0.728,0.024
2,euclidean,mean_std_2.0,normalized_union,inverse_margin,0.0,0.5703168693551939,0.572,0.752,0.716,0.036
2,euclidean,mean_std_2.0,normalized_union,inverse_margin,0.25,0.7474244524440795,0.632,0.752,0.728,0.024
2,euclidean,mean_std_2.0,normalized_union,inverse_margin,0.5,0.934652637369686,0.632,0.752,0.728,0.024
2,euclidean,mean_std_2.0,normalized_union,inverse_margin,1.0,1.3493606869267856,0.642,0.752,0.73,0.022
2,euclidean,mean_std_2.0,normalized_union,inverse_margin,2.0,2.185702841683523,0.652,0.752,0.732,0.02
2,euclidean,mean_std_2.0,normalized_union,max_ratio,0.0,0.5703168693551939,0.572,0.752,0.716,0.036
2,euclidean,mean_std_2.0,normalized_union,max_ratio,0.25,0.5703168693551939,0.572,0.752,0.716,0.036
2,euclidean,mean_std_2.0,normalized_union,max_ratio,0.5,0.5703168693551939,0.572,0.752,0.716,0.036
2,euclidean,mean_std_2.0,normalized_union,max_ratio,1.0,0.5853886149696531,0.622,0.752,0.726,0.026
2,euclidean,mean_std_2.0,normalized_union,max_ratio,2.0,0.9192439675386236,0.662,0.752,0.734,0.018
2,euclidean,mean_std_3.0,nearest_sphere,none,0.0,0.504482571739911,0.612,0.752,0.724,0.028
2,euclidean,mean_std_3.0,nearest_sphere,none,0.25,0.504482571739911,0.612,0.752,0.724,0.028
2,euclidean,mean_std_3.0,nearest_sphere,none,0.5,0.504482571739911,0.612,0.752,0.724,0.028
2,euclidean,mean_std_3.0,nearest_sphere,none,1.0,0.504482571739911,0.612,0.752,0.724,0.028
2,euclidean,mean_std_3.0,nearest_sphere,none,2.0,0.504482571739911,0.612,0.752,0.724,0.028
2,euclidean,mean_std_3.0,nearest_sphere,ratio,0.0,0.504482571739911,0.612,0.752,0.724,0.028
2,euclidean,mean_std_3.0,nearest_sphere,ratio,0.25,0.6037828970417338,0.622,0.752,0.726,0.026
2,euclidean,mean_std_3.0,nearest_sphere,ratio,0.5,0.7117288127996876,0.622,0.752,0.726,0.026
2,euclidean,mean_std_3.0,nearest_sphere,ratio,1.0,0.9379396376210245,0.642,0.752,0.73,0.022
2,euclidean,mean_std_3.0,nearest_sphere,ratio,2.0,1.373095433711053,0.642,0.752,0.73,0.022
2,euclidean,mean_std_3.0,nearest_sphere,inverse_margin,0.0,0.504482571739911,0.612,0.752,0.724,0.028
2,euclidean,mean_std_3.0,nearest_sphere,inverse_margin,0.25,0.7068922582222997,0.642,0.752,0.73,0.022
2,euclidean,mean_std_3.0,nearest_sphere,inverse_margin,0.5,0.899827858371659,0.642,0.752,0.73,0.022
2,euclidean,mean_std_3.0,nearest_sphere,inverse_margin,1.0,1.3087756790304168,0.652,0.752,0.732,0.02
2,euclidean,mean_std_3.0,nearest_sphere,inverse_margin,2.0,2.170963412055919,0.652,0.752,0.732,0.02
2,euclidean,mean_std_3.0,nearest_sphere,max_ratio,0.0,0.504482571739911,0.612,0.752,0.724,0.028
2,euclidean,mean_std_3.0,nearest_sphere,max_ratio,0.25,0.504482571739911,0.612,0.752,0.724,0.028
2,euclidean,mean_std_3.0,nearest_sphere,max_ratio,0.5,0.504482571739911,0.612,0.752,0.724,0.028
2,euclidean,mean_std_3.0,nearest_sphere,max_ratio,1.0,0.5515071773871859,0.632,0.752,0.728,0.024
2,euclidean,mean_std_3.0,nearest_sphere,max_ratio,2.0,0.9261414449143933,0.662,0.752,0.734,0.018
2,euclidean,mean_std_3.0,normalized_union,none,0.0,0.47530442503227877,0.572,0.752,0.716,0.036
2,euclidean,mean_std_3.0,normalized_union,none,0.25,0.47530442503227877,0.572,0.752,0.716,0.036
2,euclidean,mean_std_3.0,normalized_union,none,0.5,0.47530442503227877,0.572,0.752,0.716,0.036
2,euclidean,mean_std_3.0,normalized_union,none,1.0,0.47530442503227877,0.572,0.752,0.716,0.036
2,euclidean,mean_std_3.0,normalized_union,none,2.0,0.47530442503227877,0.572,0.752,0.716,0.036
2,euclidean,mean_std_3.0,normalized_union,ratio,0.0,0.47530442503227877,0.572,0.752,0.716,0.036
2,euclidean,mean_std_3.0,normalized_union,ratio,0.25,0.5665671664162903,0.622,0.752,0.726,0.026
2,euclidean,mean_std_3.0,normalized_union,ratio,0.5,0.6611400451472653,0.632,0.752,0.728,0.024
2,euclidean,mean_std_3.0,normalized_union,ratio,1.0,0.8768861435216754,0.632,0.752,0.728,0.024
2,euclidean,mean_std_3.0,normalized_union,ratio,2.0,1.3282669048759943,0.632,0.752,0.728,0.024
2,euclidean,mean_std_3.0,normalized_union,inverse_margin,0.0,0.47530442503227877,0.572,0.752,0.716,0.036
2,euclidean,mean_std_3.0,normalized_union,inverse_margin,0.25,0.6447867770024996,0.632,0.752,0.728,0.024
2,euclidean,mean_std_3.0,normalized_union,inverse_margin,0.5,0.8365673743622539,0.632,0.752,0.728,0.024
2,euclidean,mean_std_3.0,normalized_union,inverse_margin,1.0,1.2602061673750045,0.652,0.752,0.732,0.02
2,euclidean,mean_std_3.0,normalized_union,inverse_margin,2.0,2.0988953928044465,0.652,0.752,0.732,0.02
2,euclidean,mean_std_3.0,normalized_union,max_ratio,0.0,0.47530442503227877,0.572,0.752,0.716,0.036
2,euclidean,mean_std_3.0,normalized_union,max_ratio,0.25,0.47530442503227877,0.572,0.752,0.716,0.036
2,euclidean,mean_std_3.0,normalized_union,max_ratio,0.5,0.47530442503227877,0.572,0.752,0.716,0.036
2,euclidean,mean_std_3.0,normalized_union,max_ratio,1.0,0.5050596154484457,0.632,0.752,0.728,0.024
2,euclidean,mean_std_3.0,normalized_union,max_ratio,2.0,0.9192439675386236,0.662,0.752,0.734,0.018
2,euclidean,center_quantile_0.5,nearest_sphere,none,0.0,1.211730763280826,0.572,0.752,0.716,0.036
2,euclidean,center_quantile_0.5,nearest_sphere,none,0.25,1.211730763280826,0.572,0.752,0.716,0.036
2,euclidean,center_quantile_0.5,nearest_sphere,none,0.5,1.211730763280826,0.572,0.752,0.716,0.036
2,euclidean,center_quantile_0.5,nearest_sphere,none,1.0,1.211730763280826,0.572,0.752,0.716,0.036
2,euclidean,center_quantile_0.5,nearest_sphere,none,2.0,1.211730763280826,0.572,0.752,0.716,0.036
2,euclidean,center_quantile_0.5,nearest_sphere,ratio,0.0,1.211730763280826,0.572,0.752,0.716,0.036
2,euclidean,center_quantile_0.5,nearest_sphere,ratio,0.25,1.3200772366499685,0.582,0.752,0.718,0.034
2,euclidean,center_quantile_0.5,nearest_sphere,ratio,0.5,1.4244123144413592,0.592,0.752,0.72,0.032
2,euclidean,center_quantile_0.5,nearest_sphere,ratio,1.0,1.6298718903992813,0.622,0.752,0.726,0.026
2,euclidean,center_quantile_0.5,nearest_sphere,ratio,2.0,2.077292606716095,0.632,0.752,0.728,0.024
2,euclidean,center_quantile_0.5,nearest_sphere,inverse_margin,0.0,1.211730763280826,0.572,0.752,0.716,0.036
2,euclidean,center_quantile_0.5,nearest_sphere,inverse_margin,0.25,1.4338370007599865,0.612,0.752,0.724,0.028
2,euclidean,center_quantile_0.5,nearest_sphere,inverse_margin,0.5,1.6249947120465524,0.632,0.752,0.728,0.024
2,euclidean,center_quantile_0.5,nearest_sphere,inverse_margin,1.0,2.0378534968367665,0.642,0.752,0.73,0.022
2,euclidean,center_quantile_0.5,nearest_sphere,inverse_margin,2.0,2.7891201533237044,0.652,0.752,0.732,0.02
2,euclidean,center_quantile_0.5,nearest_sphere,max_ratio,0.0,1.211730763280826,0.572,0.752,0.716,0.036
2,euclidean,center_quantile_0.5,nearest_sphere,max_ratio,0.25,1.211730763280826,0.572,0.752,0.716,0.036
2,euclidean,center_quantile_0.5,nearest_sphere,max_ratio,0.5,1.211730763280826,0.572,0.752,0.716,0.036
2,euclidean,center_quantile_0.5,nearest_sphere,max_ratio,1.0,1.211730763280826,0.572,0.752,0.716,0.036
2,euclidean,center_quantile_0.5,nearest_sphere,max_ratio,2.0,1.278892910243035,0.592,0.752,0.72,0.032
2,euclidean,center_quantile_0.5,normalized_union,none,0.0,1.0180180119589288,0.602,0.752,0.722,0.03
2,euclidean,center_quantile_0.5,normalized_union,none,0.25,1.0180180119589288,0.602,0.752,0.722,0.03
2,euclidean,center_quantile_0.5,normalized_union,none,0.5,1.0180180119589288,0.602,0.752,0.722,0.03
2,euclidean,center_quantile_0.5,normalized_union,none,1.0,1.0180180119589288,0.602,0.752,0.722,0.03
2,euclidean,center_quantile_0.5,normalized_union,none,2.0,1.0180180119589288,0.602,0.752,0.722,0.03
2,euclidean,center_quantile_0.5,normalized_union,ratio,0.0,1.0180180119589288,0.602,0.752,0.722,0.03
2,euclidean,center_quantile_0.5,normalized_union,ratio,0.25,1.124785996510713,0.622,0.752,0.726,0.026
2,euclidean,center_quantile_0.5,normalized_union,ratio,0.5,1.2387445307716574,0.632,0.752,0.728,0.024
2,euclidean,center_quantile_0.5,normalized_union,ratio,1.0,1.458056450067327,0.632,0.752,0.728,0.024
2,euclidean,center_quantile_0.5,normalized_union,ratio,2.0,1.9267724405630207,0.632,0.752,0.728,0.024
2,euclidean,center_quantile_0.5,normalized_union,inverse_margin,0.0,1.0180180119589288,0.602,0.752,0.722,0.03
2,euclidean,center_quantile_0.5,normalized_union,inverse_margin,0.25,1.22808289688683,0.622,0.752,0.726,0.026
2,euclidean,center_quantile_0.5,normalized_union,inverse_margin,0.5,1.4377872662246403,0.632,0.752,0.728,0.024
2,euclidean,center_quantile_0.5,normalized_union,inverse_margin,1.0,1.8571574377933038,0.632,0.752,0.728,0.024
2,euclidean,center_quantile_0.5,normalized_union,inverse_margin,2.0,2.654107138676748,0.652,0.752,0.732,0.02
2,euclidean,center_quantile_0.5,normalized_union,max_ratio,0.0,1.0180180119589288,0.602,0.752,0.722,0.03
2,euclidean,center_quantile_0.5,normalized_union,max_ratio,0.25,1.0180180119589288,0.602,0.752,0.722,0.03
2,euclidean,center_quantile_0.5,normalized_union,max_ratio,0.5,1.0180180119589288,0.602,0.752,0.722,0.03
2,euclidean,center_quantile_0.5,normalized_union,max_ratio,1.0,1.0180180119589288,0.602,0.752,0.722,0.03
2,euclidean,center_quantile_0.5,normalized_union,max_ratio,2.0,1.096861770075383,0.632,0.752,0.728,0.024
2,euclidean,intent_quantile_0.5,nearest_sphere,none,0.0,1.2772021751361924,0.602,0.752,0.722,0.03
2,euclidean,intent_quantile_0.5,nearest_sphere,none,0.25,1.2772021751361924,0.602,0.752,0.722,0.03
2,euclidean,intent_quantile_0.5,nearest_sphere,none,0.5,1.2772021751361924,0.602,0.752,0.722,0.03
2,euclidean,intent_quantile_0.5,nearest_sphere,none,1.0,1.2772021751361924,0.602,0.752,0.722,0.03
2,euclidean,intent_quantile_0.5,nearest_sphere,none,2.0,1.2772021751361924,0.602,0.752,0.722,0.03
2,euclidean,intent_quantile_0.5,nearest_sphere,ratio,0.0,1.2772021751361924,0.602,0.752,0.722,0.03
2,euclidean,intent_quantile_0.5,nearest_sphere,ratio,0.25,1.378063720489043,0.612,0.752,0.724,0.028
2,euclidean,intent_quantile_0.5,nearest_sphere,ratio,0.5,1.464959987933819,0.622,0.752,0.726,0.026
2,euclidean,intent_quantile_0.5,nearest_sphere,ratio,1.0,1.7123923631021336,0.622,0.752,0.726,0.026
2,euclidean,intent_quantile_0.5,nearest_sphere,ratio,2.0,2.175508589051664,0.632,0.752,0.728,0.024
2,euclidean,intent_quantile_0.5,nearest_sphere,inverse_margin,0.0,1.2772021751361924,0.602,0.752,0.722,0.03
2,euclidean,intent_quantile_0.5,nearest_sphere,inverse_margin,0.25,1.4974554684242212,0.612,0.752,0.724,0.028
2,euclidean,intent_quantile_0.5,nearest_sphere,inverse_margin,0.5,1.7364142992484521,0.622,0.752,0.726,0.026
2,euclidean,intent_quantile_0.5,nearest_sphere,inverse_margin,1.0,2.0768032852282072,0.642,0.752,0.73,0.022
2,euclidean,intent_quantile_0.5,nearest_sphere,inverse_margin,2.0,2.9735667281019813,0.642,0.752,0.73,0.022
2,euclidean,intent_quantile_0.5,nearest_sphere,max_ratio,0.0,1.2772021751361924,0.602,0.752,0.722,0.03
2,euclidean,intent_quantile_0.5,nearest_sphere,max_ratio,0.25,1.2772021751361924,0.602,0.752,0.722,0.03
2,euclidean,intent_quantile_0.5,nearest_sphere,max_ratio,0.5,1.2772021751361924,0.602,0.752,0.722,0.03
2,euclidean,intent_quantile_0.5,nearest_sphere,max_ratio,1.0,1.2772021751361924,0.602,0.752,0.722,0.03
2,euclidean,intent_quantile_0.5,nearest_sphere,max_ratio,2.0,1.3189445274673277,0.612,0.752,0.724,0.028
2,euclidean,intent_quantile_0.5,normalized_union,none,0.0,1.2734472873044107,0.562,0.752,0.714,0.038
2,euclidean,intent_quantile_0.5,normalized_union,none,0.25,1.2734472873044107,0.562,0.752,0.714,0.038
2,euclidean,intent_quantile_0.5,normalized_union,none,0.5,1.2734472873044107,0.562,0.752,0.714,0.038
2,euclidean,intent_quantile_0.5,normalized_union,none,1.0,1.2734472873044107,0.562,0.752,0.714,0.038
2,euclidean,intent_quantile_0.5,normalized_union,none,2.0,1.2734472873044107,0.562,0.752,0.714,0.038
2,euclidean,intent_quantile_0.5,normalized_union,ratio,0.0,1.2734472873044107,0.562,0.752,0.714,0.038
2,euclidean,intent_quantile_0.5,normalized_union,ratio,0.25,1.365629735503613,0.592,0.752,0.72,0.032
2,euclidean,intent_quantile_0.5,normalized_union,ratio,0.5,1.464959987933819,0.612,0.752,0.724,0.028
2,euclidean,intent_quantile_0.5,normalized_union,ratio,1.0,1.7123923631021336,0.622,0.752,0.726,0.026
2,euclidean,intent_quantile_0.5,normalized_union,ratio,2.0,2.175508589051664,0.632,0.752,0.728,0.024
2,euclidean,intent_quantile_0.5,normalized_union,inverse_margin,0.0,1.2734472873044107,0.562,0.752,0.714,0.038
2,euclidean,intent_quantile_0.5,normalized_union,inverse_margin,0.25,1.4974554684242212,0.612,0.752,0.724,0.028
2,euclidean,intent_quantile_0.5,normalized_union,inverse_margin,0.5,1.7364142992484521,0.622,0.752,0.726,0.026
2,euclidean,intent_quantile_0.5,normalized_union,inverse_margin,1.0,2.0768032852282072,0.642,0.752,0.73,0.022
2,euclidean,intent_quantile_0.5,normalized_union,inverse_margin,2.0,2.9735667281019813,0.642,0.752,0.73,0.022
2,euclidean,intent_quantile_0.5,normalized_union,max_ratio,0.0,1.2734472873044107,0.562,0.752,0.714,0.038
2,euclidean,intent_quantile_0.5,normalized_union,max_ratio,0.25,1.2734472873044107,0.562,0.752,0.714,0.038
2,euclidean,intent_quantile_0.5,normalized_union,max_ratio,0.5,1.2734472873044107,0.562,0.752,0.714,0.038
2,euclidean,intent_quantile_0.5,normalized_union,max_ratio,1.0,1.2734472873044107,0.562,0.752,0.714,0.038
2,euclidean,intent_quantile_0.5,normalized_union,max_ratio,2.0,1.3189445274673277,0.612,0.752,0.724,0.028
2,euclidean,center_quantile_0.7,nearest_sphere,none,0.0,1.0144446772491063,0.572,0.752,0.716,0.036
2,euclidean,center_quantile_0.7,nearest_sphere,none,0.25,1.0144446772491063,0.572,0.752,0.716,0.036
2,euclidean,center_quantile_0.7,nearest_sphere,none,0.5,1.0144446772491063,0.572,0.752,0.716,0.036
2,euclidean,center_quantile_0.7,nearest_sphere,none,1.0,1.0144446772491063,0.572,0.752,0.716,0.036
2,euclidean,center_quantile_0.7,nearest_sphere,none,2.0,1.0144446772491063,0.572,0.752,0.716,0.036
2,euclidean,center_quantile_0.7,nearest_sphere,ratio,0.0,1.0144446772491063,0.572,0.752,0.716,0.036
2,euclidean,center_quantile_0.7,nearest_sphere,ratio,0.25,1.1058232622795636,0.592,0.752,0.72,0.032
2,euclidean,center_quantile_0.7,nearest_sphere,ratio,0.5,1.2164398966192855,0.592,0.752,0.72,0.032
2,euclidean,center_quantile_0.7,nearest_sphere,ratio,1.0,1.44597630965738,0.622,0.752,0.726,0.026
2,euclidean,center_quantile_0.7,nearest_sphere,ratio,2.0,1.8937422959494934,0.642,0.752,0.73,0.022
2,euclidean,center_quantile_0.7,nearest_sphere,inverse_margin,0.0,1.0144446772491063,0.572,0.752,0.716,0.036
2,euclidean,center_quantile_0.7,nearest_sphere,inverse_margin,0.25,1.2332237372417536,0.612,0.752,0.724,0.028
2,euclidean,center_quantile_0.7,nearest_sphere,inverse_margin,0.5,1.436656760807967,0.642,0.752,0.73,0.022
2,euclidean,center_quantile_0.7,nearest_sphere,inverse_margin,1.0,1.8235413933542426,0.642,0.752,0.73,0.022
2,euclidean,center_quantile_0.7,nearest_sphere,inverse_margin,2.0,2.608007946420541,0.652,0.752,0.732,0.02
2,euclidean,center_quantile_0.7,nearest_sphere,max_ratio,0.0,1.0144446772491063,0.572,0.752,0.716,0.036
2,euclidean,center_quantile_0.7,nearest_sphere,max_ratio,0.25,1.0144446772491063,0.572,0.752,0.716,0.036
2,euclidean,center_quantile_0.7,nearest_sphere,max_ratio,0.5,1.0144446772491063,0.572,0.752,0.716,0.036
2,euclidean,center_quantile_0.7,nearest_sphere,max_ratio,1.0,1.0144446772491063,0.572,0.752,0.716,0.036
2,euclidean,center_quantile_0.7,nearest_sphere,max_ratio,2.0,1.1406494951780821,0.622,0.752,0.726,0.026
2,euclidean,center_quantile_0.7,normalized_union,none,0.0,0.8521276411415545,0.592,0.752,0.72,0.032
2,euclidean,center_quantile_0.7,normalized_union,none,0.25,0.8521276411415545,0.592,0.752,0.72,0.032
2,euclidean,center_quantile_0.7,normalized_union,none,0.5,0.8521276411415545,0.592,0.752,0.72,0.032
2,euclidean,center_quantile_0.7,normalized_union,none,1.0,0.8521276411415545,0.592,0.752,0.72,0.032
2,euclidean,center_quantile_0.7,normalized_union,none,2.0,0.8521276411415545,0.592,0.752,0.72,0.032
2,euclidean,center_quantile_0.7,normalized_union,ratio,0.0,0.8521276411415545,0.592,0.752,0.72,0.032
2,euclidean,center_quantile_0.7,normalized_union,ratio,0.25,0.9491077769574734,0.622,0.752,0.726,0.026
2,euclidean,center_quantile_0.7,normalized_union,ratio,0.5,1.064291073849967,0.632,0.752,0.728,0.024
2,euclidean,center_quantile_0.7,normalized_union,ratio,1.0,1.2981268908531134,0.632,0.752,0.728,0.024
2,euclidean,center_quantile_0.7,normalized_union,ratio,2.0,1.7453731424237973,0.632,0.752,0.728,0.024
2,euclidean,center_quantile_0.7,normalized_union,inverse_margin,0.0,0.8521276411415545,0.592,0.752,0.72,0.032
2,euclidean,center_quantile_0.7,normalized_union,inverse_margin,0.25,1.0687236796948199,0.632,0.752,0.728,0.024
2,euclidean,center_quantile_0.7,normalized_union,inverse_margin,0.5,1.2610312568122621,0.632,0.752,0.728,0.024
2,euclidean,center_quantile_0.7,normalized_union,inverse_margin,1.0,1.6623146153743,0.632,0.752,0.728,0.024
2,euclidean,center_quantile_0.7,normalized_union,inverse_margin,2.0,2.4826368501320997,0.652,0.752,0.732,0.02
2,euclidean,center_quantile_0.7,normalized_union,max_ratio,0.0,0.8521276411415545,0.592,0.752,0.72,0.032
2,euclidean,center_quantile_0.7,normalized_union,max_ratio,0.25,0.8521276411415545,0.592,0.752,0.72,0.032
2,euclidean,center_quantile_0.7,normalized_union,max_ratio,0.5,0.8521276411415545,0.592,0.752,0.72,0.032
2,euclidean,center_quantile_0.7,normalized_union,max_ratio,1.0,0.8576130543882227,0.612,0.752,0.724,0.028
2,euclidean,center_quantile_0.7,normalized_union,max_ratio,2.0,0.9830149890721017,0.642,0.752,0.73,0.022
2,euclidean,intent_quantile_0.7,nearest_sphere,none,0.0,1.0458725283994197,0.612,0.752,0.724,0.028
2,euclidean,intent_quantile_0.7,nearest_sphere,none,0.25,1.0458725283994197,0.612,0.752,0.724,0.028
2,euclidean,intent_quantile_0.7,nearest_sphere,none,0.5,1.0458725283994197,0.612,0.752,0.724,0.028
2,euclidean,intent_quantile_0.7,nearest_sphere,none,1.0,1.0458725283994197,0.612,0.752,0.724,0.028
2,euclidean,intent_quantile_0.7,nearest_sphere,none,2.0,1.0458725283994197,0.612,0.752,0.724,0.028
2,euclidean,intent_quantile_0.7,nearest_sphere,ratio,0.0,1.0458725283994197,0.612,0.752,0.724,0.028
2,euclidean,intent_quantile_0.7,nearest_sphere,ratio,0.25,1.136593715963473,0.622,0.752,0.726,0.026
2,euclidean,intent_quantile_0.7,nearest_sphere,ratio,0.5,1.2498454146716917,0.622,0.752,0.726,0.026
2,euclidean,intent_quantile_0.7,nearest_sphere,ratio,1.0,1.4672972458209617,0.622,0.752,0.726,0.026
2,euclidean,intent_quantile_0.7,nearest_sphere,ratio,2.0,1.9139489996631358,0.642,0.752,0.73,0.022
2,euclidean,intent_quantile_0.7,nearest_sphere,inverse_margin,0.0,1.0458725283994197,0.612,0.752,0.724,0.028
2,euclidean,intent_quantile_0.7,nearest_sphere,inverse_margin,0.25,1.2408351299812974,0.622,0.752,0.726,0.026
2,euclidean,intent_quantile_0.7,nearest_sphere,inverse_margin,0.5,1.4688087523523445,0.642,0.752,0.73,0.022
2,euclidean,intent_quantile_0.7,nearest_sphere,inverse_margin,1.0,1.8258334199907513,0.642,0.752,0.73,0.022
2,euclidean,intent_quantile_0.7,nearest_sphere,inverse_margin,2.0,2.7380442479022093,0.652,0.752,0.732,0.02
2,euclidean,intent_quantile_0.7,nearest_sphere,max_ratio,0.0,1.0458725283994197,0.612,0.752,0.724,0.028
2,euclidean,intent_quantile_0.7,nearest_sphere,max_ratio,0.25,1.0458725283994197,0.612,0.752,0.724,0.028
2,euclidean,intent_quantile_0.7,nearest_sphere,max_ratio,0.5,1.0458725283994197,0.612,0.752,0.724,0.028
2,euclidean,intent_quantile_0.7,nearest_sphere,max_ratio,1.0,1.0458725283994197,0.612,0.752,0.724,0.028
2,euclidean,intent_quantile_0.7,nearest_sphere,max_ratio,2.0,1.1393005398307372,0.632,0.752,0.728,0.024
2,euclidean,intent_quantile_0.7,normalized_union,none,0.0,1.0458725283994197,0.612,0.752,0.724,0.028
2,euclidean,intent_quantile_0.7,normalized_union,none,0.25,1.0458725283994197,0.612,0.752,0.724,0.028
2,euclidean,intent_quantile_0.7,normalized_union,none,0.5,1.0458725283994197,0.612,0.752,0.724,0.028
2,euclidean,intent_quantile_0.7,normalized_union,none,1.0,1.0458725283994197,0.612,0.752,0.724,0.028
2,euclidean,intent_quantile_0.7,normalized_union,none,2.0,1.0458725283994197,0.612,0.752,0.724,0.028
2,euclidean,intent_quantile_0.7,normalized_union,ratio,0.0,1.0458725283994197,0.612,0.752,0.724,0.028
2,euclidean,intent_quantile_0.7,normalized_union,ratio,0.25,1.136593715963473,0.622,0.752,0.726,0.026
2,euclidean,intent_quantile_0.7,normalized_union,ratio,0.5,1.2498454146716917,0.622,0.752,0.726,0.026
2,euclidean,intent_quantile_0.7,normalized_union,ratio,1.0,1.4672972458209617,0.622,0.752,0.726,0.026
2,euclidean,intent_quantile_0.7,normalized_union,ratio,2.0,1.9139489996631358,0.642,0.752,0.73,0.022
2,euclidean,intent_quantile_0.7,normalized_union,inverse_margin,0.0,1.0458725283994197,0.612,0.752,0.724,0.028
2,euclidean,intent_quantile_0.7,normalized_union,inverse_margin,0.25,1.2408351299812974,0.622,0.752,0.726,0.026
2,euclidean,intent_quantile_0.7,normalized_union,inverse_margin,0.5,1.4688087523523445,0.642,0.752,0.73,0.022
2,euclidean,intent_quantile_0.7,normalized_union,inverse_margin,1.0,1.8258334199907513,0.642,0.752,0.73,0.022
2,euclidean,intent_quantile_0.7,normalized_union,inverse_margin,2.0,2.7380442479022093,0.652,0.752,0.732,0.02
2,euclidean,intent_quantile_0.7,normalized_union,max_ratio,0.0,1.0458725283994197,0.612,0.752,0.724,0.028
2,euclidean,intent_quantile_0.7,normalized_union,max_ratio,0.25,1.0458725283994197,0.612,0.752,0.724,0.028
2,euclidean,intent_quantile_0.7,normalized_union,max_ratio,0.5,1.0458725283994197,0.612,0.752,0.724,0.028
2,euclidean,intent_quantile_0.7,normalized_union,max_ratio,1.0,1.0458725283994197,0.612,0.752,0.724,0.028
2,euclidean,intent_quantile_0.7,normalized_union,max_ratio,2.0,1.1393005398307372,0.632,0.752,0.728,0.024
2,euclidean,center_quantile_0.8,nearest_sphere,none,0.0,0.8947513879339699,0.572,0.752,0.716,0.036
2,euclidean,center_quantile_0.8,nearest_sphere,none,0.25,0.8947513879339699,0.572,0.752,0.716,0.036
2,euclidean,center_quantile_0.8,nearest_sphere,none,0.5,0.8947513879339699,0.572,0.752,0.716,0.036
2,euclidean,center_quantile_0.8,nearest_sphere,none,1.0,0.8947513879339699,0.572,0.752,0.716,0.036
2,euclidean,center_quantile_0.8,nearest_sphere,none,2.0,0.8947513879339699,0.572,0.752,0.716,0.036
2,euclidean,center_quantile_0.8,nearest_sphere,ratio,0.0,0.8947513879339699,0.572,0.752,0.716,0.036
2,euclidean,center_quantile_0.8,nearest_sphere,ratio,0.25,0.9823568021131135,0.602,0.752,0.722,0.03
2,euclidean,center_quantile_0.8,nearest_sphere,ratio,0.5,1.0999468560471177,0.612,0.752,0.724,0.028
2,euclidean,center_quantile_0.8,nearest_sphere,ratio,1.0,1.3230058065927341,0.622,0.752,0.726,0.026
2,euclidean,center_quantile_0.8,nearest_sphere,ratio,2.0,1.7676533077519072,0.642,0.752,0.73,0.022
2,euclidean,center_quantile_0.8,nearest_sphere,inverse_margin,0.0,0.8947513879339699,0.572,0.752,0.716,0.036
2,euclidean,center_quantile_0.8,nearest_sphere,inverse_margin,0.25,1.1078585707950142,0.622,0.752,0.726,0.026
2,euclidean,center_quantile_0.8,nearest_sphere,inverse_margin,0.5,1.307714135554111,0.642,0.752,0.73,0.022
2,euclidean,center_quantile_0.8,nearest_sphere,inverse_margin,1.0,1.6894100896660738,0.642,0.752,0.73,0.022
2,euclidean,center_quantile_0.8,nearest_sphere,inverse_margin,2.0,2.490881547841138,0.652,0.752,0.732,0.02
2,euclidean,center_quantile_0.8,nearest_sphere,max_ratio,0.0,0.8947513879339699,0.572,0.752,0.716,0.036
2,euclidean,center_quantile_0.8,nearest_sphere,max_ratio,0.25,0.8947513879339699,0.572,0.752,0.716,0.036
2,euclidean,center_quantile_0.8,nearest_sphere,max_ratio,0.5,0.8947513879339699,0.572,0.752,0.716,0.036
2,euclidean,center_quantile_0.8,nearest_sphere,max_ratio,1.0,0.8949529083744695,0.572,0.752,0.716,0.036
2,euclidean,center_quantile_0.8,nearest_sphere,max_ratio,2.0,1.0506873159419952,0.632,0.752,0.728,0.024
2,euclidean,center_quantile_0.8,normalized_union,none,0.0,0.7532002203289095,0.582,0.752,0.718,0.034
2,euclidean,center_quantile_0.8,normalized_union,none,0.25,0.7532002203289095,0.582,0.752,0.718,0.034
2,euclidean,center_quantile_0.8,normalized_union,none,0.5,0.7532002203289095,0.582,0.752,0.718,0.034
2,euclidean,center_quantile_0.8,normalized_union,none,1.0,0.7532002203289095,0.582,0.752,0.718,0.034
2,euclidean,center_quantile_0.8,normalized_union,none,2.0,0.7532002203289095,0.582,0.752,0.718,0.034
2,euclidean,center_quantile_0.8,normalized_union,ratio,0.0,0.7532002203289095,0.582,0.752,0.718,0.034
2,euclidean,center_quantile_0.8,normalized_union,ratio,0.25,0.8433957231115219,0.622,0.752,0.726,0.026
2,euclidean,center_quantile_0.8,normalized_union,ratio,0.5,0.9644772515488751,0.632,0.752,0.728,0.024
2,euclidean,center_quantile_0.8,normalized_union,ratio,1.0,1.194329244726193,0.632,0.752,0.728,0.024
2,euclidean,center_quantile_0.8,normalized_union,ratio,2.0,1.631288894145495,0.632,0.752,0.728,0.024
2,euclidean,center_quantile_0.8,normalized_union,inverse_margin,0.0,0.7532002203289095,0.582,0.752,0.718,0.034
2,euclidean,center_quantile_0.8,normalized_union,inverse_margin,0.25,0.9621390093104779,0.632,0.752,0.728,0.024
2,euclidean,center_quantile_0.8,normalized_union,inverse_margin,0.5,1.1608254876949138,0.632,0.752,0.728,0.024
2,euclidean,center_quantile_0.8,normalized_union,inverse_margin,1.0,1.5470024742364856,0.632,0.752,0.728,0.024
2,euclidean,center_quantile_0.8,normalized_union,inverse_margin,2.0,2.381291071253051,0.652,0.752,0.732,0.02
2,euclidean,center_quantile_0.8,normalized_union,max_ratio,0.0,0.7532002203289095,0.582,0.752,0.718,0.034
2,euclidean,center_quantile_0.8,normalized_union,max_ratio,0.25,0.7532002203289095,0.582,0.752,0.718,0.034
2,euclidean,center_quantile_0.8,normalized_union,max_ratio,0.5,0.7532002203289095,0.582,0.752,0.718,0.034
2,euclidean,center_quantile_0.8,normalized_union,max_ratio,1.0,0.7595680154388359,0.622,0.752,0.726,0.026
2,euclidean,center_quantile_0.8,normalized_union,max_ratio,2.0,0.9435972414455732,0.652,0.752,0.732,0.02
2,euclidean,intent_quantile_0.8,nearest_sphere,none,0.0,0.8923183457817746,0.622,0.752,0.726,0.026
2,euclidean,intent_quantile_0.8,nearest_sphere,none,0.25,0.8923183457817746,0.622,0.752,0.726,0.026
2,euclidean,intent_quantile_0.8,nearest_sphere,none,0.5,0.8923183457817746,0.622,0.752,0.726,0.026
2,euclidean,intent_quantile_0.8,nearest_sphere,none,1.0,0.8923183457817746,0.622,0.752,0.726,0.026
2,euclidean,intent_quantile_0.8,nearest_sphere,none,2.0,0.8923183457817746,0.622,0.752,0.726,0.026
2,euclidean,intent_quantile_0.8,nearest_sphere,ratio,0.0,0.8923183457817746,0.622,0.752,0.726,0.026
2,euclidean,intent_quantile_0.8,nearest_sphere,ratio,0.25,0.9921577396371588,0.622,0.752,0.726,0.026
2,euclidean,intent_quantile_0.8,nearest_sphere,ratio,0.5,1.0937736114536236,0.622,0.752,0.726,0.026
2,euclidean,intent_quantile_0.8,nearest_sphere,ratio,1.0,1.3016536135572814,0.622,0.752,0.726,0.026
2,euclidean,intent_quantile_0.8,nearest_sphere,ratio,2.0,1.7535686360268115,0.642,0.752,0.73,0.022
2,euclidean,intent_quantile_0.8,nearest_sphere,inverse_margin,0.0,0.8923183457817746,0.622,0.752,0.726,0.026
2,euclidean,intent_quantile_0.8,nearest_sphere,inverse_margin,0.25,1.0879904674673035,0.622,0.752,0.726,0.026
2,euclidean,intent_quantile_0.8,nearest_sphere,inverse_margin,0.5,1.2911348488619145,0.642,0.752,0.73,0.022
2,euclidean,intent_quantile_0.8,nearest_sphere,inverse_margin,1.0,1.661349644498753,0.642,0.752,0.73,0.022
2,euclidean,intent_quantile_0.8,nearest_sphere,inverse_margin,2.0,2.5400677532644202,0.652,0.752,0.732,0.02
2,euclidean,intent_quantile_0.8,nearest_sphere,max_ratio,0.0,0.8923183457817746,0.622,0.752,0.726,0.026
2,euclidean,intent_quantile_0.8,nearest_sphere,max_ratio,0.25,0.8923183457817746,0.622,0.752,0.726,0.026
2,euclidean,intent_quantile_0.8,nearest_sphere,max_ratio,0.5,0.8923183457817746,0.622,0.752,0.726,0.026
2,euclidean,intent_quantile_0.8,nearest_sphere,max_ratio,1.0,0.8953991697209359,0.622,0.752,0.726,0.026
2,euclidean,intent_quantile_0.8,nearest_sphere,max_ratio,2.0,1.0344329791215567,0.642,0.752,0.73,0.022
2,euclidean,intent_quantile_0.8,normalized_union,none,0.0,0.8923183457817746,0.622,0.752,0.726,0.026
2,euclidean,intent_quantile_0.8,normalized_union,none,0.25,0.8923183457817746,0.622,0.752,0.726,0.026
2,euclidean,intent_quantile_0.8,normalized_union,none,0.5,0.8923183457817746,0.622,0.752,0.726,0.026
2,euclidean,intent_quantile_0.8,normalized_union,none,1.0,0.8923183457817746,0.622,0.752,0.726,0.026
2,euclidean,intent_quantile_0.8,normalized_union,none,2.0,0.8923183457817746,0.622,0.752,0.726,0.026
2,euclidean,intent_quantile_0.8,normalized_union,ratio,0.0,0.8923183457817746,0.622,0.752,0.726,0.026
2,euclidean,intent_quantile_0.8,normalized_union,ratio,0.25,0.9921577396371588,0.622,0.752,0.726,0.026
2,euclidean,intent_quantile_0.8,normalized_union,ratio,0.5,1.0937736114536236,0.622,0.752,0.726,0.026
2,euclidean,intent_quantile_0.8,normalized_union,ratio,1.0,1.3016536135572814,0.622,0.752,0.726,0.026
2,euclidean,intent_quantile_0.8,normalized_union,ratio,2.0,1.7535686360268115,0.642,0.752,0.73,0.022
2,euclidean,intent_quantile_0.8,normalized_union,inverse_margin,0.0,0.8923183457817746,0.622,0.752,0.726,0.026
2,euclidean,intent_quantile_0.8,normalized_union,inverse_margin,0.25,1.0879904674673035,0.622,0.752,0.726,0.026
2,euclidean,intent_quantile_0.8,normalized_union,inverse_margin,0.5,1.2911348488619145,0.642,0.752,0.73,0.022
2,euclidean,intent_quantile_0.8,normalized_union,inverse_margin,1.0,1.661349644498753,0.642,0.752,0.73,0.022
2,euclidean,intent_quantile_0.8,normalized_union,inverse_margin,2.0,2.5400677532644202,0.652,0.752,0.732,0.02
2,euclidean,intent_quantile_0.8,normalized_union,max_ratio,0.0,0.8923183457817746,0.622,0.752,0.726,0.026
2,euclidean,intent_quantile_0.8,normalized_union,max_ratio,0.25,0.8923183457817746,0.622,0.752,0.726,0.026
2,euclidean,intent_quantile_0.8,normalized_union,max_ratio,0.5,0.8923183457817746,0.622,0.752,0.726,0.026
2,euclidean,intent_quantile_0.8,normalized_union,max_ratio,1.0,0.8953991697209359,0.622,0.752,0.726,0.026
2,euclidean,intent_quantile_0.8,normalized_union,max_ratio,2.0,1.0344329791215567,0.642,0.752,0.73,0.022
2,euclidean,center_quantile_0.9,nearest_sphere,none,0.0,0.7562163842406108,0.582,0.752,0.718,0.034
2,euclidean,center_quantile_0.9,nearest_sphere,none,0.25,0.7562163842406108,0.582,0.752,0.718,0.034
2,euclidean,center_quantile_0.9,nearest_sphere,none,0.5,0.7562163842406108,0.582,0.752,0.718,0.034
2,euclidean,center_quantile_0.9,nearest_sphere,none,1.0,0.7562163842406108,0.582,0.752,0.718,0.034
2,euclidean,center_quantile_0.9,nearest_sphere,none,2.0,0.7562163842406108,0.582,0.752,0.718,0.034
2,euclidean,center_quantile_0.9,nearest_sphere,ratio,0.0,0.7562163842406108,0.582,0.752,0.718,0.034
2,euclidean,center_quantile_0.9,nearest_sphere,ratio,0.25,0.8417086665164112,0.612,0.752,0.724,0.028
2,euclidean,center_quantile_0.9,nearest_sphere,ratio,0.5,0.9296524229341737,0.622,0.752,0.726,0.026
2,euclidean,center_quantile_0.9,nearest_sphere,ratio,1.0,1.1458539348387107,0.632,0.752,0.728,0.024
2,euclidean,center_quantile_0.9,nearest_sphere,ratio,2.0,1.6099335099637322,0.642,0.752,0.73,0.022
2,euclidean,center_quantile_0.9,nearest_sphere,inverse_margin,0.0,0.7562163842406108,0.582,0.752,0.718,0.034
2,euclidean,center_quantile_0.9,nearest_sphere,inverse_margin,0.25,0.9406212916757536,0.612,0.752,0.724,0.028
2,euclidean,center_quantile_0.9,nearest_sphere,inverse_margin,0.5,1.1412101653921431,0.642,0.752,0.73,0.022
2,euclidean,center_quantile_0.9,nearest_sphere,inverse_margin,1.0,1.5140857896690685,0.642,0.752,0.73,0.022
2,euclidean,center_quantile_0.9,nearest_sphere,inverse_margin,2.0,2.3332190882247255,0.652,0.752,0.732,0.02
2,euclidean,center_quantile_0.9,nearest_sphere,max_ratio,0.0,0.7562163842406108,0.582,0.752,0.718,0.034
2,euclidean,center_quantile_0.9,nearest_sphere,max_ratio,0.25,0.7562163842406108,0.582,0.752,0.718,0.034
2,euclidean,center_quantile_0.9,nearest_sphere,max_ratio,0.5,0.7562163842406108,0.582,0.752,0.718,0.034
2,euclidean,center_quantile_0.9,nearest_sphere,max_ratio,1.0,0.7682887994907109,0.572,0.752,0.716,0.036
2,euclidean,center_quantile_0.9,nearest_sphere,max_ratio,2.0,0.9895084292011361,0.652,0.752,0.732,0.02
2,euclidean,center_quantile_0.9,normalized_union,none,0.0,0.6552632407258274,0.562,0.752,0.714,0.038
2,euclidean,center_quantile_0.9,normalized_union,none,0.25,0.6552632407258274,0.562,0.752,0.714,0.038
2,euclidean,center_quantile_0.9,normalized_union,none,0.5,0.6552632407258274,0.562,0.752,0.714,0.038
2,euclidean,center_quantile_0.9,normalized_union,none,1.0,0.6552632407258274,0.562,0.752,0.714,0.038
2,euclidean,center_quantile_0.9,normalized_union,none,2.0,0.6552632407258274,0.562,0.752,0.714,0.038
2,euclidean,center_quantile_0.9,normalized_union,ratio,0.0,0.6552632407258274,0.562,0.752,0.714,0.038
2,euclidean,center_quantile_0.9,normalized_union,ratio,0.25,0.7501733198197573,0.612,0.752,0.724,0.028
2,euclidean,center_quantile_0.9,normalized_union,ratio,0.5,0.8457616635540961,0.622,0.752,0.726,0.026
2,euclidean,center_quantile_0.9,normalized_union,ratio,1.0,1.0457145392737728,0.632,0.752,0.728,0.024
2,euclidean,center_quantile_0.9,normalized_union,ratio,2.0,1.4848786247739958,0.632,0.752,0.728,0.024
2,euclidean,center_quantile_0.9,normalized_union,inverse_margin,0.0,0.6552632407258274,0.562,0.752,0.714,0.038
2,euclidean,center_quantile_0.9,normalized_union,inverse_margin,0.25,0.8170140511711866,0.632,0.752,0.728,0.024
2,euclidean,center_quantile_0.9,normalized_union,inverse_margin,0.5,0.9984558640265179,0.632,0.752,0.728,0.024
2,euclidean,center_quantile_0.9,normalized_union,inverse_margin,1.0,1.4152662052106781,0.642,0.752,0.73,0.022
2,euclidean,center_quantile_0.9,normalized_union,inverse_margin,2.0,2.266833632669748,0.652,0.752,0.732,0.02
2,euclidean,center_quantile_0.9,normalized_union,max_ratio,0.0,0.6552632407258274,0.562,0.752,0.714,0.038
2,euclidean,center_quantile_0.9,normalized_union,max_ratio,0.25,0.6552632407258274,0.562,0.752,0.714,0.038
2,euclidean,center_quantile_0.9,normalized_union,max_ratio,0.5,0.6552632407258274,0.562,0.752,0.714,0.038
2,euclidean,center_quantile_0.9,normalized_union,max_ratio,1.0,0.6664441684372361,0.602,0.752,0.722,0.03
2,euclidean,center_quantile_0.9,normalized_union,max_ratio,2.0,0.9249878776216742,0.662,0.752,0.734,0.018
2,euclidean,intent_quantile_0.9,nearest_sphere,none,0.0,0.6769828215367263,0.622,0.752,0.726,0.026
2,euclidean,intent_quantile_0.9,nearest_sphere,none,0.25,0.6769828215367263,0.622,0.752,0.726,0.026
2,euclidean,intent_quantile_0.9,nearest_sphere,none,0.5,0.6769828215367263,0.622,0.752,0.726,0.026
2,euclidean,intent_quantile_0.9,nearest_sphere,none,1.0,0.6769828215367263,0.622,0.752,0.726,0.026
2,euclidean,intent_quantile_0.9,nearest_sphere,none,2.0,0.6769828215367263,0.622,0.752,0.726,0.026
2,euclidean,intent_quantile_0.9,nearest_sphere,ratio,0.0,0.6769828215367263,0.622,0.752,0.726,0.026
2,euclidean,intent_quantile_0.9,nearest_sphere,ratio,0.25,0.7799438935768042,0.622,0.752,0.726,0.026
2,euclidean,intent_quantile_0.9,nearest_sphere,ratio,0.5,0.8831019629981942,0.622,0.752,0.726,0.026
2,euclidean,intent_quantile_0.9,nearest_sphere,ratio,1.0,1.1046229448449334,0.632,0.752,0.728,0.024
2,euclidean,intent_quantile_0.9,nearest_sphere,ratio,2.0,1.531312358669116,0.642,0.752,0.73,0.022
2,euclidean,intent_quantile_0.9,nearest_sphere,inverse_margin,0.0,0.6769828215367263,0.622,0.752,0.726,0.026
2,euclidean,intent_quantile_0.9,nearest_sphere,inverse_margin,0.25,0.87929114899025,0.632,0.752,0.728,0.024
2,euclidean,intent_quantile_0.9,nearest_sphere,inverse_margin,0.5,1.0706473845001723,0.642,0.752,0.73,0.022
2,euclidean,intent_quantile_0.9,nearest_sphere,inverse_margin,1.0,1.4745861294409455,0.652,0.752,0.732,0.02
2,euclidean,intent_quantile_0.9,nearest_sphere,inverse_margin,2.0,2.3460195313950565,0.652,0.752,0.732,0.02
2,euclidean,intent_quantile_0.9,nearest_sphere,max_ratio,0.0,0.6769828215367263,0.622,0.752,0.726,0.026
2,euclidean,intent_quantile_0.9,nearest_sphere,max_ratio,0.25,0.6769828215367263,0.622,0.752,0.726,0.026
2,euclidean,intent_quantile_0.9,nearest_sphere,max_ratio,0.5,0.6769828215367263,0.622,0.752,0.726,0.026
2,euclidean,intent_quantile_0.9,nearest_sphere,max_ratio,1.0,0.6921713555948509,0.612,0.752,0.724,0.028
2,euclidean,intent_quantile_0.9,nearest_sphere,max_ratio,2.0,0.9359628330873143,0.662,0.752,0.734,0.018
2,euclidean,intent_quantile_0.9,normalized_union,none,0.0,0.6769828215367263,0.622,0.752,0.726,0.026
2,euclidean,intent_quantile_0.9,normalized_union,none,0.25,0.6769828215367263,0.622,0.752,0.726,0.026
2,euclidean,intent_quantile_0.9,normalized_union,none,0.5,0.6769828215367263,0.622,0.752,0.726,0.026
2,euclidean,intent_quantile_0.9,normalized_union,none,1.0,0.6769828215367263,0.622,0.752,0.726,0.026
2,euclidean,intent_quantile_0.9,normalized_union,none,2.0,0.6769828215367263,0.622,0.752,0.726,0.026
2,euclidean,intent_quantile_0.9,normalized_union,ratio,0.0,0.6769828215367263,0.622,0.752,0.726,0.026
2,euclidean,intent_quantile_0.9,normalized_union,ratio,0.25,0.7799438935768042,0.622,0.752,0.726,0.026
2,euclidean,intent_quantile_0.9,normalized_union,ratio,0.5,0.8831019629981942,0.622,0.752,0.726,0.026
2,euclidean,intent_quantile_0.9,normalized_union,ratio,1.0,1.1046229448449334,0.632,0.752,0.728,0.024
2,euclidean,intent_quantile_0.9,normalized_union,ratio,2.0,1.531312358669116,0.642,0.752,0.73,0.022
2,euclidean,intent_quantile_0.9,normalized_union,inverse_margin,0.0,0.6769828215367263,0.622,0.752,0.726,0.026
2,euclidean,intent_quantile_0.9,normalized_union,inverse_margin,0.25,0.87929114899025,0.632,0.752,0.728,0.024
2,euclidean,intent_quantile_0.9,normalized_union,inverse_margin,0.5,1.0706473845001723,0.642,0.752,0.73,0.022
2,euclidean,intent_quantile_0.9,normalized_union,inverse_margin,1.0,1.4745861294409455,0.652,0.752,0.732,0.02
2,euclidean,intent_quantile_0.9,normalized_union,inverse_margin,2.0,2.3460195313950565,0.652,0.752,0.732,0.02
2,euclidean,intent_quantile_0.9,normalized_union,max_ratio,0.0,0.6769828215367263,0.622,0.752,0.726,0.026
2,euclidean,intent_quantile_0.9,normalized_union,max_ratio,0.25,0.6769828215367263,0.622,0.752,0.726,0.026
2,euclidean,intent_quantile_0.9,normalized_union,max_ratio,0.5,0.6769828215367263,0.622,0.752,0.726,0.026
2,euclidean,intent_quantile_0.9,normalized_union,max_ratio,1.0,0.6921713555948509,0.612,0.752,0.724,0.028
2,euclidean,intent_quantile_0.9,normalized_union,max_ratio,2.0,0.9359628330873143,0.662,0.752,0.734,0.018
2,euclidean,center_quantile_0.95,nearest_sphere,none,0.0,0.6375105766744621,0.602,0.752,0.722,0.03
2,euclidean,center_quantile_0.95,nearest_sphere,none,0.25,0.6375105766744621,0.602,0.752,0.722,0.03
2,euclidean,center_quantile_0.95,nearest_sphere,none,0.5,0.6375105766744621,0.602,0.752,0.722,0.03
2,euclidean,center_quantile_0.95,nearest_sphere,none,1.0,0.6375105766744621,0.602,0.752,0.722,0.03
2,euclidean,center_quantile_0.95,nearest_sphere,none,2.0,0.6375105766744621,0.602,0.752,0.722,0.03
2,euclidean,center_quantile_0.95,nearest_sphere,ratio,0.0,0.6375105766744621,0.602,0.752,0.722,0.03
2,euclidean,center_quantile_0.95,nearest_sphere,ratio,0.25,0.724329295969599,0.622,0.752,0.726,0.026
2,euclidean,center_quantile_0.95,nearest_sphere,ratio,0.5,0.8343573016510394,0.622,0.752,0.726,0.026
2,euclidean,center_quantile_0.95,nearest_sphere,ratio,1.0,1.059189036839351,0.632,0.752,0.728,0.024
2,euclidean,center_quantile_0.95,nearest_sphere,ratio,2.0,1.4827243637642187,0.642,0.752,0.73,0.022
2,euclidean,center_quantile_0.95,nearest_sphere,inverse_margin,0.0,0.6375105766744621,0.602,0.752,0.722,0.03
2,euclidean,center_quantile_0.95,nearest_sphere,inverse_margin,0.25,0.8470562834363151,0.632,0.752,0.728,0.024
2,euclidean,center_quantile_0.95,nearest_sphere,inverse_margin,0.5,1.039811376659904,0.642,0.752,0.73,0.022
2,euclidean,center_quantile_0.95,nearest_sphere,inverse_margin,1.0,1.4121187817508032,0.652,0.752,0.732,0.02
2,euclidean,center_quantile_0.95,nearest_sphere,inverse_margin,2.0,2.2850790500246854,0.662,0.752,0.734,0.018
2,euclidean,center_quantile_0.95,nearest_sphere,max_ratio,0.0,0.6375105766744621,0.602,0.752,0.722,0.03
2,euclidean,center_quantile_0.95,nearest_sphere,max_ratio,0.25,0.6375105766744621,0.602,0.752,0.722,0.03
2,euclidean,center_quantile_0.95,nearest_sphere,max_ratio,0.5,0.6375105766744621,0.602,0.752,0.722,0.03
2,euclidean,center_quantile_0.95,nearest_sphere,max_ratio,1.0,0.6493799447834101,0.612,0.752,0.724,0.028
2,euclidean,center_quantile_0.95,nearest_sphere,max_ratio,2.0,0.9435972414455732,0.662,0.752,0.734,0.018
2,euclidean,center_quantile_0.95,normalized_union,none,0.0,0.5949330053951389,0.602,0.752,0.722,0.03
2,euclidean,center_quantile_0.95,normalized_union,none,0.25,0.5949330053951389,0.602,0.752,0.722,0.03
2,euclidean,center_quantile_0.95,normalized_union,none,0.5,0.5949330053951389,0.602,0.752,0.722,0.03
2,euclidean,center_quantile_0.95,normalized_union,none,1.0,0.5949330053951389,0.602,0.752,0.722,0.03
2,euclidean,center_quantile_0.95,normalized_union,none,2.0,0.5949330053951389,0.602,0.752,0.722,0.03
2,euclidean,center_quantile_0.95,normalized_union,ratio,0.0,0.5949330053951389,0.602,0.752,0.722,0.03
2,euclidean,center_quantile_0.95,normalized_union,ratio,0.25,0.6885759504623298,0.622,0.752,0.726,0.026
2,euclidean,center_quantile_0.95,normalized_union,ratio,0.5,0.7824895710284356,0.622,0.752,0.726,0.026
2,euclidean,center_quantile_0.95,normalized_union,ratio,1.0,0.9810428041024728,0.642,0.752,0.73,0.022
2,euclidean,center_quantile_0.95,normalized_union,ratio,2.0,1.4285814608769418,0.632,0.752,0.728,0.024
2,euclidean,center_quantile_0.95,normalized_union,inverse_margin,0.0,0.5949330053951389,0.602,0.752,0.722,0.03
2,euclidean,center_quantile_0.95,normalized_union,inverse_margin,0.25,0.7661718369124476,0.642,0.752,0.73,0.022
2,euclidean,center_quantile_0.95,normalized_union,inverse_margin,0.5,0.9456809356448261,0.632,0.752,0.728,0.024
2,euclidean,center_quantile_0.95,normalized_union,inverse_margin,1.0,1.3639959839632814,0.642,0.752,0.73,0.022
2,euclidean,center_quantile_0.95,normalized_union,inverse_margin,2.0,2.236506493803487,0.652,0.752,0.732,0.02
2,euclidean,center_quantile_0.95,normalized_union,max_ratio,0.0,0.5949330053951389,0.602,0.752,0.722,0.03
2,euclidean,center_quantile_0.95,normalized_union,max_ratio,0.25,0.5949330053951389,0.602,0.752,0.722,0.03
2,euclidean,center_quantile_0.95,normalized_union,max_ratio,0.5,0.5949330053951389,0.602,0.752,0.722,0.03
2,euclidean,center_quantile_0.95,normalized_union,max_ratio,1.0,0.6253008091985139,0.612,0.752,0.724,0.028
2,euclidean,center_quantile_0.95,normalized_union,max_ratio,2.0,0.9199633466848973,0.662,0.752,0.734,0.018
2,euclidean,intent_quantile_0.95,nearest_sphere,none,0.0,0.5545033506605808,0.622,0.752,0.726,0.026
2,euclidean,intent_quantile_0.95,nearest_sphere,none,0.25,0.5545033506605808,0.622,0.752,0.726,0.026
2,euclidean,intent_quantile_0.95,nearest_sphere,none,0.5,0.5545033506605808,0.622,0.752,0.726,0.026
2,euclidean,intent_quantile_0.95,nearest_sphere,none,1.0,0.5545033506605808,0.622,0.752,0.726,0.026
2,euclidean,intent_quantile_0.95,nearest_sphere,none,2.0,0.5545033506605808,0.622,0.752,0.726,0.026
2,euclidean,intent_quantile_0.95,nearest_sphere,ratio,0.0,0.5545033506605808,0.622,0.752,0.726,0.026
2,euclidean,intent_quantile_0.95,nearest_sphere,ratio,0.25,0.6626402599665253,0.622,0.752,0.726,0.026
2,euclidean,intent_quantile_0.95,nearest_sphere,ratio,0.5,0.7742480096466945,0.622,0.752,0.726,0.026
2,euclidean,intent_quantile_0.95,nearest_sphere,ratio,1.0,1.006542416764525,0.642,0.752,0.73,0.022
2,euclidean,intent_quantile_0.95,nearest_sphere,ratio,2.0,1.4540321599617854,0.642,0.752,0.73,0.022
2,euclidean,intent_quantile_0.95,nearest_sphere,inverse_margin,0.0,0.5545033506605808,0.622,0.752,0.726,0.026
2,euclidean,intent_quantile_0.95,nearest_sphere,inverse_margin,0.25,0.7792899402414183,0.642,0.752,0.73,0.022
2,euclidean,intent_quantile_0.95,nearest_sphere,inverse_margin,0.5,0.9676056280961675,0.642,0.752,0.73,0.022
2,euclidean,intent_quantile_0.95,nearest_sphere,inverse_margin,1.0,1.372014424144012,0.652,0.752,0.732,0.02
2,euclidean,intent_quantile_0.95,nearest_sphere,inverse_margin,2.0,2.260414342381542,0.652,0.752,0.732,0.02
2,euclidean,intent_quantile_0.95,nearest_sphere,max_ratio,0.0,0.5545033506605808,0.622,0.752,0.726,0.026
2,euclidean,intent_quantile_0.95,nearest_sphere,max_ratio,0.25,0.5545033506605808,0.622,0.752,0.726,0.026
2,euclidean,intent_quantile_0.95,nearest_sphere,max_ratio,0.5,0.5545033506605808,0.622,0.752,0.726,0.026
2,euclidean,intent_quantile_0.95,nearest_sphere,max_ratio,1.0,0.5960504333113686,0.642,0.752,0.73,0.022
2,euclidean,intent_quantile_0.95,nearest_sphere,max_ratio,2.0,0.9192439675386236,0.662,0.752,0.734,0.018
2,euclidean,intent_quantile_0.95,normalized_union,none,0.0,0.5545033506605808,0.622,0.752,0.726,0.026
2,euclidean,intent_quantile_0.95,normalized_union,none,0.25,0.5545033506605808,0.622,0.752,0.726,0.026
2,euclidean,intent_quantile_0.95,normalized_union,none,0.5,0.5545033506605808,0.622,0.752,0.726,0.026
2,euclidean,intent_quantile_0.95,normalized_union,none,1.0,0.5545033506605808,0.622,0.752,0.726,0.026
2,euclidean,intent_quantile_0.95,normalized_union,none,2.0,0.5545033506605808,0.622,0.752,0.726,0.026
2,euclidean,intent_quantile_0.95,normalized_union,ratio,0.0,0.5545033506605808,0.622,0.752,0.726,0.026
2,euclidean,intent_quantile_0.95,normalized_union,ratio,0.25,0.6626402599665253,0.622,0.752,0.726,0.026
2,euclidean,intent_quantile_0.95,normalized_union,ratio,0.5,0.7742480096466945,0.622,0.752,0.726,0.026
2,euclidean,intent_quantile_0.95,normalized_union,ratio,1.0,1.006542416764525,0.642,0.752,0.73,0.022
2,euclidean,intent_quantile_0.95,normalized_union,ratio,2.0,1.4540321599617854,0.642,0.752,0.73,0.022
2,euclidean,intent_quantile_0.95,normalized_union,inverse_margin,0.0,0.5545033506605808,0.622,0.752,0.726,0.026
2,euclidean,intent_quantile_0.95,normalized_union,inverse_margin,0.25,0.7792899402414183,0.642,0.752,0.73,0.022
2,euclidean,intent_quantile_0.95,normalized_union,inverse_margin,0.5,0.9676056280961675,0.642,0.752,0.73,0.022
2,euclidean,intent_quantile_0.95,normalized_union,inverse_margin,1.0,1.372014424144012,0.652,0.752,0.732,0.02
2,euclidean,intent_quantile_0.95,normalized_union,inverse_margin,2.0,2.260414342381542,0.652,0.752,0.732,0.02
2,euclidean,intent_quantile_0.95,normalized_union,max_ratio,0.0,0.5545033506605808,0.622,0.752,0.726,0.026
2,euclidean,intent_quantile_0.95,normalized_union,max_ratio,0.25,0.5545033506605808,0.622,0.752,0.726,0.026
2,euclidean,intent_quantile_0.95,normalized_union,max_ratio,0.5,0.5545033506605808,0.622,0.752,0.726,0.026
2,euclidean,intent_quantile_0.95,normalized_union,max_ratio,1.0,0.5960504333113686,0.642,0.752,0.73,0.022
2,euclidean,intent_quantile_0.95,normalized_union,max_ratio,2.0,0.9192439675386236,0.662,0.752,0.734,0.018
2,euclidean,center_quantile_0.99,nearest_sphere,none,0.0,0.47753666665773814,0.612,0.752,0.724,0.028
2,euclidean,center_quantile_0.99,nearest_sphere,none,0.25,0.47753666665773814,0.612,0.752,0.724,0.028
2,euclidean,center_quantile_0.99,nearest_sphere,none,0.5,0.47753666665773814,0.612,0.752,0.724,0.028
2,euclidean,center_quantile_0.99,nearest_sphere,none,1.0,0.47753666665773814,0.612,0.752,0.724,0.028
2,euclidean,center_quantile_0.99,nearest_sphere,none,2.0,0.47753666665773814,0.612,0.752,0.724,0.028
2,euclidean,center_quantile_0.99,nearest_sphere,ratio,0.0,0.47753666665773814,0.612,0.752,0.724,0.028
2,euclidean,center_quantile_0.99,nearest_sphere,ratio,0.25,0.582999967031196,0.622,0.752,0.726,0.026
2,euclidean,center_quantile_0.99,nearest_sphere,ratio,0.5,0.6946458388389664,0.622,0.752,0.726,0.026
2,euclidean,center_quantile_0.99,nearest_sphere,ratio,1.0,0.9093623167038897,0.642,0.752,0.73,0.022
2,euclidean,center_quantile_0.99,nearest_sphere,ratio,2.0,1.3353622009772361,0.642,0.752,0.73,0.022
2,euclidean,center_quantile_0.99,nearest_sphere,inverse_margin,0.0,0.47753666665773814,0.612,0.752,0.724,0.028
2,euclidean,center_quantile_0.99,nearest_sphere,inverse_margin,0.25,0.6912331722973261,0.642,0.752,0.73,0.022
2,euclidean,center_quantile_0.99,nearest_sphere,inverse_margin,0.5,0.8728676026302946,0.642,0.752,0.73,0.022
2,euclidean,center_quantile_0.99,nearest_sphere,inverse_margin,1.0,1.283906388435363,0.652,0.752,0.732,0.02
2,euclidean,center_quantile_0.99,nearest_sphere,inverse_margin,2.0,2.1429534891130126,0.652,0.752,0.732,0.02
2,euclidean,center_quantile_0.99,nearest_sphere,max_ratio,0.0,0.47753666665773814,0.612,0.752,0.724,0.028
2,euclidean,center_quantile_0.99,nearest_sphere,max_ratio,0.25,0.47753666665773814,0.612,0.752,0.724,0.028
2,euclidean,center_quantile_0.99,nearest_sphere,max_ratio,0.5,0.47753666665773814,0.612,0.752,0.724,0.028
2,euclidean,center_quantile_0.99,nearest_sphere,max_ratio,1.0,0.5245189327155441,0.632,0.752,0.728,0.024
2,euclidean,center_quantile_0.99,nearest_sphere,max_ratio,2.0,0.9192439675386236,0.662,0.752,0.734,0.018
2,euclidean,center_quantile_0.99,normalized_union,none,0.0,0.4673318102516339,0.592,0.752,0.72,0.032
2,euclidean,center_quantile_0.99,normalized_union,none,0.25,0.4673318102516339,0.592,0.752,0.72,0.032
2,euclidean,center_quantile_0.99,normalized_union,none,0.5,0.4673318102516339,0.592,0.752,0.72,0.032
2,euclidean,center_quantile_0.99,normalized_union,none,1.0,0.4673318102516339,0.592,0.752,0.72,0.032
2,euclidean,center_quantile_0.99,normalized_union,none,2.0,0.4673318102516339,0.592,0.752,0.72,0.032
2,euclidean,center_quantile_0.99,normalized_union,ratio,0.0,0.4673318102516339,0.592,0.752,0.72,0.032
2,euclidean,center_quantile_0.99,normalized_union,ratio,0.25,0.5749454583822652,0.622,0.752,0.726,0.026
2,euclidean,center_quantile_0.99,normalized_union,ratio,0.5,0.680228593964564,0.632,0.752,0.728,0.024
2,euclidean,center_quantile_0.99,normalized_union,ratio,1.0,0.8880969803642607,0.642,0.752,0.73,0.022
2,euclidean,center_quantile_0.99,normalized_union,ratio,2.0,1.332219206559781,0.642,0.752,0.73,0.022
2,euclidean,center_quantile_0.99,normalized_union,inverse_margin,0.0,0.4673318102516339,0.592,0.752,0.72,0.032
2,euclidean,center_quantile_0.99,normalized_union,inverse_margin,0.25,0.6625771984612102,0.642,0.752,0.73,0.022
2,euclidean,center_quantile_0.99,normalized_union,inverse_margin,0.5,0.8436944193902154,0.642,0.752,0.73,0.022
2,euclidean,center_quantile_0.99,normalized_union,inverse_margin,1.0,1.2740259864449581,0.652,0.752,0.732,0.02
2,euclidean,center_quantile_0.99,normalized_union,inverse_margin,2.0,2.1429534891130126,0.652,0.752,0.732,0.02
2,euclidean,center_quantile_0.99,normalized_union,max_ratio,0.0,0.4673318102516339,0.592,0.752,0.72,0.032
2,euclidean,center_quantile_0.99,normalized_union,max_ratio,0.25,0.4673318102516339,0.592,0.752,0.72,0.032
2,euclidean,center_quantile_0.99,normalized_union,max_ratio,0.5,0.4673318102516339,0.592,0.752,0.72,0.032
2,euclidean,center_quantile_0.99,normalized_union,max_ratio,1.0,0.5166690626579943,0.642,0.752,0.73,0.022
2,euclidean,center_quantile_0.99,normalized_union,max_ratio,2.0,0.9192439675386236,0.662,0.752,0.734,0.018
2,euclidean,intent_quantile_0.99,nearest_sphere,none,0.0,0.44854047351398857,0.622,0.752,0.726,0.026
2,euclidean,intent_quantile_0.99,nearest_sphere,none,0.25,0.44854047351398857,0.622,0.752,0.726,0.026
2,euclidean,intent_quantile_0.99,nearest_sphere,none,0.5,0.44854047351398857,0.622,0.752,0.726,0.026
2,euclidean,intent_quantile_0.99,nearest_sphere,none,1.0,0.44854047351398857,0.622,0.752,0.726,0.026
2,euclidean,intent_quantile_0.99,nearest_sphere,none,2.0,0.44854047351398857,0.622,0.752,0.726,0.026
2,euclidean,intent_quantile_0.99,nearest_sphere,ratio,0.0,0.44854047351398857,0.622,0.752,0.726,0.026
2,euclidean,intent_quantile_0.99,nearest_sphere,ratio,0.25,0.5571492291648464,0.622,0.752,0.726,0.026
2,euclidean,intent_quantile_0.99,nearest_sphere,ratio,0.5,0.6712356318253487,0.632,0.752,0.728,0.024
2,euclidean,intent_quantile_0.99,nearest_sphere,ratio,1.0,0.899381629755829,0.642,0.752,0.73,0.022
2,euclidean,intent_quantile_0.99,nearest_sphere,ratio,2.0,1.3425161011661253,0.642,0.752,0.73,0.022
2,euclidean,intent_quantile_0.99,nearest_sphere,inverse_margin,0.0,0.44854047351398857,0.622,0.752,0.726,0.026
2,euclidean,intent_quantile_0.99,nearest_sphere,inverse_margin,0.25,0.6612012126353775,0.642,0.752,0.73,0.022
2,euclidean,intent_quantile_0.99,nearest_sphere,inverse_margin,0.5,0.8580285395765873,0.642,0.752,0.73,0.022
2,euclidean,intent_quantile_0.99,nearest_sphere,inverse_margin,1.0,1.2820927097863097,0.652,0.752,0.732,0.02
2,euclidean,intent_quantile_0.99,nearest_sphere,inverse_margin,2.0,2.133793260987976,0.652,0.752,0.732,0.02
2,euclidean,intent_quantile_0.99,nearest_sphere,max_ratio,0.0,0.44854047351398857,0.622,0.752,0.726,0.026
2,euclidean,intent_quantile_0.99,nearest_sphere,max_ratio,0.25,0.44854047351398857,0.622,0.752,0.726,0.026
2,euclidean,intent_quantile_0.99,nearest_sphere,max_ratio,0.5,0.4495027545022209,0.622,0.752,0.726,0.026
2,euclidean,intent_quantile_0.99,nearest_sphere,max_ratio,1.0,0.5030233673114088,0.642,0.752,0.73,0.022
2,euclidean,intent_quantile_0.99,nearest_sphere,max_ratio,2.0,0.9192439675386236,0.662,0.752,0.734,0.018
2,euclidean,intent_quantile_0.99,normalized_union,none,0.0,0.44854047351398857,0.622,0.752,0.726,0.026
2,euclidean,intent_quantile_0.99,normalized_union,none,0.25,0.44854047351398857,0.622,0.752,0.726,0.026
2,euclidean,intent_quantile_0.99,normalized_union,none,0.5,0.44854047351398857,0.622,0.752,0.726,0.026
2,euclidean,intent_quantile_0.99,normalized_union,none,1.0,0.44854047351398857,0.622,0.752,0.726,0.026
2,euclidean,intent_quantile_0.99,normalized_union,none,2.0,0.44854047351398857,0.622,0.752,0.726,0.026
2,euclidean,intent_quantile_0.99,normalized_union,ratio,0.0,0.44854047351398857,0.622,0.752,0.726,0.026
2,euclidean,intent_quantile_0.99,normalized_union,ratio,0.25,0.5571492291648464,0.622,0.752,0.726,0.026
2,euclidean,intent_quantile_0.99,normalized_union,ratio,0.5,0.6712356318253487,0.632,0.752,0.728,0.024
2,euclidean,intent_quantile_0.99,normalized_union,ratio,1.0,0.899381629755829,0.642,0.752,0.73,0.022
2,euclidean,intent_quantile_0.99,normalized_union,ratio,2.0,1.3425161011661253,0.642,0.752,0.73,0.022
2,euclidean,intent_quantile_0.99,normalized_union,inverse_margin,0.0,0.44854047351398857,0.622,0.752,0.726,0.026
2,euclidean,intent_quantile_0.99,normalized_union,inverse_margin,0.25,0.6612012126353775,0.642,0.752,0.73,0.022
2,euclidean,intent_quantile_0.99,normalized_union,inverse_margin,0.5,0.8580285395765873,0.642,0.752,0.73,0.022
2,euclidean,intent_quantile_0.99,normalized_union,inverse_margin,1.0,1.2820927097863097,0.652,0.752,0.732,0.02
2,euclidean,intent_quantile_0.99,normalized_union,inverse_margin,2.0,2.133793260987976,0.652,0.752,0.732,0.02
2,euclidean,intent_quantile_0.99,normalized_union,max_ratio,0.0,0.44854047351398857,0.622,0.752,0.726,0.026
2,euclidean,intent_quantile_0.99,normalized_union,max_ratio,0.25,0.44854047351398857,0.622,0.752,0.726,0.026
2,euclidean,intent_quantile_0.99,normalized_union,max_ratio,0.5,0.4495027545022209,0.622,0.752,0.726,0.026
2,euclidean,intent_quantile_0.99,normalized_union,max_ratio,1.0,0.5030233673114088,0.642,0.752,0.73,0.022
2,euclidean,intent_quantile_0.99,normalized_union,max_ratio,2.0,0.9192439675386236,0.662,0.752,0.734,0.018
2,mahalanobis_diag,mean_std_0.0,nearest_sphere,none,0.0,0.9496550574994655,0.582,0.752,0.718,0.034
2,mahalanobis_diag,mean_std_0.0,nearest_sphere,none,0.25,0.9496550574994655,0.582,0.752,0.718,0.034
2,mahalanobis_diag,mean_std_0.0,nearest_sphere,none,0.5,0.9496550574994655,0.582,0.752,0.718,0.034
2,mahalanobis_diag,mean_std_0.0,nearest_sphere,none,1.0,0.9496550574994655,0.582,0.752,0.718,0.034
2,mahalanobis_diag,mean_std_0.0,nearest_sphere,none,2.0,0.9496550574994655,0.582,0.752,0.718,0.034
2,mahalanobis_diag,mean_std_0.0,nearest_sphere,ratio,0.0,0.9496550574994655,0.582,0.752,0.718,0.034
2,mahalanobis_diag,mean_std_0.0,nearest_sphere,ratio,0.25,1.0820597415766997,0.602,0.752,0.722,0.03
2,mahalanobis_diag,mean_std_0.0,nearest_sphere,ratio,0.5,1.205740737187519,0.622,0.752,0.726,0.026
2,mahalanobis_diag,mean_std_0.0,nearest_sphere,ratio,1.0,1.443899207143038,0.612,0.752,0.724,0.028
2,mahalanobis_diag,mean_std_0.0,nearest_sphere,ratio,2.0,2.006440888298162,0.612,0.752,0.724,0.028
2,mahalanobis_diag,mean_std_0.0,nearest_sphere,inverse_margin,0.0,0.9496550574994655,0.582,0.752,0.718,0.034
2,mahalanobis_diag,mean_std_0.0,nearest_sphere,inverse_margin,0.25,1.2160690602504016,0.612,0.752,0.724,0.028
2,mahalanobis_diag,mean_std_0.0,nearest_sphere,inverse_margin,0.5,1.5269400533260666,0.632,0.752,0.728,0.024
2,mahalanobis_diag,mean_std_0.0,nearest_sphere,inverse_margin,1.0,2.1331154577998195,0.632,0.752,0.728,0.024
2,mahalanobis_diag,mean_std_0.0,nearest_sphere,inverse_margin,2.0,3.3077342836573704,0.642,0.752,0.73,0.022
2,mahalanobis_diag,mean_std_0.0,nearest_sphere,max_ratio,0.0,0.9496550574994655,0.582,0.752,0.718,0.034
2,mahalanobis_diag,mean_std_0.0,nearest_sphere,max_ratio,0.25,0.9496550574994655,0.582,0.752,0.718,0.034
2,mahalanobis_diag,mean_std_0.0,nearest_sphere,max_ratio,0.5,0.9496550574994655,0.582,0.752,0.718,0.034
2,mahalanobis_diag,mean_std_0.0,nearest_sphere,max_ratio,1.0,0.9496550574994655,0.582,0.752,0.718,0.034
2,mahalanobis_diag,mean_std_0.0,nearest_sphere,max_ratio,2.0,1.113097632993944,0.632,0.752,0.728,0.024
2,mahalanobis_diag,mean_std_0.0,normalized_union,none,0.0,0.9496550574994655,0.582,0.752,0.718,0.034
2,mahalanobis_diag,mean_std_0.0,normalized_union,none,0.25,0.9496550574994655,0.582,0.752,0.718,0.034
2,mahalanobis_diag,mean_std_0.0,normalized_union,none,0.5,0.9496550574994655,0.582,0.752,0.718,0.034
2,mahalanobis_diag,mean_std_0.0,normalized_union,none,1.0,0.9496550574994655,0.582,0.752,0.718,0.034
2,mahalanobis_diag,mean_std_0.0,normalized_union,none,2.0,0.9496550574994655,0.582,0.752,0.718,0.034
2,mahalanobis_diag,mean_std_0.0,normalized_union,ratio,0.0,0.9496550574994655,0.582,0.752,0.718,0.034
2,mahalanobis_diag,mean_std_0.0,normalized_union,ratio,0.25,1.0820597415766997,0.602,0.752,0.722,0.03
2,mahalanobis_diag,mean_std_0.0,normalized_union,ratio,0.5,1.205740737187519,0.622,0.752,0.726,0.026
2,mahalanobis_diag,mean_std_0.0,normalized_union,ratio,1.0,1.443899207143038,0.612,0.752,0.724,0.028
2,mahalanobis_diag,mean_std_0.0,normalized_union,ratio,2.0,2.0058464316994327,0.612,0.752,0.724,0.028
2,mahalanobis_diag,mean_std_0.0,normalized_union,inverse_margin,0.0,0.9496550574994655,0.582,0.752,0.718,0.034
2,mahalanobis_diag,mean_std_0.0,normalized_union,inverse_margin,0.25,1.2137469209657563,0.612,0.752,0.724,0.028
2,mahalanobis_diag,mean_std_0.0,normalized_union,inverse_margin,0.5,1.5255150016148076,0.632,0.752,0.728,0.024
2,mahalanobis_diag,mean_std_0.0,normalized_union,inverse_margin,1.0,2.1331154577998195,0.632,0.752,0.728,0.024
2,mahalanobis_diag,mean_std_0.0,normalized_union,inverse_margin,2.0,3.3077342836573704,0.642,0.752,0.73,0.022
2,mahalanobis_diag,mean_std_0.0,normalized_union,max_ratio,0.0,0.9496550574994655,0.582,0.752,0.718,0.034
2,mahalanobis_diag,mean_std_0.0,normalized_union,max_ratio,0.25,0.9496550574994655,0.582,0.752,0.718,0.034
2,mahalanobis_diag,mean_std_0.0,normalized_union,max_ratio,0.5,0.9496550574994655,0.582,0.752,0.718,0.034
2,mahalanobis_diag,mean_std_0.0,normalized_union,max_ratio,1.0,0.9496550574994655,0.582,0.752,0.718,0.034
2,mahalanobis_diag,mean_std_0.0,normalized_union,max_ratio,2.0,1.113097632993944,0.632,0.752,0.728,0.024
2,mahalanobis_diag,mean_std_0.25,nearest_sphere,none,0.0,0.8752415853833047,0.582,0.752,0.718,0.034
2,mahalanobis_diag,mean_std_0.25,nearest_sphere,none,0.25,0.8752415853833047,0.582,0.752,0.718,0.034
2,mahalanobis_diag,mean_std_0.25,nearest_sphere,none,0.5,0.8752415853833047,0.582,0.752,0.718,0.034
2,mahalanobis_diag,mean_std_0.25,nearest_sphere,none,1.0,0.8752415853833047,0.582,0.752,0.718,0.034
2,mahalanobis_diag,mean_std_0.25,nearest_sphere,none,2.0,0.8752415853833047,0.582,0.752,0.718,0.034
2,mahalanobis_diag,mean_std_0.25,nearest_sphere,ratio,0.0,0.8752415853833047,0.582,0.752,0.718,0.034
2,mahalanobis_diag,mean_std_0.25,nearest_sphere,ratio,0.25,1.001178747156504,0.602,0.752,0.722,0.03
2,mahalanobis_diag,mean_std_0.25,nearest_sphere,ratio,0.5,1.1335007124757608,0.622,0.752,0.726,0.026
2,mahalanobis_diag,mean_std_0.25,nearest_sphere,ratio,1.0,1.3905274482484637,0.612,0.752,0.724,0.028
2,mahalanobis_diag,mean_std_0.25,nearest_sphere,ratio,2.0,1.9187083181940894,0.612,0.752,0.724,0.028
2,mahalanobis_diag,mean_std_0.25,nearest_sphere,inverse_margin,0.0,0.8752415853833047,0.582,0.752,0.718,0.034
2,mahalanobis_diag,mean_std_0.25,nearest_sphere,inverse_margin,0.25,1.1496007399364165,0.612,0.752,0.724,0.028
2,mahalanobis_diag,mean_std_0.25,nearest_sphere,inverse_margin,0.5,1.441185019205153,0.622,0.752,0.726,0.026
2,mahalanobis_diag,mean_std_0.25,nearest_sphere,inverse_margin,1.0,2.0588788507099576,0.642,0.752,0.73,0.022
2,mahalanobis_diag,mean_std_0.25,nearest_sphere,inverse_margin,2.0,3.2263845149943,0.642,0.752,0.73,0.022
2,mahalanobis_diag,mean_std_0.25,nearest_sphere,max_ratio,0.0,0.8752415853833047,0.582,0.752,0.718,0.034
2,mahalanobis_diag,mean_std_0.25,nearest_sphere,max_ratio,0.25,0.8752415853833047,0.582,0.752,0.718,0.034
2,mahalanobis_diag,mean_std_0.25,nearest_sphere,max_ratio,0.5,0.8752415853833047,0.582,0.752,0.718,0.034
2,mahalanobis_diag,mean_std_0.25,nearest_sphere,max_ratio,1.0,0.8800661736964226,0.592,0.752,0.72,0.032
2,mahalanobis_diag,mean_std_0.25,nearest_sphere,max_ratio,2.0,1.089465880842777,0.652,0.752,0.732,0.02
2,mahalanobis_diag,mean_std_0.25,normalized_union,none,0.0,0.8752415853833047,0.582,0.752,0.718,0.034
2,mahalanobis_diag,mean_std_0.25,normalized_union,none,0.25,0.8752415853833047,0.582,0.752,0.718,0.034
2,mahalanobis_diag,mean_std_0.25,normalized_union,none,0.5,0.8752415853833047,0.582,0.752,0.718,0.034
2,mahalanobis_diag,mean_std_0.25,normalized_union,none,1.0,0.8752415853833047,0.582,0.752,0.718,0.034
2,mahalanobis_diag,mean_std_0.25,normalized_union,none,2.0,0.8752415853833047,0.582,0.752,0.718,0.034
2,mahalanobis_diag,mean_std_0.25,normalized_union,ratio,0.0,0.8752415853833047,0.582,0.752,0.718,0.034
2,mahalanobis_diag,mean_std_0.25,normalized_union,ratio,0.25,1.001178747156504,0.602,0.752,0.722,0.03
2,mahalanobis_diag,mean_std_0.25,normalized_union,ratio,0.5,1.1335007124757608,0.622,0.752,0.726,0.026
2,mahalanobis_diag,mean_std_0.25,normalized_union,ratio,1.0,1.3905274482484637,0.612,0.752,0.724,0.028
2,mahalanobis_diag,mean_std_0.25,normalized_union,ratio,2.0,1.9187083181940894,0.612,0.752,0.724,0.028
2,mahalanobis_diag,mean_std_0.25,normalized_union,inverse_margin,0.0,0.8752415853833047,0.582,0.752,0.718,0.034
2,mahalanobis_diag,mean_std_0.25,normalized_union,inverse_margin,0.25,1.1496007399364165,0.612,0.752,0.724,0.028
2,mahalanobis_diag,mean_std_0.25,normalized_union,inverse_margin,0.5,1.441185019205153,0.622,0.752,0.726,0.026
2,mahalanobis_diag,mean_std_0.25,normalized_union,inverse_margin,1.0,2.0588788507099576,0.642,0.752,0.73,0.022
2,mahalanobis_diag,mean_std_0.25,normalized_union,inverse_margin,2.0,3.2263845149943,0.642,0.752,0.73,0.022
2,mahalanobis_diag,mean_std_0.25,normalized_union,max_ratio,0.0,0.8752415853833047,0.582,0.752,0.718,0.034
2,mahalanobis_diag,mean_std_0.25,normalized_union,max_ratio,0.25,0.8752415853833047,0.582,0.752,0.718,0.034
2,mahalanobis_diag,mean_std_0.25,normalized_union,max_ratio,0.5,0.8752415853833047,0.582,0.752,0.718,0.034
2,mahalanobis_diag,mean_std_0.25,normalized_union,max_ratio,1.0,0.8800661736964226,0.592,0.752,0.72,0.032
2,mahalanobis_diag,mean_std_0.25,normalized_union,max_ratio,2.0,1.089465880842777,0.652,0.752,0.732,0.02
2,mahalanobis_diag,mean_std_0.5,nearest_sphere,none,0.0,0.816443150760338,0.582,0.752,0.718,0.034
2,mahalanobis_diag,mean_std_0.5,nearest_sphere,none,0.25,0.816443150760338,0.582,0.752,0.718,0.034
2,mahalanobis_diag,mean_std_0.5,nearest_sphere,none,0.5,0.816443150760338,0.582,0.752,0.718,0.034
2,mahalanobis_diag,mean_std_0.5,nearest_sphere,none,1.0,0.816443150760338,0.582,0.752,0.718,0.034
2,mahalanobis_diag,mean_std_0.5,nearest_sphere,none,2.0,0.816443150760338,0.582,0.752,0.718,0.034
2,mahalanobis_diag,mean_std_0.5,nearest_sphere,ratio,0.0,0.816443150760338,0.582,0.752,0.718,0.034
2,mahalanobis_diag,mean_std_0.5,nearest_sphere,ratio,0.25,0.9462488112038966,0.602,0.752,0.722,0.03
2,mahalanobis_diag,mean_std_0.5,nearest_sphere,ratio,0.5,1.072868620793844,0.622,0.752,0.726,0.026
2,mahalanobis_diag,mean_std_0.5,nearest_sphere,ratio,1.0,1.3331250654484648,0.622,0.752,0.726,0.026
2,mahalanobis_diag,mean_std_0.5,nearest_sphere,ratio,2.0,1.8536379547577064,0.612,0.752,0.724,0.028
2,mahalanobis_diag,mean_std_0.5,nearest_sphere,inverse_margin,0.0,0.816443150760338,0.582,0.752,0.718,0.034
2,mahalanobis_diag,mean_std_0.5,nearest_sphere,inverse_margin,0.25,1.0889834848723374,0.622,0.752,0.726,0.026
2,mahalanobis_diag,mean_std_0.5,nearest_sphere,inverse_margin,0.5,1.3718381426969106,0.622,0.752,0.726,0.026
2,mahalanobis_diag,mean_std_0.5,nearest_sphere,inverse_margin,1.0,1.995432180825711,0.642,0.752,0.73,0.022
2,mahalanobis_diag,mean_std_0.5,nearest_sphere,inverse_margin,2.0,3.151373583919361,0.642,0.752,0.73,0.022
2,mahalanobis_diag,mean_std_0.5,nearest_sphere,max_ratio,0.0,0.816443150760338,0.582,0.752,0.718,0.034
2,mahalanobis_diag,mean_std_0.5,nearest_sphere,max_ratio,0.25,0.816443150760338,0.582,0.752,0.718,0.034
2,mahalanobis_diag,mean_std_0.5,nearest_sphere,max_ratio,0.5,0.816443150760338,0.582,0.752,0.718,0.034
2,mahalanobis_diag,mean_std_0.5,nearest_sphere,max_ratio,1.0,0.8286368221091013,0.612,0.752,0.724,0.028
2,mahalanobis_diag,mean_std_0.5,nearest_sphere,max_ratio,2.0,1.0827937393948657,0.652,0.752,0.732,0.02
2,mahalanobis_diag,mean_std_0.5,normalized_union,none,0.0,0.816443150760338,0.582,0.752,0.718,0.034
2,mahalanobis_diag,mean_std_0.5,normalized_union,none,0.25,0.816443150760338,0.582,0.752,0.718,0.034
2,mahalanobis_diag,mean_std_0.5,normalized_union,none,0.5,0.816443150760338,0.582,0.752,0.718,0.034
2,mahalanobis_diag,mean_std_0.5,normalized_union,none,1.0,0.816443150760338,0.582,0.752,0.718,0.034
2,mahalanobis_diag,mean_std_0.5,normalized_union,none,2.0,0.816443150760338,0.582,0.752,0.718,0.034
2,mahalanobis_diag,mean_std_0.5,normalized_union,ratio,0.0,0.816443150760338,0.582,0.752,0.718,0.034
2,mahalanobis_diag,mean_std_0.5,normalized_union,ratio,0.25,0.9462488112038966,0.602,0.752,0.722,0.03
2,mahalanobis_diag,mean_std_0.5,normalized_union,ratio,0.5,1.072868620793844,0.622,0.752,0.726,0.026
2,mahalanobis_diag,mean_std_0.5,normalized_union,ratio,1.0,1.3331250654484648,0.622,0.752,0.726,0.026
2,mahalanobis_diag,mean_std_0.5,normalized_union,ratio,2.0,1.8536379547577064,0.612,0.752,0.724,0.028
2,mahalanobis_diag,mean_std_0.5,normalized_union,inverse_margin,0.0,0.816443150760338,0.582,0.752,0.718,0.034
2,mahalanobis_diag,mean_std_0.5,normalized_union,inverse_margin,0.25,1.0889834848723374,0.622,0.752,0.726,0.026
2,mahalanobis_diag,mean_std_0.5,normalized_union,inverse_margin,0.5,1.3718381426969106,0.622,0.752,0.726,0.026
2,mahalanobis_diag,mean_std_0.5,normalized_union,inverse_margin,1.0,1.995432180825711,0.642,0.752,0.73,0.022
2,mahalanobis_diag,mean_std_0.5,normalized_union,inverse_margin,2.0,3.151373583919361,0.642,0.752,0.73,0.022
2,mahalanobis_diag,mean_std_0.5,normalized_union,max_ratio,0.0,0.816443150760338,0.582,0.752,0.718,0.034
2,mahalanobis_diag,mean_std_0.5,normalized_union,max_ratio,0.25,0.816443150760338,0.582,0.752,0.718,0.034
2,mahalanobis_diag,mean_std_0.5,normalized_union,max_ratio,0.5,0.816443150760338,0.582,0.752,0.718,0.034
2,mahalanobis_diag,mean_std_0.5,normalized_union,max_ratio,1.0,0.8286368221091013,0.612,0.752,0.724,0.028
2,mahalanobis_diag,mean_std_0.5,normalized_union,max_ratio,2.0,1.0827937393948657,0.652,0.752,0.732,0.02
2,mahalanobis_diag,mean_std_0.75,nearest_sphere,none,0.0,0.7642509575633004,0.582,0.752,0.718,0.034
2,mahalanobis_diag,mean_std_0.75,nearest_sphere,none,0.25,0.7642509575633004,0.582,0.752,0.718,0.034
2,mahalanobis_diag,mean_std_0.75,nearest_sphere,none,0.5,0.7642509575633004,0.582,0.752,0.718,0.034
2,mahalanobis_diag,mean_std_0.75,nearest_sphere,none,1.0,0.7642509575633004,0.582,0.752,0.718,0.034
2,mahalanobis_diag,mean_std_0.75,nearest_sphere,none,2.0,0.7642509575633004,0.582,0.752,0.718,0.034
2,mahalanobis_diag,mean_std_0.75,nearest_sphere,ratio,0.0,0.7642509575633004,0.582,0.752,0.718,0.034
2,mahalanobis_diag,mean_std_0.75,nearest_sphere,ratio,0.25,0.8917207301955565,0.602,0.752,0.722,0.03
2,mahalanobis_diag,mean_std_0.75,nearest_sphere,ratio,0.5,1.0190077214879314,0.622,0.752,0.726,0.026
2,mahalanobis_diag,mean_std_0.75,nearest_sphere,ratio,1.0,1.2838045084187213,0.622,0.752,0.726,0.026
2,mahalanobis_diag,mean_std_0.75,nearest_sphere,ratio,2.0,1.7949912442196176,0.612,0.752,0.724,0.028
2,mahalanobis_diag,mean_std_0.75,nearest_sphere,inverse_margin,0.0,0.7642509575633004,0.582,0.752,0.718,0.034
2,mahalanobis_diag,mean_std_0.75,nearest_sphere,inverse_margin,0.25,1.046744756834034,0.622,0.752,0.726,0.026
2,mahalanobis_diag,mean_std_0.75,nearest_sphere,inverse_margin,0.5,1.3132662599644602,0.622,0.752,0.726,0.026
2,mahalanobis_diag,mean_std_0.75,nearest_sphere,inverse_margin,1.0,1.9405282472801773,0.642,0.752,0.73,0.022
2,mahalanobis_diag,mean_std_0.75,nearest_sphere,inverse_margin,2.0,3.100580826811806,0.642,0.752,0.73,0.022
2,mahalanobis_diag,mean_std_0.75,nearest_sphere,max_ratio,0.0,0.7642509575633004,0.582,0.752,0.718,0.034
2,mahalanobis_diag,mean_std_0.75,nearest_sphere,max_ratio,0.25,0.7642509575633004,0.582,0.752,0.718,0.034
2,mahalanobis_diag,mean_std_0.75,nearest_sphere,max_ratio,0.5,0.7642509575633004,0.582,0.752,0.718,0.034
2,mahalanobis_diag,mean_std_0.75,nearest_sphere,max_ratio,1.0,0.7799671713611915,0.622,0.752,0.726,0.026
2,mahalanobis_diag,mean_std_0.75,nearest_sphere,max_ratio,2.0,1.0827937393948657,0.652,0.752,0.732,0.02
2,mahalanobis_diag,mean_std_0.75,normalized_union,none,0.0,0.7642509575633004,0.582,0.752,0.718,0.034
2,mahalanobis_diag,mean_std_0.75,normalized_union,none,0.25,0.7642509575633004,0.582,0.752,0.718,0.034
2,mahalanobis_diag,mean_std_0.75,normalized_union,none,0.5,0.7642509575633004,0.582,0.752,0.718,0.034
2,mahalanobis_diag,mean_std_0.75,normalized_union,none,1.0,0.7642509575633004,0.582,0.752,0.718,0.034
2,mahalanobis_diag,mean_std_0.75,normalized_union,none,2.0,0.7642509575633004,0.582,0.752,0.718,0.034
2,mahalanobis_diag,mean_std_0.75,normalized_union,ratio,0.0,0.7642509575633004,0.582,0.752,0.718,0.034
2,mahalanobis_diag,mean_std_0.75,normalized_union,ratio,0.25,0.8917207301955565,0.602,0.752,0.722,0.03
2,mahalanobis_diag,mean_std_0.75,normalized_union,ratio,0.5,1.016207048290763,0.622,0.752,0.726,0.026
2,mahalanobis_diag,mean_std_0.75,normalized_union,ratio,1.0,1.2838045084187213,0.622,0.752,0.726,0.026
2,mahalanobis_diag,mean_std_0.75,normalized_union,ratio,2.0,1.79404515927355,0.612,0.752,0.724,0.028
2,mahalanobis_diag,mean_std_0.75,normalized_union,inverse_margin,0.0,0.7642509575633004,0.582,0.752,0.718,0.034
2,mahalanobis_diag,mean_std_0.75,normalized_union,inverse_margin,0.25,1.046744756834034,0.622,0.752,0.726,0.026
2,mahalanobis_diag,mean_std_0.75,normalized_union,inverse_margin,0.5,1.3132662599644602,0.622,0.752,0.726,0.026
2,mahalanobis_diag,mean_std_0.75,normalized_union,inverse_margin,1.0,1.9405282472801773,0.642,0.752,0.73,0.022
2,mahalanobis_diag,mean_std_0.75,normalized_union,inverse_margin,2.0,3.100580826811806,0.642,0.752,0.73,0.022
2,mahalanobis_diag,mean_std_0.75,normalized_union,max_ratio,0.0,0.7642509575633004,0.582,0.752,0.718,0.034
2,mahalanobis_diag,mean_std_0.75,normalized_union,max_ratio,0.25,0.7642509575633004,0.582,0.752,0.718,0.034
2,mahalanobis_diag,mean_std_0.75,normalized_union,max_ratio,0.5,0.7642509575633004,0.582,0.752,0.718,0.034
2,mahalanobis_diag,mean_std_0.75,normalized_union,max_ratio,1.0,0.7799671713611915,0.622,0.752,0.726,0.026
2,mahalanobis_diag,mean_std_0.75,normalized_union,max_ratio,2.0,1.0827937393948657,0.652,0.752,0.732,0.02
2,mahalanobis_diag,mean_std_1.0,nearest_sphere,none,0.0,0.71834497576669,0.572,0.752,0.716,0.036
2,mahalanobis_diag,mean_std_1.0,nearest_sphere,none,0.25,0.71834497576669,0.572,0.752,0.716,0.036
2,mahalanobis_diag,mean_std_1.0,nearest_sphere,none,0.5,0.71834497576669,0.572,0.752,0.716,0.036
2,mahalanobis_diag,mean_std_1.0,nearest_sphere,none,1.0,0.71834497576669,0.572,0.752,0.716,0.036
2,mahalanobis_diag,mean_std_1.0,nearest_sphere,none,2.0,0.71834497576669,0.572,0.752,0.716,0.036
2,mahalanobis_diag,mean_std_1.0,nearest_sphere,ratio,0.0,0.71834497576669,0.572,0.752,0.716,0.036
2,mahalanobis_diag,mean_std_1.0,nearest_sphere,ratio,0.25,0.8431080803458655,0.592,0.752,0.72,0.032
2,mahalanobis_diag,mean_std_1.0,nearest_sphere,ratio,0.5,0.9764480192050794,0.622,0.752,0.726,0.026
2,mahalanobis_diag,mean_std_1.0,nearest_sphere,ratio,1.0,1.2402643073182973,0.622,0.752,0.726,0.026
2,mahalanobis_diag,mean_std_1.0,nearest_sphere,ratio,2.0,1.7542875477554973,0.612,0.752,0.724,0.028
2,mahalanobis_diag,mean_std_1.0,nearest_sphere,inverse_margin,0.0,0.71834497576669,0.572,0.752,0.716,0.036
2,mahalanobis_diag,mean_std_1.0,nearest_sphere,inverse_margin,0.25,0.9960506288600515,0.622,0.752,0.726,0.026
2,mahalanobis_diag,mean_std_1.0,nearest_sphere,inverse_margin,0.5,1.2696358601062943,0.622,0.752,0.726,0.026
2,mahalanobis_diag,mean_std_1.0,nearest_sphere,inverse_margin,1.0,1.8847278589900975,0.642,0.752,0.73,0.022
2,mahalanobis_diag,mean_std_1.0,nearest_sphere,inverse_margin,2.0,3.060824954051843,0.642,0.752,0.73,0.022
2,mahalanobis_diag,mean_std_1.0,nearest_sphere,max_ratio,0.0,0.71834497576669,0.572,0.752,0.716,0.036
2,mahalanobis_diag,mean_std_1.0,nearest_sphere,max_ratio,0.25,0.71834497576669,0.572,0.752,0.716,0.036
2,mahalanobis_diag,mean_std_1.0,nearest_sphere,max_ratio,0.5,0.71834497576669,0.572,0.752,0.716,0.036
2,mahalanobis_diag,mean_std_1.0,nearest_sphere,max_ratio,1.0,0.7347508934212588,0.622,0.752,0.726,0.026
2,mahalanobis_diag,mean_std_1.0,nearest_sphere,max_ratio,2.0,1.0819642426367893,0.652,0.752,0.732,0.02
2,mahalanobis_diag,mean_std_1.0,normalized_union,none,0.0,0.7162157473339685,0.572,0.752,0.716,0.036
2,mahalanobis_diag,mean_std_1.0,normalized_union,none,0.25,0.7162157473339685,0.572,0.752,0.716,0.036
2,mahalanobis_diag,mean_std_1.0,normalized_union,none,0.5,0.7162157473339685,0.572,0.752,0.716,0.036
2,mahalanobis_diag,mean_std_1.0,normalized_union,none,1.0,0.7162157473339685,0.572,0.752,0.716,0.036
2,mahalanobis_diag,mean_std_1.0,normalized_union,none,2.0,0.7162157473339685,0.572,0.752,0.716,0.036
2,mahalanobis_diag,mean_std_1.0,normalized_union,ratio,0.0,0.7162157473339685,0.572,0.752,0.716,0.036
2,mahalanobis_diag,mean_std_1.0,normalized_union,ratio,0.25,0.8431080803458655,0.592,0.752,0.72,0.032
2,mahalanobis_diag,mean_std_1.0,normalized_union,ratio,0.5,0.9712966891908924,0.622,0.752,0.726,0.026
2,mahalanobis_diag,mean_std_1.0,normalized_union,ratio,1.0,1.2349980784976435,0.622,0.752,0.726,0.026
2,mahalanobis_diag,mean_std_1.0,normalized_union,ratio,2.0,1.7460293401338105,0.612,0.752,0.724,0.028
2,mahalanobis_diag,mean_std_1.0,normalized_union,inverse_margin,0.0,0.7162157473339685,0.572,0.752,0.716,0.036
2,mahalanobis_diag,mean_std_1.0,normalized_union,inverse_margin,0.25,0.9946768189793251,0.622,0.752,0.726,0.026
2,mahalanobis_diag,mean_std_1.0,normalized_union,inverse_margin,0.5,1.2614681566099888,0.622,0.752,0.726,0.026
2,mahalanobis_diag,mean_std_1.0,normalized_union,inverse_margin,1.0,1.8847278589900975,0.642,0.752,0.73,0.022
2,mahalanobis_diag,mean_std_1.0,normalized_union,inverse_margin,2.0,3.060235221930276,0.642,0.752,0.73,0.022
2,mahalanobis_diag,mean_std_1.0,normalized_union,max_ratio,0.0,0.7162157473339685,0.572,0.752,0.716,0.036
2,mahalanobis_diag,mean_std_1.0,normalized_union,max_ratio,0.25,0.7162157473339685,0.572,0.752,0.716,0.036
2,mahalanobis_diag,mean_std_1.0,normalized_union,max_ratio,0.5,0.7162157473339685,0.572,0.752,0.716,0.036
2,mahalanobis_diag,mean_std_1.0,normalized_union,max_ratio,1.0,0.7347508934212588,0.622,0.752,0.726,0.026
2,mahalanobis_diag,mean_std_1.0,normalized_union,max_ratio,2.0,1.0819642426367893,0.652,0.752,0.732,0.02
2,mahalanobis_diag,mean_std_1.5,nearest_sphere,none,0.0,0.6443314093261128,0.572,0.752,0.716,0.036
2,mahalanobis_diag,mean_std_1.5,nearest_sphere,none,0.25,0.6443314093261128,0.572,0.752,0.716,0.036
2,mahalanobis_diag,mean_std_1.5,nearest_sphere,none,0.5,0.6443314093261128,0.572,0.752,0.716,0.036
2,mahalanobis_diag,mean_std_1.5,nearest_sphere,none,1.0,0.6443314093261128,0.572,0.752,0.716,0.036
2,mahalanobis_diag,mean_std_1.5,nearest_sphere,none,2.0,0.6443314093261128,0.572,0.752,0.716,0.036
2,mahalanobis_diag,mean_std_1.5,nearest_sphere,ratio,0.0,0.6443314093261128,0.572,0.752,0.716,0.036
2,mahalanobis_diag,mean_std_1.5,nearest_sphere,ratio,0.25,0.7730861805086369,0.592,0.752,0.72,0.032
2,mahalanobis_diag,mean_std_1.5,nearest_sphere,ratio,0.5,0.9048378283463305,0.622,0.752,0.726,0.026
2,mahalanobis_diag,mean_std_1.5,nearest_sphere,ratio,1.0,1.1587659041219327,0.622,0.752,0.726,0.026
2,mahalanobis_diag,mean_std_1.5,nearest_sphere,ratio,2.0,1.6744944913312954,0.612,0.752,0.724,0.028
2,mahalanobis_diag,mean_std_1.5,nearest_sphere,inverse_margin,0.0,0.6443314093261128,0.572,0.752,0.716,0.036
2,mahalanobis_diag,mean_std_1.5,nearest_sphere,inverse_margin,0.25,0.9139675204310764,0.622,0.752,0.726,0.026
2,mahalanobis_diag,mean_std_1.5,nearest_sphere,inverse_margin,0.5,1.200496010335827,0.622,0.752,0.726,0.026
2,mahalanobis_diag,mean_std_1.5,nearest_sphere,inverse_margin,1.0,1.8144816543221893,0.642,0.752,0.73,0.022
2,mahalanobis_diag,mean_std_1.5,nearest_sphere,inverse_margin,2.0,3.0047253949677435,0.642,0.752,0.73,0.022
2,mahalanobis_diag,mean_std_1.5,nearest_sphere,max_ratio,0.0,0.6443314093261128,0.572,0.752,0.716,0.036
2,mahalanobis_diag,mean_std_1.5,nearest_sphere,max_ratio,0.25,0.6443314093261128,0.572,0.752,0.716,0.036
2,mahalanobis_diag,mean_std_1.5,nearest_sphere,max_ratio,0.5,0.6443314093261128,0.572,0.752,0.716,0.036
2,mahalanobis_diag,mean_std_1.5,nearest_sphere,max_ratio,1.0,0.6666091430037039,0.612,0.752,0.724,0.028
2,mahalanobis_diag,mean_std_1.5,nearest_sphere,max_ratio,2.0,1.0819642426367893,0.652,0.752,0.732,0.02
2,mahalanobis_diag,mean_std_1.5,normalized_union,none,0.0,0.6390892196696478,0.572,0.752,0.716,0.036
2,mahalanobis_diag,mean_std_1.5,normalized_union,none,0.25,0.6390892196696478,0.572,0.752,0.716,0.036
2,mahalanobis_diag,mean_std_1.5,normalized_union,none,0.5,0.6390892196696478,0.572,0.752,0.716,0.036
2,mahalanobis_diag,mean_std_1.5,normalized_union,none,1.0,0.6390892196696478,0.572,0.752,0.716,0.036
2,mahalanobis_diag,mean_std_1.5,normalized_union,none,2.0,0.6390892196696478,0.572,0.752,0.716,0.036
2,mahalanobis_diag,mean_std_1.5,normalized_union,ratio,0.0,0.6390892196696478,0.572,0.752,0.716,0.036
2,mahalanobis_diag,mean_std_1.5,normalized_union,ratio,0.25,0.760395629918393,0.592,0.752,0.72,0.032
2,mahalanobis_diag,mean_std_1.5,normalized_union,ratio,0.5,0.8950270167077505,0.622,0.752,0.726,0.026
2,mahalanobis_diag,mean_std_1.5,normalized_union,ratio,1.0,1.1513612566140514,0.622,0.752,0.726,0.026
2,mahalanobis_diag,mean_std_1.5,normalized_union,ratio,2.0,1.6622616370155299,0.622,0.752,0.726,0.026
2,mahalanobis_diag,mean_std_1.5,normalized_union,inverse_margin,0.0,0.6390892196696478,0.572,0.752,0.716,0.036
2,mahalanobis_diag,mean_std_1.5,normalized_union,inverse_margin,0.25,0.9117201320165795,0.622,0.752,0.726,0.026
2,mahalanobis_diag,mean_std_1.5,normalized_union,inverse_margin,0.5,1.1803914552971533,0.622,0.752,0.726,0.026
2,mahalanobis_diag,mean_std_1.5,normalized_union,inverse_margin,1.0,1.8144816543221893,0.642,0.752,0.73,0.022
2,mahalanobis_diag,mean_std_1.5,normalized_union,inverse_margin,2.0,2.9940951334171753,0.642,0.752,0.73,0.022
2,mahalanobis_diag,mean_std_1.5,normalized_union,max_ratio,0.0,0.6390892196696478,0.572,0.752,0.716,0.036
2,mahalanobis_diag,mean_std_1.5,normalized_union,max_ratio,0.25,0.6390892196696478,0.572,0.752,0.716,0.036
2,mahalanobis_diag,mean_std_1.5,normalized_union,max_ratio,0.5,0.6390892196696478,0.572,0.752,0.716,0.036
2,mahalanobis_diag,mean_std_1.5,normalized_union,max_ratio,1.0,0.6657614588955738,0.612,0.752,0.724,0.028
2,mahalanobis_diag,mean_std_1.5,normalized_union,max_ratio,2.0,1.0819642426367893,0.652,0.752,0.732,0.02
2,mahalanobis_diag,mean_std_2.0,nearest_sphere,none,0.0,0.5831878401456182,0.552,0.752,0.712,0.04
2,mahalanobis_diag,mean_std_2.0,nearest_sphere,none,0.25,0.5831878401456182,0.552,0.752,0.712,0.04
2,mahalanobis_diag,mean_std_2.0,nearest_sphere,none,0.5,0.5831878401456182,0.552,0.752,0.712,0.04
2,mahalanobis_diag,mean_std_2.0,nearest_sphere,none,1.0,0.5831878401456182,0.552,0.752,0.712,0.04
2,mahalanobis_diag,mean_std_2.0,nearest_sphere,none,2.0,0.5831878401456182,0.552,0.752,0.712,0.04
2,mahalanobis_diag,mean_std_2.0,nearest_sphere,ratio,0.0,0.5831878401456182,0.552,0.752,0.712,0.04
2,mahalanobis_diag,mean_std_2.0,nearest_sphere,ratio,0.25,0.7081078030815197,0.592,0.752,0.72,0.032
2,mahalanobis_diag,mean_std_2.0,nearest_sphere,ratio,0.5,0.8425360765397425,0.622,0.752,0.726,0.026
2,mahalanobis_diag,mean_std_2.0,nearest_sphere,ratio,1.0,1.0978808516730465,0.622,0.752,0.726,0.026
2,mahalanobis_diag,mean_std_2.0,nearest_sphere,ratio,2.0,1.623712963589945,0.612,0.752,0.724,0.028
2,mahalanobis_diag,mean_std_2.0,nearest_sphere,inverse_margin,0.0,0.5831878401456182,0.552,0.752,0.712,0.04
2,mahalanobis_diag,mean_std_2.0,nearest_sphere,inverse_margin,0.25,0.8565406001196716,0.622,0.752,0.726,0.026
2,mahalanobis_diag,mean_std_2.0,nearest_sphere,inverse_margin,0.5,1.1299891809048352,0.622,0.752,0.726,0.026
2,mahalanobis_diag,mean_std_2.0,nearest_sphere,inverse_margin,1.0,1.7608079001340404,0.642,0.752,0.73,0.022
2,mahalanobis_diag,mean_std_2.0,nearest_sphere,inverse_margin,2.0,2.935461692793724,0.652,0.752,0.732,0.02
2,mahalanobis_diag,mean_std_2.0,nearest_sphere,max_ratio,0.0,0.5831878401456182,0.552,0.752,0.712,0.04
2,mahalanobis_diag,mean_std_2.0,nearest_sphere,max_ratio,0.25,0.5831878401456182,0.552,0.752,0.712,0.04
2,mahalanobis_diag,mean_std_2.0,nearest_sphere,max_ratio,0.5,0.5831878401456182,0.552,0.752,0.712,0.04
2,mahalanobis_diag,mean_std_2.0,nearest_sphere,max_ratio,1.0,0.6121221929421842,0.622,0.752,0.726,0.026
2,mahalanobis_diag,mean_std_2.0,nearest_sphere,max_ratio,2.0,1.0759586555060667,0.652,0.752,0.732,0.02
2,mahalanobis_diag,mean_std_2.0,normalized_union,none,0.0,0.575566094426453,0.572,0.752,0.716,0.036
2,mahalanobis_diag,mean_std_2.0,normalized_union,none,0.25,0.575566094426453,0.572,0.752,0.716,0.036
2,mahalanobis_diag,mean_std_2.0,normalized_union,none,0.5,0.575566094426453,0.572,0.752,0.716,0.036
2,mahalanobis_diag,mean_std_2.0,normalized_union,none,1.0,0.575566094426453,0.572,0.752,0.716,0.036
2,mahalanobis_diag,mean_std_2.0,normalized_union,none,2.0,0.575566094426453,0.572,0.752,0.716,0.036
2,mahalanobis_diag,mean_std_2.0,normalized_union,ratio,0.0,0.575566094426453,0.572,0.752,0.716,0.036
2,mahalanobis_diag,mean_std_2.0,normalized_union,ratio,0.25,0.7005522122493694,0.592,0.752,0.72,0.032
2,mahalanobis_diag,mean_std_2.0,normalized_union,ratio,0.5,0.8328856534455734,0.622,0.752,0.726,0.026
2,mahalanobis_diag,mean_std_2.0,normalized_union,ratio,1.0,1.0814350774545551,0.622,0.752,0.726,0.026
2,mahalanobis_diag,mean_std_2.0,normalized_union,ratio,2.0,1.5966865098774403,0.622,0.752,0.726,0.026
2,mahalanobis_diag,mean_std_2.0,normalized_union,inverse_margin,0.0,0.575566094426453,0.572,0.752,0.716,0.036
2,mahalanobis_diag,mean_std_2.0,normalized_union,inverse_margin,0.25,0.8428247360296683,0.622,0.752,0.726,0.026
2,mahalanobis_diag,mean_std_2.0,normalized_union,inverse_margin,0.5,1.1133857258801574,0.632,0.752,0.728,0.024
2,mahalanobis_diag,mean_std_2.0,normalized_union,inverse_margin,1.0,1.7464283405518661,0.642,0.752,0.73,0.022
2,mahalanobis_diag,mean_std_2.0,normalized_union,inverse_margin,2.0,2.9347400169327624,0.652,0.752,0.732,0.02
2,mahalanobis_diag,mean_std_2.0,normalized_union,max_ratio,0.0,0.575566094426453,0.572,0.752,0.716,0.036
2,mahalanobis_diag,mean_std_2.0,normalized_union,max_ratio,0.25,0.575566094426453,0.572,0.752,0.716,0.036
2,mahalanobis_diag,mean_std_2.0,normalized_union,max_ratio,0.5,0.575566094426453,0.572,0.752,0.716,0.036
2,mahalanobis_diag,mean_std_2.0,normalized_union,max_ratio,1.0,0.6108664943515962,0.622,0.752,0.726,0.026
2,mahalanobis_diag,mean_std_2.0,normalized_union,max_ratio,2.0,1.0759586555060667,0.652,0.752,0.732,0.02
2,mahalanobis_diag,mean_std_3.0,nearest_sphere,none,0.0,0.48857005738171866,0.552,0.752,0.712,0.04
2,mahalanobis_diag,mean_std_3.0,nearest_sphere,none,0.25,0.48857005738171866,0.552,0.752,0.712,0.04
2,mahalanobis_diag,mean_std_3.0,nearest_sphere,none,0.5,0.48857005738171866,0.552,0.752,0.712,0.04
2,mahalanobis_diag,mean_std_3.0,nearest_sphere,none,1.0,0.48857005738171866,0.552,0.752,0.712,0.04
2,mahalanobis_diag,mean_std_3.0,nearest_sphere,none,2.0,0.48857005738171866,0.552,0.752,0.712,0.04
2,mahalanobis_diag,mean_std_3.0,nearest_sphere,ratio,0.0,0.48857005738171866,0.552,0.752,0.712,0.04
2,mahalanobis_diag,mean_std_3.0,nearest_sphere,ratio,0.25,0.6155799482881396,0.592,0.752,0.72,0.032
2,mahalanobis_diag,mean_std_3.0,nearest_sphere,ratio,0.5,0.7469142714178618,0.622,0.752,0.726,0.026
2,mahalanobis_diag,mean_std_3.0,nearest_sphere,ratio,1.0,0.9930748501718261,0.622,0.752,0.726,0.026
2,mahalanobis_diag,mean_std_3.0,nearest_sphere,ratio,2.0,1.5213505010635415,0.622,0.752,0.726,0.026
2,mahalanobis_diag,mean_std_3.0,nearest_sphere,inverse_margin,0.0,0.48857005738171866,0.552,0.752,0.712,0.04
2,mahalanobis_diag,mean_std_3.0,nearest_sphere,inverse_margin,0.25,0.7640951753691495,0.622,0.752,0.726,0.026
2,mahalanobis_diag,mean_std_3.0,nearest_sphere,inverse_margin,0.5,1.0330059933665006,0.622,0.752,0.726,0.026
2,mahalanobis_diag,mean_std_3.0,nearest_sphere,inverse_margin,1.0,1.6588987973509246,0.642,0.752,0.73,0.022
2,mahalanobis_diag,mean_std_3.0,nearest_sphere,inverse_margin,2.0,2.8330084234439785,0.652,0.752,0.732,0.02
2,mahalanobis_diag,mean_std_3.0,nearest_sphere,max_ratio,0.0,0.48857005738171866,0.552,0.752,0.712,0.04
2,mahalanobis_diag,mean_std_3.0,nearest_sphere,max_ratio,0.25,0.48857005738171866,0.552,0.752,0.712,0.04
2,mahalanobis_diag,mean_std_3.0,nearest_sphere,max_ratio,0.5,0.48857005738171866,0.552,0.752,0.712,0.04
2,mahalanobis_diag,mean_std_3.0,nearest_sphere,max_ratio,1.0,0.5579990569270933,0.642,0.752,0.73,0.022
2,mahalanobis_diag,mean_std_3.0,nearest_sphere,max_ratio,2.0,1.0759586555060667,0.652,0.752,0.732,0.02
2,mahalanobis_diag,mean_std_3.0,normalized_union,none,0.0,0.4803344179585409,0.562,0.752,0.714,0.038
2,mahalanobis_diag,mean_std_3.0,normalized_union,none,0.25,0.4803344179585409,0.562,0.752,0.714,0.038
2,mahalanobis_diag,mean_std_3.0,normalized_union,none,0.5,0.4803344179585409,0.562,0.752,0.714,0.038
2,mahalanobis_diag,mean_std_3.0,normalized_union,none,1.0,0.4803344179585409,0.562,0.752,0.714,0.038
2,mahalanobis_diag,mean_std_3.0,normalized_union,none,2.0,0.4803344179585409,0.562,0.752,0.714,0.038
2,mahalanobis_diag,mean_std_3.0,normalized_union,ratio,0.0,0.4803344179585409,0.562,0.752,0.714,0.038
2,mahalanobis_diag,mean_std_3.0,normalized_union,ratio,0.25,0.6057839730530089,0.612,0.752,0.724,0.028
2,mahalanobis_diag,mean_std_3.0,normalized_union,ratio,0.5,0.7313166712046577,0.622,0.752,0.726,0.026
2,mahalanobis_diag,mean_std_3.0,normalized_union,ratio,1.0,0.9871568939184172,0.622,0.752,0.726,0.026
2,mahalanobis_diag,mean_std_3.0,normalized_union,ratio,2.0,1.508789282652081,0.632,0.752,0.728,0.024
2,mahalanobis_diag,mean_std_3.0,normalized_union,inverse_margin,0.0,0.4803344179585409,0.562,0.752,0.714,0.038
2,mahalanobis_diag,mean_std_3.0,normalized_union,inverse_margin,0.25,0.7402478480885343,0.622,0.752,0.726,0.026
2,mahalanobis_diag,mean_std_3.0,normalized_union,inverse_margin,0.5,1.0250672667262406,0.632,0.752,0.728,0.024
2,mahalanobis_diag,mean_std_3.0,normalized_union,inverse_margin,1.0,1.6465269045344257,0.642,0.752,0.73,0.022
2,mahalanobis_diag,mean_std_3.0,normalized_union,inverse_margin,2.0,2.8113046118505114,0.652,0.752,0.732,0.02
2,mahalanobis_diag,mean_std_3.0,normalized_union,max_ratio,0.0,0.4803344179585409,0.562,0.752,0.714,0.038
2,mahalanobis_diag,mean_std_3.0,normalized_union,max_ratio,0.25,0.4803344179585409,0.562,0.752,0.714,0.038
2,mahalanobis_diag,mean_std_3.0,normalized_union,max_ratio,0.5,0.4803344179585409,0.562,0.752,0.714,0.038
2,mahalanobis_diag,mean_std_3.0,normalized_union,max_ratio,1.0,0.556548816496972,0.642,0.752,0.73,0.022
2,mahalanobis_diag,mean_std_3.0,normalized_union,max_ratio,2.0,1.0759586555060667,0.652,0.752,0.732,0.02
2,mahalanobis_diag,center_quantile_0.5,nearest_sphere,none,0.0,1.1439776363618794,0.562,0.752,0.714,0.038
2,mahalanobis_diag,center_quantile_0.5,nearest_sphere,none,0.25,1.1439776363618794,0.562,0.752,0.714,0.038
2,mahalanobis_diag,center_quantile_0.5,nearest_sphere,none,0.5,1.1439776363618794,0.562,0.752,0.714,0.038
2,mahalanobis_diag,center_quantile_0.5,nearest_sphere,none,1.0,1.1439776363618794,0.562,0.752,0.714,0.038
2,mahalanobis_diag,center_quantile_0.5,nearest_sphere,none,2.0,1.1439776363618794,0.562,0.752,0.714,0.038
2,mahalanobis_diag,center_quantile_0.5,nearest_sphere,ratio,0.0,1.1439776363618794,0.562,0.752,0.714,0.038
2,mahalanobis_diag,center_quantile_0.5,nearest_sphere,ratio,0.25,1.258264252532714,0.582,0.752,0.718,0.034
2,mahalanobis_diag,center_quantile_0.5,nearest_sphere,ratio,0.5,1.3818420846389556,0.592,0.752,0.72,0.032
2,mahalanobis_diag,center_quantile_0.5,nearest_sphere,ratio,1.0,1.648652235383232,0.612,0.752,0.724,0.028
2,mahalanobis_diag,center_quantile_0.5,nearest_sphere,ratio,2.0,2.1614062889226724,0.632,0.752,0.728,0.024
2,mahalanobis_diag,center_quantile_0.5,nearest_sphere,inverse_margin,0.0,1.1439776363618794,0.562,0.752,0.714,0.038
2,mahalanobis_diag,center_quantile_0.5,nearest_sphere,inverse_margin,0.25,1.4100904679661768,0.612,0.752,0.724,0.028
2,mahalanobis_diag,center_quantile_0.5,nearest_sphere,inverse_margin,0.5,1.695240519999524,0.632,0.752,0.728,0.024
2,mahalanobis_diag,center_quantile_0.5,nearest_sphere,inverse_margin,1.0,2.3104315633281285,0.632,0.752,0.728,0.024
2,mahalanobis_diag,center_quantile_0.5,nearest_sphere,inverse_margin,2.0,3.464476384961821,0.642,0.752,0.73,0.022
2,mahalanobis_diag,center_quantile_0.5,nearest_sphere,max_ratio,0.0,1.1439776363618794,0.562,0.752,0.714,0.038
2,mahalanobis_diag,center_quantile_0.5,nearest_sphere,max_ratio,0.25,1.1439776363618794,0.562,0.752,0.714,0.038
2,mahalanobis_diag,center_quantile_0.5,nearest_sphere,max_ratio,0.5,1.1439776363618794,0.562,0.752,0.714,0.038
2,mahalanobis_diag,center_quantile_0.5,nearest_sphere,max_ratio,1.0,1.1439776363618794,0.562,0.752,0.714,0.038
2,mahalanobis_diag,center_quantile_0.5,nearest_sphere,max_ratio,2.0,1.2202614841227433,0.612,0.752,0.724,0.028
2,mahalanobis_diag,center_quantile_0.5,normalized_union,none,0.0,1.0941060790992914,0.512,0.752,0.704,0.048
2,mahalanobis_diag,center_quantile_0.5,normalized_union,none,0.25,1.0941060790992914,0.512,0.752,0.704,0.048
2,mahalanobis_diag,center_quantile_0.5,normalized_union,none,0.5,1.0941060790992914,0.512,0.752,0.704,0.048
2,mahalanobis_diag,center_quantile_0.5,normalized_union,none,1.0,1.0941060790992914,0.512,0.752,0.704,0.048
2,mahalanobis_diag,center_quantile_0.5,normalized_union,none,2.0,1.0941060790992914,0.512,0.752,0.704,0.048
2,mahalanobis_diag,center_quantile_0.5,normalized_union,ratio,0.0,1.0941060790992914,0.512,0.752,0.704,0.048
2,mahalanobis_diag,center_quantile_0.5,normalized_union,ratio,0.25,1.2251789633327441,0.552,0.752,0.712,0.04
2,mahalanobis_diag,center_quantile_0.5,normalized_union,ratio,0.5,1.3544722331059633,0.592,0.752,0.72,0.032
2,mahalanobis_diag,center_quantile_0.5,normalized_union,ratio,1.0,1.6209368574192298,0.612,0.752,0.724,0.028
2,mahalanobis_diag,center_quantile_0.5,normalized_union,ratio,2.0,2.1168616572003125,0.622,0.752,0.726,0.026
2,mahalanobis_diag,center_quantile_0.5,normalized_union,inverse_margin,0.0,1.0941060790992914,0.512,0.752,0.704,0.048
2,mahalanobis_diag,center_quantile_0.5,normalized_union,inverse_margin,0.25,1.3818099797277705,0.612,0.752,0.724,0.028
2,mahalanobis_diag,center_quantile_0.5,normalized_union,inverse_margin,0.5,1.6485042814881967,0.622,0.752,0.726,0.026
2,mahalanobis_diag,center_quantile_0.5,normalized_union,inverse_margin,1.0,2.277113083099556,0.642,0.752,0.73,0.022
2,mahalanobis_diag,center_quantile_0.5,normalized_union,inverse_margin,2.0,3.464476384961821,0.642,0.752,0.73,0.022
2,mahalanobis_diag,center_quantile_0.5,normalized_union,max_ratio,0.0,1.0941060790992914,0.512,0.752,0.704,0.048
2,mahalanobis_diag,center_quantile_0.5,normalized_union,max_ratio,0.25,1.0941060790992914,0.512,0.752,0.704,0.048
2,mahalanobis_diag,center_quantile_0.5,normalized_union,max_ratio,0.5,1.0941060790992914,0.512,0.752,0.704,0.048
2,mahalanobis_diag,center_quantile_0.5,normalized_union,max_ratio,1.0,1.0941060790992914,0.512,0.752,0.704,0.048
2,mahalanobis_diag,center_quantile_0.5,normalized_union,max_ratio,2.0,1.2007995811657866,0.622,0.752,0.726,0.026
2,mahalanobis_diag,intent_quantile_0.5,nearest_sphere,none,0.0,1.1560528969407822,0.562,0.752,0.714,0.038
2,mahalanobis_diag,intent_quantile_0.5,nearest_sphere,none,0.25,1.1560528969407822,0.562,0.752,0.714,0.038
2,mahalanobis_diag,intent_quantile_0.5,nearest_sphere,none,0.5,1.1560528969407822,0.562,0.752,0.714,0.038
2,mahalanobis_diag,intent_quantile_0.5,nearest_sphere,none,1.0,1.1560528969407822,0.562,0.752,0.714,0.038
2,mahalanobis_diag,intent_quantile_0.5,nearest_sphere,none,2.0,1.1560528969407822,0.562,0.752,0.714,0.038
2,mahalanobis_diag,intent_quantile_0.5,nearest_sphere,ratio,0.0,1.1560528969407822,0.562,0.752,0.714,0.038
2,mahalanobis_diag,intent_quantile_0.5,nearest_sphere,ratio,0.25,1.2820980434751146,0.592,0.752,0.72,0.032
2,mahalanobis_diag,intent_quantile_0.5,nearest_sphere,ratio,0.5,1.4125286216619282,0.602,0.752,0.722,0.03
2,mahalanobis_diag,intent_quantile_0.5,nearest_sphere,ratio,1.0,1.686626553251573,0.622,0.752,0.726,0.026
2,mahalanobis_diag,intent_quantile_0.5,nearest_sphere,ratio,2.0,2.208289410283929,0.632,0.752,0.728,0.024
2,mahalanobis_diag,intent_quantile_0.5,nearest_sphere,inverse_margin,0.0,1.1560528969407822,0.562,0.752,0.714,0.038
2,mahalanobis_diag,intent_quantile_0.5,nearest_sphere,inverse_margin,0.25,1.4495668016668857,0.622,0.752,0.726,0.026
2,mahalanobis_diag,intent_quantile_0.5,nearest_sphere,inverse_margin,0.5,1.7221601568253195,0.622,0.752,0.726,0.026
2,mahalanobis_diag,intent_quantile_0.5,nearest_sphere,inverse_margin,1.0,2.303633786460856,0.632,0.752,0.728,0.024
2,mahalanobis_diag,intent_quantile_0.5,nearest_sphere,inverse_margin,2.0,3.513970970437744,0.642,0.752,0.73,0.022
2,mahalanobis_diag,intent_quantile_0.5,nearest_sphere,max_ratio,0.0,1.1560528969407822,0.562,0.752,0.714,0.038
2,mahalanobis_diag,intent_quantile_0.5,nearest_sphere,max_ratio,0.25,1.1560528969407822,0.562,0.752,0.714,0.038
2,mahalanobis_diag,intent_quantile_0.5,nearest_sphere,max_ratio,0.5,1.1560528969407822,0.562,0.752,0.714,0.038
2,mahalanobis_diag,intent_quantile_0.5,nearest_sphere,max_ratio,1.0,1.1560528969407822,0.562,0.752,0.714,0.038
2,mahalanobis_diag,intent_quantile_0.5,nearest_sphere,max_ratio,2.0,1.2163053289589796,0.622,0.752,0.726,0.026
2,mahalanobis_diag,intent_quantile_0.5,normalized_union,none,0.0,1.1529017411882976,0.552,0.752,0.712,0.04
2,mahalanobis_diag,intent_quantile_0.5,normalized_union,none,0.25,1.1529017411882976,0.552,0.752,0.712,0.04
2,mahalanobis_diag,intent_quantile_0.5,normalized_union,none,0.5,1.1529017411882976,0.552,0.752,0.712,0.04
2,mahalanobis_diag,intent_quantile_0.5,normalized_union,none,1.0,1.1529017411882976,0.552,0.752,0.712,0.04
2,mahalanobis_diag,intent_quantile_0.5,normalized_union,none,2.0,1.1529017411882976,0.552,0.752,0.712,0.04
2,mahalanobis_diag,intent_quantile_0.5,normalized_union,ratio,0.0,1.1529017411882976,0.552,0.752,0.712,0.04
2,mahalanobis_diag,intent_quantile_0.5,normalized_union,ratio,0.25,1.2820980434751146,0.582,0.752,0.718,0.034
2,mahalanobis_diag,intent_quantile_0.5,normalized_union,ratio,0.5,1.4125286216619282,0.602,0.752,0.722,0.03
2,mahalanobis_diag,intent_quantile_0.5,normalized_union,ratio,1.0,1.686626553251573,0.622,0.752,0.726,0.026
2,mahalanobis_diag,intent_quantile_0.5,normalized_union,ratio,2.0,2.208289410283929,0.632,0.752,0.728,0.024
2,mahalanobis_diag,intent_quantile_0.5,normalized_union,inverse_margin,0.0,1.1529017411882976,0.552,0.752,0.712,0.04
2,mahalanobis_diag,intent_quantile_0.5,normalized_union,inverse_margin,0.25,1.4495668016668857,0.622,0.752,0.726,0.026
2,mahalanobis_diag,intent_quantile_0.5,normalized_union,inverse_margin,0.5,1.7221601568253195,0.622,0.752,0.726,0.026
2,mahalanobis_diag,intent_quantile_0.5,normalized_union,inverse_margin,1.0,2.303633786460856,0.632,0.752,0.728,0.024
2,mahalanobis_diag,intent_quantile_0.5,normalized_union,inverse_margin,2.0,3.513970970437744,0.642,0.752,0.73,0.022
2,mahalanobis_diag,intent_quantile_0.5,normalized_union,max_ratio,0.0,1.1529017411882976,0.552,0.752,0.712,0.04
2,mahalanobis_diag,intent_quantile_0.5,normalized_union,max_ratio,0.25,1.1529017411882976,0.552,0.752,0.712,0.04
2,mahalanobis_diag,intent_quantile_0.5,normalized_union,max_ratio,0.5,1.1529017411882976,0.552,0.752,0.712,0.04
2,mahalanobis_diag,intent_quantile_0.5,normalized_union,max_ratio,1.0,1.1529017411882976,0.552,0.752,0.712,0.04
2,mahalanobis_diag,intent_quantile_0.5,normalized_union,max_ratio,2.0,1.2163053289589796,0.622,0.752,0.726,0.026
2,mahalanobis_diag,center_quantile_0.7,nearest_sphere,none,0.0,1.016095370564506,0.512,0.752,0.704,0.048
2,mahalanobis_diag,center_quantile_0.7,nearest_sphere,none,0.25,1.016095370564506,0.512,0.752,0.704,0.048
2,mahalanobis_diag,center_quantile_0.7,nearest_sphere,none,0.5,1.016095370564506,0.512,0.752,0.704,0.048
2,mahalanobis_diag,center_quantile_0.7,nearest_sphere,none,1.0,1.016095370564506,0.512,0.752,0.704,0.048
2,mahalanobis_diag,center_quantile_0.7,nearest_sphere,none,2.0,1.016095370564506,0.512,0.752,0.704,0.048
2,mahalanobis_diag,center_quantile_0.7,nearest_sphere,ratio,0.0,1.016095370564506,0.512,0.752,0.704,0.048
2,mahalanobis_diag,center_quantile_0.7,nearest_sphere,ratio,0.25,1.1383482839001657,0.542,0.752,0.71,0.042
2,mahalanobis_diag,center_quantile_0.7,nearest_sphere,ratio,0.5,1.2564027782898983,0.562,0.752,0.714,0.038
2,mahalanobis_diag,center_quantile_0.7,nearest_sphere,ratio,1.0,1.5116941256003802,0.612,0.752,0.724,0.028
2,mahalanobis_diag,center_quantile_0.7,nearest_sphere,ratio,2.0,2.000864959007983,0.622,0.752,0.726,0.026
2,mahalanobis_diag,center_quantile_0.7,nearest_sphere,inverse_margin,0.0,1.016095370564506,0.512,0.752,0.704,0.048
2,mahalanobis_diag,center_quantile_0.7,nearest_sphere,inverse_margin,0.25,1.286515752809628,0.622,0.752,0.726,0.026
2,mahalanobis_diag,center_quantile_0.7,nearest_sphere,inverse_margin,0.5,1.5294700869341011,0.622,0.752,0.726,0.026
2,mahalanobis_diag,center_quantile_0.7,nearest_sphere,inverse_margin,1.0,2.11147503985912,0.632,0.752,0.728,0.024
2,mahalanobis_diag,center_quantile_0.7,nearest_sphere,inverse_margin,2.0,3.2977018159620286,0.632,0.752,0.728,0.024
2,mahalanobis_diag,center_quantile_0.7,nearest_sphere,max_ratio,0.0,1.016095370564506,0.512,0.752,0.704,0.048
2,mahalanobis_diag,center_quantile_0.7,nearest_sphere,max_ratio,0.25,1.016095370564506,0.512,0.752,0.704,0.048
2,mahalanobis_diag,center_quantile_0.7,nearest_sphere,max_ratio,0.5,1.016095370564506,0.512,0.752,0.704,0.048
2,mahalanobis_diag,center_quantile_0.7,nearest_sphere,max_ratio,1.0,1.016095370564506,0.512,0.752,0.704,0.048
2,mahalanobis_diag,center_quantile_0.7,nearest_sphere,max_ratio,2.0,1.144981649803541,0.622,0.752,0.726,0.026
2,mahalanobis_diag,center_quantile_0.7,normalized_union,none,0.0,0.9668283428397081,0.452,0.752,0.692,0.06
2,mahalanobis_diag,center_quantile_0.7,normalized_union,none,0.25,0.9668283428397081,0.452,0.752,0.692,0.06
2,mahalanobis_diag,center_quantile_0.7,normalized_union,none,0.5,0.9668283428397081,0.452,0.752,0.692,0.06
2,mahalanobis_diag,center_quantile_0.7,normalized_union,none,1.0,0.9668283428397081,0.452,0.752,0.692,0.06
2,mahalanobis_diag,center_quantile_0.7,normalized_union,none,2.0,0.9668283428397081,0.452,0.752,0.692,0.06
2,mahalanobis_diag,center_quantile_0.7,normalized_union,ratio,0.0,0.9668283428397081,0.452,0.752,0.692,0.06
2,mahalanobis_diag,center_quantile_0.7,normalized_union,ratio,0.25,1.0754298382063319,0.482,0.752,0.698,0.054
2,mahalanobis_diag,center_quantile_0.7,normalized_union,ratio,0.5,1.2054164554149271,0.542,0.752,0.71,0.042
2,mahalanobis_diag,center_quantile_0.7,normalized_union,ratio,1.0,1.4675004805800602,0.602,0.752,0.722,0.03
2,mahalanobis_diag,center_quantile_0.7,normalized_union,ratio,2.0,1.949352070686234,0.632,0.752,0.728,0.024
2,mahalanobis_diag,center_quantile_0.7,normalized_union,inverse_margin,0.0,0.9668283428397081,0.452,0.752,0.692,0.06
2,mahalanobis_diag,center_quantile_0.7,normalized_union,inverse_margin,0.25,1.2259723702321528,0.602,0.752,0.722,0.03
2,mahalanobis_diag,center_quantile_0.7,normalized_union,inverse_margin,0.5,1.4829001883232267,0.632,0.752,0.728,0.024
2,mahalanobis_diag,center_quantile_0.7,normalized_union,inverse_margin,1.0,2.044714162587788,0.632,0.752,0.728,0.024
2,mahalanobis_diag,center_quantile_0.7,normalized_union,inverse_margin,2.0,3.236168638530568,0.642,0.752,0.73,0.022
2,mahalanobis_diag,center_quantile_0.7,normalized_union,max_ratio,0.0,0.9668283428397081,0.452,0.752,0.692,0.06
2,mahalanobis_diag,center_quantile_0.7,normalized_union,max_ratio,0.25,0.9668283428397081,0.452,0.752,0.692,0.06
2,mahalanobis_diag,center_quantile_0.7,normalized_union,max_ratio,0.5,0.9668283428397081,0.452,0.752,0.692,0.06
2,mahalanobis_diag,center_quantile_0.7,normalized_union,max_ratio,1.0,0.9668283428397081,0.452,0.752,0.692,0.06
2,mahalanobis_diag,center_quantile_0.7,normalized_union,max_ratio,2.0,1.113097632993944,0.632,0.752,0.728,0.024
2,mahalanobis_diag,intent_quantile_0.7,nearest_sphere,none,0.0,1.0160967502177345,0.552,0.752,0.712,0.04
2,mahalanobis_diag,intent_quantile_0.7,nearest_sphere,none,0.25,1.0160967502177345,0.552,0.752,0.712,0.04
2,mahalanobis_diag,intent_quantile_0.7,nearest_sphere,none,0.5,1.0160967502177345,0.552,0.752,0.712,0.04
2,mahalanobis_diag,intent_quantile_0.7,nearest_sphere,none,1.0,1.0160967502177345,0.552,0.752,0.712,0.04
2,mahalanobis_diag,intent_quantile_0.7,nearest_sphere,none,2.0,1.0160967502177345,0.552,0.752,0.712,0.04
2,mahalanobis_diag,intent_quantile_0.7,nearest_sphere,ratio,0.0,1.0160967502177345,0.552,0.752,0.712,0.04
2,mahalanobis_diag,intent_quantile_0.7,nearest_sphere,ratio,0.25,1.1379242479932878,0.582,0.752,0.718,0.034
2,mahalanobis_diag,intent_quantile_0.7,nearest_sphere,ratio,0.5,1.2720168429106133,0.592,0.752,0.72,0.032
2,mahalanobis_diag,intent_quantile_0.7,nearest_sphere,ratio,1.0,1.5345696093077401,0.622,0.752,0.726,0.026
2,mahalanobis_diag,intent_quantile_0.7,nearest_sphere,ratio,2.0,2.03977922195571,0.622,0.752,0.726,0.026
2,mahalanobis_diag,intent_quantile_0.7,nearest_sphere,inverse_margin,0.0,1.0160967502177345,0.552,0.752,0.712,0.04
2,mahalanobis_diag,intent_quantile_0.7,nearest_sphere,inverse_margin,0.25,1.2918851066400352,0.622,0.752,0.726,0.026
2,mahalanobis_diag,intent_quantile_0.7,nearest_sphere,inverse_margin,0.5,1.5687009335757598,0.632,0.752,0.728,0.024
2,mahalanobis_diag,intent_quantile_0.7,nearest_sphere,inverse_margin,1.0,2.140566133406854,0.642,0.752,0.73,0.022
2,mahalanobis_diag,intent_quantile_0.7,nearest_sphere,inverse_margin,2.0,3.3452821075097443,0.642,0.752,0.73,0.022
2,mahalanobis_diag,intent_quantile_0.7,nearest_sphere,max_ratio,0.0,1.0160967502177345,0.552,0.752,0.712,0.04
2,mahalanobis_diag,intent_quantile_0.7,nearest_sphere,max_ratio,0.25,1.0160967502177345,0.552,0.752,0.712,0.04
2,mahalanobis_diag,intent_quantile_0.7,nearest_sphere,max_ratio,0.5,1.0160967502177345,0.552,0.752,0.712,0.04
2,mahalanobis_diag,intent_quantile_0.7,nearest_sphere,max_ratio,1.0,1.0160967502177345,0.552,0.752,0.712,0.04
2,mahalanobis_diag,intent_quantile_0.7,nearest_sphere,max_ratio,2.0,1.1296845451773387,0.642,0.752,0.73,0.022
2,mahalanobis_diag,intent_quantile_0.7,normalized_union,none,0.0,1.01284089835893,0.522,0.752,0.706,0.046
2,mahalanobis_diag,intent_quantile_0.7,normalized_union,none,0.25,1.01284089835893,0.522,0.752,0.706,0.046
2,mahalanobis_diag,intent_quantile_0.7,normalized_union,none,0.5,1.01284089835893,0.522,0.752,0.706,0.046
2,mahalanobis_diag,intent_quantile_0.7,normalized_union,none,1.0,1.01284089835893,0.522,0.752,0.706,0.046
2,mahalanobis_diag,intent_quantile_0.7,normalized_union,none,2.0,1.01284089835893,0.522,0.752,0.706,0.046
2,mahalanobis_diag,intent_quantile_0.7,normalized_union,ratio,0.0,1.01284089835893,0.522,0.752,0.706,0.046
2,mahalanobis_diag,intent_quantile_0.7,normalized_union,ratio,0.25,1.1379242479932878,0.572,0.752,0.716,0.036
2,mahalanobis_diag,intent_quantile_0.7,normalized_union,ratio,0.5,1.2720168429106133,0.592,0.752,0.72,0.032
2,mahalanobis_diag,intent_quantile_0.7,normalized_union,ratio,1.0,1.5345696093077401,0.622,0.752,0.726,0.026
2,mahalanobis_diag,intent_quantile_0.7,normalized_union,ratio,2.0,2.03977922195571,0.622,0.752,0.726,0.026
2,mahalanobis_diag,intent_quantile_0.7,normalized_union,inverse_margin,0.0,1.01284089835893,0.522,0.752,0.706,0.046
2,mahalanobis_diag,intent_quantile_0.7,normalized_union,inverse_margin,0.25,1.2918851066400352,0.622,0.752,0.726,0.026
2,mahalanobis_diag,intent_quantile_0.7,normalized_union,inverse_margin,0.5,1.5687009335757598,0.632,0.752,0.728,0.024
2,mahalanobis_diag,intent_quantile_0.7,normalized_union,inverse_margin,1.0,2.140566133406854,0.642,0.752,0.73,0.022
2,mahalanobis_diag,intent_quantile_0.7,normalized_union,inverse_margin,2.0,3.3452821075097443,0.642,0.752,0.73,0.022
2,mahalanobis_diag,intent_quantile_0.7,normalized_union,max_ratio,0.0,1.01284089835893,0.522,0.752,0.706,0.046
2,mahalanobis_diag,intent_quantile_0.7,normalized_union,max_ratio,0.25,1.01284089835893,0.522,0.752,0.706,0.046
2,mahalanobis_diag,intent_quantile_0.7,normalized_union,max_ratio,0.5,1.01284089835893,0.522,0.752,0.706,0.046
2,mahalanobis_diag,intent_quantile_0.7,normalized_union,max_ratio,1.0,1.01284089835893,0.522,0.752,0.706,0.046
2,mahalanobis_diag,intent_quantile_0.7,normalized_union,max_ratio,2.0,1.1296845451773387,0.642,0.752,0.73,0.022
2,mahalanobis_diag,center_quantile_0.8,nearest_sphere,none,0.0,0.9506257600996323,0.502,0.752,0.702,0.05
2,mahalanobis_diag,center_quantile_0.8,nearest_sphere,none,0.25,0.9506257600996323,0.502,0.752,0.702,0.05
2,mahalanobis_diag,center_quantile_0.8,nearest_sphere,none,0.5,0.9506257600996323,0.502,0.752,0.702,0.05
2,mahalanobis_diag,center_quantile_0.8,nearest_sphere,none,1.0,0.9506257600996323,0.502,0.752,0.702,0.05
2,mahalanobis_diag,center_quantile_0.8,nearest_sphere,none,2.0,0.9506257600996323,0.502,0.752,0.702,0.05
2,mahalanobis_diag,center_quantile_0.8,nearest_sphere,ratio,0.0,0.9506257600996323,0.502,0.752,0.702,0.05
2,mahalanobis_diag,center_quantile_0.8,nearest_sphere,ratio,0.25,1.0680257006483171,0.522,0.752,0.706,0.046
2,mahalanobis_diag,center_quantile_0.8,nearest_sphere,ratio,0.5,1.1833019584886617,0.552,0.752,0.712,0.04
2,mahalanobis_diag,center_quantile_0.8,nearest_sphere,ratio,1.0,1.4340885257317333,0.602,0.752,0.722,0.03
2,mahalanobis_diag,center_quantile_0.8,nearest_sphere,ratio,2.0,1.922444742987647,0.622,0.752,0.726,0.026
2,mahalanobis_diag,center_quantile_0.8,nearest_sphere,inverse_margin,0.0,0.9506257600996323,0.502,0.752,0.702,0.05
2,mahalanobis_diag,center_quantile_0.8,nearest_sphere,inverse_margin,0.25,1.2009976986891695,0.622,0.752,0.726,0.026
2,mahalanobis_diag,center_quantile_0.8,nearest_sphere,inverse_margin,0.5,1.4557287533445575,0.632,0.752,0.728,0.024
2,mahalanobis_diag,center_quantile_0.8,nearest_sphere,inverse_margin,1.0,2.012818663955319,0.632,0.752,0.728,0.024
2,mahalanobis_diag,center_quantile_0.8,nearest_sphere,inverse_margin,2.0,3.1833490398075326,0.632,0.752,0.728,0.024
2,mahalanobis_diag,center_quantile_0.8,nearest_sphere,max_ratio,0.0,0.9506257600996323,0.502,0.752,0.702,0.05
2,mahalanobis_diag,center_quantile_0.8,nearest_sphere,max_ratio,0.25,0.9506257600996323,0.502,0.752,0.702,0.05
2,mahalanobis_diag,center_quantile_0.8,nearest_sphere,max_ratio,0.5,0.9506257600996323,0.502,0.752,0.702,0.05
2,mahalanobis_diag,center_quantile_0.8,nearest_sphere,max_ratio,1.0,0.9506257600996323,0.502,0.752,0.702,0.05
2,mahalanobis_diag,center_quantile_0.8,nearest_sphere,max_ratio,2.0,1.1001964426610409,0.652,0.752,0.732,0.02
2,mahalanobis_diag,center_quantile_0.8,normalized_union,none,0.0,0.8986636128547562,0.392,0.752,0.68,0.072
2,mahalanobis_diag,center_quantile_0.8,normalized_union,none,0.25,0.8986636128547562,0.392,0.752,0.68,0.072
2,mahalanobis_diag,center_quantile_0.8,normalized_union,none,0.5,0.8986636128547562,0.392,0.752,0.68,0.072
2,mahalanobis_diag,center_quantile_0.8,normalized_union,none,1.0,0.8986636128547562,0.392,0.752,0.68,0.072
2,mahalanobis_diag,center_quantile_0.8,normalized_union,none,2.0,0.8986636128547562,0.392,0.752,0.68,0.072
2,mahalanobis_diag,center_quantile_0.8,normalized_union,ratio,0.0,0.8986636128547562,0.392,0.752,0.68,0.072
2,mahalanobis_diag,center_quantile_0.8,normalized_union,ratio,0.25,0.9997965288093704,0.422,0.752,0.686,0.066
2,mahalanobis_diag,center_quantile_0.8,normalized_union,ratio,0.5,1.1242131412765302,0.472,0.752,0.696,0.056
2,mahalanobis_diag,center_quantile_0.8,normalized_union,ratio,1.0,1.3961372458135741,0.592,0.752,0.72,0.032
2,mahalanobis_diag,center_quantile_0.8,normalized_union,ratio,2.0,1.8887009119092295,0.632,0.752,0.728,0.024
2,mahalanobis_diag,center_quantile_0.8,normalized_union,inverse_margin,0.0,0.8986636128547562,0.392,0.752,0.68,0.072
2,mahalanobis_diag,center_quantile_0.8,normalized_union,inverse_margin,0.25,1.1617459442742684,0.602,0.752,0.722,0.03
2,mahalanobis_diag,center_quantile_0.8,normalized_union,inverse_margin,0.5,1.4078684987081416,0.632,0.752,0.728,0.024
2,mahalanobis_diag,center_quantile_0.8,normalized_union,inverse_margin,1.0,1.9639000883045412,0.632,0.752,0.728,0.024
2,mahalanobis_diag,center_quantile_0.8,normalized_union,inverse_margin,2.0,3.1658787502911903,0.632,0.752,0.728,0.024
2,mahalanobis_diag,center_quantile_0.8,normalized_union,max_ratio,0.0,0.8986636128547562,0.392,0.752,0.68,0.072
2,mahalanobis_diag,center_quantile_0.8,normalized_union,max_ratio,0.25,0.8986636128547562,0.392,0.752,0.68,0.072
2,mahalanobis_diag,center_quantile_0.8,normalized_union,max_ratio,0.5,0.8986636128547562,0.392,0.752,0.68,0.072
2,mahalanobis_diag,center_quantile_0.8,normalized_union,max_ratio,1.0,0.9001437209605123,0.432,0.752,0.688,0.064
2,mahalanobis_diag,center_quantile_0.8,normalized_union,max_ratio,2.0,1.0911368363512424,0.652,0.752,0.732,0.02
2,mahalanobis_diag,intent_quantile_0.8,nearest_sphere,none,0.0,0.9332842549561278,0.552,0.752,0.712,0.04
2,mahalanobis_diag,intent_quantile_0.8,nearest_sphere,none,0.25,0.9332842549561278,0.552,0.752,0.712,0.04
2,mahalanobis_diag,intent_quantile_0.8,nearest_sphere,none,0.5,0.9332842549561278,0.552,0.752,0.712,0.04
2,mahalanobis_diag,intent_quantile_0.8,nearest_sphere,none,1.0,0.9332842549561278,0.552,0.752,0.712,0.04
2,mahalanobis_diag,intent_quantile_0.8,nearest_sphere,none,2.0,0.9332842549561278,0.552,0.752,0.712,0.04
2,mahalanobis_diag,intent_quantile_0.8,nearest_sphere,ratio,0.0,0.9332842549561278,0.552,0.752,0.712,0.04
2,mahalanobis_diag,intent_quantile_0.8,nearest_sphere,ratio,0.25,1.0464751667272407,0.582,0.752,0.718,0.034
2,mahalanobis_diag,intent_quantile_0.8,nearest_sphere,ratio,0.5,1.165923282270715,0.592,0.752,0.72,0.032
2,mahalanobis_diag,intent_quantile_0.8,nearest_sphere,ratio,1.0,1.43363005633389,0.612,0.752,0.724,0.028
2,mahalanobis_diag,intent_quantile_0.8,nearest_sphere,ratio,2.0,1.937731840806173,0.622,0.752,0.726,0.026
2,mahalanobis_diag,intent_quantile_0.8,nearest_sphere,inverse_margin,0.0,0.9332842549561278,0.552,0.752,0.712,0.04
2,mahalanobis_diag,intent_quantile_0.8,nearest_sphere,inverse_margin,0.25,1.1908243288589837,0.612,0.752,0.724,0.028
2,mahalanobis_diag,intent_quantile_0.8,nearest_sphere,inverse_margin,0.5,1.4547009007827372,0.632,0.752,0.728,0.024
2,mahalanobis_diag,intent_quantile_0.8,nearest_sphere,inverse_margin,1.0,2.023125918417571,0.642,0.752,0.73,0.022
2,mahalanobis_diag,intent_quantile_0.8,nearest_sphere,inverse_margin,2.0,3.219638885829677,0.642,0.752,0.73,0.022
2,mahalanobis_diag,intent_quantile_0.8,nearest_sphere,max_ratio,0.0,0.9332842549561278,0.552,0.752,0.712,0.04
2,mahalanobis_diag,intent_quantile_0.8,nearest_sphere,max_ratio,0.25,0.9332842549561278,0.552,0.752,0.712,0.04
2,mahalanobis_diag,intent_quantile_0.8,nearest_sphere,max_ratio,0.5,0.9332842549561278,0.552,0.752,0.712,0.04
2,mahalanobis_diag,intent_quantile_0.8,nearest_sphere,max_ratio,1.0,0.9342899980595193,0.552,0.752,0.712,0.04
2,mahalanobis_diag,intent_quantile_0.8,nearest_sphere,max_ratio,2.0,1.1004263788543684,0.652,0.752,0.732,0.02
2,mahalanobis_diag,intent_quantile_0.8,normalized_union,none,0.0,0.9332842549561278,0.532,0.752,0.708,0.044
2,mahalanobis_diag,intent_quantile_0.8,normalized_union,none,0.25,0.9332842549561278,0.532,0.752,0.708,0.044
2,mahalanobis_diag,intent_quantile_0.8,normalized_union,none,0.5,0.9332842549561278,0.532,0.752,0.708,0.044
2,mahalanobis_diag,intent_quantile_0.8,normalized_union,none,1.0,0.9332842549561278,0.532,0.752,0.708,0.044
2,mahalanobis_diag,intent_quantile_0.8,normalized_union,none,2.0,0.9332842549561278,0.532,0.752,0.708,0.044
2,mahalanobis_diag,intent_quantile_0.8,normalized_union,ratio,0.0,0.9332842549561278,0.532,0.752,0.708,0.044
2,mahalanobis_diag,intent_quantile_0.8,normalized_union,ratio,0.25,1.0453081845422316,0.562,0.752,0.714,0.038
2,mahalanobis_diag,intent_quantile_0.8,normalized_union,ratio,0.5,1.1658150932374842,0.582,0.752,0.718,0.034
2,mahalanobis_diag,intent_quantile_0.8,normalized_union,ratio,1.0,1.43363005633389,0.612,0.752,0.724,0.028
2,mahalanobis_diag,intent_quantile_0.8,normalized_union,ratio,2.0,1.937731840806173,0.622,0.752,0.726,0.026
2,mahalanobis_diag,intent_quantile_0.8,normalized_union,inverse_margin,0.0,0.9332842549561278,0.532,0.752,0.708,0.044
2,mahalanobis_diag,intent_quantile_0.8,normalized_union,inverse_margin,0.25,1.1908243288589837,0.612,0.752,0.724,0.028
2,mahalanobis_diag,intent_quantile_0.8,normalized_union,inverse_margin,0.5,1.4547009007827372,0.632,0.752,0.728,0.024
2,mahalanobis_diag,intent_quantile_0.8,normalized_union,inverse_margin,1.0,2.023125918417571,0.642,0.752,0.73,0.022
2,mahalanobis_diag,intent_quantile_0.8,normalized_union,inverse_margin,2.0,3.219638885829677,0.642,0.752,0.73,0.022
2,mahalanobis_diag,intent_quantile_0.8,normalized_union,max_ratio,0.0,0.9332842549561278,0.532,0.752,0.708,0.044
2,mahalanobis_diag,intent_quantile_0.8,normalized_union,max_ratio,0.25,0.9332842549561278,0.532,0.752,0.708,0.044
2,mahalanobis_diag,intent_quantile_0.8,normalized_union,max_ratio,0.5,0.9332842549561278,0.532,0.752,0.708,0.044
2,mahalanobis_diag,intent_quantile_0.8,normalized_union,max_ratio,1.0,0.9342899980595193,0.542,0.752,0.71,0.042
2,mahalanobis_diag,intent_quantile_0.8,normalized_union,max_ratio,2.0,1.1004263788543684,0.652,0.752,0.732,0.02
2,mahalanobis_diag,center_quantile_0.9,nearest_sphere,none,0.0,0.8462264162064593,0.482,0.752,0.698,0.054
2,mahalanobis_diag,center_quantile_0.9,nearest_sphere,none,0.25,0.8462264162064593,0.482,0.752,0.698,0.054
2,mahalanobis_diag,center_quantile_0.9,nearest_sphere,none,0.5,0.8462264162064593,0.482,0.752,0.698,0.054
2,mahalanobis_diag,center_quantile_0.9,nearest_sphere,none,1.0,0.8462264162064593,0.482,0.752,0.698,0.054
2,mahalanobis_diag,center_quantile_0.9,nearest_sphere,none,2.0,0.8462264162064593,0.482,0.752,0.698,0.054
2,mahalanobis_diag,center_quantile_0.9,nearest_sphere,ratio,0.0,0.8462264162064593,0.482,0.752,0.698,0.054
2,mahalanobis_diag,center_quantile_0.9,nearest_sphere,ratio,0.25,0.969980637032106,0.522,0.752,0.706,0.046
2,mahalanobis_diag,center_quantile_0.9,nearest_sphere,ratio,0.5,1.0776466550222474,0.552,0.752,0.712,0.04
2,mahalanobis_diag,center_quantile_0.9,nearest_sphere,ratio,1.0,1.3338233926434282,0.622,0.752,0.726,0.026
2,mahalanobis_diag,center_quantile_0.9,nearest_sphere,ratio,2.0,1.811995109983239,0.632,0.752,0.728,0.024
2,mahalanobis_diag,center_quantile_0.9,nearest_sphere,inverse_margin,0.0,0.8462264162064593,0.482,0.752,0.698,0.054
2,mahalanobis_diag,center_quantile_0.9,nearest_sphere,inverse_margin,0.25,1.0994025766945048,0.622,0.752,0.726,0.026
2,mahalanobis_diag,center_quantile_0.9,nearest_sphere,inverse_margin,0.5,1.3212488941632694,0.632,0.752,0.728,0.024
2,mahalanobis_diag,center_quantile_0.9,nearest_sphere,inverse_margin,1.0,1.8861592412754997,0.632,0.752,0.728,0.024
2,mahalanobis_diag,center_quantile_0.9,nearest_sphere,inverse_margin,2.0,3.0898819786058103,0.632,0.752,0.728,0.024
2,mahalanobis_diag,center_quantile_0.9,nearest_sphere,max_ratio,0.0,0.8462264162064593,0.482,0.752,0.698,0.054
2,mahalanobis_diag,center_quantile_0.9,nearest_sphere,max_ratio,0.25,0.8462264162064593,0.482,0.752,0.698,0.054
2,mahalanobis_diag,center_quantile_0.9,nearest_sphere,max_ratio,0.5,0.8462264162064593,0.482,0.752,0.698,0.054
2,mahalanobis_diag,center_quantile_0.9,nearest_sphere,max_ratio,1.0,0.8597728006349659,0.542,0.752,0.71,0.042
2,mahalanobis_diag,center_quantile_0.9,nearest_sphere,max_ratio,2.0,1.0827937393948657,0.652,0.752,0.732,0.02
2,mahalanobis_diag,center_quantile_0.9,normalized_union,none,0.0,0.7851443280205337,0.402,0.752,0.682,0.07
2,mahalanobis_diag,center_quantile_0.9,normalized_union,none,0.25,0.7851443280205337,0.402,0.752,0.682,0.07
2,mahalanobis_diag,center_quantile_0.9,normalized_union,none,0.5,0.7851443280205337,0.402,0.752,0.682,0.07
2,mahalanobis_diag,center_quantile_0.9,normalized_union,none,1.0,0.7851443280205337,0.402,0.752,0.682,0.07
2,mahalanobis_diag,center_quantile_0.9,normalized_union,none,2.0,0.7851443280205337,0.402,0.752,0.682,0.07
2,mahalanobis_diag,center_quantile_0.9,normalized_union,ratio,0.0,0.7851443280205337,0.402,0.752,0.682,0.07
2,mahalanobis_diag,center_quantile_0.9,normalized_union,ratio,0.25,0.8944933824625922,0.442,0.752,0.69,0.062
2,mahalanobis_diag,center_quantile_0.9,normalized_union,ratio,0.5,1.0220091530346698,0.512,0.752,0.704,0.048
2,mahalanobis_diag,center_quantile_0.9,normalized_union,ratio,1.0,1.2833224281211042,0.612,0.752,0.724,0.028
2,mahalanobis_diag,center_quantile_0.9,normalized_union,ratio,2.0,1.7786511061709325,0.632,0.752,0.728,0.024
2,mahalanobis_diag,center_quantile_0.9,normalized_union,inverse_margin,0.0,0.7851443280205337,0.402,0.752,0.682,0.07
2,mahalanobis_diag,center_quantile_0.9,normalized_union,inverse_margin,0.25,1.0476705184644333,0.612,0.752,0.724,0.028
2,mahalanobis_diag,center_quantile_0.9,normalized_union,inverse_margin,0.5,1.292627583376185,0.632,0.752,0.728,0.024
2,mahalanobis_diag,center_quantile_0.9,normalized_union,inverse_margin,1.0,1.8666064700899585,0.632,0.752,0.728,0.024
2,mahalanobis_diag,center_quantile_0.9,normalized_union,inverse_margin,2.0,3.063722698051639,0.632,0.752,0.728,0.024
2,mahalanobis_diag,center_quantile_0.9,normalized_union,max_ratio,0.0,0.7851443280205337,0.402,0.752,0.682,0.07
2,mahalanobis_diag,center_quantile_0.9,normalized_union,max_ratio,0.25,0.7851443280205337,0.402,0.752,0.682,0.07
2,mahalanobis_diag,center_quantile_0.9,normalized_union,max_ratio,0.5,0.7851443280205337,0.402,0.752,0.682,0.07
2,mahalanobis_diag,center_quantile_0.9,normalized_union,max_ratio,1.0,0.8026089463431554,0.522,0.752,0.706,0.046
2,mahalanobis_diag,center_quantile_0.9,normalized_union,max_ratio,2.0,1.0827937393948657,0.652,0.752,0.732,0.02
2,mahalanobis_diag,intent_quantile_0.9,nearest_sphere,none,0.0,0.8259282247939725,0.532,0.752,0.708,0.044
2,mahalanobis_diag,intent_quantile_0.9,nearest_sphere,none,0.25,0.8259282247939725,0.532,0.752,0.708,0.044
2,mahalanobis_diag,intent_quantile_0.9,nearest_sphere,none,0.5,0.8259282247939725,0.532,0.752,0.708,0.044
2,mahalanobis_diag,intent_quantile_0.9,nearest_sphere,none,1.0,0.8259282247939725,0.532,0.752,0.708,0.044
2,mahalanobis_diag,intent_quantile_0.9,nearest_sphere,none,2.0,0.8259282247939725,0.532,0.752,0.708,0.044
2,mahalanobis_diag,intent_quantile_0.9,nearest_sphere,ratio,0.0,0.8259282247939725,0.532,0.752,0.708,0.044
2,mahalanobis_diag,intent_quantile_0.9,nearest_sphere,ratio,0.25,0.9438412463647298,0.572,0.752,0.716,0.036
2,mahalanobis_diag,intent_quantile_0.9,nearest_sphere,ratio,0.5,1.0671429501528782,0.592,0.752,0.72,0.032
2,mahalanobis_diag,intent_quantile_0.9,nearest_sphere,ratio,1.0,1.3155646556017861,0.612,0.752,0.724,0.028
2,mahalanobis_diag,intent_quantile_0.9,nearest_sphere,ratio,2.0,1.8201706444443162,0.622,0.752,0.726,0.026
2,mahalanobis_diag,intent_quantile_0.9,nearest_sphere,inverse_margin,0.0,0.8259282247939725,0.532,0.752,0.708,0.044
2,mahalanobis_diag,intent_quantile_0.9,nearest_sphere,inverse_margin,0.25,1.0767427796042979,0.612,0.752,0.724,0.028
2,mahalanobis_diag,intent_quantile_0.9,nearest_sphere,inverse_margin,0.5,1.3390566787861848,0.622,0.752,0.726,0.026
2,mahalanobis_diag,intent_quantile_0.9,nearest_sphere,inverse_margin,1.0,1.9099173112473924,0.632,0.752,0.728,0.024
2,mahalanobis_diag,intent_quantile_0.9,nearest_sphere,inverse_margin,2.0,3.0604907407134188,0.642,0.752,0.73,0.022
2,mahalanobis_diag,intent_quantile_0.9,nearest_sphere,max_ratio,0.0,0.8259282247939725,0.532,0.752,0.708,0.044
2,mahalanobis_diag,intent_quantile_0.9,nearest_sphere,max_ratio,0.25,0.8259282247939725,0.532,0.752,0.708,0.044
2,mahalanobis_diag,intent_quantile_0.9,nearest_sphere,max_ratio,0.5,0.8259282247939725,0.532,0.752,0.708,0.044
2,mahalanobis_diag,intent_quantile_0.9,nearest_sphere,max_ratio,1.0,0.8382771320342014,0.592,0.752,0.72,0.032
2,mahalanobis_diag,intent_quantile_0.9,nearest_sphere,max_ratio,2.0,1.0827937393948657,0.652,0.752,0.732,0.02
2,mahalanobis_diag,intent_quantile_0.9,normalized_union,none,0.0,0.8259282247939725,0.492,0.752,0.7,0.052
2,mahalanobis_diag,intent_quantile_0.9,normalized_union,none,0.25,0.8259282247939725,0.492,0.752,0.7,0.052
2,mahalanobis_diag,intent_quantile_0.9,normalized_union,none,0.5,0.8259282247939725,0.492,0.752,0.7,0.052
2,mahalanobis_diag,intent_quantile_0.9,normalized_union,none,1.0,0.8259282247939725,0.492,0.752,0.7,0.052
2,mahalanobis_diag,intent_quantile_0.9,normalized_union,none,2.0,0.8259282247939725,0.492,0.752,0.7,0.052
2,mahalanobis_diag,intent_quantile_0.9,normalized_union,ratio,0.0,0.8259282247939725,0.492,0.752,0.7,0.052
2,mahalanobis_diag,intent_quantile_0.9,normalized_union,ratio,0.25,0.9425465878130082,0.532,0.752,0.708,0.044
2,mahalanobis_diag,intent_quantile_0.9,normalized_union,ratio,0.5,1.06636918834656,0.582,0.752,0.718,0.034
2,mahalanobis_diag,intent_quantile_0.9,normalized_union,ratio,1.0,1.3155646556017861,0.612,0.752,0.724,0.028
2,mahalanobis_diag,intent_quantile_0.9,normalized_union,ratio,2.0,1.8201706444443162,0.622,0.752,0.726,0.026
2,mahalanobis_diag,intent_quantile_0.9,normalized_union,inverse_margin,0.0,0.8259282247939725,0.492,0.752,0.7,0.052
2,mahalanobis_diag,intent_quantile_0.9,normalized_union,inverse_margin,0.25,1.0767427796042979,0.612,0.752,0.724,0.028
2,mahalanobis_diag,intent_quantile_0.9,normalized_union,inverse_margin,0.5,1.3390566787861848,0.622,0.752,0.726,0.026
2,mahalanobis_diag,intent_quantile_0.9,normalized_union,inverse_margin,1.0,1.9099173112473924,0.632,0.752,0.728,0.024
2,mahalanobis_diag,intent_quantile_0.9,normalized_union,inverse_margin,2.0,3.0604907407134188,0.642,0.752,0.73,0.022
2,mahalanobis_diag,intent_quantile_0.9,normalized_union,max_ratio,0.0,0.8259282247939725,0.492,0.752,0.7,0.052
2,mahalanobis_diag,intent_quantile_0.9,normalized_union,max_ratio,0.25,0.8259282247939725,0.492,0.752,0.7,0.052
2,mahalanobis_diag,intent_quantile_0.9,normalized_union,max_ratio,0.5,0.8259282247939725,0.492,0.752,0.7,0.052
2,mahalanobis_diag,intent_quantile_0.9,normalized_union,max_ratio,1.0,0.8382771320342014,0.582,0.752,0.718,0.034
2,mahalanobis_diag,intent_quantile_0.9,normalized_union,max_ratio,2.0,1.0827937393948657,0.652,0.752,0.732,0.02
2,mahalanobis_diag,center_quantile_0.95,nearest_sphere,none,0.0,0.749202316674828,0.482,0.752,0.698,0.054
2,mahalanobis_diag,center_quantile_0.95,nearest_sphere,none,0.25,0.749202316674828,0.482,0.752,0.698,0.054
2,mahalanobis_diag,center_quantile_0.95,nearest_sphere,none,0.5,0.749202316674828,0.482,0.752,0.698,0.054
2,mahalanobis_diag,center_quantile_0.95,nearest_sphere,none,1.0,0.749202316674828,0.482,0.752,0.698,0.054
2,mahalanobis_diag,center_quantile_0.95,nearest_sphere,none,2.0,0.749202316674828,0.482,0.752,0.698,0.054
2,mahalanobis_diag,center_quantile_0.95,nearest_sphere,ratio,0.0,0.749202316674828,0.482,0.752,0.698,0.054
2,mahalanobis_diag,center_quantile_0.95,nearest_sphere,ratio,0.25,0.8849332002804701,0.492,0.752,0.7,0.052
2,mahalanobis_diag,center_quantile_0.95,nearest_sphere,ratio,0.5,1.000379031454948,0.542,0.752,0.71,0.042
2,mahalanobis_diag,center_quantile_0.95,nearest_sphere,ratio,1.0,1.2308411199723526,0.622,0.752,0.726,0.026
2,mahalanobis_diag,center_quantile_0.95,nearest_sphere,ratio,2.0,1.7125932661420638,0.632,0.752,0.728,0.024
2,mahalanobis_diag,center_quantile_0.95,nearest_sphere,inverse_margin,0.0,0.749202316674828,0.482,0.752,0.698,0.054
2,mahalanobis_diag,center_quantile_0.95,nearest_sphere,inverse_margin,0.25,1.0226425155996486,0.622,0.752,0.726,0.026
2,mahalanobis_diag,center_quantile_0.95,nearest_sphere,inverse_margin,0.5,1.2405679041471873,0.632,0.752,0.728,0.024
2,mahalanobis_diag,center_quantile_0.95,nearest_sphere,inverse_margin,1.0,1.7912199012494134,0.632,0.752,0.728,0.024
2,mahalanobis_diag,center_quantile_0.95,nearest_sphere,inverse_margin,2.0,2.968206103519041,0.632,0.752,0.728,0.024
2,mahalanobis_diag,center_quantile_0.95,nearest_sphere,max_ratio,0.0,0.749202316674828,0.482,0.752,0.698,0.054
2,mahalanobis_diag,center_quantile_0.95,nearest_sphere,max_ratio,0.25,0.749202316674828,0.482,0.752,0.698,0.054
2,mahalanobis_diag,center_quantile_0.95,nearest_sphere,max_ratio,0.5,0.749202316674828,0.482,0.752,0.698,0.054
2,mahalanobis_diag,center_quantile_0.95,nearest_sphere,max_ratio,1.0,0.7804558090652015,0.572,0.752,0.716,0.036
2,mahalanobis_diag,center_quantile_0.95,nearest_sphere,max_ratio,2.0,1.0819642426367893,0.652,0.752,0.732,0.02
2,mahalanobis_diag,center_quantile_0.95,normalized_union,none,0.0,0.6754706128185584,0.392,0.752,0.68,0.072
2,mahalanobis_diag,center_quantile_0.95,normalized_union,none,0.25,0.6754706128185584,0.392,0.752,0.68,0.072
2,mahalanobis_diag,center_quantile_0.95,normalized_union,none,0.5,0.6754706128185584,0.392,0.752,0.68,0.072
2,mahalanobis_diag,center_quantile_0.95,normalized_union,none,1.0,0.6754706128185584,0.392,0.752,0.68,0.072
2,mahalanobis_diag,center_quantile_0.95,normalized_union,none,2.0,0.6754706128185584,0.392,0.752,0.68,0.072
2,mahalanobis_diag,center_quantile_0.95,normalized_union,ratio,0.0,0.6754706128185584,0.392,0.752,0.68,0.072
2,mahalanobis_diag,center_quantile_0.95,normalized_union,ratio,0.25,0.7853269005839796,0.442,0.752,0.69,0.062
2,mahalanobis_diag,center_quantile_0.95,normalized_union,ratio,0.5,0.9165070355858096,0.522,0.752,0.706,0.046
2,mahalanobis_diag,center_quantile_0.95,normalized_union,ratio,1.0,1.1729168461425696,0.622,0.752,0.726,0.026
2,mahalanobis_diag,center_quantile_0.95,normalized_union,ratio,2.0,1.6775841822207633,0.632,0.752,0.728,0.024
2,mahalanobis_diag,center_quantile_0.95,normalized_union,inverse_margin,0.0,0.6754706128185584,0.392,0.752,0.68,0.072
2,mahalanobis_diag,center_quantile_0.95,normalized_union,inverse_margin,0.25,0.9355014274479725,0.622,0.752,0.726,0.026
2,mahalanobis_diag,center_quantile_0.95,normalized_union,inverse_margin,0.5,1.1967995210598033,0.632,0.752,0.728,0.024
2,mahalanobis_diag,center_quantile_0.95,normalized_union,inverse_margin,1.0,1.767302386866255,0.632,0.752,0.728,0.024
2,mahalanobis_diag,center_quantile_0.95,normalized_union,inverse_margin,2.0,2.9676525154316775,0.632,0.752,0.728,0.024
2,mahalanobis_diag,center_quantile_0.95,normalized_union,max_ratio,0.0,0.6754706128185584,0.392,0.752,0.68,0.072
2,mahalanobis_diag,center_quantile_0.95,normalized_union,max_ratio,0.25,0.6754706128185584,0.392,0.752,0.68,0.072
2,mahalanobis_diag,center_quantile_0.95,normalized_union,max_ratio,0.5,0.6754706128185584,0.392,0.752,0.68,0.072
2,mahalanobis_diag,center_quantile_0.95,normalized_union,max_ratio,1.0,0.6960100933486909,0.562,0.752,0.714,0.038
2,mahalanobis_diag,center_quantile_0.95,normalized_union,max_ratio,2.0,1.0819642426367893,0.652,0.752,0.732,0.02
2,mahalanobis_diag,intent_quantile_0.95,nearest_sphere,none,0.0,0.7318589468285501,0.532,0.752,0.708,0.044
2,mahalanobis_diag,intent_quantile_0.95,nearest_sphere,none,0.25,0.7318589468285501,0.532,0.752,0.708,0.044
2,mahalanobis_diag,intent_quantile_0.95,nearest_sphere,none,0.5,0.7318589468285501,0.532,0.752,0.708,0.044
2,mahalanobis_diag,intent_quantile_0.95,nearest_sphere,none,1.0,0.7318589468285501,0.532,0.752,0.708,0.044
2,mahalanobis_diag,intent_quantile_0.95,nearest_sphere,none,2.0,0.7318589468285501,0.532,0.752,0.708,0.044
2,mahalanobis_diag,intent_quantile_0.95,nearest_sphere,ratio,0.0,0.7318589468285501,0.532,0.752,0.708,0.044
2,mahalanobis_diag,intent_quantile_0.95,nearest_sphere,ratio,0.25,0.8532281877715782,0.572,0.752,0.716,0.036
2,mahalanobis_diag,intent_quantile_0.95,nearest_sphere,ratio,0.5,0.9828190887787294,0.592,0.752,0.72,0.032
2,mahalanobis_diag,intent_quantile_0.95,nearest_sphere,ratio,1.0,1.2391112818028822,0.612,0.752,0.724,0.028
2,mahalanobis_diag,intent_quantile_0.95,nearest_sphere,ratio,2.0,1.7387857576222872,0.622,0.752,0.726,0.026
2,mahalanobis_diag,intent_quantile_0.95,nearest_sphere,inverse_margin,0.0,0.7318589468285501,0.532,0.752,0.708,0.044
2,mahalanobis_diag,intent_quantile_0.95,nearest_sphere,inverse_margin,0.25,1.005247143324813,0.612,0.752,0.724,0.028
2,mahalanobis_diag,intent_quantile_0.95,nearest_sphere,inverse_margin,0.5,1.261909312585423,0.622,0.752,0.726,0.026
2,mahalanobis_diag,intent_quantile_0.95,nearest_sphere,inverse_margin,1.0,1.8386502759142096,0.632,0.752,0.728,0.024
2,mahalanobis_diag,intent_quantile_0.95,nearest_sphere,inverse_margin,2.0,2.9783971955188315,0.642,0.752,0.73,0.022
2,mahalanobis_diag,intent_quantile_0.95,nearest_sphere,max_ratio,0.0,0.7318589468285501,0.532,0.752,0.708,0.044
2,mahalanobis_diag,intent_quantile_0.95,nearest_sphere,max_ratio,0.25,0.7318589468285501,0.532,0.752,0.708,0.044
2,mahalanobis_diag,intent_quantile_0.95,nearest_sphere,max_ratio,0.5,0.7318589468285501,0.532,0.752,0.708,0.044
2,mahalanobis_diag,intent_quantile_0.95,nearest_sphere,max_ratio,1.0,0.7501736685612371,0.612,0.752,0.724,0.028
2,mahalanobis_diag,intent_quantile_0.95,nearest_sphere,max_ratio,2.0,1.0827937393948657,0.652,0.752,0.732,0.02
2,mahalanobis_diag,intent_quantile_0.95,normalized_union,none,0.0,0.7296159351356104,0.492,0.752,0.7,0.052
2,mahalanobis_diag,intent_quantile_0.95,normalized_union,none,0.25,0.7296159351356104,0.492,0.752,0.7,0.052
2,mahalanobis_diag,intent_quantile_0.95,normalized_union,none,0.5,0.7296159351356104,0.492,0.752,0.7,0.052
2,mahalanobis_diag,intent_quantile_0.95,normalized_union,none,1.0,0.7296159351356104,0.492,0.752,0.7,0.052
2,mahalanobis_diag,intent_quantile_0.95,normalized_union,none,2.0,0.7296159351356104,0.492,0.752,0.7,0.052
2,mahalanobis_diag,intent_quantile_0.95,normalized_union,ratio,0.0,0.7296159351356104,0.492,0.752,0.7,0.052
2,mahalanobis_diag,intent_quantile_0.95,normalized_union,ratio,0.25,0.848182951781213,0.532,0.752,0.708,0.044
2,mahalanobis_diag,intent_quantile_0.95,normalized_union,ratio,0.5,0.9787554157441871,0.582,0.752,0.718,0.034
2,mahalanobis_diag,intent_quantile_0.95,normalized_union,ratio,1.0,1.2391112818028822,0.612,0.752,0.724,0.028
2,mahalanobis_diag,intent_quantile_0.95,normalized_union,ratio,2.0,1.7387857576222872,0.622,0.752,0.726,0.026
2,mahalanobis_diag,intent_quantile_0.95,normalized_union,inverse_margin,0.0,0.7296159351356104,0.492,0.752,0.7,0.052
2,mahalanobis_diag,intent_quantile_0.95,normalized_union,inverse_margin,0.25,1.005247143324813,0.612,0.752,0.724,0.028
2,mahalanobis_diag,intent_quantile_0.95,normalized_union,inverse_margin,0.5,1.261909312585423,0.622,0.752,0.726,0.026
2,mahalanobis_diag,intent_quantile_0.95,normalized_union,inverse_margin,1.0,1.8386502759142096,0.632,0.752,0.728,0.024
2,mahalanobis_diag,intent_quantile_0.95,normalized_union,inverse_margin,2.0,2.9783971955188315,0.642,0.752,0.73,0.022
2,mahalanobis_diag,intent_quantile_0.95,normalized_union,max_ratio,0.0,0.7296159351356104,0.492,0.752,0.7,0.052
2,mahalanobis_diag,intent_quantile_0.95,normalized_union,max_ratio,0.25,0.7296159351356104,0.492,0.752,0.7,0.052
2,mahalanobis_diag,intent_quantile_0.95,normalized_union,max_ratio,0.5,0.7296159351356104,0.492,0.752,0.7,0.052
2,mahalanobis_diag,intent_quantile_0.95,normalized_union,max_ratio,1.0,0.7501736685612371,0.612,0.752,0.724,0.028
2,mahalanobis_diag,intent_quantile_0.95,normalized_union,max_ratio,2.0,1.0827937393948657,0.652,0.752,0.732,0.02
2,mahalanobis_diag,center_quantile_0.99,nearest_sphere,none,0.0,0.6656016924131765,0.462,0.752,0.694,0.058
2,mahalanobis_diag,center_quantile_0.99,nearest_sphere,none,0.25,0.6656016924131765,0.462,0.752,0.694,0.058
2,mahalanobis_diag,center_quantile_0.99,nearest_sphere,none,0.5,0.6656016924131765,0.462,0.752,0.694,0.058
2,mahalanobis_diag,center_quantile_0.99,nearest_sphere,none,1.0,0.6656016924131765,0.462,0.752,0.694,0.058
2,mahalanobis_diag,center_quantile_0.99,nearest_sphere,none,2.0,0.6656016924131765,0.462,0.752,0.694,0.058
2,mahalanobis_diag,center_quantile_0.99,nearest_sphere,ratio,0.0,0.6656016924131765,0.462,0.752,0.694,0.058
2,mahalanobis_diag,center_quantile_0.99,nearest_sphere,ratio,0.25,0.7895945879153344,0.482,0.752,0.698,0.054
2,mahalanobis_diag,center_quantile_0.99,nearest_sphere,ratio,0.5,0.9228371824291544,0.522,0.752,0.706,0.046
2,mahalanobis_diag,center_quantile_0.99,nearest_sphere,ratio,1.0,1.1669029135123676,0.612,0.752,0.724,0.028
2,mahalanobis_diag,center_quantile_0.99,nearest_sphere,ratio,2.0,1.641923439842449,0.632,0.752,0.728,0.024
2,mahalanobis_diag,center_quantile_0.99,nearest_sphere,inverse_margin,0.0,0.6656016924131765,0.462,0.752,0.694,0.058
2,mahalanobis_diag,center_quantile_0.99,nearest_sphere,inverse_margin,0.25,0.9517412244654452,0.622,0.752,0.726,0.026
2,mahalanobis_diag,center_quantile_0.99,nearest_sphere,inverse_margin,0.5,1.1772663741622797,0.632,0.752,0.728,0.024
2,mahalanobis_diag,center_quantile_0.99,nearest_sphere,inverse_margin,1.0,1.7068935894846549,0.632,0.752,0.728,0.024
2,mahalanobis_diag,center_quantile_0.99,nearest_sphere,inverse_margin,2.0,2.8802821885698076,0.632,0.752,0.728,0.024
2,mahalanobis_diag,center_quantile_0.99,nearest_sphere,max_ratio,0.0,0.6656016924131765,0.462,0.752,0.694,0.058
2,mahalanobis_diag,center_quantile_0.99,nearest_sphere,max_ratio,0.25,0.6656016924131765,0.462,0.752,0.694,0.058
2,mahalanobis_diag,center_quantile_0.99,nearest_sphere,max_ratio,0.5,0.6656016924131765,0.462,0.752,0.694,0.058
2,mahalanobis_diag,center_quantile_0.99,nearest_sphere,max_ratio,1.0,0.7053540209806269,0.562,0.752,0.714,0.038
2,mahalanobis_diag,center_quantile_0.99,nearest_sphere,max_ratio,2.0,1.0759586555060667,0.652,0.752,0.732,0.02
2,mahalanobis_diag,center_quantile_0.99,normalized_union,none,0.0,0.5897451038762144,0.352,0.752,0.672,0.08
2,mahalanobis_diag,center_quantile_0.99,normalized_union,none,0.25,0.5897451038762144,0.352,0.752,0.672,0.08
2,mahalanobis_diag,center_quantile_0.99,normalized_union,none,0.5,0.5897451038762144,0.352,0.752,0.672,0.08
2,mahalanobis_diag,center_quantile_0.99,normalized_union,none,1.0,0.5897451038762144,0.352,0.752,0.672,0.08
2,mahalanobis_diag,center_quantile_0.99,normalized_union,none,2.0,0.5897451038762144,0.352,0.752,0.672,0.08
2,mahalanobis_diag,center_quantile_0.99,normalized_union,ratio,0.0,0.5897451038762144,0.352,0.752,0.672,0.08
2,mahalanobis_diag,center_quantile_0.99,normalized_union,ratio,0.25,0.6975990845365261,0.392,0.752,0.68,0.072
2,mahalanobis_diag,center_quantile_0.99,normalized_union,ratio,0.5,0.8239996531822182,0.492,0.752,0.7,0.052
2,mahalanobis_diag,center_quantile_0.99,normalized_union,ratio,1.0,1.0828533805449692,0.592,0.752,0.72,0.032
2,mahalanobis_diag,center_quantile_0.99,normalized_union,ratio,2.0,1.5840444598231715,0.612,0.752,0.724,0.028
2,mahalanobis_diag,center_quantile_0.99,normalized_union,inverse_margin,0.0,0.5897451038762144,0.352,0.752,0.672,0.08
2,mahalanobis_diag,center_quantile_0.99,normalized_union,inverse_margin,0.25,0.8460715121045076,0.602,0.752,0.722,0.03
2,mahalanobis_diag,center_quantile_0.99,normalized_union,inverse_margin,0.5,1.1045378318791388,0.612,0.752,0.724,0.028
2,mahalanobis_diag,center_quantile_0.99,normalized_union,inverse_margin,1.0,1.6767647617361139,0.612,0.752,0.724,0.028
2,mahalanobis_diag,center_quantile_0.99,normalized_union,inverse_margin,2.0,2.8535144627703266,0.622,0.752,0.726,0.026
2,mahalanobis_diag,center_quantile_0.99,normalized_union,max_ratio,0.0,0.5897451038762144,0.352,0.752,0.672,0.08
2,mahalanobis_diag,center_quantile_0.99,normalized_union,max_ratio,0.25,0.5897451038762144,0.352,0.752,0.672,0.08
2,mahalanobis_diag,center_quantile_0.99,normalized_union,max_ratio,0.5,0.5897451038762144,0.352,0.752,0.672,0.08
2,mahalanobis_diag,center_quantile_0.99,normalized_union,max_ratio,1.0,0.6275258444817738,0.562,0.752,0.714,0.038
2,mahalanobis_diag,center_quantile_0.99,normalized_union,max_ratio,2.0,1.0759586555060667,0.632,0.752,0.728,0.024
2,mahalanobis_diag,intent_quantile_0.99,nearest_sphere,none,0.0,0.600172650476343,0.502,0.752,0.702,0.05
2,mahalanobis_diag,intent_quantile_0.99,nearest_sphere,none,0.25,0.600172650476343,0.502,0.752,0.702,0.05
2,mahalanobis_diag,intent_quantile_0.99,nearest_sphere,none,0.5,0.600172650476343,0.502,0.752,0.702,0.05
2,mahalanobis_diag,intent_quantile_0.99,nearest_sphere,none,1.0,0.600172650476343,0.502,0.752,0.702,0.05
2,mahalanobis_diag,intent_quantile_0.99,nearest_sphere,none,2.0,0.600172650476343,0.502,0.752,0.702,0.05
2,mahalanobis_diag,intent_quantile_0.99,nearest_sphere,ratio,0.0,0.600172650476343,0.502,0.752,0.702,0.05
2,mahalanobis_diag,intent_quantile_0.99,nearest_sphere,ratio,0.25,0.7272767182461572,0.572,0.752,0.716,0.036
2,mahalanobis_diag,intent_quantile_0.99,nearest_sphere,ratio,0.5,0.8587492205661996,0.592,0.752,0.72,0.032
2,mahalanobis_diag,intent_quantile_0.99,nearest_sphere,ratio,1.0,1.1215106732247109,0.622,0.752,0.726,0.026
2,mahalanobis_diag,intent_quantile_0.99,nearest_sphere,ratio,2.0,1.615473899850704,0.622,0.752,0.726,0.026
2,mahalanobis_diag,intent_quantile_0.99,nearest_sphere,inverse_margin,0.0,0.600172650476343,0.502,0.752,0.702,0.05
2,mahalanobis_diag,intent_quantile_0.99,nearest_sphere,inverse_margin,0.25,0.8793056338151166,0.632,0.752,0.728,0.024
2,mahalanobis_diag,intent_quantile_0.99,nearest_sphere,inverse_margin,0.5,1.141735186928047,0.632,0.752,0.728,0.024
2,mahalanobis_diag,intent_quantile_0.99,nearest_sphere,inverse_margin,1.0,1.7050073575031142,0.632,0.752,0.728,0.024
2,mahalanobis_diag,intent_quantile_0.99,nearest_sphere,inverse_margin,2.0,2.8658809195861776,0.642,0.752,0.73,0.022
2,mahalanobis_diag,intent_quantile_0.99,nearest_sphere,max_ratio,0.0,0.600172650476343,0.502,0.752,0.702,0.05
2,mahalanobis_diag,intent_quantile_0.99,nearest_sphere,max_ratio,0.25,0.600172650476343,0.502,0.752,0.702,0.05
2,mahalanobis_diag,intent_quantile_0.99,nearest_sphere,max_ratio,0.5,0.600172650476343,0.502,0.752,0.702,0.05
2,mahalanobis_diag,intent_quantile_0.99,nearest_sphere,max_ratio,1.0,0.6373822204966614,0.612,0.752,0.724,0.028
2,mahalanobis_diag,intent_quantile_0.99,nearest_sphere,max_ratio,2.0,1.0759586555060667,0.652,0.752,0.732,0.02
2,mahalanobis_diag,intent_quantile_0.99,normalized_union,none,0.0,0.596727252980708,0.412,0.752,0.684,0.068
2,mahalanobis_diag,intent_quantile_0.99,normalized_union,none,0.25,0.596727252980708,0.412,0.752,0.684,0.068
2,mahalanobis_diag,intent_quantile_0.99,normalized_union,none,0.5,0.596727252980708,0.412,0.752,0.684,0.068
2,mahalanobis_diag,intent_quantile_0.99,normalized_union,none,1.0,0.596727252980708,0.412,0.752,0.684,0.068
2,mahalanobis_diag,intent_quantile_0.99,normalized_union,none,2.0,0.596727252980708,0.412,0.752,0.684,0.068
2,mahalanobis_diag,intent_quantile_0.99,normalized_union,ratio,0.0,0.596727252980708,0.412,0.752,0.684,0.068
2,mahalanobis_diag,intent_quantile_0.99,normalized_union,ratio,0.25,0.7193493725462136,0.492,0.752,0.7,0.052
2,mahalanobis_diag,intent_quantile_0.99,normalized_union,ratio,0.5,0.85793084645171,0.592,0.752,0.72,0.032
2,mahalanobis_diag,intent_quantile_0.99,normalized_union,ratio,1.0,1.1215106732247109,0.622,0.752,0.726,0.026
2,mahalanobis_diag,intent_quantile_0.99,normalized_union,ratio,2.0,1.615473899850704,0.622,0.752,0.726,0.026
2,mahalanobis_diag,intent_quantile_0.99,normalized_union,inverse_margin,0.0,0.596727252980708,0.412,0.752,0.684,0.068
2,mahalanobis_diag,intent_quantile_0.99,normalized_union,inverse_margin,0.25,0.8793056338151166,0.632,0.752,0.728,0.024
2,mahalanobis_diag,intent_quantile_0.99,normalized_union,inverse_margin,0.5,1.141735186928047,0.632,0.752,0.728,0.024
2,mahalanobis_diag,intent_quantile_0.99,normalized_union,inverse_margin,1.0,1.7050073575031142,0.632,0.752,0.728,0.024
2,mahalanobis_diag,intent_quantile_0.99,normalized_union,inverse_margin,2.0,2.8658809195861776,0.642,0.752,0.73,0.022
2,mahalanobis_diag,intent_quantile_0.99,normalized_union,max_ratio,0.0,0.596727252980708,0.412,0.752,0.684,0.068
2,mahalanobis_diag,intent_quantile_0.99,normalized_union,max_ratio,0.25,0.596727252980708,0.412,0.752,0.684,0.068
2,mahalanobis_diag,intent_quantile_0.99,normalized_union,max_ratio,0.5,0.596727252980708,0.412,0.752,0.684,0.068
2,mahalanobis_diag,intent_quantile_0.99,normalized_union,max_ratio,1.0,0.6373822204966614,0.612,0.752,0.724,0.028
2,mahalanobis_diag,intent_quantile_0.99,normalized_union,max_ratio,2.0,1.0759586555060667,0.652,0.752,0.732,0.02
3,euclidean,mean_std_0.0,nearest_sphere,none,0.0,1.071046868776537,0.612,0.752,0.724,0.028
3,euclidean,mean_std_0.0,nearest_sphere,none,0.25,1.071046868776537,0.612,0.752,0.724,0.028
3,euclidean,mean_std_0.0,nearest_sphere,none,0.5,1.071046868776537,0.612,0.752,0.724,0.028
3,euclidean,mean_std_0.0,nearest_sphere,none,1.0,1.071046868776537,0.612,0.752,0.724,0.028
3,euclidean,mean_std_0.0,nearest_sphere,none,2.0,1.071046868776537,0.612,0.752,0.724,0.028
3,euclidean,mean_std_0.0,nearest_sphere,ratio,0.0,1.071046868776537,0.612,0.752,0.724,0.028
3,euclidean,mean_std_0.0,nearest_sphere,ratio,0.25,1.1688923043917068,0.622,0.752,0.726,0.026
3,euclidean,mean_std_0.0,nearest_sphere,ratio,0.5,1.3044873703514772,0.642,0.752,0.73,0.022
3,euclidean,mean_std_0.0,nearest_sphere,ratio,1.0,1.5882198859911858,0.652,0.752,0.732,0.02
3,euclidean,mean_std_0.0,nearest_sphere,ratio,2.0,2.1885391825012825,0.672,0.752,0.736,0.016
3,euclidean,mean_std_0.0,nearest_sphere,inverse_margin,0.0,1.071046868776537,0.612,0.752,0.724,0.028
3,euclidean,mean_std_0.0,nearest_sphere,inverse_margin,0.25,1.4613818645612582,0.652,0.752,0.732,0.02
3,euclidean,mean_std_0.0,nearest_sphere,inverse_margin,0.5,1.8100327306996715,0.682,0.752,0.738,0.014
3,euclidean,mean_std_0.0,nearest_sphere,inverse_margin,1.0,2.602209352203339,0.672,0.752,0.736,0.016
3,euclidean,mean_std_0.0,nearest_sphere,inverse_margin,2.0,4.006589501670114,0.672,0.752,0.736,0.016
3,euclidean,mean_std_0.0,nearest_sphere,max_ratio,0.0,1.071046868776537,0.612,0.752,0.724,0.028
3,euclidean,mean_std_0.0,nearest_sphere,max_ratio,0.25,1.071046868776537,0.612,0.752,0.724,0.028
3,euclidean,mean_std_0.0,nearest_sphere,max_ratio,0.5,1.071046868776537,0.612,0.752,0.724,0.028
3,euclidean,mean_std_0.0,nearest_sphere,max_ratio,1.0,1.071046868776537,0.612,0.752,0.724,0.028
3,euclidean,mean_std_0.0,nearest_sphere,max_ratio,2.0,1.3144325870996705,0.642,0.752,0.73,0.022
3,euclidean,mean_std_0.0,normalized_union,none,0.0,0.9538699751168573,0.622,0.752,0.726,0.026
3,euclidean,mean_std_0.0,normalized_union,none,0.25,0.9538699751168573,0.622,0.752,0.726,0.026
3,euclidean,mean_std_0.0,normalized_union,none,0.5,0.9538699751168573,0.622,0.752,0.726,0.026
3,euclidean,mean_std_0.0,normalized_union,none,1.0,0.9538699751168573,0.622,0.752,0.726,0.026
3,euclidean,mean_std_0.0,normalized_union,none,2.0,0.9538699751168573,0.622,0.752,0.726,0.026
3,euclidean,mean_std_0.0,normalized_union,ratio,0.0,0.9538699751168573,0.622,0.752,0.726,0.026
3,euclidean,mean_std_0.0,normalized_union,ratio,0.25,1.0659287409998601,0.622,0.752,0.726,0.026
3,euclidean,mean_std_0.0,normalized_union,ratio,0.5,1.1830277152945605,0.642,0.752,0.73,0.022
3,euclidean,mean_std_0.0,normalized_union,ratio,1.0,1.4539849097189634,0.652,0.752,0.732,0.02
3,euclidean,mean_std_0.0,normalized_union,ratio,2.0,2.0870677356461558,0.672,0.752,0.736,0.016
3,euclidean,mean_std_0.0,normalized_union,inverse_margin,0.0,0.9538699751168573,0.622,0.752,0.726,0.026
3,euclidean,mean_std_0.0,normalized_union,inverse_margin,0.25,1.2961946564321003,0.672,0.752,0.736,0.016
3,euclidean,mean_std_0.0,normalized_union,inverse_margin,0.5,1.6704941910914681,0.682,0.752,0.738,0.014
3,euclidean,mean_std_0.0,normalized_union,inverse_margin,1.0,2.388379610267184,0.682,0.752,0.738,0.014
3,euclidean,mean_std_0.0,normalized_union,inverse_margin,2.0,3.8407740192836006,0.672,0.752,0.736,0.016
3,euclidean,mean_std_0.0,normalized_union,max_ratio,0.0,0.9538699751168573,0.622,0.752,0.726,0.026
3,euclidean,mean_std_0.0,normalized_union,max_ratio,0.25,0.9538699751168573,0.622,0.752,0.726,0.026
3,euclidean,mean_std_0.0,normalized_union,max_ratio,0.5,0.9538699751168573,0.622,0.752,0.726,0.026
3,euclidean,mean_std_0.0,normalized_union,max_ratio,1.0,0.9538699751168573,0.622,0.752,0.726,0.026
3,euclidean,mean_std_0.0,normalized_union,max_ratio,2.0,1.2301842400245175,0.672,0.752,0.736,0.016
3,euclidean,mean_std_0.25,nearest_sphere,none,0.0,0.9783305620528381,0.602,0.752,0.722,0.03
3,euclidean,mean_std_0.25,nearest_sphere,none,0.25,0.9783305620528381,0.602,0.752,0.722,0.03
3,euclidean,mean_std_0.25,nearest_sphere,none,0.5,0.9783305620528381,0.602,0.752,0.722,0.03
3,euclidean,mean_std_0.25,nearest_sphere,none,1.0,0.9783305620528381,0.602,0.752,0.722,0.03
3,euclidean,mean_std_0.25,nearest_sphere,none,2.0,0.9783305620528381,0.602,0.752,0.722,0.03
3,euclidean,mean_std_0.25,nearest_sphere,ratio,0.0,0.9783305620528381,0.602,0.752,0.722,0.03
3,euclidean,mean_std_0.25,nearest_sphere,ratio,0.25,1.0807926052772332,0.642,0.752,0.73,0.022
3,euclidean,mean_std_0.25,nearest_sphere,ratio,0.5,1.217287945228525,0.642,0.752,0.73,0.022
3,euclidean,mean_std_0.25,nearest_sphere,ratio,1.0,1.4952443765924803,0.652,0.752,0.732,0.02
3,euclidean,mean_std_0.25,nearest_sphere,ratio,2.0,2.0969567047683286,0.682,0.752,0.738,0.014
3,euclidean,mean_std_0.25,nearest_sphere,inverse_margin,0.0,0.9783305620528381,0.602,0.752,0.722,0.03
3,euclidean,mean_std_0.25,nearest_sphere,inverse_margin,0.25,1.3687383452135085,0.672,0.752,0.736,0.016
3,euclidean,mean_std_0.25,nearest_sphere,inverse_margin,0.5,1.7167633630009984,0.692,0.752,0.74,0.012
3,euclidean,mean_std_0.25,nearest_sphere,inverse_margin,1.0,2.50994343696319,0.672,0.752,0.736,0.016
3,euclidean,mean_std_0.25,nearest_sphere,inverse_margin,2.0,3.894714860083039,0.672,0.752,0.736,0.016
3,euclidean,mean_std_0.25,nearest_sphere,max_ratio,0.0,0.9783305620528381,0.602,0.752,0.722,0.03
3,euclidean,mean_std_0.25,nearest_sphere,max_ratio,0.25,0.9783305620528381,0.602,0.752,0.722,0.03
3,euclidean,mean_std_0.25,nearest_sphere,max_ratio,0.5,0.9783305620528381,0.602,0.752,0.722,0.03
3,euclidean,mean_std_0.25,nearest_sphere,max_ratio,1.0,0.9783305620528381,0.602,0.752,0.722,0.03
3,euclidean,mean_std_0.25,nearest_sphere,max_ratio,2.0,1.2896481367817016,0.662,0.752,0.734,0.018
3,euclidean,mean_std_0.25,normalized_union,none,0.0,0.8852458428798846,0.632,0.752,0.728,0.024
3,euclidean,mean_std_0.25,normalized_union,none,0.25,0.8852458428798846,0.632,0.752,0.728,0.024
3,euclidean,mean_std_0.25,normalized_union,none,0.5,0.8852458428798846,0.632,0.752,0.728,0.024
3,euclidean,mean_std_0.25,normalized_union,none,1.0,0.8852458428798846,0.632,0.752,0.728,0.024
3,euclidean,mean_std_0.25,normalized_union,none,2.0,0.8852458428798846,0.632,0.752,0.728,0.024
3,euclidean,mean_std_0.25,normalized_union,ratio,0.0,0.8852458428798846,0.632,0.752,0.728,0.024
3,euclidean,mean_std_0.25,normalized_union,ratio,0.25,0.9945330931326266,0.622,0.752,0.726,0.026
3,euclidean,mean_std_0.25,normalized_union,ratio,0.5,1.1111686608507891,0.642,0.752,0.73,0.022
3,euclidean,mean_std_0.25,normalized_union,ratio,1.0,1.3749745451469866,0.662,0.752,0.734,0.018
3,euclidean,mean_std_0.25,normalized_union,ratio,2.0,2.0125462857226006,0.672,0.752,0.736,0.016
3,euclidean,mean_std_0.25,normalized_union,inverse_margin,0.0,0.8852458428798846,0.632,0.752,0.728,0.024
3,euclidean,mean_std_0.25,normalized_union,inverse_margin,0.25,1.2290662254869933,0.672,0.752,0.736,0.016
3,euclidean,mean_std_0.25,normalized_union,inverse_margin,0.5,1.612298445887932,0.682,0.752,0.738,0.014
3,euclidean,mean_std_0.25,normalized_union,inverse_margin,1.0,2.33849565039614,0.682,0.752,0.738,0.014
3,euclidean,mean_std_0.25,normalized_union,inverse_margin,2.0,3.781074696433663,0.672,0.752,0.736,0.016
3,euclidean,mean_std_0.25,normalized_union,max_ratio,0.0,0.8852458428798846,0.632,0.752,0.728,0.024
3,euclidean,mean_std_0.25,normalized_union,max_ratio,0.25,0.8852458428798846,0.632,0.752,0.728,0.024
3,euclidean,mean_std_0.25,normalized_union,max_ratio,0.5,0.8852458428798846,0.632,0.752,0.728,0.024
3,euclidean,mean_std_0.25,normalized_union,max_ratio,1.0,0.8896923858388196,0.642,0.752,0.73,0.022
3,euclidean,mean_std_0.25,normalized_union,max_ratio,2.0,1.2173168458989778,0.662,0.752,0.734,0.018
3,euclidean,mean_std_0.5,nearest_sphere,none,0.0,0.9015824554858503,0.602,0.752,0.722,0.03
3,euclidean,mean_std_0.5,nearest_sphere,none,0.25,0.9015824554858503,0.602,0.752,0.722,0.03
3,euclidean,mean_std_0.5,nearest_sphere,none,0.5,0.9015824554858503,0.602,0.752,0.722,0.03
3,euclidean,mean_std_0.5,nearest_sphere,none,1.0,0.9015824554858503,0.602,0.752,0.722,0.03
3,euclidean,mean_std_0.5,nearest_sphere,none,2.0,0.9015824554858503,0.602,0.752,0.722,0.03
3,euclidean,mean_std_0.5,nearest_sphere,ratio,0.0,0.9015824554858503,0.602,0.752,0.722,0.03
3,euclidean,mean_std_0.5,nearest_sphere,ratio,0.25,0.9984776322934523,0.642,0.752,0.73,0.022
3,euclidean,mean_std_0.5,nearest_sphere,ratio,0.5,1.1468850378116944,0.652,0.752,0.732,0.02
3,euclidean,mean_std_0.5,nearest_sphere,ratio,1.0,1.4222361434279316,0.652,0.752,0.732,0.02
3,euclidean,mean_std_0.5,nearest_sphere,ratio,2.0,2.010219681551981,0.682,0.752,0.738,0.014
3,euclidean,mean_std_0.5,nearest_sphere,inverse_margin,0.0,0.9015824554858503,0.602,0.752,0.722,0.03
3,euclidean,mean_std_0.5,nearest_sphere,inverse_margin,0.25,1.2787477354487626,0.682,0.752,0.738,0.014
3,euclidean,mean_std_0.5,nearest_sphere,inverse_margin,0.5,1.6433947028562712,0.692,0.752,0.74,0.012
3,euclidean,mean_std_0.5,nearest_sphere,inverse_margin,1.0,2.393896474690103,0.672,0.752,0.736,0.016
3,euclidean,mean_std_0.5,nearest_sphere,inverse_margin,2.0,3.854779771671356,0.672,0.752,0.736,0.016
3,euclidean,mean_std_0.5,nearest_sphere,max_ratio,0.0,0.9015824554858503,0.602,0.752,0.722,0.03
3,euclidean,mean_std_0.5,nearest_sphere,max_ratio,0.25,0.9015824554858503,0.602,0.752,0.722,0.03
3,euclidean,mean_std_0.5,nearest_sphere,max_ratio,0.5,0.9015824554858503,0.602,0.752,0.722,0.03
3,euclidean,mean_std_0.5,nearest_sphere,max_ratio,1.0,0.9105848153633079,0.602,0.752,0.722,0.03
3,euclidean,mean_std_0.5,nearest_sphere,max_ratio,2.0,1.260907643825171,0.662,0.752,0.734,0.018
3,euclidean,mean_std_0.5,normalized_union,none,0.0,0.8274172718373031,0.642,0.752,0.73,0.022
3,euclidean,mean_std_0.5,normalized_union,none,0.25,0.8274172718373031,0.642,0.752,0.73,0.022
3,euclidean,mean_std_0.5,normalized_union,none,0.5,0.8274172718373031,0.642,0.752,0.73,0.022
3,euclidean,mean_std_0.5,normalized_union,none,1.0,0.8274172718373031,0.642,0.752,0.73,0.022
3,euclidean,mean_std_0.5,normalized_union,none,2.0,0.8274172718373031,0.642,0.752,0.73,0.022
3,euclidean,mean_std_0.5,normalized_union,ratio,0.0,0.8274172718373031,0.642,0.752,0.73,0.022
3,euclidean,mean_std_0.5,normalized_union,ratio,0.25,0.9339075393151305,0.642,0.752,0.73,0.022
3,euclidean,mean_std_0.5,normalized_union,ratio,0.5,1.0476320136269504,0.642,0.752,0.73,0.022
3,euclidean,mean_std_0.5,normalized_union,ratio,1.0,1.308380083844765,0.662,0.752,0.734,0.018
3,euclidean,mean_std_0.5,normalized_union,ratio,2.0,1.95426803029661,0.672,0.752,0.736,0.016
3,euclidean,mean_std_0.5,normalized_union,inverse_margin,0.0,0.8274172718373031,0.642,0.752,0.73,0.022
3,euclidean,mean_std_0.5,normalized_union,inverse_margin,0.25,1.1680710578813573,0.672,0.752,0.736,0.016
3,euclidean,mean_std_0.5,normalized_union,inverse_margin,0.5,1.5624828857184836,0.682,0.752,0.738,0.014
3,euclidean,mean_std_0.5,normalized_union,inverse_margin,1.0,2.2913855196100754,0.672,0.752,0.736,0.016
3,euclidean,mean_std_0.5,normalized_union,inverse_margin,2.0,3.7217545494970024,0.672,0.752,0.736,0.016
3,euclidean,mean_std_0.5,normalized_union,max_ratio,0.0,0.8274172718373031,0.642,0.752,0.73,0.022
3,euclidean,mean_std_0.5,normalized_union,max_ratio,0.25,0.8274172718373031,0.642,0.752,0.73,0.022
3,euclidean,mean_std_0.5,normalized_union,max_ratio,0.5,0.8274172718373031,0.642,0.752,0.73,0.022
3,euclidean,mean_std_0.5,normalized_union,max_ratio,1.0,0.8409523628020236,0.642,0.752,0.73,0.022
3,euclidean,mean_std_0.5,normalized_union,max_ratio,2.0,1.1919393263637788,0.662,0.752,0.734,0.018
3,euclidean,mean_std_0.75,nearest_sphere,none,0.0,0.8358653831268043,0.622,0.752,0.726,0.026
3,euclidean,mean_std_0.75,nearest_sphere,none,0.25,0.8358653831268043,0.622,0.752,0.726,0.026
3,euclidean,mean_std_0.75,nearest_sphere,none,0.5,0.8358653831268043,0.622,0.752,0.726,0.026
3,euclidean,mean_std_0.75,nearest_sphere,none,1.0,0.8358653831268043,0.622,0.752,0.726,0.026
3,euclidean,mean_std_0.75,nearest_sphere,none,2.0,0.8358653831268043,0.622,0.752,0.726,0.026
3,euclidean,mean_std_0.75,nearest_sphere,ratio,0.0,0.8358653831268043,0.622,0.752,0.726,0.026
3,euclidean,mean_std_0.75,nearest_sphere,ratio,0.25,0.9431677550029481,0.642,0.752,0.73,0.022
3,euclidean,mean_std_0.75,nearest_sphere,ratio,0.5,1.0760443981167116,0.652,0.752,0.732,0.02
3,euclidean,mean_std_0.75,nearest_sphere,ratio,1.0,1.3512240719733057,0.652,0.752,0.732,0.02
3,euclidean,mean_std_0.75,nearest_sphere,ratio,2.0,1.956577775861395,0.682,0.752,0.738,0.014
3,euclidean,mean_std_0.75,nearest_sphere,inverse_margin,0.0,0.8358653831268043,0.622,0.752,0.726,0.026
3,euclidean,mean_std_0.75,nearest_sphere,inverse_margin,0.25,1.2161766194348413,0.682,0.752,0.738,0.014
3,euclidean,mean_std_0.75,nearest_sphere,inverse_margin,0.5,1.5784677826819533,0.692,0.752,0.74,0.012
3,euclidean,mean_std_0.75,nearest_sphere,inverse_margin,1.0,2.3274627485691015,0.672,0.752,0.736,0.016
3,euclidean,mean_std_0.75,nearest_sphere,inverse_margin,2.0,3.7629756138171206,0.662,0.752,0.734,0.018
3,euclidean,mean_std_0.75,nearest_sphere,max_ratio,0.0,0.8358653831268043,0.622,0.752,0.726,0.026
3,euclidean,mean_std_0.75,nearest_sphere,max_ratio,0.25,0.8358653831268043,0.622,0.752,0.726,0.026
3,euclidean,mean_std_0.75,nearest_sphere,max_ratio,0.5,0.8358653831268043,0.622,0.752,0.726,0.026
3,euclidean,mean_std_0.75,nearest_sphere,max_ratio,1.0,0.847776572865634,0.622,0.752,0.726,0.026
3,euclidean,mean_std_0.75,nearest_sphere,max_ratio,2.0,1.2289950696204495,0.672,0.752,0.736,0.016
3,euclidean,mean_std_0.75,normalized_union,none,0.0,0.769723980530138,0.642,0.752,0.73,0.022
3,euclidean,mean_std_0.75,normalized_union,none,0.25,0.769723980530138,0.642,0.752,0.73,0.022
3,euclidean,mean_std_0.75,normalized_union,none,0.5,0.769723980530138,0.642,0.752,0.73,0.022
3,euclidean,mean_std_0.75,normalized_union,none,1.0,0.769723980530138,0.642,0.752,0.73,0.022
3,euclidean,mean_std_0.75,normalized_union,none,2.0,0.769723980530138,0.642,0.752,0.73,0.022
3,euclidean,mean_std_0.75,normalized_union,ratio,0.0,0.769723980530138,0.642,0.752,0.73,0.022
3,euclidean,mean_std_0.75,normalized_union,ratio,0.25,0.8699171450035196,0.652,0.752,0.732,0.02
3,euclidean,mean_std_0.75,normalized_union,ratio,0.5,0.9890078542590449,0.642,0.752,0.73,0.022
3,euclidean,mean_std_0.75,normalized_union,ratio,1.0,1.2656216451528066,0.662,0.752,0.734,0.018
3,euclidean,mean_std_0.75,normalized_union,ratio,2.0,1.9024674551822498,0.672,0.752,0.736,0.016
3,euclidean,mean_std_0.75,normalized_union,inverse_margin,0.0,0.769723980530138,0.642,0.752,0.73,0.022
3,euclidean,mean_std_0.75,normalized_union,inverse_margin,0.25,1.1246871647724825,0.672,0.752,0.736,0.016
3,euclidean,mean_std_0.75,normalized_union,inverse_margin,0.5,1.5142202771459439,0.682,0.752,0.738,0.014
3,euclidean,mean_std_0.75,normalized_union,inverse_margin,1.0,2.2399374285053497,0.672,0.752,0.736,0.016
3,euclidean,mean_std_0.75,normalized_union,inverse_margin,2.0,3.6845912336903544,0.672,0.752,0.736,0.016
3,euclidean,mean_std_0.75,normalized_union,max_ratio,0.0,0.769723980530138,0.642,0.752,0.73,0.022
3,euclidean,mean_std_0.75,normalized_union,max_ratio,0.25,0.769723980530138,0.642,0.752,0.73,0.022
3,euclidean,mean_std_0.75,normalized_union,max_ratio,0.5,0.769723980530138,0.642,0.752,0.73,0.022
3,euclidean,mean_std_0.75,normalized_union,max_ratio,1.0,0.797681414074519,0.642,0.752,0.73,0.022
3,euclidean,mean_std_0.75,normalized_union,max_ratio,2.0,1.1844704943679343,0.662,0.752,0.734,0.018
3,euclidean,mean_std_1.0,nearest_sphere,none,0.0,0.777872400035409,0.622,0.752,0.726,0.026
3,euclidean,mean_std_1.0,nearest_sphere,none,0.25,0.777872400035409,0.622,0.752,0.726,0.026
3,euclidean,mean_std_1.0,nearest_sphere,none,0.5,0.777872400035409,0.622,0.752,0.726,0.026
3,euclidean,mean_std_1.0,nearest_sphere,none,1.0,0.777872400035409,0.622,0.752,0.726,0.026
3,euclidean,mean_std_1.0,nearest_sphere,none,2.0,0.777872400035409,0.622,0.752,0.726,0.026
3,euclidean,mean_std_1.0,nearest_sphere,ratio,0.0,0.777872400035409,0.622,0.752,0.726,0.026
3,euclidean,mean_std_1.0,nearest_sphere,ratio,0.25,0.8823113992317132,0.642,0.752,0.73,0.022
3,euclidean,mean_std_1.0,nearest_sphere,ratio,0.5,1.0200043749121883,0.652,0.752,0.732,0.02
3,euclidean,mean_std_1.0,nearest_sphere,ratio,1.0,1.2825530628248738,0.652,0.752,0.732,0.02
3,euclidean,mean_std_1.0,nearest_sphere,ratio,2.0,1.9034253951659361,0.682,0.752,0.738,0.014
3,euclidean,mean_std_1.0,nearest_sphere,inverse_margin,0.0,0.777872400035409,0.622,0.752,0.726,0.026
3,euclidean,mean_std_1.0,nearest_sphere,inverse_margin,0.25,1.1621751143661088,0.682,0.752,0.738,0.014
3,euclidean,mean_std_1.0,nearest_sphere,inverse_margin,0.5,1.5185329692056553,0.692,0.752,0.74,0.012
3,euclidean,mean_std_1.0,nearest_sphere,inverse_margin,1.0,2.271265388970688,0.672,0.752,0.736,0.016
3,euclidean,mean_std_1.0,nearest_sphere,inverse_margin,2.0,3.6789854552113024,0.662,0.752,0.734,0.018
3,euclidean,mean_std_1.0,nearest_sphere,max_ratio,0.0,0.777872400035409,0.622,0.752,0.726,0.026
3,euclidean,mean_std_1.0,nearest_sphere,max_ratio,0.25,0.777872400035409,0.622,0.752,0.726,0.026
3,euclidean,mean_std_1.0,nearest_sphere,max_ratio,0.5,0.777872400035409,0.622,0.752,0.726,0.026
3,euclidean,mean_std_1.0,nearest_sphere,max_ratio,1.0,0.8084091170247388,0.622,0.752,0.726,0.026
3,euclidean,mean_std_1.0,nearest_sphere,max_ratio,2.0,1.2289950696204495,0.672,0.752,0.736,0.016
3,euclidean,mean_std_1.0,normalized_union,none,0.0,0.7254780830083641,0.642,0.752,0.73,0.022
3,euclidean,mean_std_1.0,normalized_union,none,0.25,0.7254780830083641,0.642,0.752,0.73,0.022
3,euclidean,mean_std_1.0,normalized_union,none,0.5,0.7254780830083641,0.642,0.752,0.73,0.022
3,euclidean,mean_std_1.0,normalized_union,none,1.0,0.7254780830083641,0.642,0.752,0.73,0.022
3,euclidean,mean_std_1.0,normalized_union,none,2.0,0.7254780830083641,0.642,0.752,0.73,0.022
3,euclidean,mean_std_1.0,normalized_union,ratio,0.0,0.7254780830083641,0.642,0.752,0.73,0.022
3,euclidean,mean_std_1.0,normalized_union,ratio,0.25,0.8244695185882251,0.652,0.752,0.732,0.02
3,euclidean,mean_std_1.0,normalized_union,ratio,0.5,0.9466591773276913,0.652,0.752,0.732,0.02
3,euclidean,mean_std_1.0,normalized_union,ratio,1.0,1.2205881476794347,0.672,0.752,0.736,0.016
3,euclidean,mean_std_1.0,normalized_union,ratio,2.0,1.8547871531833113,0.672,0.752,0.736,0.016
3,euclidean,mean_std_1.0,normalized_union,inverse_margin,0.0,0.7254780830083641,0.642,0.752,0.73,0.022
3,euclidean,mean_std_1.0,normalized_union,inverse_margin,0.25,1.0727818642407112,0.672,0.752,0.736,0.016
3,euclidean,mean_std_1.0,normalized_union,inverse_margin,0.5,1.449861294750352,0.682,0.752,0.738,0.014
3,euclidean,mean_std_1.0,normalized_union,inverse_margin,1.0,2.1978640324846737,0.662,0.752,0.734,0.018
3,euclidean,mean_std_1.0,normalized_union,inverse_margin,2.0,3.6252650990229323,0.662,0.752,0.734,0.018
3,euclidean,mean_std_1.0,normalized_union,max_ratio,0.0,0.7254780830083641,0.642,0.752,0.73,0.022
3,euclidean,mean_std_1.0,normalized_union,max_ratio,0.25,0.7254780830083641,0.642,0.752,0.73,0.022
3,euclidean,mean_std_1.0,normalized_union,max_ratio,0.5,0.7254780830083641,0.642,0.752,0.73,0.022
3,euclidean,mean_std_1.0,normalized_union,max_ratio,1.0,0.7604879258540723,0.662,0.752,0.734,0.018
3,euclidean,mean_std_1.0,normalized_union,max_ratio,2.0,1.1844704943679343,0.662,0.752,0.734,0.018
3,euclidean,mean_std_1.5,nearest_sphere,none,0.0,0.6795931382630083,0.632,0.752,0.728,0.024
3,euclidean,mean_std_1.5,nearest_sphere,none,0.25,0.6795931382630083,0.632,0.752,0.728,0.024
3,euclidean,mean_std_1.5,nearest_sphere,none,0.5,0.6795931382630083,0.632,0.752,0.728,0.024
3,euclidean,mean_std_1.5,nearest_sphere,none,1.0,0.6795931382630083,0.632,0.752,0.728,0.024
3,euclidean,mean_std_1.5,nearest_sphere,none,2.0,0.6795931382630083,0.632,0.752,0.728,0.024
3,euclidean,mean_std_1.5,nearest_sphere,ratio,0.0,0.6795931382630083,0.632,0.752,0.728,0.024
3,euclidean,mean_std_1.5,nearest_sphere,ratio,0.25,0.7822637605105758,0.642,0.752,0.73,0.022
3,euclidean,mean_std_1.5,nearest_sphere,ratio,0.5,0.9206500115101308,0.652,0.752,0.732,0.02
3,euclidean,mean_std_1.5,nearest_sphere,ratio,1.0,1.1984475976424465,0.662,0.752,0.734,0.018
3,euclidean,mean_std_1.5,nearest_sphere,ratio,2.0,1.8176423890835491,0.682,0.752,0.738,0.014
3,euclidean,mean_std_1.5,nearest_sphere,inverse_margin,0.0,0.6795931382630083,0.632,0.752,0.728,0.024
3,euclidean,mean_std_1.5,nearest_sphere,inverse_margin,0.25,1.0467181981009357,0.682,0.752,0.738,0.014
3,euclidean,mean_std_1.5,nearest_sphere,inverse_margin,0.5,1.4240288180806013,0.692,0.752,0.74,0.012
3,euclidean,mean_std_1.5,nearest_sphere,inverse_margin,1.0,2.1813797114594573,0.672,0.752,0.736,0.016
3,euclidean,mean_std_1.5,nearest_sphere,inverse_margin,2.0,3.5788498794874983,0.662,0.752,0.734,0.018
3,euclidean,mean_std_1.5,nearest_sphere,max_ratio,0.0,0.6795931382630083,0.632,0.752,0.728,0.024
3,euclidean,mean_std_1.5,nearest_sphere,max_ratio,0.25,0.6795931382630083,0.632,0.752,0.728,0.024
3,euclidean,mean_std_1.5,nearest_sphere,max_ratio,0.5,0.6795931382630083,0.632,0.752,0.728,0.024
3,euclidean,mean_std_1.5,nearest_sphere,max_ratio,1.0,0.7558373683091144,0.622,0.752,0.726,0.026
3,euclidean,mean_std_1.5,nearest_sphere,max_ratio,2.0,1.2173168458989778,0.662,0.752,0.734,0.018
3,euclidean,mean_std_1.5,normalized_union,none,0.0,0.6427549005161667,0.642,0.752,0.73,0.022
3,euclidean,mean_std_1.5,normalized_union,none,0.25,0.6427549005161667,0.642,0.752,0.73,0.022
3,euclidean,mean_std_1.5,normalized_union,none,0.5,0.6427549005161667,0.642,0.752,0.73,0.022
3,euclidean,mean_std_1.5,normalized_union,none,1.0,0.6427549005161667,0.642,0.752,0.73,0.022
3,euclidean,mean_std_1.5,normalized_union,none,2.0,0.6427549005161667,0.642,0.752,0.73,0.022
3,euclidean,mean_std_1.5,normalized_union,ratio,0.0,0.6427549005161667,0.642,0.752,0.73,0.022
3,euclidean,mean_std_1.5,normalized_union,ratio,0.25,0.7441354375082676,0.652,0.752,0.732,0.02
3,euclidean,mean_std_1.5,normalized_union,ratio,0.5,0.8686893026295973,0.652,0.752,0.732,0.02
3,euclidean,mean_std_1.5,normalized_union,ratio,1.0,1.1653320581923095,0.672,0.752,0.736,0.016
3,euclidean,mean_std_1.5,normalized_union,ratio,2.0,1.7796834693924497,0.672,0.752,0.736,0.016
3,euclidean,mean_std_1.5,normalized_union,inverse_margin,0.0,0.6427549005161667,0.642,0.752,0.73,0.022
3,euclidean,mean_std_1.5,normalized_union,inverse_margin,0.25,0.9910047163639512,0.672,0.752,0.736,0.016
3,euclidean,mean_std_1.5,normalized_union,inverse_margin,0.5,1.3690481047321093,0.682,0.752,0.738,0.014
3,euclidean,mean_std_1.5,normalized_union,inverse_margin,1.0,2.1002574510021574,0.662,0.752,0.734,0.018
3,euclidean,mean_std_1.5,normalized_union,inverse_margin,2.0,3.540818871076322,0.662,0.752,0.734,0.018
3,euclidean,mean_std_1.5,normalized_union,max_ratio,0.0,0.6427549005161667,0.642,0.752,0.73,0.022
3,euclidean,mean_std_1.5,normalized_union,max_ratio,0.25,0.6427549005161667,0.642,0.752,0.73,0.022
3,euclidean,mean_std_1.5,normalized_union,max_ratio,0.5,0.6427549005161667,0.642,0.752,0.73,0.022
3,euclidean,mean_std_1.5,normalized_union,max_ratio,1.0,0.7071854597698936,0.662,0.752,0.734,0.018
3,euclidean,mean_std_1.5,normalized_union,max_ratio,2.0,1.1805942829143516,0.662,0.752,0.734,0.018
3,euclidean,mean_std_2.0,nearest_sphere,none,0.0,0.6093617551113878,0.622,0.752,0.726,0.026
3,euclidean,mean_std_2.0,nearest_sphere,none,0.25,0.6093617551113878,0.622,0.752,0.726,0.026
3,euclidean,mean_std_2.0,nearest_sphere,none,0.5,0.6093617551113878,0.622,0.752,0.726,0.026
3,euclidean,mean_std_2.0,nearest_sphere,none,1.0,0.6093617551113878,0.622,0.752,0.726,0.026
3,euclidean,mean_std_2.0,nearest_sphere,none,2.0,0.6093617551113878,0.622,0.752,0.726,0.026
3,euclidean,mean_std_2.0,nearest_sphere,ratio,0.0,0.6093617551113878,0.622,0.752,0.726,0.026
3,euclidean,mean_std_2.0,nearest_sphere,ratio,0.25,0.7128504916971373,0.642,0.752,0.73,0.022
3,euclidean,mean_std_2.0,nearest_sphere,ratio,0.5,0.8571136916935327,0.652,0.752,0.732,0.02
3,euclidean,mean_std_2.0,nearest_sphere,ratio,1.0,1.130921717990637,0.662,0.752,0.734,0.018
3,euclidean,mean_std_2.0,nearest_sphere,ratio,2.0,1.7558939873625352,0.682,0.752,0.738,0.014
3,euclidean,mean_std_2.0,nearest_sphere,inverse_margin,0.0,0.6093617551113878,0.622,0.752,0.726,0.026
3,euclidean,mean_std_2.0,nearest_sphere,inverse_margin,0.25,0.980745234173543,0.682,0.752,0.738,0.014
3,euclidean,mean_std_2.0,nearest_sphere,inverse_margin,0.5,1.3437237634391752,0.682,0.752,0.738,0.014
3,euclidean,mean_std_2.0,nearest_sphere,inverse_margin,1.0,2.1121565871500056,0.672,0.752,0.736,0.016
3,euclidean,mean_std_2.0,nearest_sphere,inverse_margin,2.0,3.499071543400049,0.672,0.752,0.736,0.016
3,euclidean,mean_std_2.0,nearest_sphere,max_ratio,0.0,0.6093617551113878,0.622,0.752,0.726,0.026
3,euclidean,mean_std_2.0,nearest_sphere,max_ratio,0.25,0.6093617551113878,0.622,0.752,0.726,0.026
3,euclidean,mean_std_2.0,nearest_sphere,max_ratio,0.5,0.6093617551113878,0.622,0.752,0.726,0.026
3,euclidean,mean_std_2.0,nearest_sphere,max_ratio,1.0,0.7127401870382503,0.642,0.752,0.73,0.022
3,euclidean,mean_std_2.0,nearest_sphere,max_ratio,2.0,1.1919393263637788,0.662,0.752,0.734,0.018
3,euclidean,mean_std_2.0,normalized_union,none,0.0,0.5797553367255683,0.642,0.752,0.73,0.022
3,euclidean,mean_std_2.0,normalized_union,none,0.25,0.5797553367255683,0.642,0.752,0.73,0.022
3,euclidean,mean_std_2.0,normalized_union,none,0.5,0.5797553367255683,0.642,0.752,0.73,0.022
3,euclidean,mean_std_2.0,normalized_union,none,1.0,0.5797553367255683,0.642,0.752,0.73,0.022
3,euclidean,mean_std_2.0,normalized_union,none,2.0,0.5797553367255683,0.642,0.752,0.73,0.022
3,euclidean,mean_std_2.0,normalized_union,ratio,0.0,0.5797553367255683,0.642,0.752,0.73,0.022
3,euclidean,mean_std_2.0,normalized_union,ratio,0.25,0.678472902490597,0.652,0.752,0.732,0.02
3,euclidean,mean_std_2.0,normalized_union,ratio,0.5,0.8114478781734267,0.652,0.752,0.732,0.02
3,euclidean,mean_std_2.0,normalized_union,ratio,1.0,1.105729567367125,0.672,0.752,0.736,0.016
3,euclidean,mean_std_2.0,normalized_union,ratio,2.0,1.7298758612809306,0.682,0.752,0.738,0.014
3,euclidean,mean_std_2.0,normalized_union,inverse_margin,0.0,0.5797553367255683,0.642,0.752,0.73,0.022
3,euclidean,mean_std_2.0,normalized_union,inverse_margin,0.25,0.9311733597955014,0.672,0.752,0.736,0.016
3,euclidean,mean_std_2.0,normalized_union,inverse_margin,0.5,1.3136564706620326,0.672,0.752,0.736,0.016
3,euclidean,mean_std_2.0,normalized_union,inverse_margin,1.0,2.024600826817234,0.662,0.752,0.734,0.018
3,euclidean,mean_std_2.0,normalized_union,inverse_margin,2.0,3.4789123736916894,0.662,0.752,0.734,0.018
3,euclidean,mean_std_2.0,normalized_union,max_ratio,0.0,0.5797553367255683,0.642,0.752,0.73,0.022
3,euclidean,mean_std_2.0,normalized_union,max_ratio,0.25,0.5797553367255683,0.642,0.752,0.73,0.022
3,euclidean,mean_std_2.0,normalized_union,max_ratio,0.5,0.5797553367255683,0.642,0.752,0.73,0.022
3,euclidean,mean_std_2.0,normalized_union,max_ratio,1.0,0.6506034867266625,0.662,0.752,0.734,0.018
3,euclidean,mean_std_2.0,normalized_union,max_ratio,2.0,1.1760735267154592,0.662,0.752,0.734,0.018
3,euclidean,mean_std_3.0,nearest_sphere,none,0.0,0.5085465252132695,0.622,0.752,0.726,0.026
3,euclidean,mean_std_3.0,nearest_sphere,none,0.25,0.5085465252132695,0.622,0.752,0.726,0.026
3,euclidean,mean_std_3.0,nearest_sphere,none,0.5,0.5085465252132695,0.622,0.752,0.726,0.026
3,euclidean,mean_std_3.0,nearest_sphere,none,1.0,0.5085465252132695,0.622,0.752,0.726,0.026
3,euclidean,mean_std_3.0,nearest_sphere,none,2.0,0.5085465252132695,0.622,0.752,0.726,0.026
3,euclidean,mean_std_3.0,nearest_sphere,ratio,0.0,0.5085465252132695,0.622,0.752,0.726,0.026
3,euclidean,mean_std_3.0,nearest_sphere,ratio,0.25,0.6172717259696481,0.652,0.752,0.732,0.02
3,euclidean,mean_std_3.0,nearest_sphere,ratio,0.5,0.7560034752189,0.652,0.752,0.732,0.02
3,euclidean,mean_std_3.0,nearest_sphere,ratio,1.0,1.0402563421579734,0.682,0.752,0.738,0.014
3,euclidean,mean_std_3.0,nearest_sphere,ratio,2.0,1.6542342690794323,0.682,0.752,0.738,0.014
3,euclidean,mean_std_3.0,nearest_sphere,inverse_margin,0.0,0.5085465252132695,0.622,0.752,0.726,0.026
3,euclidean,mean_std_3.0,nearest_sphere,inverse_margin,0.25,0.8739003088881125,0.682,0.752,0.738,0.014
3,euclidean,mean_std_3.0,nearest_sphere,inverse_margin,0.5,1.2443366325209095,0.672,0.752,0.736,0.016
3,euclidean,mean_std_3.0,nearest_sphere,inverse_margin,1.0,2.014547375724569,0.672,0.752,0.736,0.016
3,euclidean,mean_std_3.0,nearest_sphere,inverse_margin,2.0,3.3944100181063703,0.662,0.752,0.734,0.018
3,euclidean,mean_std_3.0,nearest_sphere,max_ratio,0.0,0.5085465252132695,0.622,0.752,0.726,0.026
3,euclidean,mean_std_3.0,nearest_sphere,max_ratio,0.25,0.5085465252132695,0.622,0.752,0.726,0.026
3,euclidean,mean_std_3.0,nearest_sphere,max_ratio,0.5,0.5085465252132695,0.622,0.752,0.726,0.026
3,euclidean,mean_std_3.0,nearest_sphere,max_ratio,1.0,0.6448240683908508,0.662,0.752,0.734,0.018
3,euclidean,mean_std_3.0,nearest_sphere,max_ratio,2.0,1.1844704943679343,0.662,0.752,0.734,0.018
3,euclidean,mean_std_3.0,normalized_union,none,0.0,0.4796682219401255,0.642,0.752,0.73,0.022
3,euclidean,mean_std_3.0,normalized_union,none,0.25,0.4796682219401255,0.642,0.752,0.73,0.022
3,euclidean,mean_std_3.0,normalized_union,none,0.5,0.4796682219401255,0.642,0.752,0.73,0.022
3,euclidean,mean_std_3.0,normalized_union,none,1.0,0.4796682219401255,0.642,0.752,0.73,0.022
3,euclidean,mean_std_3.0,normalized_union,none,2.0,0.4796682219401255,0.642,0.752,0.73,0.022
3,euclidean,mean_std_3.0,normalized_union,ratio,0.0,0.4796682219401255,0.642,0.752,0.73,0.022
3,euclidean,mean_std_3.0,normalized_union,ratio,0.25,0.5822768421925422,0.652,0.752,0.732,0.02
3,euclidean,mean_std_3.0,normalized_union,ratio,0.5,0.7060511229410829,0.652,0.752,0.732,0.02
3,euclidean,mean_std_3.0,normalized_union,ratio,1.0,1.0288943756719964,0.672,0.752,0.736,0.016
3,euclidean,mean_std_3.0,normalized_union,ratio,2.0,1.6425086777054045,0.682,0.752,0.738,0.014
3,euclidean,mean_std_3.0,normalized_union,inverse_margin,0.0,0.4796682219401255,0.642,0.752,0.73,0.022
3,euclidean,mean_std_3.0,normalized_union,inverse_margin,0.25,0.8387977047883313,0.682,0.752,0.738,0.014
3,euclidean,mean_std_3.0,normalized_union,inverse_margin,0.5,1.2015539004042552,0.662,0.752,0.734,0.018
3,euclidean,mean_std_3.0,normalized_union,inverse_margin,1.0,1.9193483485412273,0.662,0.752,0.734,0.018
3,euclidean,mean_std_3.0,normalized_union,inverse_margin,2.0,3.3663645065242718,0.662,0.752,0.734,0.018
3,euclidean,mean_std_3.0,normalized_union,max_ratio,0.0,0.4796682219401255,0.642,0.752,0.73,0.022
3,euclidean,mean_std_3.0,normalized_union,max_ratio,0.25,0.4796682219401255,0.642,0.752,0.73,0.022
3,euclidean,mean_std_3.0,normalized_union,max_ratio,0.5,0.4796682219401255,0.642,0.752,0.73,0.022
3,euclidean,mean_std_3.0,normalized_union,max_ratio,1.0,0.6126324405082055,0.662,0.752,0.734,0.018
3,euclidean,mean_std_3.0,normalized_union,max_ratio,2.0,1.1760735267154592,0.662,0.752,0.734,0.018
3,euclidean,center_quantile_0.5,nearest_sphere,none,0.0,1.187308792660129,0.602,0.752,0.722,0.03
3,euclidean,center_quantile_0.5,nearest_sphere,none,0.25,1.187308792660129,0.602,0.752,0.722,0.03
3,euclidean,center_quantile_0.5,nearest_sphere,none,0.5,1.187308792660129,0.602,0.752,0.722,0.03
3,euclidean,center_quantile_0.5,nearest_sphere,none,1.0,1.187308792660129,0.602,0.752,0.722,0.03
3,euclidean,center_quantile_0.5,nearest_sphere,none,2.0,1.187308792660129,0.602,0.752,0.722,0.03
3,euclidean,center_quantile_0.5,nearest_sphere,ratio,0.0,1.187308792660129,0.602,0.752,0.722,0.03
3,euclidean,center_quantile_0.5,nearest_sphere,ratio,0.25,1.2989642517573852,0.622,0.752,0.726,0.026
3,euclidean,center_quantile_0.5,nearest_sphere,ratio,0.5,1.422985537536623,0.622,0.752,0.726,0.026
3,euclidean,center_quantile_0.5,nearest_sphere,ratio,1.0,1.7039168522475814,0.632,0.752,0.728,0.024
3,euclidean,center_quantile_0.5,nearest_sphere,ratio,2.0,2.3256238859513143,0.662,0.752,0.734,0.018
3,euclidean,center_quantile_0.5,nearest_sphere,inverse_margin,0.0,1.187308792660129,0.602,0.752,0.722,0.03
3,euclidean,center_quantile_0.5,nearest_sphere,inverse_margin,0.25,1.599442268643349,0.642,0.752,0.73,0.022
3,euclidean,center_quantile_0.5,nearest_sphere,inverse_margin,0.5,1.9608178297284389,0.672,0.752,0.736,0.016
3,euclidean,center_quantile_0.5,nearest_sphere,inverse_margin,1.0,2.723667279633098,0.672,0.752,0.736,0.016
3,euclidean,center_quantile_0.5,nearest_sphere,inverse_margin,2.0,4.29387835832303,0.672,0.752,0.736,0.016
3,euclidean,center_quantile_0.5,nearest_sphere,max_ratio,0.0,1.187308792660129,0.602,0.752,0.722,0.03
3,euclidean,center_quantile_0.5,nearest_sphere,max_ratio,0.25,1.187308792660129,0.602,0.752,0.722,0.03
3,euclidean,center_quantile_0.5,nearest_sphere,max_ratio,0.5,1.187308792660129,0.602,0.752,0.722,0.03
3,euclidean,center_quantile_0.5,nearest_sphere,max_ratio,1.0,1.187308792660129,0.602,0.752,0.722,0.03
3,euclidean,center_quantile_0.5,nearest_sphere,max_ratio,2.0,1.4253121245430007,0.642,0.752,0.73,0.022
3,euclidean,center_quantile_0.5,normalized_union,none,0.0,1.016879417336772,0.592,0.752,0.72,0.032
3,euclidean,center_quantile_0.5,normalized_union,none,0.25,1.016879417336772,0.592,0.752,0.72,0.032
3,euclidean,center_quantile_0.5,normalized_union,none,0.5,1.016879417336772,0.592,0.752,0.72,0.032
3,euclidean,center_quantile_0.5,normalized_union,none,1.0,1.016879417336772,0.592,0.752,0.72,0.032
3,euclidean,center_quantile_0.5,normalized_union,none,2.0,1.016879417336772,0.592,0.752,0.72,0.032
3,euclidean,center_quantile_0.5,normalized_union,ratio,0.0,1.016879417336772,0.592,0.752,0.72,0.032
3,euclidean,center_quantile_0.5,normalized_union,ratio,0.25,1.1317814380899924,0.602,0.752,0.722,0.03
3,euclidean,center_quantile_0.5,normalized_union,ratio,0.5,1.2503707068274474,0.622,0.752,0.726,0.026
3,euclidean,center_quantile_0.5,normalized_union,ratio,1.0,1.5598270652501571,0.652,0.752,0.732,0.02
3,euclidean,center_quantile_0.5,normalized_union,ratio,2.0,2.1711236250491766,0.672,0.752,0.736,0.016
3,euclidean,center_quantile_0.5,normalized_union,inverse_margin,0.0,1.016879417336772,0.592,0.752,0.72,0.032
3,euclidean,center_quantile_0.5,normalized_union,inverse_margin,0.25,1.4003570362784066,0.672,0.752,0.736,0.016
3,euclidean,center_quantile_0.5,normalized_union,inverse_margin,0.5,1.7476320418055238,0.682,0.752,0.738,0.014
3,euclidean,center_quantile_0.5,normalized_union,inverse_margin,1.0,2.4944009388090995,0.682,0.752,0.738,0.014
3,euclidean,center_quantile_0.5,normalized_union,inverse_margin,2.0,3.859041901268297,0.672,0.752,0.736,0.016
3,euclidean,center_quantile_0.5,normalized_union,max_ratio,0.0,1.016879417336772,0.592,0.752,0.72,0.032
3,euclidean,center_quantile_0.5,normalized_union,max_ratio,0.25,1.016879417336772,0.592,0.752,0.72,0.032
3,euclidean,center_quantile_0.5,normalized_union,max_ratio,0.5,1.016879417336772,0.592,0.752,0.72,0.032
3,euclidean,center_quantile_0.5,normalized_union,max_ratio,1.0,1.016879417336772,0.592,0.752,0.72,0.032
3,euclidean,center_quantile_0.5,normalized_union,max_ratio,2.0,1.2462602198311028,0.662,0.752,0.734,0.018
3,euclidean,intent_quantile_0.5,nearest_sphere,none,0.0,1.2943939010313898,0.602,0.752,0.722,0.03
3,euclidean,intent_quantile_0.5,nearest_sphere,none,0.25,1.2943939010313898,0.602,0.752,0.722,0.03
3,euclidean,intent_quantile_0.5,nearest_sphere,none,0.5,1.2943939010313898,0.602,0.752,0.722,0.03
3,euclidean,intent_quantile_0.5,nearest_sphere,none,1.0,1.2943939010313898,0.602,0.752,0.722,0.03
3,euclidean,intent_quantile_0.5,nearest_sphere,none,2.0,1.2943939010313898,0.602,0.752,0.722,0.03
3,euclidean,intent_quantile_0.5,nearest_sphere,ratio,0.0,1.2943939010313898,0.602,0.752,0.722,0.03
3,euclidean,intent_quantile_0.5,nearest_sphere,ratio,0.25,1.408693256445026,0.622,0.752,0.726,0.026
3,euclidean,intent_quantile_0.5,nearest_sphere,ratio,0.5,1.5471853814630865,0.622,0.752,0.726,0.026
3,euclidean,intent_quantile_0.5,nearest_sphere,ratio,1.0,1.7955708676301825,0.652,0.752,0.732,0.02
3,euclidean,intent_quantile_0.5,nearest_sphere,ratio,2.0,2.3757004014898717,0.672,0.752,0.736,0.016
3,euclidean,intent_quantile_0.5,nearest_sphere,inverse_margin,0.0,1.2943939010313898,0.602,0.752,0.722,0.03
3,euclidean,intent_quantile_0.5,nearest_sphere,inverse_margin,0.25,1.6622930140906553,0.662,0.752,0.734,0.018
3,euclidean,intent_quantile_0.5,nearest_sphere,inverse_margin,0.5,2.1130789237019254,0.672,0.752,0.736,0.016
3,euclidean,intent_quantile_0.5,nearest_sphere,inverse_margin,1.0,2.9514608750501647,0.672,0.752,0.736,0.016
3,euclidean,intent_quantile_0.5,nearest_sphere,inverse_margin,2.0,4.321976271117646,0.662,0.752,0.734,0.018
3,euclidean,intent_quantile_0.5,nearest_sphere,max_ratio,0.0,1.2943939010313898,0.602,0.752,0.722,0.03
3,euclidean,intent_quantile_0.5,nearest_sphere,max_ratio,0.25,1.2943939010313898,0.602,0.752,0.722,0.03
3,euclidean,intent_quantile_0.5,nearest_sphere,max_ratio,0.5,1.2943939010313898,0.602,0.752,0.722,0.03
3,euclidean,intent_quantile_0.5,nearest_sphere,max_ratio,1.0,1.2943939010313898,0.602,0.752,0.722,0.03
3,euclidean,intent_quantile_0.5,nearest_sphere,max_ratio,2.0,1.4832051140819076,0.662,0.752,0.734,0.018
3,euclidean,intent_quantile_0.5,normalized_union,none,0.0,1.2869687324240724,0.482,0.752,0.698,0.054
3,euclidean,intent_quantile_0.5,normalized_union,none,0.25,1.2869687324240724,0.482,0.752,0.698,0.054
3,euclidean,intent_quantile_0.5,normalized_union,none,0.5,1.2869687324240724,0.482,0.752,0.698,0.054
3,euclidean,intent_quantile_0.5,normalized_union,none,1.0,1.2869687324240724,0.482,0.752,0.698,0.054
3,euclidean,intent_quantile_0.5,normalized_union,none,2.0,1.2869687324240724,0.482,0.752,0.698,0.054
3,euclidean,intent_quantile_0.5,normalized_union,ratio,0.0,1.2869687324240724,0.482,0.752,0.698,0.054
3,euclidean,intent_quantile_0.5,normalized_union,ratio,0.25,1.4050050979914266,0.512,0.752,0.704,0.048
3,euclidean,intent_quantile_0.5,normalized_union,ratio,0.5,1.5287692555291437,0.522,0.752,0.706,0.046
3,euclidean,intent_quantile_0.5,normalized_union,ratio,1.0,1.7836258522962967,0.602,0.752,0.722,0.03
3,euclidean,intent_quantile_0.5,normalized_union,ratio,2.0,2.3751418734619767,0.652,0.752,0.732,0.02
3,euclidean,intent_quantile_0.5,normalized_union,inverse_margin,0.0,1.2869687324240724,0.482,0.752,0.698,0.054
3,euclidean,intent_quantile_0.5,normalized_union,inverse_margin,0.25,1.6622930140906553,0.652,0.752,0.732,0.02
3,euclidean,intent_quantile_0.5,normalized_union,inverse_margin,0.5,2.1130789237019254,0.672,0.752,0.736,0.016
3,euclidean,intent_quantile_0.5,normalized_union,inverse_margin,1.0,2.9514608750501647,0.672,0.752,0.736,0.016
3,euclidean,intent_quantile_0.5,normalized_union,inverse_margin,2.0,4.321976271117646,0.662,0.752,0.734,0.018
3,euclidean,intent_quantile_0.5,normalized_union,max_ratio,0.0,1.2869687324240724,0.482,0.752,0.698,0.054
3,euclidean,intent_quantile_0.5,normalized_union,max_ratio,0.25,1.2869687324240724,0.482,0.752,0.698,0.054
3,euclidean,intent_quantile_0.5,normalized_union,max_ratio,0.5,1.2869687324240724,0.482,0.752,0.698,0.054
3,euclidean,intent_quantile_0.5,normalized_union,max_ratio,1.0,1.2869687324240724,0.482,0.752,0.698,0.054
3,euclidean,intent_quantile_0.5,normalized_union,max_ratio,2.0,1.4832051140819076,0.662,0.752,0.734,0.018
3,euclidean,center_quantile_0.7,nearest_sphere,none,0.0,1.0302376126157387,0.582,0.752,0.718,0.034
3,euclidean,center_quantile_0.7,nearest_sphere,none,0.25,1.0302376126157387,0.582,0.752,0.718,0.034
3,euclidean,center_quantile_0.7,nearest_sphere,none,0.5,1.0302376126157387,0.582,0.752,0.718,0.034
3,euclidean,center_quantile_0.7,nearest_sphere,none,1.0,1.0302376126157387,0.582,0.752,0.718,0.034
3,euclidean,center_quantile_0.7,nearest_sphere,none,2.0,1.0302376126157387,0.582,0.752,0.718,0.034
3,euclidean,center_quantile_0.7,nearest_sphere,ratio,0.0,1.0302376126157387,0.582,0.752,0.718,0.034
3,euclidean,center_quantile_0.7,nearest_sphere,ratio,0.25,1.131677608783899,0.612,0.752,0.724,0.028
3,euclidean,center_quantile_0.7,nearest_sphere,ratio,0.5,1.2478198592162266,0.622,0.752,0.726,0.026
3,euclidean,center_quantile_0.7,nearest_sphere,ratio,1.0,1.5388560705030612,0.642,0.752,0.73,0.022
3,euclidean,center_quantile_0.7,nearest_sphere,ratio,2.0,2.128598872087708,0.662,0.752,0.734,0.018
3,euclidean,center_quantile_0.7,nearest_sphere,inverse_margin,0.0,1.0302376126157387,0.582,0.752,0.718,0.034
3,euclidean,center_quantile_0.7,nearest_sphere,inverse_margin,0.25,1.4097747757935946,0.642,0.752,0.73,0.022
3,euclidean,center_quantile_0.7,nearest_sphere,inverse_margin,0.5,1.7696233120449913,0.672,0.752,0.736,0.016
3,euclidean,center_quantile_0.7,nearest_sphere,inverse_margin,1.0,2.5376816430572684,0.672,0.752,0.736,0.016
3,euclidean,center_quantile_0.7,nearest_sphere,inverse_margin,2.0,3.983040020753044,0.672,0.752,0.736,0.016
3,euclidean,center_quantile_0.7,nearest_sphere,max_ratio,0.0,1.0302376126157387,0.582,0.752,0.718,0.034
3,euclidean,center_quantile_0.7,nearest_sphere,max_ratio,0.25,1.0302376126157387,0.582,0.752,0.718,0.034
3,euclidean,center_quantile_0.7,nearest_sphere,max_ratio,0.5,1.0302376126157387,0.582,0.752,0.718,0.034
3,euclidean,center_quantile_0.7,nearest_sphere,max_ratio,1.0,1.0302376126157387,0.582,0.752,0.718,0.034
3,euclidean,center_quantile_0.7,nearest_sphere,max_ratio,2.0,1.3223207033338888,0.642,0.752,0.73,0.022
3,euclidean,center_quantile_0.7,normalized_union,none,0.0,0.8576613148518756,0.642,0.752,0.73,0.022
3,euclidean,center_quantile_0.7,normalized_union,none,0.25,0.8576613148518756,0.642,0.752,0.73,0.022
3,euclidean,center_quantile_0.7,normalized_union,none,0.5,0.8576613148518756,0.642,0.752,0.73,0.022
3,euclidean,center_quantile_0.7,normalized_union,none,1.0,0.8576613148518756,0.642,0.752,0.73,0.022
3,euclidean,center_quantile_0.7,normalized_union,none,2.0,0.8576613148518756,0.642,0.752,0.73,0.022
3,euclidean,center_quantile_0.7,normalized_union,ratio,0.0,0.8576613148518756,0.642,0.752,0.73,0.022
3,euclidean,center_quantile_0.7,normalized_union,ratio,0.25,0.972983352029942,0.652,0.752,0.732,0.02
3,euclidean,center_quantile_0.7,normalized_union,ratio,0.5,1.10214737610505,0.652,0.752,0.732,0.02
3,euclidean,center_quantile_0.7,normalized_union,ratio,1.0,1.3761421738583803,0.662,0.752,0.734,0.018
3,euclidean,center_quantile_0.7,normalized_union,ratio,2.0,1.9919788624682082,0.672,0.752,0.736,0.016
3,euclidean,center_quantile_0.7,normalized_union,inverse_margin,0.0,0.8576613148518756,0.642,0.752,0.73,0.022
3,euclidean,center_quantile_0.7,normalized_union,inverse_margin,0.25,1.209274204834482,0.672,0.752,0.736,0.016
3,euclidean,center_quantile_0.7,normalized_union,inverse_margin,0.5,1.5724364652998828,0.682,0.752,0.738,0.014
3,euclidean,center_quantile_0.7,normalized_union,inverse_margin,1.0,2.2985700115967944,0.682,0.752,0.738,0.014
3,euclidean,center_quantile_0.7,normalized_union,inverse_margin,2.0,3.7509644206132107,0.672,0.752,0.736,0.016
3,euclidean,center_quantile_0.7,normalized_union,max_ratio,0.0,0.8576613148518756,0.642,0.752,0.73,0.022
3,euclidean,center_quantile_0.7,normalized_union,max_ratio,0.25,0.8576613148518756,0.642,0.752,0.73,0.022
3,euclidean,center_quantile_0.7,normalized_union,max_ratio,0.5,0.8576613148518756,0.642,0.752,0.73,0.022
3,euclidean,center_quantile_0.7,normalized_union,max_ratio,1.0,0.8699299622054666,0.632,0.752,0.728,0.024
3,euclidean,center_quantile_0.7,normalized_union,max_ratio,2.0,1.2032927457565614,0.672,0.752,0.736,0.016
3,euclidean,intent_quantile_0.7,nearest_sphere,none,0.0,1.0510512710165447,0.602,0.752,0.722,0.03
3,euclidean,intent_quantile_0.7,nearest_sphere,none,0.25,1.0510512710165447,0.602,0.752,0.722,0.03
3,euclidean,intent_quantile_0.7,nearest_sphere,none,0.5,1.0510512710165447,0.602,0.752,0.722,0.03
3,euclidean,intent_quantile_0.7,nearest_sphere,none,1.0,1.0510512710165447,0.602,0.752,0.722,0.03
3,euclidean,intent_quantile_0.7,nearest_sphere,none,2.0,1.0510512710165447,0.602,0.752,0.722,0.03
3,euclidean,intent_quantile_0.7,nearest_sphere,ratio,0.0,1.0510512710165447,0.602,0.752,0.722,0.03
3,euclidean,intent_quantile_0.7,nearest_sphere,ratio,0.25,1.1678643404407654,0.622,0.752,0.726,0.026
3,euclidean,intent_quantile_0.7,nearest_sphere,ratio,0.5,1.294806141109,0.642,0.752,0.73,0.022
3,euclidean,intent_quantile_0.7,nearest_sphere,ratio,1.0,1.544676433064701,0.652,0.752,0.732,0.02
3,euclidean,intent_quantile_0.7,nearest_sphere,ratio,2.0,2.127676884908735,0.672,0.752,0.736,0.016
3,euclidean,intent_quantile_0.7,nearest_sphere,inverse_margin,0.0,1.0510512710165447,0.602,0.752,0.722,0.03
3,euclidean,intent_quantile_0.7,nearest_sphere,inverse_margin,0.25,1.412426817510884,0.652,0.752,0.732,0.02
3,euclidean,intent_quantile_0.7,nearest_sphere,inverse_margin,0.5,1.8261151052083742,0.672,0.752,0.736,0.016
3,euclidean,intent_quantile_0.7,nearest_sphere,inverse_margin,1.0,2.623455729625041,0.662,0.752,0.734,0.018
3,euclidean,intent_quantile_0.7,nearest_sphere,inverse_margin,2.0,4.003311945874318,0.662,0.752,0.734,0.018
3,euclidean,intent_quantile_0.7,nearest_sphere,max_ratio,0.0,1.0510512710165447,0.602,0.752,0.722,0.03
3,euclidean,intent_quantile_0.7,nearest_sphere,max_ratio,0.25,1.0510512710165447,0.602,0.752,0.722,0.03
3,euclidean,intent_quantile_0.7,nearest_sphere,max_ratio,0.5,1.0510512710165447,0.602,0.752,0.722,0.03
3,euclidean,intent_quantile_0.7,nearest_sphere,max_ratio,1.0,1.0510512710165447,0.602,0.752,0.722,0.03
3,euclidean,intent_quantile_0.7,nearest_sphere,max_ratio,2.0,1.3830804190451051,0.662,0.752,0.734,0.018
3,euclidean,intent_quantile_0.7,normalized_union,none,0.0,1.0510512710165447,0.592,0.752,0.72,0.032
3,euclidean,intent_quantile_0.7,normalized_union,none,0.25,1.0510512710165447,0.592,0.752,0.72,0.032
3,euclidean,intent_quantile_0.7,normalized_union,none,0.5,1.0510512710165447,0.592,0.752,0.72,0.032
3,euclidean,intent_quantile_0.7,normalized_union,none,1.0,1.0510512710165447,0.592,0.752,0.72,0.032
3,euclidean,intent_quantile_0.7,normalized_union,none,2.0,1.0510512710165447,0.592,0.752,0.72,0.032
3,euclidean,intent_quantile_0.7,normalized_union,ratio,0.0,1.0510512710165447,0.592,0.752,0.72,0.032
3,euclidean,intent_quantile_0.7,normalized_union,ratio,0.25,1.1678643404407654,0.612,0.752,0.724,0.028
3,euclidean,intent_quantile_0.7,normalized_union,ratio,0.5,1.294806141109,0.632,0.752,0.728,0.024
3,euclidean,intent_quantile_0.7,normalized_union,ratio,1.0,1.544676433064701,0.652,0.752,0.732,0.02
3,euclidean,intent_quantile_0.7,normalized_union,ratio,2.0,2.127676884908735,0.672,0.752,0.736,0.016
3,euclidean,intent_quantile_0.7,normalized_union,inverse_margin,0.0,1.0510512710165447,0.592,0.752,0.72,0.032
3,euclidean,intent_quantile_0.7,normalized_union,inverse_margin,0.25,1.412426817510884,0.652,0.752,0.732,0.02
3,euclidean,intent_quantile_0.7,normalized_union,inverse_margin,0.5,1.8261151052083742,0.672,0.752,0.736,0.016
3,euclidean,intent_quantile_0.7,normalized_union,inverse_margin,1.0,2.623455729625041,0.662,0.752,0.734,0.018
3,euclidean,intent_quantile_0.7,normalized_union,inverse_margin,2.0,4.003311945874318,0.662,0.752,0.734,0.018
3,euclidean,intent_quantile_0.7,normalized_union,max_ratio,0.0,1.0510512710165447,0.592,0.752,0.72,0.032
3,euclidean,intent_quantile_0.7,normalized_union,max_ratio,0.25,1.0510512710165447,0.592,0.752,0.72,0.032
3,euclidean,intent_quantile_0.7,normalized_union,max_ratio,0.5,1.0510512710165447,0.592,0.752,0.72,0.032
3,euclidean,intent_quantile_0.7,normalized_union,max_ratio,1.0,1.0510512710165447,0.592,0.752,0.72,0.032
3,euclidean,intent_quantile_0.7,normalized_union,max_ratio,2.0,1.3830804190451051,0.662,0.752,0.734,0.018
3,euclidean,center_quantile_0.8,nearest_sphere,none,0.0,0.9256661384932873,0.592,0.752,0.72,0.032
3,euclidean,center_quantile_0.8,nearest_sphere,none,0.25,0.9256661384932873,0.592,0.752,0.72,0.032
3,euclidean,center_quantile_0.8,nearest_sphere,none,0.5,0.9256661384932873,0.592,0.752,0.72,0.032
3,euclidean,center_quantile_0.8,nearest_sphere,none,1.0,0.9256661384932873,0.592,0.752,0.72,0.032
3,euclidean,center_quantile_0.8,nearest_sphere,none,2.0,0.9256661384932873,0.592,0.752,0.72,0.032
3,euclidean,center_quantile_0.8,nearest_sphere,ratio,0.0,0.9256661384932873,0.592,0.752,0.72,0.032
3,euclidean,center_quantile_0.8,nearest_sphere,ratio,0.25,1.0191595953868857,0.612,0.752,0.724,0.028
3,euclidean,center_quantile_0.8,nearest_sphere,ratio,0.5,1.1236209671217599,0.632,0.752,0.728,0.024
3,euclidean,center_quantile_0.8,nearest_sphere,ratio,1.0,1.3959781955245307,0.642,0.752,0.73,0.022
3,euclidean,center_quantile_0.8,nearest_sphere,ratio,2.0,1.9913406663914457,0.682,0.752,0.738,0.014
3,euclidean,center_quantile_0.8,nearest_sphere,inverse_margin,0.0,0.9256661384932873,0.592,0.752,0.72,0.032
3,euclidean,center_quantile_0.8,nearest_sphere,inverse_margin,0.25,1.2971137360185825,0.652,0.752,0.732,0.02
3,euclidean,center_quantile_0.8,nearest_sphere,inverse_margin,0.5,1.6555012782840008,0.672,0.752,0.736,0.016
3,euclidean,center_quantile_0.8,nearest_sphere,inverse_margin,1.0,2.411590533503918,0.682,0.752,0.738,0.014
3,euclidean,center_quantile_0.8,nearest_sphere,inverse_margin,2.0,3.8500472432742505,0.672,0.752,0.736,0.016
3,euclidean,center_quantile_0.8,nearest_sphere,max_ratio,0.0,0.9256661384932873,0.592,0.752,0.72,0.032
3,euclidean,center_quantile_0.8,nearest_sphere,max_ratio,0.25,0.9256661384932873,0.592,0.752,0.72,0.032
3,euclidean,center_quantile_0.8,nearest_sphere,max_ratio,0.5,0.9256661384932873,0.592,0.752,0.72,0.032
3,euclidean,center_quantile_0.8,nearest_sphere,max_ratio,1.0,0.9281436702740966,0.592,0.752,0.72,0.032
3,euclidean,center_quantile_0.8,nearest_sphere,max_ratio,2.0,1.270290130228247,0.662,0.752,0.734,0.018
3,euclidean,center_quantile_0.8,normalized_union,none,0.0,0.7632765566985971,0.622,0.752,0.726,0.026
3,euclidean,center_quantile_0.8,normalized_union,none,0.25,0.7632765566985971,0.622,0.752,0.726,0.026
3,euclidean,center_quantile_0.8,normalized_union,none,0.5,0.7632765566985971,0.622,0.752,0.726,0.026
3,euclidean,center_quantile_0.8,normalized_union,none,1.0,0.7632765566985971,0.622,0.752,0.726,0.026
3,euclidean,center_quantile_0.8,normalized_union,none,2.0,0.7632765566985971,0.622,0.752,0.726,0.026
3,euclidean,center_quantile_0.8,normalized_union,ratio,0.0,0.7632765566985971,0.622,0.752,0.726,0.026
3,euclidean,center_quantile_0.8,normalized_union,ratio,0.25,0.8684320575609558,0.632,0.752,0.728,0.024
3,euclidean,center_quantile_0.8,normalized_union,ratio,0.5,0.9902032580887482,0.642,0.752,0.73,0.022
3,euclidean,center_quantile_0.8,normalized_union,ratio,1.0,1.2685685757772482,0.662,0.752,0.734,0.018
3,euclidean,center_quantile_0.8,normalized_union,ratio,2.0,1.8880163384658553,0.672,0.752,0.736,0.016
3,euclidean,center_quantile_0.8,normalized_union,inverse_margin,0.0,0.7632765566985971,0.622,0.752,0.726,0.026
3,euclidean,center_quantile_0.8,normalized_union,inverse_margin,0.25,1.1058987495671577,0.672,0.752,0.736,0.016
3,euclidean,center_quantile_0.8,normalized_union,inverse_margin,0.5,1.4864195901450987,0.682,0.752,0.738,0.014
3,euclidean,center_quantile_0.8,normalized_union,inverse_margin,1.0,2.2206573738742525,0.672,0.752,0.736,0.016
3,euclidean,center_quantile_0.8,normalized_union,inverse_margin,2.0,3.659313071945485,0.662,0.752,0.734,0.018
3,euclidean,center_quantile_0.8,normalized_union,max_ratio,0.0,0.7632765566985971,0.622,0.752,0.726,0.026
3,euclidean,center_quantile_0.8,normalized_union,max_ratio,0.25,0.7632765566985971,0.622,0.752,0.726,0.026
3,euclidean,center_quantile_0.8,normalized_union,max_ratio,0.5,0.7632765566985971,0.622,0.752,0.726,0.026
3,euclidean,center_quantile_0.8,normalized_union,max_ratio,1.0,0.7871600932261994,0.642,0.752,0.73,0.022
3,euclidean,center_quantile_0.8,normalized_union,max_ratio,2.0,1.1844704943679343,0.662,0.752,0.734,0.018
3,euclidean,intent_quantile_0.8,nearest_sphere,none,0.0,0.8846704037810981,0.612,0.752,0.724,0.028
3,euclidean,intent_quantile_0.8,nearest_sphere,none,0.25,0.8846704037810981,0.612,0.752,0.724,0.028
3,euclidean,intent_quantile_0.8,nearest_sphere,none,0.5,0.8846704037810981,0.612,0.752,0.724,0.028
3,euclidean,intent_quantile_0.8,nearest_sphere,none,1.0,0.8846704037810981,0.612,0.752,0.724,0.028
3,euclidean,intent_quantile_0.8,nearest_sphere,none,2.0,0.8846704037810981,0.612,0.752,0.724,0.028
3,euclidean,intent_quantile_0.8,nearest_sphere,ratio,0.0,0.8846704037810981,0.612,0.752,0.724,0.028
3,euclidean,intent_quantile_0.8,nearest_sphere,ratio,0.25,1.013320898838625,0.632,0.752,0.728,0.024
3,euclidean,intent_quantile_0.8,nearest_sphere,ratio,0.5,1.1225371492564529,0.642,0.752,0.73,0.022
3,euclidean,intent_quantile_0.8,nearest_sphere,ratio,1.0,1.3987889928511783,0.652,0.752,0.732,0.02
3,euclidean,intent_quantile_0.8,nearest_sphere,ratio,2.0,1.9936134961266683,0.682,0.752,0.738,0.014
3,euclidean,intent_quantile_0.8,nearest_sphere,inverse_margin,0.0,0.8846704037810981,0.612,0.752,0.724,0.028
3,euclidean,intent_quantile_0.8,nearest_sphere,inverse_margin,0.25,1.2569626324670813,0.672,0.752,0.736,0.016
3,euclidean,intent_quantile_0.8,nearest_sphere,inverse_margin,0.5,1.674631845765334,0.672,0.752,0.736,0.016
3,euclidean,intent_quantile_0.8,nearest_sphere,inverse_margin,1.0,2.356841744798789,0.662,0.752,0.734,0.018
3,euclidean,intent_quantile_0.8,nearest_sphere,inverse_margin,2.0,3.7708600633045504,0.662,0.752,0.734,0.018
3,euclidean,intent_quantile_0.8,nearest_sphere,max_ratio,0.0,0.8846704037810981,0.612,0.752,0.724,0.028
3,euclidean,intent_quantile_0.8,nearest_sphere,max_ratio,0.25,0.8846704037810981,0.612,0.752,0.724,0.028
3,euclidean,intent_quantile_0.8,nearest_sphere,max_ratio,0.5,0.8846704037810981,0.612,0.752,0.724,0.028
3,euclidean,intent_quantile_0.8,nearest_sphere,max_ratio,1.0,0.9092183140516986,0.612,0.752,0.724,0.028
3,euclidean,intent_quantile_0.8,nearest_sphere,max_ratio,2.0,1.2913730109236539,0.652,0.752,0.732,0.02
3,euclidean,intent_quantile_0.8,normalized_union,none,0.0,0.8846704037810981,0.612,0.752,0.724,0.028
3,euclidean,intent_quantile_0.8,normalized_union,none,0.25,0.8846704037810981,0.612,0.752,0.724,0.028
3,euclidean,intent_quantile_0.8,normalized_union,none,0.5,0.8846704037810981,0.612,0.752,0.724,0.028
3,euclidean,intent_quantile_0.8,normalized_union,none,1.0,0.8846704037810981,0.612,0.752,0.724,0.028
3,euclidean,intent_quantile_0.8,normalized_union,none,2.0,0.8846704037810981,0.612,0.752,0.724,0.028
3,euclidean,intent_quantile_0.8,normalized_union,ratio,0.0,0.8846704037810981,0.612,0.752,0.724,0.028
3,euclidean,intent_quantile_0.8,normalized_union,ratio,0.25,1.013320898838625,0.632,0.752,0.728,0.024
3,euclidean,intent_quantile_0.8,normalized_union,ratio,0.5,1.1225371492564529,0.642,0.752,0.73,0.022
3,euclidean,intent_quantile_0.8,normalized_union,ratio,1.0,1.3987889928511783,0.652,0.752,0.732,0.02
3,euclidean,intent_quantile_0.8,normalized_union,ratio,2.0,1.9936134961266683,0.682,0.752,0.738,0.014
3,euclidean,intent_quantile_0.8,normalized_union,inverse_margin,0.0,0.8846704037810981,0.612,0.752,0.724,0.028
3,euclidean,intent_quantile_0.8,normalized_union,inverse_margin,0.25,1.2569626324670813,0.672,0.752,0.736,0.016
3,euclidean,intent_quantile_0.8,normalized_union,inverse_margin,0.5,1.674631845765334,0.672,0.752,0.736,0.016
3,euclidean,intent_quantile_0.8,normalized_union,inverse_margin,1.0,2.356841744798789,0.662,0.752,0.734,0.018
3,euclidean,intent_quantile_0.8,normalized_union,inverse_margin,2.0,3.7708600633045504,0.662,0.752,0.734,0.018
3,euclidean,intent_quantile_0.8,normalized_union,max_ratio,0.0,0.8846704037810981,0.612,0.752,0.724,0.028
3,euclidean,intent_quantile_0.8,normalized_union,max_ratio,0.25,0.8846704037810981,0.612,0.752,0.724,0.028
3,euclidean,intent_quantile_0.8,normalized_union,max_ratio,0.5,0.8846704037810981,0.612,0.752,0.724,0.028
3,euclidean,intent_quantile_0.8,normalized_union,max_ratio,1.0,0.9092183140516986,0.612,0.752,0.724,0.028
3,euclidean,intent_quantile_0.8,normalized_union,max_ratio,2.0,1.2913730109236539,0.652,0.752,0.732,0.02
3,euclidean,center_quantile_0.9,nearest_sphere,none,0.0,0.7607349711543379,0.592,0.752,0.72,0.032
3,euclidean,center_quantile_0.9,nearest_sphere,none,0.25,0.7607349711543379,0.592,0.752,0.72,0.032
3,euclidean,center_quantile_0.9,nearest_sphere,none,0.5,0.7607349711543379,0.592,0.752,0.72,0.032
3,euclidean,center_quantile_0.9,nearest_sphere,none,1.0,0.7607349711543379,0.592,0.752,0.72,0.032
3,euclidean,center_quantile_0.9,nearest_sphere,none,2.0,0.7607349711543379,0.592,0.752,0.72,0.032
3,euclidean,center_quantile_0.9,nearest_sphere,ratio,0.0,0.7607349711543379,0.592,0.752,0.72,0.032
3,euclidean,center_quantile_0.9,nearest_sphere,ratio,0.25,0.867503492342274,0.632,0.752,0.728,0.024
3,euclidean,center_quantile_0.9,nearest_sphere,ratio,0.5,0.9620969055057713,0.652,0.752,0.732,0.02
3,euclidean,center_quantile_0.9,nearest_sphere,ratio,1.0,1.2434725102966664,0.652,0.752,0.732,0.02
3,euclidean,center_quantile_0.9,nearest_sphere,ratio,2.0,1.8378993888507553,0.682,0.752,0.738,0.014
3,euclidean,center_quantile_0.9,nearest_sphere,inverse_margin,0.0,0.7607349711543379,0.592,0.752,0.72,0.032
3,euclidean,center_quantile_0.9,nearest_sphere,inverse_margin,0.25,1.1330307905654167,0.672,0.752,0.736,0.016
3,euclidean,center_quantile_0.9,nearest_sphere,inverse_margin,0.5,1.4625348569929253,0.692,0.752,0.74,0.012
3,euclidean,center_quantile_0.9,nearest_sphere,inverse_margin,1.0,2.2049981737441757,0.672,0.752,0.736,0.016
3,euclidean,center_quantile_0.9,nearest_sphere,inverse_margin,2.0,3.630982657007369,0.662,0.752,0.734,0.018
3,euclidean,center_quantile_0.9,nearest_sphere,max_ratio,0.0,0.7607349711543379,0.592,0.752,0.72,0.032
3,euclidean,center_quantile_0.9,nearest_sphere,max_ratio,0.25,0.7607349711543379,0.592,0.752,0.72,0.032
3,euclidean,center_quantile_0.9,nearest_sphere,max_ratio,0.5,0.7607349711543379,0.592,0.752,0.72,0.032
3,euclidean,center_quantile_0.9,nearest_sphere,max_ratio,1.0,0.802232032656356,0.592,0.752,0.72,0.032
3,euclidean,center_quantile_0.9,nearest_sphere,max_ratio,2.0,1.225264881016411,0.672,0.752,0.736,0.016
3,euclidean,center_quantile_0.9,normalized_union,none,0.0,0.6821485846651132,0.642,0.752,0.73,0.022
3,euclidean,center_quantile_0.9,normalized_union,none,0.25,0.6821485846651132,0.642,0.752,0.73,0.022
3,euclidean,center_quantile_0.9,normalized_union,none,0.5,0.6821485846651132,0.642,0.752,0.73,0.022
3,euclidean,center_quantile_0.9,normalized_union,none,1.0,0.6821485846651132,0.642,0.752,0.73,0.022
3,euclidean,center_quantile_0.9,normalized_union,none,2.0,0.6821485846651132,0.642,0.752,0.73,0.022
3,euclidean,center_quantile_0.9,normalized_union,ratio,0.0,0.6821485846651132,0.642,0.752,0.73,0.022
3,euclidean,center_quantile_0.9,normalized_union,ratio,0.25,0.7643232181050212,0.642,0.752,0.73,0.022
3,euclidean,center_quantile_0.9,normalized_union,ratio,0.5,0.8881207050388502,0.652,0.752,0.732,0.02
3,euclidean,center_quantile_0.9,normalized_union,ratio,1.0,1.164067235040099,0.672,0.752,0.736,0.016
3,euclidean,center_quantile_0.9,normalized_union,ratio,2.0,1.804737682345772,0.672,0.752,0.736,0.016
3,euclidean,center_quantile_0.9,normalized_union,inverse_margin,0.0,0.6821485846651132,0.642,0.752,0.73,0.022
3,euclidean,center_quantile_0.9,normalized_union,inverse_margin,0.25,1.0080001105770264,0.672,0.752,0.736,0.016
3,euclidean,center_quantile_0.9,normalized_union,inverse_margin,0.5,1.3767655279683122,0.682,0.752,0.738,0.014
3,euclidean,center_quantile_0.9,normalized_union,inverse_margin,1.0,2.1425331729361794,0.662,0.752,0.734,0.018
3,euclidean,center_quantile_0.9,normalized_union,inverse_margin,2.0,3.555597176677091,0.662,0.752,0.734,0.018
3,euclidean,center_quantile_0.9,normalized_union,max_ratio,0.0,0.6821485846651132,0.642,0.752,0.73,0.022
3,euclidean,center_quantile_0.9,normalized_union,max_ratio,0.25,0.6821485846651132,0.642,0.752,0.73,0.022
3,euclidean,center_quantile_0.9,normalized_union,max_ratio,0.5,0.6821485846651132,0.642,0.752,0.73,0.022
3,euclidean,center_quantile_0.9,normalized_union,max_ratio,1.0,0.7201837953104973,0.652,0.752,0.732,0.02
3,euclidean,center_quantile_0.9,normalized_union,max_ratio,2.0,1.1844704943679343,0.662,0.752,0.734,0.018
3,euclidean,intent_quantile_0.9,nearest_sphere,none,0.0,0.6680335421731144,0.612,0.752,0.724,0.028
3,euclidean,intent_quantile_0.9,nearest_sphere,none,0.25,0.6680335421731144,0.612,0.752,0.724,0.028
3,euclidean,intent_quantile_0.9,nearest_sphere,none,0.5,0.6680335421731144,0.612,0.752,0.724,0.028
3,euclidean,intent_quantile_0.9,nearest_sphere,none,1.0,0.6680335421731144,0.612,0.752,0.724,0.028
3,euclidean,intent_quantile_0.9,nearest_sphere,none,2.0,0.6680335421731144,0.612,0.752,0.724,0.028
3,euclidean,intent_quantile_0.9,nearest_sphere,ratio,0.0,0.6680335421731144,0.612,0.752,0.724,0.028
3,euclidean,intent_quantile_0.9,nearest_sphere,ratio,0.25,0.8028426298557071,0.642,0.752,0.73,0.022
3,euclidean,intent_quantile_0.9,nearest_sphere,ratio,0.5,0.9196455468800515,0.652,0.752,0.732,0.02
3,euclidean,intent_quantile_0.9,nearest_sphere,ratio,1.0,1.2012753422024578,0.652,0.752,0.732,0.02
3,euclidean,intent_quantile_0.9,nearest_sphere,ratio,2.0,1.8167793960774954,0.682,0.752,0.738,0.014
3,euclidean,intent_quantile_0.9,nearest_sphere,inverse_margin,0.0,0.6680335421731144,0.612,0.752,0.724,0.028
3,euclidean,intent_quantile_0.9,nearest_sphere,inverse_margin,0.25,1.0328744003073258,0.672,0.752,0.736,0.016
3,euclidean,intent_quantile_0.9,nearest_sphere,inverse_margin,0.5,1.3760018682280055,0.672,0.752,0.736,0.016
3,euclidean,intent_quantile_0.9,nearest_sphere,inverse_margin,1.0,2.0897024014971346,0.672,0.752,0.736,0.016
3,euclidean,intent_quantile_0.9,nearest_sphere,inverse_margin,2.0,3.517103468035393,0.662,0.752,0.734,0.018
3,euclidean,intent_quantile_0.9,nearest_sphere,max_ratio,0.0,0.6680335421731144,0.612,0.752,0.724,0.028
3,euclidean,intent_quantile_0.9,nearest_sphere,max_ratio,0.25,0.6680335421731144,0.612,0.752,0.724,0.028
3,euclidean,intent_quantile_0.9,nearest_sphere,max_ratio,0.5,0.6680335421731144,0.612,0.752,0.724,0.028
3,euclidean,intent_quantile_0.9,nearest_sphere,max_ratio,1.0,0.7604879258540723,0.652,0.752,0.732,0.02
3,euclidean,intent_quantile_0.9,nearest_sphere,max_ratio,2.0,1.2000028893935417,0.662,0.752,0.734,0.018
3,euclidean,intent_quantile_0.9,normalized_union,none,0.0,0.6680335421731144,0.612,0.752,0.724,0.028
3,euclidean,intent_quantile_0.9,normalized_union,none,0.25,0.6680335421731144,0.612,0.752,0.724,0.028
3,euclidean,intent_quantile_0.9,normalized_union,none,0.5,0.6680335421731144,0.612,0.752,0.724,0.028
3,euclidean,intent_quantile_0.9,normalized_union,none,1.0,0.6680335421731144,0.612,0.752,0.724,0.028
3,euclidean,intent_quantile_0.9,normalized_union,none,2.0,0.6680335421731144,0.612,0.752,0.724,0.028
3,euclidean,intent_quantile_0.9,normalized_union,ratio,0.0,0.6680335421731144,0.612,0.752,0.724,0.028
3,euclidean,intent_quantile_0.9,normalized_union,ratio,0.25,0.8028426298557071,0.642,0.752,0.73,0.022
3,euclidean,intent_quantile_0.9,normalized_union,ratio,0.5,0.9196455468800515,0.652,0.752,0.732,0.02
3,euclidean,intent_quantile_0.9,normalized_union,ratio,1.0,1.2012753422024578,0.652,0.752,0.732,0.02
3,euclidean,intent_quantile_0.9,normalized_union,ratio,2.0,1.8167793960774954,0.682,0.752,0.738,0.014
3,euclidean,intent_quantile_0.9,normalized_union,inverse_margin,0.0,0.6680335421731144,0.612,0.752,0.724,0.028
3,euclidean,intent_quantile_0.9,normalized_union,inverse_margin,0.25,1.0328744003073258,0.672,0.752,0.736,0.016
3,euclidean,intent_quantile_0.9,normalized_union,inverse_margin,0.5,1.3760018682280055,0.672,0.752,0.736,0.016
3,euclidean,intent_quantile_0.9,normalized_union,inverse_margin,1.0,2.0897024014971346,0.672,0.752,0.736,0.016
3,euclidean,intent_quantile_0.9,normalized_union,inverse_margin,2.0,3.517103468035393,0.662,0.752,0.734,0.018
3,euclidean,intent_quantile_0.9,normalized_union,max_ratio,0.0,0.6680335421731144,0.612,0.752,0.724,0.028
3,euclidean,intent_quantile_0.9,normalized_union,max_ratio,0.25,0.6680335421731144,0.612,0.752,0.724,0.028
3,euclidean,intent_quantile_0.9,normalized_union,max_ratio,0.5,0.6680335421731144,0.612,0.752,0.724,0.028
3,euclidean,intent_quantile_0.9,normalized_union,max_ratio,1.0,0.7604879258540723,0.652,0.752,0.732,0.02
3,euclidean,intent_quantile_0.9,normalized_union,max_ratio,2.0,1.2000028893935417,0.662,0.752,0.734,0.018
3,euclidean,center_quantile_0.95,nearest_sphere,none,0.0,0.6463600816382981,0.592,0.752,0.72,0.032
3,euclidean,center_quantile_0.95,nearest_sphere,none,0.25,0.6463600816382981,0.592,0.752,0.72,0.032
3,euclidean,center_quantile_0.95,nearest_sphere,none,0.5,0.6463600816382981,0.592,0.752,0.72,0.032
3,euclidean,center_quantile_0.95,nearest_sphere,none,1.0,0.6463600816382981,0.592,0.752,0.72,0.032
3,euclidean,center_quantile_0.95,nearest_sphere,none,2.0,0.6463600816382981,0.592,0.752,0.72,0.032
3,euclidean,center_quantile_0.95,nearest_sphere,ratio,0.0,0.6463600816382981,0.592,0.752,0.72,0.032
3,euclidean,center_quantile_0.95,nearest_sphere,ratio,0.25,0.7395863475900409,0.642,0.752,0.73,0.022
3,euclidean,center_quantile_0.95,nearest_sphere,ratio,0.5,0.8775819656884947,0.652,0.752,0.732,0.02
3,euclidean,center_quantile_0.95,nearest_sphere,ratio,1.0,1.1490352240441157,0.662,0.752,0.734,0.018
3,euclidean,center_quantile_0.95,nearest_sphere,ratio,2.0,1.7446918914058236,0.682,0.752,0.738,0.014
3,euclidean,center_quantile_0.95,nearest_sphere,inverse_margin,0.0,0.6463600816382981,0.592,0.752,0.72,0.032
3,euclidean,center_quantile_0.95,nearest_sphere,inverse_margin,0.25,0.9913967277866245,0.672,0.752,0.736,0.016
3,euclidean,center_quantile_0.95,nearest_sphere,inverse_margin,0.5,1.3440513249560302,0.682,0.752,0.738,0.014
3,euclidean,center_quantile_0.95,nearest_sphere,inverse_margin,1.0,2.1166883032507027,0.672,0.752,0.736,0.016
3,euclidean,center_quantile_0.95,nearest_sphere,inverse_margin,2.0,3.4759700857921914,0.662,0.752,0.734,0.018
3,euclidean,center_quantile_0.95,nearest_sphere,max_ratio,0.0,0.6463600816382981,0.592,0.752,0.72,0.032
3,euclidean,center_quantile_0.95,nearest_sphere,max_ratio,0.25,0.6463600816382981,0.592,0.752,0.72,0.032
3,euclidean,center_quantile_0.95,nearest_sphere,max_ratio,0.5,0.6463600816382981,0.592,0.752,0.72,0.032
3,euclidean,center_quantile_0.95,nearest_sphere,max_ratio,1.0,0.7194801826878764,0.632,0.752,0.728,0.024
3,euclidean,center_quantile_0.95,nearest_sphere,max_ratio,2.0,1.2096846805314774,0.662,0.752,0.734,0.018
3,euclidean,center_quantile_0.95,normalized_union,none,0.0,0.5990506271121877,0.612,0.752,0.724,0.028
3,euclidean,center_quantile_0.95,normalized_union,none,0.25,0.5990506271121877,0.612,0.752,0.724,0.028
3,euclidean,center_quantile_0.95,normalized_union,none,0.5,0.5990506271121877,0.612,0.752,0.724,0.028
3,euclidean,center_quantile_0.95,normalized_union,none,1.0,0.5990506271121877,0.612,0.752,0.724,0.028
3,euclidean,center_quantile_0.95,normalized_union,none,2.0,0.5990506271121877,0.612,0.752,0.724,0.028
3,euclidean,center_quantile_0.95,normalized_union,ratio,0.0,0.5990506271121877,0.612,0.752,0.724,0.028
3,euclidean,center_quantile_0.95,normalized_union,ratio,0.25,0.7029816071639567,0.642,0.752,0.73,0.022
3,euclidean,center_quantile_0.95,normalized_union,ratio,0.5,0.8202845111549137,0.652,0.752,0.732,0.02
3,euclidean,center_quantile_0.95,normalized_union,ratio,1.0,1.1080786294881118,0.672,0.752,0.736,0.016
3,euclidean,center_quantile_0.95,normalized_union,ratio,2.0,1.7231707495003705,0.682,0.752,0.738,0.014
3,euclidean,center_quantile_0.95,normalized_union,inverse_margin,0.0,0.5990506271121877,0.612,0.752,0.724,0.028
3,euclidean,center_quantile_0.95,normalized_union,inverse_margin,0.25,0.9379471056043343,0.682,0.752,0.738,0.014
3,euclidean,center_quantile_0.95,normalized_union,inverse_margin,0.5,1.2938118739797533,0.682,0.752,0.738,0.014
3,euclidean,center_quantile_0.95,normalized_union,inverse_margin,1.0,2.02031192266529,0.662,0.752,0.734,0.018
3,euclidean,center_quantile_0.95,normalized_union,inverse_margin,2.0,3.4665309818145964,0.662,0.752,0.734,0.018
3,euclidean,center_quantile_0.95,normalized_union,max_ratio,0.0,0.5990506271121877,0.612,0.752,0.724,0.028
3,euclidean,center_quantile_0.95,normalized_union,max_ratio,0.25,0.5990506271121877,0.612,0.752,0.724,0.028
3,euclidean,center_quantile_0.95,normalized_union,max_ratio,0.5,0.5990506271121877,0.612,0.752,0.724,0.028
3,euclidean,center_quantile_0.95,normalized_union,max_ratio,1.0,0.6820922206842975,0.662,0.752,0.734,0.018
3,euclidean,center_quantile_0.95,normalized_union,max_ratio,2.0,1.1805942829143516,0.662,0.752,0.734,0.018
3,euclidean,intent_quantile_0.95,nearest_sphere,none,0.0,0.565940398861876,0.632,0.752,0.728,0.024
3,euclidean,intent_quantile_0.95,nearest_sphere,none,0.25,0.565940398861876,0.632,0.752,0.728,0.024
3,euclidean,intent_quantile_0.95,nearest_sphere,none,0.5,0.565940398861876,0.632,0.752,0.728,0.024
3,euclidean,intent_quantile_0.95,nearest_sphere,none,1.0,0.565940398861876,0.632,0.752,0.728,0.024
3,euclidean,intent_quantile_0.95,nearest_sphere,none,2.0,0.565940398861876,0.632,0.752,0.728,0.024
3,euclidean,intent_quantile_0.95,nearest_sphere,ratio,0.0,0.565940398861876,0.632,0.752,0.728,0.024
3,euclidean,intent_quantile_0.95,nearest_sphere,ratio,0.25,0.682146531366744,0.642,0.752,0.73,0.022
3,euclidean,intent_quantile_0.95,nearest_sphere,ratio,0.5,0.8282661914606186,0.652,0.752,0.732,0.02
3,euclidean,intent_quantile_0.95,nearest_sphere,ratio,1.0,1.1147401915156774,0.662,0.752,0.734,0.018
3,euclidean,intent_quantile_0.95,nearest_sphere,ratio,2.0,1.723070915547837,0.672,0.752,0.736,0.016
3,euclidean,intent_quantile_0.95,nearest_sphere,inverse_margin,0.0,0.565940398861876,0.632,0.752,0.728,0.024
3,euclidean,intent_quantile_0.95,nearest_sphere,inverse_margin,0.25,0.9432220445518924,0.662,0.752,0.734,0.018
3,euclidean,intent_quantile_0.95,nearest_sphere,inverse_margin,0.5,1.2857362539614616,0.682,0.752,0.738,0.014
3,euclidean,intent_quantile_0.95,nearest_sphere,inverse_margin,1.0,2.00936545405231,0.672,0.752,0.736,0.016
3,euclidean,intent_quantile_0.95,nearest_sphere,inverse_margin,2.0,3.420924864213976,0.672,0.752,0.736,0.016
3,euclidean,intent_quantile_0.95,nearest_sphere,max_ratio,0.0,0.565940398861876,0.632,0.752,0.728,0.024
3,euclidean,intent_quantile_0.95,nearest_sphere,max_ratio,0.25,0.565940398861876,0.632,0.752,0.728,0.024
3,euclidean,intent_quantile_0.95,nearest_sphere,max_ratio,0.5,0.565940398861876,0.632,0.752,0.728,0.024
3,euclidean,intent_quantile_0.95,nearest_sphere,max_ratio,1.0,0.6964951674790473,0.672,0.752,0.736,0.016
3,euclidean,intent_quantile_0.95,nearest_sphere,max_ratio,2.0,1.1805942829143516,0.662,0.752,0.734,0.018
3,euclidean,intent_quantile_0.95,normalized_union,none,0.0,0.565940398861876,0.622,0.752,0.726,0.026
3,euclidean,intent_quantile_0.95,normalized_union,none,0.25,0.565940398861876,0.622,0.752,0.726,0.026
3,euclidean,intent_quantile_0.95,normalized_union,none,0.5,0.565940398861876,0.622,0.752,0.726,0.026
3,euclidean,intent_quantile_0.95,normalized_union,none,1.0,0.565940398861876,0.622,0.752,0.726,0.026
3,euclidean,intent_quantile_0.95,normalized_union,none,2.0,0.565940398861876,0.622,0.752,0.726,0.026
3,euclidean,intent_quantile_0.95,normalized_union,ratio,0.0,0.565940398861876,0.622,0.752,0.726,0.026
3,euclidean,intent_quantile_0.95,normalized_union,ratio,0.25,0.682146531366744,0.632,0.752,0.728,0.024
3,euclidean,intent_quantile_0.95,normalized_union,ratio,0.5,0.8282661914606186,0.652,0.752,0.732,0.02
3,euclidean,intent_quantile_0.95,normalized_union,ratio,1.0,1.1147401915156774,0.662,0.752,0.734,0.018
3,euclidean,intent_quantile_0.95,normalized_union,ratio,2.0,1.723070915547837,0.672,0.752,0.736,0.016
3,euclidean,intent_quantile_0.95,normalized_union,inverse_margin,0.0,0.565940398861876,0.622,0.752,0.726,0.026
3,euclidean,intent_quantile_0.95,normalized_union,inverse_margin,0.25,0.9432220445518924,0.662,0.752,0.734,0.018
3,euclidean,intent_quantile_0.95,normalized_union,inverse_margin,0.5,1.2857362539614616,0.682,0.752,0.738,0.014
3,euclidean,intent_quantile_0.95,normalized_union,inverse_margin,1.0,2.00936545405231,0.672,0.752,0.736,0.016
3,euclidean,intent_quantile_0.95,normalized_union,inverse_margin,2.0,3.420924864213976,0.672,0.752,0.736,0.016
3,euclidean,intent_quantile_0.95,normalized_union,max_ratio,0.0,0.565940398861876,0.622,0.752,0.726,0.026
3,euclidean,intent_quantile_0.95,normalized_union,max_ratio,0.25,0.565940398861876,0.622,0.752,0.726,0.026
3,euclidean,intent_quantile_0.95,normalized_union,max_ratio,0.5,0.565940398861876,0.622,0.752,0.726,0.026
3,euclidean,intent_quantile_0.95,normalized_union,max_ratio,1.0,0.6964951674790473,0.672,0.752,0.736,0.016
3,euclidean,intent_quantile_0.95,normalized_union,max_ratio,2.0,1.1805942829143516,0.662,0.752,0.734,0.018
3,euclidean,center_quantile_0.99,nearest_sphere,none,0.0,0.478748949572381,0.632,0.752,0.728,0.024
3,euclidean,center_quantile_0.99,nearest_sphere,none,0.25,0.478748949572381,0.632,0.752,0.728,0.024
3,euclidean,center_quantile_0.99,nearest_sphere,none,0.5,0.478748949572381,0.632,0.752,0.728,0.024
3,euclidean,center_quantile_0.99,nearest_sphere,none,1.0,0.478748949572381,0.632,0.752,0.728,0.024
3,euclidean,center_quantile_0.99,nearest_sphere,none,2.0,0.478748949572381,0.632,0.752,0.728,0.024
3,euclidean,center_quantile_0.99,nearest_sphere,ratio,0.0,0.478748949572381,0.632,0.752,0.728,0.024
3,euclidean,center_quantile_0.99,nearest_sphere,ratio,0.25,0.5961623389103152,0.652,0.752,0.732,0.02
3,euclidean,center_quantile_0.99,nearest_sphere,ratio,0.5,0.7351589939801064,0.662,0.752,0.734,0.018
3,euclidean,center_quantile_0.99,nearest_sphere,ratio,1.0,1.0562057366710087,0.682,0.752,0.738,0.014
3,euclidean,center_quantile_0.99,nearest_sphere,ratio,2.0,1.658872016308691,0.682,0.752,0.738,0.014
3,euclidean,center_quantile_0.99,nearest_sphere,inverse_margin,0.0,0.478748949572381,0.632,0.752,0.728,0.024
3,euclidean,center_quantile_0.99,nearest_sphere,inverse_margin,0.25,0.868855337131518,0.682,0.752,0.738,0.014
3,euclidean,center_quantile_0.99,nearest_sphere,inverse_margin,0.5,1.228160678585662,0.682,0.752,0.738,0.014
3,euclidean,center_quantile_0.99,nearest_sphere,inverse_margin,1.0,1.9585354272537159,0.672,0.752,0.736,0.016
3,euclidean,center_quantile_0.99,nearest_sphere,inverse_margin,2.0,3.3859364937919745,0.662,0.752,0.734,0.018
3,euclidean,center_quantile_0.99,nearest_sphere,max_ratio,0.0,0.478748949572381,0.632,0.752,0.728,0.024
3,euclidean,center_quantile_0.99,nearest_sphere,max_ratio,0.25,0.478748949572381,0.632,0.752,0.728,0.024
3,euclidean,center_quantile_0.99,nearest_sphere,max_ratio,0.5,0.478748949572381,0.632,0.752,0.728,0.024
3,euclidean,center_quantile_0.99,nearest_sphere,max_ratio,1.0,0.6306069312134504,0.672,0.752,0.736,0.016
3,euclidean,center_quantile_0.99,nearest_sphere,max_ratio,2.0,1.1805942829143516,0.662,0.752,0.734,0.018
3,euclidean,center_quantile_0.99,normalized_union,none,0.0,0.4654311521847653,0.632,0.752,0.728,0.024
3,euclidean,center_quantile_0.99,normalized_union,none,0.25,0.4654311521847653,0.632,0.752,0.728,0.024
3,euclidean,center_quantile_0.99,normalized_union,none,0.5,0.4654311521847653,0.632,0.752,0.728,0.024
3,euclidean,center_quantile_0.99,normalized_union,none,1.0,0.4654311521847653,0.632,0.752,0.728,0.024
3,euclidean,center_quantile_0.99,normalized_union,none,2.0,0.4654311521847653,0.632,0.752,0.728,0.024
3,euclidean,center_quantile_0.99,normalized_union,ratio,0.0,0.4654311521847653,0.632,0.752,0.728,0.024
3,euclidean,center_quantile_0.99,normalized_union,ratio,0.25,0.5861665781846341,0.652,0.752,0.732,0.02
3,euclidean,center_quantile_0.99,normalized_union,ratio,0.5,0.7246611668268759,0.662,0.752,0.734,0.018
3,euclidean,center_quantile_0.99,normalized_union,ratio,1.0,1.0486141296624045,0.672,0.752,0.736,0.016
3,euclidean,center_quantile_0.99,normalized_union,ratio,2.0,1.6477030757539874,0.682,0.752,0.738,0.014
3,euclidean,center_quantile_0.99,normalized_union,inverse_margin,0.0,0.4654311521847653,0.632,0.752,0.728,0.024
3,euclidean,center_quantile_0.99,normalized_union,inverse_margin,0.25,0.8326986594067718,0.672,0.752,0.736,0.016
3,euclidean,center_quantile_0.99,normalized_union,inverse_margin,0.5,1.208867204385267,0.662,0.752,0.734,0.018
3,euclidean,center_quantile_0.99,normalized_union,inverse_margin,1.0,1.9433931874436792,0.662,0.752,0.734,0.018
3,euclidean,center_quantile_0.99,normalized_union,inverse_margin,2.0,3.3668522609453553,0.662,0.752,0.734,0.018
3,euclidean,center_quantile_0.99,normalized_union,max_ratio,0.0,0.4654311521847653,0.632,0.752,0.728,0.024
3,euclidean,center_quantile_0.99,normalized_union,max_ratio,0.25,0.4654311521847653,0.632,0.752,0.728,0.024
3,euclidean,center_quantile_0.99,normalized_union,max_ratio,0.5,0.46857515613501366,0.632,0.752,0.728,0.024
3,euclidean,center_quantile_0.99,normalized_union,max_ratio,1.0,0.6231301099155514,0.672,0.752,0.736,0.016
3,euclidean,center_quantile_0.99,normalized_union,max_ratio,2.0,1.1760735267154592,0.662,0.752,0.734,0.018
3,euclidean,intent_quantile_0.99,nearest_sphere,none,0.0,0.4360992894730243,0.642,0.752,0.73,0.022
3,euclidean,intent_quantile_0.99,nearest_sphere,none,0.25,0.4360992894730243,0.642,0.752,0.73,0.022
3,euclidean,intent_quantile_0.99,nearest_sphere,none,0.5,0.4360992894730243,0.642,0.752,0.73,0.022
3,euclidean,intent_quantile_0.99,nearest_sphere,none,1.0,0.4360992894730243,0.642,0.752,0.73,0.022
3,euclidean,intent_quantile_0.99,nearest_sphere,none,2.0,0.4360992894730243,0.642,0.752,0.73,0.022
3,euclidean,intent_quantile_0.99,nearest_sphere,ratio,0.0,0.4360992894730243,0.642,0.752,0.73,0.022
3,euclidean,intent_quantile_0.99,nearest_sphere,ratio,0.25,0.5652105868543299,0.652,0.752,0.732,0.02
3,euclidean,intent_quantile_0.99,nearest_sphere,ratio,0.5,0.7163192636686688,0.652,0.752,0.732,0.02
3,euclidean,intent_quantile_0.99,nearest_sphere,ratio,1.0,1.0069772878592356,0.672,0.752,0.736,0.016
3,euclidean,intent_quantile_0.99,nearest_sphere,ratio,2.0,1.5965800961147547,0.682,0.752,0.738,0.014
3,euclidean,intent_quantile_0.99,nearest_sphere,inverse_margin,0.0,0.4360992894730243,0.642,0.752,0.73,0.022
3,euclidean,intent_quantile_0.99,nearest_sphere,inverse_margin,0.25,0.8261928380507582,0.672,0.752,0.736,0.016
3,euclidean,intent_quantile_0.99,nearest_sphere,inverse_margin,0.5,1.1830431046853227,0.672,0.752,0.736,0.016
3,euclidean,intent_quantile_0.99,nearest_sphere,inverse_margin,1.0,1.8829044267938757,0.672,0.752,0.736,0.016
3,euclidean,intent_quantile_0.99,nearest_sphere,inverse_margin,2.0,3.3241447044927104,0.662,0.752,0.734,0.018
3,euclidean,intent_quantile_0.99,nearest_sphere,max_ratio,0.0,0.4360992894730243,0.642,0.752,0.73,0.022
3,euclidean,intent_quantile_0.99,nearest_sphere,max_ratio,0.25,0.4360992894730243,0.642,0.752,0.73,0.022
3,euclidean,intent_quantile_0.99,nearest_sphere,max_ratio,0.5,0.4529889262637546,0.632,0.752,0.728,0.024
3,euclidean,intent_quantile_0.99,nearest_sphere,max_ratio,1.0,0.6302638633538826,0.672,0.752,0.736,0.016
3,euclidean,intent_quantile_0.99,nearest_sphere,max_ratio,2.0,1.1760735267154592,0.662,0.752,0.734,0.018
3,euclidean,intent_quantile_0.99,normalized_union,none,0.0,0.4360992894730243,0.642,0.752,0.73,0.022
3,euclidean,intent_quantile_0.99,normalized_union,none,0.25,0.4360992894730243,0.642,0.752,0.73,0.022
3,euclidean,intent_quantile_0.99,normalized_union,none,0.5,0.4360992894730243,0.642,0.752,0.73,0.022
3,euclidean,intent_quantile_0.99,normalized_union,none,1.0,0.4360992894730243,0.642,0.752,0.73,0.022
3,euclidean,intent_quantile_0.99,normalized_union,none,2.0,0.4360992894730243,0.642,0.752,0.73,0.022
3,euclidean,intent_quantile_0.99,normalized_union,ratio,0.0,0.4360992894730243,0.642,0.752,0.73,0.022
3,euclidean,intent_quantile_0.99,normalized_union,ratio,0.25,0.5652105868543299,0.652,0.752,0.732,0.02
3,euclidean,intent_quantile_0.99,normalized_union,ratio,0.5,0.7163192636686688,0.652,0.752,0.732,0.02
3,euclidean,intent_quantile_0.99,normalized_union,ratio,1.0,1.0069772878592356,0.672,0.752,0.736,0.016
3,euclidean,intent_quantile_0.99,normalized_union,ratio,2.0,1.5965800961147547,0.682,0.752,0.738,0.014
3,euclidean,intent_quantile_0.99,normalized_union,inverse_margin,0.0,0.4360992894730243,0.642,0.752,0.73,0.022
3,euclidean,intent_quantile_0.99,normalized_union,inverse_margin,0.25,0.8261928380507582,0.672,0.752,0.736,0.016
3,euclidean,intent_quantile_0.99,normalized_union,inverse_margin,0.5,1.1830431046853227,0.672,0.752,0.736,0.016
3,euclidean,intent_quantile_0.99,normalized_union,inverse_margin,1.0,1.8829044267938757,0.672,0.752,0.736,0.016
3,euclidean,intent_quantile_0.99,normalized_union,inverse_margin,2.0,3.3241447044927104,0.662,0.752,0.734,0.018
3,euclidean,intent_quantile_0.99,normalized_union,max_ratio,0.0,0.4360992894730243,0.642,0.752,0.73,0.022
3,euclidean,intent_quantile_0.99,normalized_union,max_ratio,0.25,0.4360992894730243,0.642,0.752,0.73,0.022
3,euclidean,intent_quantile_0.99,normalized_union,max_ratio,0.5,0.4529889262637546,0.632,0.752,0.728,0.024
3,euclidean,intent_quantile_0.99,normalized_union,max_ratio,1.0,0.6302638633538826,0.672,0.752,0.736,0.016
3,euclidean,intent_quantile_0.99,normalized_union,max_ratio,2.0,1.1760735267154592,0.662,0.752,0.734,0.018
3,mahalanobis_diag,mean_std_0.0,nearest_sphere,none,0.0,0.97051468922216,0.642,0.752,0.73,0.022
3,mahalanobis_diag,mean_std_0.0,nearest_sphere,none,0.25,0.97051468922216,0.642,0.752,0.73,0.022
3,mahalanobis_diag,mean_std_0.0,nearest_sphere,none,0.5,0.97051468922216,0.642,0.752,0.73,0.022
3,mahalanobis_diag,mean_std_0.0,nearest_sphere,none,1.0,0.97051468922216,0.642,0.752,0.73,0.022
3,mahalanobis_diag,mean_std_0.0,nearest_sphere,none,2.0,0.97051468922216,0.642,0.752,0.73,0.022
3,mahalanobis_diag,mean_std_0.0,nearest_sphere,ratio,0.0,0.97051468922216,0.642,0.752,0.73,0.022
3,mahalanobis_diag,mean_std_0.0,nearest_sphere,ratio,0.25,1.1070423061249692,0.652,0.752,0.732,0.02
3,mahalanobis_diag,mean_std_0.0,nearest_sphere,ratio,0.5,1.250434142325346,0.652,0.752,0.732,0.02
3,mahalanobis_diag,mean_std_0.0,nearest_sphere,ratio,1.0,1.558140789288339,0.642,0.752,0.73,0.022
3,mahalanobis_diag,mean_std_0.0,nearest_sphere,ratio,2.0,2.2553167802472434,0.652,0.752,0.732,0.02
3,mahalanobis_diag,mean_std_0.0,nearest_sphere,inverse_margin,0.0,0.97051468922216,0.642,0.752,0.73,0.022
3,mahalanobis_diag,mean_std_0.0,nearest_sphere,inverse_margin,0.25,1.4724589084538389,0.652,0.752,0.732,0.02
3,mahalanobis_diag,mean_std_0.0,nearest_sphere,inverse_margin,0.5,1.944760631952009,0.652,0.752,0.732,0.02
3,mahalanobis_diag,mean_std_0.0,nearest_sphere,inverse_margin,1.0,2.8248200800141685,0.652,0.752,0.732,0.02
3,mahalanobis_diag,mean_std_0.0,nearest_sphere,inverse_margin,2.0,4.612005505377208,0.652,0.752,0.732,0.02
3,mahalanobis_diag,mean_std_0.0,nearest_sphere,max_ratio,0.0,0.97051468922216,0.642,0.752,0.73,0.022
3,mahalanobis_diag,mean_std_0.0,nearest_sphere,max_ratio,0.25,0.97051468922216,0.642,0.752,0.73,0.022
3,mahalanobis_diag,mean_std_0.0,nearest_sphere,max_ratio,0.5,0.97051468922216,0.642,0.752,0.73,0.022
3,mahalanobis_diag,mean_std_0.0,nearest_sphere,max_ratio,1.0,0.9722546518833891,0.642,0.752,0.73,0.022
3,mahalanobis_diag,mean_std_0.0,nearest_sphere,max_ratio,2.0,1.323734211139379,0.632,0.752,0.728,0.024
3,mahalanobis_diag,mean_std_0.0,normalized_union,none,0.0,0.9651269111552705,0.642,0.752,0.73,0.022
3,mahalanobis_diag,mean_std_0.0,normalized_union,none,0.25,0.9651269111552705,0.642,0.752,0.73,0.022
3,mahalanobis_diag,mean_std_0.0,normalized_union,none,0.5,0.9651269111552705,0.642,0.752,0.73,0.022
3,mahalanobis_diag,mean_std_0.0,normalized_union,none,1.0,0.9651269111552705,0.642,0.752,0.73,0.022
3,mahalanobis_diag,mean_std_0.0,normalized_union,none,2.0,0.9651269111552705,0.642,0.752,0.73,0.022
3,mahalanobis_diag,mean_std_0.0,normalized_union,ratio,0.0,0.9651269111552705,0.642,0.752,0.73,0.022
3,mahalanobis_diag,mean_std_0.0,normalized_union,ratio,0.25,1.1043200858746987,0.662,0.752,0.734,0.018
3,mahalanobis_diag,mean_std_0.0,normalized_union,ratio,0.5,1.2436608030114644,0.652,0.752,0.732,0.02
3,mahalanobis_diag,mean_std_0.0,normalized_union,ratio,1.0,1.5481701838589017,0.652,0.752,0.732,0.02
3,mahalanobis_diag,mean_std_0.0,normalized_union,ratio,2.0,2.2553167802472434,0.652,0.752,0.732,0.02
3,mahalanobis_diag,mean_std_0.0,normalized_union,inverse_margin,0.0,0.9651269111552705,0.642,0.752,0.73,0.022
3,mahalanobis_diag,mean_std_0.0,normalized_union,inverse_margin,0.25,1.4724589084538389,0.652,0.752,0.732,0.02
3,mahalanobis_diag,mean_std_0.0,normalized_union,inverse_margin,0.5,1.944760631952009,0.652,0.752,0.732,0.02
3,mahalanobis_diag,mean_std_0.0,normalized_union,inverse_margin,1.0,2.8248200800141685,0.652,0.752,0.732,0.02
3,mahalanobis_diag,mean_std_0.0,normalized_union,inverse_margin,2.0,4.612005505377208,0.652,0.752,0.732,0.02
3,mahalanobis_diag,mean_std_0.0,normalized_union,max_ratio,0.0,0.9651269111552705,0.642,0.752,0.73,0.022
3,mahalanobis_diag,mean_std_0.0,normalized_union,max_ratio,0.25,0.9651269111552705,0.642,0.752,0.73,0.022
3,mahalanobis_diag,mean_std_0.0,normalized_union,max_ratio,0.5,0.9651269111552705,0.642,0.752,0.73,0.022
3,mahalanobis_diag,mean_std_0.0,normalized_union,max_ratio,1.0,0.966018909336757,0.642,0.752,0.73,0.022
3,mahalanobis_diag,mean_std_0.0,normalized_union,max_ratio,2.0,1.323734211139379,0.632,0.752,0.728,0.024
3,mahalanobis_diag,mean_std_0.25,nearest_sphere,none,0.0,0.899703125793766,0.642,0.752,0.73,0.022
3,mahalanobis_diag,mean_std_0.25,nearest_sphere,none,0.25,0.899703125793766,0.642,0.752,0.73,0.022
3,mahalanobis_diag,mean_std_0.25,nearest_sphere,none,0.5,0.899703125793766,0.642,0.752,0.73,0.022
3,mahalanobis_diag,mean_std_0.25,nearest_sphere,none,1.0,0.899703125793766,0.642,0.752,0.73,0.022
3,mahalanobis_diag,mean_std_0.25,nearest_sphere,none,2.0,0.899703125793766,0.642,0.752,0.73,0.022
3,mahalanobis_diag,mean_std_0.25,nearest_sphere,ratio,0.0,0.899703125793766,0.642,0.752,0.73,0.022
3,mahalanobis_diag,mean_std_0.25,nearest_sphere,ratio,0.25,1.0352835487521947,0.642,0.752,0.73,0.022
3,mahalanobis_diag,mean_std_0.25,nearest_sphere,ratio,0.5,1.1802281572768274,0.662,0.752,0.734,0.018
3,mahalanobis_diag,mean_std_0.25,nearest_sphere,ratio,1.0,1.4911643234322642,0.652,0.752,0.732,0.02
3,mahalanobis_diag,mean_std_0.25,nearest_sphere,ratio,2.0,2.1688904478772617,0.662,0.752,0.734,0.018
3,mahalanobis_diag,mean_std_0.25,nearest_sphere,inverse_margin,0.0,0.899703125793766,0.642,0.752,0.73,0.022
3,mahalanobis_diag,mean_std_0.25,nearest_sphere,inverse_margin,0.25,1.390161894640368,0.642,0.752,0.73,0.022
3,mahalanobis_diag,mean_std_0.25,nearest_sphere,inverse_margin,0.5,1.847995065539244,0.652,0.752,0.732,0.02
3,mahalanobis_diag,mean_std_0.25,nearest_sphere,inverse_margin,1.0,2.7491782022373448,0.652,0.752,0.732,0.02
3,mahalanobis_diag,mean_std_0.25,nearest_sphere,inverse_margin,2.0,4.548151969502818,0.642,0.752,0.73,0.022
3,mahalanobis_diag,mean_std_0.25,nearest_sphere,max_ratio,0.0,0.899703125793766,0.642,0.752,0.73,0.022
3,mahalanobis_diag,mean_std_0.25,nearest_sphere,max_ratio,0.25,0.899703125793766,0.642,0.752,0.73,0.022
3,mahalanobis_diag,mean_std_0.25,nearest_sphere,max_ratio,0.5,0.899703125793766,0.642,0.752,0.73,0.022
3,mahalanobis_diag,mean_std_0.25,nearest_sphere,max_ratio,1.0,0.9064463783538798,0.642,0.752,0.73,0.022
3,mahalanobis_diag,mean_std_0.25,nearest_sphere,max_ratio,2.0,1.2978312368550555,0.632,0.752,0.728,0.024
3,mahalanobis_diag,mean_std_0.25,normalized_union,none,0.0,0.899703125793766,0.642,0.752,0.73,0.022
3,mahalanobis_diag,mean_std_0.25,normalized_union,none,0.25,0.899703125793766,0.642,0.752,0.73,0.022
3,mahalanobis_diag,mean_std_0.25,normalized_union,none,0.5,0.899703125793766,0.642,0.752,0.73,0.022
3,mahalanobis_diag,mean_std_0.25,normalized_union,none,1.0,0.899703125793766,0.642,0.752,0.73,0.022
3,mahalanobis_diag,mean_std_0.25,normalized_union,none,2.0,0.899703125793766,0.642,0.752,0.73,0.022
3,mahalanobis_diag,mean_std_0.25,normalized_union,ratio,0.0,0.899703125793766,0.642,0.752,0.73,0.022
3,mahalanobis_diag,mean_std_0.25,normalized_union,ratio,0.25,1.0342218017207483,0.642,0.752,0.73,0.022
3,mahalanobis_diag,mean_std_0.25,normalized_union,ratio,0.5,1.1802281572768274,0.662,0.752,0.734,0.018
3,mahalanobis_diag,mean_std_0.25,normalized_union,ratio,1.0,1.485655758189327,0.652,0.752,0.732,0.02
3,mahalanobis_diag,mean_std_0.25,normalized_union,ratio,2.0,2.1688904478772617,0.662,0.752,0.734,0.018
3,mahalanobis_diag,mean_std_0.25,normalized_union,inverse_margin,0.0,0.899703125793766,0.642,0.752,0.73,0.022
3,mahalanobis_diag,mean_std_0.25,normalized_union,inverse_margin,0.25,1.390161894640368,0.642,0.752,0.73,0.022
3,mahalanobis_diag,mean_std_0.25,normalized_union,inverse_margin,0.5,1.847995065539244,0.652,0.752,0.732,0.02
3,mahalanobis_diag,mean_std_0.25,normalized_union,inverse_margin,1.0,2.7491782022373448,0.652,0.752,0.732,0.02
3,mahalanobis_diag,mean_std_0.25,normalized_union,inverse_margin,2.0,4.548151969502818,0.642,0.752,0.73,0.022
3,mahalanobis_diag,mean_std_0.25,normalized_union,max_ratio,0.0,0.899703125793766,0.642,0.752,0.73,0.022
3,mahalanobis_diag,mean_std_0.25,normalized_union,max_ratio,0.25,0.899703125793766,0.642,0.752,0.73,0.022
3,mahalanobis_diag,mean_std_0.25,normalized_union,max_ratio,0.5,0.899703125793766,0.642,0.752,0.73,0.022
3,mahalanobis_diag,mean_std_0.25,normalized_union,max_ratio,1.0,0.9064463783538798,0.642,0.752,0.73,0.022
3,mahalanobis_diag,mean_std_0.25,normalized_union,max_ratio,2.0,1.2978312368550555,0.632,0.752,0.728,0.024
3,mahalanobis_diag,mean_std_0.5,nearest_sphere,none,0.0,0.8376048997865362,0.642,0.752,0.73,0.022
3,mahalanobis_diag,mean_std_0.5,nearest_sphere,none,0.25,0.8376048997865362,0.642,0.752,0.73,0.022
3,mahalanobis_diag,mean_std_0.5,nearest_sphere,none,0.5,0.8376048997865362,0.642,0.752,0.73,0.022
3,mahalanobis_diag,mean_std_0.5,nearest_sphere,none,1.0,0.8376048997865362,0.642,0.752,0.73,0.022
3,mahalanobis_diag,mean_std_0.5,nearest_sphere,none,2.0,0.8376048997865362,0.642,0.752,0.73,0.022
3,mahalanobis_diag,mean_std_0.5,nearest_sphere,ratio,0.0,0.8376048997865362,0.642,0.752,0.73,0.022
3,mahalanobis_diag,mean_std_0.5,nearest_sphere,ratio,0.25,0.9700283068530139,0.642,0.752,0.73,0.022
3,mahalanobis_diag,mean_std_0.5,nearest_sphere,ratio,0.5,1.1152804430063672,0.652,0.752,0.732,0.02
3,mahalanobis_diag,mean_std_0.5,nearest_sphere,ratio,1.0,1.4246200845041446,0.652,0.752,0.732,0.02
3,mahalanobis_diag,mean_std_0.5,nearest_sphere,ratio,2.0,2.1182047698741404,0.662,0.752,0.734,0.018
3,mahalanobis_diag,mean_std_0.5,nearest_sphere,inverse_margin,0.0,0.8376048997865362,0.642,0.752,0.73,0.022
3,mahalanobis_diag,mean_std_0.5,nearest_sphere,inverse_margin,0.25,1.3239023086008548,0.632,0.752,0.728,0.024
3,mahalanobis_diag,mean_std_0.5,nearest_sphere,inverse_margin,0.5,1.800530941983053,0.652,0.752,0.732,0.02
3,mahalanobis_diag,mean_std_0.5,nearest_sphere,inverse_margin,1.0,2.7028226851191444,0.652,0.752,0.732,0.02
3,mahalanobis_diag,mean_std_0.5,nearest_sphere,inverse_margin,2.0,4.5038722127212285,0.642,0.752,0.73,0.022
3,mahalanobis_diag,mean_std_0.5,nearest_sphere,max_ratio,0.0,0.8376048997865362,0.642,0.752,0.73,0.022
3,mahalanobis_diag,mean_std_0.5,nearest_sphere,max_ratio,0.25,0.8376048997865362,0.642,0.752,0.73,0.022
3,mahalanobis_diag,mean_std_0.5,nearest_sphere,max_ratio,0.5,0.8376048997865362,0.642,0.752,0.73,0.022
3,mahalanobis_diag,mean_std_0.5,nearest_sphere,max_ratio,1.0,0.8554031213668032,0.652,0.752,0.732,0.02
3,mahalanobis_diag,mean_std_0.5,nearest_sphere,max_ratio,2.0,1.2915862954974988,0.632,0.752,0.728,0.024
3,mahalanobis_diag,mean_std_0.5,normalized_union,none,0.0,0.8376048997865362,0.642,0.752,0.73,0.022
3,mahalanobis_diag,mean_std_0.5,normalized_union,none,0.25,0.8376048997865362,0.642,0.752,0.73,0.022
3,mahalanobis_diag,mean_std_0.5,normalized_union,none,0.5,0.8376048997865362,0.642,0.752,0.73,0.022
3,mahalanobis_diag,mean_std_0.5,normalized_union,none,1.0,0.8376048997865362,0.642,0.752,0.73,0.022
3,mahalanobis_diag,mean_std_0.5,normalized_union,none,2.0,0.8376048997865362,0.642,0.752,0.73,0.022
3,mahalanobis_diag,mean_std_0.5,normalized_union,ratio,0.0,0.8376048997865362,0.642,0.752,0.73,0.022
3,mahalanobis_diag,mean_std_0.5,normalized_union,ratio,0.25,0.9700283068530139,0.642,0.752,0.73,0.022
3,mahalanobis_diag,mean_std_0.5,normalized_union,ratio,0.5,1.1149984839960871,0.652,0.752,0.732,0.02
3,mahalanobis_diag,mean_std_0.5,normalized_union,ratio,1.0,1.4208693133040793,0.652,0.752,0.732,0.02
3,mahalanobis_diag,mean_std_0.5,normalized_union,ratio,2.0,2.1182047698741404,0.662,0.752,0.734,0.018
3,mahalanobis_diag,mean_std_0.5,normalized_union,inverse_margin,0.0,0.8376048997865362,0.642,0.752,0.73,0.022
3,mahalanobis_diag,mean_std_0.5,normalized_union,inverse_margin,0.25,1.3239023086008548,0.632,0.752,0.728,0.024
3,mahalanobis_diag,mean_std_0.5,normalized_union,inverse_margin,0.5,1.800530941983053,0.652,0.752,0.732,0.02
3,mahalanobis_diag,mean_std_0.5,normalized_union,inverse_margin,1.0,2.7028226851191444,0.652,0.752,0.732,0.02
3,mahalanobis_diag,mean_std_0.5,normalized_union,inverse_margin,2.0,4.5038722127212285,0.642,0.752,0.73,0.022
3,mahalanobis_diag,mean_std_0.5,normalized_union,max_ratio,0.0,0.8376048997865362,0.642,0.752,0.73,0.022
3,mahalanobis_diag,mean_std_0.5,normalized_union,max_ratio,0.25,0.8376048997865362,0.642,0.752,0.73,0.022
3,mahalanobis_diag,mean_std_0.5,normalized_union,max_ratio,0.5,0.8376048997865362,0.642,0.752,0.73,0.022
3,mahalanobis_diag,mean_std_0.5,normalized_union,max_ratio,1.0,0.8554031213668032,0.652,0.752,0.732,0.02
3,mahalanobis_diag,mean_std_0.5,normalized_union,max_ratio,2.0,1.2915862954974988,0.632,0.752,0.728,0.024
3,mahalanobis_diag,mean_std_0.75,nearest_sphere,none,0.0,0.7853206527349222,0.642,0.752,0.73,0.022
3,mahalanobis_diag,mean_std_0.75,nearest_sphere,none,0.25,0.7853206527349222,0.642,0.752,0.73,0.022
3,mahalanobis_diag,mean_std_0.75,nearest_sphere,none,0.5,0.7853206527349222,0.642,0.752,0.73,0.022
3,mahalanobis_diag,mean_std_0.75,nearest_sphere,none,1.0,0.7853206527349222,0.642,0.752,0.73,0.022
3,mahalanobis_diag,mean_std_0.75,nearest_sphere,none,2.0,0.7853206527349222,0.642,0.752,0.73,0.022
3,mahalanobis_diag,mean_std_0.75,nearest_sphere,ratio,0.0,0.7853206527349222,0.642,0.752,0.73,0.022
3,mahalanobis_diag,mean_std_0.75,nearest_sphere,ratio,0.25,0.9194343372928382,0.642,0.752,0.73,0.022
3,mahalanobis_diag,mean_std_0.75,nearest_sphere,ratio,0.5,1.0627989779035998,0.652,0.752,0.732,0.02
3,mahalanobis_diag,mean_std_0.75,nearest_sphere,ratio,1.0,1.366877194985246,0.662,0.752,0.734,0.018
3,mahalanobis_diag,mean_std_0.75,nearest_sphere,ratio,2.0,2.0754371573802577,0.662,0.752,0.734,0.018
3,mahalanobis_diag,mean_std_0.75,nearest_sphere,inverse_margin,0.0,0.7853206527349222,0.642,0.752,0.73,0.022
3,mahalanobis_diag,mean_std_0.75,nearest_sphere,inverse_margin,0.25,1.2729334363199578,0.632,0.752,0.728,0.024
3,mahalanobis_diag,mean_std_0.75,nearest_sphere,inverse_margin,0.5,1.7546724421351554,0.652,0.752,0.732,0.02
3,mahalanobis_diag,mean_std_0.75,nearest_sphere,inverse_margin,1.0,2.6589085920572377,0.642,0.752,0.73,0.022
3,mahalanobis_diag,mean_std_0.75,nearest_sphere,inverse_margin,2.0,4.460939397806969,0.642,0.752,0.73,0.022
3,mahalanobis_diag,mean_std_0.75,nearest_sphere,max_ratio,0.0,0.7853206527349222,0.642,0.752,0.73,0.022
3,mahalanobis_diag,mean_std_0.75,nearest_sphere,max_ratio,0.25,0.7853206527349222,0.642,0.752,0.73,0.022
3,mahalanobis_diag,mean_std_0.75,nearest_sphere,max_ratio,0.5,0.7853206527349222,0.642,0.752,0.73,0.022
3,mahalanobis_diag,mean_std_0.75,nearest_sphere,max_ratio,1.0,0.8093351712628676,0.662,0.752,0.734,0.018
3,mahalanobis_diag,mean_std_0.75,nearest_sphere,max_ratio,2.0,1.289330066349384,0.632,0.752,0.728,0.024
3,mahalanobis_diag,mean_std_0.75,normalized_union,none,0.0,0.7853206527349222,0.642,0.752,0.73,0.022
3,mahalanobis_diag,mean_std_0.75,normalized_union,none,0.25,0.7853206527349222,0.642,0.752,0.73,0.022
3,mahalanobis_diag,mean_std_0.75,normalized_union,none,0.5,0.7853206527349222,0.642,0.752,0.73,0.022
3,mahalanobis_diag,mean_std_0.75,normalized_union,none,1.0,0.7853206527349222,0.642,0.752,0.73,0.022
3,mahalanobis_diag,mean_std_0.75,normalized_union,none,2.0,0.7853206527349222,0.642,0.752,0.73,0.022
3,mahalanobis_diag,mean_std_0.75,normalized_union,ratio,0.0,0.7853206527349222,0.642,0.752,0.73,0.022
3,mahalanobis_diag,mean_std_0.75,normalized_union,ratio,0.25,0.919098936091869,0.642,0.752,0.73,0.022
3,mahalanobis_diag,mean_std_0.75,normalized_union,ratio,0.5,1.0625985781702505,0.652,0.752,0.732,0.02
3,mahalanobis_diag,mean_std_0.75,normalized_union,ratio,1.0,1.3626092462194026,0.662,0.752,0.734,0.018
3,mahalanobis_diag,mean_std_0.75,normalized_union,ratio,2.0,2.0754371573802577,0.662,0.752,0.734,0.018
3,mahalanobis_diag,mean_std_0.75,normalized_union,inverse_margin,0.0,0.7853206527349222,0.642,0.752,0.73,0.022
3,mahalanobis_diag,mean_std_0.75,normalized_union,inverse_margin,0.25,1.2729334363199578,0.632,0.752,0.728,0.024
3,mahalanobis_diag,mean_std_0.75,normalized_union,inverse_margin,0.5,1.7546724421351554,0.652,0.752,0.732,0.02
3,mahalanobis_diag,mean_std_0.75,normalized_union,inverse_margin,1.0,2.6589085920572377,0.642,0.752,0.73,0.022
3,mahalanobis_diag,mean_std_0.75,normalized_union,inverse_margin,2.0,4.460939397806969,0.642,0.752,0.73,0.022
3,mahalanobis_diag,mean_std_0.75,normalized_union,max_ratio,0.0,0.7853206527349222,0.642,0.752,0.73,0.022
3,mahalanobis_diag,mean_std_0.75,normalized_union,max_ratio,0.25,0.7853206527349222,0.642,0.752,0.73,0.022
3,mahalanobis_diag,mean_std_0.75,normalized_union,max_ratio,0.5,0.7853206527349222,0.642,0.752,0.73,0.022
3,mahalanobis_diag,mean_std_0.75,normalized_union,max_ratio,1.0,0.8093351712628676,0.662,0.752,0.734,0.018
3,mahalanobis_diag,mean_std_0.75,normalized_union,max_ratio,2.0,1.289330066349384,0.632,0.752,0.728,0.024
3,mahalanobis_diag,mean_std_1.0,nearest_sphere,none,0.0,0.7394210115975492,0.632,0.752,0.728,0.024
3,mahalanobis_diag,mean_std_1.0,nearest_sphere,none,0.25,0.7394210115975492,0.632,0.752,0.728,0.024
3,mahalanobis_diag,mean_std_1.0,nearest_sphere,none,0.5,0.7394210115975492,0.632,0.752,0.728,0.024
3,mahalanobis_diag,mean_std_1.0,nearest_sphere,none,1.0,0.7394210115975492,0.632,0.752,0.728,0.024
3,mahalanobis_diag,mean_std_1.0,nearest_sphere,none,2.0,0.7394210115975492,0.632,0.752,0.728,0.024
3,mahalanobis_diag,mean_std_1.0,nearest_sphere,ratio,0.0,0.7394210115975492,0.632,0.752,0.728,0.024
3,mahalanobis_diag,mean_std_1.0,nearest_sphere,ratio,0.25,0.8750587097245588,0.642,0.752,0.73,0.022
3,mahalanobis_diag,mean_std_1.0,nearest_sphere,ratio,0.5,1.0151053525674427,0.652,0.752,0.732,0.02
3,mahalanobis_diag,mean_std_1.0,nearest_sphere,ratio,1.0,1.3221710972202663,0.662,0.752,0.734,0.018
3,mahalanobis_diag,mean_std_1.0,nearest_sphere,ratio,2.0,2.021851243256968,0.642,0.752,0.73,0.022
3,mahalanobis_diag,mean_std_1.0,nearest_sphere,inverse_margin,0.0,0.7394210115975492,0.632,0.752,0.728,0.024
3,mahalanobis_diag,mean_std_1.0,nearest_sphere,inverse_margin,0.25,1.21922269912511,0.642,0.752,0.73,0.022
3,mahalanobis_diag,mean_std_1.0,nearest_sphere,inverse_margin,0.5,1.7164686900050847,0.652,0.752,0.732,0.02
3,mahalanobis_diag,mean_std_1.0,nearest_sphere,inverse_margin,1.0,2.6196910478362776,0.642,0.752,0.73,0.022
3,mahalanobis_diag,mean_std_1.0,nearest_sphere,inverse_margin,2.0,4.4219185616617285,0.642,0.752,0.73,0.022
3,mahalanobis_diag,mean_std_1.0,nearest_sphere,max_ratio,0.0,0.7394210115975492,0.632,0.752,0.728,0.024
3,mahalanobis_diag,mean_std_1.0,nearest_sphere,max_ratio,0.25,0.7394210115975492,0.632,0.752,0.728,0.024
3,mahalanobis_diag,mean_std_1.0,nearest_sphere,max_ratio,0.5,0.7394210115975492,0.632,0.752,0.728,0.024
3,mahalanobis_diag,mean_std_1.0,nearest_sphere,max_ratio,1.0,0.7825230881168829,0.652,0.752,0.732,0.02
3,mahalanobis_diag,mean_std_1.0,nearest_sphere,max_ratio,2.0,1.2888463178104517,0.632,0.752,0.728,0.024
3,mahalanobis_diag,mean_std_1.0,normalized_union,none,0.0,0.737940295658318,0.642,0.752,0.73,0.022
3,mahalanobis_diag,mean_std_1.0,normalized_union,none,0.25,0.737940295658318,0.642,0.752,0.73,0.022
3,mahalanobis_diag,mean_std_1.0,normalized_union,none,0.5,0.737940295658318,0.642,0.752,0.73,0.022
3,mahalanobis_diag,mean_std_1.0,normalized_union,none,1.0,0.737940295658318,0.642,0.752,0.73,0.022
3,mahalanobis_diag,mean_std_1.0,normalized_union,none,2.0,0.737940295658318,0.642,0.752,0.73,0.022
3,mahalanobis_diag,mean_std_1.0,normalized_union,ratio,0.0,0.737940295658318,0.642,0.752,0.73,0.022
3,mahalanobis_diag,mean_std_1.0,normalized_union,ratio,0.25,0.8723475686612391,0.642,0.752,0.73,0.022
3,mahalanobis_diag,mean_std_1.0,normalized_union,ratio,0.5,1.0146645262851886,0.652,0.752,0.732,0.02
3,mahalanobis_diag,mean_std_1.0,normalized_union,ratio,1.0,1.319513863292141,0.662,0.752,0.734,0.018
3,mahalanobis_diag,mean_std_1.0,normalized_union,ratio,2.0,2.021851243256968,0.642,0.752,0.73,0.022
3,mahalanobis_diag,mean_std_1.0,normalized_union,inverse_margin,0.0,0.737940295658318,0.642,0.752,0.73,0.022
3,mahalanobis_diag,mean_std_1.0,normalized_union,inverse_margin,0.25,1.21922269912511,0.642,0.752,0.73,0.022
3,mahalanobis_diag,mean_std_1.0,normalized_union,inverse_margin,0.5,1.7164686900050847,0.652,0.752,0.732,0.02
3,mahalanobis_diag,mean_std_1.0,normalized_union,inverse_margin,1.0,2.6196910478362776,0.642,0.752,0.73,0.022
3,mahalanobis_diag,mean_std_1.0,normalized_union,inverse_margin,2.0,4.4219185616617285,0.642,0.752,0.73,0.022
3,mahalanobis_diag,mean_std_1.0,normalized_union,max_ratio,0.0,0.737940295658318,0.642,0.752,0.73,0.022
3,mahalanobis_diag,mean_std_1.0,normalized_union,max_ratio,0.25,0.737940295658318,0.642,0.752,0.73,0.022
3,mahalanobis_diag,mean_std_1.0,normalized_union,max_ratio,0.5,0.737940295658318,0.642,0.752,0.73,0.022
3,mahalanobis_diag,mean_std_1.0,normalized_union,max_ratio,1.0,0.7817945211045415,0.652,0.752,0.732,0.02
3,mahalanobis_diag,mean_std_1.0,normalized_union,max_ratio,2.0,1.2888463178104517,0.632,0.752,0.728,0.024
3,mahalanobis_diag,mean_std_1.5,nearest_sphere,none,0.0,0.6590045211669477,0.632,0.752,0.728,0.024
3,mahalanobis_diag,mean_std_1.5,nearest_sphere,none,0.25,0.6590045211669477,0.632,0.752,0.728,0.024
3,mahalanobis_diag,mean_std_1.5,nearest_sphere,none,0.5,0.6590045211669477,0.632,0.752,0.728,0.024
3,mahalanobis_diag,mean_std_1.5,nearest_sphere,none,1.0,0.6590045211669477,0.632,0.752,0.728,0.024
3,mahalanobis_diag,mean_std_1.5,nearest_sphere,none,2.0,0.6590045211669477,0.632,0.752,0.728,0.024
3,mahalanobis_diag,mean_std_1.5,nearest_sphere,ratio,0.0,0.6590045211669477,0.632,0.752,0.728,0.024
3,mahalanobis_diag,mean_std_1.5,nearest_sphere,ratio,0.25,0.793427849715495,0.642,0.752,0.73,0.022
3,mahalanobis_diag,mean_std_1.5,nearest_sphere,ratio,0.5,0.9396169669892344,0.652,0.752,0.732,0.02
3,mahalanobis_diag,mean_std_1.5,nearest_sphere,ratio,1.0,1.2503768460430018,0.662,0.752,0.734,0.018
3,mahalanobis_diag,mean_std_1.5,nearest_sphere,ratio,2.0,1.9439156723264377,0.642,0.752,0.73,0.022
3,mahalanobis_diag,mean_std_1.5,nearest_sphere,inverse_margin,0.0,0.6590045211669477,0.632,0.752,0.728,0.024
3,mahalanobis_diag,mean_std_1.5,nearest_sphere,inverse_margin,0.25,1.1377351936804094,0.652,0.752,0.732,0.02
3,mahalanobis_diag,mean_std_1.5,nearest_sphere,inverse_margin,0.5,1.6431316539420537,0.642,0.752,0.73,0.022
3,mahalanobis_diag,mean_std_1.5,nearest_sphere,inverse_margin,1.0,2.551425190778216,0.642,0.752,0.73,0.022
3,mahalanobis_diag,mean_std_1.5,nearest_sphere,inverse_margin,2.0,4.353652704603666,0.642,0.752,0.73,0.022
3,mahalanobis_diag,mean_std_1.5,nearest_sphere,max_ratio,0.0,0.6590045211669477,0.632,0.752,0.728,0.024
3,mahalanobis_diag,mean_std_1.5,nearest_sphere,max_ratio,0.25,0.6590045211669477,0.632,0.752,0.728,0.024
3,mahalanobis_diag,mean_std_1.5,nearest_sphere,max_ratio,0.5,0.6590045211669477,0.632,0.752,0.728,0.024
3,mahalanobis_diag,mean_std_1.5,nearest_sphere,max_ratio,1.0,0.7483214106186598,0.652,0.752,0.732,0.02
3,mahalanobis_diag,mean_std_1.5,nearest_sphere,max_ratio,2.0,1.2888463178104517,0.632,0.752,0.728,0.024
3,mahalanobis_diag,mean_std_1.5,normalized_union,none,0.0,0.6539611120893489,0.632,0.752,0.728,0.024
3,mahalanobis_diag,mean_std_1.5,normalized_union,none,0.25,0.6539611120893489,0.632,0.752,0.728,0.024
3,mahalanobis_diag,mean_std_1.5,normalized_union,none,0.5,0.6539611120893489,0.632,0.752,0.728,0.024
3,mahalanobis_diag,mean_std_1.5,normalized_union,none,1.0,0.6539611120893489,0.632,0.752,0.728,0.024
3,mahalanobis_diag,mean_std_1.5,normalized_union,none,2.0,0.6539611120893489,0.632,0.752,0.728,0.024
3,mahalanobis_diag,mean_std_1.5,normalized_union,ratio,0.0,0.6539611120893489,0.632,0.752,0.728,0.024
3,mahalanobis_diag,mean_std_1.5,normalized_union,ratio,0.25,0.7901007902199223,0.652,0.752,0.732,0.02
3,mahalanobis_diag,mean_std_1.5,normalized_union,ratio,0.5,0.9340419046018524,0.652,0.752,0.732,0.02
3,mahalanobis_diag,mean_std_1.5,normalized_union,ratio,1.0,1.2469014006139032,0.672,0.752,0.736,0.016
3,mahalanobis_diag,mean_std_1.5,normalized_union,ratio,2.0,1.9394301039562813,0.642,0.752,0.73,0.022
3,mahalanobis_diag,mean_std_1.5,normalized_union,inverse_margin,0.0,0.6539611120893489,0.632,0.752,0.728,0.024
3,mahalanobis_diag,mean_std_1.5,normalized_union,inverse_margin,0.25,1.1359483913238415,0.652,0.752,0.732,0.02
3,mahalanobis_diag,mean_std_1.5,normalized_union,inverse_margin,0.5,1.6431316539420537,0.642,0.752,0.73,0.022
3,mahalanobis_diag,mean_std_1.5,normalized_union,inverse_margin,1.0,2.551425190778216,0.642,0.752,0.73,0.022
3,mahalanobis_diag,mean_std_1.5,normalized_union,inverse_margin,2.0,4.353652704603666,0.642,0.752,0.73,0.022
3,mahalanobis_diag,mean_std_1.5,normalized_union,max_ratio,0.0,0.6539611120893489,0.632,0.752,0.728,0.024
3,mahalanobis_diag,mean_std_1.5,normalized_union,max_ratio,0.25,0.6539611120893489,0.632,0.752,0.728,0.024
3,mahalanobis_diag,mean_std_1.5,normalized_union,max_ratio,0.5,0.6539611120893489,0.632,0.752,0.728,0.024
3,mahalanobis_diag,mean_std_1.5,normalized_union,max_ratio,1.0,0.7463276679264431,0.662,0.752,0.734,0.018
3,mahalanobis_diag,mean_std_1.5,normalized_union,max_ratio,2.0,1.2888463178104517,0.632,0.752,0.728,0.024
3,mahalanobis_diag,mean_std_2.0,nearest_sphere,none,0.0,0.5926594706500218,0.632,0.752,0.728,0.024
3,mahalanobis_diag,mean_std_2.0,nearest_sphere,none,0.25,0.5926594706500218,0.632,0.752,0.728,0.024
3,mahalanobis_diag,mean_std_2.0,nearest_sphere,none,0.5,0.5926594706500218,0.632,0.752,0.728,0.024
3,mahalanobis_diag,mean_std_2.0,nearest_sphere,none,1.0,0.5926594706500218,0.632,0.752,0.728,0.024
3,mahalanobis_diag,mean_std_2.0,nearest_sphere,none,2.0,0.5926594706500218,0.632,0.752,0.728,0.024
3,mahalanobis_diag,mean_std_2.0,nearest_sphere,ratio,0.0,0.5926594706500218,0.632,0.752,0.728,0.024
3,mahalanobis_diag,mean_std_2.0,nearest_sphere,ratio,0.25,0.7297361109514102,0.652,0.752,0.732,0.02
3,mahalanobis_diag,mean_std_2.0,nearest_sphere,ratio,0.5,0.8755284236939522,0.652,0.752,0.732,0.02
3,mahalanobis_diag,mean_std_2.0,nearest_sphere,ratio,1.0,1.190685671327042,0.672,0.752,0.736,0.016
3,mahalanobis_diag,mean_std_2.0,nearest_sphere,ratio,2.0,1.8786541719681262,0.642,0.752,0.73,0.022
3,mahalanobis_diag,mean_std_2.0,nearest_sphere,inverse_margin,0.0,0.5926594706500218,0.632,0.752,0.728,0.024
3,mahalanobis_diag,mean_std_2.0,nearest_sphere,inverse_margin,0.25,1.0810889400919488,0.652,0.752,0.732,0.02
3,mahalanobis_diag,mean_std_2.0,nearest_sphere,inverse_margin,0.5,1.5731793782937245,0.642,0.752,0.73,0.022
3,mahalanobis_diag,mean_std_2.0,nearest_sphere,inverse_margin,1.0,2.4936822480252734,0.642,0.752,0.73,0.022
3,mahalanobis_diag,mean_std_2.0,nearest_sphere,inverse_margin,2.0,4.295909761850724,0.642,0.752,0.73,0.022
3,mahalanobis_diag,mean_std_2.0,nearest_sphere,max_ratio,0.0,0.5926594706500218,0.632,0.752,0.728,0.024
3,mahalanobis_diag,mean_std_2.0,nearest_sphere,max_ratio,0.25,0.5926594706500218,0.632,0.752,0.728,0.024
3,mahalanobis_diag,mean_std_2.0,nearest_sphere,max_ratio,0.5,0.5926594706500218,0.632,0.752,0.728,0.024
3,mahalanobis_diag,mean_std_2.0,nearest_sphere,max_ratio,1.0,0.7094045413576284,0.662,0.752,0.734,0.018
3,mahalanobis_diag,mean_std_2.0,nearest_sphere,max_ratio,2.0,1.2888463178104517,0.632,0.752,0.728,0.024
3,mahalanobis_diag,mean_std_2.0,normalized_union,none,0.0,0.5867025182708571,0.632,0.752,0.728,0.024
3,mahalanobis_diag,mean_std_2.0,normalized_union,none,0.25,0.5867025182708571,0.632,0.752,0.728,0.024
3,mahalanobis_diag,mean_std_2.0,normalized_union,none,0.5,0.5867025182708571,0.632,0.752,0.728,0.024
3,mahalanobis_diag,mean_std_2.0,normalized_union,none,1.0,0.5867025182708571,0.632,0.752,0.728,0.024
3,mahalanobis_diag,mean_std_2.0,normalized_union,none,2.0,0.5867025182708571,0.632,0.752,0.728,0.024
3,mahalanobis_diag,mean_std_2.0,normalized_union,ratio,0.0,0.5867025182708571,0.632,0.752,0.728,0.024
3,mahalanobis_diag,mean_std_2.0,normalized_union,ratio,0.25,0.7189071362697423,0.652,0.752,0.732,0.02
3,mahalanobis_diag,mean_std_2.0,normalized_union,ratio,0.5,0.869118715568125,0.652,0.752,0.732,0.02
3,mahalanobis_diag,mean_std_2.0,normalized_union,ratio,1.0,1.189274943720831,0.672,0.752,0.736,0.016
3,mahalanobis_diag,mean_std_2.0,normalized_union,ratio,2.0,1.8720315240303753,0.642,0.752,0.73,0.022
3,mahalanobis_diag,mean_std_2.0,normalized_union,inverse_margin,0.0,0.5867025182708571,0.632,0.752,0.728,0.024
3,mahalanobis_diag,mean_std_2.0,normalized_union,inverse_margin,0.25,1.0810889400919488,0.652,0.752,0.732,0.02
3,mahalanobis_diag,mean_std_2.0,normalized_union,inverse_margin,0.5,1.5731793782937245,0.642,0.752,0.73,0.022
3,mahalanobis_diag,mean_std_2.0,normalized_union,inverse_margin,1.0,2.4936822480252734,0.642,0.752,0.73,0.022
3,mahalanobis_diag,mean_std_2.0,normalized_union,inverse_margin,2.0,4.295909761850724,0.642,0.752,0.73,0.022
3,mahalanobis_diag,mean_std_2.0,normalized_union,max_ratio,0.0,0.5867025182708571,0.632,0.752,0.728,0.024
3,mahalanobis_diag,mean_std_2.0,normalized_union,max_ratio,0.25,0.5867025182708571,0.632,0.752,0.728,0.024
3,mahalanobis_diag,mean_std_2.0,normalized_union,max_ratio,0.5,0.5867025182708571,0.632,0.752,0.728,0.024
3,mahalanobis_diag,mean_std_2.0,normalized_union,max_ratio,1.0,0.7094045413576284,0.662,0.752,0.734,0.018
3,mahalanobis_diag,mean_std_2.0,normalized_union,max_ratio,2.0,1.2888463178104517,0.632,0.752,0.728,0.024
3,mahalanobis_diag,mean_std_3.0,nearest_sphere,none,0.0,0.5031951358157877,0.632,0.752,0.728,0.024
3,mahalanobis_diag,mean_std_3.0,nearest_sphere,none,0.25,0.5031951358157877,0.632,0.752,0.728,0.024
3,mahalanobis_diag,mean_std_3.0,nearest_sphere,none,0.5,0.5031951358157877,0.632,0.752,0.728,0.024
3,mahalanobis_diag,mean_std_3.0,nearest_sphere,none,1.0,0.5031951358157877,0.632,0.752,0.728,0.024
3,mahalanobis_diag,mean_std_3.0,nearest_sphere,none,2.0,0.5031951358157877,0.632,0.752,0.728,0.024
3,mahalanobis_diag,mean_std_3.0,nearest_sphere,ratio,0.0,0.5031951358157877,0.632,0.752,0.728,0.024
3,mahalanobis_diag,mean_std_3.0,nearest_sphere,ratio,0.25,0.6380353048510682,0.642,0.752,0.73,0.022
3,mahalanobis_diag,mean_std_3.0,nearest_sphere,ratio,0.5,0.7857646717013429,0.652,0.752,0.732,0.02
3,mahalanobis_diag,mean_std_3.0,nearest_sphere,ratio,1.0,1.098773598912901,0.652,0.752,0.732,0.02
3,mahalanobis_diag,mean_std_3.0,nearest_sphere,ratio,2.0,1.79305299709575,0.652,0.752,0.732,0.02
3,mahalanobis_diag,mean_std_3.0,nearest_sphere,inverse_margin,0.0,0.5031951358157877,0.632,0.752,0.728,0.024
3,mahalanobis_diag,mean_std_3.0,nearest_sphere,inverse_margin,0.25,0.9981553948426096,0.652,0.752,0.732,0.02
3,mahalanobis_diag,mean_std_3.0,nearest_sphere,inverse_margin,0.5,1.4656230784122921,0.642,0.752,0.73,0.022
3,mahalanobis_diag,mean_std_3.0,nearest_sphere,inverse_margin,1.0,2.4013325541797617,0.642,0.752,0.73,0.022
3,mahalanobis_diag,mean_std_3.0,nearest_sphere,inverse_margin,2.0,4.176510400595533,0.632,0.752,0.728,0.024
3,mahalanobis_diag,mean_std_3.0,nearest_sphere,max_ratio,0.0,0.5031951358157877,0.632,0.752,0.728,0.024
3,mahalanobis_diag,mean_std_3.0,nearest_sphere,max_ratio,0.25,0.5031951358157877,0.632,0.752,0.728,0.024
3,mahalanobis_diag,mean_std_3.0,nearest_sphere,max_ratio,0.5,0.5031951358157877,0.632,0.752,0.728,0.024
3,mahalanobis_diag,mean_std_3.0,nearest_sphere,max_ratio,1.0,0.6603498904078147,0.632,0.752,0.728,0.024
3,mahalanobis_diag,mean_std_3.0,nearest_sphere,max_ratio,2.0,1.2888463178104517,0.632,0.752,0.728,0.024
3,mahalanobis_diag,mean_std_3.0,normalized_union,none,0.0,0.48449570899752387,0.632,0.752,0.728,0.024
3,mahalanobis_diag,mean_std_3.0,normalized_union,none,0.25,0.48449570899752387,0.632,0.752,0.728,0.024
3,mahalanobis_diag,mean_std_3.0,normalized_union,none,0.5,0.48449570899752387,0.632,0.752,0.728,0.024
3,mahalanobis_diag,mean_std_3.0,normalized_union,none,1.0,0.48449570899752387,0.632,0.752,0.728,0.024
3,mahalanobis_diag,mean_std_3.0,normalized_union,none,2.0,0.48449570899752387,0.632,0.752,0.728,0.024
3,mahalanobis_diag,mean_std_3.0,normalized_union,ratio,0.0,0.48449570899752387,0.632,0.752,0.728,0.024
3,mahalanobis_diag,mean_std_3.0,normalized_union,ratio,0.25,0.6231571986632931,0.652,0.752,0.732,0.02
3,mahalanobis_diag,mean_std_3.0,normalized_union,ratio,0.5,0.7684427306134642,0.652,0.752,0.732,0.02
3,mahalanobis_diag,mean_std_3.0,normalized_union,ratio,1.0,1.0987057862125493,0.652,0.752,0.732,0.02
3,mahalanobis_diag,mean_std_3.0,normalized_union,ratio,2.0,1.7853086948713384,0.662,0.752,0.734,0.018
3,mahalanobis_diag,mean_std_3.0,normalized_union,inverse_margin,0.0,0.48449570899752387,0.632,0.752,0.728,0.024
3,mahalanobis_diag,mean_std_3.0,normalized_union,inverse_margin,0.25,0.9981553948426096,0.652,0.752,0.732,0.02
3,mahalanobis_diag,mean_std_3.0,normalized_union,inverse_margin,0.5,1.4656230784122921,0.642,0.752,0.73,0.022
3,mahalanobis_diag,mean_std_3.0,normalized_union,inverse_margin,1.0,2.4013325541797617,0.642,0.752,0.73,0.022
3,mahalanobis_diag,mean_std_3.0,normalized_union,inverse_margin,2.0,4.158070155496673,0.632,0.752,0.728,0.024
3,mahalanobis_diag,mean_std_3.0,normalized_union,max_ratio,0.0,0.48449570899752387,0.632,0.752,0.728,0.024
3,mahalanobis_diag,mean_std_3.0,normalized_union,max_ratio,0.25,0.48449570899752387,0.632,0.752,0.728,0.024
3,mahalanobis_diag,mean_std_3.0,normalized_union,max_ratio,0.5,0.48631991217255477,0.632,0.752,0.728,0.024
3,mahalanobis_diag,mean_std_3.0,normalized_union,max_ratio,1.0,0.6603498904078147,0.632,0.752,0.728,0.024
3,mahalanobis_diag,mean_std_3.0,normalized_union,max_ratio,2.0,1.2888463178104517,0.632,0.752,0.728,0.024
3,mahalanobis_diag,center_quantile_0.5,nearest_sphere,none,0.0,1.1433616650483038,0.622,0.752,0.726,0.026
3,mahalanobis_diag,center_quantile_0.5,nearest_sphere,none,0.25,1.1433616650483038,0.622,0.752,0.726,0.026
3,mahalanobis_diag,center_quantile_0.5,nearest_sphere,none,0.5,1.1433616650483038,0.622,0.752,0.726,0.026
3,mahalanobis_diag,center_quantile_0.5,nearest_sphere,none,1.0,1.1433616650483038,0.622,0.752,0.726,0.026
3,mahalanobis_diag,center_quantile_0.5,nearest_sphere,none,2.0,1.1433616650483038,0.622,0.752,0.726,0.026
3,mahalanobis_diag,center_quantile_0.5,nearest_sphere,ratio,0.0,1.1433616650483038,0.622,0.752,0.726,0.026
3,mahalanobis_diag,center_quantile_0.5,nearest_sphere,ratio,0.25,1.2718309251220798,0.632,0.752,0.728,0.024
3,mahalanobis_diag,center_quantile_0.5,nearest_sphere,ratio,0.5,1.3962954973377912,0.632,0.752,0.728,0.024
3,mahalanobis_diag,center_quantile_0.5,nearest_sphere,ratio,1.0,1.7171581576725925,0.652,0.752,0.732,0.02
3,mahalanobis_diag,center_quantile_0.5,nearest_sphere,ratio,2.0,2.4037636088930725,0.652,0.752,0.732,0.02
3,mahalanobis_diag,center_quantile_0.5,nearest_sphere,inverse_margin,0.0,1.1433616650483038,0.622,0.752,0.726,0.026
3,mahalanobis_diag,center_quantile_0.5,nearest_sphere,inverse_margin,0.25,1.649709754889944,0.642,0.752,0.73,0.022
3,mahalanobis_diag,center_quantile_0.5,nearest_sphere,inverse_margin,0.5,2.1517601581400934,0.652,0.752,0.732,0.02
3,mahalanobis_diag,center_quantile_0.5,nearest_sphere,inverse_margin,1.0,3.0468332040370902,0.652,0.752,0.732,0.02
3,mahalanobis_diag,center_quantile_0.5,nearest_sphere,inverse_margin,2.0,4.824640210327914,0.642,0.752,0.73,0.022
3,mahalanobis_diag,center_quantile_0.5,nearest_sphere,max_ratio,0.0,1.1433616650483038,0.622,0.752,0.726,0.026
3,mahalanobis_diag,center_quantile_0.5,nearest_sphere,max_ratio,0.25,1.1433616650483038,0.622,0.752,0.726,0.026
3,mahalanobis_diag,center_quantile_0.5,nearest_sphere,max_ratio,0.5,1.1433616650483038,0.622,0.752,0.726,0.026
3,mahalanobis_diag,center_quantile_0.5,nearest_sphere,max_ratio,1.0,1.1433616650483038,0.622,0.752,0.726,0.026
3,mahalanobis_diag,center_quantile_0.5,nearest_sphere,max_ratio,2.0,1.3911438882325429,0.622,0.752,0.726,0.026
3,mahalanobis_diag,center_quantile_0.5,normalized_union,none,0.0,1.0928100669356053,0.572,0.752,0.716,0.036
3,mahalanobis_diag,center_quantile_0.5,normalized_union,none,0.25,1.0928100669356053,0.572,0.752,0.716,0.036
3,mahalanobis_diag,center_quantile_0.5,normalized_union,none,0.5,1.0928100669356053,0.572,0.752,0.716,0.036
3,mahalanobis_diag,center_quantile_0.5,normalized_union,none,1.0,1.0928100669356053,0.572,0.752,0.716,0.036
3,mahalanobis_diag,center_quantile_0.5,normalized_union,none,2.0,1.0928100669356053,0.572,0.752,0.716,0.036
3,mahalanobis_diag,center_quantile_0.5,normalized_union,ratio,0.0,1.0928100669356053,0.572,0.752,0.716,0.036
3,mahalanobis_diag,center_quantile_0.5,normalized_union,ratio,0.25,1.2121061638846518,0.572,0.752,0.716,0.036
3,mahalanobis_diag,center_quantile_0.5,normalized_union,ratio,0.5,1.364980273181111,0.602,0.752,0.722,0.03
3,mahalanobis_diag,center_quantile_0.5,normalized_union,ratio,1.0,1.6677002383127926,0.642,0.752,0.73,0.022
3,mahalanobis_diag,center_quantile_0.5,normalized_union,ratio,2.0,2.3604371099057975,0.652,0.752,0.732,0.02
3,mahalanobis_diag,center_quantile_0.5,normalized_union,inverse_margin,0.0,1.0928100669356053,0.572,0.752,0.716,0.036
3,mahalanobis_diag,center_quantile_0.5,normalized_union,inverse_margin,0.25,1.5801790732413243,0.652,0.752,0.732,0.02
3,mahalanobis_diag,center_quantile_0.5,normalized_union,inverse_margin,0.5,2.131526021341875,0.652,0.752,0.732,0.02
3,mahalanobis_diag,center_quantile_0.5,normalized_union,inverse_margin,1.0,3.0468332040370902,0.652,0.752,0.732,0.02
3,mahalanobis_diag,center_quantile_0.5,normalized_union,inverse_margin,2.0,4.734292838319835,0.642,0.752,0.73,0.022
3,mahalanobis_diag,center_quantile_0.5,normalized_union,max_ratio,0.0,1.0928100669356053,0.572,0.752,0.716,0.036
3,mahalanobis_diag,center_quantile_0.5,normalized_union,max_ratio,0.25,1.0928100669356053,0.572,0.752,0.716,0.036
3,mahalanobis_diag,center_quantile_0.5,normalized_union,max_ratio,0.5,1.0928100669356053,0.572,0.752,0.716,0.036
3,mahalanobis_diag,center_quantile_0.5,normalized_union,max_ratio,1.0,1.0928100669356053,0.572,0.752,0.716,0.036
3,mahalanobis_diag,center_quantile_0.5,normalized_union,max_ratio,2.0,1.3870776525668715,0.632,0.752,0.728,0.024
3,mahalanobis_diag,intent_quantile_0.5,nearest_sphere,none,0.0,1.1680826535991595,0.642,0.752,0.73,0.022
3,mahalanobis_diag,intent_quantile_0.5,nearest_sphere,none,0.25,1.1680826535991595,0.642,0.752,0.73,0.022
3,mahalanobis_diag,intent_quantile_0.5,nearest_sphere,none,0.5,1.1680826535991595,0.642,0.752,0.73,0.022
3,mahalanobis_diag,intent_quantile_0.5,nearest_sphere,none,1.0,1.1680826535991595,0.642,0.752,0.73,0.022
3,mahalanobis_diag,intent_quantile_0.5,nearest_sphere,none,2.0,1.1680826535991595,0.642,0.752,0.73,0.022
3,mahalanobis_diag,intent_quantile_0.5,nearest_sphere,ratio,0.0,1.1680826535991595,0.642,0.752,0.73,0.022
3,mahalanobis_diag,intent_quantile_0.5,nearest_sphere,ratio,0.25,1.2993961088401238,0.642,0.752,0.73,0.022
3,mahalanobis_diag,intent_quantile_0.5,nearest_sphere,ratio,0.5,1.4450702437074159,0.652,0.752,0.732,0.02
3,mahalanobis_diag,intent_quantile_0.5,nearest_sphere,ratio,1.0,1.753356510550693,0.652,0.752,0.732,0.02
3,mahalanobis_diag,intent_quantile_0.5,nearest_sphere,ratio,2.0,2.4277445179266435,0.662,0.752,0.734,0.018
3,mahalanobis_diag,intent_quantile_0.5,nearest_sphere,inverse_margin,0.0,1.1680826535991595,0.642,0.752,0.73,0.022
3,mahalanobis_diag,intent_quantile_0.5,nearest_sphere,inverse_margin,0.25,1.6607654672058179,0.642,0.752,0.73,0.022
3,mahalanobis_diag,intent_quantile_0.5,nearest_sphere,inverse_margin,0.5,2.210931948835852,0.652,0.752,0.732,0.02
3,mahalanobis_diag,intent_quantile_0.5,nearest_sphere,inverse_margin,1.0,3.1107944365376463,0.652,0.752,0.732,0.02
3,mahalanobis_diag,intent_quantile_0.5,nearest_sphere,inverse_margin,2.0,4.895239240599116,0.642,0.752,0.73,0.022
3,mahalanobis_diag,intent_quantile_0.5,nearest_sphere,max_ratio,0.0,1.1680826535991595,0.642,0.752,0.73,0.022
3,mahalanobis_diag,intent_quantile_0.5,nearest_sphere,max_ratio,0.25,1.1680826535991595,0.642,0.752,0.73,0.022
3,mahalanobis_diag,intent_quantile_0.5,nearest_sphere,max_ratio,0.5,1.1680826535991595,0.642,0.752,0.73,0.022
3,mahalanobis_diag,intent_quantile_0.5,nearest_sphere,max_ratio,1.0,1.1680826535991595,0.642,0.752,0.73,0.022
3,mahalanobis_diag,intent_quantile_0.5,nearest_sphere,max_ratio,2.0,1.4055865660732791,0.642,0.752,0.73,0.022
3,mahalanobis_diag,intent_quantile_0.5,normalized_union,none,0.0,1.1680826535991595,0.612,0.752,0.724,0.028
3,mahalanobis_diag,intent_quantile_0.5,normalized_union,none,0.25,1.1680826535991595,0.612,0.752,0.724,0.028
3,mahalanobis_diag,intent_quantile_0.5,normalized_union,none,0.5,1.1680826535991595,0.612,0.752,0.724,0.028
3,mahalanobis_diag,intent_quantile_0.5,normalized_union,none,1.0,1.1680826535991595,0.612,0.752,0.724,0.028
3,mahalanobis_diag,intent_quantile_0.5,normalized_union,none,2.0,1.1680826535991595,0.612,0.752,0.724,0.028
3,mahalanobis_diag,intent_quantile_0.5,normalized_union,ratio,0.0,1.1680826535991595,0.612,0.752,0.724,0.028
3,mahalanobis_diag,intent_quantile_0.5,normalized_union,ratio,0.25,1.2989294851014774,0.612,0.752,0.724,0.028
3,mahalanobis_diag,intent_quantile_0.5,normalized_union,ratio,0.5,1.4450702437074159,0.632,0.752,0.728,0.024
3,mahalanobis_diag,intent_quantile_0.5,normalized_union,ratio,1.0,1.753356510550693,0.652,0.752,0.732,0.02
3,mahalanobis_diag,intent_quantile_0.5,normalized_union,ratio,2.0,2.4277445179266435,0.662,0.752,0.734,0.018
3,mahalanobis_diag,intent_quantile_0.5,normalized_union,inverse_margin,0.0,1.1680826535991595,0.612,0.752,0.724,0.028
3,mahalanobis_diag,intent_quantile_0.5,normalized_union,inverse_margin,0.25,1.6607654672058179,0.642,0.752,0.73,0.022
3,mahalanobis_diag,intent_quantile_0.5,normalized_union,inverse_margin,0.5,2.210931948835852,0.652,0.752,0.732,0.02
3,mahalanobis_diag,intent_quantile_0.5,normalized_union,inverse_margin,1.0,3.1107944365376463,0.652,0.752,0.732,0.02
3,mahalanobis_diag,intent_quantile_0.5,normalized_union,inverse_margin,2.0,4.895239240599116,0.642,0.752,0.73,0.022
3,mahalanobis_diag,intent_quantile_0.5,normalized_union,max_ratio,0.0,1.1680826535991595,0.612,0.752,0.724,0.028
3,mahalanobis_diag,intent_quantile_0.5,normalized_union,max_ratio,0.25,1.1680826535991595,0.612,0.752,0.724,0.028
3,mahalanobis_diag,intent_quantile_0.5,normalized_union,max_ratio,0.5,1.1680826535991595,0.612,0.752,0.724,0.028
3,mahalanobis_diag,intent_quantile_0.5,normalized_union,max_ratio,1.0,1.1680826535991595,0.612,0.752,0.724,0.028
3,mahalanobis_diag,intent_quantile_0.5,normalized_union,max_ratio,2.0,1.4055865660732791,0.642,0.752,0.73,0.022
3,mahalanobis_diag,center_quantile_0.7,nearest_sphere,none,0.0,1.0333671381020817,0.612,0.752,0.724,0.028
3,mahalanobis_diag,center_quantile_0.7,nearest_sphere,none,0.25,1.0333671381020817,0.612,0.752,0.724,0.028
3,mahalanobis_diag,center_quantile_0.7,nearest_sphere,none,0.5,1.0333671381020817,0.612,0.752,0.724,0.028
3,mahalanobis_diag,center_quantile_0.7,nearest_sphere,none,1.0,1.0333671381020817,0.612,0.752,0.724,0.028
3,mahalanobis_diag,center_quantile_0.7,nearest_sphere,none,2.0,1.0333671381020817,0.612,0.752,0.724,0.028
3,mahalanobis_diag,center_quantile_0.7,nearest_sphere,ratio,0.0,1.0333671381020817,0.612,0.752,0.724,0.028
3,mahalanobis_diag,center_quantile_0.7,nearest_sphere,ratio,0.25,1.1680716671808131,0.612,0.752,0.724,0.028
3,mahalanobis_diag,center_quantile_0.7,nearest_sphere,ratio,0.5,1.2940490711339687,0.622,0.752,0.726,0.026
3,mahalanobis_diag,center_quantile_0.7,nearest_sphere,ratio,1.0,1.6124317302559588,0.642,0.752,0.73,0.022
3,mahalanobis_diag,center_quantile_0.7,nearest_sphere,ratio,2.0,2.2786842669604064,0.642,0.752,0.73,0.022
3,mahalanobis_diag,center_quantile_0.7,nearest_sphere,inverse_margin,0.0,1.0333671381020817,0.612,0.752,0.724,0.028
3,mahalanobis_diag,center_quantile_0.7,nearest_sphere,inverse_margin,0.25,1.5549973279833305,0.632,0.752,0.728,0.024
3,mahalanobis_diag,center_quantile_0.7,nearest_sphere,inverse_margin,0.5,2.0310528309630653,0.642,0.752,0.73,0.022
3,mahalanobis_diag,center_quantile_0.7,nearest_sphere,inverse_margin,1.0,2.939418343147087,0.642,0.752,0.73,0.022
3,mahalanobis_diag,center_quantile_0.7,nearest_sphere,inverse_margin,2.0,4.722913592183389,0.642,0.752,0.73,0.022
3,mahalanobis_diag,center_quantile_0.7,nearest_sphere,max_ratio,0.0,1.0333671381020817,0.612,0.752,0.724,0.028
3,mahalanobis_diag,center_quantile_0.7,nearest_sphere,max_ratio,0.25,1.0333671381020817,0.612,0.752,0.724,0.028
3,mahalanobis_diag,center_quantile_0.7,nearest_sphere,max_ratio,0.5,1.0333671381020817,0.612,0.752,0.724,0.028
3,mahalanobis_diag,center_quantile_0.7,nearest_sphere,max_ratio,1.0,1.0333671381020817,0.612,0.752,0.724,0.028
3,mahalanobis_diag,center_quantile_0.7,nearest_sphere,max_ratio,2.0,1.3315389354555198,0.632,0.752,0.728,0.024
3,mahalanobis_diag,center_quantile_0.7,normalized_union,none,0.0,0.964776682712054,0.562,0.752,0.714,0.038
3,mahalanobis_diag,center_quantile_0.7,normalized_union,none,0.25,0.964776682712054,0.562,0.752,0.714,0.038
3,mahalanobis_diag,center_quantile_0.7,normalized_union,none,0.5,0.964776682712054,0.562,0.752,0.714,0.038
3,mahalanobis_diag,center_quantile_0.7,normalized_union,none,1.0,0.964776682712054,0.562,0.752,0.714,0.038
3,mahalanobis_diag,center_quantile_0.7,normalized_union,none,2.0,0.964776682712054,0.562,0.752,0.714,0.038
3,mahalanobis_diag,center_quantile_0.7,normalized_union,ratio,0.0,0.964776682712054,0.562,0.752,0.714,0.038
3,mahalanobis_diag,center_quantile_0.7,normalized_union,ratio,0.25,1.0892215175840667,0.572,0.752,0.716,0.036
3,mahalanobis_diag,center_quantile_0.7,normalized_union,ratio,0.5,1.2320488467283799,0.612,0.752,0.724,0.028
3,mahalanobis_diag,center_quantile_0.7,normalized_union,ratio,1.0,1.5428135851615585,0.642,0.752,0.73,0.022
3,mahalanobis_diag,center_quantile_0.7,normalized_union,ratio,2.0,2.245190924068532,0.642,0.752,0.73,0.022
3,mahalanobis_diag,center_quantile_0.7,normalized_union,inverse_margin,0.0,0.964776682712054,0.562,0.752,0.714,0.038
3,mahalanobis_diag,center_quantile_0.7,normalized_union,inverse_margin,0.25,1.4750610286134846,0.642,0.752,0.73,0.022
3,mahalanobis_diag,center_quantile_0.7,normalized_union,inverse_margin,0.5,1.9722919754930472,0.652,0.752,0.732,0.02
3,mahalanobis_diag,center_quantile_0.7,normalized_union,inverse_margin,1.0,2.9206860783579383,0.642,0.752,0.73,0.022
3,mahalanobis_diag,center_quantile_0.7,normalized_union,inverse_margin,2.0,4.596618535218061,0.642,0.752,0.73,0.022
3,mahalanobis_diag,center_quantile_0.7,normalized_union,max_ratio,0.0,0.964776682712054,0.562,0.752,0.714,0.038
3,mahalanobis_diag,center_quantile_0.7,normalized_union,max_ratio,0.25,0.964776682712054,0.562,0.752,0.714,0.038
3,mahalanobis_diag,center_quantile_0.7,normalized_union,max_ratio,0.5,0.964776682712054,0.562,0.752,0.714,0.038
3,mahalanobis_diag,center_quantile_0.7,normalized_union,max_ratio,1.0,0.9659031330266533,0.572,0.752,0.716,0.036
3,mahalanobis_diag,center_quantile_0.7,normalized_union,max_ratio,2.0,1.3305609917963943,0.632,0.752,0.728,0.024
3,mahalanobis_diag,intent_quantile_0.7,nearest_sphere,none,0.0,1.0265639963018913,0.632,0.752,0.728,0.024
3,mahalanobis_diag,intent_quantile_0.7,nearest_sphere,none,0.25,1.0265639963018913,0.632,0.752,0.728,0.024
3,mahalanobis_diag,intent_quantile_0.7,nearest_sphere,none,0.5,1.0265639963018913,0.632,0.752,0.728,0.024
3,mahalanobis_diag,intent_quantile_0.7,nearest_sphere,none,1.0,1.0265639963018913,0.632,0.752,0.728,0.024
3,mahalanobis_diag,intent_quantile_0.7,nearest_sphere,none,2.0,1.0265639963018913,0.632,0.752,0.728,0.024
3,mahalanobis_diag,intent_quantile_0.7,nearest_sphere,ratio,0.0,1.0265639963018913,0.632,0.752,0.728,0.024
3,mahalanobis_diag,intent_quantile_0.7,nearest_sphere,ratio,0.25,1.161562698135917,0.632,0.752,0.728,0.024
3,mahalanobis_diag,intent_quantile_0.7,nearest_sphere,ratio,0.5,1.3080745273979253,0.652,0.752,0.732,0.02
3,mahalanobis_diag,intent_quantile_0.7,nearest_sphere,ratio,1.0,1.6079156375667871,0.652,0.752,0.732,0.02
3,mahalanobis_diag,intent_quantile_0.7,nearest_sphere,ratio,2.0,2.274914645456043,0.652,0.752,0.732,0.02
3,mahalanobis_diag,intent_quantile_0.7,nearest_sphere,inverse_margin,0.0,1.0265639963018913,0.632,0.752,0.728,0.024
3,mahalanobis_diag,intent_quantile_0.7,nearest_sphere,inverse_margin,0.25,1.48313768075946,0.642,0.752,0.73,0.022
3,mahalanobis_diag,intent_quantile_0.7,nearest_sphere,inverse_margin,0.5,2.057717710535991,0.652,0.752,0.732,0.02
3,mahalanobis_diag,intent_quantile_0.7,nearest_sphere,inverse_margin,1.0,2.9403568846861314,0.642,0.752,0.73,0.022
3,mahalanobis_diag,intent_quantile_0.7,nearest_sphere,inverse_margin,2.0,4.717165682708731,0.642,0.752,0.73,0.022
3,mahalanobis_diag,intent_quantile_0.7,nearest_sphere,max_ratio,0.0,1.0265639963018913,0.632,0.752,0.728,0.024
3,mahalanobis_diag,intent_quantile_0.7,nearest_sphere,max_ratio,0.25,1.0265639963018913,0.632,0.752,0.728,0.024
3,mahalanobis_diag,intent_quantile_0.7,nearest_sphere,max_ratio,0.5,1.0265639963018913,0.632,0.752,0.728,0.024
3,mahalanobis_diag,intent_quantile_0.7,nearest_sphere,max_ratio,1.0,1.0265639963018913,0.632,0.752,0.728,0.024
3,mahalanobis_diag,intent_quantile_0.7,nearest_sphere,max_ratio,2.0,1.370338326604109,0.642,0.752,0.73,0.022
3,mahalanobis_diag,intent_quantile_0.7,normalized_union,none,0.0,1.0265639963018913,0.602,0.752,0.722,0.03
3,mahalanobis_diag,intent_quantile_0.7,normalized_union,none,0.25,1.0265639963018913,0.602,0.752,0.722,0.03
3,mahalanobis_diag,intent_quantile_0.7,normalized_union,none,0.5,1.0265639963018913,0.602,0.752,0.722,0.03
3,mahalanobis_diag,intent_quantile_0.7,normalized_union,none,1.0,1.0265639963018913,0.602,0.752,0.722,0.03
3,mahalanobis_diag,intent_quantile_0.7,normalized_union,none,2.0,1.0265639963018913,0.602,0.752,0.722,0.03
3,mahalanobis_diag,intent_quantile_0.7,normalized_union,ratio,0.0,1.0265639963018913,0.602,0.752,0.722,0.03
3,mahalanobis_diag,intent_quantile_0.7,normalized_union,ratio,0.25,1.1606740780647529,0.602,0.752,0.722,0.03
3,mahalanobis_diag,intent_quantile_0.7,normalized_union,ratio,0.5,1.3080745273979253,0.632,0.752,0.728,0.024
3,mahalanobis_diag,intent_quantile_0.7,normalized_union,ratio,1.0,1.6079156375667871,0.652,0.752,0.732,0.02
3,mahalanobis_diag,intent_quantile_0.7,normalized_union,ratio,2.0,2.274914645456043,0.652,0.752,0.732,0.02
3,mahalanobis_diag,intent_quantile_0.7,normalized_union,inverse_margin,0.0,1.0265639963018913,0.602,0.752,0.722,0.03
3,mahalanobis_diag,intent_quantile_0.7,normalized_union,inverse_margin,0.25,1.48313768075946,0.642,0.752,0.73,0.022
3,mahalanobis_diag,intent_quantile_0.7,normalized_union,inverse_margin,0.5,2.057717710535991,0.652,0.752,0.732,0.02
3,mahalanobis_diag,intent_quantile_0.7,normalized_union,inverse_margin,1.0,2.9403568846861314,0.642,0.752,0.73,0.022
3,mahalanobis_diag,intent_quantile_0.7,normalized_union,inverse_margin,2.0,4.717165682708731,0.642,0.752,0.73,0.022
3,mahalanobis_diag,intent_quantile_0.7,normalized_union,max_ratio,0.0,1.0265639963018913,0.602,0.752,0.722,0.03
3,mahalanobis_diag,intent_quantile_0.7,normalized_union,max_ratio,0.25,1.0265639963018913,0.602,0.752,0.722,0.03
3,mahalanobis_diag,intent_quantile_0.7,normalized_union,max_ratio,0.5,1.0265639963018913,0.602,0.752,0.722,0.03
3,mahalanobis_diag,intent_quantile_0.7,normalized_union,max_ratio,1.0,1.0265639963018913,0.602,0.752,0.722,0.03
3,mahalanobis_diag,intent_quantile_0.7,normalized_union,max_ratio,2.0,1.370338326604109,0.642,0.752,0.73,0.022
3,mahalanobis_diag,center_quantile_0.8,nearest_sphere,none,0.0,0.954038518294509,0.572,0.752,0.716,0.036
3,mahalanobis_diag,center_quantile_0.8,nearest_sphere,none,0.25,0.954038518294509,0.572,0.752,0.716,0.036
3,mahalanobis_diag,center_quantile_0.8,nearest_sphere,none,0.5,0.954038518294509,0.572,0.752,0.716,0.036
3,mahalanobis_diag,center_quantile_0.8,nearest_sphere,none,1.0,0.954038518294509,0.572,0.752,0.716,0.036
3,mahalanobis_diag,center_quantile_0.8,nearest_sphere,none,2.0,0.954038518294509,0.572,0.752,0.716,0.036
3,mahalanobis_diag,center_quantile_0.8,nearest_sphere,ratio,0.0,0.954038518294509,0.572,0.752,0.716,0.036
3,mahalanobis_diag,center_quantile_0.8,nearest_sphere,ratio,0.25,1.0962853719327832,0.582,0.752,0.718,0.034
3,mahalanobis_diag,center_quantile_0.8,nearest_sphere,ratio,0.5,1.2239179620147527,0.612,0.752,0.724,0.028
3,mahalanobis_diag,center_quantile_0.8,nearest_sphere,ratio,1.0,1.5213479188769305,0.632,0.752,0.728,0.024
3,mahalanobis_diag,center_quantile_0.8,nearest_sphere,ratio,2.0,2.205254315813733,0.632,0.752,0.728,0.024
3,mahalanobis_diag,center_quantile_0.8,nearest_sphere,inverse_margin,0.0,0.954038518294509,0.572,0.752,0.716,0.036
3,mahalanobis_diag,center_quantile_0.8,nearest_sphere,inverse_margin,0.25,1.4710090475346624,0.632,0.752,0.728,0.024
3,mahalanobis_diag,center_quantile_0.8,nearest_sphere,inverse_margin,0.5,1.951618462437938,0.642,0.752,0.73,0.022
3,mahalanobis_diag,center_quantile_0.8,nearest_sphere,inverse_margin,1.0,2.870654266534874,0.642,0.752,0.73,0.022
3,mahalanobis_diag,center_quantile_0.8,nearest_sphere,inverse_margin,2.0,4.6498220604814655,0.642,0.752,0.73,0.022
3,mahalanobis_diag,center_quantile_0.8,nearest_sphere,max_ratio,0.0,0.954038518294509,0.572,0.752,0.716,0.036
3,mahalanobis_diag,center_quantile_0.8,nearest_sphere,max_ratio,0.25,0.954038518294509,0.572,0.752,0.716,0.036
3,mahalanobis_diag,center_quantile_0.8,nearest_sphere,max_ratio,0.5,0.954038518294509,0.572,0.752,0.716,0.036
3,mahalanobis_diag,center_quantile_0.8,nearest_sphere,max_ratio,1.0,0.9577592988189955,0.582,0.752,0.718,0.034
3,mahalanobis_diag,center_quantile_0.8,nearest_sphere,max_ratio,2.0,1.2932923925035669,0.622,0.752,0.726,0.026
3,mahalanobis_diag,center_quantile_0.8,normalized_union,none,0.0,0.8900005473114425,0.522,0.752,0.706,0.046
3,mahalanobis_diag,center_quantile_0.8,normalized_union,none,0.25,0.8900005473114425,0.522,0.752,0.706,0.046
3,mahalanobis_diag,center_quantile_0.8,normalized_union,none,0.5,0.8900005473114425,0.522,0.752,0.706,0.046
3,mahalanobis_diag,center_quantile_0.8,normalized_union,none,1.0,0.8900005473114425,0.522,0.752,0.706,0.046
3,mahalanobis_diag,center_quantile_0.8,normalized_union,none,2.0,0.8900005473114425,0.522,0.752,0.706,0.046
3,mahalanobis_diag,center_quantile_0.8,normalized_union,ratio,0.0,0.8900005473114425,0.522,0.752,0.706,0.046
3,mahalanobis_diag,center_quantile_0.8,normalized_union,ratio,0.25,1.0159451591440154,0.572,0.752,0.716,0.036
3,mahalanobis_diag,center_quantile_0.8,normalized_union,ratio,0.5,1.1559946821444593,0.602,0.752,0.722,0.03
3,mahalanobis_diag,center_quantile_0.8,normalized_union,ratio,1.0,1.4624152453725112,0.622,0.752,0.726,0.026
3,mahalanobis_diag,center_quantile_0.8,normalized_union,ratio,2.0,2.1483941378467497,0.642,0.752,0.73,0.022
3,mahalanobis_diag,center_quantile_0.8,normalized_union,inverse_margin,0.0,0.8900005473114425,0.522,0.752,0.706,0.046
3,mahalanobis_diag,center_quantile_0.8,normalized_union,inverse_margin,0.25,1.37125218053342,0.642,0.752,0.73,0.022
3,mahalanobis_diag,center_quantile_0.8,normalized_union,inverse_margin,0.5,1.8845525652714714,0.642,0.752,0.73,0.022
3,mahalanobis_diag,center_quantile_0.8,normalized_union,inverse_margin,1.0,2.841870732184838,0.642,0.752,0.73,0.022
3,mahalanobis_diag,center_quantile_0.8,normalized_union,inverse_margin,2.0,4.550040609287585,0.642,0.752,0.73,0.022
3,mahalanobis_diag,center_quantile_0.8,normalized_union,max_ratio,0.0,0.8900005473114425,0.522,0.752,0.706,0.046
3,mahalanobis_diag,center_quantile_0.8,normalized_union,max_ratio,0.25,0.8900005473114425,0.522,0.752,0.706,0.046
3,mahalanobis_diag,center_quantile_0.8,normalized_union,max_ratio,0.5,0.8900005473114425,0.522,0.752,0.706,0.046
3,mahalanobis_diag,center_quantile_0.8,normalized_union,max_ratio,1.0,0.8971847651532424,0.572,0.752,0.716,0.036
3,mahalanobis_diag,center_quantile_0.8,normalized_union,max_ratio,2.0,1.2932923925035669,0.622,0.752,0.726,0.026
3,mahalanobis_diag,intent_quantile_0.8,nearest_sphere,none,0.0,0.9442593951780449,0.622,0.752,0.726,0.026
3,mahalanobis_diag,intent_quantile_0.8,nearest_sphere,none,0.25,0.9442593951780449,0.622,0.752,0.726,0.026
3,mahalanobis_diag,intent_quantile_0.8,nearest_sphere,none,0.5,0.9442593951780449,0.622,0.752,0.726,0.026
3,mahalanobis_diag,intent_quantile_0.8,nearest_sphere,none,1.0,0.9442593951780449,0.622,0.752,0.726,0.026
3,mahalanobis_diag,intent_quantile_0.8,nearest_sphere,none,2.0,0.9442593951780449,0.622,0.752,0.726,0.026
3,mahalanobis_diag,intent_quantile_0.8,nearest_sphere,ratio,0.0,0.9442593951780449,0.622,0.752,0.726,0.026
3,mahalanobis_diag,intent_quantile_0.8,nearest_sphere,ratio,0.25,1.0724253144496974,0.632,0.752,0.728,0.024
3,mahalanobis_diag,intent_quantile_0.8,nearest_sphere,ratio,0.5,1.225543436661483,0.632,0.752,0.728,0.024
3,mahalanobis_diag,intent_quantile_0.8,nearest_sphere,ratio,1.0,1.5296481303452465,0.642,0.752,0.73,0.022
3,mahalanobis_diag,intent_quantile_0.8,nearest_sphere,ratio,2.0,2.1904067449572304,0.642,0.752,0.73,0.022
3,mahalanobis_diag,intent_quantile_0.8,nearest_sphere,inverse_margin,0.0,0.9442593951780449,0.622,0.752,0.726,0.026
3,mahalanobis_diag,intent_quantile_0.8,nearest_sphere,inverse_margin,0.25,1.3924125239349967,0.642,0.752,0.73,0.022
3,mahalanobis_diag,intent_quantile_0.8,nearest_sphere,inverse_margin,0.5,1.9435593024578335,0.652,0.752,0.732,0.02
3,mahalanobis_diag,intent_quantile_0.8,nearest_sphere,inverse_margin,1.0,2.8424899540999067,0.642,0.752,0.73,0.022
3,mahalanobis_diag,intent_quantile_0.8,nearest_sphere,inverse_margin,2.0,4.621969470447479,0.642,0.752,0.73,0.022
3,mahalanobis_diag,intent_quantile_0.8,nearest_sphere,max_ratio,0.0,0.9442593951780449,0.622,0.752,0.726,0.026
3,mahalanobis_diag,intent_quantile_0.8,nearest_sphere,max_ratio,0.25,0.9442593951780449,0.622,0.752,0.726,0.026
3,mahalanobis_diag,intent_quantile_0.8,nearest_sphere,max_ratio,0.5,0.9442593951780449,0.622,0.752,0.726,0.026
3,mahalanobis_diag,intent_quantile_0.8,nearest_sphere,max_ratio,1.0,0.9475489728365063,0.622,0.752,0.726,0.026
3,mahalanobis_diag,intent_quantile_0.8,nearest_sphere,max_ratio,2.0,1.3040716758920454,0.632,0.752,0.728,0.024
3,mahalanobis_diag,intent_quantile_0.8,normalized_union,none,0.0,0.9441267934898092,0.542,0.752,0.71,0.042
3,mahalanobis_diag,intent_quantile_0.8,normalized_union,none,0.25,0.9441267934898092,0.542,0.752,0.71,0.042
3,mahalanobis_diag,intent_quantile_0.8,normalized_union,none,0.5,0.9441267934898092,0.542,0.752,0.71,0.042
3,mahalanobis_diag,intent_quantile_0.8,normalized_union,none,1.0,0.9441267934898092,0.542,0.752,0.71,0.042
3,mahalanobis_diag,intent_quantile_0.8,normalized_union,none,2.0,0.9441267934898092,0.542,0.752,0.71,0.042
3,mahalanobis_diag,intent_quantile_0.8,normalized_union,ratio,0.0,0.9441267934898092,0.542,0.752,0.71,0.042
3,mahalanobis_diag,intent_quantile_0.8,normalized_union,ratio,0.25,1.0686974516355647,0.572,0.752,0.716,0.036
3,mahalanobis_diag,intent_quantile_0.8,normalized_union,ratio,0.5,1.217825204759527,0.612,0.752,0.724,0.028
3,mahalanobis_diag,intent_quantile_0.8,normalized_union,ratio,1.0,1.5296481303452465,0.632,0.752,0.728,0.024
3,mahalanobis_diag,intent_quantile_0.8,normalized_union,ratio,2.0,2.1904067449572304,0.642,0.752,0.73,0.022
3,mahalanobis_diag,intent_quantile_0.8,normalized_union,inverse_margin,0.0,0.9441267934898092,0.542,0.752,0.71,0.042
3,mahalanobis_diag,intent_quantile_0.8,normalized_union,inverse_margin,0.25,1.3924125239349967,0.642,0.752,0.73,0.022
3,mahalanobis_diag,intent_quantile_0.8,normalized_union,inverse_margin,0.5,1.9435593024578335,0.652,0.752,0.732,0.02
3,mahalanobis_diag,intent_quantile_0.8,normalized_union,inverse_margin,1.0,2.8424899540999067,0.642,0.752,0.73,0.022
3,mahalanobis_diag,intent_quantile_0.8,normalized_union,inverse_margin,2.0,4.621969470447479,0.642,0.752,0.73,0.022
3,mahalanobis_diag,intent_quantile_0.8,normalized_union,max_ratio,0.0,0.9441267934898092,0.542,0.752,0.71,0.042
3,mahalanobis_diag,intent_quantile_0.8,normalized_union,max_ratio,0.25,0.9441267934898092,0.542,0.752,0.71,0.042
3,mahalanobis_diag,intent_quantile_0.8,normalized_union,max_ratio,0.5,0.9441267934898092,0.542,0.752,0.71,0.042
3,mahalanobis_diag,intent_quantile_0.8,normalized_union,max_ratio,1.0,0.9475489728365063,0.582,0.752,0.718,0.034
3,mahalanobis_diag,intent_quantile_0.8,normalized_union,max_ratio,2.0,1.3040716758920454,0.632,0.752,0.728,0.024
3,mahalanobis_diag,center_quantile_0.9,nearest_sphere,none,0.0,0.8850217281232954,0.552,0.752,0.712,0.04
3,mahalanobis_diag,center_quantile_0.9,nearest_sphere,none,0.25,0.8850217281232954,0.552,0.752,0.712,0.04
3,mahalanobis_diag,center_quantile_0.9,nearest_sphere,none,0.5,0.8850217281232954,0.552,0.752,0.712,0.04
3,mahalanobis_diag,center_quantile_0.9,nearest_sphere,none,1.0,0.8850217281232954,0.552,0.752,0.712,0.04
3,mahalanobis_diag,center_quantile_0.9,nearest_sphere,none,2.0,0.8850217281232954,0.552,0.752,0.712,0.04
3,mahalanobis_diag,center_quantile_0.9,nearest_sphere,ratio,0.0,0.8850217281232954,0.552,0.752,0.712,0.04
3,mahalanobis_diag,center_quantile_0.9,nearest_sphere,ratio,0.25,1.0075582217233692,0.562,0.752,0.714,0.038
3,mahalanobis_diag,center_quantile_0.9,nearest_sphere,ratio,0.5,1.1378640989281785,0.572,0.752,0.716,0.036
3,mahalanobis_diag,center_quantile_0.9,nearest_sphere,ratio,1.0,1.4348939402498144,0.612,0.752,0.724,0.028
3,mahalanobis_diag,center_quantile_0.9,nearest_sphere,ratio,2.0,2.129842453916457,0.632,0.752,0.728,0.024
3,mahalanobis_diag,center_quantile_0.9,nearest_sphere,inverse_margin,0.0,0.8850217281232954,0.552,0.752,0.712,0.04
3,mahalanobis_diag,center_quantile_0.9,nearest_sphere,inverse_margin,0.25,1.3499384050564607,0.622,0.752,0.726,0.026
3,mahalanobis_diag,center_quantile_0.9,nearest_sphere,inverse_margin,0.5,1.8310459763425313,0.632,0.752,0.728,0.024
3,mahalanobis_diag,center_quantile_0.9,nearest_sphere,inverse_margin,1.0,2.734879135139793,0.632,0.752,0.728,0.024
3,mahalanobis_diag,center_quantile_0.9,nearest_sphere,inverse_margin,2.0,4.498931864815314,0.632,0.752,0.728,0.024
3,mahalanobis_diag,center_quantile_0.9,nearest_sphere,max_ratio,0.0,0.8850217281232954,0.552,0.752,0.712,0.04
3,mahalanobis_diag,center_quantile_0.9,nearest_sphere,max_ratio,0.25,0.8850217281232954,0.552,0.752,0.712,0.04
3,mahalanobis_diag,center_quantile_0.9,nearest_sphere,max_ratio,0.5,0.8850217281232954,0.552,0.752,0.712,0.04
3,mahalanobis_diag,center_quantile_0.9,nearest_sphere,max_ratio,1.0,0.8979991845028403,0.562,0.752,0.714,0.038
3,mahalanobis_diag,center_quantile_0.9,nearest_sphere,max_ratio,2.0,1.2915862954974988,0.632,0.752,0.728,0.024
3,mahalanobis_diag,center_quantile_0.9,normalized_union,none,0.0,0.7753138280792504,0.242,0.752,0.65,0.102
3,mahalanobis_diag,center_quantile_0.9,normalized_union,none,0.25,0.7753138280792504,0.242,0.752,0.65,0.102
3,mahalanobis_diag,center_quantile_0.9,normalized_union,none,0.5,0.7753138280792504,0.242,0.752,0.65,0.102
3,mahalanobis_diag,center_quantile_0.9,normalized_union,none,1.0,0.7753138280792504,0.242,0.752,0.65,0.102
3,mahalanobis_diag,center_quantile_0.9,normalized_union,none,2.0,0.7753138280792504,0.242,0.752,0.65,0.102
3,mahalanobis_diag,center_quantile_0.9,normalized_union,ratio,0.0,0.7753138280792504,0.242,0.752,0.65,0.102
3,mahalanobis_diag,center_quantile_0.9,normalized_union,ratio,0.25,0.9025556982207354,0.342,0.752,0.67,0.082
3,mahalanobis_diag,center_quantile_0.9,normalized_union,ratio,0.5,1.0450865729976522,0.402,0.752,0.682,0.07
3,mahalanobis_diag,center_quantile_0.9,normalized_union,ratio,1.0,1.3477540111016517,0.492,0.752,0.7,0.052
3,mahalanobis_diag,center_quantile_0.9,normalized_union,ratio,2.0,2.021999724958235,0.592,0.752,0.72,0.032
3,mahalanobis_diag,center_quantile_0.9,normalized_union,inverse_margin,0.0,0.7753138280792504,0.242,0.752,0.65,0.102
3,mahalanobis_diag,center_quantile_0.9,normalized_union,inverse_margin,0.25,1.2423218824881106,0.602,0.752,0.722,0.03
3,mahalanobis_diag,center_quantile_0.9,normalized_union,inverse_margin,0.5,1.7719264966090793,0.602,0.752,0.722,0.03
3,mahalanobis_diag,center_quantile_0.9,normalized_union,inverse_margin,1.0,2.5971904415054077,0.612,0.752,0.724,0.028
3,mahalanobis_diag,center_quantile_0.9,normalized_union,inverse_margin,2.0,4.4180040069152895,0.622,0.752,0.726,0.026
3,mahalanobis_diag,center_quantile_0.9,normalized_union,max_ratio,0.0,0.7753138280792504,0.242,0.752,0.65,0.102
3,mahalanobis_diag,center_quantile_0.9,normalized_union,max_ratio,0.25,0.7753138280792504,0.242,0.752,0.65,0.102
3,mahalanobis_diag,center_quantile_0.9,normalized_union,max_ratio,0.5,0.7753138280792504,0.242,0.752,0.65,0.102
3,mahalanobis_diag,center_quantile_0.9,normalized_union,max_ratio,1.0,0.8074246912947979,0.452,0.752,0.692,0.06
3,mahalanobis_diag,center_quantile_0.9,normalized_union,max_ratio,2.0,1.2915862954974988,0.612,0.752,0.724,0.028
3,mahalanobis_diag,intent_quantile_0.9,nearest_sphere,none,0.0,0.8282782622712966,0.582,0.752,0.718,0.034
3,mahalanobis_diag,intent_quantile_0.9,nearest_sphere,none,0.25,0.8282782622712966,0.582,0.752,0.718,0.034
3,mahalanobis_diag,intent_quantile_0.9,nearest_sphere,none,0.5,0.8282782622712966,0.582,0.752,0.718,0.034
3,mahalanobis_diag,intent_quantile_0.9,nearest_sphere,none,1.0,0.8282782622712966,0.582,0.752,0.718,0.034
3,mahalanobis_diag,intent_quantile_0.9,nearest_sphere,none,2.0,0.8282782622712966,0.582,0.752,0.718,0.034
3,mahalanobis_diag,intent_quantile_0.9,nearest_sphere,ratio,0.0,0.8282782622712966,0.582,0.752,0.718,0.034
3,mahalanobis_diag,intent_quantile_0.9,nearest_sphere,ratio,0.25,0.961174076389142,0.612,0.752,0.724,0.028
3,mahalanobis_diag,intent_quantile_0.9,nearest_sphere,ratio,0.5,1.104912182451794,0.632,0.752,0.728,0.024
3,mahalanobis_diag,intent_quantile_0.9,nearest_sphere,ratio,1.0,1.4149191146471343,0.642,0.752,0.73,0.022
3,mahalanobis_diag,intent_quantile_0.9,nearest_sphere,ratio,2.0,2.0704134583582205,0.642,0.752,0.73,0.022
3,mahalanobis_diag,intent_quantile_0.9,nearest_sphere,inverse_margin,0.0,0.8282782622712966,0.582,0.752,0.718,0.034
3,mahalanobis_diag,intent_quantile_0.9,nearest_sphere,inverse_margin,0.25,1.2874720312704888,0.652,0.752,0.732,0.02
3,mahalanobis_diag,intent_quantile_0.9,nearest_sphere,inverse_margin,0.5,1.8209213826048454,0.652,0.752,0.732,0.02
3,mahalanobis_diag,intent_quantile_0.9,nearest_sphere,inverse_margin,1.0,2.7469402874060793,0.642,0.752,0.73,0.022
3,mahalanobis_diag,intent_quantile_0.9,nearest_sphere,inverse_margin,2.0,4.49991912472345,0.642,0.752,0.73,0.022
3,mahalanobis_diag,intent_quantile_0.9,nearest_sphere,max_ratio,0.0,0.8282782622712966,0.582,0.752,0.718,0.034
3,mahalanobis_diag,intent_quantile_0.9,nearest_sphere,max_ratio,0.25,0.8282782622712966,0.582,0.752,0.718,0.034
3,mahalanobis_diag,intent_quantile_0.9,nearest_sphere,max_ratio,0.5,0.8282782622712966,0.582,0.752,0.718,0.034
3,mahalanobis_diag,intent_quantile_0.9,nearest_sphere,max_ratio,1.0,0.8535579683824043,0.602,0.752,0.722,0.03
3,mahalanobis_diag,intent_quantile_0.9,nearest_sphere,max_ratio,2.0,1.2932923925035669,0.622,0.752,0.726,0.026
3,mahalanobis_diag,intent_quantile_0.9,normalized_union,none,0.0,0.8242061410618019,0.442,0.752,0.69,0.062
3,mahalanobis_diag,intent_quantile_0.9,normalized_union,none,0.25,0.8242061410618019,0.442,0.752,0.69,0.062
3,mahalanobis_diag,intent_quantile_0.9,normalized_union,none,0.5,0.8242061410618019,0.442,0.752,0.69,0.062
3,mahalanobis_diag,intent_quantile_0.9,normalized_union,none,1.0,0.8242061410618019,0.442,0.752,0.69,0.062
3,mahalanobis_diag,intent_quantile_0.9,normalized_union,none,2.0,0.8242061410618019,0.442,0.752,0.69,0.062
3,mahalanobis_diag,intent_quantile_0.9,normalized_union,ratio,0.0,0.8242061410618019,0.442,0.752,0.69,0.062
3,mahalanobis_diag,intent_quantile_0.9,normalized_union,ratio,0.25,0.9577638184150072,0.502,0.752,0.702,0.05
3,mahalanobis_diag,intent_quantile_0.9,normalized_union,ratio,0.5,1.1038302099861887,0.552,0.752,0.712,0.04
3,mahalanobis_diag,intent_quantile_0.9,normalized_union,ratio,1.0,1.4148733681019303,0.592,0.752,0.72,0.032
3,mahalanobis_diag,intent_quantile_0.9,normalized_union,ratio,2.0,2.0704134583582205,0.642,0.752,0.73,0.022
3,mahalanobis_diag,intent_quantile_0.9,normalized_union,inverse_margin,0.0,0.8242061410618019,0.442,0.752,0.69,0.062
3,mahalanobis_diag,intent_quantile_0.9,normalized_union,inverse_margin,0.25,1.2874720312704888,0.652,0.752,0.732,0.02
3,mahalanobis_diag,intent_quantile_0.9,normalized_union,inverse_margin,0.5,1.8209213826048454,0.652,0.752,0.732,0.02
3,mahalanobis_diag,intent_quantile_0.9,normalized_union,inverse_margin,1.0,2.7469402874060793,0.642,0.752,0.73,0.022
3,mahalanobis_diag,intent_quantile_0.9,normalized_union,inverse_margin,2.0,4.49991912472345,0.642,0.752,0.73,0.022
3,mahalanobis_diag,intent_quantile_0.9,normalized_union,max_ratio,0.0,0.8242061410618019,0.442,0.752,0.69,0.062
3,mahalanobis_diag,intent_quantile_0.9,normalized_union,max_ratio,0.25,0.8242061410618019,0.442,0.752,0.69,0.062
3,mahalanobis_diag,intent_quantile_0.9,normalized_union,max_ratio,0.5,0.8242061410618019,0.442,0.752,0.69,0.062
3,mahalanobis_diag,intent_quantile_0.9,normalized_union,max_ratio,1.0,0.8535579683824043,0.552,0.752,0.712,0.04
3,mahalanobis_diag,intent_quantile_0.9,normalized_union,max_ratio,2.0,1.2932923925035669,0.622,0.752,0.726,0.026
3,mahalanobis_diag,center_quantile_0.95,nearest_sphere,none,0.0,0.8196402069909513,0.542,0.752,0.71,0.042
3,mahalanobis_diag,center_quantile_0.95,nearest_sphere,none,0.25,0.8196402069909513,0.542,0.752,0.71,0.042
3,mahalanobis_diag,center_quantile_0.95,nearest_sphere,none,0.5,0.8196402069909513,0.542,0.752,0.71,0.042
3,mahalanobis_diag,center_quantile_0.95,nearest_sphere,none,1.0,0.8196402069909513,0.542,0.752,0.71,0.042
3,mahalanobis_diag,center_quantile_0.95,nearest_sphere,none,2.0,0.8196402069909513,0.542,0.752,0.71,0.042
3,mahalanobis_diag,center_quantile_0.95,nearest_sphere,ratio,0.0,0.8196402069909513,0.542,0.752,0.71,0.042
3,mahalanobis_diag,center_quantile_0.95,nearest_sphere,ratio,0.25,0.9415611464334682,0.562,0.752,0.714,0.038
3,mahalanobis_diag,center_quantile_0.95,nearest_sphere,ratio,0.5,1.085216879319351,0.572,0.752,0.716,0.036
3,mahalanobis_diag,center_quantile_0.95,nearest_sphere,ratio,1.0,1.3598946537082237,0.622,0.752,0.726,0.026
3,mahalanobis_diag,center_quantile_0.95,nearest_sphere,ratio,2.0,2.0653047678618677,0.622,0.752,0.726,0.026
3,mahalanobis_diag,center_quantile_0.95,nearest_sphere,inverse_margin,0.0,0.8196402069909513,0.542,0.752,0.71,0.042
3,mahalanobis_diag,center_quantile_0.95,nearest_sphere,inverse_margin,0.25,1.2718447107726534,0.612,0.752,0.724,0.028
3,mahalanobis_diag,center_quantile_0.95,nearest_sphere,inverse_margin,0.5,1.7600250013422132,0.632,0.752,0.728,0.024
3,mahalanobis_diag,center_quantile_0.95,nearest_sphere,inverse_margin,1.0,2.6957417424973436,0.632,0.752,0.728,0.024
3,mahalanobis_diag,center_quantile_0.95,nearest_sphere,inverse_margin,2.0,4.412910706345555,0.632,0.752,0.728,0.024
3,mahalanobis_diag,center_quantile_0.95,nearest_sphere,max_ratio,0.0,0.8196402069909513,0.542,0.752,0.71,0.042
3,mahalanobis_diag,center_quantile_0.95,nearest_sphere,max_ratio,0.25,0.8196402069909513,0.542,0.752,0.71,0.042
3,mahalanobis_diag,center_quantile_0.95,nearest_sphere,max_ratio,0.5,0.8196402069909513,0.542,0.752,0.71,0.042
3,mahalanobis_diag,center_quantile_0.95,nearest_sphere,max_ratio,1.0,0.8496945740749526,0.552,0.752,0.712,0.04
3,mahalanobis_diag,center_quantile_0.95,nearest_sphere,max_ratio,2.0,1.2888463178104517,0.632,0.752,0.728,0.024
3,mahalanobis_diag,center_quantile_0.95,normalized_union,none,0.0,0.684069602162133,0.312,0.752,0.664,0.088
3,mahalanobis_diag,center_quantile_0.95,normalized_union,none,0.25,0.684069602162133,0.312,0.752,0.664,0.088
3,mahalanobis_diag,center_quantile_0.95,normalized_union,none,0.5,0.684069602162133,0.312,0.752,0.664,0.088
3,mahalanobis_diag,center_quantile_0.95,normalized_union,none,1.0,0.684069602162133,0.312,0.752,0.664,0.088
3,mahalanobis_diag,center_quantile_0.95,normalized_union,none,2.0,0.684069602162133,0.312,0.752,0.664,0.088
3,mahalanobis_diag,center_quantile_0.95,normalized_union,ratio,0.0,0.684069602162133,0.312,0.752,0.664,0.088
3,mahalanobis_diag,center_quantile_0.95,normalized_union,ratio,0.25,0.8238567009742326,0.382,0.752,0.678,0.074
3,mahalanobis_diag,center_quantile_0.95,normalized_union,ratio,0.5,0.9673674178480478,0.492,0.752,0.7,0.052
3,mahalanobis_diag,center_quantile_0.95,normalized_union,ratio,1.0,1.2743516454405226,0.562,0.752,0.714,0.038
3,mahalanobis_diag,center_quantile_0.95,normalized_union,ratio,2.0,1.9676515782865427,0.592,0.752,0.72,0.032
3,mahalanobis_diag,center_quantile_0.95,normalized_union,inverse_margin,0.0,0.684069602162133,0.312,0.752,0.664,0.088
3,mahalanobis_diag,center_quantile_0.95,normalized_union,inverse_margin,0.25,1.1773474219199007,0.612,0.752,0.724,0.028
3,mahalanobis_diag,center_quantile_0.95,normalized_union,inverse_margin,0.5,1.6512571339278304,0.612,0.752,0.724,0.028
3,mahalanobis_diag,center_quantile_0.95,normalized_union,inverse_margin,1.0,2.5365961505233976,0.612,0.752,0.724,0.028
3,mahalanobis_diag,center_quantile_0.95,normalized_union,inverse_margin,2.0,4.348927788661393,0.612,0.752,0.724,0.028
3,mahalanobis_diag,center_quantile_0.95,normalized_union,max_ratio,0.0,0.684069602162133,0.312,0.752,0.664,0.088
3,mahalanobis_diag,center_quantile_0.95,normalized_union,max_ratio,0.25,0.684069602162133,0.312,0.752,0.664,0.088
3,mahalanobis_diag,center_quantile_0.95,normalized_union,max_ratio,0.5,0.684069602162133,0.312,0.752,0.664,0.088
3,mahalanobis_diag,center_quantile_0.95,normalized_union,max_ratio,1.0,0.7556222397822411,0.592,0.752,0.72,0.032
3,mahalanobis_diag,center_quantile_0.95,normalized_union,max_ratio,2.0,1.2888463178104517,0.612,0.752,0.724,0.028
3,mahalanobis_diag,intent_quantile_0.95,nearest_sphere,none,0.0,0.7355608831966636,0.572,0.752,0.716,0.036
3,mahalanobis_diag,intent_quantile_0.95,nearest_sphere,none,0.25,0.7355608831966636,0.572,0.752,0.716,0.036
3,mahalanobis_diag,intent_quantile_0.95,nearest_sphere,none,0.5,0.7355608831966636,0.572,0.752,0.716,0.036
3,mahalanobis_diag,intent_quantile_0.95,nearest_sphere,none,1.0,0.7355608831966636,0.572,0.752,0.716,0.036
3,mahalanobis_diag,intent_quantile_0.95,nearest_sphere,none,2.0,0.7355608831966636,0.572,0.752,0.716,0.036
3,mahalanobis_diag,intent_quantile_0.95,nearest_sphere,ratio,0.0,0.7355608831966636,0.572,0.752,0.716,0.036
3,mahalanobis_diag,intent_quantile_0.95,nearest_sphere,ratio,0.25,0.8827846497366016,0.612,0.752,0.724,0.028
3,mahalanobis_diag,intent_quantile_0.95,nearest_sphere,ratio,0.5,1.025794971642394,0.632,0.752,0.728,0.024
3,mahalanobis_diag,intent_quantile_0.95,nearest_sphere,ratio,1.0,1.3431928752352085,0.652,0.752,0.732,0.02
3,mahalanobis_diag,intent_quantile_0.95,nearest_sphere,ratio,2.0,1.9945083898273532,0.642,0.752,0.73,0.022
3,mahalanobis_diag,intent_quantile_0.95,nearest_sphere,inverse_margin,0.0,0.7355608831966636,0.572,0.752,0.716,0.036
3,mahalanobis_diag,intent_quantile_0.95,nearest_sphere,inverse_margin,0.25,1.2088622064947014,0.642,0.752,0.73,0.022
3,mahalanobis_diag,intent_quantile_0.95,nearest_sphere,inverse_margin,0.5,1.7003852973676188,0.642,0.752,0.73,0.022
3,mahalanobis_diag,intent_quantile_0.95,nearest_sphere,inverse_margin,1.0,2.6065511164366164,0.642,0.752,0.73,0.022
3,mahalanobis_diag,intent_quantile_0.95,nearest_sphere,inverse_margin,2.0,4.4015034119253045,0.632,0.752,0.728,0.024
3,mahalanobis_diag,intent_quantile_0.95,nearest_sphere,max_ratio,0.0,0.7355608831966636,0.572,0.752,0.716,0.036
3,mahalanobis_diag,intent_quantile_0.95,nearest_sphere,max_ratio,0.25,0.7355608831966636,0.572,0.752,0.716,0.036
3,mahalanobis_diag,intent_quantile_0.95,nearest_sphere,max_ratio,0.5,0.7355608831966636,0.572,0.752,0.716,0.036
3,mahalanobis_diag,intent_quantile_0.95,nearest_sphere,max_ratio,1.0,0.7886242200519398,0.622,0.752,0.726,0.026
3,mahalanobis_diag,intent_quantile_0.95,nearest_sphere,max_ratio,2.0,1.289330066349384,0.632,0.752,0.728,0.024
3,mahalanobis_diag,intent_quantile_0.95,normalized_union,none,0.0,0.7340875949607322,0.342,0.752,0.67,0.082
3,mahalanobis_diag,intent_quantile_0.95,normalized_union,none,0.25,0.7340875949607322,0.342,0.752,0.67,0.082
3,mahalanobis_diag,intent_quantile_0.95,normalized_union,none,0.5,0.7340875949607322,0.342,0.752,0.67,0.082
3,mahalanobis_diag,intent_quantile_0.95,normalized_union,none,1.0,0.7340875949607322,0.342,0.752,0.67,0.082
3,mahalanobis_diag,intent_quantile_0.95,normalized_union,none,2.0,0.7340875949607322,0.342,0.752,0.67,0.082
3,mahalanobis_diag,intent_quantile_0.95,normalized_union,ratio,0.0,0.7340875949607322,0.342,0.752,0.67,0.082
3,mahalanobis_diag,intent_quantile_0.95,normalized_union,ratio,0.25,0.8729080725533553,0.432,0.752,0.688,0.064
3,mahalanobis_diag,intent_quantile_0.95,normalized_union,ratio,0.5,1.0126705675180925,0.502,0.752,0.702,0.05
3,mahalanobis_diag,intent_quantile_0.95,normalized_union,ratio,1.0,1.3341275936013148,0.582,0.752,0.718,0.034
3,mahalanobis_diag,intent_quantile_0.95,normalized_union,ratio,2.0,1.9945083898273532,0.642,0.752,0.73,0.022
3,mahalanobis_diag,intent_quantile_0.95,normalized_union,inverse_margin,0.0,0.7340875949607322,0.342,0.752,0.67,0.082
3,mahalanobis_diag,intent_quantile_0.95,normalized_union,inverse_margin,0.25,1.2088622064947014,0.642,0.752,0.73,0.022
3,mahalanobis_diag,intent_quantile_0.95,normalized_union,inverse_margin,0.5,1.7003852973676188,0.642,0.752,0.73,0.022
3,mahalanobis_diag,intent_quantile_0.95,normalized_union,inverse_margin,1.0,2.6065511164366164,0.642,0.752,0.73,0.022
3,mahalanobis_diag,intent_quantile_0.95,normalized_union,inverse_margin,2.0,4.4015034119253045,0.632,0.752,0.728,0.024
3,mahalanobis_diag,intent_quantile_0.95,normalized_union,max_ratio,0.0,0.7340875949607322,0.342,0.752,0.67,0.082
3,mahalanobis_diag,intent_quantile_0.95,normalized_union,max_ratio,0.25,0.7340875949607322,0.342,0.752,0.67,0.082
3,mahalanobis_diag,intent_quantile_0.95,normalized_union,max_ratio,0.5,0.7340875949607322,0.342,0.752,0.67,0.082
3,mahalanobis_diag,intent_quantile_0.95,normalized_union,max_ratio,1.0,0.7886242200519398,0.552,0.752,0.712,0.04
3,mahalanobis_diag,intent_quantile_0.95,normalized_union,max_ratio,2.0,1.289330066349384,0.632,0.752,0.728,0.024
3,mahalanobis_diag,center_quantile_0.99,nearest_sphere,none,0.0,0.7186295691707382,0.492,0.752,0.7,0.052
3,mahalanobis_diag,center_quantile_0.99,nearest_sphere,none,0.25,0.7186295691707382,0.492,0.752,0.7,0.052
3,mahalanobis_diag,center_quantile_0.99,nearest_sphere,none,0.5,0.7186295691707382,0.492,0.752,0.7,0.052
3,mahalanobis_diag,center_quantile_0.99,nearest_sphere,none,1.0,0.7186295691707382,0.492,0.752,0.7,0.052
3,mahalanobis_diag,center_quantile_0.99,nearest_sphere,none,2.0,0.7186295691707382,0.492,0.752,0.7,0.052
3,mahalanobis_diag,center_quantile_0.99,nearest_sphere,ratio,0.0,0.7186295691707382,0.492,0.752,0.7,0.052
3,mahalanobis_diag,center_quantile_0.99,nearest_sphere,ratio,0.25,0.8492609448164493,0.532,0.752,0.708,0.044
3,mahalanobis_diag,center_quantile_0.99,nearest_sphere,ratio,0.5,0.9919527486316969,0.552,0.752,0.712,0.04
3,mahalanobis_diag,center_quantile_0.99,nearest_sphere,ratio,1.0,1.265520009492694,0.602,0.752,0.722,0.03
3,mahalanobis_diag,center_quantile_0.99,nearest_sphere,ratio,2.0,1.9437143484245345,0.612,0.752,0.724,0.028
3,mahalanobis_diag,center_quantile_0.99,nearest_sphere,inverse_margin,0.0,0.7186295691707382,0.492,0.752,0.7,0.052
3,mahalanobis_diag,center_quantile_0.99,nearest_sphere,inverse_margin,0.25,1.1666357130417788,0.612,0.752,0.724,0.028
3,mahalanobis_diag,center_quantile_0.99,nearest_sphere,inverse_margin,0.5,1.6361785746473945,0.632,0.752,0.728,0.024
3,mahalanobis_diag,center_quantile_0.99,nearest_sphere,inverse_margin,1.0,2.5576923521552577,0.632,0.752,0.728,0.024
3,mahalanobis_diag,center_quantile_0.99,nearest_sphere,inverse_margin,2.0,4.369898789960718,0.632,0.752,0.728,0.024
3,mahalanobis_diag,center_quantile_0.99,nearest_sphere,max_ratio,0.0,0.7186295691707382,0.492,0.752,0.7,0.052
3,mahalanobis_diag,center_quantile_0.99,nearest_sphere,max_ratio,0.25,0.7186295691707382,0.492,0.752,0.7,0.052
3,mahalanobis_diag,center_quantile_0.99,nearest_sphere,max_ratio,0.5,0.7186295691707382,0.492,0.752,0.7,0.052
3,mahalanobis_diag,center_quantile_0.99,nearest_sphere,max_ratio,1.0,0.7862214864570726,0.552,0.752,0.712,0.04
3,mahalanobis_diag,center_quantile_0.99,nearest_sphere,max_ratio,2.0,1.2888463178104517,0.632,0.752,0.728,0.024
3,mahalanobis_diag,center_quantile_0.99,normalized_union,none,0.0,0.585756688075321,0.442,0.752,0.69,0.062
3,mahalanobis_diag,center_quantile_0.99,normalized_union,none,0.25,0.585756688075321,0.442,0.752,0.69,0.062
3,mahalanobis_diag,center_quantile_0.99,normalized_union,none,0.5,0.585756688075321,0.442,0.752,0.69,0.062
3,mahalanobis_diag,center_quantile_0.99,normalized_union,none,1.0,0.585756688075321,0.442,0.752,0.69,0.062
3,mahalanobis_diag,center_quantile_0.99,normalized_union,none,2.0,0.585756688075321,0.442,0.752,0.69,0.062
3,mahalanobis_diag,center_quantile_0.99,normalized_union,ratio,0.0,0.585756688075321,0.442,0.752,0.69,0.062
3,mahalanobis_diag,center_quantile_0.99,normalized_union,ratio,0.25,0.7233111661848551,0.522,0.752,0.706,0.046
3,mahalanobis_diag,center_quantile_0.99,normalized_union,ratio,0.5,0.8732970807395454,0.612,0.752,0.724,0.028
3,mahalanobis_diag,center_quantile_0.99,normalized_union,ratio,1.0,1.1853219663738934,0.632,0.752,0.728,0.024
3,mahalanobis_diag,center_quantile_0.99,normalized_union,ratio,2.0,1.8625075134477411,0.632,0.752,0.728,0.024
3,mahalanobis_diag,center_quantile_0.99,normalized_union,inverse_margin,0.0,0.585756688075321,0.442,0.752,0.69,0.062
3,mahalanobis_diag,center_quantile_0.99,normalized_union,inverse_margin,0.25,1.0320389458571029,0.642,0.752,0.73,0.022
3,mahalanobis_diag,center_quantile_0.99,normalized_union,inverse_margin,0.5,1.4920389052797907,0.642,0.752,0.73,0.022
3,mahalanobis_diag,center_quantile_0.99,normalized_union,inverse_margin,1.0,2.4065867886725525,0.642,0.752,0.73,0.022
3,mahalanobis_diag,center_quantile_0.99,normalized_union,inverse_margin,2.0,4.190091884272805,0.632,0.752,0.728,0.024
3,mahalanobis_diag,center_quantile_0.99,normalized_union,max_ratio,0.0,0.585756688075321,0.442,0.752,0.69,0.062
3,mahalanobis_diag,center_quantile_0.99,normalized_union,max_ratio,0.25,0.585756688075321,0.442,0.752,0.69,0.062
3,mahalanobis_diag,center_quantile_0.99,normalized_union,max_ratio,0.5,0.585756688075321,0.442,0.752,0.69,0.062
3,mahalanobis_diag,center_quantile_0.99,normalized_union,max_ratio,1.0,0.6935388262834358,0.632,0.752,0.728,0.024
3,mahalanobis_diag,center_quantile_0.99,normalized_union,max_ratio,2.0,1.2888463178104517,0.632,0.752,0.728,0.024
3,mahalanobis_diag,intent_quantile_0.99,nearest_sphere,none,0.0,0.6051887464830648,0.582,0.752,0.718,0.034
3,mahalanobis_diag,intent_quantile_0.99,nearest_sphere,none,0.25,0.6051887464830648,0.582,0.752,0.718,0.034
3,mahalanobis_diag,intent_quantile_0.99,nearest_sphere,none,0.5,0.6051887464830648,0.582,0.752,0.718,0.034
3,mahalanobis_diag,intent_quantile_0.99,nearest_sphere,none,1.0,0.6051887464830648,0.582,0.752,0.718,0.034
3,mahalanobis_diag,intent_quantile_0.99,nearest_sphere,none,2.0,0.6051887464830648,0.582,0.752,0.718,0.034
3,mahalanobis_diag,intent_quantile_0.99,nearest_sphere,ratio,0.0,0.6051887464830648,0.582,0.752,0.718,0.034
3,mahalanobis_diag,intent_quantile_0.99,nearest_sphere,ratio,0.25,0.7519487169095865,0.622,0.752,0.726,0.026
3,mahalanobis_diag,intent_quantile_0.99,nearest_sphere,ratio,0.5,0.913946744225742,0.632,0.752,0.728,0.024
3,mahalanobis_diag,intent_quantile_0.99,nearest_sphere,ratio,1.0,1.2182399071950087,0.642,0.752,0.73,0.022
3,mahalanobis_diag,intent_quantile_0.99,nearest_sphere,ratio,2.0,1.9072882987544242,0.632,0.752,0.728,0.024
3,mahalanobis_diag,intent_quantile_0.99,nearest_sphere,inverse_margin,0.0,0.6051887464830648,0.582,0.752,0.718,0.034
3,mahalanobis_diag,intent_quantile_0.99,nearest_sphere,inverse_margin,0.25,1.0951443767143723,0.632,0.752,0.728,0.024
3,mahalanobis_diag,intent_quantile_0.99,nearest_sphere,inverse_margin,0.5,1.5564782295198436,0.642,0.752,0.73,0.022
3,mahalanobis_diag,intent_quantile_0.99,nearest_sphere,inverse_margin,1.0,2.4719964069358853,0.632,0.752,0.728,0.024
3,mahalanobis_diag,intent_quantile_0.99,nearest_sphere,inverse_margin,2.0,4.266187432782104,0.632,0.752,0.728,0.024
3,mahalanobis_diag,intent_quantile_0.99,nearest_sphere,max_ratio,0.0,0.6051887464830648,0.582,0.752,0.718,0.034
3,mahalanobis_diag,intent_quantile_0.99,nearest_sphere,max_ratio,0.25,0.6051887464830648,0.582,0.752,0.718,0.034
3,mahalanobis_diag,intent_quantile_0.99,nearest_sphere,max_ratio,0.5,0.6051887464830648,0.582,0.752,0.718,0.034
3,mahalanobis_diag,intent_quantile_0.99,nearest_sphere,max_ratio,1.0,0.7137009677410204,0.642,0.752,0.73,0.022
3,mahalanobis_diag,intent_quantile_0.99,nearest_sphere,max_ratio,2.0,1.2888463178104517,0.632,0.752,0.728,0.024
3,mahalanobis_diag,intent_quantile_0.99,normalized_union,none,0.0,0.6008846223667814,0.292,0.752,0.66,0.092
3,mahalanobis_diag,intent_quantile_0.99,normalized_union,none,0.25,0.6008846223667814,0.292,0.752,0.66,0.092
3,mahalanobis_diag,intent_quantile_0.99,normalized_union,none,0.5,0.6008846223667814,0.292,0.752,0.66,0.092
3,mahalanobis_diag,intent_quantile_0.99,normalized_union,none,1.0,0.6008846223667814,0.292,0.752,0.66,0.092
3,mahalanobis_diag,intent_quantile_0.99,normalized_union,none,2.0,0.6008846223667814,0.292,0.752,0.66,0.092
3,mahalanobis_diag,intent_quantile_0.99,normalized_union,ratio,0.0,0.6008846223667814,0.292,0.752,0.66,0.092
3,mahalanobis_diag,intent_quantile_0.99,normalized_union,ratio,0.25,0.7376679390188648,0.372,0.752,0.676,0.076
3,mahalanobis_diag,intent_quantile_0.99,normalized_union,ratio,0.5,0.8939153173483716,0.462,0.752,0.694,0.058
3,mahalanobis_diag,intent_quantile_0.99,normalized_union,ratio,1.0,1.2124107106175939,0.562,0.752,0.714,0.038
3,mahalanobis_diag,intent_quantile_0.99,normalized_union,ratio,2.0,1.9006932541735977,0.632,0.752,0.728,0.024
3,mahalanobis_diag,intent_quantile_0.99,normalized_union,inverse_margin,0.0,0.6008846223667814,0.292,0.752,0.66,0.092
3,mahalanobis_diag,intent_quantile_0.99,normalized_union,inverse_margin,0.25,1.0951443767143723,0.632,0.752,0.728,0.024
3,mahalanobis_diag,intent_quantile_0.99,normalized_union,inverse_margin,0.5,1.5564782295198436,0.642,0.752,0.73,0.022
3,mahalanobis_diag,intent_quantile_0.99,normalized_union,inverse_margin,1.0,2.4719964069358853,0.632,0.752,0.728,0.024
3,mahalanobis_diag,intent_quantile_0.99,normalized_union,inverse_margin,2.0,4.266187432782104,0.632,0.752,0.728,0.024
3,mahalanobis_diag,intent_quantile_0.99,normalized_union,max_ratio,0.0,0.6008846223667814,0.292,0.752,0.66,0.092
3,mahalanobis_diag,intent_quantile_0.99,normalized_union,max_ratio,0.25,0.6008846223667814,0.292,0.752,0.66,0.092
3,mahalanobis_diag,intent_quantile_0.99,normalized_union,max_ratio,0.5,0.6008846223667814,0.292,0.752,0.66,0.092
3,mahalanobis_diag,intent_quantile_0.99,normalized_union,max_ratio,1.0,0.7137009677410204,0.642,0.752,0.73,0.022
3,mahalanobis_diag,intent_quantile_0.99,normalized_union,max_ratio,2.0,1.2888463178104517,0.632,0.752,0.728,0.024
4,euclidean,mean_std_0.0,nearest_sphere,none,0.0,1.086853282079414,0.462,0.752,0.694,0.058
4,euclidean,mean_std_0.0,nearest_sphere,none,0.25,1.086853282079414,0.462,0.752,0.694,0.058
4,euclidean,mean_std_0.0,nearest_sphere,none,0.5,1.086853282079414,0.462,0.752,0.694,0.058
4,euclidean,mean_std_0.0,nearest_sphere,none,1.0,1.086853282079414,0.462,0.752,0.694,0.058
4,euclidean,mean_std_0.0,nearest_sphere,none,2.0,1.086853282079414,0.462,0.752,0.694,0.058
4,euclidean,mean_std_0.0,nearest_sphere,ratio,0.0,1.086853282079414,0.462,0.752,0.694,0.058
4,euclidean,mean_std_0.0,nearest_sphere,ratio,0.25,1.198135266282459,0.482,0.752,0.698,0.054
4,euclidean,mean_std_0.0,nearest_sphere,ratio,0.5,1.3534293629896423,0.512,0.752,0.704,0.048
4,euclidean,mean_std_0.0,nearest_sphere,ratio,1.0,1.6552640190626438,0.582,0.752,0.718,0.034
4,euclidean,mean_std_0.0,nearest_sphere,ratio,2.0,2.3043134809514574,0.632,0.752,0.728,0.024
4,euclidean,mean_std_0.0,nearest_sphere,inverse_margin,0.0,1.086853282079414,0.462,0.752,0.694,0.058
4,euclidean,mean_std_0.0,nearest_sphere,inverse_margin,0.25,1.5624395133943003,0.642,0.752,0.73,0.022
4,euclidean,mean_std_0.0,nearest_sphere,inverse_margin,0.5,1.8900525065886615,0.642,0.752,0.73,0.022
4,euclidean,mean_std_0.0,nearest_sphere,inverse_margin,1.0,2.748586013417321,0.642,0.752,0.73,0.022
4,euclidean,mean_std_0.0,nearest_sphere,inverse_margin,2.0,4.295645226135858,0.642,0.752,0.73,0.022
4,euclidean,mean_std_0.0,nearest_sphere,max_ratio,0.0,1.086853282079414,0.462,0.752,0.694,0.058
4,euclidean,mean_std_0.0,nearest_sphere,max_ratio,0.25,1.086853282079414,0.462,0.752,0.694,0.058
4,euclidean,mean_std_0.0,nearest_sphere,max_ratio,0.5,1.086853282079414,0.462,0.752,0.694,0.058
4,euclidean,mean_std_0.0,nearest_sphere,max_ratio,1.0,1.086853282079414,0.462,0.752,0.694,0.058
4,euclidean,mean_std_0.0,nearest_sphere,max_ratio,2.0,1.3675660994430023,0.612,0.752,0.724,0.028
4,euclidean,mean_std_0.0,normalized_union,none,0.0,0.9500754478224319,0.412,0.752,0.684,0.068
4,euclidean,mean_std_0.0,normalized_union,none,0.25,0.9500754478224319,0.412,0.752,0.684,0.068
4,euclidean,mean_std_0.0,normalized_union,none,0.5,0.9500754478224319,0.412,0.752,0.684,0.068
4,euclidean,mean_std_0.0,normalized_union,none,1.0,0.9500754478224319,0.412,0.752,0.684,0.068
4,euclidean,mean_std_0.0,normalized_union,none,2.0,0.9500754478224319,0.412,0.752,0.684,0.068
4,euclidean,mean_std_0.0,normalized_union,ratio,0.0,0.9500754478224319,0.412,0.752,0.684,0.068
4,euclidean,mean_std_0.0,normalized_union,ratio,0.25,1.0772646536624648,0.462,0.752,0.694,0.058
4,euclidean,mean_std_0.0,normalized_union,ratio,0.5,1.2048902621565594,0.552,0.752,0.712,0.04
4,euclidean,mean_std_0.0,normalized_union,ratio,1.0,1.5273654051943466,0.612,0.752,0.724,0.028
4,euclidean,mean_std_0.0,normalized_union,ratio,2.0,2.1435053678391993,0.632,0.752,0.728,0.024
4,euclidean,mean_std_0.0,normalized_union,inverse_margin,0.0,0.9500754478224319,0.412,0.752,0.684,0.068
4,euclidean,mean_std_0.0,normalized_union,inverse_margin,0.25,1.346702071304125,0.642,0.752,0.73,0.022
4,euclidean,mean_std_0.0,normalized_union,inverse_margin,0.5,1.7245281362564104,0.642,0.752,0.73,0.022
4,euclidean,mean_std_0.0,normalized_union,inverse_margin,1.0,2.5532700051307176,0.642,0.752,0.73,0.022
4,euclidean,mean_std_0.0,normalized_union,inverse_margin,2.0,4.137340133073568,0.652,0.752,0.732,0.02
4,euclidean,mean_std_0.0,normalized_union,max_ratio,0.0,0.9500754478224319,0.412,0.752,0.684,0.068
4,euclidean,mean_std_0.0,normalized_union,max_ratio,0.25,0.9500754478224319,0.412,0.752,0.684,0.068
4,euclidean,mean_std_0.0,normalized_union,max_ratio,0.5,0.9500754478224319,0.412,0.752,0.684,0.068
4,euclidean,mean_std_0.0,normalized_union,max_ratio,1.0,0.9611435969219039,0.452,0.752,0.692,0.06
4,euclidean,mean_std_0.0,normalized_union,max_ratio,2.0,1.2750436577028026,0.642,0.752,0.73,0.022
4,euclidean,mean_std_0.25,nearest_sphere,none,0.0,0.9952284896325063,0.462,0.752,0.694,0.058
4,euclidean,mean_std_0.25,nearest_sphere,none,0.25,0.9952284896325063,0.462,0.752,0.694,0.058
4,euclidean,mean_std_0.25,nearest_sphere,none,0.5,0.9952284896325063,0.462,0.752,0.694,0.058
4,euclidean,mean_std_0.25,nearest_sphere,none,1.0,0.9952284896325063,0.462,0.752,0.694,0.058
4,euclidean,mean_std_0.25,nearest_sphere,none,2.0,0.9952284896325063,0.462,0.752,0.694,0.058
4,euclidean,mean_std_0.25,nearest_sphere,ratio,0.0,0.9952284896325063,0.462,0.752,0.694,0.058
4,euclidean,mean_std_0.25,nearest_sphere,ratio,0.25,1.1137445039820133,0.482,0.752,0.698,0.054
4,euclidean,mean_std_0.25,nearest_sphere,ratio,0.5,1.2713077995832531,0.512,0.752,0.704,0.048
4,euclidean,mean_std_0.25,nearest_sphere,ratio,1.0,1.5695673598000741,0.592,0.752,0.72,0.032
4,euclidean,mean_std_0.25,nearest_sphere,ratio,2.0,2.2119133092806487,0.632,0.752,0.728,0.024
4,euclidean,mean_std_0.25,nearest_sphere,inverse_margin,0.0,0.9952284896325063,0.462,0.752,0.694,0.058
4,euclidean,mean_std_0.25,nearest_sphere,inverse_margin,0.25,1.4645455448494662,0.642,0.752,0.73,0.022
4,euclidean,mean_std_0.25,nearest_sphere,inverse_margin,0.5,1.8252203964175004,0.642,0.752,0.73,0.022
4,euclidean,mean_std_0.25,nearest_sphere,inverse_margin,1.0,2.6202675657881125,0.642,0.752,0.73,0.022
4,euclidean,mean_std_0.25,nearest_sphere,inverse_margin,2.0,4.23497364541513,0.652,0.752,0.732,0.02
4,euclidean,mean_std_0.25,nearest_sphere,max_ratio,0.0,0.9952284896325063,0.462,0.752,0.694,0.058
4,euclidean,mean_std_0.25,nearest_sphere,max_ratio,0.25,0.9952284896325063,0.462,0.752,0.694,0.058
4,euclidean,mean_std_0.25,nearest_sphere,max_ratio,0.5,0.9952284896325063,0.462,0.752,0.694,0.058
4,euclidean,mean_std_0.25,nearest_sphere,max_ratio,1.0,0.9956358357171256,0.472,0.752,0.696,0.056
4,euclidean,mean_std_0.25,nearest_sphere,max_ratio,2.0,1.318083321036872,0.632,0.752,0.728,0.024
4,euclidean,mean_std_0.25,normalized_union,none,0.0,0.8834705223144552,0.412,0.752,0.684,0.068
4,euclidean,mean_std_0.25,normalized_union,none,0.25,0.8834705223144552,0.412,0.752,0.684,0.068
4,euclidean,mean_std_0.25,normalized_union,none,0.5,0.8834705223144552,0.412,0.752,0.684,0.068
4,euclidean,mean_std_0.25,normalized_union,none,1.0,0.8834705223144552,0.412,0.752,0.684,0.068
4,euclidean,mean_std_0.25,normalized_union,none,2.0,0.8834705223144552,0.412,0.752,0.684,0.068
4,euclidean,mean_std_0.25,normalized_union,ratio,0.0,0.8834705223144552,0.412,0.752,0.684,0.068
4,euclidean,mean_std_0.25,normalized_union,ratio,0.25,1.0014398228453791,0.452,0.752,0.692,0.06
4,euclidean,mean_std_0.25,normalized_union,ratio,0.5,1.1396268828336438,0.552,0.752,0.712,0.04
4,euclidean,mean_std_0.25,normalized_union,ratio,1.0,1.4605286891200584,0.612,0.752,0.724,0.028
4,euclidean,mean_std_0.25,normalized_union,ratio,2.0,2.0898851995810355,0.632,0.752,0.728,0.024
4,euclidean,mean_std_0.25,normalized_union,inverse_margin,0.0,0.8834705223144552,0.412,0.752,0.684,0.068
4,euclidean,mean_std_0.25,normalized_union,inverse_margin,0.25,1.2935200858902736,0.642,0.752,0.73,0.022
4,euclidean,mean_std_0.25,normalized_union,inverse_margin,0.5,1.6680650045286778,0.642,0.752,0.73,0.022
4,euclidean,mean_std_0.25,normalized_union,inverse_margin,1.0,2.486010322712346,0.642,0.752,0.73,0.022
4,euclidean,mean_std_0.25,normalized_union,inverse_margin,2.0,4.041278480077797,0.642,0.752,0.73,0.022
4,euclidean,mean_std_0.25,normalized_union,max_ratio,0.0,0.8834705223144552,0.412,0.752,0.684,0.068
4,euclidean,mean_std_0.25,normalized_union,max_ratio,0.25,0.8834705223144552,0.412,0.752,0.684,0.068
4,euclidean,mean_std_0.25,normalized_union,max_ratio,0.5,0.8834705223144552,0.412,0.752,0.684,0.068
4,euclidean,mean_std_0.25,normalized_union,max_ratio,1.0,0.9170192347814903,0.532,0.752,0.708,0.044
4,euclidean,mean_std_0.25,normalized_union,max_ratio,2.0,1.2574357084962193,0.652,0.752,0.732,0.02
4,euclidean,mean_std_0.5,nearest_sphere,none,0.0,0.9172987312797247,0.462,0.752,0.694,0.058
4,euclidean,mean_std_0.5,nearest_sphere,none,0.25,0.9172987312797247,0.462,0.752,0.694,0.058
4,euclidean,mean_std_0.5,nearest_sphere,none,0.5,0.9172987312797247,0.462,0.752,0.694,0.058
4,euclidean,mean_std_0.5,nearest_sphere,none,1.0,0.9172987312797247,0.462,0.752,0.694,0.058
4,euclidean,mean_std_0.5,nearest_sphere,none,2.0,0.9172987312797247,0.462,0.752,0.694,0.058
4,euclidean,mean_std_0.5,nearest_sphere,ratio,0.0,0.9172987312797247,0.462,0.752,0.694,0.058
4,euclidean,mean_std_0.5,nearest_sphere,ratio,0.25,1.046447515112511,0.482,0.752,0.698,0.054
4,euclidean,mean_std_0.5,nearest_sphere,ratio,0.5,1.1901149687160375,0.522,0.752,0.706,0.046
4,euclidean,mean_std_0.5,nearest_sphere,ratio,1.0,1.5006051576737258,0.602,0.752,0.722,0.03
4,euclidean,mean_std_0.5,nearest_sphere,ratio,2.0,2.135606215439549,0.642,0.752,0.73,0.022
4,euclidean,mean_std_0.5,nearest_sphere,inverse_margin,0.0,0.9172987312797247,0.462,0.752,0.694,0.058
4,euclidean,mean_std_0.5,nearest_sphere,inverse_margin,0.25,1.392647666265566,0.642,0.752,0.73,0.022
4,euclidean,mean_std_0.5,nearest_sphere,inverse_margin,0.5,1.7683422263649375,0.642,0.752,0.73,0.022
4,euclidean,mean_std_0.5,nearest_sphere,inverse_margin,1.0,2.5419379363245467,0.642,0.752,0.73,0.022
4,euclidean,mean_std_0.5,nearest_sphere,inverse_margin,2.0,4.112850937680147,0.652,0.752,0.732,0.02
4,euclidean,mean_std_0.5,nearest_sphere,max_ratio,0.0,0.9172987312797247,0.462,0.752,0.694,0.058
4,euclidean,mean_std_0.5,nearest_sphere,max_ratio,0.25,0.9172987312797247,0.462,0.752,0.694,0.058
4,euclidean,mean_std_0.5,nearest_sphere,max_ratio,0.5,0.9172987312797247,0.462,0.752,0.694,0.058
4,euclidean,mean_std_0.5,nearest_sphere,max_ratio,1.0,0.9464368687674712,0.512,0.752,0.704,0.048
4,euclidean,mean_std_0.5,nearest_sphere,max_ratio,2.0,1.2925571249950756,0.642,0.752,0.73,0.022
4,euclidean,mean_std_0.5,normalized_union,none,0.0,0.82034180179381,0.422,0.752,0.686,0.066
4,euclidean,mean_std_0.5,normalized_union,none,0.25,0.82034180179381,0.422,0.752,0.686,0.066
4,euclidean,mean_std_0.5,normalized_union,none,0.5,0.82034180179381,0.422,0.752,0.686,0.066
4,euclidean,mean_std_0.5,normalized_union,none,1.0,0.82034180179381,0.422,0.752,0.686,0.066
4,euclidean,mean_std_0.5,normalized_union,none,2.0,0.82034180179381,0.422,0.752,0.686,0.066
4,euclidean,mean_std_0.5,normalized_union,ratio,0.0,0.82034180179381,0.422,0.752,0.686,0.066
4,euclidean,mean_std_0.5,normalized_union,ratio,0.25,0.9397610253615629,0.452,0.752,0.692,0.06
4,euclidean,mean_std_0.5,normalized_union,ratio,0.5,1.0841119843771572,0.542,0.752,0.71,0.042
4,euclidean,mean_std_0.5,normalized_union,ratio,1.0,1.411039317742584,0.612,0.752,0.724,0.028
4,euclidean,mean_std_0.5,normalized_union,ratio,2.0,2.0357680027769933,0.642,0.752,0.73,0.022
4,euclidean,mean_std_0.5,normalized_union,inverse_margin,0.0,0.82034180179381,0.422,0.752,0.686,0.066
4,euclidean,mean_std_0.5,normalized_union,inverse_margin,0.25,1.2355529012855553,0.642,0.752,0.73,0.022
4,euclidean,mean_std_0.5,normalized_union,inverse_margin,0.5,1.618616556175461,0.642,0.752,0.73,0.022
4,euclidean,mean_std_0.5,normalized_union,inverse_margin,1.0,2.4414005436820796,0.642,0.752,0.73,0.022
4,euclidean,mean_std_0.5,normalized_union,inverse_margin,2.0,3.934252606226206,0.642,0.752,0.73,0.022
4,euclidean,mean_std_0.5,normalized_union,max_ratio,0.0,0.82034180179381,0.422,0.752,0.686,0.066
4,euclidean,mean_std_0.5,normalized_union,max_ratio,0.25,0.82034180179381,0.422,0.752,0.686,0.066
4,euclidean,mean_std_0.5,normalized_union,max_ratio,0.5,0.82034180179381,0.422,0.752,0.686,0.066
4,euclidean,mean_std_0.5,normalized_union,max_ratio,1.0,0.8671682857701425,0.572,0.752,0.716,0.036
4,euclidean,mean_std_0.5,normalized_union,max_ratio,2.0,1.2438989933281726,0.642,0.752,0.73,0.022
4,euclidean,mean_std_0.75,nearest_sphere,none,0.0,0.8504822006979399,0.462,0.752,0.694,0.058
4,euclidean,mean_std_0.75,nearest_sphere,none,0.25,0.8504822006979399,0.462,0.752,0.694,0.058
4,euclidean,mean_std_0.75,nearest_sphere,none,0.5,0.8504822006979399,0.462,0.752,0.694,0.058
4,euclidean,mean_std_0.75,nearest_sphere,none,1.0,0.8504822006979399,0.462,0.752,0.694,0.058
4,euclidean,mean_std_0.75,nearest_sphere,none,2.0,0.8504822006979399,0.462,0.752,0.694,0.058
4,euclidean,mean_std_0.75,nearest_sphere,ratio,0.0,0.8504822006979399,0.462,0.752,0.694,0.058
4,euclidean,mean_std_0.75,nearest_sphere,ratio,0.25,0.9841781738197175,0.492,0.752,0.7,0.052
4,euclidean,mean_std_0.75,nearest_sphere,ratio,0.5,1.122971804684182,0.532,0.752,0.708,0.044
4,euclidean,mean_std_0.75,nearest_sphere,ratio,1.0,1.4377180091774684,0.612,0.752,0.724,0.028
4,euclidean,mean_std_0.75,nearest_sphere,ratio,2.0,2.0778287629694145,0.642,0.752,0.73,0.022
4,euclidean,mean_std_0.75,nearest_sphere,inverse_margin,0.0,0.8504822006979399,0.462,0.752,0.694,0.058
4,euclidean,mean_std_0.75,nearest_sphere,inverse_margin,0.25,1.3024660232519298,0.642,0.752,0.73,0.022
4,euclidean,mean_std_0.75,nearest_sphere,inverse_margin,0.5,1.6916451131216226,0.642,0.752,0.73,0.022
4,euclidean,mean_std_0.75,nearest_sphere,inverse_margin,1.0,2.4621455580679568,0.642,0.752,0.73,0.022
4,euclidean,mean_std_0.75,nearest_sphere,inverse_margin,2.0,4.058618462724896,0.652,0.752,0.732,0.02
4,euclidean,mean_std_0.75,nearest_sphere,max_ratio,0.0,0.8504822006979399,0.462,0.752,0.694,0.058
4,euclidean,mean_std_0.75,nearest_sphere,max_ratio,0.25,0.8504822006979399,0.462,0.752,0.694,0.058
4,euclidean,mean_std_0.75,nearest_sphere,max_ratio,0.5,0.8504822006979399,0.462,0.752,0.694,0.058
4,euclidean,mean_std_0.75,nearest_sphere,max_ratio,1.0,0.9098574567919,0.562,0.752,0.714,0.038
4,euclidean,mean_std_0.75,nearest_sphere,max_ratio,2.0,1.2750436577028026,0.652,0.752,0.732,0.02
4,euclidean,mean_std_0.75,normalized_union,none,0.0,0.7665535577222039,0.412,0.752,0.684,0.068
4,euclidean,mean_std_0.75,normalized_union,none,0.25,0.7665535577222039,0.412,0.752,0.684,0.068
4,euclidean,mean_std_0.75,normalized_union,none,0.5,0.7665535577222039,0.412,0.752,0.684,0.068
4,euclidean,mean_std_0.75,normalized_union,none,1.0,0.7665535577222039,0.412,0.752,0.684,0.068
4,euclidean,mean_std_0.75,normalized_union,none,2.0,0.7665535577222039,0.412,0.752,0.684,0.068
4,euclidean,mean_std_0.75,normalized_union,ratio,0.0,0.7665535577222039,0.412,0.752,0.684,0.068
4,euclidean,mean_std_0.75,normalized_union,ratio,0.25,0.8831905656001656,0.462,0.752,0.694,0.058
4,euclidean,mean_std_0.75,normalized_union,ratio,0.5,1.0314684481041427,0.552,0.752,0.712,0.04
4,euclidean,mean_std_0.75,normalized_union,ratio,1.0,1.3636268110320469,0.622,0.752,0.726,0.026
4,euclidean,mean_std_0.75,normalized_union,ratio,2.0,1.991843508765286,0.642,0.752,0.73,0.022
4,euclidean,mean_std_0.75,normalized_union,inverse_margin,0.0,0.7665535577222039,0.412,0.752,0.684,0.068
4,euclidean,mean_std_0.75,normalized_union,inverse_margin,0.25,1.180474376600826,0.642,0.752,0.73,0.022
4,euclidean,mean_std_0.75,normalized_union,inverse_margin,0.5,1.5746920621637537,0.642,0.752,0.73,0.022
4,euclidean,mean_std_0.75,normalized_union,inverse_margin,1.0,2.3746902853229597,0.652,0.752,0.732,0.02
4,euclidean,mean_std_0.75,normalized_union,inverse_margin,2.0,3.843844106247536,0.642,0.752,0.73,0.022
4,euclidean,mean_std_0.75,normalized_union,max_ratio,0.0,0.7665535577222039,0.412,0.752,0.684,0.068
4,euclidean,mean_std_0.75,normalized_union,max_ratio,0.25,0.7665535577222039,0.412,0.752,0.684,0.068
4,euclidean,mean_std_0.75,normalized_union,max_ratio,0.5,0.7665535577222039,0.412,0.752,0.684,0.068
4,euclidean,mean_std_0.75,normalized_union,max_ratio,1.0,0.8339070236733552,0.582,0.752,0.718,0.034
4,euclidean,mean_std_0.75,normalized_union,max_ratio,2.0,1.2305340333148993,0.642,0.752,0.73,0.022
4,euclidean,mean_std_1.0,nearest_sphere,none,0.0,0.7925942089426762,0.462,0.752,0.694,0.058
4,euclidean,mean_std_1.0,nearest_sphere,none,0.25,0.7925942089426762,0.462,0.752,0.694,0.058
4,euclidean,mean_std_1.0,nearest_sphere,none,0.5,0.7925942089426762,0.462,0.752,0.694,0.058
4,euclidean,mean_std_1.0,nearest_sphere,none,1.0,0.7925942089426762,0.462,0.752,0.694,0.058
4,euclidean,mean_std_1.0,nearest_sphere,none,2.0,0.7925942089426762,0.462,0.752,0.694,0.058
4,euclidean,mean_std_1.0,nearest_sphere,ratio,0.0,0.7925942089426762,0.462,0.752,0.694,0.058
4,euclidean,mean_std_1.0,nearest_sphere,ratio,0.25,0.9246719410822464,0.502,0.752,0.702,0.05
4,euclidean,mean_std_1.0,nearest_sphere,ratio,0.5,1.0664792969061285,0.532,0.752,0.708,0.044
4,euclidean,mean_std_1.0,nearest_sphere,ratio,1.0,1.3880201308839526,0.612,0.752,0.724,0.028
4,euclidean,mean_std_1.0,nearest_sphere,ratio,2.0,2.028995776026461,0.642,0.752,0.73,0.022
4,euclidean,mean_std_1.0,nearest_sphere,inverse_margin,0.0,0.7925942089426762,0.462,0.752,0.694,0.058
4,euclidean,mean_std_1.0,nearest_sphere,inverse_margin,0.25,1.2252408739450693,0.642,0.752,0.73,0.022
4,euclidean,mean_std_1.0,nearest_sphere,inverse_margin,0.5,1.648325917309997,0.642,0.752,0.73,0.022
4,euclidean,mean_std_1.0,nearest_sphere,inverse_margin,1.0,2.39899639863805,0.642,0.752,0.73,0.022
4,euclidean,mean_std_1.0,nearest_sphere,inverse_margin,2.0,4.012057183930161,0.652,0.752,0.732,0.02
4,euclidean,mean_std_1.0,nearest_sphere,max_ratio,0.0,0.7925942089426762,0.462,0.752,0.694,0.058
4,euclidean,mean_std_1.0,nearest_sphere,max_ratio,0.25,0.7925942089426762,0.462,0.752,0.694,0.058
4,euclidean,mean_std_1.0,nearest_sphere,max_ratio,0.5,0.7925942089426762,0.462,0.752,0.694,0.058
4,euclidean,mean_std_1.0,nearest_sphere,max_ratio,1.0,0.8744159625159893,0.592,0.752,0.72,0.032
4,euclidean,mean_std_1.0,nearest_sphere,max_ratio,2.0,1.2663005197811017,0.662,0.752,0.734,0.018
4,euclidean,mean_std_1.0,normalized_union,none,0.0,0.7153235196510327,0.392,0.752,0.68,0.072
4,euclidean,mean_std_1.0,normalized_union,none,0.25,0.7153235196510327,0.392,0.752,0.68,0.072
4,euclidean,mean_std_1.0,normalized_union,none,0.5,0.7153235196510327,0.392,0.752,0.68,0.072
4,euclidean,mean_std_1.0,normalized_union,none,1.0,0.7153235196510327,0.392,0.752,0.68,0.072
4,euclidean,mean_std_1.0,normalized_union,none,2.0,0.7153235196510327,0.392,0.752,0.68,0.072
4,euclidean,mean_std_1.0,normalized_union,ratio,0.0,0.7153235196510327,0.392,0.752,0.68,0.072
4,euclidean,mean_std_1.0,normalized_union,ratio,0.25,0.8349779435175226,0.462,0.752,0.694,0.058
4,euclidean,mean_std_1.0,normalized_union,ratio,0.5,0.9840099340924651,0.542,0.752,0.71,0.042
4,euclidean,mean_std_1.0,normalized_union,ratio,1.0,1.3168902437395367,0.622,0.752,0.726,0.026
4,euclidean,mean_std_1.0,normalized_union,ratio,2.0,1.946056300071499,0.642,0.752,0.73,0.022
4,euclidean,mean_std_1.0,normalized_union,inverse_margin,0.0,0.7153235196510327,0.392,0.752,0.68,0.072
4,euclidean,mean_std_1.0,normalized_union,inverse_margin,0.25,1.1394437265527873,0.642,0.752,0.73,0.022
4,euclidean,mean_std_1.0,normalized_union,inverse_margin,0.5,1.535414856446664,0.642,0.752,0.73,0.022
4,euclidean,mean_std_1.0,normalized_union,inverse_margin,1.0,2.31191870159856,0.652,0.752,0.732,0.02
4,euclidean,mean_std_1.0,normalized_union,inverse_margin,2.0,3.789552510854104,0.642,0.752,0.73,0.022
4,euclidean,mean_std_1.0,normalized_union,max_ratio,0.0,0.7153235196510327,0.392,0.752,0.68,0.072
4,euclidean,mean_std_1.0,normalized_union,max_ratio,0.25,0.7153235196510327,0.392,0.752,0.68,0.072
4,euclidean,mean_std_1.0,normalized_union,max_ratio,0.5,0.7153235196510327,0.392,0.752,0.68,0.072
4,euclidean,mean_std_1.0,normalized_union,max_ratio,1.0,0.7848966742080355,0.582,0.752,0.718,0.034
4,euclidean,mean_std_1.0,normalized_union,max_ratio,2.0,1.2305340333148993,0.642,0.752,0.73,0.022
4,euclidean,mean_std_1.5,nearest_sphere,none,0.0,0.6985646497674728,0.472,0.752,0.696,0.056
4,euclidean,mean_std_1.5,nearest_sphere,none,0.25,0.6985646497674728,0.472,0.752,0.696,0.056
4,euclidean,mean_std_1.5,nearest_sphere,none,0.5,0.6985646497674728,0.472,0.752,0.696,0.056
4,euclidean,mean_std_1.5,nearest_sphere,none,1.0,0.6985646497674728,0.472,0.752,0.696,0.056
4,euclidean,mean_std_1.5,nearest_sphere,none,2.0,0.6985646497674728,0.472,0.752,0.696,0.056
4,euclidean,mean_std_1.5,nearest_sphere,ratio,0.0,0.6985646497674728,0.472,0.752,0.696,0.056
4,euclidean,mean_std_1.5,nearest_sphere,ratio,0.25,0.8341250966736136,0.512,0.752,0.704,0.048
4,euclidean,mean_std_1.5,nearest_sphere,ratio,0.5,0.9801020219292349,0.562,0.752,0.714,0.038
4,euclidean,mean_std_1.5,nearest_sphere,ratio,1.0,1.3009634513847228,0.622,0.752,0.726,0.026
4,euclidean,mean_std_1.5,nearest_sphere,ratio,2.0,1.922560549966049,0.642,0.752,0.73,0.022
4,euclidean,mean_std_1.5,nearest_sphere,inverse_margin,0.0,0.6985646497674728,0.472,0.752,0.696,0.056
4,euclidean,mean_std_1.5,nearest_sphere,inverse_margin,0.25,1.1409529824083329,0.652,0.752,0.732,0.02
4,euclidean,mean_std_1.5,nearest_sphere,inverse_margin,0.5,1.5616559406061308,0.642,0.752,0.73,0.022
4,euclidean,mean_std_1.5,nearest_sphere,inverse_margin,1.0,2.3069078671526024,0.642,0.752,0.73,0.022
4,euclidean,mean_std_1.5,nearest_sphere,inverse_margin,2.0,3.8984112355184477,0.652,0.752,0.732,0.02
4,euclidean,mean_std_1.5,nearest_sphere,max_ratio,0.0,0.6985646497674728,0.472,0.752,0.696,0.056
4,euclidean,mean_std_1.5,nearest_sphere,max_ratio,0.25,0.6985646497674728,0.472,0.752,0.696,0.056
4,euclidean,mean_std_1.5,nearest_sphere,max_ratio,0.5,0.6985646497674728,0.472,0.752,0.696,0.056
4,euclidean,mean_std_1.5,nearest_sphere,max_ratio,1.0,0.8067526124060593,0.602,0.752,0.722,0.03
4,euclidean,mean_std_1.5,nearest_sphere,max_ratio,2.0,1.2574357084962193,0.642,0.752,0.73,0.022
4,euclidean,mean_std_1.5,normalized_union,none,0.0,0.6376464544483258,0.382,0.752,0.678,0.074
4,euclidean,mean_std_1.5,normalized_union,none,0.25,0.6376464544483258,0.382,0.752,0.678,0.074
4,euclidean,mean_std_1.5,normalized_union,none,0.5,0.6376464544483258,0.382,0.752,0.678,0.074
4,euclidean,mean_std_1.5,normalized_union,none,1.0,0.6376464544483258,0.382,0.752,0.678,0.074
4,euclidean,mean_std_1.5,normalized_union,none,2.0,0.6376464544483258,0.382,0.752,0.678,0.074
4,euclidean,mean_std_1.5,normalized_union,ratio,0.0,0.6376464544483258,0.382,0.752,0.678,0.074
4,euclidean,mean_std_1.5,normalized_union,ratio,0.25,0.7583110937187627,0.462,0.752,0.694,0.058
4,euclidean,mean_std_1.5,normalized_union,ratio,0.5,0.9151288137116467,0.542,0.752,0.71,0.042
4,euclidean,mean_std_1.5,normalized_union,ratio,1.0,1.2542981025216957,0.622,0.752,0.726,0.026
4,euclidean,mean_std_1.5,normalized_union,ratio,2.0,1.844599540586328,0.642,0.752,0.73,0.022
4,euclidean,mean_std_1.5,normalized_union,inverse_margin,0.0,0.6376464544483258,0.382,0.752,0.678,0.074
4,euclidean,mean_std_1.5,normalized_union,inverse_margin,0.25,1.0600508105308262,0.642,0.752,0.73,0.022
4,euclidean,mean_std_1.5,normalized_union,inverse_margin,0.5,1.460268647347083,0.642,0.752,0.73,0.022
4,euclidean,mean_std_1.5,normalized_union,inverse_margin,1.0,2.2361059753978125,0.652,0.752,0.732,0.02
4,euclidean,mean_std_1.5,normalized_union,inverse_margin,2.0,3.724554758463575,0.642,0.752,0.73,0.022
4,euclidean,mean_std_1.5,normalized_union,max_ratio,0.0,0.6376464544483258,0.382,0.752,0.678,0.074
4,euclidean,mean_std_1.5,normalized_union,max_ratio,0.25,0.6376464544483258,0.382,0.752,0.678,0.074
4,euclidean,mean_std_1.5,normalized_union,max_ratio,0.5,0.6376464544483258,0.382,0.752,0.678,0.074
4,euclidean,mean_std_1.5,normalized_union,max_ratio,1.0,0.7182480811598749,0.622,0.752,0.726,0.026
4,euclidean,mean_std_1.5,normalized_union,max_ratio,2.0,1.2172547469661472,0.642,0.752,0.73,0.022
4,euclidean,mean_std_2.0,nearest_sphere,none,0.0,0.6340930503266566,0.472,0.752,0.696,0.056
4,euclidean,mean_std_2.0,nearest_sphere,none,0.25,0.6340930503266566,0.472,0.752,0.696,0.056
4,euclidean,mean_std_2.0,nearest_sphere,none,0.5,0.6340930503266566,0.472,0.752,0.696,0.056
4,euclidean,mean_std_2.0,nearest_sphere,none,1.0,0.6340930503266566,0.472,0.752,0.696,0.056
4,euclidean,mean_std_2.0,nearest_sphere,none,2.0,0.6340930503266566,0.472,0.752,0.696,0.056
4,euclidean,mean_std_2.0,nearest_sphere,ratio,0.0,0.6340930503266566,0.472,0.752,0.696,0.056
4,euclidean,mean_std_2.0,nearest_sphere,ratio,0.25,0.7624331949690017,0.512,0.752,0.704,0.048
4,euclidean,mean_std_2.0,nearest_sphere,ratio,0.5,0.9063773193461873,0.562,0.752,0.714,0.038
4,euclidean,mean_std_2.0,nearest_sphere,ratio,1.0,1.2354262710373123,0.632,0.752,0.728,0.024
4,euclidean,mean_std_2.0,nearest_sphere,ratio,2.0,1.8550027158662807,0.642,0.752,0.73,0.022
4,euclidean,mean_std_2.0,nearest_sphere,inverse_margin,0.0,0.6340930503266566,0.472,0.752,0.696,0.056
4,euclidean,mean_std_2.0,nearest_sphere,inverse_margin,0.25,1.0674132275997095,0.652,0.752,0.732,0.02
4,euclidean,mean_std_2.0,nearest_sphere,inverse_margin,0.5,1.463393280685527,0.642,0.752,0.73,0.022
4,euclidean,mean_std_2.0,nearest_sphere,inverse_margin,1.0,2.234678977827742,0.652,0.752,0.732,0.02
4,euclidean,mean_std_2.0,nearest_sphere,inverse_margin,2.0,3.7766846548041597,0.642,0.752,0.73,0.022
4,euclidean,mean_std_2.0,nearest_sphere,max_ratio,0.0,0.6340930503266566,0.472,0.752,0.696,0.056
4,euclidean,mean_std_2.0,nearest_sphere,max_ratio,0.25,0.6340930503266566,0.472,0.752,0.696,0.056
4,euclidean,mean_std_2.0,nearest_sphere,max_ratio,0.5,0.6340930503266566,0.472,0.752,0.696,0.056
4,euclidean,mean_std_2.0,nearest_sphere,max_ratio,1.0,0.7496409452897392,0.612,0.752,0.724,0.028
4,euclidean,mean_std_2.0,nearest_sphere,max_ratio,2.0,1.2563998203208357,0.642,0.752,0.73,0.022
4,euclidean,mean_std_2.0,normalized_union,none,0.0,0.5717429197179932,0.382,0.752,0.678,0.074
4,euclidean,mean_std_2.0,normalized_union,none,0.25,0.5717429197179932,0.382,0.752,0.678,0.074
4,euclidean,mean_std_2.0,normalized_union,none,0.5,0.5717429197179932,0.382,0.752,0.678,0.074
4,euclidean,mean_std_2.0,normalized_union,none,1.0,0.5717429197179932,0.382,0.752,0.678,0.074
4,euclidean,mean_std_2.0,normalized_union,none,2.0,0.5717429197179932,0.382,0.752,0.678,0.074
4,euclidean,mean_std_2.0,normalized_union,ratio,0.0,0.5717429197179932,0.382,0.752,0.678,0.074
4,euclidean,mean_std_2.0,normalized_union,ratio,0.25,0.6970213821345459,0.462,0.752,0.694,0.058
4,euclidean,mean_std_2.0,normalized_union,ratio,0.5,0.8590788765097142,0.562,0.752,0.714,0.038
4,euclidean,mean_std_2.0,normalized_union,ratio,1.0,1.1945260519757164,0.632,0.752,0.728,0.024
4,euclidean,mean_std_2.0,normalized_union,ratio,2.0,1.7924009005680333,0.642,0.752,0.73,0.022
4,euclidean,mean_std_2.0,normalized_union,inverse_margin,0.0,0.5717429197179932,0.382,0.752,0.678,0.074
4,euclidean,mean_std_2.0,normalized_union,inverse_margin,0.25,0.9887304978977991,0.642,0.752,0.73,0.022
4,euclidean,mean_std_2.0,normalized_union,inverse_margin,0.5,1.38647257285642,0.642,0.752,0.73,0.022
4,euclidean,mean_std_2.0,normalized_union,inverse_margin,1.0,2.1586422915914385,0.642,0.752,0.73,0.022
4,euclidean,mean_std_2.0,normalized_union,inverse_margin,2.0,3.670908699759167,0.642,0.752,0.73,0.022
4,euclidean,mean_std_2.0,normalized_union,max_ratio,0.0,0.5717429197179932,0.382,0.752,0.678,0.074
4,euclidean,mean_std_2.0,normalized_union,max_ratio,0.25,0.5717429197179932,0.382,0.752,0.678,0.074
4,euclidean,mean_std_2.0,normalized_union,max_ratio,0.5,0.5717429197179932,0.382,0.752,0.678,0.074
4,euclidean,mean_std_2.0,normalized_union,max_ratio,1.0,0.6646142305488165,0.622,0.752,0.726,0.026
4,euclidean,mean_std_2.0,normalized_union,max_ratio,2.0,1.2172547469661472,0.642,0.752,0.73,0.022
4,euclidean,mean_std_3.0,nearest_sphere,none,0.0,0.5291857983411498,0.442,0.752,0.69,0.062
4,euclidean,mean_std_3.0,nearest_sphere,none,0.25,0.5291857983411498,0.442,0.752,0.69,0.062
4,euclidean,mean_std_3.0,nearest_sphere,none,0.5,0.5291857983411498,0.442,0.752,0.69,0.062
4,euclidean,mean_std_3.0,nearest_sphere,none,1.0,0.5291857983411498,0.442,0.752,0.69,0.062
4,euclidean,mean_std_3.0,nearest_sphere,none,2.0,0.5291857983411498,0.442,0.752,0.69,0.062
4,euclidean,mean_std_3.0,nearest_sphere,ratio,0.0,0.5291857983411498,0.442,0.752,0.69,0.062
4,euclidean,mean_std_3.0,nearest_sphere,ratio,0.25,0.6518434242062897,0.512,0.752,0.704,0.048
4,euclidean,mean_std_3.0,nearest_sphere,ratio,0.5,0.810223848543121,0.582,0.752,0.718,0.034
4,euclidean,mean_std_3.0,nearest_sphere,ratio,1.0,1.1353676941728543,0.642,0.752,0.73,0.022
4,euclidean,mean_std_3.0,nearest_sphere,ratio,2.0,1.719247061133999,0.642,0.752,0.73,0.022
4,euclidean,mean_std_3.0,nearest_sphere,inverse_margin,0.0,0.5291857983411498,0.442,0.752,0.69,0.062
4,euclidean,mean_std_3.0,nearest_sphere,inverse_margin,0.25,0.9558449495816503,0.652,0.752,0.732,0.02
4,euclidean,mean_std_3.0,nearest_sphere,inverse_margin,0.5,1.3371836043445882,0.642,0.752,0.73,0.022
4,euclidean,mean_std_3.0,nearest_sphere,inverse_margin,1.0,2.0908524028802233,0.652,0.752,0.732,0.02
4,euclidean,mean_std_3.0,nearest_sphere,inverse_margin,2.0,3.5929308854608983,0.642,0.752,0.73,0.022
4,euclidean,mean_std_3.0,nearest_sphere,max_ratio,0.0,0.5291857983411498,0.442,0.752,0.69,0.062
4,euclidean,mean_std_3.0,nearest_sphere,max_ratio,0.25,0.5291857983411498,0.442,0.752,0.69,0.062
4,euclidean,mean_std_3.0,nearest_sphere,max_ratio,0.5,0.5291857983411498,0.442,0.752,0.69,0.062
4,euclidean,mean_std_3.0,nearest_sphere,max_ratio,1.0,0.673175010331046,0.622,0.752,0.726,0.026
4,euclidean,mean_std_3.0,nearest_sphere,max_ratio,2.0,1.2305340333148993,0.642,0.752,0.73,0.022
4,euclidean,mean_std_3.0,normalized_union,none,0.0,0.48003854272500607,0.352,0.752,0.672,0.08
4,euclidean,mean_std_3.0,normalized_union,none,0.25,0.48003854272500607,0.352,0.752,0.672,0.08
4,euclidean,mean_std_3.0,normalized_union,none,0.5,0.48003854272500607,0.352,0.752,0.672,0.08
4,euclidean,mean_std_3.0,normalized_union,none,1.0,0.48003854272500607,0.352,0.752,0.672,0.08
4,euclidean,mean_std_3.0,normalized_union,none,2.0,0.48003854272500607,0.352,0.752,0.672,0.08
4,euclidean,mean_std_3.0,normalized_union,ratio,0.0,0.48003854272500607,0.352,0.752,0.672,0.08
4,euclidean,mean_std_3.0,normalized_union,ratio,0.25,0.6007911927451575,0.492,0.752,0.7,0.052
4,euclidean,mean_std_3.0,normalized_union,ratio,0.5,0.7720585806121776,0.562,0.752,0.714,0.038
4,euclidean,mean_std_3.0,normalized_union,ratio,1.0,1.0909986233239235,0.632,0.752,0.728,0.024
4,euclidean,mean_std_3.0,normalized_union,ratio,2.0,1.7077077899947868,0.642,0.752,0.73,0.022
4,euclidean,mean_std_3.0,normalized_union,inverse_margin,0.0,0.48003854272500607,0.352,0.752,0.672,0.08
4,euclidean,mean_std_3.0,normalized_union,inverse_margin,0.25,0.8980763008513757,0.642,0.752,0.73,0.022
4,euclidean,mean_std_3.0,normalized_union,inverse_margin,0.5,1.2982136752856839,0.652,0.752,0.732,0.02
4,euclidean,mean_std_3.0,normalized_union,inverse_margin,1.0,2.0324352782326383,0.642,0.752,0.73,0.022
4,euclidean,mean_std_3.0,normalized_union,inverse_margin,2.0,3.5875449927255376,0.642,0.752,0.73,0.022
4,euclidean,mean_std_3.0,normalized_union,max_ratio,0.0,0.48003854272500607,0.352,0.752,0.672,0.08
4,euclidean,mean_std_3.0,normalized_union,max_ratio,0.25,0.48003854272500607,0.352,0.752,0.672,0.08
4,euclidean,mean_std_3.0,normalized_union,max_ratio,0.5,0.48485568990919026,0.392,0.752,0.68,0.072
4,euclidean,mean_std_3.0,normalized_union,max_ratio,1.0,0.6375218288514013,0.632,0.752,0.728,0.024
4,euclidean,mean_std_3.0,normalized_union,max_ratio,2.0,1.2172547469661472,0.642,0.752,0.73,0.022
4,euclidean,center_quantile_0.5,nearest_sphere,none,0.0,1.200524273680511,0.432,0.752,0.688,0.064
4,euclidean,center_quantile_0.5,nearest_sphere,none,0.25,1.200524273680511,0.432,0.752,0.688,0.064
4,euclidean,center_quantile_0.5,nearest_sphere,none,0.5,1.200524273680511,0.432,0.752,0.688,0.064
4,euclidean,center_quantile_0.5,nearest_sphere,none,1.0,1.200524273680511,0.432,0.752,0.688,0.064
4,euclidean,center_quantile_0.5,nearest_sphere,none,2.0,1.200524273680511,0.432,0.752,0.688,0.064
4,euclidean,center_quantile_0.5,nearest_sphere,ratio,0.0,1.200524273680511,0.432,0.752,0.688,0.064
4,euclidean,center_quantile_0.5,nearest_sphere,ratio,0.25,1.3234588682003243,0.462,0.752,0.694,0.058
4,euclidean,center_quantile_0.5,nearest_sphere,ratio,0.5,1.4577158374655919,0.502,0.752,0.702,0.05
4,euclidean,center_quantile_0.5,nearest_sphere,ratio,1.0,1.7930746729897606,0.552,0.752,0.712,0.04
4,euclidean,center_quantile_0.5,nearest_sphere,ratio,2.0,2.423826520635582,0.632,0.752,0.728,0.024
4,euclidean,center_quantile_0.5,nearest_sphere,inverse_margin,0.0,1.200524273680511,0.432,0.752,0.688,0.064
4,euclidean,center_quantile_0.5,nearest_sphere,inverse_margin,0.25,1.691531048030262,0.642,0.752,0.73,0.022
4,euclidean,center_quantile_0.5,nearest_sphere,inverse_margin,0.5,2.0112176028252207,0.642,0.752,0.73,0.022
4,euclidean,center_quantile_0.5,nearest_sphere,inverse_margin,1.0,2.84584546050291,0.632,0.752,0.728,0.024
4,euclidean,center_quantile_0.5,nearest_sphere,inverse_margin,2.0,4.374738959368231,0.642,0.752,0.73,0.022
4,euclidean,center_quantile_0.5,nearest_sphere,max_ratio,0.0,1.200524273680511,0.432,0.752,0.688,0.064
4,euclidean,center_quantile_0.5,nearest_sphere,max_ratio,0.25,1.200524273680511,0.432,0.752,0.688,0.064
4,euclidean,center_quantile_0.5,nearest_sphere,max_ratio,0.5,1.200524273680511,0.432,0.752,0.688,0.064
4,euclidean,center_quantile_0.5,nearest_sphere,max_ratio,1.0,1.200524273680511,0.432,0.752,0.688,0.064
4,euclidean,center_quantile_0.5,nearest_sphere,max_ratio,2.0,1.4292752755659581,0.612,0.752,0.724,0.028
4,euclidean,center_quantile_0.5,normalized_union,none,0.0,1.0059471447860833,0.422,0.752,0.686,0.066
4,euclidean,center_quantile_0.5,normalized_union,none,0.25,1.0059471447860833,0.422,0.752,0.686,0.066
4,euclidean,center_quantile_0.5,normalized_union,none,0.5,1.0059471447860833,0.422,0.752,0.686,0.066
4,euclidean,center_quantile_0.5,normalized_union,none,1.0,1.0059471447860833,0.422,0.752,0.686,0.066
4,euclidean,center_quantile_0.5,normalized_union,none,2.0,1.0059471447860833,0.422,0.752,0.686,0.066
4,euclidean,center_quantile_0.5,normalized_union,ratio,0.0,1.0059471447860833,0.422,0.752,0.686,0.066
4,euclidean,center_quantile_0.5,normalized_union,ratio,0.25,1.131828421827708,0.502,0.752,0.702,0.05
4,euclidean,center_quantile_0.5,normalized_union,ratio,0.5,1.2769217288101355,0.582,0.752,0.718,0.034
4,euclidean,center_quantile_0.5,normalized_union,ratio,1.0,1.5879028578889738,0.602,0.752,0.722,0.03
4,euclidean,center_quantile_0.5,normalized_union,ratio,2.0,2.1947725744096567,0.622,0.752,0.726,0.026
4,euclidean,center_quantile_0.5,normalized_union,inverse_margin,0.0,1.0059471447860833,0.422,0.752,0.686,0.066
4,euclidean,center_quantile_0.5,normalized_union,inverse_margin,0.25,1.4027787152016415,0.632,0.752,0.728,0.024
4,euclidean,center_quantile_0.5,normalized_union,inverse_margin,0.5,1.7918048276536538,0.642,0.752,0.73,0.022
4,euclidean,center_quantile_0.5,normalized_union,inverse_margin,1.0,2.582741968804438,0.642,0.752,0.73,0.022
4,euclidean,center_quantile_0.5,normalized_union,inverse_margin,2.0,4.2440889660516845,0.652,0.752,0.732,0.02
4,euclidean,center_quantile_0.5,normalized_union,max_ratio,0.0,1.0059471447860833,0.422,0.752,0.686,0.066
4,euclidean,center_quantile_0.5,normalized_union,max_ratio,0.25,1.0059471447860833,0.422,0.752,0.686,0.066
4,euclidean,center_quantile_0.5,normalized_union,max_ratio,0.5,1.0059471447860833,0.422,0.752,0.686,0.066
4,euclidean,center_quantile_0.5,normalized_union,max_ratio,1.0,1.0059471447860833,0.422,0.752,0.686,0.066
4,euclidean,center_quantile_0.5,normalized_union,max_ratio,2.0,1.280004385947092,0.642,0.752,0.73,0.022
4,euclidean,intent_quantile_0.5,nearest_sphere,none,0.0,1.2617216322210776,0.462,0.752,0.694,0.058
4,euclidean,intent_quantile_0.5,nearest_sphere,none,0.25,1.2617216322210776,0.462,0.752,0.694,0.058
4,euclidean,intent_quantile_0.5,nearest_sphere,none,0.5,1.2617216322210776,0.462,0.752,0.694,0.058
4,euclidean,intent_quantile_0.5,nearest_sphere,none,1.0,1.2617216322210776,0.462,0.752,0.694,0.058
4,euclidean,intent_quantile_0.5,nearest_sphere,none,2.0,1.2617216322210776,0.462,0.752,0.694,0.058
4,euclidean,intent_quantile_0.5,nearest_sphere,ratio,0.0,1.2617216322210776,0.462,0.752,0.694,0.058
4,euclidean,intent_quantile_0.5,nearest_sphere,ratio,0.25,1.389629319519197,0.492,0.752,0.7,0.052
4,euclidean,intent_quantile_0.5,nearest_sphere,ratio,0.5,1.538948033671971,0.522,0.752,0.706,0.046
4,euclidean,intent_quantile_0.5,nearest_sphere,ratio,1.0,1.84563343891256,0.542,0.752,0.71,0.042
4,euclidean,intent_quantile_0.5,nearest_sphere,ratio,2.0,2.5385279794102735,0.632,0.752,0.728,0.024
4,euclidean,intent_quantile_0.5,nearest_sphere,inverse_margin,0.0,1.2617216322210776,0.462,0.752,0.694,0.058
4,euclidean,intent_quantile_0.5,nearest_sphere,inverse_margin,0.25,1.8144845808092742,0.642,0.752,0.73,0.022
4,euclidean,intent_quantile_0.5,nearest_sphere,inverse_margin,0.5,2.232548868636983,0.642,0.752,0.73,0.022
4,euclidean,intent_quantile_0.5,nearest_sphere,inverse_margin,1.0,3.0426325319594554,0.642,0.752,0.73,0.022
4,euclidean,intent_quantile_0.5,nearest_sphere,inverse_margin,2.0,4.7262045974137274,0.642,0.752,0.73,0.022
4,euclidean,intent_quantile_0.5,nearest_sphere,max_ratio,0.0,1.2617216322210776,0.462,0.752,0.694,0.058
4,euclidean,intent_quantile_0.5,nearest_sphere,max_ratio,0.25,1.2617216322210776,0.462,0.752,0.694,0.058
4,euclidean,intent_quantile_0.5,nearest_sphere,max_ratio,0.5,1.2617216322210776,0.462,0.752,0.694,0.058
4,euclidean,intent_quantile_0.5,nearest_sphere,max_ratio,1.0,1.2617216322210776,0.462,0.752,0.694,0.058
4,euclidean,intent_quantile_0.5,nearest_sphere,max_ratio,2.0,1.5437620790842301,0.652,0.752,0.732,0.02
4,euclidean,intent_quantile_0.5,normalized_union,none,0.0,1.2570904170790291,0.412,0.752,0.684,0.068
4,euclidean,intent_quantile_0.5,normalized_union,none,0.25,1.2570904170790291,0.412,0.752,0.684,0.068
4,euclidean,intent_quantile_0.5,normalized_union,none,0.5,1.2570904170790291,0.412,0.752,0.684,0.068
4,euclidean,intent_quantile_0.5,normalized_union,none,1.0,1.2570904170790291,0.412,0.752,0.684,0.068
4,euclidean,intent_quantile_0.5,normalized_union,none,2.0,1.2570904170790291,0.412,0.752,0.684,0.068
4,euclidean,intent_quantile_0.5,normalized_union,ratio,0.0,1.2570904170790291,0.412,0.752,0.684,0.068
4,euclidean,intent_quantile_0.5,normalized_union,ratio,0.25,1.3855068648313444,0.442,0.752,0.69,0.062
4,euclidean,intent_quantile_0.5,normalized_union,ratio,0.5,1.520698602757279,0.472,0.752,0.696,0.056
4,euclidean,intent_quantile_0.5,normalized_union,ratio,1.0,1.8332254341010072,0.512,0.752,0.704,0.048
4,euclidean,intent_quantile_0.5,normalized_union,ratio,2.0,2.532539379316084,0.642,0.752,0.73,0.022
4,euclidean,intent_quantile_0.5,normalized_union,inverse_margin,0.0,1.2570904170790291,0.412,0.752,0.684,0.068
4,euclidean,intent_quantile_0.5,normalized_union,inverse_margin,0.25,1.8144845808092742,0.642,0.752,0.73,0.022
4,euclidean,intent_quantile_0.5,normalized_union,inverse_margin,0.5,2.232548868636983,0.642,0.752,0.73,0.022
4,euclidean,intent_quantile_0.5,normalized_union,inverse_margin,1.0,3.0426325319594554,0.642,0.752,0.73,0.022
4,euclidean,intent_quantile_0.5,normalized_union,inverse_margin,2.0,4.7262045974137274,0.642,0.752,0.73,0.022
4,euclidean,intent_quantile_0.5,normalized_union,max_ratio,0.0,1.2570904170790291,0.412,0.752,0.684,0.068
4,euclidean,intent_quantile_0.5,normalized_union,max_ratio,0.25,1.2570904170790291,0.412,0.752,0.684,0.068
4,euclidean,intent_quantile_0.5,normalized_union,max_ratio,0.5,1.2570904170790291,0.412,0.752,0.684,0.068
4,euclidean,intent_quantile_0.5,normalized_union,max_ratio,1.0,1.2570904170790291,0.412,0.752,0.684,0.068
4,euclidean,intent_quantile_0.5,normalized_union,max_ratio,2.0,1.5437620790842301,0.652,0.752,0.732,0.02
4,euclidean,center_quantile_0.7,nearest_sphere,none,0.0,1.0502820000605904,0.412,0.752,0.684,0.068
4,euclidean,center_quantile_0.7,nearest_sphere,none,0.25,1.0502820000605904,0.412,0.752,0.684,0.068
4,euclidean,center_quantile_0.7,nearest_sphere,none,0.5,1.0502820000605904,0.412,0.752,0.684,0.068
4,euclidean,center_quantile_0.7,nearest_sphere,none,1.0,1.0502820000605904,0.412,0.752,0.684,0.068
4,euclidean,center_quantile_0.7,nearest_sphere,none,2.0,1.0502820000605904,0.412,0.752,0.684,0.068
4,euclidean,center_quantile_0.7,nearest_sphere,ratio,0.0,1.0502820000605904,0.412,0.752,0.684,0.068
4,euclidean,center_quantile_0.7,nearest_sphere,ratio,0.25,1.1582781259657178,0.472,0.752,0.696,0.056
4,euclidean,center_quantile_0.7,nearest_sphere,ratio,0.5,1.3090219469447772,0.502,0.752,0.702,0.05
4,euclidean,center_quantile_0.7,nearest_sphere,ratio,1.0,1.6289387640384323,0.592,0.752,0.72,0.032
4,euclidean,center_quantile_0.7,nearest_sphere,ratio,2.0,2.2668121648238166,0.632,0.752,0.728,0.024
4,euclidean,center_quantile_0.7,nearest_sphere,inverse_margin,0.0,1.0502820000605904,0.412,0.752,0.684,0.068
4,euclidean,center_quantile_0.7,nearest_sphere,inverse_margin,0.25,1.5251949823682558,0.642,0.752,0.73,0.022
4,euclidean,center_quantile_0.7,nearest_sphere,inverse_margin,0.5,1.8437557631618358,0.642,0.752,0.73,0.022
4,euclidean,center_quantile_0.7,nearest_sphere,inverse_margin,1.0,2.676333436212952,0.642,0.752,0.73,0.022
4,euclidean,center_quantile_0.7,nearest_sphere,inverse_margin,2.0,4.237770635496475,0.642,0.752,0.73,0.022
4,euclidean,center_quantile_0.7,nearest_sphere,max_ratio,0.0,1.0502820000605904,0.412,0.752,0.684,0.068
4,euclidean,center_quantile_0.7,nearest_sphere,max_ratio,0.25,1.0502820000605904,0.412,0.752,0.684,0.068
4,euclidean,center_quantile_0.7,nearest_sphere,max_ratio,0.5,1.0502820000605904,0.412,0.752,0.684,0.068
4,euclidean,center_quantile_0.7,nearest_sphere,max_ratio,1.0,1.0502820000605904,0.412,0.752,0.684,0.068
4,euclidean,center_quantile_0.7,nearest_sphere,max_ratio,2.0,1.346350020662092,0.622,0.752,0.726,0.026
4,euclidean,center_quantile_0.7,normalized_union,none,0.0,0.8757939423557387,0.492,0.752,0.7,0.052
4,euclidean,center_quantile_0.7,normalized_union,none,0.25,0.8757939423557387,0.492,0.752,0.7,0.052
4,euclidean,center_quantile_0.7,normalized_union,none,0.5,0.8757939423557387,0.492,0.752,0.7,0.052
4,euclidean,center_quantile_0.7,normalized_union,none,1.0,0.8757939423557387,0.492,0.752,0.7,0.052
4,euclidean,center_quantile_0.7,normalized_union,none,2.0,0.8757939423557387,0.492,0.752,0.7,0.052
4,euclidean,center_quantile_0.7,normalized_union,ratio,0.0,0.8757939423557387,0.492,0.752,0.7,0.052
4,euclidean,center_quantile_0.7,normalized_union,ratio,0.25,0.9934965605264618,0.552,0.752,0.712,0.04
4,euclidean,center_quantile_0.7,normalized_union,ratio,0.5,1.1371863192445628,0.602,0.752,0.722,0.03
4,euclidean,center_quantile_0.7,normalized_union,ratio,1.0,1.4449497334942105,0.612,0.752,0.724,0.028
4,euclidean,center_quantile_0.7,normalized_union,ratio,2.0,2.07885297730815,0.642,0.752,0.73,0.022
4,euclidean,center_quantile_0.7,normalized_union,inverse_margin,0.0,0.8757939423557387,0.492,0.752,0.7,0.052
4,euclidean,center_quantile_0.7,normalized_union,inverse_margin,0.25,1.2774183829998953,0.632,0.752,0.728,0.024
4,euclidean,center_quantile_0.7,normalized_union,inverse_margin,0.5,1.6624208462072878,0.642,0.752,0.73,0.022
4,euclidean,center_quantile_0.7,normalized_union,inverse_margin,1.0,2.4742093328032153,0.642,0.752,0.73,0.022
4,euclidean,center_quantile_0.7,normalized_union,inverse_margin,2.0,4.123581656563785,0.652,0.752,0.732,0.02
4,euclidean,center_quantile_0.7,normalized_union,max_ratio,0.0,0.8757939423557387,0.492,0.752,0.7,0.052
4,euclidean,center_quantile_0.7,normalized_union,max_ratio,0.25,0.8757939423557387,0.492,0.752,0.7,0.052
4,euclidean,center_quantile_0.7,normalized_union,max_ratio,0.5,0.8757939423557387,0.492,0.752,0.7,0.052
4,euclidean,center_quantile_0.7,normalized_union,max_ratio,1.0,0.9075725722075606,0.552,0.752,0.712,0.04
4,euclidean,center_quantile_0.7,normalized_union,max_ratio,2.0,1.2563998203208357,0.652,0.752,0.732,0.02
4,euclidean,intent_quantile_0.7,nearest_sphere,none,0.0,1.039197946166954,0.462,0.752,0.694,0.058
4,euclidean,intent_quantile_0.7,nearest_sphere,none,0.25,1.039197946166954,0.462,0.752,0.694,0.058
4,euclidean,intent_quantile_0.7,nearest_sphere,none,0.5,1.039197946166954,0.462,0.752,0.694,0.058
4,euclidean,intent_quantile_0.7,nearest_sphere,none,1.0,1.039197946166954,0.462,0.752,0.694,0.058
4,euclidean,intent_quantile_0.7,nearest_sphere,none,2.0,1.039197946166954,0.462,0.752,0.694,0.058
4,euclidean,intent_quantile_0.7,nearest_sphere,ratio,0.0,1.039197946166954,0.462,0.752,0.694,0.058
4,euclidean,intent_quantile_0.7,nearest_sphere,ratio,0.25,1.1514617034861088,0.502,0.752,0.702,0.05
4,euclidean,intent_quantile_0.7,nearest_sphere,ratio,0.5,1.3001735397454652,0.522,0.752,0.706,0.046
4,euclidean,intent_quantile_0.7,nearest_sphere,ratio,1.0,1.630733123807893,0.572,0.752,0.716,0.036
4,euclidean,intent_quantile_0.7,nearest_sphere,ratio,2.0,2.303098655589346,0.662,0.752,0.734,0.018
4,euclidean,intent_quantile_0.7,nearest_sphere,inverse_margin,0.0,1.039197946166954,0.462,0.752,0.694,0.058
4,euclidean,intent_quantile_0.7,nearest_sphere,inverse_margin,0.25,1.5306837935045032,0.642,0.752,0.73,0.022
4,euclidean,intent_quantile_0.7,nearest_sphere,inverse_margin,0.5,1.9530881495870038,0.642,0.752,0.73,0.022
4,euclidean,intent_quantile_0.7,nearest_sphere,inverse_margin,1.0,2.7769862144474886,0.652,0.752,0.732,0.02
4,euclidean,intent_quantile_0.7,nearest_sphere,inverse_margin,2.0,4.444817064592974,0.642,0.752,0.73,0.022
4,euclidean,intent_quantile_0.7,nearest_sphere,max_ratio,0.0,1.039197946166954,0.462,0.752,0.694,0.058
4,euclidean,intent_quantile_0.7,nearest_sphere,max_ratio,0.25,1.039197946166954,0.462,0.752,0.694,0.058
4,euclidean,intent_quantile_0.7,nearest_sphere,max_ratio,0.5,1.039197946166954,0.462,0.752,0.694,0.058
4,euclidean,intent_quantile_0.7,nearest_sphere,max_ratio,1.0,1.039197946166954,0.462,0.752,0.694,0.058
4,euclidean,intent_quantile_0.7,nearest_sphere,max_ratio,2.0,1.3844114082180674,0.632,0.752,0.728,0.024
4,euclidean,intent_quantile_0.7,normalized_union,none,0.0,1.039197946166954,0.482,0.752,0.698,0.054
4,euclidean,intent_quantile_0.7,normalized_union,none,0.25,1.039197946166954,0.482,0.752,0.698,0.054
4,euclidean,intent_quantile_0.7,normalized_union,none,0.5,1.039197946166954,0.482,0.752,0.698,0.054
4,euclidean,intent_quantile_0.7,normalized_union,none,1.0,1.039197946166954,0.482,0.752,0.698,0.054
4,euclidean,intent_quantile_0.7,normalized_union,none,2.0,1.039197946166954,0.482,0.752,0.698,0.054
4,euclidean,intent_quantile_0.7,normalized_union,ratio,0.0,1.039197946166954,0.482,0.752,0.698,0.054
4,euclidean,intent_quantile_0.7,normalized_union,ratio,0.25,1.1514617034861088,0.522,0.752,0.706,0.046
4,euclidean,intent_quantile_0.7,normalized_union,ratio,0.5,1.3001735397454652,0.542,0.752,0.71,0.042
4,euclidean,intent_quantile_0.7,normalized_union,ratio,1.0,1.630733123807893,0.582,0.752,0.718,0.034
4,euclidean,intent_quantile_0.7,normalized_union,ratio,2.0,2.303098655589346,0.662,0.752,0.734,0.018
4,euclidean,intent_quantile_0.7,normalized_union,inverse_margin,0.0,1.039197946166954,0.482,0.752,0.698,0.054
4,euclidean,intent_quantile_0.7,normalized_union,inverse_margin,0.25,1.5306837935045032,0.642,0.752,0.73,0.022
4,euclidean,intent_quantile_0.7,normalized_union,inverse_margin,0.5,1.9530881495870038,0.642,0.752,0.73,0.022
4,euclidean,intent_quantile_0.7,normalized_union,inverse_margin,1.0,2.7769862144474886,0.652,0.752,0.732,0.02
4,euclidean,intent_quantile_0.7,normalized_union,inverse_margin,2.0,4.444817064592974,0.642,0.752,0.73,0.022
4,euclidean,intent_quantile_0.7,normalized_union,max_ratio,0.0,1.039197946166954,0.482,0.752,0.698,0.054
4,euclidean,intent_quantile_0.7,normalized_union,max_ratio,0.25,1.039197946166954,0.482,0.752,0.698,0.054
4,euclidean,intent_quantile_0.7,normalized_union,max_ratio,0.5,1.039197946166954,0.482,0.752,0.698,0.054
4,euclidean,intent_quantile_0.7,normalized_union,max_ratio,1.0,1.039197946166954,0.482,0.752,0.698,0.054
4,euclidean,intent_quantile_0.7,normalized_union,max_ratio,2.0,1.3844114082180674,0.632,0.752,0.728,0.024
4,euclidean,center_quantile_0.8,nearest_sphere,none,0.0,0.92154897243445,0.452,0.752,0.692,0.06
4,euclidean,center_quantile_0.8,nearest_sphere,none,0.25,0.92154897243445,0.452,0.752,0.692,0.06
4,euclidean,center_quantile_0.8,nearest_sphere,none,0.5,0.92154897243445,0.452,0.752,0.692,0.06
4,euclidean,center_quantile_0.8,nearest_sphere,none,1.0,0.92154897243445,0.452,0.752,0.692,0.06
4,euclidean,center_quantile_0.8,nearest_sphere,none,2.0,0.92154897243445,0.452,0.752,0.692,0.06
4,euclidean,center_quantile_0.8,nearest_sphere,ratio,0.0,0.92154897243445,0.452,0.752,0.692,0.06
4,euclidean,center_quantile_0.8,nearest_sphere,ratio,0.25,1.0416601507834855,0.482,0.752,0.698,0.054
4,euclidean,center_quantile_0.8,nearest_sphere,ratio,0.5,1.179100549542971,0.522,0.752,0.706,0.046
4,euclidean,center_quantile_0.8,nearest_sphere,ratio,1.0,1.495370602739761,0.592,0.752,0.72,0.032
4,euclidean,center_quantile_0.8,nearest_sphere,ratio,2.0,2.155442295213697,0.632,0.752,0.728,0.024
4,euclidean,center_quantile_0.8,nearest_sphere,inverse_margin,0.0,0.92154897243445,0.452,0.752,0.692,0.06
4,euclidean,center_quantile_0.8,nearest_sphere,inverse_margin,0.25,1.3942574925741764,0.642,0.752,0.73,0.022
4,euclidean,center_quantile_0.8,nearest_sphere,inverse_margin,0.5,1.7329392990875698,0.642,0.752,0.73,0.022
4,euclidean,center_quantile_0.8,nearest_sphere,inverse_margin,1.0,2.5375839249053715,0.642,0.752,0.73,0.022
4,euclidean,center_quantile_0.8,nearest_sphere,inverse_margin,2.0,4.136824995913751,0.652,0.752,0.732,0.02
4,euclidean,center_quantile_0.8,nearest_sphere,max_ratio,0.0,0.92154897243445,0.452,0.752,0.692,0.06
4,euclidean,center_quantile_0.8,nearest_sphere,max_ratio,0.25,0.92154897243445,0.452,0.752,0.692,0.06
4,euclidean,center_quantile_0.8,nearest_sphere,max_ratio,0.5,0.92154897243445,0.452,0.752,0.692,0.06
4,euclidean,center_quantile_0.8,nearest_sphere,max_ratio,1.0,0.95064271300081,0.502,0.752,0.702,0.05
4,euclidean,center_quantile_0.8,nearest_sphere,max_ratio,2.0,1.3044019139780376,0.642,0.752,0.73,0.022
4,euclidean,center_quantile_0.8,normalized_union,none,0.0,0.8041566756509876,0.492,0.752,0.7,0.052
4,euclidean,center_quantile_0.8,normalized_union,none,0.25,0.8041566756509876,0.492,0.752,0.7,0.052
4,euclidean,center_quantile_0.8,normalized_union,none,0.5,0.8041566756509876,0.492,0.752,0.7,0.052
4,euclidean,center_quantile_0.8,normalized_union,none,1.0,0.8041566756509876,0.492,0.752,0.7,0.052
4,euclidean,center_quantile_0.8,normalized_union,none,2.0,0.8041566756509876,0.492,0.752,0.7,0.052
4,euclidean,center_quantile_0.8,normalized_union,ratio,0.0,0.8041566756509876,0.492,0.752,0.7,0.052
4,euclidean,center_quantile_0.8,normalized_union,ratio,0.25,0.9216347366945448,0.532,0.752,0.708,0.044
4,euclidean,center_quantile_0.8,normalized_union,ratio,0.5,1.0547974160700677,0.592,0.752,0.72,0.032
4,euclidean,center_quantile_0.8,normalized_union,ratio,1.0,1.3703895995414692,0.622,0.752,0.726,0.026
4,euclidean,center_quantile_0.8,normalized_union,ratio,2.0,2.0008011293162262,0.642,0.752,0.73,0.022
4,euclidean,center_quantile_0.8,normalized_union,inverse_margin,0.0,0.8041566756509876,0.492,0.752,0.7,0.052
4,euclidean,center_quantile_0.8,normalized_union,inverse_margin,0.25,1.1853636912789183,0.642,0.752,0.73,0.022
4,euclidean,center_quantile_0.8,normalized_union,inverse_margin,0.5,1.5816598453344293,0.642,0.752,0.73,0.022
4,euclidean,center_quantile_0.8,normalized_union,inverse_margin,1.0,2.4136338844979233,0.642,0.752,0.73,0.022
4,euclidean,center_quantile_0.8,normalized_union,inverse_margin,2.0,3.866038621103501,0.642,0.752,0.73,0.022
4,euclidean,center_quantile_0.8,normalized_union,max_ratio,0.0,0.8041566756509876,0.492,0.752,0.7,0.052
4,euclidean,center_quantile_0.8,normalized_union,max_ratio,0.25,0.8041566756509876,0.492,0.752,0.7,0.052
4,euclidean,center_quantile_0.8,normalized_union,max_ratio,0.5,0.8041566756509876,0.492,0.752,0.7,0.052
4,euclidean,center_quantile_0.8,normalized_union,max_ratio,1.0,0.8560202562447995,0.582,0.752,0.718,0.034
4,euclidean,center_quantile_0.8,normalized_union,max_ratio,2.0,1.2305340333148993,0.642,0.752,0.73,0.022
4,euclidean,intent_quantile_0.8,nearest_sphere,none,0.0,0.8926893073500666,0.482,0.752,0.698,0.054
4,euclidean,intent_quantile_0.8,nearest_sphere,none,0.25,0.8926893073500666,0.482,0.752,0.698,0.054
4,euclidean,intent_quantile_0.8,nearest_sphere,none,0.5,0.8926893073500666,0.482,0.752,0.698,0.054
4,euclidean,intent_quantile_0.8,nearest_sphere,none,1.0,0.8926893073500666,0.482,0.752,0.698,0.054
4,euclidean,intent_quantile_0.8,nearest_sphere,none,2.0,0.8926893073500666,0.482,0.752,0.698,0.054
4,euclidean,intent_quantile_0.8,nearest_sphere,ratio,0.0,0.8926893073500666,0.482,0.752,0.698,0.054
4,euclidean,intent_quantile_0.8,nearest_sphere,ratio,0.25,1.0117764016357185,0.502,0.752,0.702,0.05
4,euclidean,intent_quantile_0.8,nearest_sphere,ratio,0.5,1.1482627623735995,0.532,0.752,0.708,0.044
4,euclidean,intent_quantile_0.8,nearest_sphere,ratio,1.0,1.4955380247175714,0.602,0.752,0.722,0.03
4,euclidean,intent_quantile_0.8,nearest_sphere,ratio,2.0,2.1494708312745123,0.642,0.752,0.73,0.022
4,euclidean,intent_quantile_0.8,nearest_sphere,inverse_margin,0.0,0.8926893073500666,0.482,0.752,0.698,0.054
4,euclidean,intent_quantile_0.8,nearest_sphere,inverse_margin,0.25,1.373807792769687,0.662,0.752,0.734,0.018
4,euclidean,intent_quantile_0.8,nearest_sphere,inverse_margin,0.5,1.7962121488521876,0.652,0.752,0.732,0.02
4,euclidean,intent_quantile_0.8,nearest_sphere,inverse_margin,1.0,2.586445321305522,0.652,0.752,0.732,0.02
4,euclidean,intent_quantile_0.8,nearest_sphere,inverse_margin,2.0,4.2513390014801535,0.642,0.752,0.73,0.022
4,euclidean,intent_quantile_0.8,nearest_sphere,max_ratio,0.0,0.8926893073500666,0.482,0.752,0.698,0.054
4,euclidean,intent_quantile_0.8,nearest_sphere,max_ratio,0.25,0.8926893073500666,0.482,0.752,0.698,0.054
4,euclidean,intent_quantile_0.8,nearest_sphere,max_ratio,0.5,0.8926893073500666,0.482,0.752,0.698,0.054
4,euclidean,intent_quantile_0.8,nearest_sphere,max_ratio,1.0,0.9428045733550136,0.532,0.752,0.708,0.044
4,euclidean,intent_quantile_0.8,nearest_sphere,max_ratio,2.0,1.332766245288057,0.622,0.752,0.726,0.026
4,euclidean,intent_quantile_0.8,normalized_union,none,0.0,0.8926893073500666,0.502,0.752,0.702,0.05
4,euclidean,intent_quantile_0.8,normalized_union,none,0.25,0.8926893073500666,0.502,0.752,0.702,0.05
4,euclidean,intent_quantile_0.8,normalized_union,none,0.5,0.8926893073500666,0.502,0.752,0.702,0.05
4,euclidean,intent_quantile_0.8,normalized_union,none,1.0,0.8926893073500666,0.502,0.752,0.702,0.05
4,euclidean,intent_quantile_0.8,normalized_union,none,2.0,0.8926893073500666,0.502,0.752,0.702,0.05
4,euclidean,intent_quantile_0.8,normalized_union,ratio,0.0,0.8926893073500666,0.502,0.752,0.702,0.05
4,euclidean,intent_quantile_0.8,normalized_union,ratio,0.25,1.0117764016357185,0.522,0.752,0.706,0.046
4,euclidean,intent_quantile_0.8,normalized_union,ratio,0.5,1.1482627623735995,0.552,0.752,0.712,0.04
4,euclidean,intent_quantile_0.8,normalized_union,ratio,1.0,1.4955380247175714,0.612,0.752,0.724,0.028
4,euclidean,intent_quantile_0.8,normalized_union,ratio,2.0,2.1494708312745123,0.642,0.752,0.73,0.022
4,euclidean,intent_quantile_0.8,normalized_union,inverse_margin,0.0,0.8926893073500666,0.502,0.752,0.702,0.05
4,euclidean,intent_quantile_0.8,normalized_union,inverse_margin,0.25,1.373807792769687,0.662,0.752,0.734,0.018
4,euclidean,intent_quantile_0.8,normalized_union,inverse_margin,0.5,1.7962121488521876,0.652,0.752,0.732,0.02
4,euclidean,intent_quantile_0.8,normalized_union,inverse_margin,1.0,2.586445321305522,0.652,0.752,0.732,0.02
4,euclidean,intent_quantile_0.8,normalized_union,inverse_margin,2.0,4.2513390014801535,0.642,0.752,0.73,0.022
4,euclidean,intent_quantile_0.8,normalized_union,max_ratio,0.0,0.8926893073500666,0.502,0.752,0.702,0.05
4,euclidean,intent_quantile_0.8,normalized_union,max_ratio,0.25,0.8926893073500666,0.502,0.752,0.702,0.05
4,euclidean,intent_quantile_0.8,normalized_union,max_ratio,0.5,0.8926893073500666,0.502,0.752,0.702,0.05
4,euclidean,intent_quantile_0.8,normalized_union,max_ratio,1.0,0.9428045733550136,0.532,0.752,0.708,0.044
4,euclidean,intent_quantile_0.8,normalized_union,max_ratio,2.0,1.332766245288057,0.622,0.752,0.726,0.026
4,euclidean,center_quantile_0.9,nearest_sphere,none,0.0,0.7788259825085837,0.422,0.752,0.686,0.066
4,euclidean,center_quantile_0.9,nearest_sphere,none,0.25,0.7788259825085837,0.422,0.752,0.686,0.066
4,euclidean,center_quantile_0.9,nearest_sphere,none,0.5,0.7788259825085837,0.422,0.752,0.686,0.066
4,euclidean,center_quantile_0.9,nearest_sphere,none,1.0,0.7788259825085837,0.422,0.752,0.686,0.066
4,euclidean,center_quantile_0.9,nearest_sphere,none,2.0,0.7788259825085837,0.422,0.752,0.686,0.066
4,euclidean,center_quantile_0.9,nearest_sphere,ratio,0.0,0.7788259825085837,0.422,0.752,0.686,0.066
4,euclidean,center_quantile_0.9,nearest_sphere,ratio,0.25,0.9030701581554506,0.492,0.752,0.7,0.052
4,euclidean,center_quantile_0.9,nearest_sphere,ratio,0.5,1.0397744334507184,0.532,0.752,0.708,0.044
4,euclidean,center_quantile_0.9,nearest_sphere,ratio,1.0,1.3615359240474052,0.612,0.752,0.724,0.028
4,euclidean,center_quantile_0.9,nearest_sphere,ratio,2.0,2.005633961384599,0.642,0.752,0.73,0.022
4,euclidean,center_quantile_0.9,nearest_sphere,inverse_margin,0.0,0.7788259825085837,0.422,0.752,0.686,0.066
4,euclidean,center_quantile_0.9,nearest_sphere,inverse_margin,0.25,1.2284082198790731,0.642,0.752,0.73,0.022
4,euclidean,center_quantile_0.9,nearest_sphere,inverse_margin,0.5,1.6110900894060252,0.642,0.752,0.73,0.022
4,euclidean,center_quantile_0.9,nearest_sphere,inverse_margin,1.0,2.375198433926374,0.642,0.752,0.73,0.022
4,euclidean,center_quantile_0.9,nearest_sphere,inverse_margin,2.0,3.9637427421721263,0.652,0.752,0.732,0.02
4,euclidean,center_quantile_0.9,nearest_sphere,max_ratio,0.0,0.7788259825085837,0.422,0.752,0.686,0.066
4,euclidean,center_quantile_0.9,nearest_sphere,max_ratio,0.25,0.7788259825085837,0.422,0.752,0.686,0.066
4,euclidean,center_quantile_0.9,nearest_sphere,max_ratio,0.5,0.7788259825085837,0.422,0.752,0.686,0.066
4,euclidean,center_quantile_0.9,nearest_sphere,max_ratio,1.0,0.8591451720861188,0.582,0.752,0.718,0.034
4,euclidean,center_quantile_0.9,nearest_sphere,max_ratio,2.0,1.2592972497199564,0.652,0.752,0.732,0.02
4,euclidean,center_quantile_0.9,normalized_union,none,0.0,0.6960259161958398,0.332,0.752,0.668,0.084
4,euclidean,center_quantile_0.9,normalized_union,none,0.25,0.6960259161958398,0.332,0.752,0.668,0.084
4,euclidean,center_quantile_0.9,normalized_union,none,0.5,0.6960259161958398,0.332,0.752,0.668,0.084
4,euclidean,center_quantile_0.9,normalized_union,none,1.0,0.6960259161958398,0.332,0.752,0.668,0.084
4,euclidean,center_quantile_0.9,normalized_union,none,2.0,0.6960259161958398,0.332,0.752,0.668,0.084
4,euclidean,center_quantile_0.9,normalized_union,ratio,0.0,0.6960259161958398,0.332,0.752,0.668,0.084
4,euclidean,center_quantile_0.9,normalized_union,ratio,0.25,0.7994464486089102,0.432,0.752,0.688,0.064
4,euclidean,center_quantile_0.9,normalized_union,ratio,0.5,0.9423915986450413,0.522,0.752,0.706,0.046
4,euclidean,center_quantile_0.9,normalized_union,ratio,1.0,1.282357234517334,0.602,0.752,0.722,0.03
4,euclidean,center_quantile_0.9,normalized_union,ratio,2.0,1.889127616569389,0.642,0.752,0.73,0.022
4,euclidean,center_quantile_0.9,normalized_union,inverse_margin,0.0,0.6960259161958398,0.332,0.752,0.668,0.084
4,euclidean,center_quantile_0.9,normalized_union,inverse_margin,0.25,1.0977907284473487,0.642,0.752,0.73,0.022
4,euclidean,center_quantile_0.9,normalized_union,inverse_margin,0.5,1.4719761699678569,0.642,0.752,0.73,0.022
4,euclidean,center_quantile_0.9,normalized_union,inverse_margin,1.0,2.304200247386628,0.652,0.752,0.732,0.02
4,euclidean,center_quantile_0.9,normalized_union,inverse_margin,2.0,3.7282661577325484,0.642,0.752,0.73,0.022
4,euclidean,center_quantile_0.9,normalized_union,max_ratio,0.0,0.6960259161958398,0.332,0.752,0.668,0.084
4,euclidean,center_quantile_0.9,normalized_union,max_ratio,0.25,0.6960259161958398,0.332,0.752,0.668,0.084
4,euclidean,center_quantile_0.9,normalized_union,max_ratio,0.5,0.6960259161958398,0.332,0.752,0.668,0.084
4,euclidean,center_quantile_0.9,normalized_union,max_ratio,1.0,0.7597107077384436,0.602,0.752,0.722,0.03
4,euclidean,center_quantile_0.9,normalized_union,max_ratio,2.0,1.2261365385324972,0.642,0.752,0.73,0.022
4,euclidean,intent_quantile_0.9,nearest_sphere,none,0.0,0.6754755143087566,0.482,0.752,0.698,0.054
4,euclidean,intent_quantile_0.9,nearest_sphere,none,0.25,0.6754755143087566,0.482,0.752,0.698,0.054
4,euclidean,intent_quantile_0.9,nearest_sphere,none,0.5,0.6754755143087566,0.482,0.752,0.698,0.054
4,euclidean,intent_quantile_0.9,nearest_sphere,none,1.0,0.6754755143087566,0.482,0.752,0.698,0.054
4,euclidean,intent_quantile_0.9,nearest_sphere,none,2.0,0.6754755143087566,0.482,0.752,0.698,0.054
4,euclidean,intent_quantile_0.9,nearest_sphere,ratio,0.0,0.6754755143087566,0.482,0.752,0.698,0.054
4,euclidean,intent_quantile_0.9,nearest_sphere,ratio,0.25,0.8016078935103127,0.522,0.752,0.706,0.046
4,euclidean,intent_quantile_0.9,nearest_sphere,ratio,0.5,0.9582412951678524,0.562,0.752,0.714,0.038
4,euclidean,intent_quantile_0.9,nearest_sphere,ratio,1.0,1.2955236182771994,0.642,0.752,0.73,0.022
4,euclidean,intent_quantile_0.9,nearest_sphere,ratio,2.0,1.906839061297728,0.652,0.752,0.732,0.02
4,euclidean,intent_quantile_0.9,nearest_sphere,inverse_margin,0.0,0.6754755143087566,0.482,0.752,0.698,0.054
4,euclidean,intent_quantile_0.9,nearest_sphere,inverse_margin,0.25,1.1549502515774033,0.652,0.752,0.732,0.02
4,euclidean,intent_quantile_0.9,nearest_sphere,inverse_margin,0.5,1.5078352363069631,0.652,0.752,0.732,0.02
4,euclidean,intent_quantile_0.9,nearest_sphere,inverse_margin,1.0,2.3399122399524996,0.652,0.752,0.732,0.02
4,euclidean,intent_quantile_0.9,nearest_sphere,inverse_margin,2.0,3.798132222034547,0.642,0.752,0.73,0.022
4,euclidean,intent_quantile_0.9,nearest_sphere,max_ratio,0.0,0.6754755143087566,0.482,0.752,0.698,0.054
4,euclidean,intent_quantile_0.9,nearest_sphere,max_ratio,0.25,0.6754755143087566,0.482,0.752,0.698,0.054
4,euclidean,intent_quantile_0.9,nearest_sphere,max_ratio,0.5,0.6754755143087566,0.482,0.752,0.698,0.054
4,euclidean,intent_quantile_0.9,nearest_sphere,max_ratio,1.0,0.8072903492960989,0.642,0.752,0.73,0.022
4,euclidean,intent_quantile_0.9,nearest_sphere,max_ratio,2.0,1.2574357084962193,0.642,0.752,0.73,0.022
4,euclidean,intent_quantile_0.9,normalized_union,none,0.0,0.6754755143087566,0.482,0.752,0.698,0.054
4,euclidean,intent_quantile_0.9,normalized_union,none,0.25,0.6754755143087566,0.482,0.752,0.698,0.054
4,euclidean,intent_quantile_0.9,normalized_union,none,0.5,0.6754755143087566,0.482,0.752,0.698,0.054
4,euclidean,intent_quantile_0.9,normalized_union,none,1.0,0.6754755143087566,0.482,0.752,0.698,0.054
4,euclidean,intent_quantile_0.9,normalized_union,none,2.0,0.6754755143087566,0.482,0.752,0.698,0.054
4,euclidean,intent_quantile_0.9,normalized_union,ratio,0.0,0.6754755143087566,0.482,0.752,0.698,0.054
4,euclidean,intent_quantile_0.9,normalized_union,ratio,0.25,0.8016078935103127,0.522,0.752,0.706,0.046
4,euclidean,intent_quantile_0.9,normalized_union,ratio,0.5,0.9582412951678524,0.562,0.752,0.714,0.038
4,euclidean,intent_quantile_0.9,normalized_union,ratio,1.0,1.2955236182771994,0.642,0.752,0.73,0.022
4,euclidean,intent_quantile_0.9,normalized_union,ratio,2.0,1.906839061297728,0.652,0.752,0.732,0.02
4,euclidean,intent_quantile_0.9,normalized_union,inverse_margin,0.0,0.6754755143087566,0.482,0.752,0.698,0.054
4,euclidean,intent_quantile_0.9,normalized_union,inverse_margin,0.25,1.1549502515774033,0.652,0.752,0.732,0.02
4,euclidean,intent_quantile_0.9,normalized_union,inverse_margin,0.5,1.5078352363069631,0.652,0.752,0.732,0.02
4,euclidean,intent_quantile_0.9,normalized_union,inverse_margin,1.0,2.3399122399524996,0.652,0.752,0.732,0.02
4,euclidean,intent_quantile_0.9,normalized_union,inverse_margin,2.0,3.798132222034547,0.642,0.752,0.73,0.022
4,euclidean,intent_quantile_0.9,normalized_union,max_ratio,0.0,0.6754755143087566,0.482,0.752,0.698,0.054
4,euclidean,intent_quantile_0.9,normalized_union,max_ratio,0.25,0.6754755143087566,0.482,0.752,0.698,0.054
4,euclidean,intent_quantile_0.9,normalized_union,max_ratio,0.5,0.6754755143087566,0.482,0.752,0.698,0.054
4,euclidean,intent_quantile_0.9,normalized_union,max_ratio,1.0,0.8072903492960989,0.642,0.752,0.73,0.022
4,euclidean,intent_quantile_0.9,normalized_union,max_ratio,2.0,1.2574357084962193,0.642,0.752,0.73,0.022
4,euclidean,center_quantile_0.95,nearest_sphere,none,0.0,0.6691679641552878,0.412,0.752,0.684,0.068
4,euclidean,center_quantile_0.95,nearest_sphere,none,0.25,0.6691679641552878,0.412,0.752,0.684,0.068
4,euclidean,center_quantile_0.95,nearest_sphere,none,0.5,0.6691679641552878,0.412,0.752,0.684,0.068
4,euclidean,center_quantile_0.95,nearest_sphere,none,1.0,0.6691679641552878,0.412,0.752,0.684,0.068
4,euclidean,center_quantile_0.95,nearest_sphere,none,2.0,0.6691679641552878,0.412,0.752,0.684,0.068
4,euclidean,center_quantile_0.95,nearest_sphere,ratio,0.0,0.6691679641552878,0.412,0.752,0.684,0.068
4,euclidean,center_quantile_0.95,nearest_sphere,ratio,0.25,0.7811785150542274,0.492,0.752,0.7,0.052
4,euclidean,center_quantile_0.95,nearest_sphere,ratio,0.5,0.9218670157690894,0.532,0.752,0.708,0.044
4,euclidean,center_quantile_0.95,nearest_sphere,ratio,1.0,1.2449238530110145,0.622,0.752,0.726,0.026
4,euclidean,center_quantile_0.95,nearest_sphere,ratio,2.0,1.86751920257639,0.652,0.752,0.732,0.02
4,euclidean,center_quantile_0.95,nearest_sphere,inverse_margin,0.0,0.6691679641552878,0.412,0.752,0.684,0.068
4,euclidean,center_quantile_0.95,nearest_sphere,inverse_margin,0.25,1.0619025230264547,0.652,0.752,0.732,0.02
4,euclidean,center_quantile_0.95,nearest_sphere,inverse_margin,0.5,1.44609849885772,0.642,0.752,0.73,0.022
4,euclidean,center_quantile_0.95,nearest_sphere,inverse_margin,1.0,2.2397457910913046,0.652,0.752,0.732,0.02
4,euclidean,center_quantile_0.95,nearest_sphere,inverse_margin,2.0,3.790154808877719,0.642,0.752,0.73,0.022
4,euclidean,center_quantile_0.95,nearest_sphere,max_ratio,0.0,0.6691679641552878,0.412,0.752,0.684,0.068
4,euclidean,center_quantile_0.95,nearest_sphere,max_ratio,0.25,0.6691679641552878,0.412,0.752,0.684,0.068
4,euclidean,center_quantile_0.95,nearest_sphere,max_ratio,0.5,0.6691679641552878,0.412,0.752,0.684,0.068
4,euclidean,center_quantile_0.95,nearest_sphere,max_ratio,1.0,0.7586190581242377,0.622,0.752,0.726,0.026
4,euclidean,center_quantile_0.95,nearest_sphere,max_ratio,2.0,1.2574357084962193,0.642,0.752,0.73,0.022
4,euclidean,center_quantile_0.95,normalized_union,none,0.0,0.6051563386276022,0.362,0.752,0.674,0.078
4,euclidean,center_quantile_0.95,normalized_union,none,0.25,0.6051563386276022,0.362,0.752,0.674,0.078
4,euclidean,center_quantile_0.95,normalized_union,none,0.5,0.6051563386276022,0.362,0.752,0.674,0.078
4,euclidean,center_quantile_0.95,normalized_union,none,1.0,0.6051563386276022,0.362,0.752,0.674,0.078
4,euclidean,center_quantile_0.95,normalized_union,none,2.0,0.6051563386276022,0.362,0.752,0.674,0.078
4,euclidean,center_quantile_0.95,normalized_union,ratio,0.0,0.6051563386276022,0.362,0.752,0.674,0.078
4,euclidean,center_quantile_0.95,normalized_union,ratio,0.25,0.7064087164626687,0.452,0.752,0.692,0.06
4,euclidean,center_quantile_0.95,normalized_union,ratio,0.5,0.8564393319767236,0.552,0.752,0.712,0.04
4,euclidean,center_quantile_0.95,normalized_union,ratio,1.0,1.1856014300495532,0.622,0.752,0.726,0.026
4,euclidean,center_quantile_0.95,normalized_union,ratio,2.0,1.8065281870821384,0.642,0.752,0.73,0.022
4,euclidean,center_quantile_0.95,normalized_union,inverse_margin,0.0,0.6051563386276022,0.362,0.752,0.674,0.078
4,euclidean,center_quantile_0.95,normalized_union,inverse_margin,0.25,1.010993231819978,0.642,0.752,0.73,0.022
4,euclidean,center_quantile_0.95,normalized_union,inverse_margin,0.5,1.3949370789263036,0.652,0.752,0.732,0.02
4,euclidean,center_quantile_0.95,normalized_union,inverse_margin,1.0,2.1365104234659578,0.642,0.752,0.73,0.022
4,euclidean,center_quantile_0.95,normalized_union,inverse_margin,2.0,3.693863438084138,0.642,0.752,0.73,0.022
4,euclidean,center_quantile_0.95,normalized_union,max_ratio,0.0,0.6051563386276022,0.362,0.752,0.674,0.078
4,euclidean,center_quantile_0.95,normalized_union,max_ratio,0.25,0.6051563386276022,0.362,0.752,0.674,0.078
4,euclidean,center_quantile_0.95,normalized_union,max_ratio,0.5,0.6051563386276022,0.362,0.752,0.674,0.078
4,euclidean,center_quantile_0.95,normalized_union,max_ratio,1.0,0.691960830980999,0.622,0.752,0.726,0.026
4,euclidean,center_quantile_0.95,normalized_union,max_ratio,2.0,1.2172547469661472,0.642,0.752,0.73,0.022
4,euclidean,intent_quantile_0.95,nearest_sphere,none,0.0,0.5686305375817747,0.502,0.752,0.702,0.05
4,euclidean,intent_quantile_0.95,nearest_sphere,none,0.25,0.5686305375817747,0.502,0.752,0.702,0.05
4,euclidean,intent_quantile_0.95,nearest_sphere,none,0.5,0.5686305375817747,0.502,0.752,0.702,0.05
4,euclidean,intent_quantile_0.95,nearest_sphere,none,1.0,0.5686305375817747,0.502,0.752,0.702,0.05
4,euclidean,intent_quantile_0.95,nearest_sphere,none,2.0,0.5686305375817747,0.502,0.752,0.702,0.05
4,euclidean,intent_quantile_0.95,nearest_sphere,ratio,0.0,0.5686305375817747,0.502,0.752,0.702,0.05
4,euclidean,intent_quantile_0.95,nearest_sphere,ratio,0.25,0.6987626057532038,0.532,0.752,0.708,0.044
4,euclidean,intent_quantile_0.95,nearest_sphere,ratio,0.5,0.8669929113769284,0.592,0.752,0.72,0.032
4,euclidean,intent_quantile_0.95,nearest_sphere,ratio,1.0,1.2105900301453918,0.642,0.752,0.73,0.022
4,euclidean,intent_quantile_0.95,nearest_sphere,ratio,2.0,1.823457111024942,0.652,0.752,0.732,0.02
4,euclidean,intent_quantile_0.95,nearest_sphere,inverse_margin,0.0,0.5686305375817747,0.502,0.752,0.702,0.05
4,euclidean,intent_quantile_0.95,nearest_sphere,inverse_margin,0.25,1.0473965192018475,0.652,0.752,0.732,0.02
4,euclidean,intent_quantile_0.95,nearest_sphere,inverse_margin,0.5,1.4135090857089865,0.652,0.752,0.732,0.02
4,euclidean,intent_quantile_0.95,nearest_sphere,inverse_margin,1.0,2.235484702276824,0.642,0.752,0.73,0.022
4,euclidean,intent_quantile_0.95,nearest_sphere,inverse_margin,2.0,3.7350902125037124,0.642,0.752,0.73,0.022
4,euclidean,intent_quantile_0.95,nearest_sphere,max_ratio,0.0,0.5686305375817747,0.502,0.752,0.702,0.05
4,euclidean,intent_quantile_0.95,nearest_sphere,max_ratio,0.25,0.5686305375817747,0.502,0.752,0.702,0.05
4,euclidean,intent_quantile_0.95,nearest_sphere,max_ratio,0.5,0.5686305375817747,0.502,0.752,0.702,0.05
4,euclidean,intent_quantile_0.95,nearest_sphere,max_ratio,1.0,0.7052923110684891,0.652,0.752,0.732,0.02
4,euclidean,intent_quantile_0.95,nearest_sphere,max_ratio,2.0,1.2305340333148993,0.642,0.752,0.73,0.022
4,euclidean,intent_quantile_0.95,normalized_union,none,0.0,0.5686305375817747,0.502,0.752,0.702,0.05
4,euclidean,intent_quantile_0.95,normalized_union,none,0.25,0.5686305375817747,0.502,0.752,0.702,0.05
4,euclidean,intent_quantile_0.95,normalized_union,none,0.5,0.5686305375817747,0.502,0.752,0.702,0.05
4,euclidean,intent_quantile_0.95,normalized_union,none,1.0,0.5686305375817747,0.502,0.752,0.702,0.05
4,euclidean,intent_quantile_0.95,normalized_union,none,2.0,0.5686305375817747,0.502,0.752,0.702,0.05
4,euclidean,intent_quantile_0.95,normalized_union,ratio,0.0,0.5686305375817747,0.502,0.752,0.702,0.05
4,euclidean,intent_quantile_0.95,normalized_union,ratio,0.25,0.6987626057532038,0.532,0.752,0.708,0.044
4,euclidean,intent_quantile_0.95,normalized_union,ratio,0.5,0.8669929113769284,0.592,0.752,0.72,0.032
4,euclidean,intent_quantile_0.95,normalized_union,ratio,1.0,1.2105900301453918,0.642,0.752,0.73,0.022
4,euclidean,intent_quantile_0.95,normalized_union,ratio,2.0,1.823457111024942,0.652,0.752,0.732,0.02
4,euclidean,intent_quantile_0.95,normalized_union,inverse_margin,0.0,0.5686305375817747,0.502,0.752,0.702,0.05
4,euclidean,intent_quantile_0.95,normalized_union,inverse_margin,0.25,1.0473965192018475,0.652,0.752,0.732,0.02
4,euclidean,intent_quantile_0.95,normalized_union,inverse_margin,0.5,1.4135090857089865,0.652,0.752,0.732,0.02
4,euclidean,intent_quantile_0.95,normalized_union,inverse_margin,1.0,2.235484702276824,0.642,0.752,0.73,0.022
4,euclidean,intent_quantile_0.95,normalized_union,inverse_margin,2.0,3.7350902125037124,0.642,0.752,0.73,0.022
4,euclidean,intent_quantile_0.95,normalized_union,max_ratio,0.0,0.5686305375817747,0.502,0.752,0.702,0.05
4,euclidean,intent_quantile_0.95,normalized_union,max_ratio,0.25,0.5686305375817747,0.502,0.752,0.702,0.05
4,euclidean,intent_quantile_0.95,normalized_union,max_ratio,0.5,0.5686305375817747,0.502,0.752,0.702,0.05
4,euclidean,intent_quantile_0.95,normalized_union,max_ratio,1.0,0.7052923110684891,0.652,0.752,0.732,0.02
4,euclidean,intent_quantile_0.95,normalized_union,max_ratio,2.0,1.2305340333148993,0.642,0.752,0.73,0.022
4,euclidean,center_quantile_0.99,nearest_sphere,none,0.0,0.47913758163791104,0.502,0.752,0.702,0.05
4,euclidean,center_quantile_0.99,nearest_sphere,none,0.25,0.47913758163791104,0.502,0.752,0.702,0.05
4,euclidean,center_quantile_0.99,nearest_sphere,none,0.5,0.47913758163791104,0.502,0.752,0.702,0.05
4,euclidean,center_quantile_0.99,nearest_sphere,none,1.0,0.47913758163791104,0.502,0.752,0.702,0.05
4,euclidean,center_quantile_0.99,nearest_sphere,none,2.0,0.47913758163791104,0.502,0.752,0.702,0.05
4,euclidean,center_quantile_0.99,nearest_sphere,ratio,0.0,0.47913758163791104,0.502,0.752,0.702,0.05
4,euclidean,center_quantile_0.99,nearest_sphere,ratio,0.25,0.6191650235904607,0.542,0.752,0.71,0.042
4,euclidean,center_quantile_0.99,nearest_sphere,ratio,0.5,0.7894396914614068,0.592,0.752,0.72,0.032
4,euclidean,center_quantile_0.99,nearest_sphere,ratio,1.0,1.0978196378463037,0.632,0.752,0.728,0.024
4,euclidean,center_quantile_0.99,nearest_sphere,ratio,2.0,1.7110416483100104,0.652,0.752,0.732,0.02
4,euclidean,center_quantile_0.99,nearest_sphere,inverse_margin,0.0,0.47913758163791104,0.502,0.752,0.702,0.05
4,euclidean,center_quantile_0.99,nearest_sphere,inverse_margin,0.25,0.8991140587951593,0.642,0.752,0.73,0.022
4,euclidean,center_quantile_0.99,nearest_sphere,inverse_margin,0.5,1.2848857046868252,0.652,0.752,0.732,0.02
4,euclidean,center_quantile_0.99,nearest_sphere,inverse_margin,1.0,2.0837056060498025,0.652,0.752,0.732,0.02
4,euclidean,center_quantile_0.99,nearest_sphere,inverse_margin,2.0,3.638815320542702,0.642,0.752,0.73,0.022
4,euclidean,center_quantile_0.99,nearest_sphere,max_ratio,0.0,0.47913758163791104,0.502,0.752,0.702,0.05
4,euclidean,center_quantile_0.99,nearest_sphere,max_ratio,0.25,0.47913758163791104,0.502,0.752,0.702,0.05
4,euclidean,center_quantile_0.99,nearest_sphere,max_ratio,0.5,0.48822235516622087,0.532,0.752,0.708,0.044
4,euclidean,center_quantile_0.99,nearest_sphere,max_ratio,1.0,0.6480756604474998,0.642,0.752,0.73,0.022
4,euclidean,center_quantile_0.99,nearest_sphere,max_ratio,2.0,1.2261365385324972,0.642,0.752,0.73,0.022
4,euclidean,center_quantile_0.99,normalized_union,none,0.0,0.45335044155663223,0.442,0.752,0.69,0.062
4,euclidean,center_quantile_0.99,normalized_union,none,0.25,0.45335044155663223,0.442,0.752,0.69,0.062
4,euclidean,center_quantile_0.99,normalized_union,none,0.5,0.45335044155663223,0.442,0.752,0.69,0.062
4,euclidean,center_quantile_0.99,normalized_union,none,1.0,0.45335044155663223,0.442,0.752,0.69,0.062
4,euclidean,center_quantile_0.99,normalized_union,none,2.0,0.45335044155663223,0.442,0.752,0.69,0.062
4,euclidean,center_quantile_0.99,normalized_union,ratio,0.0,0.45335044155663223,0.442,0.752,0.69,0.062
4,euclidean,center_quantile_0.99,normalized_union,ratio,0.25,0.5980609484419007,0.542,0.752,0.71,0.042
4,euclidean,center_quantile_0.99,normalized_union,ratio,0.5,0.7617071882801734,0.612,0.752,0.724,0.028
4,euclidean,center_quantile_0.99,normalized_union,ratio,1.0,1.0798493722844562,0.642,0.752,0.73,0.022
4,euclidean,center_quantile_0.99,normalized_union,ratio,2.0,1.705961826762844,0.652,0.752,0.732,0.02
4,euclidean,center_quantile_0.99,normalized_union,inverse_margin,0.0,0.45335044155663223,0.442,0.752,0.69,0.062
4,euclidean,center_quantile_0.99,normalized_union,inverse_margin,0.25,0.8826429780941107,0.642,0.752,0.73,0.022
4,euclidean,center_quantile_0.99,normalized_union,inverse_margin,0.5,1.2719251472797286,0.652,0.752,0.732,0.02
4,euclidean,center_quantile_0.99,normalized_union,inverse_margin,1.0,2.017068665061877,0.642,0.752,0.73,0.022
4,euclidean,center_quantile_0.99,normalized_union,inverse_margin,2.0,3.638815320542702,0.642,0.752,0.73,0.022
4,euclidean,center_quantile_0.99,normalized_union,max_ratio,0.0,0.45335044155663223,0.442,0.752,0.69,0.062
4,euclidean,center_quantile_0.99,normalized_union,max_ratio,0.25,0.45335044155663223,0.442,0.752,0.69,0.062
4,euclidean,center_quantile_0.99,normalized_union,max_ratio,0.5,0.4714022866775068,0.502,0.752,0.702,0.05
4,euclidean,center_quantile_0.99,normalized_union,max_ratio,1.0,0.6296486248599782,0.642,0.752,0.73,0.022
4,euclidean,center_quantile_0.99,normalized_union,max_ratio,2.0,1.2172547469661472,0.642,0.752,0.73,0.022
4,euclidean,intent_quantile_0.99,nearest_sphere,none,0.0,0.4378731309763183,0.502,0.752,0.702,0.05
4,euclidean,intent_quantile_0.99,nearest_sphere,none,0.25,0.4378731309763183,0.502,0.752,0.702,0.05
4,euclidean,intent_quantile_0.99,nearest_sphere,none,0.5,0.4378731309763183,0.502,0.752,0.702,0.05
4,euclidean,intent_quantile_0.99,nearest_sphere,none,1.0,0.4378731309763183,0.502,0.752,0.702,0.05
4,euclidean,intent_quantile_0.99,nearest_sphere,none,2.0,0.4378731309763183,0.502,0.752,0.702,0.05
4,euclidean,intent_quantile_0.99,nearest_sphere,ratio,0.0,0.4378731309763183,0.502,0.752,0.702,0.05
4,euclidean,intent_quantile_0.99,nearest_sphere,ratio,0.25,0.5788205787729488,0.552,0.752,0.712,0.04
4,euclidean,intent_quantile_0.99,nearest_sphere,ratio,0.5,0.7605078122683852,0.602,0.752,0.722,0.03
4,euclidean,intent_quantile_0.99,nearest_sphere,ratio,1.0,1.0675631432401136,0.652,0.752,0.732,0.02
4,euclidean,intent_quantile_0.99,nearest_sphere,ratio,2.0,1.6898387658810856,0.652,0.752,0.732,0.02
4,euclidean,intent_quantile_0.99,nearest_sphere,inverse_margin,0.0,0.4378731309763183,0.502,0.752,0.702,0.05
4,euclidean,intent_quantile_0.99,nearest_sphere,inverse_margin,0.25,0.8847927853977429,0.652,0.752,0.732,0.02
4,euclidean,intent_quantile_0.99,nearest_sphere,inverse_margin,0.5,1.276067298437596,0.652,0.752,0.732,0.02
4,euclidean,intent_quantile_0.99,nearest_sphere,inverse_margin,1.0,2.0408727850910835,0.642,0.752,0.73,0.022
4,euclidean,intent_quantile_0.99,nearest_sphere,inverse_margin,2.0,3.6126245856629775,0.642,0.752,0.73,0.022
4,euclidean,intent_quantile_0.99,nearest_sphere,max_ratio,0.0,0.4378731309763183,0.502,0.752,0.702,0.05
4,euclidean,intent_quantile_0.99,nearest_sphere,max_ratio,0.25,0.4378731309763183,0.502,0.752,0.702,0.05
4,euclidean,intent_quantile_0.99,nearest_sphere,max_ratio,0.5,0.4687221160162423,0.582,0.752,0.718,0.034
4,euclidean,intent_quantile_0.99,nearest_sphere,max_ratio,1.0,0.6430940513333654,0.622,0.752,0.726,0.026
4,euclidean,intent_quantile_0.99,nearest_sphere,max_ratio,2.0,1.2172547469661472,0.642,0.752,0.73,0.022
4,euclidean,intent_quantile_0.99,normalized_union,none,0.0,0.4378731309763183,0.502,0.752,0.702,0.05
4,euclidean,intent_quantile_0.99,normalized_union,none,0.25,0.4378731309763183,0.502,0.752,0.702,0.05
4,euclidean,intent_quantile_0.99,normalized_union,none,0.5,0.4378731309763183,0.502,0.752,0.702,0.05
4,euclidean,intent_quantile_0.99,normalized_union,none,1.0,0.4378731309763183,0.502,0.752,0.702,0.05
4,euclidean,intent_quantile_0.99,normalized_union,none,2.0,0.4378731309763183,0.502,0.752,0.702,0.05
4,euclidean,intent_quantile_0.99,normalized_union,ratio,0.0,0.4378731309763183,0.502,0.752,0.702,0.05
4,euclidean,intent_quantile_0.99,normalized_union,ratio,0.25,0.5788205787729488,0.552,0.752,0.712,0.04
4,euclidean,intent_quantile_0.99,normalized_union,ratio,0.5,0.7605078122683852,0.612,0.752,0.724,0.028
4,euclidean,intent_quantile_0.99,normalized_union,ratio,1.0,1.0675631432401136,0.652,0.752,0.732,0.02
4,euclidean,intent_quantile_0.99,normalized_union,ratio,2.0,1.6898387658810856,0.652,0.752,0.732,0.02
4,euclidean,intent_quantile_0.99,normalized_union,inverse_margin,0.0,0.4378731309763183,0.502,0.752,0.702,0.05
4,euclidean,intent_quantile_0.99,normalized_union,inverse_margin,0.25,0.8847927853977429,0.652,0.752,0.732,0.02
4,euclidean,intent_quantile_0.99,normalized_union,inverse_margin,0.5,1.276067298437596,0.652,0.752,0.732,0.02
4,euclidean,intent_quantile_0.99,normalized_union,inverse_margin,1.0,2.0408727850910835,0.642,0.752,0.73,0.022
4,euclidean,intent_quantile_0.99,normalized_union,inverse_margin,2.0,3.6126245856629775,0.642,0.752,0.73,0.022
4,euclidean,intent_quantile_0.99,normalized_union,max_ratio,0.0,0.4378731309763183,0.502,0.752,0.702,0.05
4,euclidean,intent_quantile_0.99,normalized_union,max_ratio,0.25,0.4378731309763183,0.502,0.752,0.702,0.05
4,euclidean,intent_quantile_0.99,normalized_union,max_ratio,0.5,0.4687221160162423,0.582,0.752,0.718,0.034
4,euclidean,intent_quantile_0.99,normalized_union,max_ratio,1.0,0.6430940513333654,0.622,0.752,0.726,0.026
4,euclidean,intent_quantile_0.99,normalized_union,max_ratio,2.0,1.2172547469661472,0.642,0.752,0.73,0.022
4,mahalanobis_diag,mean_std_0.0,nearest_sphere,none,0.0,0.9739212502243965,0.442,0.752,0.69,0.062
4,mahalanobis_diag,mean_std_0.0,nearest_sphere,none,0.25,0.9739212502243965,0.442,0.752,0.69,0.062
4,mahalanobis_diag,mean_std_0.0,nearest_sphere,none,0.5,0.9739212502243965,0.442,0.752,0.69,0.062
4,mahalanobis_diag,mean_std_0.0,nearest_sphere,none,1.0,0.9739212502243965,0.442,0.752,0.69,0.062
4,mahalanobis_diag,mean_std_0.0,nearest_sphere,none,2.0,0.9739212502243965,0.442,0.752,0.69,0.062
4,mahalanobis_diag,mean_std_0.0,nearest_sphere,ratio,0.0,0.9739212502243965,0.442,0.752,0.69,0.062
4,mahalanobis_diag,mean_std_0.0,nearest_sphere,ratio,0.25,1.118044025958771,0.492,0.752,0.7,0.052
4,mahalanobis_diag,mean_std_0.0,nearest_sphere,ratio,0.5,1.2795339127497365,0.552,0.752,0.712,0.04
4,mahalanobis_diag,mean_std_0.0,nearest_sphere,ratio,1.0,1.605561048845916,0.612,0.752,0.724,0.028
4,mahalanobis_diag,mean_std_0.0,nearest_sphere,ratio,2.0,2.383231849815987,0.622,0.752,0.726,0.026
4,mahalanobis_diag,mean_std_0.0,nearest_sphere,inverse_margin,0.0,0.9739212502243965,0.442,0.752,0.69,0.062
4,mahalanobis_diag,mean_std_0.0,nearest_sphere,inverse_margin,0.25,1.589999291049203,0.632,0.752,0.728,0.024
4,mahalanobis_diag,mean_std_0.0,nearest_sphere,inverse_margin,0.5,2.0715881313824136,0.632,0.752,0.728,0.024
4,mahalanobis_diag,mean_std_0.0,nearest_sphere,inverse_margin,1.0,3.0696041977012563,0.622,0.752,0.726,0.026
4,mahalanobis_diag,mean_std_0.0,nearest_sphere,inverse_margin,2.0,5.13119685977475,0.622,0.752,0.726,0.026
4,mahalanobis_diag,mean_std_0.0,nearest_sphere,max_ratio,0.0,0.9739212502243965,0.442,0.752,0.69,0.062
4,mahalanobis_diag,mean_std_0.0,nearest_sphere,max_ratio,0.25,0.9739212502243965,0.442,0.752,0.69,0.062
4,mahalanobis_diag,mean_std_0.0,nearest_sphere,max_ratio,0.5,0.9739212502243965,0.442,0.752,0.69,0.062
4,mahalanobis_diag,mean_std_0.0,nearest_sphere,max_ratio,1.0,0.9843184660416532,0.492,0.752,0.7,0.052
4,mahalanobis_diag,mean_std_0.0,nearest_sphere,max_ratio,2.0,1.3670727043876838,0.612,0.752,0.724,0.028
4,mahalanobis_diag,mean_std_0.0,normalized_union,none,0.0,0.9601850446569509,0.432,0.752,0.688,0.064
4,mahalanobis_diag,mean_std_0.0,normalized_union,none,0.25,0.9601850446569509,0.432,0.752,0.688,0.064
4,mahalanobis_diag,mean_std_0.0,normalized_union,none,0.5,0.9601850446569509,0.432,0.752,0.688,0.064
4,mahalanobis_diag,mean_std_0.0,normalized_union,none,1.0,0.9601850446569509,0.432,0.752,0.688,0.064
4,mahalanobis_diag,mean_std_0.0,normalized_union,none,2.0,0.9601850446569509,0.432,0.752,0.688,0.064
4,mahalanobis_diag,mean_std_0.0,normalized_union,ratio,0.0,0.9601850446569509,0.432,0.752,0.688,0.064
4,mahalanobis_diag,mean_std_0.0,normalized_union,ratio,0.25,1.1176757633082555,0.482,0.752,0.698,0.054
4,mahalanobis_diag,mean_std_0.0,normalized_union,ratio,0.5,1.2795339127497365,0.542,0.752,0.71,0.042
4,mahalanobis_diag,mean_std_0.0,normalized_union,ratio,1.0,1.605561048845916,0.602,0.752,0.722,0.03
4,mahalanobis_diag,mean_std_0.0,normalized_union,ratio,2.0,2.383231849815987,0.622,0.752,0.726,0.026
4,mahalanobis_diag,mean_std_0.0,normalized_union,inverse_margin,0.0,0.9601850446569509,0.432,0.752,0.688,0.064
4,mahalanobis_diag,mean_std_0.0,normalized_union,inverse_margin,0.25,1.589999291049203,0.632,0.752,0.728,0.024
4,mahalanobis_diag,mean_std_0.0,normalized_union,inverse_margin,0.5,2.0715881313824136,0.632,0.752,0.728,0.024
4,mahalanobis_diag,mean_std_0.0,normalized_union,inverse_margin,1.0,3.0696041977012563,0.622,0.752,0.726,0.026
4,mahalanobis_diag,mean_std_0.0,normalized_union,inverse_margin,2.0,5.13119685977475,0.622,0.752,0.726,0.026
4,mahalanobis_diag,mean_std_0.0,normalized_union,max_ratio,0.0,0.9601850446569509,0.432,0.752,0.688,0.064
4,mahalanobis_diag,mean_std_0.0,normalized_union,max_ratio,0.25,0.9601850446569509,0.432,0.752,0.688,0.064
4,mahalanobis_diag,mean_std_0.0,normalized_union,max_ratio,0.5,0.9601850446569509,0.432,0.752,0.688,0.064
4,mahalanobis_diag,mean_std_0.0,normalized_union,max_ratio,1.0,0.9805552021485102,0.492,0.752,0.7,0.052
4,mahalanobis_diag,mean_std_0.0,normalized_union,max_ratio,2.0,1.3670727043876838,0.612,0.752,0.724,0.028
4,mahalanobis_diag,mean_std_0.25,nearest_sphere,none,0.0,0.8958950497889691,0.442,0.752,0.69,0.062
4,mahalanobis_diag,mean_std_0.25,nearest_sphere,none,0.25,0.8958950497889691,0.442,0.752,0.69,0.062
4,mahalanobis_diag,mean_std_0.25,nearest_sphere,none,0.5,0.8958950497889691,0.442,0.752,0.69,0.062
4,mahalanobis_diag,mean_std_0.25,nearest_sphere,none,1.0,0.8958950497889691,0.442,0.752,0.69,0.062
4,mahalanobis_diag,mean_std_0.25,nearest_sphere,none,2.0,0.8958950497889691,0.442,0.752,0.69,0.062
4,mahalanobis_diag,mean_std_0.25,nearest_sphere,ratio,0.0,0.8958950497889691,0.442,0.752,0.69,0.062
4,mahalanobis_diag,mean_std_0.25,nearest_sphere,ratio,0.25,1.0403222209651612,0.492,0.752,0.7,0.052
4,mahalanobis_diag,mean_std_0.25,nearest_sphere,ratio,0.5,1.203958599567907,0.552,0.752,0.712,0.04
4,mahalanobis_diag,mean_std_0.25,nearest_sphere,ratio,1.0,1.543287500717684,0.612,0.752,0.724,0.028
4,mahalanobis_diag,mean_std_0.25,nearest_sphere,ratio,2.0,2.317489148426069,0.622,0.752,0.726,0.026
4,mahalanobis_diag,mean_std_0.25,nearest_sphere,inverse_margin,0.0,0.8958950497889691,0.442,0.752,0.69,0.062
4,mahalanobis_diag,mean_std_0.25,nearest_sphere,inverse_margin,0.25,1.5256854860039168,0.632,0.752,0.728,0.024
4,mahalanobis_diag,mean_std_0.25,nearest_sphere,inverse_margin,0.5,2.0222376165826783,0.632,0.752,0.728,0.024
4,mahalanobis_diag,mean_std_0.25,nearest_sphere,inverse_margin,1.0,2.9973515046189645,0.622,0.752,0.726,0.026
4,mahalanobis_diag,mean_std_0.25,nearest_sphere,inverse_margin,2.0,5.081846344975015,0.622,0.752,0.726,0.026
4,mahalanobis_diag,mean_std_0.25,nearest_sphere,max_ratio,0.0,0.8958950497889691,0.442,0.752,0.69,0.062
4,mahalanobis_diag,mean_std_0.25,nearest_sphere,max_ratio,0.25,0.8958950497889691,0.442,0.752,0.69,0.062
4,mahalanobis_diag,mean_std_0.25,nearest_sphere,max_ratio,0.5,0.8958950497889691,0.442,0.752,0.69,0.062
4,mahalanobis_diag,mean_std_0.25,nearest_sphere,max_ratio,1.0,0.9331358935526828,0.552,0.752,0.712,0.04
4,mahalanobis_diag,mean_std_0.25,nearest_sphere,max_ratio,2.0,1.3587255896339157,0.612,0.752,0.724,0.028
4,mahalanobis_diag,mean_std_0.25,normalized_union,none,0.0,0.8958950497889691,0.432,0.752,0.688,0.064
4,mahalanobis_diag,mean_std_0.25,normalized_union,none,0.25,0.8958950497889691,0.432,0.752,0.688,0.064
4,mahalanobis_diag,mean_std_0.25,normalized_union,none,0.5,0.8958950497889691,0.432,0.752,0.688,0.064
4,mahalanobis_diag,mean_std_0.25,normalized_union,none,1.0,0.8958950497889691,0.432,0.752,0.688,0.064
4,mahalanobis_diag,mean_std_0.25,normalized_union,none,2.0,0.8958950497889691,0.432,0.752,0.688,0.064
4,mahalanobis_diag,mean_std_0.25,normalized_union,ratio,0.0,0.8958950497889691,0.432,0.752,0.688,0.064
4,mahalanobis_diag,mean_std_0.25,normalized_union,ratio,0.25,1.0403222209651612,0.482,0.752,0.698,0.054
4,mahalanobis_diag,mean_std_0.25,normalized_union,ratio,0.5,1.203958599567907,0.542,0.752,0.71,0.042
4,mahalanobis_diag,mean_std_0.25,normalized_union,ratio,1.0,1.543287500717684,0.602,0.752,0.722,0.03
4,mahalanobis_diag,mean_std_0.25,normalized_union,ratio,2.0,2.317489148426069,0.622,0.752,0.726,0.026
4,mahalanobis_diag,mean_std_0.25,normalized_union,inverse_margin,0.0,0.8958950497889691,0.432,0.752,0.688,0.064
4,mahalanobis_diag,mean_std_0.25,normalized_union,inverse_margin,0.25,1.5256854860039168,0.632,0.752,0.728,0.024
4,mahalanobis_diag,mean_std_0.25,normalized_union,inverse_margin,0.5,2.0222376165826783,0.632,0.752,0.728,0.024
4,mahalanobis_diag,mean_std_0.25,normalized_union,inverse_margin,1.0,2.9973515046189645,0.622,0.752,0.726,0.026
4,mahalanobis_diag,mean_std_0.25,normalized_union,inverse_margin,2.0,5.081846344975015,0.622,0.752,0.726,0.026
4,mahalanobis_diag,mean_std_0.25,normalized_union,max_ratio,0.0,0.8958950497889691,0.432,0.752,0.688,0.064
4,mahalanobis_diag,mean_std_0.25,normalized_union,max_ratio,0.25,0.8958950497889691,0.432,0.752,0.688,0.064
4,mahalanobis_diag,mean_std_0.25,normalized_union,max_ratio,0.5,0.8958950497889691,0.432,0.752,0.688,0.064
4,mahalanobis_diag,mean_std_0.25,normalized_union,max_ratio,1.0,0.9331358935526828,0.552,0.752,0.712,0.04
4,mahalanobis_diag,mean_std_0.25,normalized_union,max_ratio,2.0,1.3587255896339157,0.612,0.752,0.724,0.028
4,mahalanobis_diag,mean_std_0.5,nearest_sphere,none,0.0,0.8369433336421253,0.442,0.752,0.69,0.062
4,mahalanobis_diag,mean_std_0.5,nearest_sphere,none,0.25,0.8369433336421253,0.442,0.752,0.69,0.062
4,mahalanobis_diag,mean_std_0.5,nearest_sphere,none,0.5,0.8369433336421253,0.442,0.752,0.69,0.062
4,mahalanobis_diag,mean_std_0.5,nearest_sphere,none,1.0,0.8369433336421253,0.442,0.752,0.69,0.062
4,mahalanobis_diag,mean_std_0.5,nearest_sphere,none,2.0,0.8369433336421253,0.442,0.752,0.69,0.062
4,mahalanobis_diag,mean_std_0.5,nearest_sphere,ratio,0.0,0.8369433336421253,0.442,0.752,0.69,0.062
4,mahalanobis_diag,mean_std_0.5,nearest_sphere,ratio,0.25,0.9827056365299601,0.482,0.752,0.698,0.054
4,mahalanobis_diag,mean_std_0.5,nearest_sphere,ratio,0.5,1.13872853750928,0.552,0.752,0.712,0.04
4,mahalanobis_diag,mean_std_0.5,nearest_sphere,ratio,1.0,1.4876629320068924,0.612,0.752,0.724,0.028
4,mahalanobis_diag,mean_std_0.5,nearest_sphere,ratio,2.0,2.2565973080689243,0.622,0.752,0.726,0.026
4,mahalanobis_diag,mean_std_0.5,nearest_sphere,inverse_margin,0.0,0.8369433336421253,0.442,0.752,0.69,0.062
4,mahalanobis_diag,mean_std_0.5,nearest_sphere,inverse_margin,0.25,1.4708055585191318,0.632,0.752,0.728,0.024
4,mahalanobis_diag,mean_std_0.5,nearest_sphere,inverse_margin,0.5,1.9754225344156273,0.632,0.752,0.728,0.024
4,mahalanobis_diag,mean_std_0.5,nearest_sphere,inverse_margin,1.0,2.936968396307985,0.622,0.752,0.726,0.026
4,mahalanobis_diag,mean_std_0.5,nearest_sphere,inverse_margin,2.0,5.009341682429829,0.622,0.752,0.726,0.026
4,mahalanobis_diag,mean_std_0.5,nearest_sphere,max_ratio,0.0,0.8369433336421253,0.442,0.752,0.69,0.062
4,mahalanobis_diag,mean_std_0.5,nearest_sphere,max_ratio,0.25,0.8369433336421253,0.442,0.752,0.69,0.062
4,mahalanobis_diag,mean_std_0.5,nearest_sphere,max_ratio,0.5,0.8369433336421253,0.442,0.752,0.69,0.062
4,mahalanobis_diag,mean_std_0.5,nearest_sphere,max_ratio,1.0,0.8955712111008638,0.592,0.752,0.72,0.032
4,mahalanobis_diag,mean_std_0.5,nearest_sphere,max_ratio,2.0,1.357466163687538,0.612,0.752,0.724,0.028
4,mahalanobis_diag,mean_std_0.5,normalized_union,none,0.0,0.8360154642544614,0.452,0.752,0.692,0.06
4,mahalanobis_diag,mean_std_0.5,normalized_union,none,0.25,0.8360154642544614,0.452,0.752,0.692,0.06
4,mahalanobis_diag,mean_std_0.5,normalized_union,none,0.5,0.8360154642544614,0.452,0.752,0.692,0.06
4,mahalanobis_diag,mean_std_0.5,normalized_union,none,1.0,0.8360154642544614,0.452,0.752,0.692,0.06
4,mahalanobis_diag,mean_std_0.5,normalized_union,none,2.0,0.8360154642544614,0.452,0.752,0.692,0.06
4,mahalanobis_diag,mean_std_0.5,normalized_union,ratio,0.0,0.8360154642544614,0.452,0.752,0.692,0.06
4,mahalanobis_diag,mean_std_0.5,normalized_union,ratio,0.25,0.9827056365299601,0.482,0.752,0.698,0.054
4,mahalanobis_diag,mean_std_0.5,normalized_union,ratio,0.5,1.13872853750928,0.552,0.752,0.712,0.04
4,mahalanobis_diag,mean_std_0.5,normalized_union,ratio,1.0,1.4876629320068924,0.612,0.752,0.724,0.028
4,mahalanobis_diag,mean_std_0.5,normalized_union,ratio,2.0,2.2565973080689243,0.622,0.752,0.726,0.026
4,mahalanobis_diag,mean_std_0.5,normalized_union,inverse_margin,0.0,0.8360154642544614,0.452,0.752,0.692,0.06
4,mahalanobis_diag,mean_std_0.5,normalized_union,inverse_margin,0.25,1.4708055585191318,0.632,0.752,0.728,0.024
4,mahalanobis_diag,mean_std_0.5,normalized_union,inverse_margin,0.5,1.9754225344156273,0.632,0.752,0.728,0.024
4,mahalanobis_diag,mean_std_0.5,normalized_union,inverse_margin,1.0,2.936968396307985,0.622,0.752,0.726,0.026
4,mahalanobis_diag,mean_std_0.5,normalized_union,inverse_margin,2.0,5.009341682429829,0.622,0.752,0.726,0.026
4,mahalanobis_diag,mean_std_0.5,normalized_union,max_ratio,0.0,0.8360154642544614,0.452,0.752,0.692,0.06
4,mahalanobis_diag,mean_std_0.5,normalized_union,max_ratio,0.25,0.8360154642544614,0.452,0.752,0.692,0.06
4,mahalanobis_diag,mean_std_0.5,normalized_union,max_ratio,0.5,0.8360154642544614,0.452,0.752,0.692,0.06
4,mahalanobis_diag,mean_std_0.5,normalized_union,max_ratio,1.0,0.8955712111008638,0.592,0.752,0.72,0.032
4,mahalanobis_diag,mean_std_0.5,normalized_union,max_ratio,2.0,1.357466163687538,0.612,0.752,0.724,0.028
4,mahalanobis_diag,mean_std_0.75,nearest_sphere,none,0.0,0.7827468576877045,0.442,0.752,0.69,0.062
4,mahalanobis_diag,mean_std_0.75,nearest_sphere,none,0.25,0.7827468576877045,0.442,0.752,0.69,0.062
4,mahalanobis_diag,mean_std_0.75,nearest_sphere,none,0.5,0.7827468576877045,0.442,0.752,0.69,0.062
4,mahalanobis_diag,mean_std_0.75,nearest_sphere,none,1.0,0.7827468576877045,0.442,0.752,0.69,0.062
4,mahalanobis_diag,mean_std_0.75,nearest_sphere,none,2.0,0.7827468576877045,0.442,0.752,0.69,0.062
4,mahalanobis_diag,mean_std_0.75,nearest_sphere,ratio,0.0,0.7827468576877045,0.442,0.752,0.69,0.062
4,mahalanobis_diag,mean_std_0.75,nearest_sphere,ratio,0.25,0.9293401716983462,0.472,0.752,0.696,0.056
4,mahalanobis_diag,mean_std_0.75,nearest_sphere,ratio,0.5,1.0903586712863362,0.552,0.752,0.712,0.04
4,mahalanobis_diag,mean_std_0.75,nearest_sphere,ratio,1.0,1.43348661721181,0.612,0.752,0.724,0.028
4,mahalanobis_diag,mean_std_0.75,nearest_sphere,ratio,2.0,2.202663402570712,0.622,0.752,0.726,0.026
4,mahalanobis_diag,mean_std_0.75,nearest_sphere,inverse_margin,0.0,0.7827468576877045,0.442,0.752,0.69,0.062
4,mahalanobis_diag,mean_std_0.75,nearest_sphere,inverse_margin,0.25,1.4149410353268563,0.632,0.752,0.728,0.024
4,mahalanobis_diag,mean_std_0.75,nearest_sphere,inverse_margin,0.5,1.9122603533234885,0.622,0.752,0.726,0.026
4,mahalanobis_diag,mean_std_0.75,nearest_sphere,inverse_margin,1.0,2.885752003342344,0.622,0.752,0.726,0.026
4,mahalanobis_diag,mean_std_0.75,nearest_sphere,inverse_margin,2.0,4.929627338408848,0.622,0.752,0.726,0.026
4,mahalanobis_diag,mean_std_0.75,nearest_sphere,max_ratio,0.0,0.7827468576877045,0.442,0.752,0.69,0.062
4,mahalanobis_diag,mean_std_0.75,nearest_sphere,max_ratio,0.25,0.7827468576877045,0.442,0.752,0.69,0.062
4,mahalanobis_diag,mean_std_0.75,nearest_sphere,max_ratio,0.5,0.7827468576877045,0.442,0.752,0.69,0.062
4,mahalanobis_diag,mean_std_0.75,nearest_sphere,max_ratio,1.0,0.8582723424154312,0.582,0.752,0.718,0.034
4,mahalanobis_diag,mean_std_0.75,nearest_sphere,max_ratio,2.0,1.34204880753929,0.622,0.752,0.726,0.026
4,mahalanobis_diag,mean_std_0.75,normalized_union,none,0.0,0.7824450443033718,0.432,0.752,0.688,0.064
4,mahalanobis_diag,mean_std_0.75,normalized_union,none,0.25,0.7824450443033718,0.432,0.752,0.688,0.064
4,mahalanobis_diag,mean_std_0.75,normalized_union,none,0.5,0.7824450443033718,0.432,0.752,0.688,0.064
4,mahalanobis_diag,mean_std_0.75,normalized_union,none,1.0,0.7824450443033718,0.432,0.752,0.688,0.064
4,mahalanobis_diag,mean_std_0.75,normalized_union,none,2.0,0.7824450443033718,0.432,0.752,0.688,0.064
4,mahalanobis_diag,mean_std_0.75,normalized_union,ratio,0.0,0.7824450443033718,0.432,0.752,0.688,0.064
4,mahalanobis_diag,mean_std_0.75,normalized_union,ratio,0.25,0.9275784136288858,0.472,0.752,0.696,0.056
4,mahalanobis_diag,mean_std_0.75,normalized_union,ratio,0.5,1.0903586712863362,0.542,0.752,0.71,0.042
4,mahalanobis_diag,mean_std_0.75,normalized_union,ratio,1.0,1.43348661721181,0.612,0.752,0.724,0.028
4,mahalanobis_diag,mean_std_0.75,normalized_union,ratio,2.0,2.2005968112563323,0.622,0.752,0.726,0.026
4,mahalanobis_diag,mean_std_0.75,normalized_union,inverse_margin,0.0,0.7824450443033718,0.432,0.752,0.688,0.064
4,mahalanobis_diag,mean_std_0.75,normalized_union,inverse_margin,0.25,1.4149410353268563,0.632,0.752,0.728,0.024
4,mahalanobis_diag,mean_std_0.75,normalized_union,inverse_margin,0.5,1.909174583547614,0.632,0.752,0.728,0.024
4,mahalanobis_diag,mean_std_0.75,normalized_union,inverse_margin,1.0,2.885752003342344,0.622,0.752,0.726,0.026
4,mahalanobis_diag,mean_std_0.75,normalized_union,inverse_margin,2.0,4.929627338408848,0.622,0.752,0.726,0.026
4,mahalanobis_diag,mean_std_0.75,normalized_union,max_ratio,0.0,0.7824450443033718,0.432,0.752,0.688,0.064
4,mahalanobis_diag,mean_std_0.75,normalized_union,max_ratio,0.25,0.7824450443033718,0.432,0.752,0.688,0.064
4,mahalanobis_diag,mean_std_0.75,normalized_union,max_ratio,0.5,0.7824450443033718,0.432,0.752,0.688,0.064
4,mahalanobis_diag,mean_std_0.75,normalized_union,max_ratio,1.0,0.8582723424154312,0.582,0.752,0.718,0.034
4,mahalanobis_diag,mean_std_0.75,normalized_union,max_ratio,2.0,1.34204880753929,0.622,0.752,0.726,0.026
4,mahalanobis_diag,mean_std_1.0,nearest_sphere,none,0.0,0.7365527079761421,0.432,0.752,0.688,0.064
4,mahalanobis_diag,mean_std_1.0,nearest_sphere,none,0.25,0.7365527079761421,0.432,0.752,0.688,0.064
4,mahalanobis_diag,mean_std_1.0,nearest_sphere,none,0.5,0.7365527079761421,0.432,0.752,0.688,0.064
4,mahalanobis_diag,mean_std_1.0,nearest_sphere,none,1.0,0.7365527079761421,0.432,0.752,0.688,0.064
4,mahalanobis_diag,mean_std_1.0,nearest_sphere,none,2.0,0.7365527079761421,0.432,0.752,0.688,0.064
4,mahalanobis_diag,mean_std_1.0,nearest_sphere,ratio,0.0,0.7365527079761421,0.432,0.752,0.688,0.064
4,mahalanobis_diag,mean_std_1.0,nearest_sphere,ratio,0.25,0.8890793868634296,0.452,0.752,0.692,0.06
4,mahalanobis_diag,mean_std_1.0,nearest_sphere,ratio,0.5,1.0497630092159373,0.552,0.752,0.712,0.04
4,mahalanobis_diag,mean_std_1.0,nearest_sphere,ratio,1.0,1.3880548120837624,0.612,0.752,0.724,0.028
4,mahalanobis_diag,mean_std_1.0,nearest_sphere,ratio,2.0,2.1545592918824146,0.622,0.752,0.726,0.026
4,mahalanobis_diag,mean_std_1.0,nearest_sphere,inverse_margin,0.0,0.7365527079761421,0.432,0.752,0.688,0.064
4,mahalanobis_diag,mean_std_1.0,nearest_sphere,inverse_margin,0.25,1.3463341144656242,0.632,0.752,0.728,0.024
4,mahalanobis_diag,mean_std_1.0,nearest_sphere,inverse_margin,0.5,1.8620147694862679,0.622,0.752,0.726,0.026
4,mahalanobis_diag,mean_std_1.0,nearest_sphere,inverse_margin,1.0,2.8417622016376343,0.622,0.752,0.726,0.026
4,mahalanobis_diag,mean_std_1.0,nearest_sphere,inverse_margin,2.0,4.857985468322263,0.622,0.752,0.726,0.026
4,mahalanobis_diag,mean_std_1.0,nearest_sphere,max_ratio,0.0,0.7365527079761421,0.432,0.752,0.688,0.064
4,mahalanobis_diag,mean_std_1.0,nearest_sphere,max_ratio,0.25,0.7365527079761421,0.432,0.752,0.688,0.064
4,mahalanobis_diag,mean_std_1.0,nearest_sphere,max_ratio,0.5,0.7365527079761421,0.432,0.752,0.688,0.064
4,mahalanobis_diag,mean_std_1.0,nearest_sphere,max_ratio,1.0,0.8273404355758878,0.602,0.752,0.722,0.03
4,mahalanobis_diag,mean_std_1.0,nearest_sphere,max_ratio,2.0,1.3302631787936274,0.622,0.752,0.726,0.026
4,mahalanobis_diag,mean_std_1.0,normalized_union,none,0.0,0.7354383912989267,0.412,0.752,0.684,0.068
4,mahalanobis_diag,mean_std_1.0,normalized_union,none,0.25,0.7354383912989267,0.412,0.752,0.684,0.068
4,mahalanobis_diag,mean_std_1.0,normalized_union,none,0.5,0.7354383912989267,0.412,0.752,0.684,0.068
4,mahalanobis_diag,mean_std_1.0,normalized_union,none,1.0,0.7354383912989267,0.412,0.752,0.684,0.068
4,mahalanobis_diag,mean_std_1.0,normalized_union,none,2.0,0.7354383912989267,0.412,0.752,0.684,0.068
4,mahalanobis_diag,mean_std_1.0,normalized_union,ratio,0.0,0.7354383912989267,0.412,0.752,0.684,0.068
4,mahalanobis_diag,mean_std_1.0,normalized_union,ratio,0.25,0.882872535268345,0.452,0.752,0.692,0.06
4,mahalanobis_diag,mean_std_1.0,normalized_union,ratio,0.5,1.0497630092159373,0.542,0.752,0.71,0.042
4,mahalanobis_diag,mean_std_1.0,normalized_union,ratio,1.0,1.3880548120837624,0.612,0.752,0.724,0.028
4,mahalanobis_diag,mean_std_1.0,normalized_union,ratio,2.0,2.15335785926127,0.622,0.752,0.726,0.026
4,mahalanobis_diag,mean_std_1.0,normalized_union,inverse_margin,0.0,0.7354383912989267,0.412,0.752,0.684,0.068
4,mahalanobis_diag,mean_std_1.0,normalized_union,inverse_margin,0.25,1.3463341144656242,0.632,0.752,0.728,0.024
4,mahalanobis_diag,mean_std_1.0,normalized_union,inverse_margin,0.5,1.8546271754167072,0.622,0.752,0.726,0.026
4,mahalanobis_diag,mean_std_1.0,normalized_union,inverse_margin,1.0,2.8417622016376343,0.622,0.752,0.726,0.026
4,mahalanobis_diag,mean_std_1.0,normalized_union,inverse_margin,2.0,4.857985468322263,0.622,0.752,0.726,0.026
4,mahalanobis_diag,mean_std_1.0,normalized_union,max_ratio,0.0,0.7354383912989267,0.412,0.752,0.684,0.068
4,mahalanobis_diag,mean_std_1.0,normalized_union,max_ratio,0.25,0.7354383912989267,0.412,0.752,0.684,0.068
4,mahalanobis_diag,mean_std_1.0,normalized_union,max_ratio,0.5,0.7354383912989267,0.412,0.752,0.684,0.068
4,mahalanobis_diag,mean_std_1.0,normalized_union,max_ratio,1.0,0.826836793394455,0.602,0.752,0.722,0.03
4,mahalanobis_diag,mean_std_1.0,normalized_union,max_ratio,2.0,1.3302631787936274,0.622,0.752,0.726,0.026
4,mahalanobis_diag,mean_std_1.5,nearest_sphere,none,0.0,0.6622612494490481,0.432,0.752,0.688,0.064
4,mahalanobis_diag,mean_std_1.5,nearest_sphere,none,0.25,0.6622612494490481,0.432,0.752,0.688,0.064
4,mahalanobis_diag,mean_std_1.5,nearest_sphere,none,0.5,0.6622612494490481,0.432,0.752,0.688,0.064
4,mahalanobis_diag,mean_std_1.5,nearest_sphere,none,1.0,0.6622612494490481,0.432,0.752,0.688,0.064
4,mahalanobis_diag,mean_std_1.5,nearest_sphere,none,2.0,0.6622612494490481,0.432,0.752,0.688,0.064
4,mahalanobis_diag,mean_std_1.5,nearest_sphere,ratio,0.0,0.6622612494490481,0.432,0.752,0.688,0.064
4,mahalanobis_diag,mean_std_1.5,nearest_sphere,ratio,0.25,0.8117203720449244,0.452,0.752,0.692,0.06
4,mahalanobis_diag,mean_std_1.5,nearest_sphere,ratio,0.5,0.9712844184708145,0.552,0.752,0.712,0.04
4,mahalanobis_diag,mean_std_1.5,nearest_sphere,ratio,1.0,1.3262180220675925,0.622,0.752,0.726,0.026
4,mahalanobis_diag,mean_std_1.5,nearest_sphere,ratio,2.0,2.0601595679637525,0.622,0.752,0.726,0.026
4,mahalanobis_diag,mean_std_1.5,nearest_sphere,inverse_margin,0.0,0.6622612494490481,0.432,0.752,0.688,0.064
4,mahalanobis_diag,mean_std_1.5,nearest_sphere,inverse_margin,0.25,1.2586798351626536,0.632,0.752,0.728,0.024
4,mahalanobis_diag,mean_std_1.5,nearest_sphere,inverse_margin,0.5,1.7685054190440088,0.622,0.752,0.726,0.026
4,mahalanobis_diag,mean_std_1.5,nearest_sphere,inverse_margin,1.0,2.770100877698866,0.622,0.752,0.726,0.026
4,mahalanobis_diag,mean_std_1.5,nearest_sphere,inverse_margin,2.0,4.751079282264145,0.622,0.752,0.726,0.026
4,mahalanobis_diag,mean_std_1.5,nearest_sphere,max_ratio,0.0,0.6622612494490481,0.432,0.752,0.688,0.064
4,mahalanobis_diag,mean_std_1.5,nearest_sphere,max_ratio,0.25,0.6622612494490481,0.432,0.752,0.688,0.064
4,mahalanobis_diag,mean_std_1.5,nearest_sphere,max_ratio,0.5,0.6622612494490481,0.432,0.752,0.688,0.064
4,mahalanobis_diag,mean_std_1.5,nearest_sphere,max_ratio,1.0,0.7704651526509372,0.612,0.752,0.724,0.028
4,mahalanobis_diag,mean_std_1.5,nearest_sphere,max_ratio,2.0,1.3237356564257219,0.622,0.752,0.726,0.026
4,mahalanobis_diag,mean_std_1.5,normalized_union,none,0.0,0.65808271856935,0.402,0.752,0.682,0.07
4,mahalanobis_diag,mean_std_1.5,normalized_union,none,0.25,0.65808271856935,0.402,0.752,0.682,0.07
4,mahalanobis_diag,mean_std_1.5,normalized_union,none,0.5,0.65808271856935,0.402,0.752,0.682,0.07
4,mahalanobis_diag,mean_std_1.5,normalized_union,none,1.0,0.65808271856935,0.402,0.752,0.682,0.07
4,mahalanobis_diag,mean_std_1.5,normalized_union,none,2.0,0.65808271856935,0.402,0.752,0.682,0.07
4,mahalanobis_diag,mean_std_1.5,normalized_union,ratio,0.0,0.65808271856935,0.402,0.752,0.682,0.07
4,mahalanobis_diag,mean_std_1.5,normalized_union,ratio,0.25,0.8054000288145563,0.442,0.752,0.69,0.062
4,mahalanobis_diag,mean_std_1.5,normalized_union,ratio,0.5,0.966904689263153,0.532,0.752,0.708,0.044
4,mahalanobis_diag,mean_std_1.5,normalized_union,ratio,1.0,1.320447132015722,0.622,0.752,0.726,0.026
4,mahalanobis_diag,mean_std_1.5,normalized_union,ratio,2.0,2.0572628785281073,0.622,0.752,0.726,0.026
4,mahalanobis_diag,mean_std_1.5,normalized_union,inverse_margin,0.0,0.65808271856935,0.402,0.752,0.682,0.07
4,mahalanobis_diag,mean_std_1.5,normalized_union,inverse_margin,0.25,1.2586798351626536,0.632,0.752,0.728,0.024
4,mahalanobis_diag,mean_std_1.5,normalized_union,inverse_margin,0.5,1.7562267231386124,0.622,0.752,0.726,0.026
4,mahalanobis_diag,mean_std_1.5,normalized_union,inverse_margin,1.0,2.770100877698866,0.622,0.752,0.726,0.026
4,mahalanobis_diag,mean_std_1.5,normalized_union,inverse_margin,2.0,4.751079282264145,0.622,0.752,0.726,0.026
4,mahalanobis_diag,mean_std_1.5,normalized_union,max_ratio,0.0,0.65808271856935,0.402,0.752,0.682,0.07
4,mahalanobis_diag,mean_std_1.5,normalized_union,max_ratio,0.25,0.65808271856935,0.402,0.752,0.682,0.07
4,mahalanobis_diag,mean_std_1.5,normalized_union,max_ratio,0.5,0.65808271856935,0.402,0.752,0.682,0.07
4,mahalanobis_diag,mean_std_1.5,normalized_union,max_ratio,1.0,0.7692014735687118,0.612,0.752,0.724,0.028
4,mahalanobis_diag,mean_std_1.5,normalized_union,max_ratio,2.0,1.3237356564257219,0.622,0.752,0.726,0.026
4,mahalanobis_diag,mean_std_2.0,nearest_sphere,none,0.0,0.5979971992304827,0.432,0.752,0.688,0.064
4,mahalanobis_diag,mean_std_2.0,nearest_sphere,none,0.25,0.5979971992304827,0.432,0.752,0.688,0.064
4,mahalanobis_diag,mean_std_2.0,nearest_sphere,none,0.5,0.5979971992304827,0.432,0.752,0.688,0.064
4,mahalanobis_diag,mean_std_2.0,nearest_sphere,none,1.0,0.5979971992304827,0.432,0.752,0.688,0.064
4,mahalanobis_diag,mean_std_2.0,nearest_sphere,none,2.0,0.5979971992304827,0.432,0.752,0.688,0.064
4,mahalanobis_diag,mean_std_2.0,nearest_sphere,ratio,0.0,0.5979971992304827,0.432,0.752,0.688,0.064
4,mahalanobis_diag,mean_std_2.0,nearest_sphere,ratio,0.25,0.7478168075168111,0.452,0.752,0.692,0.06
4,mahalanobis_diag,mean_std_2.0,nearest_sphere,ratio,0.5,0.9102166836775205,0.562,0.752,0.714,0.038
4,mahalanobis_diag,mean_std_2.0,nearest_sphere,ratio,1.0,1.2746440370356973,0.622,0.752,0.726,0.026
4,mahalanobis_diag,mean_std_2.0,nearest_sphere,ratio,2.0,1.9844131958875986,0.622,0.752,0.726,0.026
4,mahalanobis_diag,mean_std_2.0,nearest_sphere,inverse_margin,0.0,0.5979971992304827,0.432,0.752,0.688,0.064
4,mahalanobis_diag,mean_std_2.0,nearest_sphere,inverse_margin,0.25,1.1981681659874948,0.632,0.752,0.728,0.024
4,mahalanobis_diag,mean_std_2.0,nearest_sphere,inverse_margin,0.5,1.6907452313419769,0.622,0.752,0.726,0.026
4,mahalanobis_diag,mean_std_2.0,nearest_sphere,inverse_margin,1.0,2.714211457064733,0.622,0.752,0.726,0.026
4,mahalanobis_diag,mean_std_2.0,nearest_sphere,inverse_margin,2.0,4.703623800378354,0.622,0.752,0.726,0.026
4,mahalanobis_diag,mean_std_2.0,nearest_sphere,max_ratio,0.0,0.5979971992304827,0.432,0.752,0.688,0.064
4,mahalanobis_diag,mean_std_2.0,nearest_sphere,max_ratio,0.25,0.5979971992304827,0.432,0.752,0.688,0.064
4,mahalanobis_diag,mean_std_2.0,nearest_sphere,max_ratio,0.5,0.5979971992304827,0.432,0.752,0.688,0.064
4,mahalanobis_diag,mean_std_2.0,nearest_sphere,max_ratio,1.0,0.739844976174657,0.622,0.752,0.726,0.026
4,mahalanobis_diag,mean_std_2.0,nearest_sphere,max_ratio,2.0,1.3237356564257219,0.622,0.752,0.726,0.026
4,mahalanobis_diag,mean_std_2.0,normalized_union,none,0.0,0.592090235923035,0.402,0.752,0.682,0.07
4,mahalanobis_diag,mean_std_2.0,normalized_union,none,0.25,0.592090235923035,0.402,0.752,0.682,0.07
4,mahalanobis_diag,mean_std_2.0,normalized_union,none,0.5,0.592090235923035,0.402,0.752,0.682,0.07
4,mahalanobis_diag,mean_std_2.0,normalized_union,none,1.0,0.592090235923035,0.402,0.752,0.682,0.07
4,mahalanobis_diag,mean_std_2.0,normalized_union,none,2.0,0.592090235923035,0.402,0.752,0.682,0.07
4,mahalanobis_diag,mean_std_2.0,normalized_union,ratio,0.0,0.592090235923035,0.402,0.752,0.682,0.07
4,mahalanobis_diag,mean_std_2.0,normalized_union,ratio,0.25,0.7379371131547803,0.442,0.752,0.69,0.062
4,mahalanobis_diag,mean_std_2.0,normalized_union,ratio,0.5,0.9033554442924614,0.542,0.752,0.71,0.042
4,mahalanobis_diag,mean_std_2.0,normalized_union,ratio,1.0,1.2686444442503406,0.622,0.752,0.726,0.026
4,mahalanobis_diag,mean_std_2.0,normalized_union,ratio,2.0,1.9815343408710246,0.622,0.752,0.726,0.026
4,mahalanobis_diag,mean_std_2.0,normalized_union,inverse_margin,0.0,0.592090235923035,0.402,0.752,0.682,0.07
4,mahalanobis_diag,mean_std_2.0,normalized_union,inverse_margin,0.25,1.178608148238486,0.632,0.752,0.728,0.024
4,mahalanobis_diag,mean_std_2.0,normalized_union,inverse_margin,0.5,1.6753174701006772,0.622,0.752,0.726,0.026
4,mahalanobis_diag,mean_std_2.0,normalized_union,inverse_margin,1.0,2.714211457064733,0.622,0.752,0.726,0.026
4,mahalanobis_diag,mean_std_2.0,normalized_union,inverse_margin,2.0,4.703623800378354,0.622,0.752,0.726,0.026
4,mahalanobis_diag,mean_std_2.0,normalized_union,max_ratio,0.0,0.592090235923035,0.402,0.752,0.682,0.07
4,mahalanobis_diag,mean_std_2.0,normalized_union,max_ratio,0.25,0.592090235923035,0.402,0.752,0.682,0.07
4,mahalanobis_diag,mean_std_2.0,normalized_union,max_ratio,0.5,0.592090235923035,0.402,0.752,0.682,0.07
4,mahalanobis_diag,mean_std_2.0,normalized_union,max_ratio,1.0,0.7348747776490758,0.622,0.752,0.726,0.026
4,mahalanobis_diag,mean_std_2.0,normalized_union,max_ratio,2.0,1.3237356564257219,0.622,0.752,0.726,0.026
4,mahalanobis_diag,mean_std_3.0,nearest_sphere,none,0.0,0.5074654166861721,0.422,0.752,0.686,0.066
4,mahalanobis_diag,mean_std_3.0,nearest_sphere,none,0.25,0.5074654166861721,0.422,0.752,0.686,0.066
4,mahalanobis_diag,mean_std_3.0,nearest_sphere,none,0.5,0.5074654166861721,0.422,0.752,0.686,0.066
4,mahalanobis_diag,mean_std_3.0,nearest_sphere,none,1.0,0.5074654166861721,0.422,0.752,0.686,0.066
4,mahalanobis_diag,mean_std_3.0,nearest_sphere,none,2.0,0.5074654166861721,0.422,0.752,0.686,0.066
4,mahalanobis_diag,mean_std_3.0,nearest_sphere,ratio,0.0,0.5074654166861721,0.422,0.752,0.686,0.066
4,mahalanobis_diag,mean_std_3.0,nearest_sphere,ratio,0.25,0.6600695367856804,0.452,0.752,0.692,0.06
4,mahalanobis_diag,mean_std_3.0,nearest_sphere,ratio,0.5,0.8220218539643896,0.572,0.752,0.716,0.036
4,mahalanobis_diag,mean_std_3.0,nearest_sphere,ratio,1.0,1.1930728154351589,0.622,0.752,0.726,0.026
4,mahalanobis_diag,mean_std_3.0,nearest_sphere,ratio,2.0,1.9029359044894996,0.632,0.752,0.728,0.024
4,mahalanobis_diag,mean_std_3.0,nearest_sphere,inverse_margin,0.0,0.5074654166861721,0.422,0.752,0.686,0.066
4,mahalanobis_diag,mean_std_3.0,nearest_sphere,inverse_margin,0.25,1.0925174097668215,0.632,0.752,0.728,0.024
4,mahalanobis_diag,mean_std_3.0,nearest_sphere,inverse_margin,0.5,1.5697324341500032,0.622,0.752,0.726,0.026
4,mahalanobis_diag,mean_std_3.0,nearest_sphere,inverse_margin,1.0,2.639401285954736,0.622,0.752,0.726,0.026
4,mahalanobis_diag,mean_std_3.0,nearest_sphere,inverse_margin,2.0,4.619817539758931,0.622,0.752,0.726,0.026
4,mahalanobis_diag,mean_std_3.0,nearest_sphere,max_ratio,0.0,0.5074654166861721,0.422,0.752,0.686,0.066
4,mahalanobis_diag,mean_std_3.0,nearest_sphere,max_ratio,0.25,0.5074654166861721,0.422,0.752,0.686,0.066
4,mahalanobis_diag,mean_std_3.0,nearest_sphere,max_ratio,0.5,0.5074654166861721,0.422,0.752,0.686,0.066
4,mahalanobis_diag,mean_std_3.0,nearest_sphere,max_ratio,1.0,0.7101046746744727,0.622,0.752,0.726,0.026
4,mahalanobis_diag,mean_std_3.0,nearest_sphere,max_ratio,2.0,1.3237356564257219,0.622,0.752,0.726,0.026
4,mahalanobis_diag,mean_std_3.0,normalized_union,none,0.0,0.49339656546871724,0.402,0.752,0.682,0.07
4,mahalanobis_diag,mean_std_3.0,normalized_union,none,0.25,0.49339656546871724,0.402,0.752,0.682,0.07
4,mahalanobis_diag,mean_std_3.0,normalized_union,none,0.5,0.49339656546871724,0.402,0.752,0.682,0.07
4,mahalanobis_diag,mean_std_3.0,normalized_union,none,1.0,0.49339656546871724,0.402,0.752,0.682,0.07
4,mahalanobis_diag,mean_std_3.0,normalized_union,none,2.0,0.49339656546871724,0.402,0.752,0.682,0.07
4,mahalanobis_diag,mean_std_3.0,normalized_union,ratio,0.0,0.49339656546871724,0.402,0.752,0.682,0.07
4,mahalanobis_diag,mean_std_3.0,normalized_union,ratio,0.25,0.6424435913080309,0.442,0.752,0.69,0.062
4,mahalanobis_diag,mean_std_3.0,normalized_union,ratio,0.5,0.8115055659429979,0.572,0.752,0.716,0.036
4,mahalanobis_diag,mean_std_3.0,normalized_union,ratio,1.0,1.1856128198337843,0.622,0.752,0.726,0.026
4,mahalanobis_diag,mean_std_3.0,normalized_union,ratio,2.0,1.8864602334692468,0.632,0.752,0.728,0.024
4,mahalanobis_diag,mean_std_3.0,normalized_union,inverse_margin,0.0,0.49339656546871724,0.402,0.752,0.682,0.07
4,mahalanobis_diag,mean_std_3.0,normalized_union,inverse_margin,0.25,1.0838924079194592,0.632,0.752,0.728,0.024
4,mahalanobis_diag,mean_std_3.0,normalized_union,inverse_margin,0.5,1.5546307058266828,0.622,0.752,0.726,0.026
4,mahalanobis_diag,mean_std_3.0,normalized_union,inverse_margin,1.0,2.632677954981066,0.622,0.752,0.726,0.026
4,mahalanobis_diag,mean_std_3.0,normalized_union,inverse_margin,2.0,4.619817539758931,0.622,0.752,0.726,0.026
4,mahalanobis_diag,mean_std_3.0,normalized_union,max_ratio,0.0,0.49339656546871724,0.402,0.752,0.682,0.07
4,mahalanobis_diag,mean_std_3.0,normalized_union,max_ratio,0.25,0.49339656546871724,0.402,0.752,0.682,0.07
4,mahalanobis_diag,mean_std_3.0,normalized_union,max_ratio,0.5,0.4977823347132213,0.402,0.752,0.682,0.07
4,mahalanobis_diag,mean_std_3.0,normalized_union,max_ratio,1.0,0.7042507926997605,0.612,0.752,0.724,0.028
4,mahalanobis_diag,mean_std_3.0,normalized_union,max_ratio,2.0,1.3237356564257219,0.622,0.752,0.726,0.026
4,mahalanobis_diag,center_quantile_0.5,nearest_sphere,none,0.0,1.1436499236226134,0.422,0.752,0.686,0.066
4,mahalanobis_diag,center_quantile_0.5,nearest_sphere,none,0.25,1.1436499236226134,0.422,0.752,0.686,0.066
4,mahalanobis_diag,center_quantile_0.5,nearest_sphere,none,0.5,1.1436499236226134,0.422,0.752,0.686,0.066
4,mahalanobis_diag,center_quantile_0.5,nearest_sphere,none,1.0,1.1436499236226134,0.422,0.752,0.686,0.066
4,mahalanobis_diag,center_quantile_0.5,nearest_sphere,none,2.0,1.1436499236226134,0.422,0.752,0.686,0.066
4,mahalanobis_diag,center_quantile_0.5,nearest_sphere,ratio,0.0,1.1436499236226134,0.422,0.752,0.686,0.066
4,mahalanobis_diag,center_quantile_0.5,nearest_sphere,ratio,0.25,1.2857008535355436,0.462,0.752,0.694,0.058
4,mahalanobis_diag,center_quantile_0.5,nearest_sphere,ratio,0.5,1.4284569585041509,0.542,0.752,0.71,0.042
4,mahalanobis_diag,center_quantile_0.5,nearest_sphere,ratio,1.0,1.7842401380315862,0.602,0.752,0.722,0.03
4,mahalanobis_diag,center_quantile_0.5,nearest_sphere,ratio,2.0,2.49544411697695,0.622,0.752,0.726,0.026
4,mahalanobis_diag,center_quantile_0.5,nearest_sphere,inverse_margin,0.0,1.1436499236226134,0.422,0.752,0.686,0.066
4,mahalanobis_diag,center_quantile_0.5,nearest_sphere,inverse_margin,0.25,1.7411356936185478,0.632,0.752,0.728,0.024
4,mahalanobis_diag,center_quantile_0.5,nearest_sphere,inverse_margin,0.5,2.207501767334411,0.622,0.752,0.726,0.026
4,mahalanobis_diag,center_quantile_0.5,nearest_sphere,inverse_margin,1.0,3.1960944933877284,0.622,0.752,0.726,0.026
4,mahalanobis_diag,center_quantile_0.5,nearest_sphere,inverse_margin,2.0,5.267852451958985,0.622,0.752,0.726,0.026
4,mahalanobis_diag,center_quantile_0.5,nearest_sphere,max_ratio,0.0,1.1436499236226134,0.422,0.752,0.686,0.066
4,mahalanobis_diag,center_quantile_0.5,nearest_sphere,max_ratio,0.25,1.1436499236226134,0.422,0.752,0.686,0.066
4,mahalanobis_diag,center_quantile_0.5,nearest_sphere,max_ratio,0.5,1.1436499236226134,0.422,0.752,0.686,0.066
4,mahalanobis_diag,center_quantile_0.5,nearest_sphere,max_ratio,1.0,1.1436499236226134,0.422,0.752,0.686,0.066
4,mahalanobis_diag,center_quantile_0.5,nearest_sphere,max_ratio,2.0,1.3961864889802305,0.612,0.752,0.724,0.028
4,mahalanobis_diag,center_quantile_0.5,normalized_union,none,0.0,1.0835970439552056,0.492,0.752,0.7,0.052
4,mahalanobis_diag,center_quantile_0.5,normalized_union,none,0.25,1.0835970439552056,0.492,0.752,0.7,0.052
4,mahalanobis_diag,center_quantile_0.5,normalized_union,none,0.5,1.0835970439552056,0.492,0.752,0.7,0.052
4,mahalanobis_diag,center_quantile_0.5,normalized_union,none,1.0,1.0835970439552056,0.492,0.752,0.7,0.052
4,mahalanobis_diag,center_quantile_0.5,normalized_union,none,2.0,1.0835970439552056,0.492,0.752,0.7,0.052
4,mahalanobis_diag,center_quantile_0.5,normalized_union,ratio,0.0,1.0835970439552056,0.492,0.752,0.7,0.052
4,mahalanobis_diag,center_quantile_0.5,normalized_union,ratio,0.25,1.22079135274657,0.522,0.752,0.706,0.046
4,mahalanobis_diag,center_quantile_0.5,normalized_union,ratio,0.5,1.37757675468692,0.572,0.752,0.716,0.036
4,mahalanobis_diag,center_quantile_0.5,normalized_union,ratio,1.0,1.7085647393881709,0.602,0.752,0.722,0.03
4,mahalanobis_diag,center_quantile_0.5,normalized_union,ratio,2.0,2.39818690391704,0.622,0.752,0.726,0.026
4,mahalanobis_diag,center_quantile_0.5,normalized_union,inverse_margin,0.0,1.0835970439552056,0.492,0.752,0.7,0.052
4,mahalanobis_diag,center_quantile_0.5,normalized_union,inverse_margin,0.25,1.7214362748436618,0.632,0.752,0.728,0.024
4,mahalanobis_diag,center_quantile_0.5,normalized_union,inverse_margin,0.5,2.1699539294414096,0.632,0.752,0.728,0.024
4,mahalanobis_diag,center_quantile_0.5,normalized_union,inverse_margin,1.0,3.151501757249652,0.622,0.752,0.726,0.026
4,mahalanobis_diag,center_quantile_0.5,normalized_union,inverse_margin,2.0,5.240263170231129,0.622,0.752,0.726,0.026
4,mahalanobis_diag,center_quantile_0.5,normalized_union,max_ratio,0.0,1.0835970439552056,0.492,0.752,0.7,0.052
4,mahalanobis_diag,center_quantile_0.5,normalized_union,max_ratio,0.25,1.0835970439552056,0.492,0.752,0.7,0.052
4,mahalanobis_diag,center_quantile_0.5,normalized_union,max_ratio,0.5,1.0835970439552056,0.492,0.752,0.7,0.052
4,mahalanobis_diag,center_quantile_0.5,normalized_union,max_ratio,1.0,1.0835970439552056,0.492,0.752,0.7,0.052
4,mahalanobis_diag,center_quantile_0.5,normalized_union,max_ratio,2.0,1.3869209009846082,0.612,0.752,0.724,0.028
4,mahalanobis_diag,intent_quantile_0.5,nearest_sphere,none,0.0,1.1427636008707167,0.432,0.752,0.688,0.064
4,mahalanobis_diag,intent_quantile_0.5,nearest_sphere,none,0.25,1.1427636008707167,0.432,0.752,0.688,0.064
4,mahalanobis_diag,intent_quantile_0.5,nearest_sphere,none,0.5,1.1427636008707167,0.432,0.752,0.688,0.064
4,mahalanobis_diag,intent_quantile_0.5,nearest_sphere,none,1.0,1.1427636008707167,0.432,0.752,0.688,0.064
4,mahalanobis_diag,intent_quantile_0.5,nearest_sphere,none,2.0,1.1427636008707167,0.432,0.752,0.688,0.064
4,mahalanobis_diag,intent_quantile_0.5,nearest_sphere,ratio,0.0,1.1427636008707167,0.432,0.752,0.688,0.064
4,mahalanobis_diag,intent_quantile_0.5,nearest_sphere,ratio,0.25,1.2853803600763236,0.462,0.752,0.694,0.058
4,mahalanobis_diag,intent_quantile_0.5,nearest_sphere,ratio,0.5,1.4392589850588167,0.512,0.752,0.704,0.048
4,mahalanobis_diag,intent_quantile_0.5,nearest_sphere,ratio,1.0,1.7755781465662075,0.582,0.752,0.718,0.034
4,mahalanobis_diag,intent_quantile_0.5,nearest_sphere,ratio,2.0,2.5526899287222236,0.622,0.752,0.726,0.026
4,mahalanobis_diag,intent_quantile_0.5,nearest_sphere,inverse_margin,0.0,1.1427636008707167,0.432,0.752,0.688,0.064
4,mahalanobis_diag,intent_quantile_0.5,nearest_sphere,inverse_margin,0.25,1.8360534281244878,0.632,0.752,0.728,0.024
4,mahalanobis_diag,intent_quantile_0.5,nearest_sphere,inverse_margin,0.5,2.3207513060889164,0.632,0.752,0.728,0.024
4,mahalanobis_diag,intent_quantile_0.5,nearest_sphere,inverse_margin,1.0,3.292542255432622,0.622,0.752,0.726,0.026
4,mahalanobis_diag,intent_quantile_0.5,nearest_sphere,inverse_margin,2.0,5.405596944582214,0.622,0.752,0.726,0.026
4,mahalanobis_diag,intent_quantile_0.5,nearest_sphere,max_ratio,0.0,1.1427636008707167,0.432,0.752,0.688,0.064
4,mahalanobis_diag,intent_quantile_0.5,nearest_sphere,max_ratio,0.25,1.1427636008707167,0.432,0.752,0.688,0.064
4,mahalanobis_diag,intent_quantile_0.5,nearest_sphere,max_ratio,0.5,1.1427636008707167,0.432,0.752,0.688,0.064
4,mahalanobis_diag,intent_quantile_0.5,nearest_sphere,max_ratio,1.0,1.1427636008707167,0.432,0.752,0.688,0.064
4,mahalanobis_diag,intent_quantile_0.5,nearest_sphere,max_ratio,2.0,1.448473011881611,0.622,0.752,0.726,0.026
4,mahalanobis_diag,intent_quantile_0.5,normalized_union,none,0.0,1.1427636008707167,0.382,0.752,0.678,0.074
4,mahalanobis_diag,intent_quantile_0.5,normalized_union,none,0.25,1.1427636008707167,0.382,0.752,0.678,0.074
4,mahalanobis_diag,intent_quantile_0.5,normalized_union,none,0.5,1.1427636008707167,0.382,0.752,0.678,0.074
4,mahalanobis_diag,intent_quantile_0.5,normalized_union,none,1.0,1.1427636008707167,0.382,0.752,0.678,0.074
4,mahalanobis_diag,intent_quantile_0.5,normalized_union,none,2.0,1.1427636008707167,0.382,0.752,0.678,0.074
4,mahalanobis_diag,intent_quantile_0.5,normalized_union,ratio,0.0,1.1427636008707167,0.382,0.752,0.678,0.074
4,mahalanobis_diag,intent_quantile_0.5,normalized_union,ratio,0.25,1.2853803600763236,0.432,0.752,0.688,0.064
4,mahalanobis_diag,intent_quantile_0.5,normalized_union,ratio,0.5,1.4319752319167711,0.472,0.752,0.696,0.056
4,mahalanobis_diag,intent_quantile_0.5,normalized_union,ratio,1.0,1.7755781465662075,0.572,0.752,0.716,0.036
4,mahalanobis_diag,intent_quantile_0.5,normalized_union,ratio,2.0,2.5526899287222236,0.622,0.752,0.726,0.026
4,mahalanobis_diag,intent_quantile_0.5,normalized_union,inverse_margin,0.0,1.1427636008707167,0.382,0.752,0.678,0.074
4,mahalanobis_diag,intent_quantile_0.5,normalized_union,inverse_margin,0.25,1.8360534281244878,0.632,0.752,0.728,0.024
4,mahalanobis_diag,intent_quantile_0.5,normalized_union,inverse_margin,0.5,2.3207513060889164,0.632,0.752,0.728,0.024
4,mahalanobis_diag,intent_quantile_0.5,normalized_union,inverse_margin,1.0,3.292542255432622,0.622,0.752,0.726,0.026
4,mahalanobis_diag,intent_quantile_0.5,normalized_union,inverse_margin,2.0,5.405596944582214,0.622,0.752,0.726,0.026
4,mahalanobis_diag,intent_quantile_0.5,normalized_union,max_ratio,0.0,1.1427636008707167,0.382,0.752,0.678,0.074
4,mahalanobis_diag,intent_quantile_0.5,normalized_union,max_ratio,0.25,1.1427636008707167,0.382,0.752,0.678,0.074
4,mahalanobis_diag,intent_quantile_0.5,normalized_union,max_ratio,0.5,1.1427636008707167,0.382,0.752,0.678,0.074
4,mahalanobis_diag,intent_quantile_0.5,normalized_union,max_ratio,1.0,1.1427636008707167,0.382,0.752,0.678,0.074
4,mahalanobis_diag,intent_quantile_0.5,normalized_union,max_ratio,2.0,1.448473011881611,0.622,0.752,0.726,0.026
4,mahalanobis_diag,center_quantile_0.7,nearest_sphere,none,0.0,1.031858896143771,0.422,0.752,0.686,0.066
4,mahalanobis_diag,center_quantile_0.7,nearest_sphere,none,0.25,1.031858896143771,0.422,0.752,0.686,0.066
4,mahalanobis_diag,center_quantile_0.7,nearest_sphere,none,0.5,1.031858896143771,0.422,0.752,0.686,0.066
4,mahalanobis_diag,center_quantile_0.7,nearest_sphere,none,1.0,1.031858896143771,0.422,0.752,0.686,0.066
4,mahalanobis_diag,center_quantile_0.7,nearest_sphere,none,2.0,1.031858896143771,0.422,0.752,0.686,0.066
4,mahalanobis_diag,center_quantile_0.7,nearest_sphere,ratio,0.0,1.031858896143771,0.422,0.752,0.686,0.066
4,mahalanobis_diag,center_quantile_0.7,nearest_sphere,ratio,0.25,1.170520321592915,0.432,0.752,0.688,0.064
4,mahalanobis_diag,center_quantile_0.7,nearest_sphere,ratio,0.5,1.3334570840863784,0.512,0.752,0.704,0.048
4,mahalanobis_diag,center_quantile_0.7,nearest_sphere,ratio,1.0,1.6764590323330204,0.602,0.752,0.722,0.03
4,mahalanobis_diag,center_quantile_0.7,nearest_sphere,ratio,2.0,2.3747364330967846,0.622,0.752,0.726,0.026
4,mahalanobis_diag,center_quantile_0.7,nearest_sphere,inverse_margin,0.0,1.031858896143771,0.422,0.752,0.686,0.066
4,mahalanobis_diag,center_quantile_0.7,nearest_sphere,inverse_margin,0.25,1.577525452605146,0.622,0.752,0.726,0.026
4,mahalanobis_diag,center_quantile_0.7,nearest_sphere,inverse_margin,0.5,2.103662098220202,0.622,0.752,0.726,0.026
4,mahalanobis_diag,center_quantile_0.7,nearest_sphere,inverse_margin,1.0,3.0842110619139467,0.622,0.752,0.726,0.026
4,mahalanobis_diag,center_quantile_0.7,nearest_sphere,inverse_margin,2.0,5.156732165801554,0.622,0.752,0.726,0.026
4,mahalanobis_diag,center_quantile_0.7,nearest_sphere,max_ratio,0.0,1.031858896143771,0.422,0.752,0.686,0.066
4,mahalanobis_diag,center_quantile_0.7,nearest_sphere,max_ratio,0.25,1.031858896143771,0.422,0.752,0.686,0.066
4,mahalanobis_diag,center_quantile_0.7,nearest_sphere,max_ratio,0.5,1.031858896143771,0.422,0.752,0.686,0.066
4,mahalanobis_diag,center_quantile_0.7,nearest_sphere,max_ratio,1.0,1.031858896143771,0.422,0.752,0.686,0.066
4,mahalanobis_diag,center_quantile_0.7,nearest_sphere,max_ratio,2.0,1.3670727043876838,0.612,0.752,0.724,0.028
4,mahalanobis_diag,center_quantile_0.7,normalized_union,none,0.0,0.9668054851332355,0.462,0.752,0.694,0.058
4,mahalanobis_diag,center_quantile_0.7,normalized_union,none,0.25,0.9668054851332355,0.462,0.752,0.694,0.058
4,mahalanobis_diag,center_quantile_0.7,normalized_union,none,0.5,0.9668054851332355,0.462,0.752,0.694,0.058
4,mahalanobis_diag,center_quantile_0.7,normalized_union,none,1.0,0.9668054851332355,0.462,0.752,0.694,0.058
4,mahalanobis_diag,center_quantile_0.7,normalized_union,none,2.0,0.9668054851332355,0.462,0.752,0.694,0.058
4,mahalanobis_diag,center_quantile_0.7,normalized_union,ratio,0.0,0.9668054851332355,0.462,0.752,0.694,0.058
4,mahalanobis_diag,center_quantile_0.7,normalized_union,ratio,0.25,1.0980724267039734,0.502,0.752,0.702,0.05
4,mahalanobis_diag,center_quantile_0.7,normalized_union,ratio,0.5,1.257716363731003,0.532,0.752,0.708,0.044
4,mahalanobis_diag,center_quantile_0.7,normalized_union,ratio,1.0,1.5784920617825726,0.612,0.752,0.724,0.028
4,mahalanobis_diag,center_quantile_0.7,normalized_union,ratio,2.0,2.297500691239519,0.622,0.752,0.726,0.026
4,mahalanobis_diag,center_quantile_0.7,normalized_union,inverse_margin,0.0,0.9668054851332355,0.462,0.752,0.694,0.058
4,mahalanobis_diag,center_quantile_0.7,normalized_union,inverse_margin,0.25,1.5485599157486132,0.632,0.752,0.728,0.024
4,mahalanobis_diag,center_quantile_0.7,normalized_union,inverse_margin,0.5,2.0301764750313023,0.622,0.752,0.726,0.026
4,mahalanobis_diag,center_quantile_0.7,normalized_union,inverse_margin,1.0,3.0369428446080176,0.622,0.752,0.726,0.026
4,mahalanobis_diag,center_quantile_0.7,normalized_union,inverse_margin,2.0,5.116605016848027,0.622,0.752,0.726,0.026
4,mahalanobis_diag,center_quantile_0.7,normalized_union,max_ratio,0.0,0.9668054851332355,0.462,0.752,0.694,0.058
4,mahalanobis_diag,center_quantile_0.7,normalized_union,max_ratio,0.25,0.9668054851332355,0.462,0.752,0.694,0.058
4,mahalanobis_diag,center_quantile_0.7,normalized_union,max_ratio,0.5,0.9668054851332355,0.462,0.752,0.694,0.058
4,mahalanobis_diag,center_quantile_0.7,normalized_union,max_ratio,1.0,0.9789779268728624,0.502,0.752,0.702,0.05
4,mahalanobis_diag,center_quantile_0.7,normalized_union,max_ratio,2.0,1.3587255896339157,0.612,0.752,0.724,0.028
4,mahalanobis_diag,intent_quantile_0.7,nearest_sphere,none,0.0,1.0209750004279226,0.422,0.752,0.686,0.066
4,mahalanobis_diag,intent_quantile_0.7,nearest_sphere,none,0.25,1.0209750004279226,0.422,0.752,0.686,0.066
4,mahalanobis_diag,intent_quantile_0.7,nearest_sphere,none,0.5,1.0209750004279226,0.422,0.752,0.686,0.066
4,mahalanobis_diag,intent_quantile_0.7,nearest_sphere,none,1.0,1.0209750004279226,0.422,0.752,0.686,0.066
4,mahalanobis_diag,intent_quantile_0.7,nearest_sphere,none,2.0,1.0209750004279226,0.422,0.752,0.686,0.066
4,mahalanobis_diag,intent_quantile_0.7,nearest_sphere,ratio,0.0,1.0209750004279226,0.422,0.752,0.686,0.066
4,mahalanobis_diag,intent_quantile_0.7,nearest_sphere,ratio,0.25,1.1555940370851583,0.442,0.752,0.69,0.062
4,mahalanobis_diag,intent_quantile_0.7,nearest_sphere,ratio,0.5,1.328543211767415,0.512,0.752,0.704,0.048
4,mahalanobis_diag,intent_quantile_0.7,nearest_sphere,ratio,1.0,1.6594932879227293,0.602,0.752,0.722,0.03
4,mahalanobis_diag,intent_quantile_0.7,nearest_sphere,ratio,2.0,2.4287296965927094,0.622,0.752,0.726,0.026
4,mahalanobis_diag,intent_quantile_0.7,nearest_sphere,inverse_margin,0.0,1.0209750004279226,0.422,0.752,0.686,0.066
4,mahalanobis_diag,intent_quantile_0.7,nearest_sphere,inverse_margin,0.25,1.6705872621329172,0.632,0.752,0.728,0.024
4,mahalanobis_diag,intent_quantile_0.7,nearest_sphere,inverse_margin,0.5,2.148092004744764,0.622,0.752,0.726,0.026
4,mahalanobis_diag,intent_quantile_0.7,nearest_sphere,inverse_margin,1.0,3.101871245968564,0.622,0.752,0.726,0.026
4,mahalanobis_diag,intent_quantile_0.7,nearest_sphere,inverse_margin,2.0,5.240130778590643,0.622,0.752,0.726,0.026
4,mahalanobis_diag,intent_quantile_0.7,nearest_sphere,max_ratio,0.0,1.0209750004279226,0.422,0.752,0.686,0.066
4,mahalanobis_diag,intent_quantile_0.7,nearest_sphere,max_ratio,0.25,1.0209750004279226,0.422,0.752,0.686,0.066
4,mahalanobis_diag,intent_quantile_0.7,nearest_sphere,max_ratio,0.5,1.0209750004279226,0.422,0.752,0.686,0.066
4,mahalanobis_diag,intent_quantile_0.7,nearest_sphere,max_ratio,1.0,1.0209750004279226,0.422,0.752,0.686,0.066
4,mahalanobis_diag,intent_quantile_0.7,nearest_sphere,max_ratio,2.0,1.3902317701556886,0.612,0.752,0.724,0.028
4,mahalanobis_diag,intent_quantile_0.7,normalized_union,none,0.0,1.0209750004279226,0.392,0.752,0.68,0.072
4,mahalanobis_diag,intent_quantile_0.7,normalized_union,none,0.25,1.0209750004279226,0.392,0.752,0.68,0.072
4,mahalanobis_diag,intent_quantile_0.7,normalized_union,none,0.5,1.0209750004279226,0.392,0.752,0.68,0.072
4,mahalanobis_diag,intent_quantile_0.7,normalized_union,none,1.0,1.0209750004279226,0.392,0.752,0.68,0.072
4,mahalanobis_diag,intent_quantile_0.7,normalized_union,none,2.0,1.0209750004279226,0.392,0.752,0.68,0.072
4,mahalanobis_diag,intent_quantile_0.7,normalized_union,ratio,0.0,1.0209750004279226,0.392,0.752,0.68,0.072
4,mahalanobis_diag,intent_quantile_0.7,normalized_union,ratio,0.25,1.1555940370851583,0.422,0.752,0.686,0.066
4,mahalanobis_diag,intent_quantile_0.7,normalized_union,ratio,0.5,1.3238315267335865,0.472,0.752,0.696,0.056
4,mahalanobis_diag,intent_quantile_0.7,normalized_union,ratio,1.0,1.6594932879227293,0.592,0.752,0.72,0.032
4,mahalanobis_diag,intent_quantile_0.7,normalized_union,ratio,2.0,2.4287296965927094,0.622,0.752,0.726,0.026
4,mahalanobis_diag,intent_quantile_0.7,normalized_union,inverse_margin,0.0,1.0209750004279226,0.392,0.752,0.68,0.072
4,mahalanobis_diag,intent_quantile_0.7,normalized_union,inverse_margin,0.25,1.6705872621329172,0.632,0.752,0.728,0.024
4,mahalanobis_diag,intent_quantile_0.7,normalized_union,inverse_margin,0.5,2.148092004744764,0.622,0.752,0.726,0.026
4,mahalanobis_diag,intent_quantile_0.7,normalized_union,inverse_margin,1.0,3.101871245968564,0.622,0.752,0.726,0.026
4,mahalanobis_diag,intent_quantile_0.7,normalized_union,inverse_margin,2.0,5.240130778590643,0.622,0.752,0.726,0.026
4,mahalanobis_diag,intent_quantile_0.7,normalized_union,max_ratio,0.0,1.0209750004279226,0.392,0.752,0.68,0.072
4,mahalanobis_diag,intent_quantile_0.7,normalized_union,max_ratio,0.25,1.0209750004279226,0.392,0.752,0.68,0.072
4,mahalanobis_diag,intent_quantile_0.7,normalized_union,max_ratio,0.5,1.0209750004279226,0.392,0.752,0.68,0.072
4,mahalanobis_diag,intent_quantile_0.7,normalized_union,max_ratio,1.0,1.0209750004279226,0.392,0.752,0.68,0.072
4,mahalanobis_diag,intent_quantile_0.7,normalized_union,max_ratio,2.0,1.3902317701556886,0.612,0.752,0.724,0.028
4,mahalanobis_diag,center_quantile_0.8,nearest_sphere,none,0.0,0.9749585141538518,0.402,0.752,0.682,0.07
4,mahalanobis_diag,center_quantile_0.8,nearest_sphere,none,0.25,0.9749585141538518,0.402,0.752,0.682,0.07
4,mahalanobis_diag,center_quantile_0.8,nearest_sphere,none,0.5,0.9749585141538518,0.402,0.752,0.682,0.07
4,mahalanobis_diag,center_quantile_0.8,nearest_sphere,none,1.0,0.9749585141538518,0.402,0.752,0.682,0.07
4,mahalanobis_diag,center_quantile_0.8,nearest_sphere,none,2.0,0.9749585141538518,0.402,0.752,0.682,0.07
4,mahalanobis_diag,center_quantile_0.8,nearest_sphere,ratio,0.0,0.9749585141538518,0.402,0.752,0.682,0.07
4,mahalanobis_diag,center_quantile_0.8,nearest_sphere,ratio,0.25,1.1176942994042514,0.432,0.752,0.688,0.064
4,mahalanobis_diag,center_quantile_0.8,nearest_sphere,ratio,0.5,1.2853541761753076,0.512,0.752,0.704,0.048
4,mahalanobis_diag,center_quantile_0.8,nearest_sphere,ratio,1.0,1.6168042963949307,0.602,0.752,0.722,0.03
4,mahalanobis_diag,center_quantile_0.8,nearest_sphere,ratio,2.0,2.2953534060448373,0.622,0.752,0.726,0.026
4,mahalanobis_diag,center_quantile_0.8,nearest_sphere,inverse_margin,0.0,0.9749585141538518,0.402,0.752,0.682,0.07
4,mahalanobis_diag,center_quantile_0.8,nearest_sphere,inverse_margin,0.25,1.4998882851536341,0.622,0.752,0.726,0.026
4,mahalanobis_diag,center_quantile_0.8,nearest_sphere,inverse_margin,0.5,2.0278709664286723,0.622,0.752,0.726,0.026
4,mahalanobis_diag,center_quantile_0.8,nearest_sphere,inverse_margin,1.0,3.0339437870659376,0.622,0.752,0.726,0.026
4,mahalanobis_diag,center_quantile_0.8,nearest_sphere,inverse_margin,2.0,5.063412965939959,0.622,0.752,0.726,0.026
4,mahalanobis_diag,center_quantile_0.8,nearest_sphere,max_ratio,0.0,0.9749585141538518,0.402,0.752,0.682,0.07
4,mahalanobis_diag,center_quantile_0.8,nearest_sphere,max_ratio,0.25,0.9749585141538518,0.402,0.752,0.682,0.07
4,mahalanobis_diag,center_quantile_0.8,nearest_sphere,max_ratio,0.5,0.9749585141538518,0.402,0.752,0.682,0.07
4,mahalanobis_diag,center_quantile_0.8,nearest_sphere,max_ratio,1.0,0.9879320484944004,0.402,0.752,0.682,0.07
4,mahalanobis_diag,center_quantile_0.8,nearest_sphere,max_ratio,2.0,1.3587255896339157,0.612,0.752,0.724,0.028
4,mahalanobis_diag,center_quantile_0.8,normalized_union,none,0.0,0.9027484578861134,0.482,0.752,0.698,0.054
4,mahalanobis_diag,center_quantile_0.8,normalized_union,none,0.25,0.9027484578861134,0.482,0.752,0.698,0.054
4,mahalanobis_diag,center_quantile_0.8,normalized_union,none,0.5,0.9027484578861134,0.482,0.752,0.698,0.054
4,mahalanobis_diag,center_quantile_0.8,normalized_union,none,1.0,0.9027484578861134,0.482,0.752,0.698,0.054
4,mahalanobis_diag,center_quantile_0.8,normalized_union,none,2.0,0.9027484578861134,0.482,0.752,0.698,0.054
4,mahalanobis_diag,center_quantile_0.8,normalized_union,ratio,0.0,0.9027484578861134,0.482,0.752,0.698,0.054
4,mahalanobis_diag,center_quantile_0.8,normalized_union,ratio,0.25,1.0376883174161202,0.522,0.752,0.706,0.046
4,mahalanobis_diag,center_quantile_0.8,normalized_union,ratio,0.5,1.199795068119433,0.572,0.752,0.716,0.036
4,mahalanobis_diag,center_quantile_0.8,normalized_union,ratio,1.0,1.5271049835353123,0.612,0.752,0.724,0.028
4,mahalanobis_diag,center_quantile_0.8,normalized_union,ratio,2.0,2.257452920739326,0.622,0.752,0.726,0.026
4,mahalanobis_diag,center_quantile_0.8,normalized_union,inverse_margin,0.0,0.9027484578861134,0.482,0.752,0.698,0.054
4,mahalanobis_diag,center_quantile_0.8,normalized_union,inverse_margin,0.25,1.4691317215980577,0.632,0.752,0.728,0.024
4,mahalanobis_diag,center_quantile_0.8,normalized_union,inverse_margin,0.5,1.928449852932967,0.622,0.752,0.726,0.026
4,mahalanobis_diag,center_quantile_0.8,normalized_union,inverse_margin,1.0,2.956429554474873,0.622,0.752,0.726,0.026
4,mahalanobis_diag,center_quantile_0.8,normalized_union,inverse_margin,2.0,5.020081816204008,0.622,0.752,0.726,0.026
4,mahalanobis_diag,center_quantile_0.8,normalized_union,max_ratio,0.0,0.9027484578861134,0.482,0.752,0.698,0.054
4,mahalanobis_diag,center_quantile_0.8,normalized_union,max_ratio,0.25,0.9027484578861134,0.482,0.752,0.698,0.054
4,mahalanobis_diag,center_quantile_0.8,normalized_union,max_ratio,0.5,0.9027484578861134,0.482,0.752,0.698,0.054
4,mahalanobis_diag,center_quantile_0.8,normalized_union,max_ratio,1.0,0.9330483430276066,0.552,0.752,0.712,0.04
4,mahalanobis_diag,center_quantile_0.8,normalized_union,max_ratio,2.0,1.357466163687538,0.612,0.752,0.724,0.028
4,mahalanobis_diag,intent_quantile_0.8,nearest_sphere,none,0.0,0.9471196661504065,0.412,0.752,0.684,0.068
4,mahalanobis_diag,intent_quantile_0.8,nearest_sphere,none,0.25,0.9471196661504065,0.412,0.752,0.684,0.068
4,mahalanobis_diag,intent_quantile_0.8,nearest_sphere,none,0.5,0.9471196661504065,0.412,0.752,0.684,0.068
4,mahalanobis_diag,intent_quantile_0.8,nearest_sphere,none,1.0,0.9471196661504065,0.412,0.752,0.684,0.068
4,mahalanobis_diag,intent_quantile_0.8,nearest_sphere,none,2.0,0.9471196661504065,0.412,0.752,0.684,0.068
4,mahalanobis_diag,intent_quantile_0.8,nearest_sphere,ratio,0.0,0.9471196661504065,0.412,0.752,0.684,0.068
4,mahalanobis_diag,intent_quantile_0.8,nearest_sphere,ratio,0.25,1.0846311885109423,0.442,0.752,0.69,0.062
4,mahalanobis_diag,intent_quantile_0.8,nearest_sphere,ratio,0.5,1.2543290975859978,0.512,0.752,0.704,0.048
4,mahalanobis_diag,intent_quantile_0.8,nearest_sphere,ratio,1.0,1.5841026335083257,0.612,0.752,0.724,0.028
4,mahalanobis_diag,intent_quantile_0.8,nearest_sphere,ratio,2.0,2.3253668670549508,0.622,0.752,0.726,0.026
4,mahalanobis_diag,intent_quantile_0.8,nearest_sphere,inverse_margin,0.0,0.9471196661504065,0.412,0.752,0.684,0.068
4,mahalanobis_diag,intent_quantile_0.8,nearest_sphere,inverse_margin,0.25,1.5516324744010808,0.632,0.752,0.728,0.024
4,mahalanobis_diag,intent_quantile_0.8,nearest_sphere,inverse_margin,0.5,2.0337363291713246,0.622,0.752,0.726,0.026
4,mahalanobis_diag,intent_quantile_0.8,nearest_sphere,inverse_margin,1.0,3.0205996628457346,0.622,0.752,0.726,0.026
4,mahalanobis_diag,intent_quantile_0.8,nearest_sphere,inverse_margin,2.0,5.126775223809068,0.622,0.752,0.726,0.026
4,mahalanobis_diag,intent_quantile_0.8,nearest_sphere,max_ratio,0.0,0.9471196661504065,0.412,0.752,0.684,0.068
4,mahalanobis_diag,intent_quantile_0.8,nearest_sphere,max_ratio,0.25,0.9471196661504065,0.412,0.752,0.684,0.068
4,mahalanobis_diag,intent_quantile_0.8,nearest_sphere,max_ratio,0.5,0.9471196661504065,0.412,0.752,0.684,0.068
4,mahalanobis_diag,intent_quantile_0.8,nearest_sphere,max_ratio,1.0,0.9767015569123524,0.462,0.752,0.694,0.058
4,mahalanobis_diag,intent_quantile_0.8,nearest_sphere,max_ratio,2.0,1.3670727043876838,0.612,0.752,0.724,0.028
4,mahalanobis_diag,intent_quantile_0.8,normalized_union,none,0.0,0.9466167203582727,0.392,0.752,0.68,0.072
4,mahalanobis_diag,intent_quantile_0.8,normalized_union,none,0.25,0.9466167203582727,0.392,0.752,0.68,0.072
4,mahalanobis_diag,intent_quantile_0.8,normalized_union,none,0.5,0.9466167203582727,0.392,0.752,0.68,0.072
4,mahalanobis_diag,intent_quantile_0.8,normalized_union,none,1.0,0.9466167203582727,0.392,0.752,0.68,0.072
4,mahalanobis_diag,intent_quantile_0.8,normalized_union,none,2.0,0.9466167203582727,0.392,0.752,0.68,0.072
4,mahalanobis_diag,intent_quantile_0.8,normalized_union,ratio,0.0,0.9466167203582727,0.392,0.752,0.68,0.072
4,mahalanobis_diag,intent_quantile_0.8,normalized_union,ratio,0.25,1.0826836863746236,0.412,0.752,0.684,0.068
4,mahalanobis_diag,intent_quantile_0.8,normalized_union,ratio,0.5,1.2467919819057203,0.472,0.752,0.696,0.056
4,mahalanobis_diag,intent_quantile_0.8,normalized_union,ratio,1.0,1.5841026335083257,0.602,0.752,0.722,0.03
4,mahalanobis_diag,intent_quantile_0.8,normalized_union,ratio,2.0,2.3253668670549508,0.622,0.752,0.726,0.026
4,mahalanobis_diag,intent_quantile_0.8,normalized_union,inverse_margin,0.0,0.9466167203582727,0.392,0.752,0.68,0.072
4,mahalanobis_diag,intent_quantile_0.8,normalized_union,inverse_margin,0.25,1.5516324744010808,0.632,0.752,0.728,0.024
4,mahalanobis_diag,intent_quantile_0.8,normalized_union,inverse_margin,0.5,2.0337363291713246,0.622,0.752,0.726,0.026
4,mahalanobis_diag,intent_quantile_0.8,normalized_union,inverse_margin,1.0,3.0205996628457346,0.622,0.752,0.726,0.026
4,mahalanobis_diag,intent_quantile_0.8,normalized_union,inverse_margin,2.0,5.126775223809068,0.622,0.752,0.726,0.026
4,mahalanobis_diag,intent_quantile_0.8,normalized_union,max_ratio,0.0,0.9466167203582727,0.392,0.752,0.68,0.072
4,mahalanobis_diag,intent_quantile_0.8,normalized_union,max_ratio,0.25,0.9466167203582727,0.392,0.752,0.68,0.072
4,mahalanobis_diag,intent_quantile_0.8,normalized_union,max_ratio,0.5,0.9466167203582727,0.392,0.752,0.68,0.072
4,mahalanobis_diag,intent_quantile_0.8,normalized_union,max_ratio,1.0,0.9767015569123524,0.462,0.752,0.694,0.058
4,mahalanobis_diag,intent_quantile_0.8,normalized_union,max_ratio,2.0,1.3670727043876838,0.612,0.752,0.724,0.028
4,mahalanobis_diag,center_quantile_0.9,nearest_sphere,none,0.0,0.9080628313439086,0.362,0.752,0.674,0.078
4,mahalanobis_diag,center_quantile_0.9,nearest_sphere,none,0.25,0.9080628313439086,0.362,0.752,0.674,0.078
4,mahalanobis_diag,center_quantile_0.9,nearest_sphere,none,0.5,0.9080628313439086,0.362,0.752,0.674,0.078
4,mahalanobis_diag,center_quantile_0.9,nearest_sphere,none,1.0,0.9080628313439086,0.362,0.752,0.674,0.078
4,mahalanobis_diag,center_quantile_0.9,nearest_sphere,none,2.0,0.9080628313439086,0.362,0.752,0.674,0.078
4,mahalanobis_diag,center_quantile_0.9,nearest_sphere,ratio,0.0,0.9080628313439086,0.362,0.752,0.674,0.078
4,mahalanobis_diag,center_quantile_0.9,nearest_sphere,ratio,0.25,1.034007637417796,0.422,0.752,0.686,0.066
4,mahalanobis_diag,center_quantile_0.9,nearest_sphere,ratio,0.5,1.1876709402574912,0.512,0.752,0.704,0.048
4,mahalanobis_diag,center_quantile_0.9,nearest_sphere,ratio,1.0,1.521425346559941,0.602,0.752,0.722,0.03
4,mahalanobis_diag,center_quantile_0.9,nearest_sphere,ratio,2.0,2.2017578074989066,0.602,0.752,0.722,0.03
4,mahalanobis_diag,center_quantile_0.9,nearest_sphere,inverse_margin,0.0,0.9080628313439086,0.362,0.752,0.674,0.078
4,mahalanobis_diag,center_quantile_0.9,nearest_sphere,inverse_margin,0.25,1.4237009110951613,0.612,0.752,0.724,0.028
4,mahalanobis_diag,center_quantile_0.9,nearest_sphere,inverse_margin,0.5,1.9795573589337252,0.612,0.752,0.724,0.028
4,mahalanobis_diag,center_quantile_0.9,nearest_sphere,inverse_margin,1.0,2.9635564836107013,0.622,0.752,0.726,0.026
4,mahalanobis_diag,center_quantile_0.9,nearest_sphere,inverse_margin,2.0,4.920979892080451,0.622,0.752,0.726,0.026
4,mahalanobis_diag,center_quantile_0.9,nearest_sphere,max_ratio,0.0,0.9080628313439086,0.362,0.752,0.674,0.078
4,mahalanobis_diag,center_quantile_0.9,nearest_sphere,max_ratio,0.25,0.9080628313439086,0.362,0.752,0.674,0.078
4,mahalanobis_diag,center_quantile_0.9,nearest_sphere,max_ratio,0.5,0.9080628313439086,0.362,0.752,0.674,0.078
4,mahalanobis_diag,center_quantile_0.9,nearest_sphere,max_ratio,1.0,0.9299297460436716,0.492,0.752,0.7,0.052
4,mahalanobis_diag,center_quantile_0.9,nearest_sphere,max_ratio,2.0,1.34204880753929,0.622,0.752,0.726,0.026
4,mahalanobis_diag,center_quantile_0.9,normalized_union,none,0.0,0.81643257180218,0.442,0.752,0.69,0.062
4,mahalanobis_diag,center_quantile_0.9,normalized_union,none,0.25,0.81643257180218,0.442,0.752,0.69,0.062
4,mahalanobis_diag,center_quantile_0.9,normalized_union,none,0.5,0.81643257180218,0.442,0.752,0.69,0.062
4,mahalanobis_diag,center_quantile_0.9,normalized_union,none,1.0,0.81643257180218,0.442,0.752,0.69,0.062
4,mahalanobis_diag,center_quantile_0.9,normalized_union,none,2.0,0.81643257180218,0.442,0.752,0.69,0.062
4,mahalanobis_diag,center_quantile_0.9,normalized_union,ratio,0.0,0.81643257180218,0.442,0.752,0.69,0.062
4,mahalanobis_diag,center_quantile_0.9,normalized_union,ratio,0.25,0.9562497198328302,0.502,0.752,0.702,0.05
4,mahalanobis_diag,center_quantile_0.9,normalized_union,ratio,0.5,1.1226545315835523,0.562,0.752,0.714,0.038
4,mahalanobis_diag,center_quantile_0.9,normalized_union,ratio,1.0,1.4595180226600641,0.602,0.752,0.722,0.03
4,mahalanobis_diag,center_quantile_0.9,normalized_union,ratio,2.0,2.1538261689248257,0.612,0.752,0.724,0.028
4,mahalanobis_diag,center_quantile_0.9,normalized_union,inverse_margin,0.0,0.81643257180218,0.442,0.752,0.69,0.062
4,mahalanobis_diag,center_quantile_0.9,normalized_union,inverse_margin,0.25,1.343980150127849,0.622,0.752,0.726,0.026
4,mahalanobis_diag,center_quantile_0.9,normalized_union,inverse_margin,0.5,1.8690173912756294,0.622,0.752,0.726,0.026
4,mahalanobis_diag,center_quantile_0.9,normalized_union,inverse_margin,1.0,2.8595977814889597,0.622,0.752,0.726,0.026
4,mahalanobis_diag,center_quantile_0.9,normalized_union,inverse_margin,2.0,4.920979892080451,0.622,0.752,0.726,0.026
4,mahalanobis_diag,center_quantile_0.9,normalized_union,max_ratio,0.0,0.81643257180218,0.442,0.752,0.69,0.062
4,mahalanobis_diag,center_quantile_0.9,normalized_union,max_ratio,0.25,0.81643257180218,0.442,0.752,0.69,0.062
4,mahalanobis_diag,center_quantile_0.9,normalized_union,max_ratio,0.5,0.81643257180218,0.442,0.752,0.69,0.062
4,mahalanobis_diag,center_quantile_0.9,normalized_union,max_ratio,1.0,0.8780260346275226,0.572,0.752,0.716,0.036
4,mahalanobis_diag,center_quantile_0.9,normalized_union,max_ratio,2.0,1.334768290823744,0.622,0.752,0.726,0.026
4,mahalanobis_diag,intent_quantile_0.9,nearest_sphere,none,0.0,0.848099131844894,0.412,0.752,0.684,0.068
4,mahalanobis_diag,intent_quantile_0.9,nearest_sphere,none,0.25,0.848099131844894,0.412,0.752,0.684,0.068
4,mahalanobis_diag,intent_quantile_0.9,nearest_sphere,none,0.5,0.848099131844894,0.412,0.752,0.684,0.068
4,mahalanobis_diag,intent_quantile_0.9,nearest_sphere,none,1.0,0.848099131844894,0.412,0.752,0.684,0.068
4,mahalanobis_diag,intent_quantile_0.9,nearest_sphere,none,2.0,0.848099131844894,0.412,0.752,0.684,0.068
4,mahalanobis_diag,intent_quantile_0.9,nearest_sphere,ratio,0.0,0.848099131844894,0.412,0.752,0.684,0.068
4,mahalanobis_diag,intent_quantile_0.9,nearest_sphere,ratio,0.25,0.9937983360045349,0.432,0.752,0.688,0.064
4,mahalanobis_diag,intent_quantile_0.9,nearest_sphere,ratio,0.5,1.1509637295127362,0.522,0.752,0.706,0.046
4,mahalanobis_diag,intent_quantile_0.9,nearest_sphere,ratio,1.0,1.499249130877072,0.612,0.752,0.724,0.028
4,mahalanobis_diag,intent_quantile_0.9,nearest_sphere,ratio,2.0,2.2121186777814486,0.622,0.752,0.726,0.026
4,mahalanobis_diag,intent_quantile_0.9,nearest_sphere,inverse_margin,0.0,0.848099131844894,0.412,0.752,0.684,0.068
4,mahalanobis_diag,intent_quantile_0.9,nearest_sphere,inverse_margin,0.25,1.418119206943393,0.632,0.752,0.728,0.024
4,mahalanobis_diag,intent_quantile_0.9,nearest_sphere,inverse_margin,0.5,1.923588648360663,0.622,0.752,0.726,0.026
4,mahalanobis_diag,intent_quantile_0.9,nearest_sphere,inverse_margin,1.0,2.9192285788509063,0.622,0.752,0.726,0.026
4,mahalanobis_diag,intent_quantile_0.9,nearest_sphere,inverse_margin,2.0,4.98766272340112,0.622,0.752,0.726,0.026
4,mahalanobis_diag,intent_quantile_0.9,nearest_sphere,max_ratio,0.0,0.848099131844894,0.412,0.752,0.684,0.068
4,mahalanobis_diag,intent_quantile_0.9,nearest_sphere,max_ratio,0.25,0.848099131844894,0.412,0.752,0.684,0.068
4,mahalanobis_diag,intent_quantile_0.9,nearest_sphere,max_ratio,0.5,0.848099131844894,0.412,0.752,0.684,0.068
4,mahalanobis_diag,intent_quantile_0.9,nearest_sphere,max_ratio,1.0,0.9081844188780036,0.542,0.752,0.71,0.042
4,mahalanobis_diag,intent_quantile_0.9,nearest_sphere,max_ratio,2.0,1.3587255896339157,0.612,0.752,0.724,0.028
4,mahalanobis_diag,intent_quantile_0.9,normalized_union,none,0.0,0.848099131844894,0.402,0.752,0.682,0.07
4,mahalanobis_diag,intent_quantile_0.9,normalized_union,none,0.25,0.848099131844894,0.402,0.752,0.682,0.07
4,mahalanobis_diag,intent_quantile_0.9,normalized_union,none,0.5,0.848099131844894,0.402,0.752,0.682,0.07
4,mahalanobis_diag,intent_quantile_0.9,normalized_union,none,1.0,0.848099131844894,0.402,0.752,0.682,0.07
4,mahalanobis_diag,intent_quantile_0.9,normalized_union,none,2.0,0.848099131844894,0.402,0.752,0.682,0.07
4,mahalanobis_diag,intent_quantile_0.9,normalized_union,ratio,0.0,0.848099131844894,0.402,0.752,0.682,0.07
4,mahalanobis_diag,intent_quantile_0.9,normalized_union,ratio,0.25,0.9937983360045349,0.422,0.752,0.686,0.066
4,mahalanobis_diag,intent_quantile_0.9,normalized_union,ratio,0.5,1.1509637295127362,0.502,0.752,0.702,0.05
4,mahalanobis_diag,intent_quantile_0.9,normalized_union,ratio,1.0,1.499249130877072,0.602,0.752,0.722,0.03
4,mahalanobis_diag,intent_quantile_0.9,normalized_union,ratio,2.0,2.2121186777814486,0.622,0.752,0.726,0.026
4,mahalanobis_diag,intent_quantile_0.9,normalized_union,inverse_margin,0.0,0.848099131844894,0.402,0.752,0.682,0.07
4,mahalanobis_diag,intent_quantile_0.9,normalized_union,inverse_margin,0.25,1.418119206943393,0.632,0.752,0.728,0.024
4,mahalanobis_diag,intent_quantile_0.9,normalized_union,inverse_margin,0.5,1.923588648360663,0.622,0.752,0.726,0.026
4,mahalanobis_diag,intent_quantile_0.9,normalized_union,inverse_margin,1.0,2.9192285788509063,0.622,0.752,0.726,0.026
4,mahalanobis_diag,intent_quantile_0.9,normalized_union,inverse_margin,2.0,4.98766272340112,0.622,0.752,0.726,0.026
4,mahalanobis_diag,intent_quantile_0.9,normalized_union,max_ratio,0.0,0.848099131844894,0.402,0.752,0.682,0.07
4,mahalanobis_diag,intent_quantile_0.9,normalized_union,max_ratio,0.25,0.848099131844894,0.402,0.752,0.682,0.07
4,mahalanobis_diag,intent_quantile_0.9,normalized_union,max_ratio,0.5,0.848099131844894,0.402,0.752,0.682,0.07
4,mahalanobis_diag,intent_quantile_0.9,normalized_union,max_ratio,1.0,0.9081844188780036,0.542,0.752,0.71,0.042
4,mahalanobis_diag,intent_quantile_0.9,normalized_union,max_ratio,2.0,1.3587255896339157,0.612,0.752,0.724,0.028
4,mahalanobis_diag,center_quantile_0.95,nearest_sphere,none,0.0,0.849123983189154,0.352,0.752,0.672,0.08
4,mahalanobis_diag,center_quantile_0.95,nearest_sphere,none,0.25,0.849123983189154,0.352,0.752,0.672,0.08
4,mahalanobis_diag,center_quantile_0.95,nearest_sphere,none,0.5,0.849123983189154,0.352,0.752,0.672,0.08
4,mahalanobis_diag,center_quantile_0.95,nearest_sphere,none,1.0,0.849123983189154,0.352,0.752,0.672,0.08
4,mahalanobis_diag,center_quantile_0.95,nearest_sphere,none,2.0,0.849123983189154,0.352,0.752,0.672,0.08
4,mahalanobis_diag,center_quantile_0.95,nearest_sphere,ratio,0.0,0.849123983189154,0.352,0.752,0.672,0.08
4,mahalanobis_diag,center_quantile_0.95,nearest_sphere,ratio,0.25,0.9702904403693934,0.412,0.752,0.684,0.068
4,mahalanobis_diag,center_quantile_0.95,nearest_sphere,ratio,0.5,1.1145440437521033,0.502,0.752,0.702,0.05
4,mahalanobis_diag,center_quantile_0.95,nearest_sphere,ratio,1.0,1.4480980806937516,0.592,0.752,0.72,0.032
4,mahalanobis_diag,center_quantile_0.95,nearest_sphere,ratio,2.0,2.1218946085486516,0.602,0.752,0.722,0.03
4,mahalanobis_diag,center_quantile_0.95,nearest_sphere,inverse_margin,0.0,0.849123983189154,0.352,0.752,0.672,0.08
4,mahalanobis_diag,center_quantile_0.95,nearest_sphere,inverse_margin,0.25,1.3338315240317526,0.612,0.752,0.724,0.028
4,mahalanobis_diag,center_quantile_0.95,nearest_sphere,inverse_margin,0.5,1.888789311740514,0.612,0.752,0.724,0.028
4,mahalanobis_diag,center_quantile_0.95,nearest_sphere,inverse_margin,1.0,2.8788465799981573,0.622,0.752,0.726,0.026
4,mahalanobis_diag,center_quantile_0.95,nearest_sphere,inverse_margin,2.0,4.824576342939553,0.622,0.752,0.726,0.026
4,mahalanobis_diag,center_quantile_0.95,nearest_sphere,max_ratio,0.0,0.849123983189154,0.352,0.752,0.672,0.08
4,mahalanobis_diag,center_quantile_0.95,nearest_sphere,max_ratio,0.25,0.849123983189154,0.352,0.752,0.672,0.08
4,mahalanobis_diag,center_quantile_0.95,nearest_sphere,max_ratio,0.5,0.849123983189154,0.352,0.752,0.672,0.08
4,mahalanobis_diag,center_quantile_0.95,nearest_sphere,max_ratio,1.0,0.8910597072856866,0.542,0.752,0.71,0.042
4,mahalanobis_diag,center_quantile_0.95,nearest_sphere,max_ratio,2.0,1.3302631787936274,0.622,0.752,0.726,0.026
4,mahalanobis_diag,center_quantile_0.95,normalized_union,none,0.0,0.7358338872262561,0.412,0.752,0.684,0.068
4,mahalanobis_diag,center_quantile_0.95,normalized_union,none,0.25,0.7358338872262561,0.412,0.752,0.684,0.068
4,mahalanobis_diag,center_quantile_0.95,normalized_union,none,0.5,0.7358338872262561,0.412,0.752,0.684,0.068
4,mahalanobis_diag,center_quantile_0.95,normalized_union,none,1.0,0.7358338872262561,0.412,0.752,0.684,0.068
4,mahalanobis_diag,center_quantile_0.95,normalized_union,none,2.0,0.7358338872262561,0.412,0.752,0.684,0.068
4,mahalanobis_diag,center_quantile_0.95,normalized_union,ratio,0.0,0.7358338872262561,0.412,0.752,0.684,0.068
4,mahalanobis_diag,center_quantile_0.95,normalized_union,ratio,0.25,0.8829657007029261,0.492,0.752,0.7,0.052
4,mahalanobis_diag,center_quantile_0.95,normalized_union,ratio,0.5,1.0503508017330083,0.572,0.752,0.716,0.036
4,mahalanobis_diag,center_quantile_0.95,normalized_union,ratio,1.0,1.3962809655669277,0.602,0.752,0.722,0.03
4,mahalanobis_diag,center_quantile_0.95,normalized_union,ratio,2.0,2.1003606873600544,0.612,0.752,0.724,0.028
4,mahalanobis_diag,center_quantile_0.95,normalized_union,inverse_margin,0.0,0.7358338872262561,0.412,0.752,0.684,0.068
4,mahalanobis_diag,center_quantile_0.95,normalized_union,inverse_margin,0.25,1.2845717084631472,0.622,0.752,0.726,0.026
4,mahalanobis_diag,center_quantile_0.95,normalized_union,inverse_margin,0.5,1.8122755144635396,0.622,0.752,0.726,0.026
4,mahalanobis_diag,center_quantile_0.95,normalized_union,inverse_margin,1.0,2.7953441640767656,0.622,0.752,0.726,0.026
4,mahalanobis_diag,center_quantile_0.95,normalized_union,inverse_margin,2.0,4.802573068554013,0.622,0.752,0.726,0.026
4,mahalanobis_diag,center_quantile_0.95,normalized_union,max_ratio,0.0,0.7358338872262561,0.412,0.752,0.684,0.068
4,mahalanobis_diag,center_quantile_0.95,normalized_union,max_ratio,0.25,0.7358338872262561,0.412,0.752,0.684,0.068
4,mahalanobis_diag,center_quantile_0.95,normalized_union,max_ratio,0.5,0.7358338872262561,0.412,0.752,0.684,0.068
4,mahalanobis_diag,center_quantile_0.95,normalized_union,max_ratio,1.0,0.8025900969024451,0.582,0.752,0.718,0.034
4,mahalanobis_diag,center_quantile_0.95,normalized_union,max_ratio,2.0,1.3302631787936274,0.622,0.752,0.726,0.026
4,mahalanobis_diag,intent_quantile_0.95,nearest_sphere,none,0.0,0.775775486205267,0.402,0.752,0.682,0.07
4,mahalanobis_diag,intent_quantile_0.95,nearest_sphere,none,0.25,0.775775486205267,0.402,0.752,0.682,0.07
4,mahalanobis_diag,intent_quantile_0.95,nearest_sphere,none,0.5,0.775775486205267,0.402,0.752,0.682,0.07
4,mahalanobis_diag,intent_quantile_0.95,nearest_sphere,none,1.0,0.775775486205267,0.402,0.752,0.682,0.07
4,mahalanobis_diag,intent_quantile_0.95,nearest_sphere,none,2.0,0.775775486205267,0.402,0.752,0.682,0.07
4,mahalanobis_diag,intent_quantile_0.95,nearest_sphere,ratio,0.0,0.775775486205267,0.402,0.752,0.682,0.07
4,mahalanobis_diag,intent_quantile_0.95,nearest_sphere,ratio,0.25,0.9089764477650918,0.432,0.752,0.688,0.064
4,mahalanobis_diag,intent_quantile_0.95,nearest_sphere,ratio,0.5,1.078142894880654,0.522,0.752,0.706,0.046
4,mahalanobis_diag,intent_quantile_0.95,nearest_sphere,ratio,1.0,1.4342062200544583,0.612,0.752,0.724,0.028
4,mahalanobis_diag,intent_quantile_0.95,nearest_sphere,ratio,2.0,2.1421749845083564,0.622,0.752,0.726,0.026
4,mahalanobis_diag,intent_quantile_0.95,nearest_sphere,inverse_margin,0.0,0.775775486205267,0.402,0.752,0.682,0.07
4,mahalanobis_diag,intent_quantile_0.95,nearest_sphere,inverse_margin,0.25,1.3371754016528934,0.632,0.752,0.728,0.024
4,mahalanobis_diag,intent_quantile_0.95,nearest_sphere,inverse_margin,0.5,1.8001224033644547,0.622,0.752,0.726,0.026
4,mahalanobis_diag,intent_quantile_0.95,nearest_sphere,inverse_margin,1.0,2.8656542020879243,0.622,0.752,0.726,0.026
4,mahalanobis_diag,intent_quantile_0.95,nearest_sphere,inverse_margin,2.0,4.913606540786202,0.622,0.752,0.726,0.026
4,mahalanobis_diag,intent_quantile_0.95,nearest_sphere,max_ratio,0.0,0.775775486205267,0.402,0.752,0.682,0.07
4,mahalanobis_diag,intent_quantile_0.95,nearest_sphere,max_ratio,0.25,0.775775486205267,0.402,0.752,0.682,0.07
4,mahalanobis_diag,intent_quantile_0.95,nearest_sphere,max_ratio,0.5,0.775775486205267,0.402,0.752,0.682,0.07
4,mahalanobis_diag,intent_quantile_0.95,nearest_sphere,max_ratio,1.0,0.8564854424573279,0.582,0.752,0.718,0.034
4,mahalanobis_diag,intent_quantile_0.95,nearest_sphere,max_ratio,2.0,1.3302631787936274,0.622,0.752,0.726,0.026
4,mahalanobis_diag,intent_quantile_0.95,normalized_union,none,0.0,0.775775486205267,0.382,0.752,0.678,0.074
4,mahalanobis_diag,intent_quantile_0.95,normalized_union,none,0.25,0.775775486205267,0.382,0.752,0.678,0.074
4,mahalanobis_diag,intent_quantile_0.95,normalized_union,none,0.5,0.775775486205267,0.382,0.752,0.678,0.074
4,mahalanobis_diag,intent_quantile_0.95,normalized_union,none,1.0,0.775775486205267,0.382,0.752,0.678,0.074
4,mahalanobis_diag,intent_quantile_0.95,normalized_union,none,2.0,0.775775486205267,0.382,0.752,0.678,0.074
4,mahalanobis_diag,intent_quantile_0.95,normalized_union,ratio,0.0,0.775775486205267,0.382,0.752,0.678,0.074
4,mahalanobis_diag,intent_quantile_0.95,normalized_union,ratio,0.25,0.9089764477650918,0.412,0.752,0.684,0.068
4,mahalanobis_diag,intent_quantile_0.95,normalized_union,ratio,0.5,1.0764212508269637,0.492,0.752,0.7,0.052
4,mahalanobis_diag,intent_quantile_0.95,normalized_union,ratio,1.0,1.4342062200544583,0.602,0.752,0.722,0.03
4,mahalanobis_diag,intent_quantile_0.95,normalized_union,ratio,2.0,2.1421749845083564,0.622,0.752,0.726,0.026
4,mahalanobis_diag,intent_quantile_0.95,normalized_union,inverse_margin,0.0,0.775775486205267,0.382,0.752,0.678,0.074
4,mahalanobis_diag,intent_quantile_0.95,normalized_union,inverse_margin,0.25,1.3371754016528934,0.632,0.752,0.728,0.024
4,mahalanobis_diag,intent_quantile_0.95,normalized_union,inverse_margin,0.5,1.8001224033644547,0.622,0.752,0.726,0.026
4,mahalanobis_diag,intent_quantile_0.95,normalized_union,inverse_margin,1.0,2.8656542020879243,0.622,0.752,0.726,0.026
4,mahalanobis_diag,intent_quantile_0.95,normalized_union,inverse_margin,2.0,4.913606540786202,0.622,0.752,0.726,0.026
4,mahalanobis_diag,intent_quantile_0.95,normalized_union,max_ratio,0.0,0.775775486205267,0.382,0.752,0.678,0.074
4,mahalanobis_diag,intent_quantile_0.95,normalized_union,max_ratio,0.25,0.775775486205267,0.382,0.752,0.678,0.074
4,mahalanobis_diag,intent_quantile_0.95,normalized_union,max_ratio,0.5,0.775775486205267,0.382,0.752,0.678,0.074
4,mahalanobis_diag,intent_quantile_0.95,normalized_union,max_ratio,1.0,0.8564854424573279,0.582,0.752,0.718,0.034
4,mahalanobis_diag,intent_quantile_0.95,normalized_union,max_ratio,2.0,1.3302631787936274,0.622,0.752,0.726,0.026
4,mahalanobis_diag,center_quantile_0.99,nearest_sphere,none,0.0,0.7546429603209299,0.302,0.752,0.662,0.09
4,mahalanobis_diag,center_quantile_0.99,nearest_sphere,none,0.25,0.7546429603209299,0.302,0.752,0.662,0.09
4,mahalanobis_diag,center_quantile_0.99,nearest_sphere,none,0.5,0.7546429603209299,0.302,0.752,0.662,0.09
4,mahalanobis_diag,center_quantile_0.99,nearest_sphere,none,1.0,0.7546429603209299,0.302,0.752,0.662,0.09
4,mahalanobis_diag,center_quantile_0.99,nearest_sphere,none,2.0,0.7546429603209299,0.302,0.752,0.662,0.09
4,mahalanobis_diag,center_quantile_0.99,nearest_sphere,ratio,0.0,0.7546429603209299,0.302,0.752,0.662,0.09
4,mahalanobis_diag,center_quantile_0.99,nearest_sphere,ratio,0.25,0.8847137592266707,0.352,0.752,0.672,0.08
4,mahalanobis_diag,center_quantile_0.99,nearest_sphere,ratio,0.5,1.0210000159715902,0.472,0.752,0.696,0.056
4,mahalanobis_diag,center_quantile_0.99,nearest_sphere,ratio,1.0,1.364812470484274,0.572,0.752,0.716,0.036
4,mahalanobis_diag,center_quantile_0.99,nearest_sphere,ratio,2.0,2.0379913502623,0.592,0.752,0.72,0.032
4,mahalanobis_diag,center_quantile_0.99,nearest_sphere,inverse_margin,0.0,0.7546429603209299,0.302,0.752,0.662,0.09
4,mahalanobis_diag,center_quantile_0.99,nearest_sphere,inverse_margin,0.25,1.2426325413840342,0.602,0.752,0.722,0.03
4,mahalanobis_diag,center_quantile_0.99,nearest_sphere,inverse_margin,0.5,1.72282564652709,0.612,0.752,0.724,0.028
4,mahalanobis_diag,center_quantile_0.99,nearest_sphere,inverse_margin,1.0,2.6928017310702925,0.622,0.752,0.726,0.026
4,mahalanobis_diag,center_quantile_0.99,nearest_sphere,inverse_margin,2.0,4.633085376148391,0.622,0.752,0.726,0.026
4,mahalanobis_diag,center_quantile_0.99,nearest_sphere,max_ratio,0.0,0.7546429603209299,0.302,0.752,0.662,0.09
4,mahalanobis_diag,center_quantile_0.99,nearest_sphere,max_ratio,0.25,0.7546429603209299,0.302,0.752,0.662,0.09
4,mahalanobis_diag,center_quantile_0.99,nearest_sphere,max_ratio,0.5,0.7546429603209299,0.302,0.752,0.662,0.09
4,mahalanobis_diag,center_quantile_0.99,nearest_sphere,max_ratio,1.0,0.8205079807340259,0.512,0.752,0.704,0.048
4,mahalanobis_diag,center_quantile_0.99,nearest_sphere,max_ratio,2.0,1.3237356564257219,0.622,0.752,0.726,0.026
4,mahalanobis_diag,center_quantile_0.99,normalized_union,none,0.0,0.6205616174985799,0.482,0.752,0.698,0.054
4,mahalanobis_diag,center_quantile_0.99,normalized_union,none,0.25,0.6205616174985799,0.482,0.752,0.698,0.054
4,mahalanobis_diag,center_quantile_0.99,normalized_union,none,0.5,0.6205616174985799,0.482,0.752,0.698,0.054
4,mahalanobis_diag,center_quantile_0.99,normalized_union,none,1.0,0.6205616174985799,0.482,0.752,0.698,0.054
4,mahalanobis_diag,center_quantile_0.99,normalized_union,none,2.0,0.6205616174985799,0.482,0.752,0.698,0.054
4,mahalanobis_diag,center_quantile_0.99,normalized_union,ratio,0.0,0.6205616174985799,0.482,0.752,0.698,0.054
4,mahalanobis_diag,center_quantile_0.99,normalized_union,ratio,0.25,0.7614197247665285,0.542,0.752,0.71,0.042
4,mahalanobis_diag,center_quantile_0.99,normalized_union,ratio,0.5,0.9272736587560789,0.582,0.752,0.718,0.034
4,mahalanobis_diag,center_quantile_0.99,normalized_union,ratio,1.0,1.2435690997672264,0.622,0.752,0.726,0.026
4,mahalanobis_diag,center_quantile_0.99,normalized_union,ratio,2.0,1.9391310183263917,0.632,0.752,0.728,0.024
4,mahalanobis_diag,center_quantile_0.99,normalized_union,inverse_margin,0.0,0.6205616174985799,0.482,0.752,0.698,0.054
4,mahalanobis_diag,center_quantile_0.99,normalized_union,inverse_margin,0.25,1.123576801831171,0.632,0.752,0.728,0.024
4,mahalanobis_diag,center_quantile_0.99,normalized_union,inverse_margin,0.5,1.6428471044291366,0.622,0.752,0.726,0.026
4,mahalanobis_diag,center_quantile_0.99,normalized_union,inverse_margin,1.0,2.6171462014875644,0.622,0.752,0.726,0.026
4,mahalanobis_diag,center_quantile_0.99,normalized_union,inverse_margin,2.0,4.633085376148391,0.622,0.752,0.726,0.026
4,mahalanobis_diag,center_quantile_0.99,normalized_union,max_ratio,0.0,0.6205616174985799,0.482,0.752,0.698,0.054
4,mahalanobis_diag,center_quantile_0.99,normalized_union,max_ratio,0.25,0.6205616174985799,0.482,0.752,0.698,0.054
4,mahalanobis_diag,center_quantile_0.99,normalized_union,max_ratio,0.5,0.6205616174985799,0.482,0.752,0.698,0.054
4,mahalanobis_diag,center_quantile_0.99,normalized_union,max_ratio,1.0,0.7325630402314968,0.602,0.752,0.722,0.03
4,mahalanobis_diag,center_quantile_0.99,normalized_union,max_ratio,2.0,1.3237356564257219,0.622,0.752,0.726,0.026
4,mahalanobis_diag,intent_quantile_0.99,nearest_sphere,none,0.0,0.6201380718171744,0.422,0.752,0.686,0.066
4,mahalanobis_diag,intent_quantile_0.99,nearest_sphere,none,0.25,0.6201380718171744,0.422,0.752,0.686,0.066
4,mahalanobis_diag,intent_quantile_0.99,nearest_sphere,none,0.5,0.6201380718171744,0.422,0.752,0.686,0.066
4,mahalanobis_diag,intent_quantile_0.99,nearest_sphere,none,1.0,0.6201380718171744,0.422,0.752,0.686,0.066
4,mahalanobis_diag,intent_quantile_0.99,nearest_sphere,none,2.0,0.6201380718171744,0.422,0.752,0.686,0.066
4,mahalanobis_diag,intent_quantile_0.99,nearest_sphere,ratio,0.0,0.6201380718171744,0.422,0.752,0.686,0.066
4,mahalanobis_diag,intent_quantile_0.99,nearest_sphere,ratio,0.25,0.7609718310412557,0.472,0.752,0.696,0.056
4,mahalanobis_diag,intent_quantile_0.99,nearest_sphere,ratio,0.5,0.9337125697893007,0.552,0.752,0.712,0.04
4,mahalanobis_diag,intent_quantile_0.99,nearest_sphere,ratio,1.0,1.2934630540974992,0.612,0.752,0.724,0.028
4,mahalanobis_diag,intent_quantile_0.99,nearest_sphere,ratio,2.0,2.010091587399483,0.612,0.752,0.724,0.028
4,mahalanobis_diag,intent_quantile_0.99,nearest_sphere,inverse_margin,0.0,0.6201380718171744,0.422,0.752,0.686,0.066
4,mahalanobis_diag,intent_quantile_0.99,nearest_sphere,inverse_margin,0.25,1.1866735337146728,0.622,0.752,0.726,0.026
4,mahalanobis_diag,intent_quantile_0.99,nearest_sphere,inverse_margin,0.5,1.680928527799011,0.622,0.752,0.726,0.026
4,mahalanobis_diag,intent_quantile_0.99,nearest_sphere,inverse_margin,1.0,2.756878811908539,0.622,0.752,0.726,0.026
4,mahalanobis_diag,intent_quantile_0.99,nearest_sphere,inverse_margin,2.0,4.698600868400862,0.622,0.752,0.726,0.026
4,mahalanobis_diag,intent_quantile_0.99,nearest_sphere,max_ratio,0.0,0.6201380718171744,0.422,0.752,0.686,0.066
4,mahalanobis_diag,intent_quantile_0.99,nearest_sphere,max_ratio,0.25,0.6201380718171744,0.422,0.752,0.686,0.066
4,mahalanobis_diag,intent_quantile_0.99,nearest_sphere,max_ratio,0.5,0.6201380718171744,0.422,0.752,0.686,0.066
4,mahalanobis_diag,intent_quantile_0.99,nearest_sphere,max_ratio,1.0,0.7474557144492291,0.612,0.752,0.724,0.028
4,mahalanobis_diag,intent_quantile_0.99,nearest_sphere,max_ratio,2.0,1.3237356564257219,0.622,0.752,0.726,0.026
4,mahalanobis_diag,intent_quantile_0.99,normalized_union,none,0.0,0.6182711971967028,0.352,0.752,0.672,0.08
4,mahalanobis_diag,intent_quantile_0.99,normalized_union,none,0.25,0.6182711971967028,0.352,0.752,0.672,0.08
4,mahalanobis_diag,intent_quantile_0.99,normalized_union,none,0.5,0.6182711971967028,0.352,0.752,0.672,0.08
4,mahalanobis_diag,intent_quantile_0.99,normalized_union,none,1.0,0.6182711971967028,0.352,0.752,0.672,0.08
4,mahalanobis_diag,intent_quantile_0.99,normalized_union,none,2.0,0.6182711971967028,0.352,0.752,0.672,0.08
4,mahalanobis_diag,intent_quantile_0.99,normalized_union,ratio,0.0,0.6182711971967028,0.352,0.752,0.672,0.08
4,mahalanobis_diag,intent_quantile_0.99,normalized_union,ratio,0.25,0.7585874022738804,0.402,0.752,0.682,0.07
4,mahalanobis_diag,intent_quantile_0.99,normalized_union,ratio,0.5,0.9293743360739585,0.512,0.752,0.704,0.048
4,mahalanobis_diag,intent_quantile_0.99,normalized_union,ratio,1.0,1.2934630540974992,0.612,0.752,0.724,0.028
4,mahalanobis_diag,intent_quantile_0.99,normalized_union,ratio,2.0,2.010091587399483,0.612,0.752,0.724,0.028
4,mahalanobis_diag,intent_quantile_0.99,normalized_union,inverse_margin,0.0,0.6182711971967028,0.352,0.752,0.672,0.08
4,mahalanobis_diag,intent_quantile_0.99,normalized_union,inverse_margin,0.25,1.1866735337146728,0.622,0.752,0.726,0.026
4,mahalanobis_diag,intent_quantile_0.99,normalized_union,inverse_margin,0.5,1.680928527799011,0.622,0.752,0.726,0.026
4,mahalanobis_diag,intent_quantile_0.99,normalized_union,inverse_margin,1.0,2.756878811908539,0.622,0.752,0.726,0.026
4,mahalanobis_diag,intent_quantile_0.99,normalized_union,inverse_margin,2.0,4.698600868400862,0.622,0.752,0.726,0.026
4,mahalanobis_diag,intent_quantile_0.99,normalized_union,max_ratio,0.0,0.6182711971967028,0.352,0.752,0.672,0.08
4,mahalanobis_diag,intent_quantile_0.99,normalized_union,max_ratio,0.25,0.6182711971967028,0.352,0.752,0.672,0.08
4,mahalanobis_diag,intent_quantile_0.99,normalized_union,max_ratio,0.5,0.6182711971967028,0.352,0.752,0.672,0.08
4,mahalanobis_diag,intent_quantile_0.99,normalized_union,max_ratio,1.0,0.7474557144492291,0.612,0.752,0.724,0.028
4,mahalanobis_diag,intent_quantile_0.99,normalized_union,max_ratio,2.0,1.3237356564257219,0.622,0.752,0.726,0.026
5,euclidean,mean_std_0.0,nearest_sphere,none,0.0,1.0851994481747191,0.472,0.752,0.696,0.056
5,euclidean,mean_std_0.0,nearest_sphere,none,0.25,1.0851994481747191,0.472,0.752,0.696,0.056
5,euclidean,mean_std_0.0,nearest_sphere,none,0.5,1.0851994481747191,0.472,0.752,0.696,0.056
5,euclidean,mean_std_0.0,nearest_sphere,none,1.0,1.0851994481747191,0.472,0.752,0.696,0.056
5,euclidean,mean_std_0.0,nearest_sphere,none,2.0,1.0851994481747191,0.472,0.752,0.696,0.056
5,euclidean,mean_std_0.0,nearest_sphere,ratio,0.0,1.0851994481747191,0.472,0.752,0.696,0.056
5,euclidean,mean_std_0.0,nearest_sphere,ratio,0.25,1.2113918825443357,0.502,0.752,0.702,0.05
5,euclidean,mean_std_0.0,nearest_sphere,ratio,0.5,1.3502794199134251,0.552,0.752,0.712,0.04
5,euclidean,mean_std_0.0,nearest_sphere,ratio,1.0,1.6547949368819581,0.582,0.752,0.718,0.034
5,euclidean,mean_std_0.0,nearest_sphere,ratio,2.0,2.321954945048093,0.642,0.752,0.73,0.022
5,euclidean,mean_std_0.0,nearest_sphere,inverse_margin,0.0,1.0851994481747191,0.472,0.752,0.696,0.056
5,euclidean,mean_std_0.0,nearest_sphere,inverse_margin,0.25,1.539221129069885,0.622,0.752,0.726,0.026
5,euclidean,mean_std_0.0,nearest_sphere,inverse_margin,0.5,1.9954792850535745,0.642,0.752,0.73,0.022
5,euclidean,mean_std_0.0,nearest_sphere,inverse_margin,1.0,2.9768756521115676,0.642,0.752,0.73,0.022
5,euclidean,mean_std_0.0,nearest_sphere,inverse_margin,2.0,4.960338155864939,0.662,0.752,0.734,0.018
5,euclidean,mean_std_0.0,nearest_sphere,max_ratio,0.0,1.0851994481747191,0.472,0.752,0.696,0.056
5,euclidean,mean_std_0.0,nearest_sphere,max_ratio,0.25,1.0851994481747191,0.472,0.752,0.696,0.056
5,euclidean,mean_std_0.0,nearest_sphere,max_ratio,0.5,1.0851994481747191,0.472,0.752,0.696,0.056
5,euclidean,mean_std_0.0,nearest_sphere,max_ratio,1.0,1.0851994481747191,0.472,0.752,0.696,0.056
5,euclidean,mean_std_0.0,nearest_sphere,max_ratio,2.0,1.4127740889010394,0.652,0.752,0.732,0.02
5,euclidean,mean_std_0.0,normalized_union,none,0.0,0.9576429417664617,0.412,0.752,0.684,0.068
5,euclidean,mean_std_0.0,normalized_union,none,0.25,0.9576429417664617,0.412,0.752,0.684,0.068
5,euclidean,mean_std_0.0,normalized_union,none,0.5,0.9576429417664617,0.412,0.752,0.684,0.068
5,euclidean,mean_std_0.0,normalized_union,none,1.0,0.9576429417664617,0.412,0.752,0.684,0.068
5,euclidean,mean_std_0.0,normalized_union,none,2.0,0.9576429417664617,0.412,0.752,0.684,0.068
5,euclidean,mean_std_0.0,normalized_union,ratio,0.0,0.9576429417664617,0.412,0.752,0.684,0.068
5,euclidean,mean_std_0.0,normalized_union,ratio,0.25,1.0781047974890994,0.492,0.752,0.7,0.052
5,euclidean,mean_std_0.0,normalized_union,ratio,0.5,1.2172477318866082,0.552,0.752,0.712,0.04
5,euclidean,mean_std_0.0,normalized_union,ratio,1.0,1.5529977184606614,0.612,0.752,0.724,0.028
5,euclidean,mean_std_0.0,normalized_union,ratio,2.0,2.186871671879597,0.652,0.752,0.732,0.02
5,euclidean,mean_std_0.0,normalized_union,inverse_margin,0.0,0.9576429417664617,0.412,0.752,0.684,0.068
5,euclidean,mean_std_0.0,normalized_union,inverse_margin,0.25,1.3805056770658477,0.642,0.752,0.73,0.022
5,euclidean,mean_std_0.0,normalized_union,inverse_margin,0.5,1.8742062788593083,0.652,0.752,0.732,0.02
5,euclidean,mean_std_0.0,normalized_union,inverse_margin,1.0,2.8078641139144835,0.662,0.752,0.734,0.018
5,euclidean,mean_std_0.0,normalized_union,inverse_margin,2.0,4.6787734576664,0.662,0.752,0.734,0.018
5,euclidean,mean_std_0.0,normalized_union,max_ratio,0.0,0.9576429417664617,0.412,0.752,0.684,0.068
5,euclidean,mean_std_0.0,normalized_union,max_ratio,0.25,0.9576429417664617,0.412,0.752,0.684,0.068
5,euclidean,mean_std_0.0,normalized_union,max_ratio,0.5,0.9576429417664617,0.412,0.752,0.684,0.068
5,euclidean,mean_std_0.0,normalized_union,max_ratio,1.0,0.9664338566618146,0.462,0.752,0.694,0.058
5,euclidean,mean_std_0.0,normalized_union,max_ratio,2.0,1.3334316648195268,0.672,0.752,0.736,0.016
5,euclidean,mean_std_0.25,nearest_sphere,none,0.0,1.0060837793298685,0.482,0.752,0.698,0.054
5,euclidean,mean_std_0.25,nearest_sphere,none,0.25,1.0060837793298685,0.482,0.752,0.698,0.054
5,euclidean,mean_std_0.25,nearest_sphere,none,0.5,1.0060837793298685,0.482,0.752,0.698,0.054
5,euclidean,mean_std_0.25,nearest_sphere,none,1.0,1.0060837793298685,0.482,0.752,0.698,0.054
5,euclidean,mean_std_0.25,nearest_sphere,none,2.0,1.0060837793298685,0.482,0.752,0.698,0.054
5,euclidean,mean_std_0.25,nearest_sphere,ratio,0.0,1.0060837793298685,0.482,0.752,0.698,0.054
5,euclidean,mean_std_0.25,nearest_sphere,ratio,0.25,1.115062169535248,0.502,0.752,0.702,0.05
5,euclidean,mean_std_0.25,nearest_sphere,ratio,0.5,1.25340474590528,0.552,0.752,0.712,0.04
5,euclidean,mean_std_0.25,nearest_sphere,ratio,1.0,1.5795660826055882,0.592,0.752,0.72,0.032
5,euclidean,mean_std_0.25,nearest_sphere,ratio,2.0,2.2169840786297637,0.642,0.752,0.73,0.022
5,euclidean,mean_std_0.25,nearest_sphere,inverse_margin,0.0,1.0060837793298685,0.482,0.752,0.698,0.054
5,euclidean,mean_std_0.25,nearest_sphere,inverse_margin,0.25,1.4475010745889814,0.622,0.752,0.726,0.026
5,euclidean,mean_std_0.25,nearest_sphere,inverse_margin,0.5,1.9203817820745401,0.642,0.752,0.73,0.022
5,euclidean,mean_std_0.25,nearest_sphere,inverse_margin,1.0,2.9174320673759033,0.642,0.752,0.73,0.022
5,euclidean,mean_std_0.25,nearest_sphere,inverse_margin,2.0,4.899311854573957,0.662,0.752,0.734,0.018
5,euclidean,mean_std_0.25,nearest_sphere,max_ratio,0.0,1.0060837793298685,0.482,0.752,0.698,0.054
5,euclidean,mean_std_0.25,nearest_sphere,max_ratio,0.25,1.0060837793298685,0.482,0.752,0.698,0.054
5,euclidean,mean_std_0.25,nearest_sphere,max_ratio,0.5,1.0060837793298685,0.482,0.752,0.698,0.054
5,euclidean,mean_std_0.25,nearest_sphere,max_ratio,1.0,1.0060837793298685,0.482,0.752,0.698,0.054
5,euclidean,mean_std_0.25,nearest_sphere,max_ratio,2.0,1.3900582285329675,0.662,0.752,0.734,0.018
5,euclidean,mean_std_0.25,normalized_union,none,0.0,0.8795174413120993,0.422,0.752,0.686,0.066
5,euclidean,mean_std_0.25,normalized_union,none,0.25,0.8795174413120993,0.422,0.752,0.686,0.066
5,euclidean,mean_std_0.25,normalized_union,none,0.5,0.8795174413120993,0.422,0.752,0.686,0.066
5,euclidean,mean_std_0.25,normalized_union,none,1.0,0.8795174413120993,0.422,0.752,0.686,0.066
5,euclidean,mean_std_0.25,normalized_union,none,2.0,0.8795174413120993,0.422,0.752,0.686,0.066
5,euclidean,mean_std_0.25,normalized_union,ratio,0.0,0.8795174413120993,0.422,0.752,0.686,0.066
5,euclidean,mean_std_0.25,normalized_union,ratio,0.25,1.0119146668127725,0.502,0.752,0.702,0.05
5,euclidean,mean_std_0.25,normalized_union,ratio,0.5,1.1583224917120227,0.542,0.752,0.71,0.042
5,euclidean,mean_std_0.25,normalized_union,ratio,1.0,1.4920333700457995,0.612,0.752,0.724,0.028
5,euclidean,mean_std_0.25,normalized_union,ratio,2.0,2.119106701443108,0.652,0.752,0.732,0.02
5,euclidean,mean_std_0.25,normalized_union,inverse_margin,0.0,0.8795174413120993,0.422,0.752,0.686,0.066
5,euclidean,mean_std_0.25,normalized_union,inverse_margin,0.25,1.3252276142883004,0.642,0.752,0.73,0.022
5,euclidean,mean_std_0.25,normalized_union,inverse_margin,0.5,1.8063446267302687,0.652,0.752,0.732,0.02
5,euclidean,mean_std_0.25,normalized_union,inverse_margin,1.0,2.7300877201239535,0.662,0.752,0.734,0.018
5,euclidean,mean_std_0.25,normalized_union,inverse_margin,2.0,4.624476562943888,0.662,0.752,0.734,0.018
5,euclidean,mean_std_0.25,normalized_union,max_ratio,0.0,0.8795174413120993,0.422,0.752,0.686,0.066
5,euclidean,mean_std_0.25,normalized_union,max_ratio,0.25,0.8795174413120993,0.422,0.752,0.686,0.066
5,euclidean,mean_std_0.25,normalized_union,max_ratio,0.5,0.8795174413120993,0.422,0.752,0.686,0.066
5,euclidean,mean_std_0.25,normalized_union,max_ratio,1.0,0.9111739201943065,0.512,0.752,0.704,0.048
5,euclidean,mean_std_0.25,normalized_union,max_ratio,2.0,1.3290828490536362,0.662,0.752,0.734,0.018
5,euclidean,mean_std_0.5,nearest_sphere,none,0.0,0.9370106393959609,0.472,0.752,0.696,0.056
5,euclidean,mean_std_0.5,nearest_sphere,none,0.25,0.9370106393959609,0.472,0.752,0.696,0.056
5,euclidean,mean_std_0.5,nearest_sphere,none,0.5,0.9370106393959609,0.472,0.752,0.696,0.056
5,euclidean,mean_std_0.5,nearest_sphere,none,1.0,0.9370106393959609,0.472,0.752,0.696,0.056
5,euclidean,mean_std_0.5,nearest_sphere,none,2.0,0.9370106393959609,0.472,0.752,0.696,0.056
5,euclidean,mean_std_0.5,nearest_sphere,ratio,0.0,0.9370106393959609,0.472,0.752,0.696,0.056
5,euclidean,mean_std_0.5,nearest_sphere,ratio,0.25,1.0439768096206608,0.502,0.752,0.702,0.05
5,euclidean,mean_std_0.5,nearest_sphere,ratio,0.5,1.1855560551425892,0.552,0.752,0.712,0.04
5,euclidean,mean_std_0.5,nearest_sphere,ratio,1.0,1.499720415553608,0.592,0.752,0.72,0.032
5,euclidean,mean_std_0.5,nearest_sphere,ratio,2.0,2.1466340007458102,0.642,0.752,0.73,0.022
5,euclidean,mean_std_0.5,nearest_sphere,inverse_margin,0.0,0.9370106393959609,0.472,0.752,0.696,0.056
5,euclidean,mean_std_0.5,nearest_sphere,inverse_margin,0.25,1.3594246278803368,0.632,0.752,0.728,0.024
5,euclidean,mean_std_0.5,nearest_sphere,inverse_margin,0.5,1.8544876056231339,0.642,0.752,0.73,0.022
5,euclidean,mean_std_0.5,nearest_sphere,inverse_margin,1.0,2.8694004150704426,0.652,0.752,0.732,0.02
5,euclidean,mean_std_0.5,nearest_sphere,inverse_margin,2.0,4.845365877407474,0.662,0.752,0.734,0.018
5,euclidean,mean_std_0.5,nearest_sphere,max_ratio,0.0,0.9370106393959609,0.472,0.752,0.696,0.056
5,euclidean,mean_std_0.5,nearest_sphere,max_ratio,0.25,0.9370106393959609,0.472,0.752,0.696,0.056
5,euclidean,mean_std_0.5,nearest_sphere,max_ratio,0.5,0.9370106393959609,0.472,0.752,0.696,0.056
5,euclidean,mean_std_0.5,nearest_sphere,max_ratio,1.0,0.9507160055672218,0.492,0.752,0.7,0.052
5,euclidean,mean_std_0.5,nearest_sphere,max_ratio,2.0,1.3886922377185178,0.662,0.752,0.734,0.018
5,euclidean,mean_std_0.5,normalized_union,none,0.0,0.8155389743862014,0.412,0.752,0.684,0.068
5,euclidean,mean_std_0.5,normalized_union,none,0.25,0.8155389743862014,0.412,0.752,0.684,0.068
5,euclidean,mean_std_0.5,normalized_union,none,0.5,0.8155389743862014,0.412,0.752,0.684,0.068
5,euclidean,mean_std_0.5,normalized_union,none,1.0,0.8155389743862014,0.412,0.752,0.684,0.068
5,euclidean,mean_std_0.5,normalized_union,none,2.0,0.8155389743862014,0.412,0.752,0.684,0.068
5,euclidean,mean_std_0.5,normalized_union,ratio,0.0,0.8155389743862014,0.412,0.752,0.684,0.068
5,euclidean,mean_std_0.5,normalized_union,ratio,0.25,0.9533684014442776,0.512,0.752,0.704,0.048
5,euclidean,mean_std_0.5,normalized_union,ratio,0.5,1.0938122265757828,0.542,0.752,0.71,0.042
5,euclidean,mean_std_0.5,normalized_union,ratio,1.0,1.4419159660127905,0.622,0.752,0.726,0.026
5,euclidean,mean_std_0.5,normalized_union,ratio,2.0,2.0648779268665574,0.652,0.752,0.732,0.02
5,euclidean,mean_std_0.5,normalized_union,inverse_margin,0.0,0.8155389743862014,0.412,0.752,0.684,0.068
5,euclidean,mean_std_0.5,normalized_union,inverse_margin,0.25,1.267740011156443,0.642,0.752,0.73,0.022
5,euclidean,mean_std_0.5,normalized_union,inverse_margin,0.5,1.7348405545187835,0.642,0.752,0.73,0.022
5,euclidean,mean_std_0.5,normalized_union,inverse_margin,1.0,2.682034975928751,0.662,0.752,0.734,0.018
5,euclidean,mean_std_0.5,normalized_union,inverse_margin,2.0,4.576423818748687,0.662,0.752,0.734,0.018
5,euclidean,mean_std_0.5,normalized_union,max_ratio,0.0,0.8155389743862014,0.412,0.752,0.684,0.068
5,euclidean,mean_std_0.5,normalized_union,max_ratio,0.25,0.8155389743862014,0.412,0.752,0.684,0.068
5,euclidean,mean_std_0.5,normalized_union,max_ratio,0.5,0.8155389743862014,0.412,0.752,0.684,0.068
5,euclidean,mean_std_0.5,normalized_union,max_ratio,1.0,0.8686033379698161,0.552,0.752,0.712,0.04
5,euclidean,mean_std_0.5,normalized_union,max_ratio,2.0,1.3290828490536362,0.662,0.752,0.734,0.018
5,euclidean,mean_std_0.75,nearest_sphere,none,0.0,0.8671350270027511,0.482,0.752,0.698,0.054
5,euclidean,mean_std_0.75,nearest_sphere,none,0.25,0.8671350270027511,0.482,0.752,0.698,0.054
5,euclidean,mean_std_0.75,nearest_sphere,none,0.5,0.8671350270027511,0.482,0.752,0.698,0.054
5,euclidean,mean_std_0.75,nearest_sphere,none,1.0,0.8671350270027511,0.482,0.752,0.698,0.054
5,euclidean,mean_std_0.75,nearest_sphere,none,2.0,0.8671350270027511,0.482,0.752,0.698,0.054
5,euclidean,mean_std_0.75,nearest_sphere,ratio,0.0,0.8671350270027511,0.482,0.752,0.698,0.054
5,euclidean,mean_std_0.75,nearest_sphere,ratio,0.25,0.9797107998829502,0.522,0.752,0.706,0.046
5,euclidean,mean_std_0.75,nearest_sphere,ratio,0.5,1.1208136606556718,0.542,0.752,0.71,0.042
5,euclidean,mean_std_0.75,nearest_sphere,ratio,1.0,1.4385595649975542,0.592,0.752,0.72,0.032
5,euclidean,mean_std_0.75,nearest_sphere,ratio,2.0,2.0803229692930527,0.632,0.752,0.728,0.024
5,euclidean,mean_std_0.75,nearest_sphere,inverse_margin,0.0,0.8671350270027511,0.482,0.752,0.698,0.054
5,euclidean,mean_std_0.75,nearest_sphere,inverse_margin,0.25,1.2947311868095681,0.632,0.752,0.728,0.024
5,euclidean,mean_std_0.75,nearest_sphere,inverse_margin,0.5,1.7885388266749107,0.642,0.752,0.73,0.022
5,euclidean,mean_std_0.75,nearest_sphere,inverse_margin,1.0,2.7757959741171963,0.652,0.752,0.732,0.02
5,euclidean,mean_std_0.75,nearest_sphere,inverse_margin,2.0,4.784436061323175,0.662,0.752,0.734,0.018
5,euclidean,mean_std_0.75,nearest_sphere,max_ratio,0.0,0.8671350270027511,0.482,0.752,0.698,0.054
5,euclidean,mean_std_0.75,nearest_sphere,max_ratio,0.25,0.8671350270027511,0.482,0.752,0.698,0.054
5,euclidean,mean_std_0.75,nearest_sphere,max_ratio,0.5,0.8671350270027511,0.482,0.752,0.698,0.054
5,euclidean,mean_std_0.75,nearest_sphere,max_ratio,1.0,0.9019493447344732,0.512,0.752,0.704,0.048
5,euclidean,mean_std_0.75,nearest_sphere,max_ratio,2.0,1.3647436321495054,0.672,0.752,0.736,0.016
5,euclidean,mean_std_0.75,normalized_union,none,0.0,0.7587106002921254,0.422,0.752,0.686,0.066
5,euclidean,mean_std_0.75,normalized_union,none,0.25,0.7587106002921254,0.422,0.752,0.686,0.066
5,euclidean,mean_std_0.75,normalized_union,none,0.5,0.7587106002921254,0.422,0.752,0.686,0.066
5,euclidean,mean_std_0.75,normalized_union,none,1.0,0.7587106002921254,0.422,0.752,0.686,0.066
5,euclidean,mean_std_0.75,normalized_union,none,2.0,0.7587106002921254,0.422,0.752,0.686,0.066
5,euclidean,mean_std_0.75,normalized_union,ratio,0.0,0.7587106002921254,0.422,0.752,0.686,0.066
5,euclidean,mean_std_0.75,normalized_union,ratio,0.25,0.8974583452618803,0.502,0.752,0.702,0.05
5,euclidean,mean_std_0.75,normalized_union,ratio,0.5,1.0437990809548525,0.542,0.752,0.71,0.042
5,euclidean,mean_std_0.75,normalized_union,ratio,1.0,1.3925432903143338,0.632,0.752,0.728,0.024
5,euclidean,mean_std_0.75,normalized_union,ratio,2.0,2.0135574096538997,0.652,0.752,0.732,0.02
5,euclidean,mean_std_0.75,normalized_union,inverse_margin,0.0,0.7587106002921254,0.422,0.752,0.686,0.066
5,euclidean,mean_std_0.75,normalized_union,inverse_margin,0.25,1.2184161995915228,0.642,0.752,0.73,0.022
5,euclidean,mean_std_0.75,normalized_union,inverse_margin,0.5,1.6920134102965065,0.642,0.752,0.73,0.022
5,euclidean,mean_std_0.75,normalized_union,inverse_margin,1.0,2.639207831706474,0.662,0.752,0.734,0.018
5,euclidean,mean_std_0.75,normalized_union,inverse_margin,2.0,4.533596674526409,0.662,0.752,0.734,0.018
5,euclidean,mean_std_0.75,normalized_union,max_ratio,0.0,0.7587106002921254,0.422,0.752,0.686,0.066
5,euclidean,mean_std_0.75,normalized_union,max_ratio,0.25,0.7587106002921254,0.422,0.752,0.686,0.066
5,euclidean,mean_std_0.75,normalized_union,max_ratio,0.5,0.7587106002921254,0.422,0.752,0.686,0.066
5,euclidean,mean_std_0.75,normalized_union,max_ratio,1.0,0.8285310196657627,0.602,0.752,0.722,0.03
5,euclidean,mean_std_0.75,normalized_union,max_ratio,2.0,1.319480001395941,0.662,0.752,0.734,0.018
5,euclidean,mean_std_1.0,nearest_sphere,none,0.0,0.8135874825834895,0.472,0.752,0.696,0.056
5,euclidean,mean_std_1.0,nearest_sphere,none,0.25,0.8135874825834895,0.472,0.752,0.696,0.056
5,euclidean,mean_std_1.0,nearest_sphere,none,0.5,0.8135874825834895,0.472,0.752,0.696,0.056
5,euclidean,mean_std_1.0,nearest_sphere,none,1.0,0.8135874825834895,0.472,0.752,0.696,0.056
5,euclidean,mean_std_1.0,nearest_sphere,none,2.0,0.8135874825834895,0.472,0.752,0.696,0.056
5,euclidean,mean_std_1.0,nearest_sphere,ratio,0.0,0.8135874825834895,0.472,0.752,0.696,0.056
5,euclidean,mean_std_1.0,nearest_sphere,ratio,0.25,0.9262510822086185,0.522,0.752,0.706,0.046
5,euclidean,mean_std_1.0,nearest_sphere,ratio,0.5,1.0719221424935415,0.542,0.752,0.71,0.042
5,euclidean,mean_std_1.0,nearest_sphere,ratio,1.0,1.389454893996819,0.602,0.752,0.722,0.03
5,euclidean,mean_std_1.0,nearest_sphere,ratio,2.0,2.029796296829157,0.632,0.752,0.728,0.024
5,euclidean,mean_std_1.0,nearest_sphere,inverse_margin,0.0,0.8135874825834895,0.472,0.752,0.696,0.056
5,euclidean,mean_std_1.0,nearest_sphere,inverse_margin,0.25,1.251966229175703,0.632,0.752,0.728,0.024
5,euclidean,mean_std_1.0,nearest_sphere,inverse_margin,0.5,1.7400815940843024,0.642,0.752,0.73,0.022
5,euclidean,mean_std_1.0,nearest_sphere,inverse_margin,1.0,2.727076307191517,0.652,0.752,0.732,0.02
5,euclidean,mean_std_1.0,nearest_sphere,inverse_margin,2.0,4.725395980452487,0.662,0.752,0.734,0.018
5,euclidean,mean_std_1.0,nearest_sphere,max_ratio,0.0,0.8135874825834895,0.472,0.752,0.696,0.056
5,euclidean,mean_std_1.0,nearest_sphere,max_ratio,0.25,0.8135874825834895,0.472,0.752,0.696,0.056
5,euclidean,mean_std_1.0,nearest_sphere,max_ratio,0.5,0.8135874825834895,0.472,0.752,0.696,0.056
5,euclidean,mean_std_1.0,nearest_sphere,max_ratio,1.0,0.8673551400329798,0.552,0.752,0.712,0.04
5,euclidean,mean_std_1.0,nearest_sphere,max_ratio,2.0,1.3571604048483792,0.662,0.752,0.734,0.018
5,euclidean,mean_std_1.0,normalized_union,none,0.0,0.7098499325177885,0.432,0.752,0.688,0.064
5,euclidean,mean_std_1.0,normalized_union,none,0.25,0.7098499325177885,0.432,0.752,0.688,0.064
5,euclidean,mean_std_1.0,normalized_union,none,0.5,0.7098499325177885,0.432,0.752,0.688,0.064
5,euclidean,mean_std_1.0,normalized_union,none,1.0,0.7098499325177885,0.432,0.752,0.688,0.064
5,euclidean,mean_std_1.0,normalized_union,none,2.0,0.7098499325177885,0.432,0.752,0.688,0.064
5,euclidean,mean_std_1.0,normalized_union,ratio,0.0,0.7098499325177885,0.432,0.752,0.688,0.064
5,euclidean,mean_std_1.0,normalized_union,ratio,0.25,0.8523103998493546,0.512,0.752,0.704,0.048
5,euclidean,mean_std_1.0,normalized_union,ratio,0.5,0.9991068009384824,0.552,0.752,0.712,0.04
5,euclidean,mean_std_1.0,normalized_union,ratio,1.0,1.336540970557739,0.632,0.752,0.728,0.024
5,euclidean,mean_std_1.0,normalized_union,ratio,2.0,1.9702800221965893,0.652,0.752,0.732,0.02
5,euclidean,mean_std_1.0,normalized_union,inverse_margin,0.0,0.7098499325177885,0.432,0.752,0.688,0.064
5,euclidean,mean_std_1.0,normalized_union,inverse_margin,0.25,1.1715540610519057,0.642,0.752,0.73,0.022
5,euclidean,mean_std_1.0,normalized_union,inverse_margin,0.5,1.6435845365589672,0.642,0.752,0.73,0.022
5,euclidean,mean_std_1.0,normalized_union,inverse_margin,1.0,2.600797841731785,0.662,0.752,0.734,0.018
5,euclidean,mean_std_1.0,normalized_union,inverse_margin,2.0,4.4951866845517205,0.662,0.752,0.734,0.018
5,euclidean,mean_std_1.0,normalized_union,max_ratio,0.0,0.7098499325177885,0.432,0.752,0.688,0.064
5,euclidean,mean_std_1.0,normalized_union,max_ratio,0.25,0.7098499325177885,0.432,0.752,0.688,0.064
5,euclidean,mean_std_1.0,normalized_union,max_ratio,0.5,0.7098499325177885,0.432,0.752,0.688,0.064
5,euclidean,mean_std_1.0,normalized_union,max_ratio,1.0,0.7883320870513048,0.622,0.752,0.726,0.026
5,euclidean,mean_std_1.0,normalized_union,max_ratio,2.0,1.3090078394403128,0.662,0.752,0.734,0.018
5,euclidean,mean_std_1.5,nearest_sphere,none,0.0,0.7245702656430589,0.452,0.752,0.692,0.06
5,euclidean,mean_std_1.5,nearest_sphere,none,0.25,0.7245702656430589,0.452,0.752,0.692,0.06
5,euclidean,mean_std_1.5,nearest_sphere,none,0.5,0.7245702656430589,0.452,0.752,0.692,0.06
5,euclidean,mean_std_1.5,nearest_sphere,none,1.0,0.7245702656430589,0.452,0.752,0.692,0.06
5,euclidean,mean_std_1.5,nearest_sphere,none,2.0,0.7245702656430589,0.452,0.752,0.692,0.06
5,euclidean,mean_std_1.5,nearest_sphere,ratio,0.0,0.7245702656430589,0.452,0.752,0.692,0.06
5,euclidean,mean_std_1.5,nearest_sphere,ratio,0.25,0.8392721006534459,0.512,0.752,0.704,0.048
5,euclidean,mean_std_1.5,nearest_sphere,ratio,0.5,0.9848367902963555,0.542,0.752,0.71,0.042
5,euclidean,mean_std_1.5,nearest_sphere,ratio,1.0,1.2994928918933675,0.612,0.752,0.724,0.028
5,euclidean,mean_std_1.5,nearest_sphere,ratio,2.0,1.9417684533452544,0.642,0.752,0.73,0.022
5,euclidean,mean_std_1.5,nearest_sphere,inverse_margin,0.0,0.7245702656430589,0.452,0.752,0.692,0.06
5,euclidean,mean_std_1.5,nearest_sphere,inverse_margin,0.25,1.1697993582077726,0.632,0.752,0.728,0.024
5,euclidean,mean_std_1.5,nearest_sphere,inverse_margin,0.5,1.5878278211400085,0.642,0.752,0.73,0.022
5,euclidean,mean_std_1.5,nearest_sphere,inverse_margin,1.0,2.67479099817082,0.652,0.752,0.732,0.02
5,euclidean,mean_std_1.5,nearest_sphere,inverse_margin,2.0,4.540413946312545,0.662,0.752,0.734,0.018
5,euclidean,mean_std_1.5,nearest_sphere,max_ratio,0.0,0.7245702656430589,0.452,0.752,0.692,0.06
5,euclidean,mean_std_1.5,nearest_sphere,max_ratio,0.25,0.7245702656430589,0.452,0.752,0.692,0.06
5,euclidean,mean_std_1.5,nearest_sphere,max_ratio,0.5,0.7245702656430589,0.452,0.752,0.692,0.06
5,euclidean,mean_std_1.5,nearest_sphere,max_ratio,1.0,0.7980637733487714,0.602,0.752,0.722,0.03
5,euclidean,mean_std_1.5,nearest_sphere,max_ratio,2.0,1.330323824006755,0.662,0.752,0.734,0.018
5,euclidean,mean_std_1.5,normalized_union,none,0.0,0.63944064172737,0.422,0.752,0.686,0.066
5,euclidean,mean_std_1.5,normalized_union,none,0.25,0.63944064172737,0.422,0.752,0.686,0.066
5,euclidean,mean_std_1.5,normalized_union,none,0.5,0.63944064172737,0.422,0.752,0.686,0.066
5,euclidean,mean_std_1.5,normalized_union,none,1.0,0.63944064172737,0.422,0.752,0.686,0.066
5,euclidean,mean_std_1.5,normalized_union,none,2.0,0.63944064172737,0.422,0.752,0.686,0.066
5,euclidean,mean_std_1.5,normalized_union,ratio,0.0,0.63944064172737,0.422,0.752,0.686,0.066
5,euclidean,mean_std_1.5,normalized_union,ratio,0.25,0.7726694405790129,0.502,0.752,0.702,0.05
5,euclidean,mean_std_1.5,normalized_union,ratio,0.5,0.9173053775876334,0.562,0.752,0.714,0.038
5,euclidean,mean_std_1.5,normalized_union,ratio,1.0,1.2577878360749852,0.632,0.752,0.728,0.024
5,euclidean,mean_std_1.5,normalized_union,ratio,2.0,1.9042611287752327,0.652,0.752,0.732,0.02
5,euclidean,mean_std_1.5,normalized_union,inverse_margin,0.0,0.63944064172737,0.422,0.752,0.686,0.066
5,euclidean,mean_std_1.5,normalized_union,inverse_margin,0.25,1.0970848800126267,0.642,0.752,0.73,0.022
5,euclidean,mean_std_1.5,normalized_union,inverse_margin,0.5,1.5597978110598754,0.662,0.752,0.734,0.018
5,euclidean,mean_std_1.5,normalized_union,inverse_margin,1.0,2.5226833081159104,0.662,0.752,0.734,0.018
5,euclidean,mean_std_1.5,normalized_union,inverse_margin,2.0,4.417072150935846,0.662,0.752,0.734,0.018
5,euclidean,mean_std_1.5,normalized_union,max_ratio,0.0,0.63944064172737,0.422,0.752,0.686,0.066
5,euclidean,mean_std_1.5,normalized_union,max_ratio,0.25,0.63944064172737,0.422,0.752,0.686,0.066
5,euclidean,mean_std_1.5,normalized_union,max_ratio,0.5,0.63944064172737,0.422,0.752,0.686,0.066
5,euclidean,mean_std_1.5,normalized_union,max_ratio,1.0,0.7245950569129471,0.662,0.752,0.734,0.018
5,euclidean,mean_std_1.5,normalized_union,max_ratio,2.0,1.3006135356578095,0.662,0.752,0.734,0.018
5,euclidean,mean_std_2.0,nearest_sphere,none,0.0,0.6565920567215305,0.442,0.752,0.69,0.062
5,euclidean,mean_std_2.0,nearest_sphere,none,0.25,0.6565920567215305,0.442,0.752,0.69,0.062
5,euclidean,mean_std_2.0,nearest_sphere,none,0.5,0.6565920567215305,0.442,0.752,0.69,0.062
5,euclidean,mean_std_2.0,nearest_sphere,none,1.0,0.6565920567215305,0.442,0.752,0.69,0.062
5,euclidean,mean_std_2.0,nearest_sphere,none,2.0,0.6565920567215305,0.442,0.752,0.69,0.062
5,euclidean,mean_std_2.0,nearest_sphere,ratio,0.0,0.6565920567215305,0.442,0.752,0.69,0.062
5,euclidean,mean_std_2.0,nearest_sphere,ratio,0.25,0.7706964478007874,0.522,0.752,0.706,0.046
5,euclidean,mean_std_2.0,nearest_sphere,ratio,0.5,0.9130441369488796,0.542,0.752,0.71,0.042
5,euclidean,mean_std_2.0,nearest_sphere,ratio,1.0,1.2321364857661334,0.612,0.752,0.724,0.028
5,euclidean,mean_std_2.0,nearest_sphere,ratio,2.0,1.872936434082255,0.642,0.752,0.73,0.022
5,euclidean,mean_std_2.0,nearest_sphere,inverse_margin,0.0,0.6565920567215305,0.442,0.752,0.69,0.062
5,euclidean,mean_std_2.0,nearest_sphere,inverse_margin,0.25,1.094121431266829,0.632,0.752,0.728,0.024
5,euclidean,mean_std_2.0,nearest_sphere,inverse_margin,0.5,1.5349724125958466,0.642,0.752,0.73,0.022
5,euclidean,mean_std_2.0,nearest_sphere,inverse_margin,1.0,2.6351709240526717,0.652,0.752,0.732,0.02
5,euclidean,mean_std_2.0,nearest_sphere,inverse_margin,2.0,4.418263463635531,0.662,0.752,0.734,0.018
5,euclidean,mean_std_2.0,nearest_sphere,max_ratio,0.0,0.6565920567215305,0.442,0.752,0.69,0.062
5,euclidean,mean_std_2.0,nearest_sphere,max_ratio,0.25,0.6565920567215305,0.442,0.752,0.69,0.062
5,euclidean,mean_std_2.0,nearest_sphere,max_ratio,0.5,0.6565920567215305,0.442,0.752,0.69,0.062
5,euclidean,mean_std_2.0,nearest_sphere,max_ratio,1.0,0.7548799403258103,0.612,0.752,0.724,0.028
5,euclidean,mean_std_2.0,nearest_sphere,max_ratio,2.0,1.3290828490536362,0.662,0.752,0.734,0.018
5,euclidean,mean_std_2.0,normalized_union,none,0.0,0.5736002283591873,0.412,0.752,0.684,0.068
5,euclidean,mean_std_2.0,normalized_union,none,0.25,0.5736002283591873,0.412,0.752,0.684,0.068
5,euclidean,mean_std_2.0,normalized_union,none,0.5,0.5736002283591873,0.412,0.752,0.684,0.068
5,euclidean,mean_std_2.0,normalized_union,none,1.0,0.5736002283591873,0.412,0.752,0.684,0.068
5,euclidean,mean_std_2.0,normalized_union,none,2.0,0.5736002283591873,0.412,0.752,0.684,0.068
5,euclidean,mean_std_2.0,normalized_union,ratio,0.0,0.5736002283591873,0.412,0.752,0.684,0.068
5,euclidean,mean_std_2.0,normalized_union,ratio,0.25,0.7037943527688457,0.512,0.752,0.704,0.048
5,euclidean,mean_std_2.0,normalized_union,ratio,0.5,0.8655402850111119,0.562,0.752,0.714,0.038
5,euclidean,mean_std_2.0,normalized_union,ratio,1.0,1.2056535120567995,0.632,0.752,0.728,0.024
5,euclidean,mean_std_2.0,normalized_union,ratio,2.0,1.8514480621370901,0.652,0.752,0.732,0.02
5,euclidean,mean_std_2.0,normalized_union,inverse_margin,0.0,0.5736002283591873,0.412,0.752,0.684,0.068
5,euclidean,mean_std_2.0,normalized_union,inverse_margin,0.25,1.0386882489337925,0.652,0.752,0.732,0.02
5,euclidean,mean_std_2.0,normalized_union,inverse_margin,0.5,1.5055280618835316,0.662,0.752,0.734,0.018
5,euclidean,mean_std_2.0,normalized_union,inverse_margin,1.0,2.4606958028221335,0.662,0.752,0.734,0.018
5,euclidean,mean_std_2.0,normalized_union,inverse_margin,2.0,4.345616701058483,0.662,0.752,0.734,0.018
5,euclidean,mean_std_2.0,normalized_union,max_ratio,0.0,0.5736002283591873,0.412,0.752,0.684,0.068
5,euclidean,mean_std_2.0,normalized_union,max_ratio,0.25,0.5736002283591873,0.412,0.752,0.684,0.068
5,euclidean,mean_std_2.0,normalized_union,max_ratio,0.5,0.5736002283591873,0.412,0.752,0.684,0.068
5,euclidean,mean_std_2.0,normalized_union,max_ratio,1.0,0.7056417789330521,0.652,0.752,0.732,0.02
5,euclidean,mean_std_2.0,normalized_union,max_ratio,2.0,1.3006135356578095,0.662,0.752,0.734,0.018
5,euclidean,mean_std_3.0,nearest_sphere,none,0.0,0.5491808921251431,0.442,0.752,0.69,0.062
5,euclidean,mean_std_3.0,nearest_sphere,none,0.25,0.5491808921251431,0.442,0.752,0.69,0.062
5,euclidean,mean_std_3.0,nearest_sphere,none,0.5,0.5491808921251431,0.442,0.752,0.69,0.062
5,euclidean,mean_std_3.0,nearest_sphere,none,1.0,0.5491808921251431,0.442,0.752,0.69,0.062
5,euclidean,mean_std_3.0,nearest_sphere,none,2.0,0.5491808921251431,0.442,0.752,0.69,0.062
5,euclidean,mean_std_3.0,nearest_sphere,ratio,0.0,0.5491808921251431,0.442,0.752,0.69,0.062
5,euclidean,mean_std_3.0,nearest_sphere,ratio,0.25,0.6690743170166649,0.522,0.752,0.706,0.046
5,euclidean,mean_std_3.0,nearest_sphere,ratio,0.5,0.8087036751137036,0.552,0.752,0.712,0.04
5,euclidean,mean_std_3.0,nearest_sphere,ratio,1.0,1.1255884860115515,0.632,0.752,0.728,0.024
5,euclidean,mean_std_3.0,nearest_sphere,ratio,2.0,1.785292367965989,0.642,0.752,0.73,0.022
5,euclidean,mean_std_3.0,nearest_sphere,inverse_margin,0.0,0.5491808921251431,0.442,0.752,0.69,0.062
5,euclidean,mean_std_3.0,nearest_sphere,inverse_margin,0.25,0.9783184179766224,0.642,0.752,0.73,0.022
5,euclidean,mean_std_3.0,nearest_sphere,inverse_margin,0.5,1.468576165856582,0.652,0.752,0.732,0.02
5,euclidean,mean_std_3.0,nearest_sphere,inverse_margin,1.0,2.5553637587966422,0.662,0.752,0.734,0.018
5,euclidean,mean_std_3.0,nearest_sphere,inverse_margin,2.0,4.335759061334887,0.662,0.752,0.734,0.018
5,euclidean,mean_std_3.0,nearest_sphere,max_ratio,0.0,0.5491808921251431,0.442,0.752,0.69,0.062
5,euclidean,mean_std_3.0,nearest_sphere,max_ratio,0.25,0.5491808921251431,0.442,0.752,0.69,0.062
5,euclidean,mean_std_3.0,nearest_sphere,max_ratio,0.5,0.5491808921251431,0.442,0.752,0.69,0.062
5,euclidean,mean_std_3.0,nearest_sphere,max_ratio,1.0,0.7059137010405331,0.642,0.752,0.73,0.022
5,euclidean,mean_std_3.0,nearest_sphere,max_ratio,2.0,1.3203683271368731,0.662,0.752,0.734,0.018
5,euclidean,mean_std_3.0,normalized_union,none,0.0,0.4775565705209485,0.422,0.752,0.686,0.066
5,euclidean,mean_std_3.0,normalized_union,none,0.25,0.4775565705209485,0.422,0.752,0.686,0.066
5,euclidean,mean_std_3.0,normalized_union,none,0.5,0.4775565705209485,0.422,0.752,0.686,0.066
5,euclidean,mean_std_3.0,normalized_union,none,1.0,0.4775565705209485,0.422,0.752,0.686,0.066
5,euclidean,mean_std_3.0,normalized_union,none,2.0,0.4775565705209485,0.422,0.752,0.686,0.066
5,euclidean,mean_std_3.0,normalized_union,ratio,0.0,0.4775565705209485,0.422,0.752,0.686,0.066
5,euclidean,mean_std_3.0,normalized_union,ratio,0.25,0.6077400368831046,0.522,0.752,0.706,0.046
5,euclidean,mean_std_3.0,normalized_union,ratio,0.5,0.7809039795466559,0.592,0.752,0.72,0.032
5,euclidean,mean_std_3.0,normalized_union,ratio,1.0,1.1041539124440916,0.632,0.752,0.728,0.024
5,euclidean,mean_std_3.0,normalized_union,ratio,2.0,1.7595338319359162,0.632,0.752,0.728,0.024
5,euclidean,mean_std_3.0,normalized_union,inverse_margin,0.0,0.4775565705209485,0.422,0.752,0.686,0.066
5,euclidean,mean_std_3.0,normalized_union,inverse_margin,0.25,0.9464670855644288,0.642,0.752,0.73,0.022
5,euclidean,mean_std_3.0,normalized_union,inverse_margin,0.5,1.4048126571405646,0.662,0.752,0.734,0.018
5,euclidean,mean_std_3.0,normalized_union,inverse_margin,1.0,2.349240992308979,0.662,0.752,0.734,0.018
5,euclidean,mean_std_3.0,normalized_union,inverse_margin,2.0,4.242429705326448,0.662,0.752,0.734,0.018
5,euclidean,mean_std_3.0,normalized_union,max_ratio,0.0,0.4775565705209485,0.422,0.752,0.686,0.066
5,euclidean,mean_std_3.0,normalized_union,max_ratio,0.25,0.4775565705209485,0.422,0.752,0.686,0.066
5,euclidean,mean_std_3.0,normalized_union,max_ratio,0.5,0.4826028029132358,0.452,0.752,0.692,0.06
5,euclidean,mean_std_3.0,normalized_union,max_ratio,1.0,0.6667158324097634,0.662,0.752,0.734,0.018
5,euclidean,mean_std_3.0,normalized_union,max_ratio,2.0,1.3006135356578095,0.662,0.752,0.734,0.018
5,euclidean,center_quantile_0.5,nearest_sphere,none,0.0,1.2002035579655763,0.442,0.752,0.69,0.062
5,euclidean,center_quantile_0.5,nearest_sphere,none,0.25,1.2002035579655763,0.442,0.752,0.69,0.062
5,euclidean,center_quantile_0.5,nearest_sphere,none,0.5,1.2002035579655763,0.442,0.752,0.69,0.062
5,euclidean,center_quantile_0.5,nearest_sphere,none,1.0,1.2002035579655763,0.442,0.752,0.69,0.062
5,euclidean,center_quantile_0.5,nearest_sphere,none,2.0,1.2002035579655763,0.442,0.752,0.69,0.062
5,euclidean,center_quantile_0.5,nearest_sphere,ratio,0.0,1.2002035579655763,0.442,0.752,0.69,0.062
5,euclidean,center_quantile_0.5,nearest_sphere,ratio,0.25,1.3313213473925571,0.512,0.752,0.704,0.048
5,euclidean,center_quantile_0.5,nearest_sphere,ratio,0.5,1.4815539437353091,0.552,0.752,0.712,0.04
5,euclidean,center_quantile_0.5,nearest_sphere,ratio,1.0,1.7847041503330288,0.562,0.752,0.714,0.038
5,euclidean,center_quantile_0.5,nearest_sphere,ratio,2.0,2.4169122821299567,0.642,0.752,0.73,0.022
5,euclidean,center_quantile_0.5,nearest_sphere,inverse_margin,0.0,1.2002035579655763,0.442,0.752,0.69,0.062
5,euclidean,center_quantile_0.5,nearest_sphere,inverse_margin,0.25,1.6901160146467937,0.622,0.752,0.726,0.026
5,euclidean,center_quantile_0.5,nearest_sphere,inverse_margin,0.5,2.134118696410766,0.642,0.752,0.73,0.022
5,euclidean,center_quantile_0.5,nearest_sphere,inverse_margin,1.0,3.070196881272628,0.642,0.752,0.73,0.022
5,euclidean,center_quantile_0.5,nearest_sphere,inverse_margin,2.0,5.078548014086673,0.652,0.752,0.732,0.02
5,euclidean,center_quantile_0.5,nearest_sphere,max_ratio,0.0,1.2002035579655763,0.442,0.752,0.69,0.062
5,euclidean,center_quantile_0.5,nearest_sphere,max_ratio,0.25,1.2002035579655763,0.442,0.752,0.69,0.062
5,euclidean,center_quantile_0.5,nearest_sphere,max_ratio,0.5,1.2002035579655763,0.442,0.752,0.69,0.062
5,euclidean,center_quantile_0.5,nearest_sphere,max_ratio,1.0,1.2002035579655763,0.442,0.752,0.69,0.062
5,euclidean,center_quantile_0.5,nearest_sphere,max_ratio,2.0,1.4409559846425917,0.632,0.752,0.728,0.024
5,euclidean,center_quantile_0.5,normalized_union,none,0.0,1.0218365784672072,0.452,0.752,0.692,0.06
5,euclidean,center_quantile_0.5,normalized_union,none,0.25,1.0218365784672072,0.452,0.752,0.692,0.06
5,euclidean,center_quantile_0.5,normalized_union,none,0.5,1.0218365784672072,0.452,0.752,0.692,0.06
5,euclidean,center_quantile_0.5,normalized_union,none,1.0,1.0218365784672072,0.452,0.752,0.692,0.06
5,euclidean,center_quantile_0.5,normalized_union,none,2.0,1.0218365784672072,0.452,0.752,0.692,0.06
5,euclidean,center_quantile_0.5,normalized_union,ratio,0.0,1.0218365784672072,0.452,0.752,0.692,0.06
5,euclidean,center_quantile_0.5,normalized_union,ratio,0.25,1.1445837962233574,0.472,0.752,0.696,0.056
5,euclidean,center_quantile_0.5,normalized_union,ratio,0.5,1.2994804482651925,0.542,0.752,0.71,0.042
5,euclidean,center_quantile_0.5,normalized_union,ratio,1.0,1.6077470925233053,0.632,0.752,0.728,0.024
5,euclidean,center_quantile_0.5,normalized_union,ratio,2.0,2.25351824660709,0.642,0.752,0.73,0.022
5,euclidean,center_quantile_0.5,normalized_union,inverse_margin,0.0,1.0218365784672072,0.452,0.752,0.692,0.06
5,euclidean,center_quantile_0.5,normalized_union,inverse_margin,0.25,1.4508816277395022,0.642,0.752,0.73,0.022
5,euclidean,center_quantile_0.5,normalized_union,inverse_margin,0.5,1.9117539605990113,0.652,0.752,0.732,0.02
5,euclidean,center_quantile_0.5,normalized_union,inverse_margin,1.0,2.8688828122827674,0.662,0.752,0.734,0.018
5,euclidean,center_quantile_0.5,normalized_union,inverse_margin,2.0,4.728508604299355,0.662,0.752,0.734,0.018
5,euclidean,center_quantile_0.5,normalized_union,max_ratio,0.0,1.0218365784672072,0.452,0.752,0.692,0.06
5,euclidean,center_quantile_0.5,normalized_union,max_ratio,0.25,1.0218365784672072,0.452,0.752,0.692,0.06
5,euclidean,center_quantile_0.5,normalized_union,max_ratio,0.5,1.0218365784672072,0.452,0.752,0.692,0.06
5,euclidean,center_quantile_0.5,normalized_union,max_ratio,1.0,1.0218365784672072,0.452,0.752,0.692,0.06
5,euclidean,center_quantile_0.5,normalized_union,max_ratio,2.0,1.3639540287562772,0.672,0.752,0.736,0.016
5,euclidean,intent_quantile_0.5,nearest_sphere,none,0.0,1.2963173667881358,0.502,0.752,0.702,0.05
5,euclidean,intent_quantile_0.5,nearest_sphere,none,0.25,1.2963173667881358,0.502,0.752,0.702,0.05
5,euclidean,intent_quantile_0.5,nearest_sphere,none,0.5,1.2963173667881358,0.502,0.752,0.702,0.05
5,euclidean,intent_quantile_0.5,nearest_sphere,none,1.0,1.2963173667881358,0.502,0.752,0.702,0.05
5,euclidean,intent_quantile_0.5,nearest_sphere,none,2.0,1.2963173667881358,0.502,0.752,0.702,0.05
5,euclidean,intent_quantile_0.5,nearest_sphere,ratio,0.0,1.2963173667881358,0.502,0.752,0.702,0.05
5,euclidean,intent_quantile_0.5,nearest_sphere,ratio,0.25,1.4160709730400094,0.512,0.752,0.704,0.048
5,euclidean,intent_quantile_0.5,nearest_sphere,ratio,0.5,1.5499761287328222,0.532,0.752,0.708,0.044
5,euclidean,intent_quantile_0.5,nearest_sphere,ratio,1.0,1.8596471838639734,0.602,0.752,0.722,0.03
5,euclidean,intent_quantile_0.5,nearest_sphere,ratio,2.0,2.5363378323230155,0.622,0.752,0.726,0.026
5,euclidean,intent_quantile_0.5,nearest_sphere,inverse_margin,0.0,1.2963173667881358,0.502,0.752,0.702,0.05
5,euclidean,intent_quantile_0.5,nearest_sphere,inverse_margin,0.25,1.8250928678145981,0.642,0.752,0.73,0.022
5,euclidean,intent_quantile_0.5,nearest_sphere,inverse_margin,0.5,2.3203413672675097,0.652,0.752,0.732,0.02
5,euclidean,intent_quantile_0.5,nearest_sphere,inverse_margin,1.0,3.299949842127077,0.652,0.752,0.732,0.02
5,euclidean,intent_quantile_0.5,nearest_sphere,inverse_margin,2.0,5.291832363984977,0.672,0.752,0.736,0.016
5,euclidean,intent_quantile_0.5,nearest_sphere,max_ratio,0.0,1.2963173667881358,0.502,0.752,0.702,0.05
5,euclidean,intent_quantile_0.5,nearest_sphere,max_ratio,0.25,1.2963173667881358,0.502,0.752,0.702,0.05
5,euclidean,intent_quantile_0.5,nearest_sphere,max_ratio,0.5,1.2963173667881358,0.502,0.752,0.702,0.05
5,euclidean,intent_quantile_0.5,nearest_sphere,max_ratio,1.0,1.2963173667881358,0.502,0.752,0.702,0.05
5,euclidean,intent_quantile_0.5,nearest_sphere,max_ratio,2.0,1.5304077874492177,0.642,0.752,0.73,0.022
5,euclidean,intent_quantile_0.5,normalized_union,none,0.0,1.289378396304022,0.422,0.752,0.686,0.066
5,euclidean,intent_quantile_0.5,normalized_union,none,0.25,1.289378396304022,0.422,0.752,0.686,0.066
5,euclidean,intent_quantile_0.5,normalized_union,none,0.5,1.289378396304022,0.422,0.752,0.686,0.066
5,euclidean,intent_quantile_0.5,normalized_union,none,1.0,1.289378396304022,0.422,0.752,0.686,0.066
5,euclidean,intent_quantile_0.5,normalized_union,none,2.0,1.289378396304022,0.422,0.752,0.686,0.066
5,euclidean,intent_quantile_0.5,normalized_union,ratio,0.0,1.289378396304022,0.422,0.752,0.686,0.066
5,euclidean,intent_quantile_0.5,normalized_union,ratio,0.25,1.3990697092227566,0.452,0.752,0.692,0.06
5,euclidean,intent_quantile_0.5,normalized_union,ratio,0.5,1.5361649379194136,0.492,0.752,0.7,0.052
5,euclidean,intent_quantile_0.5,normalized_union,ratio,1.0,1.8209970420228057,0.552,0.752,0.712,0.04
5,euclidean,intent_quantile_0.5,normalized_union,ratio,2.0,2.519240117849156,0.632,0.752,0.728,0.024
5,euclidean,intent_quantile_0.5,normalized_union,inverse_margin,0.0,1.289378396304022,0.422,0.752,0.686,0.066
5,euclidean,intent_quantile_0.5,normalized_union,inverse_margin,0.25,1.8250928678145981,0.642,0.752,0.73,0.022
5,euclidean,intent_quantile_0.5,normalized_union,inverse_margin,0.5,2.3203413672675097,0.652,0.752,0.732,0.02
5,euclidean,intent_quantile_0.5,normalized_union,inverse_margin,1.0,3.299949842127077,0.652,0.752,0.732,0.02
5,euclidean,intent_quantile_0.5,normalized_union,inverse_margin,2.0,5.291832363984977,0.672,0.752,0.736,0.016
5,euclidean,intent_quantile_0.5,normalized_union,max_ratio,0.0,1.289378396304022,0.422,0.752,0.686,0.066
5,euclidean,intent_quantile_0.5,normalized_union,max_ratio,0.25,1.289378396304022,0.422,0.752,0.686,0.066
5,euclidean,intent_quantile_0.5,normalized_union,max_ratio,0.5,1.289378396304022,0.422,0.752,0.686,0.066
5,euclidean,intent_quantile_0.5,normalized_union,max_ratio,1.0,1.289378396304022,0.422,0.752,0.686,0.066
5,euclidean,intent_quantile_0.5,normalized_union,max_ratio,2.0,1.5304077874492177,0.642,0.752,0.73,0.022
5,euclidean,center_quantile_0.7,nearest_sphere,none,0.0,1.0270405036999584,0.422,0.752,0.686,0.066
5,euclidean,center_quantile_0.7,nearest_sphere,none,0.25,1.0270405036999584,0.422,0.752,0.686,0.066
5,euclidean,center_quantile_0.7,nearest_sphere,none,0.5,1.0270405036999584,0.422,0.752,0.686,0.066
5,euclidean,center_quantile_0.7,nearest_sphere,none,1.0,1.0270405036999584,0.422,0.752,0.686,0.066
5,euclidean,center_quantile_0.7,nearest_sphere,none,2.0,1.0270405036999584,0.422,0.752,0.686,0.066
5,euclidean,center_quantile_0.7,nearest_sphere,ratio,0.0,1.0270405036999584,0.422,0.752,0.686,0.066
5,euclidean,center_quantile_0.7,nearest_sphere,ratio,0.25,1.150293611503253,0.492,0.752,0.7,0.052
5,euclidean,center_quantile_0.7,nearest_sphere,ratio,0.5,1.3071471791738336,0.532,0.752,0.708,0.044
5,euclidean,center_quantile_0.7,nearest_sphere,ratio,1.0,1.6059444622925059,0.582,0.752,0.718,0.034
5,euclidean,center_quantile_0.7,nearest_sphere,ratio,2.0,2.236781169298377,0.622,0.752,0.726,0.026
5,euclidean,center_quantile_0.7,nearest_sphere,inverse_margin,0.0,1.0270405036999584,0.422,0.752,0.686,0.066
5,euclidean,center_quantile_0.7,nearest_sphere,inverse_margin,0.25,1.4973868570821354,0.622,0.752,0.726,0.026
5,euclidean,center_quantile_0.7,nearest_sphere,inverse_margin,0.5,1.9692607511898772,0.642,0.752,0.73,0.022
5,euclidean,center_quantile_0.7,nearest_sphere,inverse_margin,1.0,2.9477219997780617,0.642,0.752,0.73,0.022
5,euclidean,center_quantile_0.7,nearest_sphere,inverse_margin,2.0,4.922148552277599,0.662,0.752,0.734,0.018
5,euclidean,center_quantile_0.7,nearest_sphere,max_ratio,0.0,1.0270405036999584,0.422,0.752,0.686,0.066
5,euclidean,center_quantile_0.7,nearest_sphere,max_ratio,0.25,1.0270405036999584,0.422,0.752,0.686,0.066
5,euclidean,center_quantile_0.7,nearest_sphere,max_ratio,0.5,1.0270405036999584,0.422,0.752,0.686,0.066
5,euclidean,center_quantile_0.7,nearest_sphere,max_ratio,1.0,1.0270405036999584,0.422,0.752,0.686,0.066
5,euclidean,center_quantile_0.7,nearest_sphere,max_ratio,2.0,1.3977913551386754,0.652,0.752,0.732,0.02
5,euclidean,center_quantile_0.7,normalized_union,none,0.0,0.8816778927754876,0.422,0.752,0.686,0.066
5,euclidean,center_quantile_0.7,normalized_union,none,0.25,0.8816778927754876,0.422,0.752,0.686,0.066
5,euclidean,center_quantile_0.7,normalized_union,none,0.5,0.8816778927754876,0.422,0.752,0.686,0.066
5,euclidean,center_quantile_0.7,normalized_union,none,1.0,0.8816778927754876,0.422,0.752,0.686,0.066
5,euclidean,center_quantile_0.7,normalized_union,none,2.0,0.8816778927754876,0.422,0.752,0.686,0.066
5,euclidean,center_quantile_0.7,normalized_union,ratio,0.0,0.8816778927754876,0.422,0.752,0.686,0.066
5,euclidean,center_quantile_0.7,normalized_union,ratio,0.25,1.0039254676659217,0.502,0.752,0.702,0.05
5,euclidean,center_quantile_0.7,normalized_union,ratio,0.5,1.1518670805917102,0.562,0.752,0.714,0.038
5,euclidean,center_quantile_0.7,normalized_union,ratio,1.0,1.4823415868496135,0.612,0.752,0.724,0.028
5,euclidean,center_quantile_0.7,normalized_union,ratio,2.0,2.108870016832792,0.632,0.752,0.728,0.024
5,euclidean,center_quantile_0.7,normalized_union,inverse_margin,0.0,0.8816778927754876,0.422,0.752,0.686,0.066
5,euclidean,center_quantile_0.7,normalized_union,inverse_margin,0.25,1.3317295974534051,0.642,0.752,0.73,0.022
5,euclidean,center_quantile_0.7,normalized_union,inverse_margin,0.5,1.777472245763247,0.642,0.752,0.73,0.022
5,euclidean,center_quantile_0.7,normalized_union,inverse_margin,1.0,2.763254829200422,0.662,0.752,0.734,0.018
5,euclidean,center_quantile_0.7,normalized_union,inverse_margin,2.0,4.58735549134737,0.662,0.752,0.734,0.018
5,euclidean,center_quantile_0.7,normalized_union,max_ratio,0.0,0.8816778927754876,0.422,0.752,0.686,0.066
5,euclidean,center_quantile_0.7,normalized_union,max_ratio,0.25,0.8816778927754876,0.422,0.752,0.686,0.066
5,euclidean,center_quantile_0.7,normalized_union,max_ratio,0.5,0.8816778927754876,0.422,0.752,0.686,0.066
5,euclidean,center_quantile_0.7,normalized_union,max_ratio,1.0,0.9123338761336481,0.512,0.752,0.704,0.048
5,euclidean,center_quantile_0.7,normalized_union,max_ratio,2.0,1.3290828490536362,0.662,0.752,0.734,0.018
5,euclidean,intent_quantile_0.7,nearest_sphere,none,0.0,1.0447345672852373,0.492,0.752,0.7,0.052
5,euclidean,intent_quantile_0.7,nearest_sphere,none,0.25,1.0447345672852373,0.492,0.752,0.7,0.052
5,euclidean,intent_quantile_0.7,nearest_sphere,none,0.5,1.0447345672852373,0.492,0.752,0.7,0.052
5,euclidean,intent_quantile_0.7,nearest_sphere,none,1.0,1.0447345672852373,0.492,0.752,0.7,0.052
5,euclidean,intent_quantile_0.7,nearest_sphere,none,2.0,1.0447345672852373,0.492,0.752,0.7,0.052
5,euclidean,intent_quantile_0.7,nearest_sphere,ratio,0.0,1.0447345672852373,0.492,0.752,0.7,0.052
5,euclidean,intent_quantile_0.7,nearest_sphere,ratio,0.25,1.1715033326362416,0.522,0.752,0.706,0.046
5,euclidean,intent_quantile_0.7,nearest_sphere,ratio,0.5,1.3056946949794668,0.562,0.752,0.714,0.038
5,euclidean,intent_quantile_0.7,nearest_sphere,ratio,1.0,1.6021657455370852,0.582,0.752,0.718,0.034
5,euclidean,intent_quantile_0.7,nearest_sphere,ratio,2.0,2.28400589299741,0.632,0.752,0.728,0.024
5,euclidean,intent_quantile_0.7,nearest_sphere,inverse_margin,0.0,1.0447345672852373,0.492,0.752,0.7,0.052
5,euclidean,intent_quantile_0.7,nearest_sphere,inverse_margin,0.25,1.5430788847286014,0.642,0.752,0.73,0.022
5,euclidean,intent_quantile_0.7,nearest_sphere,inverse_margin,0.5,2.0198326541122897,0.642,0.752,0.73,0.022
5,euclidean,intent_quantile_0.7,nearest_sphere,inverse_margin,1.0,2.9265308532690795,0.652,0.752,0.732,0.02
5,euclidean,intent_quantile_0.7,nearest_sphere,inverse_margin,2.0,5.081179032060031,0.672,0.752,0.736,0.016
5,euclidean,intent_quantile_0.7,nearest_sphere,max_ratio,0.0,1.0447345672852373,0.492,0.752,0.7,0.052
5,euclidean,intent_quantile_0.7,nearest_sphere,max_ratio,0.25,1.0447345672852373,0.492,0.752,0.7,0.052
5,euclidean,intent_quantile_0.7,nearest_sphere,max_ratio,0.5,1.0447345672852373,0.492,0.752,0.7,0.052
5,euclidean,intent_quantile_0.7,nearest_sphere,max_ratio,1.0,1.0447345672852373,0.492,0.752,0.7,0.052
5,euclidean,intent_quantile_0.7,nearest_sphere,max_ratio,2.0,1.4285760152041735,0.642,0.752,0.73,0.022
5,euclidean,intent_quantile_0.7,normalized_union,none,0.0,1.0447345672852373,0.472,0.752,0.696,0.056
5,euclidean,intent_quantile_0.7,normalized_union,none,0.25,1.0447345672852373,0.472,0.752,0.696,0.056
5,euclidean,intent_quantile_0.7,normalized_union,none,0.5,1.0447345672852373,0.472,0.752,0.696,0.056
5,euclidean,intent_quantile_0.7,normalized_union,none,1.0,1.0447345672852373,0.472,0.752,0.696,0.056
5,euclidean,intent_quantile_0.7,normalized_union,none,2.0,1.0447345672852373,0.472,0.752,0.696,0.056
5,euclidean,intent_quantile_0.7,normalized_union,ratio,0.0,1.0447345672852373,0.472,0.752,0.696,0.056
5,euclidean,intent_quantile_0.7,normalized_union,ratio,0.25,1.1715033326362416,0.502,0.752,0.702,0.05
5,euclidean,intent_quantile_0.7,normalized_union,ratio,0.5,1.3056946949794668,0.542,0.752,0.71,0.042
5,euclidean,intent_quantile_0.7,normalized_union,ratio,1.0,1.6021657455370852,0.582,0.752,0.718,0.034
5,euclidean,intent_quantile_0.7,normalized_union,ratio,2.0,2.28400589299741,0.632,0.752,0.728,0.024
5,euclidean,intent_quantile_0.7,normalized_union,inverse_margin,0.0,1.0447345672852373,0.472,0.752,0.696,0.056
5,euclidean,intent_quantile_0.7,normalized_union,inverse_margin,0.25,1.5430788847286014,0.642,0.752,0.73,0.022
5,euclidean,intent_quantile_0.7,normalized_union,inverse_margin,0.5,2.0198326541122897,0.642,0.752,0.73,0.022
5,euclidean,intent_quantile_0.7,normalized_union,inverse_margin,1.0,2.9265308532690795,0.652,0.752,0.732,0.02
5,euclidean,intent_quantile_0.7,normalized_union,inverse_margin,2.0,5.081179032060031,0.672,0.752,0.736,0.016
5,euclidean,intent_quantile_0.7,normalized_union,max_ratio,0.0,1.0447345672852373,0.472,0.752,0.696,0.056
5,euclidean,intent_quantile_0.7,normalized_union,max_ratio,0.25,1.0447345672852373,0.472,0.752,0.696,0.056
5,euclidean,intent_quantile_0.7,normalized_union,max_ratio,0.5,1.0447345672852373,0.472,0.752,0.696,0.056
5,euclidean,intent_quantile_0.7,normalized_union,max_ratio,1.0,1.0447345672852373,0.472,0.752,0.696,0.056
5,euclidean,intent_quantile_0.7,normalized_union,max_ratio,2.0,1.4285760152041735,0.642,0.752,0.73,0.022
5,euclidean,center_quantile_0.8,nearest_sphere,none,0.0,0.9417795084578491,0.422,0.752,0.686,0.066
5,euclidean,center_quantile_0.8,nearest_sphere,none,0.25,0.9417795084578491,0.422,0.752,0.686,0.066
5,euclidean,center_quantile_0.8,nearest_sphere,none,0.5,0.9417795084578491,0.422,0.752,0.686,0.066
5,euclidean,center_quantile_0.8,nearest_sphere,none,1.0,0.9417795084578491,0.422,0.752,0.686,0.066
5,euclidean,center_quantile_0.8,nearest_sphere,none,2.0,0.9417795084578491,0.422,0.752,0.686,0.066
5,euclidean,center_quantile_0.8,nearest_sphere,ratio,0.0,0.9417795084578491,0.422,0.752,0.686,0.066
5,euclidean,center_quantile_0.8,nearest_sphere,ratio,0.25,1.0483458878944947,0.502,0.752,0.702,0.05
5,euclidean,center_quantile_0.8,nearest_sphere,ratio,0.5,1.1862856144066851,0.532,0.752,0.708,0.044
5,euclidean,center_quantile_0.8,nearest_sphere,ratio,1.0,1.4937304875887327,0.562,0.752,0.714,0.038
5,euclidean,center_quantile_0.8,nearest_sphere,ratio,2.0,2.1142063515243157,0.632,0.752,0.728,0.024
5,euclidean,center_quantile_0.8,nearest_sphere,inverse_margin,0.0,0.9417795084578491,0.422,0.752,0.686,0.066
5,euclidean,center_quantile_0.8,nearest_sphere,inverse_margin,0.25,1.3310956675505954,0.622,0.752,0.726,0.026
5,euclidean,center_quantile_0.8,nearest_sphere,inverse_margin,0.5,1.8275624936212211,0.642,0.752,0.73,0.022
5,euclidean,center_quantile_0.8,nearest_sphere,inverse_margin,1.0,2.8780459858175345,0.652,0.752,0.732,0.02
5,euclidean,center_quantile_0.8,nearest_sphere,inverse_margin,2.0,4.817358863569441,0.662,0.752,0.734,0.018
5,euclidean,center_quantile_0.8,nearest_sphere,max_ratio,0.0,0.9417795084578491,0.422,0.752,0.686,0.066
5,euclidean,center_quantile_0.8,nearest_sphere,max_ratio,0.25,0.9417795084578491,0.422,0.752,0.686,0.066
5,euclidean,center_quantile_0.8,nearest_sphere,max_ratio,0.5,0.9417795084578491,0.422,0.752,0.686,0.066
5,euclidean,center_quantile_0.8,nearest_sphere,max_ratio,1.0,0.9525346185473076,0.452,0.752,0.692,0.06
5,euclidean,center_quantile_0.8,nearest_sphere,max_ratio,2.0,1.3866215164542075,0.662,0.752,0.734,0.018
5,euclidean,center_quantile_0.8,normalized_union,none,0.0,0.785797692907158,0.412,0.752,0.684,0.068
5,euclidean,center_quantile_0.8,normalized_union,none,0.25,0.785797692907158,0.412,0.752,0.684,0.068
5,euclidean,center_quantile_0.8,normalized_union,none,0.5,0.785797692907158,0.412,0.752,0.684,0.068
5,euclidean,center_quantile_0.8,normalized_union,none,1.0,0.785797692907158,0.412,0.752,0.684,0.068
5,euclidean,center_quantile_0.8,normalized_union,none,2.0,0.785797692907158,0.412,0.752,0.684,0.068
5,euclidean,center_quantile_0.8,normalized_union,ratio,0.0,0.785797692907158,0.412,0.752,0.684,0.068
5,euclidean,center_quantile_0.8,normalized_union,ratio,0.25,0.9116682893502093,0.512,0.752,0.704,0.048
5,euclidean,center_quantile_0.8,normalized_union,ratio,0.5,1.0722916743456414,0.552,0.752,0.712,0.04
5,euclidean,center_quantile_0.8,normalized_union,ratio,1.0,1.4101296282013493,0.612,0.752,0.724,0.028
5,euclidean,center_quantile_0.8,normalized_union,ratio,2.0,2.0507307360473517,0.642,0.752,0.73,0.022
5,euclidean,center_quantile_0.8,normalized_union,inverse_margin,0.0,0.785797692907158,0.412,0.752,0.684,0.068
5,euclidean,center_quantile_0.8,normalized_union,inverse_margin,0.25,1.243355726199262,0.642,0.752,0.73,0.022
5,euclidean,center_quantile_0.8,normalized_union,inverse_margin,0.5,1.695837543867993,0.632,0.752,0.728,0.024
5,euclidean,center_quantile_0.8,normalized_union,inverse_margin,1.0,2.6894348827031944,0.662,0.752,0.734,0.018
5,euclidean,center_quantile_0.8,normalized_union,inverse_margin,2.0,4.544403394121063,0.662,0.752,0.734,0.018
5,euclidean,center_quantile_0.8,normalized_union,max_ratio,0.0,0.785797692907158,0.412,0.752,0.684,0.068
5,euclidean,center_quantile_0.8,normalized_union,max_ratio,0.25,0.785797692907158,0.412,0.752,0.684,0.068
5,euclidean,center_quantile_0.8,normalized_union,max_ratio,0.5,0.785797692907158,0.412,0.752,0.684,0.068
5,euclidean,center_quantile_0.8,normalized_union,max_ratio,1.0,0.8348148653463149,0.592,0.752,0.72,0.032
5,euclidean,center_quantile_0.8,normalized_union,max_ratio,2.0,1.3203683271368731,0.662,0.752,0.734,0.018
5,euclidean,intent_quantile_0.8,nearest_sphere,none,0.0,0.8957070956208385,0.482,0.752,0.698,0.054
5,euclidean,intent_quantile_0.8,nearest_sphere,none,0.25,0.8957070956208385,0.482,0.752,0.698,0.054
5,euclidean,intent_quantile_0.8,nearest_sphere,none,0.5,0.8957070956208385,0.482,0.752,0.698,0.054
5,euclidean,intent_quantile_0.8,nearest_sphere,none,1.0,0.8957070956208385,0.482,0.752,0.698,0.054
5,euclidean,intent_quantile_0.8,nearest_sphere,none,2.0,0.8957070956208385,0.482,0.752,0.698,0.054
5,euclidean,intent_quantile_0.8,nearest_sphere,ratio,0.0,0.8957070956208385,0.482,0.752,0.698,0.054
5,euclidean,intent_quantile_0.8,nearest_sphere,ratio,0.25,1.0236326863707625,0.532,0.752,0.708,0.044
5,euclidean,intent_quantile_0.8,nearest_sphere,ratio,0.5,1.1509284360699659,0.562,0.752,0.714,0.038
5,euclidean,intent_quantile_0.8,nearest_sphere,ratio,1.0,1.4640361408268014,0.612,0.752,0.724,0.028
5,euclidean,intent_quantile_0.8,nearest_sphere,ratio,2.0,2.142968910279528,0.632,0.752,0.728,0.024
5,euclidean,intent_quantile_0.8,nearest_sphere,inverse_margin,0.0,0.8957070956208385,0.482,0.752,0.698,0.054
5,euclidean,intent_quantile_0.8,nearest_sphere,inverse_margin,0.25,1.3446711448690944,0.642,0.752,0.73,0.022
5,euclidean,intent_quantile_0.8,nearest_sphere,inverse_margin,0.5,1.8408013969791241,0.652,0.752,0.732,0.02
5,euclidean,intent_quantile_0.8,nearest_sphere,inverse_margin,1.0,2.8353772746666843,0.672,0.752,0.736,0.016
5,euclidean,intent_quantile_0.8,nearest_sphere,inverse_margin,2.0,4.88365956404357,0.672,0.752,0.736,0.016
5,euclidean,intent_quantile_0.8,nearest_sphere,max_ratio,0.0,0.8957070956208385,0.482,0.752,0.698,0.054
5,euclidean,intent_quantile_0.8,nearest_sphere,max_ratio,0.25,0.8957070956208385,0.482,0.752,0.698,0.054
5,euclidean,intent_quantile_0.8,nearest_sphere,max_ratio,0.5,0.8957070956208385,0.482,0.752,0.698,0.054
5,euclidean,intent_quantile_0.8,nearest_sphere,max_ratio,1.0,0.9407826333344734,0.522,0.752,0.706,0.046
5,euclidean,intent_quantile_0.8,nearest_sphere,max_ratio,2.0,1.4144022019942584,0.642,0.752,0.73,0.022
5,euclidean,intent_quantile_0.8,normalized_union,none,0.0,0.8957070956208385,0.502,0.752,0.702,0.05
5,euclidean,intent_quantile_0.8,normalized_union,none,0.25,0.8957070956208385,0.502,0.752,0.702,0.05
5,euclidean,intent_quantile_0.8,normalized_union,none,0.5,0.8957070956208385,0.502,0.752,0.702,0.05
5,euclidean,intent_quantile_0.8,normalized_union,none,1.0,0.8957070956208385,0.502,0.752,0.702,0.05
5,euclidean,intent_quantile_0.8,normalized_union,none,2.0,0.8957070956208385,0.502,0.752,0.702,0.05
5,euclidean,intent_quantile_0.8,normalized_union,ratio,0.0,0.8957070956208385,0.502,0.752,0.702,0.05
5,euclidean,intent_quantile_0.8,normalized_union,ratio,0.25,1.0236326863707625,0.552,0.752,0.712,0.04
5,euclidean,intent_quantile_0.8,normalized_union,ratio,0.5,1.1509284360699659,0.572,0.752,0.716,0.036
5,euclidean,intent_quantile_0.8,normalized_union,ratio,1.0,1.4640361408268014,0.612,0.752,0.724,0.028
5,euclidean,intent_quantile_0.8,normalized_union,ratio,2.0,2.142968910279528,0.632,0.752,0.728,0.024
5,euclidean,intent_quantile_0.8,normalized_union,inverse_margin,0.0,0.8957070956208385,0.502,0.752,0.702,0.05
5,euclidean,intent_quantile_0.8,normalized_union,inverse_margin,0.25,1.3446711448690944,0.642,0.752,0.73,0.022
5,euclidean,intent_quantile_0.8,normalized_union,inverse_margin,0.5,1.8408013969791241,0.652,0.752,0.732,0.02
5,euclidean,intent_quantile_0.8,normalized_union,inverse_margin,1.0,2.8353772746666843,0.672,0.752,0.736,0.016
5,euclidean,intent_quantile_0.8,normalized_union,inverse_margin,2.0,4.88365956404357,0.672,0.752,0.736,0.016
5,euclidean,intent_quantile_0.8,normalized_union,max_ratio,0.0,0.8957070956208385,0.502,0.752,0.702,0.05
5,euclidean,intent_quantile_0.8,normalized_union,max_ratio,0.25,0.8957070956208385,0.502,0.752,0.702,0.05
5,euclidean,intent_quantile_0.8,normalized_union,max_ratio,0.5,0.8957070956208385,0.502,0.752,0.702,0.05
5,euclidean,intent_quantile_0.8,normalized_union,max_ratio,1.0,0.9407826333344734,0.522,0.752,0.706,0.046
5,euclidean,intent_quantile_0.8,normalized_union,max_ratio,2.0,1.4144022019942584,0.642,0.752,0.73,0.022
5,euclidean,center_quantile_0.9,nearest_sphere,none,0.0,0.7920836188073116,0.442,0.752,0.69,0.062
5,euclidean,center_quantile_0.9,nearest_sphere,none,0.25,0.7920836188073116,0.442,0.752,0.69,0.062
5,euclidean,center_quantile_0.9,nearest_sphere,none,0.5,0.7920836188073116,0.442,0.752,0.69,0.062
5,euclidean,center_quantile_0.9,nearest_sphere,none,1.0,0.7920836188073116,0.442,0.752,0.69,0.062
5,euclidean,center_quantile_0.9,nearest_sphere,none,2.0,0.7920836188073116,0.442,0.752,0.69,0.062
5,euclidean,center_quantile_0.9,nearest_sphere,ratio,0.0,0.7920836188073116,0.442,0.752,0.69,0.062
5,euclidean,center_quantile_0.9,nearest_sphere,ratio,0.25,0.8941036690191848,0.492,0.752,0.7,0.052
5,euclidean,center_quantile_0.9,nearest_sphere,ratio,0.5,1.0220794224596852,0.542,0.752,0.71,0.042
5,euclidean,center_quantile_0.9,nearest_sphere,ratio,1.0,1.3333241720881952,0.602,0.752,0.722,0.03
5,euclidean,center_quantile_0.9,nearest_sphere,ratio,2.0,1.970996374999715,0.642,0.752,0.73,0.022
5,euclidean,center_quantile_0.9,nearest_sphere,inverse_margin,0.0,0.7920836188073116,0.442,0.752,0.69,0.062
5,euclidean,center_quantile_0.9,nearest_sphere,inverse_margin,0.25,1.2020685614645588,0.632,0.752,0.728,0.024
5,euclidean,center_quantile_0.9,nearest_sphere,inverse_margin,0.5,1.6991502172692576,0.642,0.752,0.73,0.022
5,euclidean,center_quantile_0.9,nearest_sphere,inverse_margin,1.0,2.685035747875288,0.652,0.752,0.732,0.02
5,euclidean,center_quantile_0.9,nearest_sphere,inverse_margin,2.0,4.661762510851523,0.662,0.752,0.734,0.018
5,euclidean,center_quantile_0.9,nearest_sphere,max_ratio,0.0,0.7920836188073116,0.442,0.752,0.69,0.062
5,euclidean,center_quantile_0.9,nearest_sphere,max_ratio,0.25,0.7920836188073116,0.442,0.752,0.69,0.062
5,euclidean,center_quantile_0.9,nearest_sphere,max_ratio,0.5,0.7920836188073116,0.442,0.752,0.69,0.062
5,euclidean,center_quantile_0.9,nearest_sphere,max_ratio,1.0,0.8472315427053628,0.582,0.752,0.718,0.034
5,euclidean,center_quantile_0.9,nearest_sphere,max_ratio,2.0,1.3571604048483792,0.662,0.752,0.734,0.018
5,euclidean,center_quantile_0.9,normalized_union,none,0.0,0.6841804343700963,0.402,0.752,0.682,0.07
5,euclidean,center_quantile_0.9,normalized_union,none,0.25,0.6841804343700963,0.402,0.752,0.682,0.07
5,euclidean,center_quantile_0.9,normalized_union,none,0.5,0.6841804343700963,0.402,0.752,0.682,0.07
5,euclidean,center_quantile_0.9,normalized_union,none,1.0,0.6841804343700963,0.402,0.752,0.682,0.07
5,euclidean,center_quantile_0.9,normalized_union,none,2.0,0.6841804343700963,0.402,0.752,0.682,0.07
5,euclidean,center_quantile_0.9,normalized_union,ratio,0.0,0.6841804343700963,0.402,0.752,0.682,0.07
5,euclidean,center_quantile_0.9,normalized_union,ratio,0.25,0.797509657996664,0.512,0.752,0.704,0.048
5,euclidean,center_quantile_0.9,normalized_union,ratio,0.5,0.9465491658051417,0.552,0.752,0.712,0.04
5,euclidean,center_quantile_0.9,normalized_union,ratio,1.0,1.2747184023969615,0.622,0.752,0.726,0.026
5,euclidean,center_quantile_0.9,normalized_union,ratio,2.0,1.9172453198175448,0.642,0.752,0.73,0.022
5,euclidean,center_quantile_0.9,normalized_union,inverse_margin,0.0,0.6841804343700963,0.402,0.752,0.682,0.07
5,euclidean,center_quantile_0.9,normalized_union,inverse_margin,0.25,1.1192159139006859,0.642,0.752,0.73,0.022
5,euclidean,center_quantile_0.9,normalized_union,inverse_margin,0.5,1.5847216789477763,0.642,0.752,0.73,0.022
5,euclidean,center_quantile_0.9,normalized_union,inverse_margin,1.0,2.5100599419567167,0.662,0.752,0.734,0.018
5,euclidean,center_quantile_0.9,normalized_union,inverse_margin,2.0,4.397015166017102,0.662,0.752,0.734,0.018
5,euclidean,center_quantile_0.9,normalized_union,max_ratio,0.0,0.6841804343700963,0.402,0.752,0.682,0.07
5,euclidean,center_quantile_0.9,normalized_union,max_ratio,0.25,0.6841804343700963,0.402,0.752,0.682,0.07
5,euclidean,center_quantile_0.9,normalized_union,max_ratio,0.5,0.6841804343700963,0.402,0.752,0.682,0.07
5,euclidean,center_quantile_0.9,normalized_union,max_ratio,1.0,0.7462982499441104,0.632,0.752,0.728,0.024
5,euclidean,center_quantile_0.9,normalized_union,max_ratio,2.0,1.3006135356578095,0.662,0.752,0.734,0.018
5,euclidean,intent_quantile_0.9,nearest_sphere,none,0.0,0.6730283956983377,0.492,0.752,0.7,0.052
5,euclidean,intent_quantile_0.9,nearest_sphere,none,0.25,0.6730283956983377,0.492,0.752,0.7,0.052
5,euclidean,intent_quantile_0.9,nearest_sphere,none,0.5,0.6730283956983377,0.492,0.752,0.7,0.052
5,euclidean,intent_quantile_0.9,nearest_sphere,none,1.0,0.6730283956983377,0.492,0.752,0.7,0.052
5,euclidean,intent_quantile_0.9,nearest_sphere,none,2.0,0.6730283956983377,0.492,0.752,0.7,0.052
5,euclidean,intent_quantile_0.9,nearest_sphere,ratio,0.0,0.6730283956983377,0.492,0.752,0.7,0.052
5,euclidean,intent_quantile_0.9,nearest_sphere,ratio,0.25,0.7965750699674735,0.562,0.752,0.714,0.038
5,euclidean,intent_quantile_0.9,nearest_sphere,ratio,0.5,0.930002672965068,0.562,0.752,0.714,0.038
5,euclidean,intent_quantile_0.9,nearest_sphere,ratio,1.0,1.2560161169639255,0.622,0.752,0.726,0.026
5,euclidean,intent_quantile_0.9,nearest_sphere,ratio,2.0,1.9168025657512329,0.662,0.752,0.734,0.018
5,euclidean,intent_quantile_0.9,nearest_sphere,inverse_margin,0.0,0.6730283956983377,0.492,0.752,0.7,0.052
5,euclidean,intent_quantile_0.9,nearest_sphere,inverse_margin,0.25,1.1429544479347538,0.652,0.752,0.732,0.02
5,euclidean,intent_quantile_0.9,nearest_sphere,inverse_margin,0.5,1.6294346030353937,0.652,0.752,0.732,0.02
5,euclidean,intent_quantile_0.9,nearest_sphere,inverse_margin,1.0,2.657343470036845,0.672,0.752,0.736,0.016
5,euclidean,intent_quantile_0.9,nearest_sphere,inverse_margin,2.0,4.472148475149468,0.672,0.752,0.736,0.016
5,euclidean,intent_quantile_0.9,nearest_sphere,max_ratio,0.0,0.6730283956983377,0.492,0.752,0.7,0.052
5,euclidean,intent_quantile_0.9,nearest_sphere,max_ratio,0.25,0.6730283956983377,0.492,0.752,0.7,0.052
5,euclidean,intent_quantile_0.9,nearest_sphere,max_ratio,0.5,0.6730283956983377,0.492,0.752,0.7,0.052
5,euclidean,intent_quantile_0.9,nearest_sphere,max_ratio,1.0,0.7869882567757436,0.632,0.752,0.728,0.024
5,euclidean,intent_quantile_0.9,nearest_sphere,max_ratio,2.0,1.3334316648195268,0.662,0.752,0.734,0.018
5,euclidean,intent_quantile_0.9,normalized_union,none,0.0,0.6730283956983377,0.482,0.752,0.698,0.054
5,euclidean,intent_quantile_0.9,normalized_union,none,0.25,0.6730283956983377,0.482,0.752,0.698,0.054
5,euclidean,intent_quantile_0.9,normalized_union,none,0.5,0.6730283956983377,0.482,0.752,0.698,0.054
5,euclidean,intent_quantile_0.9,normalized_union,none,1.0,0.6730283956983377,0.482,0.752,0.698,0.054
5,euclidean,intent_quantile_0.9,normalized_union,none,2.0,0.6730283956983377,0.482,0.752,0.698,0.054
5,euclidean,intent_quantile_0.9,normalized_union,ratio,0.0,0.6730283956983377,0.482,0.752,0.698,0.054
5,euclidean,intent_quantile_0.9,normalized_union,ratio,0.25,0.7965750699674735,0.552,0.752,0.712,0.04
5,euclidean,intent_quantile_0.9,normalized_union,ratio,0.5,0.930002672965068,0.552,0.752,0.712,0.04
5,euclidean,intent_quantile_0.9,normalized_union,ratio,1.0,1.2560161169639255,0.622,0.752,0.726,0.026
5,euclidean,intent_quantile_0.9,normalized_union,ratio,2.0,1.9168025657512329,0.662,0.752,0.734,0.018
5,euclidean,intent_quantile_0.9,normalized_union,inverse_margin,0.0,0.6730283956983377,0.482,0.752,0.698,0.054
5,euclidean,intent_quantile_0.9,normalized_union,inverse_margin,0.25,1.1429544479347538,0.652,0.752,0.732,0.02
5,euclidean,intent_quantile_0.9,normalized_union,inverse_margin,0.5,1.6294346030353937,0.652,0.752,0.732,0.02
5,euclidean,intent_quantile_0.9,normalized_union,inverse_margin,1.0,2.657343470036845,0.672,0.752,0.736,0.016
5,euclidean,intent_quantile_0.9,normalized_union,inverse_margin,2.0,4.472148475149468,0.672,0.752,0.736,0.016
5,euclidean,intent_quantile_0.9,normalized_union,max_ratio,0.0,0.6730283956983377,0.482,0.752,0.698,0.054
5,euclidean,intent_quantile_0.9,normalized_union,max_ratio,0.25,0.6730283956983377,0.482,0.752,0.698,0.054
5,euclidean,intent_quantile_0.9,normalized_union,max_ratio,0.5,0.6730283956983377,0.482,0.752,0.698,0.054
5,euclidean,intent_quantile_0.9,normalized_union,max_ratio,1.0,0.7869882567757436,0.632,0.752,0.728,0.024
5,euclidean,intent_quantile_0.9,normalized_union,max_ratio,2.0,1.3334316648195268,0.662,0.752,0.734,0.018
5,euclidean,center_quantile_0.95,nearest_sphere,none,0.0,0.6851183364371309,0.462,0.752,0.694,0.058
5,euclidean,center_quantile_0.95,nearest_sphere,none,0.25,0.6851183364371309,0.462,0.752,0.694,0.058
5,euclidean,center_quantile_0.95,nearest_sphere,none,0.5,0.6851183364371309,0.462,0.752,0.694,0.058
5,euclidean,center_quantile_0.95,nearest_sphere,none,1.0,0.6851183364371309,0.462,0.752,0.694,0.058
5,euclidean,center_quantile_0.95,nearest_sphere,none,2.0,0.6851183364371309,0.462,0.752,0.694,0.058
5,euclidean,center_quantile_0.95,nearest_sphere,ratio,0.0,0.6851183364371309,0.462,0.752,0.694,0.058
5,euclidean,center_quantile_0.95,nearest_sphere,ratio,0.25,0.7937659005991828,0.492,0.752,0.7,0.052
5,euclidean,center_quantile_0.95,nearest_sphere,ratio,0.5,0.9300142502073616,0.542,0.752,0.71,0.042
5,euclidean,center_quantile_0.95,nearest_sphere,ratio,1.0,1.2356186396205322,0.612,0.752,0.724,0.028
5,euclidean,center_quantile_0.95,nearest_sphere,ratio,2.0,1.8643199184578645,0.642,0.752,0.73,0.022
5,euclidean,center_quantile_0.95,nearest_sphere,inverse_margin,0.0,0.6851183364371309,0.462,0.752,0.694,0.058
5,euclidean,center_quantile_0.95,nearest_sphere,inverse_margin,0.25,1.113880332306618,0.642,0.752,0.73,0.022
5,euclidean,center_quantile_0.95,nearest_sphere,inverse_margin,0.5,1.574687073279834,0.632,0.752,0.728,0.024
5,euclidean,center_quantile_0.95,nearest_sphere,inverse_margin,1.0,2.6215237402237435,0.662,0.752,0.734,0.018
5,euclidean,center_quantile_0.95,nearest_sphere,inverse_margin,2.0,4.427028964724432,0.662,0.752,0.734,0.018
5,euclidean,center_quantile_0.95,nearest_sphere,max_ratio,0.0,0.6851183364371309,0.462,0.752,0.694,0.058
5,euclidean,center_quantile_0.95,nearest_sphere,max_ratio,0.25,0.6851183364371309,0.462,0.752,0.694,0.058
5,euclidean,center_quantile_0.95,nearest_sphere,max_ratio,0.5,0.6851183364371309,0.462,0.752,0.694,0.058
5,euclidean,center_quantile_0.95,nearest_sphere,max_ratio,1.0,0.7668966203747762,0.612,0.752,0.724,0.028
5,euclidean,center_quantile_0.95,nearest_sphere,max_ratio,2.0,1.3334316648195268,0.662,0.752,0.734,0.018
5,euclidean,center_quantile_0.95,normalized_union,none,0.0,0.60044741348159,0.412,0.752,0.684,0.068
5,euclidean,center_quantile_0.95,normalized_union,none,0.25,0.60044741348159,0.412,0.752,0.684,0.068
5,euclidean,center_quantile_0.95,normalized_union,none,0.5,0.60044741348159,0.412,0.752,0.684,0.068
5,euclidean,center_quantile_0.95,normalized_union,none,1.0,0.60044741348159,0.412,0.752,0.684,0.068
5,euclidean,center_quantile_0.95,normalized_union,none,2.0,0.60044741348159,0.412,0.752,0.684,0.068
5,euclidean,center_quantile_0.95,normalized_union,ratio,0.0,0.60044741348159,0.412,0.752,0.684,0.068
5,euclidean,center_quantile_0.95,normalized_union,ratio,0.25,0.7192845657741007,0.502,0.752,0.702,0.05
5,euclidean,center_quantile_0.95,normalized_union,ratio,0.5,0.8631957586951953,0.572,0.752,0.716,0.036
5,euclidean,center_quantile_0.95,normalized_union,ratio,1.0,1.1997289573367889,0.622,0.752,0.726,0.026
5,euclidean,center_quantile_0.95,normalized_union,ratio,2.0,1.841706439203833,0.642,0.752,0.73,0.022
5,euclidean,center_quantile_0.95,normalized_union,inverse_margin,0.0,0.60044741348159,0.412,0.752,0.684,0.068
5,euclidean,center_quantile_0.95,normalized_union,inverse_margin,0.25,1.0482072886106986,0.642,0.752,0.73,0.022
5,euclidean,center_quantile_0.95,normalized_union,inverse_margin,0.5,1.5061469854922516,0.652,0.752,0.732,0.02
5,euclidean,center_quantile_0.95,normalized_union,inverse_margin,1.0,2.429278850746005,0.662,0.752,0.734,0.018
5,euclidean,center_quantile_0.95,normalized_union,inverse_margin,2.0,4.319302380555525,0.662,0.752,0.734,0.018
5,euclidean,center_quantile_0.95,normalized_union,max_ratio,0.0,0.60044741348159,0.412,0.752,0.684,0.068
5,euclidean,center_quantile_0.95,normalized_union,max_ratio,0.25,0.60044741348159,0.412,0.752,0.684,0.068
5,euclidean,center_quantile_0.95,normalized_union,max_ratio,0.5,0.60044741348159,0.412,0.752,0.684,0.068
5,euclidean,center_quantile_0.95,normalized_union,max_ratio,1.0,0.7150673502039951,0.652,0.752,0.732,0.02
5,euclidean,center_quantile_0.95,normalized_union,max_ratio,2.0,1.3006135356578095,0.662,0.752,0.734,0.018
5,euclidean,intent_quantile_0.95,nearest_sphere,none,0.0,0.5618443234751715,0.532,0.752,0.708,0.044
5,euclidean,intent_quantile_0.95,nearest_sphere,none,0.25,0.5618443234751715,0.532,0.752,0.708,0.044
5,euclidean,intent_quantile_0.95,nearest_sphere,none,0.5,0.5618443234751715,0.532,0.752,0.708,0.044
5,euclidean,intent_quantile_0.95,nearest_sphere,none,1.0,0.5618443234751715,0.532,0.752,0.708,0.044
5,euclidean,intent_quantile_0.95,nearest_sphere,none,2.0,0.5618443234751715,0.532,0.752,0.708,0.044
5,euclidean,intent_quantile_0.95,nearest_sphere,ratio,0.0,0.5618443234751715,0.532,0.752,0.708,0.044
5,euclidean,intent_quantile_0.95,nearest_sphere,ratio,0.25,0.6839265756093245,0.562,0.752,0.714,0.038
5,euclidean,intent_quantile_0.95,nearest_sphere,ratio,0.5,0.8410202985172313,0.592,0.752,0.72,0.032
5,euclidean,intent_quantile_0.95,nearest_sphere,ratio,1.0,1.194518114545608,0.642,0.752,0.73,0.022
5,euclidean,intent_quantile_0.95,nearest_sphere,ratio,2.0,1.8397609765724363,0.662,0.752,0.734,0.018
5,euclidean,intent_quantile_0.95,nearest_sphere,inverse_margin,0.0,0.5618443234751715,0.532,0.752,0.708,0.044
5,euclidean,intent_quantile_0.95,nearest_sphere,inverse_margin,0.25,1.0465964289489935,0.662,0.752,0.734,0.018
5,euclidean,intent_quantile_0.95,nearest_sphere,inverse_margin,0.5,1.537916206903808,0.652,0.752,0.732,0.02
5,euclidean,intent_quantile_0.95,nearest_sphere,inverse_margin,1.0,2.4210755357622005,0.672,0.752,0.736,0.016
5,euclidean,intent_quantile_0.95,nearest_sphere,inverse_margin,2.0,4.394094501976565,0.662,0.752,0.734,0.018
5,euclidean,intent_quantile_0.95,nearest_sphere,max_ratio,0.0,0.5618443234751715,0.532,0.752,0.708,0.044
5,euclidean,intent_quantile_0.95,nearest_sphere,max_ratio,0.25,0.5618443234751715,0.532,0.752,0.708,0.044
5,euclidean,intent_quantile_0.95,nearest_sphere,max_ratio,0.5,0.5618443234751715,0.532,0.752,0.708,0.044
5,euclidean,intent_quantile_0.95,nearest_sphere,max_ratio,1.0,0.722092293124598,0.662,0.752,0.734,0.018
5,euclidean,intent_quantile_0.95,nearest_sphere,max_ratio,2.0,1.3090078394403128,0.662,0.752,0.734,0.018
5,euclidean,intent_quantile_0.95,normalized_union,none,0.0,0.5618443234751715,0.522,0.752,0.706,0.046
5,euclidean,intent_quantile_0.95,normalized_union,none,0.25,0.5618443234751715,0.522,0.752,0.706,0.046
5,euclidean,intent_quantile_0.95,normalized_union,none,0.5,0.5618443234751715,0.522,0.752,0.706,0.046
5,euclidean,intent_quantile_0.95,normalized_union,none,1.0,0.5618443234751715,0.522,0.752,0.706,0.046
5,euclidean,intent_quantile_0.95,normalized_union,none,2.0,0.5618443234751715,0.522,0.752,0.706,0.046
5,euclidean,intent_quantile_0.95,normalized_union,ratio,0.0,0.5618443234751715,0.522,0.752,0.706,0.046
5,euclidean,intent_quantile_0.95,normalized_union,ratio,0.25,0.6839265756093245,0.552,0.752,0.712,0.04
5,euclidean,intent_quantile_0.95,normalized_union,ratio,0.5,0.8410202985172313,0.592,0.752,0.72,0.032
5,euclidean,intent_quantile_0.95,normalized_union,ratio,1.0,1.194518114545608,0.642,0.752,0.73,0.022
5,euclidean,intent_quantile_0.95,normalized_union,ratio,2.0,1.8397609765724363,0.662,0.752,0.734,0.018
5,euclidean,intent_quantile_0.95,normalized_union,inverse_margin,0.0,0.5618443234751715,0.522,0.752,0.706,0.046
5,euclidean,intent_quantile_0.95,normalized_union,inverse_margin,0.25,1.0465964289489935,0.662,0.752,0.734,0.018
5,euclidean,intent_quantile_0.95,normalized_union,inverse_margin,0.5,1.537916206903808,0.652,0.752,0.732,0.02
5,euclidean,intent_quantile_0.95,normalized_union,inverse_margin,1.0,2.4210755357622005,0.672,0.752,0.736,0.016
5,euclidean,intent_quantile_0.95,normalized_union,inverse_margin,2.0,4.394094501976565,0.662,0.752,0.734,0.018
5,euclidean,intent_quantile_0.95,normalized_union,max_ratio,0.0,0.5618443234751715,0.522,0.752,0.706,0.046
5,euclidean,intent_quantile_0.95,normalized_union,max_ratio,0.25,0.5618443234751715,0.522,0.752,0.706,0.046
5,euclidean,intent_quantile_0.95,normalized_union,max_ratio,0.5,0.5618443234751715,0.522,0.752,0.706,0.046
5,euclidean,intent_quantile_0.95,normalized_union,max_ratio,1.0,0.722092293124598,0.662,0.752,0.734,0.018
5,euclidean,intent_quantile_0.95,normalized_union,max_ratio,2.0,1.3090078394403128,0.662,0.752,0.734,0.018
5,euclidean,center_quantile_0.99,nearest_sphere,none,0.0,0.5323645451523858,0.452,0.752,0.692,0.06
5,euclidean,center_quantile_0.99,nearest_sphere,none,0.25,0.5323645451523858,0.452,0.752,0.692,0.06
5,euclidean,center_quantile_0.99,nearest_sphere,none,0.5,0.5323645451523858,0.452,0.752,0.692,0.06
5,euclidean,center_quantile_0.99,nearest_sphere,none,1.0,0.5323645451523858,0.452,0.752,0.692,0.06
5,euclidean,center_quantile_0.99,nearest_sphere,none,2.0,0.5323645451523858,0.452,0.752,0.692,0.06
5,euclidean,center_quantile_0.99,nearest_sphere,ratio,0.0,0.5323645451523858,0.452,0.752,0.692,0.06
5,euclidean,center_quantile_0.99,nearest_sphere,ratio,0.25,0.6642708473102273,0.532,0.752,0.708,0.044
5,euclidean,center_quantile_0.99,nearest_sphere,ratio,0.5,0.8052181841163757,0.552,0.752,0.712,0.04
5,euclidean,center_quantile_0.99,nearest_sphere,ratio,1.0,1.1146887713760252,0.632,0.752,0.728,0.024
5,euclidean,center_quantile_0.99,nearest_sphere,ratio,2.0,1.7733696389672824,0.652,0.752,0.732,0.02
5,euclidean,center_quantile_0.99,nearest_sphere,inverse_margin,0.0,0.5323645451523858,0.452,0.752,0.692,0.06
5,euclidean,center_quantile_0.99,nearest_sphere,inverse_margin,0.25,0.9668688497464231,0.652,0.752,0.732,0.02
5,euclidean,center_quantile_0.99,nearest_sphere,inverse_margin,0.5,1.4618405054061105,0.662,0.752,0.734,0.018
5,euclidean,center_quantile_0.99,nearest_sphere,inverse_margin,1.0,2.421002690367494,0.662,0.752,0.734,0.018
5,euclidean,center_quantile_0.99,nearest_sphere,inverse_margin,2.0,4.214539356460148,0.662,0.752,0.734,0.018
5,euclidean,center_quantile_0.99,nearest_sphere,max_ratio,0.0,0.5323645451523858,0.452,0.752,0.692,0.06
5,euclidean,center_quantile_0.99,nearest_sphere,max_ratio,0.25,0.5323645451523858,0.452,0.752,0.692,0.06
5,euclidean,center_quantile_0.99,nearest_sphere,max_ratio,0.5,0.5323645451523858,0.452,0.752,0.692,0.06
5,euclidean,center_quantile_0.99,nearest_sphere,max_ratio,1.0,0.7056417789330521,0.642,0.752,0.73,0.022
5,euclidean,center_quantile_0.99,nearest_sphere,max_ratio,2.0,1.3090078394403128,0.662,0.752,0.734,0.018
5,euclidean,center_quantile_0.99,normalized_union,none,0.0,0.45583670955360744,0.472,0.752,0.696,0.056
5,euclidean,center_quantile_0.99,normalized_union,none,0.25,0.45583670955360744,0.472,0.752,0.696,0.056
5,euclidean,center_quantile_0.99,normalized_union,none,0.5,0.45583670955360744,0.472,0.752,0.696,0.056
5,euclidean,center_quantile_0.99,normalized_union,none,1.0,0.45583670955360744,0.472,0.752,0.696,0.056
5,euclidean,center_quantile_0.99,normalized_union,none,2.0,0.45583670955360744,0.472,0.752,0.696,0.056
5,euclidean,center_quantile_0.99,normalized_union,ratio,0.0,0.45583670955360744,0.472,0.752,0.696,0.056
5,euclidean,center_quantile_0.99,normalized_union,ratio,0.25,0.6032930478022894,0.522,0.752,0.706,0.046
5,euclidean,center_quantile_0.99,normalized_union,ratio,0.5,0.7755852523076188,0.602,0.752,0.722,0.03
5,euclidean,center_quantile_0.99,normalized_union,ratio,1.0,1.0924633738236484,0.642,0.752,0.73,0.022
5,euclidean,center_quantile_0.99,normalized_union,ratio,2.0,1.7614742094573432,0.642,0.752,0.73,0.022
5,euclidean,center_quantile_0.99,normalized_union,inverse_margin,0.0,0.45583670955360744,0.472,0.752,0.696,0.056
5,euclidean,center_quantile_0.99,normalized_union,inverse_margin,0.25,0.9528213224230627,0.662,0.752,0.734,0.018
5,euclidean,center_quantile_0.99,normalized_union,inverse_margin,0.5,1.4338912254415142,0.672,0.752,0.736,0.016
5,euclidean,center_quantile_0.99,normalized_union,inverse_margin,1.0,2.3686115827705994,0.662,0.752,0.734,0.018
5,euclidean,center_quantile_0.99,normalized_union,inverse_margin,2.0,4.214539356460148,0.662,0.752,0.734,0.018
5,euclidean,center_quantile_0.99,normalized_union,max_ratio,0.0,0.45583670955360744,0.472,0.752,0.696,0.056
5,euclidean,center_quantile_0.99,normalized_union,max_ratio,0.25,0.45583670955360744,0.472,0.752,0.696,0.056
5,euclidean,center_quantile_0.99,normalized_union,max_ratio,0.5,0.4763443571083585,0.502,0.752,0.702,0.05
5,euclidean,center_quantile_0.99,normalized_union,max_ratio,1.0,0.6819770143781386,0.662,0.752,0.734,0.018
5,euclidean,center_quantile_0.99,normalized_union,max_ratio,2.0,1.3006135356578095,0.662,0.752,0.734,0.018
5,euclidean,intent_quantile_0.99,nearest_sphere,none,0.0,0.42856032105219893,0.532,0.752,0.708,0.044
5,euclidean,intent_quantile_0.99,nearest_sphere,none,0.25,0.42856032105219893,0.532,0.752,0.708,0.044
5,euclidean,intent_quantile_0.99,nearest_sphere,none,0.5,0.42856032105219893,0.532,0.752,0.708,0.044
5,euclidean,intent_quantile_0.99,nearest_sphere,none,1.0,0.42856032105219893,0.532,0.752,0.708,0.044
5,euclidean,intent_quantile_0.99,nearest_sphere,none,2.0,0.42856032105219893,0.532,0.752,0.708,0.044
5,euclidean,intent_quantile_0.99,nearest_sphere,ratio,0.0,0.42856032105219893,0.532,0.752,0.708,0.044
5,euclidean,intent_quantile_0.99,nearest_sphere,ratio,0.25,0.553414717376467,0.582,0.752,0.718,0.034
5,euclidean,intent_quantile_0.99,nearest_sphere,ratio,0.5,0.7407133286445511,0.622,0.752,0.726,0.026
5,euclidean,intent_quantile_0.99,nearest_sphere,ratio,1.0,1.080726309792366,0.652,0.752,0.732,0.02
5,euclidean,intent_quantile_0.99,nearest_sphere,ratio,2.0,1.7146452634754739,0.652,0.752,0.732,0.02
5,euclidean,intent_quantile_0.99,nearest_sphere,inverse_margin,0.0,0.42856032105219893,0.532,0.752,0.708,0.044
5,euclidean,intent_quantile_0.99,nearest_sphere,inverse_margin,0.25,0.9164739380881327,0.662,0.752,0.734,0.018
5,euclidean,intent_quantile_0.99,nearest_sphere,inverse_margin,0.5,1.4158364150596774,0.672,0.752,0.736,0.016
5,euclidean,intent_quantile_0.99,nearest_sphere,inverse_margin,1.0,2.3588250921256964,0.672,0.752,0.736,0.016
5,euclidean,intent_quantile_0.99,nearest_sphere,inverse_margin,2.0,4.146062860062005,0.662,0.752,0.734,0.018
5,euclidean,intent_quantile_0.99,nearest_sphere,max_ratio,0.0,0.42856032105219893,0.532,0.752,0.708,0.044
5,euclidean,intent_quantile_0.99,nearest_sphere,max_ratio,0.25,0.42856032105219893,0.532,0.752,0.708,0.044
5,euclidean,intent_quantile_0.99,nearest_sphere,max_ratio,0.5,0.4492917658673309,0.572,0.752,0.716,0.036
5,euclidean,intent_quantile_0.99,nearest_sphere,max_ratio,1.0,0.6930266552358266,0.662,0.752,0.734,0.018
5,euclidean,intent_quantile_0.99,nearest_sphere,max_ratio,2.0,1.3006135356578095,0.662,0.752,0.734,0.018
5,euclidean,intent_quantile_0.99,normalized_union,none,0.0,0.4283500056192582,0.502,0.752,0.702,0.05
5,euclidean,intent_quantile_0.99,normalized_union,none,0.25,0.4283500056192582,0.502,0.752,0.702,0.05
5,euclidean,intent_quantile_0.99,normalized_union,none,0.5,0.4283500056192582,0.502,0.752,0.702,0.05
5,euclidean,intent_quantile_0.99,normalized_union,none,1.0,0.4283500056192582,0.502,0.752,0.702,0.05
5,euclidean,intent_quantile_0.99,normalized_union,none,2.0,0.4283500056192582,0.502,0.752,0.702,0.05
5,euclidean,intent_quantile_0.99,normalized_union,ratio,0.0,0.4283500056192582,0.502,0.752,0.702,0.05
5,euclidean,intent_quantile_0.99,normalized_union,ratio,0.25,0.551570119497294,0.562,0.752,0.714,0.038
5,euclidean,intent_quantile_0.99,normalized_union,ratio,0.5,0.7407133286445511,0.612,0.752,0.724,0.028
5,euclidean,intent_quantile_0.99,normalized_union,ratio,1.0,1.080726309792366,0.652,0.752,0.732,0.02
5,euclidean,intent_quantile_0.99,normalized_union,ratio,2.0,1.7146452634754739,0.652,0.752,0.732,0.02
5,euclidean,intent_quantile_0.99,normalized_union,inverse_margin,0.0,0.4283500056192582,0.502,0.752,0.702,0.05
5,euclidean,intent_quantile_0.99,normalized_union,inverse_margin,0.25,0.9164739380881327,0.662,0.752,0.734,0.018
5,euclidean,intent_quantile_0.99,normalized_union,inverse_margin,0.5,1.4158364150596774,0.672,0.752,0.736,0.016
5,euclidean,intent_quantile_0.99,normalized_union,inverse_margin,1.0,2.3588250921256964,0.672,0.752,0.736,0.016
5,euclidean,intent_quantile_0.99,normalized_union,inverse_margin,2.0,4.146062860062005,0.662,0.752,0.734,0.018
5,euclidean,intent_quantile_0.99,normalized_union,max_ratio,0.0,0.4283500056192582,0.502,0.752,0.702,0.05
5,euclidean,intent_quantile_0.99,normalized_union,max_ratio,0.25,0.4283500056192582,0.502,0.752,0.702,0.05
5,euclidean,intent_quantile_0.99,normalized_union,max_ratio,0.5,0.4492917658673309,0.572,0.752,0.716,0.036
5,euclidean,intent_quantile_0.99,normalized_union,max_ratio,1.0,0.6930266552358266,0.662,0.752,0.734,0.018
5,euclidean,intent_quantile_0.99,normalized_union,max_ratio,2.0,1.3006135356578095,0.662,0.752,0.734,0.018
5,mahalanobis_diag,mean_std_0.0,nearest_sphere,none,0.0,0.9798616007255672,0.412,0.752,0.684,0.068
5,mahalanobis_diag,mean_std_0.0,nearest_sphere,none,0.25,0.9798616007255672,0.412,0.752,0.684,0.068
5,mahalanobis_diag,mean_std_0.0,nearest_sphere,none,0.5,0.9798616007255672,0.412,0.752,0.684,0.068
5,mahalanobis_diag,mean_std_0.0,nearest_sphere,none,1.0,0.9798616007255672,0.412,0.752,0.684,0.068
5,mahalanobis_diag,mean_std_0.0,nearest_sphere,none,2.0,0.9798616007255672,0.412,0.752,0.684,0.068
5,mahalanobis_diag,mean_std_0.0,nearest_sphere,ratio,0.0,0.9798616007255672,0.412,0.752,0.684,0.068
5,mahalanobis_diag,mean_std_0.0,nearest_sphere,ratio,0.25,1.1248132949428644,0.442,0.752,0.69,0.062
5,mahalanobis_diag,mean_std_0.0,nearest_sphere,ratio,0.5,1.2909206061490108,0.492,0.752,0.7,0.052
5,mahalanobis_diag,mean_std_0.0,nearest_sphere,ratio,1.0,1.6556606247692445,0.542,0.752,0.71,0.042
5,mahalanobis_diag,mean_std_0.0,nearest_sphere,ratio,2.0,2.360871570043768,0.562,0.752,0.714,0.038
5,mahalanobis_diag,mean_std_0.0,nearest_sphere,inverse_margin,0.0,0.9798616007255672,0.412,0.752,0.684,0.068
5,mahalanobis_diag,mean_std_0.0,nearest_sphere,inverse_margin,0.25,1.6322710161757106,0.612,0.752,0.724,0.028
5,mahalanobis_diag,mean_std_0.0,nearest_sphere,inverse_margin,0.5,2.190191212230894,0.592,0.752,0.72,0.032
5,mahalanobis_diag,mean_std_0.0,nearest_sphere,inverse_margin,1.0,3.4336726492312466,0.592,0.752,0.72,0.032
5,mahalanobis_diag,mean_std_0.0,nearest_sphere,inverse_margin,2.0,5.878744413068235,0.602,0.752,0.722,0.03
5,mahalanobis_diag,mean_std_0.0,nearest_sphere,max_ratio,0.0,0.9798616007255672,0.412,0.752,0.684,0.068
5,mahalanobis_diag,mean_std_0.0,nearest_sphere,max_ratio,0.25,0.9798616007255672,0.412,0.752,0.684,0.068
5,mahalanobis_diag,mean_std_0.0,nearest_sphere,max_ratio,0.5,0.9798616007255672,0.412,0.752,0.684,0.068
5,mahalanobis_diag,mean_std_0.0,nearest_sphere,max_ratio,1.0,0.9807792289311564,0.422,0.752,0.686,0.066
5,mahalanobis_diag,mean_std_0.0,nearest_sphere,max_ratio,2.0,1.4515950248745733,0.592,0.752,0.72,0.032
5,mahalanobis_diag,mean_std_0.0,normalized_union,none,0.0,0.9746033144218766,0.412,0.752,0.684,0.068
5,mahalanobis_diag,mean_std_0.0,normalized_union,none,0.25,0.9746033144218766,0.412,0.752,0.684,0.068
5,mahalanobis_diag,mean_std_0.0,normalized_union,none,0.5,0.9746033144218766,0.412,0.752,0.684,0.068
5,mahalanobis_diag,mean_std_0.0,normalized_union,none,1.0,0.9746033144218766,0.412,0.752,0.684,0.068
5,mahalanobis_diag,mean_std_0.0,normalized_union,none,2.0,0.9746033144218766,0.412,0.752,0.684,0.068
5,mahalanobis_diag,mean_std_0.0,normalized_union,ratio,0.0,0.9746033144218766,0.412,0.752,0.684,0.068
5,mahalanobis_diag,mean_std_0.0,normalized_union,ratio,0.25,1.1220035254494645,0.442,0.752,0.69,0.062
5,mahalanobis_diag,mean_std_0.0,normalized_union,ratio,0.5,1.2909206061490108,0.492,0.752,0.7,0.052
5,mahalanobis_diag,mean_std_0.0,normalized_union,ratio,1.0,1.6552727836520567,0.542,0.752,0.71,0.042
5,mahalanobis_diag,mean_std_0.0,normalized_union,ratio,2.0,2.360871570043768,0.562,0.752,0.714,0.038
5,mahalanobis_diag,mean_std_0.0,normalized_union,inverse_margin,0.0,0.9746033144218766,0.412,0.752,0.684,0.068
5,mahalanobis_diag,mean_std_0.0,normalized_union,inverse_margin,0.25,1.6322710161757106,0.612,0.752,0.724,0.028
5,mahalanobis_diag,mean_std_0.0,normalized_union,inverse_margin,0.5,2.190191212230894,0.592,0.752,0.72,0.032
5,mahalanobis_diag,mean_std_0.0,normalized_union,inverse_margin,1.0,3.4336726492312466,0.592,0.752,0.72,0.032
5,mahalanobis_diag,mean_std_0.0,normalized_union,inverse_margin,2.0,5.878744413068235,0.602,0.752,0.722,0.03
5,mahalanobis_diag,mean_std_0.0,normalized_union,max_ratio,0.0,0.9746033144218766,0.412,0.752,0.684,0.068
5,mahalanobis_diag,mean_std_0.0,normalized_union,max_ratio,0.25,0.9746033144218766,0.412,0.752,0.684,0.068
5,mahalanobis_diag,mean_std_0.0,normalized_union,max_ratio,0.5,0.9746033144218766,0.412,0.752,0.684,0.068
5,mahalanobis_diag,mean_std_0.0,normalized_union,max_ratio,1.0,0.9798616007255672,0.422,0.752,0.686,0.066
5,mahalanobis_diag,mean_std_0.0,normalized_union,max_ratio,2.0,1.4515950248745733,0.592,0.752,0.72,0.032
5,mahalanobis_diag,mean_std_0.25,nearest_sphere,none,0.0,0.8960671076765517,0.412,0.752,0.684,0.068
5,mahalanobis_diag,mean_std_0.25,nearest_sphere,none,0.25,0.8960671076765517,0.412,0.752,0.684,0.068
5,mahalanobis_diag,mean_std_0.25,nearest_sphere,none,0.5,0.8960671076765517,0.412,0.752,0.684,0.068
5,mahalanobis_diag,mean_std_0.25,nearest_sphere,none,1.0,0.8960671076765517,0.412,0.752,0.684,0.068
5,mahalanobis_diag,mean_std_0.25,nearest_sphere,none,2.0,0.8960671076765517,0.412,0.752,0.684,0.068
5,mahalanobis_diag,mean_std_0.25,nearest_sphere,ratio,0.0,0.8960671076765517,0.412,0.752,0.684,0.068
5,mahalanobis_diag,mean_std_0.25,nearest_sphere,ratio,0.25,1.0564060744478716,0.462,0.752,0.694,0.058
5,mahalanobis_diag,mean_std_0.25,nearest_sphere,ratio,0.5,1.2218835720877705,0.492,0.752,0.7,0.052
5,mahalanobis_diag,mean_std_0.25,nearest_sphere,ratio,1.0,1.5771388745595223,0.542,0.752,0.71,0.042
5,mahalanobis_diag,mean_std_0.25,nearest_sphere,ratio,2.0,2.313818935165563,0.572,0.752,0.716,0.036
5,mahalanobis_diag,mean_std_0.25,nearest_sphere,inverse_margin,0.0,0.8960671076765517,0.412,0.752,0.684,0.068
5,mahalanobis_diag,mean_std_0.25,nearest_sphere,inverse_margin,0.25,1.573396789349713,0.612,0.752,0.724,0.028
5,mahalanobis_diag,mean_std_0.25,nearest_sphere,inverse_margin,0.5,2.135177262769696,0.592,0.752,0.72,0.032
5,mahalanobis_diag,mean_std_0.25,nearest_sphere,inverse_margin,1.0,3.3775896201929196,0.592,0.752,0.72,0.032
5,mahalanobis_diag,mean_std_0.25,nearest_sphere,inverse_margin,2.0,5.8224533400670415,0.602,0.752,0.722,0.03
5,mahalanobis_diag,mean_std_0.25,nearest_sphere,max_ratio,0.0,0.8960671076765517,0.412,0.752,0.684,0.068
5,mahalanobis_diag,mean_std_0.25,nearest_sphere,max_ratio,0.25,0.8960671076765517,0.412,0.752,0.684,0.068
5,mahalanobis_diag,mean_std_0.25,nearest_sphere,max_ratio,0.5,0.8960671076765517,0.412,0.752,0.684,0.068
5,mahalanobis_diag,mean_std_0.25,nearest_sphere,max_ratio,1.0,0.9264109766596046,0.452,0.752,0.692,0.06
5,mahalanobis_diag,mean_std_0.25,nearest_sphere,max_ratio,2.0,1.4347375801816238,0.602,0.752,0.722,0.03
5,mahalanobis_diag,mean_std_0.25,normalized_union,none,0.0,0.8956921031047413,0.412,0.752,0.684,0.068
5,mahalanobis_diag,mean_std_0.25,normalized_union,none,0.25,0.8956921031047413,0.412,0.752,0.684,0.068
5,mahalanobis_diag,mean_std_0.25,normalized_union,none,0.5,0.8956921031047413,0.412,0.752,0.684,0.068
5,mahalanobis_diag,mean_std_0.25,normalized_union,none,1.0,0.8956921031047413,0.412,0.752,0.684,0.068
5,mahalanobis_diag,mean_std_0.25,normalized_union,none,2.0,0.8956921031047413,0.412,0.752,0.684,0.068
5,mahalanobis_diag,mean_std_0.25,normalized_union,ratio,0.0,0.8956921031047413,0.412,0.752,0.684,0.068
5,mahalanobis_diag,mean_std_0.25,normalized_union,ratio,0.25,1.0564060744478716,0.462,0.752,0.694,0.058
5,mahalanobis_diag,mean_std_0.25,normalized_union,ratio,0.5,1.2218835720877705,0.492,0.752,0.7,0.052
5,mahalanobis_diag,mean_std_0.25,normalized_union,ratio,1.0,1.5771388745595223,0.542,0.752,0.71,0.042
5,mahalanobis_diag,mean_std_0.25,normalized_union,ratio,2.0,2.313818935165563,0.572,0.752,0.716,0.036
5,mahalanobis_diag,mean_std_0.25,normalized_union,inverse_margin,0.0,0.8956921031047413,0.412,0.752,0.684,0.068
5,mahalanobis_diag,mean_std_0.25,normalized_union,inverse_margin,0.25,1.5701404670520986,0.612,0.752,0.724,0.028
5,mahalanobis_diag,mean_std_0.25,normalized_union,inverse_margin,0.5,2.135177262769696,0.592,0.752,0.72,0.032
5,mahalanobis_diag,mean_std_0.25,normalized_union,inverse_margin,1.0,3.3775896201929196,0.592,0.752,0.72,0.032
5,mahalanobis_diag,mean_std_0.25,normalized_union,inverse_margin,2.0,5.8224533400670415,0.602,0.752,0.722,0.03
5,mahalanobis_diag,mean_std_0.25,normalized_union,max_ratio,0.0,0.8956921031047413,0.412,0.752,0.684,0.068
5,mahalanobis_diag,mean_std_0.25,normalized_union,max_ratio,0.25,0.8956921031047413,0.412,0.752,0.684,0.068
5,mahalanobis_diag,mean_std_0.25,normalized_union,max_ratio,0.5,0.8956921031047413,0.412,0.752,0.684,0.068
5,mahalanobis_diag,mean_std_0.25,normalized_union,max_ratio,1.0,0.9264109766596046,0.452,0.752,0.692,0.06
5,mahalanobis_diag,mean_std_0.25,normalized_union,max_ratio,2.0,1.4347375801816238,0.602,0.752,0.722,0.03
5,mahalanobis_diag,mean_std_0.5,nearest_sphere,none,0.0,0.8366147269425074,0.422,0.752,0.686,0.066
5,mahalanobis_diag,mean_std_0.5,nearest_sphere,none,0.25,0.8366147269425074,0.422,0.752,0.686,0.066
5,mahalanobis_diag,mean_std_0.5,nearest_sphere,none,0.5,0.8366147269425074,0.422,0.752,0.686,0.066
5,mahalanobis_diag,mean_std_0.5,nearest_sphere,none,1.0,0.8366147269425074,0.422,0.752,0.686,0.066
5,mahalanobis_diag,mean_std_0.5,nearest_sphere,none,2.0,0.8366147269425074,0.422,0.752,0.686,0.066
5,mahalanobis_diag,mean_std_0.5,nearest_sphere,ratio,0.0,0.8366147269425074,0.422,0.752,0.686,0.066
5,mahalanobis_diag,mean_std_0.5,nearest_sphere,ratio,0.25,0.9958471983511425,0.472,0.752,0.696,0.056
5,mahalanobis_diag,mean_std_0.5,nearest_sphere,ratio,0.5,1.1577765201989294,0.492,0.752,0.7,0.052
5,mahalanobis_diag,mean_std_0.5,nearest_sphere,ratio,1.0,1.5119625345542227,0.542,0.752,0.71,0.042
5,mahalanobis_diag,mean_std_0.5,nearest_sphere,ratio,2.0,2.2522005707437267,0.572,0.752,0.716,0.036
5,mahalanobis_diag,mean_std_0.5,nearest_sphere,inverse_margin,0.0,0.8366147269425074,0.422,0.752,0.686,0.066
5,mahalanobis_diag,mean_std_0.5,nearest_sphere,inverse_margin,0.25,1.5074902143968376,0.612,0.752,0.724,0.028
5,mahalanobis_diag,mean_std_0.5,nearest_sphere,inverse_margin,0.5,2.1019948736806193,0.592,0.752,0.72,0.032
5,mahalanobis_diag,mean_std_0.5,nearest_sphere,inverse_margin,1.0,3.3292808573064647,0.592,0.752,0.72,0.032
5,mahalanobis_diag,mean_std_0.5,nearest_sphere,inverse_margin,2.0,5.783557003695818,0.602,0.752,0.722,0.03
5,mahalanobis_diag,mean_std_0.5,nearest_sphere,max_ratio,0.0,0.8366147269425074,0.422,0.752,0.686,0.066
5,mahalanobis_diag,mean_std_0.5,nearest_sphere,max_ratio,0.25,0.8366147269425074,0.422,0.752,0.686,0.066
5,mahalanobis_diag,mean_std_0.5,nearest_sphere,max_ratio,0.5,0.8366147269425074,0.422,0.752,0.686,0.066
5,mahalanobis_diag,mean_std_0.5,nearest_sphere,max_ratio,1.0,0.889953851985351,0.482,0.752,0.698,0.054
5,mahalanobis_diag,mean_std_0.5,nearest_sphere,max_ratio,2.0,1.4280082994084526,0.602,0.752,0.722,0.03
5,mahalanobis_diag,mean_std_0.5,normalized_union,none,0.0,0.8366147269425074,0.432,0.752,0.688,0.064
5,mahalanobis_diag,mean_std_0.5,normalized_union,none,0.25,0.8366147269425074,0.432,0.752,0.688,0.064
5,mahalanobis_diag,mean_std_0.5,normalized_union,none,0.5,0.8366147269425074,0.432,0.752,0.688,0.064
5,mahalanobis_diag,mean_std_0.5,normalized_union,none,1.0,0.8366147269425074,0.432,0.752,0.688,0.064
5,mahalanobis_diag,mean_std_0.5,normalized_union,none,2.0,0.8366147269425074,0.432,0.752,0.688,0.064
5,mahalanobis_diag,mean_std_0.5,normalized_union,ratio,0.0,0.8366147269425074,0.432,0.752,0.688,0.064
5,mahalanobis_diag,mean_std_0.5,normalized_union,ratio,0.25,0.9958471983511425,0.472,0.752,0.696,0.056
5,mahalanobis_diag,mean_std_0.5,normalized_union,ratio,0.5,1.1577765201989294,0.492,0.752,0.7,0.052
5,mahalanobis_diag,mean_std_0.5,normalized_union,ratio,1.0,1.5058421719675774,0.542,0.752,0.71,0.042
5,mahalanobis_diag,mean_std_0.5,normalized_union,ratio,2.0,2.2522005707437267,0.572,0.752,0.716,0.036
5,mahalanobis_diag,mean_std_0.5,normalized_union,inverse_margin,0.0,0.8366147269425074,0.432,0.752,0.688,0.064
5,mahalanobis_diag,mean_std_0.5,normalized_union,inverse_margin,0.25,1.5074902143968376,0.612,0.752,0.724,0.028
5,mahalanobis_diag,mean_std_0.5,normalized_union,inverse_margin,0.5,2.083067417520045,0.592,0.752,0.72,0.032
5,mahalanobis_diag,mean_std_0.5,normalized_union,inverse_margin,1.0,3.3292808573064647,0.592,0.752,0.72,0.032
5,mahalanobis_diag,mean_std_0.5,normalized_union,inverse_margin,2.0,5.783557003695818,0.602,0.752,0.722,0.03
5,mahalanobis_diag,mean_std_0.5,normalized_union,max_ratio,0.0,0.8366147269425074,0.432,0.752,0.688,0.064
5,mahalanobis_diag,mean_std_0.5,normalized_union,max_ratio,0.25,0.8366147269425074,0.432,0.752,0.688,0.064
5,mahalanobis_diag,mean_std_0.5,normalized_union,max_ratio,0.5,0.8366147269425074,0.432,0.752,0.688,0.064
5,mahalanobis_diag,mean_std_0.5,normalized_union,max_ratio,1.0,0.8895867570997095,0.482,0.752,0.698,0.054
5,mahalanobis_diag,mean_std_0.5,normalized_union,max_ratio,2.0,1.4280082994084526,0.602,0.752,0.722,0.03
5,mahalanobis_diag,mean_std_0.75,nearest_sphere,none,0.0,0.7855452045693154,0.432,0.752,0.688,0.064
5,mahalanobis_diag,mean_std_0.75,nearest_sphere,none,0.25,0.7855452045693154,0.432,0.752,0.688,0.064
5,mahalanobis_diag,mean_std_0.75,nearest_sphere,none,0.5,0.7855452045693154,0.432,0.752,0.688,0.064
5,mahalanobis_diag,mean_std_0.75,nearest_sphere,none,1.0,0.7855452045693154,0.432,0.752,0.688,0.064
5,mahalanobis_diag,mean_std_0.75,nearest_sphere,none,2.0,0.7855452045693154,0.432,0.752,0.688,0.064
5,mahalanobis_diag,mean_std_0.75,nearest_sphere,ratio,0.0,0.7855452045693154,0.432,0.752,0.688,0.064
5,mahalanobis_diag,mean_std_0.75,nearest_sphere,ratio,0.25,0.9415895823359501,0.472,0.752,0.696,0.056
5,mahalanobis_diag,mean_std_0.75,nearest_sphere,ratio,0.5,1.1006967576860087,0.492,0.752,0.7,0.052
5,mahalanobis_diag,mean_std_0.75,nearest_sphere,ratio,1.0,1.4622756547793303,0.542,0.752,0.71,0.042
5,mahalanobis_diag,mean_std_0.75,nearest_sphere,ratio,2.0,2.190210357951811,0.572,0.752,0.716,0.036
5,mahalanobis_diag,mean_std_0.75,nearest_sphere,inverse_margin,0.0,0.7855452045693154,0.432,0.752,0.688,0.064
5,mahalanobis_diag,mean_std_0.75,nearest_sphere,inverse_margin,0.25,1.4524018748591772,0.612,0.752,0.724,0.028
5,mahalanobis_diag,mean_std_0.75,nearest_sphere,inverse_margin,0.5,2.0708001159653127,0.592,0.752,0.72,0.032
5,mahalanobis_diag,mean_std_0.75,nearest_sphere,inverse_margin,1.0,3.287234628435366,0.592,0.752,0.72,0.032
5,mahalanobis_diag,mean_std_0.75,nearest_sphere,inverse_margin,2.0,5.749992845085468,0.602,0.752,0.722,0.03
5,mahalanobis_diag,mean_std_0.75,nearest_sphere,max_ratio,0.0,0.7855452045693154,0.432,0.752,0.688,0.064
5,mahalanobis_diag,mean_std_0.75,nearest_sphere,max_ratio,0.25,0.7855452045693154,0.432,0.752,0.688,0.064
5,mahalanobis_diag,mean_std_0.75,nearest_sphere,max_ratio,0.5,0.7855452045693154,0.432,0.752,0.688,0.064
5,mahalanobis_diag,mean_std_0.75,nearest_sphere,max_ratio,1.0,0.8579573663755238,0.492,0.752,0.7,0.052
5,mahalanobis_diag,mean_std_0.75,nearest_sphere,max_ratio,2.0,1.4280082994084526,0.602,0.752,0.722,0.03
5,mahalanobis_diag,mean_std_0.75,normalized_union,none,0.0,0.783815781162841,0.432,0.752,0.688,0.064
5,mahalanobis_diag,mean_std_0.75,normalized_union,none,0.25,0.783815781162841,0.432,0.752,0.688,0.064
5,mahalanobis_diag,mean_std_0.75,normalized_union,none,0.5,0.783815781162841,0.432,0.752,0.688,0.064
5,mahalanobis_diag,mean_std_0.75,normalized_union,none,1.0,0.783815781162841,0.432,0.752,0.688,0.064
5,mahalanobis_diag,mean_std_0.75,normalized_union,none,2.0,0.783815781162841,0.432,0.752,0.688,0.064
5,mahalanobis_diag,mean_std_0.75,normalized_union,ratio,0.0,0.783815781162841,0.432,0.752,0.688,0.064
5,mahalanobis_diag,mean_std_0.75,normalized_union,ratio,0.25,0.9402281234723873,0.472,0.752,0.696,0.056
5,mahalanobis_diag,mean_std_0.75,normalized_union,ratio,0.5,1.1006967576860087,0.492,0.752,0.7,0.052
5,mahalanobis_diag,mean_std_0.75,normalized_union,ratio,1.0,1.4592393800568462,0.552,0.752,0.712,0.04
5,mahalanobis_diag,mean_std_0.75,normalized_union,ratio,2.0,2.190210357951811,0.572,0.752,0.716,0.036
5,mahalanobis_diag,mean_std_0.75,normalized_union,inverse_margin,0.0,0.783815781162841,0.432,0.752,0.688,0.064
5,mahalanobis_diag,mean_std_0.75,normalized_union,inverse_margin,0.25,1.4524018748591772,0.612,0.752,0.724,0.028
5,mahalanobis_diag,mean_std_0.75,normalized_union,inverse_margin,0.5,2.0308400335150956,0.592,0.752,0.72,0.032
5,mahalanobis_diag,mean_std_0.75,normalized_union,inverse_margin,1.0,3.287234628435366,0.592,0.752,0.72,0.032
5,mahalanobis_diag,mean_std_0.75,normalized_union,inverse_margin,2.0,5.749992845085468,0.602,0.752,0.722,0.03
5,mahalanobis_diag,mean_std_0.75,normalized_union,max_ratio,0.0,0.783815781162841,0.432,0.752,0.688,0.064
5,mahalanobis_diag,mean_std_0.75,normalized_union,max_ratio,0.25,0.783815781162841,0.432,0.752,0.688,0.064
5,mahalanobis_diag,mean_std_0.75,normalized_union,max_ratio,0.5,0.783815781162841,0.432,0.752,0.688,0.064
5,mahalanobis_diag,mean_std_0.75,normalized_union,max_ratio,1.0,0.8575240201965858,0.492,0.752,0.7,0.052
5,mahalanobis_diag,mean_std_0.75,normalized_union,max_ratio,2.0,1.4280082994084526,0.602,0.752,0.722,0.03
5,mahalanobis_diag,mean_std_1.0,nearest_sphere,none,0.0,0.7470500658985918,0.432,0.752,0.688,0.064
5,mahalanobis_diag,mean_std_1.0,nearest_sphere,none,0.25,0.7470500658985918,0.432,0.752,0.688,0.064
5,mahalanobis_diag,mean_std_1.0,nearest_sphere,none,0.5,0.7470500658985918,0.432,0.752,0.688,0.064
5,mahalanobis_diag,mean_std_1.0,nearest_sphere,none,1.0,0.7470500658985918,0.432,0.752,0.688,0.064
5,mahalanobis_diag,mean_std_1.0,nearest_sphere,none,2.0,0.7470500658985918,0.432,0.752,0.688,0.064
5,mahalanobis_diag,mean_std_1.0,nearest_sphere,ratio,0.0,0.7470500658985918,0.432,0.752,0.688,0.064
5,mahalanobis_diag,mean_std_1.0,nearest_sphere,ratio,0.25,0.9027446262621198,0.472,0.752,0.696,0.056
5,mahalanobis_diag,mean_std_1.0,nearest_sphere,ratio,0.5,1.0609309582220428,0.472,0.752,0.696,0.056
5,mahalanobis_diag,mean_std_1.0,nearest_sphere,ratio,1.0,1.4197027337090036,0.552,0.752,0.712,0.04
5,mahalanobis_diag,mean_std_1.0,nearest_sphere,ratio,2.0,2.1403829810637673,0.572,0.752,0.716,0.036
5,mahalanobis_diag,mean_std_1.0,nearest_sphere,inverse_margin,0.0,0.7470500658985918,0.432,0.752,0.688,0.064
5,mahalanobis_diag,mean_std_1.0,nearest_sphere,inverse_margin,0.25,1.4005037344084097,0.612,0.752,0.724,0.028
5,mahalanobis_diag,mean_std_1.0,nearest_sphere,inverse_margin,0.5,2.0259769692098413,0.602,0.752,0.722,0.03
5,mahalanobis_diag,mean_std_1.0,nearest_sphere,inverse_margin,1.0,3.250307291195253,0.592,0.752,0.72,0.032
5,mahalanobis_diag,mean_std_1.0,nearest_sphere,inverse_margin,2.0,5.7207347407782745,0.602,0.752,0.722,0.03
5,mahalanobis_diag,mean_std_1.0,nearest_sphere,max_ratio,0.0,0.7470500658985918,0.432,0.752,0.688,0.064
5,mahalanobis_diag,mean_std_1.0,nearest_sphere,max_ratio,0.25,0.7470500658985918,0.432,0.752,0.688,0.064
5,mahalanobis_diag,mean_std_1.0,nearest_sphere,max_ratio,0.5,0.7470500658985918,0.432,0.752,0.688,0.064
5,mahalanobis_diag,mean_std_1.0,nearest_sphere,max_ratio,1.0,0.8229998161139832,0.552,0.752,0.712,0.04
5,mahalanobis_diag,mean_std_1.0,nearest_sphere,max_ratio,2.0,1.4162631696234458,0.602,0.752,0.722,0.03
5,mahalanobis_diag,mean_std_1.0,normalized_union,none,0.0,0.7375439880295144,0.432,0.752,0.688,0.064
5,mahalanobis_diag,mean_std_1.0,normalized_union,none,0.25,0.7375439880295144,0.432,0.752,0.688,0.064
5,mahalanobis_diag,mean_std_1.0,normalized_union,none,0.5,0.7375439880295144,0.432,0.752,0.688,0.064
5,mahalanobis_diag,mean_std_1.0,normalized_union,none,1.0,0.7375439880295144,0.432,0.752,0.688,0.064
5,mahalanobis_diag,mean_std_1.0,normalized_union,none,2.0,0.7375439880295144,0.432,0.752,0.688,0.064
5,mahalanobis_diag,mean_std_1.0,normalized_union,ratio,0.0,0.7375439880295144,0.432,0.752,0.688,0.064
5,mahalanobis_diag,mean_std_1.0,normalized_union,ratio,0.25,0.8931744044840091,0.482,0.752,0.698,0.054
5,mahalanobis_diag,mean_std_1.0,normalized_union,ratio,0.5,1.057981212083436,0.492,0.752,0.7,0.052
5,mahalanobis_diag,mean_std_1.0,normalized_union,ratio,1.0,1.413084199697277,0.572,0.752,0.716,0.036
5,mahalanobis_diag,mean_std_1.0,normalized_union,ratio,2.0,2.1403829810637673,0.572,0.752,0.716,0.036
5,mahalanobis_diag,mean_std_1.0,normalized_union,inverse_margin,0.0,0.7375439880295144,0.432,0.752,0.688,0.064
5,mahalanobis_diag,mean_std_1.0,normalized_union,inverse_margin,0.25,1.396858806725479,0.602,0.752,0.722,0.03
5,mahalanobis_diag,mean_std_1.0,normalized_union,inverse_margin,0.5,1.991352092169902,0.592,0.752,0.72,0.032
5,mahalanobis_diag,mean_std_1.0,normalized_union,inverse_margin,1.0,3.250307291195253,0.592,0.752,0.72,0.032
5,mahalanobis_diag,mean_std_1.0,normalized_union,inverse_margin,2.0,5.7207347407782745,0.602,0.752,0.722,0.03
5,mahalanobis_diag,mean_std_1.0,normalized_union,max_ratio,0.0,0.7375439880295144,0.432,0.752,0.688,0.064
5,mahalanobis_diag,mean_std_1.0,normalized_union,max_ratio,0.25,0.7375439880295144,0.432,0.752,0.688,0.064
5,mahalanobis_diag,mean_std_1.0,normalized_union,max_ratio,0.5,0.7375439880295144,0.432,0.752,0.688,0.064
5,mahalanobis_diag,mean_std_1.0,normalized_union,max_ratio,1.0,0.8229998161139832,0.552,0.752,0.712,0.04
5,mahalanobis_diag,mean_std_1.0,normalized_union,max_ratio,2.0,1.4162631696234458,0.602,0.752,0.722,0.03
5,mahalanobis_diag,mean_std_1.5,nearest_sphere,none,0.0,0.677425386485679,0.422,0.752,0.686,0.066
5,mahalanobis_diag,mean_std_1.5,nearest_sphere,none,0.25,0.677425386485679,0.422,0.752,0.686,0.066
5,mahalanobis_diag,mean_std_1.5,nearest_sphere,none,0.5,0.677425386485679,0.422,0.752,0.686,0.066
5,mahalanobis_diag,mean_std_1.5,nearest_sphere,none,1.0,0.677425386485679,0.422,0.752,0.686,0.066
5,mahalanobis_diag,mean_std_1.5,nearest_sphere,none,2.0,0.677425386485679,0.422,0.752,0.686,0.066
5,mahalanobis_diag,mean_std_1.5,nearest_sphere,ratio,0.0,0.677425386485679,0.422,0.752,0.686,0.066
5,mahalanobis_diag,mean_std_1.5,nearest_sphere,ratio,0.25,0.8274801233351571,0.482,0.752,0.698,0.054
5,mahalanobis_diag,mean_std_1.5,nearest_sphere,ratio,0.5,0.9847411118868392,0.482,0.752,0.698,0.054
5,mahalanobis_diag,mean_std_1.5,nearest_sphere,ratio,1.0,1.3430587928809627,0.572,0.752,0.716,0.036
5,mahalanobis_diag,mean_std_1.5,nearest_sphere,ratio,2.0,2.061261440357029,0.572,0.752,0.716,0.036
5,mahalanobis_diag,mean_std_1.5,nearest_sphere,inverse_margin,0.0,0.677425386485679,0.422,0.752,0.686,0.066
5,mahalanobis_diag,mean_std_1.5,nearest_sphere,inverse_margin,0.25,1.3120479787956394,0.612,0.752,0.724,0.028
5,mahalanobis_diag,mean_std_1.5,nearest_sphere,inverse_margin,0.5,1.9402215136207879,0.602,0.752,0.722,0.03
5,mahalanobis_diag,mean_std_1.5,nearest_sphere,inverse_margin,1.0,3.18847593196626,0.592,0.752,0.72,0.032
5,mahalanobis_diag,mean_std_1.5,nearest_sphere,inverse_margin,2.0,5.672198960811749,0.602,0.752,0.722,0.03
5,mahalanobis_diag,mean_std_1.5,nearest_sphere,max_ratio,0.0,0.677425386485679,0.422,0.752,0.686,0.066
5,mahalanobis_diag,mean_std_1.5,nearest_sphere,max_ratio,0.25,0.677425386485679,0.422,0.752,0.686,0.066
5,mahalanobis_diag,mean_std_1.5,nearest_sphere,max_ratio,0.5,0.677425386485679,0.422,0.752,0.686,0.066
5,mahalanobis_diag,mean_std_1.5,nearest_sphere,max_ratio,1.0,0.7924450090447575,0.592,0.752,0.72,0.032
5,mahalanobis_diag,mean_std_1.5,nearest_sphere,max_ratio,2.0,1.4162631696234458,0.602,0.752,0.722,0.03
5,mahalanobis_diag,mean_std_1.5,normalized_union,none,0.0,0.6578513770986286,0.432,0.752,0.688,0.064
5,mahalanobis_diag,mean_std_1.5,normalized_union,none,0.25,0.6578513770986286,0.432,0.752,0.688,0.064
5,mahalanobis_diag,mean_std_1.5,normalized_union,none,0.5,0.6578513770986286,0.432,0.752,0.688,0.064
5,mahalanobis_diag,mean_std_1.5,normalized_union,none,1.0,0.6578513770986286,0.432,0.752,0.688,0.064
5,mahalanobis_diag,mean_std_1.5,normalized_union,none,2.0,0.6578513770986286,0.432,0.752,0.688,0.064
5,mahalanobis_diag,mean_std_1.5,normalized_union,ratio,0.0,0.6578513770986286,0.432,0.752,0.688,0.064
5,mahalanobis_diag,mean_std_1.5,normalized_union,ratio,0.25,0.8209396221581763,0.472,0.752,0.696,0.056
5,mahalanobis_diag,mean_std_1.5,normalized_union,ratio,0.5,0.979702812808591,0.482,0.752,0.698,0.054
5,mahalanobis_diag,mean_std_1.5,normalized_union,ratio,1.0,1.3417936729187083,0.572,0.752,0.716,0.036
5,mahalanobis_diag,mean_std_1.5,normalized_union,ratio,2.0,2.0577135367664856,0.582,0.752,0.718,0.034
5,mahalanobis_diag,mean_std_1.5,normalized_union,inverse_margin,0.0,0.6578513770986286,0.432,0.752,0.688,0.064
5,mahalanobis_diag,mean_std_1.5,normalized_union,inverse_margin,0.25,1.3075847283525341,0.602,0.752,0.722,0.03
5,mahalanobis_diag,mean_std_1.5,normalized_union,inverse_margin,0.5,1.9258462066094972,0.592,0.752,0.72,0.032
5,mahalanobis_diag,mean_std_1.5,normalized_union,inverse_margin,1.0,3.18847593196626,0.592,0.752,0.72,0.032
5,mahalanobis_diag,mean_std_1.5,normalized_union,inverse_margin,2.0,5.672198960811749,0.602,0.752,0.722,0.03
5,mahalanobis_diag,mean_std_1.5,normalized_union,max_ratio,0.0,0.6578513770986286,0.432,0.752,0.688,0.064
5,mahalanobis_diag,mean_std_1.5,normalized_union,max_ratio,0.25,0.6578513770986286,0.432,0.752,0.688,0.064
5,mahalanobis_diag,mean_std_1.5,normalized_union,max_ratio,0.5,0.6578513770986286,0.432,0.752,0.688,0.064
5,mahalanobis_diag,mean_std_1.5,normalized_union,max_ratio,1.0,0.7887510045866053,0.592,0.752,0.72,0.032
5,mahalanobis_diag,mean_std_1.5,normalized_union,max_ratio,2.0,1.4154212878912753,0.602,0.752,0.722,0.03
5,mahalanobis_diag,mean_std_2.0,nearest_sphere,none,0.0,0.6133577752289241,0.432,0.752,0.688,0.064
5,mahalanobis_diag,mean_std_2.0,nearest_sphere,none,0.25,0.6133577752289241,0.432,0.752,0.688,0.064
5,mahalanobis_diag,mean_std_2.0,nearest_sphere,none,0.5,0.6133577752289241,0.432,0.752,0.688,0.064
5,mahalanobis_diag,mean_std_2.0,nearest_sphere,none,1.0,0.6133577752289241,0.432,0.752,0.688,0.064
5,mahalanobis_diag,mean_std_2.0,nearest_sphere,none,2.0,0.6133577752289241,0.432,0.752,0.688,0.064
5,mahalanobis_diag,mean_std_2.0,nearest_sphere,ratio,0.0,0.6133577752289241,0.432,0.752,0.688,0.064
5,mahalanobis_diag,mean_std_2.0,nearest_sphere,ratio,0.25,0.7658476592071388,0.482,0.752,0.698,0.054
5,mahalanobis_diag,mean_std_2.0,nearest_sphere,ratio,0.5,0.9237030578381605,0.482,0.752,0.698,0.054
5,mahalanobis_diag,mean_std_2.0,nearest_sphere,ratio,1.0,1.2827384476960582,0.572,0.752,0.716,0.036
5,mahalanobis_diag,mean_std_2.0,nearest_sphere,ratio,2.0,1.9989406845433795,0.592,0.752,0.72,0.032
5,mahalanobis_diag,mean_std_2.0,nearest_sphere,inverse_margin,0.0,0.6133577752289241,0.432,0.752,0.688,0.064
5,mahalanobis_diag,mean_std_2.0,nearest_sphere,inverse_margin,0.25,1.2504211762485569,0.612,0.752,0.724,0.028
5,mahalanobis_diag,mean_std_2.0,nearest_sphere,inverse_margin,0.5,1.8737161799865576,0.602,0.752,0.722,0.03
5,mahalanobis_diag,mean_std_2.0,nearest_sphere,inverse_margin,1.0,3.1387518313188836,0.592,0.752,0.72,0.032
5,mahalanobis_diag,mean_std_2.0,nearest_sphere,inverse_margin,2.0,5.633573858957551,0.602,0.752,0.722,0.03
5,mahalanobis_diag,mean_std_2.0,nearest_sphere,max_ratio,0.0,0.6133577752289241,0.432,0.752,0.688,0.064
5,mahalanobis_diag,mean_std_2.0,nearest_sphere,max_ratio,0.25,0.6133577752289241,0.432,0.752,0.688,0.064
5,mahalanobis_diag,mean_std_2.0,nearest_sphere,max_ratio,0.5,0.6133577752289241,0.432,0.752,0.688,0.064
5,mahalanobis_diag,mean_std_2.0,nearest_sphere,max_ratio,1.0,0.7673993469120826,0.602,0.752,0.722,0.03
5,mahalanobis_diag,mean_std_2.0,nearest_sphere,max_ratio,2.0,1.4162631696234458,0.602,0.752,0.722,0.03
5,mahalanobis_diag,mean_std_2.0,normalized_union,none,0.0,0.5922772686485371,0.432,0.752,0.688,0.064
5,mahalanobis_diag,mean_std_2.0,normalized_union,none,0.25,0.5922772686485371,0.432,0.752,0.688,0.064
5,mahalanobis_diag,mean_std_2.0,normalized_union,none,0.5,0.5922772686485371,0.432,0.752,0.688,0.064
5,mahalanobis_diag,mean_std_2.0,normalized_union,none,1.0,0.5922772686485371,0.432,0.752,0.688,0.064
5,mahalanobis_diag,mean_std_2.0,normalized_union,none,2.0,0.5922772686485371,0.432,0.752,0.688,0.064
5,mahalanobis_diag,mean_std_2.0,normalized_union,ratio,0.0,0.5922772686485371,0.432,0.752,0.688,0.064
5,mahalanobis_diag,mean_std_2.0,normalized_union,ratio,0.25,0.7531566062182529,0.472,0.752,0.696,0.056
5,mahalanobis_diag,mean_std_2.0,normalized_union,ratio,0.5,0.9149824695136638,0.522,0.752,0.706,0.046
5,mahalanobis_diag,mean_std_2.0,normalized_union,ratio,1.0,1.2774520914281005,0.582,0.752,0.718,0.034
5,mahalanobis_diag,mean_std_2.0,normalized_union,ratio,2.0,1.9971910393361854,0.592,0.752,0.72,0.032
5,mahalanobis_diag,mean_std_2.0,normalized_union,inverse_margin,0.0,0.5922772686485371,0.432,0.752,0.688,0.064
5,mahalanobis_diag,mean_std_2.0,normalized_union,inverse_margin,0.25,1.2432415689249847,0.602,0.752,0.722,0.03
5,mahalanobis_diag,mean_std_2.0,normalized_union,inverse_margin,0.5,1.868007058204863,0.592,0.752,0.72,0.032
5,mahalanobis_diag,mean_std_2.0,normalized_union,inverse_margin,1.0,3.1387518313188836,0.592,0.752,0.72,0.032
5,mahalanobis_diag,mean_std_2.0,normalized_union,inverse_margin,2.0,5.633573858957551,0.602,0.752,0.722,0.03
5,mahalanobis_diag,mean_std_2.0,normalized_union,max_ratio,0.0,0.5922772686485371,0.432,0.752,0.688,0.064
5,mahalanobis_diag,mean_std_2.0,normalized_union,max_ratio,0.25,0.5922772686485371,0.432,0.752,0.688,0.064
5,mahalanobis_diag,mean_std_2.0,normalized_union,max_ratio,0.5,0.5922772686485371,0.432,0.752,0.688,0.064
5,mahalanobis_diag,mean_std_2.0,normalized_union,max_ratio,1.0,0.7570080028158876,0.592,0.752,0.72,0.032
5,mahalanobis_diag,mean_std_2.0,normalized_union,max_ratio,2.0,1.4154212878912753,0.602,0.752,0.722,0.03
5,mahalanobis_diag,mean_std_3.0,nearest_sphere,none,0.0,0.5212539191302797,0.432,0.752,0.688,0.064
5,mahalanobis_diag,mean_std_3.0,nearest_sphere,none,0.25,0.5212539191302797,0.432,0.752,0.688,0.064
5,mahalanobis_diag,mean_std_3.0,nearest_sphere,none,0.5,0.5212539191302797,0.432,0.752,0.688,0.064
5,mahalanobis_diag,mean_std_3.0,nearest_sphere,none,1.0,0.5212539191302797,0.432,0.752,0.688,0.064
5,mahalanobis_diag,mean_std_3.0,nearest_sphere,none,2.0,0.5212539191302797,0.432,0.752,0.688,0.064
5,mahalanobis_diag,mean_std_3.0,nearest_sphere,ratio,0.0,0.5212539191302797,0.432,0.752,0.688,0.064
5,mahalanobis_diag,mean_std_3.0,nearest_sphere,ratio,0.25,0.6720357060657004,0.482,0.752,0.698,0.054
5,mahalanobis_diag,mean_std_3.0,nearest_sphere,ratio,0.5,0.8349204931220184,0.512,0.752,0.704,0.048
5,mahalanobis_diag,mean_std_3.0,nearest_sphere,ratio,1.0,1.1937774324277588,0.582,0.752,0.718,0.034
5,mahalanobis_diag,mean_std_3.0,nearest_sphere,ratio,2.0,1.9131289929136284,0.592,0.752,0.72,0.032
5,mahalanobis_diag,mean_std_3.0,nearest_sphere,inverse_margin,0.0,0.5212539191302797,0.432,0.752,0.688,0.064
5,mahalanobis_diag,mean_std_3.0,nearest_sphere,inverse_margin,0.25,1.160471103927397,0.612,0.752,0.724,0.028
5,mahalanobis_diag,mean_std_3.0,nearest_sphere,inverse_margin,0.5,1.7894908993442895,0.602,0.752,0.722,0.03
5,mahalanobis_diag,mean_std_3.0,nearest_sphere,inverse_margin,1.0,3.055929594669701,0.602,0.752,0.722,0.03
5,mahalanobis_diag,mean_std_3.0,nearest_sphere,inverse_margin,2.0,5.575972456773602,0.602,0.752,0.722,0.03
5,mahalanobis_diag,mean_std_3.0,nearest_sphere,max_ratio,0.0,0.5212539191302797,0.432,0.752,0.688,0.064
5,mahalanobis_diag,mean_std_3.0,nearest_sphere,max_ratio,0.25,0.5212539191302797,0.432,0.752,0.688,0.064
5,mahalanobis_diag,mean_std_3.0,nearest_sphere,max_ratio,0.5,0.5212539191302797,0.432,0.752,0.688,0.064
5,mahalanobis_diag,mean_std_3.0,nearest_sphere,max_ratio,1.0,0.7389376356917775,0.582,0.752,0.718,0.034
5,mahalanobis_diag,mean_std_3.0,nearest_sphere,max_ratio,2.0,1.4154212878912753,0.602,0.752,0.722,0.03
5,mahalanobis_diag,mean_std_3.0,normalized_union,none,0.0,0.49395116269749373,0.432,0.752,0.688,0.064
5,mahalanobis_diag,mean_std_3.0,normalized_union,none,0.25,0.49395116269749373,0.432,0.752,0.688,0.064
5,mahalanobis_diag,mean_std_3.0,normalized_union,none,0.5,0.49395116269749373,0.432,0.752,0.688,0.064
5,mahalanobis_diag,mean_std_3.0,normalized_union,none,1.0,0.49395116269749373,0.432,0.752,0.688,0.064
5,mahalanobis_diag,mean_std_3.0,normalized_union,none,2.0,0.49395116269749373,0.432,0.752,0.688,0.064
5,mahalanobis_diag,mean_std_3.0,normalized_union,ratio,0.0,0.49395116269749373,0.432,0.752,0.688,0.064
5,mahalanobis_diag,mean_std_3.0,normalized_union,ratio,0.25,0.6517955588297214,0.492,0.752,0.7,0.052
5,mahalanobis_diag,mean_std_3.0,normalized_union,ratio,0.5,0.8185974114703731,0.542,0.752,0.71,0.042
5,mahalanobis_diag,mean_std_3.0,normalized_union,ratio,1.0,1.1887879778510497,0.582,0.752,0.718,0.034
5,mahalanobis_diag,mean_std_3.0,normalized_union,ratio,2.0,1.9073703139937743,0.602,0.752,0.722,0.03
5,mahalanobis_diag,mean_std_3.0,normalized_union,inverse_margin,0.0,0.49395116269749373,0.432,0.752,0.688,0.064
5,mahalanobis_diag,mean_std_3.0,normalized_union,inverse_margin,0.25,1.1585174641955776,0.602,0.752,0.722,0.03
5,mahalanobis_diag,mean_std_3.0,normalized_union,inverse_margin,0.5,1.7886024407798495,0.592,0.752,0.72,0.032
5,mahalanobis_diag,mean_std_3.0,normalized_union,inverse_margin,1.0,3.055929594669701,0.602,0.752,0.722,0.03
5,mahalanobis_diag,mean_std_3.0,normalized_union,inverse_margin,2.0,5.575972456773602,0.602,0.752,0.722,0.03
5,mahalanobis_diag,mean_std_3.0,normalized_union,max_ratio,0.0,0.49395116269749373,0.432,0.752,0.688,0.064
5,mahalanobis_diag,mean_std_3.0,normalized_union,max_ratio,0.25,0.49395116269749373,0.432,0.752,0.688,0.064
5,mahalanobis_diag,mean_std_3.0,normalized_union,max_ratio,0.5,0.49470565230718777,0.422,0.752,0.686,0.066
5,mahalanobis_diag,mean_std_3.0,normalized_union,max_ratio,1.0,0.7379761701804152,0.572,0.752,0.716,0.036
5,mahalanobis_diag,mean_std_3.0,normalized_union,max_ratio,2.0,1.4154212878912753,0.602,0.752,0.722,0.03
5,mahalanobis_diag,center_quantile_0.5,nearest_sphere,none,0.0,1.13916203924462,0.392,0.752,0.68,0.072
5,mahalanobis_diag,center_quantile_0.5,nearest_sphere,none,0.25,1.13916203924462,0.392,0.752,0.68,0.072
5,mahalanobis_diag,center_quantile_0.5,nearest_sphere,none,0.5,1.13916203924462,0.392,0.752,0.68,0.072
5,mahalanobis_diag,center_quantile_0.5,nearest_sphere,none,1.0,1.13916203924462,0.392,0.752,0.68,0.072
5,mahalanobis_diag,center_quantile_0.5,nearest_sphere,none,2.0,1.13916203924462,0.392,0.752,0.68,0.072
5,mahalanobis_diag,center_quantile_0.5,nearest_sphere,ratio,0.0,1.13916203924462,0.392,0.752,0.68,0.072
5,mahalanobis_diag,center_quantile_0.5,nearest_sphere,ratio,0.25,1.2867514472086994,0.452,0.752,0.692,0.06
5,mahalanobis_diag,center_quantile_0.5,nearest_sphere,ratio,0.5,1.4430180770891168,0.482,0.752,0.698,0.054
5,mahalanobis_diag,center_quantile_0.5,nearest_sphere,ratio,1.0,1.7607482693632668,0.512,0.752,0.704,0.048
5,mahalanobis_diag,center_quantile_0.5,nearest_sphere,ratio,2.0,2.4716376336557504,0.572,0.752,0.716,0.036
5,mahalanobis_diag,center_quantile_0.5,nearest_sphere,inverse_margin,0.0,1.13916203924462,0.392,0.752,0.68,0.072
5,mahalanobis_diag,center_quantile_0.5,nearest_sphere,inverse_margin,0.25,1.7231102678937729,0.582,0.752,0.718,0.034
5,mahalanobis_diag,center_quantile_0.5,nearest_sphere,inverse_margin,0.5,2.3410428283453113,0.592,0.752,0.72,0.032
5,mahalanobis_diag,center_quantile_0.5,nearest_sphere,inverse_margin,1.0,3.559248935190091,0.592,0.752,0.72,0.032
5,mahalanobis_diag,center_quantile_0.5,nearest_sphere,inverse_margin,2.0,5.9713274815167905,0.602,0.752,0.722,0.03
5,mahalanobis_diag,center_quantile_0.5,nearest_sphere,max_ratio,0.0,1.13916203924462,0.392,0.752,0.68,0.072
5,mahalanobis_diag,center_quantile_0.5,nearest_sphere,max_ratio,0.25,1.13916203924462,0.392,0.752,0.68,0.072
5,mahalanobis_diag,center_quantile_0.5,nearest_sphere,max_ratio,0.5,1.13916203924462,0.392,0.752,0.68,0.072
5,mahalanobis_diag,center_quantile_0.5,nearest_sphere,max_ratio,1.0,1.13916203924462,0.392,0.752,0.68,0.072
5,mahalanobis_diag,center_quantile_0.5,nearest_sphere,max_ratio,2.0,1.4657688857191178,0.562,0.752,0.714,0.038
5,mahalanobis_diag,center_quantile_0.5,normalized_union,none,0.0,1.0694893575800937,0.432,0.752,0.688,0.064
5,mahalanobis_diag,center_quantile_0.5,normalized_union,none,0.25,1.0694893575800937,0.432,0.752,0.688,0.064
5,mahalanobis_diag,center_quantile_0.5,normalized_union,none,0.5,1.0694893575800937,0.432,0.752,0.688,0.064
5,mahalanobis_diag,center_quantile_0.5,normalized_union,none,1.0,1.0694893575800937,0.432,0.752,0.688,0.064
5,mahalanobis_diag,center_quantile_0.5,normalized_union,none,2.0,1.0694893575800937,0.432,0.752,0.688,0.064
5,mahalanobis_diag,center_quantile_0.5,normalized_union,ratio,0.0,1.0694893575800937,0.432,0.752,0.688,0.064
5,mahalanobis_diag,center_quantile_0.5,normalized_union,ratio,0.25,1.2230317621304094,0.462,0.752,0.694,0.058
5,mahalanobis_diag,center_quantile_0.5,normalized_union,ratio,0.5,1.3745844579881512,0.502,0.752,0.702,0.05
5,mahalanobis_diag,center_quantile_0.5,normalized_union,ratio,1.0,1.720071782849599,0.552,0.752,0.712,0.04
5,mahalanobis_diag,center_quantile_0.5,normalized_union,ratio,2.0,2.437545811320816,0.582,0.752,0.718,0.034
5,mahalanobis_diag,center_quantile_0.5,normalized_union,inverse_margin,0.0,1.0694893575800937,0.432,0.752,0.688,0.064
5,mahalanobis_diag,center_quantile_0.5,normalized_union,inverse_margin,0.25,1.7062545250318104,0.592,0.752,0.72,0.032
5,mahalanobis_diag,center_quantile_0.5,normalized_union,inverse_margin,0.5,2.3136664080039657,0.592,0.752,0.72,0.032
5,mahalanobis_diag,center_quantile_0.5,normalized_union,inverse_margin,1.0,3.51419883001365,0.602,0.752,0.722,0.03
5,mahalanobis_diag,center_quantile_0.5,normalized_union,inverse_margin,2.0,5.9713274815167905,0.602,0.752,0.722,0.03
5,mahalanobis_diag,center_quantile_0.5,normalized_union,max_ratio,0.0,1.0694893575800937,0.432,0.752,0.688,0.064
5,mahalanobis_diag,center_quantile_0.5,normalized_union,max_ratio,0.25,1.0694893575800937,0.432,0.752,0.688,0.064
5,mahalanobis_diag,center_quantile_0.5,normalized_union,max_ratio,0.5,1.0694893575800937,0.432,0.752,0.688,0.064
5,mahalanobis_diag,center_quantile_0.5,normalized_union,max_ratio,1.0,1.0694893575800937,0.432,0.752,0.688,0.064
5,mahalanobis_diag,center_quantile_0.5,normalized_union,max_ratio,2.0,1.456609942340305,0.582,0.752,0.718,0.034
5,mahalanobis_diag,intent_quantile_0.5,nearest_sphere,none,0.0,1.1699283425929878,0.432,0.752,0.688,0.064
5,mahalanobis_diag,intent_quantile_0.5,nearest_sphere,none,0.25,1.1699283425929878,0.432,0.752,0.688,0.064
5,mahalanobis_diag,intent_quantile_0.5,nearest_sphere,none,0.5,1.1699283425929878,0.432,0.752,0.688,0.064
5,mahalanobis_diag,intent_quantile_0.5,nearest_sphere,none,1.0,1.1699283425929878,0.432,0.752,0.688,0.064
5,mahalanobis_diag,intent_quantile_0.5,nearest_sphere,none,2.0,1.1699283425929878,0.432,0.752,0.688,0.064
5,mahalanobis_diag,intent_quantile_0.5,nearest_sphere,ratio,0.0,1.1699283425929878,0.432,0.752,0.688,0.064
5,mahalanobis_diag,intent_quantile_0.5,nearest_sphere,ratio,0.25,1.3149440495009934,0.452,0.752,0.692,0.06
5,mahalanobis_diag,intent_quantile_0.5,nearest_sphere,ratio,0.5,1.4607219719578715,0.462,0.752,0.694,0.058
5,mahalanobis_diag,intent_quantile_0.5,nearest_sphere,ratio,1.0,1.8043111014148279,0.512,0.752,0.704,0.048
5,mahalanobis_diag,intent_quantile_0.5,nearest_sphere,ratio,2.0,2.520611713080353,0.562,0.752,0.714,0.038
5,mahalanobis_diag,intent_quantile_0.5,nearest_sphere,inverse_margin,0.0,1.1699283425929878,0.432,0.752,0.688,0.064
5,mahalanobis_diag,intent_quantile_0.5,nearest_sphere,inverse_margin,0.25,1.8057681313436185,0.592,0.752,0.72,0.032
5,mahalanobis_diag,intent_quantile_0.5,nearest_sphere,inverse_margin,0.5,2.4116440441783205,0.592,0.752,0.72,0.032
5,mahalanobis_diag,intent_quantile_0.5,nearest_sphere,inverse_margin,1.0,3.7086788990745827,0.592,0.752,0.72,0.032
5,mahalanobis_diag,intent_quantile_0.5,nearest_sphere,inverse_margin,2.0,6.1336700226574,0.602,0.752,0.722,0.03
5,mahalanobis_diag,intent_quantile_0.5,nearest_sphere,max_ratio,0.0,1.1699283425929878,0.432,0.752,0.688,0.064
5,mahalanobis_diag,intent_quantile_0.5,nearest_sphere,max_ratio,0.25,1.1699283425929878,0.432,0.752,0.688,0.064
5,mahalanobis_diag,intent_quantile_0.5,nearest_sphere,max_ratio,0.5,1.1699283425929878,0.432,0.752,0.688,0.064
5,mahalanobis_diag,intent_quantile_0.5,nearest_sphere,max_ratio,1.0,1.1699283425929878,0.432,0.752,0.688,0.064
5,mahalanobis_diag,intent_quantile_0.5,nearest_sphere,max_ratio,2.0,1.4800579879302715,0.582,0.752,0.718,0.034
5,mahalanobis_diag,intent_quantile_0.5,normalized_union,none,0.0,1.1699283425929878,0.412,0.752,0.684,0.068
5,mahalanobis_diag,intent_quantile_0.5,normalized_union,none,0.25,1.1699283425929878,0.412,0.752,0.684,0.068
5,mahalanobis_diag,intent_quantile_0.5,normalized_union,none,0.5,1.1699283425929878,0.412,0.752,0.684,0.068
5,mahalanobis_diag,intent_quantile_0.5,normalized_union,none,1.0,1.1699283425929878,0.412,0.752,0.684,0.068
5,mahalanobis_diag,intent_quantile_0.5,normalized_union,none,2.0,1.1699283425929878,0.412,0.752,0.684,0.068
5,mahalanobis_diag,intent_quantile_0.5,normalized_union,ratio,0.0,1.1699283425929878,0.412,0.752,0.684,0.068
5,mahalanobis_diag,intent_quantile_0.5,normalized_union,ratio,0.25,1.3124686174789613,0.442,0.752,0.69,0.062
5,mahalanobis_diag,intent_quantile_0.5,normalized_union,ratio,0.5,1.4607219719578715,0.462,0.752,0.694,0.058
5,mahalanobis_diag,intent_quantile_0.5,normalized_union,ratio,1.0,1.8043111014148279,0.512,0.752,0.704,0.048
5,mahalanobis_diag,intent_quantile_0.5,normalized_union,ratio,2.0,2.520611713080353,0.562,0.752,0.714,0.038
5,mahalanobis_diag,intent_quantile_0.5,normalized_union,inverse_margin,0.0,1.1699283425929878,0.412,0.752,0.684,0.068
5,mahalanobis_diag,intent_quantile_0.5,normalized_union,inverse_margin,0.25,1.8057681313436185,0.592,0.752,0.72,0.032
5,mahalanobis_diag,intent_quantile_0.5,normalized_union,inverse_margin,0.5,2.4116440441783205,0.592,0.752,0.72,0.032
5,mahalanobis_diag,intent_quantile_0.5,normalized_union,inverse_margin,1.0,3.7086788990745827,0.592,0.752,0.72,0.032
5,mahalanobis_diag,intent_quantile_0.5,normalized_union,inverse_margin,2.0,6.1336700226574,0.602,0.752,0.722,0.03
5,mahalanobis_diag,intent_quantile_0.5,normalized_union,max_ratio,0.0,1.1699283425929878,0.412,0.752,0.684,0.068
5,mahalanobis_diag,intent_quantile_0.5,normalized_union,max_ratio,0.25,1.1699283425929878,0.412,0.752,0.684,0.068
5,mahalanobis_diag,intent_quantile_0.5,normalized_union,max_ratio,0.5,1.1699283425929878,0.412,0.752,0.684,0.068
5,mahalanobis_diag,intent_quantile_0.5,normalized_union,max_ratio,1.0,1.1699283425929878,0.412,0.752,0.684,0.068
5,mahalanobis_diag,intent_quantile_0.5,normalized_union,max_ratio,2.0,1.4800579879302715,0.582,0.752,0.718,0.034
5,mahalanobis_diag,center_quantile_0.7,nearest_sphere,none,0.0,1.040261025626505,0.382,0.752,0.678,0.074
5,mahalanobis_diag,center_quantile_0.7,nearest_sphere,none,0.25,1.040261025626505,0.382,0.752,0.678,0.074
5,mahalanobis_diag,center_quantile_0.7,nearest_sphere,none,0.5,1.040261025626505,0.382,0.752,0.678,0.074
5,mahalanobis_diag,center_quantile_0.7,nearest_sphere,none,1.0,1.040261025626505,0.382,0.752,0.678,0.074
5,mahalanobis_diag,center_quantile_0.7,nearest_sphere,none,2.0,1.040261025626505,0.382,0.752,0.678,0.074
5,mahalanobis_diag,center_quantile_0.7,nearest_sphere,ratio,0.0,1.040261025626505,0.382,0.752,0.678,0.074
5,mahalanobis_diag,center_quantile_0.7,nearest_sphere,ratio,0.25,1.1844270104353207,0.412,0.752,0.684,0.068
5,mahalanobis_diag,center_quantile_0.7,nearest_sphere,ratio,0.5,1.3421728113163514,0.462,0.752,0.694,0.058
5,mahalanobis_diag,center_quantile_0.7,nearest_sphere,ratio,1.0,1.6641242659484612,0.522,0.752,0.706,0.046
5,mahalanobis_diag,center_quantile_0.7,nearest_sphere,ratio,2.0,2.3614664768602864,0.562,0.752,0.714,0.038
5,mahalanobis_diag,center_quantile_0.7,nearest_sphere,inverse_margin,0.0,1.040261025626505,0.382,0.752,0.678,0.074
5,mahalanobis_diag,center_quantile_0.7,nearest_sphere,inverse_margin,0.25,1.6267233420128324,0.592,0.752,0.72,0.032
5,mahalanobis_diag,center_quantile_0.7,nearest_sphere,inverse_margin,0.5,2.273174582863968,0.592,0.752,0.72,0.032
5,mahalanobis_diag,center_quantile_0.7,nearest_sphere,inverse_margin,1.0,3.473928423364678,0.592,0.752,0.72,0.032
5,mahalanobis_diag,center_quantile_0.7,nearest_sphere,inverse_margin,2.0,5.937560643902339,0.602,0.752,0.722,0.03
5,mahalanobis_diag,center_quantile_0.7,nearest_sphere,max_ratio,0.0,1.040261025626505,0.382,0.752,0.678,0.074
5,mahalanobis_diag,center_quantile_0.7,nearest_sphere,max_ratio,0.25,1.040261025626505,0.382,0.752,0.678,0.074
5,mahalanobis_diag,center_quantile_0.7,nearest_sphere,max_ratio,0.5,1.040261025626505,0.382,0.752,0.678,0.074
5,mahalanobis_diag,center_quantile_0.7,nearest_sphere,max_ratio,1.0,1.040261025626505,0.382,0.752,0.678,0.074
5,mahalanobis_diag,center_quantile_0.7,nearest_sphere,max_ratio,2.0,1.4515950248745733,0.592,0.752,0.72,0.032
5,mahalanobis_diag,center_quantile_0.7,normalized_union,none,0.0,0.9680428434149521,0.422,0.752,0.686,0.066
5,mahalanobis_diag,center_quantile_0.7,normalized_union,none,0.25,0.9680428434149521,0.422,0.752,0.686,0.066
5,mahalanobis_diag,center_quantile_0.7,normalized_union,none,0.5,0.9680428434149521,0.422,0.752,0.686,0.066
5,mahalanobis_diag,center_quantile_0.7,normalized_union,none,1.0,0.9680428434149521,0.422,0.752,0.686,0.066
5,mahalanobis_diag,center_quantile_0.7,normalized_union,none,2.0,0.9680428434149521,0.422,0.752,0.686,0.066
5,mahalanobis_diag,center_quantile_0.7,normalized_union,ratio,0.0,0.9680428434149521,0.422,0.752,0.686,0.066
5,mahalanobis_diag,center_quantile_0.7,normalized_union,ratio,0.25,1.1162377116796414,0.462,0.752,0.694,0.058
5,mahalanobis_diag,center_quantile_0.7,normalized_union,ratio,0.5,1.2633808448230768,0.532,0.752,0.708,0.044
5,mahalanobis_diag,center_quantile_0.7,normalized_union,ratio,1.0,1.6008682200768267,0.542,0.752,0.71,0.042
5,mahalanobis_diag,center_quantile_0.7,normalized_union,ratio,2.0,2.328467766644689,0.582,0.752,0.718,0.034
5,mahalanobis_diag,center_quantile_0.7,normalized_union,inverse_margin,0.0,0.9680428434149521,0.422,0.752,0.686,0.066
5,mahalanobis_diag,center_quantile_0.7,normalized_union,inverse_margin,0.25,1.561033882050587,0.592,0.752,0.72,0.032
5,mahalanobis_diag,center_quantile_0.7,normalized_union,inverse_margin,0.5,2.229915436935576,0.592,0.752,0.72,0.032
5,mahalanobis_diag,center_quantile_0.7,normalized_union,inverse_margin,1.0,3.4166141256031066,0.602,0.752,0.722,0.03
5,mahalanobis_diag,center_quantile_0.7,normalized_union,inverse_margin,2.0,5.937560643902339,0.602,0.752,0.722,0.03
5,mahalanobis_diag,center_quantile_0.7,normalized_union,max_ratio,0.0,0.9680428434149521,0.422,0.752,0.686,0.066
5,mahalanobis_diag,center_quantile_0.7,normalized_union,max_ratio,0.25,0.9680428434149521,0.422,0.752,0.686,0.066
5,mahalanobis_diag,center_quantile_0.7,normalized_union,max_ratio,0.5,0.9680428434149521,0.422,0.752,0.686,0.066
5,mahalanobis_diag,center_quantile_0.7,normalized_union,max_ratio,1.0,0.9687584681793594,0.442,0.752,0.69,0.062
5,mahalanobis_diag,center_quantile_0.7,normalized_union,max_ratio,2.0,1.4347375801816238,0.602,0.752,0.722,0.03
5,mahalanobis_diag,intent_quantile_0.7,nearest_sphere,none,0.0,1.0364238218513624,0.412,0.752,0.684,0.068
5,mahalanobis_diag,intent_quantile_0.7,nearest_sphere,none,0.25,1.0364238218513624,0.412,0.752,0.684,0.068
5,mahalanobis_diag,intent_quantile_0.7,nearest_sphere,none,0.5,1.0364238218513624,0.412,0.752,0.684,0.068
5,mahalanobis_diag,intent_quantile_0.7,nearest_sphere,none,1.0,1.0364238218513624,0.412,0.752,0.684,0.068
5,mahalanobis_diag,intent_quantile_0.7,nearest_sphere,none,2.0,1.0364238218513624,0.412,0.752,0.684,0.068
5,mahalanobis_diag,intent_quantile_0.7,nearest_sphere,ratio,0.0,1.0364238218513624,0.412,0.752,0.684,0.068
5,mahalanobis_diag,intent_quantile_0.7,nearest_sphere,ratio,0.25,1.1981784686826433,0.442,0.752,0.69,0.062
5,mahalanobis_diag,intent_quantile_0.7,nearest_sphere,ratio,0.5,1.336093918552085,0.462,0.752,0.694,0.058
5,mahalanobis_diag,intent_quantile_0.7,nearest_sphere,ratio,1.0,1.6951057195886652,0.532,0.752,0.708,0.044
5,mahalanobis_diag,intent_quantile_0.7,nearest_sphere,ratio,2.0,2.3985458417599013,0.552,0.752,0.712,0.04
5,mahalanobis_diag,intent_quantile_0.7,nearest_sphere,inverse_margin,0.0,1.0364238218513624,0.412,0.752,0.684,0.068
5,mahalanobis_diag,intent_quantile_0.7,nearest_sphere,inverse_margin,0.25,1.6801436439013933,0.612,0.752,0.724,0.028
5,mahalanobis_diag,intent_quantile_0.7,nearest_sphere,inverse_margin,0.5,2.299173380884117,0.592,0.752,0.72,0.032
5,mahalanobis_diag,intent_quantile_0.7,nearest_sphere,inverse_margin,1.0,3.5542263073117377,0.592,0.752,0.72,0.032
5,mahalanobis_diag,intent_quantile_0.7,nearest_sphere,inverse_margin,2.0,5.9493801571127705,0.602,0.752,0.722,0.03
5,mahalanobis_diag,intent_quantile_0.7,nearest_sphere,max_ratio,0.0,1.0364238218513624,0.412,0.752,0.684,0.068
5,mahalanobis_diag,intent_quantile_0.7,nearest_sphere,max_ratio,0.25,1.0364238218513624,0.412,0.752,0.684,0.068
5,mahalanobis_diag,intent_quantile_0.7,nearest_sphere,max_ratio,0.5,1.0364238218513624,0.412,0.752,0.684,0.068
5,mahalanobis_diag,intent_quantile_0.7,nearest_sphere,max_ratio,1.0,1.0364238218513624,0.412,0.752,0.684,0.068
5,mahalanobis_diag,intent_quantile_0.7,nearest_sphere,max_ratio,2.0,1.4640611503949552,0.572,0.752,0.716,0.036
5,mahalanobis_diag,intent_quantile_0.7,normalized_union,none,0.0,1.0364238218513624,0.412,0.752,0.684,0.068
5,mahalanobis_diag,intent_quantile_0.7,normalized_union,none,0.25,1.0364238218513624,0.412,0.752,0.684,0.068
5,mahalanobis_diag,intent_quantile_0.7,normalized_union,none,0.5,1.0364238218513624,0.412,0.752,0.684,0.068
5,mahalanobis_diag,intent_quantile_0.7,normalized_union,none,1.0,1.0364238218513624,0.412,0.752,0.684,0.068
5,mahalanobis_diag,intent_quantile_0.7,normalized_union,none,2.0,1.0364238218513624,0.412,0.752,0.684,0.068
5,mahalanobis_diag,intent_quantile_0.7,normalized_union,ratio,0.0,1.0364238218513624,0.412,0.752,0.684,0.068
5,mahalanobis_diag,intent_quantile_0.7,normalized_union,ratio,0.25,1.1981784686826433,0.452,0.752,0.692,0.06
5,mahalanobis_diag,intent_quantile_0.7,normalized_union,ratio,0.5,1.336093918552085,0.462,0.752,0.694,0.058
5,mahalanobis_diag,intent_quantile_0.7,normalized_union,ratio,1.0,1.6951057195886652,0.532,0.752,0.708,0.044
5,mahalanobis_diag,intent_quantile_0.7,normalized_union,ratio,2.0,2.3985458417599013,0.552,0.752,0.712,0.04
5,mahalanobis_diag,intent_quantile_0.7,normalized_union,inverse_margin,0.0,1.0364238218513624,0.412,0.752,0.684,0.068
5,mahalanobis_diag,intent_quantile_0.7,normalized_union,inverse_margin,0.25,1.6801436439013933,0.612,0.752,0.724,0.028
5,mahalanobis_diag,intent_quantile_0.7,normalized_union,inverse_margin,0.5,2.299173380884117,0.592,0.752,0.72,0.032
5,mahalanobis_diag,intent_quantile_0.7,normalized_union,inverse_margin,1.0,3.5542263073117377,0.592,0.752,0.72,0.032
5,mahalanobis_diag,intent_quantile_0.7,normalized_union,inverse_margin,2.0,5.9493801571127705,0.602,0.752,0.722,0.03
5,mahalanobis_diag,intent_quantile_0.7,normalized_union,max_ratio,0.0,1.0364238218513624,0.412,0.752,0.684,0.068
5,mahalanobis_diag,intent_quantile_0.7,normalized_union,max_ratio,0.25,1.0364238218513624,0.412,0.752,0.684,0.068
5,mahalanobis_diag,intent_quantile_0.7,normalized_union,max_ratio,0.5,1.0364238218513624,0.412,0.752,0.684,0.068
5,mahalanobis_diag,intent_quantile_0.7,normalized_union,max_ratio,1.0,1.0364238218513624,0.412,0.752,0.684,0.068
5,mahalanobis_diag,intent_quantile_0.7,normalized_union,max_ratio,2.0,1.4640611503949552,0.572,0.752,0.716,0.036
5,mahalanobis_diag,center_quantile_0.8,nearest_sphere,none,0.0,0.97598646948368,0.372,0.752,0.676,0.076
5,mahalanobis_diag,center_quantile_0.8,nearest_sphere,none,0.25,0.97598646948368,0.372,0.752,0.676,0.076
5,mahalanobis_diag,center_quantile_0.8,nearest_sphere,none,0.5,0.97598646948368,0.372,0.752,0.676,0.076
5,mahalanobis_diag,center_quantile_0.8,nearest_sphere,none,1.0,0.97598646948368,0.372,0.752,0.676,0.076
5,mahalanobis_diag,center_quantile_0.8,nearest_sphere,none,2.0,0.97598646948368,0.372,0.752,0.676,0.076
5,mahalanobis_diag,center_quantile_0.8,nearest_sphere,ratio,0.0,0.97598646948368,0.372,0.752,0.676,0.076
5,mahalanobis_diag,center_quantile_0.8,nearest_sphere,ratio,0.25,1.1075519332039945,0.402,0.752,0.682,0.07
5,mahalanobis_diag,center_quantile_0.8,nearest_sphere,ratio,0.5,1.2688456818122376,0.472,0.752,0.696,0.056
5,mahalanobis_diag,center_quantile_0.8,nearest_sphere,ratio,1.0,1.5930567650031948,0.512,0.752,0.704,0.048
5,mahalanobis_diag,center_quantile_0.8,nearest_sphere,ratio,2.0,2.3015138390717436,0.562,0.752,0.714,0.038
5,mahalanobis_diag,center_quantile_0.8,nearest_sphere,inverse_margin,0.0,0.97598646948368,0.372,0.752,0.676,0.076
5,mahalanobis_diag,center_quantile_0.8,nearest_sphere,inverse_margin,0.25,1.5723443409377975,0.592,0.752,0.72,0.032
5,mahalanobis_diag,center_quantile_0.8,nearest_sphere,inverse_margin,0.5,2.1850149353323705,0.592,0.752,0.72,0.032
5,mahalanobis_diag,center_quantile_0.8,nearest_sphere,inverse_margin,1.0,3.3465413039339476,0.602,0.752,0.722,0.03
5,mahalanobis_diag,center_quantile_0.8,nearest_sphere,inverse_margin,2.0,5.878809544027176,0.612,0.752,0.724,0.028
5,mahalanobis_diag,center_quantile_0.8,nearest_sphere,max_ratio,0.0,0.97598646948368,0.372,0.752,0.676,0.076
5,mahalanobis_diag,center_quantile_0.8,nearest_sphere,max_ratio,0.25,0.97598646948368,0.372,0.752,0.676,0.076
5,mahalanobis_diag,center_quantile_0.8,nearest_sphere,max_ratio,0.5,0.97598646948368,0.372,0.752,0.676,0.076
5,mahalanobis_diag,center_quantile_0.8,nearest_sphere,max_ratio,1.0,0.9788783178151281,0.382,0.752,0.678,0.074
5,mahalanobis_diag,center_quantile_0.8,nearest_sphere,max_ratio,2.0,1.4347375801816238,0.602,0.752,0.722,0.03
5,mahalanobis_diag,center_quantile_0.8,normalized_union,none,0.0,0.8975676714585794,0.402,0.752,0.682,0.07
5,mahalanobis_diag,center_quantile_0.8,normalized_union,none,0.25,0.8975676714585794,0.402,0.752,0.682,0.07
5,mahalanobis_diag,center_quantile_0.8,normalized_union,none,0.5,0.8975676714585794,0.402,0.752,0.682,0.07
5,mahalanobis_diag,center_quantile_0.8,normalized_union,none,1.0,0.8975676714585794,0.402,0.752,0.682,0.07
5,mahalanobis_diag,center_quantile_0.8,normalized_union,none,2.0,0.8975676714585794,0.402,0.752,0.682,0.07
5,mahalanobis_diag,center_quantile_0.8,normalized_union,ratio,0.0,0.8975676714585794,0.402,0.752,0.682,0.07
5,mahalanobis_diag,center_quantile_0.8,normalized_union,ratio,0.25,1.0412389872552072,0.472,0.752,0.696,0.056
5,mahalanobis_diag,center_quantile_0.8,normalized_union,ratio,0.5,1.2039537225209715,0.502,0.752,0.702,0.05
5,mahalanobis_diag,center_quantile_0.8,normalized_union,ratio,1.0,1.540167601066877,0.552,0.752,0.712,0.04
5,mahalanobis_diag,center_quantile_0.8,normalized_union,ratio,2.0,2.252892351615862,0.592,0.752,0.72,0.032
5,mahalanobis_diag,center_quantile_0.8,normalized_union,inverse_margin,0.0,0.8975676714585794,0.402,0.752,0.682,0.07
5,mahalanobis_diag,center_quantile_0.8,normalized_union,inverse_margin,0.25,1.4658058506258036,0.592,0.752,0.72,0.032
5,mahalanobis_diag,center_quantile_0.8,normalized_union,inverse_margin,0.5,2.165480082185347,0.592,0.752,0.72,0.032
5,mahalanobis_diag,center_quantile_0.8,normalized_union,inverse_margin,1.0,3.3406298775943393,0.602,0.752,0.722,0.03
5,mahalanobis_diag,center_quantile_0.8,normalized_union,inverse_margin,2.0,5.878809544027176,0.612,0.752,0.724,0.028
5,mahalanobis_diag,center_quantile_0.8,normalized_union,max_ratio,0.0,0.8975676714585794,0.402,0.752,0.682,0.07
5,mahalanobis_diag,center_quantile_0.8,normalized_union,max_ratio,0.25,0.8975676714585794,0.402,0.752,0.682,0.07
5,mahalanobis_diag,center_quantile_0.8,normalized_union,max_ratio,0.5,0.8975676714585794,0.402,0.752,0.682,0.07
5,mahalanobis_diag,center_quantile_0.8,normalized_union,max_ratio,1.0,0.9156887027412004,0.462,0.752,0.694,0.058
5,mahalanobis_diag,center_quantile_0.8,normalized_union,max_ratio,2.0,1.4280082994084526,0.602,0.752,0.722,0.03
5,mahalanobis_diag,intent_quantile_0.8,nearest_sphere,none,0.0,0.9725846090696736,0.412,0.752,0.684,0.068
5,mahalanobis_diag,intent_quantile_0.8,nearest_sphere,none,0.25,0.9725846090696736,0.412,0.752,0.684,0.068
5,mahalanobis_diag,intent_quantile_0.8,nearest_sphere,none,0.5,0.9725846090696736,0.412,0.752,0.684,0.068
5,mahalanobis_diag,intent_quantile_0.8,nearest_sphere,none,1.0,0.9725846090696736,0.412,0.752,0.684,0.068
5,mahalanobis_diag,intent_quantile_0.8,nearest_sphere,none,2.0,0.9725846090696736,0.412,0.752,0.684,0.068
5,mahalanobis_diag,intent_quantile_0.8,nearest_sphere,ratio,0.0,0.9725846090696736,0.412,0.752,0.684,0.068
5,mahalanobis_diag,intent_quantile_0.8,nearest_sphere,ratio,0.25,1.1103740671796187,0.442,0.752,0.69,0.062
5,mahalanobis_diag,intent_quantile_0.8,nearest_sphere,ratio,0.5,1.2678728543967979,0.462,0.752,0.694,0.058
5,mahalanobis_diag,intent_quantile_0.8,nearest_sphere,ratio,1.0,1.626357056524372,0.522,0.752,0.706,0.046
5,mahalanobis_diag,intent_quantile_0.8,nearest_sphere,ratio,2.0,2.3261481452594124,0.552,0.752,0.712,0.04
5,mahalanobis_diag,intent_quantile_0.8,nearest_sphere,inverse_margin,0.0,0.9725846090696736,0.412,0.752,0.684,0.068
5,mahalanobis_diag,intent_quantile_0.8,nearest_sphere,inverse_margin,0.25,1.5895531308090962,0.612,0.752,0.724,0.028
5,mahalanobis_diag,intent_quantile_0.8,nearest_sphere,inverse_margin,0.5,2.2218886614211386,0.602,0.752,0.722,0.03
5,mahalanobis_diag,intent_quantile_0.8,nearest_sphere,inverse_margin,1.0,3.4379193684009586,0.592,0.752,0.72,0.032
5,mahalanobis_diag,intent_quantile_0.8,nearest_sphere,inverse_margin,2.0,5.825646205123698,0.602,0.752,0.722,0.03
5,mahalanobis_diag,intent_quantile_0.8,nearest_sphere,max_ratio,0.0,0.9725846090696736,0.412,0.752,0.684,0.068
5,mahalanobis_diag,intent_quantile_0.8,nearest_sphere,max_ratio,0.25,0.9725846090696736,0.412,0.752,0.684,0.068
5,mahalanobis_diag,intent_quantile_0.8,nearest_sphere,max_ratio,0.5,0.9725846090696736,0.412,0.752,0.684,0.068
5,mahalanobis_diag,intent_quantile_0.8,nearest_sphere,max_ratio,1.0,0.9789271782058929,0.422,0.752,0.686,0.066
5,mahalanobis_diag,intent_quantile_0.8,nearest_sphere,max_ratio,2.0,1.456609942340305,0.582,0.752,0.718,0.034
5,mahalanobis_diag,intent_quantile_0.8,normalized_union,none,0.0,0.9725846090696736,0.412,0.752,0.684,0.068
5,mahalanobis_diag,intent_quantile_0.8,normalized_union,none,0.25,0.9725846090696736,0.412,0.752,0.684,0.068
5,mahalanobis_diag,intent_quantile_0.8,normalized_union,none,0.5,0.9725846090696736,0.412,0.752,0.684,0.068
5,mahalanobis_diag,intent_quantile_0.8,normalized_union,none,1.0,0.9725846090696736,0.412,0.752,0.684,0.068
5,mahalanobis_diag,intent_quantile_0.8,normalized_union,none,2.0,0.9725846090696736,0.412,0.752,0.684,0.068
5,mahalanobis_diag,intent_quantile_0.8,normalized_union,ratio,0.0,0.9725846090696736,0.412,0.752,0.684,0.068
5,mahalanobis_diag,intent_quantile_0.8,normalized_union,ratio,0.25,1.1103740671796187,0.452,0.752,0.692,0.06
5,mahalanobis_diag,intent_quantile_0.8,normalized_union,ratio,0.5,1.2678728543967979,0.462,0.752,0.694,0.058
5,mahalanobis_diag,intent_quantile_0.8,normalized_union,ratio,1.0,1.626357056524372,0.522,0.752,0.706,0.046
5,mahalanobis_diag,intent_quantile_0.8,normalized_union,ratio,2.0,2.3261481452594124,0.552,0.752,0.712,0.04
5,mahalanobis_diag,intent_quantile_0.8,normalized_union,inverse_margin,0.0,0.9725846090696736,0.412,0.752,0.684,0.068
5,mahalanobis_diag,intent_quantile_0.8,normalized_union,inverse_margin,0.25,1.5895531308090962,0.612,0.752,0.724,0.028
5,mahalanobis_diag,intent_quantile_0.8,normalized_union,inverse_margin,0.5,2.2218886614211386,0.602,0.752,0.722,0.03
5,mahalanobis_diag,intent_quantile_0.8,normalized_union,inverse_margin,1.0,3.4379193684009586,0.592,0.752,0.72,0.032
5,mahalanobis_diag,intent_quantile_0.8,normalized_union,inverse_margin,2.0,5.825646205123698,0.602,0.752,0.722,0.03
5,mahalanobis_diag,intent_quantile_0.8,normalized_union,max_ratio,0.0,0.9725846090696736,0.412,0.752,0.684,0.068
5,mahalanobis_diag,intent_quantile_0.8,normalized_union,max_ratio,0.25,0.9725846090696736,0.412,0.752,0.684,0.068
5,mahalanobis_diag,intent_quantile_0.8,normalized_union,max_ratio,0.5,0.9725846090696736,0.412,0.752,0.684,0.068
5,mahalanobis_diag,intent_quantile_0.8,normalized_union,max_ratio,1.0,0.9789271782058929,0.412,0.752,0.684,0.068
5,mahalanobis_diag,intent_quantile_0.8,normalized_union,max_ratio,2.0,1.456609942340305,0.582,0.752,0.718,0.034
5,mahalanobis_diag,center_quantile_0.9,nearest_sphere,none,0.0,0.8922027015618302,0.352,0.752,0.672,0.08
5,mahalanobis_diag,center_quantile_0.9,nearest_sphere,none,0.25,0.8922027015618302,0.352,0.752,0.672,0.08
5,mahalanobis_diag,center_quantile_0.9,nearest_sphere,none,0.5,0.8922027015618302,0.352,0.752,0.672,0.08
5,mahalanobis_diag,center_quantile_0.9,nearest_sphere,none,1.0,0.8922027015618302,0.352,0.752,0.672,0.08
5,mahalanobis_diag,center_quantile_0.9,nearest_sphere,none,2.0,0.8922027015618302,0.352,0.752,0.672,0.08
5,mahalanobis_diag,center_quantile_0.9,nearest_sphere,ratio,0.0,0.8922027015618302,0.352,0.752,0.672,0.08
5,mahalanobis_diag,center_quantile_0.9,nearest_sphere,ratio,0.25,1.0310536785280582,0.432,0.752,0.688,0.064
5,mahalanobis_diag,center_quantile_0.9,nearest_sphere,ratio,0.5,1.1901089798287303,0.492,0.752,0.7,0.052
5,mahalanobis_diag,center_quantile_0.9,nearest_sphere,ratio,1.0,1.5159188916959174,0.512,0.752,0.704,0.048
5,mahalanobis_diag,center_quantile_0.9,nearest_sphere,ratio,2.0,2.208150706537878,0.582,0.752,0.718,0.034
5,mahalanobis_diag,center_quantile_0.9,nearest_sphere,inverse_margin,0.0,0.8922027015618302,0.352,0.752,0.672,0.08
5,mahalanobis_diag,center_quantile_0.9,nearest_sphere,inverse_margin,0.25,1.4885877521472417,0.592,0.752,0.72,0.032
5,mahalanobis_diag,center_quantile_0.9,nearest_sphere,inverse_margin,0.5,2.1317936411712126,0.592,0.752,0.72,0.032
5,mahalanobis_diag,center_quantile_0.9,nearest_sphere,inverse_margin,1.0,3.259222441460982,0.602,0.752,0.722,0.03
5,mahalanobis_diag,center_quantile_0.9,nearest_sphere,inverse_margin,2.0,5.791997493207779,0.612,0.752,0.724,0.028
5,mahalanobis_diag,center_quantile_0.9,nearest_sphere,max_ratio,0.0,0.8922027015618302,0.352,0.752,0.672,0.08
5,mahalanobis_diag,center_quantile_0.9,nearest_sphere,max_ratio,0.25,0.8922027015618302,0.352,0.752,0.672,0.08
5,mahalanobis_diag,center_quantile_0.9,nearest_sphere,max_ratio,0.5,0.8922027015618302,0.352,0.752,0.672,0.08
5,mahalanobis_diag,center_quantile_0.9,nearest_sphere,max_ratio,1.0,0.9088551052699089,0.392,0.752,0.68,0.072
5,mahalanobis_diag,center_quantile_0.9,nearest_sphere,max_ratio,2.0,1.4162631696234458,0.602,0.752,0.722,0.03
5,mahalanobis_diag,center_quantile_0.9,normalized_union,none,0.0,0.8028218279615535,0.432,0.752,0.688,0.064
5,mahalanobis_diag,center_quantile_0.9,normalized_union,none,0.25,0.8028218279615535,0.432,0.752,0.688,0.064
5,mahalanobis_diag,center_quantile_0.9,normalized_union,none,0.5,0.8028218279615535,0.432,0.752,0.688,0.064
5,mahalanobis_diag,center_quantile_0.9,normalized_union,none,1.0,0.8028218279615535,0.432,0.752,0.688,0.064
5,mahalanobis_diag,center_quantile_0.9,normalized_union,none,2.0,0.8028218279615535,0.432,0.752,0.688,0.064
5,mahalanobis_diag,center_quantile_0.9,normalized_union,ratio,0.0,0.8028218279615535,0.432,0.752,0.688,0.064
5,mahalanobis_diag,center_quantile_0.9,normalized_union,ratio,0.25,0.9466623642392513,0.482,0.752,0.698,0.054
5,mahalanobis_diag,center_quantile_0.9,normalized_union,ratio,0.5,1.107421683027929,0.502,0.752,0.702,0.05
5,mahalanobis_diag,center_quantile_0.9,normalized_union,ratio,1.0,1.4586073454997353,0.552,0.752,0.712,0.04
5,mahalanobis_diag,center_quantile_0.9,normalized_union,ratio,2.0,2.150375740523731,0.592,0.752,0.72,0.032
5,mahalanobis_diag,center_quantile_0.9,normalized_union,inverse_margin,0.0,0.8028218279615535,0.432,0.752,0.688,0.064
5,mahalanobis_diag,center_quantile_0.9,normalized_union,inverse_margin,0.25,1.3766919388988546,0.592,0.752,0.72,0.032
5,mahalanobis_diag,center_quantile_0.9,normalized_union,inverse_margin,0.5,2.0786123939237138,0.592,0.752,0.72,0.032
5,mahalanobis_diag,center_quantile_0.9,normalized_union,inverse_margin,1.0,3.2538178267749434,0.602,0.752,0.722,0.03
5,mahalanobis_diag,center_quantile_0.9,normalized_union,inverse_margin,2.0,5.791997493207779,0.612,0.752,0.724,0.028
5,mahalanobis_diag,center_quantile_0.9,normalized_union,max_ratio,0.0,0.8028218279615535,0.432,0.752,0.688,0.064
5,mahalanobis_diag,center_quantile_0.9,normalized_union,max_ratio,0.25,0.8028218279615535,0.432,0.752,0.688,0.064
5,mahalanobis_diag,center_quantile_0.9,normalized_union,max_ratio,0.5,0.8028218279615535,0.432,0.752,0.688,0.064
5,mahalanobis_diag,center_quantile_0.9,normalized_union,max_ratio,1.0,0.8352713865483902,0.512,0.752,0.704,0.048
5,mahalanobis_diag,center_quantile_0.9,normalized_union,max_ratio,2.0,1.4154212878912753,0.602,0.752,0.722,0.03
5,mahalanobis_diag,intent_quantile_0.9,nearest_sphere,none,0.0,0.8673125333684879,0.412,0.752,0.684,0.068
5,mahalanobis_diag,intent_quantile_0.9,nearest_sphere,none,0.25,0.8673125333684879,0.412,0.752,0.684,0.068
5,mahalanobis_diag,intent_quantile_0.9,nearest_sphere,none,0.5,0.8673125333684879,0.412,0.752,0.684,0.068
5,mahalanobis_diag,intent_quantile_0.9,nearest_sphere,none,1.0,0.8673125333684879,0.412,0.752,0.684,0.068
5,mahalanobis_diag,intent_quantile_0.9,nearest_sphere,none,2.0,0.8673125333684879,0.412,0.752,0.684,0.068
5,mahalanobis_diag,intent_quantile_0.9,nearest_sphere,ratio,0.0,0.8673125333684879,0.412,0.752,0.684,0.068
5,mahalanobis_diag,intent_quantile_0.9,nearest_sphere,ratio,0.25,1.0007993362983472,0.442,0.752,0.69,0.062
5,mahalanobis_diag,intent_quantile_0.9,nearest_sphere,ratio,0.5,1.1605031143447204,0.462,0.752,0.694,0.058
5,mahalanobis_diag,intent_quantile_0.9,nearest_sphere,ratio,1.0,1.5158061949740422,0.532,0.752,0.708,0.044
5,mahalanobis_diag,intent_quantile_0.9,nearest_sphere,ratio,2.0,2.231347485241351,0.572,0.752,0.716,0.036
5,mahalanobis_diag,intent_quantile_0.9,nearest_sphere,inverse_margin,0.0,0.8673125333684879,0.412,0.752,0.684,0.068
5,mahalanobis_diag,intent_quantile_0.9,nearest_sphere,inverse_margin,0.25,1.484999761888742,0.612,0.752,0.724,0.028
5,mahalanobis_diag,intent_quantile_0.9,nearest_sphere,inverse_margin,0.5,2.11302101731484,0.592,0.752,0.72,0.032
5,mahalanobis_diag,intent_quantile_0.9,nearest_sphere,inverse_margin,1.0,3.3202443071750967,0.592,0.752,0.72,0.032
5,mahalanobis_diag,intent_quantile_0.9,nearest_sphere,inverse_margin,2.0,5.768527026626094,0.602,0.752,0.722,0.03
5,mahalanobis_diag,intent_quantile_0.9,nearest_sphere,max_ratio,0.0,0.8673125333684879,0.412,0.752,0.684,0.068
5,mahalanobis_diag,intent_quantile_0.9,nearest_sphere,max_ratio,0.25,0.8673125333684879,0.412,0.752,0.684,0.068
5,mahalanobis_diag,intent_quantile_0.9,nearest_sphere,max_ratio,0.5,0.8673125333684879,0.412,0.752,0.684,0.068
5,mahalanobis_diag,intent_quantile_0.9,nearest_sphere,max_ratio,1.0,0.8958974921251606,0.462,0.752,0.694,0.058
5,mahalanobis_diag,intent_quantile_0.9,nearest_sphere,max_ratio,2.0,1.4347375801816238,0.602,0.752,0.722,0.03
5,mahalanobis_diag,intent_quantile_0.9,normalized_union,none,0.0,0.8673125333684879,0.422,0.752,0.686,0.066
5,mahalanobis_diag,intent_quantile_0.9,normalized_union,none,0.25,0.8673125333684879,0.422,0.752,0.686,0.066
5,mahalanobis_diag,intent_quantile_0.9,normalized_union,none,0.5,0.8673125333684879,0.422,0.752,0.686,0.066
5,mahalanobis_diag,intent_quantile_0.9,normalized_union,none,1.0,0.8673125333684879,0.422,0.752,0.686,0.066
5,mahalanobis_diag,intent_quantile_0.9,normalized_union,none,2.0,0.8673125333684879,0.422,0.752,0.686,0.066
5,mahalanobis_diag,intent_quantile_0.9,normalized_union,ratio,0.0,0.8673125333684879,0.422,0.752,0.686,0.066
5,mahalanobis_diag,intent_quantile_0.9,normalized_union,ratio,0.25,1.0007993362983472,0.452,0.752,0.692,0.06
5,mahalanobis_diag,intent_quantile_0.9,normalized_union,ratio,0.5,1.1605031143447204,0.462,0.752,0.694,0.058
5,mahalanobis_diag,intent_quantile_0.9,normalized_union,ratio,1.0,1.5158061949740422,0.532,0.752,0.708,0.044
5,mahalanobis_diag,intent_quantile_0.9,normalized_union,ratio,2.0,2.231347485241351,0.572,0.752,0.716,0.036
5,mahalanobis_diag,intent_quantile_0.9,normalized_union,inverse_margin,0.0,0.8673125333684879,0.422,0.752,0.686,0.066
5,mahalanobis_diag,intent_quantile_0.9,normalized_union,inverse_margin,0.25,1.484999761888742,0.612,0.752,0.724,0.028
5,mahalanobis_diag,intent_quantile_0.9,normalized_union,inverse_margin,0.5,2.11302101731484,0.592,0.752,0.72,0.032
5,mahalanobis_diag,intent_quantile_0.9,normalized_union,inverse_margin,1.0,3.3202443071750967,0.592,0.752,0.72,0.032
5,mahalanobis_diag,intent_quantile_0.9,normalized_union,inverse_margin,2.0,5.768527026626094,0.602,0.752,0.722,0.03
5,mahalanobis_diag,intent_quantile_0.9,normalized_union,max_ratio,0.0,0.8673125333684879,0.422,0.752,0.686,0.066
5,mahalanobis_diag,intent_quantile_0.9,normalized_union,max_ratio,0.25,0.8673125333684879,0.422,0.752,0.686,0.066
5,mahalanobis_diag,intent_quantile_0.9,normalized_union,max_ratio,0.5,0.8673125333684879,0.422,0.752,0.686,0.066
5,mahalanobis_diag,intent_quantile_0.9,normalized_union,max_ratio,1.0,0.8958974921251606,0.462,0.752,0.694,0.058
5,mahalanobis_diag,intent_quantile_0.9,normalized_union,max_ratio,2.0,1.4347375801816238,0.602,0.752,0.722,0.03
5,mahalanobis_diag,center_quantile_0.95,nearest_sphere,none,0.0,0.8411443649480834,0.362,0.752,0.674,0.078
5,mahalanobis_diag,center_quantile_0.95,nearest_sphere,none,0.25,0.8411443649480834,0.362,0.752,0.674,0.078
5,mahalanobis_diag,center_quantile_0.95,nearest_sphere,none,0.5,0.8411443649480834,0.362,0.752,0.674,0.078
5,mahalanobis_diag,center_quantile_0.95,nearest_sphere,none,1.0,0.8411443649480834,0.362,0.752,0.674,0.078
5,mahalanobis_diag,center_quantile_0.95,nearest_sphere,none,2.0,0.8411443649480834,0.362,0.752,0.674,0.078
5,mahalanobis_diag,center_quantile_0.95,nearest_sphere,ratio,0.0,0.8411443649480834,0.362,0.752,0.674,0.078
5,mahalanobis_diag,center_quantile_0.95,nearest_sphere,ratio,0.25,0.9729154451020696,0.412,0.752,0.684,0.068
5,mahalanobis_diag,center_quantile_0.95,nearest_sphere,ratio,0.5,1.1227548337170394,0.492,0.752,0.7,0.052
5,mahalanobis_diag,center_quantile_0.95,nearest_sphere,ratio,1.0,1.4598766753122732,0.522,0.752,0.706,0.046
5,mahalanobis_diag,center_quantile_0.95,nearest_sphere,ratio,2.0,2.162862614474732,0.582,0.752,0.718,0.034
5,mahalanobis_diag,center_quantile_0.95,nearest_sphere,inverse_margin,0.0,0.8411443649480834,0.362,0.752,0.674,0.078
5,mahalanobis_diag,center_quantile_0.95,nearest_sphere,inverse_margin,0.25,1.4267882222835673,0.592,0.752,0.72,0.032
5,mahalanobis_diag,center_quantile_0.95,nearest_sphere,inverse_margin,0.5,2.048890431550608,0.592,0.752,0.72,0.032
5,mahalanobis_diag,center_quantile_0.95,nearest_sphere,inverse_margin,1.0,3.180160792947654,0.602,0.752,0.722,0.03
5,mahalanobis_diag,center_quantile_0.95,nearest_sphere,inverse_margin,2.0,5.71834045938049,0.612,0.752,0.724,0.028
5,mahalanobis_diag,center_quantile_0.95,nearest_sphere,max_ratio,0.0,0.8411443649480834,0.362,0.752,0.674,0.078
5,mahalanobis_diag,center_quantile_0.95,nearest_sphere,max_ratio,0.25,0.8411443649480834,0.362,0.752,0.674,0.078
5,mahalanobis_diag,center_quantile_0.95,nearest_sphere,max_ratio,0.5,0.8411443649480834,0.362,0.752,0.674,0.078
5,mahalanobis_diag,center_quantile_0.95,nearest_sphere,max_ratio,1.0,0.8731599467478971,0.442,0.752,0.69,0.062
5,mahalanobis_diag,center_quantile_0.95,nearest_sphere,max_ratio,2.0,1.4154212878912753,0.602,0.752,0.722,0.03
5,mahalanobis_diag,center_quantile_0.95,normalized_union,none,0.0,0.7322827594635408,0.462,0.752,0.694,0.058
5,mahalanobis_diag,center_quantile_0.95,normalized_union,none,0.25,0.7322827594635408,0.462,0.752,0.694,0.058
5,mahalanobis_diag,center_quantile_0.95,normalized_union,none,0.5,0.7322827594635408,0.462,0.752,0.694,0.058
5,mahalanobis_diag,center_quantile_0.95,normalized_union,none,1.0,0.7322827594635408,0.462,0.752,0.694,0.058
5,mahalanobis_diag,center_quantile_0.95,normalized_union,none,2.0,0.7322827594635408,0.462,0.752,0.694,0.058
5,mahalanobis_diag,center_quantile_0.95,normalized_union,ratio,0.0,0.7322827594635408,0.462,0.752,0.694,0.058
5,mahalanobis_diag,center_quantile_0.95,normalized_union,ratio,0.25,0.8902420288954163,0.502,0.752,0.702,0.05
5,mahalanobis_diag,center_quantile_0.95,normalized_union,ratio,0.5,1.0509776951575087,0.532,0.752,0.708,0.044
5,mahalanobis_diag,center_quantile_0.95,normalized_union,ratio,1.0,1.4063503592249456,0.572,0.752,0.716,0.036
5,mahalanobis_diag,center_quantile_0.95,normalized_union,ratio,2.0,2.090245951910604,0.582,0.752,0.718,0.034
5,mahalanobis_diag,center_quantile_0.95,normalized_union,inverse_margin,0.0,0.7322827594635408,0.462,0.752,0.694,0.058
5,mahalanobis_diag,center_quantile_0.95,normalized_union,inverse_margin,0.25,1.307828306958572,0.592,0.752,0.72,0.032
5,mahalanobis_diag,center_quantile_0.95,normalized_union,inverse_margin,0.5,1.9340566204020901,0.592,0.752,0.72,0.032
5,mahalanobis_diag,center_quantile_0.95,normalized_union,inverse_margin,1.0,3.1733511027582986,0.602,0.752,0.722,0.03
5,mahalanobis_diag,center_quantile_0.95,normalized_union,inverse_margin,2.0,5.71834045938049,0.612,0.752,0.724,0.028
5,mahalanobis_diag,center_quantile_0.95,normalized_union,max_ratio,0.0,0.7322827594635408,0.462,0.752,0.694,0.058
5,mahalanobis_diag,center_quantile_0.95,normalized_union,max_ratio,0.25,0.7322827594635408,0.462,0.752,0.694,0.058
5,mahalanobis_diag,center_quantile_0.95,normalized_union,max_ratio,0.5,0.7322827594635408,0.462,0.752,0.694,0.058
5,mahalanobis_diag,center_quantile_0.95,normalized_union,max_ratio,1.0,0.7923190195118861,0.552,0.752,0.712,0.04
5,mahalanobis_diag,center_quantile_0.95,normalized_union,max_ratio,2.0,1.4154212878912753,0.602,0.752,0.722,0.03
5,mahalanobis_diag,intent_quantile_0.95,nearest_sphere,none,0.0,0.7702230302083182,0.412,0.752,0.684,0.068
5,mahalanobis_diag,intent_quantile_0.95,nearest_sphere,none,0.25,0.7702230302083182,0.412,0.752,0.684,0.068
5,mahalanobis_diag,intent_quantile_0.95,nearest_sphere,none,0.5,0.7702230302083182,0.412,0.752,0.684,0.068
5,mahalanobis_diag,intent_quantile_0.95,nearest_sphere,none,1.0,0.7702230302083182,0.412,0.752,0.684,0.068
5,mahalanobis_diag,intent_quantile_0.95,nearest_sphere,none,2.0,0.7702230302083182,0.412,0.752,0.684,0.068
5,mahalanobis_diag,intent_quantile_0.95,nearest_sphere,ratio,0.0,0.7702230302083182,0.412,0.752,0.684,0.068
5,mahalanobis_diag,intent_quantile_0.95,nearest_sphere,ratio,0.25,0.919080344086714,0.452,0.752,0.692,0.06
5,mahalanobis_diag,intent_quantile_0.95,nearest_sphere,ratio,0.5,1.0813666464668827,0.482,0.752,0.698,0.054
5,mahalanobis_diag,intent_quantile_0.95,nearest_sphere,ratio,1.0,1.434876612572676,0.552,0.752,0.712,0.04
5,mahalanobis_diag,intent_quantile_0.95,nearest_sphere,ratio,2.0,2.134807198476436,0.582,0.752,0.718,0.034
5,mahalanobis_diag,intent_quantile_0.95,nearest_sphere,inverse_margin,0.0,0.7702230302083182,0.412,0.752,0.684,0.068
5,mahalanobis_diag,intent_quantile_0.95,nearest_sphere,inverse_margin,0.25,1.3943802732930062,0.612,0.752,0.724,0.028
5,mahalanobis_diag,intent_quantile_0.95,nearest_sphere,inverse_margin,0.5,1.9954909800957803,0.592,0.752,0.72,0.032
5,mahalanobis_diag,intent_quantile_0.95,nearest_sphere,inverse_margin,1.0,3.270944428664755,0.592,0.752,0.72,0.032
5,mahalanobis_diag,intent_quantile_0.95,nearest_sphere,inverse_margin,2.0,5.723801398864918,0.602,0.752,0.722,0.03
5,mahalanobis_diag,intent_quantile_0.95,nearest_sphere,max_ratio,0.0,0.7702230302083182,0.412,0.752,0.684,0.068
5,mahalanobis_diag,intent_quantile_0.95,nearest_sphere,max_ratio,0.25,0.7702230302083182,0.412,0.752,0.684,0.068
5,mahalanobis_diag,intent_quantile_0.95,nearest_sphere,max_ratio,0.5,0.7702230302083182,0.412,0.752,0.684,0.068
5,mahalanobis_diag,intent_quantile_0.95,nearest_sphere,max_ratio,1.0,0.8354019711428246,0.522,0.752,0.706,0.046
5,mahalanobis_diag,intent_quantile_0.95,nearest_sphere,max_ratio,2.0,1.4280082994084526,0.602,0.752,0.722,0.03
5,mahalanobis_diag,intent_quantile_0.95,normalized_union,none,0.0,0.7702230302083182,0.412,0.752,0.684,0.068
5,mahalanobis_diag,intent_quantile_0.95,normalized_union,none,0.25,0.7702230302083182,0.412,0.752,0.684,0.068
5,mahalanobis_diag,intent_quantile_0.95,normalized_union,none,0.5,0.7702230302083182,0.412,0.752,0.684,0.068
5,mahalanobis_diag,intent_quantile_0.95,normalized_union,none,1.0,0.7702230302083182,0.412,0.752,0.684,0.068
5,mahalanobis_diag,intent_quantile_0.95,normalized_union,none,2.0,0.7702230302083182,0.412,0.752,0.684,0.068
5,mahalanobis_diag,intent_quantile_0.95,normalized_union,ratio,0.0,0.7702230302083182,0.412,0.752,0.684,0.068
5,mahalanobis_diag,intent_quantile_0.95,normalized_union,ratio,0.25,0.9186114473561343,0.452,0.752,0.692,0.06
5,mahalanobis_diag,intent_quantile_0.95,normalized_union,ratio,0.5,1.0813666464668827,0.482,0.752,0.698,0.054
5,mahalanobis_diag,intent_quantile_0.95,normalized_union,ratio,1.0,1.434876612572676,0.552,0.752,0.712,0.04
5,mahalanobis_diag,intent_quantile_0.95,normalized_union,ratio,2.0,2.134807198476436,0.582,0.752,0.718,0.034
5,mahalanobis_diag,intent_quantile_0.95,normalized_union,inverse_margin,0.0,0.7702230302083182,0.412,0.752,0.684,0.068
5,mahalanobis_diag,intent_quantile_0.95,normalized_union,inverse_margin,0.25,1.3943802732930062,0.612,0.752,0.724,0.028
5,mahalanobis_diag,intent_quantile_0.95,normalized_union,inverse_margin,0.5,1.9954909800957803,0.592,0.752,0.72,0.032
5,mahalanobis_diag,intent_quantile_0.95,normalized_union,inverse_margin,1.0,3.270944428664755,0.592,0.752,0.72,0.032
5,mahalanobis_diag,intent_quantile_0.95,normalized_union,inverse_margin,2.0,5.723801398864918,0.602,0.752,0.722,0.03
5,mahalanobis_diag,intent_quantile_0.95,normalized_union,max_ratio,0.0,0.7702230302083182,0.412,0.752,0.684,0.068
5,mahalanobis_diag,intent_quantile_0.95,normalized_union,max_ratio,0.25,0.7702230302083182,0.412,0.752,0.684,0.068
5,mahalanobis_diag,intent_quantile_0.95,normalized_union,max_ratio,0.5,0.7702230302083182,0.412,0.752,0.684,0.068
5,mahalanobis_diag,intent_quantile_0.95,normalized_union,max_ratio,1.0,0.8354019711428246,0.522,0.752,0.706,0.046
5,mahalanobis_diag,intent_quantile_0.95,normalized_union,max_ratio,2.0,1.4280082994084526,0.602,0.752,0.722,0.03
5,mahalanobis_diag,center_quantile_0.99,nearest_sphere,none,0.0,0.7659749576712832,0.322,0.752,0.666,0.086
5,mahalanobis_diag,center_quantile_0.99,nearest_sphere,none,0.25,0.7659749576712832,0.322,0.752,0.666,0.086
5,mahalanobis_diag,center_quantile_0.99,nearest_sphere,none,0.5,0.7659749576712832,0.322,0.752,0.666,0.086
5,mahalanobis_diag,center_quantile_0.99,nearest_sphere,none,1.0,0.7659749576712832,0.322,0.752,0.666,0.086
5,mahalanobis_diag,center_quantile_0.99,nearest_sphere,none,2.0,0.7659749576712832,0.322,0.752,0.666,0.086
5,mahalanobis_diag,center_quantile_0.99,nearest_sphere,ratio,0.0,0.7659749576712832,0.322,0.752,0.666,0.086
5,mahalanobis_diag,center_quantile_0.99,nearest_sphere,ratio,0.25,0.9028914540404392,0.382,0.752,0.678,0.074
5,mahalanobis_diag,center_quantile_0.99,nearest_sphere,ratio,0.5,1.0505037503268242,0.462,0.752,0.694,0.058
5,mahalanobis_diag,center_quantile_0.99,nearest_sphere,ratio,1.0,1.3717054255736103,0.532,0.752,0.708,0.044
5,mahalanobis_diag,center_quantile_0.99,nearest_sphere,ratio,2.0,2.074677517214763,0.572,0.752,0.716,0.036
5,mahalanobis_diag,center_quantile_0.99,nearest_sphere,inverse_margin,0.0,0.7659749576712832,0.322,0.752,0.666,0.086
5,mahalanobis_diag,center_quantile_0.99,nearest_sphere,inverse_margin,0.25,1.3163220356175582,0.592,0.752,0.72,0.032
5,mahalanobis_diag,center_quantile_0.99,nearest_sphere,inverse_margin,0.5,1.987365378210242,0.592,0.752,0.72,0.032
5,mahalanobis_diag,center_quantile_0.99,nearest_sphere,inverse_margin,1.0,3.1340861949998526,0.592,0.752,0.72,0.032
5,mahalanobis_diag,center_quantile_0.99,nearest_sphere,inverse_margin,2.0,5.673768255312097,0.602,0.752,0.722,0.03
5,mahalanobis_diag,center_quantile_0.99,nearest_sphere,max_ratio,0.0,0.7659749576712832,0.322,0.752,0.666,0.086
5,mahalanobis_diag,center_quantile_0.99,nearest_sphere,max_ratio,0.25,0.7659749576712832,0.322,0.752,0.666,0.086
5,mahalanobis_diag,center_quantile_0.99,nearest_sphere,max_ratio,0.5,0.7659749576712832,0.322,0.752,0.666,0.086
5,mahalanobis_diag,center_quantile_0.99,nearest_sphere,max_ratio,1.0,0.8241318208810323,0.492,0.752,0.7,0.052
5,mahalanobis_diag,center_quantile_0.99,nearest_sphere,max_ratio,2.0,1.4154212878912753,0.602,0.752,0.722,0.03
5,mahalanobis_diag,center_quantile_0.99,normalized_union,none,0.0,0.6276244096125421,0.412,0.752,0.684,0.068
5,mahalanobis_diag,center_quantile_0.99,normalized_union,none,0.25,0.6276244096125421,0.412,0.752,0.684,0.068
5,mahalanobis_diag,center_quantile_0.99,normalized_union,none,0.5,0.6276244096125421,0.412,0.752,0.684,0.068
5,mahalanobis_diag,center_quantile_0.99,normalized_union,none,1.0,0.6276244096125421,0.412,0.752,0.684,0.068
5,mahalanobis_diag,center_quantile_0.99,normalized_union,none,2.0,0.6276244096125421,0.412,0.752,0.684,0.068
5,mahalanobis_diag,center_quantile_0.99,normalized_union,ratio,0.0,0.6276244096125421,0.412,0.752,0.684,0.068
5,mahalanobis_diag,center_quantile_0.99,normalized_union,ratio,0.25,0.7773625488852981,0.472,0.752,0.696,0.056
5,mahalanobis_diag,center_quantile_0.99,normalized_union,ratio,0.5,0.9533109534699157,0.532,0.752,0.708,0.044
5,mahalanobis_diag,center_quantile_0.99,normalized_union,ratio,1.0,1.314110862827747,0.542,0.752,0.71,0.042
5,mahalanobis_diag,center_quantile_0.99,normalized_union,ratio,2.0,2.0387997488473006,0.552,0.752,0.712,0.04
5,mahalanobis_diag,center_quantile_0.99,normalized_union,inverse_margin,0.0,0.6276244096125421,0.412,0.752,0.684,0.068
5,mahalanobis_diag,center_quantile_0.99,normalized_union,inverse_margin,0.25,1.2410442405292486,0.572,0.752,0.716,0.036
5,mahalanobis_diag,center_quantile_0.99,normalized_union,inverse_margin,0.5,1.8693730061780167,0.582,0.752,0.718,0.034
5,mahalanobis_diag,center_quantile_0.99,normalized_union,inverse_margin,1.0,3.08901692423806,0.592,0.752,0.72,0.032
5,mahalanobis_diag,center_quantile_0.99,normalized_union,inverse_margin,2.0,5.661124579746405,0.592,0.752,0.72,0.032
5,mahalanobis_diag,center_quantile_0.99,normalized_union,max_ratio,0.0,0.6276244096125421,0.412,0.752,0.684,0.068
5,mahalanobis_diag,center_quantile_0.99,normalized_union,max_ratio,0.25,0.6276244096125421,0.412,0.752,0.684,0.068
5,mahalanobis_diag,center_quantile_0.99,normalized_union,max_ratio,0.5,0.6276244096125421,0.412,0.752,0.684,0.068
5,mahalanobis_diag,center_quantile_0.99,normalized_union,max_ratio,1.0,0.7488717370508352,0.552,0.752,0.712,0.04
5,mahalanobis_diag,center_quantile_0.99,normalized_union,max_ratio,2.0,1.4154212878912753,0.592,0.752,0.72,0.032
5,mahalanobis_diag,intent_quantile_0.99,nearest_sphere,none,0.0,0.6282502424200688,0.432,0.752,0.688,0.064
5,mahalanobis_diag,intent_quantile_0.99,nearest_sphere,none,0.25,0.6282502424200688,0.432,0.752,0.688,0.064
5,mahalanobis_diag,intent_quantile_0.99,nearest_sphere,none,0.5,0.6282502424200688,0.432,0.752,0.688,0.064
5,mahalanobis_diag,intent_quantile_0.99,nearest_sphere,none,1.0,0.6282502424200688,0.432,0.752,0.688,0.064
5,mahalanobis_diag,intent_quantile_0.99,nearest_sphere,none,2.0,0.6282502424200688,0.432,0.752,0.688,0.064
5,mahalanobis_diag,intent_quantile_0.99,nearest_sphere,ratio,0.0,0.6282502424200688,0.432,0.752,0.688,0.064
5,mahalanobis_diag,intent_quantile_0.99,nearest_sphere,ratio,0.25,0.7777211536764843,0.462,0.752,0.694,0.058
5,mahalanobis_diag,intent_quantile_0.99,nearest_sphere,ratio,0.5,0.9591286361766356,0.502,0.752,0.702,0.05
5,mahalanobis_diag,intent_quantile_0.99,nearest_sphere,ratio,1.0,1.2963053813497618,0.562,0.752,0.714,0.038
5,mahalanobis_diag,intent_quantile_0.99,nearest_sphere,ratio,2.0,2.018588134191582,0.602,0.752,0.722,0.03
5,mahalanobis_diag,intent_quantile_0.99,nearest_sphere,inverse_margin,0.0,0.6282502424200688,0.432,0.752,0.688,0.064
5,mahalanobis_diag,intent_quantile_0.99,nearest_sphere,inverse_margin,0.25,1.2520659820408295,0.602,0.752,0.722,0.03
5,mahalanobis_diag,intent_quantile_0.99,nearest_sphere,inverse_margin,0.5,1.8897671167359702,0.592,0.752,0.72,0.032
5,mahalanobis_diag,intent_quantile_0.99,nearest_sphere,inverse_margin,1.0,3.1328046408659405,0.602,0.752,0.722,0.03
5,mahalanobis_diag,intent_quantile_0.99,nearest_sphere,inverse_margin,2.0,5.645466603062318,0.602,0.752,0.722,0.03
5,mahalanobis_diag,intent_quantile_0.99,nearest_sphere,max_ratio,0.0,0.6282502424200688,0.432,0.752,0.688,0.064
5,mahalanobis_diag,intent_quantile_0.99,nearest_sphere,max_ratio,0.25,0.6282502424200688,0.432,0.752,0.688,0.064
5,mahalanobis_diag,intent_quantile_0.99,nearest_sphere,max_ratio,0.5,0.6282502424200688,0.432,0.752,0.688,0.064
5,mahalanobis_diag,intent_quantile_0.99,nearest_sphere,max_ratio,1.0,0.7589001487242998,0.592,0.752,0.72,0.032
5,mahalanobis_diag,intent_quantile_0.99,nearest_sphere,max_ratio,2.0,1.4154212878912753,0.602,0.752,0.722,0.03
5,mahalanobis_diag,intent_quantile_0.99,normalized_union,none,0.0,0.6272316887730068,0.392,0.752,0.68,0.072
5,mahalanobis_diag,intent_quantile_0.99,normalized_union,none,0.25,0.6272316887730068,0.392,0.752,0.68,0.072
5,mahalanobis_diag,intent_quantile_0.99,normalized_union,none,0.5,0.6272316887730068,0.392,0.752,0.68,0.072
5,mahalanobis_diag,intent_quantile_0.99,normalized_union,none,1.0,0.6272316887730068,0.392,0.752,0.68,0.072
5,mahalanobis_diag,intent_quantile_0.99,normalized_union,none,2.0,0.6272316887730068,0.392,0.752,0.68,0.072
5,mahalanobis_diag,intent_quantile_0.99,normalized_union,ratio,0.0,0.6272316887730068,0.392,0.752,0.68,0.072
5,mahalanobis_diag,intent_quantile_0.99,normalized_union,ratio,0.25,0.7777211536764843,0.452,0.752,0.692,0.06
5,mahalanobis_diag,intent_quantile_0.99,normalized_union,ratio,0.5,0.9591286361766356,0.492,0.752,0.7,0.052
5,mahalanobis_diag,intent_quantile_0.99,normalized_union,ratio,1.0,1.2963053813497618,0.562,0.752,0.714,0.038
5,mahalanobis_diag,intent_quantile_0.99,normalized_union,ratio,2.0,2.018588134191582,0.602,0.752,0.722,0.03
5,mahalanobis_diag,intent_quantile_0.99,normalized_union,inverse_margin,0.0,0.6272316887730068,0.392,0.752,0.68,0.072
5,mahalanobis_diag,intent_quantile_0.99,normalized_union,inverse_margin,0.25,1.2520659820408295,0.602,0.752,0.722,0.03
5,mahalanobis_diag,intent_quantile_0.99,normalized_union,inverse_margin,0.5,1.8897671167359702,0.592,0.752,0.72,0.032
5,mahalanobis_diag,intent_quantile_0.99,normalized_union,inverse_margin,1.0,3.1328046408659405,0.602,0.752,0.722,0.03
5,mahalanobis_diag,intent_quantile_0.99,normalized_union,inverse_margin,2.0,5.645466603062318,0.602,0.752,0.722,0.03
5,mahalanobis_diag,intent_quantile_0.99,normalized_union,max_ratio,0.0,0.6272316887730068,0.392,0.752,0.68,0.072
5,mahalanobis_diag,intent_quantile_0.99,normalized_union,max_ratio,0.25,0.6272316887730068,0.392,0.752,0.68,0.072
5,mahalanobis_diag,intent_quantile_0.99,normalized_union,max_ratio,0.5,0.6272316887730068,0.392,0.752,0.68,0.072
5,mahalanobis_diag,intent_quantile_0.99,normalized_union,max_ratio,1.0,0.7589001487242998,0.592,0.752,0.72,0.032
5,mahalanobis_diag,intent_quantile_0.99,normalized_union,max_ratio,2.0,1.4154212878912753,0.602,0.752,0.722,0.03
