dataset,kir,seed,representation,threshold,oos_f1,oos_precision,oos_recall,known_recall,false_accept_rate,false_reject_rate
clinc150,0.25,13,trainable,0.75,0.9099649474211317,0.8374193548387097,0.9962719298245614,0.22631578947368425,0.7736842105263158,0.0037280701754385964
clinc150,0.25,13,trainable,0.85,0.9309989701338827,0.8776699029126214,0.9912280701754386,0.4473684210526315,0.5526315789473685,0.008771929824561403
clinc150,0.25,13,trainable,0.9,0.9436487192890747,0.9016983016983017,0.9896929824561403,0.5684210526315789,0.43157894736842106,0.01030701754385965
clinc150,0.25,13,trainable,0.95,0.9506802721088436,0.9224422442244224,0.980701754385965,0.6701754385964912,0.3298245614035088,0.01929824561403509
clinc150,0.25,13,trainable,1.0,0.9528118939883645,0.9364675984752223,0.9697368421052631,0.736842105263158,0.2631578947368421,0.030263157894736843
clinc150,0.25,13,trainable,1.05,0.9561135371179039,0.9519565217391305,0.9603070175438596,0.8061403508771929,0.193859649122807,0.03969298245614035
clinc150,0.25,13,trainable,1.1,0.9536276902595962,0.9649753030983386,0.9425438596491228,0.8631578947368421,0.1368421052631579,0.05745614035087719
clinc150,0.25,13,trainable,1.2,0.9293465712306627,0.9812286689419796,0.8826754385964912,0.9324561403508772,0.06754385964912281,0.11732456140350878
clinc150,0.25,13,trainable,1.3,0.8723664870161686,0.9880688124306326,0.780921052631579,0.962280701754386,0.037719298245614034,0.21907894736842104
clinc150,0.25,13,frozen,0.75,0.901634472511144,0.8222222222222222,0.9980263157894737,0.13684210526315788,0.8631578947368421,0.001973684210526316
clinc150,0.25,13,frozen,0.85,0.9182492129582615,0.8551163230565538,0.9914473684210526,0.3280701754385965,0.6719298245614035,0.008552631578947369
clinc150,0.25,13,frozen,0.9,0.9296826384567517,0.8819362455726092,0.9828947368421053,0.4736842105263158,0.5263157894736842,0.017105263157894738
clinc150,0.25,13,frozen,0.95,0.940053050397878,0.9105858170606372,0.9714912280701754,0.618421052631579,0.3815789473684211,0.02850877192982456
clinc150,0.25,13,frozen,1.0,0.9484446378072656,0.9408718170047475,0.956140350877193,0.7596491228070176,0.24035087719298245,0.043859649122807015
clinc150,0.25,13,frozen,1.05,0.9407415705164108,0.9615296542248684,0.9208333333333333,0.8526315789473684,0.14736842105263157,0.07916666666666666
clinc150,0.25,13,frozen,1.1,0.9094741773041338,0.9758733350087961,0.8515350877192982,0.9157894736842105,0.08421052631578947,0.14846491228070174
clinc150,0.25,13,frozen,1.2,0.4669456066945607,0.9858657243816255,0.3059210526315789,0.9824561403508771,0.017543859649122806,0.694078947368421
clinc150,0.25,13,frozen,1.3,0.0,0.0,0.0,1.0,0.0,1.0
clinc150,0.25,42,trainable,0.75,0.9046532394086714,0.8260554448269614,0.9997807017543859,0.1578947368421053,0.8421052631578947,0.0002192982456140351
clinc150,0.25,42,trainable,0.85,0.9239849394525288,0.8619707613442187,0.9956140350877193,0.362280701754386,0.637719298245614,0.0043859649122807015
clinc150,0.25,42,trainable,0.9,0.9347983829169689,0.8863770395124828,0.9888157894736842,0.49298245614035086,0.5070175438596491,0.01118421052631579
clinc150,0.25,42,trainable,0.95,0.9443857052230915,0.911800734993875,0.9793859649122807,0.6210526315789473,0.37894736842105264,0.0206140350877193
clinc150,0.25,42,trainable,1.0,0.9479594040164111,0.9336452573373033,0.9627192982456141,0.7263157894736842,0.2736842105263158,0.03728070175438596
clinc150,0.25,42,trainable,1.05,0.9427907491424145,0.9515300424391333,0.9342105263157895,0.8096491228070175,0.19035087719298247,0.06578947368421052
clinc150,0.25,42,trainable,1.1,0.9247681209206459,0.9676491732566499,0.8855263157894737,0.881578947368421,0.11842105263157894,0.11447368421052631
clinc150,0.25,42,trainable,1.2,0.803687353934043,0.9850413749204329,0.6787280701754386,0.9587719298245614,0.0412280701754386,0.32127192982456143
clinc150,0.25,42,trainable,1.3,0.5352743561030235,0.9893554109994086,0.3668859649122807,0.9842105263157894,0.015789473684210527,0.6331140350877194
clinc150,0.25,42,frozen,0.75,0.9034175334323923,0.8238482384823849,1.0,0.14473684210526316,0.8552631578947368,0.0
clinc150,0.25,42,frozen,0.85,0.9194936708860759,0.8541862652869238,0.9956140350877193,0.3201754385964912,0.6798245614035088,0.0043859649122807015
clinc150,0.25,42,frozen,0.9,0.93161423414131,0.8794547224926972,0.9903508771929824,0.4570175438596491,0.5429824561403509,0.009649122807017544
clinc150,0.25,42,frozen,0.95,0.9399725709463024,0.9056718845293759,0.9769736842105263,0.5929824561403509,0.4070175438596491,0.023026315789473683
clinc150,0.25,42,frozen,1.0,0.9436910057502441,0.9338630019325747,0.9537280701754386,0.7298245614035088,0.27017543859649124,0.0462719298245614
clinc150,0.25,42,frozen,1.05,0.9307779030439685,0.9577726218097448,0.9052631578947369,0.8403508771929824,0.15964912280701754,0.09473684210526316
clinc150,0.25,42,frozen,1.1,0.8783247081477916,0.9733262203254202,0.800219298245614,0.9122807017543859,0.08771929824561403,0.19978070175438598
clinc150,0.25,42,frozen,1.2,0.5705836575875486,0.9828418230563003,0.4019736842105263,0.9719298245614035,0.028070175438596492,0.5980263157894737
clinc150,0.25,42,frozen,1.3,0.027675675675675675,0.9846153846153847,0.014035087719298246,0.9991228070175439,0.0008771929824561404,0.9859649122807017
clinc150,0.25,87,trainable,0.75,0.9073501545826268,0.8320834095481983,0.9975877192982456,0.1947368421052632,0.8052631578947368,0.002412280701754386
clinc150,0.25,87,trainable,0.85,0.92979399405555,0.872811237252261,0.9947368421052631,0.4201754385964912,0.5798245614035088,0.005263157894736842
clinc150,0.25,87,trainable,0.9,0.9413728353849363,0.8977317946677278,0.9894736842105263,0.5491228070175438,0.45087719298245615,0.010526315789473684
clinc150,0.25,87,trainable,0.95,0.9473684210526315,0.9177631578947368,0.9789473684210527,0.6491228070175439,0.3508771929824561,0.021052631578947368
clinc150,0.25,87,trainable,1.0,0.9473684210526315,0.9358151476251605,0.9592105263157895,0.736842105263158,0.2631578947368421,0.04078947368421053
clinc150,0.25,87,trainable,1.05,0.9417400022279159,0.9569843785374689,0.9269736842105263,0.8333333333333334,0.16666666666666666,0.07302631578947369
clinc150,0.25,87,trainable,1.1,0.9230592029486293,0.9721009218825812,0.8787280701754386,0.8991228070175439,0.10087719298245613,0.1212719298245614
clinc150,0.25,87,trainable,1.2,0.8203024865419124,0.987045033929673,0.7017543859649122,0.9631578947368421,0.03684210526315789,0.2982456140350877
clinc150,0.25,87,trainable,1.3,0.5689682166901519,0.9945265462506842,0.39846491228070174,0.9912280701754386,0.008771929824561403,0.6015350877192982
clinc150,0.25,87,frozen,0.75,0.906265564299233,0.8302609965322139,0.9975877192982456,0.1842105263157895,0.8157894736842105,0.002412280701754386
clinc150,0.25,87,frozen,0.85,0.926644871270944,0.8674445294567712,0.9945175438596491,0.39210526315789473,0.6078947368421053,0.005482456140350877
clinc150,0.25,87,frozen,0.9,0.9366351056081574,0.8911106711542269,0.9870614035087719,0.5175438596491229,0.4824561403508772,0.01293859649122807
clinc150,0.25,87,frozen,0.95,0.9409013605442177,0.9129537953795379,0.9706140350877193,0.6298245614035087,0.3701754385964912,0.029385964912280703
clinc150,0.25,87,frozen,1.0,0.9414463622460126,0.9379625598606879,0.9449561403508772,0.75,0.25,0.055043859649122805
clinc150,0.25,87,frozen,1.05,0.9266461958375981,0.96243798724309,0.8934210526315789,0.8605263157894737,0.1394736842105263,0.10657894736842105
clinc150,0.25,87,frozen,1.1,0.8791817087845968,0.9741333333333333,0.8010964912280701,0.9149122807017543,0.08508771929824561,0.19890350877192983
clinc150,0.25,87,frozen,1.2,0.5738671632526381,0.9814225053078556,0.4054824561403509,0.9692982456140351,0.03070175438596491,0.5945175438596492
clinc150,0.25,87,frozen,1.3,0.04249839021249195,1.0,0.021710526315789475,1.0,0.0,0.9782894736842105
clinc150,0.25,100,trainable,0.75,0.9126952342811373,0.839719970523213,0.999561403508772,0.23684210526315785,0.7631578947368421,0.0004385964912280702
clinc150,0.25,100,trainable,0.85,0.9377191173437822,0.884974698326197,0.9971491228070175,0.4815789473684211,0.5184210526315789,0.0028508771929824563
clinc150,0.25,100,trainable,0.9,0.9461827284105131,0.9021479713603818,0.9947368421052631,0.5684210526315789,0.43157894736842106,0.005263157894736842
clinc150,0.25,100,trainable,0.95,0.9563928873835732,0.92430441898527,0.9907894736842106,0.6754385964912281,0.32456140350877194,0.009210526315789473
clinc150,0.25,100,trainable,1.0,0.9625347891243844,0.9401923881221247,0.9859649122807017,0.7491228070175439,0.25087719298245614,0.014035087719298246
clinc150,0.25,100,trainable,1.05,0.9655920981222186,0.9559424027509134,0.9754385964912281,0.8201754385964912,0.17982456140350878,0.02456140350877193
clinc150,0.25,100,trainable,1.1,0.9629875151916916,0.9703852148741928,0.9557017543859649,0.8833333333333333,0.11666666666666667,0.04429824561403509
clinc150,0.25,100,trainable,1.2,0.9265969802555168,0.9849382716049383,0.8747807017543859,0.9464912280701754,0.05350877192982456,0.12521929824561404
clinc150,0.25,100,trainable,1.3,0.8370379778991491,0.99456685783278,0.7225877192982456,0.9842105263157894,0.015789473684210527,0.2774122807017544
clinc150,0.25,100,frozen,0.75,0.9067223548130469,0.8295123726346434,0.9997807017543859,0.1780701754385965,0.8219298245614035,0.0002192982456140351
clinc150,0.25,100,frozen,0.85,0.9250609260763607,0.8613842662632375,0.9989035087719298,0.3570175438596491,0.6429824561403509,0.0010964912280701754
clinc150,0.25,100,frozen,0.9,0.9373128162759475,0.8858090962326761,0.9951754385964913,0.48684210526315785,0.5131578947368421,0.004824561403508772
clinc150,0.25,100,frozen,0.95,0.9492883500263574,0.9141116751269035,0.987280701754386,0.6289473684210527,0.37105263157894736,0.012719298245614035
clinc150,0.25,100,frozen,1.0,0.9568027577291824,0.9402921871691722,0.9739035087719298,0.7526315789473684,0.24736842105263157,0.026096491228070177
clinc150,0.25,100,frozen,1.05,0.9532585766625957,0.9653699123004272,0.9414473684210526,0.8649122807017544,0.13508771929824562,0.05855263157894737
clinc150,0.25,100,frozen,1.1,0.9140112464854733,0.9811368209255533,0.8554824561403509,0.9342105263157895,0.06578947368421052,0.14451754385964913
clinc150,0.25,100,frozen,1.2,0.5904059040590406,0.9876543209876543,0.42105263157894735,0.9789473684210527,0.021052631578947368,0.5789473684210527
clinc150,0.25,100,frozen,1.3,0.030231051608723816,0.9859154929577465,0.015350877192982455,0.9991228070175439,0.0008771929824561404,0.9846491228070176
clinc150,0.25,123,trainable,0.75,0.9095085896923691,0.8351063829787234,0.9984649122807018,0.21140350877192982,0.7885964912280702,0.0015350877192982456
clinc150,0.25,123,trainable,0.85,0.9289673578320672,0.8732149749131609,0.9923245614035088,0.4236842105263158,0.5763157894736842,0.007675438596491228
clinc150,0.25,123,trainable,0.9,0.9400334308399498,0.8976456504389465,0.9866228070175439,0.55,0.45,0.01337719298245614
clinc150,0.25,123,trainable,0.95,0.9455933821189946,0.9155884165126309,0.9776315789473684,0.6394736842105263,0.3605263157894737,0.02236842105263158
clinc150,0.25,123,trainable,1.0,0.9475392103839914,0.9348986125933831,0.9605263157894737,0.7324561403508771,0.2675438596491228,0.039473684210526314
clinc150,0.25,123,trainable,1.05,0.9456833738132038,0.9522009782125389,0.9392543859649123,0.8114035087719298,0.18859649122807018,0.06074561403508772
clinc150,0.25,123,trainable,1.1,0.9383160738406122,0.9639222941720629,0.9140350877192982,0.8631578947368421,0.1368421052631579,0.08596491228070176
clinc150,0.25,123,trainable,1.2,0.904637955513488,0.9822713257965057,0.8383771929824562,0.9394736842105263,0.060526315789473685,0.16162280701754386
clinc150,0.25,123,trainable,1.3,0.8302465193511305,0.9941878250229428,0.7127192982456141,0.9833333333333333,0.016666666666666666,0.28728070175438597
clinc150,0.25,123,frozen,0.75,0.9030915576694413,0.8237527114967462,0.9993421052631579,0.14473684210526316,0.8552631578947368,0.0006578947368421052
clinc150,0.25,123,frozen,0.85,0.9214691558441558,0.8574395770392749,0.9958333333333333,0.3377192982456141,0.6622807017543859,0.004166666666666667
clinc150,0.25,123,frozen,0.9,0.9335541295797971,0.8839670717365739,0.9890350877192983,0.48070175438596496,0.519298245614035,0.010964912280701754
clinc150,0.25,123,frozen,0.95,0.9407030919102075,0.9095004095004094,0.9741228070175438,0.612280701754386,0.387719298245614,0.02587719298245614
clinc150,0.25,123,frozen,1.0,0.9452801395247439,0.9397485912440399,0.9508771929824561,0.756140350877193,0.24385964912280703,0.04912280701754386
clinc150,0.25,123,frozen,1.05,0.9350269784172662,0.9591789667896679,0.912061403508772,0.8447368421052631,0.15526315789473685,0.08793859649122807
clinc150,0.25,123,frozen,1.1,0.9011792452830188,0.9747448979591836,0.837938596491228,0.9131578947368421,0.0868421052631579,0.16206140350877193
clinc150,0.25,123,frozen,1.2,0.6842861246768169,0.9916736053288926,0.5223684210526316,0.9824561403508771,0.017543859649122806,0.4776315789473684
clinc150,0.25,123,frozen,1.3,0.08724832214765102,1.0,0.0456140350877193,1.0,0.0,0.9543859649122807
clinc150,0.5,13,trainable,0.75,0.7981917236582822,0.6650569828085764,0.9979710144927536,0.22933333333333328,0.7706666666666667,0.002028985507246377
clinc150,0.5,13,trainable,0.85,0.8486124876114965,0.7410212029424491,0.9927536231884058,0.46799999999999997,0.532,0.007246376811594203
clinc150,0.5,13,trainable,0.9,0.8750160235867196,0.7844173753160193,0.9892753623188406,0.5831111111111111,0.41688888888888886,0.010724637681159421
clinc150,0.5,13,trainable,0.95,0.8945838837516513,0.8218446601941748,0.9814492753623189,0.6737777777777778,0.32622222222222225,0.01855072463768116
clinc150,0.5,13,trainable,1.0,0.9070904645476773,0.8535276073619632,0.9678260869565217,0.7453333333333334,0.25466666666666665,0.03217391304347826
clinc150,0.5,13,trainable,1.05,0.9191238416175233,0.8913398692810458,0.948695652173913,0.8226666666666667,0.17733333333333334,0.051304347826086956
clinc150,0.5,13,trainable,1.1,0.9220967274833478,0.9212962962962963,0.9228985507246377,0.8791111111111111,0.12088888888888889,0.07710144927536232
clinc150,0.5,13,trainable,1.2,0.8790246952172555,0.9538670284938942,0.8150724637681159,0.9395555555555556,0.060444444444444446,0.18492753623188407
clinc150,0.5,13,trainable,1.3,0.7750261597488665,0.9728546409807356,0.6440579710144928,0.9724444444444444,0.027555555555555555,0.35594202898550725
clinc150,0.5,13,frozen,0.75,0.7818574514038876,0.6431643912474284,0.9968115942028986,0.15200000000000002,0.848,0.003188405797101449
clinc150,0.5,13,frozen,0.85,0.8181927277091084,0.698136391562564,0.9881159420289856,0.3448888888888889,0.6551111111111111,0.011884057971014493
clinc150,0.5,13,frozen,0.9,0.848028133634765,0.74822695035461,0.9785507246376811,0.49511111111111106,0.5048888888888889,0.021449275362318842
clinc150,0.5,13,frozen,0.95,0.8773684210526316,0.8033734939759036,0.9663768115942029,0.6373333333333333,0.3626666666666667,0.0336231884057971
clinc150,0.5,13,frozen,1.0,0.8979082975481368,0.8599097903953303,0.9394202898550724,0.7653333333333333,0.23466666666666666,0.06057971014492754
clinc150,0.5,13,frozen,1.05,0.8891840047218533,0.9056206792906523,0.8733333333333333,0.8604444444444445,0.13955555555555554,0.12666666666666668
clinc150,0.5,13,frozen,1.1,0.8411274823830878,0.9398711524695776,0.7611594202898551,0.9253333333333333,0.07466666666666667,0.23884057971014494
clinc150,0.5,13,frozen,1.2,0.39715008044127786,0.9589345172031076,0.25043478260869567,0.9835555555555555,0.016444444444444446,0.7495652173913043
clinc150,0.5,13,frozen,1.3,0.0,0.0,0.0,1.0,0.0,1.0
clinc150,0.5,42,trainable,0.75,0.789383365747626,0.652050652050652,1.0,0.18177777777777782,0.8182222222222222,0.0
clinc150,0.5,42,trainable,0.85,0.8366824990865913,0.7214870825456837,0.9956521739130435,0.4106666666666666,0.5893333333333334,0.004347826086956522
clinc150,0.5,42,trainable,0.9,0.8602449185708875,0.7620219190337733,0.9875362318840579,0.5271111111111111,0.4728888888888889,0.012463768115942029
clinc150,0.5,42,trainable,0.95,0.8845951629863301,0.8092833092833093,0.9753623188405797,0.6475555555555556,0.35244444444444445,0.02463768115942029
clinc150,0.5,42,trainable,1.0,0.8971451987433411,0.8483595970033583,0.9518840579710145,0.739111111111111,0.2608888888888889,0.04811594202898551
clinc150,0.5,42,trainable,1.05,0.9031528347235968,0.881589842671819,0.9257971014492754,0.8093333333333333,0.19066666666666668,0.07420289855072464
clinc150,0.5,42,trainable,1.1,0.9021914987498162,0.9157957599283368,0.8889855072463768,0.8746666666666667,0.12533333333333332,0.11101449275362318
clinc150,0.5,42,trainable,1.2,0.8375427733420238,0.9564570152586528,0.744927536231884,0.948,0.052,0.25507246376811593
clinc150,0.5,42,trainable,1.3,0.6264017312610664,0.9748928352725046,0.46144927536231883,0.9817777777777777,0.018222222222222223,0.5385507246376812
clinc150,0.5,42,frozen,0.75,0.7821355701654954,0.6422189128816084,1.0,0.14577777777777778,0.8542222222222222,0.0
clinc150,0.5,42,frozen,0.85,0.8159618820726623,0.6926188068756319,0.9927536231884058,0.3244444444444444,0.6755555555555556,0.007246376811594203
clinc150,0.5,42,frozen,0.9,0.8418829959011304,0.7365790045642252,0.9823188405797102,0.4613333333333334,0.5386666666666666,0.017681159420289853
clinc150,0.5,42,frozen,0.95,0.8668147954515749,0.7893358724113306,0.9611594202898551,0.6066666666666667,0.3933333333333333,0.03884057971014493
clinc150,0.5,42,frozen,1.0,0.8840280643829962,0.8413197172034564,0.931304347826087,0.7306666666666667,0.2693333333333333,0.06869565217391305
clinc150,0.5,42,frozen,1.05,0.8849583394240608,0.8926570333235034,0.8773913043478261,0.8382222222222222,0.16177777777777777,0.12260869565217392
clinc150,0.5,42,frozen,1.1,0.8467614533965244,0.9305555555555556,0.7768115942028986,0.9111111111111111,0.08888888888888889,0.22318840579710145
clinc150,0.5,42,frozen,1.2,0.5138121546961326,0.9625796178343949,0.35043478260869565,0.9791111111111112,0.020888888888888887,0.6495652173913044
clinc150,0.5,42,frozen,1.3,0.014955421340235836,0.9629629629629629,0.007536231884057971,0.9995555555555555,0.00044444444444444447,0.9924637681159421
clinc150,0.5,87,trainable,0.75,0.7972659870250232,0.6640293323041296,0.9973913043478261,0.2262222222222222,0.7737777777777778,0.0026086956521739132
clinc150,0.5,87,trainable,0.85,0.8490169407691356,0.74034936381281,0.995072463768116,0.4648888888888889,0.5351111111111111,0.004927536231884058
clinc150,0.5,87,trainable,0.9,0.87528750319448,0.7826782449725777,0.9927536231884058,0.5773333333333333,0.4226666666666667,0.007246376811594203
clinc150,0.5,87,trainable,0.95,0.8954437713984726,0.8204633204633205,0.9855072463768116,0.6693333333333333,0.33066666666666666,0.014492753623188406
clinc150,0.5,87,trainable,1.0,0.9086720867208673,0.8531806615776082,0.9718840579710145,0.7435555555555555,0.2564444444444444,0.028115942028985506
clinc150,0.5,87,trainable,1.05,0.9206882081409987,0.8896999188969992,0.9539130434782609,0.8186666666666667,0.18133333333333335,0.04608695652173913
clinc150,0.5,87,trainable,1.1,0.9192313249530414,0.916450590607894,0.9220289855072463,0.8711111111111112,0.1288888888888889,0.07797101449275362
clinc150,0.5,87,trainable,1.2,0.8596769084573962,0.9476256983240223,0.7866666666666666,0.9333333333333333,0.06666666666666667,0.21333333333333335
clinc150,0.5,87,trainable,1.3,0.6699488733194471,0.9661387220098306,0.5127536231884058,0.9724444444444444,0.027555555555555555,0.4872463768115942
clinc150,0.5,87,frozen,0.75,0.7866941015089164,0.6494903737259343,0.9973913043478261,0.17466666666666664,0.8253333333333334,0.0026086956521739132
clinc150,0.5,87,frozen,0.85,0.8284539075731914,0.7109634551495017,0.9924637681159421,0.3813333333333333,0.6186666666666667,0.007536231884057971
clinc150,0.5,87,frozen,0.9,0.8557377049180327,0.7573660714285714,0.9834782608695652,0.516888888888889,0.4831111111111111,0.01652173913043478
clinc150,0.5,87,frozen,0.95,0.8782356048600105,0.8066472586123241,0.9637681159420289,0.6457777777777778,0.3542222222222222,0.036231884057971016
clinc150,0.5,87,frozen,1.0,0.8974822645708722,0.8627975394490506,0.9350724637681159,0.772,0.228,0.06492753623188406
clinc150,0.5,87,frozen,1.05,0.8923349579087285,0.9096657633242999,0.8756521739130435,0.8666666666666667,0.13333333333333333,0.12434782608695652
clinc150,0.5,87,frozen,1.1,0.8326359832635983,0.9359623733719248,0.7498550724637681,0.9213333333333333,0.07866666666666666,0.2501449275362319
clinc150,0.5,87,frozen,1.2,0.462719298245614,0.9504504504504504,0.30579710144927535,0.9755555555555555,0.024444444444444446,0.6942028985507246
clinc150,0.5,87,frozen,1.3,0.017236426314277506,0.967741935483871,0.008695652173913044,0.9995555555555555,0.00044444444444444447,0.991304347826087
clinc150,0.5,100,trainable,0.75,0.7907618062736987,0.6550542547115934,0.9973913043478261,0.19466666666666665,0.8053333333333333,0.0026086956521739132
clinc150,0.5,100,trainable,0.85,0.8406081412457087,0.7284317892052699,0.9936231884057971,0.43200000000000005,0.568,0.006376811594202898
clinc150,0.5,100,trainable,0.9,0.8657513348588863,0.7710597826086957,0.9869565217391304,0.5506666666666666,0.4493333333333333,0.013043478260869565
clinc150,0.5,100,trainable,0.95,0.8868742609381159,0.8111031002162942,0.9782608695652174,0.6506666666666667,0.34933333333333333,0.021739130434782608
clinc150,0.5,100,trainable,1.0,0.9051512673753066,0.8541666666666666,0.9626086956521739,0.748,0.252,0.03739130434782609
clinc150,0.5,100,trainable,1.05,0.9165141489511475,0.8910484533260334,0.9434782608695652,0.8231111111111111,0.1768888888888889,0.05652173913043478
clinc150,0.5,100,trainable,1.1,0.9165212332751599,0.9197314652656159,0.9133333333333333,0.8777777777777778,0.12222222222222222,0.08666666666666667
clinc150,0.5,100,trainable,1.2,0.8712996675637169,0.9598883850715033,0.7976811594202898,0.9488888888888889,0.051111111111111114,0.20231884057971014
clinc150,0.5,100,trainable,1.3,0.759871931696905,0.9834254143646409,0.6191304347826087,0.984,0.016,0.3808695652173913
clinc150,0.5,100,frozen,0.75,0.7831229387012396,0.6443945349054838,0.9979710144927536,0.15555555555555556,0.8444444444444444,0.002028985507246377
clinc150,0.5,100,frozen,0.85,0.8181274662202559,0.6963158966008549,0.9915942028985507,0.3368888888888889,0.6631111111111111,0.008405797101449276
clinc150,0.5,100,frozen,0.9,0.8460384903774056,0.7436291739894552,0.981159420289855,0.4813333333333333,0.5186666666666667,0.01884057971014493
clinc150,0.5,100,frozen,0.95,0.8708574434508154,0.7970630717380838,0.9597101449275363,0.6253333333333333,0.37466666666666665,0.04028985507246377
clinc150,0.5,100,frozen,1.0,0.8904947192884936,0.8553123331553657,0.928695652173913,0.7591111111111111,0.2408888888888889,0.07130434782608695
clinc150,0.5,100,frozen,1.05,0.8918759231905465,0.9093373493975904,0.875072463768116,0.8662222222222222,0.13377777777777777,0.12492753623188406
clinc150,0.5,100,frozen,1.1,0.8399806232843533,0.948231862923806,0.7539130434782608,0.9368888888888889,0.06311111111111112,0.24608695652173912
clinc150,0.5,100,frozen,1.2,0.40624282763369296,0.9757442116868799,0.2565217391304348,0.9902222222222222,0.009777777777777778,0.7434782608695653
clinc150,0.5,100,frozen,1.3,0.0005795421616922632,1.0,0.0002898550724637681,1.0,0.0,0.9997101449275362
clinc150,0.5,123,trainable,0.75,0.7849340009103323,0.6461221431247658,0.9997101449275362,0.1604444444444444,0.8395555555555556,0.0002898550724637681
clinc150,0.5,123,trainable,0.85,0.8285024154589372,0.7101449275362319,0.9942028985507246,0.37777777777777777,0.6222222222222222,0.005797101449275362
clinc150,0.5,123,trainable,0.9,0.8567832871885226,0.7571174377224199,0.9866666666666667,0.5146666666666666,0.48533333333333334,0.013333333333333334
clinc150,0.5,123,trainable,0.95,0.8822758259045621,0.8054092867400671,0.9753623188405797,0.6386666666666667,0.36133333333333334,0.02463768115942029
clinc150,0.5,123,trainable,1.0,0.9039116805233747,0.8531000771803448,0.9611594202898551,0.7462222222222222,0.25377777777777777,0.03884057971014493
clinc150,0.5,123,trainable,1.05,0.9169623846699786,0.8984700973574409,0.936231884057971,0.8377777777777777,0.1622222222222222,0.06376811594202898
clinc150,0.5,123,trainable,1.1,0.9101654846335697,0.9282700421940928,0.8927536231884058,0.8942222222222223,0.10577777777777778,0.1072463768115942
clinc150,0.5,123,trainable,1.2,0.8204871538204872,0.9665880503144654,0.7127536231884058,0.9622222222222222,0.03777777777777778,0.2872463768115942
clinc150,0.5,123,trainable,1.3,0.5860522022838499,0.9883081155433288,0.4165217391304348,0.9924444444444445,0.007555555555555556,0.5834782608695652
clinc150,0.5,123,frozen,0.75,0.7817604355716878,0.6421915765933657,0.998840579710145,0.1466666666666666,0.8533333333333334,0.0011594202898550724
clinc150,0.5,123,frozen,0.85,0.8171066778162706,0.694980694980695,0.991304347826087,0.3328888888888889,0.6671111111111111,0.008695652173913044
clinc150,0.5,123,frozen,0.9,0.8433644859813084,0.7396721311475409,0.9808695652173913,0.4706666666666667,0.5293333333333333,0.019130434782608695
clinc150,0.5,123,frozen,0.95,0.8691894723058793,0.7926916646763793,0.9620289855072464,0.6142222222222222,0.3857777777777778,0.03797101449275362
clinc150,0.5,123,frozen,1.0,0.8961884961884962,0.8586985391766269,0.9371014492753623,0.7635555555555555,0.23644444444444446,0.06289855072463768
clinc150,0.5,123,frozen,1.05,0.8962995465847593,0.9046353705343962,0.8881159420289855,0.8564444444444445,0.14355555555555555,0.11188405797101449
clinc150,0.5,123,frozen,1.1,0.8547953863169537,0.939562348037513,0.7840579710144927,0.9226666666666666,0.07733333333333334,0.21594202898550724
clinc150,0.5,123,frozen,1.2,0.4081539166284929,0.972707423580786,0.2582608695652174,0.9888888888888889,0.011111111111111112,0.7417391304347826
clinc150,0.5,123,frozen,1.3,0.0005795421616922632,1.0,0.0002898550724637681,1.0,0.0,0.9997101449275362
clinc150,0.75,13,trainable,0.75,0.6232483651407981,0.4531340966427324,0.9978632478632479,0.1613095238095238,0.8386904761904762,0.002136752136752137
clinc150,0.75,13,trainable,0.85,0.6921355021638561,0.5317587709241,0.9910256410256411,0.3922619047619048,0.6077380952380952,0.008974358974358974
clinc150,0.75,13,trainable,0.9,0.7384467265725287,0.5912127440904419,0.9833333333333333,0.5264880952380953,0.47351190476190474,0.016666666666666666
clinc150,0.75,13,trainable,0.95,0.7808477775870944,0.6524232864926871,0.9722222222222222,0.6392857142857142,0.3607142857142857,0.027777777777777776
clinc150,0.75,13,trainable,1.0,0.8230088495575221,0.7237354085603113,0.9538461538461539,0.7464285714285714,0.25357142857142856,0.046153846153846156
clinc150,0.75,13,trainable,1.05,0.8526211671612265,0.7937384898710865,0.9209401709401709,0.8333333333333334,0.16666666666666666,0.07905982905982906
clinc150,0.75,13,trainable,1.1,0.8561731014000848,0.8500421229991575,0.8623931623931624,0.8940476190476191,0.10595238095238095,0.13760683760683762
clinc150,0.75,13,trainable,1.2,0.787938220151998,0.9240943070730305,0.6867521367521368,0.9607142857142857,0.039285714285714285,0.31324786324786325
clinc150,0.75,13,trainable,1.3,0.5290841584158416,0.9585201793721974,0.36538461538461536,0.9889880952380953,0.011011904761904763,0.6346153846153846
clinc150,0.75,13,frozen,0.75,0.6199016872592003,0.44977829188355506,0.997008547008547,0.15059523809523812,0.8494047619047619,0.0029914529914529917
clinc150,0.75,13,frozen,0.85,0.6714161093341088,0.5088144557073601,0.9867521367521368,0.3366071428571429,0.6633928571428571,0.013247863247863248
clinc150,0.75,13,frozen,0.9,0.7162776124079586,0.5654217165471185,0.9769230769230769,0.4770833333333333,0.5229166666666667,0.023076923076923078
clinc150,0.75,13,frozen,0.95,0.7621317895453772,0.6334559864138126,0.9564102564102565,0.6145833333333333,0.3854166666666667,0.04358974358974359
clinc150,0.75,13,frozen,1.0,0.8084147257700977,0.7211796246648794,0.9196581196581196,0.7523809523809524,0.24761904761904763,0.08034188034188035
clinc150,0.75,13,frozen,1.05,0.8304698820120058,0.8052990766760337,0.8572649572649572,0.8556547619047619,0.14434523809523808,0.14273504273504273
clinc150,0.75,13,frozen,1.1,0.80147908481627,0.8726723704076498,0.7410256410256411,0.924702380952381,0.07529761904761904,0.258974358974359
clinc150,0.75,13,frozen,1.2,0.3702943189596167,0.929553264604811,0.2311965811965812,0.9877976190476191,0.012202380952380952,0.7688034188034188
clinc150,0.75,13,frozen,1.3,0.0,0.0,0.0,1.0,0.0,1.0
clinc150,0.75,42,trainable,0.75,0.6396938217605249,0.4702572347266881,1.0,0.2154761904761905,0.7845238095238095,0.0
clinc150,0.75,42,trainable,0.85,0.7152073732718894,0.5582733812949641,0.9948717948717949,0.45178571428571423,0.5482142857142858,0.005128205128205128
clinc150,0.75,42,trainable,0.9,0.7550920645266418,0.6102185936265473,0.9901709401709402,0.5595238095238095,0.44047619047619047,0.009829059829059829
clinc150,0.75,42,trainable,0.95,0.793222683264177,0.6660859465737514,0.9803418803418803,0.6577380952380952,0.34226190476190477,0.019658119658119658
clinc150,0.75,42,trainable,1.0,0.8231417063346759,0.7200512491992312,0.9606837606837607,0.7398809523809524,0.26011904761904764,0.039316239316239315
clinc150,0.75,42,trainable,1.05,0.8473267708936498,0.772615276311158,0.938034188034188,0.8077380952380953,0.19226190476190477,0.06196581196581197
clinc150,0.75,42,trainable,1.1,0.863876472978464,0.8233927188226181,0.9085470085470085,0.8642857142857143,0.1357142857142857,0.09145299145299145
clinc150,0.75,42,trainable,1.2,0.8387536957016147,0.8964511424404472,0.788034188034188,0.9366071428571429,0.06339285714285714,0.21196581196581196
clinc150,0.75,42,trainable,1.3,0.7365661861074705,0.9525423728813559,0.6004273504273504,0.9791666666666666,0.020833333333333332,0.3995726495726496
clinc150,0.75,42,frozen,0.75,0.6208543380206952,0.4501731435167372,1.0,0.14940476190476193,0.8505952380952381,0.0
clinc150,0.75,42,frozen,0.85,0.676231884057971,0.5116228070175438,0.997008547008547,0.337202380952381,0.662797619047619,0.0029914529914529917
clinc150,0.75,42,frozen,0.9,0.7198127925117005,0.5668304668304668,0.985897435897436,0.475297619047619,0.524702380952381,0.014102564102564103
clinc150,0.75,42,frozen,0.95,0.7650459027541653,0.6352343308865048,0.9615384615384616,0.6154761904761905,0.38452380952380955,0.038461538461538464
clinc150,0.75,42,frozen,1.0,0.8068605518269947,0.7156084656084656,0.9247863247863248,0.7440476190476191,0.25595238095238093,0.07521367521367521
clinc150,0.75,42,frozen,1.05,0.820840197693575,0.7921303656597775,0.8517094017094017,0.8443452380952381,0.1556547619047619,0.1482905982905983
clinc150,0.75,42,frozen,1.1,0.7842691520800182,0.8377853326857698,0.7371794871794872,0.9005952380952381,0.0994047619047619,0.26282051282051283
clinc150,0.75,42,frozen,1.2,0.1382306477093207,0.9114583333333334,0.07478632478632478,0.9949404761904762,0.00505952380952381,0.9252136752136753
clinc150,0.75,42,frozen,1.3,0.0,0.0,0.0,1.0,0.0,1.0
clinc150,0.75,87,trainable,0.75,0.6327775518503457,0.46337105419892793,0.9974358974358974,0.19553571428571426,0.8044642857142857,0.002564102564102564
clinc150,0.75,87,trainable,0.85,0.703300030275507,0.5445382090951711,0.9927350427350428,0.4217261904761904,0.5782738095238096,0.007264957264957265
clinc150,0.75,87,trainable,0.9,0.7476121094382386,0.601772217878551,0.9867521367521368,0.5452380952380953,0.45476190476190476,0.013247863247863248
clinc150,0.75,87,trainable,0.95,0.7894282259457592,0.6625108727167295,0.9764957264957265,0.6535714285714286,0.3464285714285714,0.023504273504273504
clinc150,0.75,87,trainable,1.0,0.8302650957290133,0.7293014230271668,0.9636752136752137,0.7508928571428571,0.24910714285714286,0.03632478632478633
clinc150,0.75,87,trainable,1.05,0.8612141323443294,0.7926697808120733,0.9427350427350427,0.8282738095238096,0.17172619047619048,0.05726495726495726
clinc150,0.75,87,trainable,1.1,0.8736297828335057,0.8464929859719439,0.9025641025641026,0.8860119047619047,0.11398809523809524,0.09743589743589744
clinc150,0.75,87,trainable,1.2,0.78702807357212,0.9073660714285714,0.6948717948717948,0.950595238095238,0.0494047619047619,0.30512820512820515
clinc150,0.75,87,trainable,1.3,0.5558894230769231,0.9362348178137652,0.3952991452991453,0.98125,0.01875,0.6047008547008547
clinc150,0.75,87,frozen,0.75,0.6218666666666667,0.45193798449612405,0.9965811965811966,0.15833333333333333,0.8416666666666667,0.003418803418803419
clinc150,0.75,87,frozen,0.85,0.6795230384219049,0.5183022681338424,0.9863247863247864,0.3616071428571429,0.6383928571428571,0.013675213675213675
clinc150,0.75,87,frozen,0.9,0.7216854110565499,0.5733702491819783,0.9735042735042735,0.4955357142857143,0.5044642857142857,0.026495726495726495
clinc150,0.75,87,frozen,0.95,0.7703906785469501,0.6430205949656751,0.9606837606837607,0.6285714285714286,0.37142857142857144,0.039316239316239315
clinc150,0.75,87,frozen,1.0,0.8188828286627798,0.7312730937185086,0.9303418803418804,0.7619047619047619,0.23809523809523808,0.06965811965811966
clinc150,0.75,87,frozen,1.05,0.8270147089289414,0.8025733815842381,0.852991452991453,0.8538690476190476,0.1461309523809524,0.147008547008547
clinc150,0.75,87,frozen,1.1,0.7663811067376708,0.8362809499747347,0.7072649572649573,0.9035714285714286,0.09642857142857143,0.29273504273504275
clinc150,0.75,87,frozen,1.2,0.1391304347826087,0.9263157894736842,0.07521367521367521,0.9958333333333333,0.004166666666666667,0.9247863247863248
clinc150,0.75,87,frozen,1.3,0.0,0.0,0.0,1.0,0.0,1.0
clinc150,0.75,100,trainable,0.75,0.6480244852531998,0.4804042904290429,0.9952991452991453,0.25029761904761905,0.749702380952381,0.004700854700854701
clinc150,0.75,100,trainable,0.85,0.7234972677595628,0.5699876998769988,0.9901709401709402,0.4797619047619047,0.5202380952380953,0.009829059829059829
clinc150,0.75,100,trainable,0.9,0.7649693149776082,0.6251016535646516,0.9854700854700855,0.5883928571428572,0.41160714285714284,0.01452991452991453
clinc150,0.75,100,trainable,0.95,0.8028144239226032,0.6822122571001494,0.9752136752136752,0.6836309523809524,0.3163690476190476,0.024786324786324785
clinc150,0.75,100,trainable,1.0,0.8333023601561048,0.7372574810917462,0.9581196581196582,0.762202380952381,0.23779761904761904,0.04188034188034188
clinc150,0.75,100,trainable,1.05,0.8630298273155416,0.7978955007256894,0.9397435897435897,0.8342261904761905,0.16577380952380952,0.06025641025641026
clinc150,0.75,100,trainable,1.1,0.8711530570373409,0.8378058405682715,0.9072649572649573,0.8776785714285714,0.12232142857142857,0.09273504273504274
clinc150,0.75,100,trainable,1.2,0.85290815180777,0.8987221959299574,0.8115384615384615,0.9363095238095238,0.06369047619047619,0.18846153846153846
clinc150,0.75,100,trainable,1.3,0.7566872427983539,0.9502583979328165,0.6286324786324786,0.9770833333333333,0.022916666666666665,0.3713675213675214
clinc150,0.75,100,frozen,0.75,0.623341819643575,0.45403084130392346,0.994017094017094,0.16755952380952377,0.8324404761904762,0.005982905982905983
clinc150,0.75,100,frozen,0.85,0.68100147275405,0.5195505617977528,0.9880341880341881,0.36369047619047623,0.6363095238095238,0.011965811965811967
clinc150,0.75,100,frozen,0.9,0.7281953694893751,0.5789208270297529,0.9811965811965812,0.5029761904761905,0.49702380952380953,0.018803418803418803
clinc150,0.75,100,frozen,0.95,0.7788927335640139,0.6543604651162791,0.961965811965812,0.6461309523809524,0.35386904761904764,0.03803418803418803
clinc150,0.75,100,frozen,1.0,0.823685708863162,0.7408671901672926,0.9273504273504274,0.7741071428571429,0.22589285714285715,0.07264957264957266
clinc150,0.75,100,frozen,1.05,0.8442776735459663,0.8241758241758241,0.8653846153846154,0.8714285714285714,0.12857142857142856,0.1346153846153846
clinc150,0.75,100,frozen,1.1,0.803083391730904,0.8856259659969088,0.7346153846153847,0.9339285714285714,0.06607142857142857,0.2653846153846154
clinc150,0.75,100,frozen,1.2,0.38231292517006804,0.9366666666666666,0.24017094017094018,0.9886904761904762,0.01130952380952381,0.7598290598290598
clinc150,0.75,100,frozen,1.3,0.0,0.0,0.0,1.0,0.0,1.0
clinc150,0.75,123,trainable,0.75,0.6342058863420588,0.46453407510431155,0.9991452991452991,0.19791666666666663,0.8020833333333334,0.0008547008547008547
clinc150,0.75,123,trainable,0.85,0.7053841500302479,0.545880149812734,0.9965811965811966,0.42261904761904767,0.5773809523809523,0.003418803418803419
clinc150,0.75,123,trainable,0.9,0.7520647773279352,0.6054758800521512,0.9923076923076923,0.5497023809523809,0.45029761904761906,0.007692307692307693
clinc150,0.75,123,trainable,0.95,0.7933057280883368,0.6652199074074074,0.9824786324786324,0.6556547619047619,0.3443452380952381,0.01752136752136752
clinc150,0.75,123,trainable,1.0,0.8327481057105895,0.7336372517095409,0.9628205128205128,0.756547619047619,0.24345238095238095,0.03717948717948718
clinc150,0.75,123,trainable,1.05,0.8583283935981032,0.7982359426681367,0.9282051282051282,0.8366071428571429,0.16339285714285715,0.07179487179487179
clinc150,0.75,123,trainable,1.1,0.862547288776797,0.8486352357320099,0.8769230769230769,0.8910714285714285,0.10892857142857143,0.12307692307692308
clinc150,0.75,123,trainable,1.2,0.8137208194378275,0.9192680301399354,0.7299145299145299,0.9553571428571429,0.044642857142857144,0.27008547008547007
clinc150,0.75,123,trainable,1.3,0.6136429608127721,0.9565610859728507,0.4517094017094017,0.9857142857142858,0.014285714285714285,0.5482905982905983
clinc150,0.75,123,frozen,0.75,0.6230031948881789,0.45243619489559167,1.0,0.15714285714285714,0.8428571428571429,0.0
clinc150,0.75,123,frozen,0.85,0.6743339641869268,0.5113711636122764,0.9897435897435898,0.3413690476190476,0.6586309523809524,0.010256410256410256
clinc150,0.75,123,frozen,0.9,0.714465014119862,0.5644521566683193,0.9730769230769231,0.4770833333333333,0.5229166666666667,0.026923076923076925
clinc150,0.75,123,frozen,0.95,0.7614178595773687,0.6332199546485261,0.9547008547008548,0.6148809523809524,0.38511904761904764,0.0452991452991453
clinc150,0.75,123,frozen,1.0,0.8158586997369409,0.7280348759221998,0.9277777777777778,0.7586309523809524,0.24136904761904762,0.07222222222222222
clinc150,0.75,123,frozen,1.05,0.8282411230388109,0.8011182108626198,0.8572649572649572,0.8517857142857143,0.14821428571428572,0.14273504273504273
clinc150,0.75,123,frozen,1.1,0.7876288659793815,0.8488888888888889,0.7346153846153847,0.9089285714285714,0.09107142857142857,0.2653846153846154
clinc150,0.75,123,frozen,1.2,0.12841854934601665,0.8852459016393442,0.06923076923076923,0.99375,0.00625,0.9307692307692308
clinc150,0.75,123,frozen,1.3,0.0,0.0,0.0,1.0,0.0,1.0
banking77,0.25,13,trainable,0.75,0.8913043478260869,0.8107344632768362,0.9896551724137931,0.2947368421052632,0.7052631578947368,0.010344827586206896
banking77,0.25,13,trainable,0.85,0.9193025141930251,0.8679173047473201,0.9771551724137931,0.5460526315789473,0.45394736842105265,0.022844827586206897
banking77,0.25,13,trainable,0.9,0.9245087900723888,0.8886679920477137,0.9633620689655172,0.631578947368421,0.3684210526315789,0.036637931034482756
banking77,0.25,13,trainable,0.95,0.9267773520647083,0.915475189234651,0.9383620689655172,0.7355263157894737,0.2644736842105263,0.06163793103448276
banking77,0.25,13,trainable,1.0,0.9154867256637168,0.9404545454545454,0.8918103448275863,0.8276315789473684,0.1723684210526316,0.10818965517241379
banking77,0.25,13,trainable,1.05,0.8814660171653909,0.9542943244600703,0.8189655172413793,0.8802631578947369,0.11973684210526316,0.1810344827586207
banking77,0.25,13,trainable,1.1,0.825882934057792,0.967032967032967,0.7206896551724138,0.925,0.075,0.2793103448275862
banking77,0.25,13,trainable,1.2,0.6442251886244922,0.9857904085257548,0.47844827586206895,0.9789473684210527,0.021052631578947368,0.521551724137931
banking77,0.25,13,trainable,1.3,0.40683760683760684,0.9834710743801653,0.25646551724137934,0.9868421052631579,0.013157894736842105,0.7435344827586207
banking77,0.25,13,frozen,0.75,0.8913974309069678,0.8126330731014905,0.9870689655172413,0.3052631578947368,0.6947368421052632,0.01293103448275862
banking77,0.25,13,frozen,0.85,0.9140991634360335,0.8678806664083688,0.9655172413793104,0.5513157894736842,0.4486842105263158,0.034482758620689655
banking77,0.25,13,frozen,0.9,0.9172932330827068,0.8897893030794165,0.946551724137931,0.6421052631578947,0.35789473684210527,0.05344827586206897
banking77,0.25,13,frozen,0.95,0.9106678230702514,0.9162303664921466,0.9051724137931034,0.7473684210526316,0.25263157894736843,0.09482758620689655
banking77,0.25,13,frozen,1.0,0.8895941963273634,0.9383070301291249,0.8456896551724138,0.8302631578947368,0.16973684210526316,0.1543103448275862
banking77,0.25,13,frozen,1.05,0.8380860318994684,0.9537953795379538,0.7474137931034482,0.8894736842105263,0.11052631578947368,0.2525862068965517
banking77,0.25,13,frozen,1.1,0.7606076479832373,0.9692923898531375,0.6258620689655172,0.9394736842105263,0.060526315789473685,0.3741379310344828
banking77,0.25,13,frozen,1.2,0.5552460538532962,0.9846322722283205,0.38663793103448274,0.9815789473684211,0.018421052631578946,0.6133620689655173
banking77,0.25,13,frozen,1.3,0.3262666187567373,0.980561555075594,0.1956896551724138,0.9881578947368421,0.011842105263157895,0.8043103448275862
banking77,0.25,42,trainable,0.75,0.9033143753677191,0.8287153652392947,0.9926724137931034,0.37368421052631584,0.6263157894736842,0.007327586206896552
banking77,0.25,42,trainable,0.85,0.9279408745637446,0.8859270874166993,0.9741379310344828,0.6171052631578947,0.3828947368421053,0.02586206896551724
banking77,0.25,42,trainable,0.9,0.9330263708664713,0.9068348250610252,0.9607758620689655,0.6986842105263158,0.3013157894736842,0.039224137931034485
banking77,0.25,42,trainable,0.95,0.9306000427076659,0.9221328819297503,0.9392241379310344,0.7578947368421053,0.24210526315789474,0.060775862068965514
banking77,0.25,42,trainable,1.0,0.9191208791208791,0.9376681614349776,0.9012931034482758,0.8171052631578948,0.18289473684210528,0.09870689655172414
banking77,0.25,42,trainable,1.05,0.8987284287011807,0.949616122840691,0.8530172413793103,0.8618421052631579,0.13815789473684212,0.14698275862068966
banking77,0.25,42,trainable,1.1,0.8614143331751305,0.9582893347412883,0.7823275862068966,0.8960526315789473,0.10394736842105264,0.21767241379310345
banking77,0.25,42,trainable,1.2,0.740780331373597,0.9746835443037974,0.5974137931034482,0.9526315789473684,0.04736842105263158,0.4025862068965517
banking77,0.25,42,trainable,1.3,0.5896894784443775,0.9809428284854563,0.421551724137931,0.975,0.025,0.5784482758620689
banking77,0.25,42,frozen,0.75,0.8993735317149569,0.8238880918220947,0.9900862068965517,0.3539473684210527,0.6460526315789473,0.009913793103448277
banking77,0.25,42,frozen,0.85,0.9220672682526662,0.8794992175273866,0.9689655172413794,0.5947368421052632,0.4052631578947368,0.03103448275862069
banking77,0.25,42,frozen,0.9,0.9228505360521336,0.9006975789905621,0.9461206896551724,0.6815789473684211,0.31842105263157894,0.05387931034482758
banking77,0.25,42,frozen,0.95,0.9090514434556111,0.9156099693922168,0.9025862068965518,0.7460526315789473,0.25394736842105264,0.09741379310344828
banking77,0.25,42,frozen,1.0,0.8845276129621177,0.9398642095053347,0.8353448275862069,0.8368421052631578,0.1631578947368421,0.1646551724137931
banking77,0.25,42,frozen,1.05,0.8324848484848485,0.9512465373961219,0.7400862068965517,0.8842105263157894,0.11578947368421053,0.25991379310344825
banking77,0.25,42,frozen,1.1,0.7519033867156734,0.9617192746809939,0.6172413793103448,0.925,0.075,0.38275862068965516
banking77,0.25,42,frozen,1.2,0.5377888819487819,0.9761904761904762,0.3711206896551724,0.9723684210526315,0.02763157894736842,0.6288793103448276
banking77,0.25,42,frozen,1.3,0.30021913805697586,0.9832535885167464,0.1771551724137931,0.9907894736842106,0.009210526315789473,0.8228448275862069
banking77,0.25,87,trainable,0.75,0.9028459273797841,0.8288288288288288,0.9913793103448276,0.375,0.625,0.008620689655172414
banking77,0.25,87,trainable,0.85,0.923890923890924,0.8750963762528913,0.978448275862069,0.5736842105263158,0.4263157894736842,0.021551724137931036
banking77,0.25,87,trainable,0.9,0.9331945889698232,0.9022132796780684,0.9663793103448276,0.6802631578947369,0.31973684210526315,0.03362068965517241
banking77,0.25,87,trainable,0.95,0.9360526874867219,0.9229157938835358,0.9495689655172413,0.7578947368421053,0.24210526315789474,0.05043103448275862
banking77,0.25,87,trainable,1.0,0.9304952215464813,0.9378283712784589,0.9232758620689655,0.8131578947368421,0.1868421052631579,0.07672413793103448
banking77,0.25,87,trainable,1.05,0.9202753719742394,0.9491525423728814,0.8931034482758621,0.8539473684210526,0.14605263157894738,0.10689655172413794
banking77,0.25,87,trainable,1.1,0.8918047882136279,0.9570158102766798,0.8349137931034483,0.8855263157894737,0.11447368421052631,0.16508620689655173
banking77,0.25,87,trainable,1.2,0.7777490297542043,0.9728155339805825,0.6478448275862069,0.9447368421052632,0.05526315789473684,0.3521551724137931
banking77,0.25,87,trainable,1.3,0.6125111176993774,0.9810066476733144,0.44525862068965516,0.9736842105263158,0.02631578947368421,0.5547413793103448
banking77,0.25,87,frozen,0.75,0.8972909764178524,0.8189256492351477,0.9922413793103448,0.3302631578947368,0.6697368421052632,0.007758620689655172
banking77,0.25,87,frozen,0.85,0.9213849287169044,0.8733590733590734,0.975,0.5684210526315789,0.43157894736842106,0.025
banking77,0.25,87,frozen,0.9,0.9283930058284763,0.8977455716586151,0.9612068965517241,0.6657894736842105,0.33421052631578946,0.03879310344827586
banking77,0.25,87,frozen,0.95,0.9240966431473165,0.9168434450572762,0.9314655172413793,0.7421052631578947,0.2578947368421053,0.06853448275862069
banking77,0.25,87,frozen,1.0,0.9068681929317626,0.9362092703074805,0.8793103448275862,0.8171052631578948,0.18289473684210528,0.1206896551724138
banking77,0.25,87,frozen,1.05,0.8609865470852018,0.9514866979655712,0.7862068965517242,0.8776315789473684,0.12236842105263158,0.21379310344827587
banking77,0.25,87,frozen,1.1,0.7821858203224981,0.962822936357908,0.6586206896551724,0.9223684210526316,0.07763157894736843,0.3413793103448276
banking77,0.25,87,frozen,1.2,0.574649603900061,0.9802494802494802,0.4064655172413793,0.975,0.025,0.5935344827586206
banking77,0.25,87,frozen,1.3,0.31349782293178524,0.9908256880733946,0.18620689655172415,0.9947368421052631,0.005263157894736842,0.8137931034482758
banking77,0.25,100,trainable,0.75,0.8990037116624342,0.8220793140407289,0.9918103448275862,0.3447368421052631,0.6552631578947369,0.008189655172413794
banking77,0.25,100,trainable,0.85,0.9200162403572878,0.8695318495778972,0.9767241379310345,0.5526315789473684,0.4473684210526316,0.02327586206896552
banking77,0.25,100,trainable,0.9,0.9286898839137645,0.8945686900958466,0.9655172413793104,0.6526315789473685,0.3473684210526316,0.034482758620689655
banking77,0.25,100,trainable,0.95,0.9281156954487452,0.9160369437447523,0.9405172413793104,0.736842105263158,0.2631578947368421,0.059482758620689656
banking77,0.25,100,trainable,1.0,0.9308176100628932,0.9367088607594937,0.925,0.8092105263157895,0.19078947368421054,0.075
banking77,0.25,100,trainable,1.05,0.9187986651835373,0.9494252873563218,0.8900862068965517,0.8552631578947368,0.14473684210526316,0.10991379310344827
banking77,0.25,100,trainable,1.1,0.8941555453290382,0.9590325765054294,0.8375,0.8907894736842106,0.10921052631578948,0.1625
banking77,0.25,100,trainable,1.2,0.787801127626858,0.9715549936788875,0.6625,0.9407894736842105,0.05921052631578947,0.3375
banking77,0.25,100,trainable,1.3,0.6391392846757779,0.9821268990169795,0.47370689655172415,0.9736842105263158,0.02631578947368421,0.5262931034482758
banking77,0.25,100,frozen,0.75,0.8959100600891646,0.8140190207819655,0.9961206896551724,0.3052631578947368,0.6947368421052632,0.003879310344827586
banking77,0.25,100,frozen,0.85,0.9149928991681882,0.8643158298198543,0.9719827586206896,0.5342105263157895,0.46578947368421053,0.028017241379310345
banking77,0.25,100,frozen,0.9,0.9188851913477537,0.8878617363344051,0.9521551724137931,0.6328947368421053,0.3671052631578947,0.047844827586206895
banking77,0.25,100,frozen,0.95,0.923770667811896,0.920410783055199,0.9271551724137931,0.7552631578947369,0.24473684210526317,0.0728448275862069
banking77,0.25,100,frozen,1.0,0.9114710450410473,0.9391860996799268,0.8853448275862069,0.825,0.175,0.1146551724137931
banking77,0.25,100,frozen,1.05,0.8669326449190331,0.9515713549716641,0.7961206896551725,0.8763157894736842,0.12368421052631579,0.2038793103448276
banking77,0.25,100,frozen,1.1,0.8025125628140704,0.9620481927710843,0.6883620689655172,0.9171052631578948,0.08289473684210526,0.3116379310344828
banking77,0.25,100,frozen,1.2,0.6218438050499119,0.9751381215469613,0.4564655172413793,0.9644736842105264,0.035526315789473684,0.5435344827586207
banking77,0.25,100,frozen,1.3,0.41711956521739135,0.9839743589743589,0.2646551724137931,0.9868421052631579,0.013157894736842105,0.7353448275862069
banking77,0.25,123,trainable,0.75,0.8935502842579887,0.8194893923049262,0.9823275862068965,0.33947368421052626,0.6605263157894737,0.01767241379310345
banking77,0.25,123,trainable,0.85,0.9074529074529075,0.8642745709828393,0.9551724137931035,0.5421052631578948,0.45789473684210524,0.04482758620689655
banking77,0.25,123,trainable,0.9,0.9160530191458026,0.8947801068639539,0.9383620689655172,0.6631578947368422,0.3368421052631579,0.06163793103448276
banking77,0.25,123,trainable,0.95,0.9124945581192861,0.9217238346525946,0.903448275862069,0.7657894736842106,0.23421052631578948,0.09655172413793103
banking77,0.25,123,trainable,1.0,0.8867710460630814,0.9362721609966459,0.8422413793103448,0.825,0.175,0.15775862068965518
banking77,0.25,123,trainable,1.05,0.839066634592254,0.9493739793140991,0.7517241379310344,0.8776315789473684,0.12236842105263158,0.2482758620689655
banking77,0.25,123,trainable,1.1,0.7622268470343393,0.9612860892388452,0.6314655172413793,0.9223684210526316,0.07763157894736843,0.36853448275862066
banking77,0.25,123,trainable,1.2,0.5390600684718332,0.9697648376259799,0.3732758620689655,0.9644736842105264,0.035526315789473684,0.6267241379310344
banking77,0.25,123,trainable,1.3,0.2882352941176471,0.98,0.16896551724137931,0.9894736842105263,0.010526315789473684,0.8310344827586207
banking77,0.25,123,frozen,0.75,0.8957680250783698,0.8211206896551724,0.9853448275862069,0.3447368421052631,0.6552631578947369,0.014655172413793103
banking77,0.25,123,frozen,0.85,0.9071105630908343,0.8668499607227023,0.9512931034482759,0.5539473684210526,0.44605263157894737,0.04870689655172414
banking77,0.25,123,frozen,0.9,0.9084745762711864,0.8933333333333333,0.9241379310344827,0.6631578947368422,0.3368421052631579,0.07586206896551724
banking77,0.25,123,frozen,0.95,0.899231613611416,0.916331096196868,0.8827586206896552,0.7539473684210527,0.24605263157894736,0.11724137931034483
banking77,0.25,123,frozen,1.0,0.866635687732342,0.9400201612903226,0.8038793103448276,0.843421052631579,0.15657894736842104,0.1961206896551724
banking77,0.25,123,frozen,1.05,0.8083209509658246,0.9499417927823051,0.7034482758620689,0.8868421052631579,0.11315789473684211,0.296551724137931
banking77,0.25,123,frozen,1.1,0.7153679653679654,0.9607558139534884,0.5698275862068966,0.9289473684210526,0.07105263157894737,0.43017241379310345
banking77,0.25,123,frozen,1.2,0.4722403657740039,0.9743935309973046,0.3116379310344828,0.975,0.025,0.6883620689655172
banking77,0.25,123,frozen,1.3,0.23319407519939236,0.9808306709265175,0.13232758620689655,0.9921052631578947,0.007894736842105263,0.8676724137931034
banking77,0.5,13,trainable,0.75,0.7472154963680386,0.6003891050583657,0.9891025641025641,0.3243421052631579,0.6756578947368421,0.010897435897435897
banking77,0.5,13,trainable,0.85,0.8076616121308858,0.6903137789904502,0.9730769230769231,0.5519736842105263,0.44802631578947366,0.026923076923076925
banking77,0.5,13,trainable,0.9,0.8331936295054484,0.7384843982169391,0.9557692307692308,0.6526315789473685,0.3473684210526316,0.04423076923076923
banking77,0.5,13,trainable,0.95,0.8452030606238964,0.7812840043525572,0.9205128205128205,0.7355263157894737,0.2644736842105263,0.07948717948717948
banking77,0.5,13,trainable,1.0,0.8462021343377276,0.8290282902829028,0.8641025641025641,0.8171052631578948,0.18289473684210528,0.1358974358974359
banking77,0.5,13,trainable,1.05,0.8274932614555256,0.8721590909090909,0.7871794871794872,0.881578947368421,0.11842105263157894,0.2128205128205128
banking77,0.5,13,trainable,1.1,0.7803468208092484,0.8940397350993378,0.6923076923076923,0.9157894736842105,0.08421052631578947,0.3076923076923077
banking77,0.5,13,trainable,1.2,0.599393676916414,0.9238985313751669,0.44358974358974357,0.9625,0.0375,0.5564102564102564
banking77,0.5,13,trainable,1.3,0.4002021222839818,0.9451073985680191,0.25384615384615383,0.9848684210526316,0.015131578947368421,0.7461538461538462
banking77,0.5,13,frozen,0.75,0.741989881956155,0.5943651099961405,0.9871794871794872,0.3085526315789474,0.6914473684210526,0.01282051282051282
banking77,0.5,13,frozen,0.85,0.7917448405253282,0.6803316444035007,0.9467948717948718,0.543421052631579,0.45657894736842103,0.0532051282051282
banking77,0.5,13,frozen,0.9,0.804787688800228,0.7244740892765521,0.9051282051282051,0.6467105263157895,0.35328947368421054,0.09487179487179487
banking77,0.5,13,frozen,0.95,0.7970158532794528,0.7736873868436934,0.8217948717948718,0.7532894736842105,0.24671052631578946,0.1782051282051282
banking77,0.5,13,frozen,1.0,0.773972602739726,0.8308823529411765,0.7243589743589743,0.8486842105263158,0.1513157894736842,0.27564102564102566
banking77,0.5,13,frozen,1.05,0.6908396946564885,0.8537735849056604,0.5801282051282052,0.8980263157894737,0.10197368421052631,0.4198717948717949
banking77,0.5,13,frozen,1.1,0.5859709153122327,0.8804627249357326,0.4391025641025641,0.9388157894736842,0.06118421052631579,0.5608974358974359
banking77,0.5,13,frozen,1.2,0.34479166666666666,0.9194444444444444,0.21217948717948718,0.9809210526315789,0.019078947368421053,0.7878205128205128
banking77,0.5,13,frozen,1.3,0.13752222880853585,0.9133858267716536,0.07435897435897436,0.9927631578947368,0.007236842105263158,0.9256410256410257
banking77,0.5,42,trainable,0.75,0.7417953667953668,0.5948142414860681,0.9852564102564103,0.31118421052631584,0.6888157894736842,0.014743589743589743
banking77,0.5,42,trainable,0.85,0.8054371002132196,0.6893248175182481,0.9685897435897436,0.5519736842105263,0.44802631578947366,0.03141025641025641
banking77,0.5,42,trainable,0.9,0.8292957746478873,0.7396984924623116,0.9435897435897436,0.6592105263157895,0.34078947368421053,0.05641025641025641
banking77,0.5,42,trainable,0.95,0.8460397508157818,0.7874102705687466,0.9141025641025641,0.7467105263157895,0.2532894736842105,0.0858974358974359
banking77,0.5,42,trainable,1.0,0.8414403032217309,0.8293897882938979,0.8538461538461538,0.8197368421052631,0.18026315789473685,0.14615384615384616
banking77,0.5,42,trainable,1.05,0.8098449089683075,0.8541963015647226,0.7698717948717949,0.8651315789473684,0.13486842105263158,0.23012820512820512
banking77,0.5,42,trainable,1.1,0.7570538658849394,0.88366124893071,0.6621794871794872,0.9105263157894736,0.08947368421052632,0.33782051282051284
banking77,0.5,42,trainable,1.2,0.5342403628117913,0.9131782945736434,0.37756410256410255,0.9631578947368421,0.03684210526315789,0.6224358974358974
banking77,0.5,42,trainable,1.3,0.32607541157727027,0.9504643962848297,0.1967948717948718,0.9894736842105263,0.010526315789473684,0.8032051282051282
banking77,0.5,42,frozen,0.75,0.7452121212121212,0.5992202729044834,0.9852564102564103,0.3236842105263158,0.6763157894736842,0.014743589743589743
banking77,0.5,42,frozen,0.85,0.7979717107018949,0.6835848193872885,0.9583333333333334,0.5447368421052632,0.45526315789473687,0.041666666666666664
banking77,0.5,42,frozen,0.9,0.819468024900962,0.7335359675785208,0.9282051282051282,0.6539473684210526,0.3460526315789474,0.07179487179487179
banking77,0.5,42,frozen,0.95,0.8197515904271433,0.7771395749569213,0.8673076923076923,0.7447368421052631,0.25526315789473686,0.1326923076923077
banking77,0.5,42,frozen,1.0,0.7993366500829188,0.8281786941580757,0.7724358974358975,0.8355263157894737,0.16447368421052633,0.22756410256410256
banking77,0.5,42,frozen,1.05,0.7300184162062614,0.858008658008658,0.6352564102564102,0.8921052631578947,0.10789473684210527,0.3647435897435897
banking77,0.5,42,frozen,1.1,0.61090303786933,0.8706998813760379,0.4705128205128205,0.9282894736842106,0.07171052631578947,0.5294871794871795
banking77,0.5,42,frozen,1.2,0.34407484407484407,0.9093406593406593,0.21217948717948718,0.9782894736842105,0.021710526315789475,0.7878205128205128
banking77,0.5,42,frozen,1.3,0.1285714285714286,0.9,0.06923076923076923,0.9921052631578947,0.007894736842105263,0.9307692307692308
banking77,0.5,87,trainable,0.75,0.7550572751645137,0.6091230829728667,0.992948717948718,0.3460526315789474,0.6539473684210526,0.007051282051282051
banking77,0.5,87,trainable,0.85,0.8166533226581264,0.6995884773662552,0.9807692307692307,0.5677631578947369,0.43223684210526314,0.019230769230769232
banking77,0.5,87,trainable,0.9,0.8416619876473891,0.7487512487512488,0.9608974358974359,0.6690789473684211,0.33092105263157895,0.0391025641025641
banking77,0.5,87,trainable,0.95,0.8538461538461538,0.7928571428571428,0.925,0.7519736842105263,0.24802631578947368,0.075
banking77,0.5,87,trainable,1.0,0.8554480174836091,0.8338405356055996,0.8782051282051282,0.8203947368421053,0.17960526315789474,0.12179487179487179
banking77,0.5,87,trainable,1.05,0.8345988775173325,0.8604492852280463,0.8102564102564103,0.8651315789473684,0.13486842105263158,0.18974358974358974
banking77,0.5,87,trainable,1.1,0.7909922589725544,0.8767550702028081,0.7205128205128205,0.8960526315789473,0.10394736842105264,0.2794871794871795
banking77,0.5,87,trainable,1.2,0.6298619824341279,0.9061371841155235,0.4826923076923077,0.9486842105263158,0.05131578947368421,0.5173076923076924
banking77,0.5,87,trainable,1.3,0.4102051025512757,0.9339407744874715,0.26282051282051283,0.9809210526315789,0.019078947368421053,0.7371794871794872
banking77,0.5,87,frozen,0.75,0.7518796992481204,0.6047600468201326,0.9935897435897436,0.3335526315789473,0.6664473684210527,0.00641025641025641
banking77,0.5,87,frozen,0.85,0.8085676037483266,0.6942528735632184,0.967948717948718,0.5625,0.4375,0.03205128205128205
banking77,0.5,87,frozen,0.9,0.8284258210645525,0.7418864097363083,0.9378205128205128,0.6651315789473684,0.3348684210526316,0.06217948717948718
banking77,0.5,87,frozen,0.95,0.8297680024103644,0.7828311540648095,0.8826923076923077,0.7486842105263158,0.2513157894736842,0.11730769230769231
banking77,0.5,87,frozen,1.0,0.8142344107084558,0.8296739853626082,0.7993589743589744,0.8315789473684211,0.16842105263157894,0.20064102564102565
banking77,0.5,87,frozen,1.05,0.739288307915759,0.8525963149078727,0.6525641025641026,0.8842105263157894,0.11578947368421053,0.3474358974358974
banking77,0.5,87,frozen,1.1,0.622478386167147,0.8699654775604143,0.4846153846153846,0.9256578947368421,0.07434210526315789,0.5153846153846153
banking77,0.5,87,frozen,1.2,0.3387180823345492,0.9052924791086351,0.20833333333333334,0.9776315789473684,0.02236842105263158,0.7916666666666666
banking77,0.5,87,frozen,1.3,0.15194346289752647,0.9347826086956522,0.08269230769230769,0.9940789473684211,0.0059210526315789476,0.9173076923076923
banking77,0.5,100,trainable,0.75,0.7410778443113772,0.5915869980879541,0.9916666666666667,0.2973684210526316,0.7026315789473684,0.008333333333333333
banking77,0.5,100,trainable,0.85,0.7967221781654771,0.6779127305443094,0.966025641025641,0.5289473684210526,0.4710526315789474,0.03397435897435897
banking77,0.5,100,trainable,0.9,0.8241262683201803,0.7354124748490946,0.9371794871794872,0.6539473684210526,0.3460526315789474,0.06282051282051282
banking77,0.5,100,trainable,0.95,0.8298129149064575,0.7839224629418472,0.8814102564102564,0.7506578947368421,0.2493421052631579,0.11858974358974358
banking77,0.5,100,trainable,1.0,0.8259473346178549,0.8275418275418276,0.8243589743589743,0.8236842105263158,0.1763157894736842,0.17564102564102563
banking77,0.5,100,trainable,1.05,0.7977839335180055,0.8674698795180723,0.7384615384615385,0.8842105263157894,0.11578947368421053,0.26153846153846155
banking77,0.5,100,trainable,1.1,0.7442034405385191,0.8931777378815081,0.6378205128205128,0.9217105263157894,0.07828947368421052,0.36217948717948717
banking77,0.5,100,trainable,1.2,0.5238970588235293,0.9253246753246753,0.36538461538461536,0.9697368421052631,0.030263157894736843,0.6346153846153846
banking77,0.5,100,trainable,1.3,0.26887052341597795,0.9568627450980393,0.1564102564102564,0.9927631578947368,0.007236842105263158,0.8435897435897436
banking77,0.5,100,frozen,0.75,0.7449939686369119,0.5972920696324951,0.9897435897435898,0.31513157894736843,0.6848684210526316,0.010256410256410256
banking77,0.5,100,frozen,0.85,0.7937701396348011,0.6829944547134935,0.9474358974358974,0.5486842105263158,0.4513157894736842,0.052564102564102565
banking77,0.5,100,frozen,0.9,0.8055235903337169,0.7306889352818372,0.8974358974358975,0.6605263157894736,0.3394736842105263,0.10256410256410256
banking77,0.5,100,frozen,0.95,0.8038545228473732,0.7803258901629451,0.8288461538461539,0.7605263157894737,0.2394736842105263,0.17115384615384616
banking77,0.5,100,frozen,1.0,0.7850151873101586,0.8289379900213828,0.7455128205128205,0.8421052631578947,0.15789473684210525,0.25448717948717947
banking77,0.5,100,frozen,1.05,0.7123185708969111,0.8491570541259982,0.6134615384615385,0.8881578947368421,0.1118421052631579,0.38653846153846155
banking77,0.5,100,frozen,1.1,0.6178184845961698,0.8812351543942993,0.4756410256410256,0.9342105263157895,0.06578947368421052,0.5243589743589744
banking77,0.5,100,frozen,1.2,0.3854692230070636,0.9052132701421801,0.24487179487179486,0.9736842105263158,0.02631578947368421,0.7551282051282051
banking77,0.5,100,frozen,1.3,0.19551466359976996,0.9497206703910615,0.10897435897435898,0.9940789473684211,0.0059210526315789476,0.8910256410256411
banking77,0.5,123,trainable,0.75,0.7521951219512195,0.6070866141732284,0.9884615384615385,0.34342105263157896,0.656578947368421,0.011538461538461539
banking77,0.5,123,trainable,0.85,0.7984913793103448,0.6886617100371747,0.95,0.5592105263157895,0.4407894736842105,0.05
banking77,0.5,123,trainable,0.9,0.8176352705410822,0.7387480600103467,0.9153846153846154,0.6677631578947368,0.33223684210526316,0.08461538461538462
banking77,0.5,123,trainable,0.95,0.8287191968360207,0.7886508396062536,0.8730769230769231,0.7598684210526316,0.24013157894736842,0.12692307692307692
banking77,0.5,123,trainable,1.0,0.809165302782324,0.8267558528428094,0.7923076923076923,0.8296052631578947,0.17039473684210527,0.2076923076923077
banking77,0.5,123,trainable,1.05,0.7649964714184898,0.8508634222919937,0.6948717948717948,0.875,0.125,0.30512820512820515
banking77,0.5,123,trainable,1.1,0.6965250965250965,0.8757281553398059,0.5782051282051283,0.9157894736842105,0.08421052631578947,0.4217948717948718
banking77,0.5,123,trainable,1.2,0.5071461502996772,0.90311986863711,0.3525641025641026,0.9611842105263158,0.03881578947368421,0.6474358974358975
banking77,0.5,123,trainable,1.3,0.29525862068965514,0.9256756756756757,0.17564102564102563,0.9855263157894737,0.014473684210526316,0.8243589743589743
banking77,0.5,123,frozen,0.75,0.7474502185526954,0.6016419077404223,0.9865384615384616,0.32960526315789473,0.6703947368421053,0.013461538461538462
banking77,0.5,123,frozen,0.85,0.7889610389610389,0.6825842696629213,0.9346153846153846,0.5539473684210526,0.44605263157894737,0.06538461538461539
banking77,0.5,123,frozen,0.9,0.80487097709481,0.7347803070407624,0.8897435897435897,0.6703947368421053,0.32960526315789473,0.11025641025641025
banking77,0.5,123,frozen,0.95,0.8008766437069504,0.7827417380660955,0.8198717948717948,0.7664473684210527,0.23355263157894737,0.18012820512820513
banking77,0.5,123,frozen,1.0,0.7698686938493434,0.8350824587706147,0.7141025641025641,0.8552631578947368,0.14473684210526316,0.2858974358974359
banking77,0.5,123,frozen,1.05,0.6815728604471858,0.8549323017408124,0.5666666666666667,0.9013157894736842,0.09868421052631579,0.43333333333333335
banking77,0.5,123,frozen,1.1,0.5674740484429065,0.8723404255319149,0.4205128205128205,0.9368421052631579,0.06315789473684211,0.5794871794871795
banking77,0.5,123,frozen,1.2,0.3021890016017085,0.9041533546325878,0.1814102564102564,0.9802631578947368,0.019736842105263157,0.8185897435897436
banking77,0.5,123,frozen,1.3,0.11531531531531532,0.9142857142857143,0.06153846153846154,0.9940789473684211,0.0059210526315789476,0.9384615384615385
banking77,0.75,13,trainable,0.75,0.47338403041825095,0.31176961602671116,0.9828947368421053,0.2892241379310345,0.7107758620689655,0.017105263157894738
banking77,0.75,13,trainable,0.85,0.5683145192681978,0.4035378662244334,0.9605263157894737,0.5349137931034482,0.4650862068965517,0.039473684210526314
banking77,0.75,13,trainable,0.9,0.6253869969040247,0.4710193204530313,0.9302631578947368,0.6577586206896552,0.3422413793103448,0.06973684210526315
banking77,0.75,13,trainable,0.95,0.6583291645822911,0.5310734463276836,0.8657894736842106,0.7495689655172414,0.2504310344827586,0.13421052631578947
banking77,0.75,13,trainable,1.0,0.6601269474899019,0.5878725590955807,0.7526315789473684,0.8271551724137931,0.1728448275862069,0.24736842105263157
banking77,0.75,13,trainable,1.05,0.6105834464043418,0.6302521008403361,0.5921052631578947,0.8862068965517241,0.11379310344827587,0.40789473684210525
banking77,0.75,13,trainable,1.1,0.5089141004862237,0.6624472573839663,0.4131578947368421,0.9310344827586207,0.06896551724137931,0.5868421052631579
banking77,0.75,13,trainable,1.2,0.3216494845360825,0.7428571428571429,0.20526315789473684,0.9767241379310345,0.02327586206896552,0.7947368421052632
banking77,0.75,13,trainable,1.3,0.1809635722679201,0.8461538461538461,0.1013157894736842,0.9939655172413793,0.00603448275862069,0.8986842105263158
banking77,0.75,13,frozen,0.75,0.4822236586942469,0.3196229648671808,0.9815789473684211,0.31551724137931036,0.6844827586206896,0.018421052631578946
banking77,0.75,13,frozen,0.85,0.5608000000000001,0.4028735632183908,0.9223684210526316,0.5521551724137931,0.4478448275862069,0.07763157894736843
banking77,0.75,13,frozen,0.9,0.595608417200366,0.45652173913043476,0.8565789473684211,0.665948275862069,0.33405172413793105,0.14342105263157895
banking77,0.75,13,frozen,0.95,0.5973045822102425,0.5059360730593607,0.7289473684210527,0.7668103448275863,0.2331896551724138,0.2710526315789474
banking77,0.75,13,frozen,1.0,0.5827984595635429,0.568922305764411,0.5973684210526315,0.8517241379310345,0.1482758620689655,0.4026315789473684
banking77,0.75,13,frozen,1.05,0.4924012158054711,0.5827338129496403,0.4263157894736842,0.9,0.1,0.5736842105263158
banking77,0.75,13,frozen,1.1,0.3813786929274843,0.5966386554621849,0.2802631578947368,0.9379310344827586,0.06206896551724138,0.7197368421052631
banking77,0.75,13,frozen,1.2,0.20535714285714282,0.6764705882352942,0.12105263157894737,0.9810344827586207,0.01896551724137931,0.8789473684210526
banking77,0.75,13,frozen,1.3,0.12318840579710146,0.75,0.06710526315789474,0.9926724137931034,0.007327586206896552,0.9328947368421052
banking77,0.75,42,trainable,0.75,0.48741123305358297,0.3229255774165954,0.993421052631579,0.3176724137931034,0.6823275862068966,0.006578947368421052
banking77,0.75,42,trainable,0.85,0.5872206977655822,0.41820212171970966,0.9855263157894737,0.5508620689655173,0.44913793103448274,0.014473684210526316
banking77,0.75,42,trainable,0.9,0.6419213973799126,0.4803921568627451,0.9671052631578947,0.6573275862068966,0.3426724137931034,0.03289473684210526
banking77,0.75,42,trainable,0.95,0.6858536585365853,0.5449612403100775,0.925,0.7469827586206896,0.25301724137931036,0.075
banking77,0.75,42,trainable,1.0,0.7272727272727273,0.6255924170616114,0.868421052631579,0.8297413793103449,0.17025862068965517,0.13157894736842105
banking77,0.75,42,trainable,1.05,0.7241379310344828,0.6805555555555556,0.7736842105263158,0.8810344827586207,0.11896551724137931,0.22631578947368422
banking77,0.75,42,trainable,1.1,0.675997200839748,0.7219730941704036,0.6355263157894737,0.9198275862068965,0.08017241379310344,0.36447368421052634
banking77,0.75,42,trainable,1.2,0.45149253731343286,0.7756410256410257,0.31842105263157894,0.9698275862068966,0.03017241379310345,0.6815789473684211
banking77,0.75,42,trainable,1.3,0.24296962879640044,0.8372093023255814,0.14210526315789473,0.990948275862069,0.009051724137931035,0.8578947368421053
banking77,0.75,42,frozen,0.75,0.4888023369036027,0.3244291253769927,0.9907894736842106,0.32413793103448274,0.6758620689655173,0.009210526315789473
banking77,0.75,42,frozen,0.85,0.5780439121756487,0.41489971346704874,0.9526315789473684,0.5599137931034484,0.4400862068965517,0.04736842105263158
banking77,0.75,42,frozen,0.9,0.6216216216216216,0.4726027397260274,0.9078947368421053,0.6681034482758621,0.33189655172413796,0.09210526315789473
banking77,0.75,42,frozen,0.95,0.6491769547325102,0.5329391891891891,0.8302631578947368,0.7616379310344827,0.23836206896551723,0.16973684210526316
banking77,0.75,42,frozen,1.0,0.6482504604051565,0.6075949367088608,0.6947368421052632,0.8530172413793103,0.14698275862068966,0.30526315789473685
banking77,0.75,42,frozen,1.05,0.5820029027576198,0.6488673139158576,0.5276315789473685,0.9064655172413794,0.0935344827586207,0.4723684210526316
banking77,0.75,42,frozen,1.1,0.45556514236410706,0.6616541353383458,0.3473684210526316,0.9418103448275862,0.05818965517241379,0.6526315789473685
banking77,0.75,42,frozen,1.2,0.21875000000000003,0.7205882352941176,0.12894736842105264,0.9836206896551725,0.016379310344827588,0.8710526315789474
banking77,0.75,42,frozen,1.3,0.08888888888888888,0.72,0.04736842105263158,0.9939655172413793,0.00603448275862069,0.9526315789473684
banking77,0.75,87,trainable,0.75,0.4872044055717525,0.32316287064890414,0.9894736842105263,0.3211206896551724,0.6788793103448276,0.010526315789473684
banking77,0.75,87,trainable,0.85,0.5796757611704231,0.4143583945732052,0.9644736842105263,0.5534482758620689,0.44655172413793104,0.035526315789473684
banking77,0.75,87,trainable,0.9,0.6310207688908529,0.4750499001996008,0.9394736842105263,0.6599137931034482,0.3400862068965517,0.060526315789473685
banking77,0.75,87,trainable,0.95,0.6709613478691774,0.5381558028616852,0.8907894736842106,0.7495689655172414,0.2504310344827586,0.10921052631578948
banking77,0.75,87,trainable,1.0,0.6984478935698447,0.603448275862069,0.8289473684210527,0.8215517241379311,0.17844827586206896,0.17105263157894737
banking77,0.75,87,trainable,1.05,0.7154271665642288,0.671280276816609,0.7657894736842106,0.8771551724137931,0.12284482758620689,0.23421052631578948
banking77,0.75,87,trainable,1.1,0.6790633608815427,0.7124277456647399,0.6486842105263158,0.9142241379310345,0.08577586206896552,0.3513157894736842
banking77,0.75,87,trainable,1.2,0.5,0.7553191489361702,0.3736842105263158,0.9603448275862069,0.039655172413793106,0.6263157894736842
banking77,0.75,87,trainable,1.3,0.29189189189189185,0.8181818181818182,0.17763157894736842,0.9870689655172413,0.01293103448275862,0.8223684210526315
banking77,0.75,87,frozen,0.75,0.4833171363783609,0.3205844434894714,0.9815789473684211,0.31853448275862073,0.6814655172413793,0.018421052631578946
banking77,0.75,87,frozen,0.85,0.5606425702811245,0.40346820809248557,0.9184210526315789,0.5551724137931034,0.44482758620689655,0.08157894736842106
banking77,0.75,87,frozen,0.9,0.5985467756584923,0.45700416088765605,0.8671052631578947,0.6625,0.3375,0.13289473684210526
banking77,0.75,87,frozen,0.95,0.6237571951857666,0.5178105994787141,0.7842105263157895,0.7607758620689655,0.23922413793103448,0.21578947368421053
banking77,0.75,87,frozen,1.0,0.6253101736972705,0.5915492957746479,0.6631578947368421,0.85,0.15,0.3368421052631579
banking77,0.75,87,frozen,1.05,0.5653761869978087,0.6354679802955665,0.5092105263157894,0.9043103448275862,0.09568965517241379,0.49078947368421055
banking77,0.75,87,frozen,1.1,0.45462402765773563,0.6624685138539043,0.3460526315789474,0.9422413793103448,0.05775862068965517,0.6539473684210526
banking77,0.75,87,frozen,1.2,0.2222222222222222,0.7142857142857143,0.13157894736842105,0.9827586206896551,0.017241379310344827,0.868421052631579
banking77,0.75,87,frozen,1.3,0.074719800747198,0.6976744186046512,0.039473684210526314,0.9943965517241379,0.005603448275862069,0.9605263157894737
banking77,0.75,100,trainable,0.75,0.4893341952165482,0.32433590402742074,0.9960526315789474,0.32025862068965516,0.6797413793103448,0.003947368421052632
banking77,0.75,100,trainable,0.85,0.5814138204924543,0.41638225255972694,0.9631578947368421,0.5577586206896552,0.44224137931034485,0.03684210526315789
banking77,0.75,100,trainable,0.9,0.6283422459893048,0.4750673854447439,0.9276315789473685,0.6642241379310345,0.33577586206896554,0.07236842105263158
banking77,0.75,100,trainable,0.95,0.6666666666666667,0.538961038961039,0.8736842105263158,0.7551724137931035,0.24482758620689654,0.12631578947368421
banking77,0.75,100,trainable,1.0,0.6801573917931422,0.5937193326790972,0.7960526315789473,0.8215517241379311,0.17844827586206896,0.20394736842105263
banking77,0.75,100,trainable,1.05,0.6873417721518987,0.6621951219512195,0.7144736842105263,0.880603448275862,0.11939655172413793,0.2855263157894737
banking77,0.75,100,trainable,1.1,0.6610049539985845,0.7151607963246555,0.6144736842105263,0.9198275862068965,0.08017241379310344,0.38552631578947366
banking77,0.75,100,trainable,1.2,0.4750679963735267,0.7638483965014577,0.3447368421052632,0.9650862068965518,0.034913793103448276,0.6552631578947369
banking77,0.75,100,trainable,1.3,0.26077348066298345,0.8137931034482758,0.15526315789473685,0.9883620689655173,0.01163793103448276,0.8447368421052631
banking77,0.75,100,frozen,0.75,0.4821600771456123,0.31901318587834965,0.9868421052631579,0.30991379310344824,0.6900862068965518,0.013157894736842105
banking77,0.75,100,frozen,0.85,0.5545023696682464,0.3961625282167043,0.9236842105263158,0.5387931034482758,0.46120689655172414,0.07631578947368421
banking77,0.75,100,frozen,0.9,0.5866302864938608,0.448227936066713,0.8486842105263158,0.6577586206896552,0.3422413793103448,0.1513157894736842
banking77,0.75,100,frozen,0.95,0.6061571125265394,0.5080071174377224,0.7513157894736842,0.7616379310344827,0.23836206896551723,0.24868421052631579
banking77,0.75,100,frozen,1.0,0.6064434617814276,0.583232077764277,0.631578947368421,0.8521551724137931,0.1478448275862069,0.3684210526315789
banking77,0.75,100,frozen,1.05,0.5482682387619751,0.6231155778894473,0.48947368421052634,0.9030172413793104,0.09698275862068965,0.5105263157894737
banking77,0.75,100,frozen,1.1,0.43120070113935144,0.6456692913385826,0.3236842105263158,0.9418103448275862,0.05818965517241379,0.6763157894736842
banking77,0.75,100,frozen,1.2,0.2192691029900332,0.6923076923076923,0.13026315789473683,0.9810344827586207,0.01896551724137931,0.8697368421052631
banking77,0.75,100,frozen,1.3,0.086848635235732,0.7608695652173914,0.046052631578947366,0.9952586206896552,0.0047413793103448275,0.9539473684210527
banking77,0.75,123,trainable,0.75,0.48543689320388356,0.3218884120171674,0.9868421052631579,0.31896551724137934,0.6810344827586207,0.013157894736842105
banking77,0.75,123,trainable,0.85,0.574367088607595,0.4106334841628959,0.9552631578947368,0.5508620689655173,0.44913793103448274,0.04473684210526316
banking77,0.75,123,trainable,0.9,0.6162843004948269,0.46821599453178403,0.9013157894736842,0.6646551724137931,0.3353448275862069,0.09868421052631579
banking77,0.75,123,trainable,0.95,0.6470886075949367,0.5259259259259259,0.8407894736842105,0.7517241379310344,0.2482758620689655,0.15921052631578947
banking77,0.75,123,trainable,1.0,0.6666666666666667,0.5856573705179283,0.7736842105263158,0.8206896551724138,0.1793103448275862,0.22631578947368422
banking77,0.75,123,trainable,1.05,0.6555269922879177,0.6407035175879398,0.6710526315789473,0.8767241379310344,0.12327586206896551,0.32894736842105265
banking77,0.75,123,trainable,1.1,0.611764705882353,0.6933333333333334,0.5473684210526316,0.9206896551724137,0.07931034482758621,0.45263157894736844
banking77,0.75,123,trainable,1.2,0.43387250237868696,0.7835051546391752,0.3,0.9728448275862069,0.027155172413793102,0.7
banking77,0.75,123,trainable,1.3,0.20253164556962025,0.8073394495412844,0.11578947368421053,0.990948275862069,0.009051724137931035,0.8842105263157894
banking77,0.75,123,frozen,0.75,0.48266925817946227,0.32015470562956594,0.9802631578947368,0.3181034482758621,0.6818965517241379,0.019736842105263157
banking77,0.75,123,frozen,0.85,0.5641646489104116,0.40686845168800934,0.9197368421052632,0.5607758620689656,0.4392241379310345,0.08026315789473684
banking77,0.75,123,frozen,0.9,0.6108555657773689,0.4695898161244696,0.8736842105263158,0.6767241379310345,0.3232758620689655,0.12631578947368421
banking77,0.75,123,frozen,0.95,0.6233351092168353,0.5237242614145031,0.7697368421052632,0.7706896551724138,0.2293103448275862,0.23026315789473684
banking77,0.75,123,frozen,1.0,0.6227848101265823,0.6,0.6473684210526316,0.8586206896551725,0.1413793103448276,0.3526315789473684
banking77,0.75,123,frozen,1.05,0.5458612975391498,0.6299483648881239,0.48157894736842105,0.9073275862068966,0.09267241379310345,0.5184210526315789
banking77,0.75,123,frozen,1.1,0.4387665198237886,0.664,0.32763157894736844,0.9456896551724138,0.054310344827586204,0.6723684210526316
banking77,0.75,123,frozen,1.2,0.2702702702702703,0.7575757575757576,0.16447368421052633,0.9827586206896551,0.017241379310344827,0.8355263157894737
banking77,0.75,123,frozen,1.3,0.12091898428053204,0.746268656716418,0.06578947368421052,0.9926724137931034,0.007327586206896552,0.9342105263157895
stackoverflow,0.25,13,trainable,0.75,0.8624292972869332,0.7583881301635474,0.9995555555555555,0.04466666666666663,0.9553333333333334,0.00044444444444444447
stackoverflow,0.25,13,trainable,0.85,0.8920906200317965,0.8067936736161035,0.9975555555555555,0.2833333333333333,0.7166666666666667,0.0024444444444444444
stackoverflow,0.25,13,trainable,0.9,0.9200828157349895,0.8612403100775193,0.9875555555555555,0.5226666666666666,0.47733333333333333,0.012444444444444444
stackoverflow,0.25,13,trainable,0.95,0.9418252595155708,0.9172283066554339,0.9677777777777777,0.738,0.262,0.03222222222222222
stackoverflow,0.25,13,trainable,1.0,0.9348581679560489,0.9434261145055443,0.9264444444444444,0.8333333333333334,0.16666666666666666,0.07355555555555555
stackoverflow,0.25,13,trainable,1.05,0.807176045431079,0.9627463054187192,0.6948888888888889,0.9193333333333333,0.08066666666666666,0.3051111111111111
stackoverflow,0.25,13,trainable,1.1,0.292508020381204,0.9699624530663329,0.17222222222222222,0.984,0.016,0.8277777777777777
stackoverflow,0.25,13,trainable,1.2,0.0,0.0,0.0,1.0,0.0,1.0
stackoverflow,0.25,13,trainable,1.3,0.0,0.0,0.0,1.0,0.0,1.0
stackoverflow,0.25,13,frozen,0.75,0.8621813302664367,0.7580047185709471,0.9995555555555555,0.04266666666666663,0.9573333333333334,0.00044444444444444447
stackoverflow,0.25,13,frozen,0.85,0.8911834789515488,0.8054558506819813,0.9973333333333333,0.2773333333333333,0.7226666666666667,0.0026666666666666666
stackoverflow,0.25,13,frozen,0.9,0.9201033591731267,0.860096618357488,0.9891111111111112,0.5173333333333333,0.4826666666666667,0.010888888888888889
stackoverflow,0.25,13,frozen,0.95,0.9422807206818427,0.9157055986579996,0.9704444444444444,0.732,0.268,0.029555555555555557
stackoverflow,0.25,13,frozen,1.0,0.9337532336070183,0.945342746526987,0.9224444444444444,0.84,0.16,0.07755555555555556
stackoverflow,0.25,13,frozen,1.05,0.762825678216492,0.9640190088255262,0.6311111111111111,0.9293333333333333,0.07066666666666667,0.3688888888888889
stackoverflow,0.25,13,frozen,1.1,0.13973619126133552,0.9630681818181818,0.07533333333333334,0.9913333333333333,0.008666666666666666,0.9246666666666666
stackoverflow,0.25,13,frozen,1.2,0.0,0.0,0.0,1.0,0.0,1.0
stackoverflow,0.25,13,frozen,1.3,0.0,0.0,0.0,1.0,0.0,1.0
stackoverflow,0.25,42,trainable,0.75,0.9277731788079471,0.8681254841208366,0.9962222222222222,0.546,0.454,0.003777777777777778
stackoverflow,0.25,42,trainable,0.85,0.9545600342136212,0.9198433958376262,0.992,0.7406666666666666,0.25933333333333336,0.008
stackoverflow,0.25,42,trainable,0.9,0.9594988659682472,0.9333893675141837,0.9871111111111112,0.7886666666666666,0.21133333333333335,0.012888888888888889
stackoverflow,0.25,42,trainable,0.95,0.960959651035987,0.9434689507494647,0.9791111111111112,0.8240000000000001,0.176,0.020888888888888887
stackoverflow,0.25,42,trainable,1.0,0.9546207353428289,0.9486504279131007,0.9606666666666667,0.844,0.156,0.03933333333333333
stackoverflow,0.25,42,trainable,1.05,0.9432983880058619,0.9572180279112331,0.9297777777777778,0.8753333333333333,0.12466666666666666,0.07022222222222223
stackoverflow,0.25,42,trainable,1.1,0.9228634208395975,0.9621413069688932,0.8866666666666667,0.8953333333333333,0.10466666666666667,0.11333333333333333
stackoverflow,0.25,42,trainable,1.2,0.8537313432835821,0.9694915254237289,0.7626666666666667,0.928,0.072,0.23733333333333334
stackoverflow,0.25,42,trainable,1.3,0.7485926129342305,0.9795185052102048,0.6057777777777777,0.962,0.038,0.3942222222222222
stackoverflow,0.25,42,frozen,0.75,0.863780359028511,0.7603515294912963,0.9997777777777778,0.05466666666666664,0.9453333333333334,0.00022222222222222223
stackoverflow,0.25,42,frozen,0.85,0.8974615230861483,0.815474028332728,0.9977777777777778,0.32266666666666666,0.6773333333333333,0.0022222222222222222
stackoverflow,0.25,42,frozen,0.9,0.9197454844006568,0.8545003813882532,0.9957777777777778,0.4913333333333333,0.5086666666666667,0.004222222222222222
stackoverflow,0.25,42,frozen,0.95,0.9316301957910167,0.8808156800633538,0.9886666666666667,0.5986666666666667,0.4013333333333333,0.011333333333333334
stackoverflow,0.25,42,frozen,1.0,0.8654145232683335,0.9372894532262244,0.8037777777777778,0.8386666666666667,0.16133333333333333,0.19622222222222221
stackoverflow,0.25,42,frozen,1.05,0.2561423873089572,0.9895366218236173,0.1471111111111111,0.9953333333333333,0.004666666666666667,0.8528888888888889
stackoverflow,0.25,42,frozen,1.1,0.0,0.0,0.0,1.0,0.0,1.0
stackoverflow,0.25,42,frozen,1.2,0.0,0.0,0.0,1.0,0.0,1.0
stackoverflow,0.25,42,frozen,1.3,0.0,0.0,0.0,1.0,0.0,1.0
stackoverflow,0.25,87,trainable,0.75,0.9200368588102795,0.8530472754888931,0.9984444444444445,0.484,0.516,0.0015555555555555555
stackoverflow,0.25,87,trainable,0.85,0.9517124016166773,0.9126886984904121,0.9942222222222222,0.7146666666666667,0.2853333333333333,0.0057777777777777775
stackoverflow,0.25,87,trainable,0.9,0.9584094572810318,0.9279916753381894,0.9908888888888889,0.7693333333333333,0.23066666666666666,0.009111111111111111
stackoverflow,0.25,87,trainable,0.95,0.9621985661525092,0.9411389715257119,0.9842222222222222,0.8153333333333334,0.18466666666666667,0.01577777777777778
stackoverflow,0.25,87,trainable,1.0,0.961905807443188,0.9505315686699934,0.9735555555555555,0.848,0.152,0.026444444444444444
stackoverflow,0.25,87,trainable,1.05,0.9555431754874651,0.9582122905027933,0.9528888888888889,0.8753333333333333,0.12466666666666666,0.04711111111111111
stackoverflow,0.25,87,trainable,1.1,0.94385845525689,0.9638637943015983,0.9246666666666666,0.896,0.104,0.07533333333333334
stackoverflow,0.25,87,trainable,1.2,0.8968244457759138,0.9732119635890767,0.8315555555555556,0.9313333333333333,0.06866666666666667,0.16844444444444445
stackoverflow,0.25,87,trainable,1.3,0.816103896103896,0.981875,0.6982222222222222,0.9613333333333334,0.03866666666666667,0.30177777777777776
stackoverflow,0.25,87,frozen,0.75,0.8588605782994561,0.7526342197691922,1.0,0.014000000000000012,0.986,0.0
stackoverflow,0.25,87,frozen,0.85,0.8811599882433624,0.7879796740844577,0.9993333333333333,0.19333333333333336,0.8066666666666666,0.0006666666666666666
stackoverflow,0.25,87,frozen,0.9,0.9059535822401614,0.8297597042513863,0.9975555555555555,0.386,0.614,0.0024444444444444444
stackoverflow,0.25,87,frozen,0.95,0.9305847707193943,0.8833865814696485,0.9831111111111112,0.6106666666666667,0.3893333333333333,0.016888888888888887
stackoverflow,0.25,87,frozen,1.0,0.8998380754105945,0.9382537385431742,0.8644444444444445,0.8293333333333334,0.17066666666666666,0.13555555555555557
stackoverflow,0.25,87,frozen,1.05,0.6190259444697315,0.975609756097561,0.4533333333333333,0.966,0.034,0.5466666666666666
stackoverflow,0.25,87,frozen,1.1,0.021108179419525065,1.0,0.010666666666666666,1.0,0.0,0.9893333333333333
stackoverflow,0.25,87,frozen,1.2,0.0,0.0,0.0,1.0,0.0,1.0
stackoverflow,0.25,87,frozen,1.3,0.0,0.0,0.0,1.0,0.0,1.0
stackoverflow,0.25,100,trainable,0.75,0.9413123359580053,0.8921393034825871,0.9962222222222222,0.6386666666666667,0.36133333333333334,0.003777777777777778
stackoverflow,0.25,100,trainable,0.85,0.9611254295532645,0.9299667497921862,0.9944444444444445,0.7753333333333333,0.22466666666666665,0.005555555555555556
stackoverflow,0.25,100,trainable,0.9,0.9662629757785467,0.941027801179444,0.9928888888888889,0.8133333333333334,0.18666666666666668,0.0071111111111111115
stackoverflow,0.25,100,trainable,0.95,0.9683661267529078,0.9478612470738454,0.9897777777777778,0.8366666666666667,0.16333333333333333,0.010222222222222223
stackoverflow,0.25,100,trainable,1.0,0.9664517539066769,0.950763276714685,0.9826666666666667,0.8473333333333333,0.15266666666666667,0.017333333333333333
stackoverflow,0.25,100,trainable,1.05,0.9653574580759047,0.9585889570552147,0.9722222222222222,0.874,0.126,0.027777777777777776
stackoverflow,0.25,100,trainable,1.1,0.9604103936656629,0.9639579135885382,0.9568888888888889,0.8926666666666667,0.10733333333333334,0.043111111111111114
stackoverflow,0.25,100,trainable,1.2,0.9418098510882017,0.9718676122931442,0.9135555555555556,0.9206666666666666,0.07933333333333334,0.08644444444444445
stackoverflow,0.25,100,trainable,1.3,0.8971737823211064,0.9777195281782438,0.8288888888888889,0.9433333333333334,0.056666666666666664,0.1711111111111111
stackoverflow,0.25,100,frozen,0.75,0.8591885441527446,0.7531380753138075,1.0,0.01666666666666672,0.9833333333333333,0.0
stackoverflow,0.25,100,frozen,0.85,0.8856074030320928,0.7949805585012372,0.9995555555555555,0.22666666666666668,0.7733333333333333,0.00044444444444444447
stackoverflow,0.25,100,frozen,0.9,0.9151126057270966,0.8450969320534538,0.9977777777777778,0.45133333333333336,0.5486666666666666,0.0022222222222222222
stackoverflow,0.25,100,frozen,0.95,0.9446033259188645,0.9024488969844161,0.9908888888888889,0.6786666666666666,0.32133333333333336,0.009111111111111111
stackoverflow,0.25,100,frozen,1.0,0.9364811691961777,0.9476678043230944,0.9255555555555556,0.8466666666666667,0.15333333333333332,0.07444444444444444
stackoverflow,0.25,100,frozen,1.05,0.7986979166666667,0.9644654088050314,0.6815555555555556,0.9246666666666666,0.07533333333333334,0.3184444444444444
stackoverflow,0.25,100,frozen,1.1,0.34197462768891335,0.9904153354632588,0.20666666666666667,0.994,0.006,0.7933333333333333
stackoverflow,0.25,100,frozen,1.2,0.0,0.0,0.0,1.0,0.0,1.0
stackoverflow,0.25,100,frozen,1.3,0.0,0.0,0.0,1.0,0.0,1.0
stackoverflow,0.25,123,trainable,0.75,0.9362765514369014,0.8808777429467085,0.9991111111111111,0.5946666666666667,0.4053333333333333,0.0008888888888888889
stackoverflow,0.25,123,trainable,0.85,0.9569306401624452,0.9217624047766111,0.9948888888888889,0.7466666666666666,0.25333333333333335,0.005111111111111111
stackoverflow,0.25,123,trainable,0.9,0.9596808969383356,0.9319514237855946,0.9891111111111112,0.7833333333333333,0.21666666666666667,0.010888888888888889
stackoverflow,0.25,123,trainable,0.95,0.9600783204612204,0.9403366716386107,0.9806666666666667,0.8133333333333334,0.18666666666666668,0.019333333333333334
stackoverflow,0.25,123,trainable,1.0,0.9561480828558836,0.948208041958042,0.9642222222222222,0.842,0.158,0.035777777777777776
stackoverflow,0.25,123,trainable,1.05,0.9473801809853647,0.9525949224893282,0.9422222222222222,0.8593333333333333,0.14066666666666666,0.057777777777777775
stackoverflow,0.25,123,trainable,1.1,0.9314383172256965,0.9536670547147846,0.9102222222222223,0.8673333333333333,0.13266666666666665,0.08977777777777778
stackoverflow,0.25,123,trainable,1.2,0.885135944424482,0.9599896076903092,0.8211111111111111,0.8973333333333333,0.10266666666666667,0.17888888888888888
stackoverflow,0.25,123,trainable,1.3,0.8030717167773006,0.9692114357524348,0.6855555555555556,0.9346666666666666,0.06533333333333333,0.31444444444444447
stackoverflow,0.25,123,frozen,0.75,0.8644702718278743,0.7612925054982237,1.0,0.05933333333333335,0.9406666666666667,0.0
stackoverflow,0.25,123,frozen,0.85,0.8996,0.8178181818181818,0.9995555555555555,0.33199999999999996,0.668,0.00044444444444444447
stackoverflow,0.25,123,frozen,0.9,0.921799733524649,0.8554308540992962,0.9993333333333333,0.4933333333333333,0.5066666666666667,0.0006666666666666666
stackoverflow,0.25,123,frozen,0.95,0.9381879762912786,0.8957154405820533,0.9848888888888889,0.656,0.344,0.015111111111111112
stackoverflow,0.25,123,frozen,1.0,0.8854604955586723,0.9339250493096647,0.8417777777777777,0.8213333333333334,0.17866666666666667,0.1582222222222222
stackoverflow,0.25,123,frozen,1.05,0.5357370772176133,0.9496606334841629,0.3731111111111111,0.9406666666666667,0.059333333333333335,0.6268888888888889
stackoverflow,0.25,123,frozen,1.1,0.009285872208711033,0.9130434782608695,0.004666666666666667,0.9986666666666667,0.0013333333333333333,0.9953333333333333
stackoverflow,0.25,123,frozen,1.2,0.0,0.0,0.0,1.0,0.0,1.0
stackoverflow,0.25,123,frozen,1.3,0.0,0.0,0.0,1.0,0.0,1.0
stackoverflow,0.5,13,trainable,0.75,0.8030405863988054,0.6773528738264255,0.986,0.5303333333333333,0.4696666666666667,0.014
stackoverflow,0.5,13,trainable,0.85,0.8619458494495688,0.778344975819452,0.9656666666666667,0.725,0.275,0.034333333333333334
stackoverflow,0.5,13,trainable,0.9,0.8751926040061633,0.8137535816618912,0.9466666666666667,0.7833333333333333,0.21666666666666667,0.05333333333333334
stackoverflow,0.5,13,trainable,0.95,0.868362480127186,0.8300911854103343,0.9103333333333333,0.8136666666666666,0.18633333333333332,0.08966666666666667
stackoverflow,0.5,13,trainable,1.0,0.8565782973818541,0.8464041653107712,0.867,0.8426666666666667,0.15733333333333333,0.133
stackoverflow,0.5,13,trainable,1.05,0.8200138985406532,0.8563134978229318,0.7866666666666666,0.868,0.132,0.21333333333333335
stackoverflow,0.5,13,trainable,1.1,0.759173030359471,0.8602785985647953,0.6793333333333333,0.8896666666666666,0.11033333333333334,0.32066666666666666
stackoverflow,0.5,13,trainable,1.2,0.5507312614259597,0.8757267441860465,0.40166666666666667,0.943,0.057,0.5983333333333334
stackoverflow,0.5,13,trainable,1.3,0.24402877697841727,0.8926315789473684,0.14133333333333334,0.983,0.017,0.8586666666666667
stackoverflow,0.5,13,frozen,0.75,0.6740890688259109,0.5086558044806517,0.999,0.03500000000000003,0.965,0.001
stackoverflow,0.5,13,frozen,0.85,0.7307268047554848,0.5778251599147122,0.9936666666666667,0.274,0.726,0.006333333333333333
stackoverflow,0.5,13,frozen,0.9,0.78705189941145,0.6572832886505808,0.9806666666666667,0.4886666666666667,0.5113333333333333,0.019333333333333334
stackoverflow,0.5,13,frozen,0.95,0.8351454598883337,0.7467157120336311,0.9473333333333334,0.6786666666666666,0.32133333333333336,0.05266666666666667
stackoverflow,0.5,13,frozen,1.0,0.7185035760132037,0.7986139421117,0.653,0.8353333333333334,0.16466666666666666,0.347
stackoverflow,0.5,13,frozen,1.05,0.1944856211088052,0.8793565683646113,0.10933333333333334,0.985,0.015,0.8906666666666667
stackoverflow,0.5,13,frozen,1.1,0.0,0.0,0.0,1.0,0.0,1.0
stackoverflow,0.5,13,frozen,1.2,0.0,0.0,0.0,1.0,0.0,1.0
stackoverflow,0.5,13,frozen,1.3,0.0,0.0,0.0,1.0,0.0,1.0
stackoverflow,0.5,42,trainable,0.75,0.7873639500929123,0.6541685046316719,0.9886666666666667,0.4773333333333334,0.5226666666666666,0.011333333333333334
stackoverflow,0.5,42,trainable,0.85,0.8578109016513226,0.7637262555295342,0.9783333333333334,0.6973333333333334,0.30266666666666664,0.021666666666666667
stackoverflow,0.5,42,trainable,0.9,0.8762420957542908,0.7990115321252059,0.97,0.756,0.244,0.03
stackoverflow,0.5,42,trainable,0.95,0.8831007751937985,0.8255072463768116,0.9493333333333334,0.7993333333333333,0.20066666666666666,0.050666666666666665
stackoverflow,0.5,42,trainable,1.0,0.8754826254826255,0.8460820895522388,0.907,0.835,0.165,0.093
stackoverflow,0.5,42,trainable,1.05,0.8477966101694915,0.8624137931034482,0.8336666666666667,0.867,0.133,0.16633333333333333
stackoverflow,0.5,42,trainable,1.1,0.8006518196632266,0.8763376932223543,0.737,0.896,0.104,0.263
stackoverflow,0.5,42,trainable,1.2,0.6401909722222222,0.9172885572139303,0.49166666666666664,0.9556666666666667,0.044333333333333336,0.5083333333333333
stackoverflow,0.5,42,trainable,1.3,0.397886393659181,0.9592356687898089,0.251,0.9893333333333333,0.010666666666666666,0.749
stackoverflow,0.5,42,frozen,0.75,0.6732517678751824,0.5075308850905399,0.9996666666666667,0.030000000000000027,0.97,0.0003333333333333333
stackoverflow,0.5,42,frozen,0.85,0.7260324034596175,0.5720867728930696,0.9933333333333333,0.257,0.743,0.006666666666666667
stackoverflow,0.5,42,frozen,0.9,0.7881536819637139,0.6570284697508897,0.9846666666666667,0.486,0.514,0.015333333333333332
stackoverflow,0.5,42,frozen,0.95,0.8358553105634817,0.7362274689007362,0.9666666666666667,0.6536666666666666,0.3463333333333333,0.03333333333333333
stackoverflow,0.5,42,frozen,1.0,0.819705434230574,0.8328173374613003,0.807,0.838,0.162,0.193
stackoverflow,0.5,42,frozen,1.05,0.3073047858942065,0.9581151832460733,0.183,0.992,0.008,0.817
stackoverflow,0.5,42,frozen,1.1,0.0,0.0,0.0,1.0,0.0,1.0
stackoverflow,0.5,42,frozen,1.2,0.0,0.0,0.0,1.0,0.0,1.0
stackoverflow,0.5,42,frozen,1.3,0.0,0.0,0.0,1.0,0.0,1.0
stackoverflow,0.5,87,trainable,0.75,0.8057923940993368,0.6782866256550467,0.9923333333333333,0.5293333333333333,0.4706666666666667,0.007666666666666666
stackoverflow,0.5,87,trainable,0.85,0.8652650281314777,0.7783697389451252,0.974,0.7226666666666667,0.2773333333333333,0.026
stackoverflow,0.5,87,trainable,0.9,0.8782502294279597,0.8114754098360656,0.957,0.7776666666666667,0.22233333333333333,0.043
stackoverflow,0.5,87,trainable,0.95,0.8778180671606496,0.8327849237212085,0.928,0.8136666666666666,0.18633333333333332,0.072
stackoverflow,0.5,87,trainable,1.0,0.8692120227457353,0.8478605388272583,0.8916666666666667,0.84,0.16,0.10833333333333334
stackoverflow,0.5,87,trainable,1.05,0.8499831819710729,0.8577732518669382,0.8423333333333334,0.8603333333333334,0.13966666666666666,0.15766666666666668
stackoverflow,0.5,87,trainable,1.1,0.8167520763385757,0.8691237307258368,0.7703333333333333,0.884,0.116,0.22966666666666666
stackoverflow,0.5,87,trainable,1.2,0.6739987549284083,0.8927982407916437,0.5413333333333333,0.935,0.065,0.45866666666666667
stackoverflow,0.5,87,trainable,1.3,0.4357088511285823,0.9109225874867445,0.28633333333333333,0.972,0.028,0.7136666666666667
stackoverflow,0.5,87,frozen,0.75,0.6740107913669064,0.5084803256445047,0.9993333333333333,0.03400000000000003,0.966,0.0006666666666666666
stackoverflow,0.5,87,frozen,0.85,0.7294031490296595,0.5753899480069324,0.996,0.265,0.735,0.004
stackoverflow,0.5,87,frozen,0.9,0.7843658601435788,0.6523662096417514,0.9833333333333333,0.476,0.524,0.016666666666666666
stackoverflow,0.5,87,frozen,0.95,0.8379458339499777,0.7535267500665425,0.9436666666666667,0.6913333333333334,0.30866666666666664,0.05633333333333333
stackoverflow,0.5,87,frozen,1.0,0.780479272345636,0.8211262421788738,0.7436666666666667,0.838,0.162,0.25633333333333336
stackoverflow,0.5,87,frozen,1.05,0.43109892848243214,0.8538993089832182,0.28833333333333333,0.9506666666666667,0.04933333333333333,0.7116666666666667
stackoverflow,0.5,87,frozen,1.1,0.007301692665117822,0.8461538461538461,0.0036666666666666666,0.9993333333333333,0.0006666666666666666,0.9963333333333333
stackoverflow,0.5,87,frozen,1.2,0.0,0.0,0.0,1.0,0.0,1.0
stackoverflow,0.5,87,frozen,1.3,0.0,0.0,0.0,1.0,0.0,1.0
stackoverflow,0.5,100,trainable,0.75,0.7044734061289186,0.5437737901033171,1.0,0.16100000000000003,0.839,0.0
stackoverflow,0.5,100,trainable,0.85,0.8070839529539003,0.6788719581532864,0.995,0.5293333333333333,0.4706666666666667,0.005
stackoverflow,0.5,100,trainable,0.9,0.8629043957638185,0.7639352684305163,0.9913333333333333,0.6936666666666667,0.30633333333333335,0.008666666666666666
stackoverflow,0.5,100,trainable,0.95,0.8960388526331764,0.8225132348843689,0.984,0.7876666666666666,0.21233333333333335,0.016
stackoverflow,0.5,100,trainable,1.0,0.9016032694121346,0.8530636525877454,0.956,0.8353333333333334,0.16466666666666666,0.044
stackoverflow,0.5,100,trainable,1.05,0.8842906803509354,0.8783294968760276,0.8903333333333333,0.8766666666666667,0.12333333333333334,0.10966666666666666
stackoverflow,0.5,100,trainable,1.1,0.8342303552206674,0.9032634032634033,0.775,0.917,0.083,0.225
stackoverflow,0.5,100,trainable,1.2,0.48934060485870107,0.9545454545454546,0.329,0.9843333333333333,0.015666666666666666,0.671
stackoverflow,0.5,100,trainable,1.3,0.050682261208576995,1.0,0.026,1.0,0.0,0.974
stackoverflow,0.5,100,frozen,0.75,0.6745362563237773,0.5089058524173028,1.0,0.03500000000000003,0.965,0.0
stackoverflow,0.5,100,frozen,0.85,0.732811353070712,0.5788558175492848,0.9983333333333333,0.2736666666666666,0.7263333333333334,0.0016666666666666668
stackoverflow,0.5,100,frozen,0.9,0.7897802488747683,0.6550285463328942,0.9943333333333333,0.4763333333333334,0.5236666666666666,0.005666666666666667
stackoverflow,0.5,100,frozen,0.95,0.8450825556353194,0.7422446406052964,0.981,0.6593333333333333,0.3406666666666667,0.019
stackoverflow,0.5,100,frozen,1.0,0.8400460299194477,0.8287382419721051,0.8516666666666667,0.8240000000000001,0.176,0.14833333333333334
stackoverflow,0.5,100,frozen,1.05,0.4183931278423446,0.8643006263048016,0.276,0.9566666666666667,0.043333333333333335,0.724
stackoverflow,0.5,100,frozen,1.1,0.0006664445184938354,1.0,0.0003333333333333333,1.0,0.0,0.9996666666666667
stackoverflow,0.5,100,frozen,1.2,0.0,0.0,0.0,1.0,0.0,1.0
stackoverflow,0.5,100,frozen,1.3,0.0,0.0,0.0,1.0,0.0,1.0
stackoverflow,0.5,123,trainable,0.75,0.8177299088649546,0.698019801980198,0.987,0.573,0.427,0.013
stackoverflow,0.5,123,trainable,0.85,0.8707544334235048,0.7928297755883963,0.9656666666666667,0.7476666666666667,0.25233333333333335,0.034333333333333334
stackoverflow,0.5,123,trainable,0.9,0.8828245451742214,0.821285140562249,0.9543333333333334,0.7923333333333333,0.20766666666666667,0.04566666666666667
stackoverflow,0.5,123,trainable,0.95,0.8839848675914249,0.8385167464114832,0.9346666666666666,0.8200000000000001,0.18,0.06533333333333333
stackoverflow,0.5,123,trainable,1.0,0.8806571106458366,0.8519788095980056,0.9113333333333333,0.8416666666666667,0.15833333333333333,0.08866666666666667
stackoverflow,0.5,123,trainable,1.05,0.8677617388418782,0.8638916418896597,0.8716666666666667,0.8626666666666667,0.13733333333333334,0.12833333333333333
stackoverflow,0.5,123,trainable,1.1,0.8373941593226196,0.8693936132041622,0.8076666666666666,0.8786666666666667,0.12133333333333333,0.19233333333333333
stackoverflow,0.5,123,trainable,1.2,0.6986052152819889,0.8875192604006163,0.576,0.927,0.073,0.424
stackoverflow,0.5,123,trainable,1.3,0.4169215086646279,0.8852813852813853,0.27266666666666667,0.9646666666666667,0.035333333333333335,0.7273333333333334
stackoverflow,0.5,123,frozen,0.75,0.6749971856354836,0.5096039435662078,0.9993333333333333,0.03833333333333333,0.9616666666666667,0.0006666666666666666
stackoverflow,0.5,123,frozen,0.85,0.7264552193462146,0.571619812583668,0.9963333333333333,0.2533333333333333,0.7466666666666667,0.0036666666666666666
stackoverflow,0.5,123,frozen,0.9,0.7655663430420713,0.6258201058201058,0.9856666666666667,0.4106666666666666,0.5893333333333334,0.014333333333333333
stackoverflow,0.5,123,frozen,0.95,0.8023190045248868,0.6967092337917485,0.9456666666666667,0.5883333333333334,0.4116666666666667,0.05433333333333333
stackoverflow,0.5,123,frozen,1.0,0.747394897592526,0.8106001558846454,0.6933333333333334,0.838,0.162,0.30666666666666664
stackoverflow,0.5,123,frozen,1.05,0.2424593967517401,0.9330357142857143,0.13933333333333334,0.99,0.01,0.8606666666666667
stackoverflow,0.5,123,frozen,1.1,0.0,0.0,0.0,1.0,0.0,1.0
stackoverflow,0.5,123,frozen,1.2,0.0,0.0,0.0,1.0,0.0,1.0
stackoverflow,0.5,123,frozen,1.3,0.0,0.0,0.0,1.0,0.0,1.0
stackoverflow,0.75,13,trainable,0.75,0.594356613968381,0.42464969974263655,0.99,0.5528888888888889,0.4471111111111111,0.01
stackoverflow,0.75,13,trainable,0.85,0.7032072762087122,0.5485436893203883,0.9793333333333333,0.7313333333333334,0.26866666666666666,0.020666666666666667
stackoverflow,0.75,13,trainable,0.9,0.7406844106463879,0.5975460122699386,0.974,0.7813333333333333,0.21866666666666668,0.026
stackoverflow,0.75,13,trainable,0.95,0.7662165740005294,0.6354852876592006,0.9646666666666667,0.8155555555555556,0.18444444444444444,0.035333333333333335
stackoverflow,0.75,13,trainable,1.0,0.7781475318912924,0.6661918328584995,0.9353333333333333,0.8437777777777777,0.15622222222222223,0.06466666666666666
stackoverflow,0.75,13,trainable,1.05,0.7738546833965567,0.6881162428645563,0.884,0.8664444444444445,0.13355555555555557,0.116
stackoverflow,0.75,13,trainable,1.1,0.759477936606588,0.7112922002328289,0.8146666666666667,0.8897777777777778,0.11022222222222222,0.18533333333333332
stackoverflow,0.75,13,trainable,1.2,0.6842700867597133,0.788010425716768,0.6046666666666667,0.9457777777777778,0.05422222222222222,0.3953333333333333
stackoverflow,0.75,13,trainable,1.3,0.4197901049475263,0.8383233532934131,0.28,0.982,0.018,0.72
stackoverflow,0.75,13,frozen,0.75,0.4062923786276106,0.25502213142662583,0.9986666666666667,0.027555555555555555,0.9724444444444444,0.0013333333333333333
stackoverflow,0.75,13,frozen,0.85,0.4656464709556527,0.3040375203915171,0.994,0.24155555555555552,0.7584444444444445,0.006
stackoverflow,0.75,13,frozen,0.9,0.5381247719810288,0.37041687594173783,0.9833333333333333,0.4428888888888889,0.5571111111111111,0.016666666666666666
stackoverflow,0.75,13,frozen,0.95,0.6181503140567468,0.4578119987167148,0.9513333333333334,0.6244444444444445,0.37555555555555553,0.048666666666666664
stackoverflow,0.75,13,frozen,1.0,0.6063091482649842,0.5754491017964072,0.6406666666666667,0.8424444444444444,0.15755555555555556,0.35933333333333334
stackoverflow,0.75,13,frozen,1.05,0.26704225352112676,0.8618181818181818,0.158,0.9915555555555555,0.008444444444444444,0.842
stackoverflow,0.75,13,frozen,1.1,0.0,0.0,0.0,1.0,0.0,1.0
stackoverflow,0.75,13,frozen,1.2,0.0,0.0,0.0,1.0,0.0,1.0
stackoverflow,0.75,13,frozen,1.3,0.0,0.0,0.0,1.0,0.0,1.0
stackoverflow,0.75,42,trainable,0.75,0.5004212299915753,0.33483652762119503,0.99,0.34444444444444444,0.6555555555555556,0.01
stackoverflow,0.75,42,trainable,0.85,0.6557817043167077,0.49343655334904074,0.9773333333333334,0.6655555555555556,0.33444444444444443,0.02266666666666667
stackoverflow,0.75,42,trainable,0.9,0.7110892549791,0.5633034670821971,0.964,0.7508888888888889,0.24911111111111112,0.036
stackoverflow,0.75,42,trainable,0.95,0.7472178060413354,0.6200527704485488,0.94,0.808,0.192,0.06
stackoverflow,0.75,42,trainable,1.0,0.7485582468281431,0.6595528455284553,0.8653333333333333,0.8511111111111112,0.14888888888888888,0.13466666666666666
stackoverflow,0.75,42,trainable,1.05,0.7214467005076143,0.6882566585956417,0.758,0.8855555555555555,0.11444444444444445,0.242
stackoverflow,0.75,42,trainable,1.1,0.6771992818671454,0.733852140077821,0.6286666666666667,0.924,0.076,0.37133333333333335
stackoverflow,0.75,42,trainable,1.2,0.5245283018867924,0.896774193548387,0.37066666666666664,0.9857777777777778,0.014222222222222223,0.6293333333333333
stackoverflow,0.75,42,trainable,1.3,0.20763723150357996,0.9886363636363636,0.116,0.9995555555555555,0.00044444444444444447,0.884
stackoverflow,0.75,42,frozen,0.75,0.40518638573743926,0.2540650406504065,1.0,0.021333333333333315,0.9786666666666667,0.0
stackoverflow,0.75,42,frozen,0.85,0.45419905502210034,0.29440821971942305,0.9933333333333333,0.20644444444444443,0.7935555555555556,0.006666666666666667
stackoverflow,0.75,42,frozen,0.9,0.5202619005485755,0.35413153456998314,0.98,0.40422222222222226,0.5957777777777777,0.02
stackoverflow,0.75,42,frozen,0.95,0.5989506820566632,0.43705972434915774,0.9513333333333334,0.5915555555555556,0.40844444444444444,0.048666666666666664
stackoverflow,0.75,42,frozen,1.0,0.7502150845999426,0.6582788122798188,0.872,0.8491111111111111,0.15088888888888888,0.128
stackoverflow,0.75,42,frozen,1.05,0.3488120950323974,0.9176136363636364,0.21533333333333332,0.9935555555555555,0.0064444444444444445,0.7846666666666666
stackoverflow,0.75,42,frozen,1.1,0.0,0.0,0.0,1.0,0.0,1.0
stackoverflow,0.75,42,frozen,1.2,0.0,0.0,0.0,1.0,0.0,1.0
stackoverflow,0.75,42,frozen,1.3,0.0,0.0,0.0,1.0,0.0,1.0
stackoverflow,0.75,87,trainable,0.75,0.43997060984570174,0.282186616399623,0.998,0.1537777777777778,0.8462222222222222,0.002
stackoverflow,0.75,87,trainable,0.85,0.5795743018941613,0.40983153824910246,0.9893333333333333,0.5251111111111111,0.4748888888888889,0.010666666666666666
stackoverflow,0.75,87,trainable,0.9,0.6687912588208514,0.5077773937089527,0.9793333333333333,0.6835555555555556,0.3164444444444444,0.020666666666666667
stackoverflow,0.75,87,trainable,0.95,0.7329631499242807,0.5897644191714053,0.968,0.7755555555555556,0.22444444444444445,0.032
stackoverflow,0.75,87,trainable,1.0,0.7736311631707983,0.654076462459696,0.9466666666666667,0.8331111111111111,0.1668888888888889,0.05333333333333334
stackoverflow,0.75,87,trainable,1.05,0.7692771084337349,0.7016483516483516,0.8513333333333334,0.8793333333333333,0.12066666666666667,0.14866666666666667
stackoverflow,0.75,87,trainable,1.1,0.6823184152604549,0.7585644371941273,0.62,0.9342222222222222,0.06577777777777778,0.38
stackoverflow,0.75,87,trainable,1.2,0.12476837554045705,0.8487394957983193,0.06733333333333333,0.996,0.004,0.9326666666666666
stackoverflow,0.75,87,trainable,1.3,0.0,0.0,0.0,1.0,0.0,1.0
stackoverflow,0.75,87,frozen,0.75,0.406572514937534,0.25528649386084584,0.998,0.029555555555555557,0.9704444444444444,0.002
stackoverflow,0.75,87,frozen,0.85,0.4704954244241085,0.30818520049607273,0.994,0.25622222222222224,0.7437777777777778,0.006
stackoverflow,0.75,87,frozen,0.9,0.5509363295880149,0.38307291666666665,0.9806666666666667,0.4735555555555555,0.5264444444444445,0.019333333333333334
stackoverflow,0.75,87,frozen,0.95,0.6472710870545783,0.489093387866394,0.9566666666666667,0.6668888888888889,0.33311111111111114,0.043333333333333335
stackoverflow,0.75,87,frozen,1.0,0.6668626874448692,0.5965281430825881,0.756,0.8295555555555556,0.17044444444444445,0.244
stackoverflow,0.75,87,frozen,1.05,0.416586306653809,0.7526132404181185,0.288,0.9684444444444444,0.03155555555555556,0.712
stackoverflow,0.75,87,frozen,1.1,0.0,0.0,0.0,1.0,0.0,1.0
stackoverflow,0.75,87,frozen,1.2,0.0,0.0,0.0,1.0,0.0,1.0
stackoverflow,0.75,87,frozen,1.3,0.0,0.0,0.0,1.0,0.0,1.0
stackoverflow,0.75,100,trainable,0.75,0.6058379261073688,0.4365989997057958,0.9893333333333333,0.5744444444444444,0.4255555555555556,0.010666666666666666
stackoverflow,0.75,100,trainable,0.85,0.7039106145251397,0.553687428353076,0.966,0.7404444444444445,0.25955555555555554,0.034
stackoverflow,0.75,100,trainable,0.9,0.7291126102750388,0.596856414613424,0.9366666666666666,0.7891111111111111,0.21088888888888888,0.06333333333333334
stackoverflow,0.75,100,trainable,0.95,0.733424283765348,0.6207852193995381,0.896,0.8175555555555556,0.18244444444444444,0.104
stackoverflow,0.75,100,trainable,1.0,0.7201610583836642,0.6332827516439049,0.8346666666666667,0.8388888888888889,0.16111111111111112,0.16533333333333333
stackoverflow,0.75,100,trainable,1.05,0.7051359516616313,0.6447513812154696,0.778,0.8571111111111112,0.1428888888888889,0.222
stackoverflow,0.75,100,trainable,1.1,0.6815101645692159,0.6604127579737336,0.704,0.8793333333333333,0.12066666666666667,0.296
stackoverflow,0.75,100,trainable,1.2,0.5951926745516979,0.695807314897413,0.52,0.9242222222222223,0.07577777777777778,0.48
stackoverflow,0.75,100,trainable,1.3,0.47959183673469385,0.788109756097561,0.3446666666666667,0.9691111111111111,0.03088888888888889,0.6553333333333333
stackoverflow,0.75,100,frozen,0.75,0.40639393118396094,0.2550153009180551,1.0,0.026222222222222258,0.9737777777777777,0.0
stackoverflow,0.75,100,frozen,0.85,0.462730512939718,0.30143347466182113,0.9953333333333333,0.23111111111111116,0.7688888888888888,0.004666666666666667
stackoverflow,0.75,100,frozen,0.9,0.5313693398799781,0.36534133533383345,0.974,0.43600000000000005,0.564,0.026
stackoverflow,0.75,100,frozen,0.95,0.616868550919695,0.46484110885733604,0.9166666666666666,0.6482222222222223,0.3517777777777778,0.08333333333333333
stackoverflow,0.75,100,frozen,1.0,0.6339530630905211,0.583941605839416,0.6933333333333334,0.8353333333333334,0.16466666666666666,0.30666666666666664
stackoverflow,0.75,100,frozen,1.05,0.26765015806111697,0.6381909547738693,0.16933333333333334,0.968,0.032,0.8306666666666667
stackoverflow,0.75,100,frozen,1.1,0.0,0.0,0.0,1.0,0.0,1.0
stackoverflow,0.75,100,frozen,1.2,0.0,0.0,0.0,1.0,0.0,1.0
stackoverflow,0.75,100,frozen,1.3,0.0,0.0,0.0,1.0,0.0,1.0
stackoverflow,0.75,123,trainable,0.75,0.6266582438408086,0.4579870729455217,0.992,0.6086666666666667,0.3913333333333333,0.008
stackoverflow,0.75,123,trainable,0.85,0.7250429237184204,0.573535118354676,0.9853333333333333,0.7557777777777778,0.24422222222222223,0.014666666666666666
stackoverflow,0.75,123,trainable,0.9,0.7544757033248081,0.6120331950207469,0.9833333333333333,0.7922222222222222,0.20777777777777778,0.016666666666666666
stackoverflow,0.75,123,trainable,0.95,0.7782183452286545,0.6447656592203241,0.9813333333333333,0.8197777777777777,0.18022222222222223,0.018666666666666668
stackoverflow,0.75,123,trainable,1.0,0.7946912242686891,0.6692518248175182,0.978,0.8388888888888889,0.16111111111111112,0.022
stackoverflow,0.75,123,trainable,1.05,0.8043538933854312,0.6917906865098415,0.9606666666666667,0.8573333333333333,0.14266666666666666,0.03933333333333333
stackoverflow,0.75,123,trainable,1.1,0.8009313154831199,0.7107438016528925,0.9173333333333333,0.8755555555555555,0.12444444444444444,0.08266666666666667
stackoverflow,0.75,123,trainable,1.2,0.708437166251335,0.760122230710466,0.6633333333333333,0.9302222222222223,0.06977777777777777,0.33666666666666667
stackoverflow,0.75,123,trainable,1.3,0.35670731707317077,0.75,0.234,0.974,0.026,0.766
stackoverflow,0.75,123,frozen,0.75,0.407221392697163,0.2556672916311573,1.0,0.029555555555555557,0.9704444444444444,0.0
stackoverflow,0.75,123,frozen,0.85,0.4665421724245254,0.304303694681283,0.9993333333333333,0.23844444444444446,0.7615555555555555,0.0006666666666666666
stackoverflow,0.75,123,frozen,0.9,0.5366642703091301,0.3673720472440945,0.9953333333333333,0.42866666666666664,0.5713333333333334,0.004666666666666667
stackoverflow,0.75,123,frozen,0.95,0.6176657487820376,0.45265445513815583,0.972,0.6082222222222222,0.3917777777777778,0.028
stackoverflow,0.75,123,frozen,1.0,0.6328173374613002,0.5907514450867052,0.6813333333333333,0.8426666666666667,0.15733333333333333,0.31866666666666665
stackoverflow,0.75,123,frozen,1.05,0.26674169949352844,0.855595667870036,0.158,0.9911111111111112,0.008888888888888889,0.842
stackoverflow,0.75,123,frozen,1.1,0.0,0.0,0.0,1.0,0.0,1.0
stackoverflow,0.75,123,frozen,1.2,0.0,0.0,0.0,1.0,0.0,1.0
stackoverflow,0.75,123,frozen,1.3,0.0,0.0,0.0,1.0,0.0,1.0
